{
  "phase": "instinct",
  "opponent": "instinct",
  "total_battles": 500,
  "total_wins": 236,
  "win_rate": 47.199999999999996,
  "states": 421451,
  "total_reward": -32688.159852443794,
  "epsilon": 0.10215153607689163,
  "aborted": 0,
  "brain_file": "blue_brain.pkl"
}