Estado,Decisoes_Medidas,Acoes_Escolhidas,Acoes_Validas_Vistas,Cobertura_Acoes_pct,Acao_Dominante,Dominante_pct,Entropia,Acoes_Efetivas
"('TANK', 'TANK', 'OFFENSIVE_DIS', 'FULL', 'FULL', 'NORMAL', 'SLOWER', 'MEC_USED', 'AFFLICTED', 'AFFLICTED', 'NEUTRAL', 'NEUTRAL', 'CLEAR', 'CLEAR', 'CLUTCH', 'BANCO_VAZIO')",721,8,10,80.000,CLEAN_HAZARD,60.333,1.107511,3.0268
"('TANK', 'TANK', 'VOLATILE', 'DANGER', 'SAFE', 'NORMAL', 'FASTER', 'MEC_USED', 'CLEAN', 'CLEAN', 'NEUTRAL', 'NEUTRAL', 'SET', 'CLEAR', 'RECOVERING', 'BANCO_OFF')",685,4,5,80.000,SWITCH_DEFENSIVE,97.664,0.121658,1.1294
"('TANK', 'TANK', 'OFFENSIVE_ADV', 'FULL', 'FULL', 'FIELD_THEIRS', 'FASTER', 'MEC_USED', 'CLEAN', 'CLEAN', 'NEUTRAL', 'NEUTRAL', 'CLEAR', 'CLEAR', 'OPENING', 'BANCO_OFF')",661,13,13,100.000,ATTACK_STRONG,21.785,2.314488,10.1197
"('TANK', 'TANK', 'OFFENSIVE_ADV', 'FULL', 'FULL', 'FIELD_SHARED', 'FASTER', 'MEC_USED', 'CLEAN', 'CLEAN', 'NEUTRAL', 'NEUTRAL', 'CLEAR', 'CLEAR', 'OPENING', 'BANCO_OFF')",624,13,13,100.000,ATTACK_STRONG,39.583,1.953937,7.0564
"('TANK', 'TANK', 'OFFENSIVE_ADV', 'FULL', 'FULL', 'NORMAL', 'FASTER', 'MEC_USED', 'CLEAN', 'CLEAN', 'NEUTRAL', 'NEUTRAL', 'CLEAR', 'CLEAR', 'OPENING', 'BANCO_OFF')",606,16,16,100.000,ATTACK_STRONG,22.772,2.386790,10.8785
"('TANK', 'TANK', 'CRITICAL_DIS', 'FULL', 'FULL', 'NORMAL', 'FASTER', 'MEC_USED', 'AFFLICTED', 'AFFLICTED', 'NEUTRAL', 'DEBUFF', 'SET', 'SET', 'CLUTCH', 'BANCO_VAZIO')",466,6,6,100.000,HAZARD,45.279,1.380936,3.9786
"('TANK', 'TANK', 'NEUTRAL', 'FULL', 'FULL', 'NORMAL', 'SLOWER', 'MEC_USED', 'CLEAN', 'CLEAN', 'NEUTRAL', 'NEUTRAL', 'CLEAR', 'CLEAR', 'OPENING', 'BANCO_OFF')",449,15,15,100.000,ATTACK_PIVOT,16.258,2.481788,11.9626
"('TANK', 'TANK', 'OFFENSIVE_ADV', 'FULL', 'FULL', 'NORMAL', 'FASTER', 'MEC_USED', 'CLEAN', 'CLEAN', 'NEUTRAL', 'NEUTRAL', 'CLEAR', 'CLEAR', 'OPENING', 'BANCO_AMBOS')",413,13,13,100.000,ATTACK_STRONG,19.128,2.355902,10.5476
"('TANK', 'TANK', 'CRITICAL_DIS', 'FULL', 'FULL', 'NORMAL', 'FASTER', 'MEC_USED', 'AFFLICTED', 'CLEAN', 'NEUTRAL', 'NEUTRAL', 'SET', 'SET', 'CLUTCH', 'BANCO_VAZIO')",405,6,6,100.000,HAZARD,56.049,1.155339,3.1751
"('TANK', 'TANK', 'NEUTRAL', 'FULL', 'FULL', 'NORMAL', 'SLOWER', 'MEC_USED', 'CLEAN', 'CLEAN', 'NEUTRAL', 'NEUTRAL', 'CLEAR', 'CLEAR', 'OPENING', 'BANCO_AMBOS')",388,16,16,100.000,SWITCH_OFFENSIVE,11.340,2.631471,13.8942
"('TANK', 'TANK', 'OFFENSIVE_ADV', 'FULL', 'FULL', 'FIELD_SHARED', 'SLOWER', 'MEC_USED', 'CLEAN', 'CLEAN', 'NEUTRAL', 'NEUTRAL', 'CLEAR', 'CLEAR', 'OPENING', 'BANCO_OFF')",388,15,15,100.000,SWITCH_OFFENSIVE,22.165,2.239972,9.3931
"('TANK', 'TANK', 'OFFENSIVE_ADV', 'FULL', 'FULL', 'NORMAL', 'SLOWER', 'MEC_USED', 'CLEAN', 'CLEAN', 'NEUTRAL', 'NEUTRAL', 'CLEAR', 'CLEAR', 'OPENING', 'BANCO_OFF')",378,16,16,100.000,ATTACK_PIVOT,11.905,2.599221,13.4533
"('SWEEPER', 'TANK', 'NEUTRAL', 'FULL', 'FULL', 'NORMAL', 'FASTER', 'MEC_USED', 'CLEAN', 'CLEAN', 'NEUTRAL', 'NEUTRAL', 'CLEAR', 'CLEAR', 'OPENING', 'BANCO_AMBOS')",371,8,9,88.889,ATTACK_PREDICTIVE,28.302,1.907873,6.7387
"('TANK', 'TANK', 'VOLATILE', 'FULL', 'FULL', 'FIELD_THEIRS', 'FASTER', 'MEC_USED', 'CLEAN', 'CLEAN', 'NEUTRAL', 'NEUTRAL', 'CLEAR', 'CLEAR', 'OPENING', 'BANCO_OFF')",356,14,14,100.000,ATTACK_TECH,22.472,2.176113,8.8120
"('TANK', 'TANK', 'OFFENSIVE_ADV', 'FULL', 'FULL', 'FIELD_THEIRS', 'SLOWER', 'MEC_USED', 'CLEAN', 'CLEAN', 'NEUTRAL', 'NEUTRAL', 'CLEAR', 'CLEAR', 'OPENING', 'BANCO_OFF')",350,16,16,100.000,ATTACK_PREDICTIVE,21.714,2.385130,10.8605
"('TANK', 'TANK', 'DEFENSIVE_DIS', 'FULL', 'FULL', 'NORMAL', 'FASTER', 'MEC_USED', 'CLEAN', 'CLEAN', 'NEUTRAL', 'NEUTRAL', 'CLEAR', 'CLEAR', 'OPENING', 'BANCO_OFF')",347,15,15,100.000,SWITCH_DEFENSIVE,16.715,2.443832,11.5171
"('TANK', 'TANK', 'NEUTRAL', 'FULL', 'FULL', 'FIELD_SHARED', 'FASTER', 'MEC_USED', 'CLEAN', 'CLEAN', 'NEUTRAL', 'NEUTRAL', 'CLEAR', 'CLEAR', 'OPENING', 'BANCO_OFF')",342,15,15,100.000,ATTACK_STRONG,12.573,2.441855,11.4943
"('TANK', 'TANK', 'OFFENSIVE_ADV', 'FULL', 'FULL', 'NORMAL', 'SLOWER', 'MEC_USED', 'CLEAN', 'CLEAN', 'NEUTRAL', 'NEUTRAL', 'CLEAR', 'CLEAR', 'OPENING', 'BANCO_AMBOS')",341,14,14,100.000,ATTACK_STRONG,47.507,1.966857,7.1482
"('TANK', 'TANK', 'VOLATILE', 'FULL', 'FULL', 'FIELD_OURS_OFF', 'SLOWER', 'MEC_USED', 'CLEAN', 'CLEAN', 'NEUTRAL', 'NEUTRAL', 'CLEAR', 'CLEAR', 'OPENING', 'BANCO_OFF')",336,11,11,100.000,ATTACK_PIVOT,21.131,2.059273,7.8403
"('TANK', 'TANK', 'DEFENSIVE_DIS', 'FULL', 'FULL', 'FIELD_THEIRS', 'FASTER', 'MEC_USED', 'CLEAN', 'CLEAN', 'NEUTRAL', 'NEUTRAL', 'CLEAR', 'CLEAR', 'OPENING', 'BANCO_OFF')",335,13,13,100.000,DISRUPTION,26.567,2.098619,8.1549
"('TANK', 'TANK', 'DOMINANT', 'FULL', 'FULL', 'FIELD_THEIRS', 'FASTER', 'MEC_USED', 'CLEAN', 'CLEAN', 'NEUTRAL', 'NEUTRAL', 'CLEAR', 'CLEAR', 'OPENING', 'BANCO_AMBOS')",322,14,14,100.000,ATTACK_STRONG,33.851,2.097177,8.1432
"('TANK', 'TANK', 'NEUTRAL', 'FULL', 'FULL', 'NORMAL', 'FASTER', 'MEC_USED', 'CLEAN', 'CLEAN', 'NEUTRAL', 'NEUTRAL', 'CLEAR', 'CLEAR', 'OPENING', 'BANCO_OFF')",319,15,15,100.000,HEAL,17.555,2.477308,11.9092
"('TANK', 'TANK', 'OFFENSIVE_ADV', 'FULL', 'FULL', 'FIELD_OURS_OFF', 'SLOWER', 'MEC_USED', 'CLEAN', 'CLEAN', 'NEUTRAL', 'NEUTRAL', 'CLEAR', 'CLEAR', 'OPENING', 'BANCO_OFF')",318,11,11,100.000,ATTACK_TECH,49.057,1.687292,5.4048
"('TANK', 'TANK', 'VOLATILE', 'FULL', 'FULL', 'NORMAL', 'FASTER', 'MEC_USED', 'CLEAN', 'CLEAN', 'NEUTRAL', 'NEUTRAL', 'CLEAR', 'CLEAR', 'OPENING', 'BANCO_OFF')",313,15,15,100.000,SWITCH_OFFENSIVE,20.447,2.307723,10.0515
"('TANK', 'TANK', 'OFFENSIVE_ADV', 'FULL', 'FULL', 'FIELD_SHARED', 'FASTER', 'MEC_USED', 'CLEAN', 'CLEAN', 'NEUTRAL', 'NEUTRAL', 'CLEAR', 'CLEAR', 'OPENING', 'BANCO_AMBOS')",310,15,15,100.000,ATTACK_STRONG,24.516,2.380444,10.8097
"('TANK', 'TANK', 'NEUTRAL', 'FULL', 'FULL', 'NORMAL', 'FASTER', 'MEC_USED', 'CLEAN', 'CLEAN', 'NEUTRAL', 'NEUTRAL', 'CLEAR', 'CLEAR', 'OPENING', 'BANCO_AMBOS')",309,16,16,100.000,SWITCH_DEFENSIVE,19.094,2.410028,11.1343
"('TANK', 'TANK', 'NEUTRAL', 'FULL', 'FULL', 'FIELD_OURS_OFF', 'FASTER', 'MEC_USED', 'CLEAN', 'CLEAN', 'NEUTRAL', 'NEUTRAL', 'CLEAR', 'CLEAR', 'OPENING', 'BANCO_AMBOS')",303,13,13,100.000,ATTACK_STRONG,22.112,2.243237,9.4238
"('TANK', 'TANK', 'STALEMATE', 'FULL', 'FULL', 'NORMAL', 'SLOWER', 'MEC_USED', 'AFFLICTED', 'AFFLICTED', 'DEBUFF', 'DEBUFF', 'SET', 'SET', 'CLUTCH', 'BANCO_VAZIO')",301,4,8,50.000,STAT_CLEAN,83.389,0.622024,1.8627
"('TANK', 'TANK', 'OFFENSIVE_DIS', 'FULL', 'FULL', 'NORMAL', 'SLOWER', 'MEC_USED', 'CLEAN', 'CLEAN', 'NEUTRAL', 'NEUTRAL', 'CLEAR', 'CLEAR', 'OPENING', 'BANCO_OFF')",295,15,15,100.000,HEAL,12.203,2.575854,13.1425
"('TANK', 'TANK', 'NEUTRAL', 'FULL', 'FULL', 'FIELD_SHARED', 'FASTER', 'MEC_AVAIL', 'CLEAN', 'CLEAN', 'NEUTRAL', 'NEUTRAL', 'CLEAR', 'CLEAR', 'OPENING', 'BANCO_OFF')",291,14,18,77.778,ATTACK_STRONG,24.399,2.029090,7.6072
"('TANK', 'TANK', 'OFFENSIVE_ADV', 'FULL', 'SAFE', 'NORMAL', 'FASTER', 'MEC_USED', 'CLEAN', 'CLEAN', 'NEUTRAL', 'NEUTRAL', 'CLEAR', 'CLEAR', 'OPENING', 'BANCO_OFF')",283,15,15,100.000,ATTACK_STRONG,18.375,2.426506,11.3193
"('TANK', 'TANK', 'CRITICAL_DIS', 'FULL', 'FULL', 'NORMAL', 'SLOWER', 'MEC_USED', 'CLEAN', 'CLEAN', 'NEUTRAL', 'NEUTRAL', 'CLEAR', 'CLEAR', 'OPENING', 'BANCO_AMBOS')",276,14,15,93.333,SWITCH_DEFENSIVE,30.797,2.046563,7.7412
"('SWEEPER', 'TANK', 'OFFENSIVE_ADV', 'FULL', 'FULL', 'FIELD_THEIRS', 'FASTER', 'MEC_USED', 'CLEAN', 'CLEAN', 'NEUTRAL', 'NEUTRAL', 'CLEAR', 'CLEAR', 'OPENING', 'BANCO_AMBOS')",274,8,8,100.000,ATTACK_STRONG,59.854,1.312889,3.7169
"('TANK', 'TANK', 'DEFENSIVE_DIS', 'FULL', 'FULL', 'NORMAL', 'FASTER', 'MEC_USED', 'CLEAN', 'CLEAN', 'NEUTRAL', 'NEUTRAL', 'CLEAR', 'CLEAR', 'OPENING', 'BANCO_AMBOS')",263,12,14,85.714,SWITCH_OFFENSIVE,22.814,2.207410,9.0921
"('TANK', 'TANK', 'CRITICAL_DIS', 'FULL', 'FULL', 'NORMAL', 'FASTER', 'MEC_USED', 'AFFLICTED', 'AFFLICTED', 'NEUTRAL', 'DEBUFF', 'SET', 'SET', 'RECOVERING', 'BANCO_VAZIO')",260,5,5,100.000,HAZARD,46.923,1.287694,3.6244
"('TANK', 'TANK', 'DOMINANT', 'FULL', 'FULL', 'NORMAL', 'FASTER', 'MEC_USED', 'CLEAN', 'CLEAN', 'NEUTRAL', 'NEUTRAL', 'CLEAR', 'CLEAR', 'OPENING', 'BANCO_AMBOS')",258,13,13,100.000,ATTACK_STRONG,13.953,2.423866,11.2894
"('TANK', 'TANK', 'OFFENSIVE_DIS', 'FULL', 'FULL', 'NORMAL', 'FASTER', 'MEC_USED', 'CLEAN', 'CLEAN', 'NEUTRAL', 'NEUTRAL', 'CLEAR', 'CLEAR', 'OPENING', 'BANCO_OFF')",257,16,16,100.000,ATTACK_TECH,13.230,2.628237,13.8493
"('TANK', 'TANK', 'NEUTRAL', 'FULL', 'FULL', 'FIELD_THEIRS', 'SLOWER', 'MEC_USED', 'CLEAN', 'CLEAN', 'NEUTRAL', 'NEUTRAL', 'CLEAR', 'CLEAR', 'OPENING', 'BANCO_AMBOS')",256,14,14,100.000,ATTACK_STRONG,13.281,2.375624,10.7577
"('TANK', 'TANK', 'DEFENSIVE_DIS', 'FULL', 'FULL', 'FIELD_SHARED', 'FASTER', 'MEC_USED', 'CLEAN', 'CLEAN', 'NEUTRAL', 'NEUTRAL', 'CLEAR', 'CLEAR', 'OPENING', 'BANCO_AMBOS')",250,15,15,100.000,SWITCH_DEFENSIVE,18.400,2.264188,9.6233
"('TANK', 'TANK', 'NEUTRAL', 'FULL', 'FULL', 'NORMAL', 'FASTER', 'MEC_USED', 'CLEAN', 'CLEAN', 'NEUTRAL', 'NEUTRAL', 'CLEAR', 'CLEAR', 'OPENING', 'BANCO_VAZIO')",245,15,16,93.750,ATTACK_TECH,28.980,2.342595,10.4082
"('SWEEPER', 'TANK', 'OFFENSIVE_ADV', 'FULL', 'FULL', 'NORMAL', 'FASTER', 'MEC_USED', 'CLEAN', 'CLEAN', 'NEUTRAL', 'NEUTRAL', 'CLEAR', 'CLEAR', 'OPENING', 'BANCO_OFF')",245,9,9,100.000,ATTACK_STRONG,20.000,1.978152,7.2294
"('TANK', 'TANK', 'NEUTRAL', 'FULL', 'FULL', 'FIELD_SHARED', 'FASTER', 'MEC_USED', 'CLEAN', 'CLEAN', 'NEUTRAL', 'NEUTRAL', 'CLEAR', 'CLEAR', 'OPENING', 'BANCO_AMBOS')",238,14,14,100.000,ATTACK_PREDICTIVE,18.067,2.383149,10.8390
"('TANK', 'TANK', 'OFFENSIVE_ADV', 'SAFE', 'FULL', 'NORMAL', 'FASTER', 'MEC_USED', 'CLEAN', 'CLEAN', 'NEUTRAL', 'NEUTRAL', 'CLEAR', 'CLEAR', 'OPENING', 'BANCO_OFF')",231,13,13,100.000,ATTACK_STRONG,19.481,2.345367,10.4371
"('TANK', 'TANK', 'OFFENSIVE_ADV', 'FULL', 'FULL', 'FIELD_SHARED', 'FASTER', 'MEC_AVAIL', 'CLEAN', 'CLEAN', 'NEUTRAL', 'NEUTRAL', 'CLEAR', 'CLEAR', 'OPENING', 'BANCO_OFF')",228,18,20,90.000,ATTACK_STRONG_MEC,26.316,2.475725,11.8903
"('TANK', 'TANK', 'NEUTRAL', 'FULL', 'FULL', 'NORMAL', 'SLOWER', 'MEC_USED', 'CLEAN', 'CLEAN', 'NEUTRAL', 'NEUTRAL', 'CLEAR', 'CLEAR', 'OPENING', 'BANCO_VAZIO')",226,15,15,100.000,STATUS,16.814,2.449849,11.5866
"('TANK', 'TANK', 'DEFENSIVE_ADV', 'FULL', 'FULL', 'NORMAL', 'SLOWER', 'MEC_USED', 'AFFLICTED', 'AFFLICTED', 'DEBUFF', 'NEUTRAL', 'SET', 'SET', 'CLUTCH', 'BANCO_VAZIO')",226,4,5,80.000,STAT_CLEAN,87.168,0.434305,1.5439
"('TANK', 'TANK', 'NEUTRAL', 'FULL', 'FULL', 'NORMAL', 'FASTER', 'MEC_AVAIL', 'CLEAN', 'CLEAN', 'NEUTRAL', 'NEUTRAL', 'CLEAR', 'CLEAR', 'OPENING', 'BANCO_AMBOS')",223,19,22,86.364,ATTACK_STRONG_MEC,30.493,2.442345,11.5000
"('TANK', 'TANK', 'DOMINANT', 'FULL', 'FULL', 'FIELD_SHARED', 'FASTER', 'MEC_USED', 'CLEAN', 'CLEAN', 'NEUTRAL', 'NEUTRAL', 'CLEAR', 'CLEAR', 'OPENING', 'BANCO_OFF')",222,13,13,100.000,ATTACK_STRONG,22.523,2.276601,9.7435
"('TANK', 'TANK', 'DEFENSIVE_DIS', 'FULL', 'FULL', 'FIELD_THEIRS', 'FASTER', 'MEC_USED', 'CLEAN', 'CLEAN', 'NEUTRAL', 'NEUTRAL', 'CLEAR', 'CLEAR', 'OPENING', 'BANCO_AMBOS')",219,14,14,100.000,SWITCH_DEFENSIVE,18.721,2.244841,9.4389
"('TANK', 'SWEEPER', 'OFFENSIVE_ADV', 'FULL', 'FULL', 'NORMAL', 'SLOWER', 'MEC_USED', 'CLEAN', 'CLEAN', 'NEUTRAL', 'NEUTRAL', 'CLEAR', 'CLEAR', 'OPENING', 'BANCO_OFF')",218,16,16,100.000,ATTACK_TECH,18.349,2.461608,11.7236
"('TANK', 'TANK', 'OFFENSIVE_ADV', 'FULL', 'FULL', 'FIELD_OURS_OFF', 'FASTER', 'MEC_USED', 'CLEAN', 'CLEAN', 'NEUTRAL', 'NEUTRAL', 'CLEAR', 'CLEAR', 'OPENING', 'BANCO_AMBOS')",216,11,11,100.000,ATTACK_STRONG,17.593,2.257102,9.5554
"('TANK', 'TANK', 'NEUTRAL', 'FULL', 'FULL', 'FIELD_THEIRS', 'FASTER', 'MEC_USED', 'CLEAN', 'CLEAN', 'NEUTRAL', 'NEUTRAL', 'CLEAR', 'CLEAR', 'OPENING', 'BANCO_OFF')",214,13,13,100.000,SWITCH_DEFENSIVE,15.888,2.294732,9.9218
"('TANK', 'TANK', 'OFFENSIVE_DIS', 'FULL', 'FULL', 'NORMAL', 'SLOWER', 'MEC_USED', 'AFFLICTED', 'AFFLICTED', 'NEUTRAL', 'NEUTRAL', 'CLEAR', 'CLEAR', 'RECOVERING', 'BANCO_VAZIO')",214,9,10,90.000,STATUS,27.103,1.820770,6.1766
"('SWEEPER', 'TANK', 'NEUTRAL', 'FULL', 'FULL', 'FIELD_SHARED', 'FASTER', 'MEC_USED', 'CLEAN', 'CLEAN', 'NEUTRAL', 'NEUTRAL', 'CLEAR', 'CLEAR', 'OPENING', 'BANCO_OFF')",213,11,12,91.667,SWITCH_DEFENSIVE,29.577,1.994644,7.3496
"('TANK', 'TANK', 'DEFENSIVE_DIS', 'FULL', 'FULL', 'NORMAL', 'SLOWER', 'MEC_USED', 'CLEAN', 'CLEAN', 'NEUTRAL', 'NEUTRAL', 'CLEAR', 'CLEAR', 'OPENING', 'BANCO_AMBOS')",211,13,13,100.000,STATUS,27.488,2.259606,9.5793
"('TANK', 'TANK', 'OFFENSIVE_ADV', 'FULL', 'FULL', 'NORMAL', 'FASTER', 'MEC_AVAIL', 'CLEAN', 'CLEAN', 'NEUTRAL', 'NEUTRAL', 'CLEAR', 'CLEAR', 'OPENING', 'BANCO_OFF')",210,20,22,90.909,ATTACK_PREDICTIVE,15.238,2.631520,13.8949
"('TANK', 'TANK', 'NEUTRAL', 'FULL', 'FULL', 'FIELD_THEIRS', 'SLOWER', 'MEC_USED', 'CLEAN', 'CLEAN', 'NEUTRAL', 'NEUTRAL', 'CLEAR', 'CLEAR', 'OPENING', 'BANCO_OFF')",209,13,13,100.000,ATTACK_PREDICTIVE,27.273,2.304587,10.0200
"('TANK', 'TANK', 'OFFENSIVE_DIS', 'FULL', 'FULL', 'NORMAL', 'FASTER', 'MEC_USED', 'CLEAN', 'CLEAN', 'NEUTRAL', 'NEUTRAL', 'CLEAR', 'CLEAR', 'OPENING', 'BANCO_AMBOS')",209,14,16,87.500,FIELD_CONTROL,32.536,2.078448,7.9921
"('TANK', 'TANK', 'DOMINANT', 'FULL', 'FULL', 'FIELD_SHARED', 'FASTER', 'MEC_USED', 'CLEAN', 'CLEAN', 'NEUTRAL', 'NEUTRAL', 'CLEAR', 'CLEAR', 'OPENING', 'BANCO_AMBOS')",208,11,11,100.000,ATTACK_PIVOT,20.192,2.313639,10.1112
"('TANK', 'TANK', 'NEUTRAL', 'SAFE', 'FULL', 'NORMAL', 'FASTER', 'MEC_USED', 'CLEAN', 'CLEAN', 'NEUTRAL', 'NEUTRAL', 'CLEAR', 'CLEAR', 'OPENING', 'BANCO_OFF')",208,16,16,100.000,HEAL,27.404,2.300671,9.9809
"('TANK', 'TANK', 'OFFENSIVE_ADV', 'FULL', 'FULL', 'FIELD_OURS_OFF', 'FASTER', 'MEC_USED', 'CLEAN', 'CLEAN', 'NEUTRAL', 'NEUTRAL', 'CLEAR', 'CLEAR', 'OPENING', 'BANCO_OFF')",207,13,13,100.000,SWITCH_OFFENSIVE,34.300,2.095707,8.1312
"('TANK', 'TANK', 'OFFENSIVE_ADV', 'SAFE', 'SAFE', 'NORMAL', 'FASTER', 'MEC_USED', 'CLEAN', 'CLEAN', 'NEUTRAL', 'NEUTRAL', 'CLEAR', 'CLEAR', 'OPENING', 'BANCO_OFF')",206,14,14,100.000,ATTACK_STRONG,24.757,2.310236,10.0768
"('TANK', 'TANK', 'CRITICAL_DIS', 'FULL', 'FULL', 'NORMAL', 'FASTER', 'MEC_USED', 'CLEAN', 'CLEAN', 'NEUTRAL', 'NEUTRAL', 'CLEAR', 'CLEAR', 'OPENING', 'BANCO_OFF')",203,16,16,100.000,BARRIER,13.300,2.551421,12.8253
"('SWEEPER', 'TANK', 'OFFENSIVE_ADV', 'FULL', 'FULL', 'NORMAL', 'FASTER', 'MEC_USED', 'CLEAN', 'CLEAN', 'NEUTRAL', 'DEBUFF', 'CLEAR', 'CLEAR', 'OPENING', 'BANCO_AMBOS')",198,7,7,100.000,ATTACK_STRONG,59.596,1.310370,3.7075
"('TANK', 'TANK', 'STALEMATE', 'FULL', 'FULL', 'NORMAL', 'SLOWER', 'MEC_USED', 'CLEAN', 'CLEAN', 'NEUTRAL', 'NEUTRAL', 'CLEAR', 'CLEAR', 'OPENING', 'BANCO_OFF')",197,15,15,100.000,ATTACK_TECH,22.335,2.354074,10.5284
"('TANK', 'TANK', 'OFFENSIVE_ADV', 'FULL', 'FULL', 'NORMAL', 'FASTER', 'MEC_USED', 'CLEAN', 'CLEAN', 'NEUTRAL', 'NEUTRAL', 'SET', 'CLEAR', 'OPENING', 'BANCO_OFF')",196,15,15,100.000,CLEAN_HAZARD,17.857,2.462593,11.7352
"('TANK', 'TANK', 'DEFENSIVE_ADV', 'FULL', 'FULL', 'NORMAL', 'SLOWER', 'MEC_USED', 'CLEAN', 'CLEAN', 'NEUTRAL', 'NEUTRAL', 'CLEAR', 'CLEAR', 'OPENING', 'BANCO_AMBOS')",194,14,14,100.000,ATTACK_PREDICTIVE,14.433,2.411723,11.1532
"('TANK', 'TANK', 'OFFENSIVE_ADV', 'FULL', 'FULL', 'FIELD_THEIRS', 'FASTER', 'MEC_AVAIL', 'CLEAN', 'CLEAN', 'NEUTRAL', 'NEUTRAL', 'CLEAR', 'CLEAR', 'OPENING', 'BANCO_OFF')",192,20,20,100.000,ATTACK_PREDICTIVE,14.583,2.739975,15.4866
"('TANK', 'TANK', 'NEUTRAL', 'FULL', 'FULL', 'NORMAL', 'FASTER', 'MEC_USED', 'CLEAN', 'CLEAN', 'NEUTRAL', 'NEUTRAL', 'SET', 'CLEAR', 'OPENING', 'BANCO_OFF')",192,16,16,100.000,CLEAN_HAZARD,21.875,2.459413,11.6979
"('SWEEPER', 'TANK', 'NEUTRAL', 'FULL', 'FULL', 'NORMAL', 'FASTER', 'MEC_USED', 'CLEAN', 'CLEAN', 'NEUTRAL', 'NEUTRAL', 'CLEAR', 'CLEAR', 'OPENING', 'BANCO_OFF')",189,10,10,100.000,ATTACK_STRONG,23.280,2.036880,7.6667
"('SWEEPER', 'TANK', 'VOLATILE', 'FULL', 'FULL', 'FIELD_OURS_OFF', 'SLOWER', 'MEC_USED', 'CLEAN', 'CLEAN', 'NEUTRAL', 'NEUTRAL', 'CLEAR', 'CLEAR', 'RECOVERING', 'BANCO_OFF')",187,2,2,100.000,SWITCH_OFFENSIVE,95.187,0.192967,1.2128
"('TANK', 'TANK', 'DOMINANT', 'FULL', 'FULL', 'NORMAL', 'FASTER', 'MEC_USED', 'CLEAN', 'CLEAN', 'NEUTRAL', 'NEUTRAL', 'CLEAR', 'CLEAR', 'OPENING', 'BANCO_OFF')",186,12,12,100.000,ATTACK_STRONG,28.495,2.211727,9.1315
"('TANK', 'TANK', 'OFFENSIVE_DIS', 'FULL', 'FULL', 'FIELD_SHARED', 'SLOWER', 'MEC_USED', 'CLEAN', 'CLEAN', 'NEUTRAL', 'NEUTRAL', 'CLEAR', 'CLEAR', 'OPENING', 'BANCO_OFF')",186,15,15,100.000,ATTACK_PIVOT,25.806,2.381350,10.8195
"('SWEEPER', 'TANK', 'DOMINANT', 'FULL', 'FULL', 'NORMAL', 'FASTER', 'MEC_USED', 'CLEAN', 'CLEAN', 'NEUTRAL', 'NEUTRAL', 'CLEAR', 'CLEAR', 'OPENING', 'BANCO_AMBOS')",182,9,9,100.000,ATTACK_STRONG,37.912,1.784124,5.9544
"('TANK', 'TANK', 'OFFENSIVE_ADV', 'SAFE', 'FULL', 'FIELD_THEIRS', 'FASTER', 'MEC_USED', 'CLEAN', 'CLEAN', 'NEUTRAL', 'NEUTRAL', 'CLEAR', 'CLEAR', 'OPENING', 'BANCO_OFF')",182,13,13,100.000,ATTACK_STRONG,19.231,2.252530,9.5118
"('TANK', 'TANK', 'NEUTRAL', 'FULL', 'FULL', 'NORMAL', 'FASTER', 'MEC_AVAIL', 'CLEAN', 'CLEAN', 'NEUTRAL', 'NEUTRAL', 'CLEAR', 'CLEAR', 'OPENING', 'BANCO_OFF')",182,20,22,90.909,ATTACK_STRONG_MEC,14.286,2.635698,13.9530
"('TANK', 'TANK', 'NEUTRAL', 'FULL', 'SAFE', 'NORMAL', 'SLOWER', 'MEC_USED', 'CLEAN', 'CLEAN', 'NEUTRAL', 'NEUTRAL', 'CLEAR', 'CLEAR', 'OPENING', 'BANCO_OFF')",177,14,14,100.000,HAZARD,11.864,2.541279,12.6959
"('TANK', 'TANK', 'NEUTRAL', 'FULL', 'FULL', 'NORMAL', 'SLOWER', 'MEC_USED', 'CLEAN', 'CLEAN', 'NEUTRAL', 'NEUTRAL', 'CLEAR', 'CLEAR', 'RECOVERING', 'BANCO_VAZIO')",177,15,15,100.000,ATTACK_PIVOT,22.599,2.355717,10.5457
"('TANK', 'TANK', 'CRITICAL_DIS', 'FULL', 'FULL', 'FIELD_SHARED', 'SLOWER', 'MEC_USED', 'CLEAN', 'CLEAN', 'NEUTRAL', 'NEUTRAL', 'CLEAR', 'CLEAR', 'OPENING', 'BANCO_AMBOS')",175,15,16,93.750,SWITCH_DEFENSIVE,32.000,2.138125,8.4835
"('TANK', 'TANK', 'DOMINANT', 'FULL', 'FULL', 'NORMAL', 'SLOWER', 'MEC_USED', 'CLEAN', 'CLEAN', 'NEUTRAL', 'NEUTRAL', 'CLEAR', 'CLEAR', 'OPENING', 'BANCO_OFF')",173,14,14,100.000,ATTACK_STRONG,32.370,2.306453,10.0388
"('SWEEPER', 'TANK', 'OFFENSIVE_ADV', 'FULL', 'FULL', 'FIELD_SHARED', 'FASTER', 'MEC_USED', 'CLEAN', 'CLEAN', 'NEUTRAL', 'NEUTRAL', 'CLEAR', 'CLEAR', 'OPENING', 'BANCO_OFF')",170,10,10,100.000,SWITCH_DEFENSIVE,21.765,1.915927,6.7932
"('TANK', 'TANK', 'OFFENSIVE_ADV', 'FULL', 'FULL', 'NORMAL', 'FASTER', 'MEC_AVAIL', 'CLEAN', 'CLEAN', 'NEUTRAL', 'NEUTRAL', 'CLEAR', 'CLEAR', 'OPENING', 'BANCO_AMBOS')",168,18,20,90.000,ATTACK_STRONG,14.881,2.592429,13.3622
"('UTILITY', 'TANK', 'OFFENSIVE_ADV', 'FULL', 'FULL', 'NORMAL', 'FASTER', 'MEC_USED', 'CLEAN', 'CLEAN', 'NEUTRAL', 'NEUTRAL', 'CLEAR', 'CLEAR', 'OPENING', 'BANCO_AMBOS')",168,10,10,100.000,ATTACK_STRONG,36.905,1.804032,6.0741
"('TANK', 'TANK', 'DEFENSIVE_ADV', 'FULL', 'FULL', 'NORMAL', 'SLOWER', 'MEC_USED', 'CLEAN', 'AFFLICTED', 'NEUTRAL', 'DEBUFF', 'SET', 'SET', 'CLUTCH', 'BANCO_VAZIO')",166,4,10,40.000,STAT_CLEAN,84.337,0.585955,1.7967
"('SWEEPER', 'TANK', 'OFFENSIVE_ADV', 'FULL', 'FULL', 'FIELD_THEIRS', 'FASTER', 'MEC_USED', 'CLEAN', 'CLEAN', 'NEUTRAL', 'DEBUFF', 'CLEAR', 'CLEAR', 'OPENING', 'BANCO_AMBOS')",166,6,6,100.000,ATTACK_PREDICTIVE,40.964,1.592015,4.9136
"('TANK', 'TANK', 'NEUTRAL', 'SAFE', 'SAFE', 'NORMAL', 'FASTER', 'MEC_USED', 'CLEAN', 'CLEAN', 'NEUTRAL', 'NEUTRAL', 'CLEAR', 'CLEAR', 'OPENING', 'BANCO_VAZIO')",164,15,15,100.000,HEAL,31.098,2.248293,9.4716
"('TANK', 'TANK', 'STALEMATE', 'FULL', 'FULL', 'NORMAL', 'SLOWER', 'MEC_USED', 'CLEAN', 'CLEAN', 'NEUTRAL', 'NEUTRAL', 'CLEAR', 'CLEAR', 'OPENING', 'BANCO_AMBOS')",163,14,14,100.000,STATUS,23.313,2.366700,10.6622
"('TANK', 'TANK', 'OFFENSIVE_ADV', 'SAFE', 'FULL', 'NORMAL', 'SLOWER', 'MEC_USED', 'CLEAN', 'CLEAN', 'NEUTRAL', 'NEUTRAL', 'CLEAR', 'CLEAR', 'OPENING', 'BANCO_OFF')",162,14,14,100.000,ATTACK_TECH,18.519,2.413872,11.1772
"('SWEEPER', 'TANK', 'OFFENSIVE_ADV', 'FULL', 'FULL', 'NORMAL', 'FASTER', 'MEC_USED', 'CLEAN', 'CLEAN', 'NEUTRAL', 'DEBUFF', 'CLEAR', 'CLEAR', 'OPENING', 'BANCO_OFF')",162,9,9,100.000,ATTACK_TECH,26.543,1.880526,6.5570
"('TANK', 'TANK', 'NEUTRAL', 'FULL', 'FULL', 'FIELD_THEIRS', 'FASTER', 'MEC_USED', 'CLEAN', 'CLEAN', 'NEUTRAL', 'NEUTRAL', 'CLEAR', 'CLEAR', 'OPENING', 'BANCO_AMBOS')",161,12,13,92.308,PROTECT,21.118,2.080712,8.0102
"('TANK', 'TANK', 'NEUTRAL', 'SAFE', 'SAFE', 'NORMAL', 'SLOWER', 'MEC_USED', 'CLEAN', 'CLEAN', 'NEUTRAL', 'NEUTRAL', 'CLEAR', 'CLEAR', 'OPENING', 'BANCO_OFF')",161,14,14,100.000,ATTACK_PIVOT,16.770,2.481889,11.9638
"('TANK', 'TANK', 'NEUTRAL', 'FULL', 'FULL', 'FIELD_OURS_OFF', 'SLOWER', 'MEC_USED', 'CLEAN', 'CLEAN', 'NEUTRAL', 'NEUTRAL', 'CLEAR', 'CLEAR', 'OPENING', 'BANCO_AMBOS')",160,10,10,100.000,ATTACK_PIVOT,27.500,1.895335,6.6548
"('TANK', 'TANK', 'NEUTRAL', 'FULL', 'FULL', 'FIELD_SHARED', 'SLOWER', 'MEC_USED', 'CLEAN', 'CLEAN', 'NEUTRAL', 'NEUTRAL', 'CLEAR', 'CLEAR', 'OPENING', 'BANCO_OFF')",160,15,15,100.000,ATTACK_STRONG,22.500,2.455832,11.6561
"('TANK', 'TANK', 'CRITICAL_DIS', 'FULL', 'FULL', 'NORMAL', 'SLOWER', 'MEC_USED', 'CLEAN', 'CLEAN', 'NEUTRAL', 'NEUTRAL', 'CLEAR', 'CLEAR', 'OPENING', 'BANCO_OFF')",160,15,15,100.000,ATTACK_STRONG,22.500,2.408638,11.1188
"('TANK', 'TANK', 'OFFENSIVE_ADV', 'SAFE', 'FULL', 'NORMAL', 'FASTER', 'MEC_AVAIL', 'CLEAN', 'CLEAN', 'NEUTRAL', 'NEUTRAL', 'CLEAR', 'CLEAR', 'OPENING', 'BANCO_OFF')",159,19,22,86.364,HEAL,25.786,2.548429,12.7870
"('TANK', 'TANK', 'OFFENSIVE_DIS', 'FULL', 'FULL', 'NORMAL', 'SLOWER', 'MEC_USED', 'CLEAN', 'CLEAN', 'NEUTRAL', 'NEUTRAL', 'CLEAR', 'CLEAR', 'OPENING', 'BANCO_AMBOS')",158,14,14,100.000,SWITCH_OFFENSIVE,46.835,1.750320,5.7564
"('TANK', 'TANK', 'DEFENSIVE_DIS', 'FULL', 'FULL', 'NORMAL', 'SLOWER', 'MEC_USED', 'CLEAN', 'AFFLICTED', 'NEUTRAL', 'NEUTRAL', 'CLEAR', 'CLEAR', 'CLUTCH', 'BANCO_VAZIO')",157,7,10,70.000,STAT_CLEAN,53.503,1.356348,3.8820
"('TANK', 'TANK', 'DOMINANT', 'FULL', 'FULL', 'FIELD_THEIRS', 'SLOWER', 'MEC_USED', 'CLEAN', 'CLEAN', 'NEUTRAL', 'NEUTRAL', 'CLEAR', 'CLEAR', 'OPENING', 'BANCO_OFF')",157,13,14,92.857,ATTACK_PREDICTIVE,17.197,2.379446,10.7989
"('TANK', 'TANK', 'NEUTRAL', 'SAFE', 'FULL', 'NORMAL', 'SLOWER', 'MEC_USED', 'CLEAN', 'CLEAN', 'NEUTRAL', 'NEUTRAL', 'CLEAR', 'CLEAR', 'OPENING', 'BANCO_OFF')",156,16,16,100.000,HEAL,13.462,2.520896,12.4397
"('TANK', 'TANK', 'VOLATILE', 'FULL', 'FULL', 'FIELD_THEIRS', 'SLOWER', 'MEC_USED', 'CLEAN', 'CLEAN', 'NEUTRAL', 'NEUTRAL', 'CLEAR', 'CLEAR', 'OPENING', 'BANCO_AMBOS')",155,14,14,100.000,FIELD_CONTROL,22.581,2.214006,9.1523
"('TANK', 'TANK', 'OFFENSIVE_ADV', 'FULL', 'FULL', 'FIELD_SHARED', 'SLOWER', 'MEC_USED', 'CLEAN', 'CLEAN', 'NEUTRAL', 'NEUTRAL', 'CLEAR', 'CLEAR', 'OPENING', 'BANCO_AMBOS')",153,14,15,93.333,ATTACK_STRONG,26.144,2.124209,8.3663
"('SWEEPER', 'TANK', 'NEUTRAL', 'FULL', 'FULL', 'FIELD_SHARED', 'FASTER', 'MEC_USED', 'CLEAN', 'CLEAN', 'NEUTRAL', 'NEUTRAL', 'CLEAR', 'CLEAR', 'OPENING', 'BANCO_AMBOS')",153,10,10,100.000,SWITCH_OFFENSIVE,23.529,1.945759,6.9989
"('TANK', 'TANK', 'OFFENSIVE_DIS', 'FULL', 'FULL', 'FIELD_THEIRS', 'SLOWER', 'MEC_USED', 'CLEAN', 'CLEAN', 'NEUTRAL', 'NEUTRAL', 'CLEAR', 'CLEAR', 'OPENING', 'BANCO_OFF')",152,14,14,100.000,STATUS,34.211,1.976388,7.2166
"('TANK', 'TANK', 'NEUTRAL', 'SAFE', 'FULL', 'NORMAL', 'FASTER', 'MEC_USED', 'CLEAN', 'CLEAN', 'NEUTRAL', 'NEUTRAL', 'CLEAR', 'CLEAR', 'OPENING', 'BANCO_VAZIO')",152,14,15,93.333,HEAL,19.079,2.389598,10.9091
"('TANK', 'TANK', 'DOMINANT', 'FULL', 'FULL', 'NORMAL', 'SLOWER', 'MEC_USED', 'CLEAN', 'CLEAN', 'NEUTRAL', 'NEUTRAL', 'CLEAR', 'CLEAR', 'OPENING', 'BANCO_AMBOS')",151,14,14,100.000,ATTACK_STRONG,26.490,2.211001,9.1248
"('TANK', 'TANK', 'NEUTRAL', 'FULL', 'SAFE', 'NORMAL', 'FASTER', 'MEC_USED', 'CLEAN', 'CLEAN', 'NEUTRAL', 'NEUTRAL', 'CLEAR', 'CLEAR', 'OPENING', 'BANCO_OFF')",151,14,15,93.333,ATTACK_PREDICTIVE,21.854,2.281546,9.7918
"('TANK', 'SWEEPER', 'CRITICAL_DIS', 'FULL', 'FULL', 'FIELD_THEIRS', 'SLOWER', 'MEC_USED', 'CLEAN', 'CLEAN', 'NEUTRAL', 'NEUTRAL', 'CLEAR', 'CLEAR', 'OPENING', 'BANCO_AMBOS')",151,12,14,85.714,SWITCH_OFFENSIVE,18.543,2.219809,9.2056
"('TANK', 'TANK', 'VOLATILE', 'FULL', 'FULL', 'NORMAL', 'FASTER', 'MEC_USED', 'CLEAN', 'CLEAN', 'NEUTRAL', 'NEUTRAL', 'CLEAR', 'CLEAR', 'OPENING', 'BANCO_AMBOS')",151,13,13,100.000,ATTACK_TECH,21.854,2.184531,8.8865
"('TANK', 'TANK', 'OFFENSIVE_DIS', 'FULL', 'FULL', 'NORMAL', 'FASTER', 'MEC_USED', 'AFFLICTED', 'AFFLICTED', 'NEUTRAL', 'NEUTRAL', 'CLEAR', 'CLEAR', 'RECOVERING', 'BANCO_VAZIO')",150,7,7,100.000,CLEAN_HAZARD,37.333,1.482401,4.4035
"('TANK', 'TANK', 'OFFENSIVE_ADV', 'FULL', 'FULL', 'FIELD_THEIRS', 'SLOWER', 'MEC_USED', 'CLEAN', 'CLEAN', 'NEUTRAL', 'NEUTRAL', 'CLEAR', 'CLEAR', 'OPENING', 'BANCO_AMBOS')",149,10,12,83.333,ATTACK_STRONG,18.792,2.099438,8.1616
"('TANK', 'TANK', 'NEUTRAL', 'FULL', 'FULL', 'FIELD_OURS_OFF', 'FASTER', 'MEC_USED', 'CLEAN', 'CLEAN', 'NEUTRAL', 'NEUTRAL', 'CLEAR', 'CLEAR', 'OPENING', 'BANCO_OFF')",149,13,13,100.000,ATTACK_PREDICTIVE,16.107,2.322049,10.1965
"('TANK', 'TANK', 'OFFENSIVE_ADV', 'FULL', 'SAFE', 'NORMAL', 'SLOWER', 'MEC_USED', 'CLEAN', 'CLEAN', 'NEUTRAL', 'NEUTRAL', 'CLEAR', 'CLEAR', 'OPENING', 'BANCO_OFF')",147,14,14,100.000,ATTACK_TECH,17.007,2.432526,11.3876
"('TANK', 'TANK', 'VOLATILE', 'FULL', 'FULL', 'FIELD_SHARED', 'FASTER', 'MEC_USED', 'CLEAN', 'CLEAN', 'NEUTRAL', 'NEUTRAL', 'CLEAR', 'CLEAR', 'OPENING', 'BANCO_AMBOS')",147,12,12,100.000,ATTACK_STRONG,21.088,2.269229,9.6719
"('TANK', 'TANK', 'DOMINANT', 'FULL', 'FULL', 'FIELD_THEIRS', 'SLOWER', 'MEC_USED', 'CLEAN', 'CLEAN', 'NEUTRAL', 'NEUTRAL', 'CLEAR', 'CLEAR', 'OPENING', 'BANCO_AMBOS')",146,13,13,100.000,ATTACK_PREDICTIVE,17.808,2.284549,9.8213
"('TANK', 'TANK', 'NEUTRAL', 'SAFE', 'SAFE', 'NORMAL', 'FASTER', 'MEC_USED', 'CLEAN', 'CLEAN', 'NEUTRAL', 'NEUTRAL', 'CLEAR', 'CLEAR', 'OPENING', 'BANCO_OFF')",146,14,14,100.000,HEAL,29.452,2.235680,9.3528
"('SWEEPER', 'TANK', 'DOMINANT', 'FULL', 'FULL', 'FIELD_THEIRS', 'FASTER', 'MEC_USED', 'CLEAN', 'CLEAN', 'NEUTRAL', 'NEUTRAL', 'CLEAR', 'CLEAR', 'OPENING', 'BANCO_AMBOS')",144,8,9,88.889,ATTACK_PREDICTIVE,45.833,1.255154,3.5084
"('TANK', 'SWEEPER', 'NEUTRAL', 'FULL', 'FULL', 'FIELD_SHARED', 'SLOWER', 'MEC_USED', 'CLEAN', 'CLEAN', 'NEUTRAL', 'NEUTRAL', 'CLEAR', 'CLEAR', 'OPENING', 'BANCO_AMBOS')",144,13,13,100.000,ATTACK_PREDICTIVE,22.917,2.178995,8.8374
"('TANK', 'TANK', 'DOMINANT', 'FULL', 'FULL', 'FIELD_THEIRS', 'FASTER', 'MEC_USED', 'CLEAN', 'CLEAN', 'NEUTRAL', 'NEUTRAL', 'CLEAR', 'CLEAR', 'OPENING', 'BANCO_OFF')",144,12,13,92.308,ATTACK_TECH,18.750,2.239766,9.3911
"('SWEEPER', 'TANK', 'OFFENSIVE_ADV', 'FULL', 'FULL', 'NORMAL', 'FASTER', 'MEC_USED', 'CLEAN', 'CLEAN', 'NEUTRAL', 'NEUTRAL', 'CLEAR', 'CLEAR', 'OPENING', 'BANCO_AMBOS')",144,8,9,88.889,ATTACK_STRONG,45.139,1.577296,4.8418
"('TANK', 'TANK', 'DEFENSIVE_DIS', 'FULL', 'FULL', 'FIELD_OURS_OFF', 'FASTER', 'MEC_USED', 'CLEAN', 'CLEAN', 'NEUTRAL', 'NEUTRAL', 'CLEAR', 'CLEAR', 'OPENING', 'BANCO_AMBOS')",143,11,12,91.667,ATTACK_PIVOT,18.182,2.187194,8.9102
"('TANK', 'UTILITY', 'NEUTRAL', 'FULL', 'FULL', 'NORMAL', 'SLOWER', 'MEC_USED', 'CLEAN', 'CLEAN', 'NEUTRAL', 'NEUTRAL', 'CLEAR', 'CLEAR', 'OPENING', 'BANCO_OFF')",142,15,15,100.000,SWITCH_DEFENSIVE,15.493,2.569032,13.0532
"('TANK', 'TANK', 'OFFENSIVE_ADV', 'FULL', 'SAFE', 'FIELD_THEIRS', 'FASTER', 'MEC_USED', 'CLEAN', 'CLEAN', 'NEUTRAL', 'NEUTRAL', 'CLEAR', 'CLEAR', 'OPENING', 'BANCO_OFF')",141,13,13,100.000,ATTACK_PREDICTIVE,26.241,2.181758,8.8619
"('TANK', 'TANK', 'NEUTRAL', 'FULL', 'FULL', 'FIELD_SHARED', 'SLOWER', 'MEC_USED', 'CLEAN', 'CLEAN', 'NEUTRAL', 'NEUTRAL', 'CLEAR', 'CLEAR', 'OPENING', 'BANCO_AMBOS')",141,15,15,100.000,ATTACK_STRONG,24.113,2.423398,11.2841
"('TANK', 'TANK', 'VOLATILE', 'FULL', 'FULL', 'NORMAL', 'FASTER', 'MEC_AVAIL', 'CLEAN', 'CLEAN', 'NEUTRAL', 'NEUTRAL', 'CLEAR', 'CLEAR', 'OPENING', 'BANCO_OFF')",140,19,20,95.000,ATTACK_STRONG,15.000,2.730471,15.3401
"('TANK', 'SWEEPER', 'OFFENSIVE_DIS', 'FULL', 'FULL', 'NORMAL', 'SLOWER', 'MEC_USED', 'CLEAN', 'CLEAN', 'NEUTRAL', 'NEUTRAL', 'CLEAR', 'CLEAR', 'OPENING', 'BANCO_OFF')",138,14,14,100.000,STATUS,26.087,2.089010,8.0769
"('TANK', 'TANK', 'CRITICAL_DIS', 'FULL', 'FULL', 'FIELD_THEIRS', 'FASTER', 'MEC_USED', 'CLEAN', 'CLEAN', 'NEUTRAL', 'NEUTRAL', 'CLEAR', 'CLEAR', 'OPENING', 'BANCO_OFF')",138,14,14,100.000,SWITCH_DEFENSIVE,27.536,2.234281,9.3398
"('TANK', 'TANK', 'OFFENSIVE_DIS', 'FULL', 'SAFE', 'NORMAL', 'FASTER', 'MEC_USED', 'CLEAN', 'CLEAN', 'NEUTRAL', 'NEUTRAL', 'CLEAR', 'CLEAR', 'OPENING', 'BANCO_OFF')",138,15,15,100.000,HEAL,21.739,2.502244,12.2099
"('UTILITY', 'TANK', 'DOMINANT', 'FULL', 'FULL', 'FIELD_THEIRS', 'FASTER', 'MEC_USED', 'CLEAN', 'CLEAN', 'NEUTRAL', 'NEUTRAL', 'CLEAR', 'CLEAR', 'OPENING', 'BANCO_OFF')",137,8,8,100.000,SWITCH_DEFENSIVE,25.547,1.743964,5.7200
"('TANK', 'TANK', 'NEUTRAL', 'SAFE', 'FULL', 'NORMAL', 'FASTER', 'MEC_USED', 'CLEAN', 'CLEAN', 'NEUTRAL', 'NEUTRAL', 'CLEAR', 'CLEAR', 'OPENING', 'BANCO_AMBOS')",136,16,16,100.000,HEAL,23.529,2.259552,9.5788
"('TANK', 'TANK', 'NEUTRAL', 'SAFE', 'SAFE', 'NORMAL', 'SLOWER', 'MEC_USED', 'CLEAN', 'CLEAN', 'NEUTRAL', 'NEUTRAL', 'CLEAR', 'CLEAR', 'OPENING', 'BANCO_VAZIO')",136,13,13,100.000,HEAL,18.382,2.402073,11.0461
"('TANK', 'TANK', 'STALEMATE', 'FULL', 'FULL', 'NORMAL', 'SLOWER', 'MEC_USED', 'AFFLICTED', 'AFFLICTED', 'DEBUFF', 'DEBUFF', 'CLEAR', 'CLEAR', 'RECOVERING', 'BANCO_VAZIO')",136,8,9,88.889,STAT_CLEAN,45.588,1.457066,4.2933
"('SWEEPER', 'TANK', 'OFFENSIVE_ADV', 'FULL', 'FULL', 'FIELD_OURS_OFF', 'FASTER', 'MEC_USED', 'CLEAN', 'CLEAN', 'NEUTRAL', 'NEUTRAL', 'CLEAR', 'CLEAR', 'OPENING', 'BANCO_AMBOS')",135,7,7,100.000,ATTACK_PREDICTIVE,24.444,1.799416,6.0461
"('TANK', 'TANK', 'DEFENSIVE_DIS', 'FULL', 'FULL', 'FIELD_OURS_DEF', 'FASTER', 'MEC_AVAIL', 'CLEAN', 'CLEAN', 'NEUTRAL', 'NEUTRAL', 'CLEAR', 'CLEAR', 'OPENING', 'BANCO_AMBOS')",134,12,12,100.000,ATTACK_PREDICTIVE,18.657,2.250934,9.4966
"('TANK', 'TANK', 'OFFENSIVE_ADV', 'SAFE', 'SAFE', 'NORMAL', 'SLOWER', 'MEC_USED', 'CLEAN', 'CLEAN', 'NEUTRAL', 'NEUTRAL', 'CLEAR', 'CLEAR', 'OPENING', 'BANCO_OFF')",134,14,15,93.333,ATTACK_PIVOT,16.418,2.488002,12.0372
"('SWEEPER', 'TANK', 'DEFENSIVE_DIS', 'FULL', 'FULL', 'NORMAL', 'FASTER', 'MEC_USED', 'CLEAN', 'CLEAN', 'NEUTRAL', 'NEUTRAL', 'CLEAR', 'CLEAR', 'OPENING', 'BANCO_AMBOS')",133,10,10,100.000,SWITCH_OFFENSIVE,35.338,1.717624,5.5713
"('TANK', 'TANK', 'DEFENSIVE_DIS', 'FULL', 'FULL', 'FIELD_OURS_DEF', 'FASTER', 'MEC_USED', 'CLEAN', 'CLEAN', 'NEUTRAL', 'NEUTRAL', 'CLEAR', 'CLEAR', 'OPENING', 'BANCO_AMBOS')",133,10,10,100.000,ATTACK_STRONG,27.068,1.820827,6.1770
"('TANK', 'TANK', 'DEFENSIVE_DIS', 'FULL', 'FULL', 'FIELD_SHARED', 'SLOWER', 'MEC_USED', 'CLEAN', 'CLEAN', 'NEUTRAL', 'NEUTRAL', 'CLEAR', 'CLEAR', 'OPENING', 'BANCO_AMBOS')",133,13,13,100.000,SWITCH_OFFENSIVE,25.564,2.237975,9.3743
"('TANK', 'TANK', 'NEUTRAL', 'FULL', 'SAFE', 'NORMAL', 'SLOWER', 'MEC_USED', 'CLEAN', 'CLEAN', 'NEUTRAL', 'NEUTRAL', 'CLEAR', 'CLEAR', 'OPENING', 'BANCO_VAZIO')",133,13,13,100.000,SWITCH_DEFENSIVE,14.286,2.422017,11.2686
"('TANK', 'TANK', 'CRITICAL_DIS', 'FULL', 'FULL', 'NORMAL', 'FASTER', 'MEC_USED', 'AFFLICTED', 'CLEAN', 'NEUTRAL', 'NEUTRAL', 'SET', 'SET', 'RECOVERING', 'BANCO_VAZIO')",132,6,6,100.000,HAZARD,63.636,1.052471,2.8647
"('TANK', 'TANK', 'VOLATILE', 'SAFE', 'FULL', 'NORMAL', 'FASTER', 'MEC_USED', 'CLEAN', 'CLEAN', 'NEUTRAL', 'NEUTRAL', 'CLEAR', 'CLEAR', 'OPENING', 'BANCO_OFF')",132,13,13,100.000,HEAL,43.182,1.938161,6.9460
"('TANK', 'TANK', 'NEUTRAL', 'FULL', 'SAFE', 'NORMAL', 'SLOWER', 'MEC_USED', 'CLEAN', 'CLEAN', 'NEUTRAL', 'NEUTRAL', 'CLEAR', 'CLEAR', 'RECOVERING', 'BANCO_VAZIO')",131,13,14,92.857,ATTACK_PIVOT,30.534,2.181360,8.8583
"('TANK', 'TANK', 'DEFENSIVE_DIS', 'FULL', 'FULL', 'NORMAL', 'SLOWER', 'MEC_USED', 'CLEAN', 'CLEAN', 'NEUTRAL', 'NEUTRAL', 'CLEAR', 'CLEAR', 'OPENING', 'BANCO_OFF')",129,14,14,100.000,ATTACK_STRONG,26.357,2.349669,10.4821
"('TANK', 'UTILITY', 'OFFENSIVE_ADV', 'FULL', 'FULL', 'NORMAL', 'SLOWER', 'MEC_USED', 'CLEAN', 'CLEAN', 'NEUTRAL', 'NEUTRAL', 'CLEAR', 'CLEAR', 'OPENING', 'BANCO_AMBOS')",129,10,13,76.923,ATTACK_PREDICTIVE,42.636,1.575681,4.8340
"('TANK', 'TANK', 'OFFENSIVE_ADV', 'FULL', 'FULL', 'NORMAL', 'FASTER', 'MEC_USED', 'CLEAN', 'CLEAN', 'NEUTRAL', 'NEUTRAL', 'CLEAR', 'CLEAR', 'BRAWL', 'BANCO_OFF')",128,13,14,92.857,ATTACK_PREDICTIVE,23.438,2.248830,9.4766
"('TANK', 'TANK', 'NEUTRAL', 'SAFE', 'FULL', 'NORMAL', 'FASTER', 'MEC_USED', 'CLEAN', 'CLEAN', 'NEUTRAL', 'NEUTRAL', 'SET', 'CLEAR', 'OPENING', 'BANCO_OFF')",128,17,17,100.000,CLEAN_HAZARD,19.531,2.561013,12.9489
"('SWEEPER', 'TANK', 'NEUTRAL', 'FULL', 'FULL', 'FIELD_OURS_OFF', 'FASTER', 'MEC_USED', 'CLEAN', 'CLEAN', 'NEUTRAL', 'NEUTRAL', 'CLEAR', 'CLEAR', 'OPENING', 'BANCO_AMBOS')",127,8,10,80.000,SWITCH_DEFENSIVE,23.622,1.840887,6.3021
"('TANK', 'TANK', 'NEUTRAL', 'FULL', 'SAFE', 'NORMAL', 'FASTER', 'MEC_USED', 'CLEAN', 'CLEAN', 'NEUTRAL', 'NEUTRAL', 'CLEAR', 'CLEAR', 'OPENING', 'BANCO_VAZIO')",127,15,15,100.000,ATTACK_TECH,23.622,2.367672,10.6725
"('TANK', 'TANK', 'OFFENSIVE_DIS', 'SAFE', 'SAFE', 'NORMAL', 'SLOWER', 'MEC_USED', 'CLEAN', 'CLEAN', 'NEUTRAL', 'NEUTRAL', 'CLEAR', 'CLEAR', 'OPENING', 'BANCO_OFF')",126,14,14,100.000,ATTACK_PIVOT,20.635,2.399899,11.0221
"('SWEEPER', 'TANK', 'NEUTRAL', 'FULL', 'FULL', 'NORMAL', 'FASTER', 'MEC_USED', 'CLEAN', 'CLEAN', 'NEUTRAL', 'DEBUFF', 'CLEAR', 'CLEAR', 'OPENING', 'BANCO_AMBOS')",126,6,7,85.714,ATTACK_PREDICTIVE,43.651,1.472737,4.3612
"('TANK', 'TANK', 'DOMINANT', 'FULL', 'FULL', 'FIELD_SHARED', 'SLOWER', 'MEC_USED', 'CLEAN', 'CLEAN', 'NEUTRAL', 'NEUTRAL', 'CLEAR', 'CLEAR', 'OPENING', 'BANCO_AMBOS')",125,11,11,100.000,ATTACK_STRONG,30.400,2.091009,8.0931
"('TANK', 'TANK', 'DEFENSIVE_ADV', 'FULL', 'FULL', 'FIELD_SHARED', 'FASTER', 'MEC_USED', 'CLEAN', 'CLEAN', 'NEUTRAL', 'NEUTRAL', 'CLEAR', 'CLEAR', 'OPENING', 'BANCO_AMBOS')",125,10,11,90.909,SWITCH_OFFENSIVE,22.400,2.088374,8.0718
"('SWEEPER', 'UTILITY', 'OFFENSIVE_ADV', 'FULL', 'FULL', 'NORMAL', 'FASTER', 'MEC_USED', 'CLEAN', 'CLEAN', 'NEUTRAL', 'NEUTRAL', 'CLEAR', 'CLEAR', 'OPENING', 'BANCO_OFF')",125,9,9,100.000,ATTACK_PIVOT,30.400,1.915532,6.7906
"('TANK', 'TANK', 'DEFENSIVE_DIS', 'SAFE', 'FULL', 'NORMAL', 'FASTER', 'MEC_USED', 'CLEAN', 'CLEAN', 'NEUTRAL', 'NEUTRAL', 'CLEAR', 'CLEAR', 'OPENING', 'BANCO_OFF')",124,14,14,100.000,HEAL,20.968,2.411172,11.1470
"('TANK', 'TANK', 'NEUTRAL', 'SAFE', 'FULL', 'FIELD_SHARED', 'SLOWER', 'MEC_USED', 'CLEAN', 'CLEAN', 'NEUTRAL', 'NEUTRAL', 'CLEAR', 'CLEAR', 'OPENING', 'BANCO_OFF')",124,14,14,100.000,ATTACK_PREDICTIVE,12.903,2.527859,12.5267
"('TANK', 'TANK', 'OFFENSIVE_ADV', 'FULL', 'FULL', 'FIELD_THEIRS', 'FASTER', 'MEC_USED', 'CLEAN', 'CLEAN', 'NEUTRAL', 'NEUTRAL', 'CLEAR', 'CLEAR', 'OPENING', 'BANCO_AMBOS')",123,12,12,100.000,SWITCH_DEFENSIVE,17.886,2.291710,9.8918
"('TANK', 'SWEEPER', 'NEUTRAL', 'FULL', 'FULL', 'NORMAL', 'SLOWER', 'MEC_USED', 'CLEAN', 'CLEAN', 'NEUTRAL', 'NEUTRAL', 'CLEAR', 'CLEAR', 'OPENING', 'BANCO_OFF')",123,14,14,100.000,SWITCH_OFFENSIVE,16.260,2.430605,11.3658
"('TANK', 'TANK', 'OFFENSIVE_DIS', 'FULL', 'FULL', 'NORMAL', 'FASTER', 'MEC_USED', 'CLEAN', 'CLEAN', 'NEUTRAL', 'NEUTRAL', 'SET', 'CLEAR', 'OPENING', 'BANCO_OFF')",123,16,16,100.000,CLEAN_HAZARD,30.894,2.169435,8.7533
"('SWEEPER', 'TANK', 'OFFENSIVE_ADV', 'FULL', 'FULL', 'FIELD_SHARED', 'FASTER', 'MEC_USED', 'CLEAN', 'CLEAN', 'NEUTRAL', 'NEUTRAL', 'CLEAR', 'CLEAR', 'OPENING', 'BANCO_AMBOS')",122,8,8,100.000,SWITCH_DEFENSIVE,40.984,1.707214,5.5136
"('TANK', 'TANK', 'DEFENSIVE_DIS', 'FULL', 'FULL', 'NORMAL', 'FASTER', 'MEC_USED', 'CLEAN', 'CLEAN', 'NEUTRAL', 'NEUTRAL', 'CLEAR', 'CLEAR', 'OPENING', 'BANCO_VAZIO')",122,12,13,92.308,ATTACK_PREDICTIVE,22.131,2.065292,7.8876
"('TANK', 'TANK', 'VOLATILE', 'FULL', 'FULL', 'FIELD_THEIRS', 'SLOWER', 'MEC_USED', 'CLEAN', 'CLEAN', 'NEUTRAL', 'NEUTRAL', 'CLEAR', 'CLEAR', 'OPENING', 'BANCO_OFF')",121,15,15,100.000,ATTACK_PREDICTIVE,19.835,2.279909,9.7758
"('TANK', 'SWEEPER', 'NEUTRAL', 'FULL', 'FULL', 'FIELD_OURS_OFF', 'SLOWER', 'MEC_USED', 'CLEAN', 'CLEAN', 'NEUTRAL', 'NEUTRAL', 'CLEAR', 'CLEAR', 'OPENING', 'BANCO_AMBOS')",121,12,12,100.000,ATTACK_PREDICTIVE,20.661,2.297406,9.9483
"('TANK', 'TANK', 'OFFENSIVE_ADV', 'FULL', 'FULL', 'NORMAL', 'SLOWER', 'MEC_USED', 'CLEAN', 'CLEAN', 'NEUTRAL', 'NEUTRAL', 'SET', 'CLEAR', 'OPENING', 'BANCO_OFF')",120,15,15,100.000,ATTACK_STRONG,15.000,2.553964,12.8580
"('TANK', 'TANK', 'VOLATILE', 'FULL', 'FULL', 'FIELD_SHARED', 'FASTER', 'MEC_USED', 'CLEAN', 'CLEAN', 'NEUTRAL', 'NEUTRAL', 'CLEAR', 'CLEAR', 'OPENING', 'BANCO_OFF')",120,13,13,100.000,ATTACK_STRONG,17.500,2.306516,10.0394
"('TANK', 'TANK', 'DOMINANT', 'FULL', 'FULL', 'NORMAL', 'FASTER', 'MEC_USED', 'CLEAN', 'CLEAN', 'NEUTRAL', 'NEUTRAL', 'CLEAR', 'CLEAR', 'OPENING', 'BANCO_VAZIO')",120,12,13,92.308,ATTACK_STRONG,23.333,2.230645,9.3059
"('TANK', 'TANK', 'NEUTRAL', 'FULL', 'FULL', 'NORMAL', 'SLOWER', 'MEC_AVAIL', 'CLEAN', 'CLEAN', 'NEUTRAL', 'NEUTRAL', 'CLEAR', 'CLEAR', 'OPENING', 'BANCO_OFF')",119,19,20,95.000,FIELD_CONTROL,12.605,2.708431,15.0057
"('SWEEPER', 'TANK', 'DOMINANT', 'FULL', 'FULL', 'FIELD_OURS_OFF', 'FASTER', 'MEC_USED', 'CLEAN', 'CLEAN', 'NEUTRAL', 'NEUTRAL', 'CLEAR', 'CLEAR', 'OPENING', 'BANCO_OFF')",119,9,9,100.000,SWITCH_DEFENSIVE,28.571,1.834056,6.2592
"('TANK', 'TANK', 'DEFENSIVE_DIS', 'SAFE', 'FULL', 'FIELD_THEIRS', 'FASTER', 'MEC_USED', 'CLEAN', 'CLEAN', 'NEUTRAL', 'NEUTRAL', 'CLEAR', 'CLEAR', 'OPENING', 'BANCO_OFF')",119,11,11,100.000,ATTACK_STRONG,24.370,2.142777,8.5231
"('TANK', 'TANK', 'CRITICAL_DIS', 'FULL', 'FULL', 'FIELD_THEIRS', 'FASTER', 'MEC_USED', 'CLEAN', 'CLEAN', 'NEUTRAL', 'NEUTRAL', 'CLEAR', 'CLEAR', 'OPENING', 'BANCO_VAZIO')",118,11,11,100.000,BARRIER,17.797,2.216165,9.1721
"('TANK', 'SWEEPER', 'NEUTRAL', 'FULL', 'FULL', 'NORMAL', 'SLOWER', 'MEC_USED', 'CLEAN', 'CLEAN', 'NEUTRAL', 'NEUTRAL', 'CLEAR', 'CLEAR', 'OPENING', 'BANCO_AMBOS')",118,13,15,86.667,SWITCH_DEFENSIVE,29.661,1.963807,7.1264
"('TANK', 'TANK', 'OFFENSIVE_DIS', 'FULL', 'FULL', 'FIELD_THEIRS', 'FASTER', 'MEC_USED', 'CLEAN', 'CLEAN', 'NEUTRAL', 'NEUTRAL', 'CLEAR', 'CLEAR', 'OPENING', 'BANCO_AMBOS')",117,13,13,100.000,ATTACK_TECH,27.350,2.212228,9.1360
"('TANK', 'TANK', 'OFFENSIVE_ADV', 'SAFE', 'FULL', 'NORMAL', 'FASTER', 'MEC_USED', 'CLEAN', 'CLEAN', 'NEUTRAL', 'NEUTRAL', 'SET', 'CLEAR', 'OPENING', 'BANCO_OFF')",117,14,15,93.333,CLEAN_HAZARD,17.949,2.367414,10.6698
"('TANK', 'SWEEPER', 'OFFENSIVE_ADV', 'SAFE', 'FULL', 'NORMAL', 'SLOWER', 'MEC_USED', 'CLEAN', 'CLEAN', 'NEUTRAL', 'NEUTRAL', 'CLEAR', 'CLEAR', 'OPENING', 'BANCO_OFF')",116,15,15,100.000,ATTACK_PIVOT,26.724,2.431727,11.3785
"('TANK', 'TANK', 'VOLATILE', 'FULL', 'SAFE', 'NORMAL', 'FASTER', 'MEC_USED', 'CLEAN', 'CLEAN', 'NEUTRAL', 'NEUTRAL', 'CLEAR', 'CLEAR', 'OPENING', 'BANCO_OFF')",116,13,14,92.857,ATTACK_STRONG,25.862,2.335698,10.3367
"('TANK', 'TANK', 'STALEMATE', 'FULL', 'FULL', 'NORMAL', 'SLOWER', 'MEC_USED', 'CLEAN', 'CLEAN', 'NEUTRAL', 'NEUTRAL', 'CLEAR', 'SET', 'RECOVERING', 'BANCO_VAZIO')",115,12,14,85.714,PROTECT,73.913,1.143164,3.1367
"('TANK', 'SWEEPER', 'OFFENSIVE_DIS', 'FULL', 'FULL', 'FIELD_SHARED', 'SLOWER', 'MEC_USED', 'CLEAN', 'CLEAN', 'NEUTRAL', 'NEUTRAL', 'CLEAR', 'CLEAR', 'OPENING', 'BANCO_OFF')",115,15,15,100.000,ATTACK_TECH,30.435,2.252002,9.5067
"('UTILITY', 'TANK', 'DEFENSIVE_DIS', 'FULL', 'FULL', 'NORMAL', 'FASTER', 'MEC_USED', 'CLEAN', 'CLEAN', 'NEUTRAL', 'NEUTRAL', 'CLEAR', 'CLEAR', 'OPENING', 'BANCO_OFF')",114,9,9,100.000,ATTACK_PIVOT,22.807,2.013360,7.4884
"('TANK', 'TANK', 'OFFENSIVE_ADV', 'FULL', 'FULL', 'NORMAL', 'FASTER', 'MEC_USED', 'CLEAN', 'CLEAN', 'NEUTRAL', 'NEUTRAL', 'CLEAR', 'CLEAR', 'OPENING', 'BANCO_VAZIO')",113,11,12,91.667,ATTACK_STRONG,25.664,2.086453,8.0563
"('UTILITY', 'TANK', 'DOMINANT', 'FULL', 'FULL', 'NORMAL', 'FASTER', 'MEC_USED', 'CLEAN', 'CLEAN', 'NEUTRAL', 'NEUTRAL', 'CLEAR', 'CLEAR', 'OPENING', 'BANCO_OFF')",113,9,9,100.000,ATTACK_STRONG,23.894,1.982490,7.2608
"('TANK', 'TANK', 'CRITICAL_DIS', 'FULL', 'FULL', 'NORMAL', 'FASTER', 'MEC_USED', 'AFFLICTED', 'AFFLICTED', 'DEBUFF', 'DEBUFF', 'SET', 'SET', 'CLUTCH', 'BANCO_VAZIO')",113,4,4,100.000,HAZARD,59.292,1.017290,2.7657
"('TANK', 'SWEEPER', 'DEFENSIVE_DIS', 'FULL', 'FULL', 'NORMAL', 'SLOWER', 'MEC_USED', 'CLEAN', 'CLEAN', 'NEUTRAL', 'NEUTRAL', 'CLEAR', 'CLEAR', 'OPENING', 'BANCO_AMBOS')",112,13,14,92.857,ATTACK_TECH,16.964,2.355811,10.5467
"('TANK', 'TANK', 'OFFENSIVE_DIS', 'FULL', 'SAFE', 'NORMAL', 'SLOWER', 'MEC_USED', 'CLEAN', 'CLEAN', 'NEUTRAL', 'NEUTRAL', 'CLEAR', 'CLEAR', 'OPENING', 'BANCO_OFF')",112,15,15,100.000,SWITCH_OFFENSIVE,15.179,2.423943,11.2903
"('TANK', 'TANK', 'DOMINANT', 'FULL', 'FULL', 'FIELD_OURS_OFF', 'FASTER', 'MEC_USED', 'CLEAN', 'CLEAN', 'NEUTRAL', 'NEUTRAL', 'CLEAR', 'CLEAR', 'OPENING', 'BANCO_AMBOS')",112,12,12,100.000,ATTACK_TECH,25.000,2.139561,8.4957
"('TANK', 'UTILITY', 'OFFENSIVE_ADV', 'FULL', 'FULL', 'NORMAL', 'SLOWER', 'MEC_USED', 'CLEAN', 'CLEAN', 'NEUTRAL', 'NEUTRAL', 'CLEAR', 'CLEAR', 'OPENING', 'BANCO_OFF')",112,12,12,100.000,ATTACK_PIVOT,24.107,2.266504,9.6456
"('TANK', 'TANK', 'VOLATILE', 'FULL', 'FULL', 'FIELD_THEIRS', 'FASTER', 'MEC_USED', 'CLEAN', 'CLEAN', 'NEUTRAL', 'NEUTRAL', 'CLEAR', 'CLEAR', 'OPENING', 'BANCO_AMBOS')",112,12,12,100.000,SWITCH_DEFENSIVE,33.036,2.172397,8.7793
"('TANK', 'TANK', 'OFFENSIVE_ADV', 'FULL', 'SAFE', 'NORMAL', 'FASTER', 'MEC_AVAIL', 'CLEAN', 'CLEAN', 'NEUTRAL', 'NEUTRAL', 'CLEAR', 'CLEAR', 'OPENING', 'BANCO_OFF')",111,16,18,88.889,ATTACK_STRONG,28.829,2.169329,8.7524
"('TANK', 'TANK', 'OFFENSIVE_DIS', 'FULL', 'FULL', 'NORMAL', 'FASTER', 'MEC_USED', 'CLEAN', 'CLEAN', 'NEUTRAL', 'NEUTRAL', 'SET', 'SET', 'CLUTCH', 'BANCO_VAZIO')",111,7,9,77.778,STATUS,58.559,1.216826,3.3765
"('TANK', 'TANK', 'DOMINANT', 'FULL', 'FULL', 'FIELD_THEIRS', 'FASTER', 'MEC_AVAIL', 'CLEAN', 'CLEAN', 'NEUTRAL', 'NEUTRAL', 'CLEAR', 'CLEAR', 'OPENING', 'BANCO_AMBOS')",110,16,18,88.889,ATTACK_PREDICTIVE_MEC,42.727,2.108466,8.2356
"('TANK', 'TANK', 'OFFENSIVE_DIS', 'FULL', 'FULL', 'FIELD_THEIRS', 'FASTER', 'MEC_USED', 'CLEAN', 'CLEAN', 'NEUTRAL', 'NEUTRAL', 'CLEAR', 'CLEAR', 'OPENING', 'BANCO_OFF')",110,12,14,85.714,PROTECT,28.182,2.156286,8.6390
"('SWEEPER', 'TANK', 'OFFENSIVE_ADV', 'FULL', 'FULL', 'FIELD_THEIRS', 'FASTER', 'MEC_USED', 'CLEAN', 'CLEAN', 'NEUTRAL', 'NEUTRAL', 'CLEAR', 'CLEAR', 'OPENING', 'BANCO_OFF')",110,9,10,90.000,ATTACK_STRONG,35.455,1.680005,5.3656
"('TANK', 'UTILITY', 'OFFENSIVE_DIS', 'FULL', 'FULL', 'NORMAL', 'SLOWER', 'MEC_USED', 'CLEAN', 'CLEAN', 'NEUTRAL', 'NEUTRAL', 'CLEAR', 'CLEAR', 'OPENING', 'BANCO_AMBOS')",109,10,14,71.429,SWITCH_OFFENSIVE,32.110,1.897855,6.6716
"('TANK', 'TANK', 'DOMINANT', 'FULL', 'FULL', 'NORMAL', 'FASTER', 'MEC_AVAIL', 'CLEAN', 'CLEAN', 'NEUTRAL', 'NEUTRAL', 'CLEAR', 'CLEAR', 'OPENING', 'BANCO_AMBOS')",109,15,16,93.750,ATTACK_STRONG_MEC,20.183,2.358744,10.5777
"('TANK', 'TANK', 'DEFENSIVE_ADV', 'FULL', 'FULL', 'NORMAL', 'SLOWER', 'MEC_USED', 'CLEAN', 'CLEAN', 'NEUTRAL', 'NEUTRAL', 'CLEAR', 'CLEAR', 'OPENING', 'BANCO_OFF')",109,13,14,92.857,ATTACK_STRONG,16.514,2.293683,9.9114
"('TANK', 'TANK', 'VOLATILE', 'FULL', 'FULL', 'FIELD_THEIRS', 'FASTER', 'MEC_AVAIL', 'CLEAN', 'CLEAN', 'NEUTRAL', 'NEUTRAL', 'CLEAR', 'CLEAR', 'OPENING', 'BANCO_OFF')",108,12,13,92.308,ATTACK_STRONG_MEC,21.296,2.255359,9.5387
"('TANK', 'TANK', 'OFFENSIVE_DIS', 'SAFE', 'SAFE', 'NORMAL', 'FASTER', 'MEC_USED', 'CLEAN', 'CLEAN', 'NEUTRAL', 'NEUTRAL', 'CLEAR', 'CLEAR', 'OPENING', 'BANCO_OFF')",107,16,16,100.000,STATUS,21.495,2.402954,11.0558
"('UTILITY', 'TANK', 'OFFENSIVE_ADV', 'FULL', 'FULL', 'FIELD_THEIRS', 'FASTER', 'MEC_USED', 'CLEAN', 'CLEAN', 'NEUTRAL', 'NEUTRAL', 'CLEAR', 'CLEAR', 'OPENING', 'BANCO_OFF')",107,11,11,100.000,ATTACK_STRONG,29.907,1.993936,7.3444
"('TANK', 'TANK', 'DEFENSIVE_DIS', 'SAFE', 'FULL', 'NORMAL', 'FASTER', 'MEC_USED', 'CLEAN', 'CLEAN', 'NEUTRAL', 'NEUTRAL', 'CLEAR', 'CLEAR', 'OPENING', 'BANCO_AMBOS')",106,13,13,100.000,SWITCH_DEFENSIVE,26.415,2.190094,8.9361
"('TANK', 'TANK', 'DEFENSIVE_DIS', 'FULL', 'FULL', 'FIELD_OURS_DEF', 'FASTER', 'MEC_USED', 'CLEAN', 'CLEAN', 'NEUTRAL', 'NEUTRAL', 'CLEAR', 'CLEAR', 'OPENING', 'BANCO_OFF')",106,10,12,83.333,SWITCH_OFFENSIVE,20.755,2.177997,8.8286
"('TANK', 'TANK', 'NEUTRAL', 'FULL', 'FULL', 'FIELD_SHARED', 'SLOWER', 'MEC_USED', 'CLEAN', 'CLEAN', 'NEUTRAL', 'NEUTRAL', 'CLEAR', 'CLEAR', 'OPENING', 'BANCO_VAZIO')",106,14,15,93.333,SWITCH_OFFENSIVE,17.925,2.373479,10.7347
"('TANK', 'TANK', 'DEFENSIVE_DIS', 'FULL', 'FULL', 'FIELD_SHARED', 'FASTER', 'MEC_USED', 'CLEAN', 'CLEAN', 'NEUTRAL', 'NEUTRAL', 'CLEAR', 'CLEAR', 'OPENING', 'BANCO_OFF')",106,12,12,100.000,SWITCH_DEFENSIVE,17.925,2.249086,9.4791
"('TANK', 'TANK', 'OFFENSIVE_DIS', 'FULL', 'FULL', 'FIELD_SHARED', 'SLOWER', 'MEC_USED', 'CLEAN', 'CLEAN', 'NEUTRAL', 'NEUTRAL', 'CLEAR', 'CLEAR', 'OPENING', 'BANCO_AMBOS')",106,14,14,100.000,SWITCH_OFFENSIVE,13.208,2.534082,12.6048
"('TANK', 'TANK', 'OFFENSIVE_DIS', 'SAFE', 'FULL', 'NORMAL', 'FASTER', 'MEC_USED', 'CLEAN', 'CLEAN', 'NEUTRAL', 'NEUTRAL', 'CLEAR', 'CLEAR', 'OPENING', 'BANCO_OFF')",105,16,16,100.000,SWITCH_OFFENSIVE,12.381,2.658815,14.2794
"('TANK', 'TANK', 'NEUTRAL', 'FULL', 'SAFE', 'NORMAL', 'SLOWER', 'MEC_USED', 'CLEAN', 'CLEAN', 'NEUTRAL', 'NEUTRAL', 'CLEAR', 'SET', 'RECOVERING', 'BANCO_VAZIO')",105,13,13,100.000,STAT_CLEAN,40.000,1.990721,7.3208
"('TANK', 'TANK', 'DEFENSIVE_DIS', 'FULL', 'FULL', 'FIELD_OURS_DEF', 'SLOWER', 'MEC_USED', 'CLEAN', 'CLEAN', 'NEUTRAL', 'NEUTRAL', 'CLEAR', 'CLEAR', 'OPENING', 'BANCO_OFF')",104,6,7,85.714,ATTACK_STRONG,50.962,1.378287,3.9681
"('TANK', 'TANK', 'NEUTRAL', 'FULL', 'FULL', 'FIELD_THEIRS', 'SLOWER', 'MEC_USED', 'CLEAN', 'CLEAN', 'NEUTRAL', 'NEUTRAL', 'CLEAR', 'CLEAR', 'OPENING', 'BANCO_VAZIO')",104,14,14,100.000,ATTACK_TECH,16.346,2.348745,10.4724
"('TANK', 'TANK', 'NEUTRAL', 'FULL', 'FULL', 'FIELD_OURS_OFF', 'SLOWER', 'MEC_USED', 'CLEAN', 'CLEAN', 'NEUTRAL', 'NEUTRAL', 'CLEAR', 'CLEAR', 'OPENING', 'BANCO_OFF')",104,11,11,100.000,STATUS,23.077,2.066271,7.8953
"('TANK', 'SWEEPER', 'DEFENSIVE_DIS', 'FULL', 'FULL', 'FIELD_OURS_OFF', 'SLOWER', 'MEC_USED', 'CLEAN', 'CLEAN', 'DEBUFF', 'NEUTRAL', 'CLEAR', 'CLEAR', 'OPENING', 'BANCO_OFF')",104,8,8,100.000,ATTACK_PIVOT,28.846,1.844017,6.3219
"('TANK', 'TANK', 'CRITICAL_DIS', 'FULL', 'FULL', 'NORMAL', 'SLOWER', 'MEC_USED', 'CLEAN', 'CLEAN', 'NEUTRAL', 'NEUTRAL', 'SET', 'SET', 'CLUTCH', 'BANCO_VAZIO')",104,6,11,54.545,PROTECT,79.808,0.717538,2.0494
"('TANK', 'TANK', 'STALEMATE', 'FULL', 'FULL', 'NORMAL', 'SLOWER', 'MEC_USED', 'AFFLICTED', 'AFFLICTED', 'DEBUFF', 'DEBUFF', 'SET', 'CLEAR', 'CLUTCH', 'BANCO_VAZIO')",103,3,8,37.500,STAT_CLEAN,77.670,0.675327,1.9647
"('TANK', 'TANK', 'OFFENSIVE_DIS', 'FULL', 'FULL', 'FIELD_SHARED', 'SLOWER', 'MEC_USED', 'CLEAN', 'CLEAN', 'NEUTRAL', 'NEUTRAL', 'CLEAR', 'CLEAR', 'OPENING', 'BANCO_VAZIO')",102,11,14,78.571,SWITCH_DEFENSIVE,16.667,2.308256,10.0569
"('TANK', 'TANK', 'NEUTRAL', 'FULL', 'FULL', 'FIELD_SHARED', 'FASTER', 'MEC_USED', 'CLEAN', 'CLEAN', 'NEUTRAL', 'NEUTRAL', 'CLEAR', 'CLEAR', 'OPENING', 'BANCO_VAZIO')",102,12,12,100.000,ATTACK_PIVOT,29.412,2.238075,9.3753
"('TANK', 'TANK', 'CRITICAL_DIS', 'FULL', 'FULL', 'NORMAL', 'FASTER', 'MEC_USED', 'CLEAN', 'CLEAN', 'NEUTRAL', 'NEUTRAL', 'CLEAR', 'CLEAR', 'OPENING', 'BANCO_AMBOS')",102,13,14,92.857,SWITCH_DEFENSIVE,24.510,2.211030,9.1251
"('TANK', 'TANK', 'DOMINANT', 'FULL', 'FULL', 'FIELD_SHARED', 'SLOWER', 'MEC_USED', 'CLEAN', 'CLEAN', 'NEUTRAL', 'NEUTRAL', 'CLEAR', 'CLEAR', 'OPENING', 'BANCO_OFF')",102,13,13,100.000,ATTACK_STRONG,17.647,2.425366,11.3064
"('TANK', 'TANK', 'NEUTRAL', 'FULL', 'SAFE', 'NORMAL', 'FASTER', 'MEC_USED', 'CLEAN', 'CLEAN', 'NEUTRAL', 'NEUTRAL', 'CLEAR', 'CLEAR', 'OPENING', 'BANCO_AMBOS')",102,11,13,84.615,SWITCH_OFFENSIVE,56.863,1.485541,4.4174
"('TANK', 'TANK', 'OFFENSIVE_ADV', 'SAFE', 'FULL', 'FIELD_SHARED', 'SLOWER', 'MEC_USED', 'CLEAN', 'CLEAN', 'NEUTRAL', 'NEUTRAL', 'CLEAR', 'CLEAR', 'OPENING', 'BANCO_OFF')",101,13,13,100.000,ATTACK_STRONG,24.752,2.342053,10.4026
"('TANK', 'TANK', 'OFFENSIVE_DIS', 'SAFE', 'FULL', 'NORMAL', 'SLOWER', 'MEC_USED', 'CLEAN', 'CLEAN', 'NEUTRAL', 'NEUTRAL', 'CLEAR', 'CLEAR', 'OPENING', 'BANCO_OFF')",101,14,14,100.000,STAT_CLEAN,18.812,2.399422,11.0168
"('TANK', 'TANK', 'NEUTRAL', 'FULL', 'SAFE', 'NORMAL', 'FASTER', 'MEC_USED', 'CLEAN', 'CLEAN', 'NEUTRAL', 'NEUTRAL', 'SET', 'CLEAR', 'OPENING', 'BANCO_OFF')",101,15,15,100.000,CLEAN_HAZARD,15.842,2.482921,11.9762
"('TANK', 'TANK', 'DEFENSIVE_DIS', 'FULL', 'FULL', 'FIELD_OURS_OFF', 'FASTER', 'MEC_USED', 'CLEAN', 'CLEAN', 'NEUTRAL', 'NEUTRAL', 'CLEAR', 'CLEAR', 'OPENING', 'BANCO_OFF')",101,12,12,100.000,ATTACK_PIVOT,23.762,2.092457,8.1048
"('TANK', 'TANK', 'NEUTRAL', 'SAFE', 'FULL', 'FIELD_SHARED', 'FASTER', 'MEC_USED', 'CLEAN', 'CLEAN', 'NEUTRAL', 'NEUTRAL', 'CLEAR', 'CLEAR', 'OPENING', 'BANCO_AMBOS')",101,14,14,100.000,HEAL,18.812,2.320233,10.1780
"('TANK', 'TANK', 'CRITICAL_DIS', 'FULL', 'FULL', 'FIELD_OURS_DEF', 'FASTER', 'MEC_USED', 'CLEAN', 'CLEAN', 'NEUTRAL', 'NEUTRAL', 'CLEAR', 'CLEAR', 'OPENING', 'BANCO_OFF')",100,8,8,100.000,SWITCH_OFFENSIVE,28.000,1.766581,5.8508
"('TANK', 'TANK', 'VOLATILE', 'FULL', 'FULL', 'FIELD_OURS_OFF', 'FASTER', 'MEC_USED', 'CLEAN', 'CLEAN', 'NEUTRAL', 'NEUTRAL', 'CLEAR', 'CLEAR', 'OPENING', 'BANCO_OFF')",99,8,9,88.889,ATTACK_STRONG,60.606,1.422337,4.1468
"('TANK', 'TANK', 'NEUTRAL', 'FULL', 'SAFE', 'FIELD_SHARED', 'FASTER', 'MEC_USED', 'CLEAN', 'CLEAN', 'NEUTRAL', 'NEUTRAL', 'CLEAR', 'CLEAR', 'OPENING', 'BANCO_OFF')",99,14,14,100.000,ATTACK_STRONG,15.152,2.354848,10.5365
"('TANK', 'TANK', 'OFFENSIVE_ADV', 'FULL', 'SAFE', 'NORMAL', 'FASTER', 'MEC_USED', 'CLEAN', 'CLEAN', 'NEUTRAL', 'NEUTRAL', 'SET', 'CLEAR', 'OPENING', 'BANCO_OFF')",99,13,14,92.857,CLEAN_HAZARD,20.202,2.279569,9.7725
"('TANK', 'TANK', 'NEUTRAL', 'SAFE', 'FULL', 'FIELD_SHARED', 'FASTER', 'MEC_USED', 'CLEAN', 'CLEAN', 'NEUTRAL', 'NEUTRAL', 'CLEAR', 'CLEAR', 'OPENING', 'BANCO_OFF')",99,13,15,86.667,ATTACK_TECH,22.222,2.254043,9.5262
"('TANK', 'TANK', 'DEFENSIVE_DIS', 'FULL', 'FULL', 'FIELD_OURS_OFF', 'SLOWER', 'MEC_USED', 'CLEAN', 'CLEAN', 'NEUTRAL', 'NEUTRAL', 'CLEAR', 'CLEAR', 'OPENING', 'BANCO_AMBOS')",97,13,13,100.000,STATUS,50.515,1.782332,5.9437
"('TANK', 'TANK', 'NEUTRAL', 'SAFE', 'SAFE', 'NORMAL', 'FASTER', 'MEC_USED', 'CLEAN', 'CLEAN', 'NEUTRAL', 'NEUTRAL', 'SET', 'SET', 'OPENING', 'BANCO_OFF')",97,16,16,100.000,HEAL,34.021,2.078761,7.9946
"('TANK', 'TANK', 'NEUTRAL', 'FULL', 'FULL', 'NORMAL', 'SLOWER', 'MEC_USED', 'CLEAN', 'CLEAN', 'NEUTRAL', 'NEUTRAL', 'SET', 'CLEAR', 'OPENING', 'BANCO_OFF')",97,15,16,93.750,STAT_CLEAN,25.773,2.376560,10.7678
"('SWEEPER', 'TANK', 'DEFENSIVE_DIS', 'FULL', 'FULL', 'FIELD_THEIRS', 'FASTER', 'MEC_USED', 'CLEAN', 'CLEAN', 'NEUTRAL', 'NEUTRAL', 'CLEAR', 'CLEAR', 'OPENING', 'BANCO_AMBOS')",96,9,9,100.000,SWITCH_OFFENSIVE,44.792,1.544991,4.6879
"('SWEEPER', 'TANK', 'OFFENSIVE_ADV', 'FULL', 'FULL', 'FIELD_THEIRS', 'FASTER', 'MEC_USED', 'CLEAN', 'CLEAN', 'NEUTRAL', 'DEBUFF', 'CLEAR', 'CLEAR', 'OPENING', 'BANCO_OFF')",96,7,7,100.000,ATTACK_PIVOT,47.917,1.561638,4.7666
"('TANK', 'TANK', 'DEFENSIVE_ADV', 'FULL', 'FULL', 'FIELD_SHARED', 'SLOWER', 'MEC_USED', 'CLEAN', 'CLEAN', 'NEUTRAL', 'NEUTRAL', 'CLEAR', 'CLEAR', 'OPENING', 'BANCO_AMBOS')",96,11,11,100.000,ATTACK_PREDICTIVE,26.042,2.028549,7.6030
"('TANK', 'TANK', 'VOLATILE', 'FULL', 'FULL', 'FIELD_THEIRS', 'FASTER', 'MEC_AVAIL', 'CLEAN', 'CLEAN', 'NEUTRAL', 'NEUTRAL', 'CLEAR', 'CLEAR', 'OPENING', 'BANCO_AMBOS')",96,16,18,88.889,SWITCH_OFFENSIVE,19.792,2.452831,11.6212
"('TANK', 'TANK', 'NEUTRAL', 'SAFE', 'FULL', 'FIELD_THEIRS', 'SLOWER', 'MEC_USED', 'CLEAN', 'CLEAN', 'NEUTRAL', 'NEUTRAL', 'CLEAR', 'CLEAR', 'OPENING', 'BANCO_OFF')",95,15,15,100.000,HEAL,48.421,1.933639,6.9146
"('TANK', 'TANK', 'CRITICAL_DIS', 'FULL', 'SAFE', 'NORMAL', 'FASTER', 'MEC_USED', 'AFFLICTED', 'CLEAN', 'NEUTRAL', 'NEUTRAL', 'SET', 'SET', 'CLUTCH', 'BANCO_VAZIO')",95,5,6,83.333,STATUS,45.263,1.311209,3.7107
"('TANK', 'TANK', 'OFFENSIVE_DIS', 'FULL', 'FULL', 'NORMAL', 'SLOWER', 'MEC_USED', 'CLEAN', 'CLEAN', 'NEUTRAL', 'NEUTRAL', 'CLEAR', 'CLEAR', 'OPENING', 'BANCO_VAZIO')",95,14,14,100.000,SWITCH_DEFENSIVE,15.789,2.448879,11.5754
"('TANK', 'TANK', 'CRITICAL_DIS', 'FULL', 'FULL', 'FIELD_THEIRS', 'SLOWER', 'MEC_USED', 'CLEAN', 'CLEAN', 'NEUTRAL', 'NEUTRAL', 'CLEAR', 'CLEAR', 'OPENING', 'BANCO_AMBOS')",95,15,16,93.750,PROTECT,16.842,2.366462,10.6596
"('TANK', 'TANK', 'DEFENSIVE_DIS', 'FULL', 'FULL', 'FIELD_THEIRS', 'SLOWER', 'MEC_USED', 'CLEAN', 'CLEAN', 'NEUTRAL', 'NEUTRAL', 'CLEAR', 'CLEAR', 'OPENING', 'BANCO_AMBOS')",95,14,14,100.000,HEAL,15.789,2.428947,11.3469
"('TANK', 'TANK', 'OFFENSIVE_ADV', 'FULL', 'FULL', 'NORMAL', 'SLOWER', 'MEC_USED', 'CLEAN', 'CLEAN', 'NEUTRAL', 'NEUTRAL', 'CLEAR', 'CLEAR', 'RECOVERING', 'BANCO_VAZIO')",95,15,15,100.000,ATTACK_PREDICTIVE,25.263,2.174323,8.7962
"('TANK', 'TANK', 'STALEMATE', 'CRIT', 'FULL', 'NORMAL', 'SLOWER', 'MEC_USED', 'AFFLICTED', 'AFFLICTED', 'DEBUFF', 'DEBUFF', 'SET', 'CLEAR', 'CLUTCH', 'BANCO_VAZIO')",95,3,3,100.000,STAT_CLEAN,65.263,0.858882,2.3605
"('TANK', 'TANK', 'CRITICAL_DIS', 'FULL', 'FULL', 'NORMAL', 'FASTER', 'MEC_USED', 'AFFLICTED', 'CLEAN', 'DEBUFF', 'NEUTRAL', 'SET', 'SET', 'CLUTCH', 'BANCO_VAZIO')",94,5,6,83.333,HAZARD,48.936,1.260188,3.5261
"('TANK', 'TANK', 'DEFENSIVE_DIS', 'FULL', 'FULL', 'NORMAL', 'FASTER', 'MEC_AVAIL', 'CLEAN', 'CLEAN', 'NEUTRAL', 'NEUTRAL', 'CLEAR', 'CLEAR', 'OPENING', 'BANCO_AMBOS')",94,17,18,94.444,SWITCH_DEFENSIVE,18.085,2.535551,12.6234
"('TANK', 'UTILITY', 'DEFENSIVE_DIS', 'FULL', 'FULL', 'FIELD_OURS_DEF', 'SLOWER', 'MEC_USED', 'CLEAN', 'CLEAN', 'NEUTRAL', 'NEUTRAL', 'CLEAR', 'CLEAR', 'OPENING', 'BANCO_AMBOS')",94,5,6,83.333,SWITCH_DEFENSIVE,58.511,1.166760,3.2116
"('TANK', 'TANK', 'NEUTRAL', 'SAFE', 'SAFE', 'FIELD_SHARED', 'FASTER', 'MEC_USED', 'CLEAN', 'CLEAN', 'NEUTRAL', 'NEUTRAL', 'CLEAR', 'CLEAR', 'OPENING', 'BANCO_OFF')",94,13,13,100.000,HEAL,28.723,2.298765,9.9619
"('TANK', 'TANK', 'NEUTRAL', 'SAFE', 'SAFE', 'NORMAL', 'SLOWER', 'MEC_USED', 'CLEAN', 'CLEAN', 'NEUTRAL', 'NEUTRAL', 'SET', 'CLEAR', 'OPENING', 'BANCO_OFF')",94,15,15,100.000,ATTACK_TECH,25.532,2.371984,10.7186
"('TANK', 'SWEEPER', 'DOMINANT', 'FULL', 'FULL', 'NORMAL', 'SLOWER', 'MEC_USED', 'CLEAN', 'CLEAN', 'NEUTRAL', 'NEUTRAL', 'CLEAR', 'CLEAR', 'OPENING', 'BANCO_AMBOS')",94,13,13,100.000,ATTACK_STRONG,24.468,2.264547,9.6268
"('TANK', 'UTILITY', 'DEFENSIVE_DIS', 'FULL', 'FULL', 'NORMAL', 'SLOWER', 'MEC_USED', 'CLEAN', 'CLEAN', 'NEUTRAL', 'NEUTRAL', 'CLEAR', 'CLEAR', 'OPENING', 'BANCO_AMBOS')",94,14,14,100.000,ATTACK_TECH,36.170,2.147778,8.5658
"('TANK', 'TANK', 'STALEMATE', 'FULL', 'FULL', 'NORMAL', 'SLOWER', 'MEC_USED', 'CLEAN', 'CLEAN', 'NEUTRAL', 'NEUTRAL', 'SET', 'CLEAR', 'OPENING', 'BANCO_OFF')",94,12,14,85.714,STAT_CLEAN,23.404,2.120856,8.3383
"('TANK', 'SWEEPER', 'DEFENSIVE_DIS', 'FULL', 'FULL', 'FIELD_OURS_DEF', 'SLOWER', 'MEC_USED', 'CLEAN', 'CLEAN', 'NEUTRAL', 'NEUTRAL', 'CLEAR', 'CLEAR', 'OPENING', 'BANCO_OFF')",93,7,7,100.000,ATTACK_STRONG,67.742,1.068179,2.9101
"('TANK', 'SWEEPER', 'CRITICAL_DIS', 'FULL', 'FULL', 'FIELD_THEIRS', 'SLOWER', 'MEC_USED', 'CLEAN', 'CLEAN', 'NEUTRAL', 'NEUTRAL', 'CLEAR', 'CLEAR', 'OPENING', 'BANCO_OFF')",93,15,15,100.000,BARRIER,17.204,2.333435,10.3133
"('TANK', 'TANK', 'NEUTRAL', 'SAFE', 'SAFE', 'NORMAL', 'FASTER', 'MEC_USED', 'CLEAN', 'CLEAN', 'NEUTRAL', 'NEUTRAL', 'CLEAR', 'CLEAR', 'OPENING', 'BANCO_AMBOS')",93,14,14,100.000,HEAL,33.333,2.022201,7.5549
"('TANK', 'TANK', 'NEUTRAL', 'FULL', 'FULL', 'FIELD_THEIRS', 'FASTER', 'MEC_USED', 'CLEAN', 'CLEAN', 'NEUTRAL', 'NEUTRAL', 'CLEAR', 'CLEAR', 'OPENING', 'BANCO_VAZIO')",93,12,12,100.000,ATTACK_PREDICTIVE,46.237,1.897075,6.6664
"('TANK', 'TANK', 'OFFENSIVE_DIS', 'FULL', 'FULL', 'NORMAL', 'FASTER', 'MEC_AVAIL', 'CLEAN', 'CLEAN', 'NEUTRAL', 'NEUTRAL', 'CLEAR', 'CLEAR', 'BRAWL', 'BANCO_OFF')",93,4,8,50.000,STATUS,45.161,1.032231,2.8073
"('TANK', 'TANK', 'VOLATILE', 'FULL', 'FULL', 'NORMAL', 'FASTER', 'MEC_USED', 'CLEAN', 'CLEAN', 'NEUTRAL', 'NEUTRAL', 'SET', 'CLEAR', 'OPENING', 'BANCO_OFF')",93,14,14,100.000,CLEAN_HAZARD,21.505,2.339078,10.3717
"('TANK', 'TANK', 'CRITICAL_DIS', 'FULL', 'FULL', 'NORMAL', 'FASTER', 'MEC_USED', 'AFFLICTED', 'CLEAN', 'DEBUFF', 'NEUTRAL', 'SET', 'SET', 'RECOVERING', 'BANCO_VAZIO')",93,4,4,100.000,HAZARD,38.710,1.251144,3.4943
"('TANK', 'TANK', 'OFFENSIVE_ADV', 'FULL', 'SAFE', 'FIELD_SHARED', 'SLOWER', 'MEC_USED', 'CLEAN', 'CLEAN', 'NEUTRAL', 'NEUTRAL', 'CLEAR', 'CLEAR', 'OPENING', 'BANCO_OFF')",92,12,12,100.000,STATUS,18.478,2.316736,10.1425
"('TANK', 'SWEEPER', 'OFFENSIVE_ADV', 'FULL', 'FULL', 'FIELD_SHARED', 'SLOWER', 'MEC_USED', 'CLEAN', 'CLEAN', 'NEUTRAL', 'NEUTRAL', 'CLEAR', 'CLEAR', 'OPENING', 'BANCO_OFF')",92,13,13,100.000,ATTACK_STRONG,17.391,2.358327,10.5732
"('SWEEPER', 'TANK', 'NEUTRAL', 'FULL', 'FULL', 'FIELD_THEIRS', 'FASTER', 'MEC_USED', 'CLEAN', 'CLEAN', 'NEUTRAL', 'NEUTRAL', 'CLEAR', 'CLEAR', 'OPENING', 'BANCO_AMBOS')",92,7,7,100.000,ATTACK_PREDICTIVE,41.304,1.611084,5.0082
"('TANK', 'TANK', 'NEUTRAL', 'FULL', 'FULL', 'FIELD_THEIRS', 'FASTER', 'MEC_AVAIL', 'CLEAN', 'CLEAN', 'NEUTRAL', 'NEUTRAL', 'CLEAR', 'CLEAR', 'OPENING', 'BANCO_OFF')",92,18,20,90.000,SWITCH_DEFENSIVE,11.957,2.708071,15.0003
"('TANK', 'TANK', 'NEUTRAL', 'FULL', 'FULL', 'NORMAL', 'SLOWER', 'MEC_USED', 'CLEAN', 'CLEAN', 'NEUTRAL', 'NEUTRAL', 'SET', 'SET', 'RECOVERING', 'BANCO_VAZIO')",92,13,14,92.857,ATTACK_STRONG,22.826,2.086364,8.0556
"('TANK', 'TANK', 'NEUTRAL', 'SAFE', 'FULL', 'NORMAL', 'SLOWER', 'MEC_USED', 'CLEAN', 'CLEAN', 'NEUTRAL', 'NEUTRAL', 'CLEAR', 'CLEAR', 'OPENING', 'BANCO_VAZIO')",92,13,13,100.000,ATTACK_TECH,16.304,2.357385,10.5633
"('TANK', 'TANK', 'OFFENSIVE_ADV', 'FULL', 'SAFE', 'FIELD_SHARED', 'FASTER', 'MEC_USED', 'CLEAN', 'CLEAN', 'NEUTRAL', 'NEUTRAL', 'CLEAR', 'CLEAR', 'OPENING', 'BANCO_OFF')",90,13,13,100.000,SWITCH_DEFENSIVE,16.667,2.345763,10.4412
"('TANK', 'TANK', 'DEFENSIVE_DIS', 'FULL', 'FULL', 'FIELD_THEIRS', 'SLOWER', 'MEC_USED', 'CLEAN', 'CLEAN', 'NEUTRAL', 'NEUTRAL', 'CLEAR', 'CLEAR', 'OPENING', 'BANCO_OFF')",90,13,13,100.000,ATTACK_PIVOT,22.222,2.282122,9.7974
"('TANK', 'UTILITY', 'DEFENSIVE_ADV', 'FULL', 'FULL', 'NORMAL', 'SLOWER', 'MEC_USED', 'CLEAN', 'CLEAN', 'NEUTRAL', 'NEUTRAL', 'CLEAR', 'CLEAR', 'OPENING', 'BANCO_AMBOS')",90,7,10,70.000,ATTACK_STRONG,27.778,1.790815,5.9943
"('TANK', 'SWEEPER', 'OFFENSIVE_ADV', 'FULL', 'FULL', 'FIELD_THEIRS', 'SLOWER', 'MEC_USED', 'CLEAN', 'CLEAN', 'NEUTRAL', 'NEUTRAL', 'CLEAR', 'CLEAR', 'OPENING', 'BANCO_OFF')",88,12,12,100.000,HAZARD,19.318,2.362620,10.6187
"('TANK', 'SWEEPER', 'NEUTRAL', 'FULL', 'FULL', 'NORMAL', 'SLOWER', 'MEC_USED', 'CLEAN', 'CLEAN', 'DEBUFF', 'NEUTRAL', 'CLEAR', 'CLEAR', 'OPENING', 'BANCO_OFF')",88,11,11,100.000,ATTACK_TECH,43.182,1.862165,6.4377
"('UTILITY', 'TANK', 'VOLATILE', 'FULL', 'FULL', 'FIELD_THEIRS', 'FASTER', 'MEC_USED', 'CLEAN', 'CLEAN', 'NEUTRAL', 'NEUTRAL', 'CLEAR', 'CLEAR', 'OPENING', 'BANCO_AMBOS')",88,7,8,87.500,ATTACK_PREDICTIVE,48.864,1.543042,4.6788
"('TANK', 'TANK', 'NEUTRAL', 'FULL', 'SAFE', 'NORMAL', 'FASTER', 'MEC_USED', 'CLEAN', 'CLEAN', 'NEUTRAL', 'NEUTRAL', 'SET', 'SET', 'OPENING', 'BANCO_OFF')",88,16,16,100.000,ATTACK_PREDICTIVE,15.909,2.558912,12.9217
"('TANK', 'TANK', 'STALEMATE', 'FULL', 'FULL', 'NORMAL', 'SLOWER', 'MEC_USED', 'CLEAN', 'CLEAN', 'NEUTRAL', 'NEUTRAL', 'SET', 'SET', 'CLUTCH', 'BANCO_VAZIO')",87,3,8,37.500,HAZARD,80.460,0.564739,1.7590
"('TANK', 'TANK', 'OFFENSIVE_ADV', 'SAFE', 'FULL', 'NORMAL', 'SLOWER', 'MEC_USED', 'CLEAN', 'CLEAN', 'NEUTRAL', 'NEUTRAL', 'SET', 'CLEAR', 'OPENING', 'BANCO_OFF')",87,14,14,100.000,ATTACK_TECH,13.793,2.572589,13.0997
"('TANK', 'TANK', 'NEUTRAL', 'FULL', 'SAFE', 'FIELD_SHARED', 'SLOWER', 'MEC_USED', 'CLEAN', 'CLEAN', 'NEUTRAL', 'NEUTRAL', 'CLEAR', 'CLEAR', 'OPENING', 'BANCO_OFF')",87,15,15,100.000,SWITCH_DEFENSIVE,37.931,2.122053,8.3483
"('TANK', 'TANK', 'NEUTRAL', 'SAFE', 'SAFE', 'NORMAL', 'FASTER', 'MEC_USED', 'CLEAN', 'CLEAN', 'NEUTRAL', 'NEUTRAL', 'SET', 'CLEAR', 'OPENING', 'BANCO_OFF')",87,15,15,100.000,CLEAN_HAZARD,21.839,2.397744,10.9983
"('TANK', 'TANK', 'CRITICAL_DIS', 'FULL', 'FULL', 'FIELD_SHARED', 'SLOWER', 'MEC_USED', 'CLEAN', 'CLEAN', 'NEUTRAL', 'NEUTRAL', 'CLEAR', 'CLEAR', 'OPENING', 'BANCO_OFF')",87,13,14,92.857,STATUS,22.989,2.161794,8.6867
"('TANK', 'TANK', 'CRITICAL_DIS', 'SAFE', 'FULL', 'NORMAL', 'SLOWER', 'MEC_USED', 'CLEAN', 'CLEAN', 'NEUTRAL', 'NEUTRAL', 'CLEAR', 'CLEAR', 'OPENING', 'BANCO_AMBOS')",87,12,12,100.000,HEAL,27.586,2.099258,8.1601
"('TANK', 'TANK', 'CRITICAL_DIS', 'FULL', 'FULL', 'FIELD_OURS_DEF', 'FASTER', 'MEC_USED', 'CLEAN', 'CLEAN', 'NEUTRAL', 'NEUTRAL', 'CLEAR', 'CLEAR', 'OPENING', 'BANCO_VAZIO')",86,9,9,100.000,SWITCH_OFFENSIVE,29.070,1.901477,6.6958
"('SWEEPER', 'TANK', 'NEUTRAL', 'FULL', 'FULL', 'NORMAL', 'FASTER', 'MEC_USED', 'CLEAN', 'CLEAN', 'NEUTRAL', 'DEBUFF', 'CLEAR', 'CLEAR', 'OPENING', 'BANCO_OFF')",86,7,7,100.000,ATTACK_PIVOT,20.930,1.791682,5.9995
"('UTILITY', 'TANK', 'OFFENSIVE_ADV', 'FULL', 'FULL', 'NORMAL', 'FASTER', 'MEC_USED', 'CLEAN', 'CLEAN', 'NEUTRAL', 'NEUTRAL', 'CLEAR', 'CLEAR', 'OPENING', 'BANCO_OFF')",86,9,9,100.000,ATTACK_PIVOT,31.395,1.838707,6.2884
"('TANK', 'TANK', 'OFFENSIVE_ADV', 'SAFE', 'FULL', 'FIELD_SHARED', 'FASTER', 'MEC_USED', 'CLEAN', 'CLEAN', 'NEUTRAL', 'NEUTRAL', 'CLEAR', 'CLEAR', 'OPENING', 'BANCO_OFF')",86,12,12,100.000,ATTACK_STRONG,15.116,2.329502,10.2728
"('TANK', 'TANK', 'NEUTRAL', 'SAFE', 'FULL', 'FIELD_THEIRS', 'FASTER', 'MEC_USED', 'CLEAN', 'CLEAN', 'NEUTRAL', 'NEUTRAL', 'CLEAR', 'CLEAR', 'OPENING', 'BANCO_OFF')",86,12,14,85.714,HEAL,32.558,2.043523,7.7177
"('TANK', 'TANK', 'OFFENSIVE_DIS', 'FULL', 'FULL', 'NORMAL', 'FASTER', 'MEC_USED', 'AFFLICTED', 'CLEAN', 'NEUTRAL', 'NEUTRAL', 'CLEAR', 'CLEAR', 'CLUTCH', 'BANCO_VAZIO')",86,7,9,77.778,CLEAN_HAZARD,32.558,1.483762,4.4095
"('TANK', 'TANK', 'OFFENSIVE_ADV', 'SAFE', 'FULL', 'FIELD_THEIRS', 'SLOWER', 'MEC_USED', 'CLEAN', 'CLEAN', 'NEUTRAL', 'NEUTRAL', 'CLEAR', 'CLEAR', 'OPENING', 'BANCO_OFF')",85,13,14,92.857,SWITCH_DEFENSIVE,17.647,2.320495,10.1807
"('TANK', 'TANK', 'DEFENSIVE_DIS', 'FULL', 'FULL', 'NORMAL', 'FASTER', 'MEC_USED', 'AFFLICTED', 'CLEAN', 'NEUTRAL', 'NEUTRAL', 'CLEAR', 'CLEAR', 'CLUTCH', 'BANCO_VAZIO')",85,4,8,50.000,CLEAN_HAZARD,67.059,0.877548,2.4050
"('TANK', 'TANK', 'NEUTRAL', 'FULL', 'FULL', 'NORMAL', 'SLOWER', 'MEC_USED', 'CLEAN', 'CLEAN', 'NEUTRAL', 'NEUTRAL', 'SET', 'CLEAR', 'OPENING', 'BANCO_VAZIO')",85,15,15,100.000,STATUS,17.647,2.498970,12.1700
"('TANK', 'TANK', 'VOLATILE', 'FULL', 'FULL', 'NORMAL', 'FASTER', 'MEC_AVAIL', 'CLEAN', 'CLEAN', 'NEUTRAL', 'NEUTRAL', 'CLEAR', 'CLEAR', 'OPENING', 'BANCO_AMBOS')",84,17,18,94.444,ATTACK_STRONG,27.381,2.395728,10.9762
"('TANK', 'TANK', 'DEFENSIVE_ADV', 'FULL', 'FULL', 'FIELD_SHARED', 'SLOWER', 'MEC_USED', 'CLEAN', 'CLEAN', 'NEUTRAL', 'NEUTRAL', 'CLEAR', 'CLEAR', 'OPENING', 'BANCO_OFF')",84,10,10,100.000,ATTACK_TECH,23.810,2.095381,8.1285
"('TANK', 'TANK', 'NEUTRAL', 'SAFE', 'FULL', 'NORMAL', 'SLOWER', 'MEC_USED', 'CLEAN', 'CLEAN', 'NEUTRAL', 'NEUTRAL', 'CLEAR', 'CLEAR', 'OPENING', 'BANCO_AMBOS')",84,13,15,86.667,SWITCH_OFFENSIVE,16.667,2.359162,10.5821
"('TANK', 'TANK', 'VOLATILE', 'FULL', 'FULL', 'NORMAL', 'SLOWER', 'MEC_USED', 'CLEAN', 'CLEAN', 'NEUTRAL', 'NEUTRAL', 'SET', 'CLEAR', 'OPENING', 'BANCO_OFF')",84,13,14,92.857,STAT_CLEAN,28.571,2.156274,8.6389
"('TANK', 'TANK', 'DEFENSIVE_ADV', 'FULL', 'FULL', 'NORMAL', 'SLOWER', 'MEC_USED', 'CLEAN', 'AFFLICTED', 'NEUTRAL', 'NEUTRAL', 'SET', 'SET', 'CLUTCH', 'BANCO_VAZIO')",83,3,9,33.333,STAT_CLEAN,65.060,0.840173,2.3168
"('TANK', 'TANK', 'OFFENSIVE_ADV', 'FULL', 'FULL', 'NORMAL', 'FASTER', 'MEC_AVAIL', 'CLEAN', 'CLEAN', 'NEUTRAL', 'NEUTRAL', 'CLEAR', 'CLEAR', 'OPENING', 'BANCO_DEF')",83,17,18,94.444,SWITCH_DEFENSIVE,19.277,2.481147,11.9550
"('TANK', 'TANK', 'VOLATILE', 'FULL', 'FULL', 'FIELD_OURS_OFF', 'FASTER', 'MEC_USED', 'CLEAN', 'CLEAN', 'NEUTRAL', 'NEUTRAL', 'CLEAR', 'CLEAR', 'OPENING', 'BANCO_AMBOS')",83,13,13,100.000,SWITCH_DEFENSIVE,28.916,2.193683,8.9682
"('TANK', 'TANK', 'CRITICAL_DIS', 'FULL', 'FULL', 'FIELD_SHARED', 'FASTER', 'MEC_USED', 'CLEAN', 'CLEAN', 'NEUTRAL', 'NEUTRAL', 'CLEAR', 'CLEAR', 'OPENING', 'BANCO_AMBOS')",83,3,12,25.000,SWITCH_DEFENSIVE,95.181,0.220260,1.2464
"('TANK', 'TANK', 'OFFENSIVE_ADV', 'FULL', 'DANGER', 'NORMAL', 'FASTER', 'MEC_USED', 'CLEAN', 'CLEAN', 'NEUTRAL', 'NEUTRAL', 'CLEAR', 'CLEAR', 'OPENING', 'BANCO_OFF')",83,11,14,78.571,ATTACK_STRONG,28.916,2.087057,8.0612
"('TANK', 'SWEEPER', 'CRITICAL_DIS', 'FULL', 'FULL', 'NORMAL', 'SLOWER', 'MEC_USED', 'CLEAN', 'CLEAN', 'NEUTRAL', 'NEUTRAL', 'CLEAR', 'CLEAR', 'OPENING', 'BANCO_AMBOS')",83,14,15,93.333,STATUS,20.482,2.277990,9.7570
"('TANK', 'TANK', 'OFFENSIVE_DIS', 'FULL', 'FULL', 'NORMAL', 'SLOWER', 'MEC_USED', 'AFFLICTED', 'AFFLICTED', 'NEUTRAL', 'NEUTRAL', 'CLEAR', 'CLEAR', 'CLUTCH', 'BANCO_OFF')",83,2,5,40.000,SWITCH_OFFENSIVE,92.771,0.259520,1.2963
"('TANK', 'TANK', 'DEFENSIVE_ADV', 'FULL', 'FULL', 'NORMAL', 'SLOWER', 'MEC_USED', 'CLEAN', 'AFFLICTED', 'NEUTRAL', 'DEBUFF', 'SET', 'CLEAR', 'CLUTCH', 'BANCO_VAZIO')",83,7,7,100.000,STAT_CLEAN,69.880,1.016754,2.7642
"('TANK', 'TANK', 'OFFENSIVE_ADV', 'FULL', 'FULL', 'FIELD_OURS_OFF', 'SLOWER', 'MEC_USED', 'CLEAN', 'CLEAN', 'NEUTRAL', 'NEUTRAL', 'CLEAR', 'CLEAR', 'OPENING', 'BANCO_AMBOS')",82,10,11,90.909,ATTACK_PIVOT,35.366,1.741216,5.7043
"('TANK', 'TANK', 'NEUTRAL', 'SAFE', 'FULL', 'NORMAL', 'FASTER', 'MEC_USED', 'AFFLICTED', 'CLEAN', 'NEUTRAL', 'NEUTRAL', 'CLEAR', 'CLEAR', 'CLUTCH', 'BANCO_VAZIO')",81,8,9,88.889,ATTACK_STRONG,44.444,1.657016,5.2436
"('TANK', 'TANK', 'OFFENSIVE_ADV', 'FULL', 'FULL', 'NORMAL', 'FASTER', 'MEC_USED', 'AFFLICTED', 'CLEAN', 'NEUTRAL', 'BUFFED', 'SET', 'CLEAR', 'CLUTCH', 'BANCO_VAZIO')",81,4,4,100.000,CLEAN_HAZARD,91.358,0.387421,1.4732
"('UTILITY', 'TANK', 'VOLATILE', 'FULL', 'FULL', 'NORMAL', 'FASTER', 'MEC_USED', 'CLEAN', 'CLEAN', 'NEUTRAL', 'NEUTRAL', 'CLEAR', 'CLEAR', 'OPENING', 'BANCO_AMBOS')",81,7,8,87.500,ATTACK_STRONG,32.099,1.622961,5.0681
"('TANK', 'TANK', 'VOLATILE', 'FULL', 'FULL', 'FIELD_OURS_DEF', 'SLOWER', 'MEC_USED', 'CLEAN', 'CLEAN', 'NEUTRAL', 'NEUTRAL', 'CLEAR', 'CLEAR', 'OPENING', 'BANCO_AMBOS')",81,4,6,66.667,ATTACK_STRONG,59.259,1.087907,2.9681
"('TANK', 'TANK', 'OFFENSIVE_DIS', 'SAFE', 'FULL', 'NORMAL', 'FASTER', 'MEC_USED', 'CLEAN', 'CLEAN', 'NEUTRAL', 'NEUTRAL', 'SET', 'CLEAR', 'OPENING', 'BANCO_OFF')",81,15,17,88.235,HEAL,34.568,2.142787,8.5232
"('TANK', 'TANK', 'NEUTRAL', 'FULL', 'FULL', 'FIELD_THEIRS', 'FASTER', 'MEC_AVAIL', 'CLEAN', 'CLEAN', 'NEUTRAL', 'NEUTRAL', 'CLEAR', 'CLEAR', 'OPENING', 'BANCO_AMBOS')",81,17,20,85.000,ATTACK_TECH_MEC,20.988,2.570455,13.0718
"('TANK', 'TANK', 'NEUTRAL', 'SAFE', 'SAFE', 'FIELD_SHARED', 'SLOWER', 'MEC_USED', 'CLEAN', 'CLEAN', 'NEUTRAL', 'NEUTRAL', 'CLEAR', 'CLEAR', 'OPENING', 'BANCO_OFF')",81,11,15,73.333,ATTACK_PREDICTIVE,25.926,2.102950,8.1903
"('TANK', 'TANK', 'NEUTRAL', 'FULL', 'FULL', 'NORMAL', 'FASTER', 'MEC_USED', 'AFFLICTED', 'CLEAN', 'NEUTRAL', 'NEUTRAL', 'SET', 'SET', 'CLUTCH', 'BANCO_VAZIO')",81,6,9,66.667,STATUS,53.086,1.243843,3.4689
"('TANK', 'TANK', 'NEUTRAL', 'SAFE', 'SAFE', 'NORMAL', 'SLOWER', 'MEC_USED', 'CLEAN', 'CLEAN', 'NEUTRAL', 'NEUTRAL', 'CLEAR', 'SET', 'OPENING', 'BANCO_OFF')",80,14,14,100.000,STATUS,31.250,1.946102,7.0013
"('TANK', 'TANK', 'NEUTRAL', 'FULL', 'FULL', 'NORMAL', 'FASTER', 'MEC_USED', 'AFFLICTED', 'CLEAN', 'NEUTRAL', 'NEUTRAL', 'CLEAR', 'CLEAR', 'RECOVERING', 'BANCO_VAZIO')",80,11,11,100.000,ATTACK_STRONG,27.500,1.993491,7.3411
"('SWEEPER', 'TANK', 'OFFENSIVE_ADV', 'SAFE', 'FULL', 'NORMAL', 'FASTER', 'MEC_USED', 'CLEAN', 'CLEAN', 'NEUTRAL', 'NEUTRAL', 'CLEAR', 'CLEAR', 'OPENING', 'BANCO_OFF')",80,10,10,100.000,ATTACK_PREDICTIVE,22.500,2.135131,8.4582
"('TANK', 'TANK', 'DEFENSIVE_DIS', 'FULL', 'FULL', 'FIELD_OURS_OFF', 'SLOWER', 'MEC_USED', 'CLEAN', 'CLEAN', 'NEUTRAL', 'NEUTRAL', 'CLEAR', 'CLEAR', 'OPENING', 'BANCO_OFF')",79,9,9,100.000,ATTACK_TECH,21.519,2.044714,7.7269
"('TANK', 'UTILITY', 'NEUTRAL', 'FULL', 'FULL', 'NORMAL', 'SLOWER', 'MEC_USED', 'CLEAN', 'CLEAN', 'NEUTRAL', 'NEUTRAL', 'CLEAR', 'CLEAR', 'OPENING', 'BANCO_AMBOS')",79,13,13,100.000,STATUS,20.253,2.350267,10.4884
"('UTILITY', 'TANK', 'NEUTRAL', 'FULL', 'FULL', 'FIELD_THEIRS', 'FASTER', 'MEC_USED', 'CLEAN', 'CLEAN', 'NEUTRAL', 'NEUTRAL', 'CLEAR', 'CLEAR', 'OPENING', 'BANCO_AMBOS')",79,10,10,100.000,SWITCH_DEFENSIVE,22.785,2.014532,7.4972
"('UTILITY', 'TANK', 'OFFENSIVE_ADV', 'FULL', 'FULL', 'FIELD_THEIRS', 'SLOWER', 'MEC_USED', 'CLEAN', 'CLEAN', 'NEUTRAL', 'NEUTRAL', 'CLEAR', 'CLEAR', 'OPENING', 'BANCO_AMBOS')",79,8,8,100.000,ATTACK_PIVOT,21.519,1.976461,7.2172
"('TANK', 'TANK', 'OFFENSIVE_ADV', 'FULL', 'FULL', 'NORMAL', 'SLOWER', 'MEC_AVAIL', 'CLEAN', 'CLEAN', 'NEUTRAL', 'NEUTRAL', 'CLEAR', 'CLEAR', 'OPENING', 'BANCO_OFF')",78,13,20,65.000,ATTACK_STRONG,16.667,2.289723,9.8722
"('TANK', 'SWEEPER', 'DEFENSIVE_DIS', 'FULL', 'FULL', 'FIELD_THEIRS', 'SLOWER', 'MEC_USED', 'CLEAN', 'CLEAN', 'NEUTRAL', 'NEUTRAL', 'CLEAR', 'CLEAR', 'OPENING', 'BANCO_OFF')",78,11,11,100.000,ATTACK_STRONG,21.795,2.156181,8.6381
"('TANK', 'TANK', 'OFFENSIVE_ADV', 'FULL', 'FULL', 'FIELD_SHARED', 'FASTER', 'MEC_USED', 'CLEAN', 'CLEAN', 'NEUTRAL', 'NEUTRAL', 'SET', 'CLEAR', 'OPENING', 'BANCO_OFF')",78,12,14,85.714,HEAL,14.103,2.410746,11.1423
"('TANK', 'TANK', 'STALEMATE', 'FULL', 'FULL', 'FIELD_SHARED', 'SLOWER', 'MEC_USED', 'CLEAN', 'CLEAN', 'NEUTRAL', 'NEUTRAL', 'CLEAR', 'CLEAR', 'OPENING', 'BANCO_OFF')",78,14,14,100.000,SWITCH_DEFENSIVE,33.333,2.157338,8.6481
"('TANK', 'TANK', 'NEUTRAL', 'SAFE', 'SAFE', 'NORMAL', 'SLOWER', 'MEC_USED', 'CLEAN', 'CLEAN', 'NEUTRAL', 'NEUTRAL', 'CLEAR', 'SET', 'RECOVERING', 'BANCO_VAZIO')",78,12,13,92.308,STAT_CLEAN,17.949,2.301526,9.9894
"('TANK', 'TANK', 'OFFENSIVE_DIS', 'FULL', 'FULL', 'FIELD_SHARED', 'FASTER', 'MEC_USED', 'CLEAN', 'CLEAN', 'NEUTRAL', 'NEUTRAL', 'CLEAR', 'CLEAR', 'OPENING', 'BANCO_AMBOS')",78,13,14,92.857,BARRIER,17.949,2.460417,11.7097
"('TANK', 'SWEEPER', 'OFFENSIVE_DIS', 'SAFE', 'FULL', 'NORMAL', 'SLOWER', 'MEC_USED', 'CLEAN', 'CLEAN', 'NEUTRAL', 'NEUTRAL', 'CLEAR', 'CLEAR', 'OPENING', 'BANCO_OFF')",77,14,14,100.000,STATUS,19.481,2.419918,11.2449
"('TANK', 'SWEEPER', 'NEUTRAL', 'SAFE', 'FULL', 'NORMAL', 'SLOWER', 'MEC_USED', 'CLEAN', 'CLEAN', 'NEUTRAL', 'NEUTRAL', 'CLEAR', 'CLEAR', 'OPENING', 'BANCO_OFF')",77,14,14,100.000,ATTACK_PIVOT,24.675,2.345724,10.4408
"('TANK', 'SWEEPER', 'NEUTRAL', 'FULL', 'FULL', 'NORMAL', 'SLOWER', 'MEC_AVAIL', 'CLEAN', 'CLEAN', 'NEUTRAL', 'NEUTRAL', 'CLEAR', 'CLEAR', 'OPENING', 'BANCO_AMBOS')",77,16,20,80.000,BUFF_MEC,15.584,2.448791,11.5743
"('TANK', 'TANK', 'VOLATILE', 'SAFE', 'SAFE', 'NORMAL', 'FASTER', 'MEC_USED', 'CLEAN', 'CLEAN', 'NEUTRAL', 'NEUTRAL', 'CLEAR', 'CLEAR', 'OPENING', 'BANCO_OFF')",77,12,13,92.308,HEAL,24.675,2.224048,9.2447
"('TANK', 'TANK', 'OFFENSIVE_ADV', 'FULL', 'FULL', 'FIELD_SHARED', 'FASTER', 'MEC_AVAIL', 'CLEAN', 'CLEAN', 'NEUTRAL', 'NEUTRAL', 'CLEAR', 'CLEAR', 'OPENING', 'BANCO_AMBOS')",77,14,18,77.778,ATTACK_STRONG_MEC,24.675,2.213712,9.1496
"('TANK', 'TANK', 'NEUTRAL', 'SAFE', 'SAFE', 'NORMAL', 'SLOWER', 'MEC_USED', 'CLEAN', 'CLEAN', 'NEUTRAL', 'NEUTRAL', 'SET', 'SET', 'CLUTCH', 'BANCO_VAZIO')",77,5,15,33.333,HEAL,62.338,1.035214,2.8157
"('TANK', 'TANK', 'OFFENSIVE_DIS', 'FULL', 'CRIT', 'NORMAL', 'FASTER', 'MEC_USED', 'AFFLICTED', 'CLEAN', 'NEUTRAL', 'NEUTRAL', 'CLEAR', 'CLEAR', 'RECOVERING', 'BANCO_VAZIO')",77,7,9,77.778,ATTACK_STRONG,41.558,1.443738,4.2365
"('TANK', 'TANK', 'OFFENSIVE_DIS', 'FULL', 'SAFE', 'NORMAL', 'SLOWER', 'MEC_USED', 'CLEAN', 'CLEAN', 'NEUTRAL', 'NEUTRAL', 'SET', 'SET', 'OPENING', 'BANCO_OFF')",77,13,14,92.857,STAT_CLEAN,77.922,1.056593,2.8766
"('TANK', 'UTILITY', 'DEFENSIVE_DIS', 'FULL', 'FULL', 'FIELD_OURS_OFF', 'SLOWER', 'MEC_USED', 'CLEAN', 'CLEAN', 'NEUTRAL', 'NEUTRAL', 'CLEAR', 'CLEAR', 'OPENING', 'BANCO_AMBOS')",76,9,9,100.000,ATTACK_TECH,30.263,1.929023,6.8828
"('TANK', 'TANK', 'CRITICAL_DIS', 'FULL', 'FULL', 'FIELD_THEIRS', 'SLOWER', 'MEC_USED', 'CLEAN', 'CLEAN', 'NEUTRAL', 'NEUTRAL', 'CLEAR', 'CLEAR', 'OPENING', 'BANCO_OFF')",76,16,16,100.000,BARRIER,22.368,2.461180,11.7186
"('TANK', 'TANK', 'DOMINANT', 'SAFE', 'FULL', 'NORMAL', 'FASTER', 'MEC_USED', 'CLEAN', 'CLEAN', 'NEUTRAL', 'NEUTRAL', 'CLEAR', 'CLEAR', 'OPENING', 'BANCO_OFF')",76,12,12,100.000,ATTACK_STRONG,22.368,2.196893,8.9970
"('TANK', 'TANK', 'OFFENSIVE_ADV', 'SAFE', 'SAFE', 'NORMAL', 'FASTER', 'MEC_USED', 'CLEAN', 'CLEAN', 'NEUTRAL', 'NEUTRAL', 'SET', 'CLEAR', 'OPENING', 'BANCO_OFF')",76,15,15,100.000,SWITCH_OFFENSIVE,23.684,2.406657,11.0968
"('TANK', 'TANK', 'OFFENSIVE_ADV', 'FULL', 'SAFE', 'FIELD_THEIRS', 'SLOWER', 'MEC_USED', 'CLEAN', 'CLEAN', 'NEUTRAL', 'NEUTRAL', 'CLEAR', 'CLEAR', 'OPENING', 'BANCO_OFF')",76,14,14,100.000,SWITCH_DEFENSIVE,15.789,2.474238,11.8727
"('TANK', 'TANK', 'OFFENSIVE_DIS', 'FULL', 'FULL', 'FIELD_THEIRS', 'SLOWER', 'MEC_USED', 'CLEAN', 'CLEAN', 'NEUTRAL', 'NEUTRAL', 'CLEAR', 'CLEAR', 'OPENING', 'BANCO_AMBOS')",76,9,12,75.000,SWITCH_DEFENSIVE,51.316,1.360021,3.8963
"('TANK', 'TANK', 'NEUTRAL', 'FULL', 'FULL', 'NORMAL', 'SLOWER', 'MEC_USED', 'CLEAN', 'CLEAN', 'NEUTRAL', 'NEUTRAL', 'CLEAR', 'SET', 'RECOVERING', 'BANCO_VAZIO')",76,10,13,76.923,STAT_CLEAN,50.000,1.563277,4.7744
"('UTILITY', 'TANK', 'NEUTRAL', 'FULL', 'FULL', 'NORMAL', 'FASTER', 'MEC_USED', 'CLEAN', 'CLEAN', 'NEUTRAL', 'NEUTRAL', 'CLEAR', 'CLEAR', 'OPENING', 'BANCO_OFF')",75,9,9,100.000,ATTACK_PREDICTIVE,26.667,1.982438,7.2604
"('TANK', 'TANK', 'DEFENSIVE_ADV', 'FULL', 'FULL', 'NORMAL', 'FASTER', 'MEC_USED', 'CLEAN', 'CLEAN', 'NEUTRAL', 'NEUTRAL', 'CLEAR', 'CLEAR', 'OPENING', 'BANCO_AMBOS')",75,13,13,100.000,STATUS,14.667,2.395381,10.9724
"('TANK', 'TANK', 'NEUTRAL', 'SAFE', 'SAFE', 'NORMAL', 'SLOWER', 'MEC_USED', 'CLEAN', 'CLEAN', 'NEUTRAL', 'NEUTRAL', 'CLEAR', 'CLEAR', 'OPENING', 'BANCO_AMBOS')",75,13,15,86.667,SWITCH_DEFENSIVE,30.667,2.015614,7.5053
"('TANK', 'TANK', 'NEUTRAL', 'FULL', 'FULL', 'NORMAL', 'FASTER', 'MEC_USED', 'CLEAN', 'CLEAN', 'NEUTRAL', 'NEUTRAL', 'CLEAR', 'CLEAR', 'OPENING', 'BANCO_DEF')",75,11,15,73.333,SWITCH_OFFENSIVE,42.667,1.804901,6.0794
"('TANK', 'TANK', 'NEUTRAL', 'FULL', 'SAFE', 'NORMAL', 'SLOWER', 'MEC_USED', 'CLEAN', 'CLEAN', 'NEUTRAL', 'NEUTRAL', 'CLEAR', 'SET', 'CLUTCH', 'BANCO_VAZIO')",75,3,14,21.429,ATTACK_STRONG,85.333,0.461563,1.5866
"('TANK', 'SWEEPER', 'DEFENSIVE_DIS', 'FULL', 'FULL', 'FIELD_SHARED', 'SLOWER', 'MEC_USED', 'CLEAN', 'CLEAN', 'NEUTRAL', 'NEUTRAL', 'CLEAR', 'CLEAR', 'OPENING', 'BANCO_OFF')",74,12,12,100.000,SWITCH_OFFENSIVE,29.730,2.051108,7.7765
"('SWEEPER', 'TANK', 'CRITICAL_DIS', 'FULL', 'FULL', 'NORMAL', 'FASTER', 'MEC_USED', 'CLEAN', 'CLEAN', 'NEUTRAL', 'NEUTRAL', 'CLEAR', 'CLEAR', 'OPENING', 'BANCO_AMBOS')",74,7,8,87.500,SWITCH_DEFENSIVE,27.027,1.706726,5.5109
"('TANK', 'TANK', 'VOLATILE', 'FULL', 'FULL', 'FIELD_OURS_OFF', 'SLOWER', 'MEC_USED', 'CLEAN', 'CLEAN', 'NEUTRAL', 'NEUTRAL', 'CLEAR', 'CLEAR', 'OPENING', 'BANCO_AMBOS')",73,10,10,100.000,ATTACK_STRONG,41.096,1.761934,5.8237
"('TANK', 'TANK', 'OFFENSIVE_DIS', 'SAFE', 'SAFE', 'NORMAL', 'SLOWER', 'MEC_USED', 'CLEAN', 'CLEAN', 'NEUTRAL', 'NEUTRAL', 'CLEAR', 'SET', 'RECOVERING', 'BANCO_VAZIO')",73,11,13,84.615,ATTACK_TECH,39.726,1.868601,6.4792
"('TANK', 'SWEEPER', 'NEUTRAL', 'FULL', 'FULL', 'FIELD_SHARED', 'SLOWER', 'MEC_USED', 'CLEAN', 'CLEAN', 'NEUTRAL', 'NEUTRAL', 'CLEAR', 'CLEAR', 'OPENING', 'BANCO_OFF')",73,14,14,100.000,BARRIER,20.548,2.483435,11.9823
"('TANK', 'TANK', 'OFFENSIVE_DIS', 'FULL', 'FULL', 'NORMAL', 'SLOWER', 'MEC_USED', 'CLEAN', 'CLEAN', 'NEUTRAL', 'NEUTRAL', 'CLEAR', 'CLEAR', 'RECOVERING', 'BANCO_VAZIO')",73,15,15,100.000,STATUS,21.918,2.315144,10.1264
"('TANK', 'TANK', 'OFFENSIVE_DIS', 'FULL', 'FULL', 'NORMAL', 'FASTER', 'MEC_USED', 'AFFLICTED', 'CLEAN', 'NEUTRAL', 'NEUTRAL', 'CLEAR', 'CLEAR', 'RECOVERING', 'BANCO_VAZIO')",72,10,10,100.000,ATTACK_PIVOT,34.722,1.904783,6.7180
"('SWEEPER', 'TANK', 'OFFENSIVE_ADV', 'FULL', 'FULL', 'FIELD_OURS_OFF', 'FASTER', 'MEC_USED', 'CLEAN', 'CLEAN', 'NEUTRAL', 'NEUTRAL', 'CLEAR', 'CLEAR', 'OPENING', 'BANCO_OFF')",72,11,11,100.000,SWITCH_OFFENSIVE,45.833,1.745435,5.7284
"('TANK', 'TANK', 'NEUTRAL', 'SAFE', 'SAFE', 'NORMAL', 'FASTER', 'MEC_USED', 'CLEAN', 'CLEAN', 'NEUTRAL', 'NEUTRAL', 'SET', 'CLEAR', 'OPENING', 'BANCO_VAZIO')",72,13,14,92.857,CLEAN_HAZARD,16.667,2.338141,10.3620
"('TANK', 'TANK', 'DOMINANT', 'FULL', 'FULL', 'NORMAL', 'FASTER', 'MEC_AVAIL', 'CLEAN', 'CLEAN', 'NEUTRAL', 'NEUTRAL', 'CLEAR', 'CLEAR', 'OPENING', 'BANCO_OFF')",72,17,20,85.000,ATTACK_STRONG_MEC,23.611,2.423271,11.2827
"('TANK', 'UTILITY', 'OFFENSIVE_DIS', 'FULL', 'FULL', 'NORMAL', 'SLOWER', 'MEC_USED', 'CLEAN', 'CLEAN', 'NEUTRAL', 'NEUTRAL', 'CLEAR', 'CLEAR', 'OPENING', 'BANCO_OFF')",72,15,15,100.000,STAT_CLEAN,12.500,2.578112,13.1722
"('TANK', 'TANK', 'VOLATILE', 'SAFE', 'FULL', 'NORMAL', 'SLOWER', 'MEC_USED', 'CLEAN', 'CLEAN', 'NEUTRAL', 'NEUTRAL', 'SET', 'CLEAR', 'OPENING', 'BANCO_OFF')",72,12,13,92.308,HEAL,61.111,1.474148,4.3673
"('TANK', 'TANK', 'CRITICAL_DIS', 'FULL', 'FULL', 'NORMAL', 'FASTER', 'MEC_USED', 'AFFLICTED', 'AFFLICTED', 'NEUTRAL', 'DEBUFF', 'CLEAR', 'SET', 'RECOVERING', 'BANCO_VAZIO')",72,3,4,75.000,HAZARD,51.389,0.892123,2.4403
"('TANK', 'TANK', 'OFFENSIVE_ADV', 'FULL', 'FULL', 'NORMAL', 'FASTER', 'MEC_USED', 'CLEAN', 'CLEAN', 'NEUTRAL', 'NEUTRAL', 'CLEAR', 'SET', 'OPENING', 'BANCO_OFF')",71,12,13,92.308,BUFF,18.310,2.215626,9.1671
"('TANK', 'TANK', 'OFFENSIVE_ADV', 'SAFE', 'SAFE', 'NORMAL', 'SLOWER', 'MEC_USED', 'CLEAN', 'CLEAN', 'NEUTRAL', 'NEUTRAL', 'SET', 'CLEAR', 'OPENING', 'BANCO_OFF')",71,13,13,100.000,ATTACK_PREDICTIVE,16.901,2.369643,10.6936
"('TANK', 'TANK', 'DOMINANT', 'FULL', 'SAFE', 'NORMAL', 'FASTER', 'MEC_USED', 'CLEAN', 'CLEAN', 'NEUTRAL', 'NEUTRAL', 'CLEAR', 'CLEAR', 'OPENING', 'BANCO_AMBOS')",71,13,14,92.857,ATTACK_STRONG,23.944,2.196297,8.9917
"('TANK', 'TANK', 'OFFENSIVE_ADV', 'FULL', 'FULL', 'NORMAL', 'FASTER', 'MEC_USED', 'CLEAN', 'CLEAN', 'NEUTRAL', 'NEUTRAL', 'SET', 'CLEAR', 'OPENING', 'BANCO_AMBOS')",71,13,14,92.857,SWITCH_OFFENSIVE,15.493,2.359982,10.5908
"('TANK', 'SWEEPER', 'NEUTRAL', 'FULL', 'FULL', 'FIELD_OURS_OFF', 'SLOWER', 'MEC_USED', 'CLEAN', 'CLEAN', 'NEUTRAL', 'NEUTRAL', 'CLEAR', 'CLEAR', 'OPENING', 'BANCO_OFF')",71,11,11,100.000,ATTACK_PIVOT,25.352,2.137160,8.4753
"('TANK', 'TANK', 'DEFENSIVE_DIS', 'SAFE', 'FULL', 'NORMAL', 'SLOWER', 'MEC_USED', 'CLEAN', 'CLEAN', 'NEUTRAL', 'NEUTRAL', 'CLEAR', 'CLEAR', 'OPENING', 'BANCO_AMBOS')",71,11,13,84.615,SWITCH_DEFENSIVE,54.930,1.479497,4.3907
"('TANK', 'SWEEPER', 'NEUTRAL', 'FULL', 'FULL', 'NORMAL', 'SLOWER', 'MEC_USED', 'CLEAN', 'CLEAN', 'NEUTRAL', 'NEUTRAL', 'CLEAR', 'CLEAR', 'OPENING', 'BANCO_VAZIO')",71,12,13,92.308,ATTACK_PREDICTIVE,32.394,2.070272,7.9270
"('TANK', 'TANK', 'NEUTRAL', 'SAFE', 'FULL', 'NORMAL', 'FASTER', 'MEC_AVAIL', 'CLEAN', 'CLEAN', 'NEUTRAL', 'NEUTRAL', 'CLEAR', 'CLEAR', 'OPENING', 'BANCO_OFF')",71,18,22,81.818,HEAL_MEC,32.394,2.405290,11.0816
"('TANK', 'TANK', 'NEUTRAL', 'FULL', 'FULL', 'NORMAL', 'FASTER', 'MEC_USED', 'CLEAN', 'CLEAN', 'NEUTRAL', 'NEUTRAL', 'SET', 'CLEAR', 'OPENING', 'BANCO_AMBOS')",71,14,15,93.333,CLEAN_HAZARD,26.761,2.244367,9.4344
"('TANK', 'TANK', 'OFFENSIVE_ADV', 'FULL', 'FULL', 'NORMAL', 'SLOWER', 'MEC_USED', 'CLEAN', 'CLEAN', 'NEUTRAL', 'NEUTRAL', 'CLEAR', 'CLEAR', 'OPENING', 'BANCO_VAZIO')",71,13,13,100.000,ATTACK_TECH,14.085,2.438991,11.4615
"('UTILITY', 'TANK', 'OFFENSIVE_ADV', 'FULL', 'FULL', 'FIELD_THEIRS', 'FASTER', 'MEC_USED', 'CLEAN', 'CLEAN', 'NEUTRAL', 'NEUTRAL', 'CLEAR', 'CLEAR', 'OPENING', 'BANCO_AMBOS')",70,9,9,100.000,SWITCH_OFFENSIVE,45.714,1.676279,5.3456
"('TANK', 'TANK', 'DEFENSIVE_DIS', 'FULL', 'SAFE', 'NORMAL', 'FASTER', 'MEC_USED', 'CLEAN', 'CLEAN', 'NEUTRAL', 'NEUTRAL', 'CLEAR', 'CLEAR', 'OPENING', 'BANCO_AMBOS')",70,11,12,91.667,SWITCH_DEFENSIVE,31.429,2.008824,7.4545
"('TANK', 'TANK', 'DEFENSIVE_DIS', 'FULL', 'FULL', 'FIELD_SHARED', 'SLOWER', 'MEC_USED', 'CLEAN', 'CLEAN', 'NEUTRAL', 'NEUTRAL', 'CLEAR', 'CLEAR', 'OPENING', 'BANCO_OFF')",70,13,15,86.667,SWITCH_OFFENSIVE,17.143,2.309052,10.0649
"('TANK', 'SWEEPER', 'DEFENSIVE_DIS', 'FULL', 'FULL', 'FIELD_SHARED', 'SLOWER', 'MEC_USED', 'CLEAN', 'CLEAN', 'NEUTRAL', 'NEUTRAL', 'CLEAR', 'CLEAR', 'OPENING', 'BANCO_AMBOS')",70,8,13,61.538,ATTACK_STRONG,45.714,1.528901,4.6131
"('TANK', 'TANK', 'OFFENSIVE_ADV', 'FULL', 'SAFE', 'NORMAL', 'FASTER', 'MEC_USED', 'CLEAN', 'CLEAN', 'NEUTRAL', 'NEUTRAL', 'SET', 'CLEAR', 'OPENING', 'BANCO_AMBOS')",70,10,12,83.333,CLEAN_HAZARD,71.429,1.140777,3.1292
"('TANK', 'TANK', 'DOMINANT', 'FULL', 'FULL', 'NORMAL', 'FASTER', 'MEC_USED', 'CLEAN', 'CLEAN', 'NEUTRAL', 'NEUTRAL', 'SET', 'CLEAR', 'OPENING', 'BANCO_AMBOS')",70,13,14,92.857,ATTACK_PREDICTIVE,18.571,2.380779,10.8133
"('TANK', 'TANK', 'VOLATILE', 'FULL', 'FULL', 'NORMAL', 'SLOWER', 'MEC_USED', 'CLEAN', 'CLEAN', 'NEUTRAL', 'NEUTRAL', 'CLEAR', 'CLEAR', 'OPENING', 'BANCO_AMBOS')",69,14,14,100.000,ATTACK_STRONG,28.986,2.299548,9.9697
"('SWEEPER', 'TANK', 'DEFENSIVE_DIS', 'FULL', 'FULL', 'NORMAL', 'FASTER', 'MEC_USED', 'CLEAN', 'CLEAN', 'NEUTRAL', 'NEUTRAL', 'CLEAR', 'CLEAR', 'OPENING', 'BANCO_OFF')",69,9,9,100.000,SWITCH_OFFENSIVE,30.435,1.988198,7.3024
"('TANK', 'TANK', 'DEFENSIVE_DIS', 'DANGER', 'DANGER', 'NORMAL', 'FASTER', 'MEC_USED', 'CLEAN', 'CLEAN', 'NEUTRAL', 'NEUTRAL', 'SET', 'CLEAR', 'RECOVERING', 'BANCO_VAZIO')",69,7,9,77.778,SWITCH_DEFENSIVE,85.507,0.659568,1.9340
"('TANK', 'TANK', 'OFFENSIVE_ADV', 'DANGER', 'FULL', 'NORMAL', 'FASTER', 'MEC_USED', 'CLEAN', 'CLEAN', 'NEUTRAL', 'NEUTRAL', 'CLEAR', 'CLEAR', 'OPENING', 'BANCO_OFF')",69,13,13,100.000,SWITCH_DEFENSIVE,18.841,2.351759,10.5040
"('TANK', 'TANK', 'OFFENSIVE_DIS', 'FULL', 'SAFE', 'NORMAL', 'SLOWER', 'MEC_USED', 'CLEAN', 'CLEAN', 'NEUTRAL', 'NEUTRAL', 'CLEAR', 'SET', 'RECOVERING', 'BANCO_VAZIO')",69,12,12,100.000,ATTACK_TECH,26.087,2.042824,7.7124
"('TANK', 'TANK', 'NEUTRAL', 'SAFE', 'FULL', 'NORMAL', 'SLOWER', 'MEC_USED', 'CLEAN', 'CLEAN', 'NEUTRAL', 'NEUTRAL', 'CLEAR', 'SET', 'RECOVERING', 'BANCO_VAZIO')",69,12,14,85.714,ATTACK_STRONG,36.232,1.892413,6.6354
"('TANK', 'TANK', 'OFFENSIVE_ADV', 'SAFE', 'SAFE', 'NORMAL', 'FASTER', 'MEC_USED', 'CLEAN', 'CLEAN', 'NEUTRAL', 'NEUTRAL', 'SET', 'SET', 'OPENING', 'BANCO_OFF')",68,12,14,85.714,ATTACK_STRONG,52.941,1.719726,5.5830
"('TANK', 'TANK', 'NEUTRAL', 'FULL', 'FULL', 'NORMAL', 'FASTER', 'MEC_USED', 'CLEAN', 'CLEAN', 'NEUTRAL', 'NEUTRAL', 'CLEAR', 'CLEAR', 'BRAWL', 'BANCO_OFF')",68,11,15,73.333,ATTACK_TECH,22.059,2.173877,8.7923
"('TANK', 'TANK', 'OFFENSIVE_DIS', 'FULL', 'FULL', 'NORMAL', 'SLOWER', 'MEC_USED', 'CLEAN', 'CLEAN', 'NEUTRAL', 'NEUTRAL', 'SET', 'CLEAR', 'OPENING', 'BANCO_OFF')",68,14,15,93.333,SWITCH_DEFENSIVE,16.176,2.350781,10.4938
"('TANK', 'UTILITY', 'NEUTRAL', 'SAFE', 'FULL', 'NORMAL', 'SLOWER', 'MEC_USED', 'CLEAN', 'CLEAN', 'NEUTRAL', 'NEUTRAL', 'CLEAR', 'CLEAR', 'OPENING', 'BANCO_OFF')",68,13,14,92.857,HEAL,23.529,2.252122,9.5079
"('TANK', 'TANK', 'DOMINANT', 'FULL', 'FULL', 'FIELD_OURS_DEF', 'FASTER', 'MEC_USED', 'CLEAN', 'CLEAN', 'NEUTRAL', 'NEUTRAL', 'CLEAR', 'CLEAR', 'OPENING', 'BANCO_AMBOS')",68,2,7,28.571,ATTACK_STRONG,97.059,0.132691,1.1419
"('TANK', 'TANK', 'NEUTRAL', 'SAFE', 'FULL', 'NORMAL', 'FASTER', 'MEC_USED', 'AFFLICTED', 'AFFLICTED', 'DEBUFF', 'NEUTRAL', 'CLEAR', 'CLEAR', 'CLUTCH', 'BANCO_VAZIO')",68,5,7,71.429,ATTACK_STRONG,47.059,1.348506,3.8517
"('TANK', 'TANK', 'NEUTRAL', 'SAFE', 'SAFE', 'NORMAL', 'SLOWER', 'MEC_USED', 'CLEAN', 'CLEAN', 'NEUTRAL', 'NEUTRAL', 'CLEAR', 'CLEAR', 'RECOVERING', 'BANCO_VAZIO')",68,12,12,100.000,HEAL,19.118,2.290936,9.8842
"('TANK', 'SWEEPER', 'OFFENSIVE_ADV', 'FULL', 'FULL', 'NORMAL', 'SLOWER', 'MEC_AVAIL', 'CLEAN', 'CLEAN', 'NEUTRAL', 'NEUTRAL', 'CLEAR', 'CLEAR', 'OPENING', 'BANCO_OFF')",67,16,18,88.889,ATTACK_STRONG_MEC,55.224,1.797652,6.0355
"('SWEEPER', 'SWEEPER', 'OFFENSIVE_ADV', 'FULL', 'FULL', 'FIELD_THEIRS', 'FASTER', 'MEC_USED', 'CLEAN', 'CLEAN', 'NEUTRAL', 'DEBUFF', 'CLEAR', 'CLEAR', 'OPENING', 'BANCO_AMBOS')",67,3,5,60.000,ATTACK_STRONG,95.522,0.211337,1.2353
"('TANK', 'TANK', 'OFFENSIVE_ADV', 'FULL', 'FULL', 'NORMAL', 'FASTER', 'MEC_USED', 'CLEAN', 'CLEAN', 'NEUTRAL', 'DEBUFF', 'CLEAR', 'CLEAR', 'OPENING', 'BANCO_OFF')",67,10,11,90.909,ATTACK_STRONG,26.866,2.044048,7.7218
"('TANK', 'UTILITY', 'CRITICAL_DIS', 'FULL', 'FULL', 'NORMAL', 'SLOWER', 'MEC_USED', 'CLEAN', 'CLEAN', 'NEUTRAL', 'NEUTRAL', 'CLEAR', 'CLEAR', 'OPENING', 'BANCO_AMBOS')",67,8,12,66.667,ATTACK_TECH,62.687,1.151941,3.1643
"('TANK', 'TANK', 'NEUTRAL', 'FULL', 'FULL', 'FIELD_THEIRS', 'SLOWER', 'MEC_AVAIL', 'CLEAN', 'CLEAN', 'NEUTRAL', 'NEUTRAL', 'CLEAR', 'CLEAR', 'OPENING', 'BANCO_OFF')",67,15,18,83.333,SWITCH_DEFENSIVE,16.418,2.487156,12.0270
"('TANK', 'TANK', 'VOLATILE', 'FULL', 'FULL', 'NORMAL', 'SLOWER', 'MEC_USED', 'CLEAN', 'CLEAN', 'NEUTRAL', 'NEUTRAL', 'CLEAR', 'CLEAR', 'OPENING', 'BANCO_OFF')",67,12,14,85.714,ATTACK_PREDICTIVE,28.358,2.011173,7.4721
"('TANK', 'TANK', 'NEUTRAL', 'SAFE', 'FULL', 'NORMAL', 'SLOWER', 'MEC_USED', 'CLEAN', 'CLEAN', 'NEUTRAL', 'NEUTRAL', 'CLEAR', 'SET', 'OPENING', 'BANCO_OFF')",67,8,13,61.538,STAT_CLEAN,43.284,1.653186,5.2236
"('TANK', 'TANK', 'DEFENSIVE_DIS', 'FULL', 'FULL', 'NORMAL', 'SLOWER', 'MEC_USED', 'CLEAN', 'AFFLICTED', 'NEUTRAL', 'NEUTRAL', 'SET', 'SET', 'CLUTCH', 'BANCO_VAZIO')",66,8,8,100.000,PROTECT,34.848,1.588424,4.8960
"('TANK', 'TANK', 'NEUTRAL', 'SAFE', 'SAFE', 'NORMAL', 'FASTER', 'MEC_USED', 'AFFLICTED', 'CLEAN', 'NEUTRAL', 'NEUTRAL', 'CLEAR', 'CLEAR', 'RECOVERING', 'BANCO_VAZIO')",66,11,12,91.667,HEAL,33.333,1.935593,6.9281
"('SWEEPER', 'TANK', 'OFFENSIVE_ADV', 'FULL', 'FULL', 'NORMAL', 'FASTER', 'MEC_USED', 'CLEAN', 'CLEAN', 'NEUTRAL', 'DEBUFF', 'SET', 'CLEAR', 'OPENING', 'BANCO_OFF')",66,8,8,100.000,CLEAN_HAZARD,27.273,1.954975,7.0637
"('TANK', 'TANK', 'NEUTRAL', 'SAFE', 'FULL', 'NORMAL', 'SLOWER', 'MEC_USED', 'CLEAN', 'CLEAN', 'NEUTRAL', 'NEUTRAL', 'SET', 'CLEAR', 'OPENING', 'BANCO_OFF')",66,15,15,100.000,STAT_CLEAN,16.667,2.529430,12.5464
"('TANK', 'TANK', 'DEFENSIVE_DIS', 'FULL', 'FULL', 'FIELD_OURS_DEF', 'SLOWER', 'MEC_USED', 'CLEAN', 'CLEAN', 'NEUTRAL', 'NEUTRAL', 'CLEAR', 'CLEAR', 'OPENING', 'BANCO_AMBOS')",66,6,7,85.714,ATTACK_STRONG,31.818,1.570971,4.8113
"('TANK', 'TANK', 'OFFENSIVE_DIS', 'SAFE', 'FULL', 'NORMAL', 'SLOWER', 'MEC_USED', 'CLEAN', 'CLEAN', 'NEUTRAL', 'NEUTRAL', 'CLEAR', 'CLEAR', 'RECOVERING', 'BANCO_VAZIO')",66,15,15,100.000,HEAL,13.636,2.546292,12.7597
"('TANK', 'TANK', 'NEUTRAL', 'SAFE', 'FULL', 'NORMAL', 'FASTER', 'MEC_USED', 'CLEAN', 'CLEAN', 'NEUTRAL', 'NEUTRAL', 'SET', 'CLEAR', 'OPENING', 'BANCO_VAZIO')",66,12,12,100.000,HEAL,19.697,2.255933,9.5442
"('TANK', 'TANK', 'CRITICAL_DIS', 'FULL', 'FULL', 'NORMAL', 'FASTER', 'MEC_USED', 'AFFLICTED', 'CLEAN', 'NEUTRAL', 'NEUTRAL', 'SET', 'CLEAR', 'CLUTCH', 'BANCO_VAZIO')",65,6,7,85.714,SWITCH_DEFENSIVE,75.385,0.947195,2.5785
"('TANK', 'TANK', 'OFFENSIVE_ADV', 'DANGER', 'FULL', 'FIELD_THEIRS', 'FASTER', 'MEC_USED', 'CLEAN', 'CLEAN', 'NEUTRAL', 'NEUTRAL', 'CLEAR', 'CLEAR', 'OPENING', 'BANCO_OFF')",65,10,12,83.333,ATTACK_PREDICTIVE,24.615,1.991243,7.3246
"('TANK', 'SWEEPER', 'DEFENSIVE_DIS', 'FULL', 'FULL', 'NORMAL', 'SLOWER', 'MEC_USED', 'CLEAN', 'CLEAN', 'NEUTRAL', 'NEUTRAL', 'CLEAR', 'CLEAR', 'OPENING', 'BANCO_OFF')",65,13,14,92.857,BUFF,16.923,2.320822,10.1840
"('SWEEPER', 'TANK', 'VOLATILE', 'FULL', 'FULL', 'FIELD_THEIRS', 'FASTER', 'MEC_USED', 'CLEAN', 'CLEAN', 'NEUTRAL', 'NEUTRAL', 'CLEAR', 'CLEAR', 'OPENING', 'BANCO_OFF')",65,7,9,77.778,ATTACK_STRONG,81.538,0.793007,2.2100
"('UTILITY', 'TANK', 'DEFENSIVE_ADV', 'FULL', 'FULL', 'NORMAL', 'FASTER', 'MEC_USED', 'CLEAN', 'CLEAN', 'NEUTRAL', 'NEUTRAL', 'CLEAR', 'CLEAR', 'OPENING', 'BANCO_OFF')",65,9,10,90.000,ATTACK_PIVOT,16.923,2.082667,8.0258
"('TANK', 'SWEEPER', 'NEUTRAL', 'SAFE', 'SAFE', 'NORMAL', 'SLOWER', 'MEC_USED', 'CLEAN', 'CLEAN', 'NEUTRAL', 'NEUTRAL', 'CLEAR', 'CLEAR', 'OPENING', 'BANCO_OFF')",65,14,14,100.000,ATTACK_PREDICTIVE,23.077,2.319020,10.1657
"('SWEEPER', 'TANK', 'NEUTRAL', 'SAFE', 'FULL', 'NORMAL', 'FASTER', 'MEC_USED', 'CLEAN', 'CLEAN', 'NEUTRAL', 'NEUTRAL', 'CLEAR', 'CLEAR', 'OPENING', 'BANCO_OFF')",65,10,10,100.000,SWITCH_OFFENSIVE,20.000,2.075009,7.9646
"('TANK', 'TANK', 'NEUTRAL', 'FULL', 'SAFE', 'NORMAL', 'SLOWER', 'MEC_USED', 'CLEAN', 'CLEAN', 'NEUTRAL', 'NEUTRAL', 'SET', 'SET', 'CLUTCH', 'BANCO_VAZIO')",65,7,15,46.667,ATTACK_STRONG,60.000,1.215516,3.3720
"('TANK', 'TANK', 'NEUTRAL', 'FULL', 'FULL', 'NORMAL', 'SLOWER', 'MEC_USED', 'CLEAN', 'CLEAN', 'NEUTRAL', 'NEUTRAL', 'CLEAR', 'SET', 'CLUTCH', 'BANCO_VAZIO')",65,4,12,33.333,ATTACK_STRONG,87.692,0.463549,1.5897
"('SWEEPER', 'TANK', 'NEUTRAL', 'FULL', 'FULL', 'FIELD_THEIRS', 'FASTER', 'MEC_AVAIL', 'CLEAN', 'CLEAN', 'NEUTRAL', 'NEUTRAL', 'CLEAR', 'CLEAR', 'OPENING', 'BANCO_AMBOS')",64,11,12,91.667,ATTACK_PREDICTIVE_MEC,26.562,2.062000,7.8617
"('TANK', 'TANK', 'DEFENSIVE_DIS', 'SAFE', 'SAFE', 'NORMAL', 'SLOWER', 'MEC_USED', 'CLEAN', 'CLEAN', 'NEUTRAL', 'NEUTRAL', 'CLEAR', 'CLEAR', 'OPENING', 'BANCO_OFF')",64,10,14,71.429,ATTACK_STRONG,45.312,1.778873,5.9232
"('TANK', 'TANK', 'NEUTRAL', 'FULL', 'DANGER', 'NORMAL', 'SLOWER', 'MEC_USED', 'CLEAN', 'CLEAN', 'NEUTRAL', 'NEUTRAL', 'CLEAR', 'CLEAR', 'OPENING', 'BANCO_OFF')",64,12,13,92.308,ATTACK_PREDICTIVE,25.000,1.967126,7.1501
"('TANK', 'TANK', 'DOMINANT', 'FULL', 'FULL', 'FIELD_OURS_DEF', 'SLOWER', 'MEC_USED', 'CLEAN', 'CLEAN', 'NEUTRAL', 'NEUTRAL', 'CLEAR', 'CLEAR', 'OPENING', 'BANCO_AMBOS')",64,7,9,77.778,SWITCH_DEFENSIVE,40.625,1.511680,4.5343
"('TANK', 'TANK', 'OFFENSIVE_ADV', 'SAFE', 'FULL', 'FIELD_OURS_OFF', 'FASTER', 'MEC_USED', 'CLEAN', 'CLEAN', 'NEUTRAL', 'NEUTRAL', 'CLEAR', 'CLEAR', 'OPENING', 'BANCO_OFF')",64,10,11,90.909,ATTACK_TECH,31.250,2.084055,8.0370
"('TANK', 'TANK', 'NEUTRAL', 'SAFE', 'FULL', 'NORMAL', 'SLOWER', 'MEC_USED', 'CLEAN', 'CLEAN', 'NEUTRAL', 'NEUTRAL', 'CLEAR', 'CLEAR', 'RECOVERING', 'BANCO_VAZIO')",64,13,14,92.857,ATTACK_PREDICTIVE,29.688,2.246220,9.4519
"('TANK', 'TANK', 'DOMINANT', 'SAFE', 'FULL', 'NORMAL', 'SLOWER', 'MEC_USED', 'CLEAN', 'CLEAN', 'NEUTRAL', 'NEUTRAL', 'CLEAR', 'CLEAR', 'OPENING', 'BANCO_OFF')",64,13,13,100.000,SWITCH_OFFENSIVE,26.562,2.195853,8.9877
"('TANK', 'TANK', 'OFFENSIVE_DIS', 'FULL', 'FULL', 'NORMAL', 'SLOWER', 'MEC_USED', 'CLEAN', 'CLEAN', 'NEUTRAL', 'NEUTRAL', 'CLEAR', 'SET', 'RECOVERING', 'BANCO_VAZIO')",64,10,13,76.923,HEAL,28.125,1.939569,6.9558
"('TANK', 'TANK', 'NEUTRAL', 'SAFE', 'FULL', 'NORMAL', 'SLOWER', 'MEC_USED', 'CLEAN', 'CLEAN', 'NEUTRAL', 'NEUTRAL', 'SET', 'CLEAR', 'OPENING', 'BANCO_VAZIO')",64,12,13,92.308,HEAL,64.062,1.495419,4.4612
"('TANK', 'TANK', 'DEFENSIVE_DIS', 'FULL', 'FULL', 'NORMAL', 'FASTER', 'MEC_AVAIL', 'CLEAN', 'CLEAN', 'NEUTRAL', 'NEUTRAL', 'CLEAR', 'CLEAR', 'OPENING', 'BANCO_OFF')",63,14,20,70.000,ATTACK_STRONG_MEC,34.921,2.025186,7.5775
"('SWEEPER', 'SWEEPER', 'OFFENSIVE_ADV', 'FULL', 'FULL', 'NORMAL', 'FASTER', 'MEC_USED', 'CLEAN', 'CLEAN', 'NEUTRAL', 'NEUTRAL', 'CLEAR', 'CLEAR', 'OPENING', 'BANCO_OFF')",63,9,9,100.000,ATTACK_STRONG,74.603,1.050756,2.8598
"('UTILITY', 'TANK', 'DEFENSIVE_DIS', 'FULL', 'FULL', 'NORMAL', 'FASTER', 'MEC_AVAIL', 'CLEAN', 'CLEAN', 'NEUTRAL', 'NEUTRAL', 'CLEAR', 'CLEAR', 'OPENING', 'BANCO_AMBOS')",63,8,10,80.000,ATTACK_PREDICTIVE_MEC,36.508,1.649710,5.2055
"('UTILITY', 'TANK', 'DEFENSIVE_ADV', 'FULL', 'FULL', 'NORMAL', 'FASTER', 'MEC_USED', 'CLEAN', 'CLEAN', 'NEUTRAL', 'NEUTRAL', 'CLEAR', 'CLEAR', 'OPENING', 'BANCO_AMBOS')",63,8,8,100.000,ATTACK_STRONG,55.556,1.445652,4.2446
"('TANK', 'TANK', 'NEUTRAL', 'FULL', 'FULL', 'NORMAL', 'FASTER', 'MEC_USED', 'CLEAN', 'CLEAN', 'NEUTRAL', 'NEUTRAL', 'CLEAR', 'CLEAR', 'RECOVERING', 'BANCO_VAZIO')",63,13,14,92.857,ATTACK_STRONG,22.222,2.281183,9.7883
"('TANK', 'TANK', 'DEFENSIVE_DIS', 'FULL', 'FULL', 'FIELD_THEIRS', 'FASTER', 'MEC_USED', 'CLEAN', 'CLEAN', 'NEUTRAL', 'NEUTRAL', 'CLEAR', 'CLEAR', 'OPENING', 'BANCO_VAZIO')",63,11,11,100.000,ATTACK_PIVOT,22.222,2.088965,8.0766
"('TANK', 'TANK', 'DEFENSIVE_ADV', 'FULL', 'FULL', 'FIELD_SHARED', 'FASTER', 'MEC_USED', 'CLEAN', 'CLEAN', 'NEUTRAL', 'NEUTRAL', 'CLEAR', 'CLEAR', 'OPENING', 'BANCO_OFF')",63,10,10,100.000,SWITCH_OFFENSIVE,39.683,1.907286,6.7348
"('TANK', 'TANK', 'NEUTRAL', 'FULL', 'FULL', 'NORMAL', 'FASTER', 'MEC_USED', 'CLEAN', 'CLEAN', 'NEUTRAL', 'NEUTRAL', 'SET', 'CLEAR', 'OPENING', 'BANCO_VAZIO')",63,14,14,100.000,ATTACK_PIVOT,15.873,2.491109,12.0747
"('TANK', 'SWEEPER', 'OFFENSIVE_ADV', 'SAFE', 'SAFE', 'NORMAL', 'SLOWER', 'MEC_USED', 'CLEAN', 'CLEAN', 'NEUTRAL', 'NEUTRAL', 'CLEAR', 'CLEAR', 'OPENING', 'BANCO_OFF')",63,12,13,92.308,HEAL,34.921,1.979748,7.2409
"('TANK', 'SWEEPER', 'CRITICAL_DIS', 'FULL', 'FULL', 'NORMAL', 'SLOWER', 'MEC_USED', 'CLEAN', 'CLEAN', 'NEUTRAL', 'NEUTRAL', 'CLEAR', 'CLEAR', 'OPENING', 'BANCO_OFF')",62,10,15,66.667,SWITCH_DEFENSIVE,37.097,1.889814,6.6181
"('TANK', 'TANK', 'DEFENSIVE_ADV', 'FULL', 'SAFE', 'FIELD_SHARED', 'SLOWER', 'MEC_USED', 'CLEAN', 'CLEAN', 'NEUTRAL', 'NEUTRAL', 'CLEAR', 'CLEAR', 'OPENING', 'BANCO_OFF')",62,11,11,100.000,ATTACK_PREDICTIVE,30.645,1.997114,7.3678
"('TANK', 'TANK', 'NEUTRAL', 'FULL', 'FULL', 'NORMAL', 'SLOWER', 'MEC_USED', 'CLEAN', 'CLEAN', 'NEUTRAL', 'NEUTRAL', 'CLEAR', 'CLEAR', 'OPENING', 'BANCO_DEF')",62,10,12,83.333,FIELD_CONTROL,50.000,1.621638,5.0614
"('SWEEPER', 'TANK', 'DOMINANT', 'FULL', 'FULL', 'FIELD_OURS_OFF', 'FASTER', 'MEC_USED', 'CLEAN', 'CLEAN', 'NEUTRAL', 'NEUTRAL', 'CLEAR', 'CLEAR', 'OPENING', 'BANCO_AMBOS')",61,3,7,42.857,ATTACK_STRONG,60.656,0.738409,2.0926
"('SWEEPER', 'TANK', 'OFFENSIVE_ADV', 'FULL', 'FULL', 'FIELD_THEIRS', 'FASTER', 'MEC_AVAIL', 'CLEAN', 'CLEAN', 'NEUTRAL', 'NEUTRAL', 'CLEAR', 'CLEAR', 'OPENING', 'BANCO_AMBOS')",61,10,12,83.333,ATTACK_STRONG,27.869,1.923410,6.8443
"('SWEEPER', 'TANK', 'NEUTRAL', 'FULL', 'FULL', 'FIELD_THEIRS', 'FASTER', 'MEC_USED', 'CLEAN', 'CLEAN', 'NEUTRAL', 'NEUTRAL', 'CLEAR', 'CLEAR', 'OPENING', 'BANCO_OFF')",61,8,8,100.000,SWITCH_DEFENSIVE,24.590,1.886682,6.5974
"('TANK', 'TANK', 'DOMINANT', 'FULL', 'FULL', 'NORMAL', 'SLOWER', 'MEC_USED', 'CLEAN', 'CLEAN', 'NEUTRAL', 'NEUTRAL', 'CLEAR', 'CLEAR', 'OPENING', 'BANCO_DEF')",61,9,11,81.818,ATTACK_STRONG,29.508,1.876889,6.5332
"('UTILITY', 'TANK', 'NEUTRAL', 'FULL', 'FULL', 'FIELD_THEIRS', 'SLOWER', 'MEC_USED', 'CLEAN', 'CLEAN', 'NEUTRAL', 'NEUTRAL', 'CLEAR', 'CLEAR', 'OPENING', 'BANCO_AMBOS')",61,6,9,66.667,FIELD_CONTROL,70.492,0.890181,2.4356
"('TANK', 'TANK', 'OFFENSIVE_ADV', 'FULL', 'SAFE', 'FIELD_THEIRS', 'FASTER', 'MEC_AVAIL', 'CLEAN', 'CLEAN', 'NEUTRAL', 'NEUTRAL', 'CLEAR', 'CLEAR', 'OPENING', 'BANCO_OFF')",61,14,16,87.500,SWITCH_OFFENSIVE,18.033,2.470610,11.8297
"('TANK', 'TANK', 'OFFENSIVE_DIS', 'FULL', 'FULL', 'FIELD_SHARED', 'FASTER', 'MEC_USED', 'CLEAN', 'CLEAN', 'NEUTRAL', 'NEUTRAL', 'CLEAR', 'CLEAR', 'OPENING', 'BANCO_OFF')",61,13,14,92.857,SWITCH_DEFENSIVE,31.148,2.109287,8.2424
"('TANK', 'TANK', 'OFFENSIVE_ADV', 'SAFE', 'FULL', 'NORMAL', 'FASTER', 'MEC_AVAIL', 'CLEAN', 'CLEAN', 'NEUTRAL', 'NEUTRAL', 'SET', 'CLEAR', 'OPENING', 'BANCO_OFF')",61,17,22,77.273,CLEAN_HAZARD_MEC,32.787,2.426719,11.3217
"('SWEEPER', 'TANK', 'OFFENSIVE_ADV', 'FULL', 'FULL', 'FIELD_SHARED', 'FASTER', 'MEC_USED', 'CLEAN', 'CLEAN', 'NEUTRAL', 'DEBUFF', 'CLEAR', 'CLEAR', 'OPENING', 'BANCO_OFF')",61,7,7,100.000,ATTACK_PIVOT,37.705,1.690922,5.4245
"('UTILITY', 'TANK', 'DEFENSIVE_DIS', 'FULL', 'FULL', 'NORMAL', 'FASTER', 'MEC_USED', 'CLEAN', 'CLEAN', 'NEUTRAL', 'NEUTRAL', 'CLEAR', 'CLEAR', 'OPENING', 'BANCO_AMBOS')",61,8,9,88.889,SWITCH_OFFENSIVE,32.787,1.787167,5.9725
"('SWEEPER', 'TANK', 'VOLATILE', 'FULL', 'FULL', 'FIELD_THEIRS', 'FASTER', 'MEC_USED', 'CLEAN', 'CLEAN', 'NEUTRAL', 'DEBUFF', 'CLEAR', 'CLEAR', 'OPENING', 'BANCO_OFF')",60,7,7,100.000,ATTACK_PIVOT,21.667,1.877901,6.5398
"('TANK', 'TANK', 'DEFENSIVE_ADV', 'FULL', 'FULL', 'NORMAL', 'SLOWER', 'MEC_USED', 'CLEAN', 'AFFLICTED', 'NEUTRAL', 'NEUTRAL', 'SET', 'CLEAR', 'CLUTCH', 'BANCO_VAZIO')",60,7,8,87.500,STAT_CLEAN,68.333,1.094187,2.9868
"('TANK', 'TANK', 'DEFENSIVE_DIS', 'SAFE', 'FULL', 'NORMAL', 'SLOWER', 'MEC_USED', 'CLEAN', 'AFFLICTED', 'NEUTRAL', 'NEUTRAL', 'SET', 'SET', 'CLUTCH', 'BANCO_VAZIO')",60,11,11,100.000,ATTACK_STRONG,40.000,1.800591,6.0532
"('TANK', 'TANK', 'DOMINANT', 'FULL', 'FULL', 'FIELD_THEIRS', 'FASTER', 'MEC_AVAIL', 'CLEAN', 'CLEAN', 'NEUTRAL', 'NEUTRAL', 'CLEAR', 'CLEAR', 'OPENING', 'BANCO_OFF')",60,12,16,75.000,ATTACK_STRONG,40.000,1.874515,6.5177
"('TANK', 'TANK', 'DOMINANT', 'FULL', 'FULL', 'NORMAL', 'SLOWER', 'MEC_AVAIL', 'CLEAN', 'CLEAN', 'NEUTRAL', 'NEUTRAL', 'CLEAR', 'CLEAR', 'OPENING', 'BANCO_OFF')",60,15,16,93.750,ATTACK_STRONG_MEC,23.333,2.421999,11.2684
"('TANK', 'TANK', 'CRITICAL_DIS', 'FULL', 'FULL', 'NORMAL', 'FASTER', 'MEC_USED', 'AFFLICTED', 'AFFLICTED', 'NEUTRAL', 'DEBUFF', 'SET', 'CLEAR', 'CLUTCH', 'BANCO_VAZIO')",60,4,4,100.000,STATUS,46.667,1.256899,3.5145
"('TANK', 'TANK', 'DOMINANT', 'FULL', 'FULL', 'FIELD_SHARED', 'FASTER', 'MEC_USED', 'CLEAN', 'CLEAN', 'NEUTRAL', 'NEUTRAL', 'SET', 'CLEAR', 'OPENING', 'BANCO_AMBOS')",60,11,11,100.000,HEAL,35.000,1.996156,7.3607
"('TANK', 'TANK', 'NEUTRAL', 'FULL', 'FULL', 'NORMAL', 'FASTER', 'MEC_USED', 'CLEAN', 'CLEAN', 'NEUTRAL', 'NEUTRAL', 'SET', 'CLEAR', 'BRAWL', 'BANCO_OFF')",60,12,14,85.714,HEAL,30.000,1.964064,7.1282
"('TANK', 'TANK', 'DEFENSIVE_DIS', 'FULL', 'FULL', 'NORMAL', 'SLOWER', 'MEC_USED', 'CLEAN', 'AFFLICTED', 'NEUTRAL', 'NEUTRAL', 'CLEAR', 'SET', 'CLUTCH', 'BANCO_VAZIO')",59,6,9,66.667,PROTECT,64.407,1.145640,3.1445
"('TANK', 'TANK', 'NEUTRAL', 'SAFE', 'SAFE', 'NORMAL', 'SLOWER', 'MEC_USED', 'CLEAN', 'CLEAN', 'NEUTRAL', 'NEUTRAL', 'SET', 'SET', 'RECOVERING', 'BANCO_VAZIO')",59,11,14,78.571,HEAL,20.339,2.175641,8.8078
"('TANK', 'TANK', 'NEUTRAL', 'SAFE', 'FULL', 'NORMAL', 'SLOWER', 'MEC_USED', 'CLEAN', 'CLEAN', 'NEUTRAL', 'NEUTRAL', 'SET', 'SET', 'RECOVERING', 'BANCO_VAZIO')",59,15,15,100.000,STAT_CLEAN,16.949,2.523282,12.4695
"('TANK', 'TANK', 'DEFENSIVE_DIS', 'FULL', 'FULL', 'FIELD_OURS_DEF', 'FASTER', 'MEC_USED', 'CLEAN', 'CLEAN', 'NEUTRAL', 'NEUTRAL', 'CLEAR', 'CLEAR', 'OPENING', 'BANCO_DEF')",59,4,4,100.000,ATTACK_STRONG,50.847,1.050654,2.8595
"('TANK', 'TANK', 'DOMINANT', 'FULL', 'SAFE', 'FIELD_SHARED', 'FASTER', 'MEC_USED', 'CLEAN', 'CLEAN', 'NEUTRAL', 'NEUTRAL', 'CLEAR', 'CLEAR', 'OPENING', 'BANCO_OFF')",59,11,11,100.000,ATTACK_PREDICTIVE,15.254,2.241766,9.4099
"('TANK', 'TANK', 'DEFENSIVE_DIS', 'FULL', 'FULL', 'FIELD_SHARED', 'FASTER', 'MEC_USED', 'CLEAN', 'CLEAN', 'NEUTRAL', 'NEUTRAL', 'CLEAR', 'CLEAR', 'OPENING', 'BANCO_VAZIO')",59,10,10,100.000,SWITCH_OFFENSIVE,22.034,2.058361,7.8331
"('TANK', 'TANK', 'OFFENSIVE_ADV', 'SAFE', 'FULL', 'NORMAL', 'FASTER', 'MEC_USED', 'CLEAN', 'CLEAN', 'NEUTRAL', 'NEUTRAL', 'CLEAR', 'CLEAR', 'BRAWL', 'BANCO_OFF')",59,10,10,100.000,ATTACK_STRONG,32.203,2.029119,7.6074
"('TANK', 'SWEEPER', 'OFFENSIVE_ADV', 'FULL', 'SAFE', 'NORMAL', 'SLOWER', 'MEC_USED', 'CLEAN', 'CLEAN', 'NEUTRAL', 'NEUTRAL', 'CLEAR', 'CLEAR', 'OPENING', 'BANCO_OFF')",59,12,14,85.714,ATTACK_TECH,28.814,2.115159,8.2909
"('TANK', 'TANK', 'NEUTRAL', 'FULL', 'FULL', 'NORMAL', 'FASTER', 'MEC_USED', 'CLEAN', 'AFFLICTED', 'DEBUFF', 'DEBUFF_DEBUFF', 'SET', 'SET', 'CLUTCH', 'BANCO_VAZIO')",59,4,5,80.000,HAZARD,86.441,0.528993,1.6972
"('TANK', 'TANK', 'NEUTRAL', 'SAFE', 'FULL', 'NORMAL', 'SLOWER', 'MEC_USED', 'CLEAN', 'CLEAN', 'NEUTRAL', 'NEUTRAL', 'SET', 'SET', 'CLUTCH', 'BANCO_VAZIO')",58,11,12,91.667,HEAL,27.586,1.998886,7.3808
"('TANK', 'TANK', 'NEUTRAL', 'FULL', 'FULL', 'NORMAL', 'FASTER', 'MEC_USED', 'CLEAN', 'CLEAN', 'NEUTRAL', 'NEUTRAL', 'CLEAR', 'CLEAR', 'BRAWL', 'BANCO_VAZIO')",58,13,14,92.857,SWITCH_OFFENSIVE,17.241,2.386979,10.8806
"('TANK', 'TANK', 'NEUTRAL', 'SAFE', 'SAFE', 'NORMAL', 'FASTER', 'MEC_USED', 'CLEAN', 'CLEAN', 'NEUTRAL', 'NEUTRAL', 'CLEAR', 'CLEAR', 'RECOVERING', 'BANCO_VAZIO')",58,13,13,100.000,STATUS,17.241,2.316050,10.1356
"('SWEEPER', 'TANK', 'NEUTRAL', 'FULL', 'SAFE', 'NORMAL', 'FASTER', 'MEC_USED', 'CLEAN', 'CLEAN', 'NEUTRAL', 'NEUTRAL', 'CLEAR', 'CLEAR', 'OPENING', 'BANCO_AMBOS')",58,9,9,100.000,SWITCH_DEFENSIVE,60.345,1.373791,3.9503
"('TANK', 'TANK', 'OFFENSIVE_ADV', 'FULL', 'SAFE', 'NORMAL', 'SLOWER', 'MEC_USED', 'CLEAN', 'CLEAN', 'NEUTRAL', 'NEUTRAL', 'SET', 'CLEAR', 'OPENING', 'BANCO_OFF')",58,15,15,100.000,HAZARD,13.793,2.571525,13.0858
"('TANK', 'TANK', 'DEFENSIVE_DIS', 'SAFE', 'SAFE', 'NORMAL', 'FASTER', 'MEC_USED', 'CLEAN', 'CLEAN', 'NEUTRAL', 'NEUTRAL', 'CLEAR', 'CLEAR', 'OPENING', 'BANCO_OFF')",58,11,12,91.667,ATTACK_PREDICTIVE,17.241,2.274297,9.7211
"('UTILITY', 'TANK', 'NEUTRAL', 'FULL', 'FULL', 'NORMAL', 'FASTER', 'MEC_USED', 'CLEAN', 'CLEAN', 'NEUTRAL', 'NEUTRAL', 'CLEAR', 'CLEAR', 'OPENING', 'BANCO_AMBOS')",58,11,11,100.000,SWITCH_DEFENSIVE,24.138,2.194073,8.9717
"('TANK', 'TANK', 'CRITICAL_DIS', 'FULL', 'FULL', 'NORMAL', 'FASTER', 'MEC_USED', 'AFFLICTED', 'AFFLICTED', 'NEUTRAL', 'DEBUFF_DEBUFF', 'SET', 'SET', 'CLUTCH', 'BANCO_VAZIO')",58,4,4,100.000,HEAL,51.724,1.036230,2.8186
"('TANK', 'TANK', 'NEUTRAL', 'FULL', 'SAFE', 'FIELD_SHARED', 'FASTER', 'MEC_USED', 'CLEAN', 'CLEAN', 'NEUTRAL', 'NEUTRAL', 'CLEAR', 'CLEAR', 'OPENING', 'BANCO_VAZIO')",57,13,14,92.857,ATTACK_TECH,17.544,2.381186,10.8177
"('TANK', 'SWEEPER', 'OFFENSIVE_ADV', 'SAFE', 'FULL', 'FIELD_THEIRS', 'SLOWER', 'MEC_USED', 'CLEAN', 'CLEAN', 'NEUTRAL', 'NEUTRAL', 'CLEAR', 'CLEAR', 'OPENING', 'BANCO_OFF')",57,14,15,93.333,ATTACK_STRONG,26.316,2.368277,10.6790
"('TANK', 'TANK', 'NEUTRAL', 'SAFE', 'FULL', 'NORMAL', 'FASTER', 'MEC_USED', 'CLEAN', 'CLEAN', 'NEUTRAL', 'NEUTRAL', 'CLEAR', 'CLEAR', 'RECOVERING', 'BANCO_VAZIO')",57,15,15,100.000,DISRUPTION,15.789,2.519655,12.4243
"('TANK', 'TANK', 'VOLATILE', 'FULL', 'FULL', 'FIELD_OURS_DEF', 'FASTER', 'MEC_USED', 'CLEAN', 'CLEAN', 'NEUTRAL', 'NEUTRAL', 'CLEAR', 'CLEAR', 'OPENING', 'BANCO_OFF')",57,1,10,10.000,ATTACK_STRONG,100.000,-0.000000,1.0000
"('TANK', 'TANK', 'NEUTRAL', 'FULL', 'SAFE', 'NORMAL', 'SLOWER', 'MEC_USED', 'CLEAN', 'CLEAN', 'NEUTRAL', 'NEUTRAL', 'CLEAR', 'CLEAR', 'OPENING', 'BANCO_AMBOS')",57,13,14,92.857,ATTACK_TECH,35.088,2.094785,8.1237
"('TANK', 'TANK', 'NEUTRAL', 'FULL', 'FULL', 'NORMAL', 'FASTER', 'MEC_USED', 'AFFLICTED', 'AFFLICTED', 'DEBUFF', 'NEUTRAL', 'CLEAR', 'CLEAR', 'CLUTCH', 'BANCO_VAZIO')",57,5,6,83.333,ATTACK_STRONG,49.123,1.262619,3.5347
"('TANK', 'TANK', 'DEFENSIVE_DIS', 'FULL', 'FULL', 'NORMAL', 'SLOWER', 'MEC_AVAIL', 'CLEAN', 'CLEAN', 'NEUTRAL', 'NEUTRAL', 'CLEAR', 'CLEAR', 'OPENING', 'BANCO_OFF')",57,18,20,90.000,SWITCH_OFFENSIVE,19.298,2.506059,12.2565
"('TANK', 'UTILITY', 'DOMINANT', 'FULL', 'FULL', 'FIELD_SHARED', 'SLOWER', 'MEC_USED', 'CLEAN', 'CLEAN', 'NEUTRAL', 'NEUTRAL', 'CLEAR', 'CLEAR', 'OPENING', 'BANCO_OFF')",57,11,11,100.000,ATTACK_PREDICTIVE,26.316,2.064588,7.8820
"('TANK', 'SWEEPER', 'OFFENSIVE_DIS', 'FULL', 'SAFE', 'NORMAL', 'SLOWER', 'MEC_USED', 'CLEAN', 'CLEAN', 'NEUTRAL', 'NEUTRAL', 'CLEAR', 'CLEAR', 'OPENING', 'BANCO_OFF')",57,11,12,91.667,STATUS,33.333,2.070179,7.9262
"('TANK', 'TANK', 'NEUTRAL', 'FULL', 'SAFE', 'NORMAL', 'SLOWER', 'MEC_USED', 'CLEAN', 'CLEAN', 'NEUTRAL', 'NEUTRAL', 'SET', 'CLEAR', 'OPENING', 'BANCO_OFF')",57,14,14,100.000,HEAL,21.053,2.447906,11.5641
"('TANK', 'TANK', 'NEUTRAL', 'SAFE', 'FULL', 'NORMAL', 'FASTER', 'MEC_AVAIL', 'CLEAN', 'CLEAN', 'NEUTRAL', 'NEUTRAL', 'CLEAR', 'CLEAR', 'OPENING', 'BANCO_AMBOS')",57,19,24,79.167,BUFF,15.789,2.642160,14.0435
"('TANK', 'TANK', 'NEUTRAL', 'FULL', 'FULL', 'NORMAL', 'SLOWER', 'MEC_USED', 'CLEAN', 'CLEAN', 'NEUTRAL', 'NEUTRAL', 'SET', 'SET', 'CLUTCH', 'BANCO_VAZIO')",57,7,12,58.333,ATTACK_STRONG,75.439,0.986766,2.6825
"('TANK', 'TANK', 'NEUTRAL', 'FULL', 'FULL', 'NORMAL', 'FASTER', 'MEC_USED', 'CLEAN', 'CLEAN', 'NEUTRAL', 'NEUTRAL', 'CLEAR', 'CLEAR', 'CLUTCH', 'BANCO_VAZIO')",57,5,11,45.455,CLEAN_HAZARD,49.123,1.231750,3.4272
"('TANK', 'TANK', 'OFFENSIVE_ADV', 'SAFE', 'SAFE', 'FIELD_THEIRS', 'SLOWER', 'MEC_USED', 'CLEAN', 'CLEAN', 'NEUTRAL', 'NEUTRAL', 'CLEAR', 'CLEAR', 'OPENING', 'BANCO_OFF')",56,12,12,100.000,HEAL,16.071,2.414056,11.1792
"('TANK', 'TANK', 'OFFENSIVE_DIS', 'SAFE', 'FULL', 'NORMAL', 'SLOWER', 'MEC_USED', 'CLEAN', 'CLEAN', 'NEUTRAL', 'NEUTRAL', 'SET', 'CLEAR', 'OPENING', 'BANCO_OFF')",56,15,15,100.000,STAT_CLEAN,19.643,2.499040,12.1708
"('TANK', 'TANK', 'DEFENSIVE_ADV', 'FULL', 'FULL', 'FIELD_THEIRS', 'FASTER', 'MEC_USED', 'CLEAN', 'CLEAN', 'NEUTRAL', 'NEUTRAL', 'CLEAR', 'CLEAR', 'OPENING', 'BANCO_OFF')",56,9,10,90.000,ATTACK_PREDICTIVE,26.786,2.061104,7.8546
"('TANK', 'TANK', 'STALEMATE', 'FULL', 'FULL', 'NORMAL', 'SLOWER', 'MEC_USED', 'CLEAN', 'CLEAN', 'NEUTRAL', 'NEUTRAL', 'CLEAR', 'CLEAR', 'RECOVERING', 'BANCO_VAZIO')",56,9,12,75.000,HAZARD,32.143,1.714696,5.5550
"('TANK', 'TANK', 'OFFENSIVE_ADV', 'SAFE', 'FULL', 'NORMAL', 'SLOWER', 'MEC_USED', 'CLEAN', 'CLEAN', 'NEUTRAL', 'NEUTRAL', 'CLEAR', 'CLEAR', 'OPENING', 'BANCO_AMBOS')",56,13,14,92.857,ATTACK_PREDICTIVE,28.571,2.255109,9.5363
"('TANK', 'TANK', 'VOLATILE', 'SAFE', 'FULL', 'NORMAL', 'FASTER', 'MEC_USED', 'CLEAN', 'CLEAN', 'NEUTRAL', 'NEUTRAL', 'CLEAR', 'CLEAR', 'OPENING', 'BANCO_AMBOS')",56,12,14,85.714,HEAL,37.500,1.995258,7.3541
"('TANK', 'TANK', 'NEUTRAL', 'SAFE', 'FULL', 'NORMAL', 'SLOWER', 'MEC_USED', 'CLEAN', 'CLEAN', 'NEUTRAL', 'NEUTRAL', 'CLEAR', 'CLEAR', 'CLUTCH', 'BANCO_VAZIO')",56,7,12,58.333,SWITCH_DEFENSIVE,39.286,1.480851,4.3967
"('TANK', 'TANK', 'DEFENSIVE_DIS', 'SAFE', 'FULL', 'NORMAL', 'SLOWER', 'MEC_USED', 'CLEAN', 'CLEAN', 'NEUTRAL', 'NEUTRAL', 'CLEAR', 'CLEAR', 'OPENING', 'BANCO_OFF')",56,13,14,92.857,SWITCH_DEFENSIVE,48.214,1.877816,6.5392
"('TANK', 'TANK', 'NEUTRAL', 'FULL', 'FULL', 'NORMAL', 'SLOWER', 'MEC_USED', 'AFFLICTED', 'CLEAN', 'DEBUFF_DEBUFF', 'DEBUFF', 'SET', 'SET', 'CLUTCH', 'BANCO_VAZIO')",56,3,3,100.000,HAZARD,67.857,0.832535,2.2991
"('TANK', 'TANK', 'NEUTRAL', 'FULL', 'SAFE', 'NORMAL', 'FASTER', 'MEC_USED', 'AFFLICTED', 'CLEAN', 'NEUTRAL', 'NEUTRAL', 'CLEAR', 'CLEAR', 'RECOVERING', 'BANCO_VAZIO')",55,12,12,100.000,HEAL,21.818,2.140184,8.5010
"('TANK', 'TANK', 'VOLATILE', 'FULL', 'FULL', 'FIELD_OURS_DEF', 'SLOWER', 'MEC_AVAIL', 'CLEAN', 'CLEAN', 'NEUTRAL', 'NEUTRAL', 'CLEAR', 'CLEAR', 'OPENING', 'BANCO_OFF')",55,6,10,60.000,ATTACK_STRONG,32.727,1.383769,3.9899
"('TANK', 'TANK', 'NEUTRAL', 'SAFE', 'SAFE', 'FIELD_SHARED', 'FASTER', 'MEC_USED', 'CLEAN', 'CLEAN', 'NEUTRAL', 'NEUTRAL', 'CLEAR', 'CLEAR', 'OPENING', 'BANCO_AMBOS')",55,12,13,92.308,ATTACK_PREDICTIVE,25.455,2.162926,8.6965
"('TANK', 'SWEEPER', 'OFFENSIVE_ADV', 'FULL', 'FULL', 'FIELD_THEIRS', 'SLOWER', 'MEC_USED', 'CLEAN', 'CLEAN', 'NEUTRAL', 'NEUTRAL', 'CLEAR', 'CLEAR', 'OPENING', 'BANCO_AMBOS')",55,13,13,100.000,STAT_CLEAN,14.545,2.472975,11.8577
"('TANK', 'TANK', 'OFFENSIVE_ADV', 'SAFE', 'FULL', 'NORMAL', 'FASTER', 'MEC_USED', 'CLEAN', 'CLEAN', 'NEUTRAL', 'NEUTRAL', 'CLEAR', 'CLEAR', 'OPENING', 'BANCO_AMBOS')",55,12,12,100.000,SWITCH_DEFENSIVE,21.818,2.297067,9.9450
"('TANK', 'SWEEPER', 'OFFENSIVE_ADV', 'FULL', 'FULL', 'FIELD_OURS_OFF', 'SLOWER', 'MEC_USED', 'CLEAN', 'CLEAN', 'NEUTRAL', 'NEUTRAL', 'CLEAR', 'CLEAR', 'OPENING', 'BANCO_AMBOS')",55,6,8,75.000,ATTACK_PREDICTIVE,78.182,0.839910,2.3162
"('TANK', 'UTILITY', 'OFFENSIVE_DIS', 'FULL', 'FULL', 'FIELD_SHARED', 'SLOWER', 'MEC_USED', 'CLEAN', 'CLEAN', 'NEUTRAL', 'NEUTRAL', 'CLEAR', 'CLEAR', 'OPENING', 'BANCO_AMBOS')",55,12,14,85.714,ATTACK_PREDICTIVE,18.182,2.289630,9.8713
"('SWEEPER', 'UTILITY', 'OFFENSIVE_ADV', 'FULL', 'FULL', 'FIELD_OURS_OFF', 'FASTER', 'MEC_USED', 'CLEAN', 'CLEAN', 'NEUTRAL', 'NEUTRAL', 'CLEAR', 'CLEAR', 'OPENING', 'BANCO_OFF')",54,4,10,40.000,ATTACK_STRONG,90.741,0.396483,1.4866
"('TANK', 'TANK', 'OFFENSIVE_ADV', 'SAFE', 'SAFE', 'FIELD_SHARED', 'SLOWER', 'MEC_USED', 'CLEAN', 'CLEAN', 'NEUTRAL', 'NEUTRAL', 'CLEAR', 'CLEAR', 'OPENING', 'BANCO_OFF')",54,13,13,100.000,HAZARD,22.222,2.346543,10.4494
"('SWEEPER', 'UTILITY', 'CRITICAL_DIS', 'FULL', 'FULL', 'NORMAL', 'FASTER', 'MEC_USED', 'CLEAN', 'CLEAN', 'NEUTRAL', 'NEUTRAL', 'CLEAR', 'CLEAR', 'OPENING', 'BANCO_AMBOS')",54,4,5,80.000,SWITCH_DEFENSIVE,88.889,0.445228,1.5608
"('TANK', 'TANK', 'OFFENSIVE_DIS', 'DANGER', 'FULL', 'NORMAL', 'SLOWER', 'MEC_USED', 'CLEAN', 'CLEAN', 'NEUTRAL', 'NEUTRAL', 'SET', 'SET', 'RECOVERING', 'BANCO_VAZIO')",54,13,13,100.000,STAT_CLEAN,38.889,2.078107,7.9893
"('TANK', 'TANK', 'OFFENSIVE_DIS', 'SAFE', 'SAFE', 'NORMAL', 'SLOWER', 'MEC_USED', 'CLEAN', 'CLEAN', 'NEUTRAL', 'NEUTRAL', 'SET', 'SET', 'RECOVERING', 'BANCO_VAZIO')",54,14,15,93.333,ATTACK_TECH,22.222,2.354951,10.5376
"('SWEEPER', 'TANK', 'NEUTRAL', 'FULL', 'FULL', 'NORMAL', 'FASTER', 'MEC_USED', 'CLEAN', 'CLEAN', 'NEUTRAL', 'NEUTRAL', 'CLEAR', 'CLEAR', 'OPENING', 'BANCO_DEF')",54,9,10,90.000,SWITCH_DEFENSIVE,48.148,1.609529,5.0005
"('TANK', 'TANK', 'OFFENSIVE_ADV', 'FULL', 'FULL', 'FIELD_THEIRS', 'SLOWER', 'MEC_AVAIL', 'CLEAN', 'CLEAN', 'NEUTRAL', 'NEUTRAL', 'CLEAR', 'CLEAR', 'OPENING', 'BANCO_OFF')",54,4,18,22.222,ATTACK_STRONG_MEC,88.889,0.445228,1.5608
"('TANK', 'TANK', 'DOMINANT', 'FULL', 'FULL', 'FIELD_SHARED', 'FASTER', 'MEC_USED', 'CLEAN', 'CLEAN', 'NEUTRAL', 'NEUTRAL', 'SET', 'CLEAR', 'OPENING', 'BANCO_OFF')",54,12,12,100.000,HEAL,18.519,2.267294,9.6532
"('TANK', 'TANK', 'NEUTRAL', 'DANGER', 'SAFE', 'NORMAL', 'SLOWER', 'MEC_USED', 'CLEAN', 'CLEAN', 'NEUTRAL', 'NEUTRAL', 'CLEAR', 'CLEAR', 'OPENING', 'BANCO_OFF')",54,11,13,84.615,ATTACK_PIVOT,31.481,2.044490,7.7252
"('TANK', 'TANK', 'CRITICAL_DIS', 'FULL', 'FULL', 'NORMAL', 'SLOWER', 'MEC_USED', 'CLEAN', 'CLEAN', 'NEUTRAL', 'NEUTRAL', 'CLEAR', 'CLEAR', 'OPENING', 'BANCO_VAZIO')",54,13,13,100.000,ATTACK_TECH,27.778,2.188512,8.9219
"('TANK', 'TANK', 'NEUTRAL', 'FULL', 'FULL', 'NORMAL', 'FASTER', 'MEC_USED', 'CLEAN', 'CLEAN', 'NEUTRAL', 'NEUTRAL', 'SET', 'SET', 'OPENING', 'BANCO_OFF')",54,13,14,92.857,SWITCH_OFFENSIVE,29.630,2.166927,8.7314
"('TANK', 'TANK', 'NEUTRAL', 'FULL', 'DANGER', 'NORMAL', 'SLOWER', 'MEC_USED', 'CLEAN', 'CLEAN', 'NEUTRAL', 'NEUTRAL', 'CLEAR', 'CLEAR', 'OPENING', 'BANCO_VAZIO')",54,13,13,100.000,ATTACK_PIVOT,35.185,2.160037,8.6715
"('TANK', 'SWEEPER', 'CRITICAL_DIS', 'FULL', 'FULL', 'NORMAL', 'SLOWER', 'MEC_USED', 'CLEAN', 'CLEAN', 'NEUTRAL', 'NEUTRAL', 'CLEAR', 'SET', 'RECOVERING', 'BANCO_VAZIO')",54,10,13,76.923,SWITCH_OFFENSIVE,31.481,1.937902,6.9442
"('TANK', 'TANK', 'OFFENSIVE_ADV', 'FULL', 'SAFE', 'NORMAL', 'FASTER', 'MEC_USED', 'CLEAN', 'CLEAN', 'NEUTRAL', 'NEUTRAL', 'CLEAR', 'CLEAR', 'OPENING', 'BANCO_AMBOS')",54,11,12,91.667,ATTACK_STRONG,50.000,1.773213,5.8897
"('TANK', 'TANK', 'NEUTRAL', 'FULL', 'FULL', 'NORMAL', 'SLOWER', 'MEC_USED', 'CLEAN', 'CLEAN', 'NEUTRAL', 'NEUTRAL', 'CLEAR', 'SET', 'OPENING', 'BANCO_OFF')",54,13,14,92.857,ATTACK_PREDICTIVE,31.481,2.138565,8.4872
"('TANK', 'TANK', 'NEUTRAL', 'FULL', 'SAFE', 'NORMAL', 'SLOWER', 'MEC_USED', 'CLEAN', 'CLEAN', 'NEUTRAL', 'NEUTRAL', 'CLEAR', 'SET', 'OPENING', 'BANCO_OFF')",53,11,13,84.615,SWITCH_DEFENSIVE,33.962,2.055077,7.8074
"('TANK', 'SWEEPER', 'VOLATILE', 'FULL', 'FULL', 'NORMAL', 'SLOWER', 'MEC_USED', 'CLEAN', 'CLEAN', 'NEUTRAL', 'NEUTRAL', 'CLEAR', 'CLEAR', 'OPENING', 'BANCO_OFF')",53,10,10,100.000,SWITCH_OFFENSIVE,22.642,2.081042,8.0128
"('UTILITY', 'TANK', 'VOLATILE', 'FULL', 'FULL', 'NORMAL', 'FASTER', 'MEC_USED', 'CLEAN', 'CLEAN', 'NEUTRAL', 'NEUTRAL', 'CLEAR', 'CLEAR', 'OPENING', 'BANCO_OFF')",53,8,10,80.000,SWITCH_OFFENSIVE,33.962,1.749142,5.7497
"('TANK', 'TANK', 'VOLATILE', 'FULL', 'FULL', 'FIELD_OURS_DEF', 'FASTER', 'MEC_AVAIL', 'CLEAN', 'CLEAN', 'NEUTRAL', 'NEUTRAL', 'CLEAR', 'CLEAR', 'OPENING', 'BANCO_OFF')",53,1,12,8.333,ATTACK_STRONG_MEC,100.000,-0.000000,1.0000
"('TANK', 'TANK', 'OFFENSIVE_ADV', 'SAFE', 'SAFE', 'FIELD_THEIRS', 'FASTER', 'MEC_USED', 'CLEAN', 'CLEAN', 'NEUTRAL', 'NEUTRAL', 'CLEAR', 'CLEAR', 'OPENING', 'BANCO_OFF')",53,12,12,100.000,ATTACK_STRONG,32.075,2.073287,7.9509
"('TANK', 'TANK', 'NEUTRAL', 'FULL', 'FULL', 'NORMAL', 'SLOWER', 'MEC_USED', 'CLEAN', 'CLEAN', 'NEUTRAL', 'NEUTRAL', 'SET', 'CLEAR', 'OPENING', 'BANCO_AMBOS')",53,15,15,100.000,HAZARD,13.208,2.560582,12.9433
"('TANK', 'TANK', 'NEUTRAL', 'FULL', 'FULL', 'NORMAL', 'SLOWER', 'MEC_USED', 'AFFLICTED', 'CLEAN', 'NEUTRAL', 'NEUTRAL', 'SET', 'SET', 'CLUTCH', 'BANCO_VAZIO')",53,5,10,50.000,HAZARD,66.038,0.971458,2.6418
"('TANK', 'TANK', 'NEUTRAL', 'FULL', 'FULL', 'NORMAL', 'SLOWER', 'MEC_USED', 'CLEAN', 'CLEAN', 'NEUTRAL', 'NEUTRAL', 'CLEAR', 'CLEAR', 'CLUTCH', 'BANCO_VAZIO')",53,6,13,46.154,ATTACK_PREDICTIVE,54.717,1.363956,3.9116
"('TANK', 'TANK', 'NEUTRAL', 'SAFE', 'FULL', 'NORMAL', 'FASTER', 'MEC_USED', 'CLEAN', 'CLEAN', 'NEUTRAL', 'NEUTRAL', 'CLEAR', 'CLEAR', 'BRAWL', 'BANCO_VAZIO')",53,12,12,100.000,ATTACK_TECH,22.642,2.138105,8.4833
"('TANK', 'SWEEPER', 'OFFENSIVE_ADV', 'FULL', 'FULL', 'NORMAL', 'SLOWER', 'MEC_USED', 'CLEAN', 'CLEAN', 'NEUTRAL', 'NEUTRAL', 'CLEAR', 'CLEAR', 'OPENING', 'BANCO_AMBOS')",53,12,13,92.308,ATTACK_PREDICTIVE,20.755,2.136362,8.4686
"('TANK', 'TANK', 'OFFENSIVE_ADV', 'FULL', 'FULL', 'FIELD_THEIRS', 'FASTER', 'MEC_AVAIL', 'CLEAN', 'CLEAN', 'NEUTRAL', 'NEUTRAL', 'CLEAR', 'CLEAR', 'OPENING', 'BANCO_AMBOS')",53,12,16,75.000,ATTACK_PIVOT,32.075,1.907307,6.7349
"('TANK', 'TANK', 'NEUTRAL', 'SAFE', 'SAFE', 'NORMAL', 'SLOWER', 'MEC_USED', 'CLEAN', 'CLEAN', 'NEUTRAL', 'NEUTRAL', 'SET', 'SET', 'OPENING', 'BANCO_OFF')",53,13,14,92.857,HAZARD,24.528,2.159134,8.6636
"('TANK', 'TANK', 'NEUTRAL', 'DANGER', 'SAFE', 'NORMAL', 'FASTER', 'MEC_USED', 'CLEAN', 'CLEAN', 'NEUTRAL', 'NEUTRAL', 'CLEAR', 'CLEAR', 'OPENING', 'BANCO_OFF')",53,12,13,92.308,ATTACK_PIVOT,18.868,2.317794,10.1532
"('TANK', 'TANK', 'NEUTRAL', 'SAFE', 'FULL', 'NORMAL', 'FASTER', 'MEC_USED', 'CLEAN', 'CLEAN', 'NEUTRAL', 'NEUTRAL', 'SET', 'SET', 'OPENING', 'BANCO_OFF')",53,15,15,100.000,HEAL,20.755,2.410657,11.1413
"('TANK', 'TANK', 'STALEMATE', 'FULL', 'FULL', 'NORMAL', 'SLOWER', 'MEC_USED', 'AFFLICTED', 'CLEAN', 'DEBUFF', 'NEUTRAL', 'CLEAR', 'CLEAR', 'OPENING', 'BANCO_OFF')",53,5,7,71.429,HEAL,45.283,1.122012,3.0710
"('TANK', 'TANK', 'NEUTRAL', 'DANGER', 'SAFE', 'NORMAL', 'SLOWER', 'MEC_USED', 'CLEAN', 'CLEAN', 'NEUTRAL', 'NEUTRAL', 'SET', 'SET', 'RECOVERING', 'BANCO_VAZIO')",52,15,15,100.000,ATTACK_STRONG,19.231,2.500060,12.1832
"('TANK', 'TANK', 'NEUTRAL', 'FULL', 'FULL', 'NORMAL', 'FASTER', 'MEC_USED', 'CLEAN', 'CLEAN', 'NEUTRAL', 'NEUTRAL', 'CLEAR', 'SET', 'RECOVERING', 'BANCO_VAZIO')",52,11,12,91.667,ATTACK_PIVOT,21.154,2.225656,9.2596
"('TANK', 'TANK', 'NEUTRAL', 'FULL', 'SAFE', 'NORMAL', 'SLOWER', 'MEC_USED', 'CLEAN', 'AFFLICTED', 'NEUTRAL', 'DEBUFF', 'SET', 'SET', 'CLUTCH', 'BANCO_VAZIO')",52,1,10,10.000,ATTACK_STRONG,100.000,-0.000000,1.0000
"('TANK', 'TANK', 'OFFENSIVE_ADV', 'FULL', 'SAFE', 'NORMAL', 'FASTER', 'MEC_USED', 'CLEAN', 'CLEAN', 'NEUTRAL', 'NEUTRAL', 'CLEAR', 'SET', 'OPENING', 'BANCO_OFF')",52,11,11,100.000,ATTACK_STRONG,30.769,2.062543,7.8659
"('TANK', 'TANK', 'NEUTRAL', 'FULL', 'FULL', 'NORMAL', 'SLOWER', 'MEC_USED', 'CLEAN', 'CLEAN', 'NEUTRAL', 'NEUTRAL', 'CLEAR', 'SET', 'OPENING', 'BANCO_AMBOS')",52,3,13,23.077,SWITCH_OFFENSIVE,94.231,0.257292,1.2934
"('TANK', 'TANK', 'OFFENSIVE_ADV', 'FULL', 'CRIT', 'NORMAL', 'FASTER', 'MEC_USED', 'CLEAN', 'CLEAN', 'NEUTRAL', 'NEUTRAL', 'CLEAR', 'CLEAR', 'OPENING', 'BANCO_OFF')",52,10,12,83.333,ATTACK_PREDICTIVE,51.923,1.609657,5.0011
"('SWEEPER', 'TANK', 'OFFENSIVE_ADV', 'FULL', 'SAFE', 'NORMAL', 'FASTER', 'MEC_USED', 'CLEAN', 'CLEAN', 'NEUTRAL', 'DEBUFF', 'CLEAR', 'CLEAR', 'OPENING', 'BANCO_OFF')",52,8,8,100.000,ATTACK_STRONG,38.462,1.715885,5.5616
"('TANK', 'TANK', 'OFFENSIVE_ADV', 'SAFE', 'FULL', 'NORMAL', 'SLOWER', 'MEC_USED', 'CLEAN', 'CLEAN', 'NEUTRAL', 'NEUTRAL', 'CLEAR', 'CLEAR', 'RECOVERING', 'BANCO_VAZIO')",52,13,14,92.857,ATTACK_STRONG,23.077,2.195841,8.9876
"('TANK', 'TANK', 'NEUTRAL', 'SAFE', 'SAFE', 'NORMAL', 'SLOWER', 'MEC_USED', 'CLEAN', 'CLEAN', 'NEUTRAL', 'NEUTRAL', 'SET', 'CLEAR', 'OPENING', 'BANCO_VAZIO')",52,13,14,92.857,ATTACK_PIVOT,21.154,2.331950,10.2980
"('TANK', 'TANK', 'DOMINANT', 'FULL', 'FULL', 'NORMAL', 'FASTER', 'MEC_USED', 'CLEAN', 'CLEAN', 'NEUTRAL', 'NEUTRAL', 'SET', 'CLEAR', 'OPENING', 'BANCO_OFF')",52,14,14,100.000,SWITCH_DEFENSIVE,13.462,2.526162,12.5054
"('TANK', 'TANK', 'DEFENSIVE_DIS', 'FULL', 'FULL', 'NORMAL', 'FASTER', 'MEC_USED', 'CLEAN', 'CLEAN', 'NEUTRAL', 'NEUTRAL', 'SET', 'CLEAR', 'OPENING', 'BANCO_OFF')",52,14,14,100.000,ATTACK_TECH,23.077,2.281580,9.7921
"('TANK', 'TANK', 'NEUTRAL', 'FULL', 'SAFE', 'NORMAL', 'SLOWER', 'MEC_USED', 'CLEAN', 'CLEAN', 'NEUTRAL', 'NEUTRAL', 'SET', 'CLEAR', 'OPENING', 'BANCO_VAZIO')",52,12,14,85.714,ATTACK_STRONG,30.769,2.126232,8.3832
"('TANK', 'TANK', 'NEUTRAL', 'FULL', 'DANGER', 'NORMAL', 'SLOWER', 'MEC_USED', 'CLEAN', 'CLEAN', 'NEUTRAL', 'NEUTRAL', 'SET', 'SET', 'RECOVERING', 'BANCO_VAZIO')",51,12,14,85.714,STAT_CLEAN,21.569,2.152197,8.6037
"('TANK', 'TANK', 'NEUTRAL', 'FULL', 'DANGER', 'NORMAL', 'FASTER', 'MEC_USED', 'CLEAN', 'CLEAN', 'NEUTRAL', 'NEUTRAL', 'CLEAR', 'CLEAR', 'OPENING', 'BANCO_OFF')",51,12,13,92.308,SWITCH_DEFENSIVE,21.569,2.273900,9.7172
"('TANK', 'TANK', 'NEUTRAL', 'SAFE', 'SAFE', 'NORMAL', 'FASTER', 'MEC_USED', 'CLEAN', 'CLEAN', 'NEUTRAL', 'NEUTRAL', 'CLEAR', 'SET', 'RECOVERING', 'BANCO_VAZIO')",51,12,14,85.714,ATTACK_TECH,23.529,2.157055,8.6456
"('TANK', 'SWEEPER', 'OFFENSIVE_DIS', 'SAFE', 'SAFE', 'NORMAL', 'SLOWER', 'MEC_USED', 'CLEAN', 'CLEAN', 'NEUTRAL', 'NEUTRAL', 'CLEAR', 'CLEAR', 'OPENING', 'BANCO_OFF')",51,9,13,69.231,STATUS,43.137,1.802956,6.0676
"('TANK', 'TANK', 'OFFENSIVE_DIS', 'SAFE', 'FULL', 'FIELD_SHARED', 'SLOWER', 'MEC_USED', 'CLEAN', 'CLEAN', 'NEUTRAL', 'NEUTRAL', 'CLEAR', 'CLEAR', 'OPENING', 'BANCO_AMBOS')",51,11,13,84.615,HAZARD,25.490,2.174942,8.8017
"('TANK', 'TANK', 'NEUTRAL', 'FULL', 'DANGER', 'NORMAL', 'FASTER', 'MEC_USED', 'CLEAN', 'CLEAN', 'NEUTRAL', 'NEUTRAL', 'CLEAR', 'CLEAR', 'OPENING', 'BANCO_VAZIO')",51,10,13,76.923,ATTACK_STRONG,25.490,2.070988,7.9327
"('TANK', 'TANK', 'NEUTRAL', 'FULL', 'FULL', 'FIELD_SHARED', 'FASTER', 'MEC_AVAIL', 'CLEAN', 'CLEAN', 'NEUTRAL', 'NEUTRAL', 'CLEAR', 'CLEAR', 'OPENING', 'BANCO_AMBOS')",51,17,22,77.273,ATTACK_PREDICTIVE_MEC,35.294,2.330959,10.2878
"('TANK', 'TANK', 'STALEMATE', 'SAFE', 'FULL', 'NORMAL', 'FASTER', 'MEC_USED', 'CLEAN', 'CLEAN', 'DEBUFF', 'NEUTRAL', 'CLEAR', 'CLEAR', 'CLUTCH', 'BANCO_VAZIO')",50,5,5,100.000,CLEAN_HAZARD,32.000,1.470935,4.3533
"('TANK', 'TANK', 'OFFENSIVE_DIS', 'FULL', 'FULL', 'NORMAL', 'FASTER', 'MEC_USED', 'CLEAN', 'CLEAN', 'NEUTRAL', 'NEUTRAL', 'CLEAR', 'CLEAR', 'RECOVERING', 'BANCO_VAZIO')",50,13,13,100.000,STATUS,16.000,2.376412,10.7662
"('TANK', 'TANK', 'CRITICAL_DIS', 'SAFE', 'FULL', 'NORMAL', 'SLOWER', 'MEC_USED', 'CLEAN', 'CLEAN', 'NEUTRAL', 'NEUTRAL', 'CLEAR', 'CLEAR', 'OPENING', 'BANCO_OFF')",50,13,13,100.000,PROTECT,20.000,2.285190,9.8276
"('SWEEPER', 'TANK', 'NEUTRAL', 'FULL', 'FULL', 'NORMAL', 'FASTER', 'MEC_AVAIL', 'CLEAN', 'CLEAN', 'NEUTRAL', 'NEUTRAL', 'CLEAR', 'CLEAR', 'OPENING', 'BANCO_AMBOS')",50,13,14,92.857,STATUS_MEC,16.000,2.421757,11.2656
"('SWEEPER', 'TANK', 'OFFENSIVE_ADV', 'FULL', 'SAFE', 'NORMAL', 'FASTER', 'MEC_USED', 'CLEAN', 'CLEAN', 'NEUTRAL', 'NEUTRAL', 'CLEAR', 'CLEAR', 'OPENING', 'BANCO_OFF')",50,9,9,100.000,ATTACK_STRONG,30.000,1.885720,6.5911
"('TANK', 'TANK', 'NEUTRAL', 'FULL', 'SAFE', 'NORMAL', 'FASTER', 'MEC_USED', 'CLEAN', 'CLEAN', 'NEUTRAL', 'NEUTRAL', 'CLEAR', 'CLEAR', 'RECOVERING', 'BANCO_VAZIO')",50,12,12,100.000,ATTACK_STRONG,18.000,2.331242,10.2907
"('SWEEPER', 'TANK', 'VOLATILE', 'FULL', 'FULL', 'NORMAL', 'FASTER', 'MEC_USED', 'CLEAN', 'CLEAN', 'NEUTRAL', 'NEUTRAL', 'CLEAR', 'CLEAR', 'OPENING', 'BANCO_OFF')",50,8,8,100.000,ATTACK_STRONG,36.000,1.857617,6.4084
"('TANK', 'UTILITY', 'VOLATILE', 'FULL', 'FULL', 'NORMAL', 'SLOWER', 'MEC_USED', 'CLEAN', 'CLEAN', 'NEUTRAL', 'NEUTRAL', 'CLEAR', 'CLEAR', 'OPENING', 'BANCO_OFF')",50,10,12,83.333,SWITCH_DEFENSIVE,28.000,1.930752,6.8947
"('TANK', 'TANK', 'DEFENSIVE_DIS', 'FULL', 'SAFE', 'NORMAL', 'FASTER', 'MEC_USED', 'CLEAN', 'CLEAN', 'NEUTRAL', 'NEUTRAL', 'CLEAR', 'CLEAR', 'OPENING', 'BANCO_OFF')",50,11,12,91.667,STATUS,20.000,2.177858,8.8274
"('TANK', 'TANK', 'NEUTRAL', 'FULL', 'FULL', 'NORMAL', 'SLOWER', 'MEC_USED', 'AFFLICTED', 'CLEAN', 'DEBUFF', 'NEUTRAL', 'SET', 'SET', 'CLUTCH', 'BANCO_VAZIO')",50,6,11,54.545,HAZARD,60.000,1.231683,3.4270
"('TANK', 'TANK', 'CRITICAL_DIS', 'FULL', 'SAFE', 'NORMAL', 'FASTER', 'MEC_USED', 'AFFLICTED', 'AFFLICTED', 'NEUTRAL', 'DEBUFF', 'SET', 'SET', 'RECOVERING', 'BANCO_VAZIO')",50,4,4,100.000,HAZARD,62.000,1.050587,2.8593
"('TANK', 'TANK', 'DEFENSIVE_DIS', 'FULL', 'FULL', 'NORMAL', 'SLOWER', 'MEC_USED', 'CLEAN', 'AFFLICTED', 'NEUTRAL', 'NEUTRAL', 'SET', 'SET', 'RECOVERING', 'BANCO_VAZIO')",49,10,10,100.000,STAT_CLEAN,57.143,1.580941,4.8595
"('TANK', 'UTILITY', 'STALEMATE', 'FULL', 'FULL', 'NORMAL', 'SLOWER', 'MEC_USED', 'CLEAN', 'CLEAN', 'NEUTRAL', 'NEUTRAL', 'CLEAR', 'CLEAR', 'OPENING', 'BANCO_OFF')",49,11,13,84.615,ATTACK_STRONG,38.776,1.819110,6.1664
"('TANK', 'TANK', 'OFFENSIVE_DIS', 'SAFE', 'SAFE', 'NORMAL', 'SLOWER', 'MEC_USED', 'CLEAN', 'CLEAN', 'NEUTRAL', 'NEUTRAL', 'SET', 'CLEAR', 'OPENING', 'BANCO_OFF')",49,12,14,85.714,STAT_CLEAN,34.694,2.088182,8.0702
"('TANK', 'SWEEPER', 'NEUTRAL', 'FULL', 'FULL', 'FIELD_THEIRS', 'SLOWER', 'MEC_USED', 'CLEAN', 'CLEAN', 'NEUTRAL', 'NEUTRAL', 'CLEAR', 'CLEAR', 'OPENING', 'BANCO_OFF')",49,11,12,91.667,ATTACK_PREDICTIVE,30.612,1.948009,7.0147
"('TANK', 'TANK', 'OFFENSIVE_ADV', 'FULL', 'FULL', 'NORMAL', 'SLOWER', 'MEC_USED', 'CLEAN', 'CLEAN', 'NEUTRAL', 'NEUTRAL', 'CLEAR', 'CLEAR', 'BRAWL', 'BANCO_OFF')",49,6,13,46.154,ATTACK_STRONG,73.469,0.913782,2.4937
"('TANK', 'TANK', 'OFFENSIVE_ADV', 'FULL', 'FULL', 'NORMAL', 'FASTER', 'MEC_AVAIL', 'CLEAN', 'CLEAN', 'NEUTRAL', 'NEUTRAL', 'CLEAR', 'CLEAR', 'OPENING', 'BANCO_VAZIO')",49,13,17,76.471,ATTACK_STRONG_MEC,28.571,2.273217,9.7106
"('TANK', 'TANK', 'CRITICAL_DIS', 'FULL', 'FULL', 'FIELD_OURS_OFF', 'FASTER', 'MEC_USED', 'CLEAN', 'CLEAN', 'NEUTRAL', 'NEUTRAL', 'CLEAR', 'CLEAR', 'OPENING', 'BANCO_OFF')",49,9,11,81.818,ATTACK_PREDICTIVE,38.776,1.834451,6.2617
"('TANK', 'TANK', 'DEFENSIVE_DIS', 'FULL', 'FULL', 'NORMAL', 'FASTER', 'MEC_USED', 'CLEAN', 'CLEAN', 'NEUTRAL', 'NEUTRAL', 'CLEAR', 'CLEAR', 'RECOVERING', 'BANCO_VAZIO')",49,11,12,91.667,ATTACK_STRONG,18.367,2.157431,8.6489
"('SWEEPER', 'TANK', 'NEUTRAL', 'FULL', 'FULL', 'NORMAL', 'FASTER', 'MEC_USED', 'CLEAN', 'CLEAN', 'NEUTRAL', 'NEUTRAL', 'CLEAR', 'CLEAR', 'OPENING', 'BANCO_VAZIO')",49,8,9,88.889,SWITCH_OFFENSIVE,32.653,1.844869,6.3273
"('TANK', 'TANK', 'OFFENSIVE_ADV', 'FULL', 'FULL', 'FIELD_OURS_DEF', 'FASTER', 'MEC_USED', 'CLEAN', 'CLEAN', 'NEUTRAL', 'NEUTRAL', 'CLEAR', 'CLEAR', 'OPENING', 'BANCO_OFF')",49,7,9,77.778,ATTACK_PREDICTIVE,40.816,1.639665,5.1534
"('TANK', 'TANK', 'STALEMATE', 'SAFE', 'SAFE', 'NORMAL', 'SLOWER', 'MEC_USED', 'AFFLICTED', 'AFFLICTED', 'DEBUFF', 'DEBUFF', 'SET', 'SET', 'CLUTCH', 'BANCO_VAZIO')",49,5,6,83.333,STAT_CLEAN,53.061,1.161327,3.1942
"('TANK', 'TANK', 'OFFENSIVE_ADV', 'SAFE', 'DANGER', 'NORMAL', 'FASTER', 'MEC_USED', 'CLEAN', 'CLEAN', 'NEUTRAL', 'NEUTRAL', 'CLEAR', 'CLEAR', 'OPENING', 'BANCO_OFF')",49,14,14,100.000,ATTACK_PREDICTIVE,32.653,2.183085,8.8736
"('SWEEPER', 'SWEEPER', 'NEUTRAL', 'FULL', 'FULL', 'NORMAL', 'FASTER', 'MEC_USED', 'CLEAN', 'CLEAN', 'DEBUFF', 'NEUTRAL', 'CLEAR', 'CLEAR', 'OPENING', 'BANCO_OFF')",49,5,5,100.000,SWITCH_DEFENSIVE,48.980,1.209076,3.3504
"('TANK', 'TANK', 'OFFENSIVE_DIS', 'FULL', 'SAFE', 'NORMAL', 'SLOWER', 'MEC_USED', 'CLEAN', 'CLEAN', 'NEUTRAL', 'NEUTRAL', 'CLEAR', 'CLEAR', 'RECOVERING', 'BANCO_VAZIO')",49,10,11,90.909,HEAL,34.694,1.889814,6.6181
"('TANK', 'TANK', 'NEUTRAL', 'FULL', 'FULL', 'NORMAL', 'SLOWER', 'MEC_USED', 'AFFLICTED', 'AFFLICTED', 'DEBUFF', 'DEBUFF', 'SET', 'SET', 'CLUTCH', 'BANCO_VAZIO')",49,2,5,40.000,STAT_CLEAN,85.714,0.410116,1.5070
"('TANK', 'TANK', 'OFFENSIVE_ADV', 'FULL', 'FULL', 'FIELD_SHARED', 'SLOWER', 'MEC_AVAIL', 'CLEAN', 'CLEAN', 'NEUTRAL', 'NEUTRAL', 'CLEAR', 'CLEAR', 'OPENING', 'BANCO_OFF')",48,12,20,60.000,ATTACK_STRONG_MEC,58.333,1.616802,5.0370
"('TANK', 'TANK', 'OFFENSIVE_ADV', 'FULL', 'SAFE', 'NORMAL', 'FASTER', 'MEC_USED', 'CLEAN', 'CLEAN', 'NEUTRAL', 'NEUTRAL', 'CLEAR', 'CLEAR', 'BRAWL', 'BANCO_OFF')",48,10,11,90.909,ATTACK_STRONG,14.583,2.255815,9.5431
"('TANK', 'TANK', 'DOMINANT', 'FULL', 'FULL', 'NORMAL', 'SLOWER', 'MEC_USED', 'CLEAN', 'CLEAN', 'NEUTRAL', 'NEUTRAL', 'CLEAR', 'CLEAR', 'OPENING', 'BANCO_VAZIO')",48,11,12,91.667,ATTACK_PIVOT,22.917,2.160609,8.6764
"('TANK', 'TANK', 'DEFENSIVE_ADV', 'FULL', 'FULL', 'NORMAL', 'SLOWER', 'MEC_USED', 'CLEAN', 'CLEAN', 'NEUTRAL', 'NEUTRAL', 'CLEAR', 'CLEAR', 'OPENING', 'BANCO_VAZIO')",48,11,11,100.000,ATTACK_PIVOT,31.250,2.082901,8.0277
"('TANK', 'TANK', 'NEUTRAL', 'DANGER', 'FULL', 'NORMAL', 'FASTER', 'MEC_USED', 'CLEAN', 'CLEAN', 'NEUTRAL', 'NEUTRAL', 'CLEAR', 'CLEAR', 'OPENING', 'BANCO_VAZIO')",48,10,10,100.000,HEAL,25.000,2.149042,8.5766
"('SWEEPER', 'SWEEPER', 'NEUTRAL', 'FULL', 'FULL', 'NORMAL', 'FASTER', 'MEC_USED', 'CLEAN', 'CLEAN', 'NEUTRAL', 'NEUTRAL', 'CLEAR', 'CLEAR', 'OPENING', 'BANCO_AMBOS')",48,9,9,100.000,SWITCH_OFFENSIVE,25.000,1.917217,6.8020
"('TANK', 'TANK', 'NEUTRAL', 'FULL', 'FULL', 'FIELD_OURS_DEF', 'FASTER', 'MEC_USED', 'CLEAN', 'CLEAN', 'NEUTRAL', 'NEUTRAL', 'CLEAR', 'CLEAR', 'OPENING', 'BANCO_DEF')",48,6,9,66.667,DISRUPTION,37.500,1.569413,4.8038
"('TANK', 'TANK', 'NEUTRAL', 'SAFE', 'FULL', 'FIELD_OURS_OFF', 'FASTER', 'MEC_USED', 'CLEAN', 'CLEAN', 'NEUTRAL', 'NEUTRAL', 'CLEAR', 'CLEAR', 'OPENING', 'BANCO_AMBOS')",48,10,11,90.909,ATTACK_TECH,52.083,1.575625,4.8338
"('SWEEPER', 'TANK', 'OFFENSIVE_ADV', 'SAFE', 'FULL', 'NORMAL', 'FASTER', 'MEC_USED', 'CLEAN', 'CLEAN', 'NEUTRAL', 'DEBUFF', 'CLEAR', 'CLEAR', 'OPENING', 'BANCO_OFF')",48,9,10,90.000,ATTACK_PREDICTIVE,47.917,1.695425,5.4490
"('TANK', 'TANK', 'NEUTRAL', 'SAFE', 'FULL', 'NORMAL', 'FASTER', 'MEC_USED', 'CLEAN', 'CLEAN', 'NEUTRAL', 'NEUTRAL', 'CLEAR', 'SET', 'OPENING', 'BANCO_OFF')",48,8,12,66.667,HEAL,58.333,1.407928,4.0875
"('TANK', 'TANK', 'OFFENSIVE_ADV', 'DANGER', 'SAFE', 'NORMAL', 'FASTER', 'MEC_USED', 'CLEAN', 'CLEAN', 'NEUTRAL', 'NEUTRAL', 'CLEAR', 'CLEAR', 'OPENING', 'BANCO_OFF')",48,12,12,100.000,SWITCH_OFFENSIVE,18.750,2.323771,10.2141
"('TANK', 'TANK', 'NEUTRAL', 'FULL', 'FULL', 'NORMAL', 'FASTER', 'MEC_USED', 'CLEAN', 'CLEAN', 'NEUTRAL', 'NEUTRAL', 'CLEAR', 'SET', 'OPENING', 'BANCO_VAZIO')",48,12,12,100.000,ATTACK_PREDICTIVE,25.000,2.204425,9.0650
"('TANK', 'TANK', 'OFFENSIVE_DIS', 'SAFE', 'FULL', 'NORMAL', 'SLOWER', 'MEC_USED', 'CLEAN', 'CLEAN', 'NEUTRAL', 'NEUTRAL', 'CLEAR', 'SET', 'RECOVERING', 'BANCO_VAZIO')",48,11,13,84.615,HEAL,43.750,1.842253,6.3107
"('TANK', 'TANK', 'DOMINANT', 'FULL', 'SAFE', 'FIELD_THEIRS', 'FASTER', 'MEC_USED', 'CLEAN', 'CLEAN', 'NEUTRAL', 'NEUTRAL', 'CLEAR', 'CLEAR', 'OPENING', 'BANCO_AMBOS')",48,12,12,100.000,SWITCH_OFFENSIVE,18.750,2.258326,9.5671
"('TANK', 'UTILITY', 'OFFENSIVE_ADV', 'SAFE', 'FULL', 'NORMAL', 'SLOWER', 'MEC_USED', 'CLEAN', 'CLEAN', 'NEUTRAL', 'NEUTRAL', 'CLEAR', 'CLEAR', 'OPENING', 'BANCO_OFF')",47,13,13,100.000,SWITCH_DEFENSIVE,23.404,2.348405,10.4689
"('TANK', 'TANK', 'OFFENSIVE_DIS', 'SAFE', 'FULL', 'NORMAL', 'FASTER', 'MEC_USED', 'CLEAN', 'CLEAN', 'NEUTRAL', 'NEUTRAL', 'CLEAR', 'SET', 'RECOVERING', 'BANCO_VAZIO')",47,12,12,100.000,STATUS,21.277,2.293398,9.9086
"('TANK', 'TANK', 'NEUTRAL', 'SAFE', 'DANGER', 'NORMAL', 'FASTER', 'MEC_USED', 'CLEAN', 'CLEAN', 'NEUTRAL', 'NEUTRAL', 'CLEAR', 'CLEAR', 'OPENING', 'BANCO_OFF')",47,11,14,78.571,HEAL,42.553,1.878370,6.5428
"('TANK', 'TANK', 'DOMINANT', 'FULL', 'FULL', 'FIELD_SHARED', 'FASTER', 'MEC_AVAIL', 'CLEAN', 'CLEAN', 'NEUTRAL', 'NEUTRAL', 'CLEAR', 'CLEAR', 'OPENING', 'BANCO_AMBOS')",47,9,11,81.818,ATTACK_STRONG_MEC,36.170,1.805215,6.0813
"('SWEEPER', 'TANK', 'DEFENSIVE_DIS', 'FULL', 'FULL', 'FIELD_THEIRS', 'FASTER', 'MEC_USED', 'CLEAN', 'CLEAN', 'NEUTRAL', 'NEUTRAL', 'CLEAR', 'CLEAR', 'OPENING', 'BANCO_OFF')",47,8,9,88.889,SWITCH_DEFENSIVE,42.553,1.705340,5.5033
"('TANK', 'TANK', 'DEFENSIVE_ADV', 'FULL', 'FULL', 'NORMAL', 'FASTER', 'MEC_USED', 'CLEAN', 'CLEAN', 'NEUTRAL', 'NEUTRAL', 'CLEAR', 'CLEAR', 'OPENING', 'BANCO_OFF')",47,12,12,100.000,SWITCH_OFFENSIVE,17.021,2.301103,9.9852
"('TANK', 'TANK', 'NEUTRAL', 'SAFE', 'SAFE', 'NORMAL', 'SLOWER', 'MEC_USED', 'CLEAN', 'CLEAN', 'NEUTRAL', 'NEUTRAL', 'SET', 'SET', 'BRAWL', 'BANCO_VAZIO')",47,10,15,66.667,STAT_CLEAN,23.404,1.924714,6.8532
"('TANK', 'TANK', 'NEUTRAL', 'SAFE', 'FULL', 'FIELD_OURS_OFF', 'FASTER', 'MEC_USED', 'CLEAN', 'CLEAN', 'NEUTRAL', 'NEUTRAL', 'CLEAR', 'CLEAR', 'OPENING', 'BANCO_OFF')",47,10,11,90.909,ATTACK_PREDICTIVE,34.043,2.010050,7.4637
"('TANK', 'TANK', 'NEUTRAL', 'FULL', 'FULL', 'FIELD_OURS_OFF', 'SLOWER', 'MEC_USED', 'CLEAN', 'CLEAN', 'NEUTRAL', 'NEUTRAL', 'CLEAR', 'CLEAR', 'OPENING', 'BANCO_VAZIO')",47,7,8,87.500,SWITCH_OFFENSIVE,72.340,1.028327,2.7964
"('TANK', 'TANK', 'DEFENSIVE_ADV', 'FULL', 'FULL', 'NORMAL', 'SLOWER', 'MEC_USED', 'CLEAN', 'CLEAN', 'NEUTRAL', 'NEUTRAL', 'CLEAR', 'CLEAR', 'OPENING', 'BANCO_DEF')",47,10,11,90.909,ATTACK_STRONG,44.681,1.789545,5.9867
"('TANK', 'TANK', 'NEUTRAL', 'FULL', 'SAFE', 'NORMAL', 'SLOWER', 'MEC_USED', 'CLEAN', 'CLEAN', 'NEUTRAL', 'NEUTRAL', 'SET', 'SET', 'RECOVERING', 'BANCO_VAZIO')",47,11,13,84.615,ATTACK_STRONG,17.021,2.221659,9.2226
"('TANK', 'TANK', 'DEFENSIVE_ADV', 'FULL', 'FULL', 'NORMAL', 'FASTER', 'MEC_AVAIL', 'CLEAN', 'CLEAN', 'NEUTRAL', 'NEUTRAL', 'CLEAR', 'CLEAR', 'OPENING', 'BANCO_AMBOS')",47,10,16,62.500,SWITCH_OFFENSIVE,31.915,1.761900,5.8235
"('TANK', 'TANK', 'NEUTRAL', 'FULL', 'SAFE', 'NORMAL', 'FASTER', 'MEC_USED', 'CLEAN', 'CLEAN', 'NEUTRAL', 'NEUTRAL', 'SET', 'CLEAR', 'BRAWL', 'BANCO_VAZIO')",47,10,13,76.923,CLEAN_HAZARD,55.319,1.612592,5.0158
"('TANK', 'TANK', 'VOLATILE', 'SAFE', 'FULL', 'NORMAL', 'FASTER', 'MEC_AVAIL', 'CLEAN', 'CLEAN', 'NEUTRAL', 'NEUTRAL', 'CLEAR', 'CLEAR', 'OPENING', 'BANCO_OFF')",47,13,16,81.250,HEAL_MEC,31.915,2.243110,9.4226
"('TANK', 'UTILITY', 'NEUTRAL', 'FULL', 'FULL', 'FIELD_OURS_OFF', 'FASTER', 'MEC_USED', 'CLEAN', 'CLEAN', 'NEUTRAL', 'NEUTRAL', 'CLEAR', 'CLEAR', 'OPENING', 'BANCO_AMBOS')",47,10,10,100.000,STATUS,31.915,1.981697,7.2550
"('TANK', 'TANK', 'NEUTRAL', 'FULL', 'FULL', 'NORMAL', 'SLOWER', 'MEC_USED', 'CLEAN', 'CLEAN', 'NEUTRAL', 'NEUTRAL', 'CLEAR', 'CLEAR', 'BRAWL', 'BANCO_VAZIO')",47,13,13,100.000,ATTACK_TECH,17.021,2.343821,10.4210
"('TANK', 'TANK', 'DEFENSIVE_DIS', 'SAFE', 'FULL', 'NORMAL', 'FASTER', 'MEC_USED', 'CLEAN', 'CLEAN', 'NEUTRAL', 'NEUTRAL', 'CLEAR', 'CLEAR', 'RECOVERING', 'BANCO_VAZIO')",47,13,13,100.000,HEAL,23.404,2.324049,10.2170
"('TANK', 'TANK', 'NEUTRAL', 'DANGER', 'SAFE', 'NORMAL', 'SLOWER', 'MEC_USED', 'CLEAN', 'CLEAN', 'NEUTRAL', 'NEUTRAL', 'CLEAR', 'CLEAR', 'OPENING', 'BANCO_VAZIO')",47,13,13,100.000,HEAL,25.532,2.314707,10.1220
"('TANK', 'TANK', 'CRITICAL_DIS', 'FULL', 'FULL', 'NORMAL', 'FASTER', 'MEC_USED', 'AFFLICTED', 'AFFLICTED', 'NEUTRAL', 'DEBUFF', 'CLEAR', 'SET', 'CLUTCH', 'BANCO_VAZIO')",47,2,3,66.667,HEAL,63.830,0.654391,1.9240
"('TANK', 'TANK', 'STALEMATE', 'FULL', 'FULL', 'FIELD_SHARED', 'FASTER', 'MEC_USED', 'CLEAN', 'CLEAN', 'NEUTRAL', 'NEUTRAL', 'CLEAR', 'CLEAR', 'OPENING', 'BANCO_AMBOS')",46,2,12,16.667,SWITCH_OFFENSIVE,65.217,0.646091,1.9081
"('SWEEPER', 'SWEEPER', 'NEUTRAL', 'FULL', 'FULL', 'FIELD_THEIRS', 'SLOWER', 'MEC_USED', 'CLEAN', 'CLEAN', 'NEUTRAL', 'NEUTRAL', 'CLEAR', 'CLEAR', 'OPENING', 'BANCO_OFF')",46,9,10,90.000,ATTACK_PIVOT,34.783,1.850744,6.3646
"('SWEEPER', 'TANK', 'OFFENSIVE_ADV', 'FULL', 'FULL', 'NORMAL', 'FASTER', 'MEC_AVAIL', 'CLEAN', 'CLEAN', 'NEUTRAL', 'NEUTRAL', 'CLEAR', 'CLEAR', 'OPENING', 'BANCO_OFF')",46,14,14,100.000,ATTACK_STRONG_MEC,19.565,2.289569,9.8707
"('TANK', 'UTILITY', 'DOMINANT', 'FULL', 'FULL', 'FIELD_SHARED', 'SLOWER', 'MEC_USED', 'CLEAN', 'CLEAN', 'NEUTRAL', 'NEUTRAL', 'CLEAR', 'CLEAR', 'OPENING', 'BANCO_AMBOS')",46,3,8,37.500,ATTACK_STRONG,95.652,0.208982,1.2324
"('TANK', 'TANK', 'OFFENSIVE_ADV', 'FULL', 'DANGER', 'NORMAL', 'SLOWER', 'MEC_USED', 'CLEAN', 'CLEAN', 'NEUTRAL', 'NEUTRAL', 'CLEAR', 'CLEAR', 'OPENING', 'BANCO_OFF')",46,12,14,85.714,ATTACK_PIVOT,26.087,2.217290,9.1824
"('TANK', 'TANK', 'DOMINANT', 'FULL', 'SAFE', 'NORMAL', 'FASTER', 'MEC_USED', 'CLEAN', 'CLEAN', 'NEUTRAL', 'NEUTRAL', 'CLEAR', 'CLEAR', 'OPENING', 'BANCO_OFF')",46,12,12,100.000,SWITCH_DEFENSIVE,21.739,2.317960,10.1549
"('TANK', 'SWEEPER', 'DEFENSIVE_ADV', 'FULL', 'FULL', 'NORMAL', 'SLOWER', 'MEC_USED', 'CLEAN', 'CLEAN', 'NEUTRAL', 'NEUTRAL', 'CLEAR', 'CLEAR', 'OPENING', 'BANCO_OFF')",46,8,13,61.538,ATTACK_PIVOT,39.130,1.746517,5.7346
"('TANK', 'TANK', 'DEFENSIVE_DIS', 'SAFE', 'FULL', 'NORMAL', 'FASTER', 'MEC_USED', 'CLEAN', 'CLEAN', 'BUFFED', 'NEUTRAL', 'CLEAR', 'CLEAR', 'OPENING', 'BANCO_OFF')",46,9,9,100.000,ATTACK_STRONG,28.261,1.872443,6.5042
"('TANK', 'TANK', 'VOLATILE', 'FULL', 'FULL', 'FIELD_OURS_DEF', 'SLOWER', 'MEC_USED', 'CLEAN', 'CLEAN', 'NEUTRAL', 'NEUTRAL', 'CLEAR', 'CLEAR', 'OPENING', 'BANCO_OFF')",46,6,8,75.000,ATTACK_PREDICTIVE,82.609,0.733268,2.0819
"('SWEEPER', 'TANK', 'NEUTRAL', 'SAFE', 'FULL', 'NORMAL', 'FASTER', 'MEC_USED', 'CLEAN', 'CLEAN', 'NEUTRAL', 'NEUTRAL', 'CLEAR', 'CLEAR', 'OPENING', 'BANCO_AMBOS')",46,8,10,80.000,ATTACK_STRONG,58.696,1.417821,4.1281
"('TANK', 'TANK', 'VOLATILE', 'SAFE', 'FULL', 'NORMAL', 'SLOWER', 'MEC_USED', 'CLEAN', 'CLEAN', 'NEUTRAL', 'NEUTRAL', 'CLEAR', 'CLEAR', 'OPENING', 'BANCO_OFF')",46,12,12,100.000,HEAL,21.739,2.267556,9.6558
"('TANK', 'TANK', 'NEUTRAL', 'FULL', 'FULL', 'NORMAL', 'SLOWER', 'MEC_USED', 'CLEAN', 'CLEAN', 'NEUTRAL', 'NEUTRAL', 'CLEAR', 'CLEAR', 'BRAWL', 'BANCO_OFF')",46,11,13,84.615,ATTACK_TECH,41.304,1.836289,6.2732
"('TANK', 'TANK', 'NEUTRAL', 'SAFE', 'SAFE', 'FIELD_SHARED', 'SLOWER', 'MEC_USED', 'CLEAN', 'CLEAN', 'NEUTRAL', 'NEUTRAL', 'CLEAR', 'CLEAR', 'OPENING', 'BANCO_VAZIO')",46,12,13,92.308,ATTACK_PIVOT,17.391,2.288938,9.8645
"('TANK', 'TANK', 'NEUTRAL', 'DANGER', 'SAFE', 'NORMAL', 'FASTER', 'MEC_USED', 'CLEAN', 'CLEAN', 'NEUTRAL', 'NEUTRAL', 'CLEAR', 'CLEAR', 'OPENING', 'BANCO_VAZIO')",46,11,12,91.667,HEAL,23.913,2.224497,9.2488
"('TANK', 'UTILITY', 'DEFENSIVE_DIS', 'FULL', 'FULL', 'NORMAL', 'SLOWER', 'MEC_USED', 'CLEAN', 'CLEAN', 'NEUTRAL', 'NEUTRAL', 'CLEAR', 'CLEAR', 'OPENING', 'BANCO_OFF')",46,12,12,100.000,ATTACK_PIVOT,32.609,2.149533,8.5809
"('TANK', 'TANK', 'CRITICAL_DIS', 'SAFE', 'FULL', 'NORMAL', 'FASTER', 'MEC_USED', 'CLEAN', 'CLEAN', 'NEUTRAL', 'NEUTRAL', 'CLEAR', 'CLEAR', 'OPENING', 'BANCO_OFF')",46,13,14,92.857,HEAL,23.913,2.396037,10.9796
"('TANK', 'TANK', 'OFFENSIVE_DIS', 'FULL', 'FULL', 'NORMAL', 'FASTER', 'MEC_USED', 'CLEAN', 'CLEAN', 'NEUTRAL', 'NEUTRAL', 'SET', 'SET', 'RECOVERING', 'BANCO_VAZIO')",46,9,14,64.286,STAT_CLEAN,34.783,1.627781,5.0926
"('TANK', 'TANK', 'OFFENSIVE_DIS', 'FULL', 'SAFE', 'FIELD_THEIRS', 'SLOWER', 'MEC_USED', 'CLEAN', 'CLEAN', 'NEUTRAL', 'NEUTRAL', 'CLEAR', 'CLEAR', 'OPENING', 'BANCO_OFF')",46,9,11,81.818,ATTACK_TECH,30.435,1.875452,6.5238
"('TANK', 'TANK', 'OFFENSIVE_DIS', 'SAFE', 'FULL', 'NORMAL', 'SLOWER', 'MEC_USED', 'CLEAN', 'CLEAN', 'NEUTRAL', 'NEUTRAL', 'CLEAR', 'CLEAR', 'OPENING', 'BANCO_VAZIO')",46,13,14,92.857,HEAL,23.913,2.365900,10.6536
"('TANK', 'TANK', 'OFFENSIVE_ADV', 'FULL', 'FULL', 'NORMAL', 'FASTER', 'MEC_AVAIL', 'CLEAN', 'CLEAN', 'NEUTRAL', 'NEUTRAL', 'SET', 'CLEAR', 'OPENING', 'BANCO_OFF')",46,15,20,75.000,BUFF_MEC,15.217,2.431994,11.3816
"('TANK', 'TANK', 'OFFENSIVE_ADV', 'FULL', 'FULL', 'FIELD_THEIRS', 'FASTER', 'MEC_USED', 'CLEAN', 'CLEAN', 'NEUTRAL', 'NEUTRAL', 'SET', 'CLEAR', 'OPENING', 'BANCO_OFF')",46,11,12,91.667,BUFF,21.739,2.231537,9.3142
"('TANK', 'SWEEPER', 'VOLATILE', 'FULL', 'FULL', 'FIELD_OURS_OFF', 'SLOWER', 'MEC_USED', 'CLEAN', 'CLEAN', 'NEUTRAL', 'NEUTRAL', 'CLEAR', 'CLEAR', 'OPENING', 'BANCO_OFF')",46,7,7,100.000,SWITCH_DEFENSIVE,30.435,1.738037,5.6862
"('TANK', 'TANK', 'NEUTRAL', 'SAFE', 'SAFE', 'NORMAL', 'FASTER', 'MEC_USED', 'CLEAN', 'CLEAN', 'NEUTRAL', 'NEUTRAL', 'CLEAR', 'SET', 'OPENING', 'BANCO_VAZIO')",46,13,15,86.667,ATTACK_STRONG,23.913,2.290612,9.8810
"('TANK', 'TANK', 'NEUTRAL', 'SAFE', 'DANGER', 'NORMAL', 'SLOWER', 'MEC_USED', 'CLEAN', 'CLEAN', 'NEUTRAL', 'NEUTRAL', 'CLEAR', 'CLEAR', 'OPENING', 'BANCO_OFF')",46,14,14,100.000,ATTACK_PREDICTIVE,26.087,2.357229,10.5616
"('TANK', 'TANK', 'DEFENSIVE_DIS', 'FULL', 'FULL', 'NORMAL', 'SLOWER', 'MEC_USED', 'CLEAN', 'CLEAN', 'NEUTRAL', 'NEUTRAL', 'CLEAR', 'CLEAR', 'RECOVERING', 'BANCO_VAZIO')",46,13,13,100.000,STAT_CLEAN,17.391,2.365595,10.6504
"('TANK', 'TANK', 'DEFENSIVE_DIS', 'SAFE', 'SAFE', 'NORMAL', 'FASTER', 'MEC_USED', 'CLEAN', 'CLEAN', 'NEUTRAL', 'NEUTRAL', 'CLEAR', 'CLEAR', 'OPENING', 'BANCO_AMBOS')",46,10,11,90.909,SWITCH_OFFENSIVE,34.783,1.906682,6.7307
"('TANK', 'TANK', 'NEUTRAL', 'DANGER', 'FULL', 'NORMAL', 'FASTER', 'MEC_USED', 'CLEAN', 'CLEAN', 'NEUTRAL', 'NEUTRAL', 'SET', 'CLEAR', 'OPENING', 'BANCO_OFF')",46,13,14,92.857,HEAL,23.913,2.159320,8.6652
"('TANK', 'TANK', 'CRITICAL_DIS', 'FULL', 'FULL', 'NORMAL', 'FASTER', 'MEC_USED', 'CLEAN', 'AFFLICTED', 'NEUTRAL', 'DEBUFF', 'SET', 'SET', 'CLUTCH', 'BANCO_VAZIO')",46,2,6,33.333,HAZARD,97.826,0.104732,1.1104
"('TANK', 'TANK', 'DEFENSIVE_DIS', 'FULL', 'SAFE', 'NORMAL', 'SLOWER', 'MEC_USED', 'CLEAN', 'CLEAN', 'NEUTRAL', 'NEUTRAL', 'SET', 'SET', 'RECOVERING', 'BANCO_VAZIO')",46,11,13,84.615,ATTACK_PREDICTIVE,36.957,1.925568,6.8590
"('TANK', 'TANK', 'CRITICAL_DIS', 'FULL', 'FULL', 'NORMAL', 'FASTER', 'MEC_USED', 'AFFLICTED', 'AFFLICTED', 'DEBUFF', 'DEBUFF', 'SET', 'SET', 'RECOVERING', 'BANCO_VAZIO')",46,3,7,42.857,HAZARD,91.304,0.344338,1.4111
"('TANK', 'TANK', 'NEUTRAL', 'DANGER', 'FULL', 'NORMAL', 'FASTER', 'MEC_USED', 'AFFLICTED', 'AFFLICTED', 'DEBUFF', 'NEUTRAL', 'CLEAR', 'CLEAR', 'CLUTCH', 'BANCO_VAZIO')",46,5,7,71.429,ATTACK_PREDICTIVE,43.478,1.121871,3.0706
"('TANK', 'TANK', 'DEFENSIVE_ADV', 'FULL', 'FULL', 'NORMAL', 'SLOWER', 'MEC_USED', 'CLEAN', 'AFFLICTED', 'NEUTRAL', 'NEUTRAL', 'CLEAR', 'SET', 'CLUTCH', 'BANCO_VAZIO')",46,3,5,60.000,STAT_CLEAN,54.348,0.776760,2.1744
"('TANK', 'TANK', 'NEUTRAL', 'FULL', 'FULL', 'NORMAL', 'SLOWER', 'MEC_USED', 'AFFLICTED', 'AFFLICTED', 'DEBUFF', 'NEUTRAL', 'SET', 'CLEAR', 'CLUTCH', 'BANCO_VAZIO')",46,1,1,100.000,STAT_CLEAN,100.000,-0.000000,1.0000
"('TANK', 'TANK', 'NEUTRAL', 'FULL', 'FULL', 'NORMAL', 'SLOWER', 'MEC_USED', 'AFFLICTED', 'AFFLICTED', 'NEUTRAL', 'DEBUFF', 'CLEAR', 'SET', 'CLUTCH', 'BANCO_VAZIO')",45,5,10,50.000,HAZARD,71.111,0.966846,2.6296
"('TANK', 'TANK', 'STALEMATE', 'FULL', 'FULL', 'NORMAL', 'FASTER', 'MEC_USED', 'CLEAN', 'CLEAN', 'DEBUFF', 'NEUTRAL', 'CLEAR', 'CLEAR', 'CLUTCH', 'BANCO_VAZIO')",45,5,7,71.429,ATTACK_PIVOT,46.667,1.125689,3.0823
"('TANK', 'TANK', 'OFFENSIVE_ADV', 'SAFE', 'FULL', 'FIELD_SHARED', 'FASTER', 'MEC_AVAIL', 'CLEAN', 'CLEAN', 'NEUTRAL', 'NEUTRAL', 'CLEAR', 'CLEAR', 'OPENING', 'BANCO_OFF')",45,14,18,77.778,ATTACK_STRONG_MEC,13.333,2.490328,12.0652
"('TANK', 'TANK', 'NEUTRAL', 'FULL', 'FULL', 'FIELD_SHARED', 'SLOWER', 'MEC_AVAIL', 'CLEAN', 'CLEAN', 'NEUTRAL', 'NEUTRAL', 'CLEAR', 'CLEAR', 'OPENING', 'BANCO_AMBOS')",45,12,16,75.000,FIELD_CONTROL_MEC,17.778,2.279653,9.7733
"('TANK', 'TANK', 'DOMINANT', 'FULL', 'FULL', 'NORMAL', 'SLOWER', 'MEC_USED', 'CLEAN', 'CLEAN', 'NEUTRAL', 'NEUTRAL', 'SET', 'CLEAR', 'OPENING', 'BANCO_OFF')",45,14,15,93.333,ATTACK_STRONG,35.556,2.212273,9.1365
"('TANK', 'TANK', 'DEFENSIVE_DIS', 'FULL', 'SAFE', 'FIELD_OURS_DEF', 'FASTER', 'MEC_USED', 'CLEAN', 'CLEAN', 'NEUTRAL', 'NEUTRAL', 'CLEAR', 'CLEAR', 'OPENING', 'BANCO_AMBOS')",45,3,8,37.500,SWITCH_DEFENSIVE,82.222,0.534988,1.7074
"('TANK', 'TANK', 'OFFENSIVE_ADV', 'SAFE', 'FULL', 'NORMAL', 'FASTER', 'MEC_USED', 'CLEAN', 'CLEAN', 'NEUTRAL', 'NEUTRAL', 'CLEAR', 'SET', 'OPENING', 'BANCO_OFF')",45,11,12,91.667,ATTACK_PREDICTIVE,22.222,2.178542,8.8334
"('TANK', 'TANK', 'NEUTRAL', 'SAFE', 'FULL', 'NORMAL', 'FASTER', 'MEC_USED', 'AFFLICTED', 'CLEAN', 'NEUTRAL', 'NEUTRAL', 'CLEAR', 'CLEAR', 'RECOVERING', 'BANCO_VAZIO')",45,11,14,78.571,STATUS,28.889,1.982544,7.2612
"('TANK', 'TANK', 'DOMINANT', 'FULL', 'FULL', 'FIELD_OURS_OFF', 'SLOWER', 'MEC_USED', 'CLEAN', 'CLEAN', 'NEUTRAL', 'NEUTRAL', 'CLEAR', 'CLEAR', 'OPENING', 'BANCO_OFF')",45,10,11,90.909,ATTACK_TECH,17.778,2.159503,8.6668
"('TANK', 'TANK', 'OFFENSIVE_ADV', 'FULL', 'SAFE', 'FIELD_SHARED', 'FASTER', 'MEC_USED', 'CLEAN', 'CLEAN', 'NEUTRAL', 'NEUTRAL', 'CLEAR', 'CLEAR', 'OPENING', 'BANCO_AMBOS')",45,10,10,100.000,ATTACK_STRONG,26.667,1.907436,6.7358
"('TANK', 'TANK', 'NEUTRAL', 'SAFE', 'DANGER', 'NORMAL', 'SLOWER', 'MEC_USED', 'CLEAN', 'CLEAN', 'NEUTRAL', 'NEUTRAL', 'CLEAR', 'CLEAR', 'OPENING', 'BANCO_VAZIO')",45,10,12,83.333,ATTACK_STRONG,26.667,2.106086,8.2160
"('TANK', 'TANK', 'CRITICAL_DIS', 'FULL', 'FULL', 'NORMAL', 'FASTER', 'MEC_USED', 'CLEAN', 'CLEAN', 'NEUTRAL', 'NEUTRAL', 'SET', 'CLEAR', 'OPENING', 'BANCO_OFF')",45,14,15,93.333,ATTACK_PREDICTIVE,22.222,2.359551,10.5862
"('TANK', 'TANK', 'CRITICAL_DIS', 'FULL', 'FULL', 'NORMAL', 'SLOWER', 'MEC_USED', 'CLEAN', 'CLEAN', 'NEUTRAL', 'NEUTRAL', 'CLEAR', 'SET', 'RECOVERING', 'BANCO_VAZIO')",45,8,10,80.000,ATTACK_STRONG,33.333,1.712409,5.5423
"('TANK', 'TANK', 'CRITICAL_DIS', 'FULL', 'FULL', 'NORMAL', 'SLOWER', 'MEC_USED', 'AFFLICTED', 'CLEAN', 'NEUTRAL', 'DEBUFF', 'SET', 'SET', 'CLUTCH', 'BANCO_VAZIO')",45,3,4,75.000,HAZARD,82.222,0.591233,1.8062
"('TANK', 'TANK', 'NEUTRAL', 'FULL', 'SAFE', 'NORMAL', 'FASTER', 'MEC_USED', 'CLEAN', 'CLEAN', 'NEUTRAL', 'NEUTRAL', 'SET', 'CLEAR', 'OPENING', 'BANCO_VAZIO')",45,13,14,92.857,ATTACK_PREDICTIVE,20.000,2.348461,10.4694
"('TANK', 'TANK', 'DEFENSIVE_ADV', 'FULL', 'FULL', 'NORMAL', 'SLOWER', 'MEC_USED', 'AFFLICTED', 'AFFLICTED', 'DEBUFF_DEBUFF', 'NEUTRAL', 'SET', 'SET', 'CLUTCH', 'BANCO_VAZIO')",44,5,7,71.429,HAZARD,56.818,1.120048,3.0650
"('TANK', 'TANK', 'DEFENSIVE_DIS', 'FULL', 'SAFE', 'NORMAL', 'SLOWER', 'MEC_USED', 'CLEAN', 'AFFLICTED', 'NEUTRAL', 'NEUTRAL', 'CLEAR', 'CLEAR', 'CLUTCH', 'BANCO_VAZIO')",44,5,8,62.500,ATTACK_STRONG,56.818,1.122392,3.0722
"('TANK', 'TANK', 'NEUTRAL', 'SAFE', 'FULL', 'NORMAL', 'FASTER', 'MEC_USED', 'CLEAN', 'CLEAN', 'NEUTRAL', 'NEUTRAL', 'CLEAR', 'CLEAR', 'CLUTCH', 'BANCO_VAZIO')",44,10,12,83.333,HEAL,29.545,1.981562,7.2541
"('TANK', 'TANK', 'OFFENSIVE_DIS', 'SAFE', 'SAFE', 'NORMAL', 'FASTER', 'MEC_USED', 'CLEAN', 'CLEAN', 'NEUTRAL', 'NEUTRAL', 'CLEAR', 'SET', 'RECOVERING', 'BANCO_VAZIO')",44,12,12,100.000,ATTACK_TECH,25.000,2.132256,8.4339
"('TANK', 'TANK', 'DEFENSIVE_DIS', 'FULL', 'SAFE', 'NORMAL', 'SLOWER', 'MEC_USED', 'CLEAN', 'AFFLICTED', 'NEUTRAL', 'NEUTRAL', 'CLEAR', 'SET', 'CLUTCH', 'BANCO_VAZIO')",44,4,8,50.000,ATTACK_STRONG,63.636,0.957810,2.6060
"('TANK', 'TANK', 'CRITICAL_DIS', 'FULL', 'FULL', 'NORMAL', 'SLOWER', 'MEC_USED', 'CLEAN', 'CLEAN', 'NEUTRAL', 'NEUTRAL', 'CLEAR', 'CLEAR', 'CLUTCH', 'BANCO_VAZIO')",44,7,12,58.333,ATTACK_TECH,27.273,1.678116,5.3555
"('TANK', 'TANK', 'OFFENSIVE_DIS', 'FULL', 'FULL', 'NORMAL', 'FASTER', 'MEC_USED', 'AFFLICTED', 'AFFLICTED', 'NEUTRAL', 'NEUTRAL', 'CLEAR', 'CLEAR', 'CLUTCH', 'BANCO_VAZIO')",44,5,6,83.333,HEAL,52.273,1.212280,3.3611
"('TANK', 'TANK', 'NEUTRAL', 'FULL', 'SAFE', 'NORMAL', 'SLOWER', 'MEC_USED', 'CLEAN', 'CLEAN', 'DEBUFF', 'NEUTRAL', 'CLEAR', 'CLEAR', 'CLUTCH', 'BANCO_VAZIO')",44,5,9,55.556,ATTACK_STRONG,86.364,0.579625,1.7854
"('TANK', 'UTILITY', 'STALEMATE', 'FULL', 'FULL', 'NORMAL', 'SLOWER', 'MEC_USED', 'CLEAN', 'CLEAN', 'NEUTRAL', 'NEUTRAL', 'CLEAR', 'CLEAR', 'OPENING', 'BANCO_AMBOS')",44,8,10,80.000,ATTACK_PIVOT,34.091,1.655669,5.2366
"('TANK', 'TANK', 'CRITICAL_DIS', 'FULL', 'FULL', 'NORMAL', 'FASTER', 'MEC_USED', 'CLEAN', 'CLEAN', 'NEUTRAL', 'NEUTRAL', 'SET', 'SET', 'RECOVERING', 'BANCO_VAZIO')",44,11,13,84.615,BUFF,54.545,1.617335,5.0396
"('TANK', 'TANK', 'DEFENSIVE_DIS', 'FULL', 'FULL', 'FIELD_OURS_OFF', 'FASTER', 'MEC_USED', 'CLEAN', 'CLEAN', 'NEUTRAL', 'NEUTRAL', 'CLEAR', 'CLEAR', 'OPENING', 'BANCO_VAZIO')",44,9,9,100.000,ATTACK_TECH,27.273,1.934746,6.9223
"('TANK', 'TANK', 'VOLATILE', 'FULL', 'SAFE', 'FIELD_THEIRS', 'FASTER', 'MEC_USED', 'CLEAN', 'CLEAN', 'NEUTRAL', 'NEUTRAL', 'CLEAR', 'CLEAR', 'OPENING', 'BANCO_OFF')",44,10,10,100.000,ATTACK_TECH,22.727,2.100661,8.1716
"('SWEEPER', 'TANK', 'OFFENSIVE_ADV', 'FULL', 'FULL', 'NORMAL', 'FASTER', 'MEC_AVAIL', 'CLEAN', 'CLEAN', 'NEUTRAL', 'NEUTRAL', 'CLEAR', 'CLEAR', 'OPENING', 'BANCO_AMBOS')",44,11,14,78.571,ATTACK_PIVOT,29.545,2.134265,8.4508
"('TANK', 'TANK', 'OFFENSIVE_ADV', 'SAFE', 'SAFE', 'NORMAL', 'FASTER', 'MEC_USED', 'CLEAN', 'CLEAN', 'NEUTRAL', 'NEUTRAL', 'CLEAR', 'SET', 'OPENING', 'BANCO_OFF')",44,6,13,46.154,ATTACK_STRONG,54.545,1.269595,3.5594
"('TANK', 'SWEEPER', 'OFFENSIVE_DIS', 'SAFE', 'FULL', 'FIELD_SHARED', 'SLOWER', 'MEC_USED', 'CLEAN', 'CLEAN', 'NEUTRAL', 'NEUTRAL', 'CLEAR', 'CLEAR', 'OPENING', 'BANCO_OFF')",44,7,12,58.333,HEAL,72.727,0.987817,2.6854
"('TANK', 'TANK', 'NEUTRAL', 'FULL', 'SAFE', 'FIELD_SHARED', 'SLOWER', 'MEC_USED', 'CLEAN', 'CLEAN', 'NEUTRAL', 'NEUTRAL', 'CLEAR', 'CLEAR', 'OPENING', 'BANCO_VAZIO')",44,14,14,100.000,ATTACK_TECH,22.727,2.363033,10.6231
"('TANK', 'TANK', 'STALEMATE', 'FULL', 'FULL', 'NORMAL', 'SLOWER', 'MEC_USED', 'AFFLICTED', 'CLEAN', 'DEBUFF', 'NEUTRAL', 'CLEAR', 'CLEAR', 'RECOVERING', 'BANCO_VAZIO')",44,3,3,100.000,STAT_CLEAN,75.000,0.734587,2.0846
"('TANK', 'TANK', 'OFFENSIVE_DIS', 'SAFE', 'FULL', 'NORMAL', 'FASTER', 'MEC_USED', 'CLEAN', 'CLEAN', 'NEUTRAL', 'NEUTRAL', 'SET', 'SET', 'RECOVERING', 'BANCO_VAZIO')",43,11,12,91.667,STAT_CLEAN,25.581,2.136195,8.4672
"('TANK', 'TANK', 'OFFENSIVE_DIS', 'FULL', 'FULL', 'NORMAL', 'FASTER', 'MEC_USED', 'CLEAN', 'CLEAN', 'NEUTRAL', 'NEUTRAL', 'CLEAR', 'SET', 'RECOVERING', 'BANCO_VAZIO')",43,12,13,92.308,ATTACK_TECH,25.581,2.196407,8.9926
"('SWEEPER', 'SWEEPER', 'OFFENSIVE_ADV', 'FULL', 'FULL', 'NORMAL', 'FASTER', 'MEC_USED', 'CLEAN', 'CLEAN', 'NEUTRAL', 'DEBUFF', 'CLEAR', 'CLEAR', 'OPENING', 'BANCO_AMBOS')",43,5,6,83.333,ATTACK_PREDICTIVE,90.698,0.438435,1.5503
"('TANK', 'SWEEPER', 'NEUTRAL', 'FULL', 'FULL', 'FIELD_THEIRS', 'SLOWER', 'MEC_AVAIL', 'CLEAN', 'CLEAN', 'NEUTRAL', 'NEUTRAL', 'CLEAR', 'CLEAR', 'OPENING', 'BANCO_OFF')",43,11,16,68.750,FIELD_CONTROL_MEC,20.930,2.170697,8.7644
"('SWEEPER', 'TANK', 'CRITICAL_DIS', 'FULL', 'FULL', 'NORMAL', 'FASTER', 'MEC_USED', 'CLEAN', 'CLEAN', 'NEUTRAL', 'NEUTRAL', 'CLEAR', 'CLEAR', 'OPENING', 'BANCO_OFF')",43,7,8,87.500,ATTACK_STRONG,30.233,1.563272,4.7744
"('TANK', 'TANK', 'VOLATILE', 'FULL', 'FULL', 'NORMAL', 'FASTER', 'MEC_USED', 'CLEAN', 'CLEAN', 'NEUTRAL', 'NEUTRAL', 'CLEAR', 'CLEAR', 'BRAWL', 'BANCO_OFF')",43,11,14,78.571,ATTACK_STRONG,39.535,1.911497,6.7632
"('TANK', 'TANK', 'NEUTRAL', 'SAFE', 'DANGER', 'NORMAL', 'SLOWER', 'MEC_USED', 'CLEAN', 'CLEAN', 'NEUTRAL', 'NEUTRAL', 'CLEAR', 'SET', 'RECOVERING', 'BANCO_VAZIO')",43,10,11,90.909,HEAL,48.837,1.714518,5.5540
"('SWEEPER', 'SWEEPER', 'OFFENSIVE_ADV', 'FULL', 'FULL', 'FIELD_OURS_OFF', 'FASTER', 'MEC_USED', 'CLEAN', 'CLEAN', 'NEUTRAL', 'NEUTRAL', 'CLEAR', 'CLEAR', 'OPENING', 'BANCO_OFF')",43,7,7,100.000,ATTACK_STRONG,37.209,1.756223,5.7905
"('TANK', 'TANK', 'OFFENSIVE_ADV', 'FULL', 'FULL', 'NORMAL', 'SLOWER', 'MEC_USED', 'CLEAN', 'CLEAN', 'NEUTRAL', 'NEUTRAL', 'CLEAR', 'SET', 'OPENING', 'BANCO_OFF')",43,11,14,78.571,ATTACK_STRONG,37.209,1.933483,6.9135
"('TANK', 'TANK', 'OFFENSIVE_ADV', 'FULL', 'SAFE', 'NORMAL', 'SLOWER', 'MEC_USED', 'CLEAN', 'CLEAN', 'NEUTRAL', 'NEUTRAL', 'CLEAR', 'CLEAR', 'OPENING', 'BANCO_AMBOS')",43,9,12,75.000,HEAL,34.884,1.902076,6.6998
"('TANK', 'TANK', 'OFFENSIVE_DIS', 'FULL', 'FULL', 'NORMAL', 'SLOWER', 'MEC_USED', 'AFFLICTED', 'AFFLICTED', 'DEBUFF', 'NEUTRAL', 'CLEAR', 'SET', 'CLUTCH', 'BANCO_VAZIO')",43,3,4,75.000,HAZARD,81.395,0.585060,1.7951
"('TANK', 'TANK', 'NEUTRAL', 'FULL', 'FULL', 'NORMAL', 'SLOWER', 'MEC_USED', 'AFFLICTED', 'CLEAN', 'DEBUFF_DEBUFF', 'NEUTRAL', 'CLEAR', 'CLEAR', 'RECOVERING', 'BANCO_VAZIO')",42,5,6,83.333,CLEAN_HAZARD,66.667,1.035628,2.8169
"('TANK', 'TANK', 'DEFENSIVE_DIS', 'SAFE', 'FULL', 'FIELD_SHARED', 'FASTER', 'MEC_USED', 'CLEAN', 'CLEAN', 'NEUTRAL', 'NEUTRAL', 'CLEAR', 'CLEAR', 'OPENING', 'BANCO_AMBOS')",42,11,13,84.615,SWITCH_DEFENSIVE,23.810,2.093497,8.1132
"('TANK', 'TANK', 'DOMINANT', 'SAFE', 'FULL', 'NORMAL', 'SLOWER', 'MEC_USED', 'CLEAN', 'CLEAN', 'NEUTRAL', 'NEUTRAL', 'CLEAR', 'CLEAR', 'OPENING', 'BANCO_AMBOS')",42,11,13,84.615,ATTACK_PREDICTIVE,19.048,2.237603,9.3708
"('TANK', 'TANK', 'OFFENSIVE_DIS', 'SAFE', 'FULL', 'FIELD_SHARED', 'SLOWER', 'MEC_USED', 'CLEAN', 'CLEAN', 'NEUTRAL', 'NEUTRAL', 'CLEAR', 'CLEAR', 'OPENING', 'BANCO_OFF')",42,15,15,100.000,HEAL,14.286,2.588221,13.3061
"('TANK', 'TANK', 'OFFENSIVE_DIS', 'FULL', 'FULL', 'FIELD_OURS_DEF', 'FASTER', 'MEC_USED', 'CLEAN', 'CLEAN', 'NEUTRAL', 'NEUTRAL', 'CLEAR', 'CLEAR', 'OPENING', 'BANCO_OFF')",42,6,6,100.000,ATTACK_STRONG,30.952,1.631993,5.1141
"('TANK', 'TANK', 'NEUTRAL', 'SAFE', 'SAFE', 'NORMAL', 'FASTER', 'MEC_USED', 'CLEAN', 'CLEAN', 'NEUTRAL', 'NEUTRAL', 'CLEAR', 'SET', 'OPENING', 'BANCO_OFF')",42,13,15,86.667,ATTACK_PREDICTIVE,21.429,2.313355,10.1083
"('TANK', 'TANK', 'NEUTRAL', 'SAFE', 'FULL', 'NORMAL', 'FASTER', 'MEC_USED', 'AFFLICTED', 'CLEAN', 'DEBUFF', 'NEUTRAL', 'CLEAR', 'CLEAR', 'CLUTCH', 'BANCO_VAZIO')",42,5,9,55.556,ATTACK_STRONG,42.857,1.295625,3.6533
"('TANK', 'TANK', 'NEUTRAL', 'FULL', 'FULL', 'NORMAL', 'FASTER', 'MEC_USED', 'AFFLICTED', 'AFFLICTED', 'DEBUFF_DEBUFF', 'DEBUFF_DEBUFF', 'SET', 'SET', 'CLUTCH', 'BANCO_VAZIO')",42,2,4,50.000,HAZARD,97.619,0.112516,1.1191
"('TANK', 'TANK', 'OFFENSIVE_ADV', 'SAFE', 'FULL', 'NORMAL', 'SLOWER', 'MEC_USED', 'CLEAN', 'CLEAN', 'NEUTRAL', 'NEUTRAL', 'CLEAR', 'SET', 'OPENING', 'BANCO_OFF')",41,10,14,71.429,HEAL,36.585,1.911062,6.7603
"('TANK', 'TANK', 'OFFENSIVE_DIS', 'SAFE', 'SAFE', 'NORMAL', 'SLOWER', 'MEC_USED', 'CLEAN', 'CLEAN', 'NEUTRAL', 'NEUTRAL', 'CLEAR', 'CLEAR', 'OPENING', 'BANCO_VAZIO')",41,13,13,100.000,HEAL,19.512,2.294883,9.9233
"('SWEEPER', 'TANK', 'NEUTRAL', 'FULL', 'SAFE', 'NORMAL', 'FASTER', 'MEC_USED', 'CLEAN', 'CLEAN', 'NEUTRAL', 'NEUTRAL', 'CLEAR', 'CLEAR', 'OPENING', 'BANCO_OFF')",41,8,9,88.889,SWITCH_DEFENSIVE,58.537,1.396455,4.0408
"('TANK', 'TANK', 'NEUTRAL', 'FULL', 'FULL', 'NORMAL', 'SLOWER', 'MEC_USED', 'AFFLICTED', 'CLEAN', 'NEUTRAL', 'NEUTRAL', 'SET', 'SET', 'RECOVERING', 'BANCO_VAZIO')",41,6,8,75.000,ATTACK_STRONG,65.854,1.084661,2.9584
"('TANK', 'TANK', 'OFFENSIVE_DIS', 'FULL', 'FULL', 'NORMAL', 'SLOWER', 'MEC_USED', 'AFFLICTED', 'AFFLICTED', 'NEUTRAL', 'NEUTRAL', 'CLEAR', 'SET', 'RECOVERING', 'BANCO_VAZIO')",41,6,7,85.714,HAZARD,41.463,1.414078,4.1127
"('TANK', 'SWEEPER', 'NEUTRAL', 'FULL', 'SAFE', 'NORMAL', 'SLOWER', 'MEC_USED', 'CLEAN', 'CLEAN', 'NEUTRAL', 'NEUTRAL', 'CLEAR', 'CLEAR', 'OPENING', 'BANCO_OFF')",41,12,14,85.714,ATTACK_STRONG,19.512,2.310041,10.0748
"('TANK', 'TANK', 'DEFENSIVE_DIS', 'FULL', 'FULL', 'FIELD_SHARED', 'FASTER', 'MEC_AVAIL', 'CLEAN', 'CLEAN', 'NEUTRAL', 'NEUTRAL', 'CLEAR', 'CLEAR', 'OPENING', 'BANCO_AMBOS')",41,10,14,71.429,ATTACK_PREDICTIVE_MEC,21.951,2.079295,7.9988
"('TANK', 'TANK', 'NEUTRAL', 'SAFE', 'FULL', 'FIELD_SHARED', 'SLOWER', 'MEC_USED', 'CLEAN', 'CLEAN', 'NEUTRAL', 'NEUTRAL', 'CLEAR', 'CLEAR', 'OPENING', 'BANCO_VAZIO')",41,13,14,92.857,ATTACK_PIVOT,14.634,2.411477,11.1504
"('TANK', 'TANK', 'CRITICAL_DIS', 'FULL', 'SAFE', 'NORMAL', 'SLOWER', 'MEC_USED', 'CLEAN', 'CLEAN', 'NEUTRAL', 'NEUTRAL', 'CLEAR', 'CLEAR', 'RECOVERING', 'BANCO_VAZIO')",41,12,13,92.308,ATTACK_STRONG,31.707,2.120269,8.3334
"('TANK', 'TANK', 'OFFENSIVE_DIS', 'FULL', 'SAFE', 'NORMAL', 'SLOWER', 'MEC_USED', 'CLEAN', 'CLEAN', 'NEUTRAL', 'NEUTRAL', 'SET', 'SET', 'RECOVERING', 'BANCO_VAZIO')",41,6,14,42.857,STATUS,39.024,1.404152,4.0721
"('TANK', 'TANK', 'OFFENSIVE_ADV', 'SAFE', 'FULL', 'NORMAL', 'FASTER', 'MEC_USED', 'CLEAN', 'CLEAN', 'NEUTRAL', 'NEUTRAL', 'CLEAR', 'CLEAR', 'OPENING', 'BANCO_VAZIO')",41,11,12,91.667,HEAL,31.707,2.095842,8.1323
"('TANK', 'UTILITY', 'STALEMATE', 'FULL', 'FULL', 'FIELD_SHARED', 'SLOWER', 'MEC_USED', 'CLEAN', 'CLEAN', 'NEUTRAL', 'NEUTRAL', 'CLEAR', 'CLEAR', 'OPENING', 'BANCO_OFF')",41,8,10,80.000,ATTACK_TECH,48.780,1.637459,5.1421
"('TANK', 'TANK', 'NEUTRAL', 'SAFE', 'SAFE', 'NORMAL', 'FASTER', 'MEC_USED', 'CLEAN', 'CLEAN', 'NEUTRAL', 'NEUTRAL', 'SET', 'SET', 'BRAWL', 'BANCO_VAZIO')",40,8,14,57.143,ATTACK_STRONG,45.000,1.395227,4.0359
"('TANK', 'TANK', 'NEUTRAL', 'FULL', 'FULL', 'NORMAL', 'SLOWER', 'MEC_USED', 'CLEAN', 'CLEAN', 'DEBUFF', 'DEBUFF', 'CLEAR', 'SET', 'CLUTCH', 'BANCO_VAZIO')",40,4,4,100.000,STATUS,37.500,1.255482,3.5095
"('TANK', 'TANK', 'OFFENSIVE_ADV', 'FULL', 'DANGER', 'FIELD_SHARED', 'FASTER', 'MEC_USED', 'CLEAN', 'CLEAN', 'NEUTRAL', 'NEUTRAL', 'CLEAR', 'CLEAR', 'OPENING', 'BANCO_OFF')",40,13,13,100.000,ATTACK_STRONG,35.000,2.087322,8.0633
"('TANK', 'TANK', 'NEUTRAL', 'SAFE', 'SAFE', 'NORMAL', 'FASTER', 'MEC_USED', 'CLEAN', 'CLEAN', 'NEUTRAL', 'NEUTRAL', 'SET', 'SET', 'RECOVERING', 'BANCO_VAZIO')",40,10,12,83.333,HEAL,20.000,2.167864,8.7396
"('TANK', 'TANK', 'NEUTRAL', 'SAFE', 'DANGER', 'NORMAL', 'SLOWER', 'MEC_USED', 'CLEAN', 'CLEAN', 'NEUTRAL', 'NEUTRAL', 'SET', 'SET', 'RECOVERING', 'BANCO_VAZIO')",40,12,13,92.308,STAT_CLEAN,30.000,2.148466,8.5717
"('TANK', 'TANK', 'OFFENSIVE_DIS', 'FULL', 'FULL', 'NORMAL', 'FASTER', 'MEC_USED', 'CLEAN', 'CLEAN', 'NEUTRAL', 'NEUTRAL', 'CLEAR', 'CLEAR', 'BRAWL', 'BANCO_OFF')",40,12,14,85.714,HAZARD,30.000,2.059306,7.8405
"('TANK', 'TANK', 'NEUTRAL', 'FULL', 'FULL', 'NORMAL', 'FASTER', 'MEC_USED', 'CLEAN', 'CLEAN', 'NEUTRAL', 'NEUTRAL', 'CLEAR', 'SET', 'OPENING', 'BANCO_OFF')",40,9,12,75.000,ATTACK_STRONG,35.000,1.804751,6.0785
"('TANK', 'TANK', 'OFFENSIVE_DIS', 'FULL', 'SAFE', 'FIELD_SHARED', 'SLOWER', 'MEC_USED', 'CLEAN', 'CLEAN', 'NEUTRAL', 'NEUTRAL', 'CLEAR', 'CLEAR', 'OPENING', 'BANCO_OFF')",40,15,15,100.000,SWITCH_OFFENSIVE,17.500,2.531828,12.5765
"('UTILITY', 'TANK', 'OFFENSIVE_ADV', 'FULL', 'FULL', 'FIELD_SHARED', 'FASTER', 'MEC_USED', 'CLEAN', 'CLEAN', 'NEUTRAL', 'NEUTRAL', 'CLEAR', 'CLEAR', 'OPENING', 'BANCO_OFF')",40,7,7,100.000,SWITCH_OFFENSIVE,30.000,1.833694,6.2570
"('TANK', 'TANK', 'DEFENSIVE_ADV', 'FULL', 'FULL', 'NORMAL', 'SLOWER', 'MEC_USED', 'AFFLICTED', 'AFFLICTED', 'DEBUFF', 'DEBUFF', 'SET', 'CLEAR', 'CLUTCH', 'BANCO_VAZIO')",40,2,2,100.000,STAT_CLEAN,72.500,0.588169,1.8007
"('UTILITY', 'UTILITY', 'NEUTRAL', 'FULL', 'FULL', 'NORMAL', 'FASTER', 'MEC_USED', 'CLEAN', 'CLEAN', 'NEUTRAL', 'NEUTRAL', 'CLEAR', 'CLEAR', 'OPENING', 'BANCO_OFF')",40,6,6,100.000,ATTACK_PREDICTIVE,30.000,1.656947,5.2433
"('TANK', 'TANK', 'NEUTRAL', 'FULL', 'FULL', 'FIELD_SHARED', 'FASTER', 'MEC_AVAIL', 'CLEAN', 'CLEAN', 'NEUTRAL', 'NEUTRAL', 'CLEAR', 'CLEAR', 'OPENING', 'BANCO_VAZIO')",40,14,18,77.778,BUFF_MEC,20.000,2.323884,10.2153
"('SWEEPER', 'SWEEPER', 'OFFENSIVE_ADV', 'FULL', 'FULL', 'FIELD_OURS_OFF', 'FASTER', 'MEC_USED', 'CLEAN', 'CLEAN', 'NEUTRAL', 'NEUTRAL', 'CLEAR', 'CLEAR', 'OPENING', 'BANCO_AMBOS')",40,7,7,100.000,ATTACK_TECH,27.500,1.746652,5.7354
"('TANK', 'TANK', 'NEUTRAL', 'DANGER', 'FULL', 'NORMAL', 'FASTER', 'MEC_USED', 'CLEAN', 'CLEAN', 'NEUTRAL', 'NEUTRAL', 'CLEAR', 'CLEAR', 'OPENING', 'BANCO_OFF')",40,11,12,91.667,ATTACK_PIVOT,25.000,2.179663,8.8433
"('TANK', 'TANK', 'NEUTRAL', 'FULL', 'FULL', 'NORMAL', 'SLOWER', 'MEC_USED', 'CLEAN', 'CLEAN', 'NEUTRAL', 'NEUTRAL', 'SET', 'CLEAR', 'RECOVERING', 'BANCO_VAZIO')",40,12,13,92.308,ATTACK_STRONG,20.000,2.228684,9.2876
"('TANK', 'SWEEPER', 'OFFENSIVE_ADV', 'FULL', 'FULL', 'FIELD_SHARED', 'SLOWER', 'MEC_AVAIL', 'CLEAN', 'CLEAN', 'NEUTRAL', 'NEUTRAL', 'CLEAR', 'CLEAR', 'OPENING', 'BANCO_OFF')",40,5,14,35.714,ATTACK_STRONG_MEC,87.500,0.543293,1.7217
"('TANK', 'SWEEPER', 'VOLATILE', 'FULL', 'FULL', 'NORMAL', 'SLOWER', 'MEC_USED', 'CLEAN', 'CLEAN', 'NEUTRAL', 'NEUTRAL', 'CLEAR', 'CLEAR', 'OPENING', 'BANCO_AMBOS')",40,7,7,100.000,SWITCH_DEFENSIVE,32.500,1.779890,5.9292
"('TANK', 'TANK', 'NEUTRAL', 'SAFE', 'SAFE', 'NORMAL', 'SLOWER', 'MEC_USED', 'CLEAN', 'AFFLICTED', 'NEUTRAL', 'DEBUFF', 'SET', 'SET', 'CLUTCH', 'BANCO_VAZIO')",40,4,10,40.000,ATTACK_STRONG,92.500,0.348780,1.4173
"('TANK', 'TANK', 'OFFENSIVE_DIS', 'FULL', 'FULL', 'NORMAL', 'SLOWER', 'MEC_USED', 'CLEAN', 'AFFLICTED', 'NEUTRAL', 'NEUTRAL', 'SET', 'SET', 'CLUTCH', 'BANCO_VAZIO')",39,8,9,88.889,ATTACK_TECH,33.333,1.592220,4.9146
"('TANK', 'TANK', 'OFFENSIVE_ADV', 'SAFE', 'FULL', 'NORMAL', 'FASTER', 'MEC_USED', 'CLEAN', 'CLEAN', 'NEUTRAL', 'NEUTRAL', 'SET', 'SET', 'BRAWL', 'BANCO_OFF')",39,8,12,66.667,HEAL,48.718,1.540301,4.6660
"('SWEEPER', 'TANK', 'DOMINANT', 'FULL', 'FULL', 'NORMAL', 'FASTER', 'MEC_USED', 'CLEAN', 'CLEAN', 'NEUTRAL', 'NEUTRAL', 'CLEAR', 'CLEAR', 'OPENING', 'BANCO_OFF')",39,8,8,100.000,SWITCH_OFFENSIVE,23.077,1.871121,6.4956
"('TANK', 'TANK', 'DEFENSIVE_ADV', 'FULL', 'FULL', 'NORMAL', 'SLOWER', 'MEC_USED', 'CLEAN', 'AFFLICTED', 'NEUTRAL', 'DEBUFF', 'SET', 'CLEAR', 'RECOVERING', 'BANCO_VAZIO')",39,2,3,66.667,STAT_CLEAN,79.487,0.507430,1.6610
"('TANK', 'TANK', 'DEFENSIVE_ADV', 'FULL', 'FULL', 'FIELD_OURS_DEF', 'FASTER', 'MEC_USED', 'CLEAN', 'CLEAN', 'NEUTRAL', 'NEUTRAL', 'CLEAR', 'CLEAR', 'OPENING', 'BANCO_AMBOS')",39,5,5,100.000,ATTACK_STRONG,53.846,1.237487,3.4469
"('TANK', 'TANK', 'VOLATILE', 'FULL', 'SAFE', 'NORMAL', 'FASTER', 'MEC_USED', 'AFFLICTED', 'CLEAN', 'NEUTRAL', 'NEUTRAL', 'CLEAR', 'CLEAR', 'RECOVERING', 'BANCO_VAZIO')",39,5,11,45.455,ATTACK_PIVOT,53.846,0.982646,2.6715
"('TANK', 'TANK', 'NEUTRAL', 'SAFE', 'SAFE', 'NORMAL', 'FASTER', 'MEC_USED', 'CLEAN', 'CLEAN', 'NEUTRAL', 'NEUTRAL', 'SET', 'SET', 'CLUTCH', 'BANCO_VAZIO')",39,12,13,92.308,ATTACK_STRONG,20.513,2.254443,9.5300
"('TANK', 'TANK', 'NEUTRAL', 'SAFE', 'FULL', 'NORMAL', 'FASTER', 'MEC_USED', 'CLEAN', 'CLEAN', 'NEUTRAL', 'NEUTRAL', 'CLEAR', 'SET', 'RECOVERING', 'BANCO_VAZIO')",39,11,13,84.615,ATTACK_STRONG,35.897,2.056484,7.8184
"('TANK', 'TANK', 'NEUTRAL', 'FULL', 'FULL', 'FIELD_OURS_OFF', 'SLOWER', 'MEC_USED', 'CLEAN', 'CLEAN', 'NEUTRAL', 'NEUTRAL', 'CLEAR', 'CLEAR', 'OPENING', 'BANCO_DEF')",39,6,6,100.000,ATTACK_PIVOT,38.462,1.563021,4.7732
"('TANK', 'UTILITY', 'OFFENSIVE_ADV', 'FULL', 'FULL', 'FIELD_SHARED', 'SLOWER', 'MEC_USED', 'CLEAN', 'CLEAN', 'NEUTRAL', 'NEUTRAL', 'CLEAR', 'CLEAR', 'OPENING', 'BANCO_OFF')",39,11,12,91.667,ATTACK_PREDICTIVE,23.077,2.136622,8.4708
"('TANK', 'TANK', 'OFFENSIVE_DIS', 'DANGER', 'SAFE', 'NORMAL', 'FASTER', 'MEC_USED', 'CLEAN', 'CLEAN', 'NEUTRAL', 'NEUTRAL', 'CLEAR', 'CLEAR', 'OPENING', 'BANCO_OFF')",39,11,12,91.667,HEAL,30.769,2.129684,8.4122
"('TANK', 'TANK', 'OFFENSIVE_ADV', 'SAFE', 'FULL', 'NORMAL', 'SLOWER', 'MEC_USED', 'CLEAN', 'CLEAN', 'NEUTRAL', 'NEUTRAL', 'CLEAR', 'CLEAR', 'OPENING', 'BANCO_VAZIO')",39,12,14,85.714,ATTACK_STRONG,17.949,2.267985,9.6599
"('TANK', 'TANK', 'NEUTRAL', 'SAFE', 'SAFE', 'FIELD_THEIRS', 'SLOWER', 'MEC_USED', 'CLEAN', 'CLEAN', 'NEUTRAL', 'NEUTRAL', 'CLEAR', 'CLEAR', 'OPENING', 'BANCO_OFF')",39,11,14,78.571,ATTACK_PREDICTIVE,20.513,2.279501,9.7718
"('TANK', 'TANK', 'VOLATILE', 'FULL', 'FULL', 'FIELD_OURS_DEF', 'FASTER', 'MEC_USED', 'CLEAN', 'CLEAN', 'NEUTRAL', 'NEUTRAL', 'CLEAR', 'CLEAR', 'OPENING', 'BANCO_AMBOS')",39,6,7,85.714,SWITCH_OFFENSIVE,43.590,1.312200,3.7143
"('TANK', 'SWEEPER', 'DOMINANT', 'SAFE', 'FULL', 'NORMAL', 'SLOWER', 'MEC_USED', 'CLEAN', 'CLEAN', 'NEUTRAL', 'NEUTRAL', 'CLEAR', 'CLEAR', 'OPENING', 'BANCO_AMBOS')",39,9,11,81.818,ATTACK_STRONG,41.026,1.686861,5.4025
"('TANK', 'TANK', 'DOMINANT', 'FULL', 'FULL', 'NORMAL', 'FASTER', 'MEC_USED', 'CLEAN', 'CLEAN', 'NEUTRAL', 'NEUTRAL', 'CLEAR', 'CLEAR', 'OPENING', 'BANCO_DEF')",39,7,10,70.000,ATTACK_STRONG,71.795,1.029325,2.7992
"('TANK', 'TANK', 'VOLATILE', 'SAFE', 'FULL', 'NORMAL', 'FASTER', 'MEC_USED', 'CLEAN', 'CLEAN', 'NEUTRAL', 'NEUTRAL', 'SET', 'CLEAR', 'OPENING', 'BANCO_OFF')",39,11,12,91.667,SWITCH_OFFENSIVE,28.205,2.140322,8.5022
"('TANK', 'TANK', 'DEFENSIVE_ADV', 'FULL', 'SAFE', 'NORMAL', 'SLOWER', 'MEC_USED', 'CLEAN', 'CLEAN', 'NEUTRAL', 'NEUTRAL', 'CLEAR', 'CLEAR', 'OPENING', 'BANCO_OFF')",39,4,14,28.571,ATTACK_STRONG,66.667,0.815168,2.2596
"('TANK', 'TANK', 'OFFENSIVE_ADV', 'FULL', 'FULL', 'NORMAL', 'FASTER', 'MEC_AVAIL', 'CLEAN', 'CLEAN', 'NEUTRAL', 'NEUTRAL', 'CLEAR', 'CLEAR', 'BRAWL', 'BANCO_OFF')",39,11,12,91.667,BUFF_MEC,23.077,2.120972,8.3392
"('UTILITY', 'TANK', 'VOLATILE', 'FULL', 'FULL', 'FIELD_THEIRS', 'FASTER', 'MEC_USED', 'CLEAN', 'CLEAN', 'NEUTRAL', 'NEUTRAL', 'CLEAR', 'CLEAR', 'OPENING', 'BANCO_OFF')",39,11,11,100.000,ATTACK_STRONG,33.333,1.892140,6.6335
"('SWEEPER', 'TANK', 'VOLATILE', 'FULL', 'FULL', 'FIELD_THEIRS', 'FASTER', 'MEC_USED', 'CLEAN', 'CLEAN', 'NEUTRAL', 'NEUTRAL', 'CLEAR', 'CLEAR', 'OPENING', 'BANCO_AMBOS')",39,8,9,88.889,ATTACK_STRONG,25.641,1.832769,6.2512
"('TANK', 'SWEEPER', 'NEUTRAL', 'SAFE', 'FULL', 'NORMAL', 'SLOWER', 'MEC_USED', 'CLEAN', 'CLEAN', 'NEUTRAL', 'NEUTRAL', 'CLEAR', 'CLEAR', 'OPENING', 'BANCO_VAZIO')",39,7,13,53.846,HEAL,53.846,1.455926,4.2885
"('TANK', 'TANK', 'NEUTRAL', 'SAFE', 'DANGER', 'NORMAL', 'FASTER', 'MEC_USED', 'CLEAN', 'CLEAN', 'NEUTRAL', 'NEUTRAL', 'CLEAR', 'CLEAR', 'OPENING', 'BANCO_VAZIO')",39,10,13,76.923,ATTACK_PREDICTIVE,46.154,1.698429,5.4654
"('TANK', 'TANK', 'NEUTRAL', 'SAFE', 'FULL', 'NORMAL', 'FASTER', 'MEC_USED', 'AFFLICTED', 'CLEAN', 'NEUTRAL', 'NEUTRAL', 'SET', 'SET', 'RECOVERING', 'BANCO_VAZIO')",39,10,10,100.000,ATTACK_PIVOT,25.641,2.071847,7.9395
"('TANK', 'TANK', 'OFFENSIVE_ADV', 'FULL', 'FULL', 'NORMAL', 'FASTER', 'MEC_AVAIL', 'CLEAN', 'CLEAN', 'NEUTRAL', 'NEUTRAL', 'SET', 'CLEAR', 'OPENING', 'BANCO_AMBOS')",39,13,18,72.222,HEAL,20.513,2.308569,10.0600
"('TANK', 'SWEEPER', 'DEFENSIVE_DIS', 'SAFE', 'DANGER', 'NORMAL', 'SLOWER', 'MEC_USED', 'CLEAN', 'CLEAN', 'DEBUFF', 'NEUTRAL', 'CLEAR', 'CLEAR', 'OPENING', 'BANCO_OFF')",39,4,8,50.000,HEAL,79.487,0.707289,2.0285
"('TANK', 'TANK', 'CRITICAL_DIS', 'FULL', 'FULL', 'NORMAL', 'FASTER', 'MEC_USED', 'CLEAN', 'CLEAN', 'NEUTRAL', 'NEUTRAL', 'CLEAR', 'SET', 'RECOVERING', 'BANCO_VAZIO')",39,7,13,53.846,ATTACK_TECH,51.282,1.308775,3.7016
"('TANK', 'SWEEPER', 'OFFENSIVE_ADV', 'FULL', 'FULL', 'FIELD_OURS_OFF', 'SLOWER', 'MEC_USED', 'CLEAN', 'CLEAN', 'NEUTRAL', 'NEUTRAL', 'CLEAR', 'CLEAR', 'OPENING', 'BANCO_OFF')",38,10,10,100.000,ATTACK_PREDICTIVE,28.947,1.988292,7.3031
"('TANK', 'TANK', 'OFFENSIVE_ADV', 'FULL', 'DANGER', 'FIELD_THEIRS', 'FASTER', 'MEC_USED', 'CLEAN', 'CLEAN', 'NEUTRAL', 'NEUTRAL', 'CLEAR', 'CLEAR', 'OPENING', 'BANCO_OFF')",38,13,13,100.000,ATTACK_PIVOT,23.684,2.324013,10.2166
"('TANK', 'TANK', 'OFFENSIVE_DIS', 'SAFE', 'SAFE', 'NORMAL', 'FASTER', 'MEC_USED', 'CLEAN', 'CLEAN', 'NEUTRAL', 'NEUTRAL', 'SET', 'SET', 'RECOVERING', 'BANCO_VAZIO')",38,10,11,90.909,ATTACK_TECH,21.053,2.077535,7.9848
"('TANK', 'TANK', 'OFFENSIVE_DIS', 'FULL', 'CRIT', 'NORMAL', 'FASTER', 'MEC_USED', 'CLEAN', 'AFFLICTED', 'NEUTRAL', 'DEBUFF', 'SET', 'CLEAR', 'CLUTCH', 'BANCO_VAZIO')",38,3,3,100.000,STATUS,76.316,0.630031,1.8777
"('TANK', 'TANK', 'DEFENSIVE_DIS', 'FULL', 'FULL', 'NORMAL', 'FASTER', 'MEC_USED', 'CLEAN', 'CLEAN', 'NEUTRAL', 'NEUTRAL', 'CLEAR', 'CLEAR', 'OPENING', 'BANCO_DEF')",38,8,10,80.000,SWITCH_DEFENSIVE,26.316,1.774970,5.9001
"('TANK', 'TANK', 'NEUTRAL', 'SAFE', 'SAFE', 'NORMAL', 'FASTER', 'MEC_USED', 'AFFLICTED', 'CLEAN', 'NEUTRAL', 'NEUTRAL', 'CLEAR', 'SET', 'RECOVERING', 'BANCO_VAZIO')",38,9,12,75.000,ATTACK_PIVOT,36.842,1.632345,5.1159
"('TANK', 'TANK', 'VOLATILE', 'FULL', 'FULL', 'FIELD_THEIRS', 'FASTER', 'MEC_USED', 'CLEAN', 'CLEAN', 'NEUTRAL', 'NEUTRAL', 'CLEAR', 'CLEAR', 'OPENING', 'BANCO_VAZIO')",38,6,8,75.000,ATTACK_STRONG,81.579,0.763213,2.1452
"('TANK', 'TANK', 'DEFENSIVE_DIS', 'SAFE', 'FULL', 'NORMAL', 'FASTER', 'MEC_USED', 'CLEAN', 'CLEAN', 'NEUTRAL', 'NEUTRAL', 'CLEAR', 'CLEAR', 'OPENING', 'BANCO_VAZIO')",38,11,11,100.000,ATTACK_STRONG,26.316,2.092068,8.1016
"('TANK', 'SWEEPER', 'VOLATILE', 'FULL', 'FULL', 'NORMAL', 'SLOWER', 'MEC_USED', 'CLEAN', 'CLEAN', 'DEBUFF', 'NEUTRAL', 'CLEAR', 'CLEAR', 'OPENING', 'BANCO_OFF')",38,6,6,100.000,STATUS,34.211,1.606175,4.9837
"('TANK', 'TANK', 'OFFENSIVE_ADV', 'FULL', 'SAFE', 'NORMAL', 'FASTER', 'MEC_USED', 'CLEAN', 'CLEAN', 'NEUTRAL', 'DEBUFF', 'CLEAR', 'CLEAR', 'OPENING', 'BANCO_OFF')",38,10,10,100.000,ATTACK_STRONG,36.842,1.939788,6.9573
"('TANK', 'TANK', 'DEFENSIVE_DIS', 'SAFE', 'FULL', 'FIELD_OURS_OFF', 'SLOWER', 'MEC_USED', 'CLEAN', 'CLEAN', 'NEUTRAL', 'NEUTRAL', 'CLEAR', 'CLEAR', 'OPENING', 'BANCO_OFF')",38,4,7,57.143,ATTACK_TECH,63.158,0.980849,2.6667
"('TANK', 'TANK', 'OFFENSIVE_DIS', 'SAFE', 'FULL', 'FIELD_SHARED', 'FASTER', 'MEC_USED', 'CLEAN', 'CLEAN', 'NEUTRAL', 'NEUTRAL', 'CLEAR', 'CLEAR', 'OPENING', 'BANCO_AMBOS')",38,7,14,50.000,HEAL,47.368,1.486469,4.4215
"('TANK', 'TANK', 'NEUTRAL', 'SAFE', 'SAFE', 'NORMAL', 'FASTER', 'MEC_USED', 'AFFLICTED', 'CLEAN', 'NEUTRAL', 'NEUTRAL', 'SET', 'SET', 'RECOVERING', 'BANCO_VAZIO')",38,9,11,81.818,HEAL,55.263,1.548964,4.7066
"('TANK', 'TANK', 'DEFENSIVE_DIS', 'SAFE', 'FULL', 'NORMAL', 'FASTER', 'MEC_USED', 'CLEAN', 'CLEAN', 'NEUTRAL', 'NEUTRAL', 'SET', 'CLEAR', 'OPENING', 'BANCO_OFF')",38,11,12,91.667,ATTACK_PREDICTIVE,26.316,2.107367,8.2266
"('TANK', 'UTILITY', 'OFFENSIVE_ADV', 'SAFE', 'SAFE', 'NORMAL', 'SLOWER', 'MEC_USED', 'CLEAN', 'CLEAN', 'NEUTRAL', 'NEUTRAL', 'CLEAR', 'CLEAR', 'OPENING', 'BANCO_OFF')",38,13,13,100.000,STATUS,13.158,2.479594,11.9364
"('TANK', 'TANK', 'NEUTRAL', 'SAFE', 'SAFE', 'NORMAL', 'SLOWER', 'MEC_USED', 'CLEAN', 'CLEAN', 'NEUTRAL', 'NEUTRAL', 'SET', 'CLEAR', 'RECOVERING', 'BANCO_VAZIO')",38,13,14,92.857,SWITCH_OFFENSIVE,23.684,2.309772,10.0721
"('TANK', 'TANK', 'DOMINANT', 'FULL', 'SAFE', 'FIELD_THEIRS', 'FASTER', 'MEC_USED', 'CLEAN', 'CLEAN', 'NEUTRAL', 'NEUTRAL', 'CLEAR', 'CLEAR', 'OPENING', 'BANCO_OFF')",37,10,11,90.909,ATTACK_PREDICTIVE,37.838,1.945255,6.9954
"('SWEEPER', 'TANK', 'NEUTRAL', 'SAFE', 'SAFE', 'NORMAL', 'FASTER', 'MEC_USED', 'CLEAN', 'CLEAN', 'NEUTRAL', 'NEUTRAL', 'CLEAR', 'CLEAR', 'OPENING', 'BANCO_OFF')",37,9,10,90.000,SWITCH_OFFENSIVE,40.541,1.880339,6.5557
"('TANK', 'TANK', 'DOMINANT', 'SAFE', 'FULL', 'FIELD_THEIRS', 'SLOWER', 'MEC_USED', 'CLEAN', 'CLEAN', 'NEUTRAL', 'NEUTRAL', 'CLEAR', 'CLEAR', 'OPENING', 'BANCO_OFF')",37,9,12,75.000,ATTACK_PIVOT,37.838,1.811098,6.1172
"('TANK', 'TANK', 'OFFENSIVE_ADV', 'SAFE', 'SAFE', 'NORMAL', 'FASTER', 'MEC_USED', 'CLEAN', 'CLEAN', 'NEUTRAL', 'NEUTRAL', 'CLEAR', 'CLEAR', 'BRAWL', 'BANCO_OFF')",37,5,10,50.000,ATTACK_STRONG,72.973,0.837703,2.3111
"('TANK', 'UTILITY', 'OFFENSIVE_ADV', 'FULL', 'SAFE', 'NORMAL', 'SLOWER', 'MEC_USED', 'CLEAN', 'CLEAN', 'NEUTRAL', 'NEUTRAL', 'CLEAR', 'CLEAR', 'OPENING', 'BANCO_OFF')",37,10,14,71.429,FIELD_CONTROL,18.919,2.172714,8.7821
"('TANK', 'TANK', 'NEUTRAL', 'SAFE', 'FULL', 'NORMAL', 'FASTER', 'MEC_USED', 'CLEAN', 'CLEAN', 'NEUTRAL', 'NEUTRAL', 'CLEAR', 'CLEAR', 'BRAWL', 'BANCO_OFF')",37,11,13,84.615,ATTACK_PREDICTIVE,27.027,2.107747,8.2297
"('TANK', 'SWEEPER', 'VOLATILE', 'FULL', 'FULL', 'FIELD_OURS_DEF', 'SLOWER', 'MEC_AVAIL', 'CLEAN', 'CLEAN', 'NEUTRAL', 'NEUTRAL', 'CLEAR', 'CLEAR', 'OPENING', 'BANCO_OFF')",37,5,12,41.667,ATTACK_STRONG_MEC,89.189,0.492411,1.6363
"('TANK', 'TANK', 'CRITICAL_DIS', 'FULL', 'FULL', 'NORMAL', 'FASTER', 'MEC_USED', 'CLEAN', 'CLEAN', 'NEUTRAL', 'NEUTRAL', 'CLEAR', 'CLEAR', 'OPENING', 'BANCO_VAZIO')",37,8,9,88.889,SWITCH_OFFENSIVE,56.757,1.405053,4.0757
"('TANK', 'TANK', 'NEUTRAL', 'FULL', 'FULL', 'NORMAL', 'SLOWER', 'MEC_USED', 'AFFLICTED', 'AFFLICTED', 'NEUTRAL', 'NEUTRAL', 'CLEAR', 'SET', 'CLUTCH', 'BANCO_VAZIO')",37,3,6,50.000,HAZARD,62.162,0.760628,2.1396
"('TANK', 'TANK', 'NEUTRAL', 'FULL', 'FULL', 'NORMAL', 'FASTER', 'MEC_USED', 'AFFLICTED', 'CLEAN', 'NEUTRAL', 'NEUTRAL', 'CLEAR', 'CLEAR', 'CLUTCH', 'BANCO_VAZIO')",37,6,8,75.000,ATTACK_PIVOT,37.838,1.478417,4.3860
"('TANK', 'TANK', 'OFFENSIVE_DIS', 'FULL', 'SAFE', 'NORMAL', 'FASTER', 'MEC_USED', 'CLEAN', 'CLEAN', 'NEUTRAL', 'NEUTRAL', 'SET', 'CLEAR', 'OPENING', 'BANCO_OFF')",37,15,16,93.750,CLEAN_HAZARD,18.919,2.479767,11.9385
"('TANK', 'TANK', 'NEUTRAL', 'FULL', 'FULL', 'NORMAL', 'SLOWER', 'MEC_USED', 'AFFLICTED', 'CLEAN', 'NEUTRAL', 'DEBUFF', 'SET', 'SET', 'CLUTCH', 'BANCO_VAZIO')",37,4,4,100.000,HAZARD,62.162,1.054735,2.8712
"('TANK', 'TANK', 'OFFENSIVE_DIS', 'FULL', 'DANGER', 'NORMAL', 'SLOWER', 'MEC_USED', 'CLEAN', 'CLEAN', 'NEUTRAL', 'NEUTRAL', 'CLEAR', 'CLEAR', 'OPENING', 'BANCO_OFF')",37,12,13,92.308,HEAL,16.216,2.287771,9.8530
"('UTILITY', 'TANK', 'NEUTRAL', 'FULL', 'FULL', 'FIELD_THEIRS', 'SLOWER', 'MEC_USED', 'CLEAN', 'CLEAN', 'NEUTRAL', 'NEUTRAL', 'CLEAR', 'CLEAR', 'OPENING', 'BANCO_OFF')",37,6,8,75.000,ATTACK_PREDICTIVE,29.730,1.658218,5.2499
"('TANK', 'TANK', 'DOMINANT', 'FULL', 'SAFE', 'FIELD_SHARED', 'FASTER', 'MEC_USED', 'CLEAN', 'CLEAN', 'NEUTRAL', 'NEUTRAL', 'CLEAR', 'CLEAR', 'OPENING', 'BANCO_AMBOS')",37,9,11,81.818,ATTACK_STRONG,24.324,2.010625,7.4680
"('TANK', 'TANK', 'CRITICAL_DIS', 'FULL', 'FULL', 'NORMAL', 'SLOWER', 'MEC_USED', 'CLEAN', 'CLEAN', 'NEUTRAL', 'NEUTRAL', 'SET', 'CLEAR', 'OPENING', 'BANCO_AMBOS')",37,9,13,69.231,SWITCH_OFFENSIVE,37.838,1.872191,6.5025
"('TANK', 'UTILITY', 'DEFENSIVE_DIS', 'FULL', 'FULL', 'NORMAL', 'FASTER', 'MEC_USED', 'CLEAN', 'CLEAN', 'NEUTRAL', 'NEUTRAL', 'CLEAR', 'CLEAR', 'OPENING', 'BANCO_OFF')",37,6,6,100.000,SWITCH_DEFENSIVE,24.324,1.659225,5.2552
"('TANK', 'SWEEPER', 'DEFENSIVE_DIS', 'FULL', 'FULL', 'FIELD_THEIRS', 'SLOWER', 'MEC_USED', 'CLEAN', 'CLEAN', 'NEUTRAL', 'NEUTRAL', 'CLEAR', 'CLEAR', 'OPENING', 'BANCO_AMBOS')",37,12,12,100.000,ATTACK_STRONG,27.027,2.113189,8.2746
"('TANK', 'TANK', 'NEUTRAL', 'SAFE', 'FULL', 'NORMAL', 'FASTER', 'MEC_USED', 'CLEAN', 'CLEAN', 'NEUTRAL', 'NEUTRAL', 'SET', 'SET', 'CLUTCH', 'BANCO_VAZIO')",37,5,11,45.455,ATTACK_STRONG,56.757,1.080981,2.9476
"('TANK', 'TANK', 'OFFENSIVE_DIS', 'FULL', 'SAFE', 'NORMAL', 'SLOWER', 'MEC_USED', 'CLEAN', 'CLEAN', 'NEUTRAL', 'NEUTRAL', 'SET', 'SET', 'CLUTCH', 'BANCO_VAZIO')",37,5,11,45.455,ATTACK_TECH,56.757,1.134081,3.1083
"('TANK', 'TANK', 'STALEMATE', 'SAFE', 'FULL', 'NORMAL', 'SLOWER', 'MEC_USED', 'CLEAN', 'CLEAN', 'NEUTRAL', 'NEUTRAL', 'SET', 'SET', 'RECOVERING', 'BANCO_VAZIO')",36,11,13,84.615,STATUS,36.111,1.970850,7.1768
"('TANK', 'TANK', 'VOLATILE', 'FULL', 'FULL', 'FIELD_OURS_DEF', 'FASTER', 'MEC_AVAIL', 'CLEAN', 'CLEAN', 'NEUTRAL', 'NEUTRAL', 'CLEAR', 'CLEAR', 'OPENING', 'BANCO_VAZIO')",36,6,6,100.000,ATTACK_PREDICTIVE,25.000,1.743504,5.7173
"('TANK', 'TANK', 'OFFENSIVE_ADV', 'FULL', 'FULL', 'FIELD_SHARED', 'FASTER', 'MEC_AVAIL', 'CLEAN', 'CLEAN', 'NEUTRAL', 'NEUTRAL', 'SET', 'CLEAR', 'OPENING', 'BANCO_OFF')",36,16,20,80.000,ATTACK_STRONG_MEC,13.889,2.592243,13.3597
"('TANK', 'TANK', 'DEFENSIVE_DIS', 'FULL', 'SAFE', 'FIELD_SHARED', 'FASTER', 'MEC_USED', 'CLEAN', 'CLEAN', 'NEUTRAL', 'NEUTRAL', 'CLEAR', 'CLEAR', 'OPENING', 'BANCO_AMBOS')",36,6,9,66.667,SWITCH_DEFENSIVE,66.667,1.047937,2.8518
"('TANK', 'TANK', 'OFFENSIVE_ADV', 'FULL', 'FULL', 'FIELD_THEIRS', 'SLOWER', 'MEC_AVAIL', 'CLEAN', 'CLEAN', 'NEUTRAL', 'NEUTRAL', 'CLEAR', 'CLEAR', 'OPENING', 'BANCO_AMBOS')",36,8,16,50.000,FIELD_CONTROL,27.778,1.873199,6.5091
"('TANK', 'TANK', 'NEUTRAL', 'FULL', 'SAFE', 'NORMAL', 'SLOWER', 'MEC_USED', 'CLEAN', 'CLEAN', 'NEUTRAL', 'NEUTRAL', 'CLEAR', 'CLEAR', 'BRAWL', 'BANCO_OFF')",36,7,12,58.333,ATTACK_TECH,33.333,1.616121,5.0335
"('SWEEPER', 'TANK', 'VOLATILE', 'FULL', 'FULL', 'NORMAL', 'FASTER', 'MEC_USED', 'CLEAN', 'CLEAN', 'NEUTRAL', 'NEUTRAL', 'CLEAR', 'CLEAR', 'OPENING', 'BANCO_AMBOS')",36,7,7,100.000,ATTACK_STRONG,41.667,1.624940,5.0781
"('TANK', 'TANK', 'OFFENSIVE_DIS', 'FULL', 'SAFE', 'NORMAL', 'FASTER', 'MEC_USED', 'CLEAN', 'CLEAN', 'NEUTRAL', 'NEUTRAL', 'CLEAR', 'SET', 'RECOVERING', 'BANCO_VAZIO')",36,12,13,92.308,STATUS,22.222,2.240076,9.3940
"('TANK', 'TANK', 'DOMINANT', 'FULL', 'FULL', 'NORMAL', 'FASTER', 'MEC_AVAIL', 'CLEAN', 'CLEAN', 'NEUTRAL', 'NEUTRAL', 'SET', 'CLEAR', 'OPENING', 'BANCO_AMBOS')",36,8,12,66.667,BUFF_MEC,41.667,1.662642,5.2732
"('TANK', 'TANK', 'OFFENSIVE_ADV', 'DANGER', 'FULL', 'NORMAL', 'SLOWER', 'MEC_USED', 'CLEAN', 'CLEAN', 'NEUTRAL', 'NEUTRAL', 'CLEAR', 'CLEAR', 'OPENING', 'BANCO_OFF')",36,12,13,92.308,HEAL,22.222,2.238153,9.3760
"('TANK', 'TANK', 'NEUTRAL', 'DANGER', 'SAFE', 'NORMAL', 'FASTER', 'MEC_USED', 'CLEAN', 'CLEAN', 'NEUTRAL', 'NEUTRAL', 'SET', 'SET', 'OPENING', 'BANCO_OFF')",36,10,16,62.500,HEAL,61.111,1.472938,4.3620
"('TANK', 'TANK', 'OFFENSIVE_ADV', 'SAFE', 'SAFE', 'NORMAL', 'SLOWER', 'MEC_USED', 'CLEAN', 'CLEAN', 'NEUTRAL', 'NEUTRAL', 'SET', 'SET', 'OPENING', 'BANCO_OFF')",36,12,15,80.000,HEAL,27.778,2.192626,8.9587
"('TANK', 'TANK', 'OFFENSIVE_DIS', 'SAFE', 'DANGER', 'NORMAL', 'SLOWER', 'MEC_USED', 'CLEAN', 'CLEAN', 'NEUTRAL', 'NEUTRAL', 'CLEAR', 'CLEAR', 'OPENING', 'BANCO_OFF')",36,12,13,92.308,HEAL,13.889,2.435037,11.4162
"('SWEEPER', 'TANK', 'OFFENSIVE_ADV', 'FULL', 'FULL', 'NORMAL', 'FASTER', 'MEC_USED', 'CLEAN', 'CLEAN', 'NEUTRAL', 'NEUTRAL', 'CLEAR', 'CLEAR', 'OPENING', 'BANCO_VAZIO')",36,6,6,100.000,ATTACK_STRONG,63.889,1.204644,3.3356
"('TANK', 'TANK', 'OFFENSIVE_ADV', 'DANGER', 'FULL', 'NORMAL', 'FASTER', 'MEC_AVAIL', 'CLEAN', 'CLEAN', 'NEUTRAL', 'NEUTRAL', 'CLEAR', 'CLEAR', 'OPENING', 'BANCO_OFF')",36,12,15,80.000,STATUS_MEC,22.222,2.238153,9.3760
"('TANK', 'TANK', 'NEUTRAL', 'SAFE', 'FULL', 'NORMAL', 'FASTER', 'MEC_USED', 'CLEAN', 'CLEAN', 'NEUTRAL', 'NEUTRAL', 'SET', 'CLEAR', 'OPENING', 'BANCO_AMBOS')",36,14,15,93.333,ATTACK_STRONG,16.667,2.495098,12.1229
"('UTILITY', 'SWEEPER', 'NEUTRAL', 'FULL', 'FULL', 'NORMAL', 'SLOWER', 'MEC_USED', 'CLEAN', 'CLEAN', 'DEBUFF', 'NEUTRAL', 'CLEAR', 'CLEAR', 'OPENING', 'BANCO_OFF')",36,8,8,100.000,SWITCH_DEFENSIVE,22.222,2.012697,7.4835
"('TANK', 'TANK', 'VOLATILE', 'FULL', 'FULL', 'NORMAL', 'FASTER', 'MEC_USED', 'CLEAN', 'CLEAN', 'NEUTRAL', 'NEUTRAL', 'CLEAR', 'SET', 'OPENING', 'BANCO_OFF')",36,10,12,83.333,SWITCH_DEFENSIVE,66.667,1.349292,3.8547
"('UTILITY', 'TANK', 'CRITICAL_DIS', 'FULL', 'FULL', 'NORMAL', 'SLOWER', 'MEC_USED', 'CLEAN', 'CLEAN', 'NEUTRAL', 'NEUTRAL', 'CLEAR', 'CLEAR', 'OPENING', 'BANCO_AMBOS')",36,5,9,55.556,ATTACK_STRONG,44.444,1.294771,3.6502
"('TANK', 'TANK', 'DEFENSIVE_DIS', 'SAFE', 'FULL', 'FIELD_OURS_OFF', 'FASTER', 'MEC_USED', 'CLEAN', 'CLEAN', 'NEUTRAL', 'NEUTRAL', 'CLEAR', 'CLEAR', 'OPENING', 'BANCO_OFF')",36,10,10,100.000,ATTACK_PREDICTIVE,44.444,1.720592,5.5878
"('SWEEPER', 'TANK', 'OFFENSIVE_ADV', 'FULL', 'FULL', 'FIELD_OURS_OFF', 'FASTER', 'MEC_AVAIL', 'CLEAN', 'CLEAN', 'NEUTRAL', 'NEUTRAL', 'CLEAR', 'CLEAR', 'OPENING', 'BANCO_OFF')",36,9,14,64.286,ATTACK_PIVOT,30.556,1.819121,6.1664
"('TANK', 'TANK', 'NEUTRAL', 'FULL', 'SAFE', 'NORMAL', 'FASTER', 'MEC_USED', 'CLEAN', 'CLEAN', 'NEUTRAL', 'DEBUFF', 'CLEAR', 'SET', 'RECOVERING', 'BANCO_VAZIO')",36,6,7,85.714,STATUS,33.333,1.565498,4.7851
"('TANK', 'TANK', 'NEUTRAL', 'FULL', 'FULL', 'NORMAL', 'FASTER', 'MEC_USED', 'AFFLICTED', 'AFFLICTED', 'DEBUFF', 'BUFFED', 'SET', 'CLEAR', 'CLUTCH', 'BANCO_VAZIO')",35,3,3,100.000,STATUS,51.429,0.957742,2.6058
"('TANK', 'TANK', 'NEUTRAL', 'FULL', 'FULL', 'NORMAL', 'FASTER', 'MEC_USED', 'AFFLICTED', 'AFFLICTED', 'DEBUFF', 'NEUTRAL', 'SET', 'CLEAR', 'CLUTCH', 'BANCO_VAZIO')",35,3,3,100.000,STATUS,65.714,0.797391,2.2197
"('TANK', 'TANK', 'NEUTRAL', 'FULL', 'SAFE', 'NORMAL', 'SLOWER', 'MEC_USED', 'CLEAN', 'CLEAN', 'NEUTRAL', 'DEBUFF', 'SET', 'SET', 'CLUTCH', 'BANCO_VAZIO')",35,3,9,33.333,ATTACK_STRONG,85.714,0.481602,1.6187
"('TANK', 'TANK', 'OFFENSIVE_DIS', 'SAFE', 'FULL', 'NORMAL', 'SLOWER', 'MEC_USED', 'CLEAN', 'CLEAN', 'NEUTRAL', 'NEUTRAL', 'SET', 'SET', 'RECOVERING', 'BANCO_VAZIO')",35,11,14,78.571,HEAL,25.714,2.163038,8.6975
"('UTILITY', 'TANK', 'DOMINANT', 'FULL', 'FULL', 'FIELD_THEIRS', 'FASTER', 'MEC_AVAIL', 'CLEAN', 'CLEAN', 'NEUTRAL', 'NEUTRAL', 'CLEAR', 'CLEAR', 'OPENING', 'BANCO_OFF')",35,6,12,50.000,SWITCH_OFFENSIVE,34.286,1.605714,4.9814
"('TANK', 'TANK', 'NEUTRAL', 'SAFE', 'FULL', 'NORMAL', 'FASTER', 'MEC_USED', 'CLEAN', 'CLEAN', 'NEUTRAL', 'NEUTRAL', 'SET', 'CLEAR', 'CLUTCH', 'BANCO_VAZIO')",35,6,12,50.000,ATTACK_STRONG,62.857,1.097498,2.9967
"('TANK', 'TANK', 'DEFENSIVE_DIS', 'FULL', 'FULL', 'FIELD_SHARED', 'SLOWER', 'MEC_AVAIL', 'CLEAN', 'CLEAN', 'NEUTRAL', 'NEUTRAL', 'CLEAR', 'CLEAR', 'OPENING', 'BANCO_AMBOS')",35,12,16,75.000,SWITCH_OFFENSIVE,22.857,2.198179,9.0086
"('TANK', 'TANK', 'OFFENSIVE_ADV', 'SAFE', 'FULL', 'FIELD_THEIRS', 'FASTER', 'MEC_USED', 'CLEAN', 'CLEAN', 'NEUTRAL', 'NEUTRAL', 'SET', 'CLEAR', 'OPENING', 'BANCO_OFF')",35,10,12,83.333,ATTACK_STRONG,22.857,2.069646,7.9220
"('TANK', 'TANK', 'DEFENSIVE_ADV', 'FULL', 'FULL', 'NORMAL', 'SLOWER', 'MEC_USED', 'CLEAN', 'AFFLICTED', 'NEUTRAL', 'NEUTRAL', 'CLEAR', 'CLEAR', 'CLUTCH', 'BANCO_VAZIO')",35,2,7,28.571,CLEAN_HAZARD,80.000,0.500402,1.6494
"('TANK', 'UTILITY', 'NEUTRAL', 'FULL', 'FULL', 'FIELD_SHARED', 'SLOWER', 'MEC_USED', 'CLEAN', 'CLEAN', 'NEUTRAL', 'NEUTRAL', 'CLEAR', 'CLEAR', 'OPENING', 'BANCO_OFF')",35,12,12,100.000,SWITCH_OFFENSIVE,25.714,2.242255,9.4145
"('TANK', 'TANK', 'DOMINANT', 'FULL', 'FULL', 'NORMAL', 'SLOWER', 'MEC_AVAIL', 'CLEAN', 'CLEAN', 'NEUTRAL', 'NEUTRAL', 'CLEAR', 'CLEAR', 'OPENING', 'BANCO_AMBOS')",35,7,17,41.176,ATTACK_TECH_MEC,48.571,1.508362,4.5193
"('TANK', 'TANK', 'OFFENSIVE_ADV', 'FULL', 'FULL', 'NORMAL', 'FASTER', 'MEC_USED', 'CLEAN', 'CLEAN', 'NEUTRAL', 'NEUTRAL', 'CLEAR', 'CLEAR', 'RECOVERING', 'BANCO_VAZIO')",35,13,15,86.667,ATTACK_PREDICTIVE,22.857,2.294781,9.9223
"('TANK', 'TANK', 'DOMINANT', 'FULL', 'SAFE', 'NORMAL', 'FASTER', 'MEC_USED', 'CLEAN', 'CLEAN', 'NEUTRAL', 'NEUTRAL', 'SET', 'CLEAR', 'OPENING', 'BANCO_AMBOS')",35,11,13,84.615,ATTACK_PIVOT,28.571,2.139665,8.4966
"('TANK', 'TANK', 'NEUTRAL', 'FULL', 'SAFE', 'NORMAL', 'FASTER', 'MEC_AVAIL', 'CLEAN', 'CLEAN', 'NEUTRAL', 'NEUTRAL', 'CLEAR', 'CLEAR', 'OPENING', 'BANCO_OFF')",35,13,18,72.222,ATTACK_PREDICTIVE_MEC,34.286,2.183229,8.8749
"('TANK', 'TANK', 'NEUTRAL', 'FULL', 'SAFE', 'NORMAL', 'FASTER', 'MEC_USED', 'CLEAN', 'CLEAN', 'NEUTRAL', 'NEUTRAL', 'SET', 'SET', 'BRAWL', 'BANCO_OFF')",35,6,14,42.857,SWITCH_OFFENSIVE,62.857,1.146815,3.1481
"('TANK', 'UTILITY', 'NEUTRAL', 'FULL', 'FULL', 'NORMAL', 'SLOWER', 'MEC_AVAIL', 'CLEAN', 'CLEAN', 'NEUTRAL', 'NEUTRAL', 'CLEAR', 'CLEAR', 'OPENING', 'BANCO_OFF')",35,14,20,70.000,ATTACK_STRONG_MEC,22.857,2.371563,10.7141
"('TANK', 'TANK', 'DOMINANT', 'FULL', 'FULL', 'NORMAL', 'SLOWER', 'MEC_USED', 'CLEAN', 'CLEAN', 'NEUTRAL', 'NEUTRAL', 'SET', 'CLEAR', 'OPENING', 'BANCO_AMBOS')",35,12,14,85.714,HAZARD,28.571,2.187005,8.9085
"('TANK', 'TANK', 'VOLATILE', 'FULL', 'FULL', 'FIELD_OURS_DEF', 'SLOWER', 'MEC_AVAIL', 'CLEAN', 'CLEAN', 'NEUTRAL', 'NEUTRAL', 'CLEAR', 'CLEAR', 'OPENING', 'BANCO_AMBOS')",35,2,10,20.000,ATTACK_STRONG_MEC,94.286,0.219033,1.2449
"('TANK', 'UTILITY', 'VOLATILE', 'FULL', 'FULL', 'NORMAL', 'SLOWER', 'MEC_AVAIL', 'CLEAN', 'CLEAN', 'NEUTRAL', 'NEUTRAL', 'CLEAR', 'CLEAR', 'OPENING', 'BANCO_OFF')",35,11,12,91.667,BUFF,22.857,2.084595,8.0413
"('TANK', 'TANK', 'NEUTRAL', 'SAFE', 'SAFE', 'NORMAL', 'SLOWER', 'MEC_USED', 'CLEAN', 'CLEAN', 'NEUTRAL', 'NEUTRAL', 'CLEAR', 'SET', 'CLUTCH', 'BANCO_VAZIO')",35,6,13,46.154,HEAL,68.571,1.083902,2.9562
"('TANK', 'UTILITY', 'DOMINANT', 'FULL', 'FULL', 'NORMAL', 'SLOWER', 'MEC_USED', 'CLEAN', 'CLEAN', 'NEUTRAL', 'NEUTRAL', 'CLEAR', 'CLEAR', 'OPENING', 'BANCO_AMBOS')",35,10,10,100.000,SWITCH_OFFENSIVE,22.857,2.076548,7.9769
"('TANK', 'TANK', 'NEUTRAL', 'SAFE', 'FULL', 'FIELD_THEIRS', 'SLOWER', 'MEC_USED', 'CLEAN', 'CLEAN', 'NEUTRAL', 'NEUTRAL', 'CLEAR', 'CLEAR', 'OPENING', 'BANCO_VAZIO')",35,12,15,80.000,ATTACK_TECH,14.286,2.362366,10.6160
"('TANK', 'TANK', 'OFFENSIVE_DIS', 'CRIT', 'FULL', 'NORMAL', 'SLOWER', 'MEC_USED', 'AFFLICTED', 'CLEAN', 'DEBUFF', 'NEUTRAL', 'SET', 'SET', 'RECOVERING', 'BANCO_VAZIO')",35,5,10,50.000,HAZARD,60.000,0.975010,2.6512
"('TANK', 'TANK', 'OFFENSIVE_DIS', 'FULL', 'DANGER', 'NORMAL', 'FASTER', 'MEC_USED', 'AFFLICTED', 'CLEAN', 'NEUTRAL', 'NEUTRAL', 'CLEAR', 'CLEAR', 'RECOVERING', 'BANCO_VAZIO')",35,5,5,100.000,CLEAN_HAZARD,51.429,1.181472,3.2592
"('TANK', 'TANK', 'DEFENSIVE_DIS', 'FULL', 'FULL', 'NORMAL', 'SLOWER', 'MEC_USED', 'CLEAN', 'CLEAN', 'NEUTRAL', 'NEUTRAL', 'SET', 'SET', 'RECOVERING', 'BANCO_VAZIO')",35,10,12,83.333,PROTECT,20.000,2.163495,8.7015
"('TANK', 'TANK', 'NEUTRAL', 'FULL', 'FULL', 'NORMAL', 'SLOWER', 'MEC_USED', 'CLEAN', 'CLEAN', 'NEUTRAL', 'NEUTRAL', 'SET', 'SET', 'OPENING', 'BANCO_AMBOS')",35,8,15,53.333,STATUS,31.429,1.766664,5.8513
"('TANK', 'TANK', 'NEUTRAL', 'FULL', 'FULL', 'NORMAL', 'FASTER', 'MEC_USED', 'CLEAN', 'CLEAN', 'NEUTRAL', 'NEUTRAL', 'CLEAR', 'SET', 'CLUTCH', 'BANCO_VAZIO')",35,2,8,25.000,ATTACK_STRONG,82.857,0.458144,1.5811
"('TANK', 'TANK', 'STALEMATE', 'DANGER', 'FULL', 'NORMAL', 'SLOWER', 'MEC_USED', 'AFFLICTED', 'AFFLICTED', 'DEBUFF', 'DEBUFF', 'CLEAR', 'SET', 'RECOVERING', 'BANCO_VAZIO')",35,3,3,100.000,STAT_CLEAN,82.857,0.567261,1.7634
"('TANK', 'TANK', 'NEUTRAL', 'FULL', 'FULL', 'NORMAL', 'SLOWER', 'MEC_USED', 'CLEAN', 'AFFLICTED', 'NEUTRAL', 'NEUTRAL', 'CLEAR', 'CLEAR', 'CLUTCH', 'BANCO_VAZIO')",35,4,5,80.000,ATTACK_TECH,60.000,1.097389,2.9963
"('TANK', 'TANK', 'OFFENSIVE_ADV', 'SAFE', 'DANGER', 'NORMAL', 'SLOWER', 'MEC_USED', 'CLEAN', 'CLEAN', 'NEUTRAL', 'NEUTRAL', 'CLEAR', 'CLEAR', 'OPENING', 'BANCO_OFF')",34,12,13,92.308,SWITCH_DEFENSIVE,29.412,2.173935,8.7928
"('TANK', 'TANK', 'NEUTRAL', 'SAFE', 'SAFE', 'FIELD_THEIRS', 'SLOWER', 'MEC_USED', 'CLEAN', 'CLEAN', 'NEUTRAL', 'NEUTRAL', 'CLEAR', 'CLEAR', 'OPENING', 'BANCO_VAZIO')",34,11,11,100.000,ATTACK_TECH,23.529,2.183402,8.8765
"('SWEEPER', 'TANK', 'NEUTRAL', 'FULL', 'FULL', 'FIELD_THEIRS', 'FASTER', 'MEC_USED', 'CLEAN', 'CLEAN', 'NEUTRAL', 'NEUTRAL', 'CLEAR', 'CLEAR', 'OPENING', 'BANCO_VAZIO')",34,6,6,100.000,ATTACK_PIVOT,47.059,1.503609,4.4979
"('TANK', 'TANK', 'VOLATILE', 'FULL', 'FULL', 'FIELD_SHARED', 'FASTER', 'MEC_AVAIL', 'CLEAN', 'CLEAN', 'NEUTRAL', 'NEUTRAL', 'CLEAR', 'CLEAR', 'OPENING', 'BANCO_OFF')",34,6,14,42.857,ATTACK_PREDICTIVE_MEC,52.941,1.445325,4.2432
"('SWEEPER', 'SWEEPER', 'OFFENSIVE_ADV', 'FULL', 'FULL', 'FIELD_THEIRS', 'FASTER', 'MEC_USED', 'CLEAN', 'CLEAN', 'NEUTRAL', 'DEBUFF', 'CLEAR', 'CLEAR', 'OPENING', 'BANCO_OFF')",34,5,6,83.333,ATTACK_STRONG,67.647,1.048325,2.8529
"('TANK', 'SWEEPER', 'CRITICAL_DIS', 'SAFE', 'FULL', 'NORMAL', 'SLOWER', 'MEC_USED', 'CLEAN', 'CLEAN', 'NEUTRAL', 'NEUTRAL', 'CLEAR', 'SET', 'RECOVERING', 'BANCO_VAZIO')",34,9,10,90.000,HEAL,55.882,1.483199,4.4070
"('TANK', 'TANK', 'STALEMATE', 'FULL', 'FULL', 'NORMAL', 'SLOWER', 'MEC_USED', 'AFFLICTED', 'AFFLICTED', 'DEBUFF', 'DEBUFF', 'SET', 'SET', 'RECOVERING', 'BANCO_VAZIO')",34,4,6,66.667,STAT_CLEAN,58.824,1.103507,3.0147
"('TANK', 'TANK', 'CRITICAL_DIS', 'FULL', 'FULL', 'FIELD_OURS_OFF', 'FASTER', 'MEC_USED', 'CLEAN', 'CLEAN', 'NEUTRAL', 'NEUTRAL', 'CLEAR', 'CLEAR', 'OPENING', 'BANCO_AMBOS')",34,8,9,88.889,SWITCH_DEFENSIVE,47.059,1.528466,4.6111
"('TANK', 'TANK', 'NEUTRAL', 'FULL', 'FULL', 'FIELD_SHARED', 'FASTER', 'MEC_USED', 'CLEAN', 'CLEAN', 'NEUTRAL', 'NEUTRAL', 'SET', 'CLEAR', 'OPENING', 'BANCO_OFF')",34,10,12,83.333,ATTACK_TECH,23.529,2.083577,8.0331
"('UTILITY', 'TANK', 'DEFENSIVE_DIS', 'FULL', 'FULL', 'NORMAL', 'FASTER', 'MEC_USED', 'CLEAN', 'CLEAN', 'NEUTRAL', 'NEUTRAL', 'CLEAR', 'CLEAR', 'OPENING', 'BANCO_VAZIO')",34,2,5,40.000,ATTACK_STRONG,97.059,0.132691,1.1419
"('TANK', 'TANK', 'OFFENSIVE_ADV', 'SAFE', 'SAFE', 'NORMAL', 'FASTER', 'MEC_AVAIL', 'CLEAN', 'CLEAN', 'NEUTRAL', 'NEUTRAL', 'SET', 'CLEAR', 'OPENING', 'BANCO_OFF')",34,16,20,80.000,ATTACK_PREDICTIVE,11.765,2.664724,14.3640
"('TANK', 'TANK', 'DOMINANT', 'FULL', 'FULL', 'FIELD_OURS_OFF', 'FASTER', 'MEC_AVAIL', 'CLEAN', 'CLEAN', 'NEUTRAL', 'NEUTRAL', 'CLEAR', 'CLEAR', 'OPENING', 'BANCO_AMBOS')",34,10,16,62.500,ATTACK_STRONG_MEC,35.294,2.006955,7.4406
"('UTILITY', 'TANK', 'NEUTRAL', 'FULL', 'FULL', 'NORMAL', 'SLOWER', 'MEC_USED', 'CLEAN', 'CLEAN', 'NEUTRAL', 'NEUTRAL', 'CLEAR', 'CLEAR', 'OPENING', 'BANCO_OFF')",34,8,9,88.889,ATTACK_PREDICTIVE,38.235,1.778909,5.9234
"('TANK', 'TANK', 'DOMINANT', 'SAFE', 'FULL', 'FIELD_SHARED', 'FASTER', 'MEC_USED', 'CLEAN', 'CLEAN', 'NEUTRAL', 'NEUTRAL', 'CLEAR', 'CLEAR', 'OPENING', 'BANCO_OFF')",34,9,9,100.000,ATTACK_PIVOT,29.412,1.953825,7.0556
"('TANK', 'TANK', 'CRITICAL_DIS', 'FULL', 'FULL', 'NORMAL', 'SLOWER', 'MEC_USED', 'CLEAN', 'CLEAN', 'NEUTRAL', 'NEUTRAL', 'CLEAR', 'CLEAR', 'RECOVERING', 'BANCO_VAZIO')",34,9,10,90.000,HAZARD,44.118,1.760805,5.8171
"('TANK', 'TANK', 'NEUTRAL', 'SAFE', 'SAFE', 'NORMAL', 'FASTER', 'MEC_USED', 'CLEAN', 'CLEAN', 'NEUTRAL', 'NEUTRAL', 'SET', 'SET', 'BRAWL', 'BANCO_OFF')",34,8,14,57.143,SWITCH_DEFENSIVE,38.235,1.546299,4.6941
"('SWEEPER', 'TANK', 'OFFENSIVE_ADV', 'SAFE', 'SAFE', 'NORMAL', 'FASTER', 'MEC_USED', 'CLEAN', 'CLEAN', 'NEUTRAL', 'DEBUFF', 'CLEAR', 'CLEAR', 'OPENING', 'BANCO_OFF')",34,6,7,85.714,ATTACK_STRONG,44.118,1.442577,4.2316
"('TANK', 'TANK', 'NEUTRAL', 'FULL', 'FULL', 'NORMAL', 'SLOWER', 'MEC_USED', 'CLEAN', 'CLEAN', 'NEUTRAL', 'DEBUFF', 'SET', 'SET', 'CLUTCH', 'BANCO_VAZIO')",33,3,6,50.000,ATTACK_STRONG,75.758,0.690182,1.9941
"('TANK', 'TANK', 'NEUTRAL', 'FULL', 'FULL', 'NORMAL', 'SLOWER', 'MEC_USED', 'CLEAN', 'CLEAN', 'DEBUFF', 'NEUTRAL', 'CLEAR', 'CLEAR', 'CLUTCH', 'BANCO_VAZIO')",33,4,9,44.444,ATTACK_PREDICTIVE,45.455,1.240684,3.4580
"('TANK', 'TANK', 'NEUTRAL', 'FULL', 'SAFE', 'NORMAL', 'FASTER', 'MEC_USED', 'AFFLICTED', 'CLEAN', 'NEUTRAL', 'NEUTRAL', 'CLEAR', 'SET', 'RECOVERING', 'BANCO_VAZIO')",33,9,11,81.818,ATTACK_PREDICTIVE,24.242,1.988924,7.3077
"('TANK', 'TANK', 'NEUTRAL', 'SAFE', 'FULL', 'FIELD_THEIRS', 'FASTER', 'MEC_USED', 'CLEAN', 'CLEAN', 'NEUTRAL', 'NEUTRAL', 'CLEAR', 'CLEAR', 'OPENING', 'BANCO_VAZIO')",33,10,10,100.000,ATTACK_STRONG,27.273,2.091438,8.0966
"('TANK', 'TANK', 'DOMINANT', 'SAFE', 'FULL', 'FIELD_THEIRS', 'FASTER', 'MEC_USED', 'CLEAN', 'CLEAN', 'NEUTRAL', 'NEUTRAL', 'CLEAR', 'CLEAR', 'OPENING', 'BANCO_AMBOS')",33,9,9,100.000,SWITCH_OFFENSIVE,21.212,2.036156,7.6611
"('TANK', 'TANK', 'DEFENSIVE_DIS', 'SAFE', 'FULL', 'FIELD_OURS_DEF', 'FASTER', 'MEC_USED', 'CLEAN', 'CLEAN', 'NEUTRAL', 'NEUTRAL', 'CLEAR', 'CLEAR', 'OPENING', 'BANCO_AMBOS')",33,9,11,81.818,SWITCH_OFFENSIVE,33.333,1.875527,6.5243
"('TANK', 'TANK', 'DEFENSIVE_ADV', 'FULL', 'FULL', 'NORMAL', 'SLOWER', 'MEC_USED', 'CLEAN', 'AFFLICTED', 'NEUTRAL', 'DEBUFF', 'CLEAR', 'CLEAR', 'CLUTCH', 'BANCO_VAZIO')",33,4,8,50.000,ATTACK_STRONG,51.515,0.984530,2.6766
"('TANK', 'TANK', 'OFFENSIVE_DIS', 'FULL', 'FULL', 'NORMAL', 'FASTER', 'MEC_USED', 'CLEAN', 'CLEAN', 'NEUTRAL', 'NEUTRAL', 'CLEAR', 'CLEAR', 'OPENING', 'BANCO_DEF')",33,10,10,100.000,FIELD_CONTROL,24.242,2.096118,8.1345
"('TANK', 'TANK', 'DOMINANT', 'SAFE', 'FULL', 'NORMAL', 'FASTER', 'MEC_USED', 'CLEAN', 'CLEAN', 'NEUTRAL', 'NEUTRAL', 'CLEAR', 'CLEAR', 'OPENING', 'BANCO_AMBOS')",33,6,10,60.000,ATTACK_STRONG,51.515,1.348975,3.8535
"('TANK', 'TANK', 'NEUTRAL', 'FULL', 'SAFE', 'NORMAL', 'FASTER', 'MEC_USED', 'CLEAN', 'CLEAN', 'NEUTRAL', 'NEUTRAL', 'CLEAR', 'SET', 'RECOVERING', 'BANCO_VAZIO')",33,10,13,76.923,ATTACK_PREDICTIVE,42.424,1.856944,6.4041
"('SWEEPER', 'TANK', 'DEFENSIVE_ADV', 'FULL', 'FULL', 'NORMAL', 'FASTER', 'MEC_USED', 'CLEAN', 'CLEAN', 'NEUTRAL', 'NEUTRAL', 'CLEAR', 'CLEAR', 'OPENING', 'BANCO_AMBOS')",33,3,7,42.857,SWITCH_DEFENSIVE,90.909,0.362501,1.4369
"('TANK', 'SWEEPER', 'NEUTRAL', 'FULL', 'FULL', 'FIELD_OURS_DEF', 'SLOWER', 'MEC_USED', 'CLEAN', 'CLEAN', 'NEUTRAL', 'NEUTRAL', 'CLEAR', 'CLEAR', 'OPENING', 'BANCO_AMBOS')",33,4,6,66.667,SWITCH_OFFENSIVE,42.424,1.187442,3.2787
"('TANK', 'TANK', 'DEFENSIVE_DIS', 'DANGER', 'SAFE', 'NORMAL', 'SLOWER', 'MEC_USED', 'CLEAN', 'CLEAN', 'NEUTRAL', 'NEUTRAL', 'CLEAR', 'CLEAR', 'OPENING', 'BANCO_OFF')",33,8,13,61.538,ATTACK_PREDICTIVE,33.333,1.714812,5.5556
"('UTILITY', 'UTILITY', 'NEUTRAL', 'FULL', 'FULL', 'NORMAL', 'SLOWER', 'MEC_USED', 'CLEAN', 'CLEAN', 'NEUTRAL', 'NEUTRAL', 'CLEAR', 'CLEAR', 'OPENING', 'BANCO_AMBOS')",33,3,9,33.333,ATTACK_STRONG,90.909,0.362501,1.4369
"('UTILITY', 'SWEEPER', 'NEUTRAL', 'FULL', 'FULL', 'NORMAL', 'SLOWER', 'MEC_USED', 'CLEAN', 'CLEAN', 'NEUTRAL', 'NEUTRAL', 'CLEAR', 'CLEAR', 'OPENING', 'BANCO_AMBOS')",33,5,11,45.455,ATTACK_PREDICTIVE,45.455,1.103967,3.0161
"('TANK', 'TANK', 'DEFENSIVE_DIS', 'SAFE', 'FULL', 'NORMAL', 'FASTER', 'MEC_USED', 'CLEAN', 'CLEAN', 'NEUTRAL', 'NEUTRAL', 'CLEAR', 'SET', 'OPENING', 'BANCO_OFF')",33,7,11,63.636,ATTACK_PREDICTIVE,39.394,1.618920,5.0476
"('TANK', 'TANK', 'OFFENSIVE_ADV', 'SAFE', 'SAFE', 'NORMAL', 'SLOWER', 'MEC_USED', 'CLEAN', 'CLEAN', 'NEUTRAL', 'NEUTRAL', 'CLEAR', 'SET', 'OPENING', 'BANCO_OFF')",33,7,13,53.846,HEAL,27.273,1.752933,5.7715
"('TANK', 'TANK', 'NEUTRAL', 'FULL', 'FULL', 'NORMAL', 'FASTER', 'MEC_USED', 'AFFLICTED', 'AFFLICTED', 'DEBUFF', 'DEBUFF', 'SET', 'SET', 'CLUTCH', 'BANCO_VAZIO')",33,2,3,66.667,HAZARD,96.970,0.135794,1.1454
"('TANK', 'TANK', 'CRITICAL_DIS', 'FULL', 'SAFE', 'NORMAL', 'FASTER', 'MEC_USED', 'AFFLICTED', 'CLEAN', 'DEBUFF', 'NEUTRAL', 'SET', 'SET', 'CLUTCH', 'BANCO_VAZIO')",32,4,7,57.143,ATTACK_STRONG,37.500,1.176388,3.2426
"('TANK', 'TANK', 'DEFENSIVE_ADV', 'FULL', 'FULL', 'NORMAL', 'FASTER', 'MEC_USED', 'CLEAN', 'CLEAN', 'NEUTRAL', 'DEBUFF', 'SET', 'SET', 'CLUTCH', 'BANCO_VAZIO')",32,3,3,100.000,HEAL,56.250,0.797891,2.2209
"('TANK', 'TANK', 'OFFENSIVE_ADV', 'SAFE', 'FULL', 'NORMAL', 'FASTER', 'MEC_USED', 'AFFLICTED', 'CLEAN', 'NEUTRAL', 'NEUTRAL', 'CLEAR', 'CLEAR', 'CLUTCH', 'BANCO_VAZIO')",32,8,10,80.000,SWITCH_DEFENSIVE,31.250,1.738313,5.6877
"('TANK', 'TANK', 'CRITICAL_DIS', 'FULL', 'FULL', 'NORMAL', 'FASTER', 'MEC_USED', 'AFFLICTED', 'AFFLICTED', 'DEBUFF', 'DEBUFF', 'CLEAR', 'CLEAR', 'CLUTCH', 'BANCO_VAZIO')",32,4,6,66.667,HAZARD,90.625,0.414124,1.5130
"('UTILITY', 'TANK', 'DOMINANT', 'FULL', 'FULL', 'FIELD_THEIRS', 'SLOWER', 'MEC_USED', 'CLEAN', 'CLEAN', 'NEUTRAL', 'NEUTRAL', 'CLEAR', 'CLEAR', 'OPENING', 'BANCO_AMBOS')",32,7,7,100.000,ATTACK_PIVOT,43.750,1.531358,4.6245
"('TANK', 'UTILITY', 'DEFENSIVE_DIS', 'FULL', 'FULL', 'FIELD_OURS_DEF', 'SLOWER', 'MEC_AVAIL', 'CLEAN', 'CLEAN', 'NEUTRAL', 'NEUTRAL', 'CLEAR', 'CLEAR', 'OPENING', 'BANCO_AMBOS')",32,3,10,30.000,SWITCH_DEFENSIVE,59.375,0.785635,2.1938
"('TANK', 'TANK', 'NEUTRAL', 'FULL', 'SAFE', 'FIELD_OURS_OFF', 'FASTER', 'MEC_USED', 'CLEAN', 'CLEAN', 'NEUTRAL', 'NEUTRAL', 'CLEAR', 'CLEAR', 'OPENING', 'BANCO_OFF')",32,10,11,90.909,SWITCH_DEFENSIVE,21.875,2.091877,8.1001
"('TANK', 'TANK', 'OFFENSIVE_DIS', 'FULL', 'FULL', 'NORMAL', 'FASTER', 'MEC_USED', 'CLEAN', 'CLEAN', 'DEBUFF', 'NEUTRAL', 'SET', 'CLEAR', 'CLUTCH', 'BANCO_VAZIO')",32,3,4,75.000,STATUS,87.500,0.447062,1.5637
"('TANK', 'TANK', 'DEFENSIVE_ADV', 'FULL', 'SAFE', 'FIELD_SHARED', 'FASTER', 'MEC_USED', 'CLEAN', 'CLEAN', 'NEUTRAL', 'NEUTRAL', 'CLEAR', 'CLEAR', 'OPENING', 'BANCO_OFF')",32,10,11,90.909,ATTACK_PIVOT,28.125,1.984055,7.2722
"('SWEEPER', 'UTILITY', 'OFFENSIVE_ADV', 'FULL', 'FULL', 'NORMAL', 'FASTER', 'MEC_USED', 'CLEAN', 'CLEAN', 'NEUTRAL', 'NEUTRAL', 'CLEAR', 'CLEAR', 'OPENING', 'BANCO_AMBOS')",32,7,8,87.500,ATTACK_STRONG,25.000,1.705551,5.5044
"('TANK', 'TANK', 'DEFENSIVE_DIS', 'FULL', 'SAFE', 'NORMAL', 'FASTER', 'MEC_USED', 'CLEAN', 'CLEAN', 'NEUTRAL', 'NEUTRAL', 'CLEAR', 'CLEAR', 'RECOVERING', 'BANCO_VAZIO')",32,11,12,91.667,ATTACK_PREDICTIVE,25.000,2.193055,8.9626
"('TANK', 'TANK', 'DOMINANT', 'SAFE', 'FULL', 'FIELD_SHARED', 'FASTER', 'MEC_USED', 'CLEAN', 'CLEAN', 'NEUTRAL', 'NEUTRAL', 'CLEAR', 'CLEAR', 'OPENING', 'BANCO_AMBOS')",32,7,8,87.500,SWITCH_OFFENSIVE,25.000,1.804976,6.0798
"('SWEEPER', 'TANK', 'DOMINANT', 'CRIT', 'FULL', 'NORMAL', 'FASTER', 'MEC_USED', 'CLEAN', 'CLEAN', 'BUFFED', 'DEBUFF', 'CLEAR', 'CLEAR', 'CLUTCH', 'BANCO_VAZIO')",32,3,3,100.000,BUFF,65.625,0.748210,2.1132
"('TANK', 'TANK', 'OFFENSIVE_DIS', 'FULL', 'SAFE', 'NORMAL', 'SLOWER', 'MEC_USED', 'CLEAN', 'CLEAN', 'NEUTRAL', 'NEUTRAL', 'CLEAR', 'CLEAR', 'OPENING', 'BANCO_VAZIO')",32,11,13,84.615,SWITCH_DEFENSIVE,18.750,2.239100,9.3849
"('TANK', 'TANK', 'STALEMATE', 'FULL', 'FULL', 'NORMAL', 'SLOWER', 'MEC_USED', 'CLEAN', 'CLEAN', 'NEUTRAL', 'NEUTRAL', 'SET', 'SET', 'RECOVERING', 'BANCO_VAZIO')",32,8,12,66.667,STATUS,50.000,1.507457,4.5152
"('TANK', 'TANK', 'NEUTRAL', 'SAFE', 'SAFE', 'NORMAL', 'SLOWER', 'MEC_USED', 'CLEAN', 'CLEAN', 'NEUTRAL', 'NEUTRAL', 'SET', 'SET', 'OPENING', 'BANCO_VAZIO')",32,13,15,86.667,ATTACK_PREDICTIVE,21.875,2.339025,10.3711
"('TANK', 'TANK', 'OFFENSIVE_DIS', 'SAFE', 'SAFE', 'NORMAL', 'FASTER', 'MEC_USED', 'CLEAN', 'CLEAN', 'NEUTRAL', 'NEUTRAL', 'SET', 'CLEAR', 'OPENING', 'BANCO_OFF')",32,15,16,93.750,PROTECT,18.750,2.455708,11.6547
"('TANK', 'TANK', 'NEUTRAL', 'FULL', 'FULL', 'NORMAL', 'SLOWER', 'MEC_AVAIL', 'CLEAN', 'CLEAN', 'NEUTRAL', 'NEUTRAL', 'CLEAR', 'CLEAR', 'OPENING', 'BANCO_AMBOS')",32,17,22,77.273,ATTACK_TECH,15.625,2.610480,13.6056
"('SWEEPER', 'TANK', 'NEUTRAL', 'FULL', 'FULL', 'NORMAL', 'FASTER', 'MEC_USED', 'CLEAN', 'AFFLICTED', 'NEUTRAL', 'DEBUFF', 'SET', 'CLEAR', 'CLUTCH', 'BANCO_VAZIO')",32,2,2,100.000,STATUS,78.125,0.525321,1.6910
"('SWEEPER', 'TANK', 'VOLATILE', 'FULL', 'FULL', 'FIELD_THEIRS', 'FASTER', 'MEC_USED', 'CLEAN', 'CLEAN', 'NEUTRAL', 'DEBUFF', 'CLEAR', 'CLEAR', 'OPENING', 'BANCO_AMBOS')",32,5,6,83.333,SWITCH_DEFENSIVE,46.875,1.270790,3.5637
"('TANK', 'TANK', 'OFFENSIVE_DIS', 'SAFE', 'FULL', 'NORMAL', 'SLOWER', 'MEC_USED', 'CLEAN', 'AFFLICTED', 'NEUTRAL', 'NEUTRAL', 'SET', 'SET', 'CLUTCH', 'BANCO_VAZIO')",32,6,10,60.000,ATTACK_TECH,40.625,1.393459,4.0288
"('TANK', 'TANK', 'CRITICAL_DIS', 'SAFE', 'FULL', 'NORMAL', 'FASTER', 'MEC_USED', 'AFFLICTED', 'AFFLICTED', 'NEUTRAL', 'DEBUFF', 'SET', 'SET', 'CLUTCH', 'BANCO_VAZIO')",32,2,2,100.000,HAZARD,90.625,0.311129,1.3650
"('TANK', 'SWEEPER', 'DEFENSIVE_ADV', 'FULL', 'FULL', 'NORMAL', 'SLOWER', 'MEC_USED', 'CLEAN', 'CLEAN', 'DEBUFF', 'NEUTRAL', 'CLEAR', 'CLEAR', 'OPENING', 'BANCO_OFF')",32,6,8,75.000,ATTACK_STRONG,50.000,1.405369,4.0770
"('TANK', 'TANK', 'NEUTRAL', 'DANGER', 'FULL', 'NORMAL', 'SLOWER', 'MEC_USED', 'CLEAN', 'CLEAN', 'NEUTRAL', 'NEUTRAL', 'CLEAR', 'CLEAR', 'OPENING', 'BANCO_OFF')",32,12,14,85.714,HEAL,18.750,2.298773,9.9619
"('TANK', 'TANK', 'NEUTRAL', 'DANGER', 'SAFE', 'NORMAL', 'FASTER', 'MEC_USED', 'CLEAN', 'CLEAN', 'NEUTRAL', 'NEUTRAL', 'SET', 'CLEAR', 'OPENING', 'BANCO_VAZIO')",32,11,11,100.000,HEAL,25.000,2.168808,8.7478
"('TANK', 'TANK', 'DOMINANT', 'FULL', 'SAFE', 'NORMAL', 'SLOWER', 'MEC_USED', 'CLEAN', 'CLEAN', 'NEUTRAL', 'NEUTRAL', 'CLEAR', 'CLEAR', 'OPENING', 'BANCO_OFF')",32,13,14,92.857,HAZARD,18.750,2.309391,10.0683
"('TANK', 'TANK', 'NEUTRAL', 'FULL', 'SAFE', 'NORMAL', 'FASTER', 'MEC_USED', 'CLEAN', 'CLEAN', 'NEUTRAL', 'NEUTRAL', 'CLEAR', 'SET', 'OPENING', 'BANCO_OFF')",32,9,13,69.231,ATTACK_PIVOT,28.125,1.956179,7.0722
"('UTILITY', 'TANK', 'NEUTRAL', 'FULL', 'FULL', 'FIELD_OURS_OFF', 'FASTER', 'MEC_USED', 'CLEAN', 'CLEAN', 'NEUTRAL', 'NEUTRAL', 'CLEAR', 'CLEAR', 'OPENING', 'BANCO_AMBOS')",32,7,13,53.846,ATTACK_STRONG,53.125,1.459805,4.3051
"('TANK', 'TANK', 'NEUTRAL', 'FULL', 'FULL', 'NORMAL', 'FASTER', 'MEC_USED', 'AFFLICTED', 'CLEAN', 'NEUTRAL', 'NEUTRAL', 'CLEAR', 'SET', 'RECOVERING', 'BANCO_VAZIO')",32,10,11,90.909,STATUS,18.750,2.154619,8.6246
"('TANK', 'TANK', 'OFFENSIVE_DIS', 'FULL', 'FULL', 'NORMAL', 'FASTER', 'MEC_AVAIL', 'CLEAN', 'CLEAN', 'NEUTRAL', 'NEUTRAL', 'CLEAR', 'CLEAR', 'OPENING', 'BANCO_OFF')",32,13,20,65.000,STATUS_MEC,40.625,2.042285,7.7082
"('TANK', 'TANK', 'NEUTRAL', 'SAFE', 'DANGER', 'NORMAL', 'FASTER', 'MEC_USED', 'CLEAN', 'CLEAN', 'NEUTRAL', 'NEUTRAL', 'SET', 'SET', 'OPENING', 'BANCO_OFF')",32,5,13,38.462,HEAL,59.375,1.094620,2.9880
"('TANK', 'TANK', 'OFFENSIVE_ADV', 'FULL', 'FULL', 'FIELD_OURS_OFF', 'FASTER', 'MEC_USED', 'CLEAN', 'CLEAN', 'NEUTRAL', 'NEUTRAL', 'CLEAR', 'CLEAR', 'OPENING', 'BANCO_DEF')",32,7,7,100.000,ATTACK_PIVOT,28.125,1.677234,5.3507
"('TANK', 'UTILITY', 'DEFENSIVE_DIS', 'FULL', 'FULL', 'NORMAL', 'FASTER', 'MEC_AVAIL', 'CLEAN', 'CLEAN', 'NEUTRAL', 'NEUTRAL', 'CLEAR', 'CLEAR', 'OPENING', 'BANCO_AMBOS')",32,7,12,58.333,ATTACK_TECH,37.500,1.721962,5.5955
"('TANK', 'TANK', 'OFFENSIVE_DIS', 'FULL', 'FULL', 'NORMAL', 'SLOWER', 'MEC_USED', 'CLEAN', 'CLEAN', 'NEUTRAL', 'NEUTRAL', 'CLEAR', 'SET', 'OPENING', 'BANCO_OFF')",32,11,13,84.615,STAT_CLEAN,28.125,2.192208,8.9550
"('TANK', 'TANK', 'DEFENSIVE_ADV', 'FULL', 'FULL', 'NORMAL', 'SLOWER', 'MEC_USED', 'AFFLICTED', 'CLEAN', 'DEBUFF_DEBUFF', 'NEUTRAL', 'CLEAR', 'CLEAR', 'RECOVERING', 'BANCO_VAZIO')",31,4,4,100.000,CLEAN_HAZARD,80.645,0.659243,1.9333
"('TANK', 'TANK', 'OFFENSIVE_DIS', 'DANGER', 'SAFE', 'NORMAL', 'SLOWER', 'MEC_USED', 'CLEAN', 'CLEAN', 'NEUTRAL', 'NEUTRAL', 'CLEAR', 'SET', 'RECOVERING', 'BANCO_VAZIO')",31,10,12,83.333,SWITCH_OFFENSIVE,29.032,1.974259,7.2013
"('TANK', 'TANK', 'NEUTRAL', 'SAFE', 'FULL', 'NORMAL', 'FASTER', 'MEC_USED', 'CLEAN', 'CLEAN', 'NEUTRAL', 'NEUTRAL', 'SET', 'SET', 'RECOVERING', 'BANCO_VAZIO')",31,11,15,73.333,ATTACK_STRONG,25.806,2.186894,8.9075
"('TANK', 'TANK', 'OFFENSIVE_ADV', 'FULL', 'DANGER', 'NORMAL', 'FASTER', 'MEC_AVAIL', 'CLEAN', 'CLEAN', 'NEUTRAL', 'NEUTRAL', 'CLEAR', 'CLEAR', 'OPENING', 'BANCO_OFF')",31,11,12,91.667,ATTACK_STRONG,25.806,2.159054,8.6629
"('TANK', 'TANK', 'OFFENSIVE_DIS', 'FULL', 'FULL', 'NORMAL', 'SLOWER', 'MEC_USED', 'CLEAN', 'CLEAN', 'NEUTRAL', 'NEUTRAL', 'SET', 'SET', 'RECOVERING', 'BANCO_VAZIO')",31,11,12,91.667,ATTACK_TECH,38.710,1.846019,6.3346
"('TANK', 'TANK', 'OFFENSIVE_ADV', 'SAFE', 'FULL', 'NORMAL', 'SLOWER', 'MEC_USED', 'CLEAN', 'CLEAN', 'NEUTRAL', 'NEUTRAL', 'SET', 'SET', 'OPENING', 'BANCO_OFF')",31,13,14,92.857,BUFF,19.355,2.346659,10.4506
"('TANK', 'TANK', 'DOMINANT', 'SAFE', 'FULL', 'NORMAL', 'FASTER', 'MEC_USED', 'CLEAN', 'CLEAN', 'NEUTRAL', 'NEUTRAL', 'SET', 'CLEAR', 'OPENING', 'BANCO_AMBOS')",31,11,11,100.000,ATTACK_PIVOT,19.355,2.212501,9.1385
"('TANK', 'TANK', 'NEUTRAL', 'FULL', 'SAFE', 'FIELD_THEIRS', 'SLOWER', 'MEC_USED', 'CLEAN', 'CLEAN', 'NEUTRAL', 'NEUTRAL', 'CLEAR', 'CLEAR', 'OPENING', 'BANCO_VAZIO')",31,9,11,81.818,HEAL,35.484,1.800098,6.0502
"('TANK', 'TANK', 'NEUTRAL', 'FULL', 'FULL', 'NORMAL', 'FASTER', 'MEC_USED', 'CLEAN', 'AFFLICTED', 'NEUTRAL', 'DEBUFF', 'SET', 'SET', 'RECOVERING', 'BANCO_VAZIO')",31,5,10,50.000,STAT_CLEAN,61.290,1.100494,3.0056
"('SWEEPER', 'TANK', 'OFFENSIVE_ADV', 'SAFE', 'FULL', 'NORMAL', 'FASTER', 'MEC_USED', 'CLEAN', 'CLEAN', 'NEUTRAL', 'NEUTRAL', 'SET', 'CLEAR', 'OPENING', 'BANCO_OFF')",31,11,11,100.000,SWITCH_OFFENSIVE,19.355,2.240341,9.3965
"('SWEEPER', 'TANK', 'DEFENSIVE_DIS', 'SAFE', 'FULL', 'NORMAL', 'FASTER', 'MEC_USED', 'CLEAN', 'CLEAN', 'NEUTRAL', 'NEUTRAL', 'CLEAR', 'CLEAR', 'OPENING', 'BANCO_AMBOS')",31,8,9,88.889,SWITCH_DEFENSIVE,35.484,1.644596,5.1789
"('TANK', 'TANK', 'OFFENSIVE_ADV', 'DANGER', 'FULL', 'FIELD_SHARED', 'FASTER', 'MEC_USED', 'CLEAN', 'CLEAN', 'NEUTRAL', 'NEUTRAL', 'CLEAR', 'CLEAR', 'OPENING', 'BANCO_OFF')",31,10,10,100.000,SWITCH_DEFENSIVE,19.355,2.195622,8.9856
"('TANK', 'TANK', 'OFFENSIVE_ADV', 'DANGER', 'FULL', 'NORMAL', 'FASTER', 'MEC_USED', 'CLEAN', 'CLEAN', 'NEUTRAL', 'NEUTRAL', 'SET', 'CLEAR', 'OPENING', 'BANCO_OFF')",31,12,13,92.308,ATTACK_STRONG,19.355,2.240341,9.3965
"('TANK', 'TANK', 'DOMINANT', 'FULL', 'FULL', 'FIELD_OURS_DEF', 'FASTER', 'MEC_USED', 'CLEAN', 'CLEAN', 'NEUTRAL', 'NEUTRAL', 'CLEAR', 'CLEAR', 'OPENING', 'BANCO_OFF')",31,8,9,88.889,ATTACK_PREDICTIVE,29.032,1.823223,6.1918
"('TANK', 'TANK', 'OFFENSIVE_ADV', 'FULL', 'SAFE', 'FIELD_SHARED', 'FASTER', 'MEC_AVAIL', 'CLEAN', 'CLEAN', 'NEUTRAL', 'NEUTRAL', 'CLEAR', 'CLEAR', 'OPENING', 'BANCO_OFF')",31,10,16,62.500,BUFF_MEC,25.806,2.038607,7.6799
"('TANK', 'SWEEPER', 'NEUTRAL', 'SAFE', 'FULL', 'FIELD_OURS_OFF', 'FASTER', 'MEC_USED', 'CLEAN', 'CLEAN', 'NEUTRAL', 'NEUTRAL', 'CLEAR', 'CLEAR', 'OPENING', 'BANCO_OFF')",31,7,9,77.778,HEAL,54.839,1.455020,4.2846
"('TANK', 'TANK', 'NEUTRAL', 'FULL', 'SAFE', 'NORMAL', 'FASTER', 'MEC_USED', 'CLEAN', 'CLEAN', 'NEUTRAL', 'NEUTRAL', 'SET', 'SET', 'RECOVERING', 'BANCO_VAZIO')",31,7,11,63.636,ATTACK_STRONG,41.935,1.282739,3.6065
"('TANK', 'TANK', 'OFFENSIVE_ADV', 'SAFE', 'FULL', 'FIELD_THEIRS', 'FASTER', 'MEC_AVAIL', 'CLEAN', 'CLEAN', 'NEUTRAL', 'NEUTRAL', 'CLEAR', 'CLEAR', 'OPENING', 'BANCO_OFF')",31,10,12,83.333,ATTACK_STRONG_MEC,16.129,2.165549,8.7194
"('TANK', 'TANK', 'CRITICAL_DIS', 'FULL', 'FULL', 'FIELD_THEIRS', 'FASTER', 'MEC_USED', 'CLEAN', 'CLEAN', 'NEUTRAL', 'NEUTRAL', 'CLEAR', 'CLEAR', 'OPENING', 'BANCO_AMBOS')",31,10,12,83.333,BARRIER,29.032,1.982052,7.2576
"('UTILITY', 'TANK', 'DOMINANT', 'FULL', 'FULL', 'NORMAL', 'FASTER', 'MEC_USED', 'CLEAN', 'CLEAN', 'NEUTRAL', 'NEUTRAL', 'CLEAR', 'CLEAR', 'OPENING', 'BANCO_AMBOS')",31,6,6,100.000,ATTACK_PREDICTIVE,45.161,1.518497,4.5654
"('TANK', 'TANK', 'OFFENSIVE_ADV', 'SAFE', 'SAFE', 'NORMAL', 'FASTER', 'MEC_AVAIL', 'CLEAN', 'CLEAN', 'NEUTRAL', 'NEUTRAL', 'CLEAR', 'CLEAR', 'OPENING', 'BANCO_OFF')",31,12,18,66.667,SWITCH_DEFENSIVE,25.806,2.246259,9.4523
"('TANK', 'TANK', 'NEUTRAL', 'SAFE', 'FULL', 'NORMAL', 'FASTER', 'MEC_USED', 'CLEAN', 'CLEAN', 'BUFFED', 'NEUTRAL', 'CLEAR', 'CLEAR', 'OPENING', 'BANCO_OFF')",31,8,10,80.000,BUFF,29.032,1.798193,6.0387
"('TANK', 'TANK', 'CRITICAL_DIS', 'FULL', 'FULL', 'FIELD_OURS_OFF', 'SLOWER', 'MEC_USED', 'CLEAN', 'CLEAN', 'NEUTRAL', 'NEUTRAL', 'CLEAR', 'CLEAR', 'OPENING', 'BANCO_AMBOS')",31,8,10,80.000,SWITCH_DEFENSIVE,35.484,1.800098,6.0502
"('TANK', 'TANK', 'CRITICAL_DIS', 'FULL', 'FULL', 'NORMAL', 'SLOWER', 'MEC_USED', 'AFFLICTED', 'CLEAN', 'DEBUFF', 'NEUTRAL', 'SET', 'SET', 'RECOVERING', 'BANCO_VAZIO')",31,2,3,66.667,HAZARD,74.194,0.571023,1.7701
"('TANK', 'TANK', 'OFFENSIVE_DIS', 'SAFE', 'SAFE', 'FIELD_THEIRS', 'SLOWER', 'MEC_USED', 'CLEAN', 'CLEAN', 'NEUTRAL', 'NEUTRAL', 'CLEAR', 'CLEAR', 'OPENING', 'BANCO_OFF')",31,8,10,80.000,SWITCH_OFFENSIVE,38.710,1.774038,5.8946
"('TANK', 'TANK', 'NEUTRAL', 'SAFE', 'SAFE', 'NORMAL', 'FASTER', 'MEC_USED', 'CLEAN', 'CLEAN', 'NEUTRAL', 'NEUTRAL', 'SET', 'SET', 'OPENING', 'BANCO_VAZIO')",31,11,13,84.615,HEAL,19.355,2.229380,9.2941
"('TANK', 'SWEEPER', 'OFFENSIVE_ADV', 'SAFE', 'FULL', 'NORMAL', 'SLOWER', 'MEC_USED', 'CLEAN', 'CLEAN', 'NEUTRAL', 'NEUTRAL', 'CLEAR', 'CLEAR', 'OPENING', 'BANCO_VAZIO')",31,11,12,91.667,HEAL,22.581,2.203415,9.0559
"('TANK', 'TANK', 'DEFENSIVE_ADV', 'SAFE', 'FULL', 'NORMAL', 'FASTER', 'MEC_USED', 'CLEAN', 'CLEAN', 'NEUTRAL', 'NEUTRAL', 'CLEAR', 'CLEAR', 'OPENING', 'BANCO_AMBOS')",31,4,11,36.364,ATTACK_PREDICTIVE,64.516,0.955540,2.6001
"('TANK', 'TANK', 'NEUTRAL', 'SAFE', 'DANGER', 'NORMAL', 'SLOWER', 'MEC_USED', 'CLEAN', 'CLEAN', 'NEUTRAL', 'NEUTRAL', 'SET', 'SET', 'OPENING', 'BANCO_OFF')",31,7,14,50.000,STAT_CLEAN,38.710,1.470185,4.3500
"('TANK', 'TANK', 'STALEMATE', 'FULL', 'FULL', 'NORMAL', 'SLOWER', 'MEC_USED', 'AFFLICTED', 'AFFLICTED', 'DEBUFF', 'DEBUFF', 'CLEAR', 'SET', 'RECOVERING', 'BANCO_VAZIO')",31,4,6,66.667,STAT_CLEAN,67.742,0.918459,2.5054
"('TANK', 'TANK', 'OFFENSIVE_DIS', 'SAFE', 'FULL', 'FIELD_THEIRS', 'SLOWER', 'MEC_USED', 'CLEAN', 'CLEAN', 'NEUTRAL', 'NEUTRAL', 'CLEAR', 'CLEAR', 'OPENING', 'BANCO_OFF')",31,10,13,76.923,ATTACK_TECH,32.258,1.914113,6.7809
"('SWEEPER', 'TANK', 'NEUTRAL', 'SAFE', 'SAFE', 'NORMAL', 'FASTER', 'MEC_USED', 'CLEAN', 'CLEAN', 'NEUTRAL', 'NEUTRAL', 'SET', 'CLEAR', 'OPENING', 'BANCO_AMBOS')",31,9,9,100.000,CLEAN_HAZARD,54.839,1.522536,4.5838
"('TANK', 'TANK', 'NEUTRAL', 'FULL', 'FULL', 'NORMAL', 'FASTER', 'MEC_USED', 'AFFLICTED', 'CLEAN', 'NEUTRAL', 'NEUTRAL', 'SET', 'CLEAR', 'OPENING', 'BANCO_OFF')",31,5,7,71.429,CLEAN_HAZARD,87.097,0.563420,1.7567
"('TANK', 'TANK', 'NEUTRAL', 'SAFE', 'DANGER', 'NORMAL', 'SLOWER', 'MEC_USED', 'CLEAN', 'CLEAN', 'NEUTRAL', 'NEUTRAL', 'CLEAR', 'SET', 'OPENING', 'BANCO_OFF')",30,6,14,42.857,ATTACK_PREDICTIVE,60.000,1.166719,3.2114
"('TANK', 'TANK', 'VOLATILE', 'DANGER', 'SAFE', 'NORMAL', 'FASTER', 'MEC_USED', 'CLEAN', 'CLEAN', 'NEUTRAL', 'NEUTRAL', 'CLEAR', 'CLEAR', 'OPENING', 'BANCO_OFF')",30,12,12,100.000,ATTACK_STRONG,26.667,2.176186,8.8126
"('TANK', 'TANK', 'NEUTRAL', 'SAFE', 'SAFE', 'NORMAL', 'SLOWER', 'MEC_USED', 'CLEAN', 'CLEAN', 'NEUTRAL', 'NEUTRAL', 'CLEAR', 'SET', 'OPENING', 'BANCO_VAZIO')",30,11,12,91.667,ATTACK_PREDICTIVE,16.667,2.257876,9.5628
"('SWEEPER', 'TANK', 'OFFENSIVE_ADV', 'FULL', 'DANGER', 'NORMAL', 'FASTER', 'MEC_USED', 'CLEAN', 'CLEAN', 'NEUTRAL', 'DEBUFF', 'CLEAR', 'CLEAR', 'OPENING', 'BANCO_OFF')",30,7,8,87.500,ATTACK_PIVOT,53.333,1.451963,4.2715
"('TANK', 'TANK', 'NEUTRAL', 'FULL', 'FULL', 'FIELD_OURS_OFF', 'FASTER', 'MEC_USED', 'CLEAN', 'CLEAN', 'NEUTRAL', 'NEUTRAL', 'CLEAR', 'CLEAR', 'OPENING', 'BANCO_DEF')",30,8,8,100.000,ATTACK_STRONG,43.333,1.538132,4.6559
"('TANK', 'TANK', 'STALEMATE', 'FULL', 'SAFE', 'NORMAL', 'SLOWER', 'MEC_USED', 'CLEAN', 'CLEAN', 'NEUTRAL', 'NEUTRAL', 'CLEAR', 'CLEAR', 'OPENING', 'BANCO_OFF')",30,7,13,53.846,ATTACK_STRONG,46.667,1.496836,4.4675
"('TANK', 'TANK', 'NEUTRAL', 'FULL', 'FULL', 'NORMAL', 'SLOWER', 'MEC_USED', 'AFFLICTED', 'CLEAN', 'DEBUFF', 'NEUTRAL', 'CLEAR', 'SET', 'RECOVERING', 'BANCO_VAZIO')",30,7,10,70.000,HAZARD,46.667,1.513311,4.5417
"('TANK', 'TANK', 'DOMINANT', 'FULL', 'FULL', 'FIELD_OURS_DEF', 'SLOWER', 'MEC_AVAIL', 'CLEAN', 'CLEAN', 'NEUTRAL', 'NEUTRAL', 'CLEAR', 'CLEAR', 'OPENING', 'BANCO_AMBOS')",30,8,12,66.667,ATTACK_PREDICTIVE,53.333,1.498173,4.4735
"('TANK', 'TANK', 'OFFENSIVE_ADV', 'FULL', 'DANGER', 'NORMAL', 'FASTER', 'MEC_USED', 'CLEAN', 'CLEAN', 'NEUTRAL', 'NEUTRAL', 'SET', 'CLEAR', 'OPENING', 'BANCO_OFF')",30,9,10,90.000,ATTACK_PREDICTIVE,23.333,2.056935,7.8220
"('TANK', 'TANK', 'DEFENSIVE_DIS', 'FULL', 'FULL', 'NORMAL', 'SLOWER', 'MEC_USED', 'CLEAN', 'CLEAN', 'NEUTRAL', 'NEUTRAL', 'CLEAR', 'CLEAR', 'CLUTCH', 'BANCO_VAZIO')",30,5,12,41.667,ATTACK_TECH,50.000,1.231934,3.4279
"('UTILITY', 'SWEEPER', 'NEUTRAL', 'FULL', 'FULL', 'FIELD_THEIRS', 'SLOWER', 'MEC_USED', 'CLEAN', 'CLEAN', 'NEUTRAL', 'NEUTRAL', 'CLEAR', 'CLEAR', 'OPENING', 'BANCO_OFF')",30,10,10,100.000,ATTACK_STRONG,16.667,2.154129,8.6204
"('TANK', 'TANK', 'DEFENSIVE_DIS', 'SAFE', 'SAFE', 'NORMAL', 'SLOWER', 'MEC_USED', 'CLEAN', 'AFFLICTED', 'NEUTRAL', 'NEUTRAL', 'SET', 'SET', 'CLUTCH', 'BANCO_VAZIO')",30,8,8,100.000,HEAL,50.000,1.532749,4.6309
"('TANK', 'SWEEPER', 'DOMINANT', 'SAFE', 'FULL', 'NORMAL', 'SLOWER', 'MEC_USED', 'CLEAN', 'CLEAN', 'NEUTRAL', 'NEUTRAL', 'CLEAR', 'CLEAR', 'OPENING', 'BANCO_OFF')",30,7,7,100.000,ATTACK_PREDICTIVE,43.333,1.645686,5.1846
"('TANK', 'TANK', 'NEUTRAL', 'FULL', 'FULL', 'NORMAL', 'FASTER', 'MEC_AVAIL', 'CLEAN', 'CLEAN', 'NEUTRAL', 'NEUTRAL', 'CLEAR', 'CLEAR', 'OPENING', 'BANCO_VAZIO')",30,13,22,59.091,SWITCH_OFFENSIVE,20.000,2.286644,9.8419
"('UTILITY', 'TANK', 'DOMINANT', 'FULL', 'FULL', 'FIELD_SHARED', 'FASTER', 'MEC_USED', 'CLEAN', 'CLEAN', 'NEUTRAL', 'NEUTRAL', 'CLEAR', 'CLEAR', 'OPENING', 'BANCO_OFF')",30,8,9,88.889,ATTACK_PREDICTIVE,23.333,1.933440,6.9133
"('SWEEPER', 'UTILITY', 'NEUTRAL', 'FULL', 'FULL', 'FIELD_OURS_OFF', 'FASTER', 'MEC_USED', 'CLEAN', 'CLEAN', 'NEUTRAL', 'NEUTRAL', 'CLEAR', 'CLEAR', 'OPENING', 'BANCO_AMBOS')",30,6,7,85.714,ATTACK_PREDICTIVE,36.667,1.553500,4.7280
"('TANK', 'TANK', 'NEUTRAL', 'FULL', 'DANGER', 'NORMAL', 'FASTER', 'MEC_USED', 'CLEAN', 'CLEAN', 'NEUTRAL', 'NEUTRAL', 'SET', 'CLEAR', 'OPENING', 'BANCO_OFF')",30,7,12,58.333,CLEAN_HAZARD,43.333,1.515479,4.5516
"('TANK', 'TANK', 'OFFENSIVE_ADV', 'FULL', 'FULL', 'NORMAL', 'FASTER', 'MEC_USED', 'CLEAN', 'CLEAN', 'NEUTRAL', 'NEUTRAL', 'SET', 'SET', 'OPENING', 'BANCO_OFF')",30,12,13,92.308,SWITCH_DEFENSIVE,23.333,2.256909,9.5535
"('TANK', 'TANK', 'NEUTRAL', 'CRIT', 'SAFE', 'NORMAL', 'FASTER', 'MEC_USED', 'CLEAN', 'CLEAN', 'NEUTRAL', 'NEUTRAL', 'SET', 'SET', 'RECOVERING', 'BANCO_VAZIO')",30,11,13,84.615,HEAL,33.333,2.119246,8.3249
"('TANK', 'TANK', 'CRITICAL_DIS', 'SAFE', 'FULL', 'NORMAL', 'SLOWER', 'MEC_USED', 'CLEAN', 'CLEAN', 'NEUTRAL', 'NEUTRAL', 'CLEAR', 'SET', 'RECOVERING', 'BANCO_VAZIO')",30,9,11,81.818,PROTECT,30.000,1.948041,7.0149
"('SWEEPER', 'SWEEPER', 'NEUTRAL', 'FULL', 'FULL', 'FIELD_SHARED', 'SLOWER', 'MEC_USED', 'CLEAN', 'CLEAN', 'NEUTRAL', 'NEUTRAL', 'CLEAR', 'CLEAR', 'OPENING', 'BANCO_OFF')",30,7,8,87.500,SWITCH_OFFENSIVE,53.333,1.425502,4.1599
"('TANK', 'TANK', 'NEUTRAL', 'CRIT', 'SAFE', 'NORMAL', 'SLOWER', 'MEC_USED', 'CLEAN', 'CLEAN', 'NEUTRAL', 'NEUTRAL', 'CLEAR', 'SET', 'RECOVERING', 'BANCO_VAZIO')",30,13,14,92.857,ATTACK_PIVOT,20.000,2.361025,10.6018
"('TANK', 'TANK', 'DEFENSIVE_DIS', 'SAFE', 'SAFE', 'NORMAL', 'SLOWER', 'MEC_USED', 'CLEAN', 'CLEAN', 'NEUTRAL', 'NEUTRAL', 'CLEAR', 'CLEAR', 'OPENING', 'BANCO_AMBOS')",30,10,12,83.333,PROTECT,16.667,2.208761,9.1044
"('TANK', 'TANK', 'OFFENSIVE_DIS', 'FULL', 'FULL', 'NORMAL', 'SLOWER', 'MEC_USED', 'CLEAN', 'CLEAN', 'NEUTRAL', 'NEUTRAL', 'CLEAR', 'CLEAR', 'BRAWL', 'BANCO_VAZIO')",30,10,12,83.333,ATTACK_TECH,16.667,2.108516,8.2360
"('TANK', 'TANK', 'DEFENSIVE_DIS', 'FULL', 'SAFE', 'NORMAL', 'SLOWER', 'MEC_USED', 'CLEAN', 'CLEAN', 'NEUTRAL', 'NEUTRAL', 'CLEAR', 'SET', 'RECOVERING', 'BANCO_VAZIO')",30,11,13,84.615,ATTACK_PREDICTIVE,23.333,2.230448,9.3040
"('TANK', 'TANK', 'STALEMATE', 'FULL', 'FULL', 'FIELD_SHARED', 'SLOWER', 'MEC_USED', 'CLEAN', 'AFFLICTED', 'NEUTRAL', 'NEUTRAL', 'CLEAR', 'CLEAR', 'OPENING', 'BANCO_OFF')",30,5,8,62.500,HAZARD,36.667,1.412030,4.1043
"('TANK', 'TANK', 'OFFENSIVE_DIS', 'SAFE', 'FULL', 'NORMAL', 'SLOWER', 'MEC_USED', 'CLEAN', 'CLEAN', 'NEUTRAL', 'NEUTRAL', 'CLEAR', 'SET', 'OPENING', 'BANCO_OFF')",30,11,13,84.615,HEAL,26.667,2.080492,8.0084
"('TANK', 'TANK', 'NEUTRAL', 'SAFE', 'SAFE', 'NORMAL', 'FASTER', 'MEC_USED', 'AFFLICTED', 'AFFLICTED', 'DEBUFF', 'NEUTRAL', 'CLEAR', 'CLEAR', 'CLUTCH', 'BANCO_VAZIO')",30,3,4,75.000,ATTACK_STRONG,86.667,0.467652,1.5962
"('TANK', 'SWEEPER', 'NEUTRAL', 'FULL', 'SAFE', 'NORMAL', 'SLOWER', 'MEC_USED', 'CLEAN', 'CLEAN', 'NEUTRAL', 'NEUTRAL', 'CLEAR', 'CLEAR', 'OPENING', 'BANCO_VAZIO')",30,11,12,91.667,ATTACK_PREDICTIVE,33.333,1.977342,7.2235
"('TANK', 'TANK', 'NEUTRAL', 'FULL', 'SAFE', 'NORMAL', 'SLOWER', 'MEC_USED', 'CLEAN', 'CLEAN', 'NEUTRAL', 'NEUTRAL', 'CLEAR', 'CLEAR', 'BRAWL', 'BANCO_VAZIO')",30,8,12,66.667,ATTACK_STRONG,26.667,1.777739,5.9165
"('TANK', 'TANK', 'NEUTRAL', 'FULL', 'SAFE', 'NORMAL', 'SLOWER', 'MEC_USED', 'CLEAN', 'CLEAN', 'NEUTRAL', 'NEUTRAL', 'CLEAR', 'CLEAR', 'CLUTCH', 'BANCO_VAZIO')",30,4,10,40.000,ATTACK_STRONG,80.000,0.702683,2.0192
"('SWEEPER', 'TANK', 'NEUTRAL', 'FULL', 'FULL', 'NORMAL', 'FASTER', 'MEC_USED', 'CLEAN', 'CLEAN', 'NEUTRAL', 'NEUTRAL', 'SET', 'CLEAR', 'BRAWL', 'BANCO_OFF')",30,5,8,62.500,CLEAN_HAZARD,80.000,0.748893,2.1147
"('TANK', 'TANK', 'DEFENSIVE_DIS', 'FULL', 'SAFE', 'NORMAL', 'SLOWER', 'MEC_USED', 'CLEAN', 'AFFLICTED', 'NEUTRAL', 'NEUTRAL', 'SET', 'SET', 'CLUTCH', 'BANCO_VAZIO')",29,8,11,72.727,ATTACK_STRONG,27.586,1.858639,6.4150
"('TANK', 'TANK', 'OFFENSIVE_DIS', 'FULL', 'FULL', 'NORMAL', 'SLOWER', 'MEC_USED', 'CLEAN', 'CLEAN', 'NEUTRAL', 'NEUTRAL', 'SET', 'CLEAR', 'OPENING', 'BANCO_VAZIO')",29,12,13,92.308,ATTACK_TECH,13.793,2.375145,10.7526
"('TANK', 'TANK', 'OFFENSIVE_ADV', 'FULL', 'SAFE', 'NORMAL', 'FASTER', 'MEC_USED', 'AFFLICTED', 'CLEAN', 'NEUTRAL', 'BUFFED', 'SET', 'CLEAR', 'CLUTCH', 'BANCO_VAZIO')",29,3,3,100.000,ATTACK_STRONG,41.379,1.033332,2.8104
"('TANK', 'TANK', 'NEUTRAL', 'SAFE', 'FULL', 'NORMAL', 'FASTER', 'MEC_USED', 'CLEAN', 'CLEAN', 'NEUTRAL', 'NEUTRAL', 'SET', 'SET', 'BRAWL', 'BANCO_OFF')",29,8,14,57.143,ATTACK_STRONG,62.069,1.382059,3.9831
"('TANK', 'TANK', 'DOMINANT', 'FULL', 'SAFE', 'NORMAL', 'FASTER', 'MEC_USED', 'CLEAN', 'CLEAN', 'NEUTRAL', 'NEUTRAL', 'CLEAR', 'CLEAR', 'OPENING', 'BANCO_VAZIO')",29,7,11,63.636,ATTACK_STRONG,55.172,1.448840,4.2582
"('TANK', 'TANK', 'OFFENSIVE_DIS', 'SAFE', 'DANGER', 'NORMAL', 'SLOWER', 'MEC_USED', 'CLEAN', 'CLEAN', 'NEUTRAL', 'NEUTRAL', 'SET', 'SET', 'RECOVERING', 'BANCO_VAZIO')",29,10,11,90.909,HEAL,34.483,1.864582,6.4532
"('TANK', 'TANK', 'DEFENSIVE_ADV', 'FULL', 'FULL', 'NORMAL', 'FASTER', 'MEC_AVAIL', 'CLEAN', 'CLEAN', 'NEUTRAL', 'NEUTRAL', 'CLEAR', 'CLEAR', 'OPENING', 'BANCO_OFF')",29,11,14,78.571,ATTACK_PREDICTIVE_MEC,31.034,2.009827,7.4620
"('TANK', 'SWEEPER', 'DEFENSIVE_DIS', 'FULL', 'FULL', 'NORMAL', 'SLOWER', 'MEC_AVAIL', 'CLEAN', 'CLEAN', 'NEUTRAL', 'NEUTRAL', 'CLEAR', 'CLEAR', 'OPENING', 'BANCO_OFF')",29,12,16,75.000,ATTACK_STRONG_MEC,31.034,2.207366,9.0917
"('TANK', 'SWEEPER', 'OFFENSIVE_ADV', 'SAFE', 'FULL', 'FIELD_SHARED', 'SLOWER', 'MEC_USED', 'CLEAN', 'CLEAN', 'NEUTRAL', 'NEUTRAL', 'CLEAR', 'CLEAR', 'OPENING', 'BANCO_OFF')",29,11,11,100.000,ATTACK_PIVOT,31.034,2.055243,7.8087
"('SWEEPER', 'TANK', 'DOMINANT', 'FULL', 'FULL', 'NORMAL', 'FASTER', 'MEC_AVAIL', 'CLEAN', 'CLEAN', 'NEUTRAL', 'NEUTRAL', 'CLEAR', 'CLEAR', 'OPENING', 'BANCO_OFF')",29,6,14,42.857,ATTACK_PIVOT,62.069,1.103570,3.0149
"('TANK', 'TANK', 'DOMINANT', 'SAFE', 'SAFE', 'NORMAL', 'FASTER', 'MEC_USED', 'CLEAN', 'CLEAN', 'NEUTRAL', 'NEUTRAL', 'CLEAR', 'CLEAR', 'OPENING', 'BANCO_OFF')",29,11,11,100.000,ATTACK_PIVOT,17.241,2.270825,9.6874
"('TANK', 'TANK', 'DOMINANT', 'FULL', 'FULL', 'FIELD_OURS_OFF', 'SLOWER', 'MEC_USED', 'CLEAN', 'CLEAN', 'NEUTRAL', 'NEUTRAL', 'CLEAR', 'CLEAR', 'OPENING', 'BANCO_AMBOS')",29,2,11,18.182,SWITCH_DEFENSIVE,72.414,0.589003,1.8022
"('TANK', 'SWEEPER', 'OFFENSIVE_ADV', 'FULL', 'SAFE', 'FIELD_THEIRS', 'SLOWER', 'MEC_USED', 'CLEAN', 'CLEAN', 'NEUTRAL', 'NEUTRAL', 'CLEAR', 'CLEAR', 'OPENING', 'BANCO_OFF')",29,11,11,100.000,STATUS,20.690,2.175219,8.8041
"('TANK', 'TANK', 'NEUTRAL', 'CRIT', 'SAFE', 'NORMAL', 'SLOWER', 'MEC_USED', 'CLEAN', 'CLEAN', 'NEUTRAL', 'NEUTRAL', 'SET', 'SET', 'RECOVERING', 'BANCO_VAZIO')",29,11,15,73.333,STATUS,24.138,2.192262,8.9554
"('TANK', 'TANK', 'VOLATILE', 'SAFE', 'SAFE', 'NORMAL', 'SLOWER', 'MEC_USED', 'CLEAN', 'CLEAN', 'NEUTRAL', 'NEUTRAL', 'CLEAR', 'CLEAR', 'OPENING', 'BANCO_OFF')",29,6,11,54.545,ATTACK_STRONG,65.517,1.133318,3.1059
"('TANK', 'TANK', 'NEUTRAL', 'FULL', 'CRIT', 'NORMAL', 'SLOWER', 'MEC_USED', 'CLEAN', 'CLEAN', 'NEUTRAL', 'NEUTRAL', 'CLEAR', 'CLEAR', 'OPENING', 'BANCO_OFF')",29,3,14,21.429,ATTACK_STRONG,86.207,0.478753,1.6141
"('TANK', 'TANK', 'CRITICAL_DIS', 'FULL', 'SAFE', 'NORMAL', 'SLOWER', 'MEC_USED', 'CLEAN', 'CLEAN', 'NEUTRAL', 'NEUTRAL', 'CLEAR', 'CLEAR', 'OPENING', 'BANCO_OFF')",29,11,13,84.615,HEAL,13.793,2.279538,9.7722
"('TANK', 'TANK', 'NEUTRAL', 'SAFE', 'FULL', 'NORMAL', 'SLOWER', 'MEC_USED', 'CLEAN', 'CLEAN', 'NEUTRAL', 'NEUTRAL', 'SET', 'CLEAR', 'BRAWL', 'BANCO_OFF')",29,12,14,85.714,STAT_CLEAN,27.586,2.201975,9.0429
"('TANK', 'TANK', 'NEUTRAL', 'SAFE', 'SAFE', 'NORMAL', 'SLOWER', 'MEC_USED', 'CLEAN', 'CLEAN', 'NEUTRAL', 'NEUTRAL', 'CLEAR', 'CLEAR', 'BRAWL', 'BANCO_OFF')",29,12,12,100.000,STATUS,17.241,2.318629,10.1617
"('TANK', 'SWEEPER', 'OFFENSIVE_DIS', 'FULL', 'FULL', 'FIELD_THEIRS', 'SLOWER', 'MEC_USED', 'CLEAN', 'CLEAN', 'NEUTRAL', 'NEUTRAL', 'CLEAR', 'CLEAR', 'OPENING', 'BANCO_OFF')",29,9,13,69.231,STATUS,24.138,2.037135,7.6686
"('TANK', 'TANK', 'OFFENSIVE_ADV', 'DANGER', 'SAFE', 'NORMAL', 'FASTER', 'MEC_USED', 'CLEAN', 'CLEAN', 'NEUTRAL', 'NEUTRAL', 'SET', 'CLEAR', 'OPENING', 'BANCO_OFF')",29,11,12,91.667,ATTACK_STRONG,20.690,2.175219,8.8041
"('SWEEPER', 'TANK', 'DEFENSIVE_DIS', 'FULL', 'FULL', 'FIELD_THEIRS', 'FASTER', 'MEC_USED', 'CLEAN', 'CLEAN', 'NEUTRAL', 'NEUTRAL', 'CLEAR', 'CLEAR', 'OPENING', 'BANCO_VAZIO')",29,8,8,100.000,ATTACK_STRONG,34.483,1.784080,5.9541
"('TANK', 'TANK', 'DEFENSIVE_DIS', 'DANGER', 'FULL', 'NORMAL', 'SLOWER', 'MEC_USED', 'CLEAN', 'CLEAN', 'NEUTRAL', 'NEUTRAL', 'CLEAR', 'CLEAR', 'OPENING', 'BANCO_OFF')",29,12,14,85.714,SWITCH_DEFENSIVE,20.690,2.232352,9.3218
"('TANK', 'TANK', 'NEUTRAL', 'SAFE', 'FULL', 'NORMAL', 'FASTER', 'MEC_USED', 'CLEAN', 'CLEAN', 'BUFFED', 'NEUTRAL', 'CLEAR', 'CLEAR', 'OPENING', 'BANCO_AMBOS')",29,5,9,55.556,ATTACK_STRONG,34.483,1.407045,4.0839
"('TANK', 'SWEEPER', 'OFFENSIVE_DIS', 'FULL', 'FULL', 'FIELD_THEIRS', 'SLOWER', 'MEC_USED', 'CLEAN', 'CLEAN', 'NEUTRAL', 'NEUTRAL', 'CLEAR', 'CLEAR', 'OPENING', 'BANCO_AMBOS')",29,11,13,84.615,ATTACK_PIVOT,34.483,2.047465,7.7482
"('TANK', 'TANK', 'DEFENSIVE_DIS', 'DANGER', 'FULL', 'NORMAL', 'FASTER', 'MEC_USED', 'CLEAN', 'CLEAN', 'NEUTRAL', 'NEUTRAL', 'CLEAR', 'CLEAR', 'OPENING', 'BANCO_OFF')",29,13,13,100.000,SWITCH_OFFENSIVE,20.690,2.357102,10.5603
"('TANK', 'TANK', 'NEUTRAL', 'SAFE', 'FULL', 'NORMAL', 'FASTER', 'MEC_USED', 'CLEAN', 'CLEAN', 'NEUTRAL', 'NEUTRAL', 'SET', 'CLEAR', 'BRAWL', 'BANCO_VAZIO')",29,8,9,88.889,CLEAN_HAZARD,48.276,1.576763,4.8393
"('TANK', 'TANK', 'NEUTRAL', 'FULL', 'SAFE', 'NORMAL', 'SLOWER', 'MEC_USED', 'CLEAN', 'AFFLICTED', 'NEUTRAL', 'DEBUFF', 'SET', 'CLEAR', 'CLUTCH', 'BANCO_VAZIO')",29,2,9,22.222,ATTACK_STRONG,72.414,0.589003,1.8022
"('SWEEPER', 'TANK', 'OFFENSIVE_ADV', 'FULL', 'FULL', 'FIELD_THEIRS', 'FASTER', 'MEC_AVAIL', 'CLEAN', 'CLEAN', 'NEUTRAL', 'NEUTRAL', 'CLEAR', 'CLEAR', 'OPENING', 'BANCO_OFF')",29,10,12,83.333,ATTACK_STRONG,17.241,2.134359,8.4516
"('TANK', 'TANK', 'DEFENSIVE_DIS', 'SAFE', 'SAFE', 'FIELD_THEIRS', 'FASTER', 'MEC_USED', 'CLEAN', 'CLEAN', 'NEUTRAL', 'NEUTRAL', 'CLEAR', 'CLEAR', 'OPENING', 'BANCO_OFF')",29,7,11,63.636,HEAL,31.034,1.780141,5.9307
"('TANK', 'TANK', 'NEUTRAL', 'FULL', 'SAFE', 'NORMAL', 'FASTER', 'MEC_USED', 'AFFLICTED', 'CLEAN', 'NEUTRAL', 'NEUTRAL', 'SET', 'SET', 'RECOVERING', 'BANCO_VAZIO')",29,5,10,50.000,ATTACK_PIVOT,55.172,1.176676,3.2436
"('TANK', 'TANK', 'DEFENSIVE_DIS', 'FULL', 'SAFE', 'NORMAL', 'SLOWER', 'MEC_USED', 'CLEAN', 'CLEAN', 'NEUTRAL', 'NEUTRAL', 'CLEAR', 'CLEAR', 'OPENING', 'BANCO_OFF')",29,10,13,76.923,SWITCH_DEFENSIVE,17.241,2.193262,8.9644
"('TANK', 'TANK', 'DEFENSIVE_DIS', 'FULL', 'FULL', 'NORMAL', 'FASTER', 'MEC_USED', 'CLEAN', 'CLEAN', 'NEUTRAL', 'NEUTRAL', 'SET', 'CLEAR', 'OPENING', 'BANCO_AMBOS')",29,11,13,84.615,STATUS,24.138,2.201592,9.0394
"('UTILITY', 'UTILITY', 'STALEMATE', 'FULL', 'FULL', 'FIELD_OURS_OFF', 'FASTER', 'MEC_USED', 'CLEAN', 'CLEAN', 'NEUTRAL', 'NEUTRAL', 'CLEAR', 'CLEAR', 'OPENING', 'BANCO_OFF')",29,6,7,85.714,ATTACK_TECH,41.379,1.529408,4.6154
"('TANK', 'TANK', 'NEUTRAL', 'FULL', 'FULL', 'FIELD_OURS_DEF', 'FASTER', 'MEC_USED', 'CLEAN', 'CLEAN', 'NEUTRAL', 'NEUTRAL', 'CLEAR', 'CLEAR', 'OPENING', 'BANCO_AMBOS')",29,8,8,100.000,SWITCH_OFFENSIVE,34.483,1.813840,6.1340
"('TANK', 'TANK', 'NEUTRAL', 'SAFE', 'SAFE', 'NORMAL', 'FASTER', 'MEC_USED', 'CLEAN', 'CLEAN', 'NEUTRAL', 'NEUTRAL', 'CLEAR', 'SET', 'CLUTCH', 'BANCO_VAZIO')",29,6,9,66.667,ATTACK_TECH,65.517,1.163078,3.1998
"('TANK', 'TANK', 'NEUTRAL', 'FULL', 'FULL', 'NORMAL', 'SLOWER', 'MEC_USED', 'AFFLICTED', 'AFFLICTED', 'BUFFED', 'DEBUFF', 'SET', 'SET', 'CLUTCH', 'BANCO_VAZIO')",29,1,2,50.000,BUFF,100.000,-0.000000,1.0000
"('TANK', 'TANK', 'DEFENSIVE_ADV', 'SAFE', 'FULL', 'NORMAL', 'SLOWER', 'MEC_USED', 'CLEAN', 'CLEAN', 'NEUTRAL', 'NEUTRAL', 'SET', 'CLEAR', 'CLUTCH', 'BANCO_VAZIO')",29,2,4,50.000,ATTACK_PIVOT,96.552,0.149995,1.1618
"('TANK', 'TANK', 'DEFENSIVE_DIS', 'FULL', 'SAFE', 'NORMAL', 'FASTER', 'MEC_USED', 'AFFLICTED', 'CLEAN', 'NEUTRAL', 'NEUTRAL', 'CLEAR', 'CLEAR', 'CLUTCH', 'BANCO_VAZIO')",28,3,5,60.000,CLEAN_HAZARD,71.429,0.758937,2.1360
"('TANK', 'TANK', 'CRITICAL_DIS', 'FULL', 'SAFE', 'NORMAL', 'FASTER', 'MEC_USED', 'AFFLICTED', 'CLEAN', 'NEUTRAL', 'NEUTRAL', 'CLEAR', 'SET', 'RECOVERING', 'BANCO_VAZIO')",28,3,6,50.000,HAZARD,85.714,0.490450,1.6331
"('TANK', 'TANK', 'OFFENSIVE_DIS', 'SAFE', 'SAFE', 'FIELD_SHARED', 'SLOWER', 'MEC_USED', 'CLEAN', 'CLEAN', 'NEUTRAL', 'NEUTRAL', 'CLEAR', 'CLEAR', 'OPENING', 'BANCO_OFF')",28,12,13,92.308,ATTACK_PREDICTIVE,21.429,2.264772,9.6289
"('TANK', 'TANK', 'DEFENSIVE_DIS', 'SAFE', 'SAFE', 'FIELD_OURS_OFF', 'SLOWER', 'MEC_USED', 'CLEAN', 'CLEAN', 'NEUTRAL', 'NEUTRAL', 'CLEAR', 'CLEAR', 'OPENING', 'BANCO_OFF')",28,10,10,100.000,SWITCH_DEFENSIVE,35.714,1.890487,6.6226
"('TANK', 'TANK', 'NEUTRAL', 'FULL', 'FULL', 'NORMAL', 'FASTER', 'MEC_AVAIL', 'CLEAN', 'CLEAN', 'BUFFED', 'NEUTRAL', 'CLEAR', 'CLEAR', 'OPENING', 'BANCO_AMBOS')",28,9,14,64.286,ATTACK_PREDICTIVE_MEC,50.000,1.616592,5.0359
"('TANK', 'TANK', 'CRITICAL_DIS', 'SAFE', 'FULL', 'FIELD_THEIRS', 'SLOWER', 'MEC_USED', 'CLEAN', 'CLEAN', 'NEUTRAL', 'NEUTRAL', 'CLEAR', 'CLEAR', 'OPENING', 'BANCO_OFF')",28,12,13,92.308,BARRIER,17.857,2.363793,10.6312
"('TANK', 'TANK', 'OFFENSIVE_ADV', 'CRIT', 'FULL', 'NORMAL', 'FASTER', 'MEC_USED', 'CLEAN', 'CLEAN', 'NEUTRAL', 'NEUTRAL', 'CLEAR', 'CLEAR', 'OPENING', 'BANCO_OFF')",28,8,9,88.889,SWITCH_DEFENSIVE,28.571,1.899511,6.6826
"('TANK', 'SWEEPER', 'DOMINANT', 'FULL', 'FULL', 'NORMAL', 'SLOWER', 'MEC_USED', 'CLEAN', 'CLEAN', 'NEUTRAL', 'NEUTRAL', 'CLEAR', 'CLEAR', 'OPENING', 'BANCO_OFF')",28,10,12,83.333,ATTACK_STRONG,50.000,1.746436,5.7341
"('TANK', 'TANK', 'DOMINANT', 'FULL', 'SAFE', 'FIELD_SHARED', 'SLOWER', 'MEC_USED', 'CLEAN', 'CLEAN', 'NEUTRAL', 'NEUTRAL', 'CLEAR', 'CLEAR', 'OPENING', 'BANCO_OFF')",28,9,10,90.000,HAZARD,35.714,1.857192,6.4057
"('TANK', 'UTILITY', 'OFFENSIVE_ADV', 'FULL', 'FULL', 'NORMAL', 'SLOWER', 'MEC_AVAIL', 'CLEAN', 'CLEAN', 'NEUTRAL', 'NEUTRAL', 'CLEAR', 'CLEAR', 'OPENING', 'BANCO_OFF')",28,13,16,81.250,ATTACK_PREDICTIVE_MEC,39.286,2.093111,8.1101
"('TANK', 'TANK', 'DEFENSIVE_DIS', 'CRIT', 'FULL', 'FIELD_THEIRS', 'FASTER', 'MEC_USED', 'CLEAN', 'CLEAN', 'NEUTRAL', 'NEUTRAL', 'CLEAR', 'CLEAR', 'OPENING', 'BANCO_OFF')",28,9,9,100.000,SWITCH_DEFENSIVE,25.000,1.995024,7.3524
"('SWEEPER', 'TANK', 'OFFENSIVE_ADV', 'FULL', 'SAFE', 'FIELD_THEIRS', 'FASTER', 'MEC_USED', 'CLEAN', 'CLEAN', 'NEUTRAL', 'DEBUFF', 'CLEAR', 'CLEAR', 'OPENING', 'BANCO_OFF')",28,7,7,100.000,ATTACK_PREDICTIVE,39.286,1.709163,5.5243
"('SWEEPER', 'TANK', 'OFFENSIVE_ADV', 'FULL', 'FULL', 'NORMAL', 'FASTER', 'MEC_USED', 'CLEAN', 'CLEAN', 'NEUTRAL', 'NEUTRAL', 'SET', 'CLEAR', 'OPENING', 'BANCO_OFF')",28,8,10,80.000,ATTACK_TECH,25.000,1.905667,6.7239
"('TANK', 'SWEEPER', 'OFFENSIVE_ADV', 'FULL', 'FULL', 'FIELD_SHARED', 'SLOWER', 'MEC_USED', 'CLEAN', 'CLEAN', 'NEUTRAL', 'NEUTRAL', 'CLEAR', 'CLEAR', 'OPENING', 'BANCO_AMBOS')",28,8,11,72.727,SWITCH_DEFENSIVE,53.571,1.547025,4.6975
"('TANK', 'TANK', 'OFFENSIVE_DIS', 'FULL', 'FULL', 'NORMAL', 'SLOWER', 'MEC_USED', 'CLEAN', 'CLEAN', 'NEUTRAL', 'NEUTRAL', 'SET', 'CLEAR', 'OPENING', 'BANCO_AMBOS')",28,14,16,87.500,SWITCH_OFFENSIVE,21.429,2.394616,10.9640
"('TANK', 'SWEEPER', 'OFFENSIVE_DIS', 'SAFE', 'SAFE', 'NORMAL', 'SLOWER', 'MEC_USED', 'CLEAN', 'AFFLICTED', 'NEUTRAL', 'NEUTRAL', 'CLEAR', 'CLEAR', 'OPENING', 'BANCO_OFF')",28,7,11,63.636,PROTECT,35.714,1.727348,5.6257
"('TANK', 'TANK', 'NEUTRAL', 'FULL', 'FULL', 'NORMAL', 'SLOWER', 'MEC_USED', 'CLEAN', 'CLEAN', 'NEUTRAL', 'NEUTRAL', 'SET', 'CLEAR', 'BRAWL', 'BANCO_VAZIO')",28,11,14,78.571,ATTACK_TECH,21.429,2.229870,9.2987
"('TANK', 'TANK', 'NEUTRAL', 'CRIT', 'FULL', 'NORMAL', 'SLOWER', 'MEC_USED', 'CLEAN', 'CLEAN', 'NEUTRAL', 'NEUTRAL', 'CLEAR', 'CLEAR', 'OPENING', 'BANCO_OFF')",28,12,13,92.308,BUFF,14.286,2.354130,10.5290
"('TANK', 'SWEEPER', 'VOLATILE', 'FULL', 'FULL', 'FIELD_OURS_DEF', 'SLOWER', 'MEC_USED', 'CLEAN', 'CLEAN', 'NEUTRAL', 'NEUTRAL', 'CLEAR', 'CLEAR', 'OPENING', 'BANCO_OFF')",28,2,6,33.333,ATTACK_STRONG,92.857,0.257319,1.2935
"('UTILITY', 'SWEEPER', 'OFFENSIVE_ADV', 'FULL', 'FULL', 'FIELD_OURS_OFF', 'FASTER', 'MEC_USED', 'CLEAN', 'CLEAN', 'NEUTRAL', 'NEUTRAL', 'CLEAR', 'CLEAR', 'OPENING', 'BANCO_OFF')",28,9,9,100.000,SWITCH_OFFENSIVE,21.429,2.078866,7.9954
"('TANK', 'UTILITY', 'VOLATILE', 'FULL', 'FULL', 'FIELD_OURS_OFF', 'SLOWER', 'MEC_USED', 'CLEAN', 'CLEAN', 'NEUTRAL', 'NEUTRAL', 'CLEAR', 'CLEAR', 'OPENING', 'BANCO_AMBOS')",28,4,8,50.000,ATTACK_STRONG,78.571,0.754997,2.1276
"('TANK', 'TANK', 'NEUTRAL', 'SAFE', 'FULL', 'NORMAL', 'SLOWER', 'MEC_USED', 'CLEAN', 'CLEAN', 'NEUTRAL', 'NEUTRAL', 'CLEAR', 'SET', 'CLUTCH', 'BANCO_VAZIO')",28,7,12,58.333,HEAL,53.571,1.448004,4.2546
"('TANK', 'TANK', 'DOMINANT', 'FULL', 'FULL', 'FIELD_SHARED', 'FASTER', 'MEC_USED', 'CLEAN', 'CLEAN', 'NEUTRAL', 'NEUTRAL', 'CLEAR', 'CLEAR', 'OPENING', 'BANCO_VAZIO')",28,9,10,90.000,ATTACK_STRONG,25.000,1.938962,6.9515
"('TANK', 'TANK', 'VOLATILE', 'DANGER', 'FULL', 'NORMAL', 'FASTER', 'MEC_USED', 'CLEAN', 'CLEAN', 'NEUTRAL', 'NEUTRAL', 'CLEAR', 'CLEAR', 'OPENING', 'BANCO_OFF')",28,10,11,90.909,ATTACK_STRONG,21.429,2.168223,8.7427
"('TANK', 'TANK', 'OFFENSIVE_ADV', 'SAFE', 'FULL', 'NORMAL', 'FASTER', 'MEC_USED', 'CLEAN', 'CLEAN', 'NEUTRAL', 'NEUTRAL', 'CLEAR', 'CLEAR', 'RECOVERING', 'BANCO_VAZIO')",28,10,15,66.667,HEAL,35.714,1.925390,6.8578
"('TANK', 'TANK', 'OFFENSIVE_DIS', 'FULL', 'FULL', 'NORMAL', 'FASTER', 'MEC_USED', 'CLEAN', 'CLEAN', 'NEUTRAL', 'NEUTRAL', 'CLEAR', 'CLEAR', 'OPENING', 'BANCO_VAZIO')",28,13,14,92.857,ATTACK_TECH,21.429,2.314283,10.1177
"('TANK', 'TANK', 'NEUTRAL', 'FULL', 'FULL', 'NORMAL', 'FASTER', 'MEC_AVAIL', 'CLEAN', 'CLEAN', 'NEUTRAL', 'NEUTRAL', 'SET', 'CLEAR', 'OPENING', 'BANCO_OFF')",28,15,22,68.182,ATTACK_STRONG,14.286,2.589547,13.3237
"('TANK', 'TANK', 'NEUTRAL', 'CRIT', 'FULL', 'NORMAL', 'FASTER', 'MEC_USED', 'CLEAN', 'CLEAN', 'NEUTRAL', 'NEUTRAL', 'CLEAR', 'CLEAR', 'OPENING', 'BANCO_OFF')",28,13,13,100.000,ATTACK_PREDICTIVE,17.857,2.413304,11.1708
"('TANK', 'TANK', 'OFFENSIVE_ADV', 'FULL', 'FULL', 'FIELD_OURS_OFF', 'FASTER', 'MEC_AVAIL', 'CLEAN', 'CLEAN', 'NEUTRAL', 'NEUTRAL', 'CLEAR', 'CLEAR', 'OPENING', 'BANCO_OFF')",28,1,12,8.333,ATTACK_STRONG_MEC,100.000,-0.000000,1.0000
"('TANK', 'TANK', 'DEFENSIVE_DIS', 'SAFE', 'SAFE', 'NORMAL', 'SLOWER', 'MEC_USED', 'CLEAN', 'CLEAN', 'NEUTRAL', 'NEUTRAL', 'CLEAR', 'SET', 'RECOVERING', 'BANCO_VAZIO')",28,10,14,71.429,HEAL,28.571,2.057067,7.8230
"('TANK', 'TANK', 'VOLATILE', 'FULL', 'SAFE', 'NORMAL', 'FASTER', 'MEC_AVAIL', 'CLEAN', 'CLEAN', 'NEUTRAL', 'NEUTRAL', 'CLEAR', 'CLEAR', 'OPENING', 'BANCO_OFF')",28,10,13,76.923,ATTACK_PREDICTIVE_MEC,17.857,2.165751,8.7212
"('UTILITY', 'SWEEPER', 'VOLATILE', 'FULL', 'FULL', 'NORMAL', 'FASTER', 'MEC_USED', 'CLEAN', 'CLEAN', 'DEBUFF', 'NEUTRAL', 'CLEAR', 'CLEAR', 'OPENING', 'BANCO_OFF')",28,4,5,80.000,ATTACK_STRONG,50.000,1.239835,3.4550
"('TANK', 'TANK', 'DEFENSIVE_DIS', 'FULL', 'FULL', 'NORMAL', 'SLOWER', 'MEC_USED', 'CLEAN', 'CLEAN', 'NEUTRAL', 'NEUTRAL', 'SET', 'CLEAR', 'RECOVERING', 'BANCO_VAZIO')",28,9,13,69.231,ATTACK_STRONG,25.000,1.955177,7.0652
"('TANK', 'TANK', 'OFFENSIVE_ADV', 'FULL', 'SAFE', 'NORMAL', 'FASTER', 'MEC_AVAIL', 'CLEAN', 'CLEAN', 'NEUTRAL', 'NEUTRAL', 'CLEAR', 'CLEAR', 'OPENING', 'BANCO_AMBOS')",28,8,16,50.000,HAZARD,39.286,1.737514,5.6832
"('TANK', 'SWEEPER', 'VOLATILE', 'FULL', 'FULL', 'FIELD_THEIRS', 'SLOWER', 'MEC_USED', 'CLEAN', 'CLEAN', 'NEUTRAL', 'NEUTRAL', 'CLEAR', 'CLEAR', 'OPENING', 'BANCO_OFF')",28,9,12,75.000,SWITCH_OFFENSIVE,32.143,1.932807,6.9089
"('TANK', 'TANK', 'NEUTRAL', 'FULL', 'FULL', 'NORMAL', 'FASTER', 'MEC_USED', 'AFFLICTED', 'CLEAN', 'NEUTRAL', 'DEBUFF', 'SET', 'SET', 'CLUTCH', 'BANCO_VAZIO')",28,2,2,100.000,HAZARD,96.429,0.154076,1.1666
"('TANK', 'TANK', 'DEFENSIVE_ADV', 'FULL', 'FULL', 'NORMAL', 'FASTER', 'MEC_USED', 'CLEAN', 'CLEAN', 'NEUTRAL', 'NEUTRAL', 'CLEAR', 'CLEAR', 'CLUTCH', 'BANCO_VAZIO')",28,4,4,100.000,ATTACK_TECH,35.714,1.291417,3.6379
"('TANK', 'TANK', 'DOMINANT', 'FULL', 'FULL', 'NORMAL', 'SLOWER', 'MEC_USED', 'CLEAN', 'AFFLICTED', 'DEBUFF', 'NEUTRAL', 'SET', 'CLEAR', 'CLUTCH', 'BANCO_VAZIO')",27,3,5,60.000,STAT_CLEAN,81.481,0.571833,1.7715
"('TANK', 'TANK', 'OFFENSIVE_ADV', 'SAFE', 'SAFE', 'NORMAL', 'FASTER', 'MEC_USED', 'AFFLICTED', 'CLEAN', 'NEUTRAL', 'NEUTRAL', 'CLEAR', 'CLEAR', 'RECOVERING', 'BANCO_VAZIO')",27,6,7,85.714,ATTACK_PREDICTIVE,29.630,1.571665,4.8147
"('TANK', 'TANK', 'NEUTRAL', 'DANGER', 'SAFE', 'NORMAL', 'FASTER', 'MEC_USED', 'CLEAN', 'CLEAN', 'NEUTRAL', 'NEUTRAL', 'SET', 'SET', 'CLUTCH', 'BANCO_VAZIO')",27,11,13,84.615,ATTACK_PIVOT,25.926,2.133888,8.4476
"('TANK', 'UTILITY', 'NEUTRAL', 'FULL', 'FULL', 'NORMAL', 'SLOWER', 'MEC_AVAIL', 'CLEAN', 'CLEAN', 'NEUTRAL', 'NEUTRAL', 'CLEAR', 'CLEAR', 'OPENING', 'BANCO_AMBOS')",27,12,18,66.667,FIELD_CONTROL,18.519,2.291559,9.8903
"('TANK', 'SWEEPER', 'OFFENSIVE_DIS', 'FULL', 'FULL', 'NORMAL', 'SLOWER', 'MEC_USED', 'CLEAN', 'CLEAN', 'NEUTRAL', 'NEUTRAL', 'CLEAR', 'CLEAR', 'OPENING', 'BANCO_AMBOS')",27,10,14,71.429,SWITCH_DEFENSIVE,25.926,2.065728,7.8910
"('TANK', 'SWEEPER', 'DEFENSIVE_DIS', 'FULL', 'FULL', 'FIELD_SHARED', 'SLOWER', 'MEC_AVAIL', 'CLEAN', 'CLEAN', 'NEUTRAL', 'NEUTRAL', 'CLEAR', 'CLEAR', 'OPENING', 'BANCO_AMBOS')",27,11,12,91.667,ATTACK_PREDICTIVE,25.926,2.146473,8.5546
"('SWEEPER', 'SWEEPER', 'NEUTRAL', 'FULL', 'FULL', 'NORMAL', 'FASTER', 'MEC_USED', 'CLEAN', 'CLEAN', 'DEBUFF', 'DEBUFF', 'CLEAR', 'CLEAR', 'OPENING', 'BANCO_OFF')",27,6,6,100.000,ATTACK_PIVOT,25.926,1.716340,5.5641
"('TANK', 'TANK', 'DEFENSIVE_DIS', 'SAFE', 'FULL', 'NORMAL', 'SLOWER', 'MEC_USED', 'CLEAN', 'CLEAN', 'NEUTRAL', 'NEUTRAL', 'CLEAR', 'CLEAR', 'RECOVERING', 'BANCO_VAZIO')",27,11,13,84.615,ATTACK_STRONG,22.222,2.191434,8.9480
"('TANK', 'TANK', 'NEUTRAL', 'DANGER', 'SAFE', 'NORMAL', 'SLOWER', 'MEC_USED', 'CLEAN', 'CLEAN', 'NEUTRAL', 'NEUTRAL', 'SET', 'CLEAR', 'OPENING', 'BANCO_OFF')",27,12,15,80.000,STAT_CLEAN,22.222,2.294122,9.9157
"('TANK', 'TANK', 'DEFENSIVE_DIS', 'FULL', 'FULL', 'NORMAL', 'SLOWER', 'MEC_USED', 'CLEAN', 'CLEAN', 'NEUTRAL', 'NEUTRAL', 'CLEAR', 'CLEAR', 'OPENING', 'BANCO_VAZIO')",27,9,12,75.000,HAZARD,40.741,1.818059,6.1599
"('TANK', 'TANK', 'OFFENSIVE_ADV', 'SAFE', 'DANGER', 'NORMAL', 'SLOWER', 'MEC_USED', 'CLEAN', 'CLEAN', 'NEUTRAL', 'NEUTRAL', 'SET', 'CLEAR', 'OPENING', 'BANCO_OFF')",27,11,13,84.615,CLEAN_HAZARD,18.519,2.252800,9.5143
"('TANK', 'TANK', 'DEFENSIVE_DIS', 'SAFE', 'SAFE', 'NORMAL', 'FASTER', 'MEC_USED', 'CLEAN', 'CLEAN', 'NEUTRAL', 'NEUTRAL', 'CLEAR', 'SET', 'OPENING', 'BANCO_OFF')",27,6,13,46.154,ATTACK_STRONG,81.481,0.777210,2.1754
"('TANK', 'TANK', 'OFFENSIVE_DIS', 'SAFE', 'SAFE', 'NORMAL', 'SLOWER', 'MEC_USED', 'CLEAN', 'CLEAN', 'NEUTRAL', 'NEUTRAL', 'SET', 'CLEAR', 'OPENING', 'BANCO_VAZIO')",27,13,14,92.857,HEAL,29.630,2.227629,9.2778
"('UTILITY', 'TANK', 'VOLATILE', 'FULL', 'FULL', 'FIELD_OURS_OFF', 'FASTER', 'MEC_USED', 'CLEAN', 'CLEAN', 'NEUTRAL', 'NEUTRAL', 'CLEAR', 'CLEAR', 'OPENING', 'BANCO_OFF')",27,6,6,100.000,ATTACK_PREDICTIVE,40.741,1.573923,4.8255
"('TANK', 'TANK', 'DEFENSIVE_ADV', 'FULL', 'FULL', 'NORMAL', 'SLOWER', 'MEC_AVAIL', 'CLEAN', 'CLEAN', 'NEUTRAL', 'NEUTRAL', 'CLEAR', 'CLEAR', 'OPENING', 'BANCO_AMBOS')",27,11,18,61.111,ATTACK_TECH_MEC,37.037,1.990951,7.3225
"('TANK', 'UTILITY', 'NEUTRAL', 'SAFE', 'SAFE', 'NORMAL', 'SLOWER', 'MEC_USED', 'CLEAN', 'CLEAN', 'NEUTRAL', 'NEUTRAL', 'CLEAR', 'CLEAR', 'OPENING', 'BANCO_OFF')",27,10,13,76.923,ATTACK_TECH,33.333,2.011227,7.4725
"('TANK', 'TANK', 'OFFENSIVE_ADV', 'SAFE', 'SAFE', 'NORMAL', 'FASTER', 'MEC_USED', 'CLEAN', 'CLEAN', 'NEUTRAL', 'NEUTRAL', 'CLEAR', 'CLEAR', 'OPENING', 'BANCO_VAZIO')",27,13,13,100.000,ATTACK_PREDICTIVE,22.222,2.342903,10.4114
"('TANK', 'TANK', 'VOLATILE', 'FULL', 'SAFE', 'NORMAL', 'FASTER', 'MEC_USED', 'CLEAN', 'CLEAN', 'NEUTRAL', 'NEUTRAL', 'SET', 'CLEAR', 'OPENING', 'BANCO_OFF')",27,10,13,76.923,SWITCH_DEFENSIVE,25.926,2.136452,8.4693
"('SWEEPER', 'TANK', 'DEFENSIVE_DIS', 'FULL', 'FULL', 'FIELD_OURS_OFF', 'FASTER', 'MEC_USED', 'CLEAN', 'CLEAN', 'NEUTRAL', 'NEUTRAL', 'CLEAR', 'CLEAR', 'OPENING', 'BANCO_OFF')",27,3,9,33.333,ATTACK_STRONG,88.889,0.419556,1.5213
"('SWEEPER', 'TANK', 'NEUTRAL', 'SAFE', 'SAFE', 'NORMAL', 'FASTER', 'MEC_USED', 'CLEAN', 'CLEAN', 'NEUTRAL', 'NEUTRAL', 'CLEAR', 'CLEAR', 'OPENING', 'BANCO_AMBOS')",27,6,9,66.667,SWITCH_DEFENSIVE,37.037,1.559743,4.7576
"('TANK', 'TANK', 'DEFENSIVE_DIS', 'FULL', 'FULL', 'NORMAL', 'FASTER', 'MEC_USED', 'CLEAN', 'CLEAN', 'NEUTRAL', 'NEUTRAL', 'CLEAR', 'CLEAR', 'BRAWL', 'BANCO_OFF')",27,10,12,83.333,SWITCH_DEFENSIVE,25.926,2.104487,8.2029
"('TANK', 'TANK', 'DEFENSIVE_DIS', 'DANGER', 'FULL', 'NORMAL', 'FASTER', 'MEC_USED', 'CLEAN', 'CLEAN', 'NEUTRAL', 'NEUTRAL', 'CLEAR', 'CLEAR', 'OPENING', 'BANCO_AMBOS')",27,5,10,50.000,SWITCH_OFFENSIVE,85.185,0.624860,1.8680
"('TANK', 'TANK', 'NEUTRAL', 'FULL', 'FULL', 'NORMAL', 'FASTER', 'MEC_USED', 'AFFLICTED', 'CLEAN', 'NEUTRAL', 'NEUTRAL', 'CLEAR', 'CLEAR', 'OPENING', 'BANCO_OFF')",27,9,10,90.000,STATUS,33.333,1.857194,6.4057
"('TANK', 'TANK', 'NEUTRAL', 'CRIT', 'SAFE', 'NORMAL', 'SLOWER', 'MEC_USED', 'CLEAN', 'CLEAN', 'NEUTRAL', 'NEUTRAL', 'CLEAR', 'CLEAR', 'OPENING', 'BANCO_OFF')",27,12,13,92.308,ATTACK_STRONG,14.815,2.364846,10.6424
"('TANK', 'TANK', 'DEFENSIVE_DIS', 'FULL', 'SAFE', 'NORMAL', 'SLOWER', 'MEC_USED', 'CLEAN', 'CLEAN', 'NEUTRAL', 'NEUTRAL', 'SET', 'SET', 'CLUTCH', 'BANCO_VAZIO')",27,2,10,20.000,ATTACK_STRONG,92.593,0.264052,1.3022
"('TANK', 'TANK', 'OFFENSIVE_DIS', 'FULL', 'SAFE', 'NORMAL', 'SLOWER', 'MEC_USED', 'CLEAN', 'CLEAN', 'NEUTRAL', 'NEUTRAL', 'SET', 'CLEAR', 'OPENING', 'BANCO_OFF')",27,10,13,76.923,STAT_CLEAN,25.926,2.082544,8.0249
"('TANK', 'TANK', 'OFFENSIVE_ADV', 'FULL', 'FULL', 'NORMAL', 'SLOWER', 'MEC_USED', 'CLEAN', 'CLEAN', 'NEUTRAL', 'NEUTRAL', 'SET', 'CLEAR', 'OPENING', 'BANCO_AMBOS')",27,13,15,86.667,SWITCH_DEFENSIVE,18.519,2.381662,10.8229
"('TANK', 'TANK', 'OFFENSIVE_DIS', 'FULL', 'DANGER', 'NORMAL', 'FASTER', 'MEC_USED', 'CLEAN', 'CLEAN', 'NEUTRAL', 'NEUTRAL', 'CLEAR', 'CLEAR', 'OPENING', 'BANCO_OFF')",27,13,15,86.667,SWITCH_DEFENSIVE,22.222,2.358052,10.5703
"('TANK', 'SWEEPER', 'DEFENSIVE_DIS', 'FULL', 'FULL', 'FIELD_OURS_DEF', 'SLOWER', 'MEC_USED', 'CLEAN', 'CLEAN', 'DEBUFF', 'NEUTRAL', 'CLEAR', 'CLEAR', 'OPENING', 'BANCO_AMBOS')",27,4,4,100.000,SWITCH_OFFENSIVE,37.037,1.306660,3.6938
"('TANK', 'TANK', 'DEFENSIVE_DIS', 'FULL', 'FULL', 'NORMAL', 'SLOWER', 'MEC_AVAIL', 'CLEAN', 'CLEAN', 'NEUTRAL', 'NEUTRAL', 'CLEAR', 'CLEAR', 'OPENING', 'BANCO_AMBOS')",27,8,18,44.444,ATTACK_PREDICTIVE_MEC,37.037,1.736793,5.6791
"('UTILITY', 'SWEEPER', 'DOMINANT', 'FULL', 'FULL', 'NORMAL', 'SLOWER', 'MEC_USED', 'CLEAN', 'CLEAN', 'NEUTRAL', 'NEUTRAL', 'CLEAR', 'CLEAR', 'OPENING', 'BANCO_OFF')",27,5,8,62.500,SWITCH_OFFENSIVE,70.370,0.967103,2.6303
"('TANK', 'TANK', 'OFFENSIVE_ADV', 'FULL', 'FULL', 'NORMAL', 'FASTER', 'MEC_USED', 'CLEAN', 'CLEAN', 'NEUTRAL', 'NEUTRAL', 'SET', 'CLEAR', 'BRAWL', 'BANCO_OFF')",27,9,9,100.000,HEAL,25.926,2.024405,7.5716
"('TANK', 'TANK', 'OFFENSIVE_DIS', 'FULL', 'SAFE', 'NORMAL', 'FASTER', 'MEC_USED', 'AFFLICTED', 'CLEAN', 'NEUTRAL', 'NEUTRAL', 'CLEAR', 'CLEAR', 'RECOVERING', 'BANCO_VAZIO')",27,6,9,66.667,ATTACK_PIVOT,59.259,1.293412,3.6452
"('UTILITY', 'TANK', 'NEUTRAL', 'FULL', 'FULL', 'NORMAL', 'SLOWER', 'MEC_USED', 'CLEAN', 'CLEAN', 'NEUTRAL', 'NEUTRAL', 'CLEAR', 'CLEAR', 'OPENING', 'BANCO_AMBOS')",27,4,8,50.000,BUFF,59.259,0.920413,2.5103
"('TANK', 'TANK', 'OFFENSIVE_ADV', 'SAFE', 'FULL', 'NORMAL', 'SLOWER', 'MEC_USED', 'CLEAN', 'CLEAN', 'NEUTRAL', 'NEUTRAL', 'CLEAR', 'CLEAR', 'BRAWL', 'BANCO_OFF')",27,7,15,46.667,ATTACK_STRONG,66.667,1.195510,3.3052
"('TANK', 'TANK', 'DOMINANT', 'FULL', 'SAFE', 'FIELD_OURS_OFF', 'FASTER', 'MEC_USED', 'CLEAN', 'CLEAN', 'NEUTRAL', 'NEUTRAL', 'CLEAR', 'CLEAR', 'OPENING', 'BANCO_AMBOS')",27,9,10,90.000,BUFF,37.037,1.784500,5.9566
"('TANK', 'TANK', 'VOLATILE', 'DANGER', 'FULL', 'NORMAL', 'FASTER', 'MEC_USED', 'CLEAN', 'CLEAN', 'NEUTRAL', 'NEUTRAL', 'SET', 'CLEAR', 'OPENING', 'BANCO_OFF')",27,11,14,78.571,ATTACK_TECH,22.222,2.255363,9.5388
"('TANK', 'TANK', 'NEUTRAL', 'SAFE', 'FULL', 'NORMAL', 'SLOWER', 'MEC_USED', 'CLEAN', 'CLEAN', 'NEUTRAL', 'NEUTRAL', 'SET', 'CLEAR', 'OPENING', 'BANCO_AMBOS')",27,13,14,92.857,STAT_CLEAN,18.519,2.299016,9.9644
"('SWEEPER', 'SWEEPER', 'DEFENSIVE_DIS', 'FULL', 'FULL', 'FIELD_THEIRS', 'SLOWER', 'MEC_USED', 'CLEAN', 'CLEAN', 'NEUTRAL', 'NEUTRAL', 'CLEAR', 'CLEAR', 'OPENING', 'BANCO_OFF')",27,1,6,16.667,ATTACK_STRONG,100.000,-0.000000,1.0000
"('TANK', 'TANK', 'DEFENSIVE_DIS', 'SAFE', 'SAFE', 'NORMAL', 'FASTER', 'MEC_USED', 'CLEAN', 'CLEAN', 'NEUTRAL', 'NEUTRAL', 'CLEAR', 'CLEAR', 'RECOVERING', 'BANCO_VAZIO')",27,8,9,88.889,HEAL,25.926,1.879731,6.5517
"('TANK', 'TANK', 'NEUTRAL', 'FULL', 'FULL', 'NORMAL', 'FASTER', 'MEC_AVAIL', 'CLEAN', 'CLEAN', 'NEUTRAL', 'NEUTRAL', 'SET', 'CLEAR', 'OPENING', 'BANCO_AMBOS')",27,14,18,77.778,ATTACK_PREDICTIVE,18.519,2.477556,11.9121
"('TANK', 'TANK', 'DEFENSIVE_DIS', 'SAFE', 'FULL', 'NORMAL', 'FASTER', 'MEC_USED', 'CLEAN', 'CLEAN', 'NEUTRAL', 'NEUTRAL', 'CLEAR', 'CLEAR', 'BRAWL', 'BANCO_OFF')",27,6,8,75.000,HEAL,51.852,1.355856,3.8801
"('TANK', 'TANK', 'OFFENSIVE_ADV', 'FULL', 'SAFE', 'NORMAL', 'FASTER', 'MEC_USED', 'CLEAN', 'CLEAN', 'NEUTRAL', 'NEUTRAL', 'CLEAR', 'CLEAR', 'OPENING', 'BANCO_VAZIO')",27,9,11,81.818,SWITCH_DEFENSIVE,37.037,1.836918,6.2772
"('TANK', 'TANK', 'OFFENSIVE_DIS', 'SAFE', 'SAFE', 'NORMAL', 'SLOWER', 'MEC_USED', 'CLEAN', 'CLEAN', 'NEUTRAL', 'NEUTRAL', 'SET', 'SET', 'OPENING', 'BANCO_OFF')",27,6,13,46.154,HEAL,81.481,0.777210,2.1754
"('TANK', 'TANK', 'NEUTRAL', 'FULL', 'DANGER', 'NORMAL', 'FASTER', 'MEC_USED', 'AFFLICTED', 'AFFLICTED', 'DEBUFF', 'DEBUFF_DEBUFF', 'CLEAR', 'CLEAR', 'CLUTCH', 'BANCO_VAZIO')",26,3,3,100.000,HAZARD,80.769,0.618977,1.8570
"('TANK', 'TANK', 'DOMINANT', 'FULL', 'FULL', 'NORMAL', 'SLOWER', 'MEC_USED', 'CLEAN', 'CLEAN', 'NEUTRAL', 'NEUTRAL', 'CLEAR', 'CLEAR', 'BRAWL', 'BANCO_OFF')",26,8,13,61.538,ATTACK_PREDICTIVE,42.308,1.743606,5.7179
"('TANK', 'TANK', 'OFFENSIVE_ADV', 'FULL', 'FULL', 'NORMAL', 'FASTER', 'MEC_USED', 'AFFLICTED', 'CLEAN', 'NEUTRAL', 'NEUTRAL', 'CLEAR', 'CLEAR', 'OPENING', 'BANCO_OFF')",26,7,9,77.778,ATTACK_PIVOT,26.923,1.693956,5.4410
"('TANK', 'TANK', 'NEUTRAL', 'DANGER', 'FULL', 'FIELD_SHARED', 'FASTER', 'MEC_USED', 'CLEAN', 'CLEAN', 'NEUTRAL', 'NEUTRAL', 'CLEAR', 'CLEAR', 'OPENING', 'BANCO_OFF')",26,11,12,91.667,ATTACK_STRONG,19.231,2.159211,8.6643
"('TANK', 'TANK', 'OFFENSIVE_DIS', 'SAFE', 'FULL', 'NORMAL', 'FASTER', 'MEC_USED', 'CLEAN', 'CLEAN', 'NEUTRAL', 'NEUTRAL', 'CLEAR', 'CLEAR', 'BRAWL', 'BANCO_OFF')",26,13,15,86.667,HAZARD,15.385,2.431131,11.3717
"('SWEEPER', 'UTILITY', 'OFFENSIVE_ADV', 'FULL', 'FULL', 'FIELD_SHARED', 'SLOWER', 'MEC_USED', 'CLEAN', 'CLEAN', 'NEUTRAL', 'DEBUFF', 'CLEAR', 'CLEAR', 'OPENING', 'BANCO_OFF')",26,6,7,85.714,ATTACK_STRONG,30.769,1.702127,5.4856
"('TANK', 'TANK', 'OFFENSIVE_DIS', 'SAFE', 'FULL', 'NORMAL', 'FASTER', 'MEC_USED', 'AFFLICTED', 'CLEAN', 'NEUTRAL', 'NEUTRAL', 'CLEAR', 'CLEAR', 'RECOVERING', 'BANCO_VAZIO')",26,8,10,80.000,HEAL,26.923,1.851250,6.3678
"('TANK', 'TANK', 'NEUTRAL', 'SAFE', 'DANGER', 'NORMAL', 'SLOWER', 'MEC_USED', 'CLEAN', 'CLEAN', 'NEUTRAL', 'NEUTRAL', 'SET', 'CLEAR', 'OPENING', 'BANCO_OFF')",26,13,14,92.857,HEAL,19.231,2.428468,11.3415
"('TANK', 'TANK', 'STALEMATE', 'FULL', 'FULL', 'NORMAL', 'SLOWER', 'MEC_USED', 'CLEAN', 'CLEAN', 'NEUTRAL', 'NEUTRAL', 'CLEAR', 'CLEAR', 'OPENING', 'BANCO_VAZIO')",26,9,12,75.000,STAT_CLEAN,53.846,1.603665,4.9712
"('TANK', 'TANK', 'OFFENSIVE_ADV', 'SAFE', 'FULL', 'NORMAL', 'SLOWER', 'MEC_USED', 'CLEAN', 'CLEAN', 'NEUTRAL', 'NEUTRAL', 'SET', 'CLEAR', 'BRAWL', 'BANCO_OFF')",26,8,12,66.667,ATTACK_TECH,53.846,1.530221,4.6192
"('SWEEPER', 'TANK', 'NEUTRAL', 'FULL', 'FULL', 'FIELD_OURS_OFF', 'FASTER', 'MEC_USED', 'CLEAN', 'CLEAN', 'NEUTRAL', 'NEUTRAL', 'CLEAR', 'CLEAR', 'OPENING', 'BANCO_OFF')",26,12,12,100.000,SWITCH_OFFENSIVE,19.231,2.355024,10.5384
"('TANK', 'TANK', 'NEUTRAL', 'SAFE', 'FULL', 'NORMAL', 'SLOWER', 'MEC_USED', 'CLEAN', 'CLEAN', 'NEUTRAL', 'NEUTRAL', 'SET', 'SET', 'OPENING', 'BANCO_OFF')",26,10,12,83.333,HEAL,34.615,1.997523,7.3708
"('TANK', 'TANK', 'DEFENSIVE_ADV', 'FULL', 'FULL', 'NORMAL', 'SLOWER', 'MEC_AVAIL', 'CLEAN', 'CLEAN', 'NEUTRAL', 'NEUTRAL', 'CLEAR', 'CLEAR', 'OPENING', 'BANCO_DEF')",26,9,16,56.250,ATTACK_PREDICTIVE,23.077,2.001916,7.4032
"('TANK', 'TANK', 'OFFENSIVE_ADV', 'SAFE', 'DANGER', 'NORMAL', 'FASTER', 'MEC_USED', 'CLEAN', 'CLEAN', 'NEUTRAL', 'NEUTRAL', 'SET', 'CLEAR', 'OPENING', 'BANCO_OFF')",26,11,12,91.667,ATTACK_STRONG,19.231,2.172280,8.7783
"('SWEEPER', 'TANK', 'VOLATILE', 'SAFE', 'FULL', 'NORMAL', 'FASTER', 'MEC_USED', 'CLEAN', 'CLEAN', 'NEUTRAL', 'NEUTRAL', 'CLEAR', 'CLEAR', 'OPENING', 'BANCO_OFF')",26,6,6,100.000,SWITCH_DEFENSIVE,34.615,1.611909,5.0124
"('TANK', 'TANK', 'OFFENSIVE_ADV', 'SAFE', 'FULL', 'NORMAL', 'FASTER', 'MEC_USED', 'CLEAN', 'CLEAN', 'NEUTRAL', 'NEUTRAL', 'SET', 'SET', 'OPENING', 'BANCO_OFF')",26,8,13,61.538,ATTACK_STRONG,30.769,1.787525,5.9746
"('TANK', 'TANK', 'STALEMATE', 'SAFE', 'FULL', 'NORMAL', 'SLOWER', 'MEC_USED', 'CLEAN', 'CLEAN', 'NEUTRAL', 'NEUTRAL', 'SET', 'CLEAR', 'OPENING', 'BANCO_OFF')",26,9,14,64.286,STAT_CLEAN,26.923,1.955226,7.0655
"('TANK', 'SWEEPER', 'OFFENSIVE_ADV', 'FULL', 'FULL', 'NORMAL', 'SLOWER', 'MEC_USED', 'CLEAN', 'CLEAN', 'NEUTRAL', 'NEUTRAL', 'CLEAR', 'CLEAR', 'BRAWL', 'BANCO_OFF')",26,10,10,100.000,ATTACK_STRONG,26.923,2.051457,7.7792
"('TANK', 'TANK', 'OFFENSIVE_ADV', 'DANGER', 'SAFE', 'NORMAL', 'FASTER', 'MEC_AVAIL', 'CLEAN', 'CLEAN', 'NEUTRAL', 'NEUTRAL', 'CLEAR', 'CLEAR', 'OPENING', 'BANCO_OFF')",26,13,18,72.222,ATTACK_STRONG_MEC,26.923,2.320715,10.1829
"('TANK', 'TANK', 'DEFENSIVE_DIS', 'DANGER', 'SAFE', 'NORMAL', 'FASTER', 'MEC_USED', 'CLEAN', 'CLEAN', 'NEUTRAL', 'NEUTRAL', 'CLEAR', 'CLEAR', 'OPENING', 'BANCO_OFF')",26,9,10,90.000,STATUS,30.769,1.991509,7.3266
"('TANK', 'TANK', 'NEUTRAL', 'FULL', 'SAFE', 'NORMAL', 'FASTER', 'MEC_USED', 'CLEAN', 'CLEAN', 'NEUTRAL', 'NEUTRAL', 'CLEAR', 'CLEAR', 'BRAWL', 'BANCO_VAZIO')",26,9,12,75.000,ATTACK_PREDICTIVE,19.231,2.065642,7.8904
"('TANK', 'UTILITY', 'OFFENSIVE_ADV', 'FULL', 'FULL', 'FIELD_THEIRS', 'SLOWER', 'MEC_USED', 'CLEAN', 'CLEAN', 'NEUTRAL', 'NEUTRAL', 'CLEAR', 'CLEAR', 'OPENING', 'BANCO_OFF')",26,9,11,81.818,STATUS,19.231,2.052573,7.7879
"('TANK', 'TANK', 'DEFENSIVE_DIS', 'FULL', 'SAFE', 'NORMAL', 'SLOWER', 'MEC_USED', 'CLEAN', 'AFFLICTED', 'NEUTRAL', 'NEUTRAL', 'SET', 'SET', 'RECOVERING', 'BANCO_VAZIO')",26,4,9,44.444,ATTACK_STRONG,84.615,0.589280,1.8027
"('TANK', 'TANK', 'VOLATILE', 'FULL', 'FULL', 'FIELD_SHARED', 'FASTER', 'MEC_AVAIL', 'CLEAN', 'CLEAN', 'NEUTRAL', 'NEUTRAL', 'CLEAR', 'CLEAR', 'OPENING', 'BANCO_AMBOS')",26,12,16,75.000,ATTACK_PREDICTIVE,23.077,2.248386,9.4724
"('TANK', 'TANK', 'OFFENSIVE_ADV', 'SAFE', 'FULL', 'NORMAL', 'FASTER', 'MEC_USED', 'CLEAN', 'CLEAN', 'NEUTRAL', 'NEUTRAL', 'SET', 'CLEAR', 'BRAWL', 'BANCO_OFF')",26,9,13,69.231,ATTACK_STRONG,34.615,1.683622,5.3850
"('TANK', 'UTILITY', 'OFFENSIVE_DIS', 'FULL', 'FULL', 'FIELD_OURS_DEF', 'FASTER', 'MEC_USED', 'CLEAN', 'CLEAN', 'NEUTRAL', 'NEUTRAL', 'CLEAR', 'CLEAR', 'OPENING', 'BANCO_OFF')",26,5,6,83.333,SWITCH_OFFENSIVE,34.615,1.396402,4.0406
"('TANK', 'TANK', 'DEFENSIVE_ADV', 'SAFE', 'SAFE', 'NORMAL', 'SLOWER', 'MEC_USED', 'CLEAN', 'CLEAN', 'NEUTRAL', 'NEUTRAL', 'CLEAR', 'CLEAR', 'OPENING', 'BANCO_AMBOS')",26,7,11,63.636,ATTACK_STRONG,34.615,1.741334,5.7050
"('TANK', 'TANK', 'OFFENSIVE_ADV', 'FULL', 'SAFE', 'NORMAL', 'FASTER', 'MEC_AVAIL', 'CLEAN', 'CLEAN', 'NEUTRAL', 'NEUTRAL', 'SET', 'CLEAR', 'OPENING', 'BANCO_OFF')",26,10,18,55.556,ATTACK_PREDICTIVE,19.231,2.139086,8.4917
"('TANK', 'TANK', 'DEFENSIVE_DIS', 'FULL', 'SAFE', 'NORMAL', 'SLOWER', 'MEC_USED', 'CLEAN', 'CLEAN', 'NEUTRAL', 'NEUTRAL', 'CLEAR', 'CLEAR', 'RECOVERING', 'BANCO_VAZIO')",26,9,13,69.231,PROTECT,19.231,2.095485,8.1294
"('TANK', 'TANK', 'VOLATILE', 'SAFE', 'FULL', 'FIELD_THEIRS', 'FASTER', 'MEC_USED', 'CLEAN', 'CLEAN', 'NEUTRAL', 'NEUTRAL', 'CLEAR', 'CLEAR', 'OPENING', 'BANCO_AMBOS')",26,7,10,70.000,SWITCH_OFFENSIVE,38.462,1.639090,5.1505
"('TANK', 'TANK', 'NEUTRAL', 'FULL', 'FULL', 'FIELD_SHARED', 'SLOWER', 'MEC_USED', 'CLEAN', 'CLEAN', 'NEUTRAL', 'NEUTRAL', 'SET', 'CLEAR', 'OPENING', 'BANCO_OFF')",26,13,16,81.250,CLEAN_HAZARD,19.231,2.428468,11.3415
"('TANK', 'TANK', 'DEFENSIVE_DIS', 'FULL', 'SAFE', 'NORMAL', 'SLOWER', 'MEC_USED', 'CLEAN', 'CLEAN', 'NEUTRAL', 'NEUTRAL', 'CLEAR', 'CLEAR', 'OPENING', 'BANCO_AMBOS')",26,10,12,83.333,STATUS,19.231,2.161873,8.6874
"('TANK', 'TANK', 'NEUTRAL', 'SAFE', 'SAFE', 'NORMAL', 'SLOWER', 'MEC_USED', 'CLEAN', 'CLEAN', 'NEUTRAL', 'NEUTRAL', 'SET', 'SET', 'BRAWL', 'BANCO_OFF')",26,9,12,75.000,HEAL,42.308,1.754013,5.7777
"('TANK', 'TANK', 'OFFENSIVE_ADV', 'FULL', 'FULL', 'NORMAL', 'SLOWER', 'MEC_USED', 'CLEAN', 'CLEAN', 'NEUTRAL', 'NEUTRAL', 'CLEAR', 'CLEAR', 'CLUTCH', 'BANCO_VAZIO')",26,7,10,70.000,CLEAN_HAZARD,57.692,1.332934,3.7922
"('TANK', 'TANK', 'DEFENSIVE_DIS', 'SAFE', 'SAFE', 'NORMAL', 'SLOWER', 'MEC_USED', 'CLEAN', 'CLEAN', 'NEUTRAL', 'NEUTRAL', 'SET', 'SET', 'RECOVERING', 'BANCO_VAZIO')",26,9,14,64.286,PROTECT,26.923,2.011207,7.4723
"('TANK', 'TANK', 'NEUTRAL', 'DANGER', 'SAFE', 'NORMAL', 'FASTER', 'MEC_USED', 'CLEAN', 'CLEAN', 'NEUTRAL', 'NEUTRAL', 'SET', 'CLEAR', 'BRAWL', 'BANCO_OFF')",26,8,10,80.000,CLEAN_HAZARD,46.154,1.641752,5.1642
"('TANK', 'TANK', 'NEUTRAL', 'SAFE', 'FULL', 'NORMAL', 'FASTER', 'MEC_AVAIL', 'CLEAN', 'CLEAN', 'NEUTRAL', 'NEUTRAL', 'CLEAR', 'CLEAR', 'BRAWL', 'BANCO_OFF')",26,9,18,50.000,PROTECT,46.154,1.717859,5.5726
"('TANK', 'TANK', 'NEUTRAL', 'FULL', 'DANGER', 'NORMAL', 'SLOWER', 'MEC_USED', 'CLEAN', 'CLEAN', 'NEUTRAL', 'NEUTRAL', 'CLEAR', 'CLEAR', 'CLUTCH', 'BANCO_VAZIO')",25,2,10,20.000,ATTACK_PIVOT,84.000,0.439670,1.5522
"('TANK', 'TANK', 'NEUTRAL', 'FULL', 'SAFE', 'FIELD_SHARED', 'SLOWER', 'MEC_USED', 'CLEAN', 'CLEAN', 'NEUTRAL', 'NEUTRAL', 'CLEAR', 'CLEAR', 'OPENING', 'BANCO_AMBOS')",25,10,12,83.333,HAZARD,36.000,1.963331,7.1230
"('TANK', 'TANK', 'VOLATILE', 'SAFE', 'FULL', 'FIELD_SHARED', 'FASTER', 'MEC_USED', 'CLEAN', 'CLEAN', 'NEUTRAL', 'NEUTRAL', 'CLEAR', 'CLEAR', 'OPENING', 'BANCO_OFF')",25,10,12,83.333,SWITCH_OFFENSIVE,24.000,2.078804,7.9949
"('TANK', 'TANK', 'OFFENSIVE_ADV', 'FULL', 'FULL', 'NORMAL', 'FASTER', 'MEC_USED', 'CLEAN', 'CLEAN', 'NEUTRAL', 'NEUTRAL', 'CLEAR', 'CLEAR', 'BRAWL', 'BANCO_VAZIO')",25,9,10,90.000,ATTACK_STRONG,52.000,1.642365,5.1674
"('TANK', 'TANK', 'NEUTRAL', 'SAFE', 'FULL', 'NORMAL', 'SLOWER', 'MEC_USED', 'CLEAN', 'CLEAN', 'NEUTRAL', 'NEUTRAL', 'CLEAR', 'CLEAR', 'BRAWL', 'BANCO_OFF')",25,7,11,63.636,SWITCH_OFFENSIVE,28.000,1.703073,5.4908
"('TANK', 'TANK', 'DEFENSIVE_DIS', 'FULL', 'FULL', 'FIELD_THEIRS', 'FASTER', 'MEC_AVAIL', 'CLEAN', 'CLEAN', 'NEUTRAL', 'NEUTRAL', 'CLEAR', 'CLEAR', 'OPENING', 'BANCO_AMBOS')",25,5,12,41.667,SWITCH_DEFENSIVE,52.000,1.267795,3.5530
"('TANK', 'TANK', 'DEFENSIVE_ADV', 'FULL', 'SAFE', 'NORMAL', 'FASTER', 'MEC_USED', 'CLEAN', 'CLEAN', 'NEUTRAL', 'NEUTRAL', 'CLEAR', 'CLEAR', 'OPENING', 'BANCO_AMBOS')",25,11,12,91.667,ATTACK_TECH,20.000,2.200530,9.0298
"('TANK', 'TANK', 'NEUTRAL', 'FULL', 'SAFE', 'FIELD_OURS_OFF', 'SLOWER', 'MEC_USED', 'CLEAN', 'CLEAN', 'NEUTRAL', 'NEUTRAL', 'CLEAR', 'CLEAR', 'OPENING', 'BANCO_OFF')",25,8,11,72.727,SWITCH_OFFENSIVE,36.000,1.852427,6.3753
"('TANK', 'TANK', 'DOMINANT', 'FULL', 'FULL', 'FIELD_OURS_OFF', 'FASTER', 'MEC_USED', 'CLEAN', 'CLEAN', 'NEUTRAL', 'NEUTRAL', 'CLEAR', 'CLEAR', 'OPENING', 'BANCO_VAZIO')",25,8,9,88.889,BUFF,56.000,1.477337,4.3813
"('UTILITY', 'TANK', 'DOMINANT', 'FULL', 'FULL', 'FIELD_THEIRS', 'FASTER', 'MEC_USED', 'CLEAN', 'CLEAN', 'NEUTRAL', 'NEUTRAL', 'CLEAR', 'CLEAR', 'OPENING', 'BANCO_AMBOS')",25,4,9,44.444,ATTACK_STRONG,88.000,0.498758,1.6467
"('TANK', 'UTILITY', 'DOMINANT', 'FULL', 'FULL', 'FIELD_OURS_OFF', 'SLOWER', 'MEC_USED', 'CLEAN', 'CLEAN', 'NEUTRAL', 'NEUTRAL', 'CLEAR', 'CLEAR', 'OPENING', 'BANCO_AMBOS')",25,5,9,55.556,SWITCH_DEFENSIVE,52.000,1.267795,3.5530
"('TANK', 'TANK', 'NEUTRAL', 'FULL', 'SAFE', 'NORMAL', 'SLOWER', 'MEC_USED', 'CLEAN', 'CLEAN', 'NEUTRAL', 'NEUTRAL', 'SET', 'CLEAR', 'RECOVERING', 'BANCO_VAZIO')",25,8,13,61.538,ATTACK_TECH,28.000,1.842961,6.3152
"('TANK', 'TANK', 'OFFENSIVE_DIS', 'FULL', 'FULL', 'NORMAL', 'SLOWER', 'MEC_USED', 'CLEAN', 'CLEAN', 'NEUTRAL', 'NEUTRAL', 'SET', 'CLEAR', 'CLUTCH', 'BANCO_VAZIO')",25,7,8,87.500,ATTACK_TECH,44.000,1.508044,4.5179
"('SWEEPER', 'SWEEPER', 'STALEMATE', 'FULL', 'FULL', 'NORMAL', 'SLOWER', 'MEC_USED', 'CLEAN', 'CLEAN', 'NEUTRAL', 'NEUTRAL', 'CLEAR', 'CLEAR', 'OPENING', 'BANCO_AMBOS')",25,4,5,80.000,SWITCH_DEFENSIVE,64.000,0.899564,2.4585
"('TANK', 'TANK', 'OFFENSIVE_DIS', 'SAFE', 'SAFE', 'NORMAL', 'FASTER', 'MEC_USED', 'CLEAN', 'CLEAN', 'NEUTRAL', 'NEUTRAL', 'CLEAR', 'SET', 'CLUTCH', 'BANCO_VAZIO')",25,3,10,30.000,HEAL,76.000,0.659215,1.9333
"('TANK', 'TANK', 'CRITICAL_DIS', 'SAFE', 'SAFE', 'NORMAL', 'SLOWER', 'MEC_USED', 'CLEAN', 'CLEAN', 'NEUTRAL', 'NEUTRAL', 'SET', 'SET', 'RECOVERING', 'BANCO_VAZIO')",25,11,12,91.667,PROTECT,24.000,2.247928,9.4681
"('TANK', 'TANK', 'OFFENSIVE_DIS', 'SAFE', 'FULL', 'NORMAL', 'SLOWER', 'MEC_USED', 'CLEAN', 'CLEAN', 'NEUTRAL', 'NEUTRAL', 'SET', 'SET', 'CLUTCH', 'BANCO_VAZIO')",25,8,8,100.000,STATUS,44.000,1.563495,4.7755
"('SWEEPER', 'SWEEPER', 'DOMINANT', 'FULL', 'FULL', 'FIELD_THEIRS', 'SLOWER', 'MEC_USED', 'CLEAN', 'CLEAN', 'NEUTRAL', 'NEUTRAL', 'CLEAR', 'CLEAR', 'OPENING', 'BANCO_AMBOS')",25,6,7,85.714,ATTACK_PREDICTIVE,52.000,1.420558,4.1394
"('TANK', 'TANK', 'VOLATILE', 'FULL', 'FULL', 'NORMAL', 'SLOWER', 'MEC_AVAIL', 'CLEAN', 'CLEAN', 'NEUTRAL', 'NEUTRAL', 'CLEAR', 'CLEAR', 'OPENING', 'BANCO_OFF')",25,12,14,85.714,ATTACK_PREDICTIVE_MEC,20.000,2.287019,9.8455
"('TANK', 'TANK', 'DOMINANT', 'SAFE', 'FULL', 'FIELD_THEIRS', 'FASTER', 'MEC_USED', 'CLEAN', 'CLEAN', 'NEUTRAL', 'NEUTRAL', 'CLEAR', 'CLEAR', 'OPENING', 'BANCO_OFF')",25,10,11,90.909,SWITCH_OFFENSIVE,24.000,2.057874,7.8293
"('TANK', 'TANK', 'OFFENSIVE_DIS', 'SAFE', 'SAFE', 'NORMAL', 'SLOWER', 'MEC_USED', 'CLEAN', 'CLEAN', 'NEUTRAL', 'NEUTRAL', 'SET', 'SET', 'CLUTCH', 'BANCO_VAZIO')",25,6,12,50.000,HEAL,80.000,0.822290,2.2757
"('TANK', 'TANK', 'DEFENSIVE_DIS', 'SAFE', 'FULL', 'FIELD_SHARED', 'FASTER', 'MEC_USED', 'CLEAN', 'CLEAN', 'NEUTRAL', 'NEUTRAL', 'CLEAR', 'CLEAR', 'OPENING', 'BANCO_OFF')",25,9,10,90.000,ATTACK_TECH,24.000,2.095164,8.1268
"('TANK', 'TANK', 'NEUTRAL', 'FULL', 'SAFE', 'NORMAL', 'FASTER', 'MEC_USED', 'CLEAN', 'CLEAN', 'NEUTRAL', 'NEUTRAL', 'SET', 'CLEAR', 'OPENING', 'BANCO_AMBOS')",25,7,11,63.636,CLEAN_HAZARD,36.000,1.662373,5.2718
"('TANK', 'TANK', 'NEUTRAL', 'SAFE', 'FULL', 'NORMAL', 'SLOWER', 'MEC_USED', 'CLEAN', 'CLEAN', 'NEUTRAL', 'NEUTRAL', 'SET', 'CLEAR', 'BRAWL', 'BANCO_VAZIO')",25,10,14,71.429,ATTACK_TECH,24.000,2.039713,7.6884
"('TANK', 'TANK', 'NEUTRAL', 'FULL', 'FULL', 'NORMAL', 'FASTER', 'MEC_USED', 'CLEAN', 'CLEAN', 'NEUTRAL', 'NEUTRAL', 'SET', 'SET', 'RECOVERING', 'BANCO_VAZIO')",25,9,11,81.818,ATTACK_STRONG,28.000,2.043122,7.7147
"('TANK', 'TANK', 'OFFENSIVE_DIS', 'DANGER', 'SAFE', 'NORMAL', 'SLOWER', 'MEC_USED', 'CLEAN', 'CLEAN', 'NEUTRAL', 'NEUTRAL', 'SET', 'SET', 'RECOVERING', 'BANCO_VAZIO')",25,9,11,81.818,STATUS,28.000,2.008600,7.4529
"('SWEEPER', 'SWEEPER', 'DEFENSIVE_DIS', 'FULL', 'FULL', 'FIELD_THEIRS', 'SLOWER', 'MEC_USED', 'CLEAN', 'CLEAN', 'NEUTRAL', 'NEUTRAL', 'CLEAR', 'CLEAR', 'OPENING', 'BANCO_AMBOS')",25,6,8,75.000,ATTACK_PREDICTIVE,44.000,1.488274,4.4294
"('TANK', 'SWEEPER', 'DEFENSIVE_DIS', 'FULL', 'FULL', 'FIELD_OURS_DEF', 'SLOWER', 'MEC_AVAIL', 'CLEAN', 'CLEAN', 'NEUTRAL', 'NEUTRAL', 'CLEAR', 'CLEAR', 'OPENING', 'BANCO_OFF')",25,1,6,16.667,ATTACK_STRONG_MEC,100.000,-0.000000,1.0000
"('TANK', 'TANK', 'NEUTRAL', 'SAFE', 'SAFE', 'NORMAL', 'FASTER', 'MEC_USED', 'CLEAN', 'CLEAN', 'NEUTRAL', 'NEUTRAL', 'SET', 'CLEAR', 'OPENING', 'BANCO_AMBOS')",25,10,13,76.923,HEAL,20.000,2.134255,8.4508
"('TANK', 'TANK', 'VOLATILE', 'FULL', 'FULL', 'NORMAL', 'FASTER', 'MEC_USED', 'CLEAN', 'CLEAN', 'NEUTRAL', 'NEUTRAL', 'CLEAR', 'CLEAR', 'OPENING', 'BANCO_VAZIO')",25,4,8,50.000,ATTACK_STRONG,56.000,1.141857,3.1326
"('TANK', 'TANK', 'DEFENSIVE_DIS', 'DANGER', 'SAFE', 'NORMAL', 'SLOWER', 'MEC_USED', 'CLEAN', 'AFFLICTED', 'NEUTRAL', 'NEUTRAL', 'SET', 'SET', 'CLUTCH', 'BANCO_VAZIO')",25,3,9,33.333,ATTACK_STRONG,92.000,0.334221,1.3969
"('TANK', 'TANK', 'DEFENSIVE_DIS', 'SAFE', 'FULL', 'NORMAL', 'SLOWER', 'MEC_USED', 'CLEAN', 'CLEAN', 'NEUTRAL', 'NEUTRAL', 'CLEAR', 'SET', 'OPENING', 'BANCO_OFF')",25,10,13,76.923,HEAL,24.000,2.092395,8.1043
"('TANK', 'TANK', 'OFFENSIVE_ADV', 'FULL', 'SAFE', 'NORMAL', 'SLOWER', 'MEC_USED', 'CLEAN', 'CLEAN', 'NEUTRAL', 'NEUTRAL', 'CLEAR', 'CLEAR', 'BRAWL', 'BANCO_OFF')",25,3,11,27.273,ATTACK_STRONG,88.000,0.443307,1.5579
"('SWEEPER', 'UTILITY', 'NEUTRAL', 'FULL', 'FULL', 'NORMAL', 'FASTER', 'MEC_USED', 'CLEAN', 'CLEAN', 'NEUTRAL', 'DEBUFF', 'CLEAR', 'CLEAR', 'OPENING', 'BANCO_AMBOS')",25,6,7,85.714,ATTACK_PIVOT,56.000,1.331911,3.7883
"('SWEEPER', 'TANK', 'OFFENSIVE_ADV', 'SAFE', 'SAFE', 'NORMAL', 'FASTER', 'MEC_USED', 'CLEAN', 'CLEAN', 'NEUTRAL', 'NEUTRAL', 'SET', 'CLEAR', 'OPENING', 'BANCO_OFF')",25,10,11,90.909,ATTACK_STRONG,20.000,2.168777,8.7476
"('TANK', 'TANK', 'CRITICAL_DIS', 'FULL', 'FULL', 'NORMAL', 'SLOWER', 'MEC_USED', 'CLEAN', 'CLEAN', 'NEUTRAL', 'NEUTRAL', 'CLEAR', 'SET', 'CLUTCH', 'BANCO_VAZIO')",25,5,6,83.333,HAZARD,40.000,1.285034,3.6148
"('TANK', 'TANK', 'VOLATILE', 'FULL', 'FULL', 'NORMAL', 'FASTER', 'MEC_USED', 'CLEAN', 'CLEAN', 'NEUTRAL', 'NEUTRAL', 'SET', 'SET', 'OPENING', 'BANCO_OFF')",25,6,10,60.000,ATTACK_TECH,32.000,1.614259,5.0242
"('TANK', 'TANK', 'STALEMATE', 'FULL', 'FULL', 'NORMAL', 'SLOWER', 'MEC_USED', 'CLEAN', 'CLEAN', 'NEUTRAL', 'NEUTRAL', 'CLEAR', 'CLEAR', 'CLUTCH', 'BANCO_VAZIO')",25,5,5,100.000,ATTACK_PIVOT,40.000,1.399346,4.0526
"('TANK', 'TANK', 'NEUTRAL', 'FULL', 'FULL', 'NORMAL', 'FASTER', 'MEC_USED', 'AFFLICTED', 'CLEAN', 'NEUTRAL', 'NEUTRAL', 'SET', 'SET', 'RECOVERING', 'BANCO_VAZIO')",25,5,8,62.500,ATTACK_STRONG,32.000,1.547985,4.7020
"('TANK', 'TANK', 'OFFENSIVE_ADV', 'SAFE', 'SAFE', 'NORMAL', 'FASTER', 'MEC_USED', 'AFFLICTED', 'CLEAN', 'NEUTRAL', 'NEUTRAL', 'CLEAR', 'CLEAR', 'CLUTCH', 'BANCO_VAZIO')",24,7,8,87.500,HEAL,45.833,1.570432,4.8087
"('TANK', 'TANK', 'VOLATILE', 'SAFE', 'FULL', 'FIELD_SHARED', 'FASTER', 'MEC_USED', 'CLEAN', 'CLEAN', 'NEUTRAL', 'NEUTRAL', 'CLEAR', 'CLEAR', 'OPENING', 'BANCO_AMBOS')",24,9,10,90.000,ATTACK_TECH,33.333,1.957403,7.0809
"('TANK', 'TANK', 'DEFENSIVE_DIS', 'SAFE', 'SAFE', 'NORMAL', 'SLOWER', 'MEC_USED', 'CLEAN', 'CLEAN', 'NEUTRAL', 'NEUTRAL', 'CLEAR', 'CLEAR', 'RECOVERING', 'BANCO_VAZIO')",24,12,14,85.714,ATTACK_PIVOT,16.667,2.383540,10.8432
"('TANK', 'TANK', 'NEUTRAL', 'SAFE', 'SAFE', 'NORMAL', 'SLOWER', 'MEC_USED', 'CLEAN', 'CLEAN', 'NEUTRAL', 'NEUTRAL', 'CLEAR', 'CLEAR', 'BRAWL', 'BANCO_VAZIO')",24,9,11,81.818,ATTACK_PIVOT,16.667,2.058769,7.8363
"('TANK', 'TANK', 'CRITICAL_DIS', 'SAFE', 'FULL', 'FIELD_SHARED', 'SLOWER', 'MEC_USED', 'CLEAN', 'CLEAN', 'NEUTRAL', 'NEUTRAL', 'CLEAR', 'CLEAR', 'OPENING', 'BANCO_AMBOS')",24,6,12,50.000,SWITCH_OFFENSIVE,29.167,1.665245,5.2870
"('TANK', 'TANK', 'DOMINANT', 'FULL', 'SAFE', 'FIELD_THEIRS', 'SLOWER', 'MEC_USED', 'CLEAN', 'CLEAN', 'NEUTRAL', 'NEUTRAL', 'CLEAR', 'CLEAR', 'OPENING', 'BANCO_OFF')",24,10,11,90.909,ATTACK_PREDICTIVE,20.833,2.139079,8.4916
"('TANK', 'UTILITY', 'NEUTRAL', 'FULL', 'FULL', 'FIELD_OURS_OFF', 'SLOWER', 'MEC_USED', 'CLEAN', 'CLEAN', 'NEUTRAL', 'NEUTRAL', 'CLEAR', 'CLEAR', 'OPENING', 'BANCO_OFF')",24,8,8,100.000,SWITCH_DEFENSIVE,20.833,2.026439,7.5870
"('TANK', 'TANK', 'OFFENSIVE_ADV', 'SAFE', 'SAFE', 'NORMAL', 'FASTER', 'MEC_USED', 'CLEAN', 'CLEAN', 'NEUTRAL', 'NEUTRAL', 'CLEAR', 'CLEAR', 'RECOVERING', 'BANCO_VAZIO')",24,10,11,90.909,ATTACK_TECH,20.833,2.139079,8.4916
"('TANK', 'TANK', 'STALEMATE', 'CRIT', 'FULL', 'NORMAL', 'SLOWER', 'MEC_USED', 'AFFLICTED', 'AFFLICTED', 'DEBUFF', 'DEBUFF', 'SET', 'CLEAR', 'RECOVERING', 'BANCO_VAZIO')",24,3,3,100.000,STATUS,62.500,0.792375,2.2086
"('TANK', 'TANK', 'CRITICAL_DIS', 'SAFE', 'FULL', 'NORMAL', 'FASTER', 'MEC_USED', 'CLEAN', 'CLEAN', 'NEUTRAL', 'NEUTRAL', 'SET', 'SET', 'RECOVERING', 'BANCO_VAZIO')",24,12,13,92.308,ATTACK_PIVOT,16.667,2.383540,10.8432
"('TANK', 'TANK', 'VOLATILE', 'SAFE', 'SAFE', 'NORMAL', 'FASTER', 'MEC_USED', 'CLEAN', 'CLEAN', 'NEUTRAL', 'NEUTRAL', 'SET', 'CLEAR', 'OPENING', 'BANCO_OFF')",24,10,12,83.333,ATTACK_PREDICTIVE,16.667,2.188452,8.9214
"('TANK', 'TANK', 'NEUTRAL', 'FULL', 'DANGER', 'NORMAL', 'SLOWER', 'MEC_USED', 'CLEAN', 'CLEAN', 'NEUTRAL', 'NEUTRAL', 'CLEAR', 'CLEAR', 'RECOVERING', 'BANCO_VAZIO')",24,11,13,84.615,ATTACK_TECH,16.667,2.303976,10.0139
"('TANK', 'TANK', 'NEUTRAL', 'DANGER', 'FULL', 'NORMAL', 'FASTER', 'MEC_USED', 'CLEAN', 'CLEAN', 'NEUTRAL', 'NEUTRAL', 'CLEAR', 'CLEAR', 'RECOVERING', 'BANCO_VAZIO')",24,11,14,78.571,HEAL,16.667,2.282174,9.7980
"('UTILITY', 'TANK', 'NEUTRAL', 'FULL', 'SAFE', 'FIELD_SHARED', 'FASTER', 'MEC_USED', 'CLEAN', 'CLEAN', 'NEUTRAL', 'NEUTRAL', 'CLEAR', 'CLEAR', 'OPENING', 'BANCO_OFF')",24,7,8,87.500,ATTACK_PREDICTIVE,25.000,1.798274,6.0392
"('TANK', 'TANK', 'OFFENSIVE_DIS', 'SAFE', 'FULL', 'NORMAL', 'SLOWER', 'MEC_USED', 'CLEAN', 'CLEAN', 'NEUTRAL', 'NEUTRAL', 'SET', 'CLEAR', 'CLUTCH', 'BANCO_VAZIO')",24,10,12,83.333,HEAL,37.500,1.927957,6.8754
"('SWEEPER', 'UTILITY', 'DEFENSIVE_DIS', 'FULL', 'FULL', 'NORMAL', 'FASTER', 'MEC_USED', 'CLEAN', 'CLEAN', 'NEUTRAL', 'DEBUFF', 'CLEAR', 'CLEAR', 'OPENING', 'BANCO_AMBOS')",24,3,5,60.000,ATTACK_PREDICTIVE,83.333,0.544284,1.7234
"('TANK', 'TANK', 'DEFENSIVE_ADV', 'FULL', 'FULL', 'FIELD_SHARED', 'SLOWER', 'MEC_USED', 'CLEAN', 'CLEAN', 'NEUTRAL', 'NEUTRAL', 'CLEAR', 'CLEAR', 'OPENING', 'BANCO_VAZIO')",24,7,10,70.000,ATTACK_STRONG,45.833,1.512670,4.5388
"('TANK', 'TANK', 'DEFENSIVE_DIS', 'SAFE', 'FULL', 'FIELD_THEIRS', 'SLOWER', 'MEC_USED', 'CLEAN', 'CLEAN', 'NEUTRAL', 'NEUTRAL', 'CLEAR', 'CLEAR', 'OPENING', 'BANCO_AMBOS')",24,10,14,71.429,STAT_CLEAN,20.833,2.106003,8.2153
"('TANK', 'TANK', 'NEUTRAL', 'DANGER', 'SAFE', 'NORMAL', 'FASTER', 'MEC_USED', 'CLEAN', 'CLEAN', 'NEUTRAL', 'NEUTRAL', 'SET', 'CLEAR', 'OPENING', 'BANCO_OFF')",24,12,14,85.714,ATTACK_PREDICTIVE,16.667,2.347580,10.4602
"('SWEEPER', 'TANK', 'DOMINANT', 'FULL', 'FULL', 'NORMAL', 'FASTER', 'MEC_AVAIL', 'CLEAN', 'CLEAN', 'NEUTRAL', 'NEUTRAL', 'CLEAR', 'CLEAR', 'OPENING', 'BANCO_AMBOS')",24,3,12,25.000,ATTACK_STRONG_MEC,91.667,0.344598,1.4114
"('TANK', 'TANK', 'OFFENSIVE_ADV', 'FULL', 'SAFE', 'NORMAL', 'SLOWER', 'MEC_USED', 'CLEAN', 'CLEAN', 'NEUTRAL', 'NEUTRAL', 'CLEAR', 'CLEAR', 'OPENING', 'BANCO_VAZIO')",24,13,13,100.000,ATTACK_STRONG,16.667,2.427144,11.3265
"('TANK', 'TANK', 'OFFENSIVE_DIS', 'FULL', 'FULL', 'NORMAL', 'FASTER', 'MEC_USED', 'CLEAN', 'CLEAN', 'NEUTRAL', 'NEUTRAL', 'CLEAR', 'SET', 'OPENING', 'BANCO_OFF')",24,9,14,64.286,ATTACK_PREDICTIVE,33.333,1.863680,6.4474
"('TANK', 'TANK', 'NEUTRAL', 'SAFE', 'FULL', 'NORMAL', 'FASTER', 'MEC_USED', 'AFFLICTED', 'CLEAN', 'NEUTRAL', 'NEUTRAL', 'CLEAR', 'CLEAR', 'OPENING', 'BANCO_OFF')",24,9,11,81.818,HEAL,20.833,2.106003,8.2153
"('TANK', 'TANK', 'NEUTRAL', 'FULL', 'FULL', 'NORMAL', 'FASTER', 'MEC_USED', 'CLEAN', 'CLEAN', 'BUFFED', 'NEUTRAL', 'CLEAR', 'CLEAR', 'OPENING', 'BANCO_AMBOS')",24,8,8,100.000,ATTACK_TECH,20.833,1.954518,7.0605
"('TANK', 'TANK', 'NEUTRAL', 'DANGER', 'FULL', 'NORMAL', 'SLOWER', 'MEC_USED', 'CLEAN', 'CLEAN', 'NEUTRAL', 'NEUTRAL', 'SET', 'CLEAR', 'OPENING', 'BANCO_OFF')",24,12,14,85.714,ATTACK_TECH,16.667,2.383540,10.8432
"('TANK', 'TANK', 'OFFENSIVE_ADV', 'CRIT', 'FULL', 'FIELD_THEIRS', 'FASTER', 'MEC_USED', 'CLEAN', 'CLEAN', 'NEUTRAL', 'NEUTRAL', 'CLEAR', 'CLEAR', 'OPENING', 'BANCO_OFF')",24,8,9,88.889,SWITCH_OFFENSIVE,33.333,1.748155,5.7440
"('TANK', 'TANK', 'DEFENSIVE_DIS', 'SAFE', 'FULL', 'NORMAL', 'SLOWER', 'MEC_USED', 'CLEAN', 'CLEAN', 'NEUTRAL', 'NEUTRAL', 'SET', 'CLEAR', 'OPENING', 'BANCO_OFF')",24,13,14,92.857,ATTACK_PREDICTIVE,16.667,2.441303,11.4880
"('TANK', 'TANK', 'OFFENSIVE_ADV', 'CRIT', 'SAFE', 'NORMAL', 'FASTER', 'MEC_USED', 'CLEAN', 'CLEAN', 'NEUTRAL', 'NEUTRAL', 'CLEAR', 'CLEAR', 'OPENING', 'BANCO_OFF')",24,12,12,100.000,ATTACK_STRONG,16.667,2.405342,11.0822
"('TANK', 'TANK', 'OFFENSIVE_ADV', 'SAFE', 'SAFE', 'NORMAL', 'SLOWER', 'MEC_USED', 'CLEAN', 'CLEAN', 'NEUTRAL', 'NEUTRAL', 'SET', 'CLEAR', 'BRAWL', 'BANCO_OFF')",24,3,14,21.429,ATTACK_STRONG,66.667,0.762104,2.1428
"('TANK', 'TANK', 'STALEMATE', 'FULL', 'DANGER', 'NORMAL', 'FASTER', 'MEC_USED', 'CLEAN', 'CLEAN', 'DEBUFF', 'NEUTRAL', 'CLEAR', 'CLEAR', 'CLUTCH', 'BANCO_VAZIO')",24,2,4,50.000,ATTACK_PREDICTIVE,79.167,0.511740,1.6682
"('TANK', 'TANK', 'VOLATILE', 'FULL', 'SAFE', 'NORMAL', 'FASTER', 'MEC_USED', 'CLEAN', 'CLEAN', 'NEUTRAL', 'NEUTRAL', 'CLEAR', 'CLEAR', 'OPENING', 'BANCO_AMBOS')",24,8,11,72.727,SWITCH_OFFENSIVE,33.333,1.841878,6.3084
"('TANK', 'TANK', 'VOLATILE', 'FULL', 'FULL', 'NORMAL', 'FASTER', 'MEC_USED', 'AFFLICTED', 'CLEAN', 'NEUTRAL', 'NEUTRAL', 'CLEAR', 'CLEAR', 'CLUTCH', 'BANCO_VAZIO')",24,3,5,60.000,SWITCH_DEFENSIVE,66.667,0.823959,2.2795
"('TANK', 'TANK', 'DEFENSIVE_DIS', 'SAFE', 'SAFE', 'NORMAL', 'FASTER', 'MEC_USED', 'CLEAN', 'CLEAN', 'NEUTRAL', 'NEUTRAL', 'CLEAR', 'CLEAR', 'OPENING', 'BANCO_VAZIO')",24,7,10,70.000,SWITCH_OFFENSIVE,25.000,1.831350,6.2423
"('TANK', 'TANK', 'DOMINANT', 'SAFE', 'SAFE', 'NORMAL', 'FASTER', 'MEC_USED', 'CLEAN', 'CLEAN', 'NEUTRAL', 'NEUTRAL', 'SET', 'CLEAR', 'OPENING', 'BANCO_OFF')",24,9,12,75.000,ATTACK_PIVOT,25.000,2.029323,7.6089
"('TANK', 'TANK', 'OFFENSIVE_DIS', 'FULL', 'FULL', 'FIELD_SHARED', 'FASTER', 'MEC_USED', 'AFFLICTED', 'AFFLICTED', 'NEUTRAL', 'NEUTRAL', 'CLEAR', 'CLEAR', 'OPENING', 'BANCO_OFF')",24,3,4,75.000,HEAL,58.333,0.968005,2.6327
"('TANK', 'SWEEPER', 'DEFENSIVE_DIS', 'FULL', 'FULL', 'NORMAL', 'SLOWER', 'MEC_USED', 'CLEAN', 'CLEAN', 'NEUTRAL', 'NEUTRAL', 'CLEAR', 'CLEAR', 'RECOVERING', 'BANCO_VAZIO')",24,10,11,90.909,ATTACK_STRONG,29.167,2.104795,8.2054
"('TANK', 'TANK', 'NEUTRAL', 'FULL', 'FULL', 'NORMAL', 'SLOWER', 'MEC_USED', 'CLEAN', 'CLEAN', 'NEUTRAL', 'NEUTRAL', 'SET', 'SET', 'OPENING', 'BANCO_OFF')",24,8,13,61.538,ATTACK_PREDICTIVE,41.667,1.734743,5.6675
"('TANK', 'TANK', 'OFFENSIVE_DIS', 'FULL', 'FULL', 'NORMAL', 'FASTER', 'MEC_USED', 'CLEAN', 'AFFLICTED', 'NEUTRAL', 'DEBUFF', 'SET', 'SET', 'CLUTCH', 'BANCO_VAZIO')",24,3,3,100.000,STAT_CLEAN,79.167,0.615991,1.8515
"('TANK', 'TANK', 'NEUTRAL', 'FULL', 'FULL', 'NORMAL', 'FASTER', 'MEC_USED', 'AFFLICTED', 'AFFLICTED', 'NEUTRAL', 'BUFFED_DEBUFF', 'SET', 'SET', 'CLUTCH', 'BANCO_VAZIO')",23,2,2,100.000,HAZARD,95.652,0.178845,1.1958
"('TANK', 'TANK', 'NEUTRAL', 'SAFE', 'SAFE', 'NORMAL', 'FASTER', 'MEC_USED', 'CLEAN', 'CLEAN', 'NEUTRAL', 'NEUTRAL', 'CLEAR', 'CLEAR', 'CLUTCH', 'BANCO_VAZIO')",23,9,11,81.818,SWITCH_OFFENSIVE,39.130,1.831045,6.2404
"('TANK', 'TANK', 'NEUTRAL', 'DANGER', 'FULL', 'NORMAL', 'FASTER', 'MEC_USED', 'AFFLICTED', 'CLEAN', 'NEUTRAL', 'NEUTRAL', 'CLEAR', 'CLEAR', 'CLUTCH', 'BANCO_VAZIO')",23,5,6,83.333,HEAL,60.870,1.144720,3.1416
"('TANK', 'TANK', 'CRITICAL_DIS', 'FULL', 'FULL', 'NORMAL', 'FASTER', 'MEC_USED', 'AFFLICTED', 'CLEAN', 'NEUTRAL', 'DEBUFF', 'SET', 'SET', 'CLUTCH', 'BANCO_VAZIO')",23,4,5,80.000,HAZARD,56.522,1.033233,2.8101
"('TANK', 'TANK', 'NEUTRAL', 'SAFE', 'DANGER', 'FIELD_SHARED', 'FASTER', 'MEC_USED', 'CLEAN', 'CLEAN', 'NEUTRAL', 'NEUTRAL', 'CLEAR', 'CLEAR', 'OPENING', 'BANCO_OFF')",23,8,12,66.667,HEAL,34.783,1.699429,5.4708
"('TANK', 'UTILITY', 'VOLATILE', 'FULL', 'FULL', 'FIELD_SHARED', 'SLOWER', 'MEC_USED', 'CLEAN', 'CLEAN', 'NEUTRAL', 'NEUTRAL', 'CLEAR', 'CLEAR', 'OPENING', 'BANCO_OFF')",23,9,10,90.000,ATTACK_STRONG,21.739,2.039582,7.6874
"('SWEEPER', 'TANK', 'DEFENSIVE_DIS', 'FULL', 'FULL', 'FIELD_OURS_OFF', 'FASTER', 'MEC_USED', 'CLEAN', 'CLEAN', 'NEUTRAL', 'NEUTRAL', 'CLEAR', 'CLEAR', 'OPENING', 'BANCO_AMBOS')",23,3,8,37.500,SWITCH_DEFENSIVE,91.304,0.355713,1.4272
"('TANK', 'TANK', 'OFFENSIVE_ADV', 'SAFE', 'SAFE', 'NORMAL', 'SLOWER', 'MEC_USED', 'CLEAN', 'CLEAN', 'NEUTRAL', 'NEUTRAL', 'CLEAR', 'CLEAR', 'OPENING', 'BANCO_VAZIO')",23,11,13,84.615,ATTACK_STRONG,26.087,2.223413,9.2388
"('TANK', 'TANK', 'OFFENSIVE_DIS', 'FULL', 'FULL', 'NORMAL', 'SLOWER', 'MEC_USED', 'CLEAN', 'CLEAN', 'NEUTRAL', 'NEUTRAL', 'SET', 'CLEAR', 'RECOVERING', 'BANCO_VAZIO')",23,9,13,69.231,ATTACK_TECH,30.435,1.992822,7.3362
"('TANK', 'UTILITY', 'CRITICAL_DIS', 'FULL', 'FULL', 'FIELD_OURS_DEF', 'SLOWER', 'MEC_USED', 'CLEAN', 'CLEAN', 'NEUTRAL', 'NEUTRAL', 'CLEAR', 'CLEAR', 'OPENING', 'BANCO_AMBOS')",23,4,4,100.000,SWITCH_OFFENSIVE,43.478,1.240768,3.4583
"('TANK', 'UTILITY', 'OFFENSIVE_ADV', 'FULL', 'FULL', 'FIELD_OURS_OFF', 'SLOWER', 'MEC_USED', 'CLEAN', 'CLEAN', 'NEUTRAL', 'NEUTRAL', 'CLEAR', 'CLEAR', 'OPENING', 'BANCO_AMBOS')",23,2,9,22.222,ATTACK_PREDICTIVE,95.652,0.178845,1.1958
"('TANK', 'TANK', 'STALEMATE', 'FULL', 'SAFE', 'NORMAL', 'SLOWER', 'MEC_USED', 'AFFLICTED', 'AFFLICTED', 'DEBUFF', 'DEBUFF', 'SET', 'SET', 'OPENING', 'BANCO_OFF')",23,4,5,80.000,HEAL,65.217,0.984983,2.6778
"('TANK', 'TANK', 'OFFENSIVE_DIS', 'FULL', 'FULL', 'NORMAL', 'SLOWER', 'MEC_USED', 'CLEAN', 'CLEAN', 'NEUTRAL', 'NEUTRAL', 'SET', 'SET', 'CLUTCH', 'BANCO_VAZIO')",23,3,11,27.273,STATUS,52.174,0.837897,2.3115
"('TANK', 'TANK', 'OFFENSIVE_DIS', 'FULL', 'FULL', 'NORMAL', 'FASTER', 'MEC_USED', 'AFFLICTED', 'AFFLICTED', 'NEUTRAL', 'NEUTRAL', 'CLEAR', 'CLEAR', 'RECOVERING', 'BANCO_OFF')",23,3,4,75.000,SWITCH_OFFENSIVE,91.304,0.355713,1.4272
"('TANK', 'TANK', 'OFFENSIVE_DIS', 'SAFE', 'DANGER', 'NORMAL', 'FASTER', 'MEC_USED', 'CLEAN', 'CLEAN', 'NEUTRAL', 'NEUTRAL', 'CLEAR', 'CLEAR', 'OPENING', 'BANCO_OFF')",23,10,13,76.923,HEAL,34.783,1.967545,7.1531
"('TANK', 'TANK', 'NEUTRAL', 'FULL', 'FULL', 'NORMAL', 'SLOWER', 'MEC_USED', 'CLEAN', 'CLEAN', 'NEUTRAL', 'NEUTRAL', 'SET', 'CLEAR', 'BRAWL', 'BANCO_OFF')",23,12,13,92.308,ATTACK_PREDICTIVE,30.435,2.181619,8.8606
"('TANK', 'TANK', 'DEFENSIVE_DIS', 'FULL', 'FULL', 'FIELD_SHARED', 'SLOWER', 'MEC_AVAIL', 'CLEAN', 'CLEAN', 'NEUTRAL', 'NEUTRAL', 'CLEAR', 'CLEAR', 'OPENING', 'BANCO_OFF')",23,12,16,75.000,SWITCH_OFFENSIVE,21.739,2.295451,9.9289
"('TANK', 'TANK', 'DEFENSIVE_DIS', 'FULL', 'SAFE', 'FIELD_OURS_OFF', 'SLOWER', 'MEC_USED', 'CLEAN', 'CLEAN', 'NEUTRAL', 'NEUTRAL', 'CLEAR', 'CLEAR', 'OPENING', 'BANCO_OFF')",23,6,8,75.000,SWITCH_DEFENSIVE,47.826,1.483735,4.4094
"('TANK', 'SWEEPER', 'CRITICAL_DIS', 'FULL', 'FULL', 'FIELD_OURS_OFF', 'SLOWER', 'MEC_USED', 'CLEAN', 'CLEAN', 'NEUTRAL', 'NEUTRAL', 'CLEAR', 'CLEAR', 'OPENING', 'BANCO_AMBOS')",23,6,9,66.667,ATTACK_PIVOT,52.174,1.368596,3.9298
"('TANK', 'TANK', 'DOMINANT', 'FULL', 'FULL', 'FIELD_SHARED', 'FASTER', 'MEC_AVAIL', 'CLEAN', 'CLEAN', 'NEUTRAL', 'NEUTRAL', 'CLEAR', 'CLEAR', 'OPENING', 'BANCO_OFF')",23,9,11,81.818,ATTACK_STRONG,21.739,2.054356,7.8018
"('TANK', 'TANK', 'OFFENSIVE_ADV', 'FULL', 'FULL', 'FIELD_SHARED', 'FASTER', 'MEC_USED', 'CLEAN', 'CLEAN', 'NEUTRAL', 'NEUTRAL', 'CLEAR', 'SET', 'OPENING', 'BANCO_OFF')",23,2,11,18.182,ATTACK_PREDICTIVE,65.217,0.646091,1.9081
"('TANK', 'TANK', 'DEFENSIVE_DIS', 'CRIT', 'FULL', 'NORMAL', 'FASTER', 'MEC_USED', 'CLEAN', 'CLEAN', 'NEUTRAL', 'NEUTRAL', 'CLEAR', 'CLEAR', 'OPENING', 'BANCO_OFF')",23,11,12,91.667,ATTACK_PREDICTIVE,17.391,2.268913,9.6689
"('TANK', 'TANK', 'OFFENSIVE_ADV', 'DANGER', 'FULL', 'NORMAL', 'FASTER', 'MEC_USED', 'CLEAN', 'CLEAN', 'NEUTRAL', 'NEUTRAL', 'CLEAR', 'CLEAR', 'BRAWL', 'BANCO_OFF')",23,5,10,50.000,ATTACK_STRONG,73.913,0.898083,2.4549
"('TANK', 'TANK', 'OFFENSIVE_ADV', 'DANGER', 'DANGER', 'NORMAL', 'FASTER', 'MEC_USED', 'CLEAN', 'CLEAN', 'NEUTRAL', 'NEUTRAL', 'CLEAR', 'CLEAR', 'OPENING', 'BANCO_OFF')",23,8,11,72.727,SWITCH_OFFENSIVE,30.435,1.808991,6.1043
"('TANK', 'TANK', 'OFFENSIVE_ADV', 'SAFE', 'FULL', 'FIELD_SHARED', 'FASTER', 'MEC_USED', 'CLEAN', 'CLEAN', 'NEUTRAL', 'NEUTRAL', 'CLEAR', 'CLEAR', 'OPENING', 'BANCO_AMBOS')",23,10,12,83.333,ATTACK_PIVOT,17.391,2.223413,9.2388
"('TANK', 'TANK', 'OFFENSIVE_ADV', 'SAFE', 'SAFE', 'NORMAL', 'FASTER', 'MEC_USED', 'CLEAN', 'CLEAN', 'NEUTRAL', 'NEUTRAL', 'CLEAR', 'CLEAR', 'OPENING', 'BANCO_AMBOS')",23,8,10,80.000,ATTACK_PREDICTIVE,17.391,2.019842,7.5371
"('TANK', 'TANK', 'NEUTRAL', 'SAFE', 'FULL', 'NORMAL', 'SLOWER', 'MEC_USED', 'CLEAN', 'CLEAN', 'NEUTRAL', 'NEUTRAL', 'SET', 'SET', 'OPENING', 'BANCO_AMBOS')",23,10,12,83.333,STAT_CLEAN,17.391,2.223413,9.2388
"('TANK', 'SWEEPER', 'DEFENSIVE_ADV', 'FULL', 'FULL', 'NORMAL', 'SLOWER', 'MEC_USED', 'CLEAN', 'CLEAN', 'NEUTRAL', 'NEUTRAL', 'CLEAR', 'CLEAR', 'OPENING', 'BANCO_AMBOS')",23,7,11,63.636,ATTACK_STRONG,43.478,1.591907,4.9131
"('TANK', 'TANK', 'DEFENSIVE_DIS', 'SAFE', 'SAFE', 'NORMAL', 'SLOWER', 'MEC_USED', 'CLEAN', 'CLEAN', 'NEUTRAL', 'NEUTRAL', 'CLEAR', 'SET', 'OPENING', 'BANCO_OFF')",23,4,13,30.769,SWITCH_OFFENSIVE,56.522,1.097777,2.9975
"('TANK', 'TANK', 'DEFENSIVE_DIS', 'FULL', 'FULL', 'FIELD_THEIRS', 'FASTER', 'MEC_AVAIL', 'CLEAN', 'CLEAN', 'NEUTRAL', 'NEUTRAL', 'CLEAR', 'CLEAR', 'OPENING', 'BANCO_OFF')",23,8,14,57.143,ATTACK_PREDICTIVE_MEC,30.435,1.834751,6.2636
"('TANK', 'TANK', 'OFFENSIVE_ADV', 'SAFE', 'SAFE', 'FIELD_SHARED', 'FASTER', 'MEC_USED', 'CLEAN', 'CLEAN', 'NEUTRAL', 'NEUTRAL', 'CLEAR', 'CLEAR', 'OPENING', 'BANCO_OFF')",23,11,12,91.667,ATTACK_PREDICTIVE,17.391,2.283687,9.8128
"('TANK', 'TANK', 'NEUTRAL', 'FULL', 'SAFE', 'NORMAL', 'SLOWER', 'MEC_USED', 'CLEAN', 'CLEAN', 'NEUTRAL', 'NEUTRAL', 'CLEAR', 'SET', 'BRAWL', 'BANCO_VAZIO')",23,6,13,46.154,ATTACK_TECH,52.174,1.417106,4.1252
"('SWEEPER', 'TANK', 'OFFENSIVE_ADV', 'SAFE', 'FULL', 'NORMAL', 'FASTER', 'MEC_USED', 'CLEAN', 'CLEAN', 'NEUTRAL', 'DEBUFF', 'SET', 'CLEAR', 'OPENING', 'BANCO_OFF')",23,7,8,87.500,ATTACK_STRONG,17.391,1.907271,6.7347
"('TANK', 'TANK', 'OFFENSIVE_DIS', 'FULL', 'CRIT', 'NORMAL', 'SLOWER', 'MEC_USED', 'CLEAN', 'CLEAN', 'NEUTRAL', 'NEUTRAL', 'CLEAR', 'CLEAR', 'OPENING', 'BANCO_OFF')",23,10,12,83.333,ATTACK_TECH,21.739,2.160130,8.6723
"('TANK', 'TANK', 'CRITICAL_DIS', 'SAFE', 'FULL', 'FIELD_THEIRS', 'FASTER', 'MEC_USED', 'CLEAN', 'CLEAN', 'NEUTRAL', 'NEUTRAL', 'CLEAR', 'CLEAR', 'OPENING', 'BANCO_OFF')",23,5,12,41.667,SWITCH_DEFENSIVE,78.261,0.813190,2.2551
"('TANK', 'TANK', 'NEUTRAL', 'DANGER', 'SAFE', 'NORMAL', 'FASTER', 'MEC_USED', 'CLEAN', 'CLEAN', 'NEUTRAL', 'NEUTRAL', 'CLEAR', 'SET', 'RECOVERING', 'BANCO_VAZIO')",23,9,10,90.000,HEAL,30.435,2.015572,7.5050
"('TANK', 'UTILITY', 'NEUTRAL', 'FULL', 'SAFE', 'NORMAL', 'SLOWER', 'MEC_USED', 'CLEAN', 'CLEAN', 'NEUTRAL', 'NEUTRAL', 'CLEAR', 'CLEAR', 'OPENING', 'BANCO_OFF')",23,8,13,61.538,ATTACK_PREDICTIVE,21.739,1.953549,7.0537
"('TANK', 'TANK', 'OFFENSIVE_ADV', 'FULL', 'CRIT', 'FIELD_THEIRS', 'FASTER', 'MEC_USED', 'CLEAN', 'CLEAN', 'NEUTRAL', 'NEUTRAL', 'CLEAR', 'CLEAR', 'OPENING', 'BANCO_OFF')",23,10,11,90.909,ATTACK_PREDICTIVE,17.391,2.223413,9.2388
"('TANK', 'TANK', 'NEUTRAL', 'FULL', 'FULL', 'NORMAL', 'FASTER', 'MEC_USED', 'CLEAN', 'CLEAN', 'NEUTRAL', 'NEUTRAL', 'SET', 'SET', 'CLUTCH', 'BANCO_VAZIO')",23,4,10,40.000,ATTACK_STRONG,52.174,1.187775,3.2798
"('TANK', 'SWEEPER', 'NEUTRAL', 'SAFE', 'FULL', 'NORMAL', 'SLOWER', 'MEC_USED', 'CLEAN', 'CLEAN', 'NEUTRAL', 'NEUTRAL', 'CLEAR', 'SET', 'OPENING', 'BANCO_OFF')",23,10,13,76.923,HEAL,47.826,1.785104,5.9602
"('TANK', 'TANK', 'NEUTRAL', 'SAFE', 'SAFE', 'NORMAL', 'FASTER', 'MEC_USED', 'CLEAN', 'CLEAN', 'NEUTRAL', 'NEUTRAL', 'SET', 'CLEAR', 'BRAWL', 'BANCO_VAZIO')",23,10,12,83.333,CLEAN_HAZARD,34.783,1.967545,7.1531
"('SWEEPER', 'TANK', 'NEUTRAL', 'DANGER', 'FULL', 'NORMAL', 'FASTER', 'MEC_USED', 'CLEAN', 'CLEAN', 'NEUTRAL', 'NEUTRAL', 'CLEAR', 'CLEAR', 'OPENING', 'BANCO_AMBOS')",23,8,10,80.000,SWITCH_OFFENSIVE,39.130,1.722262,5.5972
"('TANK', 'TANK', 'OFFENSIVE_DIS', 'SAFE', 'FULL', 'NORMAL', 'FASTER', 'MEC_USED', 'CLEAN', 'CLEAN', 'NEUTRAL', 'NEUTRAL', 'SET', 'SET', 'OPENING', 'BANCO_OFF')",23,10,12,83.333,STAT_CLEAN,30.435,2.038321,7.6777
"('TANK', 'TANK', 'OFFENSIVE_DIS', 'SAFE', 'DANGER', 'NORMAL', 'SLOWER', 'MEC_USED', 'CLEAN', 'CLEAN', 'NEUTRAL', 'NEUTRAL', 'CLEAR', 'SET', 'RECOVERING', 'BANCO_VAZIO')",23,6,11,54.545,HEAL,60.870,1.265267,3.5440
"('TANK', 'TANK', 'CRITICAL_DIS', 'SAFE', 'FULL', 'FIELD_OURS_OFF', 'FASTER', 'MEC_USED', 'CLEAN', 'CLEAN', 'NEUTRAL', 'NEUTRAL', 'CLEAR', 'CLEAR', 'OPENING', 'BANCO_OFF')",23,7,7,100.000,ATTACK_STRONG,39.130,1.661988,5.2698
"('TANK', 'TANK', 'DEFENSIVE_DIS', 'FULL', 'SAFE', 'NORMAL', 'FASTER', 'MEC_USED', 'CLEAN', 'CLEAN', 'NEUTRAL', 'NEUTRAL', 'SET', 'CLEAR', 'OPENING', 'BANCO_OFF')",23,10,11,90.909,SWITCH_OFFENSIVE,21.739,2.137380,8.4772
"('TANK', 'TANK', 'OFFENSIVE_DIS', 'FULL', 'FULL', 'FIELD_SHARED', 'FASTER', 'MEC_USED', 'AFFLICTED', 'CLEAN', 'NEUTRAL', 'NEUTRAL', 'CLEAR', 'CLEAR', 'OPENING', 'BANCO_AMBOS')",23,6,7,85.714,ATTACK_PIVOT,30.435,1.645953,5.1860
"('TANK', 'TANK', 'VOLATILE', 'DANGER', 'FULL', 'NORMAL', 'SLOWER', 'MEC_USED', 'CLEAN', 'CLEAN', 'NEUTRAL', 'NEUTRAL', 'CLEAR', 'CLEAR', 'OPENING', 'BANCO_OFF')",23,8,12,66.667,SWITCH_DEFENSIVE,34.783,1.809474,6.1072
"('TANK', 'TANK', 'STALEMATE', 'SAFE', 'FULL', 'NORMAL', 'SLOWER', 'MEC_USED', 'AFFLICTED', 'AFFLICTED', 'DEBUFF', 'DEBUFF', 'SET', 'SET', 'CLUTCH', 'BANCO_VAZIO')",23,3,4,75.000,STAT_CLEAN,82.609,0.559834,1.7504
"('TANK', 'TANK', 'NEUTRAL', 'FULL', 'CRIT', 'NORMAL', 'FASTER', 'MEC_USED', 'CLEAN', 'CLEAN', 'NEUTRAL', 'DEBUFF', 'CLEAR', 'CLEAR', 'CLUTCH', 'BANCO_VAZIO')",23,2,2,100.000,CLEAN_HAZARD,78.261,0.523586,1.6881
"('TANK', 'TANK', 'OFFENSIVE_DIS', 'FULL', 'FULL', 'NORMAL', 'FASTER', 'MEC_USED', 'AFFLICTED', 'AFFLICTED', 'DEBUFF', 'DEBUFF', 'CLEAR', 'CLEAR', 'CLUTCH', 'BANCO_VAZIO')",23,2,2,100.000,CLEAN_HAZARD,95.652,0.178845,1.1958
"('TANK', 'TANK', 'NEUTRAL', 'FULL', 'FULL', 'NORMAL', 'FASTER', 'MEC_USED', 'CLEAN', 'CLEAN', 'NEUTRAL', 'DEBUFF', 'CLEAR', 'SET', 'RECOVERING', 'BANCO_VAZIO')",22,4,5,80.000,ATTACK_STRONG,77.273,0.775714,2.1721
"('TANK', 'TANK', 'OFFENSIVE_DIS', 'DANGER', 'FULL', 'NORMAL', 'FASTER', 'MEC_USED', 'CLEAN', 'CLEAN', 'NEUTRAL', 'NEUTRAL', 'CLEAR', 'CLEAR', 'OPENING', 'BANCO_OFF')",22,9,13,69.231,ATTACK_TECH,31.818,1.943998,6.9866
"('TANK', 'TANK', 'NEUTRAL', 'FULL', 'SAFE', 'NORMAL', 'SLOWER', 'MEC_USED', 'AFFLICTED', 'CLEAN', 'NEUTRAL', 'NEUTRAL', 'SET', 'SET', 'RECOVERING', 'BANCO_VAZIO')",22,5,5,100.000,STATUS,54.545,1.116486,3.0541
"('TANK', 'TANK', 'OFFENSIVE_ADV', 'FULL', 'FULL', 'NORMAL', 'FASTER', 'MEC_USED', 'AFFLICTED', 'CLEAN', 'NEUTRAL', 'NEUTRAL', 'CLEAR', 'CLEAR', 'CLUTCH', 'BANCO_VAZIO')",22,6,8,75.000,HEAL,31.818,1.641230,5.1615
"('TANK', 'TANK', 'NEUTRAL', 'FULL', 'SAFE', 'FIELD_OURS_OFF', 'FASTER', 'MEC_USED', 'CLEAN', 'CLEAN', 'NEUTRAL', 'NEUTRAL', 'CLEAR', 'CLEAR', 'OPENING', 'BANCO_VAZIO')",22,7,12,58.333,ATTACK_TECH,40.909,1.703516,5.4932
"('TANK', 'TANK', 'DEFENSIVE_DIS', 'FULL', 'FULL', 'FIELD_OURS_OFF', 'SLOWER', 'MEC_USED', 'CLEAN', 'AFFLICTED', 'NEUTRAL', 'NEUTRAL', 'CLEAR', 'CLEAR', 'OPENING', 'BANCO_OFF')",22,6,7,85.714,HAZARD,45.455,1.492738,4.4493
"('TANK', 'TANK', 'DEFENSIVE_DIS', 'FULL', 'FULL', 'NORMAL', 'FASTER', 'MEC_USED', 'AFFLICTED', 'AFFLICTED', 'NEUTRAL', 'NEUTRAL', 'CLEAR', 'CLEAR', 'RECOVERING', 'BANCO_VAZIO')",22,7,8,87.500,ATTACK_STRONG,36.364,1.669479,5.3094
"('TANK', 'TANK', 'OFFENSIVE_DIS', 'SAFE', 'FULL', 'NORMAL', 'SLOWER', 'MEC_USED', 'CLEAN', 'CLEAN', 'NEUTRAL', 'NEUTRAL', 'SET', 'SET', 'BRAWL', 'BANCO_VAZIO')",22,11,13,84.615,ATTACK_TECH,13.636,2.302759,10.0017
"('SWEEPER', 'TANK', 'OFFENSIVE_ADV', 'FULL', 'FULL', 'NORMAL', 'FASTER', 'MEC_USED', 'CLEAN', 'CLEAN', 'NEUTRAL', 'NEUTRAL', 'CLEAR', 'CLEAR', 'BRAWL', 'BANCO_OFF')",22,3,9,33.333,ATTACK_STRONG,81.818,0.576382,1.7796
"('TANK', 'TANK', 'NEUTRAL', 'SAFE', 'DANGER', 'NORMAL', 'SLOWER', 'MEC_USED', 'CLEAN', 'CLEAN', 'NEUTRAL', 'NEUTRAL', 'CLEAR', 'CLEAR', 'RECOVERING', 'BANCO_VAZIO')",22,8,10,80.000,ATTACK_STRONG,31.818,1.806486,6.0890
"('TANK', 'TANK', 'OFFENSIVE_ADV', 'FULL', 'FULL', 'FIELD_SHARED', 'SLOWER', 'MEC_USED', 'CLEAN', 'CLEAN', 'NEUTRAL', 'NEUTRAL', 'SET', 'CLEAR', 'OPENING', 'BANCO_OFF')",22,13,15,86.667,ATTACK_STRONG,18.182,2.437125,11.4401
"('TANK', 'TANK', 'OFFENSIVE_DIS', 'DANGER', 'SAFE', 'NORMAL', 'SLOWER', 'MEC_USED', 'CLEAN', 'CLEAN', 'NEUTRAL', 'NEUTRAL', 'CLEAR', 'CLEAR', 'OPENING', 'BANCO_OFF')",22,8,11,72.727,HEAL,27.273,1.948463,7.0179
"('TANK', 'TANK', 'NEUTRAL', 'SAFE', 'SAFE', 'NORMAL', 'FASTER', 'MEC_USED', 'AFFLICTED', 'CLEAN', 'NEUTRAL', 'NEUTRAL', 'CLEAR', 'CLEAR', 'CLUTCH', 'BANCO_VAZIO')",22,5,8,62.500,HEAL,36.364,1.400662,4.0579
"('TANK', 'TANK', 'NEUTRAL', 'SAFE', 'FULL', 'FIELD_SHARED', 'FASTER', 'MEC_USED', 'CLEAN', 'CLEAN', 'NEUTRAL', 'NEUTRAL', 'CLEAR', 'CLEAR', 'OPENING', 'BANCO_VAZIO')",22,8,12,66.667,HEAL,27.273,1.897749,6.6709
"('TANK', 'TANK', 'STALEMATE', 'FULL', 'FULL', 'FIELD_SHARED', 'SLOWER', 'MEC_USED', 'CLEAN', 'CLEAN', 'NEUTRAL', 'NEUTRAL', 'CLEAR', 'CLEAR', 'OPENING', 'BANCO_AMBOS')",22,4,11,36.364,SWITCH_DEFENSIVE,81.818,0.663179,1.9410
"('TANK', 'TANK', 'OFFENSIVE_ADV', 'DANGER', 'FULL', 'NORMAL', 'FASTER', 'MEC_USED', 'CLEAN', 'CLEAN', 'NEUTRAL', 'NEUTRAL', 'SET', 'SET', 'OPENING', 'BANCO_OFF')",22,12,13,92.308,ATTACK_PREDICTIVE,13.636,2.389557,10.9087
"('UTILITY', 'TANK', 'DEFENSIVE_DIS', 'FULL', 'FULL', 'FIELD_THEIRS', 'FASTER', 'MEC_USED', 'CLEAN', 'CLEAN', 'NEUTRAL', 'NEUTRAL', 'CLEAR', 'CLEAR', 'OPENING', 'BANCO_AMBOS')",22,8,10,80.000,SWITCH_OFFENSIVE,45.455,1.555751,4.7386
"('TANK', 'TANK', 'NEUTRAL', 'DANGER', 'FULL', 'NORMAL', 'FASTER', 'MEC_USED', 'CLEAN', 'CLEAN', 'NEUTRAL', 'NEUTRAL', 'CLEAR', 'CLEAR', 'CLUTCH', 'BANCO_VAZIO')",22,11,11,100.000,ATTACK_PIVOT,36.364,2.035260,7.6542
"('SWEEPER', 'TANK', 'OFFENSIVE_ADV', 'FULL', 'SAFE', 'NORMAL', 'FASTER', 'MEC_USED', 'CLEAN', 'CLEAN', 'NEUTRAL', 'NEUTRAL', 'CLEAR', 'CLEAR', 'OPENING', 'BANCO_AMBOS')",22,6,8,75.000,ATTACK_PREDICTIVE,45.455,1.477292,4.3811
"('TANK', 'TANK', 'NEUTRAL', 'SAFE', 'DANGER', 'NORMAL', 'FASTER', 'MEC_USED', 'CLEAN', 'CLEAN', 'NEUTRAL', 'NEUTRAL', 'SET', 'SET', 'CLUTCH', 'BANCO_VAZIO')",22,4,10,40.000,ATTACK_STRONG,59.091,0.956237,2.6019
"('TANK', 'TANK', 'VOLATILE', 'SAFE', 'DANGER', 'NORMAL', 'FASTER', 'MEC_USED', 'CLEAN', 'CLEAN', 'NEUTRAL', 'NEUTRAL', 'CLEAR', 'CLEAR', 'OPENING', 'BANCO_OFF')",22,8,11,72.727,HEAL,36.364,1.846220,6.3358
"('TANK', 'TANK', 'OFFENSIVE_ADV', 'FULL', 'SAFE', 'FIELD_OURS_OFF', 'FASTER', 'MEC_AVAIL', 'CLEAN', 'CLEAN', 'NEUTRAL', 'NEUTRAL', 'CLEAR', 'CLEAR', 'OPENING', 'BANCO_OFF')",22,4,12,33.333,ATTACK_STRONG_MEC,86.364,0.548118,1.7300
"('TANK', 'TANK', 'OFFENSIVE_DIS', 'SAFE', 'FULL', 'FIELD_SHARED', 'SLOWER', 'MEC_USED', 'CLEAN', 'CLEAN', 'NEUTRAL', 'NEUTRAL', 'CLEAR', 'CLEAR', 'OPENING', 'BANCO_VAZIO')",22,9,12,75.000,STATUS,31.818,1.857201,6.4058
"('UTILITY', 'SWEEPER', 'OFFENSIVE_DIS', 'FULL', 'FULL', 'FIELD_OURS_OFF', 'FASTER', 'MEC_AVAIL', 'CLEAN', 'CLEAN', 'NEUTRAL', 'NEUTRAL', 'CLEAR', 'CLEAR', 'OPENING', 'BANCO_OFF')",22,4,4,100.000,SWITCH_DEFENSIVE,36.364,1.330628,3.7834
"('TANK', 'TANK', 'NEUTRAL', 'DANGER', 'SAFE', 'NORMAL', 'SLOWER', 'MEC_USED', 'CLEAN', 'CLEAN', 'NEUTRAL', 'NEUTRAL', 'CLEAR', 'SET', 'OPENING', 'BANCO_OFF')",22,9,11,81.818,ATTACK_PREDICTIVE,22.727,2.071343,7.9355
"('TANK', 'TANK', 'OFFENSIVE_ADV', 'SAFE', 'DANGER', 'FIELD_THEIRS', 'FASTER', 'MEC_USED', 'CLEAN', 'CLEAN', 'NEUTRAL', 'NEUTRAL', 'CLEAR', 'CLEAR', 'OPENING', 'BANCO_OFF')",22,8,10,80.000,ATTACK_PIVOT,27.273,1.798652,6.0415
"('TANK', 'TANK', 'OFFENSIVE_ADV', 'FULL', 'SAFE', 'NORMAL', 'FASTER', 'MEC_USED', 'CLEAN', 'CLEAN', 'NEUTRAL', 'NEUTRAL', 'CLEAR', 'CLEAR', 'RECOVERING', 'BANCO_VAZIO')",22,10,11,90.909,HEAL,22.727,2.173586,8.7897
"('TANK', 'TANK', 'DOMINANT', 'SAFE', 'FULL', 'NORMAL', 'FASTER', 'MEC_USED', 'CLEAN', 'CLEAN', 'NEUTRAL', 'NEUTRAL', 'SET', 'CLEAR', 'OPENING', 'BANCO_OFF')",22,10,12,83.333,ATTACK_STRONG,40.909,1.892556,6.6363
"('TANK', 'TANK', 'NEUTRAL', 'SAFE', 'FULL', 'NORMAL', 'FASTER', 'MEC_AVAIL', 'CLEAN', 'CLEAN', 'NEUTRAL', 'NEUTRAL', 'SET', 'CLEAR', 'OPENING', 'BANCO_OFF')",22,9,22,40.909,ATTACK_STRONG_MEC,54.545,1.609612,5.0009
"('TANK', 'SWEEPER', 'DEFENSIVE_ADV', 'FULL', 'FULL', 'NORMAL', 'SLOWER', 'MEC_USED', 'CLEAN', 'CLEAN', 'DEBUFF', 'NEUTRAL', 'CLEAR', 'CLEAR', 'OPENING', 'BANCO_VAZIO')",22,5,5,100.000,ATTACK_PIVOT,50.000,1.209928,3.3532
"('TANK', 'TANK', 'NEUTRAL', 'SAFE', 'FULL', 'NORMAL', 'FASTER', 'MEC_USED', 'CLEAN', 'CLEAN', 'NEUTRAL', 'NEUTRAL', 'SET', 'CLEAR', 'BRAWL', 'BANCO_OFF')",22,10,10,100.000,ATTACK_STRONG,18.182,2.176732,8.8174
"('TANK', 'TANK', 'DEFENSIVE_DIS', 'SAFE', 'FULL', 'FIELD_SHARED', 'SLOWER', 'MEC_USED', 'CLEAN', 'CLEAN', 'NEUTRAL', 'NEUTRAL', 'CLEAR', 'CLEAR', 'OPENING', 'BANCO_OFF')",22,10,12,83.333,ATTACK_STRONG,36.364,1.996031,7.3598
"('TANK', 'TANK', 'NEUTRAL', 'SAFE', 'SAFE', 'NORMAL', 'SLOWER', 'MEC_USED', 'CLEAN', 'CLEAN', 'NEUTRAL', 'NEUTRAL', 'CLEAR', 'CLEAR', 'CLUTCH', 'BANCO_VAZIO')",22,3,10,30.000,HEAL,81.818,0.600166,1.8224
"('TANK', 'TANK', 'OFFENSIVE_ADV', 'FULL', 'SAFE', 'FIELD_OURS_OFF', 'FASTER', 'MEC_USED', 'CLEAN', 'CLEAN', 'NEUTRAL', 'NEUTRAL', 'CLEAR', 'CLEAR', 'OPENING', 'BANCO_OFF')",22,7,9,77.778,SWITCH_OFFENSIVE,27.273,1.877111,6.5346
"('TANK', 'SWEEPER', 'NEUTRAL', 'FULL', 'FULL', 'NORMAL', 'SLOWER', 'MEC_AVAIL', 'CLEAN', 'CLEAN', 'NEUTRAL', 'NEUTRAL', 'CLEAR', 'CLEAR', 'OPENING', 'BANCO_OFF')",22,11,18,61.111,HEAL,18.182,2.263530,9.6170
"('TANK', 'TANK', 'NEUTRAL', 'FULL', 'SAFE', 'FIELD_THEIRS', 'FASTER', 'MEC_USED', 'CLEAN', 'CLEAN', 'NEUTRAL', 'NEUTRAL', 'CLEAR', 'CLEAR', 'OPENING', 'BANCO_OFF')",22,9,10,90.000,SWITCH_DEFENSIVE,27.273,2.011476,7.4743
"('TANK', 'TANK', 'NEUTRAL', 'SAFE', 'FULL', 'NORMAL', 'SLOWER', 'MEC_USED', 'CLEAN', 'CLEAN', 'NEUTRAL', 'NEUTRAL', 'CLEAR', 'CLEAR', 'BRAWL', 'BANCO_VAZIO')",22,10,12,83.333,HEAL,40.909,1.892556,6.6363
"('SWEEPER', 'SWEEPER', 'NEUTRAL', 'FULL', 'FULL', 'NORMAL', 'FASTER', 'MEC_USED', 'CLEAN', 'CLEAN', 'NEUTRAL', 'DEBUFF', 'CLEAR', 'CLEAR', 'OPENING', 'BANCO_OFF')",22,6,6,100.000,SWITCH_OFFENSIVE,31.818,1.641230,5.1615
"('TANK', 'TANK', 'CRITICAL_DIS', 'SAFE', 'FULL', 'NORMAL', 'FASTER', 'MEC_USED', 'CLEAN', 'CLEAN', 'NEUTRAL', 'NEUTRAL', 'CLEAR', 'CLEAR', 'OPENING', 'BANCO_AMBOS')",22,4,12,33.333,ATTACK_PIVOT,36.364,1.212940,3.3634
"('TANK', 'TANK', 'CRITICAL_DIS', 'FULL', 'SAFE', 'NORMAL', 'SLOWER', 'MEC_USED', 'CLEAN', 'CLEAN', 'NEUTRAL', 'NEUTRAL', 'CLEAR', 'SET', 'RECOVERING', 'BANCO_VAZIO')",22,9,11,81.818,ATTACK_STRONG,36.364,1.933018,6.9103
"('TANK', 'TANK', 'OFFENSIVE_ADV', 'FULL', 'SAFE', 'NORMAL', 'SLOWER', 'MEC_USED', 'CLEAN', 'CLEAN', 'NEUTRAL', 'NEUTRAL', 'CLEAR', 'CLEAR', 'RECOVERING', 'BANCO_VAZIO')",22,12,13,92.308,ATTACK_STRONG,18.182,2.311098,10.0855
"('TANK', 'TANK', 'OFFENSIVE_DIS', 'FULL', 'SAFE', 'FIELD_SHARED', 'SLOWER', 'MEC_USED', 'CLEAN', 'CLEAN', 'NEUTRAL', 'NEUTRAL', 'CLEAR', 'CLEAR', 'OPENING', 'BANCO_VAZIO')",22,8,12,66.667,ATTACK_PIVOT,27.273,1.909234,6.7479
"('TANK', 'SWEEPER', 'VOLATILE', 'FULL', 'FULL', 'FIELD_THEIRS', 'SLOWER', 'MEC_AVAIL', 'CLEAN', 'CLEAN', 'NEUTRAL', 'NEUTRAL', 'CLEAR', 'CLEAR', 'OPENING', 'BANCO_OFF')",22,8,10,80.000,ATTACK_STRONG,36.364,1.806991,6.0921
"('TANK', 'TANK', 'DEFENSIVE_DIS', 'FULL', 'FULL', 'NORMAL', 'SLOWER', 'MEC_USED', 'CLEAN', 'CLEAN', 'NEUTRAL', 'NEUTRAL', 'CLEAR', 'SET', 'RECOVERING', 'BANCO_VAZIO')",22,12,14,85.714,ATTACK_PIVOT,22.727,2.233453,9.3320
"('TANK', 'SWEEPER', 'DEFENSIVE_DIS', 'SAFE', 'FULL', 'NORMAL', 'SLOWER', 'MEC_USED', 'CLEAN', 'CLEAN', 'NEUTRAL', 'NEUTRAL', 'CLEAR', 'CLEAR', 'OPENING', 'BANCO_OFF')",22,6,13,46.154,SWITCH_OFFENSIVE,40.909,1.373004,3.9472
"('SWEEPER', 'SWEEPER', 'VOLATILE', 'FULL', 'FULL', 'FIELD_OURS_OFF', 'FASTER', 'MEC_USED', 'CLEAN', 'CLEAN', 'DEBUFF', 'NEUTRAL', 'CLEAR', 'CLEAR', 'OPENING', 'BANCO_VAZIO')",22,5,5,100.000,SWITCH_DEFENSIVE,40.909,1.463762,4.3222
"('TANK', 'TANK', 'OFFENSIVE_DIS', 'FULL', 'SAFE', 'NORMAL', 'FASTER', 'MEC_USED', 'AFFLICTED', 'CLEAN', 'NEUTRAL', 'NEUTRAL', 'SET', 'CLEAR', 'BRAWL', 'BANCO_VAZIO')",22,3,3,100.000,CLEAN_HAZARD,90.909,0.367649,1.4443
"('TANK', 'TANK', 'CRITICAL_DIS', 'SAFE', 'SAFE', 'NORMAL', 'FASTER', 'MEC_USED', 'CLEAN', 'CLEAN', 'NEUTRAL', 'NEUTRAL', 'CLEAR', 'SET', 'RECOVERING', 'BANCO_VAZIO')",22,6,10,60.000,ATTACK_PIVOT,72.727,1.011601,2.7500
"('TANK', 'TANK', 'DEFENSIVE_ADV', 'FULL', 'FULL', 'NORMAL', 'SLOWER', 'MEC_USED', 'CLEAN', 'AFFLICTED', 'NEUTRAL', 'DEBUFF', 'CLEAR', 'CLEAR', 'RECOVERING', 'BANCO_VAZIO')",22,3,5,60.000,STAT_CLEAN,59.091,0.819230,2.2688
"('TANK', 'TANK', 'OFFENSIVE_ADV', 'FULL', 'SAFE', 'NORMAL', 'FASTER', 'MEC_USED', 'AFFLICTED', 'CLEAN', 'NEUTRAL', 'NEUTRAL', 'CLEAR', 'CLEAR', 'CLUTCH', 'BANCO_VAZIO')",21,5,8,62.500,ATTACK_PREDICTIVE,47.619,1.233403,3.4329
"('TANK', 'TANK', 'CRITICAL_DIS', 'SAFE', 'SAFE', 'NORMAL', 'SLOWER', 'MEC_USED', 'CLEAN', 'CLEAN', 'NEUTRAL', 'NEUTRAL', 'CLEAR', 'SET', 'RECOVERING', 'BANCO_VAZIO')",21,11,12,91.667,ATTACK_STRONG,23.810,2.240322,9.3964
"('TANK', 'TANK', 'OFFENSIVE_DIS', 'SAFE', 'SAFE', 'NORMAL', 'FASTER', 'MEC_USED', 'CLEAN', 'CLEAN', 'NEUTRAL', 'NEUTRAL', 'SET', 'SET', 'BRAWL', 'BANCO_OFF')",21,11,14,78.571,HEAL,28.571,2.202521,9.0478
"('TANK', 'TANK', 'NEUTRAL', 'SAFE', 'SAFE', 'NORMAL', 'SLOWER', 'MEC_AVAIL', 'CLEAN', 'CLEAN', 'NEUTRAL', 'NEUTRAL', 'CLEAR', 'CLEAR', 'OPENING', 'BANCO_OFF')",21,8,20,40.000,ATTACK_PREDICTIVE_MEC,47.619,1.659081,5.2545
"('TANK', 'TANK', 'OFFENSIVE_ADV', 'SAFE', 'SAFE', 'NORMAL', 'SLOWER', 'MEC_USED', 'CLEAN', 'CLEAN', 'NEUTRAL', 'NEUTRAL', 'SET', 'SET', 'BRAWL', 'BANCO_OFF')",21,6,12,50.000,HEAL,57.143,1.335603,3.8023
"('TANK', 'TANK', 'DEFENSIVE_DIS', 'SAFE', 'FULL', 'NORMAL', 'FASTER', 'MEC_USED', 'CLEAN', 'CLEAN', 'NEUTRAL', 'NEUTRAL', 'SET', 'SET', 'RECOVERING', 'BANCO_VAZIO')",21,11,13,84.615,ATTACK_STRONG,19.048,2.186340,8.9026
"('TANK', 'SWEEPER', 'OFFENSIVE_ADV', 'SAFE', 'SAFE', 'FIELD_THEIRS', 'SLOWER', 'MEC_USED', 'CLEAN', 'CLEAN', 'NEUTRAL', 'NEUTRAL', 'CLEAR', 'CLEAR', 'OPENING', 'BANCO_OFF')",21,7,12,58.333,HEAL,38.095,1.740423,5.6998
"('SWEEPER', 'SWEEPER', 'NEUTRAL', 'FULL', 'FULL', 'FIELD_SHARED', 'SLOWER', 'MEC_USED', 'CLEAN', 'CLEAN', 'NEUTRAL', 'DEBUFF', 'CLEAR', 'CLEAR', 'OPENING', 'BANCO_OFF')",21,6,7,85.714,SWITCH_DEFENSIVE,33.333,1.594982,4.9282
"('UTILITY', 'TANK', 'DEFENSIVE_ADV', 'FULL', 'FULL', 'NORMAL', 'SLOWER', 'MEC_USED', 'CLEAN', 'CLEAN', 'NEUTRAL', 'NEUTRAL', 'CLEAR', 'CLEAR', 'OPENING', 'BANCO_AMBOS')",21,9,9,100.000,SWITCH_OFFENSIVE,28.571,1.979562,7.2396
"('TANK', 'TANK', 'CRITICAL_DIS', 'FULL', 'FULL', 'FIELD_OURS_OFF', 'SLOWER', 'MEC_USED', 'CLEAN', 'CLEAN', 'NEUTRAL', 'NEUTRAL', 'CLEAR', 'CLEAR', 'OPENING', 'BANCO_OFF')",21,7,7,100.000,ATTACK_PREDICTIVE,33.333,1.629487,5.1013
"('TANK', 'TANK', 'NEUTRAL', 'SAFE', 'DANGER', 'NORMAL', 'FASTER', 'MEC_USED', 'AFFLICTED', 'CLEAN', 'NEUTRAL', 'NEUTRAL', 'CLEAR', 'SET', 'RECOVERING', 'BANCO_VAZIO')",21,7,9,77.778,STATUS,28.571,1.690590,5.4227
"('TANK', 'TANK', 'CRITICAL_DIS', 'SAFE', 'FULL', 'NORMAL', 'SLOWER', 'MEC_USED', 'CLEAN', 'CLEAN', 'NEUTRAL', 'NEUTRAL', 'SET', 'SET', 'RECOVERING', 'BANCO_VAZIO')",21,9,12,75.000,PROTECT,38.095,1.872451,6.5042
"('TANK', 'UTILITY', 'VOLATILE', 'FULL', 'FULL', 'FIELD_OURS_DEF', 'SLOWER', 'MEC_USED', 'CLEAN', 'CLEAN', 'NEUTRAL', 'NEUTRAL', 'CLEAR', 'CLEAR', 'OPENING', 'BANCO_OFF')",21,6,6,100.000,SWITCH_DEFENSIVE,42.857,1.496697,4.4669
"('TANK', 'TANK', 'NEUTRAL', 'SAFE', 'SAFE', 'NORMAL', 'SLOWER', 'MEC_USED', 'CLEAN', 'CLEAN', 'NEUTRAL', 'NEUTRAL', 'SET', 'SET', 'OPENING', 'BANCO_AMBOS')",21,8,14,57.143,ATTACK_PREDICTIVE,23.810,1.882039,6.5669
"('TANK', 'TANK', 'OFFENSIVE_ADV', 'FULL', 'FULL', 'FIELD_SHARED', 'FASTER', 'MEC_USED', 'CLEAN', 'CLEAN', 'NEUTRAL', 'NEUTRAL', 'SET', 'CLEAR', 'OPENING', 'BANCO_AMBOS')",21,9,11,81.818,ATTACK_PREDICTIVE,23.810,2.042280,7.7082
"('TANK', 'TANK', 'DEFENSIVE_DIS', 'DANGER', 'FULL', 'FIELD_THEIRS', 'FASTER', 'MEC_USED', 'CLEAN', 'CLEAN', 'NEUTRAL', 'NEUTRAL', 'CLEAR', 'CLEAR', 'OPENING', 'BANCO_OFF')",21,5,11,45.455,SWITCH_DEFENSIVE,57.143,1.112645,3.0424
"('TANK', 'TANK', 'NEUTRAL', 'CRIT', 'FULL', 'NORMAL', 'FASTER', 'MEC_USED', 'CLEAN', 'CLEAN', 'NEUTRAL', 'NEUTRAL', 'SET', 'SET', 'CLUTCH', 'BANCO_VAZIO')",21,11,11,100.000,ATTACK_STRONG,19.048,2.268535,9.6652
"('TANK', 'TANK', 'NEUTRAL', 'FULL', 'SAFE', 'NORMAL', 'FASTER', 'MEC_USED', 'CLEAN', 'CLEAN', 'NEUTRAL', 'NEUTRAL', 'CLEAR', 'SET', 'OPENING', 'BANCO_VAZIO')",21,8,15,53.333,STATUS,23.810,1.935169,6.9252
"('TANK', 'TANK', 'NEUTRAL', 'FULL', 'FULL', 'NORMAL', 'SLOWER', 'MEC_USED', 'CLEAN', 'AFFLICTED', 'NEUTRAL', 'NEUTRAL', 'CLEAR', 'CLEAR', 'OPENING', 'BANCO_VAZIO')",21,7,11,63.636,ATTACK_STRONG,28.571,1.728391,5.6316
"('TANK', 'TANK', 'NEUTRAL', 'SAFE', 'SAFE', 'NORMAL', 'FASTER', 'MEC_USED', 'CLEAN', 'CLEAN', 'NEUTRAL', 'NEUTRAL', 'CLEAR', 'SET', 'BRAWL', 'BANCO_VAZIO')",21,4,13,30.769,ATTACK_STRONG,52.381,0.996314,2.7083
"('TANK', 'TANK', 'VOLATILE', 'SAFE', 'FULL', 'NORMAL', 'FASTER', 'MEC_USED', 'CLEAN', 'CLEAN', 'NEUTRAL', 'NEUTRAL', 'CLEAR', 'SET', 'OPENING', 'BANCO_OFF')",21,7,11,63.636,ATTACK_PREDICTIVE,33.333,1.776843,5.9112
"('TANK', 'SWEEPER', 'NEUTRAL', 'DANGER', 'FULL', 'NORMAL', 'SLOWER', 'MEC_USED', 'CLEAN', 'CLEAN', 'NEUTRAL', 'NEUTRAL', 'CLEAR', 'CLEAR', 'OPENING', 'BANCO_OFF')",21,13,13,100.000,HEAL,19.048,2.425480,11.3077
"('TANK', 'SWEEPER', 'OFFENSIVE_ADV', 'DANGER', 'FULL', 'NORMAL', 'SLOWER', 'MEC_USED', 'CLEAN', 'CLEAN', 'NEUTRAL', 'NEUTRAL', 'CLEAR', 'CLEAR', 'OPENING', 'BANCO_OFF')",21,11,11,100.000,ATTACK_STRONG,19.048,2.243619,9.4274
"('SWEEPER', 'TANK', 'OFFENSIVE_ADV', 'FULL', 'SAFE', 'NORMAL', 'FASTER', 'MEC_USED', 'CLEAN', 'CLEAN', 'NEUTRAL', 'DEBUFF', 'SET', 'CLEAR', 'OPENING', 'BANCO_OFF')",21,7,8,87.500,SWITCH_DEFENSIVE,33.333,1.751926,5.7657
"('TANK', 'TANK', 'DEFENSIVE_DIS', 'DANGER', 'FULL', 'NORMAL', 'SLOWER', 'MEC_USED', 'CLEAN', 'AFFLICTED', 'NEUTRAL', 'NEUTRAL', 'SET', 'SET', 'CLUTCH', 'BANCO_VAZIO')",21,7,9,77.778,ATTACK_STRONG,23.810,1.762896,5.8293
"('TANK', 'TANK', 'NEUTRAL', 'SAFE', 'FULL', 'FIELD_SHARED', 'FASTER', 'MEC_AVAIL', 'CLEAN', 'CLEAN', 'NEUTRAL', 'NEUTRAL', 'CLEAR', 'CLEAR', 'OPENING', 'BANCO_OFF')",21,9,16,56.250,BUFF,23.810,2.001183,7.3978
"('TANK', 'TANK', 'NEUTRAL', 'SAFE', 'SAFE', 'NORMAL', 'FASTER', 'MEC_USED', 'CLEAN', 'CLEAN', 'NEUTRAL', 'NEUTRAL', 'SET', 'CLEAR', 'BRAWL', 'BANCO_OFF')",21,9,13,69.231,ATTACK_TECH,19.048,2.029396,7.6095
"('TANK', 'TANK', 'NEUTRAL', 'DANGER', 'FULL', 'NORMAL', 'SLOWER', 'MEC_USED', 'CLEAN', 'CLEAN', 'NEUTRAL', 'NEUTRAL', 'CLEAR', 'CLEAR', 'OPENING', 'BANCO_VAZIO')",21,8,12,66.667,HEAL,47.619,1.683997,5.3870
"('TANK', 'TANK', 'DEFENSIVE_ADV', 'SAFE', 'FULL', 'NORMAL', 'SLOWER', 'MEC_USED', 'CLEAN', 'CLEAN', 'NEUTRAL', 'NEUTRAL', 'CLEAR', 'CLEAR', 'OPENING', 'BANCO_OFF')",21,8,11,72.727,ATTACK_PIVOT,42.857,1.653641,5.2260
"('UTILITY', 'TANK', 'CRITICAL_DIS', 'FULL', 'FULL', 'FIELD_THEIRS', 'FASTER', 'MEC_USED', 'CLEAN', 'CLEAN', 'NEUTRAL', 'NEUTRAL', 'CLEAR', 'CLEAR', 'OPENING', 'BANCO_AMBOS')",21,7,8,87.500,BUFF,57.143,1.426534,4.1642
"('TANK', 'TANK', 'OFFENSIVE_DIS', 'SAFE', 'SAFE', 'NORMAL', 'FASTER', 'MEC_USED', 'AFFLICTED', 'CLEAN', 'NEUTRAL', 'NEUTRAL', 'CLEAR', 'CLEAR', 'RECOVERING', 'BANCO_VAZIO')",21,5,8,62.500,ATTACK_PIVOT,57.143,1.175362,3.2393
"('TANK', 'TANK', 'DEFENSIVE_DIS', 'FULL', 'SAFE', 'FIELD_THEIRS', 'FASTER', 'MEC_USED', 'CLEAN', 'CLEAN', 'NEUTRAL', 'NEUTRAL', 'CLEAR', 'CLEAR', 'OPENING', 'BANCO_AMBOS')",21,8,12,66.667,ATTACK_PIVOT,19.048,2.004479,7.4222
"('TANK', 'SWEEPER', 'NEUTRAL', 'FULL', 'FULL', 'NORMAL', 'SLOWER', 'MEC_USED', 'CLEAN', 'CLEAN', 'NEUTRAL', 'NEUTRAL', 'CLEAR', 'CLEAR', 'BRAWL', 'BANCO_OFF')",21,7,12,58.333,ATTACK_STRONG,57.143,1.360520,3.8982
"('TANK', 'TANK', 'DEFENSIVE_ADV', 'FULL', 'FULL', 'FIELD_THEIRS', 'SLOWER', 'MEC_USED', 'CLEAN', 'CLEAN', 'NEUTRAL', 'NEUTRAL', 'CLEAR', 'CLEAR', 'OPENING', 'BANCO_OFF')",21,8,11,72.727,ATTACK_PIVOT,28.571,1.888632,6.6103
"('TANK', 'TANK', 'NEUTRAL', 'FULL', 'SAFE', 'NORMAL', 'SLOWER', 'MEC_USED', 'CLEAN', 'AFFLICTED', 'NEUTRAL', 'DEBUFF', 'CLEAR', 'CLEAR', 'RECOVERING', 'BANCO_VAZIO')",21,2,7,28.571,SWITCH_OFFENSIVE,95.238,0.191444,1.2110
"('TANK', 'TANK', 'OFFENSIVE_ADV', 'SAFE', 'SAFE', 'NORMAL', 'SLOWER', 'MEC_USED', 'CLEAN', 'CLEAN', 'NEUTRAL', 'NEUTRAL', 'CLEAR', 'CLEAR', 'BRAWL', 'BANCO_OFF')",21,6,11,54.545,HEAL,52.381,1.276551,3.5843
"('TANK', 'TANK', 'OFFENSIVE_ADV', 'SAFE', 'FULL', 'FIELD_OURS_OFF', 'FASTER', 'MEC_USED', 'CLEAN', 'CLEAN', 'NEUTRAL', 'NEUTRAL', 'CLEAR', 'CLEAR', 'OPENING', 'BANCO_AMBOS')",21,6,10,60.000,HEAL,42.857,1.496697,4.4669
"('TANK', 'TANK', 'NEUTRAL', 'FULL', 'CRIT', 'NORMAL', 'SLOWER', 'MEC_USED', 'CLEAN', 'CLEAN', 'NEUTRAL', 'NEUTRAL', 'CLEAR', 'CLEAR', 'OPENING', 'BANCO_VAZIO')",21,8,12,66.667,STATUS,28.571,1.860419,6.4264
"('TANK', 'TANK', 'NEUTRAL', 'FULL', 'FULL', 'NORMAL', 'SLOWER', 'MEC_USED', 'AFFLICTED', 'AFFLICTED', 'BUFFED', 'DEBUFF', 'CLEAR', 'SET', 'CLUTCH', 'BANCO_VAZIO')",21,3,4,75.000,BUFF,66.667,0.864150,2.3730
"('TANK', 'TANK', 'STALEMATE', 'FULL', 'FULL', 'NORMAL', 'FASTER', 'MEC_USED', 'CLEAN', 'CLEAN', 'NEUTRAL', 'NEUTRAL', 'CLEAR', 'CLEAR', 'CLUTCH', 'BANCO_VAZIO')",21,3,7,42.857,ATTACK_TECH,57.143,0.909925,2.4841
"('TANK', 'TANK', 'DEFENSIVE_ADV', 'FULL', 'FULL', 'NORMAL', 'SLOWER', 'MEC_USED', 'CLEAN', 'AFFLICTED', 'NEUTRAL', 'NEUTRAL', 'SET', 'SET', 'RECOVERING', 'BANCO_VAZIO')",21,3,3,100.000,STAT_CLEAN,61.905,0.878751,2.4079
"('TANK', 'TANK', 'NEUTRAL', 'FULL', 'CRIT', 'NORMAL', 'SLOWER', 'MEC_USED', 'CLEAN', 'AFFLICTED', 'NEUTRAL', 'DEBUFF', 'CLEAR', 'CLEAR', 'CLUTCH', 'BANCO_VAZIO')",20,3,8,37.500,HEAL,65.000,0.886464,2.4265
"('TANK', 'TANK', 'OFFENSIVE_ADV', 'FULL', 'SAFE', 'NORMAL', 'FASTER', 'MEC_USED', 'AFFLICTED', 'CLEAN', 'NEUTRAL', 'BUFFED', 'CLEAR', 'CLEAR', 'CLUTCH', 'BANCO_VAZIO')",20,3,3,100.000,ATTACK_PIVOT,75.000,0.687436,1.9886
"('TANK', 'TANK', 'DEFENSIVE_DIS', 'SAFE', 'DANGER', 'NORMAL', 'SLOWER', 'MEC_USED', 'CLEAN', 'CLEAN', 'NEUTRAL', 'NEUTRAL', 'SET', 'SET', 'RECOVERING', 'BANCO_VAZIO')",20,8,14,57.143,HEAL,25.000,1.900226,6.6874
"('TANK', 'TANK', 'OFFENSIVE_ADV', 'FULL', 'SAFE', 'FIELD_SHARED', 'FASTER', 'MEC_USED', 'CLEAN', 'CLEAN', 'NEUTRAL', 'NEUTRAL', 'SET', 'CLEAR', 'OPENING', 'BANCO_OFF')",20,10,11,90.909,BUFF,20.000,2.180946,8.8547
"('TANK', 'TANK', 'DEFENSIVE_ADV', 'FULL', 'FULL', 'NORMAL', 'FASTER', 'MEC_USED', 'CLEAN', 'CLEAN', 'NEUTRAL', 'NEUTRAL', 'CLEAR', 'CLEAR', 'OPENING', 'BANCO_DEF')",20,8,8,100.000,ATTACK_PREDICTIVE,30.000,1.877524,6.5373
"('TANK', 'UTILITY', 'VOLATILE', 'FULL', 'FULL', 'FIELD_OURS_OFF', 'FASTER', 'MEC_USED', 'CLEAN', 'CLEAN', 'NEUTRAL', 'NEUTRAL', 'CLEAR', 'CLEAR', 'OPENING', 'BANCO_OFF')",20,6,6,100.000,SWITCH_OFFENSIVE,35.000,1.499877,4.4811
"('TANK', 'TANK', 'OFFENSIVE_DIS', 'FULL', 'FULL', 'FIELD_SHARED', 'FASTER', 'MEC_USED', 'CLEAN', 'CLEAN', 'NEUTRAL', 'NEUTRAL', 'CLEAR', 'CLEAR', 'OPENING', 'BANCO_DEF')",20,7,11,63.636,ATTACK_STRONG,25.000,1.804748,6.0784
"('TANK', 'TANK', 'NEUTRAL', 'SAFE', 'SAFE', 'NORMAL', 'SLOWER', 'MEC_USED', 'CLEAN', 'CLEAN', 'NEUTRAL', 'NEUTRAL', 'SET', 'CLEAR', 'BRAWL', 'BANCO_VAZIO')",20,7,13,53.846,HEAL,45.000,1.591093,4.9091
"('TANK', 'TANK', 'OFFENSIVE_ADV', 'FULL', 'FULL', 'FIELD_OURS_DEF', 'FASTER', 'MEC_USED', 'CLEAN', 'CLEAN', 'NEUTRAL', 'NEUTRAL', 'CLEAR', 'CLEAR', 'OPENING', 'BANCO_AMBOS')",20,6,8,75.000,SWITCH_OFFENSIVE,40.000,1.487798,4.4273
"('TANK', 'UTILITY', 'OFFENSIVE_DIS', 'SAFE', 'FULL', 'NORMAL', 'SLOWER', 'MEC_USED', 'CLEAN', 'CLEAN', 'NEUTRAL', 'NEUTRAL', 'CLEAR', 'CLEAR', 'OPENING', 'BANCO_OFF')",20,11,13,84.615,ATTACK_PIVOT,25.000,2.194474,8.9753
"('SWEEPER', 'TANK', 'NEUTRAL', 'FULL', 'FULL', 'NORMAL', 'FASTER', 'MEC_USED', 'CLEAN', 'CLEAN', 'NEUTRAL', 'NEUTRAL', 'SET', 'CLEAR', 'OPENING', 'BANCO_AMBOS')",20,6,10,60.000,ATTACK_STRONG,65.000,1.189886,3.2867
"('SWEEPER', 'TANK', 'NEUTRAL', 'DANGER', 'FULL', 'NORMAL', 'FASTER', 'MEC_USED', 'CLEAN', 'CLEAN', 'NEUTRAL', 'NEUTRAL', 'CLEAR', 'CLEAR', 'OPENING', 'BANCO_OFF')",20,7,10,70.000,ATTACK_PREDICTIVE,30.000,1.709271,5.5249
"('TANK', 'TANK', 'CRITICAL_DIS', 'SAFE', 'FULL', 'NORMAL', 'SLOWER', 'MEC_USED', 'CLEAN', 'CLEAN', 'NEUTRAL', 'NEUTRAL', 'SET', 'CLEAR', 'OPENING', 'BANCO_AMBOS')",20,9,14,64.286,ATTACK_STRONG,35.000,1.915765,6.7921
"('UTILITY', 'SWEEPER', 'OFFENSIVE_ADV', 'FULL', 'FULL', 'NORMAL', 'SLOWER', 'MEC_USED', 'CLEAN', 'CLEAN', 'NEUTRAL', 'NEUTRAL', 'CLEAR', 'CLEAR', 'OPENING', 'BANCO_OFF')",20,9,9,100.000,ATTACK_STRONG,20.000,2.042316,7.7084
"('TANK', 'TANK', 'NEUTRAL', 'SAFE', 'FULL', 'NORMAL', 'FASTER', 'MEC_USED', 'AFFLICTED', 'CLEAN', 'NEUTRAL', 'NEUTRAL', 'SET', 'SET', 'CLUTCH', 'BANCO_VAZIO')",20,7,9,77.778,SWITCH_DEFENSIVE,40.000,1.678753,5.3589
"('UTILITY', 'TANK', 'OFFENSIVE_DIS', 'FULL', 'FULL', 'NORMAL', 'SLOWER', 'MEC_USED', 'CLEAN', 'CLEAN', 'NEUTRAL', 'NEUTRAL', 'CLEAR', 'CLEAR', 'OPENING', 'BANCO_VAZIO')",20,6,7,85.714,ATTACK_STRONG,40.000,1.540123,4.6652
"('TANK', 'TANK', 'OFFENSIVE_ADV', 'FULL', 'FULL', 'NORMAL', 'SLOWER', 'MEC_AVAIL', 'CLEAN', 'CLEAN', 'NEUTRAL', 'DEBUFF', 'CLEAR', 'CLEAR', 'OPENING', 'BANCO_OFF')",20,8,10,80.000,ATTACK_STRONG,20.000,1.973001,7.1922
"('SWEEPER', 'TANK', 'DOMINANT', 'FULL', 'SAFE', 'NORMAL', 'FASTER', 'MEC_USED', 'CLEAN', 'CLEAN', 'NEUTRAL', 'NEUTRAL', 'CLEAR', 'CLEAR', 'OPENING', 'BANCO_AMBOS')",20,4,7,57.143,ATTACK_TECH,45.000,1.187283,3.2782
"('SWEEPER', 'TANK', 'OFFENSIVE_ADV', 'FULL', 'CRIT', 'NORMAL', 'FASTER', 'MEC_USED', 'CLEAN', 'CLEAN', 'NEUTRAL', 'DEBUFF', 'CLEAR', 'CLEAR', 'OPENING', 'BANCO_OFF')",20,5,7,71.429,ATTACK_PIVOT,40.000,1.318095,3.7363
"('TANK', 'TANK', 'NEUTRAL', 'DANGER', 'FULL', 'NORMAL', 'SLOWER', 'MEC_USED', 'CLEAN', 'CLEAN', 'NEUTRAL', 'NEUTRAL', 'SET', 'SET', 'RECOVERING', 'BANCO_VAZIO')",20,9,11,81.818,ATTACK_PIVOT,25.000,2.012693,7.4834
"('TANK', 'TANK', 'OFFENSIVE_ADV', 'DANGER', 'SAFE', 'FIELD_THEIRS', 'FASTER', 'MEC_USED', 'CLEAN', 'CLEAN', 'NEUTRAL', 'NEUTRAL', 'CLEAR', 'CLEAR', 'OPENING', 'BANCO_OFF')",20,7,10,70.000,ATTACK_PREDICTIVE,40.000,1.678753,5.3589
"('TANK', 'TANK', 'CRITICAL_DIS', 'SAFE', 'SAFE', 'NORMAL', 'SLOWER', 'MEC_USED', 'CLEAN', 'CLEAN', 'NEUTRAL', 'NEUTRAL', 'CLEAR', 'CLEAR', 'OPENING', 'BANCO_OFF')",20,4,13,30.769,SWITCH_DEFENSIVE,70.000,0.871133,2.3896
"('TANK', 'SWEEPER', 'DEFENSIVE_DIS', 'FULL', 'FULL', 'NORMAL', 'SLOWER', 'MEC_AVAIL', 'CLEAN', 'CLEAN', 'DEBUFF', 'NEUTRAL', 'CLEAR', 'CLEAR', 'OPENING', 'BANCO_OFF')",20,10,14,71.429,SWITCH_DEFENSIVE,20.000,2.180946,8.8547
"('TANK', 'TANK', 'DEFENSIVE_ADV', 'FULL', 'FULL', 'NORMAL', 'FASTER', 'MEC_USED', 'CLEAN', 'CLEAN', 'NEUTRAL', 'NEUTRAL', 'CLEAR', 'CLEAR', 'OPENING', 'BANCO_VAZIO')",20,11,11,100.000,HAZARD,30.000,2.180946,8.8547
"('TANK', 'TANK', 'DEFENSIVE_ADV', 'FULL', 'FULL', 'FIELD_THEIRS', 'FASTER', 'MEC_USED', 'CLEAN', 'CLEAN', 'NEUTRAL', 'NEUTRAL', 'CLEAR', 'CLEAR', 'OPENING', 'BANCO_AMBOS')",20,9,12,75.000,ATTACK_PREDICTIVE,25.000,2.038855,7.6818
"('TANK', 'TANK', 'NEUTRAL', 'SAFE', 'SAFE', 'FIELD_SHARED', 'FASTER', 'MEC_AVAIL', 'CLEAN', 'CLEAN', 'NEUTRAL', 'NEUTRAL', 'CLEAR', 'CLEAR', 'OPENING', 'BANCO_AMBOS')",20,9,14,64.286,ATTACK_PREDICTIVE,20.000,2.042316,7.7084
"('TANK', 'TANK', 'DEFENSIVE_DIS', 'SAFE', 'SAFE', 'NORMAL', 'FASTER', 'MEC_USED', 'CLEAN', 'CLEAN', 'NEUTRAL', 'NEUTRAL', 'SET', 'CLEAR', 'OPENING', 'BANCO_OFF')",20,9,10,90.000,ATTACK_STRONG,15.000,2.128621,8.4033
"('TANK', 'TANK', 'OFFENSIVE_ADV', 'FULL', 'FULL', 'FIELD_OURS_OFF', 'FASTER', 'MEC_USED', 'CLEAN', 'CLEAN', 'NEUTRAL', 'NEUTRAL', 'SET', 'CLEAR', 'OPENING', 'BANCO_OFF')",20,8,10,80.000,BUFF,35.000,1.803298,6.0696
"('UTILITY', 'SWEEPER', 'OFFENSIVE_ADV', 'SAFE', 'FULL', 'FIELD_OURS_OFF', 'FASTER', 'MEC_USED', 'CLEAN', 'CLEAN', 'NEUTRAL', 'NEUTRAL', 'CLEAR', 'CLEAR', 'OPENING', 'BANCO_OFF')",20,3,9,33.333,ATTACK_STRONG,70.000,0.746033,2.1086
"('TANK', 'TANK', 'DEFENSIVE_DIS', 'SAFE', 'FULL', 'NORMAL', 'FASTER', 'MEC_AVAIL', 'CLEAN', 'CLEAN', 'NEUTRAL', 'NEUTRAL', 'CLEAR', 'CLEAR', 'OPENING', 'BANCO_AMBOS')",20,13,16,81.250,ATTACK_PREDICTIVE,15.000,2.432042,11.3821
"('TANK', 'TANK', 'DEFENSIVE_ADV', 'SAFE', 'SAFE', 'FIELD_SHARED', 'SLOWER', 'MEC_USED', 'CLEAN', 'CLEAN', 'NEUTRAL', 'NEUTRAL', 'CLEAR', 'CLEAR', 'OPENING', 'BANCO_OFF')",20,7,10,70.000,STATUS,60.000,1.366159,3.9203
"('TANK', 'SWEEPER', 'DEFENSIVE_DIS', 'FULL', 'FULL', 'FIELD_OURS_OFF', 'SLOWER', 'MEC_USED', 'CLEAN', 'CLEAN', 'NEUTRAL', 'NEUTRAL', 'CLEAR', 'CLEAR', 'OPENING', 'BANCO_AMBOS')",20,6,7,85.714,ATTACK_PREDICTIVE,45.000,1.439830,4.2200
"('TANK', 'TANK', 'OFFENSIVE_DIS', 'FULL', 'FULL', 'NORMAL', 'SLOWER', 'MEC_USED', 'CLEAN', 'CLEAN', 'NEUTRAL', 'NEUTRAL', 'CLEAR', 'CLEAR', 'BRAWL', 'BANCO_OFF')",20,9,10,90.000,STATUS,25.000,2.012693,7.4834
"('TANK', 'TANK', 'VOLATILE', 'FULL', 'SAFE', 'NORMAL', 'SLOWER', 'MEC_USED', 'CLEAN', 'CLEAN', 'NEUTRAL', 'NEUTRAL', 'CLEAR', 'CLEAR', 'OPENING', 'BANCO_OFF')",20,7,12,58.333,ATTACK_TECH,40.000,1.482887,4.4056
"('TANK', 'TANK', 'OFFENSIVE_DIS', 'SAFE', 'FULL', 'FIELD_SHARED', 'FASTER', 'MEC_USED', 'CLEAN', 'CLEAN', 'NEUTRAL', 'NEUTRAL', 'CLEAR', 'CLEAR', 'OPENING', 'BANCO_OFF')",20,6,13,46.154,HEAL,65.000,1.189886,3.2867
"('TANK', 'TANK', 'OFFENSIVE_DIS', 'FULL', 'FULL', 'NORMAL', 'SLOWER', 'MEC_USED', 'CLEAN', 'CLEAN', 'NEUTRAL', 'NEUTRAL', 'SET', 'SET', 'OPENING', 'BANCO_OFF')",20,11,14,78.571,ATTACK_PREDICTIVE,15.000,2.319575,10.1714
"('TANK', 'TANK', 'VOLATILE', 'SAFE', 'SAFE', 'NORMAL', 'FASTER', 'MEC_USED', 'CLEAN', 'CLEAN', 'NEUTRAL', 'NEUTRAL', 'SET', 'CLEAR', 'BRAWL', 'BANCO_OFF')",20,7,9,77.778,HEAL,40.000,1.695743,5.4507
"('TANK', 'TANK', 'OFFENSIVE_ADV', 'SAFE', 'CRIT', 'NORMAL', 'FASTER', 'MEC_USED', 'CLEAN', 'CLEAN', 'NEUTRAL', 'NEUTRAL', 'CLEAR', 'CLEAR', 'OPENING', 'BANCO_OFF')",20,4,8,50.000,ATTACK_PREDICTIVE,55.000,1.165524,3.2076
"('TANK', 'UTILITY', 'OFFENSIVE_ADV', 'SAFE', 'FULL', 'FIELD_SHARED', 'SLOWER', 'MEC_USED', 'CLEAN', 'CLEAN', 'NEUTRAL', 'NEUTRAL', 'CLEAR', 'CLEAR', 'OPENING', 'BANCO_OFF')",20,10,11,90.909,HEAL,20.000,2.154783,8.6260
"('TANK', 'TANK', 'OFFENSIVE_DIS', 'SAFE', 'FULL', 'NORMAL', 'SLOWER', 'MEC_USED', 'AFFLICTED', 'AFFLICTED', 'NEUTRAL', 'NEUTRAL', 'CLEAR', 'CLEAR', 'CLUTCH', 'BANCO_VAZIO')",20,7,8,87.500,ATTACK_STRONG,45.000,1.634245,5.1256
"('TANK', 'TANK', 'OFFENSIVE_ADV', 'FULL', 'FULL', 'NORMAL', 'SLOWER', 'MEC_USED', 'CLEAN', 'CLEAN', 'NEUTRAL', 'NEUTRAL', 'SET', 'CLEAR', 'BRAWL', 'BANCO_OFF')",20,7,12,58.333,ATTACK_TECH,20.000,1.877524,6.5373
"('TANK', 'TANK', 'DOMINANT', 'FULL', 'FULL', 'FIELD_OURS_DEF', 'FASTER', 'MEC_AVAIL', 'CLEAN', 'CLEAN', 'NEUTRAL', 'NEUTRAL', 'CLEAR', 'CLEAR', 'OPENING', 'BANCO_AMBOS')",20,1,10,10.000,ATTACK_STRONG_MEC,100.000,-0.000000,1.0000
"('TANK', 'TANK', 'NEUTRAL', 'SAFE', 'FULL', 'NORMAL', 'SLOWER', 'MEC_USED', 'CLEAN', 'CLEAN', 'NEUTRAL', 'NEUTRAL', 'CLEAR', 'SET', 'OPENING', 'BANCO_AMBOS')",20,6,10,60.000,HEAL,25.000,1.709271,5.5249
"('TANK', 'TANK', 'OFFENSIVE_DIS', 'FULL', 'DANGER', 'NORMAL', 'SLOWER', 'MEC_USED', 'CLEAN', 'CLEAN', 'NEUTRAL', 'NEUTRAL', 'CLEAR', 'SET', 'RECOVERING', 'BANCO_VAZIO')",20,6,8,75.000,ATTACK_TECH,70.000,1.079077,2.9420
"('TANK', 'TANK', 'NEUTRAL', 'FULL', 'SAFE', 'NORMAL', 'FASTER', 'MEC_AVAIL', 'CLEAN', 'CLEAN', 'NEUTRAL', 'NEUTRAL', 'SET', 'CLEAR', 'OPENING', 'BANCO_OFF')",20,6,14,42.857,CLEAN_HAZARD,60.000,1.227529,3.4128
"('TANK', 'TANK', 'NEUTRAL', 'SAFE', 'SAFE', 'NORMAL', 'SLOWER', 'MEC_USED', 'CLEAN', 'CLEAN', 'BUFFED', 'NEUTRAL', 'CLEAR', 'CLEAR', 'OPENING', 'BANCO_OFF')",20,5,10,50.000,BUFF,55.000,1.205216,3.3375
"('TANK', 'TANK', 'OFFENSIVE_DIS', 'FULL', 'FULL', 'NORMAL', 'FASTER', 'MEC_USED', 'AFFLICTED', 'CLEAN', 'NEUTRAL', 'BUFFED', 'SET', 'CLEAR', 'CLUTCH', 'BANCO_VAZIO')",20,2,3,66.667,STATUS,95.000,0.198515,1.2196
"('TANK', 'TANK', 'DEFENSIVE_DIS', 'FULL', 'SAFE', 'NORMAL', 'FASTER', 'MEC_USED', 'AFFLICTED', 'AFFLICTED', 'DEBUFF', 'DEBUFF', 'SET', 'SET', 'CLUTCH', 'BANCO_VAZIO')",19,2,2,100.000,STATUS,89.474,0.336496,1.4000
"('TANK', 'TANK', 'DEFENSIVE_ADV', 'FULL', 'SAFE', 'NORMAL', 'SLOWER', 'MEC_USED', 'CLEAN', 'AFFLICTED', 'NEUTRAL', 'DEBUFF', 'SET', 'SET', 'CLUTCH', 'BANCO_VAZIO')",19,2,9,22.222,ATTACK_STRONG,94.737,0.206192,1.2290
"('TANK', 'TANK', 'NEUTRAL', 'FULL', 'SAFE', 'NORMAL', 'FASTER', 'MEC_USED', 'AFFLICTED', 'CLEAN', 'NEUTRAL', 'NEUTRAL', 'CLEAR', 'SET', 'CLUTCH', 'BANCO_VAZIO')",19,4,8,50.000,SWITCH_DEFENSIVE,63.158,1.010210,2.7462
"('TANK', 'TANK', 'NEUTRAL', 'CRIT', 'FULL', 'NORMAL', 'SLOWER', 'MEC_USED', 'AFFLICTED', 'CLEAN', 'DEBUFF', 'NEUTRAL', 'SET', 'SET', 'CLUTCH', 'BANCO_VAZIO')",19,8,12,66.667,HAZARD,47.368,1.611797,5.0118
"('TANK', 'TANK', 'DEFENSIVE_ADV', 'FULL', 'SAFE', 'NORMAL', 'SLOWER', 'MEC_USED', 'CLEAN', 'AFFLICTED', 'NEUTRAL', 'NEUTRAL', 'CLEAR', 'CLEAR', 'CLUTCH', 'BANCO_VAZIO')",19,2,7,28.571,CLEAN_HAZARD,57.895,0.680629,1.9751
"('TANK', 'TANK', 'NEUTRAL', 'SAFE', 'FULL', 'NORMAL', 'SLOWER', 'MEC_USED', 'AFFLICTED', 'CLEAN', 'DEBUFF', 'NEUTRAL', 'CLEAR', 'CLEAR', 'RECOVERING', 'BANCO_VAZIO')",19,9,12,75.000,ATTACK_STRONG,15.789,2.104653,8.2043
"('TANK', 'TANK', 'OFFENSIVE_DIS', 'SAFE', 'FULL', 'NORMAL', 'FASTER', 'MEC_USED', 'CLEAN', 'CLEAN', 'NEUTRAL', 'NEUTRAL', 'SET', 'CLEAR', 'CLUTCH', 'BANCO_VAZIO')",19,8,10,80.000,CLEAN_HAZARD,26.316,1.805515,6.0831
"('TANK', 'TANK', 'NEUTRAL', 'FULL', 'FULL', 'NORMAL', 'SLOWER', 'MEC_USED', 'AFFLICTED', 'AFFLICTED', 'DEBUFF', 'NEUTRAL', 'SET', 'SET', 'CLUTCH', 'BANCO_VAZIO')",19,5,7,71.429,HAZARD,63.158,1.128596,3.0913
"('TANK', 'TANK', 'DEFENSIVE_DIS', 'DANGER', 'SAFE', 'FIELD_OURS_OFF', 'SLOWER', 'MEC_USED', 'CLEAN', 'CLEAN', 'NEUTRAL', 'NEUTRAL', 'CLEAR', 'CLEAR', 'OPENING', 'BANCO_OFF')",19,7,9,77.778,ATTACK_STRONG,31.579,1.785262,5.9611
"('TANK', 'TANK', 'NEUTRAL', 'FULL', 'SAFE', 'NORMAL', 'FASTER', 'MEC_AVAIL', 'CLEAN', 'CLEAN', 'NEUTRAL', 'NEUTRAL', 'CLEAR', 'CLEAR', 'OPENING', 'BANCO_AMBOS')",19,9,16,56.250,ATTACK_STRONG_MEC,21.053,2.059229,7.8399
"('TANK', 'TANK', 'NEUTRAL', 'FULL', 'FULL', 'NORMAL', 'FASTER', 'MEC_USED', 'CLEAN', 'CLEAN', 'NEUTRAL', 'NEUTRAL', 'SET', 'CLEAR', 'BRAWL', 'BANCO_VAZIO')",19,9,14,64.286,ATTACK_PIVOT,26.316,2.055586,7.8114
"('TANK', 'SWEEPER', 'NEUTRAL', 'FULL', 'FULL', 'FIELD_SHARED', 'SLOWER', 'MEC_USED', 'CLEAN', 'CLEAN', 'NEUTRAL', 'NEUTRAL', 'CLEAR', 'CLEAR', 'OPENING', 'BANCO_VAZIO')",19,10,10,100.000,DISRUPTION,21.053,2.141848,8.5152
"('TANK', 'TANK', 'OFFENSIVE_DIS', 'SAFE', 'FULL', 'NORMAL', 'SLOWER', 'MEC_USED', 'CLEAN', 'CLEAN', 'NEUTRAL', 'NEUTRAL', 'SET', 'CLEAR', 'OPENING', 'BANCO_VAZIO')",19,10,13,76.923,ATTACK_PREDICTIVE,26.316,2.156088,8.6373
"('SWEEPER', 'SWEEPER', 'VOLATILE', 'FULL', 'FULL', 'NORMAL', 'FASTER', 'MEC_USED', 'CLEAN', 'CLEAN', 'NEUTRAL', 'DEBUFF', 'CLEAR', 'CLEAR', 'OPENING', 'BANCO_AMBOS')",19,3,7,42.857,ATTACK_STRONG,78.947,0.660579,1.9359
"('TANK', 'TANK', 'DEFENSIVE_DIS', 'FULL', 'SAFE', 'NORMAL', 'FASTER', 'MEC_USED', 'CLEAN', 'CLEAN', 'NEUTRAL', 'NEUTRAL', 'CLEAR', 'SET', 'OPENING', 'BANCO_OFF')",19,8,13,61.538,SWITCH_DEFENSIVE,36.842,1.789748,5.9879
"('TANK', 'TANK', 'STALEMATE', 'SAFE', 'FULL', 'NORMAL', 'SLOWER', 'MEC_USED', 'CLEAN', 'CLEAN', 'NEUTRAL', 'NEUTRAL', 'CLEAR', 'CLEAR', 'OPENING', 'BANCO_OFF')",19,4,12,33.333,HEAL,47.368,1.233684,3.4339
"('TANK', 'TANK', 'NEUTRAL', 'FULL', 'DANGER', 'NORMAL', 'SLOWER', 'MEC_USED', 'CLEAN', 'CLEAN', 'NEUTRAL', 'NEUTRAL', 'CLEAR', 'SET', 'RECOVERING', 'BANCO_VAZIO')",19,6,9,66.667,ATTACK_PIVOT,36.842,1.616282,5.0343
"('TANK', 'TANK', 'NEUTRAL', 'SAFE', 'FULL', 'FIELD_THEIRS', 'FASTER', 'MEC_USED', 'CLEAN', 'CLEAN', 'NEUTRAL', 'NEUTRAL', 'CLEAR', 'CLEAR', 'OPENING', 'BANCO_AMBOS')",19,9,9,100.000,ATTACK_PREDICTIVE,21.053,2.041345,7.7010
"('TANK', 'TANK', 'OFFENSIVE_DIS', 'SAFE', 'FULL', 'NORMAL', 'SLOWER', 'MEC_USED', 'AFFLICTED', 'AFFLICTED', 'NEUTRAL', 'NEUTRAL', 'CLEAR', 'CLEAR', 'RECOVERING', 'BANCO_VAZIO')",19,8,9,88.889,HEAL,26.316,1.909660,6.7508
"('UTILITY', 'SWEEPER', 'DEFENSIVE_DIS', 'FULL', 'FULL', 'NORMAL', 'FASTER', 'MEC_USED', 'CLEAN', 'CLEAN', 'DEBUFF', 'NEUTRAL', 'CLEAR', 'CLEAR', 'OPENING', 'BANCO_OFF')",19,6,6,100.000,SWITCH_DEFENSIVE,42.105,1.530605,4.6210
"('SWEEPER', 'TANK', 'OFFENSIVE_ADV', 'SAFE', 'SAFE', 'NORMAL', 'FASTER', 'MEC_USED', 'CLEAN', 'CLEAN', 'NEUTRAL', 'NEUTRAL', 'CLEAR', 'CLEAR', 'OPENING', 'BANCO_OFF')",19,5,6,83.333,ATTACK_TECH,36.842,1.380452,3.9767
"('TANK', 'TANK', 'NEUTRAL', 'SAFE', 'FULL', 'NORMAL', 'SLOWER', 'MEC_USED', 'CLEAN', 'CLEAN', 'NEUTRAL', 'NEUTRAL', 'SET', 'SET', 'BRAWL', 'BANCO_VAZIO')",19,6,14,42.857,ATTACK_TECH,63.158,1.201559,3.3253
"('TANK', 'UTILITY', 'DOMINANT', 'FULL', 'FULL', 'NORMAL', 'SLOWER', 'MEC_AVAIL', 'CLEAN', 'CLEAN', 'NEUTRAL', 'NEUTRAL', 'CLEAR', 'CLEAR', 'OPENING', 'BANCO_OFF')",19,7,12,58.333,ATTACK_PREDICTIVE_MEC,57.895,1.410258,4.0970
"('TANK', 'SWEEPER', 'OFFENSIVE_ADV', 'SAFE', 'FULL', 'NORMAL', 'SLOWER', 'MEC_AVAIL', 'CLEAN', 'CLEAN', 'NEUTRAL', 'NEUTRAL', 'CLEAR', 'CLEAR', 'OPENING', 'BANCO_OFF')",19,10,18,55.556,HEAL,42.105,1.922959,6.8412
"('TANK', 'TANK', 'OFFENSIVE_DIS', 'FULL', 'SAFE', 'NORMAL', 'SLOWER', 'MEC_USED', 'CLEAN', 'CLEAN', 'NEUTRAL', 'NEUTRAL', 'CLEAR', 'SET', 'OPENING', 'BANCO_OFF')",19,5,13,38.462,ATTACK_TECH,52.632,1.294775,3.6502
"('UTILITY', 'TANK', 'OFFENSIVE_ADV', 'FULL', 'FULL', 'NORMAL', 'SLOWER', 'MEC_USED', 'CLEAN', 'CLEAN', 'NEUTRAL', 'NEUTRAL', 'CLEAR', 'CLEAR', 'OPENING', 'BANCO_AMBOS')",19,7,8,87.500,ATTACK_STRONG,26.316,1.864237,6.4510
"('TANK', 'TANK', 'DOMINANT', 'SAFE', 'SAFE', 'NORMAL', 'SLOWER', 'MEC_USED', 'CLEAN', 'CLEAN', 'NEUTRAL', 'NEUTRAL', 'CLEAR', 'CLEAR', 'OPENING', 'BANCO_OFF')",19,10,12,83.333,ATTACK_PIVOT,42.105,1.922959,6.8412
"('TANK', 'TANK', 'DEFENSIVE_DIS', 'FULL', 'FULL', 'NORMAL', 'SLOWER', 'MEC_USED', 'CLEAN', 'CLEAN', 'NEUTRAL', 'NEUTRAL', 'CLEAR', 'SET', 'OPENING', 'BANCO_OFF')",19,4,13,30.769,SWITCH_DEFENSIVE,63.158,0.951488,2.5896
"('TANK', 'TANK', 'OFFENSIVE_ADV', 'DANGER', 'SAFE', 'NORMAL', 'SLOWER', 'MEC_USED', 'CLEAN', 'CLEAN', 'NEUTRAL', 'NEUTRAL', 'CLEAR', 'CLEAR', 'OPENING', 'BANCO_OFF')",19,8,12,66.667,HEAL,36.842,1.835171,6.2662
"('TANK', 'TANK', 'CRITICAL_DIS', 'SAFE', 'FULL', 'FIELD_SHARED', 'FASTER', 'MEC_USED', 'CLEAN', 'CLEAN', 'NEUTRAL', 'NEUTRAL', 'CLEAR', 'CLEAR', 'OPENING', 'BANCO_OFF')",19,10,13,76.923,BARRIER,21.053,2.159732,8.6688
"('TANK', 'SWEEPER', 'OFFENSIVE_DIS', 'FULL', 'FULL', 'FIELD_THEIRS', 'SLOWER', 'MEC_USED', 'CLEAN', 'CLEAN', 'NEUTRAL', 'NEUTRAL', 'CLEAR', 'CLEAR', 'OPENING', 'BANCO_VAZIO')",19,8,9,88.889,SWITCH_OFFENSIVE,31.579,1.867880,6.4746
"('SWEEPER', 'SWEEPER', 'NEUTRAL', 'FULL', 'FULL', 'FIELD_OURS_OFF', 'FASTER', 'MEC_USED', 'CLEAN', 'CLEAN', 'NEUTRAL', 'NEUTRAL', 'CLEAR', 'CLEAR', 'OPENING', 'BANCO_AMBOS')",19,5,7,71.429,ATTACK_PREDICTIVE,36.842,1.369854,3.9348
"('TANK', 'TANK', 'NEUTRAL', 'SAFE', 'SAFE', 'NORMAL', 'FASTER', 'MEC_AVAIL', 'CLEAN', 'CLEAN', 'NEUTRAL', 'NEUTRAL', 'CLEAR', 'CLEAR', 'OPENING', 'BANCO_OFF')",19,8,16,50.000,BUFF_MEC,31.579,1.885764,6.5914
"('TANK', 'TANK', 'DEFENSIVE_ADV', 'FULL', 'SAFE', 'NORMAL', 'SLOWER', 'MEC_USED', 'CLEAN', 'CLEAN', 'NEUTRAL', 'NEUTRAL', 'SET', 'SET', 'OPENING', 'BANCO_AMBOS')",19,5,11,45.455,ATTACK_TECH,36.842,1.337145,3.8082
"('TANK', 'TANK', 'NEUTRAL', 'SAFE', 'FULL', 'NORMAL', 'FASTER', 'MEC_USED', 'CLEAN', 'CLEAN', 'NEUTRAL', 'NEUTRAL', 'SET', 'SET', 'OPENING', 'BANCO_VAZIO')",19,6,14,42.857,HEAL,47.368,1.407149,4.0843
"('TANK', 'TANK', 'DEFENSIVE_DIS', 'SAFE', 'FULL', 'FIELD_OURS_OFF', 'SLOWER', 'MEC_USED', 'CLEAN', 'CLEAN', 'NEUTRAL', 'NEUTRAL', 'CLEAR', 'CLEAR', 'OPENING', 'BANCO_AMBOS')",19,2,10,20.000,SWITCH_DEFENSIVE,94.737,0.206192,1.2290
"('TANK', 'TANK', 'OFFENSIVE_ADV', 'SAFE', 'FULL', 'NORMAL', 'SLOWER', 'MEC_USED', 'CLEAN', 'CLEAN', 'NEUTRAL', 'NEUTRAL', 'SET', 'SET', 'BRAWL', 'BANCO_OFF')",19,7,12,58.333,STAT_CLEAN,36.842,1.689245,5.4154
"('TANK', 'TANK', 'DEFENSIVE_ADV', 'SAFE', 'SAFE', 'NORMAL', 'SLOWER', 'MEC_USED', 'CLEAN', 'CLEAN', 'NEUTRAL', 'NEUTRAL', 'CLEAR', 'CLEAR', 'OPENING', 'BANCO_OFF')",19,6,11,54.545,ATTACK_PREDICTIVE,52.632,1.413161,4.1089
"('TANK', 'TANK', 'VOLATILE', 'SAFE', 'FULL', 'NORMAL', 'SLOWER', 'MEC_USED', 'CLEAN', 'CLEAN', 'NEUTRAL', 'NEUTRAL', 'CLEAR', 'CLEAR', 'OPENING', 'BANCO_AMBOS')",19,9,11,81.818,HEAL,21.053,2.086769,8.0588
"('TANK', 'TANK', 'NEUTRAL', 'FULL', 'SAFE', 'NORMAL', 'FASTER', 'MEC_USED', 'AFFLICTED', 'CLEAN', 'NEUTRAL', 'DEBUFF', 'SET', 'SET', 'RECOVERING', 'BANCO_VAZIO')",19,4,4,100.000,STATUS,36.842,1.296892,3.6579
"('TANK', 'TANK', 'NEUTRAL', 'FULL', 'SAFE', 'NORMAL', 'SLOWER', 'MEC_USED', 'CLEAN', 'CLEAN', 'NEUTRAL', 'NEUTRAL', 'SET', 'SET', 'OPENING', 'BANCO_OFF')",19,7,13,53.846,STATUS,26.316,1.836698,6.2758
"('TANK', 'TANK', 'NEUTRAL', 'SAFE', 'FULL', 'NORMAL', 'FASTER', 'MEC_USED', 'AFFLICTED', 'CLEAN', 'DEBUFF', 'NEUTRAL', 'SET', 'SET', 'CLUTCH', 'BANCO_VAZIO')",19,5,8,62.500,HEAL,47.368,1.264867,3.5426
"('TANK', 'UTILITY', 'VOLATILE', 'SAFE', 'FULL', 'FIELD_SHARED', 'SLOWER', 'MEC_USED', 'CLEAN', 'CLEAN', 'NEUTRAL', 'NEUTRAL', 'CLEAR', 'CLEAR', 'OPENING', 'BANCO_OFF')",19,6,8,75.000,HEAL,31.579,1.608154,4.9936
"('TANK', 'TANK', 'DEFENSIVE_DIS', 'SAFE', 'DANGER', 'NORMAL', 'SLOWER', 'MEC_USED', 'CLEAN', 'CLEAN', 'NEUTRAL', 'NEUTRAL', 'CLEAR', 'CLEAR', 'OPENING', 'BANCO_OFF')",19,9,12,75.000,ATTACK_PREDICTIVE,21.053,2.059229,7.8399
"('TANK', 'TANK', 'DEFENSIVE_DIS', 'SAFE', 'SAFE', 'NORMAL', 'SLOWER', 'MEC_USED', 'CLEAN', 'CLEAN', 'NEUTRAL', 'NEUTRAL', 'SET', 'CLEAR', 'RECOVERING', 'BANCO_VAZIO')",19,7,9,77.778,ATTACK_TECH,52.632,1.486124,4.4199
"('TANK', 'UTILITY', 'DEFENSIVE_ADV', 'FULL', 'FULL', 'NORMAL', 'SLOWER', 'MEC_USED', 'CLEAN', 'CLEAN', 'NEUTRAL', 'NEUTRAL', 'CLEAR', 'CLEAR', 'OPENING', 'BANCO_VAZIO')",19,5,10,50.000,STATUS,42.105,1.353497,3.8709
"('TANK', 'SWEEPER', 'OFFENSIVE_ADV', 'FULL', 'FULL', 'NORMAL', 'SLOWER', 'MEC_AVAIL', 'CLEAN', 'CLEAN', 'NEUTRAL', 'NEUTRAL', 'CLEAR', 'CLEAR', 'OPENING', 'BANCO_AMBOS')",19,10,14,71.429,ATTACK_PIVOT_MEC,31.579,2.059229,7.8399
"('TANK', 'TANK', 'NEUTRAL', 'SAFE', 'FULL', 'NORMAL', 'SLOWER', 'MEC_USED', 'CLEAN', 'AFFLICTED', 'DEBUFF', 'DEBUFF', 'SET', 'CLEAR', 'CLUTCH', 'BANCO_VAZIO')",19,2,2,100.000,ATTACK_PIVOT,89.474,0.336496,1.4000
"('TANK', 'TANK', 'NEUTRAL', 'FULL', 'FULL', 'NORMAL', 'FASTER', 'MEC_USED', 'CLEAN', 'AFFLICTED', 'NEUTRAL', 'DEBUFF', 'CLEAR', 'SET', 'CLUTCH', 'BANCO_VAZIO')",19,2,5,40.000,ATTACK_STRONG,73.684,0.576334,1.7795
"('TANK', 'TANK', 'NEUTRAL', 'FULL', 'FULL', 'NORMAL', 'FASTER', 'MEC_USED', 'AFFLICTED', 'AFFLICTED', 'DEBUFF', 'DEBUFF_DEBUFF', 'SET', 'SET', 'CLUTCH', 'BANCO_VAZIO')",19,4,4,100.000,ATTACK_STRONG,42.105,1.178505,3.2495
"('TANK', 'TANK', 'DEFENSIVE_ADV', 'SAFE', 'FULL', 'NORMAL', 'FASTER', 'MEC_USED', 'CLEAN', 'CLEAN', 'NEUTRAL', 'NEUTRAL', 'CLEAR', 'CLEAR', 'OPENING', 'BANCO_DEF')",19,2,7,28.571,STAT_CLEAN,94.737,0.206192,1.2290
"('TANK', 'TANK', 'OFFENSIVE_DIS', 'DANGER', 'SAFE', 'NORMAL', 'FASTER', 'MEC_USED', 'CLEAN', 'CLEAN', 'NEUTRAL', 'NEUTRAL', 'CLEAR', 'SET', 'RECOVERING', 'BANCO_VAZIO')",18,9,12,75.000,FIELD_CONTROL,22.222,2.120208,8.3329
"('TANK', 'TANK', 'STALEMATE', 'FULL', 'FULL', 'NORMAL', 'SLOWER', 'MEC_USED', 'CLEAN', 'CLEAN', 'NEUTRAL', 'NEUTRAL', 'SET', 'SET', 'OPENING', 'BANCO_OFF')",18,7,11,63.636,ATTACK_TECH,38.889,1.671531,5.3203
"('TANK', 'TANK', 'NEUTRAL', 'FULL', 'FULL', 'NORMAL', 'FASTER', 'MEC_USED', 'AFFLICTED', 'CLEAN', 'DEBUFF', 'NEUTRAL', 'SET', 'SET', 'RECOVERING', 'BANCO_VAZIO')",18,2,6,33.333,HAZARD,72.222,0.590842,1.8055
"('TANK', 'TANK', 'DEFENSIVE_DIS', 'FULL', 'SAFE', 'NORMAL', 'FASTER', 'MEC_USED', 'CLEAN', 'CLEAN', 'NEUTRAL', 'NEUTRAL', 'CLEAR', 'SET', 'OPENING', 'BANCO_AMBOS')",18,6,10,60.000,ATTACK_STRONG,44.444,1.522955,4.5858
"('SWEEPER', 'TANK', 'DOMINANT', 'FULL', 'FULL', 'FIELD_SHARED', 'FASTER', 'MEC_USED', 'CLEAN', 'CLEAN', 'NEUTRAL', 'NEUTRAL', 'CLEAR', 'CLEAR', 'OPENING', 'BANCO_AMBOS')",18,1,8,12.500,ATTACK_STRONG,100.000,-0.000000,1.0000
"('TANK', 'TANK', 'NEUTRAL', 'FULL', 'SAFE', 'NORMAL', 'SLOWER', 'MEC_USED', 'CLEAN', 'CLEAN', 'NEUTRAL', 'NEUTRAL', 'SET', 'SET', 'BRAWL', 'BANCO_VAZIO')",18,4,11,36.364,SWITCH_DEFENSIVE,61.111,0.977925,2.6589
"('TANK', 'TANK', 'CRITICAL_DIS', 'SAFE', 'SAFE', 'NORMAL', 'FASTER', 'MEC_USED', 'CLEAN', 'CLEAN', 'NEUTRAL', 'NEUTRAL', 'SET', 'SET', 'RECOVERING', 'BANCO_VAZIO')",18,6,13,46.154,HEAL,33.333,1.647918,5.1962
"('TANK', 'TANK', 'DOMINANT', 'SAFE', 'FULL', 'NORMAL', 'SLOWER', 'MEC_USED', 'CLEAN', 'CLEAN', 'NEUTRAL', 'NEUTRAL', 'CLEAR', 'CLEAR', 'OPENING', 'BANCO_VAZIO')",18,9,12,75.000,ATTACK_STRONG,38.889,1.902580,6.7032
"('TANK', 'TANK', 'NEUTRAL', 'FULL', 'FULL', 'NORMAL', 'SLOWER', 'MEC_USED', 'CLEAN', 'CLEAN', 'DEBUFF', 'NEUTRAL', 'CLEAR', 'SET', 'CLUTCH', 'BANCO_VAZIO')",18,5,8,62.500,HAZARD,55.556,1.274023,3.5752
"('TANK', 'TANK', 'STALEMATE', 'FULL', 'FULL', 'NORMAL', 'FASTER', 'MEC_USED', 'CLEAN', 'CLEAN', 'NEUTRAL', 'NEUTRAL', 'CLEAR', 'CLEAR', 'OPENING', 'BANCO_OFF')",18,3,10,30.000,SWITCH_DEFENSIVE,77.778,0.654670,1.9245
"('TANK', 'TANK', 'NEUTRAL', 'FULL', 'SAFE', 'FIELD_SHARED', 'FASTER', 'MEC_USED', 'CLEAN', 'CLEAN', 'NEUTRAL', 'NEUTRAL', 'CLEAR', 'CLEAR', 'OPENING', 'BANCO_AMBOS')",18,7,9,77.778,ATTACK_TECH,33.333,1.801951,6.0615
"('TANK', 'TANK', 'DEFENSIVE_DIS', 'FULL', 'FULL', 'NORMAL', 'FASTER', 'MEC_USED', 'CLEAN', 'CLEAN', 'NEUTRAL', 'NEUTRAL', 'CLEAR', 'SET', 'OPENING', 'BANCO_OFF')",18,6,9,66.667,ATTACK_PREDICTIVE,61.111,1.270959,3.5643
"('TANK', 'TANK', 'NEUTRAL', 'DANGER', 'SAFE', 'NORMAL', 'SLOWER', 'MEC_USED', 'CLEAN', 'CLEAN', 'NEUTRAL', 'NEUTRAL', 'CLEAR', 'CLEAR', 'RECOVERING', 'BANCO_VAZIO')",18,10,11,90.909,HEAL,38.889,1.979596,7.2398
"('TANK', 'SWEEPER', 'DEFENSIVE_DIS', 'FULL', 'SAFE', 'NORMAL', 'SLOWER', 'MEC_USED', 'CLEAN', 'CLEAN', 'NEUTRAL', 'NEUTRAL', 'CLEAR', 'CLEAR', 'RECOVERING', 'BANCO_VAZIO')",18,10,12,83.333,HEAL,16.667,2.216102,9.1715
"('TANK', 'TANK', 'VOLATILE', 'DANGER', 'SAFE', 'NORMAL', 'SLOWER', 'MEC_USED', 'CLEAN', 'CLEAN', 'NEUTRAL', 'NEUTRAL', 'CLEAR', 'CLEAR', 'OPENING', 'BANCO_OFF')",18,8,11,72.727,ATTACK_STRONG,27.778,1.923069,6.8419
"('TANK', 'TANK', 'NEUTRAL', 'SAFE', 'SAFE', 'NORMAL', 'FASTER', 'MEC_USED', 'CLEAN', 'CLEAN', 'BUFFED', 'NEUTRAL', 'CLEAR', 'CLEAR', 'OPENING', 'BANCO_OFF')",18,3,10,30.000,ATTACK_TECH,50.000,0.867563,2.3811
"('TANK', 'TANK', 'OFFENSIVE_DIS', 'CRIT', 'SAFE', 'NORMAL', 'SLOWER', 'MEC_USED', 'CLEAN', 'CLEAN', 'NEUTRAL', 'NEUTRAL', 'SET', 'SET', 'RECOVERING', 'BANCO_VAZIO')",18,7,7,100.000,HEAL,50.000,1.531641,4.6258
"('TANK', 'SWEEPER', 'OFFENSIVE_ADV', 'FULL', 'FULL', 'NORMAL', 'SLOWER', 'MEC_USED', 'CLEAN', 'CLEAN', 'DEBUFF', 'NEUTRAL', 'CLEAR', 'CLEAR', 'OPENING', 'BANCO_OFF')",18,6,10,60.000,ATTACK_STRONG,27.778,1.659105,5.2546
"('TANK', 'TANK', 'OFFENSIVE_ADV', 'FULL', 'FULL', 'FIELD_THEIRS', 'SLOWER', 'MEC_USED', 'CLEAN', 'CLEAN', 'NEUTRAL', 'NEUTRAL', 'SET', 'CLEAR', 'OPENING', 'BANCO_OFF')",18,8,12,66.667,SWITCH_DEFENSIVE,33.333,1.849898,6.3592
"('TANK', 'TANK', 'NEUTRAL', 'DANGER', 'FULL', 'NORMAL', 'FASTER', 'MEC_USED', 'AFFLICTED', 'CLEAN', 'NEUTRAL', 'NEUTRAL', 'SET', 'SET', 'RECOVERING', 'BANCO_VAZIO')",18,6,10,60.000,HEAL,50.000,1.406678,4.0824
"('TANK', 'TANK', 'NEUTRAL', 'SAFE', 'FULL', 'NORMAL', 'FASTER', 'MEC_USED', 'CLEAN', 'CLEAN', 'NEUTRAL', 'NEUTRAL', 'SET', 'SET', 'OPENING', 'BANCO_AMBOS')",18,6,11,54.545,ATTACK_PREDICTIVE,27.778,1.611158,5.0086
"('TANK', 'TANK', 'DEFENSIVE_DIS', 'FULL', 'SAFE', 'FIELD_OURS_OFF', 'FASTER', 'MEC_USED', 'CLEAN', 'CLEAN', 'NEUTRAL', 'NEUTRAL', 'CLEAR', 'CLEAR', 'OPENING', 'BANCO_OFF')",18,5,10,50.000,ATTACK_TECH,44.444,1.397992,4.0471
"('TANK', 'TANK', 'VOLATILE', 'FULL', 'DANGER', 'NORMAL', 'FASTER', 'MEC_USED', 'CLEAN', 'CLEAN', 'NEUTRAL', 'NEUTRAL', 'CLEAR', 'CLEAR', 'OPENING', 'BANCO_OFF')",18,10,12,83.333,SWITCH_DEFENSIVE,22.222,2.168155,8.7421
"('SWEEPER', 'SWEEPER', 'OFFENSIVE_ADV', 'FULL', 'FULL', 'NORMAL', 'FASTER', 'MEC_USED', 'CLEAN', 'CLEAN', 'DEBUFF', 'NEUTRAL', 'CLEAR', 'CLEAR', 'OPENING', 'BANCO_AMBOS')",18,3,4,75.000,SWITCH_OFFENSIVE,61.111,0.900909,2.4618
"('SWEEPER', 'TANK', 'VOLATILE', 'FULL', 'FULL', 'NORMAL', 'FASTER', 'MEC_USED', 'CLEAN', 'CLEAN', 'NEUTRAL', 'DEBUFF', 'CLEAR', 'CLEAR', 'OPENING', 'BANCO_AMBOS')",18,6,6,100.000,ATTACK_STRONG,33.333,1.585934,4.8839
"('TANK', 'TANK', 'VOLATILE', 'SAFE', 'FULL', 'FIELD_THEIRS', 'SLOWER', 'MEC_USED', 'CLEAN', 'CLEAN', 'NEUTRAL', 'NEUTRAL', 'CLEAR', 'CLEAR', 'OPENING', 'BANCO_OFF')",18,8,11,72.727,ATTACK_PREDICTIVE,33.333,1.831020,6.2403
"('TANK', 'TANK', 'DOMINANT', 'FULL', 'FULL', 'FIELD_SHARED', 'SLOWER', 'MEC_USED', 'CLEAN', 'CLEAN', 'NEUTRAL', 'NEUTRAL', 'SET', 'CLEAR', 'OPENING', 'BANCO_OFF')",18,11,13,84.615,FIELD_CONTROL,16.667,2.322188,10.1980
"('TANK', 'TANK', 'STALEMATE', 'FULL', 'FULL', 'NORMAL', 'FASTER', 'MEC_USED', 'CLEAN', 'CLEAN', 'NEUTRAL', 'NEUTRAL', 'CLEAR', 'CLEAR', 'OPENING', 'BANCO_AMBOS')",18,7,10,70.000,ATTACK_PREDICTIVE,27.778,1.846053,6.3348
"('TANK', 'TANK', 'OFFENSIVE_DIS', 'FULL', 'FULL', 'NORMAL', 'FASTER', 'MEC_USED', 'AFFLICTED', 'CLEAN', 'NEUTRAL', 'NEUTRAL', 'CLEAR', 'CLEAR', 'OPENING', 'BANCO_AMBOS')",18,8,12,66.667,SWITCH_DEFENSIVE,33.333,1.849898,6.3592
"('TANK', 'TANK', 'OFFENSIVE_ADV', 'FULL', 'SAFE', 'NORMAL', 'SLOWER', 'MEC_USED', 'CLEAN', 'CLEAN', 'NEUTRAL', 'NEUTRAL', 'CLEAR', 'SET', 'OPENING', 'BANCO_OFF')",18,7,12,58.333,ATTACK_PREDICTIVE,38.889,1.690408,5.4217
"('TANK', 'TANK', 'OFFENSIVE_DIS', 'FULL', 'FULL', 'NORMAL', 'FASTER', 'MEC_USED', 'AFFLICTED', 'AFFLICTED', 'NEUTRAL', 'NEUTRAL', 'CLEAR', 'CLEAR', 'OPENING', 'BANCO_OFF')",18,4,4,100.000,HEAL,38.889,1.276257,3.5832
"('TANK', 'TANK', 'DEFENSIVE_ADV', 'FULL', 'FULL', 'NORMAL', 'SLOWER', 'MEC_USED', 'CLEAN', 'CLEAN', 'NEUTRAL', 'NEUTRAL', 'SET', 'CLEAR', 'OPENING', 'BANCO_AMBOS')",18,5,14,35.714,ATTACK_TECH,66.667,1.050665,2.8596
"('TANK', 'TANK', 'OFFENSIVE_DIS', 'SAFE', 'FULL', 'NORMAL', 'SLOWER', 'MEC_USED', 'AFFLICTED', 'CLEAN', 'DEBUFF', 'NEUTRAL', 'SET', 'SET', 'RECOVERING', 'BANCO_VAZIO')",18,2,2,100.000,STAT_CLEAN,83.333,0.450561,1.5692
"('TANK', 'TANK', 'NEUTRAL', 'SAFE', 'SAFE', 'NORMAL', 'FASTER', 'MEC_USED', 'CLEAN', 'CLEAN', 'NEUTRAL', 'NEUTRAL', 'SET', 'SET', 'OPENING', 'BANCO_AMBOS')",18,8,13,61.538,ATTACK_PREDICTIVE,55.556,1.534141,4.6373
"('TANK', 'TANK', 'NEUTRAL', 'FULL', 'FULL', 'NORMAL', 'FASTER', 'MEC_USED', 'CLEAN', 'CLEAN', 'NEUTRAL', 'NEUTRAL', 'CLEAR', 'SET', 'OPENING', 'BANCO_AMBOS')",18,4,11,36.364,SWITCH_OFFENSIVE,83.333,0.633663,1.8845
"('TANK', 'TANK', 'OFFENSIVE_DIS', 'FULL', 'FULL', 'NORMAL', 'FASTER', 'MEC_USED', 'CLEAN', 'CLEAN', 'NEUTRAL', 'NEUTRAL', 'SET', 'SET', 'OPENING', 'BANCO_OFF')",18,7,11,63.636,HEAL,50.000,1.531641,4.6258
"('TANK', 'TANK', 'NEUTRAL', 'DANGER', 'SAFE', 'NORMAL', 'SLOWER', 'MEC_USED', 'CLEAN', 'CLEAN', 'NEUTRAL', 'NEUTRAL', 'SET', 'SET', 'OPENING', 'BANCO_OFF')",18,6,12,50.000,HEAL,33.333,1.585934,4.8839
"('TANK', 'TANK', 'OFFENSIVE_DIS', 'FULL', 'SAFE', 'NORMAL', 'FASTER', 'MEC_USED', 'CLEAN', 'CLEAN', 'NEUTRAL', 'NEUTRAL', 'SET', 'SET', 'RECOVERING', 'BANCO_VAZIO')",18,6,9,66.667,HEAL,50.000,1.344693,3.8370
"('TANK', 'TANK', 'OFFENSIVE_DIS', 'FULL', 'FULL', 'NORMAL', 'FASTER', 'MEC_USED', 'CLEAN', 'CLEAN', 'NEUTRAL', 'NEUTRAL', 'SET', 'CLEAR', 'BRAWL', 'BANCO_OFF')",18,12,15,80.000,SWITCH_DEFENSIVE,22.222,2.322188,10.1980
"('TANK', 'TANK', 'OFFENSIVE_ADV', 'FULL', 'FULL', 'FIELD_SHARED', 'FASTER', 'MEC_USED', 'AFFLICTED', 'CLEAN', 'NEUTRAL', 'NEUTRAL', 'CLEAR', 'CLEAR', 'OPENING', 'BANCO_OFF')",18,7,8,87.500,SWITCH_OFFENSIVE,33.333,1.743812,5.7191
"('TANK', 'TANK', 'OFFENSIVE_DIS', 'FULL', 'DANGER', 'NORMAL', 'SLOWER', 'MEC_USED', 'CLEAN', 'CLEAN', 'NEUTRAL', 'NEUTRAL', 'SET', 'SET', 'RECOVERING', 'BANCO_VAZIO')",18,4,8,50.000,ATTACK_TECH,66.667,0.973649,2.6476
"('TANK', 'SWEEPER', 'DOMINANT', 'FULL', 'FULL', 'FIELD_OURS_OFF', 'SLOWER', 'MEC_USED', 'CLEAN', 'CLEAN', 'NEUTRAL', 'NEUTRAL', 'CLEAR', 'CLEAR', 'OPENING', 'BANCO_OFF')",18,7,10,70.000,DISRUPTION,44.444,1.629041,5.0990
"('TANK', 'TANK', 'OFFENSIVE_DIS', 'SAFE', 'CRIT', 'NORMAL', 'SLOWER', 'MEC_USED', 'CLEAN', 'CLEAN', 'NEUTRAL', 'NEUTRAL', 'CLEAR', 'SET', 'RECOVERING', 'BANCO_VAZIO')",18,4,9,44.444,ATTACK_TECH,55.556,1.013905,2.7563
"('TANK', 'TANK', 'OFFENSIVE_ADV', 'FULL', 'FULL', 'NORMAL', 'SLOWER', 'MEC_AVAIL', 'CLEAN', 'CLEAN', 'NEUTRAL', 'NEUTRAL', 'CLEAR', 'CLEAR', 'OPENING', 'BANCO_AMBOS')",18,10,18,55.556,ATTACK_PREDICTIVE_MEC,33.333,2.033000,7.6370
"('TANK', 'TANK', 'DEFENSIVE_DIS', 'FULL', 'FULL', 'FIELD_THEIRS', 'SLOWER', 'MEC_USED', 'CLEAN', 'CLEAN', 'NEUTRAL', 'NEUTRAL', 'CLEAR', 'CLEAR', 'RECOVERING', 'BANCO_VAZIO')",18,6,11,54.545,STATUS,33.333,1.585934,4.8839
"('TANK', 'SWEEPER', 'NEUTRAL', 'FULL', 'SAFE', 'FIELD_SHARED', 'SLOWER', 'MEC_USED', 'CLEAN', 'CLEAN', 'NEUTRAL', 'NEUTRAL', 'CLEAR', 'CLEAR', 'OPENING', 'BANCO_OFF')",18,10,11,90.909,STATUS,38.889,1.979596,7.2398
"('TANK', 'TANK', 'STALEMATE', 'FULL', 'SAFE', 'NORMAL', 'SLOWER', 'MEC_USED', 'CLEAN', 'CLEAN', 'NEUTRAL', 'NEUTRAL', 'SET', 'SET', 'RECOVERING', 'BANCO_VAZIO')",18,5,10,50.000,PROTECT,38.889,1.459359,4.3032
"('TANK', 'TANK', 'DEFENSIVE_DIS', 'SAFE', 'FULL', 'NORMAL', 'SLOWER', 'MEC_USED', 'CLEAN', 'CLEAN', 'NEUTRAL', 'NEUTRAL', 'SET', 'SET', 'RECOVERING', 'BANCO_VAZIO')",18,10,13,76.923,ATTACK_PIVOT,16.667,2.245172,9.4420
"('TANK', 'TANK', 'OFFENSIVE_ADV', 'CRIT', 'FULL', 'NORMAL', 'FASTER', 'MEC_AVAIL', 'CLEAN', 'CLEAN', 'NEUTRAL', 'NEUTRAL', 'CLEAR', 'CLEAR', 'OPENING', 'BANCO_OFF')",18,9,14,64.286,ATTACK_STRONG_MEC,22.222,2.062070,7.8622
"('TANK', 'TANK', 'VOLATILE', 'SAFE', 'FULL', 'NORMAL', 'FASTER', 'MEC_USED', 'CLEAN', 'CLEAN', 'NEUTRAL', 'NEUTRAL', 'CLEAR', 'CLEAR', 'BRAWL', 'BANCO_OFF')",18,5,9,55.556,SWITCH_OFFENSIVE,44.444,1.291906,3.6397
"('TANK', 'TANK', 'OFFENSIVE_DIS', 'SAFE', 'FULL', 'NORMAL', 'FASTER', 'MEC_USED', 'CLEAN', 'CLEAN', 'NEUTRAL', 'NEUTRAL', 'CLEAR', 'SET', 'BRAWL', 'BANCO_OFF')",18,4,10,40.000,HEAL,72.222,0.883876,2.4203
"('TANK', 'TANK', 'STALEMATE', 'FULL', 'CRIT', 'NORMAL', 'FASTER', 'MEC_USED', 'CLEAN', 'AFFLICTED', 'NEUTRAL', 'DEBUFF', 'SET', 'SET', 'RECOVERING', 'BANCO_VAZIO')",18,1,1,100.000,STAT_CLEAN,100.000,-0.000000,1.0000
"('TANK', 'TANK', 'OFFENSIVE_ADV', 'FULL', 'FULL', 'NORMAL', 'SLOWER', 'MEC_USED', 'CLEAN', 'CLEAN', 'NEUTRAL', 'NEUTRAL', 'SET', 'SET', 'OPENING', 'BANCO_OFF')",18,11,14,78.571,ATTACK_STRONG,27.778,2.212257,9.1363
"('TANK', 'TANK', 'DOMINANT', 'FULL', 'FULL', 'NORMAL', 'FASTER', 'MEC_USED', 'CLEAN', 'CLEAN', 'NEUTRAL', 'NEUTRAL', 'SET', 'SET', 'OPENING', 'BANCO_OFF')",18,6,12,50.000,ATTACK_PREDICTIVE,38.889,1.594514,4.9259
"('TANK', 'UTILITY', 'OFFENSIVE_DIS', 'FULL', 'FULL', 'NORMAL', 'SLOWER', 'MEC_USED', 'CLEAN', 'CLEAN', 'NEUTRAL', 'NEUTRAL', 'CLEAR', 'CLEAR', 'RECOVERING', 'BANCO_VAZIO')",18,3,9,33.333,BARRIER,77.778,0.683739,1.9813
"('TANK', 'TANK', 'OFFENSIVE_DIS', 'SAFE', 'FULL', 'NORMAL', 'SLOWER', 'MEC_USED', 'CLEAN', 'CLEAN', 'NEUTRAL', 'NEUTRAL', 'SET', 'SET', 'BRAWL', 'BANCO_OFF')",18,4,11,36.364,HEAL,33.333,1.354885,3.8763
"('TANK', 'TANK', 'DEFENSIVE_ADV', 'FULL', 'FULL', 'NORMAL', 'SLOWER', 'MEC_USED', 'CLEAN', 'AFFLICTED', 'NEUTRAL', 'DEBUFF', 'CLEAR', 'SET', 'RECOVERING', 'BANCO_VAZIO')",18,5,7,71.429,ATTACK_STRONG,44.444,1.336007,3.8038
"('TANK', 'TANK', 'CRITICAL_DIS', 'SAFE', 'SAFE', 'NORMAL', 'FASTER', 'MEC_USED', 'CLEAN', 'CLEAN', 'NEUTRAL', 'NEUTRAL', 'CLEAR', 'CLEAR', 'RECOVERING', 'BANCO_VAZIO')",18,6,9,66.667,HEAL,50.000,1.425555,4.1602
"('SWEEPER', 'TANK', 'NEUTRAL', 'FULL', 'FULL', 'NORMAL', 'FASTER', 'MEC_USED', 'CLEAN', 'CLEAN', 'NEUTRAL', 'DEBUFF', 'SET', 'CLEAR', 'OPENING', 'BANCO_AMBOS')",18,2,4,50.000,CLEAN_HAZARD,94.444,0.214559,1.2393
"('TANK', 'TANK', 'NEUTRAL', 'SAFE', 'CRIT', 'NORMAL', 'SLOWER', 'MEC_USED', 'CLEAN', 'CLEAN', 'DEBUFF', 'NEUTRAL', 'CLEAR', 'CLEAR', 'CLUTCH', 'BANCO_VAZIO')",17,2,4,50.000,ATTACK_PREDICTIVE,76.471,0.545595,1.7256
"('TANK', 'TANK', 'NEUTRAL', 'SAFE', 'SAFE', 'NORMAL', 'SLOWER', 'MEC_USED', 'CLEAN', 'CLEAN', 'NEUTRAL', 'NEUTRAL', 'SET', 'CLEAR', 'OPENING', 'BANCO_AMBOS')",17,8,13,61.538,ATTACK_PIVOT,41.176,1.787316,5.9734
"('TANK', 'TANK', 'NEUTRAL', 'CRIT', 'FULL', 'NORMAL', 'FASTER', 'MEC_USED', 'CLEAN', 'CLEAN', 'NEUTRAL', 'NEUTRAL', 'CLEAR', 'CLEAR', 'CLUTCH', 'BANCO_VAZIO')",17,8,9,88.889,ATTACK_STRONG,23.529,1.936199,6.9324
"('TANK', 'TANK', 'NEUTRAL', 'DANGER', 'SAFE', 'NORMAL', 'FASTER', 'MEC_USED', 'CLEAN', 'CLEAN', 'NEUTRAL', 'NEUTRAL', 'CLEAR', 'CLEAR', 'RECOVERING', 'BANCO_VAZIO')",17,9,10,90.000,ATTACK_STRONG,23.529,2.068513,7.9131
"('TANK', 'TANK', 'DOMINANT', 'FULL', 'SAFE', 'NORMAL', 'SLOWER', 'MEC_USED', 'CLEAN', 'CLEAN', 'NEUTRAL', 'NEUTRAL', 'CLEAR', 'CLEAR', 'OPENING', 'BANCO_AMBOS')",17,7,9,77.778,BUFF,23.529,1.823873,6.1958
"('TANK', 'TANK', 'NEUTRAL', 'FULL', 'FULL', 'NORMAL', 'SLOWER', 'MEC_USED', 'AFFLICTED', 'CLEAN', 'DEBUFF', 'DEBUFF', 'SET', 'CLEAR', 'CLUTCH', 'BANCO_VAZIO')",17,3,3,100.000,ATTACK_STRONG,47.059,0.971849,2.6428
"('TANK', 'SWEEPER', 'OFFENSIVE_DIS', 'FULL', 'FULL', 'FIELD_OURS_DEF', 'SLOWER', 'MEC_USED', 'CLEAN', 'CLEAN', 'NEUTRAL', 'NEUTRAL', 'CLEAR', 'CLEAR', 'OPENING', 'BANCO_OFF')",17,5,6,83.333,SWITCH_OFFENSIVE,29.412,1.529519,4.6160
"('TANK', 'TANK', 'DEFENSIVE_DIS', 'FULL', 'SAFE', 'FIELD_THEIRS', 'FASTER', 'MEC_USED', 'CLEAN', 'CLEAN', 'NEUTRAL', 'NEUTRAL', 'CLEAR', 'CLEAR', 'OPENING', 'BANCO_OFF')",17,8,9,88.889,SWITCH_DEFENSIVE,41.176,1.705769,5.5056
"('TANK', 'TANK', 'NEUTRAL', 'SAFE', 'FULL', 'NORMAL', 'SLOWER', 'MEC_AVAIL', 'CLEAN', 'CLEAN', 'NEUTRAL', 'NEUTRAL', 'CLEAR', 'CLEAR', 'OPENING', 'BANCO_OFF')",17,9,18,50.000,ATTACK_STRONG,41.176,1.868863,6.4809
"('TANK', 'TANK', 'OFFENSIVE_DIS', 'SAFE', 'DANGER', 'NORMAL', 'FASTER', 'MEC_USED', 'CLEAN', 'CLEAN', 'NEUTRAL', 'NEUTRAL', 'CLEAR', 'SET', 'RECOVERING', 'BANCO_VAZIO')",17,6,12,50.000,HEAL,52.941,1.394557,4.0332
"('TANK', 'TANK', 'OFFENSIVE_ADV', 'SAFE', 'SAFE', 'NORMAL', 'FASTER', 'MEC_USED', 'CLEAN', 'CLEAN', 'NEUTRAL', 'NEUTRAL', 'SET', 'CLEAR', 'BRAWL', 'BANCO_OFF')",17,4,9,44.444,ATTACK_STRONG,58.824,1.071018,2.9183
"('TANK', 'TANK', 'OFFENSIVE_ADV', 'FULL', 'FULL', 'FIELD_THEIRS', 'FASTER', 'MEC_USED', 'CLEAN', 'CLEAN', 'NEUTRAL', 'NEUTRAL', 'CLEAR', 'CLEAR', 'BRAWL', 'BANCO_OFF')",17,4,8,50.000,ATTACK_STRONG,82.353,0.659872,1.9345
"('TANK', 'TANK', 'CRITICAL_DIS', 'FULL', 'SAFE', 'NORMAL', 'FASTER', 'MEC_USED', 'CLEAN', 'CLEAN', 'NEUTRAL', 'NEUTRAL', 'SET', 'SET', 'RECOVERING', 'BANCO_VAZIO')",17,7,14,50.000,ATTACK_STRONG,35.294,1.711547,5.5375
"('TANK', 'TANK', 'OFFENSIVE_DIS', 'SAFE', 'FULL', 'NORMAL', 'FASTER', 'MEC_USED', 'CLEAN', 'CLEAN', 'NEUTRAL', 'NEUTRAL', 'SET', 'CLEAR', 'RECOVERING', 'BANCO_VAZIO')",17,6,11,54.545,FIELD_CONTROL,41.176,1.477045,4.3800
"('TANK', 'TANK', 'NEUTRAL', 'SAFE', 'CRIT', 'NORMAL', 'SLOWER', 'MEC_USED', 'CLEAN', 'CLEAN', 'NEUTRAL', 'NEUTRAL', 'CLEAR', 'CLEAR', 'RECOVERING', 'BANCO_VAZIO')",17,2,10,20.000,ATTACK_STRONG,88.235,0.362211,1.4365
"('TANK', 'TANK', 'OFFENSIVE_DIS', 'SAFE', 'SAFE', 'NORMAL', 'SLOWER', 'MEC_USED', 'CLEAN', 'CLEAN', 'NEUTRAL', 'NEUTRAL', 'CLEAR', 'CLEAR', 'RECOVERING', 'BANCO_VAZIO')",17,8,11,72.727,ATTACK_PREDICTIVE,17.647,2.006955,7.4406
"('TANK', 'TANK', 'NEUTRAL', 'DANGER', 'FULL', 'NORMAL', 'SLOWER', 'MEC_USED', 'CLEAN', 'CLEAN', 'NEUTRAL', 'NEUTRAL', 'CLEAR', 'CLEAR', 'CLUTCH', 'BANCO_VAZIO')",17,5,12,41.667,SWITCH_DEFENSIVE,35.294,1.466907,4.3358
"('TANK', 'TANK', 'NEUTRAL', 'CRIT', 'FULL', 'NORMAL', 'FASTER', 'MEC_USED', 'CLEAN', 'CLEAN', 'NEUTRAL', 'NEUTRAL', 'CLEAR', 'CLEAR', 'RECOVERING', 'BANCO_VAZIO')",17,8,9,88.889,ATTACK_STRONG,17.647,2.006955,7.4406
"('TANK', 'TANK', 'DEFENSIVE_DIS', 'FULL', 'SAFE', 'FIELD_THEIRS', 'SLOWER', 'MEC_USED', 'CLEAN', 'CLEAN', 'NEUTRAL', 'NEUTRAL', 'CLEAR', 'CLEAR', 'OPENING', 'BANCO_OFF')",17,10,11,90.909,ATTACK_PIVOT,17.647,2.200828,9.0325
"('SWEEPER', 'TANK', 'NEUTRAL', 'FULL', 'FULL', 'NORMAL', 'FASTER', 'MEC_USED', 'CLEAN', 'CLEAN', 'NEUTRAL', 'NEUTRAL', 'CLEAR', 'CLEAR', 'BRAWL', 'BANCO_OFF')",17,6,8,75.000,ATTACK_PREDICTIVE,52.941,1.394557,4.0332
"('TANK', 'SWEEPER', 'OFFENSIVE_ADV', 'FULL', 'FULL', 'NORMAL', 'SLOWER', 'MEC_USED', 'CLEAN', 'CLEAN', 'NEUTRAL', 'NEUTRAL', 'CLEAR', 'CLEAR', 'OPENING', 'BANCO_VAZIO')",17,10,12,83.333,ATTACK_TECH,17.647,2.200828,9.0325
"('TANK', 'TANK', 'NEUTRAL', 'DANGER', 'SAFE', 'NORMAL', 'SLOWER', 'MEC_USED', 'CLEAN', 'CLEAN', 'NEUTRAL', 'NEUTRAL', 'CLEAR', 'CLEAR', 'OPENING', 'BANCO_AMBOS')",17,9,11,81.818,BUFF,17.647,2.088502,8.0728
"('TANK', 'SWEEPER', 'NEUTRAL', 'SAFE', 'SAFE', 'NORMAL', 'SLOWER', 'MEC_USED', 'CLEAN', 'CLEAN', 'NEUTRAL', 'NEUTRAL', 'CLEAR', 'CLEAR', 'OPENING', 'BANCO_VAZIO')",17,9,12,75.000,ATTACK_STRONG,23.529,2.017746,7.5214
"('TANK', 'SWEEPER', 'VOLATILE', 'SAFE', 'FULL', 'NORMAL', 'SLOWER', 'MEC_USED', 'CLEAN', 'CLEAN', 'NEUTRAL', 'NEUTRAL', 'CLEAR', 'CLEAR', 'OPENING', 'BANCO_OFF')",17,8,9,88.889,SWITCH_DEFENSIVE,35.294,1.813082,6.1293
"('UTILITY', 'TANK', 'OFFENSIVE_ADV', 'SAFE', 'FULL', 'FIELD_SHARED', 'FASTER', 'MEC_USED', 'CLEAN', 'CLEAN', 'NEUTRAL', 'NEUTRAL', 'CLEAR', 'CLEAR', 'OPENING', 'BANCO_OFF')",17,9,10,90.000,SWITCH_DEFENSIVE,29.412,1.952116,7.0436
"('TANK', 'TANK', 'DOMINANT', 'FULL', 'FULL', 'FIELD_SHARED', 'SLOWER', 'MEC_AVAIL', 'CLEAN', 'CLEAN', 'NEUTRAL', 'NEUTRAL', 'CLEAR', 'CLEAR', 'OPENING', 'BANCO_OFF')",17,10,14,71.429,ATTACK_STRONG,23.529,2.150060,8.5854
"('TANK', 'TANK', 'OFFENSIVE_ADV', 'FULL', 'DANGER', 'NORMAL', 'SLOWER', 'MEC_USED', 'CLEAN', 'CLEAN', 'NEUTRAL', 'NEUTRAL', 'SET', 'CLEAR', 'OPENING', 'BANCO_OFF')",17,9,13,69.231,ATTACK_PIVOT,17.647,2.088502,8.0728
"('SWEEPER', 'TANK', 'NEUTRAL', 'SAFE', 'FULL', 'FIELD_OURS_OFF', 'FASTER', 'MEC_USED', 'CLEAN', 'CLEAN', 'NEUTRAL', 'NEUTRAL', 'CLEAR', 'CLEAR', 'OPENING', 'BANCO_AMBOS')",17,6,10,60.000,HEAL,41.176,1.477045,4.3800
"('TANK', 'UTILITY', 'CRITICAL_DIS', 'FULL', 'FULL', 'NORMAL', 'SLOWER', 'MEC_AVAIL', 'CLEAN', 'CLEAN', 'NEUTRAL', 'NEUTRAL', 'CLEAR', 'CLEAR', 'OPENING', 'BANCO_AMBOS')",17,6,6,100.000,FIELD_CONTROL_MEC,29.412,1.676696,5.3479
"('TANK', 'TANK', 'DOMINANT', 'SAFE', 'FULL', 'FIELD_SHARED', 'SLOWER', 'MEC_USED', 'CLEAN', 'CLEAN', 'NEUTRAL', 'NEUTRAL', 'CLEAR', 'CLEAR', 'OPENING', 'BANCO_OFF')",17,6,9,66.667,SWITCH_DEFENSIVE,58.824,1.284879,3.6142
"('TANK', 'TANK', 'DOMINANT', 'SAFE', 'FULL', 'NORMAL', 'FASTER', 'MEC_USED', 'CLEAN', 'CLEAN', 'NEUTRAL', 'NEUTRAL', 'CLEAR', 'CLEAR', 'OPENING', 'BANCO_VAZIO')",17,9,11,81.818,STATUS,23.529,2.037734,7.6732
"('TANK', 'SWEEPER', 'DEFENSIVE_DIS', 'FULL', 'FULL', 'NORMAL', 'FASTER', 'MEC_USED', 'CLEAN', 'CLEAN', 'BUFFED', 'NEUTRAL', 'CLEAR', 'CLEAR', 'OPENING', 'BANCO_AMBOS')",17,3,6,50.000,ATTACK_TECH,88.235,0.443757,1.5586
"('SWEEPER', 'TANK', 'NEUTRAL', 'FULL', 'SAFE', 'FIELD_SHARED', 'FASTER', 'MEC_USED', 'CLEAN', 'CLEAN', 'NEUTRAL', 'NEUTRAL', 'CLEAR', 'CLEAR', 'OPENING', 'BANCO_OFF')",17,9,9,100.000,ATTACK_STRONG,23.529,2.037734,7.6732
"('TANK', 'TANK', 'OFFENSIVE_DIS', 'SAFE', 'SAFE', 'NORMAL', 'SLOWER', 'MEC_USED', 'CLEAN', 'CLEAN', 'NEUTRAL', 'NEUTRAL', 'CLEAR', 'SET', 'BRAWL', 'BANCO_OFF')",17,5,12,41.667,HEAL,70.588,0.997615,2.7118
"('TANK', 'TANK', 'NEUTRAL', 'CRIT', 'SAFE', 'NORMAL', 'SLOWER', 'MEC_USED', 'CLEAN', 'CLEAN', 'NEUTRAL', 'NEUTRAL', 'SET', 'SET', 'CLUTCH', 'BANCO_VAZIO')",17,8,13,61.538,SWITCH_OFFENSIVE,23.529,1.956187,7.0723
"('TANK', 'TANK', 'OFFENSIVE_DIS', 'SAFE', 'FULL', 'NORMAL', 'FASTER', 'MEC_USED', 'CLEAN', 'CLEAN', 'NEUTRAL', 'NEUTRAL', 'CLEAR', 'CLEAR', 'OPENING', 'BANCO_AMBOS')",17,6,12,50.000,ATTACK_TECH,41.176,1.562664,4.7715
"('TANK', 'TANK', 'OFFENSIVE_DIS', 'CRIT', 'SAFE', 'NORMAL', 'FASTER', 'MEC_USED', 'CLEAN', 'CLEAN', 'NEUTRAL', 'NEUTRAL', 'CLEAR', 'CLEAR', 'OPENING', 'BANCO_OFF')",17,10,13,76.923,ATTACK_PIVOT,17.647,2.200828,9.0325
"('TANK', 'UTILITY', 'DEFENSIVE_DIS', 'FULL', 'FULL', 'FIELD_SHARED', 'SLOWER', 'MEC_USED', 'CLEAN', 'CLEAN', 'NEUTRAL', 'NEUTRAL', 'CLEAR', 'CLEAR', 'OPENING', 'BANCO_OFF')",17,6,8,75.000,ATTACK_STRONG,23.529,1.711547,5.5375
"('SWEEPER', 'UTILITY', 'DEFENSIVE_DIS', 'FULL', 'FULL', 'NORMAL', 'FASTER', 'MEC_USED', 'CLEAN', 'CLEAN', 'NEUTRAL', 'NEUTRAL', 'CLEAR', 'CLEAR', 'OPENING', 'BANCO_AMBOS')",17,5,6,83.333,SWITCH_DEFENSIVE,41.176,1.395499,4.0370
"('TANK', 'TANK', 'NEUTRAL', 'SAFE', 'FULL', 'NORMAL', 'FASTER', 'MEC_USED', 'CLEAN', 'CLEAN', 'NEUTRAL', 'NEUTRAL', 'CLEAR', 'CLEAR', 'OPENING', 'BANCO_DEF')",17,6,11,54.545,HEAL,41.176,1.542676,4.6771
"('TANK', 'SWEEPER', 'OFFENSIVE_ADV', 'FULL', 'FULL', 'NORMAL', 'SLOWER', 'MEC_USED', 'CLEAN', 'CLEAN', 'NEUTRAL', 'DEBUFF', 'CLEAR', 'CLEAR', 'OPENING', 'BANCO_OFF')",17,9,11,81.818,ATTACK_PIVOT,29.412,2.002883,7.4104
"('TANK', 'TANK', 'DEFENSIVE_ADV', 'FULL', 'SAFE', 'NORMAL', 'SLOWER', 'MEC_USED', 'CLEAN', 'CLEAN', 'NEUTRAL', 'NEUTRAL', 'CLEAR', 'SET', 'OPENING', 'BANCO_OFF')",17,4,11,36.364,ATTACK_PREDICTIVE,82.353,0.659872,1.9345
"('SWEEPER', 'SWEEPER', 'VOLATILE', 'FULL', 'FULL', 'FIELD_OURS_OFF', 'FASTER', 'MEC_USED', 'CLEAN', 'CLEAN', 'DEBUFF', 'NEUTRAL', 'CLEAR', 'CLEAR', 'OPENING', 'BANCO_OFF')",17,3,5,60.000,SWITCH_DEFENSIVE,58.824,0.846366,2.3312
"('UTILITY', 'TANK', 'NEUTRAL', 'SAFE', 'FULL', 'NORMAL', 'FASTER', 'MEC_USED', 'CLEAN', 'CLEAN', 'NEUTRAL', 'NEUTRAL', 'CLEAR', 'CLEAR', 'OPENING', 'BANCO_OFF')",17,8,10,80.000,ATTACK_PIVOT,29.412,1.804938,6.0796
"('TANK', 'TANK', 'OFFENSIVE_DIS', 'SAFE', 'FULL', 'NORMAL', 'SLOWER', 'MEC_USED', 'CLEAN', 'CLEAN', 'NEUTRAL', 'NEUTRAL', 'CLEAR', 'CLEAR', 'OPENING', 'BANCO_AMBOS')",17,8,15,53.333,ATTACK_PIVOT,29.412,1.870569,6.4920
"('TANK', 'TANK', 'OFFENSIVE_ADV', 'FULL', 'FULL', 'NORMAL', 'FASTER', 'MEC_USED', 'CLEAN', 'CLEAN', 'NEUTRAL', 'NEUTRAL', 'SET', 'SET', 'OPENING', 'BANCO_AMBOS')",17,7,11,63.636,SWITCH_OFFENSIVE,23.529,1.843861,6.3209
"('SWEEPER', 'TANK', 'OFFENSIVE_ADV', 'FULL', 'FULL', 'FIELD_THEIRS', 'FASTER', 'MEC_USED', 'CLEAN', 'CLEAN', 'NEUTRAL', 'DEBUFF', 'CLEAR', 'CLEAR', 'OPENING', 'BANCO_DEF')",17,1,5,20.000,ATTACK_STRONG,100.000,-0.000000,1.0000
"('TANK', 'SWEEPER', 'NEUTRAL', 'SAFE', 'FULL', 'FIELD_THEIRS', 'SLOWER', 'MEC_USED', 'CLEAN', 'CLEAN', 'NEUTRAL', 'NEUTRAL', 'CLEAR', 'CLEAR', 'OPENING', 'BANCO_OFF')",17,5,11,45.455,HEAL,64.706,1.087761,2.9676
"('TANK', 'TANK', 'OFFENSIVE_DIS', 'SAFE', 'SAFE', 'NORMAL', 'FASTER', 'MEC_USED', 'CLEAN', 'CLEAN', 'NEUTRAL', 'NEUTRAL', 'CLEAR', 'CLEAR', 'OPENING', 'BANCO_VAZIO')",17,9,14,64.286,BUFF,17.647,2.119281,8.3251
"('TANK', 'SWEEPER', 'NEUTRAL', 'DANGER', 'SAFE', 'NORMAL', 'SLOWER', 'MEC_USED', 'CLEAN', 'CLEAN', 'NEUTRAL', 'NEUTRAL', 'CLEAR', 'CLEAR', 'OPENING', 'BANCO_OFF')",17,8,10,80.000,HEAL,41.176,1.787316,5.9734
"('TANK', 'UTILITY', 'OFFENSIVE_ADV', 'FULL', 'SAFE', 'FIELD_THEIRS', 'SLOWER', 'MEC_USED', 'CLEAN', 'CLEAN', 'NEUTRAL', 'NEUTRAL', 'CLEAR', 'CLEAR', 'OPENING', 'BANCO_OFF')",17,9,11,81.818,ATTACK_STRONG,23.529,2.099293,8.1604
"('TANK', 'TANK', 'CRITICAL_DIS', 'FULL', 'FULL', 'FIELD_SHARED', 'FASTER', 'MEC_USED', 'CLEAN', 'CLEAN', 'NEUTRAL', 'NEUTRAL', 'CLEAR', 'CLEAR', 'OPENING', 'BANCO_OFF')",17,6,11,54.545,SWITCH_DEFENSIVE,41.176,1.542676,4.6771
"('TANK', 'TANK', 'DEFENSIVE_DIS', 'FULL', 'FULL', 'NORMAL', 'SLOWER', 'MEC_USED', 'CLEAN', 'CLEAN', 'NEUTRAL', 'NEUTRAL', 'CLEAR', 'CLEAR', 'BRAWL', 'BANCO_OFF')",17,6,11,54.545,ATTACK_PREDICTIVE,29.412,1.560298,4.7602
"('TANK', 'TANK', 'DEFENSIVE_DIS', 'SAFE', 'FULL', 'NORMAL', 'FASTER', 'MEC_USED', 'CLEAN', 'CLEAN', 'NEUTRAL', 'NEUTRAL', 'SET', 'CLEAR', 'OPENING', 'BANCO_AMBOS')",17,5,10,50.000,PROTECT,52.941,1.313011,3.7173
"('TANK', 'SWEEPER', 'OFFENSIVE_DIS', 'SAFE', 'FULL', 'FIELD_THEIRS', 'SLOWER', 'MEC_USED', 'CLEAN', 'CLEAN', 'NEUTRAL', 'NEUTRAL', 'CLEAR', 'CLEAR', 'OPENING', 'BANCO_OFF')",17,8,12,66.667,STAT_CLEAN,29.412,1.921336,6.8301
"('TANK', 'TANK', 'NEUTRAL', 'FULL', 'FULL', 'NORMAL', 'SLOWER', 'MEC_USED', 'AFFLICTED', 'AFFLICTED', 'NEUTRAL', 'NEUTRAL', 'SET', 'SET', 'RECOVERING', 'BANCO_VAZIO')",17,3,9,33.333,ATTACK_STRONG,82.353,0.578325,1.7830
"('TANK', 'TANK', 'NEUTRAL', 'FULL', 'FULL', 'NORMAL', 'SLOWER', 'MEC_USED', 'AFFLICTED', 'AFFLICTED', 'NEUTRAL', 'NEUTRAL', 'CLEAR', 'SET', 'RECOVERING', 'BANCO_VAZIO')",17,2,2,100.000,HAZARD,88.235,0.362211,1.4365
"('TANK', 'TANK', 'OFFENSIVE_DIS', 'FULL', 'FULL', 'NORMAL', 'FASTER', 'MEC_USED', 'CLEAN', 'CLEAN', 'NEUTRAL', 'NEUTRAL', 'CLEAR', 'SET', 'BRAWL', 'BANCO_OFF')",17,7,12,58.333,SWITCH_DEFENSIVE,35.294,1.711547,5.5375
"('SWEEPER', 'UTILITY', 'OFFENSIVE_ADV', 'FULL', 'FULL', 'NORMAL', 'FASTER', 'MEC_USED', 'CLEAN', 'CLEAN', 'NEUTRAL', 'DEBUFF', 'CLEAR', 'CLEAR', 'OPENING', 'BANCO_OFF')",17,4,6,66.667,ATTACK_STRONG,35.294,1.242255,3.4634
"('TANK', 'TANK', 'OFFENSIVE_ADV', 'DANGER', 'FULL', 'NORMAL', 'FASTER', 'MEC_USED', 'CLEAN', 'CLEAN', 'NEUTRAL', 'NEUTRAL', 'CLEAR', 'SET', 'OPENING', 'BANCO_OFF')",17,3,11,27.273,ATTACK_PREDICTIVE,52.941,0.868720,2.3839
"('TANK', 'TANK', 'DEFENSIVE_ADV', 'FULL', 'FULL', 'NORMAL', 'SLOWER', 'MEC_USED', 'CLEAN', 'CLEAN', 'NEUTRAL', 'NEUTRAL', 'CLEAR', 'CLEAR', 'CLUTCH', 'BANCO_VAZIO')",17,6,11,54.545,CLEAN_HAZARD,64.706,1.200087,3.3204
"('TANK', 'TANK', 'OFFENSIVE_DIS', 'SAFE', 'FULL', 'NORMAL', 'FASTER', 'MEC_USED', 'CLEAN', 'CLEAN', 'NEUTRAL', 'NEUTRAL', 'SET', 'SET', 'BRAWL', 'BANCO_VAZIO')",17,8,13,61.538,HEAL,29.412,1.804938,6.0796
"('TANK', 'TANK', 'NEUTRAL', 'SAFE', 'FULL', 'FIELD_SHARED', 'FASTER', 'MEC_USED', 'CLEAN', 'CLEAN', 'BUFFED', 'NEUTRAL', 'CLEAR', 'CLEAR', 'OPENING', 'BANCO_OFF')",17,7,9,77.778,HEAL,35.294,1.762315,5.8259
"('TANK', 'TANK', 'DOMINANT', 'FULL', 'FULL', 'NORMAL', 'FASTER', 'MEC_USED', 'CLEAN', 'CLEAN', 'NEUTRAL', 'NEUTRAL', 'SET', 'CLEAR', 'OPENING', 'BANCO_VAZIO')",17,8,11,72.727,SWITCH_OFFENSIVE,35.294,1.843861,6.3209
"('TANK', 'TANK', 'DEFENSIVE_DIS', 'FULL', 'FULL', 'NORMAL', 'FASTER', 'MEC_USED', 'AFFLICTED', 'CLEAN', 'NEUTRAL', 'NEUTRAL', 'CLEAR', 'SET', 'CLUTCH', 'BANCO_VAZIO')",17,2,2,100.000,ATTACK_PIVOT,58.824,0.677494,1.9689
"('TANK', 'TANK', 'NEUTRAL', 'FULL', 'SAFE', 'NORMAL', 'SLOWER', 'MEC_USED', 'CLEAN', 'CLEAN', 'NEUTRAL', 'NEUTRAL', 'SET', 'SET', 'OPENING', 'BANCO_AMBOS')",17,6,13,46.154,SWITCH_DEFENSIVE,35.294,1.564370,4.7797
"('TANK', 'TANK', 'NEUTRAL', 'DANGER', 'FULL', 'NORMAL', 'FASTER', 'MEC_USED', 'AFFLICTED', 'CLEAN', 'DEBUFF', 'NEUTRAL', 'CLEAR', 'CLEAR', 'CLUTCH', 'BANCO_VAZIO')",17,2,2,100.000,ATTACK_PIVOT,88.235,0.362211,1.4365
"('TANK', 'TANK', 'OFFENSIVE_ADV', 'SAFE', 'SAFE', 'NORMAL', 'FASTER', 'MEC_USED', 'AFFLICTED', 'CLEAN', 'NEUTRAL', 'NEUTRAL', 'SET', 'SET', 'CLUTCH', 'BANCO_VAZIO')",16,3,9,33.333,ATTACK_PIVOT,75.000,0.702919,2.0196
"('TANK', 'TANK', 'OFFENSIVE_DIS', 'DANGER', 'FULL', 'NORMAL', 'FASTER', 'MEC_USED', 'AFFLICTED', 'CLEAN', 'DEBUFF', 'NEUTRAL', 'CLEAR', 'SET', 'CLUTCH', 'BANCO_VAZIO')",16,4,6,66.667,PROTECT,43.750,1.212314,3.3613
"('TANK', 'TANK', 'OFFENSIVE_DIS', 'DANGER', 'FULL', 'NORMAL', 'FASTER', 'MEC_USED', 'CLEAN', 'CLEAN', 'NEUTRAL', 'NEUTRAL', 'CLEAR', 'SET', 'RECOVERING', 'BANCO_VAZIO')",16,11,12,91.667,ATTACK_TECH,18.750,2.273966,9.7179
"('TANK', 'TANK', 'DEFENSIVE_DIS', 'SAFE', 'SAFE', 'NORMAL', 'FASTER', 'MEC_USED', 'CLEAN', 'CLEAN', 'NEUTRAL', 'NEUTRAL', 'SET', 'SET', 'CLUTCH', 'BANCO_VAZIO')",16,7,11,63.636,ATTACK_STRONG,56.250,1.450006,4.2631
"('UTILITY', 'TANK', 'VOLATILE', 'SAFE', 'FULL', 'FIELD_OURS_OFF', 'FASTER', 'MEC_USED', 'CLEAN', 'CLEAN', 'NEUTRAL', 'NEUTRAL', 'CLEAR', 'CLEAR', 'OPENING', 'BANCO_OFF')",16,5,5,100.000,ATTACK_STRONG,37.500,1.515413,4.5513
"('UTILITY', 'TANK', 'CRITICAL_DIS', 'FULL', 'FULL', 'FIELD_SHARED', 'FASTER', 'MEC_AVAIL', 'CLEAN', 'CLEAN', 'NEUTRAL', 'NEUTRAL', 'CLEAR', 'CLEAR', 'OPENING', 'BANCO_AMBOS')",16,7,8,87.500,ATTACK_STRONG,18.750,1.894689,6.6505
"('TANK', 'TANK', 'CRITICAL_DIS', 'FULL', 'FULL', 'NORMAL', 'SLOWER', 'MEC_USED', 'CLEAN', 'CLEAN', 'NEUTRAL', 'NEUTRAL', 'SET', 'SET', 'RECOVERING', 'BANCO_VAZIO')",16,3,9,33.333,SWITCH_OFFENSIVE,50.000,1.023929,2.7841
"('SWEEPER', 'TANK', 'DEFENSIVE_ADV', 'SAFE', 'FULL', 'NORMAL', 'FASTER', 'MEC_USED', 'CLEAN', 'CLEAN', 'NEUTRAL', 'NEUTRAL', 'CLEAR', 'CLEAR', 'OPENING', 'BANCO_AMBOS')",16,7,7,100.000,SWITCH_DEFENSIVE,25.000,1.840749,6.3013
"('TANK', 'TANK', 'NEUTRAL', 'DANGER', 'FULL', 'NORMAL', 'SLOWER', 'MEC_USED', 'CLEAN', 'CLEAN', 'NEUTRAL', 'NEUTRAL', 'CLEAR', 'CLEAR', 'RECOVERING', 'BANCO_VAZIO')",16,10,12,83.333,HEAL,25.000,2.166085,8.7241
"('TANK', 'TANK', 'NEUTRAL', 'SAFE', 'DANGER', 'NORMAL', 'FASTER', 'MEC_USED', 'CLEAN', 'CLEAN', 'NEUTRAL', 'NEUTRAL', 'SET', 'CLEAR', 'OPENING', 'BANCO_OFF')",16,7,10,70.000,ATTACK_TECH,37.500,1.597730,4.9418
"('TANK', 'TANK', 'OFFENSIVE_DIS', 'FULL', 'FULL', 'NORMAL', 'SLOWER', 'MEC_USED', 'AFFLICTED', 'AFFLICTED', 'NEUTRAL', 'NEUTRAL', 'CLEAR', 'CLEAR', 'BRAWL', 'BANCO_OFF')",16,3,7,42.857,SWITCH_OFFENSIVE,75.000,0.702919,2.0196
"('TANK', 'TANK', 'VOLATILE', 'CRIT', 'SAFE', 'NORMAL', 'FASTER', 'MEC_USED', 'CLEAN', 'CLEAN', 'NEUTRAL', 'NEUTRAL', 'CLEAR', 'CLEAR', 'OPENING', 'BANCO_OFF')",16,7,8,87.500,SWITCH_OFFENSIVE,31.250,1.803719,6.0722
"('TANK', 'TANK', 'VOLATILE', 'FULL', 'FULL', 'FIELD_OURS_DEF', 'SLOWER', 'MEC_USED', 'CLEAN', 'CLEAN', 'NEUTRAL', 'NEUTRAL', 'CLEAR', 'CLEAR', 'OPENING', 'BANCO_DEF')",16,1,4,25.000,ATTACK_PREDICTIVE,100.000,-0.000000,1.0000
"('TANK', 'TANK', 'VOLATILE', 'FULL', 'FULL', 'FIELD_OURS_DEF', 'FASTER', 'MEC_AVAIL', 'CLEAN', 'CLEAN', 'NEUTRAL', 'NEUTRAL', 'CLEAR', 'CLEAR', 'OPENING', 'BANCO_AMBOS')",16,7,10,70.000,ATTACK_PREDICTIVE_MEC,31.250,1.717076,5.5682
"('TANK', 'TANK', 'NEUTRAL', 'SAFE', 'FULL', 'FIELD_THEIRS', 'SLOWER', 'MEC_USED', 'CLEAN', 'CLEAN', 'NEUTRAL', 'NEUTRAL', 'SET', 'CLEAR', 'OPENING', 'BANCO_OFF')",16,7,13,53.846,HEAL,37.500,1.688699,5.4124
"('TANK', 'TANK', 'VOLATILE', 'SAFE', 'FULL', 'NORMAL', 'FASTER', 'MEC_USED', 'CLEAN', 'CLEAN', 'NEUTRAL', 'NEUTRAL', 'SET', 'CLEAR', 'BRAWL', 'BANCO_OFF')",16,7,8,87.500,ATTACK_STRONG,37.500,1.721402,5.5924
"('TANK', 'TANK', 'OFFENSIVE_DIS', 'SAFE', 'FULL', 'NORMAL', 'FASTER', 'MEC_USED', 'CLEAN', 'CLEAN', 'NEUTRAL', 'NEUTRAL', 'CLEAR', 'SET', 'OPENING', 'BANCO_OFF')",16,9,13,69.231,HEAL,31.250,1.977006,7.2211
"('TANK', 'TANK', 'DEFENSIVE_DIS', 'SAFE', 'SAFE', 'FIELD_SHARED', 'FASTER', 'MEC_USED', 'CLEAN', 'CLEAN', 'NEUTRAL', 'NEUTRAL', 'CLEAR', 'CLEAR', 'OPENING', 'BANCO_OFF')",16,7,9,77.778,ATTACK_STRONG,37.500,1.597730,4.9418
"('TANK', 'TANK', 'OFFENSIVE_DIS', 'SAFE', 'CRIT', 'NORMAL', 'SLOWER', 'MEC_USED', 'CLEAN', 'CLEAN', 'NEUTRAL', 'NEUTRAL', 'CLEAR', 'CLEAR', 'OPENING', 'BANCO_OFF')",16,7,12,58.333,ATTACK_STRONG,50.000,1.559581,4.7568
"('TANK', 'TANK', 'NEUTRAL', 'DANGER', 'DANGER', 'NORMAL', 'FASTER', 'MEC_USED', 'CLEAN', 'CLEAN', 'NEUTRAL', 'NEUTRAL', 'CLEAR', 'CLEAR', 'OPENING', 'BANCO_OFF')",16,7,10,70.000,ATTACK_STRONG,31.250,1.749779,5.7533
"('TANK', 'UTILITY', 'OFFENSIVE_ADV', 'SAFE', 'FULL', 'FIELD_THEIRS', 'SLOWER', 'MEC_USED', 'CLEAN', 'CLEAN', 'NEUTRAL', 'NEUTRAL', 'CLEAR', 'CLEAR', 'OPENING', 'BANCO_OFF')",16,7,13,53.846,SWITCH_DEFENSIVE,25.000,1.840749,6.3013
"('TANK', 'TANK', 'OFFENSIVE_ADV', 'CRIT', 'SAFE', 'NORMAL', 'FASTER', 'MEC_USED', 'CLEAN', 'CLEAN', 'NEUTRAL', 'NEUTRAL', 'CLEAR', 'SET', 'OPENING', 'BANCO_OFF')",16,5,9,55.556,ATTACK_STRONG,56.250,1.244017,3.4695
"('TANK', 'TANK', 'OFFENSIVE_ADV', 'FULL', 'CRIT', 'NORMAL', 'SLOWER', 'MEC_USED', 'CLEAN', 'CLEAN', 'NEUTRAL', 'NEUTRAL', 'CLEAR', 'CLEAR', 'OPENING', 'BANCO_OFF')",16,8,13,61.538,ATTACK_STRONG,25.000,1.906155,6.7272
"('TANK', 'TANK', 'NEUTRAL', 'SAFE', 'FULL', 'NORMAL', 'SLOWER', 'MEC_USED', 'CLEAN', 'CLEAN', 'NEUTRAL', 'NEUTRAL', 'SET', 'CLEAR', 'CLUTCH', 'BANCO_VAZIO')",16,6,13,46.154,STATUS,31.250,1.651670,5.2157
"('TANK', 'TANK', 'NEUTRAL', 'DANGER', 'FULL', 'NORMAL', 'FASTER', 'MEC_USED', 'CLEAN', 'CLEAN', 'NEUTRAL', 'NEUTRAL', 'CLEAR', 'CLEAR', 'OPENING', 'BANCO_AMBOS')",16,8,11,72.727,ATTACK_TECH,37.500,1.808046,6.0985
"('TANK', 'TANK', 'OFFENSIVE_ADV', 'SAFE', 'DANGER', 'NORMAL', 'FASTER', 'MEC_USED', 'CLEAN', 'CLEAN', 'NEUTRAL', 'NEUTRAL', 'SET', 'SET', 'OPENING', 'BANCO_OFF')",16,10,13,76.923,STATUS,31.250,2.063650,7.8747
"('TANK', 'TANK', 'DOMINANT', 'FULL', 'FULL', 'FIELD_THEIRS', 'FASTER', 'MEC_USED', 'CLEAN', 'CLEAN', 'NEUTRAL', 'NEUTRAL', 'SET', 'CLEAR', 'OPENING', 'BANCO_AMBOS')",16,8,11,72.727,PROTECT,18.750,1.981333,7.2524
"('TANK', 'TANK', 'NEUTRAL', 'FULL', 'SAFE', 'FIELD_SHARED', 'FASTER', 'MEC_AVAIL', 'CLEAN', 'CLEAN', 'NEUTRAL', 'NEUTRAL', 'CLEAR', 'CLEAR', 'OPENING', 'BANCO_OFF')",16,5,12,41.667,ATTACK_STRONG_MEC,37.500,1.461472,4.3123
"('TANK', 'UTILITY', 'OFFENSIVE_ADV', 'FULL', 'FULL', 'FIELD_OURS_OFF', 'SLOWER', 'MEC_USED', 'CLEAN', 'CLEAN', 'NEUTRAL', 'NEUTRAL', 'CLEAR', 'CLEAR', 'OPENING', 'BANCO_OFF')",16,6,8,75.000,ATTACK_TECH,37.500,1.511086,4.5317
"('SWEEPER', 'TANK', 'CRITICAL_DIS', 'FULL', 'FULL', 'FIELD_THEIRS', 'FASTER', 'MEC_USED', 'CLEAN', 'CLEAN', 'NEUTRAL', 'NEUTRAL', 'CLEAR', 'CLEAR', 'OPENING', 'BANCO_AMBOS')",16,6,7,85.714,STATUS,43.750,1.509273,4.5234
"('TANK', 'SWEEPER', 'OFFENSIVE_ADV', 'DANGER', 'SAFE', 'NORMAL', 'SLOWER', 'MEC_USED', 'CLEAN', 'CLEAN', 'NEUTRAL', 'NEUTRAL', 'CLEAR', 'CLEAR', 'OPENING', 'BANCO_OFF')",16,5,10,50.000,ATTACK_TECH,37.500,1.461472,4.3123
"('TANK', 'TANK', 'NEUTRAL', 'SAFE', 'SAFE', 'NORMAL', 'SLOWER', 'MEC_USED', 'CLEAN', 'AFFLICTED', 'NEUTRAL', 'NEUTRAL', 'CLEAR', 'CLEAR', 'OPENING', 'BANCO_OFF')",16,8,12,66.667,BUFF,25.000,1.960095,7.1000
"('TANK', 'TANK', 'CRITICAL_DIS', 'SAFE', 'FULL', 'NORMAL', 'FASTER', 'MEC_USED', 'CLEAN', 'CLEAN', 'NEUTRAL', 'NEUTRAL', 'CLEAR', 'CLEAR', 'BRAWL', 'BANCO_OFF')",16,6,10,60.000,HEAL,50.000,1.440235,4.2217
"('TANK', 'TANK', 'DEFENSIVE_DIS', 'SAFE', 'SAFE', 'NORMAL', 'FASTER', 'MEC_USED', 'CLEAN', 'CLEAN', 'NEUTRAL', 'NEUTRAL', 'CLEAR', 'SET', 'RECOVERING', 'BANCO_VAZIO')",16,5,9,55.556,HEAL,56.250,1.244017,3.4695
"('SWEEPER', 'TANK', 'VOLATILE', 'FULL', 'FULL', 'FIELD_OURS_OFF', 'FASTER', 'MEC_USED', 'CLEAN', 'CLEAN', 'NEUTRAL', 'NEUTRAL', 'CLEAR', 'CLEAR', 'OPENING', 'BANCO_OFF')",16,5,6,83.333,SWITCH_OFFENSIVE,62.500,1.160186,3.1905
"('TANK', 'TANK', 'NEUTRAL', 'SAFE', 'FULL', 'NORMAL', 'FASTER', 'MEC_USED', 'CLEAN', 'CLEAN', 'NEUTRAL', 'NEUTRAL', 'CLEAR', 'SET', 'OPENING', 'BANCO_VAZIO')",16,7,12,58.333,ATTACK_PIVOT,31.250,1.803719,6.0722
"('UTILITY', 'TANK', 'DEFENSIVE_DIS', 'FULL', 'FULL', 'FIELD_SHARED', 'FASTER', 'MEC_USED', 'CLEAN', 'CLEAN', 'NEUTRAL', 'NEUTRAL', 'CLEAR', 'CLEAR', 'OPENING', 'BANCO_OFF')",16,8,8,100.000,ATTACK_PREDICTIVE,18.750,1.981333,7.2524
"('TANK', 'UTILITY', 'VOLATILE', 'FULL', 'FULL', 'FIELD_OURS_DEF', 'SLOWER', 'MEC_AVAIL', 'CLEAN', 'CLEAN', 'NEUTRAL', 'NEUTRAL', 'CLEAR', 'CLEAR', 'OPENING', 'BANCO_VAZIO')",16,5,6,83.333,SWITCH_OFFENSIVE,37.500,1.461472,4.3123
"('TANK', 'TANK', 'NEUTRAL', 'FULL', 'FULL', 'FIELD_SHARED', 'SLOWER', 'MEC_USED', 'CLEAN', 'AFFLICTED', 'NEUTRAL', 'NEUTRAL', 'CLEAR', 'CLEAR', 'OPENING', 'BANCO_OFF')",16,8,8,100.000,HEAL,31.250,1.857660,6.4087
"('TANK', 'TANK', 'DEFENSIVE_DIS', 'FULL', 'SAFE', 'FIELD_OURS_OFF', 'SLOWER', 'MEC_USED', 'CLEAN', 'CLEAN', 'NEUTRAL', 'NEUTRAL', 'CLEAR', 'CLEAR', 'OPENING', 'BANCO_AMBOS')",16,7,10,70.000,SWITCH_DEFENSIVE,37.500,1.721402,5.5924
"('TANK', 'UTILITY', 'NEUTRAL', 'FULL', 'FULL', 'NORMAL', 'SLOWER', 'MEC_USED', 'CLEAN', 'CLEAN', 'NEUTRAL', 'NEUTRAL', 'CLEAR', 'CLEAR', 'OPENING', 'BANCO_VAZIO')",16,9,10,90.000,ATTACK_PIVOT,25.000,2.079442,8.0000
"('TANK', 'TANK', 'DEFENSIVE_DIS', 'FULL', 'SAFE', 'FIELD_SHARED', 'FASTER', 'MEC_USED', 'CLEAN', 'CLEAN', 'NEUTRAL', 'NEUTRAL', 'CLEAR', 'CLEAR', 'OPENING', 'BANCO_OFF')",16,4,9,44.444,SWITCH_OFFENSIVE,50.000,1.234245,3.4358
"('TANK', 'TANK', 'NEUTRAL', 'FULL', 'SAFE', 'FIELD_THEIRS', 'SLOWER', 'MEC_USED', 'CLEAN', 'CLEAN', 'NEUTRAL', 'NEUTRAL', 'CLEAR', 'CLEAR', 'OPENING', 'BANCO_OFF')",16,8,10,80.000,ATTACK_PREDICTIVE,25.000,1.906155,6.7272
"('TANK', 'TANK', 'OFFENSIVE_ADV', 'SAFE', 'FULL', 'NORMAL', 'FASTER', 'MEC_USED', 'CLEAN', 'CLEAN', 'NEUTRAL', 'NEUTRAL', 'CLEAR', 'CLEAR', 'BRAWL', 'BANCO_VAZIO')",16,8,9,88.889,HEAL,31.250,1.890363,6.6218
"('TANK', 'TANK', 'NEUTRAL', 'SAFE', 'CRIT', 'NORMAL', 'SLOWER', 'MEC_USED', 'CLEAN', 'CLEAN', 'NEUTRAL', 'NEUTRAL', 'CLEAR', 'SET', 'RECOVERING', 'BANCO_VAZIO')",16,4,8,50.000,HEAL,62.500,1.040840,2.8316
"('TANK', 'TANK', 'OFFENSIVE_DIS', 'FULL', 'SAFE', 'NORMAL', 'SLOWER', 'MEC_USED', 'CLEAN', 'CLEAN', 'NEUTRAL', 'NEUTRAL', 'SET', 'CLEAR', 'RECOVERING', 'BANCO_VAZIO')",16,7,9,77.778,SWITCH_OFFENSIVE,56.250,1.450006,4.2631
"('TANK', 'SWEEPER', 'CRITICAL_DIS', 'FULL', 'FULL', 'NORMAL', 'SLOWER', 'MEC_USED', 'CLEAN', 'CLEAN', 'DEBUFF', 'NEUTRAL', 'CLEAR', 'CLEAR', 'OPENING', 'BANCO_OFF')",16,5,7,71.429,SWITCH_DEFENSIVE,31.250,1.511086,4.5317
"('TANK', 'TANK', 'OFFENSIVE_DIS', 'FULL', 'FULL', 'NORMAL', 'SLOWER', 'MEC_USED', 'CLEAN', 'CLEAN', 'NEUTRAL', 'NEUTRAL', 'CLEAR', 'CLEAR', 'RECOVERING', 'BANCO_OFF')",16,9,13,69.231,HEAL,18.750,2.100679,8.1717
"('TANK', 'TANK', 'NEUTRAL', 'SAFE', 'SAFE', 'NORMAL', 'SLOWER', 'MEC_USED', 'CLEAN', 'CLEAN', 'NEUTRAL', 'NEUTRAL', 'CLEAR', 'SET', 'OPENING', 'BANCO_AMBOS')",16,4,13,30.769,ATTACK_TECH,68.750,0.918046,2.5044
"('TANK', 'SWEEPER', 'DOMINANT', 'FULL', 'FULL', 'FIELD_OURS_DEF', 'SLOWER', 'MEC_USED', 'CLEAN', 'CLEAN', 'NEUTRAL', 'NEUTRAL', 'CLEAR', 'CLEAR', 'OPENING', 'BANCO_OFF')",16,5,6,83.333,ATTACK_STRONG,43.750,1.331660,3.7873
"('TANK', 'TANK', 'NEUTRAL', 'SAFE', 'CRIT', 'NORMAL', 'SLOWER', 'MEC_USED', 'CLEAN', 'CLEAN', 'NEUTRAL', 'NEUTRAL', 'CLEAR', 'CLEAR', 'OPENING', 'BANCO_OFF')",16,7,11,63.636,ATTACK_PIVOT,31.250,1.749779,5.7533
"('TANK', 'TANK', 'NEUTRAL', 'FULL', 'SAFE', 'NORMAL', 'SLOWER', 'MEC_USED', 'CLEAN', 'CLEAN', 'NEUTRAL', 'NEUTRAL', 'SET', 'SET', 'BRAWL', 'BANCO_OFF')",16,4,12,33.333,ATTACK_TECH,50.000,1.213008,3.3636
"('TANK', 'TANK', 'NEUTRAL', 'SAFE', 'SAFE', 'NORMAL', 'FASTER', 'MEC_USED', 'CLEAN', 'CLEAN', 'NEUTRAL', 'NEUTRAL', 'CLEAR', 'CLEAR', 'BRAWL', 'BANCO_OFF')",16,7,10,70.000,ATTACK_STRONG,50.000,1.559581,4.7568
"('TANK', 'TANK', 'DEFENSIVE_DIS', 'FULL', 'SAFE', 'FIELD_THEIRS', 'SLOWER', 'MEC_USED', 'CLEAN', 'CLEAN', 'NEUTRAL', 'NEUTRAL', 'CLEAR', 'CLEAR', 'OPENING', 'BANCO_AMBOS')",16,6,12,50.000,ATTACK_PIVOT,56.250,1.363363,3.9093
"('TANK', 'TANK', 'OFFENSIVE_ADV', 'SAFE', 'FULL', 'NORMAL', 'FASTER', 'MEC_AVAIL', 'CLEAN', 'CLEAN', 'NEUTRAL', 'NEUTRAL', 'CLEAR', 'CLEAR', 'OPENING', 'BANCO_AMBOS')",16,10,14,71.429,BUFF_MEC,25.000,2.166085,8.7241
"('TANK', 'TANK', 'CRITICAL_DIS', 'DANGER', 'SAFE', 'NORMAL', 'SLOWER', 'MEC_USED', 'CLEAN', 'CLEAN', 'NEUTRAL', 'NEUTRAL', 'SET', 'SET', 'RECOVERING', 'BANCO_VAZIO')",16,8,13,61.538,PROTECT,31.250,1.766690,5.8515
"('TANK', 'TANK', 'CRITICAL_DIS', 'SAFE', 'SAFE', 'NORMAL', 'SLOWER', 'MEC_USED', 'CLEAN', 'CLEAN', 'NEUTRAL', 'NEUTRAL', 'CLEAR', 'CLEAR', 'RECOVERING', 'BANCO_VAZIO')",16,9,12,75.000,ATTACK_PREDICTIVE,25.000,2.046739,7.7426
"('TANK', 'TANK', 'OFFENSIVE_DIS', 'FULL', 'FULL', 'NORMAL', 'SLOWER', 'MEC_USED', 'CLEAN', 'CLEAN', 'NEUTRAL', 'NEUTRAL', 'CLEAR', 'SET', 'CLUTCH', 'BANCO_VAZIO')",16,5,12,41.667,ATTACK_TECH,37.500,1.461472,4.3123
"('TANK', 'TANK', 'NEUTRAL', 'FULL', 'FULL', 'NORMAL', 'FASTER', 'MEC_AVAIL', 'CLEAN', 'CLEAN', 'NEUTRAL', 'NEUTRAL', 'CLEAR', 'CLEAR', 'BRAWL', 'BANCO_OFF')",16,7,18,38.889,ATTACK_STRONG_MEC,43.750,1.628620,5.0968
"('TANK', 'TANK', 'OFFENSIVE_ADV', 'FULL', 'CRIT', 'NORMAL', 'SLOWER', 'MEC_USED', 'CLEAN', 'CLEAN', 'NEUTRAL', 'NEUTRAL', 'CLEAR', 'CLEAR', 'RECOVERING', 'BANCO_VAZIO')",16,3,5,60.000,BARRIER,81.250,0.601924,1.8256
"('TANK', 'TANK', 'NEUTRAL', 'SAFE', 'FULL', 'NORMAL', 'FASTER', 'MEC_USED', 'CLEAN', 'CLEAN', 'NEUTRAL', 'NEUTRAL', 'CLEAR', 'SET', 'CLUTCH', 'BANCO_VAZIO')",16,3,8,37.500,HEAL,62.500,0.830524,2.2945
"('TANK', 'TANK', 'DEFENSIVE_DIS', 'FULL', 'SAFE', 'NORMAL', 'SLOWER', 'MEC_USED', 'CLEAN', 'CLEAN', 'NEUTRAL', 'NEUTRAL', 'CLEAR', 'CLEAR', 'OPENING', 'BANCO_VAZIO')",16,7,10,70.000,STATUS,31.250,1.803719,6.0722
"('TANK', 'TANK', 'NEUTRAL', 'FULL', 'DANGER', 'NORMAL', 'FASTER', 'MEC_USED', 'CLEAN', 'CLEAN', 'NEUTRAL', 'NEUTRAL', 'CLEAR', 'CLEAR', 'RECOVERING', 'BANCO_VAZIO')",16,10,12,83.333,CLEAN_HAZARD,25.000,2.133382,8.4434
"('TANK', 'TANK', 'NEUTRAL', 'FULL', 'SAFE', 'NORMAL', 'FASTER', 'MEC_USED', 'CLEAN', 'CLEAN', 'NEUTRAL', 'NEUTRAL', 'SET', 'CLEAR', 'RECOVERING', 'BANCO_VAZIO')",16,7,12,58.333,CLEAN_HAZARD,37.500,1.667462,5.2987
"('TANK', 'TANK', 'OFFENSIVE_DIS', 'FULL', 'FULL', 'NORMAL', 'FASTER', 'MEC_USED', 'AFFLICTED', 'CLEAN', 'DEBUFF', 'NEUTRAL', 'CLEAR', 'CLEAR', 'CLUTCH', 'BANCO_VAZIO')",16,1,1,100.000,ATTACK_PIVOT,100.000,-0.000000,1.0000
"('SWEEPER', 'SWEEPER', 'VOLATILE', 'SAFE', 'FULL', 'FIELD_OURS_OFF', 'FASTER', 'MEC_USED', 'CLEAN', 'CLEAN', 'NEUTRAL', 'NEUTRAL', 'CLEAR', 'CLEAR', 'OPENING', 'BANCO_OFF')",16,6,7,85.714,ATTACK_PIVOT,37.500,1.511086,4.5317
"('TANK', 'TANK', 'NEUTRAL', 'FULL', 'FULL', 'NORMAL', 'SLOWER', 'MEC_USED', 'CLEAN', 'AFFLICTED', 'NEUTRAL', 'DEBUFF', 'SET', 'SET', 'CLUTCH', 'BANCO_VAZIO')",15,3,9,33.333,ATTACK_STRONG,86.667,0.485094,1.6243
"('TANK', 'TANK', 'CRITICAL_DIS', 'FULL', 'FULL', 'NORMAL', 'SLOWER', 'MEC_USED', 'AFFLICTED', 'AFFLICTED', 'DEBUFF', 'BUFFED', 'CLEAR', 'CLEAR', 'CLUTCH', 'BANCO_VAZIO')",15,2,2,100.000,STATUS,93.333,0.244930,1.2775
"('TANK', 'TANK', 'DEFENSIVE_ADV', 'FULL', 'FULL', 'NORMAL', 'SLOWER', 'MEC_USED', 'CLEAN', 'AFFLICTED', 'NEUTRAL', 'NEUTRAL', 'SET', 'CLEAR', 'RECOVERING', 'BANCO_VAZIO')",15,6,8,75.000,STAT_CLEAN,53.333,1.414175,4.1131
"('TANK', 'TANK', 'OFFENSIVE_DIS', 'FULL', 'SAFE', 'NORMAL', 'SLOWER', 'MEC_USED', 'CLEAN', 'CLEAN', 'NEUTRAL', 'NEUTRAL', 'CLEAR', 'CLEAR', 'BRAWL', 'BANCO_OFF')",15,6,11,54.545,STATUS,33.333,1.617053,5.0382
"('UTILITY', 'TANK', 'VOLATILE', 'FULL', 'FULL', 'FIELD_OURS_OFF', 'FASTER', 'MEC_USED', 'CLEAN', 'CLEAN', 'NEUTRAL', 'NEUTRAL', 'CLEAR', 'CLEAR', 'OPENING', 'BANCO_AMBOS')",15,6,7,85.714,ATTACK_STRONG,40.000,1.529248,4.6147
"('TANK', 'TANK', 'NEUTRAL', 'DANGER', 'FULL', 'NORMAL', 'SLOWER', 'MEC_USED', 'CLEAN', 'CLEAN', 'NEUTRAL', 'NEUTRAL', 'CLEAR', 'SET', 'RECOVERING', 'BANCO_VAZIO')",15,9,12,75.000,HEAL,26.667,2.026230,7.5854
"('TANK', 'TANK', 'VOLATILE', 'FULL', 'FULL', 'FIELD_SHARED', 'FASTER', 'MEC_USED', 'CLEAN', 'CLEAN', 'NEUTRAL', 'NEUTRAL', 'CLEAR', 'SET', 'OPENING', 'BANCO_OFF')",15,6,9,66.667,HAZARD,46.667,1.430280,4.1799
"('TANK', 'TANK', 'NEUTRAL', 'FULL', 'DANGER', 'NORMAL', 'SLOWER', 'MEC_USED', 'CLEAN', 'CLEAN', 'DEBUFF', 'NEUTRAL', 'CLEAR', 'CLEAR', 'CLUTCH', 'BANCO_VAZIO')",15,2,3,66.667,CLEAN_HAZARD,93.333,0.244930,1.2775
"('TANK', 'TANK', 'NEUTRAL', 'FULL', 'SAFE', 'NORMAL', 'SLOWER', 'MEC_USED', 'AFFLICTED', 'CLEAN', 'NEUTRAL', 'DEBUFF', 'SET', 'SET', 'RECOVERING', 'BANCO_VAZIO')",15,2,2,100.000,STATUS,53.333,0.690923,1.9956
"('TANK', 'TANK', 'NEUTRAL', 'FULL', 'SAFE', 'FIELD_SHARED', 'FASTER', 'MEC_USED', 'CLEAN', 'CLEAN', 'NEUTRAL', 'NEUTRAL', 'SET', 'CLEAR', 'OPENING', 'BANCO_AMBOS')",15,11,13,84.615,ATTACK_TECH,20.000,2.268605,9.6659
"('TANK', 'TANK', 'OFFENSIVE_ADV', 'FULL', 'SAFE', 'FIELD_THEIRS', 'SLOWER', 'MEC_USED', 'CLEAN', 'CLEAN', 'NEUTRAL', 'NEUTRAL', 'SET', 'CLEAR', 'OPENING', 'BANCO_OFF')",15,9,13,69.231,ATTACK_TECH,20.000,2.083766,8.0347
"('TANK', 'TANK', 'OFFENSIVE_DIS', 'SAFE', 'SAFE', 'NORMAL', 'FASTER', 'MEC_USED', 'CLEAN', 'CLEAN', 'NEUTRAL', 'NEUTRAL', 'SET', 'SET', 'OPENING', 'BANCO_OFF')",15,6,11,54.545,STAT_CLEAN,33.333,1.582170,4.8655
"('TANK', 'TANK', 'OFFENSIVE_DIS', 'SAFE', 'FULL', 'NORMAL', 'FASTER', 'MEC_USED', 'CLEAN', 'CLEAN', 'NEUTRAL', 'NEUTRAL', 'SET', 'CLEAR', 'BRAWL', 'BANCO_OFF')",15,8,12,66.667,HEAL,26.667,1.933810,6.9158
"('TANK', 'TANK', 'NEUTRAL', 'FULL', 'SAFE', 'NORMAL', 'FASTER', 'MEC_USED', 'CLEAN', 'AFFLICTED', 'NEUTRAL', 'DEBUFF', 'SET', 'SET', 'RECOVERING', 'BANCO_VAZIO')",15,5,10,50.000,ATTACK_STRONG,60.000,1.204876,3.3363
"('TANK', 'TANK', 'NEUTRAL', 'CRIT', 'SAFE', 'NORMAL', 'FASTER', 'MEC_USED', 'CLEAN', 'CLEAN', 'NEUTRAL', 'NEUTRAL', 'CLEAR', 'CLEAR', 'OPENING', 'BANCO_VAZIO')",15,7,9,77.778,ATTACK_TECH,26.667,1.806507,6.0891
"('TANK', 'TANK', 'OFFENSIVE_DIS', 'FULL', 'FULL', 'NORMAL', 'SLOWER', 'MEC_USED', 'CLEAN', 'CLEAN', 'NEUTRAL', 'NEUTRAL', 'SET', 'CLEAR', 'BRAWL', 'BANCO_OFF')",15,9,11,81.818,ATTACK_PREDICTIVE,20.000,2.048883,7.7592
"('TANK', 'UTILITY', 'OFFENSIVE_DIS', 'FULL', 'SAFE', 'NORMAL', 'SLOWER', 'MEC_USED', 'CLEAN', 'CLEAN', 'NEUTRAL', 'NEUTRAL', 'CLEAR', 'CLEAR', 'OPENING', 'BANCO_OFF')",15,7,11,63.636,BUFF,33.333,1.767009,5.8533
"('TANK', 'SWEEPER', 'DEFENSIVE_ADV', 'FULL', 'FULL', 'FIELD_SHARED', 'SLOWER', 'MEC_USED', 'CLEAN', 'CLEAN', 'NEUTRAL', 'NEUTRAL', 'CLEAR', 'CLEAR', 'OPENING', 'BANCO_OFF')",15,7,10,70.000,ATTACK_PREDICTIVE,20.000,1.864044,6.4498
"('TANK', 'TANK', 'OFFENSIVE_ADV', 'SAFE', 'SAFE', 'NORMAL', 'FASTER', 'MEC_USED', 'CLEAN', 'CLEAN', 'NEUTRAL', 'NEUTRAL', 'SET', 'CLEAR', 'OPENING', 'BANCO_AMBOS')",15,9,10,90.000,ATTACK_STRONG,20.000,2.118649,8.3199
"('TANK', 'TANK', 'NEUTRAL', 'DANGER', 'FULL', 'NORMAL', 'FASTER', 'MEC_USED', 'CLEAN', 'CLEAN', 'NEUTRAL', 'NEUTRAL', 'SET', 'SET', 'CLUTCH', 'BANCO_VAZIO')",15,9,13,69.231,HEAL,40.000,1.898927,6.6787
"('TANK', 'SWEEPER', 'VOLATILE', 'FULL', 'FULL', 'FIELD_OURS_DEF', 'SLOWER', 'MEC_USED', 'CLEAN', 'CLEAN', 'NEUTRAL', 'NEUTRAL', 'CLEAR', 'CLEAR', 'OPENING', 'BANCO_AMBOS')",15,2,4,50.000,ATTACK_STRONG,86.667,0.392674,1.4809
"('TANK', 'TANK', 'NEUTRAL', 'FULL', 'FULL', 'NORMAL', 'FASTER', 'MEC_AVAIL', 'CLEAN', 'CLEAN', 'NEUTRAL', 'DEBUFF', 'CLEAR', 'CLEAR', 'OPENING', 'BANCO_OFF')",15,6,10,60.000,SWITCH_OFFENSIVE,46.667,1.487817,4.4274
"('UTILITY', 'TANK', 'OFFENSIVE_ADV', 'FULL', 'FULL', 'FIELD_OURS_OFF', 'FASTER', 'MEC_USED', 'CLEAN', 'CLEAN', 'NEUTRAL', 'NEUTRAL', 'CLEAR', 'CLEAR', 'OPENING', 'BANCO_OFF')",15,4,8,50.000,ATTACK_STRONG,80.000,0.720125,2.0547
"('TANK', 'TANK', 'OFFENSIVE_ADV', 'FULL', 'SAFE', 'FIELD_THEIRS', 'FASTER', 'MEC_USED', 'CLEAN', 'CLEAN', 'NEUTRAL', 'NEUTRAL', 'SET', 'CLEAR', 'OPENING', 'BANCO_OFF')",15,10,13,76.923,BUFF,26.667,2.153532,8.6152
"('TANK', 'TANK', 'NEUTRAL', 'DANGER', 'SAFE', 'FIELD_SHARED', 'FASTER', 'MEC_USED', 'CLEAN', 'CLEAN', 'NEUTRAL', 'NEUTRAL', 'CLEAR', 'CLEAR', 'OPENING', 'BANCO_OFF')",15,9,10,90.000,ATTACK_STRONG,33.333,1.986732,7.2917
"('TANK', 'TANK', 'VOLATILE', 'SAFE', 'SAFE', 'FIELD_OURS_OFF', 'SLOWER', 'MEC_USED', 'CLEAN', 'CLEAN', 'NEUTRAL', 'NEUTRAL', 'CLEAR', 'CLEAR', 'OPENING', 'BANCO_AMBOS')",15,3,7,42.857,ATTACK_STRONG,60.000,0.853236,2.3472
"('TANK', 'TANK', 'OFFENSIVE_ADV', 'SAFE', 'FULL', 'NORMAL', 'FASTER', 'MEC_USED', 'CLEAN', 'CLEAN', 'BUFFED', 'NEUTRAL', 'SET', 'CLEAR', 'OPENING', 'BANCO_OFF')",15,6,7,85.714,ATTACK_STRONG,40.000,1.621668,5.0615
"('TANK', 'TANK', 'CRITICAL_DIS', 'FULL', 'FULL', 'NORMAL', 'SLOWER', 'MEC_USED', 'CLEAN', 'CLEAN', 'NEUTRAL', 'NEUTRAL', 'SET', 'CLEAR', 'RECOVERING', 'BANCO_VAZIO')",15,8,13,61.538,STATUS,33.333,1.894312,6.6480
"('TANK', 'SWEEPER', 'NEUTRAL', 'FULL', 'FULL', 'NORMAL', 'SLOWER', 'MEC_AVAIL', 'CLEAN', 'CLEAN', 'DEBUFF', 'NEUTRAL', 'CLEAR', 'CLEAR', 'OPENING', 'BANCO_OFF')",15,6,8,75.000,ATTACK_PREDICTIVE_MEC,33.333,1.674590,5.3366
"('TANK', 'TANK', 'NEUTRAL', 'SAFE', 'FULL', 'NORMAL', 'SLOWER', 'MEC_USED', 'CLEAN', 'CLEAN', 'NEUTRAL', 'NEUTRAL', 'SET', 'CLEAR', 'RECOVERING', 'BANCO_VAZIO')",15,10,14,71.429,HAZARD,20.000,2.211069,9.1255
"('TANK', 'TANK', 'DEFENSIVE_ADV', 'FULL', 'SAFE', 'NORMAL', 'SLOWER', 'MEC_USED', 'CLEAN', 'CLEAN', 'NEUTRAL', 'NEUTRAL', 'CLEAR', 'CLEAR', 'OPENING', 'BANCO_AMBOS')",15,3,12,25.000,ATTACK_STRONG,46.667,0.990835,2.6935
"('TANK', 'TANK', 'OFFENSIVE_ADV', 'FULL', 'SAFE', 'NORMAL', 'FASTER', 'MEC_AVAIL', 'CLEAN', 'CLEAN', 'NEUTRAL', 'NEUTRAL', 'CLEAR', 'CLEAR', 'BRAWL', 'BANCO_OFF')",15,6,12,50.000,SWITCH_DEFENSIVE,33.333,1.617053,5.0382
"('UTILITY', 'TANK', 'OFFENSIVE_DIS', 'FULL', 'FULL', 'NORMAL', 'FASTER', 'MEC_USED', 'CLEAN', 'CLEAN', 'NEUTRAL', 'NEUTRAL', 'CLEAR', 'CLEAR', 'OPENING', 'BANCO_OFF')",15,5,7,71.429,ATTACK_PIVOT,46.667,1.430280,4.1799
"('SWEEPER', 'TANK', 'DOMINANT', 'FULL', 'FULL', 'FIELD_SHARED', 'FASTER', 'MEC_USED', 'CLEAN', 'CLEAN', 'NEUTRAL', 'NEUTRAL', 'CLEAR', 'CLEAR', 'OPENING', 'BANCO_OFF')",15,3,9,33.333,ATTACK_STRONG,73.333,0.764754,2.1485
"('SWEEPER', 'TANK', 'CRITICAL_DIS', 'FULL', 'FULL', 'FIELD_SHARED', 'FASTER', 'MEC_USED', 'CLEAN', 'CLEAN', 'NEUTRAL', 'NEUTRAL', 'CLEAR', 'CLEAR', 'OPENING', 'BANCO_AMBOS')",15,6,8,75.000,ATTACK_PREDICTIVE,26.667,1.679204,5.3613
"('TANK', 'TANK', 'NEUTRAL', 'SAFE', 'DANGER', 'NORMAL', 'SLOWER', 'MEC_USED', 'CLEAN', 'CLEAN', 'NEUTRAL', 'NEUTRAL', 'SET', 'CLEAR', 'OPENING', 'BANCO_VAZIO')",15,9,11,81.818,ATTACK_STRONG,46.667,1.799959,6.0494
"('TANK', 'TANK', 'VOLATILE', 'SAFE', 'SAFE', 'NORMAL', 'FASTER', 'MEC_USED', 'CLEAN', 'CLEAN', 'NEUTRAL', 'NEUTRAL', 'SET', 'SET', 'OPENING', 'BANCO_OFF')",15,5,14,35.714,ATTACK_TECH,40.000,1.401945,4.0631
"('TANK', 'SWEEPER', 'DEFENSIVE_DIS', 'SAFE', 'FULL', 'NORMAL', 'SLOWER', 'MEC_USED', 'CLEAN', 'CLEAN', 'NEUTRAL', 'NEUTRAL', 'CLEAR', 'CLEAR', 'OPENING', 'BANCO_AMBOS')",15,10,12,83.333,SWITCH_DEFENSIVE,20.000,2.211069,9.1255
"('TANK', 'TANK', 'OFFENSIVE_DIS', 'DANGER', 'DANGER', 'NORMAL', 'SLOWER', 'MEC_USED', 'CLEAN', 'CLEAN', 'NEUTRAL', 'NEUTRAL', 'CLEAR', 'SET', 'RECOVERING', 'BANCO_VAZIO')",15,5,10,50.000,HEAL,60.000,1.204876,3.3363
"('TANK', 'TANK', 'NEUTRAL', 'CRIT', 'SAFE', 'NORMAL', 'FASTER', 'MEC_USED', 'CLEAN', 'CLEAN', 'NEUTRAL', 'NEUTRAL', 'SET', 'CLEAR', 'RECOVERING', 'BANCO_VAZIO')",15,8,9,88.889,ATTACK_STRONG,26.667,1.933810,6.9158
"('TANK', 'SWEEPER', 'OFFENSIVE_ADV', 'FULL', 'FULL', 'FIELD_THEIRS', 'SLOWER', 'MEC_USED', 'CLEAN', 'CLEAN', 'NEUTRAL', 'NEUTRAL', 'CLEAR', 'CLEAR', 'OPENING', 'BANCO_VAZIO')",15,9,9,100.000,ATTACK_TECH,20.000,2.118649,8.3199
"('TANK', 'TANK', 'NEUTRAL', 'FULL', 'FULL', 'FIELD_THEIRS', 'SLOWER', 'MEC_AVAIL', 'CLEAN', 'CLEAN', 'NEUTRAL', 'NEUTRAL', 'CLEAR', 'CLEAR', 'OPENING', 'BANCO_VAZIO')",15,7,10,70.000,BUFF_MEC,40.000,1.679204,5.3613
"('SWEEPER', 'TANK', 'VOLATILE', 'FULL', 'SAFE', 'FIELD_OURS_OFF', 'FASTER', 'MEC_USED', 'CLEAN', 'CLEAN', 'NEUTRAL', 'NEUTRAL', 'CLEAR', 'CLEAR', 'OPENING', 'BANCO_AMBOS')",15,5,6,83.333,SWITCH_DEFENSIVE,33.333,1.489750,4.4360
"('TANK', 'TANK', 'DEFENSIVE_DIS', 'DANGER', 'FULL', 'NORMAL', 'FASTER', 'MEC_USED', 'CLEAN', 'CLEAN', 'NEUTRAL', 'NEUTRAL', 'CLEAR', 'CLEAR', 'RECOVERING', 'BANCO_VAZIO')",15,8,10,80.000,HEAL,33.333,1.894312,6.6480
"('TANK', 'TANK', 'OFFENSIVE_DIS', 'SAFE', 'SAFE', 'NORMAL', 'SLOWER', 'MEC_USED', 'CLEAN', 'CLEAN', 'NEUTRAL', 'NEUTRAL', 'CLEAR', 'SET', 'OPENING', 'BANCO_OFF')",15,10,13,76.923,ATTACK_STRONG,20.000,2.211069,9.1255
"('TANK', 'TANK', 'NEUTRAL', 'FULL', 'SAFE', 'NORMAL', 'SLOWER', 'MEC_USED', 'CLEAN', 'CLEAN', 'NEUTRAL', 'NEUTRAL', 'CLEAR', 'SET', 'BRAWL', 'BANCO_OFF')",15,5,12,41.667,ATTACK_STRONG,33.333,1.450252,4.2642
"('TANK', 'TANK', 'NEUTRAL', 'SAFE', 'CRIT', 'NORMAL', 'FASTER', 'MEC_USED', 'CLEAN', 'CLEAN', 'NEUTRAL', 'NEUTRAL', 'CLEAR', 'CLEAR', 'OPENING', 'BANCO_OFF')",15,7,12,58.333,HEAL,33.333,1.732126,5.6527
"('TANK', 'TANK', 'NEUTRAL', 'FULL', 'CRIT', 'NORMAL', 'FASTER', 'MEC_USED', 'CLEAN', 'CLEAN', 'NEUTRAL', 'NEUTRAL', 'CLEAR', 'CLEAR', 'OPENING', 'BANCO_OFF')",15,7,11,63.636,ATTACK_STRONG,26.667,1.783854,5.9528
"('TANK', 'TANK', 'DEFENSIVE_DIS', 'SAFE', 'FULL', 'NORMAL', 'FASTER', 'MEC_USED', 'CLEAN', 'CLEAN', 'NEUTRAL', 'NEUTRAL', 'CLEAR', 'SET', 'RECOVERING', 'BANCO_VAZIO')",15,7,10,70.000,HEAL,40.000,1.714088,5.5516
"('SWEEPER', 'TANK', 'OFFENSIVE_ADV', 'SAFE', 'SAFE', 'NORMAL', 'FASTER', 'MEC_USED', 'CLEAN', 'CLEAN', 'NEUTRAL', 'DEBUFF', 'SET', 'CLEAR', 'OPENING', 'BANCO_OFF')",15,8,9,88.889,ATTACK_STRONG,26.667,1.933810,6.9158
"('TANK', 'TANK', 'OFFENSIVE_DIS', 'SAFE', 'SAFE', 'NORMAL', 'SLOWER', 'MEC_USED', 'CLEAN', 'CLEAN', 'NEUTRAL', 'NEUTRAL', 'SET', 'SET', 'BRAWL', 'BANCO_OFF')",15,9,13,69.231,STATUS,40.000,1.898927,6.6787
"('SWEEPER', 'TANK', 'OFFENSIVE_ADV', 'FULL', 'SAFE', 'NORMAL', 'FASTER', 'MEC_USED', 'CLEAN', 'CLEAN', 'NEUTRAL', 'NEUTRAL', 'SET', 'CLEAR', 'OPENING', 'BANCO_OFF')",15,8,9,88.889,ATTACK_STRONG,20.000,1.991346,7.3254
"('TANK', 'TANK', 'NEUTRAL', 'FULL', 'SAFE', 'NORMAL', 'SLOWER', 'MEC_USED', 'CLEAN', 'CLEAN', 'NEUTRAL', 'NEUTRAL', 'CLEAR', 'SET', 'OPENING', 'BANCO_VAZIO')",15,8,10,80.000,HEAL,20.000,1.991346,7.3254
"('TANK', 'TANK', 'NEUTRAL', 'SAFE', 'SAFE', 'NORMAL', 'SLOWER', 'MEC_USED', 'CLEAN', 'CLEAN', 'NEUTRAL', 'NEUTRAL', 'CLEAR', 'SET', 'BRAWL', 'BANCO_OFF')",15,4,11,36.364,STATUS,40.000,1.182223,3.2616
"('TANK', 'SWEEPER', 'DOMINANT', 'FULL', 'FULL', 'NORMAL', 'SLOWER', 'MEC_AVAIL', 'CLEAN', 'CLEAN', 'NEUTRAL', 'NEUTRAL', 'CLEAR', 'CLEAR', 'OPENING', 'BANCO_OFF')",15,9,15,60.000,ATTACK_STRONG_MEC,20.000,2.083766,8.0347
"('TANK', 'SWEEPER', 'OFFENSIVE_ADV', 'FULL', 'FULL', 'NORMAL', 'SLOWER', 'MEC_USED', 'CLEAN', 'CLEAN', 'NEUTRAL', 'NEUTRAL', 'SET', 'CLEAR', 'OPENING', 'BANCO_OFF')",15,9,14,64.286,ATTACK_STRONG,26.667,2.061113,7.8547
"('TANK', 'TANK', 'OFFENSIVE_DIS', 'CRIT', 'FULL', 'NORMAL', 'SLOWER', 'MEC_USED', 'CLEAN', 'AFFLICTED', 'DEBUFF', 'NEUTRAL', 'SET', 'SET', 'CLUTCH', 'BANCO_VAZIO')",15,1,1,100.000,STATUS,100.000,-0.000000,1.0000
"('TANK', 'TANK', 'OFFENSIVE_ADV', 'SAFE', 'FULL', 'FIELD_SHARED', 'SLOWER', 'MEC_USED', 'CLEAN', 'CLEAN', 'NEUTRAL', 'NEUTRAL', 'CLEAR', 'CLEAR', 'OPENING', 'BANCO_AMBOS')",15,8,12,66.667,ATTACK_PIVOT,26.667,1.933810,6.9158
"('SWEEPER', 'TANK', 'OFFENSIVE_ADV', 'SAFE', 'FULL', 'FIELD_OURS_OFF', 'FASTER', 'MEC_USED', 'CLEAN', 'CLEAN', 'NEUTRAL', 'NEUTRAL', 'CLEAR', 'CLEAR', 'OPENING', 'BANCO_OFF')",15,8,8,100.000,ATTACK_PIVOT,26.667,1.898927,6.6787
"('TANK', 'TANK', 'OFFENSIVE_DIS', 'FULL', 'SAFE', 'NORMAL', 'SLOWER', 'MEC_USED', 'AFFLICTED', 'CLEAN', 'BUFFED', 'NEUTRAL', 'SET', 'SET', 'RECOVERING', 'BANCO_VAZIO')",15,3,3,100.000,HEAL,40.000,1.085189,2.9600
"('TANK', 'TANK', 'DOMINANT', 'FULL', 'SAFE', 'NORMAL', 'FASTER', 'MEC_USED', 'CLEAN', 'CLEAN', 'NEUTRAL', 'NEUTRAL', 'SET', 'CLEAR', 'OPENING', 'BANCO_OFF')",15,10,12,83.333,ATTACK_STRONG,20.000,2.176186,8.8126
"('TANK', 'TANK', 'OFFENSIVE_DIS', 'FULL', 'SAFE', 'NORMAL', 'SLOWER', 'MEC_USED', 'AFFLICTED', 'AFFLICTED', 'NEUTRAL', 'NEUTRAL', 'CLEAR', 'CLEAR', 'CLUTCH', 'BANCO_VAZIO')",15,3,5,60.000,STATUS,46.667,0.891867,2.4397
"('TANK', 'TANK', 'NEUTRAL', 'FULL', 'SAFE', 'NORMAL', 'SLOWER', 'MEC_USED', 'CLEAN', 'CLEAN', 'NEUTRAL', 'NEUTRAL', 'SET', 'CLEAR', 'BRAWL', 'BANCO_VAZIO')",15,6,11,54.545,STAT_CLEAN,53.333,1.414175,4.1131
"('TANK', 'TANK', 'NEUTRAL', 'FULL', 'FULL', 'NORMAL', 'SLOWER', 'MEC_USED', 'AFFLICTED', 'AFFLICTED', 'NEUTRAL', 'DEBUFF', 'SET', 'SET', 'CLUTCH', 'BANCO_VAZIO')",15,3,4,75.000,ATTACK_STRONG,80.000,0.627705,1.8733
"('TANK', 'TANK', 'STALEMATE', 'SAFE', 'FULL', 'NORMAL', 'SLOWER', 'MEC_USED', 'CLEAN', 'AFFLICTED', 'NEUTRAL', 'NEUTRAL', 'CLEAR', 'CLEAR', 'CLUTCH', 'BANCO_VAZIO')",15,4,9,44.444,ATTACK_TECH,73.333,0.857174,2.3565
"('TANK', 'TANK', 'OFFENSIVE_DIS', 'SAFE', 'FULL', 'NORMAL', 'SLOWER', 'MEC_USED', 'AFFLICTED', 'AFFLICTED', 'DEBUFF', 'DEBUFF', 'SET', 'SET', 'CLUTCH', 'BANCO_VAZIO')",15,2,3,66.667,ATTACK_STRONG,80.000,0.500402,1.6494
"('TANK', 'TANK', 'NEUTRAL', 'FULL', 'FULL', 'NORMAL', 'FASTER', 'MEC_USED', 'AFFLICTED', 'AFFLICTED', 'NEUTRAL', 'DEBUFF_DEBUFF', 'SET', 'SET', 'CLUTCH', 'BANCO_VAZIO')",14,2,9,22.222,HAZARD,78.571,0.519580,1.6813
"('TANK', 'TANK', 'NEUTRAL', 'FULL', 'SAFE', 'NORMAL', 'SLOWER', 'MEC_USED', 'CLEAN', 'AFFLICTED', 'NEUTRAL', 'NEUTRAL', 'CLEAR', 'SET', 'RECOVERING', 'BANCO_VAZIO')",14,7,10,70.000,STAT_CLEAN,50.000,1.567081,4.7926
"('TANK', 'TANK', 'OFFENSIVE_DIS', 'CRIT', 'SAFE', 'NORMAL', 'FASTER', 'MEC_USED', 'CLEAN', 'CLEAN', 'NEUTRAL', 'NEUTRAL', 'CLEAR', 'SET', 'RECOVERING', 'BANCO_VAZIO')",14,8,11,72.727,ATTACK_PIVOT,21.429,2.007556,7.4451
"('TANK', 'TANK', 'NEUTRAL', 'SAFE', 'SAFE', 'NORMAL', 'FASTER', 'MEC_USED', 'CLEAN', 'CLEAN', 'NEUTRAL', 'NEUTRAL', 'SET', 'CLEAR', 'CLUTCH', 'BANCO_VAZIO')",14,3,8,37.500,ATTACK_PREDICTIVE,85.714,0.509137,1.6639
"('TANK', 'TANK', 'CRITICAL_DIS', 'SAFE', 'FULL', 'NORMAL', 'FASTER', 'MEC_USED', 'AFFLICTED', 'AFFLICTED', 'NEUTRAL', 'DEBUFF', 'SET', 'SET', 'RECOVERING', 'BANCO_VAZIO')",14,4,5,80.000,HEAL,42.857,1.197340,3.3113
"('TANK', 'TANK', 'NEUTRAL', 'SAFE', 'CRIT', 'NORMAL', 'SLOWER', 'MEC_USED', 'CLEAN', 'CLEAN', 'NEUTRAL', 'NEUTRAL', 'SET', 'SET', 'CLUTCH', 'BANCO_VAZIO')",14,3,13,23.077,ATTACK_STRONG,85.714,0.509137,1.6639
"('SWEEPER', 'TANK', 'DEFENSIVE_DIS', 'FULL', 'FULL', 'NORMAL', 'FASTER', 'MEC_USED', 'CLEAN', 'CLEAN', 'BUFFED', 'NEUTRAL', 'CLEAR', 'CLEAR', 'OPENING', 'BANCO_AMBOS')",14,2,6,33.333,ATTACK_STRONG,92.857,0.257319,1.2935
"('TANK', 'TANK', 'OFFENSIVE_ADV', 'SAFE', 'FULL', 'FIELD_THEIRS', 'SLOWER', 'MEC_USED', 'CLEAN', 'CLEAN', 'NEUTRAL', 'NEUTRAL', 'CLEAR', 'CLEAR', 'OPENING', 'BANCO_AMBOS')",14,7,12,58.333,ATTACK_PREDICTIVE,35.714,1.767195,5.8544
"('TANK', 'TANK', 'VOLATILE', 'SAFE', 'SAFE', 'FIELD_THEIRS', 'FASTER', 'MEC_USED', 'CLEAN', 'CLEAN', 'NEUTRAL', 'NEUTRAL', 'CLEAR', 'CLEAR', 'OPENING', 'BANCO_OFF')",14,5,8,62.500,HEAL,50.000,1.331664,3.7873
"('TANK', 'TANK', 'OFFENSIVE_DIS', 'DANGER', 'SAFE', 'NORMAL', 'FASTER', 'MEC_USED', 'CLEAN', 'CLEAN', 'NEUTRAL', 'NEUTRAL', 'SET', 'SET', 'RECOVERING', 'BANCO_VAZIO')",14,5,8,62.500,ATTACK_TECH,35.714,1.432757,4.1902
"('TANK', 'TANK', 'OFFENSIVE_DIS', 'SAFE', 'SAFE', 'NORMAL', 'FASTER', 'MEC_USED', 'CLEAN', 'CLEAN', 'NEUTRAL', 'NEUTRAL', 'CLEAR', 'SET', 'BRAWL', 'BANCO_OFF')",14,7,12,58.333,ATTACK_TECH,28.571,1.747868,5.7423
"('TANK', 'TANK', 'NEUTRAL', 'SAFE', 'SAFE', 'NORMAL', 'SLOWER', 'MEC_USED', 'CLEAN', 'CLEAN', 'NEUTRAL', 'NEUTRAL', 'SET', 'CLEAR', 'BRAWL', 'BANCO_OFF')",14,8,12,66.667,ATTACK_PREDICTIVE,28.571,1.908535,6.7432
"('TANK', 'TANK', 'OFFENSIVE_DIS', 'SAFE', 'FULL', 'NORMAL', 'SLOWER', 'MEC_USED', 'CLEAN', 'CLEAN', 'NEUTRAL', 'NEUTRAL', 'SET', 'SET', 'OPENING', 'BANCO_OFF')",14,10,14,71.429,ATTACK_PIVOT,14.286,2.242973,9.4213
"('SWEEPER', 'UTILITY', 'OFFENSIVE_ADV', 'FULL', 'FULL', 'FIELD_OURS_OFF', 'FASTER', 'MEC_USED', 'CLEAN', 'CLEAN', 'NEUTRAL', 'NEUTRAL', 'CLEAR', 'CLEAR', 'OPENING', 'BANCO_AMBOS')",14,3,7,42.857,ATTACK_TECH,57.143,0.876006,2.4013
"('UTILITY', 'TANK', 'NEUTRAL', 'FULL', 'SAFE', 'NORMAL', 'FASTER', 'MEC_USED', 'CLEAN', 'CLEAN', 'NEUTRAL', 'NEUTRAL', 'CLEAR', 'CLEAR', 'OPENING', 'BANCO_OFF')",14,4,7,57.143,STATUS,42.857,1.197340,3.3113
"('TANK', 'TANK', 'NEUTRAL', 'CRIT', 'SAFE', 'NORMAL', 'FASTER', 'MEC_USED', 'CLEAN', 'CLEAN', 'NEUTRAL', 'NEUTRAL', 'CLEAR', 'CLEAR', 'RECOVERING', 'BANCO_VAZIO')",14,7,8,87.500,SWITCH_OFFENSIVE,28.571,1.809514,6.1075
"('TANK', 'TANK', 'OFFENSIVE_DIS', 'SAFE', 'SAFE', 'NORMAL', 'FASTER', 'MEC_USED', 'AFFLICTED', 'CLEAN', 'DEBUFF', 'NEUTRAL', 'CLEAR', 'SET', 'RECOVERING', 'BANCO_VAZIO')",14,6,8,75.000,ATTACK_TECH,28.571,1.611472,5.0102
"('TANK', 'TANK', 'OFFENSIVE_ADV', 'FULL', 'FULL', 'FIELD_THEIRS', 'FASTER', 'MEC_USED', 'AFFLICTED', 'CLEAN', 'NEUTRAL', 'NEUTRAL', 'CLEAR', 'CLEAR', 'OPENING', 'BANCO_AMBOS')",14,1,6,16.667,ATTACK_STRONG,100.000,-0.000000,1.0000
"('UTILITY', 'TANK', 'NEUTRAL', 'FULL', 'FULL', 'NORMAL', 'FASTER', 'MEC_USED', 'CLEAN', 'CLEAN', 'NEUTRAL', 'NEUTRAL', 'CLEAR', 'CLEAR', 'OPENING', 'BANCO_VAZIO')",14,7,10,70.000,ATTACK_PREDICTIVE,21.429,1.833786,6.2575
"('TANK', 'TANK', 'DEFENSIVE_DIS', 'FULL', 'SAFE', 'NORMAL', 'FASTER', 'MEC_USED', 'AFFLICTED', 'AFFLICTED', 'NEUTRAL', 'NEUTRAL', 'CLEAR', 'CLEAR', 'RECOVERING', 'BANCO_VAZIO')",14,4,8,50.000,CLEAN_HAZARD,42.857,1.197340,3.3113
"('TANK', 'TANK', 'NEUTRAL', 'SAFE', 'DANGER', 'NORMAL', 'FASTER', 'MEC_USED', 'CLEAN', 'CLEAN', 'NEUTRAL', 'NEUTRAL', 'CLEAR', 'SET', 'OPENING', 'BANCO_VAZIO')",14,6,11,54.545,ATTACK_PREDICTIVE,50.000,1.468060,4.3408
"('TANK', 'TANK', 'OFFENSIVE_DIS', 'FULL', 'FULL', 'NORMAL', 'FASTER', 'MEC_USED', 'CLEAN', 'CLEAN', 'NEUTRAL', 'NEUTRAL', 'CLEAR', 'CLEAR', 'BRAWL', 'BANCO_VAZIO')",14,9,13,69.231,SWITCH_DEFENSIVE,28.571,2.007556,7.4451
"('TANK', 'TANK', 'OFFENSIVE_ADV', 'CRIT', 'FULL', 'NORMAL', 'SLOWER', 'MEC_USED', 'CLEAN', 'CLEAN', 'NEUTRAL', 'NEUTRAL', 'CLEAR', 'CLEAR', 'OPENING', 'BANCO_OFF')",14,10,12,83.333,SWITCH_OFFENSIVE,21.429,2.205598,9.0757
"('TANK', 'TANK', 'VOLATILE', 'SAFE', 'FULL', 'NORMAL', 'FASTER', 'MEC_USED', 'CLEAN', 'CLEAN', 'NEUTRAL', 'NEUTRAL', 'SET', 'SET', 'OPENING', 'BANCO_OFF')",14,7,10,70.000,ATTACK_STRONG,50.000,1.567081,4.7926
"('TANK', 'TANK', 'OFFENSIVE_ADV', 'SAFE', 'SAFE', 'FIELD_OURS_OFF', 'FASTER', 'MEC_USED', 'CLEAN', 'CLEAN', 'NEUTRAL', 'NEUTRAL', 'CLEAR', 'CLEAR', 'OPENING', 'BANCO_OFF')",14,8,11,72.727,ATTACK_STRONG,21.429,1.970181,7.1720
"('TANK', 'TANK', 'CRITICAL_DIS', 'SAFE', 'FULL', 'NORMAL', 'SLOWER', 'MEC_USED', 'CLEAN', 'CLEAN', 'NEUTRAL', 'NEUTRAL', 'CLEAR', 'CLEAR', 'RECOVERING', 'BANCO_VAZIO')",14,8,10,80.000,ATTACK_TECH,21.429,1.932807,6.9089
"('TANK', 'TANK', 'NEUTRAL', 'FULL', 'CRIT', 'NORMAL', 'FASTER', 'MEC_USED', 'CLEAN', 'CLEAN', 'NEUTRAL', 'NEUTRAL', 'CLEAR', 'CLEAR', 'RECOVERING', 'BANCO_VAZIO')",14,9,11,81.818,ATTACK_PREDICTIVE,14.286,2.143952,8.5331
"('TANK', 'TANK', 'NEUTRAL', 'FULL', 'FULL', 'FIELD_SHARED', 'FASTER', 'MEC_USED', 'CLEAN', 'CLEAN', 'NEUTRAL', 'NEUTRAL', 'SET', 'CLEAR', 'OPENING', 'BANCO_AMBOS')",14,9,12,75.000,STATUS,28.571,2.044931,7.7286
"('TANK', 'TANK', 'NEUTRAL', 'SAFE', 'FULL', 'NORMAL', 'SLOWER', 'MEC_USED', 'CLEAN', 'AFFLICTED', 'NEUTRAL', 'NEUTRAL', 'CLEAR', 'CLEAR', 'OPENING', 'BANCO_OFF')",14,7,10,70.000,ATTACK_STRONG,21.429,1.833786,6.2575
"('TANK', 'TANK', 'NEUTRAL', 'SAFE', 'SAFE', 'NORMAL', 'FASTER', 'MEC_USED', 'CLEAN', 'CLEAN', 'NEUTRAL', 'NEUTRAL', 'SET', 'CLEAR', 'RECOVERING', 'BANCO_VAZIO')",14,7,11,63.636,HEAL,28.571,1.747868,5.7423
"('SWEEPER', 'TANK', 'NEUTRAL', 'FULL', 'SAFE', 'NORMAL', 'FASTER', 'MEC_USED', 'CLEAN', 'CLEAN', 'NEUTRAL', 'NEUTRAL', 'SET', 'CLEAR', 'OPENING', 'BANCO_AMBOS')",14,3,10,30.000,ATTACK_STRONG,71.429,0.758937,2.1360
"('TANK', 'TANK', 'NEUTRAL', 'FULL', 'SAFE', 'NORMAL', 'FASTER', 'MEC_USED', 'CLEAN', 'CLEAN', 'NEUTRAL', 'NEUTRAL', 'CLEAR', 'CLEAR', 'BRAWL', 'BANCO_OFF')",14,8,10,80.000,ATTACK_PREDICTIVE,28.571,1.908535,6.7432
"('TANK', 'SWEEPER', 'NEUTRAL', 'FULL', 'DANGER', 'NORMAL', 'SLOWER', 'MEC_USED', 'CLEAN', 'CLEAN', 'NEUTRAL', 'NEUTRAL', 'CLEAR', 'CLEAR', 'OPENING', 'BANCO_OFF')",14,1,11,9.091,ATTACK_STRONG,100.000,-0.000000,1.0000
"('TANK', 'TANK', 'NEUTRAL', 'SAFE', 'FULL', 'FIELD_SHARED', 'SLOWER', 'MEC_USED', 'CLEAN', 'CLEAN', 'NEUTRAL', 'NEUTRAL', 'CLEAR', 'CLEAR', 'OPENING', 'BANCO_AMBOS')",14,2,13,15.385,SWITCH_OFFENSIVE,64.286,0.651757,1.9189
"('TANK', 'TANK', 'CRITICAL_DIS', 'SAFE', 'FULL', 'FIELD_THEIRS', 'SLOWER', 'MEC_USED', 'CLEAN', 'CLEAN', 'NEUTRAL', 'NEUTRAL', 'CLEAR', 'CLEAR', 'OPENING', 'BANCO_AMBOS')",14,1,11,9.091,SWITCH_DEFENSIVE,100.000,-0.000000,1.0000
"('TANK', 'SWEEPER', 'DOMINANT', 'FULL', 'FULL', 'FIELD_THEIRS', 'SLOWER', 'MEC_USED', 'CLEAN', 'CLEAN', 'NEUTRAL', 'NEUTRAL', 'CLEAR', 'CLEAR', 'OPENING', 'BANCO_OFF')",14,6,8,75.000,ATTACK_TECH,42.857,1.536722,4.6493
"('TANK', 'SWEEPER', 'NEUTRAL', 'SAFE', 'FULL', 'FIELD_SHARED', 'SLOWER', 'MEC_USED', 'CLEAN', 'CLEAN', 'NEUTRAL', 'NEUTRAL', 'CLEAR', 'CLEAR', 'OPENING', 'BANCO_OFF')",14,5,10,50.000,ATTACK_TECH,28.571,1.450805,4.2665
"('TANK', 'TANK', 'OFFENSIVE_ADV', 'SAFE', 'FULL', 'FIELD_OURS_OFF', 'SLOWER', 'MEC_USED', 'CLEAN', 'CLEAN', 'NEUTRAL', 'NEUTRAL', 'CLEAR', 'CLEAR', 'OPENING', 'BANCO_OFF')",14,5,9,55.556,ATTACK_PREDICTIVE,35.714,1.390438,4.0166
"('UTILITY', 'TANK', 'OFFENSIVE_ADV', 'FULL', 'FULL', 'NORMAL', 'FASTER', 'MEC_USED', 'CLEAN', 'CLEAN', 'NEUTRAL', 'NEUTRAL', 'CLEAR', 'CLEAR', 'OPENING', 'BANCO_DEF')",14,5,9,55.556,ATTACK_TECH,42.857,1.296361,3.6560
"('TANK', 'TANK', 'OFFENSIVE_DIS', 'SAFE', 'DANGER', 'NORMAL', 'SLOWER', 'MEC_USED', 'CLEAN', 'CLEAN', 'NEUTRAL', 'NEUTRAL', 'CLEAR', 'SET', 'OPENING', 'BANCO_OFF')",14,6,12,50.000,STATUS,35.714,1.593424,4.9206
"('TANK', 'TANK', 'OFFENSIVE_DIS', 'SAFE', 'FULL', 'NORMAL', 'FASTER', 'MEC_USED', 'CLEAN', 'CLEAN', 'NEUTRAL', 'NEUTRAL', 'CLEAR', 'CLEAR', 'RECOVERING', 'BANCO_VAZIO')",14,10,12,83.333,STAT_CLEAN,21.429,2.205598,9.0757
"('TANK', 'SWEEPER', 'OFFENSIVE_ADV', 'DANGER', 'FULL', 'FIELD_THEIRS', 'SLOWER', 'MEC_USED', 'CLEAN', 'CLEAN', 'NEUTRAL', 'NEUTRAL', 'CLEAR', 'CLEAR', 'OPENING', 'BANCO_OFF')",14,9,12,75.000,HAZARD,21.429,2.069202,7.9185
"('TANK', 'SWEEPER', 'VOLATILE', 'FULL', 'FULL', 'FIELD_OURS_DEF', 'SLOWER', 'MEC_AVAIL', 'CLEAN', 'CLEAN', 'DEBUFF', 'NEUTRAL', 'CLEAR', 'CLEAR', 'OPENING', 'BANCO_OFF')",14,1,6,16.667,ATTACK_STRONG,100.000,-0.000000,1.0000
"('TANK', 'SWEEPER', 'DOMINANT', 'FULL', 'FULL', 'FIELD_THEIRS', 'SLOWER', 'MEC_AVAIL', 'CLEAN', 'CLEAN', 'NEUTRAL', 'NEUTRAL', 'CLEAR', 'CLEAR', 'OPENING', 'BANCO_OFF')",14,3,15,20.000,ATTACK_STRONG_MEC,78.571,0.655976,1.9270
"('TANK', 'SWEEPER', 'NEUTRAL', 'SAFE', 'DANGER', 'NORMAL', 'SLOWER', 'MEC_USED', 'CLEAN', 'CLEAN', 'NEUTRAL', 'NEUTRAL', 'CLEAR', 'CLEAR', 'OPENING', 'BANCO_OFF')",14,10,13,76.923,ATTACK_PREDICTIVE,35.714,2.064258,7.8794
"('TANK', 'UTILITY', 'CRITICAL_DIS', 'FULL', 'FULL', 'FIELD_OURS_DEF', 'SLOWER', 'MEC_AVAIL', 'CLEAN', 'CLEAN', 'NEUTRAL', 'NEUTRAL', 'CLEAR', 'CLEAR', 'OPENING', 'BANCO_AMBOS')",14,5,6,83.333,ATTACK_STRONG_MEC,42.857,1.400327,4.0565
"('TANK', 'TANK', 'OFFENSIVE_DIS', 'SAFE', 'FULL', 'NORMAL', 'SLOWER', 'MEC_USED', 'CLEAN', 'CLEAN', 'NEUTRAL', 'NEUTRAL', 'SET', 'CLEAR', 'BRAWL', 'BANCO_OFF')",14,6,13,46.154,STAT_CLEAN,28.571,1.673118,5.3288
"('TANK', 'TANK', 'NEUTRAL', 'SAFE', 'FULL', 'FIELD_SHARED', 'SLOWER', 'MEC_USED', 'CLEAN', 'CLEAN', 'NEUTRAL', 'NEUTRAL', 'SET', 'CLEAR', 'OPENING', 'BANCO_OFF')",14,8,13,61.538,HEAL,42.857,1.772139,5.8834
"('TANK', 'TANK', 'NEUTRAL', 'SAFE', 'SAFE', 'NORMAL', 'FASTER', 'MEC_USED', 'AFFLICTED', 'CLEAN', 'NEUTRAL', 'NEUTRAL', 'CLEAR', 'CLEAR', 'OPENING', 'BANCO_OFF')",14,8,11,72.727,BUFF,28.571,1.945910,7.0000
"('SWEEPER', 'TANK', 'OFFENSIVE_ADV', 'SAFE', 'FULL', 'NORMAL', 'FASTER', 'MEC_AVAIL', 'CLEAN', 'CLEAN', 'NEUTRAL', 'NEUTRAL', 'CLEAR', 'CLEAR', 'OPENING', 'BANCO_OFF')",14,8,14,57.143,ATTACK_STRONG,42.857,1.772139,5.8834
"('SWEEPER', 'TANK', 'NEUTRAL', 'SAFE', 'FULL', 'FIELD_OURS_OFF', 'FASTER', 'MEC_USED', 'CLEAN', 'CLEAN', 'NEUTRAL', 'NEUTRAL', 'CLEAR', 'CLEAR', 'OPENING', 'BANCO_OFF')",14,6,10,60.000,ATTACK_TECH,28.571,1.710493,5.5317
"('TANK', 'TANK', 'NEUTRAL', 'DANGER', 'FULL', 'NORMAL', 'FASTER', 'MEC_USED', 'CLEAN', 'CLEAN', 'NEUTRAL', 'NEUTRAL', 'CLEAR', 'CLEAR', 'BRAWL', 'BANCO_OFF')",14,10,12,83.333,ATTACK_STRONG,14.286,2.242973,9.4213
"('SWEEPER', 'TANK', 'OFFENSIVE_ADV', 'SAFE', 'SAFE', 'FIELD_THEIRS', 'FASTER', 'MEC_USED', 'CLEAN', 'CLEAN', 'NEUTRAL', 'DEBUFF', 'CLEAR', 'CLEAR', 'OPENING', 'BANCO_OFF')",14,5,7,71.429,ATTACK_PIVOT,71.429,0.994354,2.7030
"('TANK', 'TANK', 'NEUTRAL', 'DANGER', 'FULL', 'NORMAL', 'SLOWER', 'MEC_USED', 'CLEAN', 'CLEAN', 'NEUTRAL', 'NEUTRAL', 'CLEAR', 'CLEAR', 'OPENING', 'BANCO_AMBOS')",14,6,12,50.000,ATTACK_PREDICTIVE,28.571,1.648847,5.2010
"('TANK', 'TANK', 'NEUTRAL', 'SAFE', 'SAFE', 'FIELD_OURS_OFF', 'FASTER', 'MEC_USED', 'CLEAN', 'CLEAN', 'NEUTRAL', 'NEUTRAL', 'CLEAR', 'CLEAR', 'OPENING', 'BANCO_OFF')",14,7,8,87.500,ATTACK_TECH,21.429,1.833786,6.2575
"('SWEEPER', 'SWEEPER', 'NEUTRAL', 'FULL', 'FULL', 'FIELD_SHARED', 'SLOWER', 'MEC_USED', 'CLEAN', 'CLEAN', 'NEUTRAL', 'NEUTRAL', 'CLEAR', 'CLEAR', 'OPENING', 'BANCO_AMBOS')",14,4,6,66.667,SWITCH_OFFENSIVE,71.429,0.895333,2.4482
"('TANK', 'TANK', 'OFFENSIVE_ADV', 'SAFE', 'FULL', 'FIELD_SHARED', 'SLOWER', 'MEC_USED', 'CLEAN', 'CLEAN', 'NEUTRAL', 'NEUTRAL', 'SET', 'CLEAR', 'OPENING', 'BANCO_OFF')",14,9,13,69.231,CLEAN_HAZARD,21.429,2.106577,8.2201
"('TANK', 'UTILITY', 'NEUTRAL', 'FULL', 'FULL', 'FIELD_THEIRS', 'SLOWER', 'MEC_USED', 'CLEAN', 'CLEAN', 'NEUTRAL', 'NEUTRAL', 'CLEAR', 'CLEAR', 'OPENING', 'BANCO_OFF')",14,8,9,88.889,ATTACK_PREDICTIVE,21.429,1.932807,6.9089
"('TANK', 'TANK', 'DOMINANT', 'SAFE', 'FULL', 'FIELD_SHARED', 'FASTER', 'MEC_AVAIL', 'CLEAN', 'CLEAN', 'NEUTRAL', 'NEUTRAL', 'CLEAR', 'CLEAR', 'OPENING', 'BANCO_OFF')",14,6,10,60.000,ATTACK_PREDICTIVE,50.000,1.468060,4.3408
"('TANK', 'TANK', 'OFFENSIVE_ADV', 'SAFE', 'SAFE', 'NORMAL', 'SLOWER', 'MEC_USED', 'CLEAN', 'AFFLICTED', 'NEUTRAL', 'NEUTRAL', 'CLEAR', 'CLEAR', 'OPENING', 'BANCO_OFF')",14,6,11,54.545,ATTACK_PREDICTIVE,50.000,1.468060,4.3408
"('TANK', 'UTILITY', 'OFFENSIVE_ADV', 'FULL', 'SAFE', 'FIELD_SHARED', 'SLOWER', 'MEC_USED', 'CLEAN', 'CLEAN', 'NEUTRAL', 'NEUTRAL', 'CLEAR', 'CLEAR', 'OPENING', 'BANCO_OFF')",14,9,11,81.818,ATTACK_STRONG,14.286,2.143952,8.5331
"('TANK', 'TANK', 'OFFENSIVE_ADV', 'SAFE', 'FULL', 'NORMAL', 'SLOWER', 'MEC_AVAIL', 'CLEAN', 'CLEAN', 'NEUTRAL', 'NEUTRAL', 'CLEAR', 'CLEAR', 'OPENING', 'BANCO_OFF')",14,8,16,50.000,ATTACK_TECH,21.429,2.007556,7.4451
"('TANK', 'TANK', 'DEFENSIVE_DIS', 'FULL', 'FULL', 'NORMAL', 'FASTER', 'MEC_USED', 'CLEAN', 'CLEAN', 'NEUTRAL', 'NEUTRAL', 'CLEAR', 'SET', 'OPENING', 'BANCO_AMBOS')",14,1,9,11.111,SWITCH_DEFENSIVE,100.000,-0.000000,1.0000
"('TANK', 'TANK', 'NEUTRAL', 'SAFE', 'FULL', 'NORMAL', 'SLOWER', 'MEC_USED', 'CLEAN', 'CLEAN', 'BUFFED', 'NEUTRAL', 'CLEAR', 'CLEAR', 'OPENING', 'BANCO_OFF')",14,6,10,60.000,HEAL,35.714,1.569153,4.8026
"('TANK', 'TANK', 'NEUTRAL', 'SAFE', 'FULL', 'NORMAL', 'FASTER', 'MEC_USED', 'AFFLICTED', 'CLEAN', 'NEUTRAL', 'NEUTRAL', 'CLEAR', 'SET', 'RECOVERING', 'BANCO_VAZIO')",14,6,10,60.000,HAZARD,28.571,1.673118,5.3288
"('TANK', 'TANK', 'DOMINANT', 'SAFE', 'SAFE', 'NORMAL', 'FASTER', 'MEC_USED', 'CLEAN', 'CLEAN', 'NEUTRAL', 'NEUTRAL', 'SET', 'CLEAR', 'OPENING', 'BANCO_AMBOS')",14,7,10,70.000,ATTACK_PREDICTIVE,28.571,1.809514,6.1075
"('TANK', 'TANK', 'DEFENSIVE_DIS', 'CRIT', 'FULL', 'NORMAL', 'FASTER', 'MEC_USED', 'CLEAN', 'CLEAN', 'NEUTRAL', 'NEUTRAL', 'CLEAR', 'CLEAR', 'RECOVERING', 'BANCO_VAZIO')",14,6,9,66.667,ATTACK_TECH,35.714,1.569153,4.8026
"('TANK', 'TANK', 'NEUTRAL', 'FULL', 'FULL', 'NORMAL', 'FASTER', 'MEC_USED', 'CLEAN', 'CLEAN', 'NEUTRAL', 'NEUTRAL', 'SET', 'SET', 'OPENING', 'BANCO_VAZIO')",14,9,13,69.231,ATTACK_PIVOT,21.429,2.106577,8.2201
"('TANK', 'TANK', 'OFFENSIVE_ADV', 'FULL', 'SAFE', 'NORMAL', 'FASTER', 'MEC_USED', 'CLEAN', 'CLEAN', 'NEUTRAL', 'NEUTRAL', 'CLEAR', 'SET', 'BRAWL', 'BANCO_OFF')",14,5,12,41.667,ATTACK_STRONG,57.143,1.252763,3.5000
"('TANK', 'TANK', 'NEUTRAL', 'CRIT', 'FULL', 'NORMAL', 'FASTER', 'MEC_USED', 'CLEAN', 'CLEAN', 'NEUTRAL', 'NEUTRAL', 'CLEAR', 'CLEAR', 'OPENING', 'BANCO_VAZIO')",14,7,9,77.778,HEAL,28.571,1.747868,5.7423
"('TANK', 'TANK', 'OFFENSIVE_DIS', 'FULL', 'FULL', 'NORMAL', 'SLOWER', 'MEC_USED', 'CLEAN', 'AFFLICTED', 'NEUTRAL', 'NEUTRAL', 'SET', 'SET', 'RECOVERING', 'BANCO_VAZIO')",14,2,5,40.000,ATTACK_TECH,92.857,0.257319,1.2935
"('TANK', 'TANK', 'DEFENSIVE_DIS', 'FULL', 'SAFE', 'NORMAL', 'SLOWER', 'MEC_USED', 'CLEAN', 'AFFLICTED', 'NEUTRAL', 'DEBUFF', 'SET', 'SET', 'CLUTCH', 'BANCO_VAZIO')",14,1,6,16.667,ATTACK_STRONG,100.000,-0.000000,1.0000
"('TANK', 'UTILITY', 'CRITICAL_DIS', 'FULL', 'SAFE', 'NORMAL', 'SLOWER', 'MEC_USED', 'CLEAN', 'CLEAN', 'NEUTRAL', 'BUFFED', 'CLEAR', 'SET', 'RECOVERING', 'BANCO_VAZIO')",14,6,9,66.667,PROTECT,35.714,1.569153,4.8026
"('TANK', 'TANK', 'NEUTRAL', 'FULL', 'FULL', 'NORMAL', 'SLOWER', 'MEC_USED', 'AFFLICTED', 'AFFLICTED', 'DEBUFF', 'DEBUFF', 'CLEAR', 'SET', 'CLUTCH', 'BANCO_VAZIO')",14,2,2,100.000,HAZARD,92.857,0.257319,1.2935
"('TANK', 'TANK', 'NEUTRAL', 'SAFE', 'FULL', 'NORMAL', 'FASTER', 'MEC_USED', 'CLEAN', 'CLEAN', 'NEUTRAL', 'NEUTRAL', 'SET', 'CLEAR', 'RECOVERING', 'BANCO_VAZIO')",14,7,13,53.846,ATTACK_PREDICTIVE,42.857,1.673118,5.3288
"('TANK', 'TANK', 'OFFENSIVE_DIS', 'SAFE', 'FULL', 'NORMAL', 'FASTER', 'MEC_USED', 'AFFLICTED', 'CLEAN', 'NEUTRAL', 'NEUTRAL', 'CLEAR', 'CLEAR', 'CLUTCH', 'BANCO_VAZIO')",14,5,6,83.333,ATTACK_PIVOT,42.857,1.376055,3.9593
"('TANK', 'TANK', 'NEUTRAL', 'DANGER', 'FULL', 'NORMAL', 'SLOWER', 'MEC_USED', 'CLEAN', 'CLEAN', 'NEUTRAL', 'NEUTRAL', 'CLEAR', 'SET', 'OPENING', 'BANCO_OFF')",14,2,6,33.333,HEAL,92.857,0.257319,1.2935
"('TANK', 'TANK', 'NEUTRAL', 'FULL', 'SAFE', 'NORMAL', 'FASTER', 'MEC_USED', 'CLEAN', 'CLEAN', 'NEUTRAL', 'NEUTRAL', 'CLEAR', 'SET', 'CLUTCH', 'BANCO_VAZIO')",14,2,12,16.667,ATTACK_STRONG,92.857,0.257319,1.2935
"('TANK', 'SWEEPER', 'CRITICAL_DIS', 'FULL', 'SAFE', 'NORMAL', 'SLOWER', 'MEC_USED', 'CLEAN', 'CLEAN', 'NEUTRAL', 'NEUTRAL', 'CLEAR', 'SET', 'RECOVERING', 'BANCO_VAZIO')",14,6,9,66.667,ATTACK_TECH,28.571,1.611472,5.0102
"('TANK', 'TANK', 'NEUTRAL', 'FULL', 'DANGER', 'FIELD_THEIRS', 'SLOWER', 'MEC_USED', 'CLEAN', 'CLEAN', 'NEUTRAL', 'NEUTRAL', 'SET', 'SET', 'RECOVERING', 'BANCO_VAZIO')",13,3,10,30.000,ATTACK_STRONG,84.615,0.535961,1.7091
"('TANK', 'TANK', 'NEUTRAL', 'DANGER', 'SAFE', 'NORMAL', 'SLOWER', 'MEC_USED', 'CLEAN', 'CLEAN', 'NEUTRAL', 'NEUTRAL', 'CLEAR', 'SET', 'RECOVERING', 'BANCO_VAZIO')",13,8,10,80.000,STATUS,23.077,1.951260,7.0375
"('TANK', 'TANK', 'OFFENSIVE_DIS', 'SAFE', 'FULL', 'NORMAL', 'FASTER', 'MEC_USED', 'AFFLICTED', 'CLEAN', 'NEUTRAL', 'NEUTRAL', 'CLEAR', 'SET', 'RECOVERING', 'BANCO_VAZIO')",13,5,6,83.333,STAT_CLEAN,61.538,1.178655,3.2500
"('TANK', 'TANK', 'VOLATILE', 'SAFE', 'FULL', 'FIELD_THEIRS', 'FASTER', 'MEC_USED', 'CLEAN', 'CLEAN', 'NEUTRAL', 'NEUTRAL', 'CLEAR', 'CLEAR', 'OPENING', 'BANCO_OFF')",13,6,9,66.667,ATTACK_PREDICTIVE,46.154,1.524707,4.5938
"('UTILITY', 'TANK', 'OFFENSIVE_ADV', 'FULL', 'SAFE', 'FIELD_OURS_OFF', 'FASTER', 'MEC_USED', 'CLEAN', 'CLEAN', 'NEUTRAL', 'NEUTRAL', 'CLEAR', 'CLEAR', 'OPENING', 'BANCO_OFF')",13,1,8,12.500,SWITCH_DEFENSIVE,100.000,-0.000000,1.0000
"('TANK', 'TANK', 'NEUTRAL', 'SAFE', 'CRIT', 'NORMAL', 'SLOWER', 'MEC_USED', 'CLEAN', 'CLEAN', 'NEUTRAL', 'NEUTRAL', 'SET', 'SET', 'RECOVERING', 'BANCO_VAZIO')",13,9,11,81.818,ATTACK_PREDICTIVE,23.077,2.098147,8.1511
"('SWEEPER', 'TANK', 'OFFENSIVE_ADV', 'DANGER', 'FULL', 'NORMAL', 'FASTER', 'MEC_USED', 'CLEAN', 'CLEAN', 'NEUTRAL', 'NEUTRAL', 'CLEAR', 'CLEAR', 'OPENING', 'BANCO_OFF')",13,6,7,85.714,SWITCH_DEFENSIVE,30.769,1.671595,5.3206
"('TANK', 'UTILITY', 'NEUTRAL', 'FULL', 'FULL', 'FIELD_OURS_OFF', 'SLOWER', 'MEC_USED', 'CLEAN', 'CLEAN', 'NEUTRAL', 'NEUTRAL', 'CLEAR', 'CLEAR', 'OPENING', 'BANCO_AMBOS')",13,3,6,50.000,STATUS,84.615,0.535961,1.7091
"('TANK', 'TANK', 'DEFENSIVE_ADV', 'SAFE', 'FULL', 'NORMAL', 'SLOWER', 'MEC_USED', 'CLEAN', 'AFFLICTED', 'NEUTRAL', 'NEUTRAL', 'CLEAR', 'CLEAR', 'RECOVERING', 'BANCO_VAZIO')",13,6,8,75.000,ATTACK_PIVOT,53.846,1.410514,4.0981
"('TANK', 'TANK', 'NEUTRAL', 'FULL', 'DANGER', 'NORMAL', 'SLOWER', 'MEC_USED', 'CLEAN', 'CLEAN', 'NEUTRAL', 'NEUTRAL', 'SET', 'SET', 'CLUTCH', 'BANCO_VAZIO')",13,6,11,54.545,ATTACK_STRONG,23.077,1.737983,5.6859
"('TANK', 'SWEEPER', 'OFFENSIVE_ADV', 'FULL', 'FULL', 'FIELD_OURS_OFF', 'SLOWER', 'MEC_USED', 'CLEAN', 'CLEAN', 'DEBUFF', 'NEUTRAL', 'CLEAR', 'CLEAR', 'OPENING', 'BANCO_AMBOS')",13,2,8,25.000,SWITCH_DEFENSIVE,76.923,0.540204,1.7164
"('TANK', 'UTILITY', 'NEUTRAL', 'FULL', 'FULL', 'FIELD_THEIRS', 'SLOWER', 'MEC_USED', 'CLEAN', 'CLEAN', 'NEUTRAL', 'NEUTRAL', 'CLEAR', 'CLEAR', 'OPENING', 'BANCO_AMBOS')",13,7,10,70.000,SWITCH_OFFENSIVE,38.462,1.692409,5.4326
"('TANK', 'TANK', 'NEUTRAL', 'FULL', 'SAFE', 'FIELD_SHARED', 'SLOWER', 'MEC_USED', 'CLEAN', 'CLEAN', 'NEUTRAL', 'NEUTRAL', 'CLEAR', 'SET', 'OPENING', 'BANCO_OFF')",13,8,14,57.143,ATTACK_PREDICTIVE,30.769,1.884871,6.5855
"('UTILITY', 'SWEEPER', 'VOLATILE', 'FULL', 'FULL', 'NORMAL', 'FASTER', 'MEC_AVAIL', 'CLEAN', 'CLEAN', 'DEBUFF', 'NEUTRAL', 'CLEAR', 'CLEAR', 'OPENING', 'BANCO_VAZIO')",13,5,6,83.333,ATTACK_PREDICTIVE,46.154,1.377820,3.9662
"('TANK', 'TANK', 'NEUTRAL', 'FULL', 'FULL', 'FIELD_OURS_OFF', 'FASTER', 'MEC_AVAIL', 'CLEAN', 'CLEAN', 'NEUTRAL', 'NEUTRAL', 'CLEAR', 'CLEAR', 'OPENING', 'BANCO_VAZIO')",13,3,12,25.000,ATTACK_STRONG_MEC,46.154,0.911018,2.4869
"('TANK', 'TANK', 'NEUTRAL', 'DANGER', 'SAFE', 'NORMAL', 'FASTER', 'MEC_USED', 'CLEAN', 'CLEAN', 'NEUTRAL', 'NEUTRAL', 'SET', 'SET', 'BRAWL', 'BANCO_OFF')",13,3,12,25.000,ATTACK_STRONG,84.615,0.535961,1.7091
"('TANK', 'TANK', 'NEUTRAL', 'SAFE', 'CRIT', 'NORMAL', 'SLOWER', 'MEC_USED', 'CLEAN', 'CLEAN', 'NEUTRAL', 'NEUTRAL', 'CLEAR', 'CLEAR', 'OPENING', 'BANCO_VAZIO')",13,4,13,30.769,HEAL,69.231,0.937156,2.5527
"('UTILITY', 'SWEEPER', 'NEUTRAL', 'FULL', 'FULL', 'FIELD_THEIRS', 'SLOWER', 'MEC_USED', 'CLEAN', 'CLEAN', 'NEUTRAL', 'NEUTRAL', 'CLEAR', 'CLEAR', 'OPENING', 'BANCO_AMBOS')",13,2,8,25.000,ATTACK_PREDICTIVE,92.308,0.271189,1.3115
"('TANK', 'TANK', 'DEFENSIVE_DIS', 'CRIT', 'FULL', 'NORMAL', 'SLOWER', 'MEC_USED', 'CLEAN', 'CLEAN', 'NEUTRAL', 'NEUTRAL', 'CLEAR', 'CLEAR', 'OPENING', 'BANCO_OFF')",13,7,11,63.636,ATTACK_TECH,30.769,1.778233,5.9194
"('TANK', 'SWEEPER', 'OFFENSIVE_DIS', 'SAFE', 'SAFE', 'NORMAL', 'SLOWER', 'MEC_USED', 'CLEAN', 'CLEAN', 'NEUTRAL', 'NEUTRAL', 'CLEAR', 'SET', 'RECOVERING', 'BANCO_VAZIO')",13,6,7,85.714,STATUS,30.769,1.631345,5.1107
"('TANK', 'TANK', 'VOLATILE', 'FULL', 'FULL', 'NORMAL', 'FASTER', 'MEC_AVAIL', 'CLEAN', 'CLEAN', 'NEUTRAL', 'NEUTRAL', 'SET', 'CLEAR', 'OPENING', 'BANCO_OFF')",13,7,16,43.750,ATTACK_STRONG,46.154,1.631345,5.1107
"('TANK', 'TANK', 'OFFENSIVE_ADV', 'FULL', 'FULL', 'NORMAL', 'FASTER', 'MEC_USED', 'AFFLICTED', 'CLEAN', 'NEUTRAL', 'NEUTRAL', 'CLEAR', 'CLEAR', 'OPENING', 'BANCO_AMBOS')",13,5,7,71.429,ATTACK_PREDICTIVE,46.154,1.418069,4.1291
"('TANK', 'TANK', 'DEFENSIVE_DIS', 'SAFE', 'FULL', 'FIELD_THEIRS', 'FASTER', 'MEC_USED', 'CLEAN', 'CLEAN', 'NEUTRAL', 'NEUTRAL', 'CLEAR', 'CLEAR', 'OPENING', 'BANCO_AMBOS')",13,9,9,100.000,BUFF,15.385,2.138397,8.4858
"('SWEEPER', 'TANK', 'OFFENSIVE_ADV', 'FULL', 'FULL', 'FIELD_SHARED', 'FASTER', 'MEC_USED', 'CLEAN', 'CLEAN', 'NEUTRAL', 'DEBUFF', 'SET', 'CLEAR', 'OPENING', 'BANCO_OFF')",13,7,7,100.000,ATTACK_TECH,23.077,1.844621,6.3257
"('TANK', 'TANK', 'OFFENSIVE_ADV', 'DANGER', 'SAFE', 'NORMAL', 'FASTER', 'MEC_USED', 'CLEAN', 'CLEAN', 'NEUTRAL', 'NEUTRAL', 'SET', 'SET', 'BRAWL', 'BANCO_OFF')",13,10,14,71.429,ATTACK_PREDICTIVE,23.077,2.204785,9.0683
"('TANK', 'TANK', 'NEUTRAL', 'FULL', 'FULL', 'FIELD_OURS_OFF', 'FASTER', 'MEC_USED', 'CLEAN', 'CLEAN', 'NEUTRAL', 'NEUTRAL', 'CLEAR', 'CLEAR', 'OPENING', 'BANCO_VAZIO')",13,6,9,66.667,ATTACK_TECH,23.077,1.737983,5.6859
"('TANK', 'TANK', 'VOLATILE', 'FULL', 'FULL', 'FIELD_SHARED', 'SLOWER', 'MEC_USED', 'CLEAN', 'CLEAN', 'NEUTRAL', 'NEUTRAL', 'CLEAR', 'CLEAR', 'OPENING', 'BANCO_OFF')",13,6,8,75.000,ATTACK_PREDICTIVE,38.462,1.626021,5.0836
"('TANK', 'TANK', 'DOMINANT', 'SAFE', 'SAFE', 'FIELD_THEIRS', 'FASTER', 'MEC_USED', 'CLEAN', 'CLEAN', 'NEUTRAL', 'NEUTRAL', 'CLEAR', 'CLEAR', 'OPENING', 'BANCO_OFF')",13,3,7,42.857,ATTACK_PREDICTIVE,76.923,0.687092,1.9879
"('UTILITY', 'TANK', 'DEFENSIVE_DIS', 'FULL', 'FULL', 'FIELD_SHARED', 'FASTER', 'MEC_USED', 'CLEAN', 'CLEAN', 'NEUTRAL', 'NEUTRAL', 'CLEAR', 'CLEAR', 'OPENING', 'BANCO_AMBOS')",13,7,8,87.500,BUFF,23.077,1.884871,6.5855
"('TANK', 'TANK', 'DEFENSIVE_ADV', 'SAFE', 'FULL', 'NORMAL', 'SLOWER', 'MEC_USED', 'CLEAN', 'CLEAN', 'NEUTRAL', 'NEUTRAL', 'CLEAR', 'CLEAR', 'OPENING', 'BANCO_AMBOS')",13,2,9,22.222,SWITCH_DEFENSIVE,76.923,0.540204,1.7164
"('TANK', 'TANK', 'CRITICAL_DIS', 'SAFE', 'SAFE', 'NORMAL', 'FASTER', 'MEC_USED', 'CLEAN', 'CLEAN', 'NEUTRAL', 'NEUTRAL', 'CLEAR', 'CLEAR', 'OPENING', 'BANCO_OFF')",13,5,11,45.455,SWITCH_DEFENSIVE,61.538,1.178655,3.2500
"('SWEEPER', 'TANK', 'DEFENSIVE_DIS', 'FULL', 'FULL', 'FIELD_OURS_OFF', 'FASTER', 'MEC_AVAIL', 'CLEAN', 'CLEAN', 'NEUTRAL', 'NEUTRAL', 'CLEAR', 'CLEAR', 'OPENING', 'BANCO_OFF')",13,7,10,70.000,HAZARD,23.077,1.884871,6.5855
"('TANK', 'TANK', 'NEUTRAL', 'FULL', 'FULL', 'NORMAL', 'SLOWER', 'MEC_USED', 'AFFLICTED', 'AFFLICTED', 'DEBUFF', 'NEUTRAL', 'CLEAR', 'SET', 'CLUTCH', 'BANCO_VAZIO')",13,3,4,75.000,HAZARD,84.615,0.535961,1.7091
"('TANK', 'TANK', 'NEUTRAL', 'CRIT', 'SAFE', 'NORMAL', 'SLOWER', 'MEC_USED', 'CLEAN', 'CLEAN', 'NEUTRAL', 'NEUTRAL', 'CLEAR', 'CLEAR', 'OPENING', 'BANCO_VAZIO')",13,6,12,50.000,HEAL,30.769,1.671595,5.3206
"('TANK', 'TANK', 'OFFENSIVE_DIS', 'DANGER', 'FULL', 'NORMAL', 'SLOWER', 'MEC_USED', 'CLEAN', 'CLEAN', 'NEUTRAL', 'NEUTRAL', 'CLEAR', 'CLEAR', 'OPENING', 'BANCO_OFF')",13,7,12,58.333,HEAL,38.462,1.692409,5.4326
"('TANK', 'TANK', 'NEUTRAL', 'FULL', 'FULL', 'FIELD_OURS_OFF', 'FASTER', 'MEC_USED', 'CLEAN', 'CLEAN', 'NEUTRAL', 'NEUTRAL', 'SET', 'CLEAR', 'OPENING', 'BANCO_AMBOS')",13,9,12,75.000,CLEAN_HAZARD,23.077,2.098147,8.1511
"('SWEEPER', 'SWEEPER', 'OFFENSIVE_ADV', 'FULL', 'FULL', 'NORMAL', 'SLOWER', 'MEC_AVAIL', 'CLEAN', 'CLEAN', 'NEUTRAL', 'NEUTRAL', 'CLEAR', 'CLEAR', 'OPENING', 'BANCO_OFF')",13,4,8,50.000,ATTACK_PIVOT_MEC,69.231,0.937156,2.5527
"('TANK', 'TANK', 'OFFENSIVE_ADV', 'FULL', 'SAFE', 'NORMAL', 'FASTER', 'MEC_USED', 'CLEAN', 'CLEAN', 'NEUTRAL', 'NEUTRAL', 'SET', 'SET', 'OPENING', 'BANCO_OFF')",13,5,12,41.667,ATTACK_PREDICTIVE,53.846,1.303876,3.6835
"('TANK', 'TANK', 'OFFENSIVE_ADV', 'SAFE', 'FULL', 'NORMAL', 'FASTER', 'MEC_USED', 'CLEAN', 'CLEAN', 'NEUTRAL', 'NEUTRAL', 'CLEAR', 'SET', 'BRAWL', 'BANCO_OFF')",13,2,11,18.182,ATTACK_PREDICTIVE,76.923,0.540204,1.7164
"('TANK', 'TANK', 'OFFENSIVE_ADV', 'SAFE', 'SAFE', 'NORMAL', 'FASTER', 'MEC_USED', 'CLEAN', 'CLEAN', 'NEUTRAL', 'NEUTRAL', 'SET', 'SET', 'BRAWL', 'BANCO_OFF')",13,7,11,63.636,ATTACK_PIVOT,30.769,1.778233,5.9194
"('TANK', 'TANK', 'OFFENSIVE_ADV', 'FULL', 'FULL', 'FIELD_THEIRS', 'FASTER', 'MEC_USED', 'CLEAN', 'CLEAN', 'NEUTRAL', 'NEUTRAL', 'CLEAR', 'CLEAR', 'OPENING', 'BANCO_VAZIO')",13,6,9,66.667,ATTACK_STRONG,30.769,1.671595,5.3206
"('TANK', 'TANK', 'NEUTRAL', 'DANGER', 'FULL', 'NORMAL', 'FASTER', 'MEC_USED', 'CLEAN', 'CLEAN', 'NEUTRAL', 'NEUTRAL', 'CLEAR', 'CLEAR', 'BRAWL', 'BANCO_VAZIO')",13,8,10,80.000,ATTACK_STRONG,30.769,1.925121,6.8560
"('TANK', 'TANK', 'VOLATILE', 'SAFE', 'FULL', 'NORMAL', 'SLOWER', 'MEC_USED', 'CLEAN', 'CLEAN', 'NEUTRAL', 'NEUTRAL', 'CLEAR', 'SET', 'OPENING', 'BANCO_OFF')",13,4,11,36.364,SWITCH_DEFENSIVE,69.231,0.937156,2.5527
"('TANK', 'SWEEPER', 'OFFENSIVE_DIS', 'SAFE', 'DANGER', 'NORMAL', 'SLOWER', 'MEC_USED', 'CLEAN', 'AFFLICTED', 'NEUTRAL', 'NEUTRAL', 'CLEAR', 'CLEAR', 'OPENING', 'BANCO_OFF')",13,5,9,55.556,STATUS,46.154,1.377820,3.9662
"('TANK', 'TANK', 'OFFENSIVE_ADV', 'FULL', 'FULL', 'NORMAL', 'FASTER', 'MEC_USED', 'CLEAN', 'CLEAN', 'NEUTRAL', 'NEUTRAL', 'SET', 'SET', 'BRAWL', 'BANCO_OFF')",13,5,12,41.667,ATTACK_STRONG,53.846,1.303876,3.6835
"('TANK', 'TANK', 'OFFENSIVE_ADV', 'FULL', 'FULL', 'NORMAL', 'FASTER', 'MEC_USED', 'CLEAN', 'CLEAN', 'NEUTRAL', 'NEUTRAL', 'CLEAR', 'SET', 'OPENING', 'BANCO_AMBOS')",13,5,10,50.000,ATTACK_PREDICTIVE,23.077,1.550846,4.7155
"('TANK', 'TANK', 'DEFENSIVE_ADV', 'FULL', 'DANGER', 'FIELD_SHARED', 'SLOWER', 'MEC_USED', 'CLEAN', 'CLEAN', 'NEUTRAL', 'NEUTRAL', 'CLEAR', 'CLEAR', 'OPENING', 'BANCO_OFF')",13,7,9,77.778,SWITCH_OFFENSIVE,30.769,1.778233,5.9194
"('TANK', 'TANK', 'OFFENSIVE_DIS', 'FULL', 'FULL', 'NORMAL', 'FASTER', 'MEC_USED', 'CLEAN', 'AFFLICTED', 'NEUTRAL', 'DEBUFF', 'CLEAR', 'CLEAR', 'RECOVERING', 'BANCO_VAZIO')",13,6,9,66.667,STATUS,23.077,1.697734,5.4616
"('TANK', 'TANK', 'NEUTRAL', 'FULL', 'DANGER', 'NORMAL', 'FASTER', 'MEC_USED', 'CLEAN', 'CLEAN', 'NEUTRAL', 'NEUTRAL', 'SET', 'SET', 'OPENING', 'BANCO_OFF')",13,5,9,55.556,ATTACK_PREDICTIVE,30.769,1.458319,4.2987
"('TANK', 'TANK', 'NEUTRAL', 'FULL', 'SAFE', 'NORMAL', 'SLOWER', 'MEC_USED', 'CLEAN', 'CLEAN', 'NEUTRAL', 'NEUTRAL', 'CLEAR', 'CLEAR', 'CLUTCH', 'BANCO_OFF')",13,4,9,44.444,STAT_CLEAN,69.231,0.937156,2.5527
"('TANK', 'SWEEPER', 'CRITICAL_DIS', 'SAFE', 'FULL', 'NORMAL', 'SLOWER', 'MEC_USED', 'CLEAN', 'CLEAN', 'NEUTRAL', 'NEUTRAL', 'CLEAR', 'CLEAR', 'OPENING', 'BANCO_OFF')",13,7,11,63.636,ATTACK_PIVOT,38.462,1.692409,5.4326
"('TANK', 'TANK', 'DEFENSIVE_ADV', 'FULL', 'SAFE', 'NORMAL', 'SLOWER', 'MEC_USED', 'AFFLICTED', 'AFFLICTED', 'DEBUFF', 'NEUTRAL', 'SET', 'SET', 'CLUTCH', 'BANCO_VAZIO')",13,2,4,50.000,STAT_CLEAN,61.538,0.666278,1.9470
"('TANK', 'TANK', 'OFFENSIVE_ADV', 'FULL', 'SAFE', 'NORMAL', 'SLOWER', 'MEC_USED', 'CLEAN', 'CLEAN', 'NEUTRAL', 'NEUTRAL', 'SET', 'SET', 'OPENING', 'BANCO_OFF')",13,4,13,30.769,ATTACK_PREDICTIVE,46.154,1.204793,3.3361
"('TANK', 'TANK', 'DEFENSIVE_DIS', 'SAFE', 'SAFE', 'NORMAL', 'FASTER', 'MEC_USED', 'CLEAN', 'CLEAN', 'NEUTRAL', 'NEUTRAL', 'SET', 'SET', 'RECOVERING', 'BANCO_VAZIO')",13,6,11,54.545,ATTACK_TECH,46.154,1.524707,4.5938
"('TANK', 'TANK', 'CRITICAL_DIS', 'FULL', 'FULL', 'NORMAL', 'SLOWER', 'MEC_USED', 'CLEAN', 'CLEAN', 'NEUTRAL', 'NEUTRAL', 'CLEAR', 'SET', 'OPENING', 'BANCO_AMBOS')",13,5,10,50.000,STATUS,38.462,1.412745,4.1072
"('TANK', 'SWEEPER', 'NEUTRAL', 'SAFE', 'FULL', 'NORMAL', 'SLOWER', 'MEC_USED', 'CLEAN', 'CLEAN', 'NEUTRAL', 'NEUTRAL', 'CLEAR', 'CLEAR', 'OPENING', 'BANCO_AMBOS')",13,7,12,58.333,HEAL,46.154,1.631345,5.1107
"('TANK', 'TANK', 'NEUTRAL', 'FULL', 'FULL', 'NORMAL', 'FASTER', 'MEC_USED', 'CLEAN', 'CLEAN', 'NEUTRAL', 'NEUTRAL', 'CLEAR', 'SET', 'BRAWL', 'BANCO_VAZIO')",13,3,11,27.273,ATTACK_STRONG,76.923,0.687092,1.9879
"('TANK', 'SWEEPER', 'OFFENSIVE_DIS', 'FULL', 'SAFE', 'NORMAL', 'SLOWER', 'MEC_USED', 'CLEAN', 'CLEAN', 'NEUTRAL', 'NEUTRAL', 'CLEAR', 'CLEAR', 'RECOVERING', 'BANCO_VAZIO')",13,7,10,70.000,STATUS,46.154,1.631345,5.1107
"('TANK', 'SWEEPER', 'OFFENSIVE_ADV', 'FULL', 'FULL', 'FIELD_OURS_OFF', 'FASTER', 'MEC_USED', 'CLEAN', 'CLEAN', 'NEUTRAL', 'NEUTRAL', 'CLEAR', 'CLEAR', 'OPENING', 'BANCO_OFF')",13,5,7,71.429,HEAL,46.154,1.377820,3.9662
"('SWEEPER', 'TANK', 'OFFENSIVE_ADV', 'SAFE', 'FULL', 'NORMAL', 'FASTER', 'MEC_USED', 'CLEAN', 'CLEAN', 'NEUTRAL', 'NEUTRAL', 'SET', 'CLEAR', 'BRAWL', 'BANCO_OFF')",13,3,10,30.000,SWITCH_OFFENSIVE,46.154,1.012331,2.7520
"('TANK', 'TANK', 'DEFENSIVE_DIS', 'SAFE', 'FULL', 'FIELD_OURS_DEF', 'FASTER', 'MEC_USED', 'CLEAN', 'CLEAN', 'NEUTRAL', 'NEUTRAL', 'CLEAR', 'CLEAR', 'OPENING', 'BANCO_OFF')",13,5,7,71.429,BARRIER,30.769,1.564957,4.7825
"('TANK', 'TANK', 'NEUTRAL', 'FULL', 'CRIT', 'NORMAL', 'FASTER', 'MEC_USED', 'CLEAN', 'CLEAN', 'NEUTRAL', 'NEUTRAL', 'CLEAR', 'CLEAR', 'OPENING', 'BANCO_VAZIO')",13,6,9,66.667,SWITCH_OFFENSIVE,53.846,1.410514,4.0981
"('TANK', 'TANK', 'STALEMATE', 'FULL', 'FULL', 'FIELD_SHARED', 'SLOWER', 'MEC_USED', 'CLEAN', 'CLEAN', 'NEUTRAL', 'NEUTRAL', 'CLEAR', 'CLEAR', 'CLUTCH', 'BANCO_VAZIO')",13,5,8,62.500,ATTACK_PREDICTIVE,46.154,1.377820,3.9662
"('TANK', 'TANK', 'STALEMATE', 'FULL', 'SAFE', 'NORMAL', 'SLOWER', 'MEC_USED', 'AFFLICTED', 'AFFLICTED', 'DEBUFF', 'DEBUFF', 'SET', 'SET', 'CLUTCH', 'BANCO_VAZIO')",13,2,6,33.333,ATTACK_STRONG,53.846,0.690186,1.9941
"('TANK', 'TANK', 'OFFENSIVE_DIS', 'SAFE', 'SAFE', 'NORMAL', 'SLOWER', 'MEC_USED', 'CLEAN', 'CLEAN', 'NEUTRAL', 'NEUTRAL', 'SET', 'CLEAR', 'RECOVERING', 'BANCO_VAZIO')",13,4,6,66.667,HEAL,61.538,1.072017,2.9213
"('TANK', 'TANK', 'OFFENSIVE_DIS', 'SAFE', 'SAFE', 'NORMAL', 'SLOWER', 'MEC_USED', 'CLEAN', 'AFFLICTED', 'NEUTRAL', 'NEUTRAL', 'SET', 'SET', 'RECOVERING', 'BANCO_VAZIO')",13,4,5,80.000,ATTACK_TECH,53.846,1.156988,3.1803
"('TANK', 'UTILITY', 'OFFENSIVE_DIS', 'FULL', 'FULL', 'FIELD_THEIRS', 'SLOWER', 'MEC_USED', 'CLEAN', 'CLEAN', 'NEUTRAL', 'NEUTRAL', 'CLEAR', 'CLEAR', 'OPENING', 'BANCO_AMBOS')",13,3,10,30.000,SWITCH_DEFENSIVE,61.538,0.925129,2.5222
"('TANK', 'TANK', 'OFFENSIVE_DIS', 'SAFE', 'SAFE', 'NORMAL', 'SLOWER', 'MEC_USED', 'CLEAN', 'CLEAN', 'BUFFED', 'NEUTRAL', 'CLEAR', 'CLEAR', 'OPENING', 'BANCO_OFF')",13,1,6,16.667,BUFF,100.000,-0.000000,1.0000
"('TANK', 'TANK', 'DEFENSIVE_ADV', 'FULL', 'FULL', 'NORMAL', 'SLOWER', 'MEC_USED', 'CLEAN', 'AFFLICTED', 'NEUTRAL', 'NEUTRAL', 'CLEAR', 'CLEAR', 'RECOVERING', 'BANCO_VAZIO')",13,4,5,80.000,ATTACK_PREDICTIVE,53.846,1.090599,2.9761
"('TANK', 'TANK', 'NEUTRAL', 'FULL', 'FULL', 'NORMAL', 'SLOWER', 'MEC_USED', 'CLEAN', 'CLEAN', 'NEUTRAL', 'BUFFED', 'CLEAR', 'CLEAR', 'OPENING', 'BANCO_VAZIO')",13,4,8,50.000,STATUS,46.154,1.118969,3.0617
"('TANK', 'TANK', 'NEUTRAL', 'SAFE', 'FULL', 'NORMAL', 'SLOWER', 'MEC_USED', 'AFFLICTED', 'CLEAN', 'DEBUFF', 'BUFFED', 'SET', 'CLEAR', 'CLUTCH', 'BANCO_VAZIO')",13,4,4,100.000,ATTACK_PIVOT,61.538,1.031767,2.8060
"('TANK', 'TANK', 'OFFENSIVE_DIS', 'FULL', 'FULL', 'NORMAL', 'FASTER', 'MEC_USED', 'CLEAN', 'AFFLICTED', 'NEUTRAL', 'BUFFED_DEBUFF', 'SET', 'SET', 'CLUTCH', 'BANCO_VAZIO')",13,1,1,100.000,HAZARD,100.000,-0.000000,1.0000
"('TANK', 'TANK', 'CRITICAL_DIS', 'SAFE', 'FULL', 'NORMAL', 'FASTER', 'MEC_USED', 'CLEAN', 'CLEAN', 'NEUTRAL', 'NEUTRAL', 'CLEAR', 'SET', 'CLUTCH', 'BANCO_VAZIO')",12,4,9,44.444,HEAL,58.333,1.118743,3.0610
"('TANK', 'TANK', 'CRITICAL_DIS', 'FULL', 'DANGER', 'NORMAL', 'FASTER', 'MEC_USED', 'CLEAN', 'AFFLICTED', 'NEUTRAL', 'DEBUFF', 'SET', 'SET', 'RECOVERING', 'BANCO_VAZIO')",12,3,5,60.000,ATTACK_STRONG,58.333,0.959615,2.6107
"('TANK', 'SWEEPER', 'DOMINANT', 'FULL', 'FULL', 'NORMAL', 'SLOWER', 'MEC_AVAIL', 'CLEAN', 'CLEAN', 'NEUTRAL', 'NEUTRAL', 'CLEAR', 'CLEAR', 'OPENING', 'BANCO_AMBOS')",12,4,7,57.143,FIELD_CONTROL,50.000,1.198849,3.3163
"('TANK', 'TANK', 'OFFENSIVE_ADV', 'DANGER', 'FULL', 'NORMAL', 'FASTER', 'MEC_USED', 'AFFLICTED', 'CLEAN', 'NEUTRAL', 'NEUTRAL', 'CLEAR', 'CLEAR', 'OPENING', 'BANCO_OFF')",12,4,7,57.143,HEAL,33.333,1.357978,3.8883
"('TANK', 'TANK', 'STALEMATE', 'DANGER', 'FULL', 'NORMAL', 'SLOWER', 'MEC_USED', 'CLEAN', 'CLEAN', 'NEUTRAL', 'NEUTRAL', 'SET', 'SET', 'RECOVERING', 'BANCO_VAZIO')",12,6,13,46.154,STAT_CLEAN,41.667,1.583258,4.8708
"('TANK', 'TANK', 'NEUTRAL', 'FULL', 'CRIT', 'NORMAL', 'SLOWER', 'MEC_USED', 'CLEAN', 'CLEAN', 'NEUTRAL', 'NEUTRAL', 'SET', 'SET', 'RECOVERING', 'BANCO_VAZIO')",12,3,12,25.000,ATTACK_STRONG,66.667,0.823959,2.2795
"('TANK', 'TANK', 'NEUTRAL', 'DANGER', 'SAFE', 'NORMAL', 'SLOWER', 'MEC_USED', 'CLEAN', 'CLEAN', 'NEUTRAL', 'NEUTRAL', 'SET', 'CLEAR', 'OPENING', 'BANCO_VAZIO')",12,7,11,63.636,HEAL,25.000,1.863680,6.4474
"('TANK', 'SWEEPER', 'OFFENSIVE_ADV', 'FULL', 'FULL', 'NORMAL', 'SLOWER', 'MEC_AVAIL', 'CLEAN', 'CLEAN', 'NEUTRAL', 'BUFFED', 'CLEAR', 'CLEAR', 'OPENING', 'BANCO_OFF')",12,6,11,54.545,ATTACK_STRONG_MEC,33.333,1.632631,5.1173
"('TANK', 'TANK', 'VOLATILE', 'CRIT', 'SAFE', 'FIELD_THEIRS', 'FASTER', 'MEC_USED', 'CLEAN', 'CLEAN', 'NEUTRAL', 'NEUTRAL', 'CLEAR', 'CLEAR', 'OPENING', 'BANCO_OFF')",12,4,10,40.000,ATTACK_STRONG,58.333,1.118743,3.0610
"('TANK', 'TANK', 'DOMINANT', 'SAFE', 'FULL', 'FIELD_THEIRS', 'FASTER', 'MEC_AVAIL', 'CLEAN', 'CLEAN', 'NEUTRAL', 'DEBUFF', 'CLEAR', 'CLEAR', 'OPENING', 'BANCO_OFF')",12,6,10,60.000,ATTACK_PREDICTIVE_MEC,33.333,1.676235,5.3454
"('TANK', 'TANK', 'DEFENSIVE_DIS', 'SAFE', 'SAFE', 'NORMAL', 'SLOWER', 'MEC_USED', 'CLEAN', 'CLEAN', 'NEUTRAL', 'NEUTRAL', 'CLEAR', 'CLEAR', 'CLUTCH', 'BANCO_VAZIO')",12,3,10,30.000,ATTACK_STRONG,66.667,0.823959,2.2795
"('TANK', 'TANK', 'OFFENSIVE_ADV', 'FULL', 'FULL', 'NORMAL', 'FASTER', 'MEC_USED', 'CLEAN', 'CLEAN', 'NEUTRAL', 'NEUTRAL', 'CLEAR', 'SET', 'RECOVERING', 'BANCO_VAZIO')",12,5,7,71.429,ATTACK_PIVOT,41.667,1.424130,4.1542
"('TANK', 'TANK', 'VOLATILE', 'FULL', 'FULL', 'NORMAL', 'SLOWER', 'MEC_USED', 'CLEAN', 'AFFLICTED', 'NEUTRAL', 'NEUTRAL', 'SET', 'SET', 'CLUTCH', 'BANCO_VAZIO')",12,1,4,25.000,ATTACK_STRONG,100.000,-0.000000,1.0000
"('TANK', 'UTILITY', 'OFFENSIVE_ADV', 'FULL', 'FULL', 'FIELD_SHARED', 'SLOWER', 'MEC_USED', 'CLEAN', 'CLEAN', 'NEUTRAL', 'NEUTRAL', 'CLEAR', 'CLEAR', 'OPENING', 'BANCO_AMBOS')",12,7,9,77.778,ATTACK_TECH,33.333,1.748155,5.7440
"('TANK', 'TANK', 'DEFENSIVE_DIS', 'CRIT', 'FULL', 'NORMAL', 'FASTER', 'MEC_USED', 'CLEAN', 'CLEAN', 'NEUTRAL', 'NEUTRAL', 'CLEAR', 'CLEAR', 'OPENING', 'BANCO_AMBOS')",12,4,9,44.444,SWITCH_OFFENSIVE,66.667,0.983088,2.6727
"('TANK', 'TANK', 'NEUTRAL', 'DANGER', 'FULL', 'FIELD_OURS_OFF', 'FASTER', 'MEC_USED', 'CLEAN', 'CLEAN', 'NEUTRAL', 'NEUTRAL', 'CLEAR', 'CLEAR', 'OPENING', 'BANCO_OFF')",12,6,11,54.545,SWITCH_DEFENSIVE,58.333,1.349792,3.8566
"('TANK', 'TANK', 'OFFENSIVE_DIS', 'FULL', 'SAFE', 'NORMAL', 'SLOWER', 'MEC_USED', 'CLEAN', 'AFFLICTED', 'NEUTRAL', 'NEUTRAL', 'CLEAR', 'SET', 'CLUTCH', 'BANCO_VAZIO')",12,3,8,37.500,ATTACK_TECH,83.333,0.566086,1.7614
"('TANK', 'SWEEPER', 'OFFENSIVE_DIS', 'FULL', 'FULL', 'NORMAL', 'SLOWER', 'MEC_USED', 'CLEAN', 'CLEAN', 'NEUTRAL', 'NEUTRAL', 'CLEAR', 'CLEAR', 'OPENING', 'BANCO_VAZIO')",12,3,9,33.333,ATTACK_TECH,75.000,0.721464,2.0574
"('TANK', 'TANK', 'CRITICAL_DIS', 'SAFE', 'FULL', 'FIELD_SHARED', 'SLOWER', 'MEC_USED', 'CLEAN', 'CLEAN', 'NEUTRAL', 'NEUTRAL', 'CLEAR', 'CLEAR', 'OPENING', 'BANCO_OFF')",12,6,11,54.545,SWITCH_DEFENSIVE,33.333,1.676235,5.3454
"('SWEEPER', 'TANK', 'VOLATILE', 'FULL', 'FULL', 'FIELD_OURS_OFF', 'FASTER', 'MEC_AVAIL', 'CLEAN', 'CLEAN', 'NEUTRAL', 'NEUTRAL', 'CLEAR', 'CLEAR', 'OPENING', 'BANCO_OFF')",12,1,12,8.333,ATTACK_STRONG_MEC,100.000,-0.000000,1.0000
"('TANK', 'TANK', 'OFFENSIVE_DIS', 'SAFE', 'FULL', 'NORMAL', 'FASTER', 'MEC_USED', 'CLEAN', 'AFFLICTED', 'NEUTRAL', 'DEBUFF', 'CLEAR', 'CLEAR', 'RECOVERING', 'BANCO_VAZIO')",12,6,7,85.714,STATUS,25.000,1.704551,5.4989
"('TANK', 'TANK', 'NEUTRAL', 'DANGER', 'DANGER', 'FIELD_SHARED', 'FASTER', 'MEC_USED', 'CLEAN', 'CLEAN', 'NEUTRAL', 'NEUTRAL', 'CLEAR', 'CLEAR', 'OPENING', 'BANCO_OFF')",12,5,10,50.000,ATTACK_PREDICTIVE,58.333,1.234268,3.4359
"('TANK', 'TANK', 'DEFENSIVE_DIS', 'FULL', 'FULL', 'NORMAL', 'SLOWER', 'MEC_USED', 'CLEAN', 'CLEAN', 'NEUTRAL', 'NEUTRAL', 'SET', 'CLEAR', 'OPENING', 'BANCO_OFF')",12,8,12,66.667,ATTACK_PIVOT,25.000,1.979205,7.2370
"('TANK', 'TANK', 'OFFENSIVE_ADV', 'FULL', 'FULL', 'FIELD_SHARED', 'FASTER', 'MEC_AVAIL', 'CLEAN', 'CLEAN', 'NEUTRAL', 'NEUTRAL', 'SET', 'CLEAR', 'OPENING', 'BANCO_AMBOS')",12,6,12,50.000,ATTACK_PREDICTIVE,33.333,1.632631,5.1173
"('TANK', 'TANK', 'CRITICAL_DIS', 'FULL', 'FULL', 'FIELD_THEIRS', 'SLOWER', 'MEC_USED', 'CLEAN', 'CLEAN', 'NEUTRAL', 'NEUTRAL', 'CLEAR', 'CLEAR', 'OPENING', 'BANCO_VAZIO')",12,4,4,100.000,SWITCH_DEFENSIVE,58.333,1.075139,2.9304
"('UTILITY', 'SWEEPER', 'DEFENSIVE_DIS', 'FULL', 'FULL', 'NORMAL', 'SLOWER', 'MEC_USED', 'CLEAN', 'CLEAN', 'NEUTRAL', 'NEUTRAL', 'CLEAR', 'CLEAR', 'OPENING', 'BANCO_AMBOS')",12,4,5,80.000,SWITCH_DEFENSIVE,50.000,1.126929,3.0862
"('TANK', 'TANK', 'DOMINANT', 'FULL', 'FULL', 'FIELD_THEIRS', 'SLOWER', 'MEC_USED', 'CLEAN', 'CLEAN', 'NEUTRAL', 'NEUTRAL', 'SET', 'CLEAR', 'OPENING', 'BANCO_OFF')",12,10,13,76.923,ATTACK_STRONG,16.667,2.253858,9.5244
"('TANK', 'TANK', 'OFFENSIVE_ADV', 'SAFE', 'FULL', 'NORMAL', 'FASTER', 'MEC_USED', 'AFFLICTED', 'CLEAN', 'NEUTRAL', 'NEUTRAL', 'CLEAR', 'CLEAR', 'OPENING', 'BANCO_OFF')",12,4,9,44.444,ATTACK_STRONG,33.333,1.329661,3.7798
"('TANK', 'TANK', 'DEFENSIVE_DIS', 'CRIT', 'SAFE', 'NORMAL', 'FASTER', 'MEC_USED', 'CLEAN', 'CLEAN', 'NEUTRAL', 'NEUTRAL', 'CLEAR', 'CLEAR', 'OPENING', 'BANCO_OFF')",12,6,8,75.000,SWITCH_DEFENSIVE,58.333,1.349792,3.8566
"('TANK', 'TANK', 'NEUTRAL', 'FULL', 'DANGER', 'NORMAL', 'FASTER', 'MEC_AVAIL', 'CLEAN', 'CLEAN', 'NEUTRAL', 'NEUTRAL', 'CLEAR', 'CLEAR', 'OPENING', 'BANCO_OFF')",12,8,14,57.143,BUFF_MEC,33.333,1.907284,6.7348
"('TANK', 'TANK', 'OFFENSIVE_ADV', 'FULL', 'FULL', 'NORMAL', 'SLOWER', 'MEC_USED', 'CLEAN', 'CLEAN', 'NEUTRAL', 'DEBUFF', 'CLEAR', 'CLEAR', 'OPENING', 'BANCO_OFF')",12,6,12,50.000,ATTACK_PIVOT,33.333,1.632631,5.1173
"('TANK', 'TANK', 'NEUTRAL', 'SAFE', 'FULL', 'NORMAL', 'FASTER', 'MEC_USED', 'AFFLICTED', 'CLEAN', 'NEUTRAL', 'NEUTRAL', 'SET', 'CLEAR', 'OPENING', 'BANCO_OFF')",12,9,11,81.818,ATTACK_STRONG,16.667,2.138333,8.4853
"('TANK', 'TANK', 'NEUTRAL', 'DANGER', 'FULL', 'FIELD_SHARED', 'SLOWER', 'MEC_USED', 'CLEAN', 'CLEAN', 'NEUTRAL', 'NEUTRAL', 'CLEAR', 'CLEAR', 'OPENING', 'BANCO_OFF')",12,8,10,80.000,ATTACK_PREDICTIVE,25.000,1.979205,7.2370
"('UTILITY', 'UTILITY', 'OFFENSIVE_ADV', 'FULL', 'FULL', 'NORMAL', 'FASTER', 'MEC_USED', 'CLEAN', 'CLEAN', 'NEUTRAL', 'NEUTRAL', 'CLEAR', 'CLEAR', 'OPENING', 'BANCO_OFF')",12,3,5,60.000,SWITCH_OFFENSIVE,50.000,1.011404,2.7495
"('TANK', 'TANK', 'DEFENSIVE_DIS', 'FULL', 'FULL', 'FIELD_OURS_DEF', 'SLOWER', 'MEC_USED', 'CLEAN', 'CLEAN', 'NEUTRAL', 'NEUTRAL', 'CLEAR', 'CLEAR', 'OPENING', 'BANCO_DEF')",12,3,4,75.000,ATTACK_STRONG,58.333,0.959615,2.6107
"('TANK', 'TANK', 'DEFENSIVE_DIS', 'FULL', 'FULL', 'FIELD_THEIRS', 'SLOWER', 'MEC_USED', 'CLEAN', 'CLEAN', 'NEUTRAL', 'NEUTRAL', 'CLEAR', 'CLEAR', 'OPENING', 'BANCO_VAZIO')",12,5,9,55.556,ATTACK_TECH,58.333,1.234268,3.4359
"('TANK', 'TANK', 'NEUTRAL', 'FULL', 'FULL', 'NORMAL', 'SLOWER', 'MEC_USED', 'CLEAN', 'AFFLICTED', 'NEUTRAL', 'NEUTRAL', 'CLEAR', 'CLEAR', 'OPENING', 'BANCO_OFF')",12,8,11,72.727,SWITCH_DEFENSIVE,33.333,1.907284,6.7348
"('SWEEPER', 'TANK', 'NEUTRAL', 'FULL', 'SAFE', 'NORMAL', 'FASTER', 'MEC_USED', 'CLEAN', 'CLEAN', 'NEUTRAL', 'DEBUFF', 'CLEAR', 'CLEAR', 'OPENING', 'BANCO_OFF')",12,4,8,50.000,SWITCH_OFFENSIVE,41.667,1.265001,3.5431
"('TANK', 'TANK', 'OFFENSIVE_DIS', 'SAFE', 'SAFE', 'FIELD_SHARED', 'SLOWER', 'MEC_USED', 'CLEAN', 'CLEAN', 'NEUTRAL', 'NEUTRAL', 'CLEAR', 'CLEAR', 'OPENING', 'BANCO_VAZIO')",12,7,10,70.000,ATTACK_TECH,25.000,1.863680,6.4474
"('TANK', 'TANK', 'OFFENSIVE_ADV', 'SAFE', 'FULL', 'FIELD_SHARED', 'FASTER', 'MEC_USED', 'CLEAN', 'CLEAN', 'NEUTRAL', 'NEUTRAL', 'SET', 'CLEAR', 'OPENING', 'BANCO_OFF')",12,7,9,77.778,ATTACK_PIVOT,33.333,1.791759,6.0000
"('TANK', 'TANK', 'STALEMATE', 'SAFE', 'FULL', 'NORMAL', 'SLOWER', 'MEC_USED', 'CLEAN', 'CLEAN', 'NEUTRAL', 'NEUTRAL', 'CLEAR', 'SET', 'RECOVERING', 'BANCO_VAZIO')",12,4,5,80.000,PROTECT,75.000,0.836988,2.3094
"('UTILITY', 'SWEEPER', 'NEUTRAL', 'SAFE', 'FULL', 'FIELD_OURS_OFF', 'FASTER', 'MEC_USED', 'CLEAN', 'CLEAN', 'NEUTRAL', 'NEUTRAL', 'CLEAR', 'CLEAR', 'OPENING', 'BANCO_OFF')",12,7,8,87.500,HEAL,25.000,1.820076,6.1723
"('TANK', 'TANK', 'NEUTRAL', 'FULL', 'FULL', 'NORMAL', 'SLOWER', 'MEC_USED', 'AFFLICTED', 'CLEAN', 'DEBUFF', 'DEBUFF', 'SET', 'SET', 'CLUTCH', 'BANCO_VAZIO')",12,3,3,100.000,STATUS,50.000,0.918428,2.5053
"('SWEEPER', 'SWEEPER', 'OFFENSIVE_ADV', 'FULL', 'FULL', 'NORMAL', 'FASTER', 'MEC_USED', 'CLEAN', 'CLEAN', 'NEUTRAL', 'DEBUFF', 'CLEAR', 'CLEAR', 'OPENING', 'BANCO_OFF')",12,5,6,83.333,ATTACK_PIVOT,50.000,1.357978,3.8883
"('TANK', 'TANK', 'NEUTRAL', 'SAFE', 'FULL', 'NORMAL', 'FASTER', 'MEC_AVAIL', 'CLEAN', 'CLEAN', 'BUFFED', 'NEUTRAL', 'CLEAR', 'CLEAR', 'OPENING', 'BANCO_AMBOS')",12,7,12,58.333,ATTACK_STRONG,33.333,1.748155,5.7440
"('TANK', 'TANK', 'DOMINANT', 'FULL', 'SAFE', 'NORMAL', 'FASTER', 'MEC_AVAIL', 'CLEAN', 'CLEAN', 'NEUTRAL', 'NEUTRAL', 'CLEAR', 'CLEAR', 'OPENING', 'BANCO_OFF')",12,4,14,28.571,ATTACK_PREDICTIVE_MEC,41.667,1.265001,3.5431
"('TANK', 'TANK', 'NEUTRAL', 'CRIT', 'FULL', 'NORMAL', 'FASTER', 'MEC_USED', 'CLEAN', 'CLEAN', 'NEUTRAL', 'NEUTRAL', 'CLEAR', 'CLEAR', 'BRAWL', 'BANCO_VAZIO')",12,8,10,80.000,ATTACK_STRONG,25.000,1.935601,6.9282
"('TANK', 'TANK', 'OFFENSIVE_ADV', 'FULL', 'FULL', 'NORMAL', 'FASTER', 'MEC_USED', 'AFFLICTED', 'CLEAN', 'NEUTRAL', 'NEUTRAL', 'SET', 'CLEAR', 'OPENING', 'BANCO_OFF')",12,6,9,66.667,ATTACK_PIVOT,25.000,1.704551,5.4989
"('TANK', 'TANK', 'NEUTRAL', 'DANGER', 'DANGER', 'NORMAL', 'SLOWER', 'MEC_USED', 'CLEAN', 'CLEAN', 'NEUTRAL', 'NEUTRAL', 'CLEAR', 'CLEAR', 'OPENING', 'BANCO_VAZIO')",12,5,9,55.556,HEAL,33.333,1.473502,4.3645
"('TANK', 'SWEEPER', 'NEUTRAL', 'SAFE', 'SAFE', 'NORMAL', 'SLOWER', 'MEC_USED', 'CLEAN', 'CLEAN', 'NEUTRAL', 'NEUTRAL', 'CLEAR', 'SET', 'OPENING', 'BANCO_OFF')",12,4,11,36.364,STATUS,50.000,1.126929,3.0862
"('TANK', 'UTILITY', 'NEUTRAL', 'FULL', 'SAFE', 'FIELD_SHARED', 'SLOWER', 'MEC_USED', 'CLEAN', 'CLEAN', 'NEUTRAL', 'NEUTRAL', 'CLEAR', 'CLEAR', 'OPENING', 'BANCO_OFF')",12,8,11,72.727,ATTACK_PIVOT,41.667,1.814308,6.1368
"('TANK', 'TANK', 'NEUTRAL', 'SAFE', 'SAFE', 'NORMAL', 'SLOWER', 'MEC_USED', 'CLEAN', 'AFFLICTED', 'NEUTRAL', 'NEUTRAL', 'SET', 'SET', 'CLUTCH', 'BANCO_VAZIO')",12,4,11,36.364,ATTACK_TECH,50.000,1.126929,3.0862
"('SWEEPER', 'TANK', 'NEUTRAL', 'DANGER', 'SAFE', 'NORMAL', 'FASTER', 'MEC_USED', 'CLEAN', 'CLEAN', 'NEUTRAL', 'NEUTRAL', 'CLEAR', 'CLEAR', 'OPENING', 'BANCO_OFF')",12,5,7,71.429,SWITCH_DEFENSIVE,66.667,1.098612,3.0000
"('TANK', 'TANK', 'OFFENSIVE_ADV', 'SAFE', 'SAFE', 'NORMAL', 'SLOWER', 'MEC_USED', 'CLEAN', 'CLEAN', 'NEUTRAL', 'NEUTRAL', 'SET', 'CLEAR', 'OPENING', 'BANCO_VAZIO')",12,6,12,50.000,ATTACK_TECH,58.333,1.349792,3.8566
"('TANK', 'SWEEPER', 'NEUTRAL', 'FULL', 'FULL', 'NORMAL', 'SLOWER', 'MEC_USED', 'CLEAN', 'CLEAN', 'DEBUFF', 'NEUTRAL', 'CLEAR', 'CLEAR', 'OPENING', 'BANCO_VAZIO')",12,5,5,100.000,SWITCH_OFFENSIVE,33.333,1.473502,4.3645
"('TANK', 'TANK', 'OFFENSIVE_DIS', 'SAFE', 'FULL', 'NORMAL', 'FASTER', 'MEC_USED', 'AFFLICTED', 'CLEAN', 'NEUTRAL', 'NEUTRAL', 'SET', 'CLEAR', 'RECOVERING', 'BANCO_VAZIO')",12,5,6,83.333,ATTACK_PIVOT,25.000,1.545423,4.6900
"('TANK', 'TANK', 'NEUTRAL', 'CRIT', 'SAFE', 'FIELD_SHARED', 'FASTER', 'MEC_USED', 'CLEAN', 'CLEAN', 'NEUTRAL', 'NEUTRAL', 'CLEAR', 'CLEAR', 'OPENING', 'BANCO_OFF')",12,5,7,71.429,HEAL,50.000,1.314374,3.7224
"('SWEEPER', 'TANK', 'OFFENSIVE_ADV', 'DANGER', 'SAFE', 'NORMAL', 'FASTER', 'MEC_USED', 'CLEAN', 'CLEAN', 'NEUTRAL', 'NEUTRAL', 'CLEAR', 'CLEAR', 'OPENING', 'BANCO_OFF')",12,4,5,80.000,SWITCH_DEFENSIVE,50.000,1.126929,3.0862
"('TANK', 'TANK', 'NEUTRAL', 'FULL', 'FULL', 'NORMAL', 'SLOWER', 'MEC_USED', 'CLEAN', 'CLEAN', 'NEUTRAL', 'NEUTRAL', 'CLEAR', 'SET', 'BRAWL', 'BANCO_OFF')",12,5,10,50.000,ATTACK_STRONG,33.333,1.560710,4.7622
"('TANK', 'TANK', 'OFFENSIVE_ADV', 'FULL', 'DANGER', 'FIELD_SHARED', 'SLOWER', 'MEC_USED', 'CLEAN', 'CLEAN', 'NEUTRAL', 'NEUTRAL', 'CLEAR', 'CLEAR', 'OPENING', 'BANCO_OFF')",12,8,13,61.538,ATTACK_STRONG,33.333,1.907284,6.7348
"('TANK', 'TANK', 'NEUTRAL', 'SAFE', 'SAFE', 'FIELD_OURS_OFF', 'FASTER', 'MEC_USED', 'CLEAN', 'CLEAN', 'NEUTRAL', 'NEUTRAL', 'CLEAR', 'CLEAR', 'OPENING', 'BANCO_AMBOS')",12,7,10,70.000,SWITCH_DEFENSIVE,50.000,1.589027,4.8990
"('TANK', 'TANK', 'DOMINANT', 'FULL', 'SAFE', 'NORMAL', 'SLOWER', 'MEC_USED', 'CLEAN', 'CLEAN', 'NEUTRAL', 'NEUTRAL', 'CLEAR', 'CLEAR', 'OPENING', 'BANCO_VAZIO')",12,9,10,90.000,ATTACK_PREDICTIVE,25.000,2.094729,8.1232
"('TANK', 'TANK', 'OFFENSIVE_ADV', 'FULL', 'FULL', 'NORMAL', 'SLOWER', 'MEC_USED', 'CLEAN', 'CLEAN', 'NEUTRAL', 'NEUTRAL', 'CLEAR', 'CLEAR', 'OPENING', 'BANCO_DEF')",12,6,9,66.667,ATTACK_TECH,41.667,1.583258,4.8708
"('TANK', 'TANK', 'OFFENSIVE_ADV', 'CRIT', 'SAFE', 'FIELD_THEIRS', 'FASTER', 'MEC_USED', 'CLEAN', 'CLEAN', 'NEUTRAL', 'NEUTRAL', 'CLEAR', 'CLEAR', 'OPENING', 'BANCO_OFF')",12,7,9,77.778,STATUS,25.000,1.820076,6.1723
"('TANK', 'SWEEPER', 'DEFENSIVE_DIS', 'FULL', 'FULL', 'FIELD_OURS_OFF', 'FASTER', 'MEC_USED', 'CLEAN', 'CLEAN', 'DEBUFF', 'NEUTRAL', 'CLEAR', 'CLEAR', 'OPENING', 'BANCO_OFF')",12,5,7,71.429,SWITCH_OFFENSIVE,50.000,1.357978,3.8883
"('TANK', 'TANK', 'OFFENSIVE_DIS', 'SAFE', 'SAFE', 'NORMAL', 'FASTER', 'MEC_USED', 'CLEAN', 'CLEAN', 'NEUTRAL', 'NEUTRAL', 'SET', 'CLEAR', 'BRAWL', 'BANCO_OFF')",12,8,12,66.667,SWITCH_OFFENSIVE,25.000,1.979205,7.2370
"('TANK', 'SWEEPER', 'NEUTRAL', 'SAFE', 'FULL', 'NORMAL', 'SLOWER', 'MEC_USED', 'CLEAN', 'CLEAN', 'NEUTRAL', 'NEUTRAL', 'CLEAR', 'CLEAR', 'BRAWL', 'BANCO_OFF')",12,7,11,63.636,ATTACK_PREDICTIVE,25.000,1.820076,6.1723
"('TANK', 'TANK', 'NEUTRAL', 'SAFE', 'FULL', 'NORMAL', 'SLOWER', 'MEC_USED', 'CLEAN', 'CLEAN', 'NEUTRAL', 'NEUTRAL', 'CLEAR', 'SET', 'OPENING', 'BANCO_VAZIO')",12,7,10,70.000,ATTACK_PIVOT,41.667,1.698783,5.4673
"('TANK', 'UTILITY', 'NEUTRAL', 'FULL', 'FULL', 'NORMAL', 'FASTER', 'MEC_USED', 'AFFLICTED', 'CLEAN', 'NEUTRAL', 'NEUTRAL', 'CLEAR', 'CLEAR', 'RECOVERING', 'BANCO_VAZIO')",12,3,3,100.000,CLEAN_HAZARD,58.333,0.887694,2.4295
"('TANK', 'TANK', 'VOLATILE', 'FULL', 'SAFE', 'NORMAL', 'FASTER', 'MEC_USED', 'CLEAN', 'CLEAN', 'NEUTRAL', 'NEUTRAL', 'SET', 'SET', 'OPENING', 'BANCO_OFF')",12,7,13,53.846,SWITCH_OFFENSIVE,25.000,1.863680,6.4474
"('TANK', 'TANK', 'NEUTRAL', 'SAFE', 'DANGER', 'NORMAL', 'SLOWER', 'MEC_USED', 'CLEAN', 'CLEAN', 'NEUTRAL', 'NEUTRAL', 'CLEAR', 'SET', 'OPENING', 'BANCO_VAZIO')",12,5,10,50.000,ATTACK_PREDICTIVE,33.333,1.517106,4.5590
"('TANK', 'TANK', 'NEUTRAL', 'DANGER', 'DANGER', 'NORMAL', 'SLOWER', 'MEC_USED', 'CLEAN', 'CLEAN', 'NEUTRAL', 'NEUTRAL', 'CLEAR', 'CLEAR', 'OPENING', 'BANCO_OFF')",12,7,11,63.636,STATUS,25.000,1.863680,6.4474
"('TANK', 'TANK', 'OFFENSIVE_ADV', 'FULL', 'SAFE', 'NORMAL', 'SLOWER', 'MEC_USED', 'CLEAN', 'CLEAN', 'NEUTRAL', 'NEUTRAL', 'SET', 'SET', 'BRAWL', 'BANCO_OFF')",12,2,13,15.385,ATTACK_STRONG,83.333,0.450561,1.5692
"('UTILITY', 'SWEEPER', 'DEFENSIVE_DIS', 'FULL', 'FULL', 'FIELD_THEIRS', 'SLOWER', 'MEC_USED', 'CLEAN', 'CLEAN', 'NEUTRAL', 'NEUTRAL', 'CLEAR', 'CLEAR', 'OPENING', 'BANCO_AMBOS')",12,1,6,16.667,SWITCH_OFFENSIVE,100.000,-0.000000,1.0000
"('TANK', 'TANK', 'OFFENSIVE_ADV', 'FULL', 'SAFE', 'NORMAL', 'FASTER', 'MEC_USED', 'CLEAN', 'CLEAN', 'NEUTRAL', 'NEUTRAL', 'CLEAR', 'CLEAR', 'BRAWL', 'BANCO_VAZIO')",12,7,8,87.500,ATTACK_STRONG,41.667,1.698783,5.4673
"('TANK', 'TANK', 'NEUTRAL', 'FULL', 'FULL', 'NORMAL', 'FASTER', 'MEC_USED', 'AFFLICTED', 'CLEAN', 'NEUTRAL', 'NEUTRAL', 'CLEAR', 'CLEAR', 'OPENING', 'BANCO_AMBOS')",12,7,11,63.636,ATTACK_TECH,25.000,1.863680,6.4474
"('TANK', 'TANK', 'STALEMATE', 'CRIT', 'FULL', 'NORMAL', 'SLOWER', 'MEC_USED', 'CLEAN', 'AFFLICTED', 'NEUTRAL', 'NEUTRAL', 'SET', 'SET', 'CLUTCH', 'BANCO_VAZIO')",12,2,2,100.000,STAT_CLEAN,75.000,0.562335,1.7548
"('TANK', 'TANK', 'OFFENSIVE_DIS', 'SAFE', 'SAFE', 'NORMAL', 'SLOWER', 'MEC_USED', 'CLEAN', 'CLEAN', 'NEUTRAL', 'NEUTRAL', 'CLEAR', 'SET', 'CLUTCH', 'BANCO_VAZIO')",12,5,9,55.556,SWITCH_DEFENSIVE,50.000,1.314374,3.7224
"('TANK', 'TANK', 'VOLATILE', 'SAFE', 'FULL', 'NORMAL', 'SLOWER', 'MEC_USED', 'CLEAN', 'CLEAN', 'NEUTRAL', 'NEUTRAL', 'SET', 'SET', 'OPENING', 'BANCO_OFF')",12,4,10,40.000,HEAL,66.667,0.983088,2.6727
"('TANK', 'UTILITY', 'OFFENSIVE_DIS', 'SAFE', 'SAFE', 'NORMAL', 'SLOWER', 'MEC_USED', 'CLEAN', 'CLEAN', 'NEUTRAL', 'NEUTRAL', 'CLEAR', 'CLEAR', 'OPENING', 'BANCO_OFF')",12,8,14,57.143,ATTACK_STRONG,25.000,1.979205,7.2370
"('TANK', 'TANK', 'OFFENSIVE_DIS', 'FULL', 'FULL', 'NORMAL', 'FASTER', 'MEC_USED', 'AFFLICTED', 'CLEAN', 'NEUTRAL', 'NEUTRAL', 'CLEAR', 'CLEAR', 'OPENING', 'BANCO_OFF')",12,6,10,60.000,STATUS,41.667,1.583258,4.8708
"('TANK', 'TANK', 'NEUTRAL', 'FULL', 'SAFE', 'NORMAL', 'FASTER', 'MEC_USED', 'CLEAN', 'CLEAN', 'NEUTRAL', 'NEUTRAL', 'CLEAR', 'SET', 'BRAWL', 'BANCO_OFF')",12,1,9,11.111,SWITCH_DEFENSIVE,100.000,-0.000000,1.0000
"('UTILITY', 'TANK', 'OFFENSIVE_ADV', 'FULL', 'FULL', 'NORMAL', 'FASTER', 'MEC_USED', 'CLEAN', 'CLEAN', 'NEUTRAL', 'NEUTRAL', 'CLEAR', 'CLEAR', 'BRAWL', 'BANCO_OFF')",12,3,8,37.500,ATTACK_STRONG,58.333,0.887694,2.4295
"('TANK', 'TANK', 'NEUTRAL', 'FULL', 'FULL', 'NORMAL', 'SLOWER', 'MEC_USED', 'CLEAN', 'CLEAN', 'NEUTRAL', 'NEUTRAL', 'SET', 'SET', 'BRAWL', 'BANCO_OFF')",12,7,11,63.636,ATTACK_TECH,33.333,1.791759,6.0000
"('TANK', 'TANK', 'OFFENSIVE_ADV', 'SAFE', 'FULL', 'NORMAL', 'FASTER', 'MEC_USED', 'CLEAN', 'CLEAN', 'NEUTRAL', 'NEUTRAL', 'SET', 'CLEAR', 'OPENING', 'BANCO_VAZIO')",12,5,7,71.429,ATTACK_PREDICTIVE,25.000,1.589027,4.8990
"('TANK', 'TANK', 'CRITICAL_DIS', 'FULL', 'FULL', 'NORMAL', 'FASTER', 'MEC_USED', 'CLEAN', 'CLEAN', 'NEUTRAL', 'NEUTRAL', 'CLEAR', 'CLEAR', 'RECOVERING', 'BANCO_VAZIO')",12,7,9,77.778,HEAL,33.333,1.748155,5.7440
"('TANK', 'TANK', 'DEFENSIVE_DIS', 'SAFE', 'FULL', 'NORMAL', 'FASTER', 'MEC_USED', 'CLEAN', 'CLEAN', 'NEUTRAL', 'NEUTRAL', 'SET', 'CLEAR', 'BRAWL', 'BANCO_OFF')",12,7,11,63.636,ATTACK_TECH,25.000,1.820076,6.1723
"('TANK', 'SWEEPER', 'OFFENSIVE_ADV', 'SAFE', 'FULL', 'FIELD_OURS_OFF', 'FASTER', 'MEC_USED', 'CLEAN', 'CLEAN', 'NEUTRAL', 'NEUTRAL', 'CLEAR', 'CLEAR', 'OPENING', 'BANCO_OFF')",12,7,9,77.778,HEAL,25.000,1.863680,6.4474
"('TANK', 'TANK', 'NEUTRAL', 'SAFE', 'SAFE', 'FIELD_SHARED', 'SLOWER', 'MEC_USED', 'CLEAN', 'CLEAN', 'NEUTRAL', 'NEUTRAL', 'SET', 'CLEAR', 'OPENING', 'BANCO_OFF')",12,8,13,61.538,HEAL,25.000,1.979205,7.2370
"('TANK', 'TANK', 'STALEMATE', 'FULL', 'FULL', 'NORMAL', 'FASTER', 'MEC_USED', 'CLEAN', 'CLEAN', 'NEUTRAL', 'NEUTRAL', 'SET', 'CLEAR', 'CLUTCH', 'BANCO_VAZIO')",12,2,6,33.333,CLEAN_HAZARD,91.667,0.286836,1.3322
"('TANK', 'TANK', 'NEUTRAL', 'FULL', 'SAFE', 'NORMAL', 'SLOWER', 'MEC_USED', 'CLEAN', 'AFFLICTED', 'NEUTRAL', 'NEUTRAL', 'SET', 'SET', 'CLUTCH', 'BANCO_VAZIO')",12,4,9,44.444,ATTACK_STRONG,58.333,1.075139,2.9304
"('TANK', 'SWEEPER', 'OFFENSIVE_ADV', 'SAFE', 'SAFE', 'NORMAL', 'SLOWER', 'MEC_USED', 'CLEAN', 'CLEAN', 'NEUTRAL', 'NEUTRAL', 'CLEAR', 'SET', 'BRAWL', 'BANCO_OFF')",12,3,8,37.500,HEAL,66.667,0.867563,2.3811
"('TANK', 'TANK', 'DEFENSIVE_DIS', 'FULL', 'SAFE', 'NORMAL', 'SLOWER', 'MEC_USED', 'CLEAN', 'AFFLICTED', 'NEUTRAL', 'DEBUFF', 'CLEAR', 'SET', 'CLUTCH', 'BANCO_VAZIO')",12,2,5,40.000,ATTACK_STRONG,91.667,0.286836,1.3322
"('TANK', 'TANK', 'STALEMATE', 'FULL', 'SAFE', 'NORMAL', 'FASTER', 'MEC_USED', 'CLEAN', 'AFFLICTED', 'NEUTRAL', 'DEBUFF', 'CLEAR', 'SET', 'RECOVERING', 'BANCO_VAZIO')",12,1,1,100.000,STAT_CLEAN,100.000,-0.000000,1.0000
"('TANK', 'TANK', 'VOLATILE', 'FULL', 'FULL', 'NORMAL', 'FASTER', 'MEC_USED', 'AFFLICTED', 'CLEAN', 'NEUTRAL', 'NEUTRAL', 'CLEAR', 'CLEAR', 'RECOVERING', 'BANCO_VAZIO')",12,4,6,66.667,CLEAN_HAZARD,41.667,1.236685,3.4442
"('SWEEPER', 'TANK', 'NEUTRAL', 'SAFE', 'FULL', 'NORMAL', 'FASTER', 'MEC_USED', 'CLEAN', 'AFFLICTED', 'NEUTRAL', 'DEBUFF', 'SET', 'CLEAR', 'CLUTCH', 'BANCO_VAZIO')",11,3,7,42.857,ATTACK_STRONG,81.818,0.600166,1.8224
"('TANK', 'TANK', 'STALEMATE', 'SAFE', 'FULL', 'NORMAL', 'SLOWER', 'MEC_USED', 'CLEAN', 'CLEAN', 'NEUTRAL', 'NEUTRAL', 'CLEAR', 'CLEAR', 'CLUTCH', 'BANCO_VAZIO')",11,5,8,62.500,HEAL,45.455,1.366711,3.9224
"('TANK', 'SWEEPER', 'VOLATILE', 'FULL', 'FULL', 'FIELD_SHARED', 'SLOWER', 'MEC_USED', 'CLEAN', 'CLEAN', 'NEUTRAL', 'NEUTRAL', 'CLEAR', 'CLEAR', 'OPENING', 'BANCO_AMBOS')",11,2,4,50.000,ATTACK_STRONG,90.909,0.304636,1.3561
"('TANK', 'TANK', 'OFFENSIVE_ADV', 'FULL', 'FULL', 'FIELD_OURS_DEF', 'SLOWER', 'MEC_USED', 'CLEAN', 'CLEAN', 'NEUTRAL', 'NEUTRAL', 'CLEAR', 'CLEAR', 'OPENING', 'BANCO_OFF')",11,5,8,62.500,ATTACK_PREDICTIVE,63.636,1.159589,3.1886
"('TANK', 'TANK', 'STALEMATE', 'FULL', 'FULL', 'NORMAL', 'SLOWER', 'MEC_USED', 'AFFLICTED', 'CLEAN', 'DEBUFF', 'NEUTRAL', 'SET', 'CLEAR', 'OPENING', 'BANCO_OFF')",11,3,5,60.000,SWITCH_OFFENSIVE,54.545,0.916465,2.5004
"('TANK', 'TANK', 'VOLATILE', 'FULL', 'FULL', 'FIELD_THEIRS', 'FASTER', 'MEC_AVAIL', 'CLEAN', 'CLEAN', 'NEUTRAL', 'NEUTRAL', 'CLEAR', 'CLEAR', 'OPENING', 'BANCO_VAZIO')",11,1,8,12.500,ATTACK_STRONG_MEC,100.000,-0.000000,1.0000
"('TANK', 'TANK', 'NEUTRAL', 'SAFE', 'DANGER', 'NORMAL', 'FASTER', 'MEC_USED', 'CLEAN', 'CLEAN', 'NEUTRAL', 'NEUTRAL', 'SET', 'SET', 'RECOVERING', 'BANCO_VAZIO')",11,4,12,33.333,ATTACK_STRONG,72.727,0.885574,2.4244
"('TANK', 'TANK', 'OFFENSIVE_ADV', 'FULL', 'SAFE', 'NORMAL', 'FASTER', 'MEC_USED', 'CLEAN', 'CLEAN', 'NEUTRAL', 'NEUTRAL', 'SET', 'SET', 'BRAWL', 'BANCO_OFF')",11,2,9,22.222,ATTACK_STRONG,81.818,0.474139,1.6066
"('TANK', 'TANK', 'NEUTRAL', 'SAFE', 'SAFE', 'NORMAL', 'SLOWER', 'MEC_USED', 'AFFLICTED', 'CLEAN', 'DEBUFF', 'NEUTRAL', 'SET', 'SET', 'RECOVERING', 'BANCO_VAZIO')",11,5,10,50.000,HEAL,36.364,1.468140,4.3412
"('TANK', 'TANK', 'DEFENSIVE_DIS', 'FULL', 'FULL', 'FIELD_OURS_DEF', 'FASTER', 'MEC_AVAIL', 'CLEAN', 'CLEAN', 'NEUTRAL', 'NEUTRAL', 'CLEAR', 'CLEAR', 'OPENING', 'BANCO_OFF')",11,7,12,58.333,HAZARD,27.273,1.846220,6.3358
"('TANK', 'TANK', 'NEUTRAL', 'SAFE', 'SAFE', 'NORMAL', 'FASTER', 'MEC_AVAIL', 'CLEAN', 'CLEAN', 'NEUTRAL', 'NEUTRAL', 'CLEAR', 'CLEAR', 'OPENING', 'BANCO_AMBOS')",11,9,16,56.250,HEAL,18.182,2.145842,8.5492
"('TANK', 'TANK', 'CRITICAL_DIS', 'SAFE', 'SAFE', 'NORMAL', 'FASTER', 'MEC_USED', 'CLEAN', 'CLEAN', 'NEUTRAL', 'NEUTRAL', 'SET', 'CLEAR', 'RECOVERING', 'BANCO_VAZIO')",11,8,10,80.000,ATTACK_PREDICTIVE,18.182,2.019815,7.5369
"('TANK', 'SWEEPER', 'OFFENSIVE_ADV', 'FULL', 'FULL', 'FIELD_OURS_DEF', 'FASTER', 'MEC_USED', 'CLEAN', 'CLEAN', 'DEBUFF', 'NEUTRAL', 'CLEAR', 'CLEAR', 'OPENING', 'BANCO_OFF')",11,1,6,16.667,ATTACK_STRONG,100.000,-0.000000,1.0000
"('SWEEPER', 'TANK', 'NEUTRAL', 'SAFE', 'FULL', 'NORMAL', 'FASTER', 'MEC_USED', 'CLEAN', 'CLEAN', 'NEUTRAL', 'DEBUFF', 'CLEAR', 'CLEAR', 'OPENING', 'BANCO_OFF')",11,3,8,37.500,ATTACK_PREDICTIVE,81.818,0.600166,1.8224
"('TANK', 'SWEEPER', 'DEFENSIVE_DIS', 'SAFE', 'FULL', 'NORMAL', 'SLOWER', 'MEC_USED', 'CLEAN', 'CLEAN', 'DEBUFF', 'NEUTRAL', 'CLEAR', 'CLEAR', 'OPENING', 'BANCO_OFF')",11,4,8,50.000,ATTACK_STRONG,63.636,1.033562,2.8111
"('TANK', 'SWEEPER', 'OFFENSIVE_DIS', 'FULL', 'FULL', 'NORMAL', 'SLOWER', 'MEC_USED', 'CLEAN', 'CLEAN', 'NEUTRAL', 'NEUTRAL', 'CLEAR', 'CLEAR', 'BRAWL', 'BANCO_OFF')",11,9,11,81.818,ATTACK_TECH,18.182,2.145842,8.5492
"('TANK', 'TANK', 'OFFENSIVE_DIS', 'FULL', 'CRIT', 'NORMAL', 'FASTER', 'MEC_USED', 'CLEAN', 'AFFLICTED', 'NEUTRAL', 'DEBUFF', 'SET', 'SET', 'RECOVERING', 'BANCO_VAZIO')",11,2,3,66.667,ATTACK_STRONG,72.727,0.585953,1.7967
"('TANK', 'TANK', 'OFFENSIVE_DIS', 'FULL', 'FULL', 'NORMAL', 'FASTER', 'MEC_USED', 'CLEAN', 'CLEAN', 'NEUTRAL', 'NEUTRAL', 'SET', 'SET', 'BRAWL', 'BANCO_OFF')",11,8,12,66.667,ATTACK_TECH,18.182,2.019815,7.5369
"('SWEEPER', 'TANK', 'OFFENSIVE_ADV', 'SAFE', 'FULL', 'NORMAL', 'FASTER', 'MEC_USED', 'CLEAN', 'CLEAN', 'NEUTRAL', 'NEUTRAL', 'CLEAR', 'CLEAR', 'BRAWL', 'BANCO_OFF')",11,7,7,100.000,ATTACK_STRONG,36.364,1.767761,5.8577
"('TANK', 'SWEEPER', 'NEUTRAL', 'FULL', 'FULL', 'NORMAL', 'SLOWER', 'MEC_USED', 'CLEAN', 'CLEAN', 'NEUTRAL', 'DEBUFF', 'CLEAR', 'CLEAR', 'OPENING', 'BANCO_OFF')",11,6,13,46.154,STATUS,27.273,1.672625,5.3261
"('TANK', 'TANK', 'OFFENSIVE_ADV', 'FULL', 'FULL', 'NORMAL', 'FASTER', 'MEC_USED', 'CLEAN', 'CLEAN', 'BUFFED', 'NEUTRAL', 'SET', 'CLEAR', 'OPENING', 'BANCO_OFF')",11,2,9,22.222,ATTACK_STRONG,72.727,0.585953,1.7967
"('SWEEPER', 'TANK', 'OFFENSIVE_ADV', 'FULL', 'FULL', 'FIELD_SHARED', 'FASTER', 'MEC_AVAIL', 'CLEAN', 'CLEAN', 'NEUTRAL', 'NEUTRAL', 'CLEAR', 'CLEAR', 'OPENING', 'BANCO_OFF')",11,8,12,66.667,BUFF,18.182,2.019815,7.5369
"('TANK', 'TANK', 'NEUTRAL', 'SAFE', 'SAFE', 'NORMAL', 'SLOWER', 'MEC_USED', 'CLEAN', 'CLEAN', 'NEUTRAL', 'NEUTRAL', 'CLEAR', 'SET', 'BRAWL', 'BANCO_VAZIO')",11,1,12,8.333,SWITCH_OFFENSIVE,100.000,-0.000000,1.0000
"('TANK', 'TANK', 'OFFENSIVE_ADV', 'FULL', 'CRIT', 'NORMAL', 'FASTER', 'MEC_USED', 'CLEAN', 'CLEAN', 'NEUTRAL', 'NEUTRAL', 'SET', 'CLEAR', 'OPENING', 'BANCO_OFF')",11,5,9,55.556,SWITCH_OFFENSIVE,63.636,1.159589,3.1886
"('TANK', 'TANK', 'OFFENSIVE_DIS', 'SAFE', 'FULL', 'NORMAL', 'FASTER', 'MEC_USED', 'CLEAN', 'CLEAN', 'NEUTRAL', 'NEUTRAL', 'SET', 'SET', 'OPENING', 'BANCO_VAZIO')",11,6,9,66.667,ATTACK_TECH,36.364,1.641735,5.1641
"('SWEEPER', 'TANK', 'NEUTRAL', 'FULL', 'FULL', 'NORMAL', 'FASTER', 'MEC_AVAIL', 'CLEAN', 'CLEAN', 'NEUTRAL', 'NEUTRAL', 'CLEAR', 'CLEAR', 'OPENING', 'BANCO_OFF')",11,8,12,66.667,STATUS,27.273,1.972247,7.1868
"('TANK', 'TANK', 'NEUTRAL', 'FULL', 'FULL', 'NORMAL', 'FASTER', 'MEC_USED', 'CLEAN', 'CLEAN', 'BUFFED', 'NEUTRAL', 'CLEAR', 'CLEAR', 'OPENING', 'BANCO_OFF')",11,5,8,62.500,STATUS,27.273,1.546599,4.6955
"('TANK', 'SWEEPER', 'OFFENSIVE_DIS', 'FULL', 'FULL', 'NORMAL', 'SLOWER', 'MEC_USED', 'CLEAN', 'CLEAN', 'DEBUFF', 'NEUTRAL', 'CLEAR', 'CLEAR', 'OPENING', 'BANCO_OFF')",11,6,7,85.714,ATTACK_PIVOT,36.364,1.594167,4.9242
"('TANK', 'TANK', 'CRITICAL_DIS', 'SAFE', 'FULL', 'NORMAL', 'FASTER', 'MEC_USED', 'CLEAN', 'CLEAN', 'NEUTRAL', 'NEUTRAL', 'SET', 'CLEAR', 'OPENING', 'BANCO_OFF')",11,7,12,58.333,ATTACK_PREDICTIVE,27.273,1.846220,6.3358
"('TANK', 'TANK', 'NEUTRAL', 'FULL', 'DANGER', 'NORMAL', 'SLOWER', 'MEC_USED', 'CLEAN', 'CLEAN', 'NEUTRAL', 'NEUTRAL', 'SET', 'CLEAR', 'BRAWL', 'BANCO_VAZIO')",11,6,13,46.154,ATTACK_PREDICTIVE,36.364,1.641735,5.1641
"('TANK', 'TANK', 'VOLATILE', 'SAFE', 'SAFE', 'FIELD_OURS_DEF', 'FASTER', 'MEC_USED', 'CLEAN', 'CLEAN', 'NEUTRAL', 'NEUTRAL', 'CLEAR', 'CLEAR', 'OPENING', 'BANCO_OFF')",11,6,9,66.667,ATTACK_PREDICTIVE,36.364,1.594167,4.9242
"('TANK', 'TANK', 'NEUTRAL', 'SAFE', 'FULL', 'FIELD_SHARED', 'SLOWER', 'MEC_USED', 'CLEAN', 'CLEAN', 'NEUTRAL', 'NEUTRAL', 'CLEAR', 'SET', 'OPENING', 'BANCO_OFF')",11,6,11,54.545,STATUS,54.545,1.420572,4.1395
"('TANK', 'TANK', 'OFFENSIVE_DIS', 'SAFE', 'FULL', 'NORMAL', 'FASTER', 'MEC_USED', 'AFFLICTED', 'CLEAN', 'DEBUFF', 'NEUTRAL', 'CLEAR', 'CLEAR', 'CLUTCH', 'BANCO_VAZIO')",11,5,8,62.500,CLEAN_HAZARD,36.364,1.468140,4.3412
"('TANK', 'TANK', 'NEUTRAL', 'SAFE', 'FULL', 'FIELD_SHARED', 'FASTER', 'MEC_USED', 'CLEAN', 'CLEAN', 'NEUTRAL', 'NEUTRAL', 'SET', 'CLEAR', 'OPENING', 'BANCO_OFF')",11,9,12,75.000,ATTACK_PIVOT,18.182,2.145842,8.5492
"('TANK', 'TANK', 'VOLATILE', 'FULL', 'FULL', 'FIELD_SHARED', 'FASTER', 'MEC_USED', 'CLEAN', 'CLEAN', 'NEUTRAL', 'NEUTRAL', 'SET', 'CLEAR', 'OPENING', 'BANCO_OFF')",11,6,9,66.667,SWITCH_OFFENSIVE,36.364,1.641735,5.1641
"('SWEEPER', 'TANK', 'NEUTRAL', 'FULL', 'FULL', 'NORMAL', 'FASTER', 'MEC_USED', 'CLEAN', 'CLEAN', 'NEUTRAL', 'NEUTRAL', 'SET', 'CLEAR', 'OPENING', 'BANCO_OFF')",11,7,10,70.000,STATUS,27.273,1.846220,6.3358
"('TANK', 'TANK', 'DEFENSIVE_DIS', 'FULL', 'SAFE', 'NORMAL', 'FASTER', 'MEC_USED', 'CLEAN', 'CLEAN', 'NEUTRAL', 'NEUTRAL', 'CLEAR', 'CLEAR', 'OPENING', 'BANCO_VAZIO')",11,9,9,100.000,ATTACK_STRONG,18.182,2.145842,8.5492
"('TANK', 'TANK', 'NEUTRAL', 'FULL', 'SAFE', 'NORMAL', 'SLOWER', 'MEC_USED', 'CLEAN', 'CLEAN', 'NEUTRAL', 'NEUTRAL', 'SET', 'SET', 'OPENING', 'BANCO_VAZIO')",11,6,13,46.154,ATTACK_STRONG,36.364,1.641735,5.1641
"('TANK', 'TANK', 'VOLATILE', 'SAFE', 'SAFE', 'NORMAL', 'SLOWER', 'MEC_USED', 'CLEAN', 'CLEAN', 'NEUTRAL', 'NEUTRAL', 'CLEAR', 'CLEAR', 'OPENING', 'BANCO_AMBOS')",11,6,9,66.667,SWITCH_OFFENSIVE,36.364,1.594167,4.9242
"('TANK', 'TANK', 'OFFENSIVE_ADV', 'FULL', 'FULL', 'FIELD_THEIRS', 'FASTER', 'MEC_USED', 'CLEAN', 'CLEAN', 'NEUTRAL', 'DEBUFF', 'CLEAR', 'CLEAR', 'OPENING', 'BANCO_OFF')",11,5,7,71.429,SWITCH_OFFENSIVE,36.364,1.468140,4.3412
"('TANK', 'TANK', 'OFFENSIVE_DIS', 'SAFE', 'SAFE', 'NORMAL', 'FASTER', 'MEC_AVAIL', 'CLEAN', 'CLEAN', 'NEUTRAL', 'NEUTRAL', 'CLEAR', 'CLEAR', 'OPENING', 'BANCO_OFF')",11,4,14,28.571,HEAL_MEC,54.545,1.120950,3.0678
"('SWEEPER', 'UTILITY', 'NEUTRAL', 'FULL', 'FULL', 'NORMAL', 'SLOWER', 'MEC_USED', 'CLEAN', 'CLEAN', 'NEUTRAL', 'NEUTRAL', 'CLEAR', 'CLEAR', 'OPENING', 'BANCO_AMBOS')",11,6,7,85.714,ATTACK_STRONG,27.273,1.672625,5.3261
"('TANK', 'TANK', 'NEUTRAL', 'FULL', 'SAFE', 'FIELD_SHARED', 'SLOWER', 'MEC_USED', 'CLEAN', 'CLEAN', 'NEUTRAL', 'NEUTRAL', 'SET', 'CLEAR', 'OPENING', 'BANCO_OFF')",11,8,12,66.667,ATTACK_PREDICTIVE,27.273,1.972247,7.1868
"('TANK', 'TANK', 'OFFENSIVE_ADV', 'SAFE', 'FULL', 'NORMAL', 'FASTER', 'MEC_AVAIL', 'CLEAN', 'CLEAN', 'NEUTRAL', 'NEUTRAL', 'CLEAR', 'CLEAR', 'BRAWL', 'BANCO_OFF')",11,3,10,30.000,ATTACK_STRONG_MEC,81.818,0.600166,1.8224
"('TANK', 'TANK', 'OFFENSIVE_DIS', 'FULL', 'SAFE', 'NORMAL', 'FASTER', 'MEC_USED', 'CLEAN', 'CLEAN', 'NEUTRAL', 'NEUTRAL', 'SET', 'SET', 'OPENING', 'BANCO_OFF')",11,7,14,50.000,ATTACK_TECH,36.364,1.767761,5.8577
"('TANK', 'TANK', 'VOLATILE', 'DANGER', 'FULL', 'FIELD_SHARED', 'FASTER', 'MEC_USED', 'CLEAN', 'CLEAN', 'NEUTRAL', 'NEUTRAL', 'CLEAR', 'CLEAR', 'OPENING', 'BANCO_OFF')",11,5,9,55.556,ATTACK_TECH,27.273,1.546599,4.6955
"('TANK', 'TANK', 'CRITICAL_DIS', 'SAFE', 'FULL', 'FIELD_OURS_DEF', 'FASTER', 'MEC_USED', 'CLEAN', 'CLEAN', 'NEUTRAL', 'NEUTRAL', 'CLEAR', 'CLEAR', 'OPENING', 'BANCO_OFF')",11,3,6,50.000,ATTACK_STRONG,63.636,0.859967,2.3631
"('TANK', 'TANK', 'DEFENSIVE_DIS', 'FULL', 'SAFE', 'FIELD_OURS_OFF', 'FASTER', 'MEC_USED', 'CLEAN', 'CLEAN', 'NEUTRAL', 'NEUTRAL', 'CLEAR', 'CLEAR', 'OPENING', 'BANCO_AMBOS')",11,5,7,71.429,SWITCH_DEFENSIVE,54.545,1.294545,3.6493
"('TANK', 'TANK', 'OFFENSIVE_DIS', 'SAFE', 'FULL', 'NORMAL', 'SLOWER', 'MEC_USED', 'CLEAN', 'CLEAN', 'NEUTRAL', 'NEUTRAL', 'SET', 'CLEAR', 'BRAWL', 'BANCO_VAZIO')",11,9,12,75.000,ATTACK_TECH,18.182,2.145842,8.5492
"('TANK', 'TANK', 'VOLATILE', 'DANGER', 'FULL', 'NORMAL', 'FASTER', 'MEC_USED', 'CLEAN', 'CLEAN', 'NEUTRAL', 'NEUTRAL', 'CLEAR', 'SET', 'RECOVERING', 'BANCO_VAZIO')",11,6,9,66.667,ATTACK_PIVOT,54.545,1.420572,4.1395
"('TANK', 'TANK', 'OFFENSIVE_ADV', 'CRIT', 'SAFE', 'NORMAL', 'FASTER', 'MEC_USED', 'CLEAN', 'CLEAN', 'NEUTRAL', 'NEUTRAL', 'SET', 'CLEAR', 'OPENING', 'BANCO_OFF')",11,6,11,54.545,ATTACK_PREDICTIVE,27.273,1.672625,5.3261
"('TANK', 'TANK', 'VOLATILE', 'CRIT', 'FULL', 'NORMAL', 'FASTER', 'MEC_USED', 'CLEAN', 'CLEAN', 'NEUTRAL', 'NEUTRAL', 'CLEAR', 'CLEAR', 'OPENING', 'BANCO_OFF')",11,6,9,66.667,SWITCH_DEFENSIVE,45.455,1.540306,4.6660
"('SWEEPER', 'SWEEPER', 'VOLATILE', 'FULL', 'FULL', 'NORMAL', 'FASTER', 'MEC_AVAIL', 'CLEAN', 'CLEAN', 'DEBUFF', 'NEUTRAL', 'CLEAR', 'CLEAR', 'OPENING', 'BANCO_OFF')",11,2,6,33.333,ATTACK_PREDICTIVE,90.909,0.304636,1.3561
"('TANK', 'TANK', 'OFFENSIVE_ADV', 'FULL', 'FULL', 'NORMAL', 'FASTER', 'MEC_USED', 'CLEAN', 'CLEAN', 'NEUTRAL', 'NEUTRAL', 'SET', 'CLEAR', 'OPENING', 'BANCO_VAZIO')",11,5,8,62.500,HEAL,45.455,1.414279,4.1135
"('SWEEPER', 'TANK', 'DEFENSIVE_DIS', 'FULL', 'FULL', 'FIELD_SHARED', 'FASTER', 'MEC_AVAIL', 'CLEAN', 'CLEAN', 'NEUTRAL', 'NEUTRAL', 'CLEAR', 'CLEAR', 'OPENING', 'BANCO_AMBOS')",11,4,10,40.000,SWITCH_OFFENSIVE,36.364,1.342113,3.8271
"('TANK', 'TANK', 'NEUTRAL', 'SAFE', 'SAFE', 'NORMAL', 'FASTER', 'MEC_USED', 'CLEAN', 'CLEAN', 'NEUTRAL', 'NEUTRAL', 'CLEAR', 'CLEAR', 'BRAWL', 'BANCO_VAZIO')",11,5,10,50.000,ATTACK_STRONG,36.364,1.515708,4.5526
"('TANK', 'TANK', 'CRITICAL_DIS', 'SAFE', 'FULL', 'FIELD_SHARED', 'FASTER', 'MEC_USED', 'CLEAN', 'CLEAN', 'NEUTRAL', 'NEUTRAL', 'CLEAR', 'CLEAR', 'OPENING', 'BANCO_AMBOS')",11,4,9,44.444,ATTACK_PIVOT,45.455,1.240684,3.4580
"('TANK', 'TANK', 'DEFENSIVE_DIS', 'SAFE', 'SAFE', 'FIELD_OURS_DEF', 'FASTER', 'MEC_USED', 'CLEAN', 'CLEAN', 'NEUTRAL', 'NEUTRAL', 'CLEAR', 'CLEAR', 'OPENING', 'BANCO_AMBOS')",11,5,7,71.429,ATTACK_PREDICTIVE,45.455,1.414279,4.1135
"('TANK', 'TANK', 'DEFENSIVE_DIS', 'FULL', 'FULL', 'NORMAL', 'SLOWER', 'MEC_USED', 'CLEAN', 'AFFLICTED', 'NEUTRAL', 'NEUTRAL', 'CLEAR', 'CLEAR', 'DOMINATING', 'BANCO_VAZIO')",11,1,4,25.000,SWITCH_OFFENSIVE,100.000,-0.000000,1.0000
"('TANK', 'TANK', 'DEFENSIVE_ADV', 'FULL', 'FULL', 'NORMAL', 'SLOWER', 'MEC_USED', 'CLEAN', 'CLEAN', 'NEUTRAL', 'NEUTRAL', 'CLEAR', 'SET', 'OPENING', 'BANCO_OFF')",11,7,12,58.333,ATTACK_STRONG,27.273,1.846220,6.3358
"('SWEEPER', 'SWEEPER', 'DEFENSIVE_DIS', 'FULL', 'FULL', 'FIELD_OURS_OFF', 'FASTER', 'MEC_USED', 'CLEAN', 'CLEAN', 'DEBUFF', 'NEUTRAL', 'CLEAR', 'CLEAR', 'OPENING', 'BANCO_AMBOS')",11,1,3,33.333,SWITCH_DEFENSIVE,100.000,-0.000000,1.0000
"('TANK', 'TANK', 'DOMINANT', 'FULL', 'FULL', 'NORMAL', 'SLOWER', 'MEC_USED', 'CLEAN', 'CLEAN', 'NEUTRAL', 'NEUTRAL', 'CLEAR', 'CLEAR', 'RECOVERING', 'BANCO_VAZIO')",11,7,9,77.778,SWITCH_OFFENSIVE,27.273,1.846220,6.3358
"('SWEEPER', 'SWEEPER', 'VOLATILE', 'FULL', 'FULL', 'NORMAL', 'FASTER', 'MEC_USED', 'CLEAN', 'CLEAN', 'NEUTRAL', 'DEBUFF', 'CLEAR', 'CLEAR', 'OPENING', 'BANCO_OFF')",11,1,5,20.000,ATTACK_STRONG,100.000,-0.000000,1.0000
"('TANK', 'TANK', 'NEUTRAL', 'FULL', 'FULL', 'NORMAL', 'SLOWER', 'MEC_USED', 'CLEAN', 'CLEAN', 'NEUTRAL', 'NEUTRAL', 'CLEAR', 'SET', 'BRAWL', 'BANCO_VAZIO')",11,2,14,14.286,SWITCH_DEFENSIVE,72.727,0.585953,1.7967
"('TANK', 'TANK', 'CRITICAL_DIS', 'SAFE', 'DANGER', 'NORMAL', 'SLOWER', 'MEC_USED', 'CLEAN', 'CLEAN', 'NEUTRAL', 'NEUTRAL', 'SET', 'SET', 'RECOVERING', 'BANCO_VAZIO')",11,6,12,50.000,PROTECT,45.455,1.540306,4.6660
"('TANK', 'TANK', 'VOLATILE', 'FULL', 'FULL', 'NORMAL', 'FASTER', 'MEC_USED', 'CLEAN', 'CLEAN', 'NEUTRAL', 'NEUTRAL', 'CLEAR', 'CLEAR', 'RECOVERING', 'BANCO_VAZIO')",11,7,8,87.500,SWITCH_DEFENSIVE,27.273,1.846220,6.3358
"('TANK', 'TANK', 'OFFENSIVE_ADV', 'FULL', 'FULL', 'NORMAL', 'FASTER', 'MEC_USED', 'CLEAN', 'CLEAN', 'NEUTRAL', 'NEUTRAL', 'CLEAR', 'CLEAR', 'RECOVERING', 'BANCO_OFF')",11,7,9,77.778,SWITCH_DEFENSIVE,36.364,1.767761,5.8577
"('TANK', 'TANK', 'OFFENSIVE_DIS', 'FULL', 'SAFE', 'NORMAL', 'FASTER', 'MEC_USED', 'CLEAN', 'CLEAN', 'NEUTRAL', 'NEUTRAL', 'CLEAR', 'CLEAR', 'BRAWL', 'BANCO_OFF')",11,6,12,50.000,ATTACK_TECH,45.455,1.540306,4.6660
"('TANK', 'TANK', 'NEUTRAL', 'DANGER', 'SAFE', 'NORMAL', 'SLOWER', 'MEC_USED', 'CLEAN', 'CLEAN', 'NEUTRAL', 'NEUTRAL', 'SET', 'SET', 'CLUTCH', 'BANCO_VAZIO')",11,1,10,10.000,ATTACK_STRONG,100.000,-0.000000,1.0000
"('TANK', 'TANK', 'OFFENSIVE_ADV', 'FULL', 'FULL', 'FIELD_OURS_OFF', 'FASTER', 'MEC_AVAIL', 'CLEAN', 'CLEAN', 'NEUTRAL', 'NEUTRAL', 'CLEAR', 'CLEAR', 'OPENING', 'BANCO_VAZIO')",11,2,8,25.000,ATTACK_PIVOT,81.818,0.474139,1.6066
"('SWEEPER', 'TANK', 'DOMINANT', 'FULL', 'SAFE', 'FIELD_SHARED', 'FASTER', 'MEC_USED', 'CLEAN', 'CLEAN', 'NEUTRAL', 'NEUTRAL', 'CLEAR', 'CLEAR', 'OPENING', 'BANCO_AMBOS')",11,4,6,66.667,ATTACK_PREDICTIVE,45.455,1.162226,3.1970
"('TANK', 'TANK', 'VOLATILE', 'FULL', 'SAFE', 'FIELD_THEIRS', 'FASTER', 'MEC_AVAIL', 'CLEAN', 'CLEAN', 'NEUTRAL', 'NEUTRAL', 'CLEAR', 'CLEAR', 'OPENING', 'BANCO_OFF')",11,6,12,50.000,ATTACK_STRONG,45.455,1.540306,4.6660
"('TANK', 'UTILITY', 'DOMINANT', 'FULL', 'SAFE', 'FIELD_OURS_OFF', 'FASTER', 'MEC_USED', 'CLEAN', 'CLEAN', 'NEUTRAL', 'NEUTRAL', 'CLEAR', 'CLEAR', 'OPENING', 'BANCO_AMBOS')",11,3,5,60.000,ATTACK_STRONG,81.818,0.600166,1.8224
"('TANK', 'TANK', 'NEUTRAL', 'DANGER', 'SAFE', 'NORMAL', 'FASTER', 'MEC_USED', 'CLEAN', 'CLEAN', 'BUFFED', 'NEUTRAL', 'CLEAR', 'CLEAR', 'OPENING', 'BANCO_OFF')",11,6,9,66.667,STATUS,27.273,1.720193,5.5856
"('TANK', 'UTILITY', 'OFFENSIVE_DIS', 'FULL', 'FULL', 'NORMAL', 'SLOWER', 'MEC_USED', 'CLEAN', 'CLEAN', 'NEUTRAL', 'BUFFED', 'CLEAR', 'CLEAR', 'RECOVERING', 'BANCO_VAZIO')",11,2,5,40.000,BARRIER,81.818,0.474139,1.6066
"('TANK', 'TANK', 'DEFENSIVE_DIS', 'FULL', 'FULL', 'NORMAL', 'FASTER', 'MEC_USED', 'CLEAN', 'CLEAN', 'NEUTRAL', 'NEUTRAL', 'SET', 'SET', 'RECOVERING', 'BANCO_VAZIO')",11,6,10,60.000,HEAL,45.455,1.540306,4.6660
"('TANK', 'TANK', 'OFFENSIVE_ADV', 'CRIT', 'FULL', 'NORMAL', 'FASTER', 'MEC_USED', 'CLEAN', 'CLEAN', 'NEUTRAL', 'NEUTRAL', 'CLEAR', 'CLEAR', 'BRAWL', 'BANCO_OFF')",11,6,9,66.667,ATTACK_PIVOT,27.273,1.672625,5.3261
"('SWEEPER', 'UTILITY', 'DEFENSIVE_DIS', 'FULL', 'FULL', 'NORMAL', 'FASTER', 'MEC_USED', 'CLEAN', 'CLEAN', 'NEUTRAL', 'DEBUFF', 'CLEAR', 'CLEAR', 'OPENING', 'BANCO_OFF')",11,2,6,33.333,ATTACK_PIVOT,81.818,0.474139,1.6066
"('TANK', 'SWEEPER', 'CRITICAL_DIS', 'FULL', 'SAFE', 'NORMAL', 'SLOWER', 'MEC_USED', 'CLEAN', 'CLEAN', 'NEUTRAL', 'BUFFED', 'CLEAR', 'CLEAR', 'RECOVERING', 'BANCO_VAZIO')",11,8,12,66.667,ATTACK_PIVOT,27.273,1.972247,7.1868
"('TANK', 'TANK', 'OFFENSIVE_ADV', 'FULL', 'FULL', 'NORMAL', 'SLOWER', 'MEC_USED', 'CLEAN', 'CLEAN', 'NEUTRAL', 'NEUTRAL', 'CLEAR', 'CLEAR', 'BRAWL', 'BANCO_VAZIO')",11,7,12,58.333,SWITCH_OFFENSIVE,36.364,1.767761,5.8577
"('TANK', 'TANK', 'DEFENSIVE_DIS', 'CRIT', 'SAFE', 'FIELD_OURS_OFF', 'SLOWER', 'MEC_USED', 'CLEAN', 'CLEAN', 'NEUTRAL', 'NEUTRAL', 'CLEAR', 'CLEAR', 'OPENING', 'BANCO_OFF')",11,6,7,85.714,SWITCH_OFFENSIVE,36.364,1.641735,5.1641
"('TANK', 'TANK', 'NEUTRAL', 'FULL', 'FULL', 'NORMAL', 'SLOWER', 'MEC_USED', 'CLEAN', 'AFFLICTED', 'NEUTRAL', 'NEUTRAL', 'SET', 'SET', 'CLUTCH', 'BANCO_VAZIO')",11,3,8,37.500,ATTACK_STRONG,54.545,0.994924,2.7045
"('SWEEPER', 'SWEEPER', 'DEFENSIVE_DIS', 'FULL', 'FULL', 'NORMAL', 'FASTER', 'MEC_USED', 'CLEAN', 'CLEAN', 'NEUTRAL', 'NEUTRAL', 'CLEAR', 'CLEAR', 'OPENING', 'BANCO_AMBOS')",11,2,5,40.000,SWITCH_DEFENSIVE,90.909,0.304636,1.3561
"('TANK', 'TANK', 'NEUTRAL', 'SAFE', 'FULL', 'NORMAL', 'FASTER', 'MEC_USED', 'AFFLICTED', 'CLEAN', 'NEUTRAL', 'NEUTRAL', 'CLEAR', 'CLEAR', 'OPENING', 'BANCO_AMBOS')",11,3,11,27.273,SWITCH_DEFENSIVE,81.818,0.600166,1.8224
"('TANK', 'TANK', 'DEFENSIVE_DIS', 'FULL', 'FULL', 'NORMAL', 'SLOWER', 'MEC_USED', 'CLEAN', 'CLEAN', 'DEBUFF', 'NEUTRAL', 'CLEAR', 'CLEAR', 'OPENING', 'BANCO_OFF')",11,2,7,28.571,SWITCH_DEFENSIVE,90.909,0.304636,1.3561
"('TANK', 'TANK', 'NEUTRAL', 'SAFE', 'FULL', 'NORMAL', 'SLOWER', 'MEC_USED', 'CLEAN', 'CLEAN', 'NEUTRAL', 'NEUTRAL', 'CLEAR', 'CLEAR', 'OPENING', 'BANCO_DEF')",11,5,10,50.000,ATTACK_STRONG,45.455,1.366711,3.9224
"('UTILITY', 'TANK', 'DOMINANT', 'FULL', 'FULL', 'FIELD_OURS_OFF', 'FASTER', 'MEC_AVAIL', 'CLEAN', 'CLEAN', 'NEUTRAL', 'NEUTRAL', 'CLEAR', 'CLEAR', 'OPENING', 'BANCO_AMBOS')",11,5,11,45.455,SWITCH_DEFENSIVE,54.545,1.294545,3.6493
"('TANK', 'TANK', 'VOLATILE', 'FULL', 'SAFE', 'NORMAL', 'FASTER', 'MEC_USED', 'CLEAN', 'CLEAN', 'NEUTRAL', 'NEUTRAL', 'CLEAR', 'SET', 'OPENING', 'BANCO_OFF')",11,2,11,18.182,SWITCH_DEFENSIVE,81.818,0.474139,1.6066
"('TANK', 'TANK', 'VOLATILE', 'FULL', 'SAFE', 'NORMAL', 'FASTER', 'MEC_USED', 'CLEAN', 'CLEAN', 'NEUTRAL', 'NEUTRAL', 'CLEAR', 'CLEAR', 'BRAWL', 'BANCO_OFF')",11,3,8,37.500,ATTACK_STRONG,81.818,0.600166,1.8224
"('SWEEPER', 'TANK', 'VOLATILE', 'FULL', 'FULL', 'FIELD_SHARED', 'FASTER', 'MEC_USED', 'CLEAN', 'CLEAN', 'NEUTRAL', 'NEUTRAL', 'CLEAR', 'CLEAR', 'OPENING', 'BANCO_OFF')",11,6,8,75.000,SWITCH_OFFENSIVE,45.455,1.540306,4.6660
"('TANK', 'TANK', 'OFFENSIVE_ADV', 'SAFE', 'SAFE', 'NORMAL', 'SLOWER', 'MEC_USED', 'CLEAN', 'CLEAN', 'NEUTRAL', 'NEUTRAL', 'SET', 'CLEAR', 'RECOVERING', 'BANCO_VAZIO')",11,8,10,80.000,SWITCH_DEFENSIVE,27.273,1.972247,7.1868
"('TANK', 'TANK', 'NEUTRAL', 'FULL', 'FULL', 'NORMAL', 'SLOWER', 'MEC_USED', 'CLEAN', 'CLEAN', 'BUFFED', 'NEUTRAL', 'CLEAR', 'CLEAR', 'OPENING', 'BANCO_OFF')",11,6,9,66.667,ATTACK_STRONG,45.455,1.540306,4.6660
"('TANK', 'TANK', 'OFFENSIVE_DIS', 'SAFE', 'SAFE', 'NORMAL', 'SLOWER', 'MEC_USED', 'CLEAN', 'CLEAN', 'NEUTRAL', 'NEUTRAL', 'CLEAR', 'CLEAR', 'BRAWL', 'BANCO_OFF')",11,3,10,30.000,ATTACK_STRONG,54.545,0.916465,2.5004
"('TANK', 'TANK', 'DEFENSIVE_DIS', 'FULL', 'DANGER', 'NORMAL', 'SLOWER', 'MEC_USED', 'CLEAN', 'CLEAN', 'NEUTRAL', 'NEUTRAL', 'SET', 'SET', 'RECOVERING', 'BANCO_VAZIO')",11,2,7,28.571,ATTACK_PREDICTIVE,81.818,0.474139,1.6066
"('TANK', 'TANK', 'OFFENSIVE_DIS', 'SAFE', 'FULL', 'NORMAL', 'SLOWER', 'MEC_USED', 'CLEAN', 'CLEAN', 'NEUTRAL', 'NEUTRAL', 'CLEAR', 'CLEAR', 'BRAWL', 'BANCO_OFF')",11,6,11,54.545,PROTECT,36.364,1.594167,4.9242
"('TANK', 'TANK', 'OFFENSIVE_ADV', 'FULL', 'FULL', 'NORMAL', 'FASTER', 'MEC_USED', 'AFFLICTED', 'CLEAN', 'NEUTRAL', 'NEUTRAL', 'CLEAR', 'SET', 'CLUTCH', 'BANCO_OFF')",10,2,7,28.571,ATTACK_STRONG,90.000,0.325083,1.3841
"('TANK', 'TANK', 'NEUTRAL', 'FULL', 'CRIT', 'NORMAL', 'FASTER', 'MEC_USED', 'CLEAN', 'AFFLICTED', 'NEUTRAL', 'DEBUFF_DEBUFF', 'CLEAR', 'SET', 'CLUTCH', 'BANCO_VAZIO')",10,2,2,100.000,HAZARD,90.000,0.325083,1.3841
"('TANK', 'TANK', 'DEFENSIVE_ADV', 'SAFE', 'FULL', 'NORMAL', 'SLOWER', 'MEC_USED', 'CLEAN', 'AFFLICTED', 'NEUTRAL', 'DEBUFF', 'SET', 'CLEAR', 'RECOVERING', 'BANCO_VAZIO')",10,3,3,100.000,STAT_CLEAN,50.000,1.029653,2.8001
"('TANK', 'TANK', 'OFFENSIVE_DIS', 'FULL', 'FULL', 'NORMAL', 'FASTER', 'MEC_USED', 'AFFLICTED', 'AFFLICTED', 'DEBUFF', 'NEUTRAL', 'CLEAR', 'SET', 'CLUTCH', 'BANCO_VAZIO')",10,2,2,100.000,ATTACK_STRONG,80.000,0.500402,1.6494
"('TANK', 'TANK', 'VOLATILE', 'DANGER', 'FULL', 'NORMAL', 'FASTER', 'MEC_USED', 'CLEAN', 'CLEAN', 'NEUTRAL', 'NEUTRAL', 'SET', 'CLEAR', 'RECOVERING', 'BANCO_VAZIO')",10,8,12,66.667,ATTACK_TECH,20.000,2.025326,7.5786
"('TANK', 'TANK', 'OFFENSIVE_DIS', 'FULL', 'FULL', 'NORMAL', 'FASTER', 'MEC_USED', 'AFFLICTED', 'AFFLICTED', 'NEUTRAL', 'DEBUFF', 'CLEAR', 'CLEAR', 'RECOVERING', 'BANCO_VAZIO')",10,3,4,75.000,CLEAN_HAZARD,80.000,0.639032,1.8946
"('TANK', 'SWEEPER', 'OFFENSIVE_DIS', 'FULL', 'FULL', 'NORMAL', 'SLOWER', 'MEC_USED', 'CLEAN', 'CLEAN', 'NEUTRAL', 'NEUTRAL', 'CLEAR', 'CLEAR', 'RECOVERING', 'BANCO_VAZIO')",10,7,10,70.000,ATTACK_PIVOT,30.000,1.834372,6.2612
"('TANK', 'TANK', 'NEUTRAL', 'SAFE', 'CRIT', 'NORMAL', 'FASTER', 'MEC_USED', 'CLEAN', 'CLEAN', 'NEUTRAL', 'NEUTRAL', 'SET', 'SET', 'RECOVERING', 'BANCO_VAZIO')",10,4,9,44.444,ATTACK_STRONG,60.000,1.088900,2.9710
"('TANK', 'TANK', 'OFFENSIVE_ADV', 'SAFE', 'SAFE', 'NORMAL', 'SLOWER', 'MEC_USED', 'CLEAN', 'CLEAN', 'NEUTRAL', 'NEUTRAL', 'CLEAR', 'CLEAR', 'RECOVERING', 'BANCO_VAZIO')",10,7,9,77.778,ATTACK_STRONG,20.000,1.886697,6.5975
"('TANK', 'TANK', 'DEFENSIVE_DIS', 'DANGER', 'SAFE', 'NORMAL', 'FASTER', 'MEC_USED', 'CLEAN', 'CLEAN', 'NEUTRAL', 'NEUTRAL', 'CLEAR', 'SET', 'RECOVERING', 'BANCO_VAZIO')",10,6,8,75.000,ATTACK_PIVOT,30.000,1.695743,5.4507
"('TANK', 'TANK', 'STALEMATE', 'FULL', 'SAFE', 'NORMAL', 'FASTER', 'MEC_USED', 'CLEAN', 'CLEAN', 'DEBUFF', 'NEUTRAL', 'CLEAR', 'CLEAR', 'CLUTCH', 'BANCO_VAZIO')",10,2,3,66.667,ATTACK_PIVOT,70.000,0.610864,1.8420
"('TANK', 'TANK', 'CRITICAL_DIS', 'FULL', 'FULL', 'NORMAL', 'SLOWER', 'MEC_USED', 'CLEAN', 'AFFLICTED', 'NEUTRAL', 'DEBUFF', 'CLEAR', 'SET', 'CLUTCH', 'BANCO_VAZIO')",10,2,2,100.000,PROTECT,90.000,0.325083,1.3841
"('TANK', 'TANK', 'NEUTRAL', 'FULL', 'SAFE', 'NORMAL', 'SLOWER', 'MEC_USED', 'AFFLICTED', 'CLEAN', 'DEBUFF', 'NEUTRAL', 'SET', 'SET', 'RECOVERING', 'BANCO_VAZIO')",10,3,10,30.000,HEAL,60.000,0.950271,2.5864
"('SWEEPER', 'SWEEPER', 'NEUTRAL', 'FULL', 'FULL', 'FIELD_OURS_OFF', 'FASTER', 'MEC_USED', 'CLEAN', 'CLEAN', 'NEUTRAL', 'NEUTRAL', 'CLEAR', 'CLEAR', 'OPENING', 'BANCO_OFF')",10,8,11,72.727,ATTACK_PREDICTIVE,20.000,2.025326,7.5786
"('TANK', 'TANK', 'DEFENSIVE_ADV', 'FULL', 'SAFE', 'NORMAL', 'SLOWER', 'MEC_USED', 'CLEAN', 'CLEAN', 'NEUTRAL', 'NEUTRAL', 'CLEAR', 'CLEAR', 'OPENING', 'BANCO_VAZIO')",10,5,10,50.000,ATTACK_STRONG,40.000,1.470808,4.3528
"('TANK', 'TANK', 'DEFENSIVE_DIS', 'SAFE', 'DANGER', 'NORMAL', 'SLOWER', 'MEC_USED', 'CLEAN', 'CLEAN', 'NEUTRAL', 'NEUTRAL', 'CLEAR', 'SET', 'RECOVERING', 'BANCO_VAZIO')",10,4,11,36.364,ATTACK_PREDICTIVE,50.000,1.168282,3.2165
"('TANK', 'TANK', 'NEUTRAL', 'SAFE', 'DANGER', 'NORMAL', 'SLOWER', 'MEC_USED', 'CLEAN', 'CLEAN', 'DEBUFF', 'NEUTRAL', 'CLEAR', 'CLEAR', 'CLUTCH', 'BANCO_VAZIO')",10,3,6,50.000,CLEAN_HAZARD,80.000,0.639032,1.8946
"('TANK', 'TANK', 'OFFENSIVE_DIS', 'FULL', 'FULL', 'NORMAL', 'FASTER', 'MEC_USED', 'AFFLICTED', 'CLEAN', 'NEUTRAL', 'NEUTRAL', 'CLEAR', 'CLEAR', 'CLUTCH', 'BANCO_OFF')",10,1,6,16.667,SWITCH_DEFENSIVE,100.000,-0.000000,1.0000
"('TANK', 'TANK', 'NEUTRAL', 'SAFE', 'DANGER', 'NORMAL', 'SLOWER', 'MEC_USED', 'CLEAN', 'CLEAN', 'NEUTRAL', 'NEUTRAL', 'SET', 'SET', 'CLUTCH', 'BANCO_VAZIO')",10,4,12,33.333,ATTACK_TECH,30.000,1.366159,3.9203
"('TANK', 'TANK', 'CRITICAL_DIS', 'FULL', 'SAFE', 'NORMAL', 'SLOWER', 'MEC_USED', 'CLEAN', 'CLEAN', 'NEUTRAL', 'NEUTRAL', 'SET', 'SET', 'RECOVERING', 'BANCO_VAZIO')",10,7,10,70.000,STATUS,30.000,1.834372,6.2612
"('TANK', 'TANK', 'NEUTRAL', 'FULL', 'DANGER', 'FIELD_SHARED', 'FASTER', 'MEC_USED', 'CLEAN', 'CLEAN', 'NEUTRAL', 'NEUTRAL', 'CLEAR', 'CLEAR', 'OPENING', 'BANCO_OFF')",10,2,9,22.222,ATTACK_PREDICTIVE,80.000,0.500402,1.6494
"('TANK', 'TANK', 'NEUTRAL', 'CRIT', 'SAFE', 'NORMAL', 'FASTER', 'MEC_USED', 'CLEAN', 'CLEAN', 'NEUTRAL', 'NEUTRAL', 'SET', 'SET', 'CLUTCH', 'BANCO_VAZIO')",10,5,10,50.000,SWITCH_OFFENSIVE,40.000,1.470808,4.3528
"('TANK', 'TANK', 'OFFENSIVE_ADV', 'CRIT', 'FULL', 'NORMAL', 'FASTER', 'MEC_USED', 'CLEAN', 'CLEAN', 'NEUTRAL', 'NEUTRAL', 'SET', 'CLEAR', 'OPENING', 'BANCO_OFF')",10,8,11,72.727,ATTACK_STRONG,20.000,2.025326,7.5786
"('TANK', 'TANK', 'DEFENSIVE_ADV', 'SAFE', 'FULL', 'NORMAL', 'SLOWER', 'MEC_USED', 'CLEAN', 'AFFLICTED', 'NEUTRAL', 'NEUTRAL', 'SET', 'CLEAR', 'CLUTCH', 'BANCO_VAZIO')",10,3,7,42.857,SWITCH_DEFENSIVE,50.000,0.943348,2.5686
"('SWEEPER', 'TANK', 'OFFENSIVE_ADV', 'SAFE', 'FULL', 'NORMAL', 'FASTER', 'MEC_USED', 'CLEAN', 'CLEAN', 'NEUTRAL', 'NEUTRAL', 'CLEAR', 'CLEAR', 'OPENING', 'BANCO_AMBOS')",10,4,7,57.143,SWITCH_DEFENSIVE,60.000,1.088900,2.9710
"('TANK', 'TANK', 'VOLATILE', 'SAFE', 'SAFE', 'NORMAL', 'FASTER', 'MEC_USED', 'CLEAN', 'CLEAN', 'NEUTRAL', 'NEUTRAL', 'CLEAR', 'SET', 'OPENING', 'BANCO_OFF')",10,2,6,33.333,ATTACK_PREDICTIVE,90.000,0.325083,1.3841
"('TANK', 'TANK', 'OFFENSIVE_ADV', 'SAFE', 'DANGER', 'NORMAL', 'FASTER', 'MEC_USED', 'CLEAN', 'CLEAN', 'NEUTRAL', 'NEUTRAL', 'CLEAR', 'SET', 'OPENING', 'BANCO_OFF')",10,4,8,50.000,ATTACK_PREDICTIVE,60.000,1.088900,2.9710
"('TANK', 'SWEEPER', 'OFFENSIVE_ADV', 'SAFE', 'FULL', 'NORMAL', 'SLOWER', 'MEC_USED', 'CLEAN', 'CLEAN', 'NEUTRAL', 'NEUTRAL', 'CLEAR', 'CLEAR', 'BRAWL', 'BANCO_OFF')",10,6,11,54.545,ATTACK_STRONG,30.000,1.643418,5.1728
"('TANK', 'SWEEPER', 'NEUTRAL', 'CRIT', 'FULL', 'NORMAL', 'SLOWER', 'MEC_USED', 'CLEAN', 'CLEAN', 'NEUTRAL', 'NEUTRAL', 'CLEAR', 'CLEAR', 'OPENING', 'BANCO_OFF')",10,5,8,62.500,STAT_CLEAN,40.000,1.470808,4.3528
"('TANK', 'TANK', 'NEUTRAL', 'SAFE', 'FULL', 'NORMAL', 'FASTER', 'MEC_AVAIL', 'CLEAN', 'CLEAN', 'NEUTRAL', 'DEBUFF', 'CLEAR', 'CLEAR', 'OPENING', 'BANCO_OFF')",10,7,12,58.333,ATTACK_STRONG,20.000,1.886697,6.5975
"('TANK', 'TANK', 'NEUTRAL', 'CRIT', 'SAFE', 'NORMAL', 'SLOWER', 'MEC_USED', 'CLEAN', 'CLEAN', 'NEUTRAL', 'NEUTRAL', 'CLEAR', 'CLEAR', 'RECOVERING', 'BANCO_VAZIO')",10,7,12,58.333,ATTACK_PIVOT,20.000,1.886697,6.5975
"('TANK', 'TANK', 'NEUTRAL', 'SAFE', 'DANGER', 'NORMAL', 'SLOWER', 'MEC_USED', 'CLEAN', 'CLEAN', 'NEUTRAL', 'NEUTRAL', 'SET', 'CLEAR', 'BRAWL', 'BANCO_VAZIO')",10,3,12,25.000,ATTACK_PREDICTIVE,50.000,0.943348,2.5686
"('TANK', 'UTILITY', 'NEUTRAL', 'CRIT', 'SAFE', 'NORMAL', 'SLOWER', 'MEC_USED', 'CLEAN', 'CLEAN', 'NEUTRAL', 'BUFFED', 'CLEAR', 'SET', 'RECOVERING', 'BANCO_VAZIO')",10,3,4,75.000,ATTACK_TECH,80.000,0.639032,1.8946
"('TANK', 'SWEEPER', 'NEUTRAL', 'FULL', 'FULL', 'NORMAL', 'SLOWER', 'MEC_USED', 'CLEAN', 'CLEAN', 'NEUTRAL', 'NEUTRAL', 'CLEAR', 'CLEAR', 'RECOVERING', 'BANCO_VAZIO')",10,7,12,58.333,HAZARD,30.000,1.834372,6.2612
"('TANK', 'TANK', 'STALEMATE', 'SAFE', 'SAFE', 'NORMAL', 'SLOWER', 'MEC_USED', 'CLEAN', 'CLEAN', 'NEUTRAL', 'NEUTRAL', 'SET', 'SET', 'RECOVERING', 'BANCO_VAZIO')",10,4,8,50.000,STAT_CLEAN,60.000,1.088900,2.9710
"('TANK', 'TANK', 'DOMINANT', 'FULL', 'FULL', 'FIELD_SHARED', 'SLOWER', 'MEC_USED', 'CLEAN', 'CLEAN', 'NEUTRAL', 'NEUTRAL', 'CLEAR', 'CLEAR', 'OPENING', 'BANCO_VAZIO')",10,4,8,50.000,ATTACK_TECH,40.000,1.279854,3.5961
"('TANK', 'TANK', 'OFFENSIVE_ADV', 'FULL', 'FULL', 'NORMAL', 'FASTER', 'MEC_USED', 'CLEAN', 'CLEAN', 'NEUTRAL', 'NEUTRAL', 'CLEAR', 'CLEAR', 'BRAWL', 'BANCO_AMBOS')",10,3,9,33.333,ATTACK_STRONG,80.000,0.639032,1.8946
"('TANK', 'TANK', 'NEUTRAL', 'SAFE', 'FULL', 'NORMAL', 'SLOWER', 'MEC_USED', 'CLEAN', 'CLEAN', 'NEUTRAL', 'NEUTRAL', 'SET', 'SET', 'BRAWL', 'BANCO_OFF')",10,8,10,80.000,ATTACK_PREDICTIVE,20.000,2.025326,7.5786
"('TANK', 'TANK', 'NEUTRAL', 'FULL', 'FULL', 'NORMAL', 'FASTER', 'MEC_USED', 'CLEAN', 'CLEAN', 'NEUTRAL', 'DEBUFF', 'SET', 'CLEAR', 'CLUTCH', 'BANCO_VAZIO')",10,2,3,66.667,ATTACK_STRONG,90.000,0.325083,1.3841
"('SWEEPER', 'TANK', 'OFFENSIVE_ADV', 'FULL', 'DANGER', 'NORMAL', 'FASTER', 'MEC_USED', 'CLEAN', 'CLEAN', 'NEUTRAL', 'NEUTRAL', 'CLEAR', 'CLEAR', 'OPENING', 'BANCO_OFF')",10,5,7,71.429,SWITCH_DEFENSIVE,30.000,1.504788,4.5032
"('TANK', 'TANK', 'NEUTRAL', 'FULL', 'SAFE', 'FIELD_THEIRS', 'FASTER', 'MEC_USED', 'CLEAN', 'CLEAN', 'NEUTRAL', 'NEUTRAL', 'CLEAR', 'CLEAR', 'OPENING', 'BANCO_VAZIO')",10,5,7,71.429,ATTACK_PREDICTIVE,30.000,1.504788,4.5032
"('TANK', 'TANK', 'CRITICAL_DIS', 'FULL', 'SAFE', 'NORMAL', 'FASTER', 'MEC_USED', 'CLEAN', 'CLEAN', 'NEUTRAL', 'NEUTRAL', 'CLEAR', 'SET', 'RECOVERING', 'BANCO_VAZIO')",10,7,11,63.636,ATTACK_PREDICTIVE,20.000,1.886697,6.5975
"('UTILITY', 'UTILITY', 'OFFENSIVE_ADV', 'FULL', 'FULL', 'NORMAL', 'SLOWER', 'MEC_USED', 'CLEAN', 'CLEAN', 'NEUTRAL', 'NEUTRAL', 'CLEAR', 'CLEAR', 'OPENING', 'BANCO_OFF')",10,2,6,33.333,SWITCH_OFFENSIVE,80.000,0.500402,1.6494
"('TANK', 'TANK', 'DEFENSIVE_DIS', 'SAFE', 'FULL', 'NORMAL', 'SLOWER', 'MEC_USED', 'CLEAN', 'CLEAN', 'NEUTRAL', 'NEUTRAL', 'SET', 'SET', 'OPENING', 'BANCO_OFF')",10,2,9,22.222,ATTACK_TECH,90.000,0.325083,1.3841
"('TANK', 'TANK', 'OFFENSIVE_ADV', 'FULL', 'SAFE', 'FIELD_SHARED', 'FASTER', 'MEC_USED', 'CLEAN', 'CLEAN', 'NEUTRAL', 'DEBUFF', 'CLEAR', 'CLEAR', 'OPENING', 'BANCO_OFF')",10,4,7,57.143,HEAL,40.000,1.279854,3.5961
"('TANK', 'TANK', 'OFFENSIVE_ADV', 'SAFE', 'DANGER', 'NORMAL', 'SLOWER', 'MEC_USED', 'CLEAN', 'CLEAN', 'NEUTRAL', 'NEUTRAL', 'SET', 'SET', 'RECOVERING', 'BANCO_VAZIO')",10,6,11,54.545,STATUS,30.000,1.695743,5.4507
"('TANK', 'TANK', 'OFFENSIVE_ADV', 'DANGER', 'DANGER', 'FIELD_SHARED', 'FASTER', 'MEC_USED', 'CLEAN', 'CLEAN', 'NEUTRAL', 'NEUTRAL', 'CLEAR', 'CLEAR', 'OPENING', 'BANCO_OFF')",10,4,8,50.000,ATTACK_PREDICTIVE,40.000,1.332179,3.7893
"('TANK', 'TANK', 'DEFENSIVE_DIS', 'SAFE', 'SAFE', 'NORMAL', 'FASTER', 'MEC_USED', 'CLEAN', 'CLEAN', 'NEUTRAL', 'NEUTRAL', 'SET', 'CLEAR', 'RECOVERING', 'BANCO_VAZIO')",10,8,10,80.000,ATTACK_STRONG,30.000,1.973001,7.1922
"('TANK', 'TANK', 'NEUTRAL', 'SAFE', 'FULL', 'NORMAL', 'SLOWER', 'MEC_USED', 'CLEAN', 'CLEAN', 'NEUTRAL', 'NEUTRAL', 'SET', 'SET', 'OPENING', 'BANCO_VAZIO')",10,8,11,72.727,ATTACK_STRONG,20.000,2.025326,7.5786
"('TANK', 'SWEEPER', 'NEUTRAL', 'FULL', 'FULL', 'NORMAL', 'FASTER', 'MEC_USED', 'CLEAN', 'CLEAN', 'NEUTRAL', 'NEUTRAL', 'CLEAR', 'CLEAR', 'OPENING', 'BANCO_OFF')",10,4,7,57.143,ATTACK_STRONG,60.000,1.088900,2.9710
"('TANK', 'TANK', 'NEUTRAL', 'DANGER', 'SAFE', 'NORMAL', 'FASTER', 'MEC_USED', 'CLEAN', 'CLEAN', 'NEUTRAL', 'NEUTRAL', 'CLEAR', 'SET', 'OPENING', 'BANCO_VAZIO')",10,6,12,50.000,SWITCH_DEFENSIVE,50.000,1.497866,4.4721
"('TANK', 'TANK', 'STALEMATE', 'FULL', 'FULL', 'FIELD_THEIRS', 'SLOWER', 'MEC_USED', 'CLEAN', 'CLEAN', 'NEUTRAL', 'NEUTRAL', 'CLEAR', 'CLEAR', 'OPENING', 'BANCO_OFF')",10,6,10,60.000,ATTACK_TECH,40.000,1.609438,5.0000
"('TANK', 'UTILITY', 'OFFENSIVE_ADV', 'FULL', 'FULL', 'FIELD_THEIRS', 'SLOWER', 'MEC_USED', 'CLEAN', 'CLEAN', 'NEUTRAL', 'NEUTRAL', 'CLEAR', 'CLEAR', 'OPENING', 'BANCO_AMBOS')",10,5,10,50.000,ATTACK_TECH,60.000,1.227529,3.4128
"('TANK', 'TANK', 'DOMINANT', 'FULL', 'FULL', 'FIELD_THEIRS', 'FASTER', 'MEC_AVAIL', 'CLEAN', 'CLEAN', 'NEUTRAL', 'NEUTRAL', 'SET', 'CLEAR', 'OPENING', 'BANCO_AMBOS')",10,6,14,42.857,ATTACK_STRONG_MEC,30.000,1.643418,5.1728
"('SWEEPER', 'SWEEPER', 'DOMINANT', 'FULL', 'FULL', 'FIELD_OURS_OFF', 'FASTER', 'MEC_AVAIL', 'CLEAN', 'CLEAN', 'NEUTRAL', 'NEUTRAL', 'CLEAR', 'CLEAR', 'OPENING', 'BANCO_OFF')",10,7,8,87.500,ATTACK_STRONG_MEC,30.000,1.834372,6.2612
"('TANK', 'TANK', 'OFFENSIVE_ADV', 'FULL', 'DANGER', 'FIELD_THEIRS', 'SLOWER', 'MEC_USED', 'CLEAN', 'CLEAN', 'NEUTRAL', 'NEUTRAL', 'CLEAR', 'CLEAR', 'OPENING', 'BANCO_OFF')",10,7,10,70.000,ATTACK_PREDICTIVE,20.000,1.886697,6.5975
"('TANK', 'TANK', 'CRITICAL_DIS', 'FULL', 'FULL', 'FIELD_THEIRS', 'SLOWER', 'MEC_USED', 'CLEAN', 'CLEAN', 'NEUTRAL', 'NEUTRAL', 'SET', 'CLEAR', 'OPENING', 'BANCO_AMBOS')",10,7,11,63.636,ATTACK_TECH,20.000,1.886697,6.5975
"('TANK', 'UTILITY', 'DOMINANT', 'FULL', 'FULL', 'FIELD_THEIRS', 'SLOWER', 'MEC_AVAIL', 'CLEAN', 'CLEAN', 'NEUTRAL', 'NEUTRAL', 'CLEAR', 'CLEAR', 'OPENING', 'BANCO_AMBOS')",10,8,16,50.000,ATTACK_PIVOT,20.000,2.025326,7.5786
"('TANK', 'TANK', 'OFFENSIVE_ADV', 'DANGER', 'FULL', 'NORMAL', 'SLOWER', 'MEC_USED', 'CLEAN', 'CLEAN', 'NEUTRAL', 'NEUTRAL', 'SET', 'CLEAR', 'OPENING', 'BANCO_OFF')",10,7,13,53.846,ATTACK_TECH,20.000,1.886697,6.5975
"('TANK', 'TANK', 'NEUTRAL', 'DANGER', 'FULL', 'NORMAL', 'FASTER', 'MEC_USED', 'CLEAN', 'CLEAN', 'NEUTRAL', 'NEUTRAL', 'SET', 'SET', 'BRAWL', 'BANCO_VAZIO')",10,6,12,50.000,ATTACK_PIVOT,40.000,1.609438,5.0000
"('TANK', 'TANK', 'OFFENSIVE_DIS', 'SAFE', 'FULL', 'NORMAL', 'SLOWER', 'MEC_USED', 'CLEAN', 'CLEAN', 'NEUTRAL', 'NEUTRAL', 'SET', 'SET', 'OPENING', 'BANCO_VAZIO')",10,6,11,54.545,ATTACK_PREDICTIVE,20.000,1.748067,5.7435
"('TANK', 'TANK', 'NEUTRAL', 'FULL', 'SAFE', 'NORMAL', 'FASTER', 'MEC_USED', 'CLEAN', 'CLEAN', 'NEUTRAL', 'NEUTRAL', 'CLEAR', 'CLEAR', 'CLUTCH', 'BANCO_VAZIO')",10,5,8,62.500,ATTACK_PIVOT,30.000,1.504788,4.5032
"('TANK', 'TANK', 'NEUTRAL', 'SAFE', 'SAFE', 'NORMAL', 'FASTER', 'MEC_USED', 'CLEAN', 'CLEAN', 'NEUTRAL', 'NEUTRAL', 'CLEAR', 'SET', 'OPENING', 'BANCO_AMBOS')",10,1,12,8.333,SWITCH_OFFENSIVE,100.000,-0.000000,1.0000
"('TANK', 'TANK', 'NEUTRAL', 'SAFE', 'SAFE', 'NORMAL', 'FASTER', 'MEC_USED', 'CLEAN', 'CLEAN', 'NEUTRAL', 'NEUTRAL', 'CLEAR', 'SET', 'BRAWL', 'BANCO_OFF')",10,2,9,22.222,ATTACK_STRONG,90.000,0.325083,1.3841
"('TANK', 'TANK', 'NEUTRAL', 'FULL', 'FULL', 'NORMAL', 'SLOWER', 'MEC_USED', 'CLEAN', 'CLEAN', 'NEUTRAL', 'NEUTRAL', 'CLEAR', 'SET', 'OPENING', 'BANCO_VAZIO')",10,4,10,40.000,SWITCH_OFFENSIVE,40.000,1.279854,3.5961
"('TANK', 'TANK', 'NEUTRAL', 'CRIT', 'DANGER', 'NORMAL', 'SLOWER', 'MEC_USED', 'CLEAN', 'CLEAN', 'NEUTRAL', 'NEUTRAL', 'CLEAR', 'CLEAR', 'OPENING', 'BANCO_OFF')",10,7,11,63.636,ATTACK_PIVOT,20.000,1.886697,6.5975
"('TANK', 'TANK', 'OFFENSIVE_ADV', 'DANGER', 'FULL', 'FIELD_OURS_OFF', 'FASTER', 'MEC_USED', 'CLEAN', 'CLEAN', 'NEUTRAL', 'NEUTRAL', 'CLEAR', 'CLEAR', 'OPENING', 'BANCO_OFF')",10,6,9,66.667,ATTACK_STRONG,40.000,1.609438,5.0000
"('TANK', 'TANK', 'NEUTRAL', 'FULL', 'SAFE', 'NORMAL', 'FASTER', 'MEC_USED', 'CLEAN', 'CLEAN', 'NEUTRAL', 'NEUTRAL', 'CLEAR', 'CLEAR', 'OPENING', 'BANCO_DEF')",10,7,10,70.000,SWITCH_OFFENSIVE,30.000,1.834372,6.2612
"('TANK', 'SWEEPER', 'OFFENSIVE_DIS', 'FULL', 'FULL', 'NORMAL', 'SLOWER', 'MEC_USED', 'CLEAN', 'CLEAN', 'DEBUFF', 'NEUTRAL', 'CLEAR', 'CLEAR', 'OPENING', 'BANCO_AMBOS')",10,1,4,25.000,ATTACK_TECH,100.000,-0.000000,1.0000
"('TANK', 'TANK', 'DOMINANT', 'FULL', 'SAFE', 'NORMAL', 'SLOWER', 'MEC_AVAIL', 'CLEAN', 'CLEAN', 'NEUTRAL', 'NEUTRAL', 'CLEAR', 'CLEAR', 'OPENING', 'BANCO_OFF')",10,5,16,31.250,ATTACK_STRONG_MEC,50.000,1.359237,3.8932
"('TANK', 'TANK', 'NEUTRAL', 'FULL', 'FULL', 'FIELD_SHARED', 'FASTER', 'MEC_USED', 'CLEAN', 'CLEAN', 'NEUTRAL', 'NEUTRAL', 'CLEAR', 'CLEAR', 'OPENING', 'BANCO_DEF')",10,6,8,75.000,ATTACK_STRONG,30.000,1.695743,5.4507
"('TANK', 'UTILITY', 'STALEMATE', 'FULL', 'SAFE', 'NORMAL', 'SLOWER', 'MEC_USED', 'CLEAN', 'CLEAN', 'NEUTRAL', 'NEUTRAL', 'CLEAR', 'CLEAR', 'OPENING', 'BANCO_OFF')",10,6,9,66.667,STAT_CLEAN,40.000,1.609438,5.0000
"('TANK', 'TANK', 'DEFENSIVE_DIS', 'FULL', 'FULL', 'NORMAL', 'FASTER', 'MEC_USED', 'CLEAN', 'CLEAN', 'NEUTRAL', 'NEUTRAL', 'SET', 'CLEAR', 'BRAWL', 'BANCO_OFF')",10,5,10,50.000,ATTACK_TECH,30.000,1.557113,4.7451
"('TANK', 'TANK', 'NEUTRAL', 'SAFE', 'FULL', 'NORMAL', 'FASTER', 'MEC_USED', 'CLEAN', 'CLEAN', 'NEUTRAL', 'NEUTRAL', 'SET', 'SET', 'BRAWL', 'BANCO_VAZIO')",10,8,10,80.000,CLEAN_HAZARD,30.000,1.973001,7.1922
"('UTILITY', 'UTILITY', 'DEFENSIVE_DIS', 'FULL', 'FULL', 'NORMAL', 'SLOWER', 'MEC_USED', 'CLEAN', 'CLEAN', 'NEUTRAL', 'NEUTRAL', 'CLEAR', 'CLEAR', 'OPENING', 'BANCO_AMBOS')",10,4,6,66.667,ATTACK_TECH,40.000,1.279854,3.5961
"('TANK', 'TANK', 'NEUTRAL', 'SAFE', 'SAFE', 'FIELD_THEIRS', 'SLOWER', 'MEC_USED', 'CLEAN', 'CLEAN', 'NEUTRAL', 'NEUTRAL', 'SET', 'SET', 'RECOVERING', 'BANCO_VAZIO')",10,4,10,40.000,HEAL,60.000,1.088900,2.9710
"('TANK', 'TANK', 'NEUTRAL', 'FULL', 'SAFE', 'NORMAL', 'FASTER', 'MEC_USED', 'CLEAN', 'CLEAN', 'NEUTRAL', 'NEUTRAL', 'CLEAR', 'SET', 'BRAWL', 'BANCO_VAZIO')",10,3,9,33.333,STATUS,50.000,1.029653,2.8001
"('TANK', 'UTILITY', 'NEUTRAL', 'FULL', 'DANGER', 'NORMAL', 'SLOWER', 'MEC_USED', 'AFFLICTED', 'CLEAN', 'NEUTRAL', 'NEUTRAL', 'CLEAR', 'CLEAR', 'RECOVERING', 'BANCO_VAZIO')",10,4,7,57.143,CLEAN_HAZARD,70.000,0.940448,2.5611
"('TANK', 'TANK', 'DOMINANT', 'FULL', 'SAFE', 'NORMAL', 'FASTER', 'MEC_AVAIL', 'CLEAN', 'CLEAN', 'NEUTRAL', 'NEUTRAL', 'CLEAR', 'CLEAR', 'OPENING', 'BANCO_AMBOS')",10,5,12,41.667,HAZARD,40.000,1.418484,4.1309
"('TANK', 'TANK', 'DEFENSIVE_DIS', 'SAFE', 'FULL', 'NORMAL', 'FASTER', 'MEC_AVAIL', 'CLEAN', 'CLEAN', 'NEUTRAL', 'NEUTRAL', 'CLEAR', 'CLEAR', 'OPENING', 'BANCO_OFF')",10,7,14,50.000,SWITCH_DEFENSIVE,40.000,1.748067,5.7435
"('TANK', 'TANK', 'NEUTRAL', 'DANGER', 'SAFE', 'NORMAL', 'SLOWER', 'MEC_USED', 'CLEAN', 'CLEAN', 'NEUTRAL', 'NEUTRAL', 'SET', 'SET', 'BRAWL', 'BANCO_VAZIO')",10,5,12,41.667,ATTACK_STRONG,60.000,1.227529,3.4128
"('TANK', 'TANK', 'OFFENSIVE_ADV', 'SAFE', 'FULL', 'FIELD_THEIRS', 'FASTER', 'MEC_USED', 'CLEAN', 'CLEAN', 'NEUTRAL', 'NEUTRAL', 'CLEAR', 'CLEAR', 'OPENING', 'BANCO_VAZIO')",10,7,9,77.778,ATTACK_STRONG,20.000,1.886697,6.5975
"('TANK', 'UTILITY', 'DOMINANT', 'FULL', 'FULL', 'NORMAL', 'SLOWER', 'MEC_USED', 'CLEAN', 'CLEAN', 'NEUTRAL', 'NEUTRAL', 'CLEAR', 'CLEAR', 'OPENING', 'BANCO_VAZIO')",10,3,8,37.500,ATTACK_PREDICTIVE,60.000,0.897946,2.4546
"('TANK', 'UTILITY', 'OFFENSIVE_ADV', 'SAFE', 'SAFE', 'FIELD_THEIRS', 'SLOWER', 'MEC_USED', 'CLEAN', 'CLEAN', 'NEUTRAL', 'NEUTRAL', 'CLEAR', 'CLEAR', 'OPENING', 'BANCO_OFF')",10,5,11,45.455,ATTACK_PIVOT,40.000,1.418484,4.1309
"('TANK', 'TANK', 'DEFENSIVE_DIS', 'DANGER', 'FULL', 'NORMAL', 'SLOWER', 'MEC_USED', 'CLEAN', 'CLEAN', 'NEUTRAL', 'NEUTRAL', 'CLEAR', 'CLEAR', 'RECOVERING', 'BANCO_VAZIO')",10,5,12,41.667,ATTACK_PREDICTIVE,60.000,1.227529,3.4128
"('TANK', 'TANK', 'NEUTRAL', 'FULL', 'SAFE', 'FIELD_OURS_OFF', 'SLOWER', 'MEC_USED', 'CLEAN', 'CLEAN', 'NEUTRAL', 'NEUTRAL', 'CLEAR', 'CLEAR', 'OPENING', 'BANCO_AMBOS')",10,5,8,62.500,ATTACK_TECH,50.000,1.359237,3.8932
"('TANK', 'TANK', 'OFFENSIVE_ADV', 'FULL', 'FULL', 'FIELD_THEIRS', 'SLOWER', 'MEC_USED', 'CLEAN', 'CLEAN', 'NEUTRAL', 'NEUTRAL', 'CLEAR', 'CLEAR', 'BRAWL', 'BANCO_OFF')",10,3,9,33.333,ATTACK_PREDICTIVE,70.000,0.801819,2.2296
"('TANK', 'SWEEPER', 'OFFENSIVE_ADV', 'FULL', 'FULL', 'FIELD_OURS_OFF', 'SLOWER', 'MEC_USED', 'CLEAN', 'CLEAN', 'DEBUFF', 'NEUTRAL', 'CLEAR', 'CLEAR', 'OPENING', 'BANCO_OFF')",10,3,10,30.000,ATTACK_STRONG,80.000,0.639032,1.8946
"('TANK', 'TANK', 'NEUTRAL', 'FULL', 'DANGER', 'NORMAL', 'FASTER', 'MEC_USED', 'CLEAN', 'CLEAN', 'NEUTRAL', 'NEUTRAL', 'SET', 'SET', 'BRAWL', 'BANCO_VAZIO')",10,4,12,33.333,ATTACK_PREDICTIVE,40.000,1.279854,3.5961
"('TANK', 'TANK', 'OFFENSIVE_ADV', 'SAFE', 'CRIT', 'NORMAL', 'FASTER', 'MEC_USED', 'AFFLICTED', 'CLEAN', 'NEUTRAL', 'NEUTRAL', 'CLEAR', 'SET', 'RECOVERING', 'BANCO_VAZIO')",10,2,3,66.667,HEAL,90.000,0.325083,1.3841
"('TANK', 'TANK', 'DEFENSIVE_DIS', 'FULL', 'FULL', 'NORMAL', 'FASTER', 'MEC_USED', 'CLEAN', 'CLEAN', 'NEUTRAL', 'NEUTRAL', 'CLEAR', 'CLEAR', 'BRAWL', 'BANCO_VAZIO')",10,6,11,54.545,ATTACK_STRONG,50.000,1.497866,4.4721
"('TANK', 'TANK', 'NEUTRAL', 'CRIT', 'SAFE', 'NORMAL', 'SLOWER', 'MEC_USED', 'CLEAN', 'CLEAN', 'NEUTRAL', 'NEUTRAL', 'SET', 'CLEAR', 'RECOVERING', 'BANCO_VAZIO')",10,6,12,50.000,STAT_CLEAN,50.000,1.497866,4.4721
"('TANK', 'TANK', 'DEFENSIVE_DIS', 'SAFE', 'SAFE', 'FIELD_OURS_OFF', 'FASTER', 'MEC_USED', 'CLEAN', 'CLEAN', 'NEUTRAL', 'NEUTRAL', 'CLEAR', 'CLEAR', 'OPENING', 'BANCO_OFF')",10,6,9,66.667,ATTACK_TECH,40.000,1.609438,5.0000
"('TANK', 'TANK', 'CRITICAL_DIS', 'FULL', 'FULL', 'FIELD_SHARED', 'SLOWER', 'MEC_USED', 'CLEAN', 'CLEAN', 'NEUTRAL', 'NEUTRAL', 'SET', 'CLEAR', 'OPENING', 'BANCO_AMBOS')",10,4,11,36.364,STATUS,70.000,0.940448,2.5611
"('UTILITY', 'SWEEPER', 'DOMINANT', 'FULL', 'FULL', 'NORMAL', 'SLOWER', 'MEC_USED', 'CLEAN', 'CLEAN', 'NEUTRAL', 'NEUTRAL', 'CLEAR', 'CLEAR', 'OPENING', 'BANCO_AMBOS')",10,3,7,42.857,SWITCH_OFFENSIVE,60.000,0.897946,2.4546
"('TANK', 'TANK', 'OFFENSIVE_ADV', 'SAFE', 'DANGER', 'NORMAL', 'SLOWER', 'MEC_USED', 'CLEAN', 'CLEAN', 'NEUTRAL', 'NEUTRAL', 'CLEAR', 'CLEAR', 'BRAWL', 'BANCO_OFF')",10,2,10,20.000,HEAL,80.000,0.500402,1.6494
"('TANK', 'TANK', 'OFFENSIVE_DIS', 'FULL', 'SAFE', 'NORMAL', 'SLOWER', 'MEC_USED', 'CLEAN', 'CLEAN', 'NEUTRAL', 'NEUTRAL', 'SET', 'CLEAR', 'OPENING', 'BANCO_VAZIO')",10,7,10,70.000,ATTACK_STRONG,20.000,1.886697,6.5975
"('TANK', 'TANK', 'OFFENSIVE_ADV', 'SAFE', 'FULL', 'NORMAL', 'FASTER', 'MEC_AVAIL', 'CLEAN', 'CLEAN', 'NEUTRAL', 'NEUTRAL', 'CLEAR', 'CLEAR', 'OPENING', 'BANCO_VAZIO')",10,8,14,57.143,ATTACK_STRONG_MEC,30.000,1.973001,7.1922
"('TANK', 'TANK', 'NEUTRAL', 'FULL', 'FULL', 'NORMAL', 'FASTER', 'MEC_USED', 'CLEAN', 'CLEAN', 'NEUTRAL', 'NEUTRAL', 'SET', 'SET', 'BRAWL', 'BANCO_OFF')",10,4,9,44.444,ATTACK_TECH,50.000,1.168282,3.2165
"('TANK', 'TANK', 'DEFENSIVE_ADV', 'SAFE', 'FULL', 'NORMAL', 'FASTER', 'MEC_USED', 'CLEAN', 'AFFLICTED', 'NEUTRAL', 'NEUTRAL', 'SET', 'CLEAR', 'CLUTCH', 'BANCO_OFF')",10,3,4,75.000,SWITCH_OFFENSIVE,80.000,0.639032,1.8946
"('TANK', 'TANK', 'DEFENSIVE_DIS', 'SAFE', 'CRIT', 'NORMAL', 'SLOWER', 'MEC_USED', 'CLEAN', 'CLEAN', 'NEUTRAL', 'NEUTRAL', 'SET', 'SET', 'RECOVERING', 'BANCO_VAZIO')",10,3,11,27.273,HEAL,60.000,0.897946,2.4546
"('TANK', 'TANK', 'CRITICAL_DIS', 'FULL', 'SAFE', 'NORMAL', 'SLOWER', 'MEC_USED', 'CLEAN', 'CLEAN', 'NEUTRAL', 'NEUTRAL', 'CLEAR', 'CLEAR', 'OPENING', 'BANCO_AMBOS')",10,1,11,9.091,SWITCH_OFFENSIVE,100.000,-0.000000,1.0000
"('TANK', 'TANK', 'OFFENSIVE_DIS', 'FULL', 'FULL', 'NORMAL', 'FASTER', 'MEC_AVAIL', 'CLEAN', 'CLEAN', 'NEUTRAL', 'DEBUFF', 'CLEAR', 'CLEAR', 'BRAWL', 'BANCO_VAZIO')",10,1,8,12.500,ATTACK_TECH,100.000,-0.000000,1.0000
"('TANK', 'TANK', 'OFFENSIVE_DIS', 'FULL', 'DANGER', 'NORMAL', 'SLOWER', 'MEC_USED', 'CLEAN', 'CLEAN', 'NEUTRAL', 'NEUTRAL', 'CLEAR', 'SET', 'OPENING', 'BANCO_OFF')",10,5,10,50.000,ATTACK_STRONG,30.000,1.504788,4.5032
"('TANK', 'TANK', 'DEFENSIVE_DIS', 'SAFE', 'FULL', 'FIELD_OURS_DEF', 'SLOWER', 'MEC_USED', 'CLEAN', 'CLEAN', 'NEUTRAL', 'NEUTRAL', 'CLEAR', 'CLEAR', 'OPENING', 'BANCO_AMBOS')",10,2,6,33.333,SWITCH_OFFENSIVE,90.000,0.325083,1.3841
"('TANK', 'TANK', 'OFFENSIVE_DIS', 'CRIT', 'SAFE', 'NORMAL', 'SLOWER', 'MEC_USED', 'CLEAN', 'CLEAN', 'NEUTRAL', 'NEUTRAL', 'CLEAR', 'CLEAR', 'OPENING', 'BANCO_OFF')",10,8,12,66.667,HEAL,20.000,2.025326,7.5786
"('TANK', 'TANK', 'VOLATILE', 'FULL', 'FULL', 'NORMAL', 'FASTER', 'MEC_USED', 'CLEAN', 'CLEAN', 'NEUTRAL', 'NEUTRAL', 'SET', 'CLEAR', 'CLUTCH', 'BANCO_VAZIO')",10,1,1,100.000,ATTACK_STRONG,100.000,-0.000000,1.0000
"('UTILITY', 'TANK', 'NEUTRAL', 'FULL', 'FULL', 'NORMAL', 'FASTER', 'MEC_USED', 'CLEAN', 'CLEAN', 'NEUTRAL', 'NEUTRAL', 'CLEAR', 'SET', 'RECOVERING', 'BANCO_VAZIO')",10,3,7,42.857,ATTACK_STRONG,80.000,0.639032,1.8946
"('TANK', 'TANK', 'NEUTRAL', 'FULL', 'FULL', 'NORMAL', 'SLOWER', 'MEC_USED', 'CLEAN', 'AFFLICTED', 'NEUTRAL', 'NEUTRAL', 'CLEAR', 'CLEAR', 'DOMINATING', 'BANCO_VAZIO')",10,2,7,28.571,SWITCH_DEFENSIVE,90.000,0.325083,1.3841
"('TANK', 'TANK', 'NEUTRAL', 'SAFE', 'DANGER', 'NORMAL', 'FASTER', 'MEC_USED', 'AFFLICTED', 'CLEAN', 'NEUTRAL', 'NEUTRAL', 'CLEAR', 'CLEAR', 'RECOVERING', 'BANCO_VAZIO')",10,3,6,50.000,STATUS,40.000,1.054920,2.8717
"('TANK', 'SWEEPER', 'VOLATILE', 'FULL', 'SAFE', 'NORMAL', 'SLOWER', 'MEC_USED', 'CLEAN', 'CLEAN', 'NEUTRAL', 'NEUTRAL', 'CLEAR', 'SET', 'CLUTCH', 'BANCO_VAZIO')",9,4,8,50.000,ATTACK_STRONG,66.667,1.002718,2.7257
"('TANK', 'TANK', 'STALEMATE', 'DANGER', 'FULL', 'NORMAL', 'SLOWER', 'MEC_USED', 'CLEAN', 'CLEAN', 'NEUTRAL', 'NEUTRAL', 'CLEAR', 'CLEAR', 'CLUTCH', 'BANCO_VAZIO')",9,6,8,75.000,ATTACK_PIVOT,22.222,1.735126,5.6696
"('TANK', 'TANK', 'NEUTRAL', 'FULL', 'FULL', 'NORMAL', 'SLOWER', 'MEC_USED', 'CLEAN', 'CLEAN', 'DEBUFF', 'DEBUFF', 'SET', 'SET', 'CLUTCH', 'BANCO_VAZIO')",9,3,3,100.000,HAZARD,55.556,0.995027,2.7048
"('TANK', 'TANK', 'DEFENSIVE_ADV', 'SAFE', 'FULL', 'NORMAL', 'SLOWER', 'MEC_USED', 'CLEAN', 'AFFLICTED', 'NEUTRAL', 'DEBUFF', 'SET', 'SET', 'CLUTCH', 'BANCO_VAZIO')",9,2,6,33.333,STAT_CLEAN,55.556,0.686962,1.9877
"('TANK', 'TANK', 'DEFENSIVE_ADV', 'FULL', 'FULL', 'NORMAL', 'FASTER', 'MEC_USED', 'CLEAN', 'AFFLICTED', 'DEBUFF', 'NEUTRAL', 'CLEAR', 'SET', 'RECOVERING', 'BANCO_VAZIO')",9,1,1,100.000,STATUS,100.000,-0.000000,1.0000
"('TANK', 'TANK', 'DEFENSIVE_ADV', 'FULL', 'FULL', 'NORMAL', 'SLOWER', 'MEC_USED', 'CLEAN', 'AFFLICTED', 'DEBUFF', 'NEUTRAL', 'SET', 'SET', 'CLUTCH', 'BANCO_VAZIO')",9,1,1,100.000,HAZARD,100.000,-0.000000,1.0000
"('TANK', 'TANK', 'OFFENSIVE_ADV', 'SAFE', 'FULL', 'NORMAL', 'FASTER', 'MEC_USED', 'AFFLICTED', 'CLEAN', 'NEUTRAL', 'NEUTRAL', 'SET', 'SET', 'BRAWL', 'BANCO_OFF')",9,4,7,57.143,STATUS,33.333,1.310784,3.7091
"('TANK', 'TANK', 'OFFENSIVE_DIS', 'FULL', 'FULL', 'FIELD_OURS_OFF', 'SLOWER', 'MEC_USED', 'CLEAN', 'CLEAN', 'NEUTRAL', 'NEUTRAL', 'CLEAR', 'CLEAR', 'OPENING', 'BANCO_OFF')",9,5,9,55.556,ATTACK_TECH,55.556,1.303092,3.6807
"('TANK', 'TANK', 'OFFENSIVE_ADV', 'SAFE', 'SAFE', 'NORMAL', 'FASTER', 'MEC_USED', 'AFFLICTED', 'CLEAN', 'NEUTRAL', 'NEUTRAL', 'CLEAR', 'SET', 'RECOVERING', 'BANCO_VAZIO')",9,6,9,66.667,ATTACK_PIVOT,33.333,1.676988,5.3494
"('TANK', 'TANK', 'NEUTRAL', 'SAFE', 'DANGER', 'NORMAL', 'FASTER', 'MEC_USED', 'CLEAN', 'CLEAN', 'NEUTRAL', 'NEUTRAL', 'SET', 'CLEAR', 'OPENING', 'BANCO_VAZIO')",9,7,9,77.778,ATTACK_PIVOT,33.333,1.831020,6.2403
"('TANK', 'TANK', 'DEFENSIVE_ADV', 'FULL', 'FULL', 'NORMAL', 'FASTER', 'MEC_USED', 'CLEAN', 'CLEAN', 'NEUTRAL', 'DEBUFF', 'CLEAR', 'SET', 'CLUTCH', 'BANCO_VAZIO')",9,1,3,33.333,ATTACK_PIVOT,100.000,-0.000000,1.0000
"('TANK', 'TANK', 'OFFENSIVE_ADV', 'SAFE', 'SAFE', 'NORMAL', 'FASTER', 'MEC_USED', 'AFFLICTED', 'CLEAN', 'NEUTRAL', 'NEUTRAL', 'SET', 'SET', 'BRAWL', 'BANCO_OFF')",9,3,10,30.000,ATTACK_STRONG,55.556,0.936888,2.5520
"('TANK', 'SWEEPER', 'OFFENSIVE_DIS', 'SAFE', 'FULL', 'NORMAL', 'SLOWER', 'MEC_USED', 'CLEAN', 'CLEAN', 'NEUTRAL', 'NEUTRAL', 'CLEAR', 'CLEAR', 'RECOVERING', 'BANCO_VAZIO')",9,7,13,53.846,ATTACK_TECH,22.222,1.889159,6.6138
"('TANK', 'TANK', 'NEUTRAL', 'CRIT', 'FULL', 'NORMAL', 'SLOWER', 'MEC_USED', 'CLEAN', 'AFFLICTED', 'NEUTRAL', 'NEUTRAL', 'CLEAR', 'CLEAR', 'CLUTCH', 'BANCO_VAZIO')",9,4,8,50.000,CLEAN_HAZARD,66.667,1.002718,2.7257
"('TANK', 'TANK', 'NEUTRAL', 'CRIT', 'FULL', 'NORMAL', 'FASTER', 'MEC_USED', 'CLEAN', 'CLEAN', 'NEUTRAL', 'NEUTRAL', 'SET', 'SET', 'RECOVERING', 'BANCO_VAZIO')",9,7,10,70.000,ATTACK_PREDICTIVE,22.222,1.889159,6.6138
"('TANK', 'TANK', 'NEUTRAL', 'CRIT', 'FULL', 'NORMAL', 'FASTER', 'MEC_USED', 'CLEAN', 'CLEAN', 'NEUTRAL', 'NEUTRAL', 'CLEAR', 'SET', 'RECOVERING', 'BANCO_VAZIO')",9,7,9,77.778,ATTACK_PIVOT,33.333,1.831020,6.2403
"('TANK', 'TANK', 'NEUTRAL', 'CRIT', 'SAFE', 'NORMAL', 'FASTER', 'MEC_USED', 'CLEAN', 'CLEAN', 'NEUTRAL', 'NEUTRAL', 'SET', 'CLEAR', 'OPENING', 'BANCO_VAZIO')",9,6,8,75.000,ATTACK_PIVOT,22.222,1.735126,5.6696
"('UTILITY', 'TANK', 'NEUTRAL', 'FULL', 'FULL', 'NORMAL', 'SLOWER', 'MEC_USED', 'CLEAN', 'CLEAN', 'NEUTRAL', 'NEUTRAL', 'CLEAR', 'CLEAR', 'OPENING', 'BANCO_DEF')",9,4,6,66.667,SWITCH_DEFENSIVE,44.444,1.214890,3.3699
"('TANK', 'TANK', 'NEUTRAL', 'DANGER', 'DANGER', 'NORMAL', 'SLOWER', 'MEC_USED', 'CLEAN', 'CLEAN', 'NEUTRAL', 'NEUTRAL', 'SET', 'SET', 'RECOVERING', 'BANCO_VAZIO')",9,6,13,46.154,HEAL,44.444,1.581094,4.8603
"('TANK', 'TANK', 'DEFENSIVE_DIS', 'DANGER', 'SAFE', 'NORMAL', 'FASTER', 'MEC_USED', 'CLEAN', 'CLEAN', 'NEUTRAL', 'NEUTRAL', 'SET', 'SET', 'BRAWL', 'BANCO_OFF')",9,5,10,50.000,ATTACK_STRONG,44.444,1.427061,4.1664
"('TANK', 'TANK', 'DEFENSIVE_ADV', 'SAFE', 'SAFE', 'NORMAL', 'SLOWER', 'MEC_USED', 'CLEAN', 'CLEAN', 'NEUTRAL', 'NEUTRAL', 'CLEAR', 'SET', 'RECOVERING', 'BANCO_VAZIO')",9,6,13,46.154,ATTACK_STRONG,22.222,1.735126,5.6696
"('TANK', 'TANK', 'OFFENSIVE_ADV', 'FULL', 'FULL', 'NORMAL', 'SLOWER', 'MEC_USED', 'CLEAN', 'AFFLICTED', 'NEUTRAL', 'NEUTRAL', 'CLEAR', 'CLEAR', 'OPENING', 'BANCO_OFF')",9,6,10,60.000,ATTACK_TECH,22.222,1.735126,5.6696
"('TANK', 'TANK', 'NEUTRAL', 'CRIT', 'SAFE', 'NORMAL', 'FASTER', 'MEC_USED', 'CLEAN', 'CLEAN', 'NEUTRAL', 'NEUTRAL', 'CLEAR', 'SET', 'RECOVERING', 'BANCO_VAZIO')",9,5,8,62.500,ATTACK_STRONG,33.333,1.522955,4.5858
"('TANK', 'TANK', 'NEUTRAL', 'FULL', 'DANGER', 'NORMAL', 'FASTER', 'MEC_USED', 'CLEAN', 'CLEAN', 'NEUTRAL', 'NEUTRAL', 'CLEAR', 'SET', 'RECOVERING', 'BANCO_VAZIO')",9,2,9,22.222,ATTACK_STRONG,88.889,0.348832,1.4174
"('TANK', 'TANK', 'VOLATILE', 'SAFE', 'FULL', 'FIELD_SHARED', 'SLOWER', 'MEC_USED', 'CLEAN', 'CLEAN', 'NEUTRAL', 'NEUTRAL', 'CLEAR', 'CLEAR', 'OPENING', 'BANCO_OFF')",9,5,11,45.455,SWITCH_DEFENSIVE,55.556,1.303092,3.6807
"('TANK', 'TANK', 'OFFENSIVE_ADV', 'FULL', 'DANGER', 'NORMAL', 'FASTER', 'MEC_USED', 'CLEAN', 'CLEAN', 'NEUTRAL', 'NEUTRAL', 'CLEAR', 'CLEAR', 'OPENING', 'BANCO_VAZIO')",9,6,10,60.000,ATTACK_STRONG,33.333,1.676988,5.3494
"('TANK', 'TANK', 'NEUTRAL', 'FULL', 'SAFE', 'NORMAL', 'FASTER', 'MEC_USED', 'AFFLICTED', 'AFFLICTED', 'DEBUFF', 'NEUTRAL', 'CLEAR', 'CLEAR', 'CLUTCH', 'BANCO_VAZIO')",9,2,2,100.000,HEAL,55.556,0.686962,1.9877
"('TANK', 'TANK', 'VOLATILE', 'CRIT', 'FULL', 'FIELD_THEIRS', 'SLOWER', 'MEC_USED', 'CLEAN', 'CLEAN', 'NEUTRAL', 'NEUTRAL', 'CLEAR', 'CLEAR', 'OPENING', 'BANCO_OFF')",9,6,7,85.714,ATTACK_PREDICTIVE,33.333,1.676988,5.3494
"('SWEEPER', 'TANK', 'DOMINANT', 'FULL', 'FULL', 'NORMAL', 'FASTER', 'MEC_USED', 'CLEAN', 'CLEAN', 'NEUTRAL', 'NEUTRAL', 'SET', 'CLEAR', 'OPENING', 'BANCO_AMBOS')",9,6,8,75.000,BUFF,33.333,1.676988,5.3494
"('TANK', 'TANK', 'OFFENSIVE_ADV', 'FULL', 'CRIT', 'FIELD_SHARED', 'FASTER', 'MEC_USED', 'CLEAN', 'CLEAN', 'NEUTRAL', 'NEUTRAL', 'CLEAR', 'CLEAR', 'OPENING', 'BANCO_OFF')",9,6,7,85.714,BUFF,22.222,1.735126,5.6696
"('TANK', 'TANK', 'NEUTRAL', 'FULL', 'FULL', 'NORMAL', 'FASTER', 'MEC_AVAIL', 'CLEAN', 'CLEAN', 'NEUTRAL', 'NEUTRAL', 'CLEAR', 'SET', 'OPENING', 'BANCO_AMBOS')",9,2,10,20.000,ATTACK_STRONG_MEC,88.889,0.348832,1.4174
"('TANK', 'TANK', 'OFFENSIVE_ADV', 'DANGER', 'SAFE', 'FIELD_SHARED', 'SLOWER', 'MEC_USED', 'CLEAN', 'CLEAN', 'NEUTRAL', 'NEUTRAL', 'CLEAR', 'CLEAR', 'OPENING', 'BANCO_OFF')",9,6,11,54.545,ATTACK_PREDICTIVE,22.222,1.735126,5.6696
"('TANK', 'UTILITY', 'NEUTRAL', 'FULL', 'FULL', 'FIELD_SHARED', 'SLOWER', 'MEC_USED', 'CLEAN', 'CLEAN', 'NEUTRAL', 'NEUTRAL', 'CLEAR', 'CLEAR', 'OPENING', 'BANCO_AMBOS')",9,6,12,50.000,STATUS,33.333,1.676988,5.3494
"('TANK', 'TANK', 'NEUTRAL', 'DANGER', 'SAFE', 'NORMAL', 'SLOWER', 'MEC_USED', 'CLEAN', 'CLEAN', 'NEUTRAL', 'NEUTRAL', 'CLEAR', 'SET', 'OPENING', 'BANCO_VAZIO')",9,6,9,66.667,ATTACK_STRONG,33.333,1.676988,5.3494
"('TANK', 'TANK', 'DEFENSIVE_DIS', 'DANGER', 'SAFE', 'NORMAL', 'SLOWER', 'MEC_USED', 'CLEAN', 'CLEAN', 'NEUTRAL', 'NEUTRAL', 'SET', 'CLEAR', 'RECOVERING', 'BANCO_VAZIO')",9,5,9,55.556,ATTACK_PIVOT,33.333,1.464816,4.3267
"('TANK', 'TANK', 'OFFENSIVE_DIS', 'FULL', 'SAFE', 'NORMAL', 'FASTER', 'MEC_USED', 'CLEAN', 'CLEAN', 'NEUTRAL', 'NEUTRAL', 'CLEAR', 'CLEAR', 'RECOVERING', 'BANCO_VAZIO')",9,7,10,70.000,ATTACK_PREDICTIVE,22.222,1.889159,6.6138
"('UTILITY', 'TANK', 'OFFENSIVE_ADV', 'SAFE', 'FULL', 'FIELD_OURS_OFF', 'FASTER', 'MEC_USED', 'CLEAN', 'CLEAN', 'NEUTRAL', 'NEUTRAL', 'CLEAR', 'CLEAR', 'OPENING', 'BANCO_AMBOS')",9,3,4,75.000,ATTACK_STRONG,44.444,1.060857,2.8888
"('SWEEPER', 'TANK', 'NEUTRAL', 'SAFE', 'FULL', 'FIELD_SHARED', 'FASTER', 'MEC_USED', 'CLEAN', 'CLEAN', 'NEUTRAL', 'NEUTRAL', 'CLEAR', 'CLEAR', 'OPENING', 'BANCO_AMBOS')",9,6,9,66.667,ATTACK_PIVOT,22.222,1.735126,5.6696
"('TANK', 'TANK', 'OFFENSIVE_ADV', 'SAFE', 'FULL', 'FIELD_THEIRS', 'SLOWER', 'MEC_USED', 'CLEAN', 'CLEAN', 'NEUTRAL', 'NEUTRAL', 'SET', 'CLEAR', 'OPENING', 'BANCO_OFF')",9,7,9,77.778,ATTACK_STRONG,22.222,1.889159,6.6138
"('TANK', 'TANK', 'VOLATILE', 'DANGER', 'CRIT', 'FIELD_SHARED', 'FASTER', 'MEC_USED', 'CLEAN', 'CLEAN', 'NEUTRAL', 'NEUTRAL', 'CLEAR', 'CLEAR', 'OPENING', 'BANCO_OFF')",9,1,7,14.286,ATTACK_STRONG,100.000,-0.000000,1.0000
"('TANK', 'TANK', 'OFFENSIVE_ADV', 'SAFE', 'DANGER', 'NORMAL', 'FASTER', 'MEC_USED', 'CLEAN', 'CLEAN', 'NEUTRAL', 'NEUTRAL', 'SET', 'CLEAR', 'BRAWL', 'BANCO_OFF')",9,2,8,25.000,ATTACK_PREDICTIVE,77.778,0.529706,1.6984
"('TANK', 'TANK', 'NEUTRAL', 'FULL', 'SAFE', 'NORMAL', 'SLOWER', 'MEC_USED', 'CLEAN', 'CLEAN', 'NEUTRAL', 'NEUTRAL', 'SET', 'CLEAR', 'OPENING', 'BANCO_AMBOS')",9,8,13,61.538,ATTACK_PREDICTIVE,22.222,2.043192,7.7152
"('SWEEPER', 'TANK', 'NEUTRAL', 'SAFE', 'SAFE', 'NORMAL', 'FASTER', 'MEC_USED', 'CLEAN', 'CLEAN', 'NEUTRAL', 'NEUTRAL', 'SET', 'CLEAR', 'OPENING', 'BANCO_OFF')",9,6,9,66.667,CLEAN_HAZARD,44.444,1.581094,4.8603
"('TANK', 'TANK', 'OFFENSIVE_DIS', 'FULL', 'FULL', 'NORMAL', 'FASTER', 'MEC_USED', 'AFFLICTED', 'CLEAN', 'NEUTRAL', 'NEUTRAL', 'SET', 'SET', 'CLUTCH', 'BANCO_VAZIO')",9,4,6,66.667,ATTACK_TECH,44.444,1.273028,3.5717
"('TANK', 'TANK', 'DEFENSIVE_ADV', 'FULL', 'FULL', 'NORMAL', 'SLOWER', 'MEC_USED', 'CLEAN', 'CLEAN', 'NEUTRAL', 'NEUTRAL', 'CLEAR', 'CLEAR', 'BRAWL', 'BANCO_OFF')",9,6,9,66.667,ATTACK_PREDICTIVE,44.444,1.581094,4.8603
"('UTILITY', 'SWEEPER', 'OFFENSIVE_ADV', 'FULL', 'FULL', 'NORMAL', 'FASTER', 'MEC_USED', 'CLEAN', 'CLEAN', 'NEUTRAL', 'NEUTRAL', 'CLEAR', 'CLEAR', 'OPENING', 'BANCO_OFF')",9,5,7,71.429,ATTACK_STRONG,33.333,1.464816,4.3267
"('UTILITY', 'UTILITY', 'NEUTRAL', 'FULL', 'FULL', 'FIELD_THEIRS', 'SLOWER', 'MEC_USED', 'CLEAN', 'CLEAN', 'NEUTRAL', 'DEBUFF', 'SET', 'SET', 'CLUTCH', 'BANCO_VAZIO')",9,1,1,100.000,HAZARD,100.000,-0.000000,1.0000
"('TANK', 'TANK', 'OFFENSIVE_ADV', 'FULL', 'SAFE', 'FIELD_OURS_OFF', 'FASTER', 'MEC_USED', 'CLEAN', 'CLEAN', 'NEUTRAL', 'NEUTRAL', 'SET', 'CLEAR', 'OPENING', 'BANCO_OFF')",9,4,9,44.444,ATTACK_TECH,44.444,1.214890,3.3699
"('TANK', 'TANK', 'NEUTRAL', 'SAFE', 'DANGER', 'NORMAL', 'FASTER', 'MEC_USED', 'AFFLICTED', 'CLEAN', 'NEUTRAL', 'NEUTRAL', 'CLEAR', 'SET', 'CLUTCH', 'BANCO_VAZIO')",9,3,7,42.857,HEAL,77.778,0.683739,1.9813
"('TANK', 'SWEEPER', 'OFFENSIVE_ADV', 'SAFE', 'DANGER', 'NORMAL', 'SLOWER', 'MEC_USED', 'CLEAN', 'CLEAN', 'NEUTRAL', 'NEUTRAL', 'CLEAR', 'CLEAR', 'OPENING', 'BANCO_OFF')",9,6,8,75.000,ATTACK_PREDICTIVE,33.333,1.676988,5.3494
"('TANK', 'TANK', 'VOLATILE', 'FULL', 'SAFE', 'FIELD_SHARED', 'FASTER', 'MEC_USED', 'CLEAN', 'CLEAN', 'NEUTRAL', 'NEUTRAL', 'CLEAR', 'CLEAR', 'OPENING', 'BANCO_OFF')",9,7,9,77.778,SWITCH_DEFENSIVE,33.333,1.831020,6.2403
"('TANK', 'TANK', 'OFFENSIVE_ADV', 'DANGER', 'SAFE', 'NORMAL', 'SLOWER', 'MEC_USED', 'CLEAN', 'CLEAN', 'NEUTRAL', 'NEUTRAL', 'SET', 'CLEAR', 'OPENING', 'BANCO_OFF')",9,7,12,58.333,ATTACK_TECH,22.222,1.889159,6.6138
"('TANK', 'TANK', 'DEFENSIVE_DIS', 'SAFE', 'SAFE', 'FIELD_SHARED', 'SLOWER', 'MEC_USED', 'CLEAN', 'CLEAN', 'NEUTRAL', 'NEUTRAL', 'CLEAR', 'CLEAR', 'OPENING', 'BANCO_OFF')",9,5,9,55.556,ATTACK_TECH,33.333,1.522955,4.5858
"('TANK', 'TANK', 'DOMINANT', 'SAFE', 'FULL', 'FIELD_THEIRS', 'FASTER', 'MEC_AVAIL', 'CLEAN', 'CLEAN', 'NEUTRAL', 'NEUTRAL', 'CLEAR', 'CLEAR', 'OPENING', 'BANCO_OFF')",9,4,12,33.333,ATTACK_PREDICTIVE,44.444,1.214890,3.3699
"('TANK', 'SWEEPER', 'OFFENSIVE_ADV', 'FULL', 'SAFE', 'NORMAL', 'SLOWER', 'MEC_USED', 'CLEAN', 'CLEAN', 'NEUTRAL', 'NEUTRAL', 'CLEAR', 'SET', 'OPENING', 'BANCO_OFF')",9,6,12,50.000,SWITCH_DEFENSIVE,33.333,1.676988,5.3494
"('UTILITY', 'SWEEPER', 'NEUTRAL', 'FULL', 'FULL', 'NORMAL', 'FASTER', 'MEC_USED', 'CLEAN', 'CLEAN', 'NEUTRAL', 'NEUTRAL', 'CLEAR', 'CLEAR', 'OPENING', 'BANCO_OFF')",9,5,8,62.500,ATTACK_TECH,22.222,1.581094,4.8603
"('TANK', 'TANK', 'NEUTRAL', 'FULL', 'CRIT', 'NORMAL', 'SLOWER', 'MEC_USED', 'CLEAN', 'CLEAN', 'NEUTRAL', 'NEUTRAL', 'CLEAR', 'CLEAR', 'RECOVERING', 'BANCO_VAZIO')",9,4,10,40.000,STATUS,66.667,1.002718,2.7257
"('TANK', 'TANK', 'OFFENSIVE_DIS', 'DANGER', 'FULL', 'NORMAL', 'FASTER', 'MEC_USED', 'CLEAN', 'CLEAN', 'NEUTRAL', 'NEUTRAL', 'SET', 'CLEAR', 'OPENING', 'BANCO_OFF')",9,7,12,58.333,STAT_CLEAN,22.222,1.889159,6.6138
"('TANK', 'TANK', 'NEUTRAL', 'SAFE', 'SAFE', 'NORMAL', 'FASTER', 'MEC_AVAIL', 'CLEAN', 'CLEAN', 'NEUTRAL', 'NEUTRAL', 'CLEAR', 'SET', 'OPENING', 'BANCO_AMBOS')",9,5,12,41.667,ATTACK_STRONG_MEC,33.333,1.464816,4.3267
"('TANK', 'TANK', 'CRITICAL_DIS', 'SAFE', 'FULL', 'NORMAL', 'SLOWER', 'MEC_USED', 'CLEAN', 'CLEAN', 'NEUTRAL', 'NEUTRAL', 'SET', 'CLEAR', 'OPENING', 'BANCO_OFF')",9,5,12,41.667,SWITCH_OFFENSIVE,33.333,1.522955,4.5858
"('TANK', 'TANK', 'DEFENSIVE_DIS', 'FULL', 'SAFE', 'NORMAL', 'FASTER', 'MEC_AVAIL', 'CLEAN', 'CLEAN', 'NEUTRAL', 'NEUTRAL', 'CLEAR', 'CLEAR', 'OPENING', 'BANCO_OFF')",9,3,10,30.000,ATTACK_PREDICTIVE_MEC,44.444,1.060857,2.8888
"('TANK', 'TANK', 'OFFENSIVE_ADV', 'FULL', 'FULL', 'NORMAL', 'SLOWER', 'MEC_USED', 'CLEAN', 'CLEAN', 'NEUTRAL', 'NEUTRAL', 'CLEAR', 'CLEAR', 'RECOVERING', 'BANCO_OFF')",9,8,12,66.667,ATTACK_STRONG,22.222,2.043192,7.7152
"('SWEEPER', 'TANK', 'OFFENSIVE_ADV', 'FULL', 'FULL', 'NORMAL', 'FASTER', 'MEC_USED', 'CLEAN', 'CLEAN', 'NEUTRAL', 'DEBUFF', 'CLEAR', 'CLEAR', 'BRAWL', 'BANCO_OFF')",9,3,7,42.857,ATTACK_PIVOT,77.778,0.683739,1.9813
"('TANK', 'TANK', 'OFFENSIVE_ADV', 'FULL', 'FULL', 'NORMAL', 'SLOWER', 'MEC_USED', 'CLEAN', 'CLEAN', 'NEUTRAL', 'NEUTRAL', 'CLEAR', 'SET', 'RECOVERING', 'BANCO_VAZIO')",9,5,8,62.500,ATTACK_STRONG,33.333,1.522955,4.5858
"('TANK', 'SWEEPER', 'DOMINANT', 'FULL', 'FULL', 'NORMAL', 'SLOWER', 'MEC_USED', 'CLEAN', 'CLEAN', 'NEUTRAL', 'NEUTRAL', 'CLEAR', 'CLEAR', 'OPENING', 'BANCO_VAZIO')",9,5,8,62.500,ATTACK_PREDICTIVE,33.333,1.464816,4.3267
"('TANK', 'SWEEPER', 'OFFENSIVE_ADV', 'FULL', 'DANGER', 'NORMAL', 'SLOWER', 'MEC_USED', 'CLEAN', 'CLEAN', 'NEUTRAL', 'NEUTRAL', 'CLEAR', 'CLEAR', 'OPENING', 'BANCO_OFF')",9,7,12,58.333,ATTACK_STRONG,22.222,1.889159,6.6138
"('TANK', 'TANK', 'DEFENSIVE_ADV', 'FULL', 'FULL', 'FIELD_OURS_OFF', 'FASTER', 'MEC_USED', 'CLEAN', 'CLEAN', 'NEUTRAL', 'NEUTRAL', 'CLEAR', 'CLEAR', 'OPENING', 'BANCO_AMBOS')",9,2,6,33.333,ATTACK_PREDICTIVE,88.889,0.348832,1.4174
"('TANK', 'TANK', 'CRITICAL_DIS', 'DANGER', 'SAFE', 'NORMAL', 'SLOWER', 'MEC_USED', 'CLEAN', 'CLEAN', 'NEUTRAL', 'NEUTRAL', 'CLEAR', 'SET', 'RECOVERING', 'BANCO_VAZIO')",9,5,7,71.429,PROTECT,44.444,1.427061,4.1664
"('TANK', 'TANK', 'NEUTRAL', 'DANGER', 'SAFE', 'FIELD_SHARED', 'SLOWER', 'MEC_USED', 'CLEAN', 'CLEAN', 'NEUTRAL', 'NEUTRAL', 'CLEAR', 'CLEAR', 'OPENING', 'BANCO_OFF')",9,6,10,60.000,ATTACK_STRONG,44.444,1.581094,4.8603
"('TANK', 'TANK', 'CRITICAL_DIS', 'FULL', 'SAFE', 'NORMAL', 'FASTER', 'MEC_USED', 'AFFLICTED', 'AFFLICTED', 'NEUTRAL', 'DEBUFF', 'SET', 'SET', 'CLUTCH', 'BANCO_VAZIO')",9,3,4,75.000,ATTACK_STRONG,55.556,0.995027,2.7048
"('TANK', 'UTILITY', 'NEUTRAL', 'SAFE', 'SAFE', 'FIELD_SHARED', 'SLOWER', 'MEC_USED', 'CLEAN', 'CLEAN', 'NEUTRAL', 'NEUTRAL', 'CLEAR', 'CLEAR', 'OPENING', 'BANCO_OFF')",9,7,11,63.636,ATTACK_PREDICTIVE,22.222,1.889159,6.6138
"('TANK', 'TANK', 'OFFENSIVE_DIS', 'SAFE', 'FULL', 'NORMAL', 'FASTER', 'MEC_USED', 'CLEAN', 'CLEAN', 'NEUTRAL', 'NEUTRAL', 'SET', 'SET', 'CLUTCH', 'BANCO_VAZIO')",9,5,8,62.500,ATTACK_TECH,33.333,1.522955,4.5858
"('TANK', 'TANK', 'NEUTRAL', 'DANGER', 'SAFE', 'NORMAL', 'FASTER', 'MEC_USED', 'CLEAN', 'CLEAN', 'NEUTRAL', 'NEUTRAL', 'SET', 'SET', 'RECOVERING', 'BANCO_VAZIO')",9,7,11,63.636,ATTACK_PIVOT,22.222,1.889159,6.6138
"('TANK', 'TANK', 'NEUTRAL', 'SAFE', 'DANGER', 'NORMAL', 'FASTER', 'MEC_USED', 'CLEAN', 'CLEAN', 'NEUTRAL', 'NEUTRAL', 'SET', 'SET', 'BRAWL', 'BANCO_VAZIO')",9,5,10,50.000,HEAL,44.444,1.427061,4.1664
"('TANK', 'TANK', 'STALEMATE', 'FULL', 'FULL', 'NORMAL', 'SLOWER', 'MEC_USED', 'CLEAN', 'AFFLICTED', 'NEUTRAL', 'DEBUFF', 'CLEAR', 'CLEAR', 'CLUTCH', 'BANCO_VAZIO')",9,3,3,100.000,SWITCH_DEFENSIVE,55.556,0.936888,2.5520
"('TANK', 'TANK', 'NEUTRAL', 'DANGER', 'FULL', 'NORMAL', 'FASTER', 'MEC_USED', 'CLEAN', 'CLEAN', 'NEUTRAL', 'NEUTRAL', 'SET', 'CLEAR', 'OPENING', 'BANCO_VAZIO')",9,7,9,77.778,ATTACK_TECH,22.222,1.889159,6.6138
"('TANK', 'TANK', 'NEUTRAL', 'FULL', 'FULL', 'NORMAL', 'SLOWER', 'MEC_AVAIL', 'CLEAN', 'AFFLICTED', 'NEUTRAL', 'DEBUFF', 'CLEAR', 'CLEAR', 'CLUTCH', 'BANCO_VAZIO')",9,3,4,75.000,HEAL_STATUS,55.556,0.936888,2.5520
"('TANK', 'SWEEPER', 'OFFENSIVE_DIS', 'SAFE', 'SAFE', 'NORMAL', 'SLOWER', 'MEC_USED', 'CLEAN', 'CLEAN', 'NEUTRAL', 'NEUTRAL', 'CLEAR', 'CLEAR', 'RECOVERING', 'BANCO_VAZIO')",9,3,8,37.500,PROTECT,55.556,0.995027,2.7048
"('TANK', 'TANK', 'DEFENSIVE_DIS', 'CRIT', 'SAFE', 'NORMAL', 'SLOWER', 'MEC_USED', 'CLEAN', 'CLEAN', 'NEUTRAL', 'NEUTRAL', 'CLEAR', 'CLEAR', 'OPENING', 'BANCO_OFF')",9,6,10,60.000,STAT_CLEAN,22.222,1.735126,5.6696
"('TANK', 'TANK', 'STALEMATE', 'SAFE', 'SAFE', 'NORMAL', 'SLOWER', 'MEC_USED', 'CLEAN', 'CLEAN', 'NEUTRAL', 'NEUTRAL', 'SET', 'CLEAR', 'OPENING', 'BANCO_OFF')",9,7,12,58.333,HAZARD,22.222,1.889159,6.6138
"('TANK', 'TANK', 'STALEMATE', 'SAFE', 'FULL', 'NORMAL', 'SLOWER', 'MEC_USED', 'CLEAN', 'CLEAN', 'NEUTRAL', 'NEUTRAL', 'CLEAR', 'CLEAR', 'OPENING', 'BANCO_AMBOS')",9,4,9,44.444,ATTACK_PIVOT,44.444,1.214890,3.3699
"('TANK', 'TANK', 'NEUTRAL', 'FULL', 'SAFE', 'NORMAL', 'FASTER', 'MEC_AVAIL', 'CLEAN', 'CLEAN', 'NEUTRAL', 'NEUTRAL', 'CLEAR', 'SET', 'RECOVERING', 'BANCO_VAZIO')",9,2,10,20.000,ATTACK_PREDICTIVE_MEC,55.556,0.686962,1.9877
"('TANK', 'TANK', 'OFFENSIVE_ADV', 'SAFE', 'FULL', 'FIELD_THEIRS', 'FASTER', 'MEC_USED', 'CLEAN', 'CLEAN', 'NEUTRAL', 'NEUTRAL', 'CLEAR', 'CLEAR', 'OPENING', 'BANCO_AMBOS')",9,5,9,55.556,SWITCH_DEFENSIVE,44.444,1.427061,4.1664
"('UTILITY', 'TANK', 'OFFENSIVE_ADV', 'FULL', 'FULL', 'NORMAL', 'FASTER', 'MEC_AVAIL', 'CLEAN', 'CLEAN', 'NEUTRAL', 'NEUTRAL', 'CLEAR', 'CLEAR', 'OPENING', 'BANCO_OFF')",9,2,11,18.182,ATTACK_PREDICTIVE,88.889,0.348832,1.4174
"('TANK', 'TANK', 'OFFENSIVE_ADV', 'DANGER', 'FULL', 'NORMAL', 'SLOWER', 'MEC_USED', 'CLEAN', 'CLEAN', 'NEUTRAL', 'NEUTRAL', 'CLEAR', 'CLEAR', 'RECOVERING', 'BANCO_VAZIO')",9,4,8,50.000,HEAL,33.333,1.368922,3.9311
"('SWEEPER', 'TANK', 'OFFENSIVE_ADV', 'SAFE', 'FULL', 'NORMAL', 'FASTER', 'MEC_USED', 'CLEAN', 'CLEAN', 'NEUTRAL', 'NEUTRAL', 'SET', 'CLEAR', 'OPENING', 'BANCO_AMBOS')",9,6,9,66.667,ATTACK_STRONG,33.333,1.676988,5.3494
"('TANK', 'TANK', 'DEFENSIVE_DIS', 'SAFE', 'FULL', 'NORMAL', 'SLOWER', 'MEC_USED', 'CLEAN', 'CLEAN', 'NEUTRAL', 'NEUTRAL', 'SET', 'CLEAR', 'RECOVERING', 'BANCO_VAZIO')",9,6,12,50.000,ATTACK_PIVOT,33.333,1.676988,5.3494
"('TANK', 'TANK', 'NEUTRAL', 'SAFE', 'DANGER', 'FIELD_SHARED', 'SLOWER', 'MEC_USED', 'CLEAN', 'CLEAN', 'NEUTRAL', 'NEUTRAL', 'CLEAR', 'CLEAR', 'OPENING', 'BANCO_OFF')",9,3,10,30.000,ATTACK_STRONG,44.444,0.964963,2.6247
"('TANK', 'TANK', 'DEFENSIVE_DIS', 'FULL', 'DANGER', 'NORMAL', 'SLOWER', 'MEC_USED', 'CLEAN', 'CLEAN', 'NEUTRAL', 'NEUTRAL', 'CLEAR', 'SET', 'RECOVERING', 'BANCO_VAZIO')",9,5,10,50.000,ATTACK_PREDICTIVE,55.556,1.303092,3.6807
"('TANK', 'TANK', 'DEFENSIVE_DIS', 'SAFE', 'SAFE', 'NORMAL', 'SLOWER', 'MEC_USED', 'CLEAN', 'CLEAN', 'NEUTRAL', 'NEUTRAL', 'SET', 'SET', 'CLUTCH', 'BANCO_VAZIO')",9,4,12,33.333,HEAL,66.667,1.002718,2.7257
"('UTILITY', 'UTILITY', 'OFFENSIVE_ADV', 'FULL', 'FULL', 'NORMAL', 'FASTER', 'MEC_USED', 'CLEAN', 'CLEAN', 'NEUTRAL', 'NEUTRAL', 'CLEAR', 'CLEAR', 'OPENING', 'BANCO_AMBOS')",9,4,6,66.667,ATTACK_PIVOT,33.333,1.310784,3.7091
"('TANK', 'TANK', 'OFFENSIVE_ADV', 'FULL', 'FULL', 'NORMAL', 'FASTER', 'MEC_USED', 'CLEAN', 'CLEAN', 'NEUTRAL', 'NEUTRAL', 'CLEAR', 'SET', 'BRAWL', 'BANCO_OFF')",9,4,9,44.444,ATTACK_PREDICTIVE,66.667,1.002718,2.7257
"('TANK', 'TANK', 'DEFENSIVE_DIS', 'DANGER', 'SAFE', 'NORMAL', 'SLOWER', 'MEC_USED', 'CLEAN', 'CLEAN', 'NEUTRAL', 'NEUTRAL', 'SET', 'SET', 'RECOVERING', 'BANCO_VAZIO')",9,7,11,63.636,ATTACK_PREDICTIVE,22.222,1.889159,6.6138
"('SWEEPER', 'UTILITY', 'OFFENSIVE_ADV', 'FULL', 'FULL', 'NORMAL', 'FASTER', 'MEC_AVAIL', 'CLEAN', 'CLEAN', 'NEUTRAL', 'NEUTRAL', 'CLEAR', 'CLEAR', 'OPENING', 'BANCO_OFF')",9,4,10,40.000,ATTACK_PIVOT_MEC,55.556,1.149060,3.1552
"('TANK', 'TANK', 'NEUTRAL', 'FULL', 'FULL', 'NORMAL', 'FASTER', 'MEC_USED', 'CLEAN', 'CLEAN', 'NEUTRAL', 'NEUTRAL', 'CLEAR', 'CLEAR', 'BRAWL', 'BANCO_AMBOS')",9,3,11,27.273,ATTACK_STRONG,77.778,0.683739,1.9813
"('UTILITY', 'TANK', 'DEFENSIVE_DIS', 'SAFE', 'FULL', 'FIELD_OURS_OFF', 'FASTER', 'MEC_USED', 'CLEAN', 'CLEAN', 'NEUTRAL', 'NEUTRAL', 'CLEAR', 'CLEAR', 'OPENING', 'BANCO_AMBOS')",9,3,9,33.333,SWITCH_OFFENSIVE,77.778,0.683739,1.9813
"('SWEEPER', 'TANK', 'OFFENSIVE_ADV', 'SAFE', 'FULL', 'FIELD_OURS_OFF', 'FASTER', 'MEC_AVAIL', 'CLEAN', 'CLEAN', 'NEUTRAL', 'NEUTRAL', 'CLEAR', 'CLEAR', 'OPENING', 'BANCO_OFF')",9,5,8,62.500,ATTACK_PIVOT,33.333,1.522955,4.5858
"('TANK', 'TANK', 'VOLATILE', 'SAFE', 'FULL', 'FIELD_THEIRS', 'SLOWER', 'MEC_USED', 'CLEAN', 'CLEAN', 'NEUTRAL', 'NEUTRAL', 'CLEAR', 'CLEAR', 'OPENING', 'BANCO_AMBOS')",9,2,8,25.000,SWITCH_DEFENSIVE,88.889,0.348832,1.4174
"('TANK', 'TANK', 'NEUTRAL', 'FULL', 'SAFE', 'NORMAL', 'FASTER', 'MEC_AVAIL', 'CLEAN', 'CLEAN', 'NEUTRAL', 'NEUTRAL', 'CLEAR', 'CLEAR', 'OPENING', 'BANCO_VAZIO')",9,6,14,42.857,ATTACK_STRONG_MEC,33.333,1.676988,5.3494
"('TANK', 'TANK', 'OFFENSIVE_ADV', 'SAFE', 'DANGER', 'NORMAL', 'SLOWER', 'MEC_USED', 'CLEAN', 'CLEAN', 'NEUTRAL', 'NEUTRAL', 'SET', 'SET', 'OPENING', 'BANCO_OFF')",9,5,10,50.000,ATTACK_PIVOT,33.333,1.522955,4.5858
"('TANK', 'TANK', 'DEFENSIVE_DIS', 'DANGER', 'FULL', 'NORMAL', 'SLOWER', 'MEC_USED', 'CLEAN', 'CLEAN', 'NEUTRAL', 'NEUTRAL', 'CLEAR', 'CLEAR', 'OPENING', 'BANCO_AMBOS')",9,4,11,36.364,ATTACK_PREDICTIVE,66.667,1.002718,2.7257
"('TANK', 'TANK', 'NEUTRAL', 'SAFE', 'FULL', 'FIELD_THEIRS', 'SLOWER', 'MEC_USED', 'CLEAN', 'CLEAN', 'NEUTRAL', 'NEUTRAL', 'CLEAR', 'SET', 'OPENING', 'BANCO_OFF')",9,4,9,44.444,HEAL,44.444,1.214890,3.3699
"('TANK', 'TANK', 'DEFENSIVE_DIS', 'SAFE', 'FULL', 'NORMAL', 'SLOWER', 'MEC_AVAIL', 'CLEAN', 'CLEAN', 'NEUTRAL', 'NEUTRAL', 'CLEAR', 'CLEAR', 'OPENING', 'BANCO_OFF')",9,4,16,25.000,ATTACK_PIVOT_MEC,44.444,1.214890,3.3699
"('SWEEPER', 'TANK', 'OFFENSIVE_ADV', 'SAFE', 'DANGER', 'NORMAL', 'FASTER', 'MEC_USED', 'CLEAN', 'CLEAN', 'NEUTRAL', 'NEUTRAL', 'CLEAR', 'CLEAR', 'OPENING', 'BANCO_OFF')",9,6,8,75.000,ATTACK_TECH,33.333,1.676988,5.3494
"('TANK', 'TANK', 'NEUTRAL', 'SAFE', 'CRIT', 'NORMAL', 'FASTER', 'MEC_USED', 'AFFLICTED', 'CLEAN', 'NEUTRAL', 'NEUTRAL', 'CLEAR', 'SET', 'RECOVERING', 'BANCO_VAZIO')",9,2,8,25.000,ATTACK_STRONG,77.778,0.529706,1.6984
"('TANK', 'TANK', 'NEUTRAL', 'SAFE', 'FULL', 'NORMAL', 'SLOWER', 'MEC_USED', 'AFFLICTED', 'CLEAN', 'DEBUFF', 'NEUTRAL', 'CLEAR', 'CLEAR', 'OPENING', 'BANCO_OFF')",9,3,11,27.273,HEAL,77.778,0.683739,1.9813
"('TANK', 'UTILITY', 'VOLATILE', 'SAFE', 'FULL', 'NORMAL', 'SLOWER', 'MEC_USED', 'CLEAN', 'CLEAN', 'NEUTRAL', 'NEUTRAL', 'CLEAR', 'CLEAR', 'OPENING', 'BANCO_OFF')",9,1,6,16.667,SWITCH_DEFENSIVE,100.000,-0.000000,1.0000
"('TANK', 'TANK', 'VOLATILE', 'SAFE', 'FULL', 'FIELD_OURS_DEF', 'SLOWER', 'MEC_USED', 'CLEAN', 'CLEAN', 'NEUTRAL', 'NEUTRAL', 'CLEAR', 'CLEAR', 'OPENING', 'BANCO_OFF')",9,2,5,40.000,ATTACK_STRONG,88.889,0.348832,1.4174
"('TANK', 'SWEEPER', 'NEUTRAL', 'FULL', 'FULL', 'NORMAL', 'SLOWER', 'MEC_USED', 'CLEAN', 'CLEAN', 'NEUTRAL', 'NEUTRAL', 'CLEAR', 'SET', 'OPENING', 'BANCO_OFF')",9,2,9,22.222,ATTACK_STRONG,88.889,0.348832,1.4174
"('UTILITY', 'TANK', 'OFFENSIVE_ADV', 'FULL', 'FULL', 'FIELD_OURS_OFF', 'FASTER', 'MEC_USED', 'CLEAN', 'CLEAN', 'NEUTRAL', 'NEUTRAL', 'CLEAR', 'CLEAR', 'OPENING', 'BANCO_AMBOS')",9,1,7,14.286,ATTACK_STRONG,100.000,-0.000000,1.0000
"('TANK', 'TANK', 'NEUTRAL', 'FULL', 'FULL', 'NORMAL', 'FASTER', 'MEC_USED', 'AFFLICTED', 'CLEAN', 'NEUTRAL', 'NEUTRAL', 'CLEAR', 'SET', 'CLUTCH', 'BANCO_VAZIO')",9,2,5,40.000,STATUS,66.667,0.636514,1.8899
"('TANK', 'TANK', 'OFFENSIVE_DIS', 'FULL', 'FULL', 'NORMAL', 'FASTER', 'MEC_USED', 'CLEAN', 'AFFLICTED', 'NEUTRAL', 'DEBUFF', 'SET', 'SET', 'RECOVERING', 'BANCO_VAZIO')",9,4,7,57.143,ATTACK_TECH,33.333,1.310784,3.7091
"('TANK', 'TANK', 'VOLATILE', 'SAFE', 'FULL', 'NORMAL', 'FASTER', 'MEC_USED', 'CLEAN', 'CLEAN', 'BUFFED', 'NEUTRAL', 'CLEAR', 'CLEAR', 'OPENING', 'BANCO_OFF')",9,3,8,37.500,ATTACK_STRONG,77.778,0.683739,1.9813
"('TANK', 'TANK', 'VOLATILE', 'SAFE', 'FULL', 'FIELD_OURS_DEF', 'FASTER', 'MEC_USED', 'CLEAN', 'CLEAN', 'NEUTRAL', 'NEUTRAL', 'CLEAR', 'CLEAR', 'OPENING', 'BANCO_OFF')",9,5,7,71.429,ATTACK_PREDICTIVE,44.444,1.427061,4.1664
"('TANK', 'UTILITY', 'OFFENSIVE_DIS', 'FULL', 'FULL', 'FIELD_THEIRS', 'SLOWER', 'MEC_USED', 'CLEAN', 'CLEAN', 'NEUTRAL', 'NEUTRAL', 'CLEAR', 'CLEAR', 'OPENING', 'BANCO_OFF')",9,6,10,60.000,ATTACK_STRONG,22.222,1.735126,5.6696
"('TANK', 'TANK', 'OFFENSIVE_ADV', 'DANGER', 'CRIT', 'NORMAL', 'FASTER', 'MEC_USED', 'CLEAN', 'CLEAN', 'NEUTRAL', 'NEUTRAL', 'CLEAR', 'CLEAR', 'OPENING', 'BANCO_OFF')",9,6,9,66.667,ATTACK_PREDICTIVE,33.333,1.676988,5.3494
"('TANK', 'TANK', 'NEUTRAL', 'FULL', 'FULL', 'FIELD_THEIRS', 'SLOWER', 'MEC_USED', 'CLEAN', 'CLEAN', 'NEUTRAL', 'NEUTRAL', 'SET', 'CLEAR', 'OPENING', 'BANCO_OFF')",9,5,10,50.000,ATTACK_STRONG,44.444,1.427061,4.1664
"('TANK', 'TANK', 'OFFENSIVE_DIS', 'FULL', 'CRIT', 'NORMAL', 'FASTER', 'MEC_USED', 'CLEAN', 'CLEAN', 'NEUTRAL', 'NEUTRAL', 'CLEAR', 'CLEAR', 'OPENING', 'BANCO_OFF')",9,4,10,40.000,ATTACK_STRONG,55.556,1.149060,3.1552
"('TANK', 'TANK', 'CRITICAL_DIS', 'FULL', 'DANGER', 'NORMAL', 'SLOWER', 'MEC_USED', 'CLEAN', 'CLEAN', 'NEUTRAL', 'NEUTRAL', 'CLEAR', 'SET', 'RECOVERING', 'BANCO_VAZIO')",9,4,8,50.000,PROTECT,44.444,1.214890,3.3699
"('TANK', 'TANK', 'NEUTRAL', 'FULL', 'FULL', 'NORMAL', 'SLOWER', 'MEC_USED', 'AFFLICTED', 'AFFLICTED', 'NEUTRAL', 'DEBUFF', 'CLEAR', 'CLEAR', 'CLUTCH', 'BANCO_VAZIO')",9,3,9,33.333,HEAL,66.667,0.848686,2.3366
"('SWEEPER', 'UTILITY', 'DEFENSIVE_DIS', 'FULL', 'FULL', 'NORMAL', 'SLOWER', 'MEC_USED', 'CLEAN', 'CLEAN', 'NEUTRAL', 'NEUTRAL', 'CLEAR', 'CLEAR', 'OPENING', 'BANCO_AMBOS')",9,3,5,60.000,SWITCH_DEFENSIVE,66.667,0.848686,2.3366
"('UTILITY', 'TANK', 'OFFENSIVE_ADV', 'FULL', 'FULL', 'NORMAL', 'FASTER', 'MEC_USED', 'CLEAN', 'CLEAN', 'NEUTRAL', 'NEUTRAL', 'SET', 'CLEAR', 'OPENING', 'BANCO_OFF')",9,4,9,44.444,ATTACK_PREDICTIVE,33.333,1.310784,3.7091
"('TANK', 'UTILITY', 'CRITICAL_DIS', 'SAFE', 'FULL', 'NORMAL', 'SLOWER', 'MEC_USED', 'CLEAN', 'CLEAN', 'NEUTRAL', 'NEUTRAL', 'CLEAR', 'CLEAR', 'OPENING', 'BANCO_OFF')",9,6,10,60.000,ATTACK_TECH,33.333,1.676988,5.3494
"('TANK', 'TANK', 'STALEMATE', 'SAFE', 'SAFE', 'NORMAL', 'SLOWER', 'MEC_USED', 'CLEAN', 'CLEAN', 'NEUTRAL', 'NEUTRAL', 'CLEAR', 'CLEAR', 'OPENING', 'BANCO_OFF')",9,3,7,42.857,HEAL,77.778,0.683739,1.9813
"('TANK', 'SWEEPER', 'CRITICAL_DIS', 'FULL', 'FULL', 'NORMAL', 'SLOWER', 'MEC_USED', 'CLEAN', 'CLEAN', 'NEUTRAL', 'NEUTRAL', 'CLEAR', 'CLEAR', 'RECOVERING', 'BANCO_VAZIO')",9,5,6,83.333,ATTACK_TECH,44.444,1.427061,4.1664
"('TANK', 'TANK', 'DOMINANT', 'FULL', 'FULL', 'NORMAL', 'SLOWER', 'MEC_USED', 'CLEAN', 'CLEAN', 'NEUTRAL', 'NEUTRAL', 'CLEAR', 'SET', 'BRAWL', 'BANCO_OFF')",9,2,7,28.571,SWITCH_OFFENSIVE,55.556,0.686962,1.9877
"('TANK', 'TANK', 'OFFENSIVE_ADV', 'SAFE', 'FULL', 'NORMAL', 'FASTER', 'MEC_AVAIL', 'CLEAN', 'CLEAN', 'NEUTRAL', 'NEUTRAL', 'CLEAR', 'SET', 'OPENING', 'BANCO_AMBOS')",9,2,6,33.333,ATTACK_PREDICTIVE,88.889,0.348832,1.4174
"('TANK', 'TANK', 'OFFENSIVE_DIS', 'CRIT', 'SAFE', 'NORMAL', 'SLOWER', 'MEC_USED', 'CLEAN', 'AFFLICTED', 'NEUTRAL', 'DEBUFF', 'SET', 'SET', 'CLUTCH', 'BANCO_VAZIO')",8,5,8,62.500,HAZARD,50.000,1.386294,4.0000
"('TANK', 'TANK', 'VOLATILE', 'FULL', 'FULL', 'NORMAL', 'FASTER', 'MEC_USED', 'CLEAN', 'AFFLICTED', 'NEUTRAL', 'NEUTRAL', 'SET', 'SET', 'RECOVERING', 'BANCO_VAZIO')",8,2,2,100.000,STAT_CLEAN,62.500,0.661563,1.9378
"('TANK', 'TANK', 'DEFENSIVE_ADV', 'FULL', 'FULL', 'NORMAL', 'SLOWER', 'MEC_USED', 'AFFLICTED', 'CLEAN', 'DEBUFF_DEBUFF', 'NEUTRAL', 'CLEAR', 'SET', 'CLUTCH', 'BANCO_VAZIO')",8,1,3,33.333,ATTACK_PREDICTIVE,100.000,-0.000000,1.0000
"('TANK', 'TANK', 'OFFENSIVE_ADV', 'SAFE', 'FULL', 'NORMAL', 'FASTER', 'MEC_USED', 'AFFLICTED', 'CLEAN', 'NEUTRAL', 'NEUTRAL', 'CLEAR', 'CLEAR', 'RECOVERING', 'BANCO_VAZIO')",8,5,7,71.429,ATTACK_PIVOT,37.500,1.494175,4.4557
"('TANK', 'TANK', 'NEUTRAL', 'FULL', 'DANGER', 'NORMAL', 'FASTER', 'MEC_USED', 'CLEAN', 'CLEAN', 'BUFFED', 'DEBUFF', 'CLEAR', 'SET', 'CLUTCH', 'BANCO_VAZIO')",8,3,3,100.000,HAZARD,50.000,1.039721,2.8284
"('TANK', 'TANK', 'OFFENSIVE_ADV', 'DANGER', 'SAFE', 'NORMAL', 'FASTER', 'MEC_USED', 'AFFLICTED', 'CLEAN', 'NEUTRAL', 'NEUTRAL', 'SET', 'SET', 'CLUTCH', 'BANCO_VAZIO')",8,2,6,33.333,ATTACK_PIVOT,87.500,0.376770,1.4576
"('TANK', 'TANK', 'OFFENSIVE_ADV', 'SAFE', 'DANGER', 'NORMAL', 'FASTER', 'MEC_USED', 'AFFLICTED', 'CLEAN', 'NEUTRAL', 'NEUTRAL', 'SET', 'SET', 'RECOVERING', 'BANCO_VAZIO')",8,2,7,28.571,ATTACK_PREDICTIVE,75.000,0.562335,1.7548
"('TANK', 'TANK', 'NEUTRAL', 'FULL', 'SAFE', 'NORMAL', 'SLOWER', 'MEC_USED', 'CLEAN', 'CLEAN', 'NEUTRAL', 'NEUTRAL', 'SET', 'CLEAR', 'BRAWL', 'BANCO_OFF')",8,2,11,18.182,SWITCH_DEFENSIVE,62.500,0.661563,1.9378
"('TANK', 'TANK', 'NEUTRAL', 'DANGER', 'SAFE', 'NORMAL', 'FASTER', 'MEC_AVAIL', 'CLEAN', 'CLEAN', 'NEUTRAL', 'NEUTRAL', 'SET', 'SET', 'CLUTCH', 'BANCO_VAZIO')",8,4,10,40.000,ATTACK_STRONG_MEC,62.500,1.073543,2.9257
"('TANK', 'SWEEPER', 'NEUTRAL', 'SAFE', 'FULL', 'NORMAL', 'SLOWER', 'MEC_USED', 'CLEAN', 'CLEAN', 'NEUTRAL', 'NEUTRAL', 'CLEAR', 'CLEAR', 'RECOVERING', 'BANCO_VAZIO')",8,7,11,63.636,STATUS,25.000,1.906155,6.7272
"('TANK', 'TANK', 'NEUTRAL', 'FULL', 'FULL', 'NORMAL', 'SLOWER', 'MEC_USED', 'AFFLICTED', 'CLEAN', 'DEBUFF', 'NEUTRAL', 'SET', 'SET', 'RECOVERING', 'BANCO_VAZIO')",8,5,6,83.333,STAT_CLEAN,37.500,1.494175,4.4557
"('TANK', 'TANK', 'NEUTRAL', 'FULL', 'SAFE', 'NORMAL', 'SLOWER', 'MEC_USED', 'CLEAN', 'AFFLICTED', 'NEUTRAL', 'DEBUFF', 'CLEAR', 'SET', 'CLUTCH', 'BANCO_VAZIO')",8,3,8,37.500,SWITCH_OFFENSIVE,50.000,0.974315,2.6494
"('TANK', 'TANK', 'NEUTRAL', 'FULL', 'FULL', 'NORMAL', 'SLOWER', 'MEC_USED', 'AFFLICTED', 'CLEAN', 'DEBUFF_DEBUFF', 'BUFFED', 'CLEAR', 'CLEAR', 'RECOVERING', 'BANCO_VAZIO')",8,2,2,100.000,ATTACK_STRONG,62.500,0.661563,1.9378
"('TANK', 'UTILITY', 'OFFENSIVE_DIS', 'DANGER', 'SAFE', 'NORMAL', 'SLOWER', 'MEC_USED', 'CLEAN', 'CLEAN', 'NEUTRAL', 'BUFFED', 'CLEAR', 'SET', 'RECOVERING', 'BANCO_VAZIO')",8,2,4,50.000,ATTACK_TECH,87.500,0.376770,1.4576
"('TANK', 'TANK', 'NEUTRAL', 'FULL', 'FULL', 'FIELD_SHARED', 'FASTER', 'MEC_USED', 'CLEAN', 'CLEAN', 'NEUTRAL', 'NEUTRAL', 'CLEAR', 'SET', 'OPENING', 'BANCO_AMBOS')",8,3,11,27.273,SWITCH_DEFENSIVE,50.000,0.974315,2.6494
"('TANK', 'TANK', 'NEUTRAL', 'SAFE', 'DANGER', 'NORMAL', 'SLOWER', 'MEC_USED', 'CLEAN', 'CLEAN', 'NEUTRAL', 'NEUTRAL', 'SET', 'SET', 'BRAWL', 'BANCO_VAZIO')",8,1,12,8.333,SWITCH_OFFENSIVE,100.000,-0.000000,1.0000
"('TANK', 'TANK', 'NEUTRAL', 'DANGER', 'FULL', 'NORMAL', 'FASTER', 'MEC_USED', 'CLEAN', 'CLEAN', 'NEUTRAL', 'NEUTRAL', 'SET', 'CLEAR', 'CLUTCH', 'BANCO_VAZIO')",8,5,9,55.556,CLEAN_HAZARD,37.500,1.494175,4.4557
"('TANK', 'TANK', 'OFFENSIVE_DIS', 'SAFE', 'SAFE', 'NORMAL', 'FASTER', 'MEC_USED', 'CLEAN', 'CLEAN', 'NEUTRAL', 'NEUTRAL', 'CLEAR', 'SET', 'RECOVERING', 'BANCO_OFF')",8,6,11,54.545,ATTACK_STRONG,25.000,1.732868,5.6569
"('TANK', 'TANK', 'DEFENSIVE_DIS', 'DANGER', 'SAFE', 'NORMAL', 'SLOWER', 'MEC_USED', 'CLEAN', 'CLEAN', 'NEUTRAL', 'NEUTRAL', 'CLEAR', 'CLEAR', 'RECOVERING', 'BANCO_VAZIO')",8,5,9,55.556,ATTACK_STRONG,50.000,1.386294,4.0000
"('TANK', 'TANK', 'VOLATILE', 'DANGER', 'FULL', 'NORMAL', 'SLOWER', 'MEC_USED', 'CLEAN', 'CLEAN', 'NEUTRAL', 'NEUTRAL', 'SET', 'CLEAR', 'OPENING', 'BANCO_OFF')",8,6,11,54.545,ATTACK_PREDICTIVE,25.000,1.732868,5.6569
"('TANK', 'TANK', 'OFFENSIVE_ADV', 'DANGER', 'FULL', 'NORMAL', 'FASTER', 'MEC_USED', 'CLEAN', 'CLEAN', 'NEUTRAL', 'NEUTRAL', 'SET', 'SET', 'BRAWL', 'BANCO_OFF')",8,5,10,50.000,HEAL,37.500,1.494175,4.4557
"('TANK', 'TANK', 'NEUTRAL', 'FULL', 'FULL', 'NORMAL', 'FASTER', 'MEC_USED', 'AFFLICTED', 'CLEAN', 'NEUTRAL', 'NEUTRAL', 'CLEAR', 'CLEAR', 'OPENING', 'BANCO_VAZIO')",8,6,10,60.000,ATTACK_STRONG,25.000,1.732868,5.6569
"('TANK', 'TANK', 'VOLATILE', 'FULL', 'SAFE', 'FIELD_OURS_DEF', 'FASTER', 'MEC_USED', 'CLEAN', 'CLEAN', 'NEUTRAL', 'NEUTRAL', 'CLEAR', 'CLEAR', 'OPENING', 'BANCO_OFF')",8,3,4,75.000,SWITCH_DEFENSIVE,37.500,1.082196,2.9512
"('TANK', 'TANK', 'OFFENSIVE_ADV', 'SAFE', 'SAFE', 'NORMAL', 'SLOWER', 'MEC_USED', 'CLEAN', 'CLEAN', 'NEUTRAL', 'NEUTRAL', 'SET', 'SET', 'RECOVERING', 'BANCO_VAZIO')",8,6,13,46.154,ATTACK_PIVOT,25.000,1.732868,5.6569
"('TANK', 'TANK', 'NEUTRAL', 'FULL', 'FULL', 'NORMAL', 'FASTER', 'MEC_USED', 'CLEAN', 'AFFLICTED', 'NEUTRAL', 'DEBUFF', 'CLEAR', 'SET', 'RECOVERING', 'BANCO_VAZIO')",8,2,3,66.667,STAT_CLEAN,87.500,0.376770,1.4576
"('TANK', 'TANK', 'NEUTRAL', 'FULL', 'FULL', 'NORMAL', 'SLOWER', 'MEC_USED', 'CLEAN', 'CLEAN', 'NEUTRAL', 'NEUTRAL', 'CLEAR', 'CLEAR', 'RECOVERING', 'BANCO_OFF')",8,6,9,66.667,ATTACK_PREDICTIVE,25.000,1.732868,5.6569
"('TANK', 'TANK', 'NEUTRAL', 'SAFE', 'SAFE', 'NORMAL', 'FASTER', 'MEC_AVAIL', 'CLEAN', 'CLEAN', 'NEUTRAL', 'NEUTRAL', 'SET', 'CLEAR', 'OPENING', 'BANCO_OFF')",8,8,16,50.000,ATTACK_STRONG_MEC,12.500,2.079442,8.0000
"('TANK', 'TANK', 'NEUTRAL', 'SAFE', 'FULL', 'NORMAL', 'FASTER', 'MEC_AVAIL', 'CLEAN', 'CLEAN', 'NEUTRAL', 'NEUTRAL', 'CLEAR', 'CLEAR', 'OPENING', 'BANCO_VAZIO')",8,6,14,42.857,HAZARD_MEC,25.000,1.732868,5.6569
"('TANK', 'TANK', 'DEFENSIVE_DIS', 'FULL', 'FULL', 'NORMAL', 'FASTER', 'MEC_USED', 'AFFLICTED', 'CLEAN', 'NEUTRAL', 'NEUTRAL', 'CLEAR', 'CLEAR', 'OPENING', 'BANCO_AMBOS')",8,2,10,20.000,SWITCH_DEFENSIVE,87.500,0.376770,1.4576
"('TANK', 'TANK', 'NEUTRAL', 'SAFE', 'SAFE', 'FIELD_SHARED', 'FASTER', 'MEC_USED', 'CLEAN', 'CLEAN', 'NEUTRAL', 'NEUTRAL', 'SET', 'CLEAR', 'OPENING', 'BANCO_AMBOS')",8,2,10,20.000,ATTACK_STRONG,87.500,0.376770,1.4576
"('SWEEPER', 'SWEEPER', 'DOMINANT', 'FULL', 'FULL', 'NORMAL', 'FASTER', 'MEC_USED', 'CLEAN', 'CLEAN', 'NEUTRAL', 'DEBUFF', 'CLEAR', 'CLEAR', 'OPENING', 'BANCO_DEF')",8,1,5,20.000,ATTACK_STRONG,100.000,-0.000000,1.0000
"('TANK', 'TANK', 'OFFENSIVE_ADV', 'DANGER', 'SAFE', 'NORMAL', 'FASTER', 'MEC_USED', 'CLEAN', 'CLEAN', 'NEUTRAL', 'NEUTRAL', 'SET', 'CLEAR', 'BRAWL', 'BANCO_OFF')",8,6,10,60.000,ATTACK_STRONG,37.500,1.667462,5.2987
"('TANK', 'TANK', 'NEUTRAL', 'SAFE', 'FULL', 'NORMAL', 'FASTER', 'MEC_USED', 'AFFLICTED', 'CLEAN', 'NEUTRAL', 'NEUTRAL', 'CLEAR', 'SET', 'CLUTCH', 'BANCO_VAZIO')",8,4,7,57.143,SWITCH_DEFENSIVE,50.000,1.213008,3.3636
"('TANK', 'TANK', 'NEUTRAL', 'DANGER', 'SAFE', 'NORMAL', 'FASTER', 'MEC_USED', 'CLEAN', 'CLEAN', 'NEUTRAL', 'NEUTRAL', 'SET', 'CLEAR', 'OPENING', 'BANCO_AMBOS')",8,5,10,50.000,BUFF,25.000,1.559581,4.7568
"('SWEEPER', 'TANK', 'NEUTRAL', 'FULL', 'SAFE', 'FIELD_OURS_OFF', 'FASTER', 'MEC_USED', 'CLEAN', 'CLEAN', 'NEUTRAL', 'NEUTRAL', 'CLEAR', 'CLEAR', 'OPENING', 'BANCO_AMBOS')",8,5,6,83.333,ATTACK_PREDICTIVE,25.000,1.559581,4.7568
"('TANK', 'TANK', 'VOLATILE', 'FULL', 'FULL', 'FIELD_THEIRS', 'SLOWER', 'MEC_AVAIL', 'CLEAN', 'CLEAN', 'NEUTRAL', 'NEUTRAL', 'CLEAR', 'CLEAR', 'OPENING', 'BANCO_VAZIO')",8,3,6,50.000,ATTACK_STRONG_MEC,75.000,0.735622,2.0868
"('SWEEPER', 'TANK', 'DEFENSIVE_DIS', 'FULL', 'FULL', 'FIELD_THEIRS', 'FASTER', 'MEC_USED', 'CLEAN', 'CLEAN', 'NEUTRAL', 'DEBUFF', 'CLEAR', 'CLEAR', 'OPENING', 'BANCO_AMBOS')",8,2,6,33.333,SWITCH_DEFENSIVE,75.000,0.562335,1.7548
"('TANK', 'SWEEPER', 'DOMINANT', 'FULL', 'FULL', 'NORMAL', 'FASTER', 'MEC_USED', 'CLEAN', 'CLEAN', 'NEUTRAL', 'NEUTRAL', 'CLEAR', 'CLEAR', 'OPENING', 'BANCO_OFF')",8,6,7,85.714,ATTACK_PIVOT,37.500,1.667462,5.2987
"('TANK', 'TANK', 'DEFENSIVE_DIS', 'DANGER', 'SAFE', 'FIELD_SHARED', 'FASTER', 'MEC_USED', 'CLEAN', 'CLEAN', 'NEUTRAL', 'NEUTRAL', 'CLEAR', 'CLEAR', 'OPENING', 'BANCO_OFF')",8,5,7,71.429,SWITCH_DEFENSIVE,50.000,1.386294,4.0000
"('TANK', 'TANK', 'NEUTRAL', 'FULL', 'SAFE', 'FIELD_SHARED', 'FASTER', 'MEC_AVAIL', 'CLEAN', 'CLEAN', 'NEUTRAL', 'NEUTRAL', 'CLEAR', 'CLEAR', 'OPENING', 'BANCO_AMBOS')",8,5,12,41.667,ATTACK_STRONG,25.000,1.559581,4.7568
"('TANK', 'TANK', 'NEUTRAL', 'SAFE', 'FULL', 'NORMAL', 'FASTER', 'MEC_AVAIL', 'CLEAN', 'CLEAN', 'NEUTRAL', 'NEUTRAL', 'CLEAR', 'SET', 'OPENING', 'BANCO_OFF')",8,4,14,28.571,SWITCH_DEFENSIVE,62.500,1.073543,2.9257
"('TANK', 'TANK', 'NEUTRAL', 'SAFE', 'FULL', 'FIELD_THEIRS', 'SLOWER', 'MEC_USED', 'CLEAN', 'CLEAN', 'NEUTRAL', 'NEUTRAL', 'CLEAR', 'CLEAR', 'OPENING', 'BANCO_AMBOS')",8,6,10,60.000,SWITCH_DEFENSIVE,37.500,1.667462,5.2987
"('TANK', 'TANK', 'NEUTRAL', 'CRIT', 'SAFE', 'NORMAL', 'SLOWER', 'MEC_USED', 'CLEAN', 'CLEAN', 'NEUTRAL', 'NEUTRAL', 'CLEAR', 'SET', 'OPENING', 'BANCO_OFF')",8,5,9,55.556,SWITCH_OFFENSIVE,50.000,1.386294,4.0000
"('TANK', 'UTILITY', 'CRITICAL_DIS', 'FULL', 'FULL', 'NORMAL', 'SLOWER', 'MEC_USED', 'CLEAN', 'CLEAN', 'NEUTRAL', 'NEUTRAL', 'CLEAR', 'CLEAR', 'OPENING', 'BANCO_OFF')",8,6,11,54.545,ATTACK_TECH,37.500,1.667462,5.2987
"('TANK', 'TANK', 'DOMINANT', 'FULL', 'SAFE', 'NORMAL', 'FASTER', 'MEC_USED', 'CLEAN', 'CLEAN', 'NEUTRAL', 'NEUTRAL', 'SET', 'SET', 'OPENING', 'BANCO_AMBOS')",8,4,9,44.444,ATTACK_PIVOT,50.000,1.213008,3.3636
"('TANK', 'SWEEPER', 'DEFENSIVE_DIS', 'SAFE', 'FULL', 'NORMAL', 'SLOWER', 'MEC_USED', 'CLEAN', 'CLEAN', 'NEUTRAL', 'NEUTRAL', 'CLEAR', 'SET', 'RECOVERING', 'BANCO_VAZIO')",8,6,7,85.714,PROTECT,37.500,1.667462,5.2987
"('TANK', 'TANK', 'DEFENSIVE_DIS', 'SAFE', 'FULL', 'FIELD_OURS_DEF', 'FASTER', 'MEC_AVAIL', 'CLEAN', 'CLEAN', 'NEUTRAL', 'NEUTRAL', 'CLEAR', 'CLEAR', 'OPENING', 'BANCO_AMBOS')",8,3,8,37.500,SWITCH_DEFENSIVE,75.000,0.735622,2.0868
"('TANK', 'SWEEPER', 'OFFENSIVE_DIS', 'SAFE', 'SAFE', 'NORMAL', 'SLOWER', 'MEC_USED', 'CLEAN', 'CLEAN', 'NEUTRAL', 'NEUTRAL', 'CLEAR', 'CLEAR', 'OPENING', 'BANCO_VAZIO')",8,4,6,66.667,HEAL,37.500,1.255482,3.5095
"('TANK', 'TANK', 'NEUTRAL', 'SAFE', 'SAFE', 'FIELD_THEIRS', 'FASTER', 'MEC_USED', 'CLEAN', 'CLEAN', 'NEUTRAL', 'NEUTRAL', 'CLEAR', 'CLEAR', 'OPENING', 'BANCO_OFF')",8,6,8,75.000,SWITCH_OFFENSIVE,37.500,1.667462,5.2987
"('TANK', 'SWEEPER', 'OFFENSIVE_DIS', 'SAFE', 'FULL', 'NORMAL', 'SLOWER', 'MEC_USED', 'CLEAN', 'CLEAN', 'NEUTRAL', 'NEUTRAL', 'CLEAR', 'CLEAR', 'OPENING', 'BANCO_VAZIO')",8,4,8,50.000,STATUS,37.500,1.255482,3.5095
"('SWEEPER', 'TANK', 'DEFENSIVE_DIS', 'FULL', 'FULL', 'FIELD_SHARED', 'FASTER', 'MEC_USED', 'CLEAN', 'CLEAN', 'NEUTRAL', 'NEUTRAL', 'CLEAR', 'CLEAR', 'OPENING', 'BANCO_AMBOS')",8,6,9,66.667,ATTACK_TECH,25.000,1.732868,5.6569
"('TANK', 'TANK', 'OFFENSIVE_DIS', 'DANGER', 'SAFE', 'NORMAL', 'FASTER', 'MEC_USED', 'CLEAN', 'CLEAN', 'NEUTRAL', 'NEUTRAL', 'SET', 'SET', 'BRAWL', 'BANCO_OFF')",8,6,11,54.545,SWITCH_OFFENSIVE,37.500,1.667462,5.2987
"('TANK', 'TANK', 'OFFENSIVE_ADV', 'DANGER', 'SAFE', 'NORMAL', 'SLOWER', 'MEC_USED', 'CLEAN', 'CLEAN', 'NEUTRAL', 'NEUTRAL', 'CLEAR', 'SET', 'OPENING', 'BANCO_OFF')",8,3,10,30.000,ATTACK_TECH,75.000,0.735622,2.0868
"('TANK', 'TANK', 'VOLATILE', 'SAFE', 'SAFE', 'NORMAL', 'FASTER', 'MEC_USED', 'CLEAN', 'CLEAN', 'NEUTRAL', 'NEUTRAL', 'CLEAR', 'CLEAR', 'OPENING', 'BANCO_AMBOS')",8,5,8,62.500,ATTACK_TECH,37.500,1.494175,4.4557
"('TANK', 'TANK', 'VOLATILE', 'CRIT', 'SAFE', 'NORMAL', 'FASTER', 'MEC_USED', 'CLEAN', 'CLEAN', 'NEUTRAL', 'NEUTRAL', 'SET', 'SET', 'RECOVERING', 'BANCO_VAZIO')",8,6,9,66.667,ATTACK_PREDICTIVE,25.000,1.732868,5.6569
"('TANK', 'TANK', 'NEUTRAL', 'FULL', 'FULL', 'NORMAL', 'SLOWER', 'MEC_USED', 'CLEAN', 'CLEAN', 'NEUTRAL', 'NEUTRAL', 'SET', 'SET', 'BRAWL', 'BANCO_VAZIO')",8,6,10,60.000,HEAL,25.000,1.732868,5.6569
"('TANK', 'TANK', 'DEFENSIVE_ADV', 'FULL', 'FULL', 'NORMAL', 'SLOWER', 'MEC_USED', 'CLEAN', 'CLEAN', 'NEUTRAL', 'NEUTRAL', 'SET', 'CLEAR', 'OPENING', 'BANCO_OFF')",8,4,11,36.364,STAT_CLEAN,37.500,1.320888,3.7467
"('TANK', 'TANK', 'OFFENSIVE_ADV', 'SAFE', 'FULL', 'NORMAL', 'FASTER', 'MEC_USED', 'CLEAN', 'CLEAN', 'NEUTRAL', 'NEUTRAL', 'SET', 'CLEAR', 'OPENING', 'BANCO_AMBOS')",8,5,11,45.455,ATTACK_PREDICTIVE,50.000,1.386294,4.0000
"('TANK', 'TANK', 'NEUTRAL', 'FULL', 'SAFE', 'NORMAL', 'SLOWER', 'MEC_USED', 'CLEAN', 'CLEAN', 'NEUTRAL', 'NEUTRAL', 'SET', 'CLEAR', 'CLUTCH', 'BANCO_VAZIO')",8,2,12,16.667,ATTACK_STRONG,87.500,0.376770,1.4576
"('TANK', 'TANK', 'DEFENSIVE_DIS', 'SAFE', 'FULL', 'NORMAL', 'SLOWER', 'MEC_USED', 'CLEAN', 'CLEAN', 'BUFFED', 'NEUTRAL', 'CLEAR', 'CLEAR', 'OPENING', 'BANCO_AMBOS')",8,3,8,37.500,ATTACK_STRONG,75.000,0.735622,2.0868
"('TANK', 'TANK', 'DEFENSIVE_DIS', 'SAFE', 'FULL', 'NORMAL', 'SLOWER', 'MEC_USED', 'CLEAN', 'CLEAN', 'NEUTRAL', 'NEUTRAL', 'CLEAR', 'SET', 'RECOVERING', 'BANCO_VAZIO')",8,3,10,30.000,HEAL,75.000,0.735622,2.0868
"('TANK', 'SWEEPER', 'OFFENSIVE_DIS', 'FULL', 'FULL', 'FIELD_OURS_OFF', 'FASTER', 'MEC_USED', 'CLEAN', 'CLEAN', 'NEUTRAL', 'NEUTRAL', 'CLEAR', 'CLEAR', 'OPENING', 'BANCO_OFF')",8,3,8,37.500,STATUS,37.500,1.082196,2.9512
"('SWEEPER', 'TANK', 'CRITICAL_DIS', 'SAFE', 'FULL', 'FIELD_THEIRS', 'FASTER', 'MEC_USED', 'CLEAN', 'CLEAN', 'NEUTRAL', 'NEUTRAL', 'CLEAR', 'CLEAR', 'OPENING', 'BANCO_AMBOS')",8,1,3,33.333,SWITCH_DEFENSIVE,100.000,-0.000000,1.0000
"('UTILITY', 'SWEEPER', 'DOMINANT', 'FULL', 'FULL', 'FIELD_THEIRS', 'SLOWER', 'MEC_USED', 'CLEAN', 'CLEAN', 'NEUTRAL', 'NEUTRAL', 'CLEAR', 'CLEAR', 'OPENING', 'BANCO_OFF')",8,5,8,62.500,SWITCH_DEFENSIVE,50.000,1.386294,4.0000
"('UTILITY', 'UTILITY', 'DOMINANT', 'FULL', 'FULL', 'NORMAL', 'SLOWER', 'MEC_USED', 'CLEAN', 'CLEAN', 'NEUTRAL', 'NEUTRAL', 'CLEAR', 'CLEAR', 'OPENING', 'BANCO_AMBOS')",8,3,7,42.857,ATTACK_PIVOT,50.000,0.974315,2.6494
"('TANK', 'TANK', 'NEUTRAL', 'FULL', 'FULL', 'NORMAL', 'SLOWER', 'MEC_USED', 'CLEAN', 'CLEAN', 'NEUTRAL', 'NEUTRAL', 'SET', 'SET', 'BRAWL', 'BANCO_AMBOS')",8,2,11,18.182,ATTACK_TECH,50.000,0.693147,2.0000
"('TANK', 'TANK', 'OFFENSIVE_ADV', 'DANGER', 'FULL', 'FIELD_SHARED', 'FASTER', 'MEC_USED', 'CLEAN', 'CLEAN', 'NEUTRAL', 'NEUTRAL', 'CLEAR', 'CLEAR', 'OPENING', 'BANCO_AMBOS')",8,4,8,50.000,ATTACK_STRONG,37.500,1.255482,3.5095
"('SWEEPER', 'TANK', 'OFFENSIVE_ADV', 'SAFE', 'DANGER', 'NORMAL', 'FASTER', 'MEC_USED', 'CLEAN', 'CLEAN', 'NEUTRAL', 'DEBUFF', 'CLEAR', 'CLEAR', 'OPENING', 'BANCO_OFF')",8,3,7,42.857,ATTACK_STRONG,62.500,0.900256,2.4602
"('SWEEPER', 'SWEEPER', 'OFFENSIVE_ADV', 'FULL', 'FULL', 'FIELD_THEIRS', 'SLOWER', 'MEC_USED', 'CLEAN', 'CLEAN', 'NEUTRAL', 'NEUTRAL', 'CLEAR', 'CLEAR', 'OPENING', 'BANCO_OFF')",8,2,7,28.571,SWITCH_DEFENSIVE,75.000,0.562335,1.7548
"('TANK', 'TANK', 'OFFENSIVE_ADV', 'CRIT', 'SAFE', 'NORMAL', 'FASTER', 'MEC_USED', 'CLEAN', 'CLEAN', 'NEUTRAL', 'NEUTRAL', 'CLEAR', 'CLEAR', 'BRAWL', 'BANCO_OFF')",8,4,5,80.000,ATTACK_PREDICTIVE,62.500,1.073543,2.9257
"('TANK', 'TANK', 'OFFENSIVE_DIS', 'FULL', 'SAFE', 'NORMAL', 'SLOWER', 'MEC_USED', 'CLEAN', 'CLEAN', 'NEUTRAL', 'NEUTRAL', 'SET', 'SET', 'BRAWL', 'BANCO_OFF')",8,3,10,30.000,STATUS,75.000,0.735622,2.0868
"('TANK', 'TANK', 'NEUTRAL', 'CRIT', 'FULL', 'NORMAL', 'SLOWER', 'MEC_USED', 'CLEAN', 'CLEAN', 'NEUTRAL', 'NEUTRAL', 'CLEAR', 'CLEAR', 'RECOVERING', 'BANCO_VAZIO')",8,6,9,66.667,ATTACK_PREDICTIVE,37.500,1.667462,5.2987
"('TANK', 'TANK', 'NEUTRAL', 'SAFE', 'FULL', 'NORMAL', 'FASTER', 'MEC_AVAIL', 'CLEAN', 'CLEAN', 'NEUTRAL', 'NEUTRAL', 'CLEAR', 'SET', 'OPENING', 'BANCO_AMBOS')",8,1,12,8.333,ATTACK_STRONG_MEC,100.000,-0.000000,1.0000
"('TANK', 'TANK', 'NEUTRAL', 'SAFE', 'DANGER', 'NORMAL', 'FASTER', 'MEC_USED', 'AFFLICTED', 'CLEAN', 'NEUTRAL', 'NEUTRAL', 'SET', 'SET', 'RECOVERING', 'BANCO_VAZIO')",8,2,6,33.333,ATTACK_STRONG,87.500,0.376770,1.4576
"('TANK', 'TANK', 'VOLATILE', 'SAFE', 'FULL', 'FIELD_SHARED', 'FASTER', 'MEC_USED', 'CLEAN', 'CLEAN', 'NEUTRAL', 'NEUTRAL', 'SET', 'CLEAR', 'OPENING', 'BANCO_OFF')",8,5,8,62.500,SWITCH_OFFENSIVE,37.500,1.494175,4.4557
"('TANK', 'TANK', 'OFFENSIVE_DIS', 'SAFE', 'DANGER', 'NORMAL', 'SLOWER', 'MEC_USED', 'CLEAN', 'CLEAN', 'NEUTRAL', 'NEUTRAL', 'CLEAR', 'CLEAR', 'OPENING', 'BANCO_VAZIO')",8,7,10,70.000,ATTACK_PREDICTIVE,25.000,1.906155,6.7272
"('TANK', 'TANK', 'DEFENSIVE_DIS', 'SAFE', 'SAFE', 'NORMAL', 'FASTER', 'MEC_AVAIL', 'CLEAN', 'CLEAN', 'NEUTRAL', 'NEUTRAL', 'CLEAR', 'CLEAR', 'OPENING', 'BANCO_OFF')",8,4,10,40.000,ATTACK_PREDICTIVE,50.000,1.213008,3.3636
"('TANK', 'TANK', 'NEUTRAL', 'SAFE', 'CRIT', 'NORMAL', 'FASTER', 'MEC_USED', 'CLEAN', 'CLEAN', 'NEUTRAL', 'NEUTRAL', 'SET', 'SET', 'CLUTCH', 'BANCO_VAZIO')",8,2,7,28.571,ATTACK_PREDICTIVE,50.000,0.693147,2.0000
"('TANK', 'TANK', 'OFFENSIVE_ADV', 'FULL', 'FULL', 'NORMAL', 'FASTER', 'MEC_AVAIL', 'CLEAN', 'CLEAN', 'NEUTRAL', 'NEUTRAL', 'CLEAR', 'SET', 'OPENING', 'BANCO_OFF')",8,6,13,46.154,ATTACK_STRONG,25.000,1.732868,5.6569
"('TANK', 'TANK', 'OFFENSIVE_DIS', 'FULL', 'FULL', 'NORMAL', 'FASTER', 'MEC_USED', 'CLEAN', 'CLEAN', 'NEUTRAL', 'NEUTRAL', 'CLEAR', 'CLEAR', 'RECOVERING', 'BANCO_OFF')",8,6,10,60.000,PROTECT,25.000,1.732868,5.6569
"('TANK', 'TANK', 'DEFENSIVE_DIS', 'SAFE', 'CRIT', 'NORMAL', 'FASTER', 'MEC_USED', 'CLEAN', 'CLEAN', 'NEUTRAL', 'NEUTRAL', 'CLEAR', 'CLEAR', 'OPENING', 'BANCO_OFF')",8,1,8,12.500,ATTACK_STRONG,100.000,-0.000000,1.0000
"('TANK', 'TANK', 'OFFENSIVE_DIS', 'FULL', 'FULL', 'NORMAL', 'SLOWER', 'MEC_USED', 'CLEAN', 'CLEAN', 'NEUTRAL', 'NEUTRAL', 'CLEAR', 'CLEAR', 'CLUTCH', 'BANCO_VAZIO')",8,1,7,14.286,ATTACK_TECH,100.000,-0.000000,1.0000
"('TANK', 'TANK', 'DEFENSIVE_ADV', 'FULL', 'FULL', 'NORMAL', 'SLOWER', 'MEC_USED', 'CLEAN', 'AFFLICTED', 'NEUTRAL', 'DEBUFF', 'SET', 'SET', 'RECOVERING', 'BANCO_VAZIO')",8,2,3,66.667,ATTACK_STRONG,87.500,0.376770,1.4576
"('TANK', 'SWEEPER', 'NEUTRAL', 'FULL', 'FULL', 'FIELD_THEIRS', 'FASTER', 'MEC_AVAIL', 'CLEAN', 'CLEAN', 'NEUTRAL', 'NEUTRAL', 'CLEAR', 'CLEAR', 'OPENING', 'BANCO_VAZIO')",8,3,8,37.500,SWITCH_DEFENSIVE,50.000,0.974315,2.6494
"('TANK', 'TANK', 'CRITICAL_DIS', 'SAFE', 'FULL', 'NORMAL', 'SLOWER', 'MEC_USED', 'CLEAN', 'CLEAN', 'NEUTRAL', 'NEUTRAL', 'CLEAR', 'CLEAR', 'BRAWL', 'BANCO_OFF')",8,4,9,44.444,SWITCH_OFFENSIVE,62.500,1.073543,2.9257
"('TANK', 'SWEEPER', 'NEUTRAL', 'FULL', 'FULL', 'NORMAL', 'FASTER', 'MEC_USED', 'CLEAN', 'CLEAN', 'DEBUFF', 'NEUTRAL', 'CLEAR', 'CLEAR', 'OPENING', 'BANCO_VAZIO')",8,4,5,80.000,ATTACK_PREDICTIVE,37.500,1.320888,3.7467
"('TANK', 'TANK', 'CRITICAL_DIS', 'DANGER', 'SAFE', 'NORMAL', 'FASTER', 'MEC_USED', 'CLEAN', 'CLEAN', 'NEUTRAL', 'NEUTRAL', 'SET', 'SET', 'RECOVERING', 'BANCO_VAZIO')",8,5,10,50.000,DISRUPTION,37.500,1.494175,4.4557
"('TANK', 'TANK', 'DEFENSIVE_DIS', 'SAFE', 'SAFE', 'NORMAL', 'FASTER', 'MEC_USED', 'CLEAN', 'CLEAN', 'NEUTRAL', 'NEUTRAL', 'SET', 'SET', 'OPENING', 'BANCO_OFF')",8,2,10,20.000,ATTACK_PREDICTIVE,87.500,0.376770,1.4576
"('TANK', 'TANK', 'DEFENSIVE_DIS', 'CRIT', 'FULL', 'NORMAL', 'FASTER', 'MEC_USED', 'CLEAN', 'CLEAN', 'BUFFED', 'NEUTRAL', 'CLEAR', 'CLEAR', 'OPENING', 'BANCO_OFF')",8,4,7,57.143,ATTACK_PREDICTIVE,50.000,1.213008,3.3636
"('TANK', 'TANK', 'DOMINANT', 'FULL', 'FULL', 'FIELD_SWEEP', 'FASTER', 'MEC_USED', 'CLEAN', 'CLEAN', 'NEUTRAL', 'NEUTRAL', 'CLEAR', 'CLEAR', 'OPENING', 'BANCO_OFF')",8,4,5,80.000,HAZARD,37.500,1.320888,3.7467
"('TANK', 'TANK', 'DEFENSIVE_DIS', 'FULL', 'FULL', 'FIELD_SHARED', 'FASTER', 'MEC_USED', 'CLEAN', 'CLEAN', 'NEUTRAL', 'NEUTRAL', 'CLEAR', 'SET', 'OPENING', 'BANCO_AMBOS')",8,2,7,28.571,SWITCH_DEFENSIVE,87.500,0.376770,1.4576
"('TANK', 'TANK', 'NEUTRAL', 'DANGER', 'SAFE', 'NORMAL', 'SLOWER', 'MEC_USED', 'CLEAN', 'CLEAN', 'NEUTRAL', 'NEUTRAL', 'SET', 'SET', 'BRAWL', 'BANCO_OFF')",8,6,11,54.545,ATTACK_PREDICTIVE,25.000,1.732868,5.6569
"('TANK', 'TANK', 'OFFENSIVE_ADV', 'FULL', 'DANGER', 'NORMAL', 'FASTER', 'MEC_USED', 'CLEAN', 'CLEAN', 'NEUTRAL', 'DEBUFF', 'CLEAR', 'CLEAR', 'OPENING', 'BANCO_OFF')",8,4,7,57.143,ATTACK_TECH,37.500,1.320888,3.7467
"('TANK', 'TANK', 'DEFENSIVE_DIS', 'FULL', 'SAFE', 'NORMAL', 'FASTER', 'MEC_USED', 'CLEAN', 'CLEAN', 'NEUTRAL', 'NEUTRAL', 'SET', 'SET', 'RECOVERING', 'BANCO_VAZIO')",8,4,8,50.000,ATTACK_PREDICTIVE,62.500,1.073543,2.9257
"('TANK', 'TANK', 'DOMINANT', 'FULL', 'FULL', 'NORMAL', 'FASTER', 'MEC_USED', 'CLEAN', 'CLEAN', 'NEUTRAL', 'NEUTRAL', 'CLEAR', 'CLEAR', 'RECOVERING', 'BANCO_VAZIO')",8,5,8,62.500,ATTACK_PREDICTIVE,37.500,1.494175,4.4557
"('TANK', 'TANK', 'OFFENSIVE_ADV', 'FULL', 'DANGER', 'NORMAL', 'SLOWER', 'MEC_USED', 'CLEAN', 'CLEAN', 'NEUTRAL', 'NEUTRAL', 'CLEAR', 'CLEAR', 'BRAWL', 'BANCO_OFF')",8,5,10,50.000,HEAL,37.500,1.494175,4.4557
"('UTILITY', 'TANK', 'OFFENSIVE_ADV', 'SAFE', 'FULL', 'NORMAL', 'FASTER', 'MEC_USED', 'CLEAN', 'CLEAN', 'NEUTRAL', 'NEUTRAL', 'CLEAR', 'CLEAR', 'OPENING', 'BANCO_AMBOS')",8,3,8,37.500,ATTACK_PREDICTIVE,75.000,0.735622,2.0868
"('TANK', 'TANK', 'OFFENSIVE_DIS', 'DANGER', 'FULL', 'NORMAL', 'SLOWER', 'MEC_USED', 'CLEAN', 'CLEAN', 'NEUTRAL', 'NEUTRAL', 'CLEAR', 'SET', 'RECOVERING', 'BANCO_VAZIO')",8,5,6,83.333,ATTACK_TECH,50.000,1.386294,4.0000
"('TANK', 'TANK', 'NEUTRAL', 'FULL', 'DANGER', 'NORMAL', 'SLOWER', 'MEC_USED', 'CLEAN', 'CLEAN', 'NEUTRAL', 'NEUTRAL', 'CLEAR', 'CLEAR', 'BRAWL', 'BANCO_OFF')",8,6,11,54.545,ATTACK_TECH,25.000,1.732868,5.6569
"('TANK', 'TANK', 'CRITICAL_DIS', 'FULL', 'FULL', 'NORMAL', 'SLOWER', 'MEC_USED', 'CLEAN', 'AFFLICTED', 'NEUTRAL', 'NEUTRAL', 'SET', 'SET', 'CLUTCH', 'BANCO_VAZIO')",8,3,3,100.000,STATUS,62.500,0.900256,2.4602
"('TANK', 'TANK', 'DEFENSIVE_DIS', 'FULL', 'SAFE', 'FIELD_SHARED', 'SLOWER', 'MEC_USED', 'CLEAN', 'CLEAN', 'NEUTRAL', 'NEUTRAL', 'CLEAR', 'CLEAR', 'OPENING', 'BANCO_OFF')",8,5,9,55.556,SWITCH_OFFENSIVE,37.500,1.494175,4.4557
"('TANK', 'SWEEPER', 'OFFENSIVE_ADV', 'FULL', 'FULL', 'FIELD_THEIRS', 'SLOWER', 'MEC_USED', 'AFFLICTED', 'CLEAN', 'NEUTRAL', 'NEUTRAL', 'CLEAR', 'CLEAR', 'OPENING', 'BANCO_OFF')",8,5,6,83.333,ATTACK_PIVOT,25.000,1.559581,4.7568
"('TANK', 'TANK', 'DEFENSIVE_DIS', 'DANGER', 'FULL', 'FIELD_SHARED', 'FASTER', 'MEC_USED', 'CLEAN', 'CLEAN', 'NEUTRAL', 'NEUTRAL', 'CLEAR', 'CLEAR', 'OPENING', 'BANCO_OFF')",8,4,5,80.000,ATTACK_PREDICTIVE,37.500,1.255482,3.5095
"('TANK', 'TANK', 'NEUTRAL', 'CRIT', 'SAFE', 'NORMAL', 'FASTER', 'MEC_USED', 'CLEAN', 'CLEAN', 'NEUTRAL', 'NEUTRAL', 'CLEAR', 'CLEAR', 'OPENING', 'BANCO_OFF')",8,4,6,66.667,ATTACK_STRONG,37.500,1.255482,3.5095
"('TANK', 'UTILITY', 'NEUTRAL', 'FULL', 'CRIT', 'NORMAL', 'SLOWER', 'MEC_USED', 'AFFLICTED', 'CLEAN', 'NEUTRAL', 'NEUTRAL', 'CLEAR', 'CLEAR', 'CLUTCH', 'BANCO_VAZIO')",8,1,1,100.000,CLEAN_HAZARD,100.000,-0.000000,1.0000
"('TANK', 'TANK', 'OFFENSIVE_ADV', 'SAFE', 'CRIT', 'NORMAL', 'SLOWER', 'MEC_USED', 'CLEAN', 'CLEAN', 'NEUTRAL', 'NEUTRAL', 'CLEAR', 'CLEAR', 'OPENING', 'BANCO_OFF')",8,5,9,55.556,ATTACK_PREDICTIVE,25.000,1.559581,4.7568
"('TANK', 'TANK', 'VOLATILE', 'FULL', 'SAFE', 'NORMAL', 'FASTER', 'MEC_USED', 'CLEAN', 'CLEAN', 'NEUTRAL', 'NEUTRAL', 'CLEAR', 'CLEAR', 'RECOVERING', 'BANCO_VAZIO')",8,6,7,85.714,ATTACK_PREDICTIVE,25.000,1.732868,5.6569
"('TANK', 'TANK', 'DEFENSIVE_ADV', 'FULL', 'SAFE', 'NORMAL', 'SLOWER', 'MEC_USED', 'CLEAN', 'CLEAN', 'NEUTRAL', 'NEUTRAL', 'SET', 'CLEAR', 'BRAWL', 'BANCO_OFF')",8,5,8,62.500,ATTACK_TECH,37.500,1.494175,4.4557
"('TANK', 'TANK', 'OFFENSIVE_DIS', 'FULL', 'FULL', 'NORMAL', 'SLOWER', 'MEC_USED', 'CLEAN', 'CLEAN', 'NEUTRAL', 'NEUTRAL', 'SET', 'CLEAR', 'BRAWL', 'BANCO_VAZIO')",8,4,7,57.143,HEAL,37.500,1.255482,3.5095
"('TANK', 'TANK', 'NEUTRAL', 'FULL', 'FULL', 'NORMAL', 'SLOWER', 'MEC_USED', 'CLEAN', 'CLEAN', 'NEUTRAL', 'NEUTRAL', 'SET', 'CLEAR', 'BRAWL', 'BANCO_AMBOS')",8,5,9,55.556,HEAL,37.500,1.494175,4.4557
"('TANK', 'TANK', 'DEFENSIVE_DIS', 'DANGER', 'SAFE', 'NORMAL', 'FASTER', 'MEC_USED', 'CLEAN', 'CLEAN', 'NEUTRAL', 'NEUTRAL', 'SET', 'CLEAR', 'BRAWL', 'BANCO_OFF')",8,3,9,33.333,STATUS,37.500,1.082196,2.9512
"('TANK', 'TANK', 'CRITICAL_DIS', 'FULL', 'FULL', 'NORMAL', 'SLOWER', 'MEC_USED', 'CLEAN', 'CLEAN', 'NEUTRAL', 'NEUTRAL', 'SET', 'SET', 'OPENING', 'BANCO_AMBOS')",8,1,8,12.500,STATUS,100.000,-0.000000,1.0000
"('TANK', 'TANK', 'OFFENSIVE_ADV', 'SAFE', 'SAFE', 'NORMAL', 'FASTER', 'MEC_USED', 'CLEAN', 'CLEAN', 'NEUTRAL', 'NEUTRAL', 'CLEAR', 'SET', 'BRAWL', 'BANCO_OFF')",8,4,8,50.000,ATTACK_STRONG,25.000,1.386294,4.0000
"('TANK', 'TANK', 'DEFENSIVE_ADV', 'FULL', 'FULL', 'NORMAL', 'FASTER', 'MEC_USED', 'AFFLICTED', 'CLEAN', 'NEUTRAL', 'NEUTRAL', 'SET', 'SET', 'CLUTCH', 'BANCO_VAZIO')",8,2,5,40.000,SWITCH_OFFENSIVE,75.000,0.562335,1.7548
"('SWEEPER', 'TANK', 'DEFENSIVE_DIS', 'DANGER', 'FULL', 'NORMAL', 'FASTER', 'MEC_USED', 'CLEAN', 'CLEAN', 'NEUTRAL', 'DEBUFF', 'CLEAR', 'CLEAR', 'RECOVERING', 'BANCO_VAZIO')",7,1,4,25.000,ATTACK_STRONG,100.000,-0.000000,1.0000
"('TANK', 'TANK', 'CRITICAL_DIS', 'FULL', 'CRIT', 'NORMAL', 'FASTER', 'MEC_USED', 'AFFLICTED', 'CLEAN', 'DEBUFF', 'NEUTRAL', 'SET', 'SET', 'CLUTCH', 'BANCO_VAZIO')",7,1,1,100.000,HAZARD,100.000,-0.000000,1.0000
"('TANK', 'TANK', 'CRITICAL_DIS', 'FULL', 'FULL', 'FIELD_SHARED', 'FASTER', 'MEC_USED', 'CLEAN', 'CLEAN', 'NEUTRAL', 'NEUTRAL', 'CLEAR', 'SET', 'CLUTCH', 'BANCO_VAZIO')",7,2,6,33.333,ATTACK_PIVOT,85.714,0.410116,1.5070
"('TANK', 'TANK', 'DEFENSIVE_DIS', 'FULL', 'SAFE', 'NORMAL', 'FASTER', 'MEC_USED', 'AFFLICTED', 'AFFLICTED', 'NEUTRAL', 'NEUTRAL', 'CLEAR', 'SET', 'CLUTCH', 'BANCO_VAZIO')",7,3,6,50.000,ATTACK_STRONG,71.429,0.796312,2.2173
"('TANK', 'TANK', 'DEFENSIVE_DIS', 'SAFE', 'SAFE', 'NORMAL', 'SLOWER', 'MEC_USED', 'CLEAN', 'AFFLICTED', 'NEUTRAL', 'NEUTRAL', 'CLEAR', 'CLEAR', 'CLUTCH', 'BANCO_VAZIO')",7,2,6,33.333,ATTACK_STRONG,85.714,0.410116,1.5070
"('TANK', 'TANK', 'OFFENSIVE_DIS', 'FULL', 'FULL', 'NORMAL', 'SLOWER', 'MEC_USED', 'CLEAN', 'CLEAN', 'DEBUFF', 'NEUTRAL', 'SET', 'SET', 'RECOVERING', 'BANCO_VAZIO')",7,3,5,60.000,ATTACK_PIVOT,57.143,0.955700,2.6005
"('SWEEPER', 'UTILITY', 'DEFENSIVE_ADV', 'FULL', 'FULL', 'FIELD_SHARED', 'SLOWER', 'MEC_USED', 'CLEAN', 'CLEAN', 'NEUTRAL', 'NEUTRAL', 'CLEAR', 'CLEAR', 'OPENING', 'BANCO_AMBOS')",7,2,6,33.333,ATTACK_STRONG,85.714,0.410116,1.5070
"('TANK', 'TANK', 'NEUTRAL', 'DANGER', 'FULL', 'NORMAL', 'SLOWER', 'MEC_USED', 'CLEAN', 'CLEAN', 'NEUTRAL', 'NEUTRAL', 'SET', 'SET', 'CLUTCH', 'BANCO_VAZIO')",7,6,13,46.154,ATTACK_TECH,28.571,1.747868,5.7423
"('TANK', 'TANK', 'OFFENSIVE_DIS', 'FULL', 'SAFE', 'NORMAL', 'SLOWER', 'MEC_USED', 'CLEAN', 'CLEAN', 'NEUTRAL', 'NEUTRAL', 'SET', 'CLEAR', 'CLUTCH', 'BANCO_VAZIO')",7,4,6,66.667,STATUS,57.143,1.153742,3.1700
"('TANK', 'TANK', 'NEUTRAL', 'DANGER', 'FULL', 'NORMAL', 'FASTER', 'MEC_AVAIL', 'CLEAN', 'CLEAN', 'NEUTRAL', 'NEUTRAL', 'CLEAR', 'CLEAR', 'OPENING', 'BANCO_OFF')",7,7,12,58.333,ATTACK_TECH,14.286,1.945910,7.0000
"('TANK', 'TANK', 'NEUTRAL', 'FULL', 'DANGER', 'NORMAL', 'SLOWER', 'MEC_USED', 'CLEAN', 'AFFLICTED', 'NEUTRAL', 'DEBUFF', 'SET', 'SET', 'CLUTCH', 'BANCO_VAZIO')",7,1,8,12.500,ATTACK_STRONG,100.000,-0.000000,1.0000
"('TANK', 'TANK', 'OFFENSIVE_DIS', 'FULL', 'FULL', 'NORMAL', 'FASTER', 'MEC_USED', 'AFFLICTED', 'AFFLICTED', 'NEUTRAL', 'NEUTRAL', 'CLEAR', 'SET', 'CLUTCH', 'BANCO_VAZIO')",7,3,3,100.000,STATUS,42.857,1.078992,2.9417
"('TANK', 'TANK', 'DEFENSIVE_DIS', 'SAFE', 'FULL', 'NORMAL', 'FASTER', 'MEC_USED', 'CLEAN', 'CLEAN', 'NEUTRAL', 'NEUTRAL', 'CLEAR', 'SET', 'OPENING', 'BANCO_AMBOS')",7,4,6,66.667,SWITCH_OFFENSIVE,42.857,1.277034,3.5860
"('TANK', 'TANK', 'NEUTRAL', 'CRIT', 'SAFE', 'NORMAL', 'FASTER', 'MEC_USED', 'CLEAN', 'CLEAN', 'NEUTRAL', 'NEUTRAL', 'SET', 'SET', 'BRAWL', 'BANCO_VAZIO')",7,3,8,37.500,SWITCH_DEFENSIVE,42.857,1.078992,2.9417
"('TANK', 'TANK', 'DEFENSIVE_DIS', 'SAFE', 'FULL', 'FIELD_SHARED', 'SLOWER', 'MEC_USED', 'CLEAN', 'CLEAN', 'NEUTRAL', 'NEUTRAL', 'CLEAR', 'CLEAR', 'OPENING', 'BANCO_AMBOS')",7,4,10,40.000,BUFF,28.571,1.351784,3.8643
"('TANK', 'TANK', 'NEUTRAL', 'FULL', 'SAFE', 'NORMAL', 'SLOWER', 'MEC_USED', 'AFFLICTED', 'CLEAN', 'DEBUFF', 'NEUTRAL', 'SET', 'SET', 'CLUTCH', 'BANCO_VAZIO')",7,4,9,44.444,ATTACK_STRONG,42.857,1.277034,3.5860
"('TANK', 'TANK', 'NEUTRAL', 'FULL', 'FULL', 'FIELD_OURS_DEF', 'FASTER', 'MEC_USED', 'CLEAN', 'CLEAN', 'NEUTRAL', 'NEUTRAL', 'CLEAR', 'CLEAR', 'OPENING', 'BANCO_VAZIO')",7,3,9,33.333,ATTACK_PREDICTIVE,42.857,1.004242,2.7298
"('TANK', 'TANK', 'OFFENSIVE_DIS', 'DANGER', 'SAFE', 'NORMAL', 'SLOWER', 'MEC_USED', 'CLEAN', 'CLEAN', 'NEUTRAL', 'NEUTRAL', 'CLEAR', 'CLEAR', 'RECOVERING', 'BANCO_VAZIO')",7,4,9,44.444,HEAL,42.857,1.277034,3.5860
"('TANK', 'TANK', 'VOLATILE', 'DANGER', 'FULL', 'NORMAL', 'FASTER', 'MEC_USED', 'CLEAN', 'CLEAN', 'NEUTRAL', 'NEUTRAL', 'CLEAR', 'SET', 'OPENING', 'BANCO_OFF')",7,5,7,71.429,SWITCH_DEFENSIVE,42.857,1.475076,4.3714
"('TANK', 'TANK', 'OFFENSIVE_ADV', 'SAFE', 'SAFE', 'NORMAL', 'SLOWER', 'MEC_USED', 'CLEAN', 'CLEAN', 'NEUTRAL', 'NEUTRAL', 'CLEAR', 'CLEAR', 'OPENING', 'BANCO_AMBOS')",7,2,9,22.222,ATTACK_STRONG,57.143,0.682908,1.9796
"('TANK', 'TANK', 'DEFENSIVE_DIS', 'SAFE', 'SAFE', 'NORMAL', 'FASTER', 'MEC_USED', 'CLEAN', 'CLEAN', 'NEUTRAL', 'NEUTRAL', 'SET', 'CLEAR', 'BRAWL', 'BANCO_OFF')",7,3,11,27.273,ATTACK_TECH,71.429,0.796312,2.2173
"('TANK', 'TANK', 'DEFENSIVE_DIS', 'FULL', 'FULL', 'FIELD_OURS_DEF', 'SLOWER', 'MEC_AVAIL', 'CLEAN', 'CLEAN', 'NEUTRAL', 'NEUTRAL', 'CLEAR', 'CLEAR', 'OPENING', 'BANCO_OFF')",7,3,10,30.000,ATTACK_PREDICTIVE_MEC,42.857,1.078992,2.9417
"('TANK', 'TANK', 'NEUTRAL', 'CRIT', 'SAFE', 'NORMAL', 'FASTER', 'MEC_USED', 'CLEAN', 'CLEAN', 'BUFFED', 'DEBUFF', 'CLEAR', 'SET', 'CLUTCH', 'BANCO_VAZIO')",7,2,2,100.000,BUFF,85.714,0.410116,1.5070
"('TANK', 'UTILITY', 'NEUTRAL', 'FULL', 'FULL', 'NORMAL', 'SLOWER', 'MEC_USED', 'CLEAN', 'CLEAN', 'NEUTRAL', 'NEUTRAL', 'CLEAR', 'SET', 'OPENING', 'BANCO_OFF')",7,3,8,37.500,ATTACK_STRONG,42.857,1.078992,2.9417
"('TANK', 'TANK', 'OFFENSIVE_DIS', 'DANGER', 'DANGER', 'NORMAL', 'SLOWER', 'MEC_USED', 'CLEAN', 'CLEAN', 'NEUTRAL', 'NEUTRAL', 'SET', 'SET', 'RECOVERING', 'BANCO_VAZIO')",7,6,9,66.667,ATTACK_TECH,28.571,1.747868,5.7423
"('TANK', 'TANK', 'OFFENSIVE_ADV', 'FULL', 'SAFE', 'FIELD_SHARED', 'FASTER', 'MEC_USED', 'AFFLICTED', 'CLEAN', 'NEUTRAL', 'NEUTRAL', 'CLEAR', 'CLEAR', 'OPENING', 'BANCO_OFF')",7,6,8,75.000,ATTACK_PIVOT,28.571,1.747868,5.7423
"('TANK', 'TANK', 'DEFENSIVE_DIS', 'CRIT', 'SAFE', 'NORMAL', 'SLOWER', 'MEC_USED', 'CLEAN', 'CLEAN', 'NEUTRAL', 'NEUTRAL', 'CLEAR', 'SET', 'RECOVERING', 'BANCO_VAZIO')",7,7,9,77.778,ATTACK_STRONG,14.286,1.945910,7.0000
"('TANK', 'UTILITY', 'DOMINANT', 'FULL', 'FULL', 'NORMAL', 'SLOWER', 'MEC_USED', 'CLEAN', 'CLEAN', 'NEUTRAL', 'NEUTRAL', 'CLEAR', 'CLEAR', 'OPENING', 'BANCO_OFF')",7,4,8,50.000,ATTACK_STRONG,57.143,1.153742,3.1700
"('TANK', 'TANK', 'OFFENSIVE_ADV', 'SAFE', 'FULL', 'NORMAL', 'SLOWER', 'MEC_USED', 'CLEAN', 'CLEAN', 'NEUTRAL', 'NEUTRAL', 'SET', 'SET', 'RECOVERING', 'BANCO_VAZIO')",7,5,11,45.455,ATTACK_PIVOT,28.571,1.549826,4.7107
"('TANK', 'TANK', 'NEUTRAL', 'FULL', 'SAFE', 'FIELD_SHARED', 'FASTER', 'MEC_USED', 'CLEAN', 'CLEAN', 'NEUTRAL', 'NEUTRAL', 'SET', 'CLEAR', 'OPENING', 'BANCO_OFF')",7,4,8,50.000,SWITCH_DEFENSIVE,42.857,1.277034,3.5860
"('TANK', 'TANK', 'STALEMATE', 'FULL', 'SAFE', 'NORMAL', 'SLOWER', 'MEC_USED', 'AFFLICTED', 'AFFLICTED', 'DEBUFF', 'DEBUFF', 'CLEAR', 'CLEAR', 'RECOVERING', 'BANCO_VAZIO')",7,2,3,66.667,ATTACK_STRONG,85.714,0.410116,1.5070
"('UTILITY', 'TANK', 'DOMINANT', 'FULL', 'FULL', 'FIELD_THEIRS', 'FASTER', 'MEC_AVAIL', 'CLEAN', 'CLEAN', 'NEUTRAL', 'NEUTRAL', 'CLEAR', 'CLEAR', 'OPENING', 'BANCO_DEF')",7,4,6,66.667,ATTACK_PREDICTIVE_MEC,42.857,1.277034,3.5860
"('TANK', 'TANK', 'OFFENSIVE_DIS', 'SAFE', 'FULL', 'NORMAL', 'FASTER', 'MEC_USED', 'CLEAN', 'CLEAN', 'NEUTRAL', 'NEUTRAL', 'SET', 'SET', 'BRAWL', 'BANCO_OFF')",7,5,11,45.455,SWITCH_OFFENSIVE,42.857,1.475076,4.3714
"('TANK', 'TANK', 'NEUTRAL', 'DANGER', 'SAFE', 'NORMAL', 'FASTER', 'MEC_USED', 'CLEAN', 'CLEAN', 'NEUTRAL', 'NEUTRAL', 'CLEAR', 'CLEAR', 'OPENING', 'BANCO_AMBOS')",7,5,9,55.556,ATTACK_PREDICTIVE,28.571,1.549826,4.7107
"('UTILITY', 'SWEEPER', 'OFFENSIVE_ADV', 'DANGER', 'FULL', 'FIELD_OURS_OFF', 'FASTER', 'MEC_USED', 'CLEAN', 'CLEAN', 'NEUTRAL', 'NEUTRAL', 'CLEAR', 'CLEAR', 'OPENING', 'BANCO_OFF')",7,4,7,57.143,ATTACK_PREDICTIVE,57.143,1.153742,3.1700
"('TANK', 'TANK', 'OFFENSIVE_ADV', 'FULL', 'SAFE', 'FIELD_OURS_OFF', 'SLOWER', 'MEC_USED', 'CLEAN', 'CLEAN', 'NEUTRAL', 'NEUTRAL', 'CLEAR', 'CLEAR', 'OPENING', 'BANCO_OFF')",7,2,9,22.222,ATTACK_STRONG,85.714,0.410116,1.5070
"('TANK', 'TANK', 'DOMINANT', 'SAFE', 'SAFE', 'NORMAL', 'SLOWER', 'MEC_USED', 'CLEAN', 'CLEAN', 'NEUTRAL', 'NEUTRAL', 'SET', 'CLEAR', 'OPENING', 'BANCO_OFF')",7,6,10,60.000,PROTECT,28.571,1.747868,5.7423
"('TANK', 'TANK', 'NEUTRAL', 'FULL', 'DANGER', 'FIELD_OURS_OFF', 'FASTER', 'MEC_USED', 'CLEAN', 'CLEAN', 'NEUTRAL', 'NEUTRAL', 'CLEAR', 'CLEAR', 'OPENING', 'BANCO_OFF')",7,4,6,66.667,ATTACK_STRONG,57.143,1.153742,3.1700
"('TANK', 'TANK', 'CRITICAL_DIS', 'FULL', 'FULL', 'FIELD_SHARED', 'FASTER', 'MEC_USED', 'CLEAN', 'CLEAN', 'BUFFED', 'NEUTRAL', 'CLEAR', 'CLEAR', 'OPENING', 'BANCO_AMBOS')",7,1,8,12.500,SWITCH_DEFENSIVE,100.000,-0.000000,1.0000
"('TANK', 'TANK', 'DEFENSIVE_DIS', 'DANGER', 'SAFE', 'NORMAL', 'FASTER', 'MEC_USED', 'CLEAN', 'CLEAN', 'NEUTRAL', 'NEUTRAL', 'CLEAR', 'CLEAR', 'RECOVERING', 'BANCO_VAZIO')",7,4,8,50.000,ATTACK_PREDICTIVE,28.571,1.351784,3.8643
"('TANK', 'TANK', 'OFFENSIVE_ADV', 'FULL', 'SAFE', 'FIELD_SHARED', 'SLOWER', 'MEC_USED', 'CLEAN', 'CLEAN', 'NEUTRAL', 'NEUTRAL', 'CLEAR', 'CLEAR', 'OPENING', 'BANCO_AMBOS')",7,3,12,25.000,ATTACK_STRONG,42.857,1.004242,2.7298
"('TANK', 'TANK', 'NEUTRAL', 'FULL', 'SAFE', 'NORMAL', 'SLOWER', 'MEC_USED', 'CLEAN', 'AFFLICTED', 'NEUTRAL', 'NEUTRAL', 'CLEAR', 'CLEAR', 'RECOVERING', 'BANCO_VAZIO')",7,5,7,71.429,STAT_CLEAN,28.571,1.549826,4.7107
"('UTILITY', 'SWEEPER', 'DEFENSIVE_DIS', 'FULL', 'FULL', 'NORMAL', 'SLOWER', 'MEC_USED', 'CLEAN', 'CLEAN', 'NEUTRAL', 'NEUTRAL', 'CLEAR', 'CLEAR', 'OPENING', 'BANCO_OFF')",7,4,7,57.143,ATTACK_STRONG,42.857,1.277034,3.5860
"('UTILITY', 'TANK', 'OFFENSIVE_ADV', 'SAFE', 'FULL', 'NORMAL', 'FASTER', 'MEC_USED', 'CLEAN', 'CLEAN', 'NEUTRAL', 'NEUTRAL', 'CLEAR', 'CLEAR', 'OPENING', 'BANCO_OFF')",7,5,10,50.000,ATTACK_PIVOT,28.571,1.549826,4.7107
"('TANK', 'TANK', 'OFFENSIVE_DIS', 'FULL', 'FULL', 'NORMAL', 'FASTER', 'MEC_USED', 'CLEAN', 'CLEAN', 'NEUTRAL', 'NEUTRAL', 'CLEAR', 'CLEAR', 'CLUTCH', 'BANCO_VAZIO')",7,2,7,28.571,SWITCH_OFFENSIVE,85.714,0.410116,1.5070
"('UTILITY', 'UTILITY', 'OFFENSIVE_ADV', 'FULL', 'FULL', 'FIELD_THEIRS', 'SLOWER', 'MEC_USED', 'CLEAN', 'CLEAN', 'NEUTRAL', 'NEUTRAL', 'CLEAR', 'CLEAR', 'OPENING', 'BANCO_OFF')",7,6,7,85.714,BUFF,28.571,1.747868,5.7423
"('TANK', 'TANK', 'DEFENSIVE_ADV', 'FULL', 'FULL', 'NORMAL', 'SLOWER', 'MEC_USED', 'AFFLICTED', 'AFFLICTED', 'DEBUFF', 'NEUTRAL', 'CLEAR', 'CLEAR', 'CLUTCH', 'BANCO_VAZIO')",7,1,2,50.000,ATTACK_PIVOT,100.000,-0.000000,1.0000
"('TANK', 'TANK', 'NEUTRAL', 'FULL', 'FULL', 'NORMAL', 'SLOWER', 'MEC_AVAIL', 'CLEAN', 'AFFLICTED', 'NEUTRAL', 'DEBUFF', 'SET', 'CLEAR', 'CLUTCH', 'BANCO_VAZIO')",7,4,6,66.667,STATUS,57.143,1.153742,3.1700
"('TANK', 'TANK', 'NEUTRAL', 'FULL', 'FULL', 'FIELD_THEIRS', 'FASTER', 'MEC_USED', 'CLEAN', 'CLEAN', 'NEUTRAL', 'NEUTRAL', 'SET', 'CLEAR', 'OPENING', 'BANCO_OFF')",7,6,9,66.667,ATTACK_PREDICTIVE,28.571,1.747868,5.7423
"('TANK', 'TANK', 'VOLATILE', 'SAFE', 'FULL', 'FIELD_THEIRS', 'SLOWER', 'MEC_AVAIL', 'CLEAN', 'CLEAN', 'NEUTRAL', 'NEUTRAL', 'CLEAR', 'CLEAR', 'OPENING', 'BANCO_OFF')",7,2,12,16.667,ATTACK_PREDICTIVE_MEC,85.714,0.410116,1.5070
"('TANK', 'TANK', 'NEUTRAL', 'FULL', 'SAFE', 'NORMAL', 'FASTER', 'MEC_USED', 'CLEAN', 'CLEAN', 'NEUTRAL', 'NEUTRAL', 'SET', 'SET', 'BRAWL', 'BANCO_VAZIO')",7,3,11,27.273,ATTACK_TECH,57.143,0.955700,2.6005
"('SWEEPER', 'TANK', 'OFFENSIVE_ADV', 'FULL', 'FULL', 'NORMAL', 'FASTER', 'MEC_USED', 'CLEAN', 'CLEAN', 'NEUTRAL', 'NEUTRAL', 'CLEAR', 'SET', 'OPENING', 'BANCO_OFF')",7,2,8,25.000,SWITCH_DEFENSIVE,85.714,0.410116,1.5070
"('TANK', 'TANK', 'OFFENSIVE_DIS', 'FULL', 'SAFE', 'NORMAL', 'FASTER', 'MEC_USED', 'CLEAN', 'CLEAN', 'NEUTRAL', 'NEUTRAL', 'CLEAR', 'CLEAR', 'OPENING', 'BANCO_VAZIO')",7,5,8,62.500,ATTACK_STRONG,28.571,1.549826,4.7107
"('TANK', 'TANK', 'NEUTRAL', 'CRIT', 'FULL', 'NORMAL', 'FASTER', 'MEC_USED', 'CLEAN', 'CLEAN', 'NEUTRAL', 'NEUTRAL', 'SET', 'CLEAR', 'RECOVERING', 'BANCO_VAZIO')",7,6,9,66.667,ATTACK_TECH,28.571,1.747868,5.7423
"('SWEEPER', 'TANK', 'OFFENSIVE_ADV', 'FULL', 'SAFE', 'FIELD_SHARED', 'FASTER', 'MEC_USED', 'CLEAN', 'CLEAN', 'NEUTRAL', 'NEUTRAL', 'CLEAR', 'CLEAR', 'OPENING', 'BANCO_OFF')",7,5,6,83.333,ATTACK_PREDICTIVE,28.571,1.549826,4.7107
"('TANK', 'TANK', 'NEUTRAL', 'SAFE', 'FULL', 'NORMAL', 'FASTER', 'MEC_AVAIL', 'CLEAN', 'CLEAN', 'NEUTRAL', 'NEUTRAL', 'CLEAR', 'SET', 'RECOVERING', 'BANCO_VAZIO')",7,4,10,40.000,HEAL_MEC,57.143,1.153742,3.1700
"('TANK', 'SWEEPER', 'OFFENSIVE_DIS', 'FULL', 'SAFE', 'FIELD_SHARED', 'SLOWER', 'MEC_USED', 'CLEAN', 'CLEAN', 'NEUTRAL', 'NEUTRAL', 'CLEAR', 'CLEAR', 'OPENING', 'BANCO_OFF')",7,4,9,44.444,STATUS,57.143,1.153742,3.1700
"('SWEEPER', 'TANK', 'VOLATILE', 'FULL', 'FULL', 'FIELD_OURS_OFF', 'FASTER', 'MEC_USED', 'CLEAN', 'CLEAN', 'NEUTRAL', 'NEUTRAL', 'CLEAR', 'CLEAR', 'OPENING', 'BANCO_AMBOS')",7,4,7,57.143,ATTACK_PREDICTIVE,57.143,1.153742,3.1700
"('TANK', 'TANK', 'DOMINANT', 'SAFE', 'FULL', 'NORMAL', 'FASTER', 'MEC_AVAIL', 'CLEAN', 'CLEAN', 'NEUTRAL', 'NEUTRAL', 'CLEAR', 'CLEAR', 'OPENING', 'BANCO_AMBOS')",7,5,13,38.462,ATTACK_PIVOT,28.571,1.549826,4.7107
"('TANK', 'SWEEPER', 'OFFENSIVE_DIS', 'DANGER', 'FULL', 'NORMAL', 'SLOWER', 'MEC_USED', 'CLEAN', 'CLEAN', 'NEUTRAL', 'NEUTRAL', 'CLEAR', 'CLEAR', 'OPENING', 'BANCO_OFF')",7,6,11,54.545,ATTACK_PIVOT,28.571,1.747868,5.7423
"('TANK', 'UTILITY', 'OFFENSIVE_ADV', 'FULL', 'FULL', 'NORMAL', 'FASTER', 'MEC_USED', 'CLEAN', 'CLEAN', 'NEUTRAL', 'NEUTRAL', 'CLEAR', 'CLEAR', 'OPENING', 'BANCO_OFF')",7,4,6,66.667,ATTACK_STRONG,42.857,1.277034,3.5860
"('TANK', 'TANK', 'VOLATILE', 'FULL', 'FULL', 'FIELD_SWEEP', 'FASTER', 'MEC_USED', 'CLEAN', 'CLEAN', 'NEUTRAL', 'NEUTRAL', 'CLEAR', 'CLEAR', 'OPENING', 'BANCO_AMBOS')",7,1,7,14.286,ATTACK_STRONG,100.000,-0.000000,1.0000
"('TANK', 'TANK', 'NEUTRAL', 'FULL', 'SAFE', 'NORMAL', 'FASTER', 'MEC_USED', 'CLEAN', 'CLEAN', 'NEUTRAL', 'NEUTRAL', 'SET', 'SET', 'CLUTCH', 'BANCO_VAZIO')",7,3,9,33.333,ATTACK_TECH,57.143,0.955700,2.6005
"('UTILITY', 'TANK', 'DOMINANT', 'SAFE', 'FULL', 'NORMAL', 'FASTER', 'MEC_USED', 'CLEAN', 'CLEAN', 'NEUTRAL', 'NEUTRAL', 'CLEAR', 'CLEAR', 'OPENING', 'BANCO_OFF')",7,5,7,71.429,STATUS,42.857,1.475076,4.3714
"('TANK', 'TANK', 'OFFENSIVE_ADV', 'SAFE', 'DANGER', 'NORMAL', 'SLOWER', 'MEC_USED', 'CLEAN', 'CLEAN', 'NEUTRAL', 'NEUTRAL', 'SET', 'CLEAR', 'BRAWL', 'BANCO_OFF')",7,4,9,44.444,ATTACK_STRONG,57.143,1.153742,3.1700
"('TANK', 'TANK', 'OFFENSIVE_ADV', 'FULL', 'FULL', 'FIELD_SHARED', 'FASTER', 'MEC_USED', 'CLEAN', 'CLEAN', 'NEUTRAL', 'DEBUFF', 'CLEAR', 'CLEAR', 'OPENING', 'BANCO_OFF')",7,4,8,50.000,HAZARD,57.143,1.153742,3.1700
"('TANK', 'TANK', 'NEUTRAL', 'FULL', 'FULL', 'FIELD_THEIRS', 'SLOWER', 'MEC_AVAIL', 'CLEAN', 'CLEAN', 'NEUTRAL', 'NEUTRAL', 'CLEAR', 'CLEAR', 'OPENING', 'BANCO_AMBOS')",7,4,14,28.571,FIELD_CONTROL_MEC,42.857,1.277034,3.5860
"('SWEEPER', 'TANK', 'OFFENSIVE_ADV', 'DANGER', 'SAFE', 'NORMAL', 'FASTER', 'MEC_USED', 'CLEAN', 'CLEAN', 'NEUTRAL', 'DEBUFF', 'CLEAR', 'CLEAR', 'OPENING', 'BANCO_OFF')",7,4,5,80.000,ATTACK_PIVOT,42.857,1.277034,3.5860
"('TANK', 'TANK', 'DEFENSIVE_DIS', 'DANGER', 'SAFE', 'NORMAL', 'FASTER', 'MEC_USED', 'CLEAN', 'CLEAN', 'NEUTRAL', 'NEUTRAL', 'CLEAR', 'CLEAR', 'OPENING', 'BANCO_AMBOS')",7,6,10,60.000,ATTACK_STRONG,28.571,1.747868,5.7423
"('TANK', 'TANK', 'NEUTRAL', 'FULL', 'FULL', 'FIELD_SHARED', 'SLOWER', 'MEC_USED', 'CLEAN', 'CLEAN', 'NEUTRAL', 'NEUTRAL', 'CLEAR', 'SET', 'OPENING', 'BANCO_OFF')",7,6,9,66.667,ATTACK_TECH,28.571,1.747868,5.7423
"('TANK', 'TANK', 'CRITICAL_DIS', 'SAFE', 'FULL', 'NORMAL', 'SLOWER', 'MEC_USED', 'CLEAN', 'CLEAN', 'NEUTRAL', 'NEUTRAL', 'CLEAR', 'SET', 'OPENING', 'BANCO_OFF')",7,3,11,27.273,PROTECT,42.857,1.004242,2.7298
"('TANK', 'TANK', 'DEFENSIVE_ADV', 'SAFE', 'FULL', 'NORMAL', 'SLOWER', 'MEC_USED', 'CLEAN', 'CLEAN', 'NEUTRAL', 'NEUTRAL', 'CLEAR', 'CLEAR', 'BRAWL', 'BANCO_OFF')",7,3,7,42.857,HEAL,57.143,0.955700,2.6005
"('TANK', 'TANK', 'DEFENSIVE_DIS', 'CRIT', 'SAFE', 'NORMAL', 'SLOWER', 'MEC_USED', 'CLEAN', 'CLEAN', 'NEUTRAL', 'NEUTRAL', 'CLEAR', 'CLEAR', 'RECOVERING', 'BANCO_VAZIO')",7,5,10,50.000,ATTACK_PREDICTIVE,28.571,1.549826,4.7107
"('TANK', 'TANK', 'STALEMATE', 'FULL', 'SAFE', 'FIELD_SHARED', 'SLOWER', 'MEC_USED', 'CLEAN', 'CLEAN', 'NEUTRAL', 'NEUTRAL', 'CLEAR', 'CLEAR', 'OPENING', 'BANCO_OFF')",7,5,10,50.000,ATTACK_TECH,42.857,1.475076,4.3714
"('TANK', 'TANK', 'STALEMATE', 'FULL', 'FULL', 'NORMAL', 'SLOWER', 'MEC_USED', 'AFFLICTED', 'AFFLICTED', 'DEBUFF', 'NEUTRAL', 'CLEAR', 'CLEAR', 'CLUTCH', 'BANCO_VAZIO')",7,1,6,16.667,SWITCH_DEFENSIVE,100.000,-0.000000,1.0000
"('TANK', 'TANK', 'OFFENSIVE_ADV', 'FULL', 'FULL', 'NORMAL', 'SLOWER', 'MEC_USED', 'CLEAN', 'CLEAN', 'NEUTRAL', 'NEUTRAL', 'CLEAR', 'SET', 'OPENING', 'BANCO_AMBOS')",7,2,8,25.000,ATTACK_STRONG,85.714,0.410116,1.5070
"('TANK', 'TANK', 'OFFENSIVE_DIS', 'SAFE', 'FULL', 'NORMAL', 'SLOWER', 'MEC_USED', 'CLEAN', 'CLEAN', 'BUFFED', 'NEUTRAL', 'CLEAR', 'CLEAR', 'OPENING', 'BANCO_OFF')",7,3,7,42.857,STATUS,42.857,1.078992,2.9417
"('TANK', 'SWEEPER', 'NEUTRAL', 'SAFE', 'FULL', 'NORMAL', 'SLOWER', 'MEC_AVAIL', 'CLEAN', 'CLEAN', 'NEUTRAL', 'NEUTRAL', 'CLEAR', 'CLEAR', 'OPENING', 'BANCO_OFF')",7,4,14,28.571,HEAL_MEC,57.143,1.153742,3.1700
"('UTILITY', 'UTILITY', 'NEUTRAL', 'FULL', 'FULL', 'NORMAL', 'SLOWER', 'MEC_AVAIL', 'CLEAN', 'CLEAN', 'NEUTRAL', 'NEUTRAL', 'CLEAR', 'CLEAR', 'OPENING', 'BANCO_OFF')",7,1,6,16.667,ATTACK_PREDICTIVE_MEC,100.000,-0.000000,1.0000
"('TANK', 'TANK', 'VOLATILE', 'FULL', 'FULL', 'FIELD_THEIRS', 'SLOWER', 'MEC_USED', 'CLEAN', 'CLEAN', 'NEUTRAL', 'NEUTRAL', 'CLEAR', 'CLEAR', 'OPENING', 'BANCO_VAZIO')",7,5,7,71.429,ATTACK_STRONG,28.571,1.549826,4.7107
"('TANK', 'TANK', 'NEUTRAL', 'FULL', 'DANGER', 'NORMAL', 'SLOWER', 'MEC_USED', 'AFFLICTED', 'CLEAN', 'DEBUFF', 'NEUTRAL', 'CLEAR', 'SET', 'CLUTCH', 'BANCO_VAZIO')",7,1,6,16.667,STAT_CLEAN,100.000,-0.000000,1.0000
"('SWEEPER', 'TANK', 'OFFENSIVE_ADV', 'FULL', 'SAFE', 'NORMAL', 'FASTER', 'MEC_AVAIL', 'CLEAN', 'CLEAN', 'NEUTRAL', 'NEUTRAL', 'CLEAR', 'CLEAR', 'OPENING', 'BANCO_OFF')",7,4,11,36.364,ATTACK_PREDICTIVE,42.857,1.277034,3.5860
"('UTILITY', 'TANK', 'OFFENSIVE_DIS', 'FULL', 'FULL', 'NORMAL', 'FASTER', 'MEC_USED', 'CLEAN', 'CLEAN', 'NEUTRAL', 'NEUTRAL', 'SET', 'CLEAR', 'OPENING', 'BANCO_OFF')",7,2,5,40.000,STATUS,85.714,0.410116,1.5070
"('TANK', 'TANK', 'NEUTRAL', 'DANGER', 'SAFE', 'NORMAL', 'FASTER', 'MEC_USED', 'CLEAN', 'CLEAN', 'NEUTRAL', 'NEUTRAL', 'CLEAR', 'SET', 'OPENING', 'BANCO_OFF')",7,4,11,36.364,ATTACK_PREDICTIVE,57.143,1.153742,3.1700
"('TANK', 'TANK', 'DOMINANT', 'FULL', 'FULL', 'FIELD_THEIRS', 'FASTER', 'MEC_USED', 'CLEAN', 'CLEAN', 'NEUTRAL', 'NEUTRAL', 'SET', 'CLEAR', 'OPENING', 'BANCO_OFF')",7,5,9,55.556,ATTACK_STRONG,42.857,1.475076,4.3714
"('TANK', 'TANK', 'DOMINANT', 'FULL', 'FULL', 'FIELD_OURS_OFF', 'FASTER', 'MEC_AVAIL', 'CLEAN', 'CLEAN', 'NEUTRAL', 'NEUTRAL', 'CLEAR', 'CLEAR', 'OPENING', 'BANCO_DEF')",7,6,10,60.000,ATTACK_PREDICTIVE,28.571,1.747868,5.7423
"('UTILITY', 'TANK', 'DEFENSIVE_DIS', 'FULL', 'FULL', 'FIELD_THEIRS', 'FASTER', 'MEC_USED', 'CLEAN', 'CLEAN', 'NEUTRAL', 'NEUTRAL', 'CLEAR', 'CLEAR', 'OPENING', 'BANCO_VAZIO')",7,4,6,66.667,ATTACK_STRONG,42.857,1.277034,3.5860
"('UTILITY', 'SWEEPER', 'OFFENSIVE_ADV', 'FULL', 'FULL', 'FIELD_THEIRS', 'SLOWER', 'MEC_USED', 'CLEAN', 'CLEAN', 'NEUTRAL', 'NEUTRAL', 'CLEAR', 'CLEAR', 'OPENING', 'BANCO_OFF')",7,4,11,36.364,SWITCH_DEFENSIVE,57.143,1.153742,3.1700
"('TANK', 'TANK', 'OFFENSIVE_ADV', 'FULL', 'SAFE', 'NORMAL', 'FASTER', 'MEC_USED', 'AFFLICTED', 'CLEAN', 'NEUTRAL', 'NEUTRAL', 'CLEAR', 'CLEAR', 'OPENING', 'BANCO_OFF')",7,2,7,28.571,SWITCH_DEFENSIVE,85.714,0.410116,1.5070
"('TANK', 'TANK', 'DEFENSIVE_ADV', 'FULL', 'SAFE', 'FIELD_SHARED', 'FASTER', 'MEC_USED', 'CLEAN', 'CLEAN', 'NEUTRAL', 'NEUTRAL', 'CLEAR', 'CLEAR', 'OPENING', 'BANCO_AMBOS')",7,4,11,36.364,ATTACK_STRONG,42.857,1.277034,3.5860
"('TANK', 'TANK', 'OFFENSIVE_DIS', 'DANGER', 'FULL', 'NORMAL', 'FASTER', 'MEC_USED', 'CLEAN', 'CLEAN', 'NEUTRAL', 'NEUTRAL', 'SET', 'SET', 'RECOVERING', 'BANCO_VAZIO')",7,5,10,50.000,ATTACK_PIVOT,28.571,1.549826,4.7107
"('TANK', 'TANK', 'DEFENSIVE_ADV', 'SAFE', 'CRIT', 'NORMAL', 'SLOWER', 'MEC_USED', 'CLEAN', 'CLEAN', 'NEUTRAL', 'NEUTRAL', 'CLEAR', 'CLEAR', 'CLUTCH', 'BANCO_VAZIO')",7,2,2,100.000,CLEAN_HAZARD,85.714,0.410116,1.5070
"('TANK', 'TANK', 'NEUTRAL', 'DANGER', 'SAFE', 'NORMAL', 'FASTER', 'MEC_USED', 'CLEAN', 'CLEAN', 'NEUTRAL', 'NEUTRAL', 'SET', 'CLEAR', 'CLUTCH', 'BANCO_VAZIO')",7,4,8,50.000,HEAL,42.857,1.277034,3.5860
"('TANK', 'TANK', 'NEUTRAL', 'FULL', 'FULL', 'FIELD_SHARED', 'FASTER', 'MEC_USED', 'AFFLICTED', 'CLEAN', 'NEUTRAL', 'NEUTRAL', 'CLEAR', 'CLEAR', 'OPENING', 'BANCO_AMBOS')",7,2,10,20.000,SWITCH_OFFENSIVE,85.714,0.410116,1.5070
"('TANK', 'TANK', 'DOMINANT', 'SAFE', 'SAFE', 'NORMAL', 'SLOWER', 'MEC_USED', 'CLEAN', 'CLEAN', 'NEUTRAL', 'NEUTRAL', 'CLEAR', 'CLEAR', 'OPENING', 'BANCO_VAZIO')",7,6,11,54.545,ATTACK_PIVOT,28.571,1.747868,5.7423
"('TANK', 'TANK', 'NEUTRAL', 'FULL', 'FULL', 'FIELD_SHARED', 'SLOWER', 'MEC_USED', 'CLEAN', 'CLEAN', 'NEUTRAL', 'NEUTRAL', 'CLEAR', 'CLEAR', 'BRAWL', 'BANCO_OFF')",7,4,9,44.444,ATTACK_STRONG,57.143,1.153742,3.1700
"('TANK', 'TANK', 'NEUTRAL', 'SAFE', 'FULL', 'NORMAL', 'FASTER', 'MEC_USED', 'CLEAN', 'CLEAN', 'NEUTRAL', 'NEUTRAL', 'CLEAR', 'CLEAR', 'BRAWL', 'BANCO_AMBOS')",7,3,8,37.500,ATTACK_STRONG,57.143,0.955700,2.6005
"('TANK', 'TANK', 'DOMINANT', 'FULL', 'FULL', 'NORMAL', 'FASTER', 'MEC_USED', 'CLEAN', 'CLEAN', 'NEUTRAL', 'NEUTRAL', 'SET', 'SET', 'OPENING', 'BANCO_AMBOS')",7,4,9,44.444,SWITCH_DEFENSIVE,42.857,1.277034,3.5860
"('TANK', 'TANK', 'NEUTRAL', 'DANGER', 'SAFE', 'FIELD_SHARED', 'FASTER', 'MEC_USED', 'CLEAN', 'CLEAN', 'NEUTRAL', 'NEUTRAL', 'CLEAR', 'CLEAR', 'OPENING', 'BANCO_AMBOS')",7,5,7,71.429,ATTACK_PREDICTIVE,28.571,1.549826,4.7107
"('TANK', 'TANK', 'NEUTRAL', 'DANGER', 'DANGER', 'NORMAL', 'FASTER', 'MEC_USED', 'CLEAN', 'CLEAN', 'NEUTRAL', 'NEUTRAL', 'SET', 'CLEAR', 'OPENING', 'BANCO_VAZIO')",7,5,10,50.000,ATTACK_PIVOT,28.571,1.549826,4.7107
"('TANK', 'SWEEPER', 'VOLATILE', 'FULL', 'FULL', 'FIELD_THEIRS', 'SLOWER', 'MEC_USED', 'CLEAN', 'CLEAN', 'NEUTRAL', 'NEUTRAL', 'CLEAR', 'CLEAR', 'OPENING', 'BANCO_AMBOS')",7,1,9,11.111,SWITCH_DEFENSIVE,100.000,-0.000000,1.0000
"('TANK', 'TANK', 'DOMINANT', 'SAFE', 'DANGER', 'NORMAL', 'SLOWER', 'MEC_USED', 'CLEAN', 'CLEAN', 'NEUTRAL', 'NEUTRAL', 'CLEAR', 'CLEAR', 'OPENING', 'BANCO_OFF')",7,3,10,30.000,HEAL,71.429,0.796312,2.2173
"('SWEEPER', 'TANK', 'DOMINANT', 'SAFE', 'FULL', 'NORMAL', 'FASTER', 'MEC_USED', 'CLEAN', 'CLEAN', 'NEUTRAL', 'NEUTRAL', 'CLEAR', 'CLEAR', 'OPENING', 'BANCO_AMBOS')",7,5,7,71.429,ATTACK_STRONG,28.571,1.549826,4.7107
"('TANK', 'TANK', 'OFFENSIVE_DIS', 'FULL', 'FULL', 'FIELD_THEIRS', 'FASTER', 'MEC_USED', 'CLEAN', 'CLEAN', 'NEUTRAL', 'NEUTRAL', 'CLEAR', 'CLEAR', 'OPENING', 'BANCO_VAZIO')",7,4,4,100.000,SWITCH_OFFENSIVE,42.857,1.277034,3.5860
"('TANK', 'TANK', 'DOMINANT', 'FULL', 'FULL', 'FIELD_THEIRS', 'SLOWER', 'MEC_AVAIL', 'CLEAN', 'CLEAN', 'NEUTRAL', 'NEUTRAL', 'CLEAR', 'CLEAR', 'OPENING', 'BANCO_AMBOS')",7,2,14,14.286,SWITCH_OFFENSIVE,85.714,0.410116,1.5070
"('TANK', 'TANK', 'NEUTRAL', 'FULL', 'SAFE', 'FIELD_SHARED', 'FASTER', 'MEC_USED', 'CLEAN', 'CLEAN', 'NEUTRAL', 'NEUTRAL', 'CLEAR', 'CLEAR', 'RECOVERING', 'BANCO_VAZIO')",7,5,7,71.429,ATTACK_PIVOT,28.571,1.549826,4.7107
"('UTILITY', 'TANK', 'DOMINANT', 'FULL', 'FULL', 'NORMAL', 'FASTER', 'MEC_AVAIL', 'CLEAN', 'CLEAN', 'NEUTRAL', 'NEUTRAL', 'CLEAR', 'CLEAR', 'OPENING', 'BANCO_AMBOS')",7,4,10,40.000,ATTACK_STRONG,42.857,1.277034,3.5860
"('TANK', 'TANK', 'NEUTRAL', 'DANGER', 'FULL', 'NORMAL', 'SLOWER', 'MEC_USED', 'CLEAN', 'CLEAN', 'NEUTRAL', 'NEUTRAL', 'CLEAR', 'CLEAR', 'BRAWL', 'BANCO_OFF')",7,5,10,50.000,BUFF,28.571,1.549826,4.7107
"('TANK', 'TANK', 'DEFENSIVE_DIS', 'FULL', 'SAFE', 'FIELD_OURS_DEF', 'FASTER', 'MEC_USED', 'CLEAN', 'CLEAN', 'NEUTRAL', 'NEUTRAL', 'CLEAR', 'CLEAR', 'OPENING', 'BANCO_VAZIO')",7,5,8,62.500,BUFF,28.571,1.549826,4.7107
"('TANK', 'TANK', 'OFFENSIVE_DIS', 'SAFE', 'FULL', 'NORMAL', 'FASTER', 'MEC_USED', 'CLEAN', 'CLEAN', 'NEUTRAL', 'NEUTRAL', 'SET', 'SET', 'OPENING', 'BANCO_AMBOS')",7,2,5,40.000,HEAL,71.429,0.598270,1.8190
"('TANK', 'SWEEPER', 'OFFENSIVE_ADV', 'SAFE', 'FULL', 'NORMAL', 'SLOWER', 'MEC_USED', 'CLEAN', 'CLEAN', 'NEUTRAL', 'DEBUFF', 'CLEAR', 'CLEAR', 'OPENING', 'BANCO_OFF')",7,2,8,25.000,ATTACK_PIVOT,57.143,0.682908,1.9796
"('TANK', 'TANK', 'NEUTRAL', 'FULL', 'FULL', 'FIELD_SHARED', 'SLOWER', 'MEC_AVAIL', 'CLEAN', 'CLEAN', 'NEUTRAL', 'NEUTRAL', 'CLEAR', 'CLEAR', 'OPENING', 'BANCO_OFF')",7,6,18,33.333,SWITCH_OFFENSIVE,28.571,1.747868,5.7423
"('TANK', 'TANK', 'NEUTRAL', 'DANGER', 'SAFE', 'NORMAL', 'FASTER', 'MEC_USED', 'AFFLICTED', 'CLEAN', 'NEUTRAL', 'NEUTRAL', 'CLEAR', 'CLEAR', 'RECOVERING', 'BANCO_VAZIO')",7,5,8,62.500,ATTACK_STRONG,28.571,1.549826,4.7107
"('TANK', 'TANK', 'DOMINANT', 'FULL', 'SAFE', 'FIELD_SHARED', 'FASTER', 'MEC_USED', 'CLEAN', 'CLEAN', 'NEUTRAL', 'NEUTRAL', 'SET', 'CLEAR', 'OPENING', 'BANCO_AMBOS')",7,5,9,55.556,HEAL,42.857,1.475076,4.3714
"('TANK', 'TANK', 'OFFENSIVE_DIS', 'FULL', 'FULL', 'FIELD_OURS_OFF', 'SLOWER', 'MEC_USED', 'CLEAN', 'CLEAN', 'NEUTRAL', 'NEUTRAL', 'CLEAR', 'CLEAR', 'OPENING', 'BANCO_AMBOS')",7,4,7,57.143,HEAL,42.857,1.277034,3.5860
"('SWEEPER', 'SWEEPER', 'OFFENSIVE_ADV', 'DANGER', 'FULL', 'FIELD_OURS_OFF', 'FASTER', 'MEC_USED', 'CLEAN', 'CLEAN', 'NEUTRAL', 'NEUTRAL', 'CLEAR', 'CLEAR', 'OPENING', 'BANCO_OFF')",7,1,4,25.000,ATTACK_PREDICTIVE,100.000,-0.000000,1.0000
"('TANK', 'TANK', 'NEUTRAL', 'SAFE', 'SAFE', 'NORMAL', 'FASTER', 'MEC_AVAIL', 'CLEAN', 'CLEAN', 'NEUTRAL', 'NEUTRAL', 'CLEAR', 'CLEAR', 'BRAWL', 'BANCO_OFF')",7,2,8,25.000,HEAL_MEC,85.714,0.410116,1.5070
"('TANK', 'TANK', 'NEUTRAL', 'SAFE', 'SAFE', 'NORMAL', 'SLOWER', 'MEC_USED', 'CLEAN', 'CLEAN', 'NEUTRAL', 'NEUTRAL', 'SET', 'CLEAR', 'CLUTCH', 'BANCO_VAZIO')",7,2,10,20.000,SWITCH_OFFENSIVE,85.714,0.410116,1.5070
"('TANK', 'TANK', 'NEUTRAL', 'CRIT', 'FULL', 'NORMAL', 'SLOWER', 'MEC_USED', 'CLEAN', 'CLEAN', 'NEUTRAL', 'NEUTRAL', 'SET', 'SET', 'RECOVERING', 'BANCO_VAZIO')",7,4,8,50.000,ATTACK_PIVOT,42.857,1.277034,3.5860
"('TANK', 'TANK', 'CRITICAL_DIS', 'SAFE', 'FULL', 'NORMAL', 'FASTER', 'MEC_USED', 'AFFLICTED', 'CLEAN', 'NEUTRAL', 'NEUTRAL', 'SET', 'SET', 'CLUTCH', 'BANCO_VAZIO')",7,3,4,75.000,HAZARD,71.429,0.796312,2.2173
"('TANK', 'TANK', 'DEFENSIVE_DIS', 'SAFE', 'FULL', 'NORMAL', 'FASTER', 'MEC_USED', 'CLEAN', 'CLEAN', 'NEUTRAL', 'NEUTRAL', 'SET', 'CLEAR', 'CLUTCH', 'BANCO_VAZIO')",7,2,2,100.000,HEAL,85.714,0.410116,1.5070
"('TANK', 'TANK', 'OFFENSIVE_DIS', 'DANGER', 'FULL', 'NORMAL', 'SLOWER', 'MEC_USED', 'CLEAN', 'AFFLICTED', 'NEUTRAL', 'DEBUFF', 'SET', 'SET', 'RECOVERING', 'BANCO_VAZIO')",6,4,7,57.143,STATUS,33.333,1.329661,3.7798
"('TANK', 'UTILITY', 'NEUTRAL', 'FULL', 'FULL', 'NORMAL', 'SLOWER', 'MEC_USED', 'AFFLICTED', 'CLEAN', 'NEUTRAL', 'NEUTRAL', 'CLEAR', 'CLEAR', 'CLUTCH', 'BANCO_VAZIO')",6,4,5,80.000,CLEAN_HAZARD,33.333,1.329661,3.7798
"('TANK', 'TANK', 'OFFENSIVE_DIS', 'FULL', 'SAFE', 'NORMAL', 'SLOWER', 'MEC_USED', 'CLEAN', 'CLEAN', 'DEBUFF', 'NEUTRAL', 'SET', 'SET', 'CLUTCH', 'BANCO_VAZIO')",6,4,6,66.667,SWITCH_OFFENSIVE,50.000,1.242453,3.4641
"('TANK', 'TANK', 'NEUTRAL', 'SAFE', 'FULL', 'NORMAL', 'FASTER', 'MEC_USED', 'CLEAN', 'AFFLICTED', 'DEBUFF', 'DEBUFF_DEBUFF', 'CLEAR', 'SET', 'RECOVERING', 'BANCO_VAZIO')",6,1,2,50.000,HAZARD,100.000,-0.000000,1.0000
"('TANK', 'TANK', 'NEUTRAL', 'SAFE', 'FULL', 'NORMAL', 'SLOWER', 'MEC_USED', 'AFFLICTED', 'CLEAN', 'DEBUFF', 'NEUTRAL', 'CLEAR', 'SET', 'RECOVERING', 'BANCO_VAZIO')",6,5,9,55.556,HEAL,33.333,1.560710,4.7622
"('TANK', 'TANK', 'OFFENSIVE_DIS', 'SAFE', 'SAFE', 'NORMAL', 'FASTER', 'MEC_USED', 'CLEAN', 'CLEAN', 'NEUTRAL', 'NEUTRAL', 'SET', 'CLEAR', 'OPENING', 'BANCO_VAZIO')",6,5,9,55.556,ATTACK_TECH,33.333,1.560710,4.7622
"('TANK', 'TANK', 'NEUTRAL', 'FULL', 'FULL', 'FIELD_SHARED', 'SLOWER', 'MEC_USED', 'CLEAN', 'CLEAN', 'NEUTRAL', 'NEUTRAL', 'SET', 'CLEAR', 'OPENING', 'BANCO_VAZIO')",6,4,13,30.769,CLEAN_HAZARD,50.000,1.242453,3.4641
"('TANK', 'TANK', 'VOLATILE', 'FULL', 'FULL', 'NORMAL', 'FASTER', 'MEC_USED', 'CLEAN', 'CLEAN', 'NEUTRAL', 'NEUTRAL', 'CLEAR', 'SET', 'BRAWL', 'BANCO_OFF')",6,3,8,37.500,ATTACK_STRONG,50.000,1.011404,2.7495
"('TANK', 'TANK', 'NEUTRAL', 'FULL', 'CRIT', 'NORMAL', 'SLOWER', 'MEC_USED', 'CLEAN', 'CLEAN', 'NEUTRAL', 'NEUTRAL', 'CLEAR', 'SET', 'RECOVERING', 'BANCO_VAZIO')",6,3,9,33.333,ATTACK_STRONG,66.667,0.867563,2.3811
"('TANK', 'SWEEPER', 'OFFENSIVE_ADV', 'DANGER', 'FULL', 'NORMAL', 'SLOWER', 'MEC_USED', 'CLEAN', 'CLEAN', 'NEUTRAL', 'NEUTRAL', 'CLEAR', 'CLEAR', 'OPENING', 'BANCO_VAZIO')",6,4,7,57.143,ATTACK_STRONG,33.333,1.329661,3.7798
"('TANK', 'TANK', 'CRITICAL_DIS', 'SAFE', 'FULL', 'NORMAL', 'FASTER', 'MEC_USED', 'CLEAN', 'CLEAN', 'NEUTRAL', 'NEUTRAL', 'SET', 'CLEAR', 'OPENING', 'BANCO_VAZIO')",6,3,9,33.333,SWITCH_DEFENSIVE,66.667,0.867563,2.3811
"('TANK', 'TANK', 'DEFENSIVE_ADV', 'SAFE', 'FULL', 'NORMAL', 'SLOWER', 'MEC_USED', 'CLEAN', 'CLEAN', 'NEUTRAL', 'NEUTRAL', 'SET', 'CLEAR', 'OPENING', 'BANCO_AMBOS')",6,2,11,18.182,ATTACK_STRONG,50.000,0.693147,2.0000
"('TANK', 'TANK', 'OFFENSIVE_DIS', 'FULL', 'FULL', 'NORMAL', 'SLOWER', 'MEC_USED', 'CLEAN', 'CLEAN', 'NEUTRAL', 'NEUTRAL', 'CLEAR', 'CLEAR', 'OPENING', 'BANCO_DEF')",6,5,8,62.500,SWITCH_DEFENSIVE,33.333,1.560710,4.7622
"('TANK', 'SWEEPER', 'NEUTRAL', 'SAFE', 'SAFE', 'NORMAL', 'SLOWER', 'MEC_USED', 'CLEAN', 'CLEAN', 'NEUTRAL', 'NEUTRAL', 'CLEAR', 'CLEAR', 'RECOVERING', 'BANCO_VAZIO')",6,5,9,55.556,ATTACK_PREDICTIVE,33.333,1.560710,4.7622
"('TANK', 'TANK', 'NEUTRAL', 'DANGER', 'DANGER', 'NORMAL', 'FASTER', 'MEC_USED', 'CLEAN', 'CLEAN', 'NEUTRAL', 'NEUTRAL', 'SET', 'CLEAR', 'OPENING', 'BANCO_OFF')",6,6,12,50.000,ATTACK_STRONG,16.667,1.791759,6.0000
"('SWEEPER', 'UTILITY', 'OFFENSIVE_ADV', 'FULL', 'FULL', 'FIELD_THEIRS', 'SLOWER', 'MEC_USED', 'CLEAN', 'CLEAN', 'NEUTRAL', 'NEUTRAL', 'CLEAR', 'CLEAR', 'OPENING', 'BANCO_OFF')",6,4,7,57.143,ATTACK_PIVOT,50.000,1.242453,3.4641
"('SWEEPER', 'TANK', 'NEUTRAL', 'FULL', 'SAFE', 'NORMAL', 'FASTER', 'MEC_USED', 'CLEAN', 'CLEAN', 'NEUTRAL', 'NEUTRAL', 'SET', 'CLEAR', 'OPENING', 'BANCO_OFF')",6,4,6,66.667,ATTACK_STRONG,33.333,1.329661,3.7798
"('TANK', 'TANK', 'DOMINANT', 'SAFE', 'FULL', 'NORMAL', 'SLOWER', 'MEC_USED', 'CLEAN', 'CLEAN', 'NEUTRAL', 'NEUTRAL', 'CLEAR', 'CLEAR', 'BRAWL', 'BANCO_OFF')",6,3,8,37.500,ATTACK_TECH,50.000,1.011404,2.7495
"('TANK', 'TANK', 'DEFENSIVE_DIS', 'DANGER', 'FULL', 'NORMAL', 'FASTER', 'MEC_USED', 'CLEAN', 'CLEAN', 'NEUTRAL', 'NEUTRAL', 'CLEAR', 'SET', 'OPENING', 'BANCO_OFF')",6,2,9,22.222,SWITCH_DEFENSIVE,66.667,0.636514,1.8899
"('TANK', 'TANK', 'DEFENSIVE_ADV', 'FULL', 'FULL', 'NORMAL', 'FASTER', 'MEC_AVAIL', 'CLEAN', 'CLEAN', 'NEUTRAL', 'NEUTRAL', 'CLEAR', 'CLEAR', 'OPENING', 'BANCO_VAZIO')",6,5,10,50.000,ATTACK_STRONG,33.333,1.560710,4.7622
"('SWEEPER', 'TANK', 'NEUTRAL', 'FULL', 'FULL', 'FIELD_OURS_OFF', 'FASTER', 'MEC_AVAIL', 'CLEAN', 'CLEAN', 'NEUTRAL', 'NEUTRAL', 'CLEAR', 'CLEAR', 'OPENING', 'BANCO_AMBOS')",6,5,14,35.714,SWITCH_OFFENSIVE,33.333,1.560710,4.7622
"('SWEEPER', 'TANK', 'OFFENSIVE_ADV', 'DANGER', 'FULL', 'NORMAL', 'FASTER', 'MEC_USED', 'CLEAN', 'CLEAN', 'NEUTRAL', 'NEUTRAL', 'CLEAR', 'CLEAR', 'OPENING', 'BANCO_AMBOS')",6,3,6,50.000,SWITCH_DEFENSIVE,50.000,1.011404,2.7495
"('TANK', 'TANK', 'NEUTRAL', 'FULL', 'SAFE', 'NORMAL', 'SLOWER', 'MEC_AVAIL', 'CLEAN', 'CLEAN', 'NEUTRAL', 'NEUTRAL', 'CLEAR', 'CLEAR', 'OPENING', 'BANCO_OFF')",6,5,14,35.714,STATUS,33.333,1.560710,4.7622
"('SWEEPER', 'SWEEPER', 'VOLATILE', 'FULL', 'FULL', 'FIELD_OURS_OFF', 'FASTER', 'MEC_USED', 'CLEAN', 'CLEAN', 'NEUTRAL', 'NEUTRAL', 'CLEAR', 'CLEAR', 'OPENING', 'BANCO_OFF')",6,3,6,50.000,SWITCH_OFFENSIVE,50.000,1.011404,2.7495
"('TANK', 'TANK', 'OFFENSIVE_ADV', 'SAFE', 'FULL', 'NORMAL', 'SLOWER', 'MEC_USED', 'CLEAN', 'CLEAN', 'NEUTRAL', 'NEUTRAL', 'CLEAR', 'CLEAR', 'CLUTCH', 'BANCO_VAZIO')",6,1,8,12.500,ATTACK_STRONG,100.000,-0.000000,1.0000
"('TANK', 'TANK', 'OFFENSIVE_ADV', 'SAFE', 'FULL', 'NORMAL', 'FASTER', 'MEC_AVAIL', 'CLEAN', 'CLEAN', 'NEUTRAL', 'NEUTRAL', 'SET', 'CLEAR', 'OPENING', 'BANCO_AMBOS')",6,2,12,16.667,ATTACK_PREDICTIVE_MEC,83.333,0.450561,1.5692
"('TANK', 'TANK', 'OFFENSIVE_ADV', 'DANGER', 'SAFE', 'FIELD_THEIRS', 'SLOWER', 'MEC_USED', 'CLEAN', 'CLEAN', 'NEUTRAL', 'NEUTRAL', 'CLEAR', 'CLEAR', 'OPENING', 'BANCO_OFF')",6,6,10,60.000,ATTACK_STRONG,16.667,1.791759,6.0000
"('TANK', 'TANK', 'VOLATILE', 'FULL', 'FULL', 'FIELD_SHARED', 'SLOWER', 'MEC_USED', 'CLEAN', 'CLEAN', 'NEUTRAL', 'NEUTRAL', 'CLEAR', 'CLEAR', 'OPENING', 'BANCO_AMBOS')",6,3,7,42.857,ATTACK_PREDICTIVE,66.667,0.867563,2.3811
"('TANK', 'TANK', 'OFFENSIVE_DIS', 'SAFE', 'FULL', 'NORMAL', 'SLOWER', 'MEC_USED', 'CLEAN', 'CLEAN', 'NEUTRAL', 'NEUTRAL', 'CLEAR', 'SET', 'OPENING', 'BANCO_VAZIO')",6,3,9,33.333,STATUS,50.000,1.011404,2.7495
"('TANK', 'TANK', 'DEFENSIVE_DIS', 'FULL', 'SAFE', 'NORMAL', 'FASTER', 'MEC_USED', 'CLEAN', 'CLEAN', 'NEUTRAL', 'NEUTRAL', 'CLEAR', 'SET', 'RECOVERING', 'BANCO_VAZIO')",6,5,10,50.000,ATTACK_PIVOT,33.333,1.560710,4.7622
"('TANK', 'TANK', 'VOLATILE', 'DANGER', 'FULL', 'NORMAL', 'FASTER', 'MEC_AVAIL', 'CLEAN', 'CLEAN', 'NEUTRAL', 'NEUTRAL', 'CLEAR', 'CLEAR', 'OPENING', 'BANCO_OFF')",6,5,14,35.714,SWITCH_OFFENSIVE,33.333,1.560710,4.7622
"('TANK', 'TANK', 'DEFENSIVE_DIS', 'SAFE', 'FULL', 'NORMAL', 'SLOWER', 'MEC_USED', 'CLEAN', 'AFFLICTED', 'NEUTRAL', 'NEUTRAL', 'CLEAR', 'CLEAR', 'OPENING', 'BANCO_OFF')",6,2,5,40.000,SWITCH_DEFENSIVE,66.667,0.636514,1.8899
"('UTILITY', 'TANK', 'NEUTRAL', 'FULL', 'FULL', 'NORMAL', 'FASTER', 'MEC_USED', 'CLEAN', 'CLEAN', 'NEUTRAL', 'NEUTRAL', 'CLEAR', 'CLEAR', 'BRAWL', 'BANCO_OFF')",6,5,8,62.500,ATTACK_TECH,33.333,1.560710,4.7622
"('TANK', 'TANK', 'OFFENSIVE_ADV', 'SAFE', 'DANGER', 'NORMAL', 'FASTER', 'MEC_USED', 'CLEAN', 'CLEAN', 'NEUTRAL', 'NEUTRAL', 'SET', 'SET', 'BRAWL', 'BANCO_OFF')",6,2,10,20.000,ATTACK_STRONG,83.333,0.450561,1.5692
"('SWEEPER', 'TANK', 'OFFENSIVE_ADV', 'SAFE', 'SAFE', 'NORMAL', 'FASTER', 'MEC_USED', 'CLEAN', 'CLEAN', 'NEUTRAL', 'NEUTRAL', 'CLEAR', 'CLEAR', 'OPENING', 'BANCO_AMBOS')",6,5,7,71.429,ATTACK_TECH,33.333,1.560710,4.7622
"('TANK', 'TANK', 'DEFENSIVE_ADV', 'FULL', 'FULL', 'NORMAL', 'SLOWER', 'MEC_USED', 'CLEAN', 'CLEAN', 'NEUTRAL', 'NEUTRAL', 'SET', 'CLEAR', 'OPENING', 'BANCO_VAZIO')",6,4,11,36.364,STATUS,33.333,1.329661,3.7798
"('TANK', 'TANK', 'CRITICAL_DIS', 'CRIT', 'SAFE', 'NORMAL', 'SLOWER', 'MEC_USED', 'CLEAN', 'CLEAN', 'NEUTRAL', 'NEUTRAL', 'CLEAR', 'SET', 'RECOVERING', 'BANCO_VAZIO')",6,4,6,66.667,PROTECT,50.000,1.242453,3.4641
"('TANK', 'TANK', 'DEFENSIVE_DIS', 'FULL', 'FULL', 'NORMAL', 'FASTER', 'MEC_USED', 'CLEAN', 'AFFLICTED', 'NEUTRAL', 'DEBUFF', 'CLEAR', 'CLEAR', 'CLUTCH', 'BANCO_DEF')",6,1,5,20.000,ATTACK_PIVOT,100.000,-0.000000,1.0000
"('TANK', 'TANK', 'CRITICAL_DIS', 'SAFE', 'DANGER', 'NORMAL', 'FASTER', 'MEC_USED', 'CLEAN', 'CLEAN', 'NEUTRAL', 'NEUTRAL', 'SET', 'SET', 'RECOVERING', 'BANCO_VAZIO')",6,3,9,33.333,HEAL,50.000,1.011404,2.7495
"('TANK', 'SWEEPER', 'OFFENSIVE_ADV', 'SAFE', 'FULL', 'NORMAL', 'SLOWER', 'MEC_USED', 'CLEAN', 'CLEAN', 'NEUTRAL', 'NEUTRAL', 'SET', 'CLEAR', 'OPENING', 'BANCO_OFF')",6,5,12,41.667,STATUS,33.333,1.560710,4.7622
"('TANK', 'SWEEPER', 'NEUTRAL', 'FULL', 'SAFE', 'NORMAL', 'SLOWER', 'MEC_USED', 'CLEAN', 'CLEAN', 'NEUTRAL', 'NEUTRAL', 'CLEAR', 'CLEAR', 'RECOVERING', 'BANCO_VAZIO')",6,4,7,57.143,ATTACK_PREDICTIVE,33.333,1.329661,3.7798
"('TANK', 'TANK', 'NEUTRAL', 'FULL', 'SAFE', 'FIELD_SHARED', 'FASTER', 'MEC_AVAIL', 'CLEAN', 'CLEAN', 'NEUTRAL', 'NEUTRAL', 'CLEAR', 'CLEAR', 'OPENING', 'BANCO_VAZIO')",6,3,10,30.000,ATTACK_PIVOT,50.000,1.011404,2.7495
"('TANK', 'TANK', 'DOMINANT', 'FULL', 'FULL', 'FIELD_OURS_DEF', 'FASTER', 'MEC_USED', 'CLEAN', 'CLEAN', 'NEUTRAL', 'NEUTRAL', 'CLEAR', 'CLEAR', 'OPENING', 'BANCO_DEF')",6,2,4,50.000,SWITCH_OFFENSIVE,66.667,0.636514,1.8899
"('TANK', 'TANK', 'OFFENSIVE_ADV', 'SAFE', 'SAFE', 'NORMAL', 'FASTER', 'MEC_USED', 'AFFLICTED', 'CLEAN', 'NEUTRAL', 'NEUTRAL', 'SET', 'SET', 'RECOVERING', 'BANCO_VAZIO')",6,2,7,28.571,ATTACK_PREDICTIVE,83.333,0.450561,1.5692
"('TANK', 'UTILITY', 'NEUTRAL', 'FULL', 'FULL', 'FIELD_OURS_DEF', 'SLOWER', 'MEC_USED', 'CLEAN', 'CLEAN', 'NEUTRAL', 'NEUTRAL', 'CLEAR', 'CLEAR', 'OPENING', 'BANCO_AMBOS')",6,3,6,50.000,SWITCH_OFFENSIVE,50.000,1.011404,2.7495
"('TANK', 'TANK', 'NEUTRAL', 'DANGER', 'CRIT', 'NORMAL', 'SLOWER', 'MEC_USED', 'CLEAN', 'CLEAN', 'NEUTRAL', 'NEUTRAL', 'CLEAR', 'CLEAR', 'OPENING', 'BANCO_OFF')",6,3,7,42.857,SWITCH_DEFENSIVE,50.000,1.011404,2.7495
"('TANK', 'TANK', 'VOLATILE', 'FULL', 'FULL', 'NORMAL', 'FASTER', 'MEC_AVAIL', 'CLEAN', 'CLEAN', 'NEUTRAL', 'NEUTRAL', 'CLEAR', 'CLEAR', 'BRAWL', 'BANCO_OFF')",6,2,12,16.667,ATTACK_STRONG,66.667,0.636514,1.8899
"('TANK', 'UTILITY', 'DEFENSIVE_DIS', 'FULL', 'FULL', 'NORMAL', 'FASTER', 'MEC_USED', 'CLEAN', 'CLEAN', 'NEUTRAL', 'NEUTRAL', 'CLEAR', 'CLEAR', 'OPENING', 'BANCO_AMBOS')",6,4,7,57.143,ATTACK_PREDICTIVE,33.333,1.329661,3.7798
"('TANK', 'TANK', 'OFFENSIVE_DIS', 'SAFE', 'CRIT', 'NORMAL', 'SLOWER', 'MEC_USED', 'CLEAN', 'CLEAN', 'NEUTRAL', 'NEUTRAL', 'SET', 'SET', 'RECOVERING', 'BANCO_VAZIO')",6,1,5,20.000,ATTACK_TECH,100.000,-0.000000,1.0000
"('TANK', 'TANK', 'DEFENSIVE_DIS', 'FULL', 'SAFE', 'NORMAL', 'SLOWER', 'MEC_USED', 'CLEAN', 'CLEAN', 'NEUTRAL', 'NEUTRAL', 'SET', 'CLEAR', 'RECOVERING', 'BANCO_VAZIO')",6,6,9,66.667,ATTACK_PIVOT,16.667,1.791759,6.0000
"('SWEEPER', 'TANK', 'OFFENSIVE_ADV', 'FULL', 'SAFE', 'FIELD_SHARED', 'FASTER', 'MEC_USED', 'CLEAN', 'CLEAN', 'NEUTRAL', 'DEBUFF', 'CLEAR', 'CLEAR', 'OPENING', 'BANCO_OFF')",6,2,6,33.333,SWITCH_DEFENSIVE,83.333,0.450561,1.5692
"('TANK', 'TANK', 'NEUTRAL', 'DANGER', 'FULL', 'NORMAL', 'SLOWER', 'MEC_USED', 'CLEAN', 'CLEAN', 'NEUTRAL', 'NEUTRAL', 'CLEAR', 'CLEAR', 'BRAWL', 'BANCO_VAZIO')",6,5,10,50.000,ATTACK_PREDICTIVE,33.333,1.560710,4.7622
"('TANK', 'TANK', 'DOMINANT', 'SAFE', 'FULL', 'FIELD_THEIRS', 'SLOWER', 'MEC_USED', 'CLEAN', 'CLEAN', 'NEUTRAL', 'NEUTRAL', 'SET', 'CLEAR', 'OPENING', 'BANCO_OFF')",6,5,8,62.500,CLEAN_HAZARD,33.333,1.560710,4.7622
"('TANK', 'TANK', 'DOMINANT', 'FULL', 'FULL', 'FIELD_OURS_OFF', 'FASTER', 'MEC_AVAIL', 'CLEAN', 'CLEAN', 'NEUTRAL', 'NEUTRAL', 'CLEAR', 'CLEAR', 'OPENING', 'BANCO_OFF')",6,4,10,40.000,ATTACK_PIVOT,50.000,1.242453,3.4641
"('TANK', 'SWEEPER', 'OFFENSIVE_DIS', 'SAFE', 'SAFE', 'FIELD_SHARED', 'SLOWER', 'MEC_USED', 'CLEAN', 'CLEAN', 'NEUTRAL', 'NEUTRAL', 'CLEAR', 'CLEAR', 'OPENING', 'BANCO_OFF')",6,6,12,50.000,ATTACK_PREDICTIVE,16.667,1.791759,6.0000
"('SWEEPER', 'UTILITY', 'CRITICAL_DIS', 'FULL', 'FULL', 'NORMAL', 'FASTER', 'MEC_USED', 'CLEAN', 'CLEAN', 'NEUTRAL', 'NEUTRAL', 'CLEAR', 'CLEAR', 'OPENING', 'BANCO_OFF')",6,1,4,25.000,STATUS,100.000,-0.000000,1.0000
"('UTILITY', 'TANK', 'DEFENSIVE_DIS', 'FULL', 'FULL', 'FIELD_THEIRS', 'FASTER', 'MEC_AVAIL', 'CLEAN', 'CLEAN', 'NEUTRAL', 'NEUTRAL', 'CLEAR', 'CLEAR', 'OPENING', 'BANCO_VAZIO')",6,3,6,50.000,SWITCH_OFFENSIVE,66.667,0.867563,2.3811
"('TANK', 'TANK', 'DEFENSIVE_DIS', 'SAFE', 'SAFE', 'NORMAL', 'SLOWER', 'MEC_USED', 'CLEAN', 'CLEAN', 'NEUTRAL', 'NEUTRAL', 'SET', 'CLEAR', 'OPENING', 'BANCO_OFF')",6,6,11,54.545,ATTACK_STRONG,16.667,1.791759,6.0000
"('TANK', 'UTILITY', 'CRITICAL_DIS', 'SAFE', 'SAFE', 'NORMAL', 'SLOWER', 'MEC_USED', 'CLEAN', 'CLEAN', 'NEUTRAL', 'BUFFED', 'CLEAR', 'SET', 'RECOVERING', 'BANCO_VAZIO')",6,3,9,33.333,HEAL,50.000,1.011404,2.7495
"('TANK', 'TANK', 'DEFENSIVE_DIS', 'SAFE', 'SAFE', 'NORMAL', 'FASTER', 'MEC_USED', 'CLEAN', 'CLEAN', 'NEUTRAL', 'NEUTRAL', 'CLEAR', 'SET', 'OPENING', 'BANCO_AMBOS')",6,1,6,16.667,SWITCH_DEFENSIVE,100.000,-0.000000,1.0000
"('SWEEPER', 'TANK', 'DEFENSIVE_ADV', 'FULL', 'FULL', 'FIELD_SHARED', 'FASTER', 'MEC_AVAIL', 'CLEAN', 'CLEAN', 'NEUTRAL', 'NEUTRAL', 'CLEAR', 'CLEAR', 'OPENING', 'BANCO_AMBOS')",6,4,8,50.000,BUFF_MEC,50.000,1.242453,3.4641
"('TANK', 'TANK', 'NEUTRAL', 'DANGER', 'FULL', 'FIELD_SHARED', 'FASTER', 'MEC_USED', 'CLEAN', 'CLEAN', 'NEUTRAL', 'NEUTRAL', 'CLEAR', 'CLEAR', 'OPENING', 'BANCO_AMBOS')",6,4,6,66.667,STATUS,33.333,1.329661,3.7798
"('TANK', 'TANK', 'NEUTRAL', 'DANGER', 'SAFE', 'NORMAL', 'SLOWER', 'MEC_USED', 'CLEAN', 'CLEAN', 'NEUTRAL', 'NEUTRAL', 'CLEAR', 'CLEAR', 'CLUTCH', 'BANCO_VAZIO')",6,3,11,27.273,ATTACK_STRONG,66.667,0.867563,2.3811
"('TANK', 'TANK', 'OFFENSIVE_ADV', 'SAFE', 'DANGER', 'FIELD_SHARED', 'FASTER', 'MEC_USED', 'CLEAN', 'CLEAN', 'NEUTRAL', 'NEUTRAL', 'CLEAR', 'CLEAR', 'OPENING', 'BANCO_OFF')",6,6,10,60.000,ATTACK_STRONG,16.667,1.791759,6.0000
"('TANK', 'SWEEPER', 'DOMINANT', 'FULL', 'FULL', 'FIELD_SHARED', 'SLOWER', 'MEC_USED', 'CLEAN', 'CLEAN', 'NEUTRAL', 'NEUTRAL', 'CLEAR', 'CLEAR', 'OPENING', 'BANCO_OFF')",6,5,7,71.429,DISRUPTION,33.333,1.560710,4.7622
"('TANK', 'TANK', 'OFFENSIVE_ADV', 'DANGER', 'SAFE', 'NORMAL', 'FASTER', 'MEC_USED', 'CLEAN', 'CLEAN', 'NEUTRAL', 'NEUTRAL', 'SET', 'SET', 'OPENING', 'BANCO_OFF')",6,4,10,40.000,ATTACK_STRONG,50.000,1.242453,3.4641
"('TANK', 'TANK', 'VOLATILE', 'SAFE', 'FULL', 'FIELD_THEIRS', 'FASTER', 'MEC_AVAIL', 'CLEAN', 'CLEAN', 'NEUTRAL', 'NEUTRAL', 'CLEAR', 'CLEAR', 'OPENING', 'BANCO_OFF')",6,3,10,30.000,BUFF,66.667,0.867563,2.3811
"('UTILITY', 'TANK', 'OFFENSIVE_ADV', 'SAFE', 'FULL', 'FIELD_OURS_OFF', 'FASTER', 'MEC_USED', 'CLEAN', 'CLEAN', 'NEUTRAL', 'NEUTRAL', 'CLEAR', 'CLEAR', 'OPENING', 'BANCO_OFF')",6,2,5,40.000,ATTACK_STRONG,83.333,0.450561,1.5692
"('TANK', 'TANK', 'OFFENSIVE_DIS', 'FULL', 'SAFE', 'NORMAL', 'SLOWER', 'MEC_USED', 'CLEAN', 'AFFLICTED', 'NEUTRAL', 'NEUTRAL', 'CLEAR', 'CLEAR', 'OPENING', 'BANCO_OFF')",6,6,6,100.000,ATTACK_TECH,16.667,1.791759,6.0000
"('TANK', 'TANK', 'VOLATILE', 'FULL', 'SAFE', 'FIELD_SHARED', 'FASTER', 'MEC_USED', 'CLEAN', 'CLEAN', 'NEUTRAL', 'NEUTRAL', 'CLEAR', 'CLEAR', 'OPENING', 'BANCO_AMBOS')",6,4,8,50.000,ATTACK_PIVOT,50.000,1.242453,3.4641
"('TANK', 'TANK', 'DOMINANT', 'FULL', 'FULL', 'FIELD_OURS_OFF', 'FASTER', 'MEC_USED', 'CLEAN', 'AFFLICTED', 'NEUTRAL', 'NEUTRAL', 'CLEAR', 'CLEAR', 'OPENING', 'BANCO_OFF')",6,2,5,40.000,ATTACK_PREDICTIVE,83.333,0.450561,1.5692
"('TANK', 'UTILITY', 'DOMINANT', 'FULL', 'FULL', 'FIELD_OURS_OFF', 'SLOWER', 'MEC_USED', 'CLEAN', 'CLEAN', 'NEUTRAL', 'NEUTRAL', 'CLEAR', 'CLEAR', 'OPENING', 'BANCO_OFF')",6,5,8,62.500,ATTACK_TECH,33.333,1.560710,4.7622
"('UTILITY', 'TANK', 'NEUTRAL', 'FULL', 'FULL', 'FIELD_SHARED', 'FASTER', 'MEC_USED', 'CLEAN', 'CLEAN', 'NEUTRAL', 'NEUTRAL', 'CLEAR', 'CLEAR', 'OPENING', 'BANCO_OFF')",6,5,6,83.333,BUFF,33.333,1.560710,4.7622
"('TANK', 'TANK', 'NEUTRAL', 'CRIT', 'FULL', 'NORMAL', 'SLOWER', 'MEC_USED', 'CLEAN', 'CLEAN', 'NEUTRAL', 'NEUTRAL', 'SET', 'SET', 'CLUTCH', 'BANCO_VAZIO')",6,5,8,62.500,SWITCH_DEFENSIVE,33.333,1.560710,4.7622
"('TANK', 'TANK', 'NEUTRAL', 'SAFE', 'DANGER', 'NORMAL', 'FASTER', 'MEC_USED', 'CLEAN', 'CLEAN', 'NEUTRAL', 'NEUTRAL', 'CLEAR', 'CLEAR', 'RECOVERING', 'BANCO_VAZIO')",6,5,10,50.000,ATTACK_STRONG,33.333,1.560710,4.7622
"('TANK', 'TANK', 'NEUTRAL', 'FULL', 'FULL', 'NORMAL', 'FASTER', 'MEC_AVAIL', 'CLEAN', 'CLEAN', 'NEUTRAL', 'NEUTRAL', 'CLEAR', 'CLEAR', 'OPENING', 'BANCO_DEF')",6,5,16,31.250,BUFF,33.333,1.560710,4.7622
"('TANK', 'TANK', 'NEUTRAL', 'CRIT', 'FULL', 'NORMAL', 'FASTER', 'MEC_USED', 'CLEAN', 'CLEAN', 'NEUTRAL', 'NEUTRAL', 'CLEAR', 'CLEAR', 'OPENING', 'BANCO_AMBOS')",6,5,9,55.556,ATTACK_TECH,33.333,1.560710,4.7622
"('TANK', 'SWEEPER', 'NEUTRAL', 'FULL', 'FULL', 'FIELD_THEIRS', 'SLOWER', 'MEC_AVAIL', 'CLEAN', 'CLEAN', 'NEUTRAL', 'NEUTRAL', 'CLEAR', 'CLEAR', 'OPENING', 'BANCO_AMBOS')",6,4,14,28.571,ATTACK_TECH,33.333,1.329661,3.7798
"('TANK', 'TANK', 'VOLATILE', 'FULL', 'FULL', 'NORMAL', 'FASTER', 'MEC_USED', 'CLEAN', 'CLEAN', 'BUFFED', 'NEUTRAL', 'CLEAR', 'CLEAR', 'OPENING', 'BANCO_AMBOS')",6,5,7,71.429,ATTACK_STRONG,33.333,1.560710,4.7622
"('TANK', 'TANK', 'DEFENSIVE_DIS', 'DANGER', 'SAFE', 'NORMAL', 'SLOWER', 'MEC_USED', 'CLEAN', 'CLEAN', 'NEUTRAL', 'NEUTRAL', 'CLEAR', 'SET', 'RECOVERING', 'BANCO_VAZIO')",6,6,11,54.545,ATTACK_STRONG,16.667,1.791759,6.0000
"('TANK', 'TANK', 'OFFENSIVE_DIS', 'SAFE', 'FULL', 'NORMAL', 'FASTER', 'MEC_USED', 'AFFLICTED', 'CLEAN', 'DEBUFF', 'NEUTRAL', 'CLEAR', 'SET', 'CLUTCH', 'BANCO_VAZIO')",6,1,3,33.333,HEAL,100.000,-0.000000,1.0000
"('TANK', 'TANK', 'NEUTRAL', 'DANGER', 'SAFE', 'NORMAL', 'SLOWER', 'MEC_USED', 'CLEAN', 'CLEAN', 'NEUTRAL', 'NEUTRAL', 'SET', 'CLEAR', 'RECOVERING', 'BANCO_VAZIO')",6,3,9,33.333,STAT_CLEAN,50.000,1.011404,2.7495
"('TANK', 'TANK', 'NEUTRAL', 'FULL', 'DANGER', 'NORMAL', 'FASTER', 'MEC_USED', 'CLEAN', 'CLEAN', 'NEUTRAL', 'NEUTRAL', 'SET', 'CLEAR', 'OPENING', 'BANCO_VAZIO')",6,2,11,18.182,ATTACK_STRONG,83.333,0.450561,1.5692
"('UTILITY', 'TANK', 'OFFENSIVE_ADV', 'FULL', 'FULL', 'NORMAL', 'FASTER', 'MEC_AVAIL', 'CLEAN', 'CLEAN', 'NEUTRAL', 'NEUTRAL', 'CLEAR', 'CLEAR', 'OPENING', 'BANCO_DEF')",6,3,4,75.000,SWITCH_DEFENSIVE,50.000,1.011404,2.7495
"('UTILITY', 'SWEEPER', 'DEFENSIVE_DIS', 'FULL', 'FULL', 'NORMAL', 'SLOWER', 'MEC_USED', 'CLEAN', 'CLEAN', 'DEBUFF', 'NEUTRAL', 'CLEAR', 'CLEAR', 'OPENING', 'BANCO_OFF')",6,2,3,66.667,ATTACK_TECH,83.333,0.450561,1.5692
"('TANK', 'TANK', 'CRITICAL_DIS', 'SAFE', 'SAFE', 'NORMAL', 'SLOWER', 'MEC_USED', 'CLEAN', 'CLEAN', 'NEUTRAL', 'NEUTRAL', 'CLEAR', 'CLEAR', 'OPENING', 'BANCO_VAZIO')",6,4,10,40.000,PROTECT,33.333,1.329661,3.7798
"('TANK', 'TANK', 'OFFENSIVE_ADV', 'DANGER', 'SAFE', 'NORMAL', 'FASTER', 'MEC_USED', 'CLEAN', 'CLEAN', 'NEUTRAL', 'NEUTRAL', 'CLEAR', 'CLEAR', 'BRAWL', 'BANCO_OFF')",6,3,9,33.333,ATTACK_PREDICTIVE,66.667,0.867563,2.3811
"('TANK', 'TANK', 'NEUTRAL', 'FULL', 'SAFE', 'FIELD_THEIRS', 'FASTER', 'MEC_AVAIL', 'CLEAN', 'CLEAN', 'NEUTRAL', 'NEUTRAL', 'CLEAR', 'CLEAR', 'OPENING', 'BANCO_OFF')",6,2,12,16.667,SWITCH_DEFENSIVE,66.667,0.636514,1.8899
"('TANK', 'SWEEPER', 'CRITICAL_DIS', 'SAFE', 'FULL', 'NORMAL', 'SLOWER', 'MEC_USED', 'CLEAN', 'CLEAN', 'NEUTRAL', 'NEUTRAL', 'CLEAR', 'CLEAR', 'OPENING', 'BANCO_AMBOS')",6,4,10,40.000,ATTACK_STRONG,33.333,1.329661,3.7798
"('TANK', 'TANK', 'OFFENSIVE_ADV', 'CRIT', 'SAFE', 'NORMAL', 'FASTER', 'MEC_USED', 'CLEAN', 'CLEAN', 'NEUTRAL', 'NEUTRAL', 'SET', 'SET', 'BRAWL', 'BANCO_OFF')",6,4,10,40.000,ATTACK_STRONG,50.000,1.242453,3.4641
"('TANK', 'TANK', 'NEUTRAL', 'FULL', 'SAFE', 'NORMAL', 'FASTER', 'MEC_USED', 'AFFLICTED', 'CLEAN', 'NEUTRAL', 'NEUTRAL', 'SET', 'SET', 'CLUTCH', 'BANCO_VAZIO')",6,1,8,12.500,ATTACK_STRONG,100.000,-0.000000,1.0000
"('TANK', 'TANK', 'OFFENSIVE_ADV', 'SAFE', 'SAFE', 'NORMAL', 'FASTER', 'MEC_USED', 'AFFLICTED', 'CLEAN', 'NEUTRAL', 'NEUTRAL', 'SET', 'CLEAR', 'RECOVERING', 'BANCO_VAZIO')",6,5,8,62.500,ATTACK_PREDICTIVE,33.333,1.560710,4.7622
"('TANK', 'TANK', 'OFFENSIVE_DIS', 'FULL', 'SAFE', 'NORMAL', 'SLOWER', 'MEC_USED', 'CLEAN', 'CLEAN', 'NEUTRAL', 'NEUTRAL', 'CLEAR', 'SET', 'BRAWL', 'BANCO_OFF')",6,3,6,50.000,SWITCH_DEFENSIVE,50.000,1.011404,2.7495
"('TANK', 'SWEEPER', 'DOMINANT', 'FULL', 'FULL', 'FIELD_OURS_DEF', 'SLOWER', 'MEC_AVAIL', 'CLEAN', 'CLEAN', 'NEUTRAL', 'NEUTRAL', 'CLEAR', 'CLEAR', 'OPENING', 'BANCO_AMBOS')",6,2,6,33.333,SWITCH_OFFENSIVE,83.333,0.450561,1.5692
"('SWEEPER', 'UTILITY', 'DOMINANT', 'FULL', 'FULL', 'FIELD_THEIRS', 'SLOWER', 'MEC_USED', 'CLEAN', 'CLEAN', 'NEUTRAL', 'NEUTRAL', 'CLEAR', 'CLEAR', 'OPENING', 'BANCO_OFF')",6,4,5,80.000,SWITCH_DEFENSIVE,50.000,1.242453,3.4641
"('TANK', 'TANK', 'NEUTRAL', 'SAFE', 'FULL', 'FIELD_OURS_DEF', 'FASTER', 'MEC_USED', 'CLEAN', 'CLEAN', 'NEUTRAL', 'NEUTRAL', 'CLEAR', 'CLEAR', 'OPENING', 'BANCO_VAZIO')",6,3,9,33.333,ATTACK_PREDICTIVE,50.000,1.011404,2.7495
"('TANK', 'TANK', 'OFFENSIVE_ADV', 'FULL', 'FULL', 'NORMAL', 'SLOWER', 'MEC_USED', 'CLEAN', 'CLEAN', 'NEUTRAL', 'NEUTRAL', 'CLEAR', 'SET', 'BRAWL', 'BANCO_OFF')",6,4,8,50.000,ATTACK_PREDICTIVE,33.333,1.329661,3.7798
"('TANK', 'TANK', 'DEFENSIVE_DIS', 'FULL', 'FULL', 'NORMAL', 'FASTER', 'MEC_USED', 'CLEAN', 'CLEAN', 'NEUTRAL', 'NEUTRAL', 'CLEAR', 'SET', 'RECOVERING', 'BANCO_VAZIO')",6,2,8,25.000,SWITCH_DEFENSIVE,66.667,0.636514,1.8899
"('TANK', 'TANK', 'OFFENSIVE_DIS', 'SAFE', 'FULL', 'NORMAL', 'FASTER', 'MEC_AVAIL', 'CLEAN', 'CLEAN', 'NEUTRAL', 'NEUTRAL', 'CLEAR', 'CLEAR', 'OPENING', 'BANCO_OFF')",6,2,10,20.000,HEAL_MEC,83.333,0.450561,1.5692
"('TANK', 'TANK', 'OFFENSIVE_ADV', 'CRIT', 'FULL', 'NORMAL', 'FASTER', 'MEC_USED', 'CLEAN', 'CLEAN', 'NEUTRAL', 'NEUTRAL', 'CLEAR', 'SET', 'OPENING', 'BANCO_OFF')",6,5,10,50.000,HEAL,33.333,1.560710,4.7622
"('UTILITY', 'TANK', 'OFFENSIVE_ADV', 'SAFE', 'FULL', 'FIELD_THEIRS', 'FASTER', 'MEC_USED', 'CLEAN', 'CLEAN', 'NEUTRAL', 'NEUTRAL', 'CLEAR', 'CLEAR', 'OPENING', 'BANCO_OFF')",6,3,7,42.857,HEAL,50.000,1.011404,2.7495
"('TANK', 'TANK', 'DOMINANT', 'SAFE', 'FULL', 'FIELD_THEIRS', 'FASTER', 'MEC_USED', 'CLEAN', 'CLEAN', 'NEUTRAL', 'NEUTRAL', 'CLEAR', 'CLEAR', 'OPENING', 'BANCO_VAZIO')",6,4,6,66.667,ATTACK_STRONG,50.000,1.242453,3.4641
"('TANK', 'TANK', 'DOMINANT', 'SAFE', 'FULL', 'NORMAL', 'FASTER', 'MEC_AVAIL', 'CLEAN', 'CLEAN', 'NEUTRAL', 'NEUTRAL', 'CLEAR', 'CLEAR', 'OPENING', 'BANCO_OFF')",6,4,9,44.444,ATTACK_STRONG_MEC,50.000,1.242453,3.4641
"('TANK', 'TANK', 'DEFENSIVE_DIS', 'DANGER', 'SAFE', 'NORMAL', 'SLOWER', 'MEC_USED', 'CLEAN', 'CLEAN', 'NEUTRAL', 'NEUTRAL', 'CLEAR', 'SET', 'OPENING', 'BANCO_OFF')",6,2,7,28.571,SWITCH_DEFENSIVE,83.333,0.450561,1.5692
"('TANK', 'TANK', 'DEFENSIVE_DIS', 'CRIT', 'SAFE', 'NORMAL', 'SLOWER', 'MEC_USED', 'CLEAN', 'CLEAN', 'NEUTRAL', 'NEUTRAL', 'SET', 'SET', 'RECOVERING', 'BANCO_VAZIO')",6,6,10,60.000,ATTACK_STRONG,16.667,1.791759,6.0000
"('TANK', 'TANK', 'DOMINANT', 'SAFE', 'SAFE', 'NORMAL', 'FASTER', 'MEC_USED', 'CLEAN', 'CLEAN', 'NEUTRAL', 'NEUTRAL', 'CLEAR', 'CLEAR', 'OPENING', 'BANCO_AMBOS')",6,4,8,50.000,ATTACK_PREDICTIVE,50.000,1.242453,3.4641
"('TANK', 'TANK', 'NEUTRAL', 'SAFE', 'SAFE', 'NORMAL', 'SLOWER', 'MEC_USED', 'AFFLICTED', 'CLEAN', 'DEBUFF', 'NEUTRAL', 'CLEAR', 'CLEAR', 'OPENING', 'BANCO_VAZIO')",6,2,7,28.571,ATTACK_PIVOT,66.667,0.636514,1.8899
"('TANK', 'TANK', 'NEUTRAL', 'FULL', 'SAFE', 'NORMAL', 'FASTER', 'MEC_USED', 'AFFLICTED', 'AFFLICTED', 'DEBUFF', 'DEBUFF_DEBUFF', 'SET', 'SET', 'CLUTCH', 'BANCO_VAZIO')",6,2,4,50.000,ATTACK_STRONG,50.000,0.693147,2.0000
"('SWEEPER', 'TANK', 'NEUTRAL', 'FULL', 'SAFE', 'NORMAL', 'FASTER', 'MEC_USED', 'CLEAN', 'CLEAN', 'NEUTRAL', 'NEUTRAL', 'CLEAR', 'CLEAR', 'RECOVERING', 'BANCO_VAZIO')",6,2,6,33.333,ATTACK_PREDICTIVE,66.667,0.636514,1.8899
"('TANK', 'SWEEPER', 'DEFENSIVE_DIS', 'FULL', 'DANGER', 'NORMAL', 'SLOWER', 'MEC_USED', 'CLEAN', 'CLEAN', 'NEUTRAL', 'BUFFED', 'CLEAR', 'CLEAR', 'RECOVERING', 'BANCO_VAZIO')",6,5,7,71.429,SWITCH_OFFENSIVE,33.333,1.560710,4.7622
"('SWEEPER', 'TANK', 'OFFENSIVE_ADV', 'FULL', 'FULL', 'NORMAL', 'FASTER', 'MEC_AVAIL', 'CLEAN', 'CLEAN', 'NEUTRAL', 'NEUTRAL', 'SET', 'CLEAR', 'OPENING', 'BANCO_OFF')",6,4,12,33.333,ATTACK_STRONG,50.000,1.242453,3.4641
"('TANK', 'TANK', 'DOMINANT', 'FULL', 'FULL', 'NORMAL', 'FASTER', 'MEC_USED', 'CLEAN', 'CLEAN', 'NEUTRAL', 'NEUTRAL', 'CLEAR', 'SET', 'OPENING', 'BANCO_VAZIO')",6,4,6,66.667,PROTECT,33.333,1.329661,3.7798
"('TANK', 'TANK', 'DEFENSIVE_ADV', 'FULL', 'FULL', 'FIELD_THEIRS', 'FASTER', 'MEC_AVAIL', 'CLEAN', 'CLEAN', 'NEUTRAL', 'NEUTRAL', 'CLEAR', 'CLEAR', 'OPENING', 'BANCO_AMBOS')",6,3,8,37.500,ATTACK_PREDICTIVE_MEC,66.667,0.867563,2.3811
"('TANK', 'TANK', 'STALEMATE', 'FULL', 'SAFE', 'NORMAL', 'FASTER', 'MEC_USED', 'CLEAN', 'CLEAN', 'NEUTRAL', 'NEUTRAL', 'CLEAR', 'CLEAR', 'OPENING', 'BANCO_OFF')",6,5,8,62.500,SWITCH_DEFENSIVE,33.333,1.560710,4.7622
"('TANK', 'TANK', 'DOMINANT', 'SAFE', 'SAFE', 'NORMAL', 'FASTER', 'MEC_USED', 'CLEAN', 'CLEAN', 'NEUTRAL', 'NEUTRAL', 'SET', 'CLEAR', 'OPENING', 'BANCO_VAZIO')",6,5,6,83.333,SWITCH_OFFENSIVE,33.333,1.560710,4.7622
"('TANK', 'UTILITY', 'OFFENSIVE_ADV', 'DANGER', 'FULL', 'NORMAL', 'SLOWER', 'MEC_USED', 'CLEAN', 'CLEAN', 'NEUTRAL', 'NEUTRAL', 'CLEAR', 'CLEAR', 'OPENING', 'BANCO_OFF')",6,3,8,37.500,ATTACK_TECH,50.000,1.011404,2.7495
"('TANK', 'UTILITY', 'DEFENSIVE_DIS', 'SAFE', 'FULL', 'NORMAL', 'SLOWER', 'MEC_USED', 'CLEAN', 'CLEAN', 'NEUTRAL', 'NEUTRAL', 'CLEAR', 'CLEAR', 'OPENING', 'BANCO_OFF')",6,3,8,37.500,ATTACK_TECH,50.000,1.011404,2.7495
"('TANK', 'TANK', 'OFFENSIVE_DIS', 'DANGER', 'DANGER', 'NORMAL', 'FASTER', 'MEC_USED', 'CLEAN', 'CLEAN', 'NEUTRAL', 'NEUTRAL', 'CLEAR', 'CLEAR', 'OPENING', 'BANCO_OFF')",6,6,12,50.000,ATTACK_STRONG,16.667,1.791759,6.0000
"('TANK', 'TANK', 'VOLATILE', 'CRIT', 'FULL', 'FIELD_THEIRS', 'FASTER', 'MEC_USED', 'CLEAN', 'CLEAN', 'NEUTRAL', 'NEUTRAL', 'CLEAR', 'CLEAR', 'OPENING', 'BANCO_OFF')",6,5,7,71.429,SWITCH_OFFENSIVE,33.333,1.560710,4.7622
"('TANK', 'TANK', 'OFFENSIVE_DIS', 'SAFE', 'FULL', 'NORMAL', 'SLOWER', 'MEC_USED', 'CLEAN', 'CLEAN', 'NEUTRAL', 'NEUTRAL', 'CLEAR', 'SET', 'CLUTCH', 'BANCO_VAZIO')",6,3,8,37.500,HEAL,66.667,0.867563,2.3811
"('TANK', 'UTILITY', 'OFFENSIVE_DIS', 'FULL', 'FULL', 'FIELD_SHARED', 'SLOWER', 'MEC_USED', 'CLEAN', 'CLEAN', 'NEUTRAL', 'NEUTRAL', 'CLEAR', 'CLEAR', 'OPENING', 'BANCO_OFF')",6,3,9,33.333,HEAL,50.000,1.011404,2.7495
"('TANK', 'SWEEPER', 'NEUTRAL', 'SAFE', 'CRIT', 'NORMAL', 'SLOWER', 'MEC_USED', 'CLEAN', 'CLEAN', 'NEUTRAL', 'NEUTRAL', 'CLEAR', 'CLEAR', 'OPENING', 'BANCO_OFF')",6,1,9,11.111,ATTACK_STRONG,100.000,-0.000000,1.0000
"('SWEEPER', 'SWEEPER', 'DOMINANT', 'FULL', 'FULL', 'NORMAL', 'FASTER', 'MEC_USED', 'CLEAN', 'CLEAN', 'NEUTRAL', 'NEUTRAL', 'CLEAR', 'CLEAR', 'OPENING', 'BANCO_AMBOS')",6,2,7,28.571,ATTACK_STRONG,83.333,0.450561,1.5692
"('SWEEPER', 'TANK', 'OFFENSIVE_ADV', 'FULL', 'SAFE', 'FIELD_THEIRS', 'FASTER', 'MEC_USED', 'CLEAN', 'CLEAN', 'NEUTRAL', 'NEUTRAL', 'CLEAR', 'CLEAR', 'OPENING', 'BANCO_OFF')",6,1,7,14.286,ATTACK_STRONG,100.000,-0.000000,1.0000
"('TANK', 'SWEEPER', 'VOLATILE', 'SAFE', 'FULL', 'FIELD_THEIRS', 'SLOWER', 'MEC_USED', 'CLEAN', 'CLEAN', 'NEUTRAL', 'NEUTRAL', 'CLEAR', 'CLEAR', 'OPENING', 'BANCO_OFF')",6,4,10,40.000,STATUS,50.000,1.242453,3.4641
"('TANK', 'TANK', 'OFFENSIVE_DIS', 'DANGER', 'FULL', 'NORMAL', 'FASTER', 'MEC_USED', 'CLEAN', 'CLEAN', 'NEUTRAL', 'NEUTRAL', 'CLEAR', 'CLEAR', 'BRAWL', 'BANCO_OFF')",6,4,9,44.444,STATUS,50.000,1.242453,3.4641
"('TANK', 'TANK', 'NEUTRAL', 'FULL', 'SAFE', 'NORMAL', 'FASTER', 'MEC_USED', 'CLEAN', 'CLEAN', 'NEUTRAL', 'NEUTRAL', 'SET', 'CLEAR', 'BRAWL', 'BANCO_OFF')",6,3,12,25.000,ATTACK_TECH,66.667,0.867563,2.3811
"('TANK', 'TANK', 'DOMINANT', 'SAFE', 'FULL', 'NORMAL', 'FASTER', 'MEC_AVAIL', 'CLEAN', 'CLEAN', 'NEUTRAL', 'NEUTRAL', 'SET', 'CLEAR', 'OPENING', 'BANCO_OFF')",6,4,10,40.000,ATTACK_PREDICTIVE,50.000,1.242453,3.4641
"('TANK', 'TANK', 'NEUTRAL', 'FULL', 'FULL', 'NORMAL', 'FASTER', 'MEC_USED', 'CLEAN', 'CLEAN', 'NEUTRAL', 'NEUTRAL', 'CLEAR', 'SET', 'BRAWL', 'BANCO_OFF')",6,3,10,30.000,ATTACK_PREDICTIVE,66.667,0.867563,2.3811
"('TANK', 'TANK', 'NEUTRAL', 'SAFE', 'FULL', 'NORMAL', 'FASTER', 'MEC_USED', 'AFFLICTED', 'CLEAN', 'NEUTRAL', 'NEUTRAL', 'SET', 'CLEAR', 'CLUTCH', 'BANCO_VAZIO')",6,3,3,100.000,ATTACK_STRONG,33.333,1.098612,3.0000
"('TANK', 'TANK', 'NEUTRAL', 'SAFE', 'SAFE', 'FIELD_SHARED', 'FASTER', 'MEC_USED', 'CLEAN', 'CLEAN', 'NEUTRAL', 'NEUTRAL', 'CLEAR', 'CLEAR', 'OPENING', 'BANCO_VAZIO')",6,6,11,54.545,ATTACK_PREDICTIVE,16.667,1.791759,6.0000
"('TANK', 'TANK', 'OFFENSIVE_ADV', 'FULL', 'CRIT', 'NORMAL', 'FASTER', 'MEC_USED', 'CLEAN', 'CLEAN', 'NEUTRAL', 'NEUTRAL', 'CLEAR', 'CLEAR', 'RECOVERING', 'BANCO_VAZIO')",6,3,6,50.000,ATTACK_PIVOT,66.667,0.867563,2.3811
"('TANK', 'TANK', 'DEFENSIVE_DIS', 'FULL', 'FULL', 'NORMAL', 'FASTER', 'MEC_USED', 'CLEAN', 'CLEAN', 'NEUTRAL', 'DEBUFF', 'SET', 'CLEAR', 'CLUTCH', 'BANCO_VAZIO')",6,3,3,100.000,STATUS,50.000,1.011404,2.7495
"('TANK', 'SWEEPER', 'OFFENSIVE_DIS', 'FULL', 'FULL', 'NORMAL', 'SLOWER', 'MEC_USED', 'CLEAN', 'CLEAN', 'BUFFED', 'BUFFED', 'CLEAR', 'SET', 'RECOVERING', 'BANCO_VAZIO')",5,2,3,66.667,BUFF,80.000,0.500402,1.6494
"('TANK', 'TANK', 'VOLATILE', 'FULL', 'FULL', 'NORMAL', 'FASTER', 'MEC_USED', 'AFFLICTED', 'CLEAN', 'NEUTRAL', 'NEUTRAL', 'CLEAR', 'SET', 'RECOVERING', 'BANCO_VAZIO')",5,2,3,66.667,ATTACK_STRONG,60.000,0.673012,1.9601
"('SWEEPER', 'TANK', 'NEUTRAL', 'SAFE', 'SAFE', 'NORMAL', 'FASTER', 'MEC_USED', 'CLEAN', 'CLEAN', 'NEUTRAL', 'NEUTRAL', 'CLEAR', 'CLEAR', 'OPENING', 'BANCO_VAZIO')",5,2,6,33.333,SWITCH_OFFENSIVE,80.000,0.500402,1.6494
"('TANK', 'TANK', 'NEUTRAL', 'FULL', 'FULL', 'NORMAL', 'FASTER', 'MEC_USED', 'CLEAN', 'CLEAN', 'BUFFED', 'NEUTRAL', 'CLEAR', 'CLEAR', 'CLUTCH', 'BANCO_VAZIO')",5,2,7,28.571,BUFF,60.000,0.673012,1.9601
"('TANK', 'UTILITY', 'OFFENSIVE_DIS', 'FULL', 'SAFE', 'NORMAL', 'SLOWER', 'MEC_USED', 'CLEAN', 'CLEAN', 'NEUTRAL', 'BUFFED', 'CLEAR', 'SET', 'RECOVERING', 'BANCO_VAZIO')",5,4,10,40.000,HEAL,40.000,1.332179,3.7893
"('TANK', 'TANK', 'OFFENSIVE_DIS', 'FULL', 'FULL', 'NORMAL', 'FASTER', 'MEC_USED', 'CLEAN', 'CLEAN', 'NEUTRAL', 'NEUTRAL', 'SET', 'SET', 'OPENING', 'BANCO_VAZIO')",5,5,10,50.000,BUFF,20.000,1.609438,5.0000
"('TANK', 'TANK', 'NEUTRAL', 'FULL', 'FULL', 'NORMAL', 'SLOWER', 'MEC_USED', 'CLEAN', 'CLEAN', 'NEUTRAL', 'NEUTRAL', 'CLEAR', 'CLEAR', 'BRAWL', 'BANCO_AMBOS')",5,2,10,20.000,SWITCH_DEFENSIVE,80.000,0.500402,1.6494
"('TANK', 'SWEEPER', 'OFFENSIVE_DIS', 'DANGER', 'SAFE', 'NORMAL', 'SLOWER', 'MEC_USED', 'CLEAN', 'CLEAN', 'NEUTRAL', 'NEUTRAL', 'CLEAR', 'CLEAR', 'OPENING', 'BANCO_OFF')",5,5,9,55.556,ATTACK_PIVOT,20.000,1.609438,5.0000
"('TANK', 'TANK', 'NEUTRAL', 'SAFE', 'SAFE', 'NORMAL', 'FASTER', 'MEC_USED', 'AFFLICTED', 'CLEAN', 'NEUTRAL', 'NEUTRAL', 'CLEAR', 'SET', 'CLUTCH', 'BANCO_VAZIO')",5,3,7,42.857,SWITCH_OFFENSIVE,60.000,0.950271,2.5864
"('TANK', 'SWEEPER', 'OFFENSIVE_ADV', 'FULL', 'FULL', 'FIELD_THEIRS', 'SLOWER', 'MEC_USED', 'CLEAN', 'CLEAN', 'NEUTRAL', 'BUFFED', 'CLEAR', 'CLEAR', 'OPENING', 'BANCO_OFF')",5,3,6,50.000,ATTACK_STRONG,40.000,1.054920,2.8717
"('TANK', 'SWEEPER', 'NEUTRAL', 'FULL', 'FULL', 'FIELD_OURS_OFF', 'FASTER', 'MEC_AVAIL', 'CLEAN', 'CLEAN', 'NEUTRAL', 'NEUTRAL', 'CLEAR', 'CLEAR', 'OPENING', 'BANCO_OFF')",5,1,6,16.667,ATTACK_PREDICTIVE_MEC,100.000,-0.000000,1.0000
"('SWEEPER', 'TANK', 'VOLATILE', 'FULL', 'SAFE', 'NORMAL', 'FASTER', 'MEC_USED', 'CLEAN', 'CLEAN', 'NEUTRAL', 'NEUTRAL', 'CLEAR', 'CLEAR', 'OPENING', 'BANCO_OFF')",5,2,5,40.000,SWITCH_OFFENSIVE,80.000,0.500402,1.6494
"('TANK', 'TANK', 'OFFENSIVE_DIS', 'SAFE', 'DANGER', 'NORMAL', 'SLOWER', 'MEC_USED', 'CLEAN', 'CLEAN', 'NEUTRAL', 'NEUTRAL', 'SET', 'CLEAR', 'RECOVERING', 'BANCO_VAZIO')",5,5,12,41.667,BUFF,20.000,1.609438,5.0000
"('SWEEPER', 'SWEEPER', 'NEUTRAL', 'FULL', 'FULL', 'FIELD_SHARED', 'FASTER', 'MEC_USED', 'CLEAN', 'CLEAN', 'NEUTRAL', 'NEUTRAL', 'CLEAR', 'CLEAR', 'OPENING', 'BANCO_OFF')",5,2,7,28.571,SWITCH_DEFENSIVE,60.000,0.673012,1.9601
"('TANK', 'SWEEPER', 'OFFENSIVE_ADV', 'FULL', 'FULL', 'NORMAL', 'SLOWER', 'MEC_USED', 'CLEAN', 'CLEAN', 'NEUTRAL', 'BUFFED', 'CLEAR', 'CLEAR', 'OPENING', 'BANCO_OFF')",5,4,6,66.667,ATTACK_STRONG,40.000,1.332179,3.7893
"('TANK', 'TANK', 'OFFENSIVE_DIS', 'FULL', 'FULL', 'NORMAL', 'FASTER', 'MEC_USED', 'CLEAN', 'CLEAN', 'NEUTRAL', 'NEUTRAL', 'SET', 'CLEAR', 'RECOVERING', 'BANCO_VAZIO')",5,3,9,33.333,ATTACK_TECH,40.000,1.054920,2.8717
"('TANK', 'TANK', 'DEFENSIVE_ADV', 'FULL', 'FULL', 'NORMAL', 'SLOWER', 'MEC_AVAIL', 'CLEAN', 'CLEAN', 'NEUTRAL', 'NEUTRAL', 'CLEAR', 'CLEAR', 'OPENING', 'BANCO_VAZIO')",5,4,10,40.000,ATTACK_TECH,40.000,1.332179,3.7893
"('TANK', 'TANK', 'DEFENSIVE_DIS', 'DANGER', 'SAFE', 'NORMAL', 'SLOWER', 'MEC_USED', 'CLEAN', 'CLEAN', 'NEUTRAL', 'NEUTRAL', 'CLEAR', 'CLEAR', 'OPENING', 'BANCO_VAZIO')",5,3,10,30.000,HEAL,60.000,0.950271,2.5864
"('TANK', 'TANK', 'OFFENSIVE_ADV', 'CRIT', 'FULL', 'NORMAL', 'FASTER', 'MEC_USED', 'CLEAN', 'CLEAN', 'NEUTRAL', 'NEUTRAL', 'CLEAR', 'CLEAR', 'CLUTCH', 'BANCO_VAZIO')",5,3,8,37.500,ATTACK_STRONG,60.000,0.950271,2.5864
"('TANK', 'TANK', 'OFFENSIVE_DIS', 'FULL', 'FULL', 'NORMAL', 'FASTER', 'MEC_USED', 'AFFLICTED', 'CLEAN', 'NEUTRAL', 'NEUTRAL', 'SET', 'CLEAR', 'RECOVERING', 'BANCO_VAZIO')",5,4,7,57.143,ATTACK_STRONG,40.000,1.332179,3.7893
"('TANK', 'SWEEPER', 'VOLATILE', 'FULL', 'FULL', 'NORMAL', 'SLOWER', 'MEC_AVAIL', 'CLEAN', 'CLEAN', 'NEUTRAL', 'NEUTRAL', 'CLEAR', 'CLEAR', 'OPENING', 'BANCO_OFF')",5,1,10,10.000,ATTACK_STRONG_MEC,100.000,-0.000000,1.0000
"('TANK', 'UTILITY', 'NEUTRAL', 'FULL', 'FULL', 'NORMAL', 'SLOWER', 'MEC_USED', 'CLEAN', 'CLEAN', 'NEUTRAL', 'NEUTRAL', 'SET', 'CLEAR', 'OPENING', 'BANCO_OFF')",5,4,10,40.000,ATTACK_TECH,40.000,1.332179,3.7893
"('TANK', 'UTILITY', 'OFFENSIVE_ADV', 'SAFE', 'FULL', 'NORMAL', 'SLOWER', 'MEC_USED', 'CLEAN', 'CLEAN', 'NEUTRAL', 'NEUTRAL', 'SET', 'CLEAR', 'OPENING', 'BANCO_OFF')",5,4,9,44.444,SWITCH_DEFENSIVE,40.000,1.332179,3.7893
"('TANK', 'TANK', 'NEUTRAL', 'SAFE', 'SAFE', 'NORMAL', 'FASTER', 'MEC_AVAIL', 'CLEAN', 'CLEAN', 'NEUTRAL', 'NEUTRAL', 'CLEAR', 'CLEAR', 'OPENING', 'BANCO_VAZIO')",5,5,10,50.000,ATTACK_STRONG_MEC,20.000,1.609438,5.0000
"('TANK', 'TANK', 'NEUTRAL', 'DANGER', 'DANGER', 'NORMAL', 'FASTER', 'MEC_USED', 'CLEAN', 'CLEAN', 'NEUTRAL', 'NEUTRAL', 'SET', 'SET', 'RECOVERING', 'BANCO_VAZIO')",5,3,8,37.500,SWITCH_DEFENSIVE,60.000,0.950271,2.5864
"('TANK', 'TANK', 'NEUTRAL', 'FULL', 'SAFE', 'FIELD_SHARED', 'SLOWER', 'MEC_USED', 'CLEAN', 'CLEAN', 'NEUTRAL', 'NEUTRAL', 'CLEAR', 'SET', 'RECOVERING', 'BANCO_VAZIO')",5,3,7,42.857,ATTACK_STRONG,40.000,1.054920,2.8717
"('TANK', 'TANK', 'OFFENSIVE_DIS', 'SAFE', 'SAFE', 'NORMAL', 'SLOWER', 'MEC_USED', 'CLEAN', 'CLEAN', 'NEUTRAL', 'NEUTRAL', 'CLEAR', 'SET', 'OPENING', 'BANCO_VAZIO')",5,5,12,41.667,ATTACK_PREDICTIVE,20.000,1.609438,5.0000
"('TANK', 'TANK', 'CRITICAL_DIS', 'FULL', 'FULL', 'NORMAL', 'FASTER', 'MEC_USED', 'AFFLICTED', 'CLEAN', 'NEUTRAL', 'NEUTRAL', 'CLEAR', 'CLEAR', 'CLUTCH', 'BANCO_VAZIO')",5,1,4,25.000,SWITCH_DEFENSIVE,100.000,-0.000000,1.0000
"('TANK', 'SWEEPER', 'CRITICAL_DIS', 'SAFE', 'FULL', 'FIELD_THEIRS', 'SLOWER', 'MEC_USED', 'CLEAN', 'CLEAN', 'NEUTRAL', 'NEUTRAL', 'CLEAR', 'CLEAR', 'OPENING', 'BANCO_OFF')",5,5,9,55.556,ATTACK_PIVOT,20.000,1.609438,5.0000
"('TANK', 'TANK', 'OFFENSIVE_ADV', 'FULL', 'FULL', 'FIELD_THEIRS', 'FASTER', 'MEC_USED', 'CLEAN', 'CLEAN', 'NEUTRAL', 'NEUTRAL', 'SET', 'CLEAR', 'OPENING', 'BANCO_AMBOS')",5,3,8,37.500,BUFF,40.000,1.054920,2.8717
"('UTILITY', 'TANK', 'DEFENSIVE_ADV', 'FULL', 'FULL', 'FIELD_SHARED', 'FASTER', 'MEC_USED', 'CLEAN', 'CLEAN', 'NEUTRAL', 'NEUTRAL', 'CLEAR', 'CLEAR', 'OPENING', 'BANCO_VAZIO')",5,1,7,14.286,ATTACK_PREDICTIVE,100.000,-0.000000,1.0000
"('TANK', 'TANK', 'NEUTRAL', 'SAFE', 'DANGER', 'NORMAL', 'SLOWER', 'MEC_USED', 'CLEAN', 'CLEAN', 'NEUTRAL', 'NEUTRAL', 'CLEAR', 'SET', 'CLUTCH', 'BANCO_VAZIO')",5,3,8,37.500,ATTACK_STRONG,40.000,1.054920,2.8717
"('TANK', 'TANK', 'NEUTRAL', 'CRIT', 'SAFE', 'NORMAL', 'FASTER', 'MEC_USED', 'CLEAN', 'CLEAN', 'NEUTRAL', 'NEUTRAL', 'SET', 'SET', 'OPENING', 'BANCO_OFF')",5,5,10,50.000,ATTACK_PIVOT,20.000,1.609438,5.0000
"('TANK', 'TANK', 'DEFENSIVE_ADV', 'FULL', 'SAFE', 'NORMAL', 'SLOWER', 'MEC_USED', 'CLEAN', 'CLEAN', 'NEUTRAL', 'NEUTRAL', 'SET', 'CLEAR', 'OPENING', 'BANCO_OFF')",5,5,11,45.455,ATTACK_TECH,20.000,1.609438,5.0000
"('TANK', 'TANK', 'DEFENSIVE_DIS', 'SAFE', 'FULL', 'NORMAL', 'FASTER', 'MEC_USED', 'CLEAN', 'CLEAN', 'NEUTRAL', 'NEUTRAL', 'SET', 'SET', 'CLUTCH', 'BANCO_VAZIO')",5,2,7,28.571,ATTACK_STRONG,80.000,0.500402,1.6494
"('TANK', 'TANK', 'NEUTRAL', 'FULL', 'FULL', 'NORMAL', 'FASTER', 'MEC_AVAIL', 'CLEAN', 'CLEAN', 'NEUTRAL', 'NEUTRAL', 'CLEAR', 'CLEAR', 'BRAWL', 'BANCO_VAZIO')",5,4,12,33.333,BUFF,40.000,1.332179,3.7893
"('TANK', 'TANK', 'OFFENSIVE_DIS', 'CRIT', 'FULL', 'NORMAL', 'FASTER', 'MEC_USED', 'CLEAN', 'CLEAN', 'NEUTRAL', 'NEUTRAL', 'SET', 'SET', 'CLUTCH', 'BANCO_VAZIO')",5,4,8,50.000,SWITCH_DEFENSIVE,40.000,1.332179,3.7893
"('TANK', 'TANK', 'NEUTRAL', 'DANGER', 'SAFE', 'NORMAL', 'FASTER', 'MEC_USED', 'CLEAN', 'CLEAN', 'NEUTRAL', 'NEUTRAL', 'SET', 'SET', 'BRAWL', 'BANCO_VAZIO')",5,2,8,25.000,ATTACK_STRONG,80.000,0.500402,1.6494
"('UTILITY', 'SWEEPER', 'DOMINANT', 'FULL', 'FULL', 'FIELD_THEIRS', 'SLOWER', 'MEC_USED', 'CLEAN', 'CLEAN', 'NEUTRAL', 'NEUTRAL', 'CLEAR', 'CLEAR', 'OPENING', 'BANCO_AMBOS')",5,3,7,42.857,HAZARD,60.000,0.950271,2.5864
"('TANK', 'TANK', 'NEUTRAL', 'SAFE', 'FULL', 'NORMAL', 'SLOWER', 'MEC_USED', 'AFFLICTED', 'CLEAN', 'DEBUFF', 'NEUTRAL', 'CLEAR', 'CLEAR', 'CLUTCH', 'BANCO_VAZIO')",5,4,8,50.000,ATTACK_PREDICTIVE,40.000,1.332179,3.7893
"('SWEEPER', 'TANK', 'DEFENSIVE_ADV', 'FULL', 'FULL', 'FIELD_SHARED', 'FASTER', 'MEC_USED', 'CLEAN', 'CLEAN', 'NEUTRAL', 'NEUTRAL', 'CLEAR', 'CLEAR', 'OPENING', 'BANCO_AMBOS')",5,2,7,28.571,ATTACK_STRONG,80.000,0.500402,1.6494
"('TANK', 'TANK', 'OFFENSIVE_ADV', 'SAFE', 'FULL', 'NORMAL', 'SLOWER', 'MEC_USED', 'CLEAN', 'CLEAN', 'NEUTRAL', 'DEBUFF', 'CLEAR', 'CLEAR', 'OPENING', 'BANCO_OFF')",5,3,10,30.000,HEAL,60.000,0.950271,2.5864
"('TANK', 'TANK', 'NEUTRAL', 'FULL', 'SAFE', 'NORMAL', 'SLOWER', 'MEC_USED', 'CLEAN', 'CLEAN', 'NEUTRAL', 'DEBUFF', 'CLEAR', 'SET', 'RECOVERING', 'BANCO_VAZIO')",5,4,8,50.000,SWITCH_OFFENSIVE,40.000,1.332179,3.7893
"('TANK', 'SWEEPER', 'DOMINANT', 'FULL', 'SAFE', 'FIELD_SHARED', 'SLOWER', 'MEC_USED', 'CLEAN', 'CLEAN', 'NEUTRAL', 'NEUTRAL', 'CLEAR', 'CLEAR', 'OPENING', 'BANCO_OFF')",5,1,7,14.286,ATTACK_STRONG,100.000,-0.000000,1.0000
"('UTILITY', 'TANK', 'OFFENSIVE_ADV', 'FULL', 'FULL', 'NORMAL', 'FASTER', 'MEC_AVAIL', 'CLEAN', 'CLEAN', 'NEUTRAL', 'NEUTRAL', 'CLEAR', 'CLEAR', 'OPENING', 'BANCO_AMBOS')",5,2,8,25.000,ATTACK_STRONG_MEC,60.000,0.673012,1.9601
"('TANK', 'TANK', 'NEUTRAL', 'SAFE', 'SAFE', 'FIELD_SHARED', 'FASTER', 'MEC_USED', 'CLEAN', 'CLEAN', 'NEUTRAL', 'NEUTRAL', 'CLEAR', 'SET', 'OPENING', 'BANCO_OFF')",5,1,5,20.000,ATTACK_PREDICTIVE,100.000,-0.000000,1.0000
"('TANK', 'TANK', 'OFFENSIVE_ADV', 'SAFE', 'SAFE', 'FIELD_THEIRS', 'SLOWER', 'MEC_USED', 'CLEAN', 'CLEAN', 'NEUTRAL', 'NEUTRAL', 'SET', 'CLEAR', 'OPENING', 'BANCO_OFF')",5,3,10,30.000,ATTACK_TECH,40.000,1.054920,2.8717
"('TANK', 'TANK', 'CRITICAL_DIS', 'SAFE', 'SAFE', 'NORMAL', 'SLOWER', 'MEC_USED', 'CLEAN', 'CLEAN', 'NEUTRAL', 'NEUTRAL', 'CLEAR', 'CLEAR', 'OPENING', 'BANCO_AMBOS')",5,1,10,10.000,SWITCH_OFFENSIVE,100.000,-0.000000,1.0000
"('TANK', 'TANK', 'DEFENSIVE_DIS', 'SAFE', 'SAFE', 'FIELD_SHARED', 'FASTER', 'MEC_USED', 'CLEAN', 'CLEAN', 'NEUTRAL', 'NEUTRAL', 'CLEAR', 'CLEAR', 'OPENING', 'BANCO_AMBOS')",5,1,8,12.500,SWITCH_OFFENSIVE,100.000,-0.000000,1.0000
"('TANK', 'SWEEPER', 'DEFENSIVE_DIS', 'SAFE', 'FULL', 'FIELD_SHARED', 'SLOWER', 'MEC_USED', 'CLEAN', 'CLEAN', 'NEUTRAL', 'NEUTRAL', 'CLEAR', 'CLEAR', 'OPENING', 'BANCO_AMBOS')",5,2,8,25.000,SWITCH_DEFENSIVE,80.000,0.500402,1.6494
"('TANK', 'TANK', 'DOMINANT', 'FULL', 'DANGER', 'NORMAL', 'FASTER', 'MEC_USED', 'CLEAN', 'CLEAN', 'NEUTRAL', 'NEUTRAL', 'CLEAR', 'CLEAR', 'OPENING', 'BANCO_OFF')",5,4,8,50.000,ATTACK_STRONG,40.000,1.332179,3.7893
"('TANK', 'TANK', 'DEFENSIVE_ADV', 'FULL', 'FULL', 'NORMAL', 'FASTER', 'MEC_USED', 'CLEAN', 'CLEAN', 'NEUTRAL', 'NEUTRAL', 'SET', 'CLEAR', 'OPENING', 'BANCO_OFF')",5,5,11,45.455,ATTACK_PIVOT,20.000,1.609438,5.0000
"('TANK', 'SWEEPER', 'OFFENSIVE_ADV', 'SAFE', 'FULL', 'FIELD_OURS_OFF', 'SLOWER', 'MEC_USED', 'CLEAN', 'CLEAN', 'NEUTRAL', 'NEUTRAL', 'CLEAR', 'CLEAR', 'OPENING', 'BANCO_OFF')",5,5,7,71.429,ATTACK_PREDICTIVE,20.000,1.609438,5.0000
"('TANK', 'TANK', 'DEFENSIVE_DIS', 'SAFE', 'CRIT', 'NORMAL', 'FASTER', 'MEC_USED', 'CLEAN', 'CLEAN', 'NEUTRAL', 'NEUTRAL', 'SET', 'SET', 'BRAWL', 'BANCO_VAZIO')",5,2,5,40.000,HEAL,80.000,0.500402,1.6494
"('TANK', 'TANK', 'DEFENSIVE_DIS', 'SAFE', 'SAFE', 'NORMAL', 'SLOWER', 'MEC_USED', 'CLEAN', 'CLEAN', 'NEUTRAL', 'NEUTRAL', 'SET', 'SET', 'OPENING', 'BANCO_OFF')",5,4,10,40.000,HAZARD,40.000,1.332179,3.7893
"('UTILITY', 'SWEEPER', 'OFFENSIVE_DIS', 'FULL', 'FULL', 'FIELD_SHARED', 'FASTER', 'MEC_USED', 'CLEAN', 'CLEAN', 'NEUTRAL', 'NEUTRAL', 'CLEAR', 'CLEAR', 'OPENING', 'BANCO_OFF')",5,3,6,50.000,ATTACK_TECH,60.000,0.950271,2.5864
"('TANK', 'TANK', 'NEUTRAL', 'SAFE', 'FULL', 'NORMAL', 'FASTER', 'MEC_USED', 'CLEAN', 'CLEAN', 'NEUTRAL', 'NEUTRAL', 'CLEAR', 'SET', 'BRAWL', 'BANCO_AMBOS')",5,3,8,37.500,ATTACK_STRONG,40.000,1.054920,2.8717
"('TANK', 'TANK', 'NEUTRAL', 'DANGER', 'FULL', 'NORMAL', 'FASTER', 'MEC_AVAIL', 'CLEAN', 'CLEAN', 'NEUTRAL', 'NEUTRAL', 'CLEAR', 'CLEAR', 'OPENING', 'BANCO_AMBOS')",5,4,12,33.333,BUFF,40.000,1.332179,3.7893
"('TANK', 'TANK', 'NEUTRAL', 'DANGER', 'FULL', 'NORMAL', 'FASTER', 'MEC_USED', 'CLEAN', 'CLEAN', 'NEUTRAL', 'NEUTRAL', 'SET', 'SET', 'OPENING', 'BANCO_OFF')",5,5,8,62.500,ATTACK_PREDICTIVE,20.000,1.609438,5.0000
"('TANK', 'TANK', 'VOLATILE', 'FULL', 'FULL', 'FIELD_OURS_DEF', 'FASTER', 'MEC_USED', 'CLEAN', 'CLEAN', 'NEUTRAL', 'NEUTRAL', 'CLEAR', 'CLEAR', 'OPENING', 'BANCO_VAZIO')",5,1,4,25.000,ATTACK_STRONG,100.000,-0.000000,1.0000
"('TANK', 'UTILITY', 'NEUTRAL', 'SAFE', 'FULL', 'FIELD_SHARED', 'SLOWER', 'MEC_USED', 'CLEAN', 'CLEAN', 'NEUTRAL', 'NEUTRAL', 'CLEAR', 'CLEAR', 'OPENING', 'BANCO_OFF')",5,4,10,40.000,ATTACK_TECH,40.000,1.332179,3.7893
"('TANK', 'TANK', 'DEFENSIVE_DIS', 'SAFE', 'FULL', 'NORMAL', 'SLOWER', 'MEC_USED', 'CLEAN', 'CLEAN', 'NEUTRAL', 'NEUTRAL', 'CLEAR', 'CLEAR', 'OPENING', 'BANCO_VAZIO')",5,3,11,27.273,ATTACK_PREDICTIVE,60.000,0.950271,2.5864
"('TANK', 'TANK', 'NEUTRAL', 'FULL', 'FULL', 'NORMAL', 'FASTER', 'MEC_USED', 'CLEAN', 'CLEAN', 'BUFFED', 'NEUTRAL', 'SET', 'CLEAR', 'OPENING', 'BANCO_AMBOS')",5,3,7,42.857,ATTACK_PREDICTIVE,40.000,1.054920,2.8717
"('TANK', 'TANK', 'DEFENSIVE_DIS', 'CRIT', 'FULL', 'NORMAL', 'FASTER', 'MEC_USED', 'CLEAN', 'CLEAN', 'NEUTRAL', 'NEUTRAL', 'CLEAR', 'SET', 'OPENING', 'BANCO_OFF')",5,3,5,60.000,ATTACK_TECH,40.000,1.054920,2.8717
"('UTILITY', 'SWEEPER', 'VOLATILE', 'FULL', 'FULL', 'NORMAL', 'FASTER', 'MEC_USED', 'CLEAN', 'CLEAN', 'NEUTRAL', 'NEUTRAL', 'CLEAR', 'CLEAR', 'OPENING', 'BANCO_OFF')",5,2,5,40.000,ATTACK_PREDICTIVE,80.000,0.500402,1.6494
"('TANK', 'TANK', 'DEFENSIVE_DIS', 'SAFE', 'FULL', 'NORMAL', 'SLOWER', 'MEC_USED', 'CLEAN', 'AFFLICTED', 'NEUTRAL', 'NEUTRAL', 'CLEAR', 'SET', 'CLUTCH', 'BANCO_VAZIO')",5,3,9,33.333,HEAL,60.000,0.950271,2.5864
"('TANK', 'TANK', 'OFFENSIVE_ADV', 'FULL', 'SAFE', 'NORMAL', 'FASTER', 'MEC_USED', 'CLEAN', 'CLEAN', 'NEUTRAL', 'NEUTRAL', 'SET', 'CLEAR', 'OPENING', 'BANCO_VAZIO')",5,5,10,50.000,ATTACK_STRONG,20.000,1.609438,5.0000
"('UTILITY', 'SWEEPER', 'DEFENSIVE_DIS', 'FULL', 'FULL', 'NORMAL', 'SLOWER', 'MEC_AVAIL', 'CLEAN', 'CLEAN', 'NEUTRAL', 'NEUTRAL', 'CLEAR', 'CLEAR', 'OPENING', 'BANCO_OFF')",5,1,6,16.667,SWITCH_OFFENSIVE,100.000,-0.000000,1.0000
"('TANK', 'TANK', 'DEFENSIVE_DIS', 'SAFE', 'FULL', 'NORMAL', 'FASTER', 'MEC_USED', 'CLEAN', 'CLEAN', 'NEUTRAL', 'NEUTRAL', 'SET', 'CLEAR', 'RECOVERING', 'BANCO_VAZIO')",5,3,6,50.000,HEAL,40.000,1.054920,2.8717
"('TANK', 'TANK', 'NEUTRAL', 'DANGER', 'SAFE', 'NORMAL', 'FASTER', 'MEC_USED', 'CLEAN', 'CLEAN', 'NEUTRAL', 'NEUTRAL', 'CLEAR', 'SET', 'CLUTCH', 'BANCO_VAZIO')",5,1,7,14.286,ATTACK_STRONG,100.000,-0.000000,1.0000
"('SWEEPER', 'SWEEPER', 'OFFENSIVE_ADV', 'SAFE', 'FULL', 'NORMAL', 'FASTER', 'MEC_USED', 'CLEAN', 'CLEAN', 'NEUTRAL', 'DEBUFF', 'CLEAR', 'CLEAR', 'OPENING', 'BANCO_OFF')",5,3,5,60.000,ATTACK_PREDICTIVE,60.000,0.950271,2.5864
"('SWEEPER', 'TANK', 'OFFENSIVE_ADV', 'FULL', 'SAFE', 'NORMAL', 'FASTER', 'MEC_USED', 'CLEAN', 'CLEAN', 'NEUTRAL', 'DEBUFF', 'CLEAR', 'SET', 'OPENING', 'BANCO_OFF')",5,1,6,16.667,ATTACK_PIVOT,100.000,-0.000000,1.0000
"('TANK', 'TANK', 'OFFENSIVE_ADV', 'FULL', 'SAFE', 'FIELD_OURS_OFF', 'FASTER', 'MEC_USED', 'CLEAN', 'CLEAN', 'NEUTRAL', 'NEUTRAL', 'CLEAR', 'CLEAR', 'OPENING', 'BANCO_AMBOS')",5,4,8,50.000,ATTACK_TECH,40.000,1.332179,3.7893
"('TANK', 'TANK', 'NEUTRAL', 'SAFE', 'FULL', 'FIELD_SHARED', 'FASTER', 'MEC_USED', 'CLEAN', 'CLEAN', 'NEUTRAL', 'NEUTRAL', 'CLEAR', 'SET', 'OPENING', 'BANCO_OFF')",5,5,10,50.000,ATTACK_STRONG,20.000,1.609438,5.0000
"('SWEEPER', 'TANK', 'OFFENSIVE_ADV', 'FULL', 'FULL', 'NORMAL', 'FASTER', 'MEC_USED', 'CLEAN', 'CLEAN', 'NEUTRAL', 'NEUTRAL', 'SET', 'CLEAR', 'OPENING', 'BANCO_AMBOS')",5,4,9,44.444,ATTACK_TECH,40.000,1.332179,3.7893
"('TANK', 'TANK', 'DEFENSIVE_DIS', 'SAFE', 'FULL', 'NORMAL', 'FASTER', 'MEC_USED', 'CLEAN', 'CLEAN', 'BUFFED', 'NEUTRAL', 'CLEAR', 'CLEAR', 'OPENING', 'BANCO_AMBOS')",5,1,7,14.286,SWITCH_DEFENSIVE,100.000,-0.000000,1.0000
"('TANK', 'TANK', 'DEFENSIVE_DIS', 'FULL', 'FULL', 'NORMAL', 'FASTER', 'MEC_AVAIL', 'CLEAN', 'CLEAN', 'BUFFED', 'NEUTRAL', 'CLEAR', 'CLEAR', 'OPENING', 'BANCO_AMBOS')",5,3,8,37.500,ATTACK_PREDICTIVE,40.000,1.054920,2.8717
"('TANK', 'TANK', 'DEFENSIVE_DIS', 'CRIT', 'SAFE', 'NORMAL', 'FASTER', 'MEC_USED', 'CLEAN', 'CLEAN', 'NEUTRAL', 'NEUTRAL', 'CLEAR', 'CLEAR', 'RECOVERING', 'BANCO_VAZIO')",5,4,10,40.000,ATTACK_STRONG,40.000,1.332179,3.7893
"('TANK', 'TANK', 'OFFENSIVE_ADV', 'FULL', 'SAFE', 'NORMAL', 'FASTER', 'MEC_USED', 'CLEAN', 'CLEAN', 'NEUTRAL', 'NEUTRAL', 'SET', 'CLEAR', 'BRAWL', 'BANCO_OFF')",5,2,9,22.222,ATTACK_STRONG,80.000,0.500402,1.6494
"('TANK', 'TANK', 'OFFENSIVE_DIS', 'DANGER', 'SAFE', 'NORMAL', 'SLOWER', 'MEC_USED', 'CLEAN', 'CLEAN', 'NEUTRAL', 'NEUTRAL', 'SET', 'SET', 'OPENING', 'BANCO_OFF')",5,4,8,50.000,HEAL,40.000,1.332179,3.7893
"('TANK', 'UTILITY', 'OFFENSIVE_ADV', 'FULL', 'FULL', 'NORMAL', 'FASTER', 'MEC_USED', 'CLEAN', 'CLEAN', 'NEUTRAL', 'NEUTRAL', 'CLEAR', 'CLEAR', 'OPENING', 'BANCO_VAZIO')",5,1,6,16.667,ATTACK_STRONG,100.000,-0.000000,1.0000
"('TANK', 'TANK', 'DEFENSIVE_ADV', 'FULL', 'FULL', 'NORMAL', 'FASTER', 'MEC_USED', 'CLEAN', 'CLEAN', 'NEUTRAL', 'NEUTRAL', 'SET', 'CLEAR', 'OPENING', 'BANCO_AMBOS')",5,3,11,27.273,ATTACK_TECH,40.000,1.054920,2.8717
"('TANK', 'TANK', 'OFFENSIVE_DIS', 'SAFE', 'FULL', 'NORMAL', 'SLOWER', 'MEC_USED', 'CLEAN', 'AFFLICTED', 'NEUTRAL', 'NEUTRAL', 'SET', 'SET', 'RECOVERING', 'BANCO_VAZIO')",5,2,5,40.000,HEAL,80.000,0.500402,1.6494
"('TANK', 'SWEEPER', 'VOLATILE', 'FULL', 'FULL', 'NORMAL', 'FASTER', 'MEC_USED', 'CLEAN', 'CLEAN', 'NEUTRAL', 'NEUTRAL', 'CLEAR', 'CLEAR', 'OPENING', 'BANCO_AMBOS')",5,3,5,60.000,ATTACK_STRONG,40.000,1.054920,2.8717
"('TANK', 'TANK', 'VOLATILE', 'SAFE', 'FULL', 'NORMAL', 'SLOWER', 'MEC_USED', 'CLEAN', 'CLEAN', 'NEUTRAL', 'NEUTRAL', 'CLEAR', 'CLEAR', 'BRAWL', 'BANCO_OFF')",5,3,8,37.500,ATTACK_STRONG,40.000,1.054920,2.8717
"('SWEEPER', 'TANK', 'DEFENSIVE_DIS', 'FULL', 'FULL', 'NORMAL', 'FASTER', 'MEC_USED', 'CLEAN', 'CLEAN', 'NEUTRAL', 'DEBUFF', 'CLEAR', 'CLEAR', 'OPENING', 'BANCO_VAZIO')",5,1,5,20.000,ATTACK_PREDICTIVE,100.000,-0.000000,1.0000
"('TANK', 'TANK', 'NEUTRAL', 'SAFE', 'FULL', 'NORMAL', 'FASTER', 'MEC_USED', 'CLEAN', 'CLEAN', 'NEUTRAL', 'NEUTRAL', 'CLEAR', 'SET', 'OPENING', 'BANCO_AMBOS')",5,4,13,30.769,BUFF,40.000,1.332179,3.7893
"('UTILITY', 'SWEEPER', 'DEFENSIVE_DIS', 'FULL', 'FULL', 'FIELD_THEIRS', 'FASTER', 'MEC_USED', 'CLEAN', 'CLEAN', 'NEUTRAL', 'NEUTRAL', 'CLEAR', 'CLEAR', 'OPENING', 'BANCO_AMBOS')",5,3,6,50.000,SWITCH_DEFENSIVE,60.000,0.950271,2.5864
"('TANK', 'TANK', 'NEUTRAL', 'DANGER', 'FULL', 'NORMAL', 'FASTER', 'MEC_USED', 'CLEAN', 'CLEAN', 'NEUTRAL', 'NEUTRAL', 'CLEAR', 'SET', 'RECOVERING', 'BANCO_VAZIO')",5,4,9,44.444,HEAL,40.000,1.332179,3.7893
"('TANK', 'TANK', 'DEFENSIVE_DIS', 'DANGER', 'FULL', 'NORMAL', 'SLOWER', 'MEC_USED', 'CLEAN', 'CLEAN', 'NEUTRAL', 'NEUTRAL', 'CLEAR', 'SET', 'OPENING', 'BANCO_OFF')",5,4,9,44.444,STAT_CLEAN,40.000,1.332179,3.7893
"('TANK', 'TANK', 'NEUTRAL', 'SAFE', 'SAFE', 'NORMAL', 'FASTER', 'MEC_USED', 'CLEAN', 'CLEAN', 'BUFFED', 'NEUTRAL', 'CLEAR', 'CLEAR', 'OPENING', 'BANCO_AMBOS')",5,3,8,37.500,ATTACK_PREDICTIVE,40.000,1.054920,2.8717
"('TANK', 'TANK', 'CRITICAL_DIS', 'FULL', 'DANGER', 'NORMAL', 'SLOWER', 'MEC_USED', 'CLEAN', 'CLEAN', 'NEUTRAL', 'NEUTRAL', 'SET', 'SET', 'RECOVERING', 'BANCO_VAZIO')",5,2,6,33.333,ATTACK_STRONG,80.000,0.500402,1.6494
"('TANK', 'SWEEPER', 'NEUTRAL', 'FULL', 'FULL', 'NORMAL', 'FASTER', 'MEC_USED', 'CLEAN', 'CLEAN', 'NEUTRAL', 'NEUTRAL', 'CLEAR', 'CLEAR', 'OPENING', 'BANCO_AMBOS')",5,1,8,12.500,ATTACK_STRONG,100.000,-0.000000,1.0000
"('TANK', 'SWEEPER', 'DOMINANT', 'FULL', 'FULL', 'FIELD_OURS_DEF', 'SLOWER', 'MEC_AVAIL', 'CLEAN', 'CLEAN', 'NEUTRAL', 'NEUTRAL', 'CLEAR', 'CLEAR', 'OPENING', 'BANCO_OFF')",5,2,10,20.000,HAZARD_MEC,80.000,0.500402,1.6494
"('TANK', 'TANK', 'NEUTRAL', 'FULL', 'FULL', 'NORMAL', 'SLOWER', 'MEC_USED', 'CLEAN', 'CLEAN', 'NEUTRAL', 'NEUTRAL', 'SET', 'SET', 'OPENING', 'BANCO_VAZIO')",5,2,11,18.182,ATTACK_STRONG,80.000,0.500402,1.6494
"('SWEEPER', 'TANK', 'CRITICAL_DIS', 'FULL', 'FULL', 'FIELD_OURS_OFF', 'FASTER', 'MEC_USED', 'CLEAN', 'CLEAN', 'NEUTRAL', 'NEUTRAL', 'CLEAR', 'CLEAR', 'OPENING', 'BANCO_AMBOS')",5,2,4,50.000,ATTACK_PREDICTIVE,60.000,0.673012,1.9601
"('SWEEPER', 'SWEEPER', 'OFFENSIVE_ADV', 'FULL', 'SAFE', 'FIELD_OURS_OFF', 'FASTER', 'MEC_USED', 'CLEAN', 'CLEAN', 'NEUTRAL', 'NEUTRAL', 'CLEAR', 'CLEAR', 'OPENING', 'BANCO_OFF')",5,4,6,66.667,SWITCH_DEFENSIVE,40.000,1.332179,3.7893
"('TANK', 'TANK', 'NEUTRAL', 'CRIT', 'SAFE', 'NORMAL', 'SLOWER', 'MEC_USED', 'CLEAN', 'CLEAN', 'NEUTRAL', 'NEUTRAL', 'SET', 'CLEAR', 'OPENING', 'BANCO_OFF')",5,3,6,50.000,STAT_CLEAN,40.000,1.054920,2.8717
"('UTILITY', 'TANK', 'DOMINANT', 'FULL', 'FULL', 'FIELD_OURS_OFF', 'FASTER', 'MEC_USED', 'CLEAN', 'CLEAN', 'NEUTRAL', 'NEUTRAL', 'CLEAR', 'CLEAR', 'OPENING', 'BANCO_OFF')",5,3,8,37.500,ATTACK_STRONG,60.000,0.950271,2.5864
"('SWEEPER', 'TANK', 'NEUTRAL', 'SAFE', 'FULL', 'FIELD_SHARED', 'FASTER', 'MEC_USED', 'CLEAN', 'CLEAN', 'NEUTRAL', 'NEUTRAL', 'CLEAR', 'CLEAR', 'OPENING', 'BANCO_OFF')",5,4,9,44.444,BUFF,40.000,1.332179,3.7893
"('TANK', 'TANK', 'VOLATILE', 'FULL', 'FULL', 'NORMAL', 'FASTER', 'MEC_USED', 'CLEAN', 'CLEAN', 'NEUTRAL', 'NEUTRAL', 'SET', 'CLEAR', 'OPENING', 'BANCO_AMBOS')",5,2,7,28.571,ATTACK_STRONG,80.000,0.500402,1.6494
"('TANK', 'SWEEPER', 'DOMINANT', 'SAFE', 'FULL', 'FIELD_THEIRS', 'SLOWER', 'MEC_USED', 'CLEAN', 'CLEAN', 'NEUTRAL', 'NEUTRAL', 'CLEAR', 'CLEAR', 'OPENING', 'BANCO_OFF')",5,3,5,60.000,ATTACK_STRONG,40.000,1.054920,2.8717
"('TANK', 'TANK', 'DOMINANT', 'FULL', 'FULL', 'NORMAL', 'FASTER', 'MEC_AVAIL', 'CLEAN', 'CLEAN', 'NEUTRAL', 'DEBUFF', 'CLEAR', 'CLEAR', 'OPENING', 'BANCO_OFF')",5,4,12,33.333,ATTACK_PREDICTIVE,40.000,1.332179,3.7893
"('TANK', 'TANK', 'NEUTRAL', 'DANGER', 'DANGER', 'NORMAL', 'FASTER', 'MEC_USED', 'CLEAN', 'CLEAN', 'NEUTRAL', 'NEUTRAL', 'CLEAR', 'CLEAR', 'RECOVERING', 'BANCO_VAZIO')",5,4,9,44.444,STATUS,40.000,1.332179,3.7893
"('TANK', 'TANK', 'VOLATILE', 'FULL', 'FULL', 'NORMAL', 'FASTER', 'MEC_USED', 'CLEAN', 'CLEAN', 'NEUTRAL', 'NEUTRAL', 'SET', 'CLEAR', 'BRAWL', 'BANCO_OFF')",5,4,9,44.444,SWITCH_OFFENSIVE,40.000,1.332179,3.7893
"('TANK', 'SWEEPER', 'OFFENSIVE_DIS', 'FULL', 'FULL', 'NORMAL', 'SLOWER', 'MEC_USED', 'CLEAN', 'CLEAN', 'DEBUFF', 'NEUTRAL', 'CLEAR', 'CLEAR', 'OPENING', 'BANCO_DEF')",5,2,4,50.000,SWITCH_OFFENSIVE,80.000,0.500402,1.6494
"('SWEEPER', 'TANK', 'DEFENSIVE_DIS', 'FULL', 'SAFE', 'FIELD_THEIRS', 'FASTER', 'MEC_USED', 'CLEAN', 'CLEAN', 'NEUTRAL', 'NEUTRAL', 'CLEAR', 'CLEAR', 'OPENING', 'BANCO_OFF')",5,2,6,33.333,SWITCH_OFFENSIVE,80.000,0.500402,1.6494
"('TANK', 'TANK', 'OFFENSIVE_DIS', 'SAFE', 'FULL', 'NORMAL', 'FASTER', 'MEC_USED', 'CLEAN', 'CLEAN', 'NEUTRAL', 'NEUTRAL', 'CLEAR', 'CLEAR', 'CLUTCH', 'BANCO_VAZIO')",5,2,5,40.000,ATTACK_STRONG,60.000,0.673012,1.9601
"('TANK', 'TANK', 'OFFENSIVE_ADV', 'FULL', 'DANGER', 'NORMAL', 'FASTER', 'MEC_USED', 'CLEAN', 'CLEAN', 'NEUTRAL', 'NEUTRAL', 'CLEAR', 'CLEAR', 'BRAWL', 'BANCO_OFF')",5,2,7,28.571,ATTACK_PREDICTIVE,80.000,0.500402,1.6494
"('TANK', 'SWEEPER', 'DEFENSIVE_DIS', 'FULL', 'FULL', 'FIELD_OURS_DEF', 'SLOWER', 'MEC_USED', 'CLEAN', 'CLEAN', 'DEBUFF', 'NEUTRAL', 'CLEAR', 'CLEAR', 'OPENING', 'BANCO_VAZIO')",5,2,4,50.000,SWITCH_OFFENSIVE,80.000,0.500402,1.6494
"('TANK', 'TANK', 'DEFENSIVE_DIS', 'SAFE', 'SAFE', 'NORMAL', 'SLOWER', 'MEC_USED', 'CLEAN', 'CLEAN', 'NEUTRAL', 'NEUTRAL', 'CLEAR', 'CLEAR', 'OPENING', 'BANCO_VAZIO')",5,1,8,12.500,SWITCH_DEFENSIVE,100.000,-0.000000,1.0000
"('TANK', 'TANK', 'NEUTRAL', 'FULL', 'FULL', 'NORMAL', 'FASTER', 'MEC_USED', 'CLEAN', 'CLEAN', 'NEUTRAL', 'NEUTRAL', 'SET', 'CLEAR', 'CLUTCH', 'BANCO_VAZIO')",5,3,8,37.500,HAZARD,60.000,0.950271,2.5864
"('TANK', 'SWEEPER', 'NEUTRAL', 'FULL', 'FULL', 'FIELD_THEIRS', 'SLOWER', 'MEC_USED', 'CLEAN', 'CLEAN', 'NEUTRAL', 'NEUTRAL', 'CLEAR', 'CLEAR', 'OPENING', 'BANCO_AMBOS')",5,3,10,30.000,STATUS,60.000,0.950271,2.5864
"('TANK', 'TANK', 'OFFENSIVE_DIS', 'SAFE', 'SAFE', 'NORMAL', 'FASTER', 'MEC_USED', 'CLEAN', 'CLEAN', 'NEUTRAL', 'NEUTRAL', 'SET', 'SET', 'OPENING', 'BANCO_VAZIO')",5,3,7,42.857,ATTACK_PREDICTIVE,60.000,0.950271,2.5864
"('TANK', 'UTILITY', 'OFFENSIVE_ADV', 'FULL', 'FULL', 'NORMAL', 'FASTER', 'MEC_AVAIL', 'CLEAN', 'CLEAN', 'NEUTRAL', 'NEUTRAL', 'CLEAR', 'CLEAR', 'OPENING', 'BANCO_OFF')",5,3,10,30.000,ATTACK_STRONG_MEC,60.000,0.950271,2.5864
"('TANK', 'UTILITY', 'DEFENSIVE_DIS', 'FULL', 'FULL', 'FIELD_OURS_DEF', 'SLOWER', 'MEC_USED', 'CLEAN', 'CLEAN', 'NEUTRAL', 'NEUTRAL', 'CLEAR', 'CLEAR', 'OPENING', 'BANCO_OFF')",5,3,5,60.000,ATTACK_PREDICTIVE,60.000,0.950271,2.5864
"('SWEEPER', 'TANK', 'NEUTRAL', 'FULL', 'FULL', 'FIELD_SHARED', 'FASTER', 'MEC_USED', 'CLEAN', 'CLEAN', 'BUFFED', 'NEUTRAL', 'CLEAR', 'CLEAR', 'OPENING', 'BANCO_OFF')",5,1,5,20.000,ATTACK_STRONG,100.000,-0.000000,1.0000
"('TANK', 'TANK', 'OFFENSIVE_DIS', 'SAFE', 'FULL', 'NORMAL', 'FASTER', 'MEC_USED', 'AFFLICTED', 'CLEAN', 'NEUTRAL', 'NEUTRAL', 'SET', 'SET', 'RECOVERING', 'BANCO_VAZIO')",5,2,4,50.000,STAT_CLEAN,80.000,0.500402,1.6494
"('TANK', 'TANK', 'DOMINANT', 'FULL', 'FULL', 'NORMAL', 'FASTER', 'MEC_USED', 'CLEAN', 'CLEAN', 'NEUTRAL', 'NEUTRAL', 'SET', 'CLEAR', 'OPENING', 'BANCO_DEF')",5,3,8,37.500,ATTACK_PIVOT,40.000,1.054920,2.8717
"('TANK', 'TANK', 'OFFENSIVE_DIS', 'FULL', 'CRIT', 'NORMAL', 'SLOWER', 'MEC_USED', 'CLEAN', 'CLEAN', 'NEUTRAL', 'NEUTRAL', 'CLEAR', 'SET', 'CLUTCH', 'BANCO_VAZIO')",5,3,3,100.000,STATUS,60.000,0.950271,2.5864
"('TANK', 'TANK', 'DEFENSIVE_DIS', 'FULL', 'DANGER', 'NORMAL', 'SLOWER', 'MEC_USED', 'CLEAN', 'CLEAN', 'NEUTRAL', 'NEUTRAL', 'CLEAR', 'CLEAR', 'RECOVERING', 'BANCO_VAZIO')",5,4,6,66.667,ATTACK_TECH,40.000,1.332179,3.7893
"('TANK', 'TANK', 'DOMINANT', 'FULL', 'FULL', 'FIELD_THEIRS', 'FASTER', 'MEC_AVAIL', 'CLEAN', 'CLEAN', 'NEUTRAL', 'DEBUFF', 'CLEAR', 'CLEAR', 'OPENING', 'BANCO_OFF')",5,3,6,50.000,ATTACK_STRONG_MEC,60.000,0.950271,2.5864
"('TANK', 'TANK', 'NEUTRAL', 'FULL', 'FULL', 'FIELD_SHARED', 'FASTER', 'MEC_AVAIL', 'CLEAN', 'CLEAN', 'NEUTRAL', 'NEUTRAL', 'SET', 'CLEAR', 'OPENING', 'BANCO_AMBOS')",5,5,12,41.667,ATTACK_STRONG_MEC,20.000,1.609438,5.0000
"('TANK', 'TANK', 'DOMINANT', 'FULL', 'FULL', 'NORMAL', 'FASTER', 'MEC_USED', 'CLEAN', 'CLEAN', 'NEUTRAL', 'NEUTRAL', 'CLEAR', 'SET', 'OPENING', 'BANCO_AMBOS')",5,2,9,22.222,SWITCH_DEFENSIVE,80.000,0.500402,1.6494
"('TANK', 'TANK', 'DEFENSIVE_DIS', 'DANGER', 'FULL', 'FIELD_SHARED', 'FASTER', 'MEC_USED', 'CLEAN', 'CLEAN', 'NEUTRAL', 'NEUTRAL', 'CLEAR', 'CLEAR', 'OPENING', 'BANCO_AMBOS')",5,3,6,50.000,SWITCH_OFFENSIVE,60.000,0.950271,2.5864
"('TANK', 'TANK', 'OFFENSIVE_ADV', 'FULL', 'SAFE', 'NORMAL', 'SLOWER', 'MEC_USED', 'CLEAN', 'AFFLICTED', 'NEUTRAL', 'NEUTRAL', 'CLEAR', 'CLEAR', 'OPENING', 'BANCO_OFF')",5,3,10,30.000,FIELD_CONTROL,40.000,1.054920,2.8717
"('SWEEPER', 'TANK', 'DOMINANT', 'FULL', 'FULL', 'FIELD_OURS_OFF', 'FASTER', 'MEC_AVAIL', 'CLEAN', 'CLEAN', 'NEUTRAL', 'NEUTRAL', 'CLEAR', 'CLEAR', 'OPENING', 'BANCO_AMBOS')",5,1,10,10.000,ATTACK_PREDICTIVE_MEC,100.000,-0.000000,1.0000
"('TANK', 'TANK', 'CRITICAL_DIS', 'FULL', 'SAFE', 'NORMAL', 'FASTER', 'MEC_USED', 'CLEAN', 'CLEAN', 'NEUTRAL', 'NEUTRAL', 'CLEAR', 'CLEAR', 'OPENING', 'BANCO_OFF')",5,3,7,42.857,ATTACK_TECH,40.000,1.054920,2.8717
"('TANK', 'TANK', 'DOMINANT', 'FULL', 'FULL', 'NORMAL', 'FASTER', 'MEC_AVAIL', 'CLEAN', 'CLEAN', 'NEUTRAL', 'NEUTRAL', 'SET', 'CLEAR', 'OPENING', 'BANCO_OFF')",5,3,8,37.500,ATTACK_PREDICTIVE,60.000,0.950271,2.5864
"('TANK', 'TANK', 'NEUTRAL', 'SAFE', 'FULL', 'FIELD_SHARED', 'FASTER', 'MEC_AVAIL', 'CLEAN', 'CLEAN', 'NEUTRAL', 'NEUTRAL', 'CLEAR', 'CLEAR', 'OPENING', 'BANCO_AMBOS')",5,4,12,33.333,BUFF,40.000,1.332179,3.7893
"('TANK', 'TANK', 'NEUTRAL', 'FULL', 'DANGER', 'NORMAL', 'SLOWER', 'MEC_USED', 'CLEAN', 'CLEAN', 'NEUTRAL', 'NEUTRAL', 'SET', 'CLEAR', 'CLUTCH', 'BANCO_VAZIO')",5,2,6,33.333,ATTACK_PIVOT,60.000,0.673012,1.9601
"('TANK', 'TANK', 'NEUTRAL', 'FULL', 'FULL', 'NORMAL', 'SLOWER', 'MEC_USED', 'CLEAN', 'AFFLICTED', 'NEUTRAL', 'DEBUFF', 'SET', 'CLEAR', 'CLUTCH', 'BANCO_VAZIO')",5,1,2,50.000,STAT_CLEAN,100.000,-0.000000,1.0000
"('TANK', 'TANK', 'STALEMATE', 'FULL', 'FULL', 'NORMAL', 'SLOWER', 'MEC_USED', 'CLEAN', 'AFFLICTED', 'NEUTRAL', 'NEUTRAL', 'CLEAR', 'CLEAR', 'OPENING', 'BANCO_OFF')",5,2,6,33.333,HAZARD,60.000,0.673012,1.9601
"('SWEEPER', 'TANK', 'DOMINANT', 'FULL', 'SAFE', 'NORMAL', 'FASTER', 'MEC_AVAIL', 'CLEAN', 'CLEAN', 'NEUTRAL', 'NEUTRAL', 'CLEAR', 'CLEAR', 'OPENING', 'BANCO_AMBOS')",5,2,12,16.667,ATTACK_STRONG_MEC,80.000,0.500402,1.6494
"('TANK', 'TANK', 'CRITICAL_DIS', 'DANGER', 'SAFE', 'NORMAL', 'SLOWER', 'MEC_USED', 'CLEAN', 'CLEAN', 'NEUTRAL', 'NEUTRAL', 'CLEAR', 'CLEAR', 'OPENING', 'BANCO_AMBOS')",5,1,10,10.000,SWITCH_OFFENSIVE,100.000,-0.000000,1.0000
"('TANK', 'TANK', 'OFFENSIVE_ADV', 'SAFE', 'CRIT', 'NORMAL', 'SLOWER', 'MEC_USED', 'CLEAN', 'CLEAN', 'NEUTRAL', 'NEUTRAL', 'SET', 'CLEAR', 'OPENING', 'BANCO_OFF')",5,5,11,45.455,HEAL,20.000,1.609438,5.0000
"('UTILITY', 'SWEEPER', 'NEUTRAL', 'DANGER', 'FULL', 'FIELD_OURS_OFF', 'FASTER', 'MEC_USED', 'CLEAN', 'CLEAN', 'NEUTRAL', 'NEUTRAL', 'CLEAR', 'CLEAR', 'OPENING', 'BANCO_OFF')",5,3,6,50.000,HEAL,60.000,0.950271,2.5864
"('TANK', 'TANK', 'VOLATILE', 'SAFE', 'FULL', 'NORMAL', 'SLOWER', 'MEC_USED', 'CLEAN', 'CLEAN', 'NEUTRAL', 'NEUTRAL', 'SET', 'SET', 'RECOVERING', 'BANCO_VAZIO')",5,3,8,37.500,HEAL,60.000,0.950271,2.5864
"('TANK', 'TANK', 'NEUTRAL', 'FULL', 'FULL', 'NORMAL', 'FASTER', 'MEC_USED', 'AFFLICTED', 'AFFLICTED', 'NEUTRAL', 'NEUTRAL', 'SET', 'CLEAR', 'CLUTCH', 'BANCO_VAZIO')",5,2,4,50.000,SWITCH_OFFENSIVE,80.000,0.500402,1.6494
"('TANK', 'UTILITY', 'NEUTRAL', 'FULL', 'SAFE', 'NORMAL', 'SLOWER', 'MEC_USED', 'AFFLICTED', 'CLEAN', 'NEUTRAL', 'NEUTRAL', 'CLEAR', 'CLEAR', 'RECOVERING', 'BANCO_VAZIO')",4,2,2,100.000,STATUS,75.000,0.562335,1.7548
"('TANK', 'TANK', 'OFFENSIVE_ADV', 'FULL', 'DANGER', 'NORMAL', 'FASTER', 'MEC_USED', 'AFFLICTED', 'CLEAN', 'NEUTRAL', 'BUFFED', 'CLEAR', 'CLEAR', 'CLUTCH', 'BANCO_VAZIO')",4,1,3,33.333,ATTACK_PREDICTIVE,100.000,-0.000000,1.0000
"('TANK', 'TANK', 'STALEMATE', 'FULL', 'FULL', 'NORMAL', 'SLOWER', 'MEC_USED', 'AFFLICTED', 'AFFLICTED', 'NEUTRAL', 'NEUTRAL', 'CLEAR', 'CLEAR', 'RECOVERING', 'BANCO_VAZIO')",4,1,6,16.667,ATTACK_PREDICTIVE,100.000,-0.000000,1.0000
"('UTILITY', 'TANK', 'OFFENSIVE_ADV', 'SAFE', 'FULL', 'NORMAL', 'FASTER', 'MEC_USED', 'CLEAN', 'CLEAN', 'DEBUFF', 'NEUTRAL', 'CLEAR', 'CLEAR', 'CLUTCH', 'BANCO_VAZIO')",4,1,1,100.000,ATTACK_STRONG,100.000,-0.000000,1.0000
"('TANK', 'TANK', 'NEUTRAL', 'FULL', 'FULL', 'NORMAL', 'SLOWER', 'MEC_USED', 'AFFLICTED', 'CLEAN', 'DEBUFF', 'NEUTRAL', 'CLEAR', 'CLEAR', 'CLUTCH', 'BANCO_VAZIO')",4,2,8,25.000,SWITCH_OFFENSIVE,75.000,0.562335,1.7548
"('SWEEPER', 'TANK', 'DEFENSIVE_DIS', 'FULL', 'DANGER', 'FIELD_THEIRS', 'SLOWER', 'MEC_USED', 'CLEAN', 'CLEAN', 'NEUTRAL', 'NEUTRAL', 'CLEAR', 'CLEAR', 'OPENING', 'BANCO_AMBOS')",4,1,3,33.333,ATTACK_STRONG,100.000,-0.000000,1.0000
"('TANK', 'TANK', 'NEUTRAL', 'DANGER', 'CRIT', 'NORMAL', 'FASTER', 'MEC_USED', 'CLEAN', 'CLEAN', 'NEUTRAL', 'NEUTRAL', 'SET', 'SET', 'RECOVERING', 'BANCO_VAZIO')",4,3,8,37.500,ATTACK_PREDICTIVE,50.000,1.039721,2.8284
"('TANK', 'TANK', 'OFFENSIVE_DIS', 'SAFE', 'SAFE', 'NORMAL', 'SLOWER', 'MEC_USED', 'CLEAN', 'CLEAN', 'NEUTRAL', 'NEUTRAL', 'SET', 'CLEAR', 'BRAWL', 'BANCO_VAZIO')",4,2,9,22.222,HEAL,75.000,0.562335,1.7548
"('TANK', 'TANK', 'NEUTRAL', 'FULL', 'FULL', 'NORMAL', 'SLOWER', 'MEC_USED', 'CLEAN', 'AFFLICTED', 'DEBUFF', 'NEUTRAL', 'SET', 'SET', 'CLUTCH', 'BANCO_VAZIO')",4,1,3,33.333,ATTACK_STRONG,100.000,-0.000000,1.0000
"('TANK', 'SWEEPER', 'DEFENSIVE_DIS', 'FULL', 'FULL', 'FIELD_THEIRS', 'SLOWER', 'MEC_AVAIL', 'CLEAN', 'CLEAN', 'NEUTRAL', 'NEUTRAL', 'CLEAR', 'CLEAR', 'OPENING', 'BANCO_OFF')",4,4,10,40.000,ATTACK_STRONG,25.000,1.386294,4.0000
"('TANK', 'TANK', 'CRITICAL_DIS', 'FULL', 'FULL', 'NORMAL', 'FASTER', 'MEC_USED', 'AFFLICTED', 'CLEAN', 'DEBUFF', 'NEUTRAL', 'CLEAR', 'CLEAR', 'CLUTCH', 'BANCO_VAZIO')",4,2,4,50.000,SWITCH_DEFENSIVE,75.000,0.562335,1.7548
"('TANK', 'TANK', 'NEUTRAL', 'FULL', 'SAFE', 'NORMAL', 'SLOWER', 'MEC_USED', 'AFFLICTED', 'CLEAN', 'NEUTRAL', 'DEBUFF', 'SET', 'SET', 'CLUTCH', 'BANCO_VAZIO')",4,2,6,33.333,ATTACK_STRONG,75.000,0.562335,1.7548
"('TANK', 'TANK', 'DEFENSIVE_DIS', 'DANGER', 'FULL', 'NORMAL', 'FASTER', 'MEC_USED', 'CLEAN', 'CLEAN', 'NEUTRAL', 'NEUTRAL', 'SET', 'CLEAR', 'OPENING', 'BANCO_OFF')",4,4,8,50.000,ATTACK_PREDICTIVE,25.000,1.386294,4.0000
"('TANK', 'TANK', 'NEUTRAL', 'FULL', 'SAFE', 'NORMAL', 'FASTER', 'MEC_USED', 'CLEAN', 'CLEAN', 'NEUTRAL', 'DEBUFF', 'SET', 'CLEAR', 'CLUTCH', 'BANCO_VAZIO')",4,1,3,33.333,ATTACK_STRONG,100.000,-0.000000,1.0000
"('TANK', 'TANK', 'NEUTRAL', 'SAFE', 'SAFE', 'NORMAL', 'FASTER', 'MEC_USED', 'CLEAN', 'AFFLICTED', 'NEUTRAL', 'DEBUFF', 'CLEAR', 'CLEAR', 'OPENING', 'BANCO_OFF')",4,4,9,44.444,ATTACK_STRONG,25.000,1.386294,4.0000
"('TANK', 'TANK', 'NEUTRAL', 'FULL', 'SAFE', 'FIELD_OURS_OFF', 'FASTER', 'MEC_USED', 'CLEAN', 'CLEAN', 'NEUTRAL', 'NEUTRAL', 'CLEAR', 'CLEAR', 'OPENING', 'BANCO_AMBOS')",4,2,9,22.222,ATTACK_PREDICTIVE,75.000,0.562335,1.7548
"('TANK', 'TANK', 'DEFENSIVE_DIS', 'SAFE', 'FULL', 'NORMAL', 'FASTER', 'MEC_USED', 'CLEAN', 'CLEAN', 'NEUTRAL', 'NEUTRAL', 'CLEAR', 'CLEAR', 'CLUTCH', 'BANCO_VAZIO')",4,3,6,50.000,ATTACK_PREDICTIVE,50.000,1.039721,2.8284
"('TANK', 'TANK', 'OFFENSIVE_DIS', 'SAFE', 'FULL', 'NORMAL', 'FASTER', 'MEC_USED', 'CLEAN', 'CLEAN', 'NEUTRAL', 'NEUTRAL', 'SET', 'CLEAR', 'OPENING', 'BANCO_VAZIO')",4,2,7,28.571,HEAL,75.000,0.562335,1.7548
"('TANK', 'TANK', 'DEFENSIVE_DIS', 'FULL', 'DANGER', 'NORMAL', 'SLOWER', 'MEC_USED', 'CLEAN', 'CLEAN', 'NEUTRAL', 'NEUTRAL', 'CLEAR', 'CLEAR', 'OPENING', 'BANCO_OFF')",4,1,7,14.286,ATTACK_PREDICTIVE,100.000,-0.000000,1.0000
"('TANK', 'TANK', 'NEUTRAL', 'SAFE', 'FULL', 'NORMAL', 'SLOWER', 'MEC_USED', 'AFFLICTED', 'CLEAN', 'DEBUFF', 'NEUTRAL', 'SET', 'SET', 'RECOVERING', 'BANCO_VAZIO')",4,3,8,37.500,ATTACK_STRONG,50.000,1.039721,2.8284
"('TANK', 'TANK', 'OFFENSIVE_DIS', 'FULL', 'FULL', 'NORMAL', 'SLOWER', 'MEC_USED', 'CLEAN', 'CLEAN', 'NEUTRAL', 'NEUTRAL', 'SET', 'SET', 'BRAWL', 'BANCO_OFF')",4,4,10,40.000,ATTACK_PREDICTIVE,25.000,1.386294,4.0000
"('TANK', 'TANK', 'OFFENSIVE_DIS', 'FULL', 'FULL', 'NORMAL', 'SLOWER', 'MEC_USED', 'CLEAN', 'CLEAN', 'NEUTRAL', 'NEUTRAL', 'SET', 'SET', 'BRAWL', 'BANCO_VAZIO')",4,3,7,42.857,STATUS,50.000,1.039721,2.8284
"('TANK', 'TANK', 'NEUTRAL', 'SAFE', 'FULL', 'NORMAL', 'FASTER', 'MEC_USED', 'AFFLICTED', 'CLEAN', 'NEUTRAL', 'NEUTRAL', 'CLEAR', 'CLEAR', 'CLUTCH', 'BANCO_OFF')",4,1,4,25.000,SWITCH_OFFENSIVE,100.000,-0.000000,1.0000
"('TANK', 'TANK', 'CRITICAL_DIS', 'FULL', 'FULL', 'FIELD_SHARED', 'FASTER', 'MEC_USED', 'CLEAN', 'CLEAN', 'NEUTRAL', 'NEUTRAL', 'CLEAR', 'CLEAR', 'OPENING', 'BANCO_VAZIO')",4,2,7,28.571,STATUS,75.000,0.562335,1.7548
"('TANK', 'UTILITY', 'OFFENSIVE_DIS', 'SAFE', 'SAFE', 'NORMAL', 'SLOWER', 'MEC_USED', 'CLEAN', 'CLEAN', 'NEUTRAL', 'BUFFED', 'CLEAR', 'SET', 'RECOVERING', 'BANCO_VAZIO')",4,1,3,33.333,ATTACK_TECH,100.000,-0.000000,1.0000
"('TANK', 'TANK', 'NEUTRAL', 'SAFE', 'SAFE', 'FIELD_SHARED', 'SLOWER', 'MEC_USED', 'CLEAN', 'CLEAN', 'NEUTRAL', 'NEUTRAL', 'CLEAR', 'SET', 'OPENING', 'BANCO_OFF')",4,3,10,30.000,ATTACK_TECH,50.000,1.039721,2.8284
"('TANK', 'SWEEPER', 'DOMINANT', 'FULL', 'FULL', 'FIELD_OURS_OFF', 'SLOWER', 'MEC_USED', 'CLEAN', 'CLEAN', 'NEUTRAL', 'NEUTRAL', 'CLEAR', 'CLEAR', 'OPENING', 'BANCO_AMBOS')",4,1,6,16.667,ATTACK_PREDICTIVE,100.000,-0.000000,1.0000
"('TANK', 'TANK', 'VOLATILE', 'SAFE', 'FULL', 'NORMAL', 'FASTER', 'MEC_USED', 'AFFLICTED', 'CLEAN', 'NEUTRAL', 'NEUTRAL', 'SET', 'SET', 'CLUTCH', 'BANCO_VAZIO')",4,2,2,100.000,ATTACK_PIVOT,50.000,0.693147,2.0000
"('TANK', 'TANK', 'STALEMATE', 'SAFE', 'FULL', 'NORMAL', 'SLOWER', 'MEC_USED', 'CLEAN', 'CLEAN', 'NEUTRAL', 'NEUTRAL', 'CLEAR', 'SET', 'CLUTCH', 'BANCO_VAZIO')",4,2,7,28.571,STAT_CLEAN,75.000,0.562335,1.7548
"('TANK', 'SWEEPER', 'OFFENSIVE_ADV', 'SAFE', 'SAFE', 'NORMAL', 'SLOWER', 'MEC_USED', 'CLEAN', 'CLEAN', 'NEUTRAL', 'NEUTRAL', 'CLEAR', 'SET', 'RECOVERING', 'BANCO_VAZIO')",4,3,8,37.500,ATTACK_STRONG,50.000,1.039721,2.8284
"('TANK', 'TANK', 'NEUTRAL', 'FULL', 'SAFE', 'NORMAL', 'FASTER', 'MEC_USED', 'CLEAN', 'CLEAN', 'NEUTRAL', 'DEBUFF', 'CLEAR', 'CLEAR', 'OPENING', 'BANCO_OFF')",4,2,6,33.333,ATTACK_PIVOT,50.000,0.693147,2.0000
"('TANK', 'SWEEPER', 'OFFENSIVE_ADV', 'FULL', 'FULL', 'NORMAL', 'SLOWER', 'MEC_USED', 'CLEAN', 'CLEAN', 'NEUTRAL', 'NEUTRAL', 'CLEAR', 'CLEAR', 'BRAWL', 'BANCO_VAZIO')",4,3,7,42.857,ATTACK_TECH,50.000,1.039721,2.8284
"('TANK', 'TANK', 'DEFENSIVE_DIS', 'FULL', 'SAFE', 'FIELD_OURS_OFF', 'SLOWER', 'MEC_USED', 'CLEAN', 'AFFLICTED', 'NEUTRAL', 'NEUTRAL', 'CLEAR', 'CLEAR', 'OPENING', 'BANCO_OFF')",4,2,7,28.571,ATTACK_PREDICTIVE,75.000,0.562335,1.7548
"('TANK', 'TANK', 'NEUTRAL', 'CRIT', 'SAFE', 'NORMAL', 'FASTER', 'MEC_USED', 'CLEAN', 'CLEAN', 'NEUTRAL', 'NEUTRAL', 'SET', 'CLEAR', 'OPENING', 'BANCO_OFF')",4,3,9,33.333,ATTACK_PREDICTIVE,50.000,1.039721,2.8284
"('TANK', 'TANK', 'OFFENSIVE_DIS', 'FULL', 'FULL', 'FIELD_SHARED', 'SLOWER', 'MEC_USED', 'CLEAN', 'CLEAN', 'NEUTRAL', 'NEUTRAL', 'SET', 'CLEAR', 'OPENING', 'BANCO_VAZIO')",4,3,5,60.000,BUFF,50.000,1.039721,2.8284
"('TANK', 'TANK', 'CRITICAL_DIS', 'FULL', 'CRIT', 'NORMAL', 'SLOWER', 'MEC_USED', 'CLEAN', 'CLEAN', 'NEUTRAL', 'NEUTRAL', 'CLEAR', 'SET', 'RECOVERING', 'BANCO_VAZIO')",4,2,2,100.000,PROTECT,75.000,0.562335,1.7548
"('TANK', 'TANK', 'NEUTRAL', 'SAFE', 'CRIT', 'NORMAL', 'FASTER', 'MEC_USED', 'AFFLICTED', 'CLEAN', 'NEUTRAL', 'NEUTRAL', 'SET', 'SET', 'RECOVERING', 'BANCO_VAZIO')",4,2,5,40.000,ATTACK_STRONG,75.000,0.562335,1.7548
"('TANK', 'TANK', 'NEUTRAL', 'DANGER', 'SAFE', 'NORMAL', 'SLOWER', 'MEC_USED', 'CLEAN', 'CLEAN', 'NEUTRAL', 'NEUTRAL', 'SET', 'CLEAR', 'CLUTCH', 'BANCO_VAZIO')",4,3,4,75.000,STAT_CLEAN,50.000,1.039721,2.8284
"('TANK', 'TANK', 'NEUTRAL', 'SAFE', 'DANGER', 'NORMAL', 'SLOWER', 'MEC_USED', 'CLEAN', 'CLEAN', 'NEUTRAL', 'NEUTRAL', 'SET', 'CLEAR', 'RECOVERING', 'BANCO_VAZIO')",4,4,10,40.000,ATTACK_STRONG,25.000,1.386294,4.0000
"('TANK', 'TANK', 'NEUTRAL', 'SAFE', 'FULL', 'NORMAL', 'SLOWER', 'MEC_USED', 'CLEAN', 'AFFLICTED', 'NEUTRAL', 'NEUTRAL', 'SET', 'CLEAR', 'OPENING', 'BANCO_OFF')",4,4,10,40.000,ATTACK_PREDICTIVE,25.000,1.386294,4.0000
"('TANK', 'SWEEPER', 'NEUTRAL', 'FULL', 'FULL', 'NORMAL', 'FASTER', 'MEC_AVAIL', 'CLEAN', 'CLEAN', 'NEUTRAL', 'NEUTRAL', 'CLEAR', 'CLEAR', 'OPENING', 'BANCO_OFF')",4,3,12,25.000,HAZARD_MEC,50.000,1.039721,2.8284
"('TANK', 'TANK', 'NEUTRAL', 'DANGER', 'FULL', 'FIELD_THEIRS', 'SLOWER', 'MEC_USED', 'CLEAN', 'CLEAN', 'NEUTRAL', 'NEUTRAL', 'CLEAR', 'CLEAR', 'OPENING', 'BANCO_OFF')",4,4,11,36.364,STATUS,25.000,1.386294,4.0000
"('TANK', 'TANK', 'DEFENSIVE_ADV', 'FULL', 'FULL', 'FIELD_THEIRS', 'SLOWER', 'MEC_USED', 'CLEAN', 'CLEAN', 'NEUTRAL', 'NEUTRAL', 'CLEAR', 'CLEAR', 'OPENING', 'BANCO_AMBOS')",4,3,7,42.857,HAZARD,50.000,1.039721,2.8284
"('TANK', 'TANK', 'VOLATILE', 'FULL', 'FULL', 'NORMAL', 'FASTER', 'MEC_AVAIL', 'CLEAN', 'CLEAN', 'NEUTRAL', 'NEUTRAL', 'CLEAR', 'SET', 'OPENING', 'BANCO_AMBOS')",4,3,8,37.500,ATTACK_STRONG,50.000,1.039721,2.8284
"('TANK', 'TANK', 'NEUTRAL', 'FULL', 'FULL', 'NORMAL', 'FASTER', 'MEC_USED', 'CLEAN', 'CLEAN', 'NEUTRAL', 'NEUTRAL', 'SET', 'SET', 'OPENING', 'BANCO_AMBOS')",4,3,9,33.333,BUFF,50.000,1.039721,2.8284
"('TANK', 'TANK', 'DEFENSIVE_ADV', 'FULL', 'SAFE', 'NORMAL', 'FASTER', 'MEC_USED', 'CLEAN', 'CLEAN', 'NEUTRAL', 'NEUTRAL', 'CLEAR', 'CLEAR', 'OPENING', 'BANCO_OFF')",4,4,9,44.444,ATTACK_TECH,25.000,1.386294,4.0000
"('TANK', 'TANK', 'OFFENSIVE_DIS', 'FULL', 'FULL', 'FIELD_THEIRS', 'SLOWER', 'MEC_USED', 'AFFLICTED', 'AFFLICTED', 'NEUTRAL', 'NEUTRAL', 'CLEAR', 'CLEAR', 'CLUTCH', 'BANCO_OFF')",4,1,2,50.000,SWITCH_DEFENSIVE,100.000,-0.000000,1.0000
"('TANK', 'TANK', 'OFFENSIVE_ADV', 'FULL', 'SAFE', 'FIELD_SHARED', 'FASTER', 'MEC_USED', 'CLEAN', 'CLEAN', 'NEUTRAL', 'NEUTRAL', 'SET', 'CLEAR', 'OPENING', 'BANCO_AMBOS')",4,3,6,50.000,SWITCH_DEFENSIVE,50.000,1.039721,2.8284
"('TANK', 'UTILITY', 'NEUTRAL', 'SAFE', 'FULL', 'FIELD_SHARED', 'SLOWER', 'MEC_USED', 'CLEAN', 'CLEAN', 'NEUTRAL', 'NEUTRAL', 'CLEAR', 'CLEAR', 'OPENING', 'BANCO_VAZIO')",4,3,8,37.500,SWITCH_DEFENSIVE,50.000,1.039721,2.8284
"('SWEEPER', 'TANK', 'NEUTRAL', 'SAFE', 'FULL', 'NORMAL', 'FASTER', 'MEC_USED', 'CLEAN', 'CLEAN', 'NEUTRAL', 'NEUTRAL', 'SET', 'CLEAR', 'BRAWL', 'BANCO_OFF')",4,3,10,30.000,HEAL,50.000,1.039721,2.8284
"('SWEEPER', 'TANK', 'DEFENSIVE_DIS', 'FULL', 'FULL', 'NORMAL', 'FASTER', 'MEC_USED', 'CLEAN', 'CLEAN', 'NEUTRAL', 'NEUTRAL', 'CLEAR', 'CLEAR', 'OPENING', 'BANCO_VAZIO')",4,4,7,57.143,STATUS,25.000,1.386294,4.0000
"('TANK', 'SWEEPER', 'DEFENSIVE_DIS', 'SAFE', 'SAFE', 'NORMAL', 'SLOWER', 'MEC_USED', 'CLEAN', 'CLEAN', 'NEUTRAL', 'NEUTRAL', 'CLEAR', 'CLEAR', 'RECOVERING', 'BANCO_VAZIO')",4,3,8,37.500,ATTACK_PREDICTIVE,50.000,1.039721,2.8284
"('TANK', 'TANK', 'DEFENSIVE_ADV', 'SAFE', 'SAFE', 'NORMAL', 'SLOWER', 'MEC_USED', 'CLEAN', 'CLEAN', 'NEUTRAL', 'NEUTRAL', 'SET', 'CLEAR', 'OPENING', 'BANCO_OFF')",4,3,11,27.273,ATTACK_PREDICTIVE,50.000,1.039721,2.8284
"('TANK', 'TANK', 'OFFENSIVE_DIS', 'FULL', 'FULL', 'NORMAL', 'SLOWER', 'MEC_USED', 'AFFLICTED', 'AFFLICTED', 'NEUTRAL', 'NEUTRAL', 'SET', 'CLEAR', 'OPENING', 'BANCO_OFF')",4,3,5,60.000,CLEAN_HAZARD,50.000,1.039721,2.8284
"('TANK', 'TANK', 'OFFENSIVE_DIS', 'FULL', 'FULL', 'NORMAL', 'SLOWER', 'MEC_USED', 'AFFLICTED', 'AFFLICTED', 'NEUTRAL', 'NEUTRAL', 'CLEAR', 'CLEAR', 'OPENING', 'BANCO_OFF')",4,1,5,20.000,SWITCH_OFFENSIVE,100.000,-0.000000,1.0000
"('TANK', 'TANK', 'OFFENSIVE_DIS', 'SAFE', 'DANGER', 'NORMAL', 'FASTER', 'MEC_USED', 'CLEAN', 'CLEAN', 'NEUTRAL', 'NEUTRAL', 'SET', 'SET', 'RECOVERING', 'BANCO_VAZIO')",4,2,4,50.000,ATTACK_PIVOT,50.000,0.693147,2.0000
"('TANK', 'TANK', 'DOMINANT', 'FULL', 'SAFE', 'FIELD_THEIRS', 'FASTER', 'MEC_AVAIL', 'CLEAN', 'CLEAN', 'NEUTRAL', 'NEUTRAL', 'CLEAR', 'CLEAR', 'OPENING', 'BANCO_AMBOS')",4,3,10,30.000,BUFF,50.000,1.039721,2.8284
"('SWEEPER', 'TANK', 'OFFENSIVE_ADV', 'FULL', 'FULL', 'NORMAL', 'FASTER', 'MEC_USED', 'CLEAN', 'CLEAN', 'NEUTRAL', 'NEUTRAL', 'CLEAR', 'CLEAR', 'OPENING', 'BANCO_DEF')",4,1,5,20.000,ATTACK_TECH,100.000,-0.000000,1.0000
"('TANK', 'TANK', 'VOLATILE', 'SAFE', 'FULL', 'NORMAL', 'FASTER', 'MEC_AVAIL', 'CLEAN', 'CLEAN', 'NEUTRAL', 'NEUTRAL', 'SET', 'CLEAR', 'OPENING', 'BANCO_OFF')",4,4,10,40.000,ATTACK_PREDICTIVE_MEC,25.000,1.386294,4.0000
"('TANK', 'TANK', 'NEUTRAL', 'FULL', 'FULL', 'FIELD_SHARED', 'FASTER', 'MEC_USED', 'CLEAN', 'CLEAN', 'NEUTRAL', 'NEUTRAL', 'CLEAR', 'SET', 'OPENING', 'BANCO_OFF')",4,1,5,20.000,SWITCH_OFFENSIVE,100.000,-0.000000,1.0000
"('TANK', 'TANK', 'DEFENSIVE_ADV', 'SAFE', 'FULL', 'NORMAL', 'FASTER', 'MEC_USED', 'CLEAN', 'CLEAN', 'NEUTRAL', 'NEUTRAL', 'CLEAR', 'CLEAR', 'CLUTCH', 'BANCO_VAZIO')",4,2,7,28.571,ATTACK_STRONG,50.000,0.693147,2.0000
"('TANK', 'SWEEPER', 'STALEMATE', 'FULL', 'FULL', 'FIELD_SHARED', 'SLOWER', 'MEC_USED', 'CLEAN', 'CLEAN', 'NEUTRAL', 'NEUTRAL', 'CLEAR', 'CLEAR', 'OPENING', 'BANCO_OFF')",4,3,8,37.500,ATTACK_PIVOT,50.000,1.039721,2.8284
"('TANK', 'TANK', 'NEUTRAL', 'SAFE', 'SAFE', 'FIELD_SHARED', 'FASTER', 'MEC_AVAIL', 'CLEAN', 'CLEAN', 'NEUTRAL', 'NEUTRAL', 'CLEAR', 'CLEAR', 'OPENING', 'BANCO_OFF')",4,3,10,30.000,HAZARD,50.000,1.039721,2.8284
"('SWEEPER', 'TANK', 'OFFENSIVE_ADV', 'FULL', 'SAFE', 'FIELD_OURS_OFF', 'FASTER', 'MEC_AVAIL', 'CLEAN', 'CLEAN', 'NEUTRAL', 'NEUTRAL', 'CLEAR', 'CLEAR', 'OPENING', 'BANCO_OFF')",4,4,10,40.000,ATTACK_STRONG_MEC,25.000,1.386294,4.0000
"('TANK', 'TANK', 'OFFENSIVE_ADV', 'FULL', 'SAFE', 'FIELD_THEIRS', 'FASTER', 'MEC_USED', 'CLEAN', 'CLEAN', 'NEUTRAL', 'DEBUFF', 'CLEAR', 'CLEAR', 'OPENING', 'BANCO_OFF')",4,2,7,28.571,STATUS,50.000,0.693147,2.0000
"('TANK', 'TANK', 'DEFENSIVE_DIS', 'FULL', 'FULL', 'FIELD_OURS_DEF', 'FASTER', 'MEC_USED', 'CLEAN', 'CLEAN', 'DEBUFF', 'NEUTRAL', 'CLEAR', 'CLEAR', 'OPENING', 'BANCO_AMBOS')",4,1,4,25.000,SWITCH_OFFENSIVE,100.000,-0.000000,1.0000
"('TANK', 'TANK', 'NEUTRAL', 'SAFE', 'SAFE', 'FIELD_THEIRS', 'SLOWER', 'MEC_USED', 'CLEAN', 'CLEAN', 'NEUTRAL', 'NEUTRAL', 'SET', 'CLEAR', 'OPENING', 'BANCO_OFF')",4,4,11,36.364,BUFF,25.000,1.386294,4.0000
"('TANK', 'TANK', 'NEUTRAL', 'FULL', 'SAFE', 'NORMAL', 'FASTER', 'MEC_USED', 'AFFLICTED', 'CLEAN', 'NEUTRAL', 'NEUTRAL', 'SET', 'CLEAR', 'OPENING', 'BANCO_OFF')",4,2,6,33.333,ATTACK_STRONG,75.000,0.562335,1.7548
"('TANK', 'TANK', 'NEUTRAL', 'FULL', 'SAFE', 'NORMAL', 'FASTER', 'MEC_USED', 'AFFLICTED', 'CLEAN', 'NEUTRAL', 'NEUTRAL', 'CLEAR', 'CLEAR', 'CLUTCH', 'BANCO_VAZIO')",4,1,2,50.000,ATTACK_STRONG,100.000,-0.000000,1.0000
"('TANK', 'UTILITY', 'DEFENSIVE_ADV', 'FULL', 'FULL', 'NORMAL', 'SLOWER', 'MEC_USED', 'CLEAN', 'CLEAN', 'NEUTRAL', 'NEUTRAL', 'CLEAR', 'CLEAR', 'OPENING', 'BANCO_OFF')",4,3,5,60.000,ATTACK_PREDICTIVE,50.000,1.039721,2.8284
"('TANK', 'TANK', 'CRITICAL_DIS', 'FULL', 'FULL', 'NORMAL', 'FASTER', 'MEC_USED', 'AFFLICTED', 'CLEAN', 'DEBUFF', 'NEUTRAL', 'SET', 'CLEAR', 'CLUTCH', 'BANCO_VAZIO')",4,1,2,50.000,ATTACK_STRONG,100.000,-0.000000,1.0000
"('TANK', 'TANK', 'NEUTRAL', 'SAFE', 'DANGER', 'NORMAL', 'FASTER', 'MEC_USED', 'CLEAN', 'CLEAN', 'NEUTRAL', 'NEUTRAL', 'CLEAR', 'SET', 'OPENING', 'BANCO_OFF')",4,1,6,16.667,ATTACK_STRONG,100.000,-0.000000,1.0000
"('TANK', 'TANK', 'OFFENSIVE_DIS', 'SAFE', 'SAFE', 'NORMAL', 'FASTER', 'MEC_USED', 'CLEAN', 'CLEAN', 'NEUTRAL', 'NEUTRAL', 'CLEAR', 'CLEAR', 'BRAWL', 'BANCO_OFF')",4,4,10,40.000,ATTACK_STRONG,25.000,1.386294,4.0000
"('TANK', 'SWEEPER', 'OFFENSIVE_DIS', 'FULL', 'FULL', 'FIELD_SHARED', 'SLOWER', 'MEC_USED', 'CLEAN', 'CLEAN', 'NEUTRAL', 'NEUTRAL', 'CLEAR', 'CLEAR', 'OPENING', 'BANCO_AMBOS')",4,2,6,33.333,SWITCH_DEFENSIVE,75.000,0.562335,1.7548
"('TANK', 'TANK', 'DOMINANT', 'FULL', 'FULL', 'FIELD_SHARED', 'SLOWER', 'MEC_AVAIL', 'CLEAN', 'CLEAN', 'NEUTRAL', 'NEUTRAL', 'CLEAR', 'CLEAR', 'OPENING', 'BANCO_AMBOS')",4,3,14,21.429,HAZARD_MEC,50.000,1.039721,2.8284
"('TANK', 'TANK', 'OFFENSIVE_DIS', 'SAFE', 'FULL', 'NORMAL', 'FASTER', 'MEC_USED', 'AFFLICTED', 'CLEAN', 'DEBUFF', 'NEUTRAL', 'SET', 'SET', 'CLUTCH', 'BANCO_VAZIO')",4,2,5,40.000,ATTACK_PIVOT,50.000,0.693147,2.0000
"('TANK', 'TANK', 'NEUTRAL', 'SAFE', 'FULL', 'NORMAL', 'FASTER', 'MEC_USED', 'CLEAN', 'CLEAN', 'NEUTRAL', 'NEUTRAL', 'SET', 'SET', 'BRAWL', 'BANCO_AMBOS')",4,3,7,42.857,HEAL,50.000,1.039721,2.8284
"('TANK', 'TANK', 'STALEMATE', 'FULL', 'SAFE', 'NORMAL', 'FASTER', 'MEC_USED', 'CLEAN', 'CLEAN', 'NEUTRAL', 'NEUTRAL', 'SET', 'CLEAR', 'CLUTCH', 'BANCO_VAZIO')",4,2,7,28.571,CLEAN_HAZARD,75.000,0.562335,1.7548
"('TANK', 'TANK', 'OFFENSIVE_ADV', 'FULL', 'FULL', 'FIELD_OURS_OFF', 'FASTER', 'MEC_USED', 'CLEAN', 'CLEAN', 'NEUTRAL', 'NEUTRAL', 'CLEAR', 'CLEAR', 'OPENING', 'BANCO_VAZIO')",4,4,7,57.143,ATTACK_TECH,25.000,1.386294,4.0000
"('TANK', 'TANK', 'DEFENSIVE_DIS', 'DANGER', 'SAFE', 'NORMAL', 'SLOWER', 'MEC_USED', 'CLEAN', 'CLEAN', 'NEUTRAL', 'NEUTRAL', 'SET', 'SET', 'OPENING', 'BANCO_OFF')",4,4,9,44.444,STATUS,25.000,1.386294,4.0000
"('TANK', 'TANK', 'CRITICAL_DIS', 'CRIT', 'DANGER', 'NORMAL', 'SLOWER', 'MEC_USED', 'CLEAN', 'CLEAN', 'NEUTRAL', 'NEUTRAL', 'CLEAR', 'SET', 'RECOVERING', 'BANCO_VAZIO')",4,3,5,60.000,PROTECT,50.000,1.039721,2.8284
"('UTILITY', 'SWEEPER', 'VOLATILE', 'FULL', 'FULL', 'NORMAL', 'FASTER', 'MEC_USED', 'CLEAN', 'CLEAN', 'NEUTRAL', 'NEUTRAL', 'CLEAR', 'CLEAR', 'OPENING', 'BANCO_AMBOS')",4,4,5,80.000,ATTACK_STRONG,25.000,1.386294,4.0000
"('TANK', 'TANK', 'NEUTRAL', 'DANGER', 'FULL', 'NORMAL', 'FASTER', 'MEC_USED', 'CLEAN', 'CLEAN', 'NEUTRAL', 'NEUTRAL', 'SET', 'SET', 'RECOVERING', 'BANCO_VAZIO')",4,1,7,14.286,ATTACK_STRONG,100.000,-0.000000,1.0000
"('TANK', 'TANK', 'OFFENSIVE_DIS', 'CRIT', 'FULL', 'NORMAL', 'FASTER', 'MEC_USED', 'CLEAN', 'CLEAN', 'NEUTRAL', 'NEUTRAL', 'SET', 'SET', 'RECOVERING', 'BANCO_VAZIO')",4,4,7,57.143,ATTACK_TECH,25.000,1.386294,4.0000
"('SWEEPER', 'TANK', 'NEUTRAL', 'SAFE', 'FULL', 'NORMAL', 'FASTER', 'MEC_USED', 'CLEAN', 'CLEAN', 'NEUTRAL', 'NEUTRAL', 'CLEAR', 'CLEAR', 'OPENING', 'BANCO_VAZIO')",4,4,7,57.143,ATTACK_STRONG,25.000,1.386294,4.0000
"('TANK', 'TANK', 'NEUTRAL', 'CRIT', 'DANGER', 'NORMAL', 'FASTER', 'MEC_USED', 'CLEAN', 'CLEAN', 'NEUTRAL', 'NEUTRAL', 'SET', 'SET', 'RECOVERING', 'BANCO_VAZIO')",4,4,8,50.000,ATTACK_STRONG,25.000,1.386294,4.0000
"('TANK', 'TANK', 'NEUTRAL', 'SAFE', 'CRIT', 'NORMAL', 'SLOWER', 'MEC_USED', 'CLEAN', 'CLEAN', 'NEUTRAL', 'NEUTRAL', 'CLEAR', 'SET', 'OPENING', 'BANCO_OFF')",4,1,8,12.500,ATTACK_STRONG,100.000,-0.000000,1.0000
"('TANK', 'TANK', 'DEFENSIVE_ADV', 'FULL', 'FULL', 'FIELD_SHARED', 'SLOWER', 'MEC_USED', 'CLEAN', 'CLEAN', 'NEUTRAL', 'NEUTRAL', 'CLEAR', 'CLEAR', 'OPENING', 'BANCO_DEF')",4,3,10,30.000,ATTACK_TECH,50.000,1.039721,2.8284
"('SWEEPER', 'TANK', 'OFFENSIVE_ADV', 'FULL', 'SAFE', 'FIELD_OURS_OFF', 'FASTER', 'MEC_USED', 'CLEAN', 'CLEAN', 'NEUTRAL', 'NEUTRAL', 'CLEAR', 'CLEAR', 'OPENING', 'BANCO_OFF')",4,1,5,20.000,SWITCH_DEFENSIVE,100.000,-0.000000,1.0000
"('TANK', 'TANK', 'NEUTRAL', 'SAFE', 'FULL', 'NORMAL', 'SLOWER', 'MEC_USED', 'AFFLICTED', 'CLEAN', 'NEUTRAL', 'NEUTRAL', 'SET', 'SET', 'RECOVERING', 'BANCO_VAZIO')",4,4,8,50.000,ATTACK_STRONG,25.000,1.386294,4.0000
"('TANK', 'SWEEPER', 'DOMINANT', 'FULL', 'FULL', 'FIELD_OURS_DEF', 'SLOWER', 'MEC_USED', 'CLEAN', 'CLEAN', 'NEUTRAL', 'NEUTRAL', 'CLEAR', 'CLEAR', 'OPENING', 'BANCO_AMBOS')",4,2,5,40.000,SWITCH_DEFENSIVE,75.000,0.562335,1.7548
"('TANK', 'TANK', 'NEUTRAL', 'FULL', 'DANGER', 'NORMAL', 'FASTER', 'MEC_USED', 'CLEAN', 'CLEAN', 'NEUTRAL', 'NEUTRAL', 'CLEAR', 'CLEAR', 'BRAWL', 'BANCO_VAZIO')",4,3,7,42.857,SWITCH_DEFENSIVE,50.000,1.039721,2.8284
"('TANK', 'TANK', 'NEUTRAL', 'SAFE', 'FULL', 'NORMAL', 'FASTER', 'MEC_AVAIL', 'CLEAN', 'CLEAN', 'NEUTRAL', 'NEUTRAL', 'SET', 'CLEAR', 'BRAWL', 'BANCO_OFF')",4,3,14,21.429,SWITCH_DEFENSIVE,50.000,1.039721,2.8284
"('TANK', 'TANK', 'DEFENSIVE_DIS', 'FULL', 'SAFE', 'NORMAL', 'SLOWER', 'MEC_USED', 'CLEAN', 'AFFLICTED', 'NEUTRAL', 'DEBUFF', 'CLEAR', 'SET', 'RECOVERING', 'BANCO_VAZIO')",4,4,7,57.143,ATTACK_STRONG,25.000,1.386294,4.0000
"('TANK', 'TANK', 'NEUTRAL', 'SAFE', 'FULL', 'FIELD_THEIRS', 'SLOWER', 'MEC_USED', 'CLEAN', 'CLEAN', 'NEUTRAL', 'NEUTRAL', 'SET', 'SET', 'OPENING', 'BANCO_OFF')",4,2,11,18.182,SWITCH_DEFENSIVE,50.000,0.693147,2.0000
"('TANK', 'TANK', 'DEFENSIVE_DIS', 'FULL', 'FULL', 'NORMAL', 'FASTER', 'MEC_AVAIL', 'CLEAN', 'CLEAN', 'NEUTRAL', 'NEUTRAL', 'CLEAR', 'CLEAR', 'OPENING', 'BANCO_VAZIO')",4,3,8,37.500,BUFF_MEC,50.000,1.039721,2.8284
"('UTILITY', 'SWEEPER', 'DOMINANT', 'FULL', 'FULL', 'NORMAL', 'FASTER', 'MEC_USED', 'CLEAN', 'CLEAN', 'NEUTRAL', 'NEUTRAL', 'CLEAR', 'CLEAR', 'OPENING', 'BANCO_OFF')",4,3,5,60.000,SWITCH_OFFENSIVE,50.000,1.039721,2.8284
"('SWEEPER', 'TANK', 'OFFENSIVE_ADV', 'FULL', 'SAFE', 'NORMAL', 'FASTER', 'MEC_USED', 'CLEAN', 'CLEAN', 'NEUTRAL', 'DEBUFF', 'CLEAR', 'CLEAR', 'OPENING', 'BANCO_AMBOS')",4,3,6,50.000,SWITCH_DEFENSIVE,50.000,1.039721,2.8284
"('UTILITY', 'TANK', 'DOMINANT', 'FULL', 'SAFE', 'FIELD_SHARED', 'FASTER', 'MEC_USED', 'CLEAN', 'CLEAN', 'NEUTRAL', 'NEUTRAL', 'CLEAR', 'CLEAR', 'OPENING', 'BANCO_OFF')",4,4,8,50.000,ATTACK_STRONG,25.000,1.386294,4.0000
"('TANK', 'SWEEPER', 'OFFENSIVE_ADV', 'FULL', 'SAFE', 'NORMAL', 'SLOWER', 'MEC_AVAIL', 'CLEAN', 'CLEAN', 'NEUTRAL', 'NEUTRAL', 'CLEAR', 'CLEAR', 'OPENING', 'BANCO_OFF')",4,4,11,36.364,ATTACK_TECH,25.000,1.386294,4.0000
"('SWEEPER', 'SWEEPER', 'OFFENSIVE_ADV', 'FULL', 'FULL', 'FIELD_THEIRS', 'SLOWER', 'MEC_USED', 'CLEAN', 'CLEAN', 'NEUTRAL', 'DEBUFF', 'CLEAR', 'CLEAR', 'OPENING', 'BANCO_OFF')",4,1,7,14.286,SWITCH_OFFENSIVE,100.000,-0.000000,1.0000
"('TANK', 'TANK', 'DEFENSIVE_DIS', 'CRIT', 'FULL', 'FIELD_SHARED', 'FASTER', 'MEC_USED', 'CLEAN', 'CLEAN', 'NEUTRAL', 'NEUTRAL', 'CLEAR', 'CLEAR', 'OPENING', 'BANCO_AMBOS')",4,1,5,20.000,SWITCH_DEFENSIVE,100.000,-0.000000,1.0000
"('TANK', 'TANK', 'NEUTRAL', 'DANGER', 'SAFE', 'NORMAL', 'FASTER', 'MEC_AVAIL', 'CLEAN', 'CLEAN', 'NEUTRAL', 'NEUTRAL', 'CLEAR', 'CLEAR', 'OPENING', 'BANCO_OFF')",4,4,8,50.000,ATTACK_STRONG_MEC,25.000,1.386294,4.0000
"('TANK', 'TANK', 'OFFENSIVE_ADV', 'FULL', 'SAFE', 'FIELD_THEIRS', 'FASTER', 'MEC_AVAIL', 'CLEAN', 'CLEAN', 'NEUTRAL', 'NEUTRAL', 'SET', 'CLEAR', 'OPENING', 'BANCO_OFF')",4,3,10,30.000,ATTACK_PIVOT,50.000,1.039721,2.8284
"('TANK', 'TANK', 'NEUTRAL', 'FULL', 'SAFE', 'NORMAL', 'FASTER', 'MEC_USED', 'CLEAN', 'CLEAN', 'NEUTRAL', 'NEUTRAL', 'SET', 'CLEAR', 'CLUTCH', 'BANCO_VAZIO')",4,2,8,25.000,ATTACK_STRONG,75.000,0.562335,1.7548
"('TANK', 'SWEEPER', 'NEUTRAL', 'SAFE', 'SAFE', 'FIELD_SHARED', 'SLOWER', 'MEC_USED', 'CLEAN', 'CLEAN', 'NEUTRAL', 'NEUTRAL', 'CLEAR', 'CLEAR', 'OPENING', 'BANCO_OFF')",4,4,9,44.444,ATTACK_PIVOT,25.000,1.386294,4.0000
"('TANK', 'TANK', 'NEUTRAL', 'DANGER', 'FULL', 'NORMAL', 'FASTER', 'MEC_USED', 'CLEAN', 'CLEAN', 'NEUTRAL', 'NEUTRAL', 'SET', 'CLEAR', 'RECOVERING', 'BANCO_VAZIO')",4,4,7,57.143,ATTACK_STRONG,25.000,1.386294,4.0000
"('TANK', 'TANK', 'NEUTRAL', 'CRIT', 'SAFE', 'NORMAL', 'FASTER', 'MEC_USED', 'CLEAN', 'CLEAN', 'NEUTRAL', 'NEUTRAL', 'SET', 'SET', 'BRAWL', 'BANCO_OFF')",4,3,10,30.000,PROTECT,50.000,1.039721,2.8284
"('TANK', 'TANK', 'OFFENSIVE_ADV', 'SAFE', 'SAFE', 'FIELD_SHARED', 'FASTER', 'MEC_USED', 'CLEAN', 'CLEAN', 'NEUTRAL', 'NEUTRAL', 'SET', 'CLEAR', 'OPENING', 'BANCO_OFF')",4,4,9,44.444,ATTACK_PIVOT,25.000,1.386294,4.0000
"('SWEEPER', 'TANK', 'VOLATILE', 'FULL', 'FULL', 'NORMAL', 'FASTER', 'MEC_USED', 'CLEAN', 'CLEAN', 'NEUTRAL', 'NEUTRAL', 'CLEAR', 'CLEAR', 'OPENING', 'BANCO_DEF')",4,3,3,100.000,SWITCH_OFFENSIVE,50.000,1.039721,2.8284
"('SWEEPER', 'TANK', 'NEUTRAL', 'FULL', 'FULL', 'FIELD_SHARED', 'FASTER', 'MEC_AVAIL', 'CLEAN', 'CLEAN', 'NEUTRAL', 'NEUTRAL', 'CLEAR', 'CLEAR', 'OPENING', 'BANCO_AMBOS')",4,4,10,40.000,ATTACK_STRONG,25.000,1.386294,4.0000
"('SWEEPER', 'TANK', 'NEUTRAL', 'SAFE', 'FULL', 'NORMAL', 'FASTER', 'MEC_USED', 'CLEAN', 'CLEAN', 'NEUTRAL', 'NEUTRAL', 'SET', 'CLEAR', 'OPENING', 'BANCO_OFF')",4,4,9,44.444,ATTACK_PREDICTIVE,25.000,1.386294,4.0000
"('UTILITY', 'TANK', 'DOMINANT', 'SAFE', 'FULL', 'FIELD_THEIRS', 'FASTER', 'MEC_USED', 'CLEAN', 'CLEAN', 'NEUTRAL', 'NEUTRAL', 'CLEAR', 'CLEAR', 'OPENING', 'BANCO_OFF')",4,3,7,42.857,ATTACK_TECH,50.000,1.039721,2.8284
"('TANK', 'TANK', 'OFFENSIVE_ADV', 'FULL', 'DANGER', 'FIELD_SHARED', 'FASTER', 'MEC_USED', 'CLEAN', 'CLEAN', 'NEUTRAL', 'NEUTRAL', 'CLEAR', 'CLEAR', 'OPENING', 'BANCO_AMBOS')",4,3,5,60.000,SWITCH_OFFENSIVE,50.000,1.039721,2.8284
"('TANK', 'TANK', 'DEFENSIVE_ADV', 'SAFE', 'SAFE', 'NORMAL', 'FASTER', 'MEC_USED', 'CLEAN', 'CLEAN', 'NEUTRAL', 'NEUTRAL', 'CLEAR', 'CLEAR', 'OPENING', 'BANCO_AMBOS')",4,1,5,20.000,ATTACK_PREDICTIVE,100.000,-0.000000,1.0000
"('TANK', 'UTILITY', 'OFFENSIVE_ADV', 'FULL', 'FULL', 'NORMAL', 'SLOWER', 'MEC_AVAIL', 'CLEAN', 'CLEAN', 'NEUTRAL', 'DEBUFF', 'CLEAR', 'CLEAR', 'OPENING', 'BANCO_OFF')",4,4,10,40.000,ATTACK_STRONG,25.000,1.386294,4.0000
"('SWEEPER', 'SWEEPER', 'CRITICAL_DIS', 'SAFE', 'FULL', 'FIELD_OURS_OFF', 'FASTER', 'MEC_USED', 'CLEAN', 'CLEAN', 'NEUTRAL', 'NEUTRAL', 'CLEAR', 'CLEAR', 'OPENING', 'BANCO_AMBOS')",4,2,5,40.000,SWITCH_OFFENSIVE,75.000,0.562335,1.7548
"('SWEEPER', 'TANK', 'CRITICAL_DIS', 'SAFE', 'FULL', 'NORMAL', 'FASTER', 'MEC_USED', 'CLEAN', 'CLEAN', 'NEUTRAL', 'NEUTRAL', 'CLEAR', 'CLEAR', 'OPENING', 'BANCO_OFF')",4,4,8,50.000,ATTACK_STRONG,25.000,1.386294,4.0000
"('TANK', 'TANK', 'OFFENSIVE_DIS', 'FULL', 'FULL', 'NORMAL', 'FASTER', 'MEC_USED', 'CLEAN', 'CLEAN', 'NEUTRAL', 'NEUTRAL', 'SET', 'SET', 'OPENING', 'BANCO_AMBOS')",4,1,5,20.000,ATTACK_TECH,100.000,-0.000000,1.0000
"('TANK', 'TANK', 'OFFENSIVE_ADV', 'FULL', 'FULL', 'NORMAL', 'FASTER', 'MEC_USED', 'AFFLICTED', 'CLEAN', 'NEUTRAL', 'NEUTRAL', 'SET', 'SET', 'OPENING', 'BANCO_OFF')",4,1,4,25.000,CLEAN_HAZARD,100.000,-0.000000,1.0000
"('TANK', 'TANK', 'NEUTRAL', 'CRIT', 'FULL', 'NORMAL', 'SLOWER', 'MEC_USED', 'CLEAN', 'CLEAN', 'NEUTRAL', 'NEUTRAL', 'SET', 'CLEAR', 'BRAWL', 'BANCO_VAZIO')",4,4,10,40.000,ATTACK_PREDICTIVE,25.000,1.386294,4.0000
"('SWEEPER', 'TANK', 'OFFENSIVE_ADV', 'SAFE', 'FULL', 'FIELD_SHARED', 'FASTER', 'MEC_USED', 'CLEAN', 'CLEAN', 'NEUTRAL', 'NEUTRAL', 'CLEAR', 'CLEAR', 'OPENING', 'BANCO_OFF')",4,3,7,42.857,ATTACK_PREDICTIVE,50.000,1.039721,2.8284
"('TANK', 'TANK', 'OFFENSIVE_ADV', 'SAFE', 'DANGER', 'FIELD_THEIRS', 'SLOWER', 'MEC_USED', 'CLEAN', 'CLEAN', 'NEUTRAL', 'NEUTRAL', 'CLEAR', 'CLEAR', 'OPENING', 'BANCO_OFF')",4,4,10,40.000,ATTACK_PIVOT,25.000,1.386294,4.0000
"('TANK', 'TANK', 'STALEMATE', 'SAFE', 'SAFE', 'NORMAL', 'FASTER', 'MEC_USED', 'CLEAN', 'CLEAN', 'NEUTRAL', 'NEUTRAL', 'SET', 'SET', 'OPENING', 'BANCO_OFF')",4,3,6,50.000,ATTACK_PREDICTIVE,50.000,1.039721,2.8284
"('TANK', 'TANK', 'DEFENSIVE_DIS', 'SAFE', 'FULL', 'FIELD_THEIRS', 'SLOWER', 'MEC_USED', 'CLEAN', 'CLEAN', 'NEUTRAL', 'NEUTRAL', 'CLEAR', 'CLEAR', 'OPENING', 'BANCO_OFF')",4,2,8,25.000,ATTACK_TECH,50.000,0.693147,2.0000
"('TANK', 'TANK', 'DEFENSIVE_DIS', 'DANGER', 'FULL', 'NORMAL', 'SLOWER', 'MEC_USED', 'CLEAN', 'CLEAN', 'NEUTRAL', 'NEUTRAL', 'SET', 'CLEAR', 'OPENING', 'BANCO_OFF')",4,4,11,36.364,ATTACK_PREDICTIVE,25.000,1.386294,4.0000
"('SWEEPER', 'TANK', 'DOMINANT', 'FULL', 'FULL', 'FIELD_THEIRS', 'FASTER', 'MEC_USED', 'CLEAN', 'CLEAN', 'NEUTRAL', 'NEUTRAL', 'CLEAR', 'CLEAR', 'OPENING', 'BANCO_OFF')",4,3,6,50.000,ATTACK_TECH,50.000,1.039721,2.8284
"('TANK', 'TANK', 'OFFENSIVE_ADV', 'FULL', 'SAFE', 'FIELD_SHARED', 'SLOWER', 'MEC_USED', 'CLEAN', 'CLEAN', 'NEUTRAL', 'NEUTRAL', 'CLEAR', 'CLEAR', 'OPENING', 'BANCO_VAZIO')",4,3,8,37.500,ATTACK_TECH,50.000,1.039721,2.8284
"('TANK', 'TANK', 'DEFENSIVE_ADV', 'FULL', 'FULL', 'FIELD_SHARED', 'FASTER', 'MEC_AVAIL', 'CLEAN', 'CLEAN', 'NEUTRAL', 'NEUTRAL', 'CLEAR', 'CLEAR', 'OPENING', 'BANCO_OFF')",4,4,8,50.000,ATTACK_STRONG_MEC,25.000,1.386294,4.0000
"('TANK', 'TANK', 'OFFENSIVE_ADV', 'SAFE', 'FULL', 'NORMAL', 'FASTER', 'MEC_AVAIL', 'CLEAN', 'CLEAN', 'NEUTRAL', 'NEUTRAL', 'CLEAR', 'SET', 'OPENING', 'BANCO_OFF')",4,3,12,25.000,SWITCH_DEFENSIVE,50.000,1.039721,2.8284
"('TANK', 'TANK', 'VOLATILE', 'FULL', 'FULL', 'NORMAL', 'SLOWER', 'MEC_USED', 'CLEAN', 'CLEAN', 'NEUTRAL', 'NEUTRAL', 'CLEAR', 'CLEAR', 'RECOVERING', 'BANCO_VAZIO')",4,4,6,66.667,ATTACK_PREDICTIVE,25.000,1.386294,4.0000
"('UTILITY', 'TANK', 'OFFENSIVE_ADV', 'FULL', 'SAFE', 'NORMAL', 'FASTER', 'MEC_USED', 'CLEAN', 'CLEAN', 'NEUTRAL', 'NEUTRAL', 'SET', 'CLEAR', 'OPENING', 'BANCO_OFF')",4,2,8,25.000,CLEAN_HAZARD,75.000,0.562335,1.7548
"('SWEEPER', 'TANK', 'NEUTRAL', 'FULL', 'SAFE', 'FIELD_THEIRS', 'FASTER', 'MEC_USED', 'CLEAN', 'CLEAN', 'NEUTRAL', 'NEUTRAL', 'CLEAR', 'CLEAR', 'OPENING', 'BANCO_AMBOS')",4,3,5,60.000,ATTACK_STRONG,50.000,1.039721,2.8284
"('TANK', 'TANK', 'DEFENSIVE_DIS', 'FULL', 'FULL', 'FIELD_OURS_DEF', 'SLOWER', 'MEC_AVAIL', 'CLEAN', 'CLEAN', 'NEUTRAL', 'NEUTRAL', 'CLEAR', 'CLEAR', 'OPENING', 'BANCO_AMBOS')",4,3,10,30.000,ATTACK_PREDICTIVE,50.000,1.039721,2.8284
"('TANK', 'TANK', 'OFFENSIVE_DIS', 'DANGER', 'FULL', 'NORMAL', 'SLOWER', 'MEC_USED', 'CLEAN', 'CLEAN', 'NEUTRAL', 'NEUTRAL', 'SET', 'SET', 'BRAWL', 'BANCO_OFF')",4,3,7,42.857,STAT_CLEAN,50.000,1.039721,2.8284
"('TANK', 'TANK', 'OFFENSIVE_DIS', 'SAFE', 'SAFE', 'FIELD_THEIRS', 'FASTER', 'MEC_USED', 'CLEAN', 'CLEAN', 'NEUTRAL', 'NEUTRAL', 'CLEAR', 'CLEAR', 'OPENING', 'BANCO_OFF')",4,3,10,30.000,PROTECT,50.000,1.039721,2.8284
"('TANK', 'TANK', 'VOLATILE', 'FULL', 'FULL', 'FIELD_SHARED', 'FASTER', 'MEC_USED', 'CLEAN', 'CLEAN', 'NEUTRAL', 'NEUTRAL', 'CLEAR', 'SET', 'OPENING', 'BANCO_AMBOS')",4,1,6,16.667,SWITCH_OFFENSIVE,100.000,-0.000000,1.0000
"('TANK', 'SWEEPER', 'OFFENSIVE_ADV', 'SAFE', 'SAFE', 'FIELD_SHARED', 'SLOWER', 'MEC_USED', 'CLEAN', 'CLEAN', 'NEUTRAL', 'NEUTRAL', 'CLEAR', 'CLEAR', 'OPENING', 'BANCO_OFF')",4,3,9,33.333,HEAL,50.000,1.039721,2.8284
"('TANK', 'TANK', 'NEUTRAL', 'FULL', 'FULL', 'FIELD_SHARED', 'SLOWER', 'MEC_USED', 'CLEAN', 'CLEAN', 'NEUTRAL', 'NEUTRAL', 'SET', 'SET', 'CLUTCH', 'BANCO_VAZIO')",4,1,2,50.000,ATTACK_STRONG,100.000,-0.000000,1.0000
"('TANK', 'SWEEPER', 'DEFENSIVE_DIS', 'FULL', 'FULL', 'FIELD_OURS_DEF', 'SLOWER', 'MEC_USED', 'CLEAN', 'CLEAN', 'DEBUFF', 'NEUTRAL', 'CLEAR', 'CLEAR', 'OPENING', 'BANCO_OFF')",4,2,4,50.000,ATTACK_STRONG,50.000,0.693147,2.0000
"('TANK', 'TANK', 'NEUTRAL', 'FULL', 'DANGER', 'NORMAL', 'SLOWER', 'MEC_USED', 'CLEAN', 'CLEAN', 'NEUTRAL', 'NEUTRAL', 'CLEAR', 'SET', 'OPENING', 'BANCO_OFF')",4,2,8,25.000,ATTACK_STRONG,50.000,0.693147,2.0000
"('TANK', 'TANK', 'OFFENSIVE_DIS', 'SAFE', 'FULL', 'NORMAL', 'FASTER', 'MEC_USED', 'CLEAN', 'CLEAN', 'NEUTRAL', 'NEUTRAL', 'SET', 'CLEAR', 'OPENING', 'BANCO_AMBOS')",4,3,9,33.333,HEAL,50.000,1.039721,2.8284
"('TANK', 'TANK', 'DEFENSIVE_DIS', 'SAFE', 'DANGER', 'NORMAL', 'FASTER', 'MEC_USED', 'CLEAN', 'CLEAN', 'NEUTRAL', 'NEUTRAL', 'CLEAR', 'CLEAR', 'OPENING', 'BANCO_OFF')",4,4,6,66.667,ATTACK_STRONG,25.000,1.386294,4.0000
"('TANK', 'TANK', 'VOLATILE', 'FULL', 'SAFE', 'NORMAL', 'SLOWER', 'MEC_USED', 'CLEAN', 'CLEAN', 'NEUTRAL', 'NEUTRAL', 'SET', 'CLEAR', 'OPENING', 'BANCO_OFF')",4,2,9,22.222,ATTACK_TECH,75.000,0.562335,1.7548
"('TANK', 'TANK', 'NEUTRAL', 'SAFE', 'DANGER', 'NORMAL', 'SLOWER', 'MEC_USED', 'CLEAN', 'CLEAN', 'NEUTRAL', 'NEUTRAL', 'CLEAR', 'CLEAR', 'CLUTCH', 'BANCO_VAZIO')",4,2,9,22.222,ATTACK_STRONG,75.000,0.562335,1.7548
"('TANK', 'TANK', 'NEUTRAL', 'FULL', 'FULL', 'FIELD_SHARED', 'SLOWER', 'MEC_USED', 'CLEAN', 'CLEAN', 'NEUTRAL', 'NEUTRAL', 'CLEAR', 'CLEAR', 'OPENING', 'BANCO_DEF')",4,1,8,12.500,SWITCH_DEFENSIVE,100.000,-0.000000,1.0000
"('TANK', 'TANK', 'OFFENSIVE_DIS', 'SAFE', 'FULL', 'NORMAL', 'FASTER', 'MEC_USED', 'AFFLICTED', 'CLEAN', 'NEUTRAL', 'NEUTRAL', 'CLEAR', 'CLEAR', 'OPENING', 'BANCO_OFF')",4,1,7,14.286,ATTACK_PREDICTIVE,100.000,-0.000000,1.0000
"('TANK', 'TANK', 'DEFENSIVE_ADV', 'FULL', 'DANGER', 'NORMAL', 'SLOWER', 'MEC_USED', 'CLEAN', 'CLEAN', 'NEUTRAL', 'NEUTRAL', 'CLEAR', 'CLEAR', 'OPENING', 'BANCO_OFF')",4,2,7,28.571,ATTACK_STRONG,75.000,0.562335,1.7548
"('TANK', 'TANK', 'DOMINANT', 'FULL', 'DANGER', 'NORMAL', 'SLOWER', 'MEC_USED', 'CLEAN', 'CLEAN', 'NEUTRAL', 'NEUTRAL', 'CLEAR', 'CLEAR', 'OPENING', 'BANCO_OFF')",4,1,6,16.667,ATTACK_STRONG,100.000,-0.000000,1.0000
"('UTILITY', 'TANK', 'OFFENSIVE_ADV', 'FULL', 'SAFE', 'FIELD_SHARED', 'FASTER', 'MEC_USED', 'CLEAN', 'CLEAN', 'NEUTRAL', 'NEUTRAL', 'CLEAR', 'CLEAR', 'OPENING', 'BANCO_OFF')",4,3,6,50.000,ATTACK_STRONG,50.000,1.039721,2.8284
"('TANK', 'TANK', 'NEUTRAL', 'DANGER', 'CRIT', 'NORMAL', 'FASTER', 'MEC_USED', 'CLEAN', 'CLEAN', 'NEUTRAL', 'NEUTRAL', 'SET', 'SET', 'CLUTCH', 'BANCO_VAZIO')",4,2,6,33.333,ATTACK_STRONG,75.000,0.562335,1.7548
"('SWEEPER', 'SWEEPER', 'NEUTRAL', 'FULL', 'FULL', 'NORMAL', 'FASTER', 'MEC_USED', 'CLEAN', 'CLEAN', 'NEUTRAL', 'NEUTRAL', 'CLEAR', 'CLEAR', 'OPENING', 'BANCO_VAZIO')",4,4,7,57.143,ATTACK_STRONG,25.000,1.386294,4.0000
"('TANK', 'UTILITY', 'NEUTRAL', 'FULL', 'FULL', 'FIELD_OURS_OFF', 'SLOWER', 'MEC_USED', 'CLEAN', 'CLEAN', 'NEUTRAL', 'NEUTRAL', 'CLEAR', 'CLEAR', 'OPENING', 'BANCO_DEF')",4,2,7,28.571,SWITCH_OFFENSIVE,75.000,0.562335,1.7548
"('TANK', 'TANK', 'DEFENSIVE_DIS', 'FULL', 'CRIT', 'NORMAL', 'SLOWER', 'MEC_USED', 'CLEAN', 'CLEAN', 'NEUTRAL', 'NEUTRAL', 'SET', 'SET', 'RECOVERING', 'BANCO_VAZIO')",4,1,7,14.286,ATTACK_STRONG,100.000,-0.000000,1.0000
"('TANK', 'SWEEPER', 'NEUTRAL', 'FULL', 'FULL', 'FIELD_THEIRS', 'FASTER', 'MEC_AVAIL', 'CLEAN', 'CLEAN', 'NEUTRAL', 'NEUTRAL', 'CLEAR', 'CLEAR', 'OPENING', 'BANCO_OFF')",4,2,8,25.000,SWITCH_DEFENSIVE,75.000,0.562335,1.7548
"('TANK', 'UTILITY', 'OFFENSIVE_DIS', 'SAFE', 'FULL', 'FIELD_SHARED', 'SLOWER', 'MEC_USED', 'CLEAN', 'CLEAN', 'NEUTRAL', 'NEUTRAL', 'CLEAR', 'CLEAR', 'OPENING', 'BANCO_AMBOS')",4,3,9,33.333,SWITCH_DEFENSIVE,50.000,1.039721,2.8284
"('UTILITY', 'TANK', 'VOLATILE', 'FULL', 'FULL', 'FIELD_SHARED', 'FASTER', 'MEC_USED', 'CLEAN', 'CLEAN', 'NEUTRAL', 'NEUTRAL', 'CLEAR', 'CLEAR', 'OPENING', 'BANCO_AMBOS')",4,3,4,75.000,SWITCH_DEFENSIVE,50.000,1.039721,2.8284
"('TANK', 'TANK', 'NEUTRAL', 'DANGER', 'DANGER', 'NORMAL', 'FASTER', 'MEC_USED', 'CLEAN', 'CLEAN', 'NEUTRAL', 'NEUTRAL', 'SET', 'SET', 'OPENING', 'BANCO_OFF')",4,2,11,18.182,ATTACK_STRONG,75.000,0.562335,1.7548
"('TANK', 'TANK', 'NEUTRAL', 'FULL', 'SAFE', 'NORMAL', 'FASTER', 'MEC_USED', 'CLEAN', 'AFFLICTED', 'NEUTRAL', 'DEBUFF', 'CLEAR', 'CLEAR', 'OPENING', 'BANCO_OFF')",4,2,7,28.571,HEAL,50.000,0.693147,2.0000
"('TANK', 'TANK', 'OFFENSIVE_DIS', 'FULL', 'SAFE', 'NORMAL', 'SLOWER', 'MEC_USED', 'CLEAN', 'CLEAN', 'NEUTRAL', 'NEUTRAL', 'CLEAR', 'SET', 'CLUTCH', 'BANCO_VAZIO')",4,3,6,50.000,SWITCH_DEFENSIVE,50.000,1.039721,2.8284
"('TANK', 'TANK', 'VOLATILE', 'DANGER', 'FULL', 'NORMAL', 'FASTER', 'MEC_USED', 'CLEAN', 'CLEAN', 'NEUTRAL', 'NEUTRAL', 'CLEAR', 'CLEAR', 'OPENING', 'BANCO_AMBOS')",4,3,6,50.000,STATUS,50.000,1.039721,2.8284
"('TANK', 'TANK', 'NEUTRAL', 'FULL', 'DANGER', 'NORMAL', 'SLOWER', 'MEC_USED', 'CLEAN', 'CLEAN', 'NEUTRAL', 'NEUTRAL', 'CLEAR', 'CLEAR', 'BRAWL', 'BANCO_VAZIO')",4,3,9,33.333,STAT_CLEAN,50.000,1.039721,2.8284
"('TANK', 'TANK', 'OFFENSIVE_DIS', 'FULL', 'FULL', 'NORMAL', 'SLOWER', 'MEC_USED', 'CLEAN', 'AFFLICTED', 'NEUTRAL', 'NEUTRAL', 'CLEAR', 'CLEAR', 'CLUTCH', 'BANCO_VAZIO')",4,1,2,50.000,SWITCH_DEFENSIVE,100.000,-0.000000,1.0000
"('TANK', 'TANK', 'NEUTRAL', 'FULL', 'SAFE', 'NORMAL', 'SLOWER', 'MEC_USED', 'CLEAN', 'CLEAN', 'NEUTRAL', 'BUFFED', 'CLEAR', 'CLEAR', 'OPENING', 'BANCO_VAZIO')",4,3,9,33.333,ATTACK_PIVOT,50.000,1.039721,2.8284
"('TANK', 'TANK', 'OFFENSIVE_DIS', 'SAFE', 'SAFE', 'NORMAL', 'FASTER', 'MEC_USED', 'AFFLICTED', 'CLEAN', 'DEBUFF', 'NEUTRAL', 'SET', 'SET', 'RECOVERING', 'BANCO_VAZIO')",4,2,4,50.000,STATUS,75.000,0.562335,1.7548
"('TANK', 'TANK', 'NEUTRAL', 'FULL', 'SAFE', 'NORMAL', 'SLOWER', 'MEC_USED', 'CLEAN', 'CLEAN', 'BUFFED', 'NEUTRAL', 'CLEAR', 'CLEAR', 'OPENING', 'BANCO_OFF')",4,1,6,16.667,ATTACK_STRONG,100.000,-0.000000,1.0000
"('TANK', 'TANK', 'DEFENSIVE_ADV', 'DANGER', 'FULL', 'NORMAL', 'SLOWER', 'MEC_USED', 'CLEAN', 'AFFLICTED', 'NEUTRAL', 'NEUTRAL', 'SET', 'SET', 'RECOVERING', 'BANCO_VAZIO')",3,2,3,66.667,ATTACK_STRONG,66.667,0.636514,1.8899
"('TANK', 'TANK', 'NEUTRAL', 'SAFE', 'FULL', 'NORMAL', 'FASTER', 'MEC_USED', 'CLEAN', 'AFFLICTED', 'DEBUFF', 'DEBUFF_DEBUFF', 'SET', 'CLEAR', 'CLUTCH', 'BANCO_VAZIO')",3,2,6,33.333,ATTACK_STRONG,66.667,0.636514,1.8899
"('TANK', 'TANK', 'NEUTRAL', 'SAFE', 'FULL', 'NORMAL', 'FASTER', 'MEC_USED', 'AFFLICTED', 'CLEAN', 'DEBUFF', 'NEUTRAL', 'CLEAR', 'SET', 'CLUTCH', 'BANCO_VAZIO')",3,3,3,100.000,ATTACK_STRONG,33.333,1.098612,3.0000
"('TANK', 'TANK', 'OFFENSIVE_ADV', 'SAFE', 'SAFE', 'NORMAL', 'FASTER', 'MEC_USED', 'AFFLICTED', 'CLEAN', 'NEUTRAL', 'NEUTRAL', 'SET', 'CLEAR', 'CLUTCH', 'BANCO_VAZIO')",3,1,5,20.000,ATTACK_PREDICTIVE,100.000,-0.000000,1.0000
"('TANK', 'TANK', 'CRITICAL_DIS', 'FULL', 'FULL', 'NORMAL', 'FASTER', 'MEC_USED', 'CLEAN', 'CLEAN', 'NEUTRAL', 'NEUTRAL', 'CLEAR', 'SET', 'CLUTCH', 'BANCO_VAZIO')",3,2,4,50.000,SWITCH_OFFENSIVE,66.667,0.636514,1.8899
"('TANK', 'TANK', 'OFFENSIVE_DIS', 'FULL', 'FULL', 'NORMAL', 'FASTER', 'MEC_USED', 'AFFLICTED', 'AFFLICTED', 'NEUTRAL', 'DEBUFF', 'CLEAR', 'CLEAR', 'CLUTCH', 'BANCO_VAZIO')",3,1,4,25.000,STATUS,100.000,-0.000000,1.0000
"('TANK', 'TANK', 'DEFENSIVE_ADV', 'FULL', 'SAFE', 'NORMAL', 'SLOWER', 'MEC_USED', 'CLEAN', 'AFFLICTED', 'NEUTRAL', 'NEUTRAL', 'SET', 'SET', 'CLUTCH', 'BANCO_VAZIO')",3,2,6,33.333,STATUS,66.667,0.636514,1.8899
"('TANK', 'SWEEPER', 'OFFENSIVE_ADV', 'SAFE', 'DANGER', 'NORMAL', 'SLOWER', 'MEC_USED', 'CLEAN', 'CLEAN', 'NEUTRAL', 'NEUTRAL', 'CLEAR', 'CLEAR', 'RECOVERING', 'BANCO_VAZIO')",3,1,5,20.000,ATTACK_PREDICTIVE,100.000,-0.000000,1.0000
"('TANK', 'TANK', 'NEUTRAL', 'FULL', 'FULL', 'NORMAL', 'FASTER', 'MEC_AVAIL', 'CLEAN', 'CLEAN', 'NEUTRAL', 'NEUTRAL', 'CLEAR', 'CLEAR', 'RECOVERING', 'BANCO_OFF')",3,3,10,30.000,ATTACK_PREDICTIVE,33.333,1.098612,3.0000
"('TANK', 'TANK', 'VOLATILE', 'SAFE', 'SAFE', 'FIELD_SHARED', 'FASTER', 'MEC_USED', 'CLEAN', 'CLEAN', 'NEUTRAL', 'NEUTRAL', 'CLEAR', 'CLEAR', 'OPENING', 'BANCO_OFF')",3,3,8,37.500,ATTACK_PREDICTIVE,33.333,1.098612,3.0000
"('TANK', 'TANK', 'DOMINANT', 'FULL', 'SAFE', 'NORMAL', 'FASTER', 'MEC_USED', 'CLEAN', 'CLEAN', 'NEUTRAL', 'NEUTRAL', 'CLEAR', 'SET', 'OPENING', 'BANCO_OFF')",3,3,5,60.000,ATTACK_STRONG,33.333,1.098612,3.0000
"('TANK', 'TANK', 'CRITICAL_DIS', 'CRIT', 'FULL', 'NORMAL', 'SLOWER', 'MEC_USED', 'CLEAN', 'CLEAN', 'BUFFED', 'DEBUFF', 'CLEAR', 'SET', 'CLUTCH', 'BANCO_VAZIO')",3,1,1,100.000,BUFF,100.000,-0.000000,1.0000
"('TANK', 'TANK', 'OFFENSIVE_DIS', 'FULL', 'SAFE', 'NORMAL', 'FASTER', 'MEC_USED', 'CLEAN', 'CLEAN', 'NEUTRAL', 'NEUTRAL', 'SET', 'SET', 'CLUTCH', 'BANCO_VAZIO')",3,2,6,33.333,ATTACK_TECH,66.667,0.636514,1.8899
"('TANK', 'TANK', 'OFFENSIVE_ADV', 'SAFE', 'SAFE', 'NORMAL', 'FASTER', 'MEC_AVAIL', 'CLEAN', 'CLEAN', 'NEUTRAL', 'NEUTRAL', 'SET', 'SET', 'OPENING', 'BANCO_OFF')",3,2,10,20.000,HEAL,66.667,0.636514,1.8899
"('TANK', 'TANK', 'NEUTRAL', 'SAFE', 'DANGER', 'NORMAL', 'FASTER', 'MEC_USED', 'CLEAN', 'CLEAN', 'NEUTRAL', 'NEUTRAL', 'SET', 'CLEAR', 'RECOVERING', 'BANCO_VAZIO')",3,1,9,11.111,ATTACK_PIVOT,100.000,-0.000000,1.0000
"('TANK', 'TANK', 'DEFENSIVE_DIS', 'DANGER', 'DANGER', 'FIELD_SHARED', 'FASTER', 'MEC_USED', 'CLEAN', 'CLEAN', 'NEUTRAL', 'NEUTRAL', 'CLEAR', 'CLEAR', 'OPENING', 'BANCO_OFF')",3,2,4,50.000,SWITCH_OFFENSIVE,66.667,0.636514,1.8899
"('TANK', 'TANK', 'NEUTRAL', 'SAFE', 'SAFE', 'NORMAL', 'SLOWER', 'MEC_USED', 'AFFLICTED', 'CLEAN', 'NEUTRAL', 'NEUTRAL', 'SET', 'SET', 'RECOVERING', 'BANCO_VAZIO')",3,3,6,50.000,ATTACK_PREDICTIVE,33.333,1.098612,3.0000
"('TANK', 'TANK', 'NEUTRAL', 'FULL', 'FULL', 'NORMAL', 'FASTER', 'MEC_USED', 'AFFLICTED', 'CLEAN', 'NEUTRAL', 'DEBUFF', 'SET', 'SET', 'RECOVERING', 'BANCO_VAZIO')",3,2,7,28.571,ATTACK_STRONG,66.667,0.636514,1.8899
"('SWEEPER', 'TANK', 'DEFENSIVE_DIS', 'FULL', 'FULL', 'NORMAL', 'FASTER', 'MEC_AVAIL', 'CLEAN', 'CLEAN', 'NEUTRAL', 'NEUTRAL', 'CLEAR', 'CLEAR', 'OPENING', 'BANCO_OFF')",3,2,6,33.333,ATTACK_PREDICTIVE,66.667,0.636514,1.8899
"('TANK', 'TANK', 'CRITICAL_DIS', 'DANGER', 'SAFE', 'NORMAL', 'SLOWER', 'MEC_USED', 'CLEAN', 'CLEAN', 'NEUTRAL', 'NEUTRAL', 'CLEAR', 'CLEAR', 'RECOVERING', 'BANCO_VAZIO')",3,3,9,33.333,ATTACK_STRONG,33.333,1.098612,3.0000
"('TANK', 'TANK', 'STALEMATE', 'SAFE', 'FULL', 'NORMAL', 'SLOWER', 'MEC_USED', 'CLEAN', 'CLEAN', 'NEUTRAL', 'NEUTRAL', 'SET', 'SET', 'OPENING', 'BANCO_OFF')",3,2,8,25.000,SWITCH_DEFENSIVE,66.667,0.636514,1.8899
"('TANK', 'TANK', 'OFFENSIVE_ADV', 'FULL', 'FULL', 'NORMAL', 'FASTER', 'MEC_AVAIL', 'CLEAN', 'CLEAN', 'NEUTRAL', 'DEBUFF', 'CLEAR', 'CLEAR', 'OPENING', 'BANCO_OFF')",3,3,10,30.000,ATTACK_PREDICTIVE,33.333,1.098612,3.0000
"('TANK', 'TANK', 'STALEMATE', 'FULL', 'FULL', 'NORMAL', 'SLOWER', 'MEC_USED', 'CLEAN', 'CLEAN', 'NEUTRAL', 'NEUTRAL', 'CLEAR', 'SET', 'CLUTCH', 'BANCO_VAZIO')",3,1,3,33.333,ATTACK_STRONG,100.000,-0.000000,1.0000
"('TANK', 'TANK', 'DEFENSIVE_ADV', 'FULL', 'SAFE', 'NORMAL', 'FASTER', 'MEC_USED', 'AFFLICTED', 'CLEAN', 'NEUTRAL', 'NEUTRAL', 'SET', 'SET', 'CLUTCH', 'BANCO_VAZIO')",3,1,4,25.000,ATTACK_PIVOT,100.000,-0.000000,1.0000
"('TANK', 'SWEEPER', 'OFFENSIVE_DIS', 'FULL', 'DANGER', 'NORMAL', 'SLOWER', 'MEC_USED', 'CLEAN', 'CLEAN', 'NEUTRAL', 'NEUTRAL', 'CLEAR', 'CLEAR', 'OPENING', 'BANCO_OFF')",3,3,8,37.500,ATTACK_PIVOT,33.333,1.098612,3.0000
"('TANK', 'TANK', 'OFFENSIVE_DIS', 'CRIT', 'DANGER', 'NORMAL', 'SLOWER', 'MEC_USED', 'CLEAN', 'CLEAN', 'NEUTRAL', 'NEUTRAL', 'SET', 'SET', 'RECOVERING', 'BANCO_VAZIO')",3,3,8,37.500,ATTACK_STRONG,33.333,1.098612,3.0000
"('TANK', 'SWEEPER', 'NEUTRAL', 'FULL', 'FULL', 'NORMAL', 'FASTER', 'MEC_AVAIL', 'CLEAN', 'CLEAN', 'DEBUFF', 'NEUTRAL', 'CLEAR', 'CLEAR', 'OPENING', 'BANCO_OFF')",3,2,12,16.667,SWITCH_OFFENSIVE,66.667,0.636514,1.8899
"('TANK', 'TANK', 'OFFENSIVE_ADV', 'SAFE', 'FULL', 'FIELD_SHARED', 'FASTER', 'MEC_AVAIL', 'CLEAN', 'CLEAN', 'NEUTRAL', 'NEUTRAL', 'SET', 'CLEAR', 'OPENING', 'BANCO_OFF')",3,3,9,33.333,ATTACK_STRONG_MEC,33.333,1.098612,3.0000
"('TANK', 'TANK', 'CRITICAL_DIS', 'FULL', 'FULL', 'NORMAL', 'FASTER', 'MEC_USED', 'AFFLICTED', 'CLEAN', 'NEUTRAL', 'NEUTRAL', 'CLEAR', 'SET', 'RECOVERING', 'BANCO_VAZIO')",3,3,6,50.000,ATTACK_PIVOT,33.333,1.098612,3.0000
"('TANK', 'TANK', 'NEUTRAL', 'SAFE', 'FULL', 'NORMAL', 'SLOWER', 'MEC_USED', 'AFFLICTED', 'CLEAN', 'DEBUFF', 'NEUTRAL', 'SET', 'SET', 'CLUTCH', 'BANCO_VAZIO')",3,1,8,12.500,HEAL,100.000,-0.000000,1.0000
"('SWEEPER', 'TANK', 'VOLATILE', 'FULL', 'FULL', 'NORMAL', 'FASTER', 'MEC_AVAIL', 'CLEAN', 'CLEAN', 'NEUTRAL', 'NEUTRAL', 'CLEAR', 'CLEAR', 'OPENING', 'BANCO_OFF')",3,2,8,25.000,STATUS,66.667,0.636514,1.8899
"('TANK', 'TANK', 'DOMINANT', 'FULL', 'FULL', 'FIELD_THEIRS', 'FASTER', 'MEC_USED', 'CLEAN', 'CLEAN', 'NEUTRAL', 'NEUTRAL', 'CLEAR', 'CLEAR', 'OPENING', 'BANCO_VAZIO')",3,3,7,42.857,ATTACK_PREDICTIVE,33.333,1.098612,3.0000
"('TANK', 'TANK', 'OFFENSIVE_ADV', 'SAFE', 'SAFE', 'NORMAL', 'FASTER', 'MEC_USED', 'CLEAN', 'CLEAN', 'NEUTRAL', 'NEUTRAL', 'CLEAR', 'SET', 'RECOVERING', 'BANCO_VAZIO')",3,2,3,66.667,ATTACK_PREDICTIVE,66.667,0.636514,1.8899
"('TANK', 'TANK', 'STALEMATE', 'FULL', 'SAFE', 'NORMAL', 'SLOWER', 'MEC_USED', 'CLEAN', 'CLEAN', 'NEUTRAL', 'NEUTRAL', 'CLEAR', 'SET', 'OPENING', 'BANCO_OFF')",3,2,8,25.000,ATTACK_STRONG,66.667,0.636514,1.8899
"('TANK', 'TANK', 'CRITICAL_DIS', 'FULL', 'FULL', 'NORMAL', 'FASTER', 'MEC_USED', 'CLEAN', 'CLEAN', 'NEUTRAL', 'NEUTRAL', 'SET', 'CLEAR', 'OPENING', 'BANCO_AMBOS')",3,1,9,11.111,SWITCH_DEFENSIVE,100.000,-0.000000,1.0000
"('TANK', 'TANK', 'OFFENSIVE_ADV', 'CRIT', 'SAFE', 'NORMAL', 'FASTER', 'MEC_USED', 'CLEAN', 'CLEAN', 'NEUTRAL', 'NEUTRAL', 'CLEAR', 'SET', 'RECOVERING', 'BANCO_VAZIO')",3,3,9,33.333,ATTACK_STRONG,33.333,1.098612,3.0000
"('TANK', 'TANK', 'OFFENSIVE_ADV', 'SAFE', 'CRIT', 'NORMAL', 'FASTER', 'MEC_USED', 'CLEAN', 'CLEAN', 'NEUTRAL', 'NEUTRAL', 'SET', 'CLEAR', 'BRAWL', 'BANCO_OFF')",3,1,6,16.667,ATTACK_STRONG,100.000,-0.000000,1.0000
"('TANK', 'SWEEPER', 'OFFENSIVE_DIS', 'FULL', 'FULL', 'NORMAL', 'SLOWER', 'MEC_USED', 'CLEAN', 'CLEAN', 'NEUTRAL', 'NEUTRAL', 'CLEAR', 'SET', 'RECOVERING', 'BANCO_VAZIO')",3,2,5,40.000,ATTACK_PIVOT,66.667,0.636514,1.8899
"('TANK', 'TANK', 'NEUTRAL', 'DANGER', 'DANGER', 'NORMAL', 'SLOWER', 'MEC_USED', 'CLEAN', 'CLEAN', 'NEUTRAL', 'NEUTRAL', 'CLEAR', 'SET', 'OPENING', 'BANCO_OFF')",3,1,9,11.111,SWITCH_OFFENSIVE,100.000,-0.000000,1.0000
"('TANK', 'TANK', 'OFFENSIVE_ADV', 'CRIT', 'SAFE', 'NORMAL', 'FASTER', 'MEC_AVAIL', 'CLEAN', 'CLEAN', 'NEUTRAL', 'NEUTRAL', 'CLEAR', 'CLEAR', 'OPENING', 'BANCO_OFF')",3,3,8,37.500,ATTACK_STRONG,33.333,1.098612,3.0000
"('UTILITY', 'TANK', 'OFFENSIVE_DIS', 'FULL', 'FULL', 'FIELD_SHARED', 'FASTER', 'MEC_USED', 'CLEAN', 'CLEAN', 'NEUTRAL', 'NEUTRAL', 'CLEAR', 'CLEAR', 'OPENING', 'BANCO_OFF')",3,3,7,42.857,ATTACK_PREDICTIVE,33.333,1.098612,3.0000
"('TANK', 'TANK', 'OFFENSIVE_ADV', 'FULL', 'SAFE', 'NORMAL', 'FASTER', 'MEC_AVAIL', 'CLEAN', 'CLEAN', 'NEUTRAL', 'NEUTRAL', 'CLEAR', 'SET', 'OPENING', 'BANCO_OFF')",3,2,8,25.000,ATTACK_PREDICTIVE,66.667,0.636514,1.8899
"('TANK', 'TANK', 'DEFENSIVE_ADV', 'FULL', 'FULL', 'NORMAL', 'SLOWER', 'MEC_AVAIL', 'CLEAN', 'CLEAN', 'NEUTRAL', 'NEUTRAL', 'CLEAR', 'CLEAR', 'OPENING', 'BANCO_OFF')",3,2,12,16.667,HAZARD_MEC,66.667,0.636514,1.8899
"('TANK', 'TANK', 'DEFENSIVE_ADV', 'SAFE', 'SAFE', 'NORMAL', 'FASTER', 'MEC_USED', 'CLEAN', 'CLEAN', 'NEUTRAL', 'NEUTRAL', 'CLEAR', 'CLEAR', 'OPENING', 'BANCO_OFF')",3,3,9,33.333,ATTACK_TECH,33.333,1.098612,3.0000
"('TANK', 'TANK', 'NEUTRAL', 'DANGER', 'FULL', 'NORMAL', 'FASTER', 'MEC_USED', 'CLEAN', 'CLEAN', 'NEUTRAL', 'NEUTRAL', 'CLEAR', 'SET', 'OPENING', 'BANCO_OFF')",3,2,5,40.000,ATTACK_STRONG,66.667,0.636514,1.8899
"('SWEEPER', 'TANK', 'NEUTRAL', 'FULL', 'FULL', 'NORMAL', 'FASTER', 'MEC_USED', 'CLEAN', 'AFFLICTED', 'NEUTRAL', 'NEUTRAL', 'CLEAR', 'CLEAR', 'OPENING', 'BANCO_OFF')",3,3,3,100.000,ATTACK_STRONG,33.333,1.098612,3.0000
"('TANK', 'TANK', 'OFFENSIVE_ADV', 'FULL', 'FULL', 'FIELD_SHARED', 'FASTER', 'MEC_USED', 'CLEAN', 'CLEAN', 'NEUTRAL', 'NEUTRAL', 'SET', 'SET', 'OPENING', 'BANCO_OFF')",3,1,5,20.000,ATTACK_STRONG,100.000,-0.000000,1.0000
"('TANK', 'TANK', 'OFFENSIVE_ADV', 'FULL', 'FULL', 'NORMAL', 'FASTER', 'MEC_USED', 'CLEAN', 'CLEAN', 'NEUTRAL', 'NEUTRAL', 'CLEAR', 'CLEAR', 'OPENING', 'BANCO_DEF')",3,3,7,42.857,ATTACK_PIVOT,33.333,1.098612,3.0000
"('TANK', 'TANK', 'NEUTRAL', 'DANGER', 'FULL', 'NORMAL', 'FASTER', 'MEC_USED', 'CLEAN', 'CLEAN', 'NEUTRAL', 'NEUTRAL', 'CLEAR', 'SET', 'BRAWL', 'BANCO_OFF')",3,3,8,37.500,DISRUPTION,33.333,1.098612,3.0000
"('TANK', 'TANK', 'VOLATILE', 'SAFE', 'SAFE', 'NORMAL', 'FASTER', 'MEC_USED', 'CLEAN', 'CLEAN', 'NEUTRAL', 'NEUTRAL', 'SET', 'SET', 'DOMINATING', 'BANCO_OFF')",3,2,6,33.333,ATTACK_PREDICTIVE,66.667,0.636514,1.8899
"('TANK', 'TANK', 'DEFENSIVE_ADV', 'SAFE', 'FULL', 'NORMAL', 'FASTER', 'MEC_USED', 'CLEAN', 'CLEAN', 'NEUTRAL', 'NEUTRAL', 'SET', 'SET', 'RECOVERING', 'BANCO_VAZIO')",3,3,7,42.857,ATTACK_PIVOT,33.333,1.098612,3.0000
"('TANK', 'TANK', 'VOLATILE', 'SAFE', 'FULL', 'NORMAL', 'SLOWER', 'MEC_USED', 'CLEAN', 'CLEAN', 'BUFFED', 'NEUTRAL', 'CLEAR', 'CLEAR', 'OPENING', 'BANCO_OFF')",3,3,8,37.500,ATTACK_STRONG,33.333,1.098612,3.0000
"('TANK', 'UTILITY', 'OFFENSIVE_DIS', 'FULL', 'FULL', 'NORMAL', 'SLOWER', 'MEC_USED', 'CLEAN', 'CLEAN', 'NEUTRAL', 'NEUTRAL', 'CLEAR', 'CLEAR', 'OPENING', 'BANCO_VAZIO')",3,2,4,50.000,SWITCH_OFFENSIVE,66.667,0.636514,1.8899
"('TANK', 'TANK', 'NEUTRAL', 'CRIT', 'SAFE', 'NORMAL', 'SLOWER', 'MEC_USED', 'CLEAN', 'AFFLICTED', 'NEUTRAL', 'NEUTRAL', 'CLEAR', 'CLEAR', 'OPENING', 'BANCO_OFF')",3,3,7,42.857,STAT_CLEAN,33.333,1.098612,3.0000
"('TANK', 'TANK', 'VOLATILE', 'DANGER', 'SAFE', 'NORMAL', 'FASTER', 'MEC_USED', 'CLEAN', 'CLEAN', 'NEUTRAL', 'NEUTRAL', 'CLEAR', 'SET', 'RECOVERING', 'BANCO_VAZIO')",3,3,3,100.000,ATTACK_STRONG,33.333,1.098612,3.0000
"('UTILITY', 'TANK', 'OFFENSIVE_ADV', 'FULL', 'SAFE', 'FIELD_THEIRS', 'FASTER', 'MEC_USED', 'CLEAN', 'CLEAN', 'NEUTRAL', 'NEUTRAL', 'CLEAR', 'CLEAR', 'OPENING', 'BANCO_OFF')",3,2,7,28.571,ATTACK_STRONG,66.667,0.636514,1.8899
"('TANK', 'TANK', 'CRITICAL_DIS', 'SAFE', 'FULL', 'NORMAL', 'FASTER', 'MEC_USED', 'CLEAN', 'CLEAN', 'NEUTRAL', 'NEUTRAL', 'SET', 'SET', 'BRAWL', 'BANCO_OFF')",3,3,10,30.000,ATTACK_PREDICTIVE,33.333,1.098612,3.0000
"('TANK', 'TANK', 'CRITICAL_DIS', 'SAFE', 'FULL', 'FIELD_SHARED', 'FASTER', 'MEC_USED', 'CLEAN', 'CLEAN', 'NEUTRAL', 'NEUTRAL', 'CLEAR', 'CLEAR', 'OPENING', 'BANCO_VAZIO')",3,1,3,33.333,SWITCH_DEFENSIVE,100.000,-0.000000,1.0000
"('TANK', 'TANK', 'NEUTRAL', 'FULL', 'FULL', 'NORMAL', 'SLOWER', 'MEC_USED', 'AFFLICTED', 'CLEAN', 'DEBUFF', 'NEUTRAL', 'CLEAR', 'CLEAR', 'RECOVERING', 'BANCO_VAZIO')",3,2,7,28.571,STAT_CLEAN,66.667,0.636514,1.8899
"('TANK', 'TANK', 'DEFENSIVE_DIS', 'SAFE', 'SAFE', 'FIELD_OURS_DEF', 'FASTER', 'MEC_USED', 'CLEAN', 'CLEAN', 'NEUTRAL', 'NEUTRAL', 'CLEAR', 'CLEAR', 'OPENING', 'BANCO_OFF')",3,2,6,33.333,ATTACK_STRONG,66.667,0.636514,1.8899
"('TANK', 'TANK', 'NEUTRAL', 'FULL', 'SAFE', 'NORMAL', 'SLOWER', 'MEC_USED', 'AFFLICTED', 'CLEAN', 'NEUTRAL', 'NEUTRAL', 'CLEAR', 'CLEAR', 'RECOVERING', 'BANCO_VAZIO')",3,3,8,37.500,ATTACK_STRONG,33.333,1.098612,3.0000
"('SWEEPER', 'TANK', 'OFFENSIVE_ADV', 'FULL', 'CRIT', 'NORMAL', 'FASTER', 'MEC_USED', 'CLEAN', 'CLEAN', 'NEUTRAL', 'NEUTRAL', 'CLEAR', 'CLEAR', 'OPENING', 'BANCO_OFF')",3,1,5,20.000,SWITCH_DEFENSIVE,100.000,-0.000000,1.0000
"('TANK', 'TANK', 'NEUTRAL', 'SAFE', 'SAFE', 'NORMAL', 'SLOWER', 'MEC_USED', 'CLEAN', 'CLEAN', 'NEUTRAL', 'NEUTRAL', 'SET', 'SET', 'DOMINATING', 'BANCO_VAZIO')",3,1,8,12.500,SWITCH_OFFENSIVE,100.000,-0.000000,1.0000
"('TANK', 'TANK', 'DOMINANT', 'SAFE', 'DANGER', 'NORMAL', 'FASTER', 'MEC_USED', 'CLEAN', 'CLEAN', 'NEUTRAL', 'NEUTRAL', 'SET', 'CLEAR', 'OPENING', 'BANCO_AMBOS')",3,2,4,50.000,ATTACK_PREDICTIVE,66.667,0.636514,1.8899
"('TANK', 'TANK', 'NEUTRAL', 'FULL', 'SAFE', 'NORMAL', 'FASTER', 'MEC_USED', 'CLEAN', 'CLEAN', 'NEUTRAL', 'NEUTRAL', 'SET', 'SET', 'RECOVERING', 'BANCO_OFF')",3,2,8,25.000,FIELD_CONTROL,66.667,0.636514,1.8899
"('TANK', 'TANK', 'NEUTRAL', 'DANGER', 'SAFE', 'FIELD_SHARED', 'FASTER', 'MEC_AVAIL', 'CLEAN', 'CLEAN', 'NEUTRAL', 'NEUTRAL', 'CLEAR', 'CLEAR', 'OPENING', 'BANCO_OFF')",3,2,6,33.333,ATTACK_PREDICTIVE,66.667,0.636514,1.8899
"('TANK', 'SWEEPER', 'CRITICAL_DIS', 'SAFE', 'FULL', 'FIELD_THEIRS', 'SLOWER', 'MEC_USED', 'CLEAN', 'CLEAN', 'NEUTRAL', 'NEUTRAL', 'CLEAR', 'CLEAR', 'OPENING', 'BANCO_AMBOS')",3,1,5,20.000,SWITCH_OFFENSIVE,100.000,-0.000000,1.0000
"('TANK', 'TANK', 'NEUTRAL', 'FULL', 'SAFE', 'NORMAL', 'SLOWER', 'MEC_USED', 'CLEAN', 'AFFLICTED', 'NEUTRAL', 'NEUTRAL', 'CLEAR', 'CLEAR', 'OPENING', 'BANCO_VAZIO')",3,2,8,25.000,ATTACK_PREDICTIVE,66.667,0.636514,1.8899
"('TANK', 'TANK', 'OFFENSIVE_DIS', 'FULL', 'SAFE', 'NORMAL', 'FASTER', 'MEC_USED', 'AFFLICTED', 'CLEAN', 'NEUTRAL', 'NEUTRAL', 'CLEAR', 'SET', 'RECOVERING', 'BANCO_VAZIO')",3,2,4,50.000,SWITCH_OFFENSIVE,66.667,0.636514,1.8899
"('SWEEPER', 'TANK', 'NEUTRAL', 'FULL', 'SAFE', 'NORMAL', 'FASTER', 'MEC_USED', 'CLEAN', 'CLEAN', 'NEUTRAL', 'NEUTRAL', 'CLEAR', 'CLEAR', 'OPENING', 'BANCO_VAZIO')",3,2,5,40.000,ATTACK_STRONG,66.667,0.636514,1.8899
"('TANK', 'TANK', 'OFFENSIVE_ADV', 'CRIT', 'SAFE', 'NORMAL', 'FASTER', 'MEC_USED', 'CLEAN', 'CLEAN', 'NEUTRAL', 'NEUTRAL', 'SET', 'SET', 'OPENING', 'BANCO_OFF')",3,2,5,40.000,SWITCH_OFFENSIVE,66.667,0.636514,1.8899
"('TANK', 'TANK', 'NEUTRAL', 'SAFE', 'DANGER', 'NORMAL', 'SLOWER', 'MEC_USED', 'CLEAN', 'CLEAN', 'NEUTRAL', 'NEUTRAL', 'SET', 'SET', 'BRAWL', 'BANCO_OFF')",3,3,11,27.273,ATTACK_STRONG,33.333,1.098612,3.0000
"('TANK', 'TANK', 'NEUTRAL', 'SAFE', 'SAFE', 'NORMAL', 'SLOWER', 'MEC_USED', 'CLEAN', 'AFFLICTED', 'NEUTRAL', 'NEUTRAL', 'CLEAR', 'SET', 'OPENING', 'BANCO_OFF')",3,2,5,40.000,HEAL,66.667,0.636514,1.8899
"('SWEEPER', 'TANK', 'OFFENSIVE_ADV', 'CRIT', 'DANGER', 'NORMAL', 'FASTER', 'MEC_USED', 'CLEAN', 'CLEAN', 'NEUTRAL', 'NEUTRAL', 'CLEAR', 'CLEAR', 'OPENING', 'BANCO_OFF')",3,3,4,75.000,ATTACK_STRONG,33.333,1.098612,3.0000
"('TANK', 'TANK', 'NEUTRAL', 'FULL', 'FULL', 'FIELD_THEIRS', 'SLOWER', 'MEC_USED', 'CLEAN', 'CLEAN', 'NEUTRAL', 'NEUTRAL', 'SET', 'CLEAR', 'RECOVERING', 'BANCO_VAZIO')",3,3,9,33.333,ATTACK_STRONG,33.333,1.098612,3.0000
"('TANK', 'TANK', 'OFFENSIVE_ADV', 'SAFE', 'FULL', 'NORMAL', 'FASTER', 'MEC_USED', 'CLEAN', 'CLEAN', 'NEUTRAL', 'NEUTRAL', 'SET', 'CLEAR', 'RECOVERING', 'BANCO_VAZIO')",3,3,5,60.000,ATTACK_STRONG,33.333,1.098612,3.0000
"('TANK', 'TANK', 'VOLATILE', 'SAFE', 'FULL', 'FIELD_SWEEP', 'FASTER', 'MEC_USED', 'CLEAN', 'CLEAN', 'NEUTRAL', 'NEUTRAL', 'CLEAR', 'CLEAR', 'OPENING', 'BANCO_AMBOS')",3,1,5,20.000,ATTACK_STRONG,100.000,-0.000000,1.0000
"('TANK', 'TANK', 'VOLATILE', 'DANGER', 'DANGER', 'FIELD_SHARED', 'SLOWER', 'MEC_USED', 'CLEAN', 'CLEAN', 'NEUTRAL', 'NEUTRAL', 'CLEAR', 'CLEAR', 'OPENING', 'BANCO_OFF')",3,2,4,50.000,SWITCH_OFFENSIVE,66.667,0.636514,1.8899
"('TANK', 'TANK', 'DEFENSIVE_DIS', 'FULL', 'SAFE', 'NORMAL', 'FASTER', 'MEC_USED', 'AFFLICTED', 'CLEAN', 'NEUTRAL', 'NEUTRAL', 'CLEAR', 'SET', 'CLUTCH', 'BANCO_VAZIO')",3,2,2,100.000,ATTACK_PIVOT,66.667,0.636514,1.8899
"('TANK', 'UTILITY', 'DEFENSIVE_DIS', 'FULL', 'FULL', 'FIELD_OURS_DEF', 'FASTER', 'MEC_USED', 'CLEAN', 'CLEAN', 'NEUTRAL', 'NEUTRAL', 'CLEAR', 'CLEAR', 'OPENING', 'BANCO_AMBOS')",3,2,4,50.000,ATTACK_STRONG,66.667,0.636514,1.8899
"('TANK', 'TANK', 'VOLATILE', 'SAFE', 'FULL', 'NORMAL', 'FASTER', 'MEC_USED', 'CLEAN', 'CLEAN', 'NEUTRAL', 'NEUTRAL', 'CLEAR', 'CLEAR', 'OPENING', 'BANCO_VAZIO')",3,2,7,28.571,ATTACK_TECH,66.667,0.636514,1.8899
"('SWEEPER', 'SWEEPER', 'NEUTRAL', 'FULL', 'FULL', 'FIELD_SHARED', 'SLOWER', 'MEC_AVAIL', 'CLEAN', 'CLEAN', 'NEUTRAL', 'NEUTRAL', 'CLEAR', 'CLEAR', 'OPENING', 'BANCO_AMBOS')",3,2,8,25.000,SWITCH_DEFENSIVE,66.667,0.636514,1.8899
"('SWEEPER', 'TANK', 'NEUTRAL', 'SAFE', 'FULL', 'NORMAL', 'FASTER', 'MEC_USED', 'CLEAN', 'CLEAN', 'NEUTRAL', 'NEUTRAL', 'CLEAR', 'CLEAR', 'BRAWL', 'BANCO_AMBOS')",3,2,3,66.667,ATTACK_STRONG,66.667,0.636514,1.8899
"('TANK', 'TANK', 'DEFENSIVE_DIS', 'CRIT', 'DANGER', 'NORMAL', 'SLOWER', 'MEC_USED', 'CLEAN', 'CLEAN', 'NEUTRAL', 'NEUTRAL', 'SET', 'SET', 'RECOVERING', 'BANCO_VAZIO')",3,3,4,75.000,ATTACK_STRONG,33.333,1.098612,3.0000
"('TANK', 'TANK', 'NEUTRAL', 'SAFE', 'SAFE', 'FIELD_SHARED', 'FASTER', 'MEC_USED', 'CLEAN', 'CLEAN', 'NEUTRAL', 'NEUTRAL', 'SET', 'CLEAR', 'OPENING', 'BANCO_VAZIO')",3,3,10,30.000,ATTACK_TECH,33.333,1.098612,3.0000
"('SWEEPER', 'UTILITY', 'DEFENSIVE_ADV', 'FULL', 'FULL', 'FIELD_THEIRS', 'SLOWER', 'MEC_USED', 'CLEAN', 'CLEAN', 'NEUTRAL', 'NEUTRAL', 'CLEAR', 'CLEAR', 'OPENING', 'BANCO_OFF')",3,2,6,33.333,ATTACK_PREDICTIVE,66.667,0.636514,1.8899
"('TANK', 'TANK', 'CRITICAL_DIS', 'SAFE', 'CRIT', 'NORMAL', 'FASTER', 'MEC_USED', 'CLEAN', 'CLEAN', 'NEUTRAL', 'NEUTRAL', 'SET', 'SET', 'RECOVERING', 'BANCO_VAZIO')",3,3,7,42.857,ATTACK_PREDICTIVE,33.333,1.098612,3.0000
"('TANK', 'TANK', 'OFFENSIVE_DIS', 'FULL', 'FULL', 'FIELD_THEIRS', 'SLOWER', 'MEC_USED', 'CLEAN', 'CLEAN', 'NEUTRAL', 'NEUTRAL', 'CLEAR', 'CLEAR', 'BRAWL', 'BANCO_OFF')",3,3,6,50.000,ATTACK_PIVOT,33.333,1.098612,3.0000
"('UTILITY', 'TANK', 'NEUTRAL', 'SAFE', 'FULL', 'FIELD_OURS_OFF', 'FASTER', 'MEC_USED', 'CLEAN', 'CLEAN', 'NEUTRAL', 'NEUTRAL', 'CLEAR', 'CLEAR', 'OPENING', 'BANCO_AMBOS')",3,1,5,20.000,SWITCH_DEFENSIVE,100.000,-0.000000,1.0000
"('TANK', 'TANK', 'DEFENSIVE_ADV', 'DANGER', 'FULL', 'NORMAL', 'SLOWER', 'MEC_USED', 'CLEAN', 'AFFLICTED', 'DEBUFF', 'NEUTRAL', 'CLEAR', 'CLEAR', 'CLUTCH', 'BANCO_VAZIO')",3,2,3,66.667,ATTACK_STRONG,66.667,0.636514,1.8899
"('TANK', 'TANK', 'OFFENSIVE_DIS', 'FULL', 'SAFE', 'NORMAL', 'SLOWER', 'MEC_USED', 'CLEAN', 'AFFLICTED', 'NEUTRAL', 'DEBUFF', 'SET', 'SET', 'CLUTCH', 'BANCO_VAZIO')",3,2,6,33.333,ATTACK_TECH,66.667,0.636514,1.8899
"('TANK', 'TANK', 'OFFENSIVE_ADV', 'FULL', 'FULL', 'FIELD_SHARED', 'FASTER', 'MEC_USED', 'CLEAN', 'CLEAN', 'NEUTRAL', 'NEUTRAL', 'CLEAR', 'CLEAR', 'OPENING', 'BANCO_VAZIO')",3,2,8,25.000,PROTECT,66.667,0.636514,1.8899
"('TANK', 'UTILITY', 'NEUTRAL', 'DANGER', 'SAFE', 'NORMAL', 'SLOWER', 'MEC_USED', 'CLEAN', 'CLEAN', 'NEUTRAL', 'NEUTRAL', 'CLEAR', 'CLEAR', 'OPENING', 'BANCO_OFF')",3,2,5,40.000,SWITCH_OFFENSIVE,66.667,0.636514,1.8899
"('SWEEPER', 'TANK', 'DEFENSIVE_DIS', 'SAFE', 'FULL', 'NORMAL', 'FASTER', 'MEC_USED', 'CLEAN', 'CLEAN', 'NEUTRAL', 'NEUTRAL', 'CLEAR', 'CLEAR', 'OPENING', 'BANCO_OFF')",3,2,5,40.000,ATTACK_STRONG,66.667,0.636514,1.8899
"('TANK', 'TANK', 'DEFENSIVE_DIS', 'FULL', 'DANGER', 'NORMAL', 'FASTER', 'MEC_USED', 'CLEAN', 'CLEAN', 'NEUTRAL', 'NEUTRAL', 'CLEAR', 'CLEAR', 'RECOVERING', 'BANCO_VAZIO')",3,1,6,16.667,ATTACK_PREDICTIVE,100.000,-0.000000,1.0000
"('TANK', 'TANK', 'OFFENSIVE_ADV', 'SAFE', 'FULL', 'NORMAL', 'FASTER', 'MEC_USED', 'CLEAN', 'CLEAN', 'NEUTRAL', 'NEUTRAL', 'CLEAR', 'CLEAR', 'DOMINATING', 'BANCO_OFF')",3,1,6,16.667,SWITCH_DEFENSIVE,100.000,-0.000000,1.0000
"('TANK', 'UTILITY', 'NEUTRAL', 'FULL', 'FULL', 'NORMAL', 'SLOWER', 'MEC_AVAIL', 'CLEAN', 'CLEAN', 'NEUTRAL', 'DEBUFF', 'CLEAR', 'CLEAR', 'OPENING', 'BANCO_OFF')",3,1,10,10.000,ATTACK_STRONG_MEC,100.000,-0.000000,1.0000
"('SWEEPER', 'TANK', 'DOMINANT', 'FULL', 'DANGER', 'NORMAL', 'FASTER', 'MEC_USED', 'CLEAN', 'CLEAN', 'NEUTRAL', 'NEUTRAL', 'CLEAR', 'CLEAR', 'OPENING', 'BANCO_AMBOS')",3,3,5,60.000,HAZARD,33.333,1.098612,3.0000
"('TANK', 'TANK', 'NEUTRAL', 'FULL', 'DANGER', 'NORMAL', 'SLOWER', 'MEC_USED', 'CLEAN', 'CLEAN', 'NEUTRAL', 'NEUTRAL', 'SET', 'CLEAR', 'OPENING', 'BANCO_OFF')",3,2,7,28.571,BUFF,66.667,0.636514,1.8899
"('UTILITY', 'TANK', 'DEFENSIVE_DIS', 'SAFE', 'FULL', 'NORMAL', 'FASTER', 'MEC_USED', 'CLEAN', 'CLEAN', 'NEUTRAL', 'NEUTRAL', 'CLEAR', 'CLEAR', 'OPENING', 'BANCO_OFF')",3,3,7,42.857,ATTACK_STRONG,33.333,1.098612,3.0000
"('TANK', 'TANK', 'NEUTRAL', 'DANGER', 'FULL', 'NORMAL', 'SLOWER', 'MEC_USED', 'CLEAN', 'CLEAN', 'NEUTRAL', 'NEUTRAL', 'SET', 'SET', 'OPENING', 'BANCO_OFF')",3,2,8,25.000,ATTACK_TECH,66.667,0.636514,1.8899
"('TANK', 'TANK', 'NEUTRAL', 'FULL', 'FULL', 'NORMAL', 'FASTER', 'MEC_USED', 'CLEAN', 'CLEAN', 'DEBUFF', 'NEUTRAL', 'CLEAR', 'CLEAR', 'OPENING', 'BANCO_OFF')",3,3,7,42.857,STATUS,33.333,1.098612,3.0000
"('TANK', 'SWEEPER', 'VOLATILE', 'SAFE', 'SAFE', 'NORMAL', 'SLOWER', 'MEC_USED', 'CLEAN', 'CLEAN', 'NEUTRAL', 'NEUTRAL', 'CLEAR', 'CLEAR', 'OPENING', 'BANCO_OFF')",3,3,4,75.000,ATTACK_STRONG,33.333,1.098612,3.0000
"('TANK', 'UTILITY', 'STALEMATE', 'FULL', 'SAFE', 'FIELD_SHARED', 'SLOWER', 'MEC_USED', 'CLEAN', 'CLEAN', 'NEUTRAL', 'NEUTRAL', 'CLEAR', 'CLEAR', 'OPENING', 'BANCO_OFF')",3,1,5,20.000,STATUS,100.000,-0.000000,1.0000
"('TANK', 'TANK', 'CRITICAL_DIS', 'FULL', 'FULL', 'NORMAL', 'SLOWER', 'MEC_USED', 'CLEAN', 'CLEAN', 'NEUTRAL', 'NEUTRAL', 'SET', 'CLEAR', 'OPENING', 'BANCO_OFF')",3,2,6,33.333,HAZARD,66.667,0.636514,1.8899
"('TANK', 'TANK', 'OFFENSIVE_ADV', 'SAFE', 'SAFE', 'NORMAL', 'SLOWER', 'MEC_USED', 'CLEAN', 'CLEAN', 'NEUTRAL', 'NEUTRAL', 'SET', 'SET', 'BRAWL', 'BANCO_VAZIO')",3,3,9,33.333,ATTACK_PIVOT,33.333,1.098612,3.0000
"('TANK', 'TANK', 'NEUTRAL', 'SAFE', 'SAFE', 'NORMAL', 'FASTER', 'MEC_AVAIL', 'CLEAN', 'CLEAN', 'NEUTRAL', 'NEUTRAL', 'SET', 'SET', 'OPENING', 'BANCO_AMBOS')",3,2,10,20.000,ATTACK_STRONG,66.667,0.636514,1.8899
"('TANK', 'TANK', 'DEFENSIVE_DIS', 'FULL', 'SAFE', 'NORMAL', 'FASTER', 'MEC_USED', 'CLEAN', 'CLEAN', 'NEUTRAL', 'NEUTRAL', 'SET', 'SET', 'OPENING', 'BANCO_OFF')",3,3,10,30.000,ATTACK_PREDICTIVE,33.333,1.098612,3.0000
"('TANK', 'SWEEPER', 'OFFENSIVE_DIS', 'FULL', 'FULL', 'FIELD_SHARED', 'SLOWER', 'MEC_USED', 'CLEAN', 'CLEAN', 'DEBUFF', 'NEUTRAL', 'CLEAR', 'CLEAR', 'OPENING', 'BANCO_AMBOS')",3,1,2,50.000,SWITCH_OFFENSIVE,100.000,-0.000000,1.0000
"('TANK', 'TANK', 'NEUTRAL', 'DANGER', 'SAFE', 'FIELD_THEIRS', 'SLOWER', 'MEC_USED', 'CLEAN', 'CLEAN', 'NEUTRAL', 'NEUTRAL', 'CLEAR', 'CLEAR', 'OPENING', 'BANCO_VAZIO')",3,3,7,42.857,ATTACK_PREDICTIVE,33.333,1.098612,3.0000
"('TANK', 'TANK', 'OFFENSIVE_ADV', 'SAFE', 'SAFE', 'NORMAL', 'SLOWER', 'MEC_USED', 'CLEAN', 'CLEAN', 'NEUTRAL', 'NEUTRAL', 'SET', 'CLEAR', 'OPENING', 'BANCO_AMBOS')",3,2,10,20.000,SWITCH_OFFENSIVE,66.667,0.636514,1.8899
"('TANK', 'TANK', 'OFFENSIVE_DIS', 'FULL', 'SAFE', 'NORMAL', 'SLOWER', 'MEC_USED', 'CLEAN', 'AFFLICTED', 'NEUTRAL', 'NEUTRAL', 'CLEAR', 'CLEAR', 'CLUTCH', 'BANCO_VAZIO')",3,2,3,66.667,SWITCH_DEFENSIVE,66.667,0.636514,1.8899
"('SWEEPER', 'TANK', 'NEUTRAL', 'SAFE', 'FULL', 'FIELD_OURS_OFF', 'FASTER', 'MEC_USED', 'CLEAN', 'CLEAN', 'NEUTRAL', 'NEUTRAL', 'CLEAR', 'CLEAR', 'OPENING', 'BANCO_VAZIO')",3,2,4,50.000,ATTACK_STRONG,66.667,0.636514,1.8899
"('TANK', 'TANK', 'NEUTRAL', 'CRIT', 'FULL', 'NORMAL', 'SLOWER', 'MEC_USED', 'CLEAN', 'CLEAN', 'NEUTRAL', 'NEUTRAL', 'CLEAR', 'CLEAR', 'CLUTCH', 'BANCO_VAZIO')",3,2,7,28.571,ATTACK_PREDICTIVE,66.667,0.636514,1.8899
"('TANK', 'TANK', 'OFFENSIVE_ADV', 'DANGER', 'FULL', 'NORMAL', 'FASTER', 'MEC_USED', 'CLEAN', 'CLEAN', 'NEUTRAL', 'NEUTRAL', 'CLEAR', 'CLEAR', 'OPENING', 'BANCO_AMBOS')",3,3,9,33.333,ATTACK_PIVOT,33.333,1.098612,3.0000
"('SWEEPER', 'TANK', 'NEUTRAL', 'FULL', 'SAFE', 'FIELD_SHARED', 'FASTER', 'MEC_USED', 'CLEAN', 'CLEAN', 'NEUTRAL', 'DEBUFF', 'CLEAR', 'CLEAR', 'OPENING', 'BANCO_OFF')",3,1,5,20.000,ATTACK_PREDICTIVE,100.000,-0.000000,1.0000
"('TANK', 'TANK', 'OFFENSIVE_DIS', 'SAFE', 'FULL', 'NORMAL', 'SLOWER', 'MEC_USED', 'CLEAN', 'CLEAN', 'NEUTRAL', 'NEUTRAL', 'CLEAR', 'CLEAR', 'BRAWL', 'BANCO_VAZIO')",3,3,8,37.500,STATUS,33.333,1.098612,3.0000
"('TANK', 'SWEEPER', 'DEFENSIVE_DIS', 'DANGER', 'FULL', 'NORMAL', 'SLOWER', 'MEC_USED', 'CLEAN', 'CLEAN', 'NEUTRAL', 'NEUTRAL', 'CLEAR', 'CLEAR', 'OPENING', 'BANCO_OFF')",3,2,8,25.000,STATUS,66.667,0.636514,1.8899
"('TANK', 'UTILITY', 'OFFENSIVE_DIS', 'FULL', 'FULL', 'NORMAL', 'SLOWER', 'MEC_USED', 'CLEAN', 'CLEAN', 'NEUTRAL', 'NEUTRAL', 'CLEAR', 'CLEAR', 'OPENING', 'BANCO_DEF')",3,2,4,50.000,SWITCH_DEFENSIVE,66.667,0.636514,1.8899
"('TANK', 'TANK', 'DOMINANT', 'SAFE', 'FULL', 'NORMAL', 'FASTER', 'MEC_USED', 'CLEAN', 'CLEAN', 'NEUTRAL', 'NEUTRAL', 'CLEAR', 'SET', 'OPENING', 'BANCO_OFF')",3,1,5,20.000,ATTACK_PREDICTIVE,100.000,-0.000000,1.0000
"('TANK', 'TANK', 'OFFENSIVE_ADV', 'FULL', 'FULL', 'FIELD_SHARED', 'SLOWER', 'MEC_USED', 'CLEAN', 'CLEAN', 'NEUTRAL', 'NEUTRAL', 'SET', 'CLEAR', 'OPENING', 'BANCO_AMBOS')",3,1,6,16.667,SWITCH_DEFENSIVE,100.000,-0.000000,1.0000
"('TANK', 'TANK', 'OFFENSIVE_ADV', 'CRIT', 'FULL', 'FIELD_SHARED', 'FASTER', 'MEC_USED', 'CLEAN', 'CLEAN', 'NEUTRAL', 'NEUTRAL', 'CLEAR', 'CLEAR', 'OPENING', 'BANCO_OFF')",3,3,4,75.000,ATTACK_STRONG,33.333,1.098612,3.0000
"('TANK', 'UTILITY', 'VOLATILE', 'SAFE', 'FULL', 'FIELD_OURS_DEF', 'SLOWER', 'MEC_USED', 'CLEAN', 'CLEAN', 'NEUTRAL', 'NEUTRAL', 'CLEAR', 'CLEAR', 'OPENING', 'BANCO_OFF')",3,1,4,25.000,ATTACK_STRONG,100.000,-0.000000,1.0000
"('TANK', 'TANK', 'OFFENSIVE_ADV', 'DANGER', 'SAFE', 'NORMAL', 'SLOWER', 'MEC_USED', 'CLEAN', 'CLEAN', 'NEUTRAL', 'NEUTRAL', 'SET', 'CLEAR', 'BRAWL', 'BANCO_OFF')",3,2,10,20.000,HEAL,66.667,0.636514,1.8899
"('TANK', 'TANK', 'OFFENSIVE_DIS', 'CRIT', 'SAFE', 'NORMAL', 'FASTER', 'MEC_USED', 'CLEAN', 'CLEAN', 'NEUTRAL', 'NEUTRAL', 'SET', 'SET', 'BRAWL', 'BANCO_OFF')",3,1,6,16.667,STAT_CLEAN,100.000,-0.000000,1.0000
"('TANK', 'TANK', 'OFFENSIVE_ADV', 'DANGER', 'FULL', 'NORMAL', 'SLOWER', 'MEC_USED', 'CLEAN', 'CLEAN', 'NEUTRAL', 'NEUTRAL', 'SET', 'SET', 'BRAWL', 'BANCO_OFF')",3,2,12,16.667,HEAL,66.667,0.636514,1.8899
"('TANK', 'TANK', 'OFFENSIVE_ADV', 'FULL', 'DANGER', 'NORMAL', 'FASTER', 'MEC_AVAIL', 'CLEAN', 'CLEAN', 'NEUTRAL', 'NEUTRAL', 'SET', 'CLEAR', 'OPENING', 'BANCO_OFF')",3,3,10,30.000,ATTACK_STRONG_MEC,33.333,1.098612,3.0000
"('UTILITY', 'UTILITY', 'OFFENSIVE_ADV', 'SAFE', 'FULL', 'NORMAL', 'FASTER', 'MEC_USED', 'CLEAN', 'CLEAN', 'NEUTRAL', 'NEUTRAL', 'CLEAR', 'CLEAR', 'OPENING', 'BANCO_OFF')",3,3,5,60.000,ATTACK_STRONG,33.333,1.098612,3.0000
"('TANK', 'TANK', 'DEFENSIVE_ADV', 'SAFE', 'SAFE', 'NORMAL', 'SLOWER', 'MEC_USED', 'CLEAN', 'CLEAN', 'NEUTRAL', 'NEUTRAL', 'SET', 'SET', 'OPENING', 'BANCO_OFF')",3,2,7,28.571,ATTACK_TECH,66.667,0.636514,1.8899
"('TANK', 'TANK', 'OFFENSIVE_ADV', 'DANGER', 'SAFE', 'NORMAL', 'SLOWER', 'MEC_USED', 'CLEAN', 'CLEAN', 'NEUTRAL', 'NEUTRAL', 'SET', 'SET', 'OPENING', 'BANCO_OFF')",3,3,10,30.000,ATTACK_PREDICTIVE,33.333,1.098612,3.0000
"('TANK', 'TANK', 'OFFENSIVE_ADV', 'SAFE', 'DANGER', 'NORMAL', 'FASTER', 'MEC_USED', 'CLEAN', 'CLEAN', 'NEUTRAL', 'NEUTRAL', 'CLEAR', 'CLEAR', 'BRAWL', 'BANCO_OFF')",3,2,5,40.000,SWITCH_OFFENSIVE,66.667,0.636514,1.8899
"('TANK', 'TANK', 'VOLATILE', 'DANGER', 'FULL', 'NORMAL', 'FASTER', 'MEC_USED', 'CLEAN', 'CLEAN', 'NEUTRAL', 'NEUTRAL', 'SET', 'SET', 'OPENING', 'BANCO_OFF')",3,1,5,20.000,ATTACK_STRONG,100.000,-0.000000,1.0000
"('TANK', 'TANK', 'DEFENSIVE_DIS', 'SAFE', 'FULL', 'NORMAL', 'SLOWER', 'MEC_USED', 'CLEAN', 'CLEAN', 'NEUTRAL', 'NEUTRAL', 'CLEAR', 'CLEAR', 'BRAWL', 'BANCO_AMBOS')",3,2,8,25.000,ATTACK_PREDICTIVE,66.667,0.636514,1.8899
"('TANK', 'TANK', 'OFFENSIVE_DIS', 'FULL', 'FULL', 'NORMAL', 'FASTER', 'MEC_USED', 'CLEAN', 'CLEAN', 'NEUTRAL', 'NEUTRAL', 'SET', 'CLEAR', 'OPENING', 'BANCO_AMBOS')",3,1,7,14.286,SWITCH_OFFENSIVE,100.000,-0.000000,1.0000
"('TANK', 'TANK', 'DEFENSIVE_DIS', 'SAFE', 'FULL', 'FIELD_OURS_OFF', 'FASTER', 'MEC_USED', 'CLEAN', 'CLEAN', 'NEUTRAL', 'NEUTRAL', 'CLEAR', 'CLEAR', 'OPENING', 'BANCO_AMBOS')",3,2,7,28.571,SWITCH_OFFENSIVE,66.667,0.636514,1.8899
"('TANK', 'TANK', 'NEUTRAL', 'DANGER', 'DANGER', 'NORMAL', 'SLOWER', 'MEC_USED', 'CLEAN', 'CLEAN', 'NEUTRAL', 'NEUTRAL', 'SET', 'SET', 'CLUTCH', 'BANCO_VAZIO')",3,2,8,25.000,HEAL,66.667,0.636514,1.8899
"('TANK', 'TANK', 'NEUTRAL', 'FULL', 'FULL', 'NORMAL', 'SLOWER', 'MEC_USED', 'CLEAN', 'CLEAN', 'NEUTRAL', 'NEUTRAL', 'SET', 'CLEAR', 'CLUTCH', 'BANCO_VAZIO')",3,2,11,18.182,ATTACK_TECH,66.667,0.636514,1.8899
"('SWEEPER', 'TANK', 'NEUTRAL', 'FULL', 'FULL', 'NORMAL', 'FASTER', 'MEC_USED', 'CLEAN', 'CLEAN', 'NEUTRAL', 'NEUTRAL', 'CLEAR', 'CLEAR', 'BRAWL', 'BANCO_AMBOS')",3,3,6,50.000,ATTACK_PIVOT,33.333,1.098612,3.0000
"('TANK', 'TANK', 'OFFENSIVE_DIS', 'SAFE', 'SAFE', 'NORMAL', 'SLOWER', 'MEC_USED', 'CLEAN', 'CLEAN', 'NEUTRAL', 'NEUTRAL', 'SET', 'SET', 'OPENING', 'BANCO_VAZIO')",3,2,5,40.000,SWITCH_OFFENSIVE,66.667,0.636514,1.8899
"('TANK', 'TANK', 'OFFENSIVE_DIS', 'SAFE', 'FULL', 'NORMAL', 'SLOWER', 'MEC_USED', 'CLEAN', 'CLEAN', 'NEUTRAL', 'NEUTRAL', 'CLEAR', 'SET', 'BRAWL', 'BANCO_VAZIO')",3,2,5,40.000,STATUS,66.667,0.636514,1.8899
"('TANK', 'TANK', 'OFFENSIVE_ADV', 'SAFE', 'SAFE', 'NORMAL', 'FASTER', 'MEC_USED', 'CLEAN', 'CLEAN', 'NEUTRAL', 'NEUTRAL', 'SET', 'CLEAR', 'OPENING', 'BANCO_VAZIO')",3,3,5,60.000,ATTACK_STRONG,33.333,1.098612,3.0000
"('TANK', 'TANK', 'NEUTRAL', 'FULL', 'FULL', 'NORMAL', 'FASTER', 'MEC_USED', 'CLEAN', 'CLEAN', 'NEUTRAL', 'NEUTRAL', 'CLEAR', 'SET', 'BRAWL', 'BANCO_AMBOS')",3,1,8,12.500,SWITCH_OFFENSIVE,100.000,-0.000000,1.0000
"('TANK', 'TANK', 'NEUTRAL', 'SAFE', 'SAFE', 'NORMAL', 'FASTER', 'MEC_USED', 'AFFLICTED', 'CLEAN', 'DEBUFF', 'NEUTRAL', 'CLEAR', 'CLEAR', 'OPENING', 'BANCO_VAZIO')",3,1,6,16.667,SWITCH_DEFENSIVE,100.000,-0.000000,1.0000
"('TANK', 'SWEEPER', 'DEFENSIVE_DIS', 'FULL', 'FULL', 'NORMAL', 'SLOWER', 'MEC_USED', 'CLEAN', 'CLEAN', 'DEBUFF', 'NEUTRAL', 'CLEAR', 'CLEAR', 'OPENING', 'BANCO_OFF')",3,2,7,28.571,SWITCH_OFFENSIVE,66.667,0.636514,1.8899
"('TANK', 'SWEEPER', 'NEUTRAL', 'FULL', 'SAFE', 'FIELD_SHARED', 'SLOWER', 'MEC_USED', 'CLEAN', 'CLEAN', 'NEUTRAL', 'NEUTRAL', 'CLEAR', 'CLEAR', 'OPENING', 'BANCO_AMBOS')",3,3,6,50.000,ATTACK_PREDICTIVE,33.333,1.098612,3.0000
"('TANK', 'TANK', 'NEUTRAL', 'DANGER', 'FULL', 'NORMAL', 'FASTER', 'MEC_USED', 'AFFLICTED', 'CLEAN', 'NEUTRAL', 'NEUTRAL', 'CLEAR', 'CLEAR', 'OPENING', 'BANCO_OFF')",3,3,8,37.500,ATTACK_PREDICTIVE,33.333,1.098612,3.0000
"('TANK', 'SWEEPER', 'OFFENSIVE_DIS', 'FULL', 'SAFE', 'NORMAL', 'SLOWER', 'MEC_USED', 'CLEAN', 'CLEAN', 'NEUTRAL', 'NEUTRAL', 'CLEAR', 'CLEAR', 'OPENING', 'BANCO_VAZIO')",3,1,3,33.333,SWITCH_DEFENSIVE,100.000,-0.000000,1.0000
"('TANK', 'TANK', 'DEFENSIVE_DIS', 'FULL', 'DANGER', 'NORMAL', 'SLOWER', 'MEC_USED', 'CLEAN', 'CLEAN', 'NEUTRAL', 'NEUTRAL', 'SET', 'SET', 'CLUTCH', 'BANCO_VAZIO')",3,1,6,16.667,ATTACK_STRONG,100.000,-0.000000,1.0000
"('TANK', 'TANK', 'NEUTRAL', 'FULL', 'DANGER', 'NORMAL', 'FASTER', 'MEC_USED', 'CLEAN', 'CLEAN', 'NEUTRAL', 'NEUTRAL', 'CLEAR', 'CLEAR', 'OPENING', 'BANCO_AMBOS')",3,2,8,25.000,ATTACK_STRONG,66.667,0.636514,1.8899
"('TANK', 'UTILITY', 'DEFENSIVE_ADV', 'FULL', 'FULL', 'FIELD_OURS_OFF', 'SLOWER', 'MEC_USED', 'CLEAN', 'CLEAN', 'NEUTRAL', 'NEUTRAL', 'CLEAR', 'CLEAR', 'OPENING', 'BANCO_DEF')",3,1,6,16.667,SWITCH_DEFENSIVE,100.000,-0.000000,1.0000
"('TANK', 'TANK', 'NEUTRAL', 'FULL', 'SAFE', 'NORMAL', 'FASTER', 'MEC_USED', 'AFFLICTED', 'CLEAN', 'NEUTRAL', 'NEUTRAL', 'SET', 'SET', 'OPENING', 'BANCO_OFF')",3,3,6,50.000,STATUS,33.333,1.098612,3.0000
"('TANK', 'SWEEPER', 'OFFENSIVE_ADV', 'SAFE', 'FULL', 'NORMAL', 'SLOWER', 'MEC_AVAIL', 'CLEAN', 'CLEAN', 'NEUTRAL', 'NEUTRAL', 'CLEAR', 'CLEAR', 'OPENING', 'BANCO_AMBOS')",3,1,12,8.333,HEAL,100.000,-0.000000,1.0000
"('TANK', 'TANK', 'OFFENSIVE_DIS', 'FULL', 'FULL', 'NORMAL', 'FASTER', 'MEC_USED', 'AFFLICTED', 'CLEAN', 'NEUTRAL', 'NEUTRAL', 'SET', 'CLEAR', 'OPENING', 'BANCO_OFF')",3,3,6,50.000,ATTACK_PIVOT,33.333,1.098612,3.0000
"('TANK', 'TANK', 'VOLATILE', 'SAFE', 'FULL', 'FIELD_OURS_OFF', 'FASTER', 'MEC_USED', 'CLEAN', 'CLEAN', 'NEUTRAL', 'NEUTRAL', 'CLEAR', 'CLEAR', 'OPENING', 'BANCO_OFF')",3,3,7,42.857,ATTACK_STRONG,33.333,1.098612,3.0000
"('TANK', 'SWEEPER', 'NEUTRAL', 'SAFE', 'FULL', 'NORMAL', 'SLOWER', 'MEC_USED', 'CLEAN', 'CLEAN', 'NEUTRAL', 'NEUTRAL', 'SET', 'CLEAR', 'BRAWL', 'BANCO_OFF')",3,1,9,11.111,HEAL,100.000,-0.000000,1.0000
"('TANK', 'UTILITY', 'DEFENSIVE_DIS', 'SAFE', 'FULL', 'FIELD_OURS_DEF', 'SLOWER', 'MEC_USED', 'CLEAN', 'CLEAN', 'NEUTRAL', 'NEUTRAL', 'CLEAR', 'CLEAR', 'OPENING', 'BANCO_AMBOS')",3,2,4,50.000,ATTACK_STRONG,66.667,0.636514,1.8899
"('TANK', 'TANK', 'OFFENSIVE_ADV', 'FULL', 'CRIT', 'NORMAL', 'FASTER', 'MEC_USED', 'CLEAN', 'CLEAN', 'NEUTRAL', 'NEUTRAL', 'CLEAR', 'CLEAR', 'BRAWL', 'BANCO_OFF')",3,1,6,16.667,ATTACK_STRONG,100.000,-0.000000,1.0000
"('TANK', 'TANK', 'NEUTRAL', 'SAFE', 'DANGER', 'NORMAL', 'FASTER', 'MEC_USED', 'AFFLICTED', 'CLEAN', 'NEUTRAL', 'NEUTRAL', 'SET', 'CLEAR', 'CLUTCH', 'BANCO_VAZIO')",3,1,1,100.000,STATUS,100.000,-0.000000,1.0000
"('TANK', 'UTILITY', 'OFFENSIVE_ADV', 'FULL', 'FULL', 'NORMAL', 'SLOWER', 'MEC_AVAIL', 'CLEAN', 'CLEAN', 'NEUTRAL', 'NEUTRAL', 'CLEAR', 'CLEAR', 'OPENING', 'BANCO_AMBOS')",3,1,12,8.333,SWITCH_DEFENSIVE,100.000,-0.000000,1.0000
"('TANK', 'TANK', 'DOMINANT', 'FULL', 'FULL', 'NORMAL', 'FASTER', 'MEC_USED', 'CLEAN', 'CLEAN', 'NEUTRAL', 'NEUTRAL', 'CLEAR', 'SET', 'OPENING', 'BANCO_OFF')",3,2,7,28.571,ATTACK_PREDICTIVE,66.667,0.636514,1.8899
"('TANK', 'UTILITY', 'NEUTRAL', 'SAFE', 'SAFE', 'NORMAL', 'SLOWER', 'MEC_USED', 'CLEAN', 'CLEAN', 'NEUTRAL', 'NEUTRAL', 'CLEAR', 'CLEAR', 'OPENING', 'BANCO_VAZIO')",3,2,8,25.000,HEAL,66.667,0.636514,1.8899
"('SWEEPER', 'TANK', 'DEFENSIVE_DIS', 'SAFE', 'FULL', 'FIELD_SHARED', 'FASTER', 'MEC_USED', 'CLEAN', 'CLEAN', 'NEUTRAL', 'NEUTRAL', 'CLEAR', 'CLEAR', 'OPENING', 'BANCO_OFF')",3,3,6,50.000,ATTACK_PREDICTIVE,33.333,1.098612,3.0000
"('TANK', 'TANK', 'NEUTRAL', 'CRIT', 'SAFE', 'NORMAL', 'SLOWER', 'MEC_USED', 'CLEAN', 'CLEAN', 'NEUTRAL', 'NEUTRAL', 'SET', 'SET', 'BRAWL', 'BANCO_OFF')",3,3,9,33.333,STATUS,33.333,1.098612,3.0000
"('TANK', 'TANK', 'OFFENSIVE_ADV', 'SAFE', 'DANGER', 'FIELD_SHARED', 'SLOWER', 'MEC_USED', 'CLEAN', 'CLEAN', 'NEUTRAL', 'NEUTRAL', 'CLEAR', 'CLEAR', 'OPENING', 'BANCO_OFF')",3,3,8,37.500,ATTACK_PREDICTIVE,33.333,1.098612,3.0000
"('TANK', 'SWEEPER', 'NEUTRAL', 'FULL', 'FULL', 'NORMAL', 'SLOWER', 'MEC_USED', 'CLEAN', 'CLEAN', 'NEUTRAL', 'NEUTRAL', 'CLEAR', 'CLEAR', 'BRAWL', 'BANCO_VAZIO')",3,3,10,30.000,ATTACK_STRONG,33.333,1.098612,3.0000
"('UTILITY', 'TANK', 'CRITICAL_DIS', 'FULL', 'FULL', 'NORMAL', 'FASTER', 'MEC_AVAIL', 'CLEAN', 'CLEAN', 'NEUTRAL', 'NEUTRAL', 'CLEAR', 'CLEAR', 'OPENING', 'BANCO_AMBOS')",3,1,6,16.667,ATTACK_PREDICTIVE,100.000,-0.000000,1.0000
"('UTILITY', 'TANK', 'CRITICAL_DIS', 'FULL', 'FULL', 'NORMAL', 'FASTER', 'MEC_USED', 'CLEAN', 'CLEAN', 'NEUTRAL', 'NEUTRAL', 'CLEAR', 'CLEAR', 'OPENING', 'BANCO_VAZIO')",3,1,1,100.000,ATTACK_STRONG,100.000,-0.000000,1.0000
"('TANK', 'TANK', 'NEUTRAL', 'FULL', 'FULL', 'NORMAL', 'FASTER', 'MEC_AVAIL', 'CLEAN', 'CLEAN', 'NEUTRAL', 'NEUTRAL', 'CLEAR', 'CLEAR', 'BRAWL', 'BANCO_AMBOS')",3,3,12,25.000,ATTACK_STRONG_MEC,33.333,1.098612,3.0000
"('TANK', 'TANK', 'DEFENSIVE_ADV', 'SAFE', 'SAFE', 'NORMAL', 'SLOWER', 'MEC_USED', 'CLEAN', 'CLEAN', 'NEUTRAL', 'NEUTRAL', 'SET', 'CLEAR', 'BRAWL', 'BANCO_OFF')",3,1,5,20.000,HEAL,100.000,-0.000000,1.0000
"('TANK', 'SWEEPER', 'DEFENSIVE_ADV', 'FULL', 'FULL', 'FIELD_OURS_OFF', 'FASTER', 'MEC_USED', 'CLEAN', 'CLEAN', 'NEUTRAL', 'NEUTRAL', 'CLEAR', 'CLEAR', 'OPENING', 'BANCO_VAZIO')",3,2,7,28.571,STATUS,66.667,0.636514,1.8899
"('TANK', 'TANK', 'NEUTRAL', 'FULL', 'FULL', 'FIELD_SHARED', 'SLOWER', 'MEC_USED', 'CLEAN', 'CLEAN', 'NEUTRAL', 'NEUTRAL', 'SET', 'CLEAR', 'OPENING', 'BANCO_AMBOS')",3,3,9,33.333,ATTACK_STRONG,33.333,1.098612,3.0000
"('TANK', 'TANK', 'NEUTRAL', 'FULL', 'FULL', 'NORMAL', 'SLOWER', 'MEC_USED', 'CLEAN', 'AFFLICTED', 'NEUTRAL', 'NEUTRAL', 'SET', 'CLEAR', 'OPENING', 'BANCO_VAZIO')",3,3,7,42.857,ATTACK_PREDICTIVE,33.333,1.098612,3.0000
"('TANK', 'TANK', 'OFFENSIVE_ADV', 'FULL', 'FULL', 'NORMAL', 'FASTER', 'MEC_AVAIL', 'CLEAN', 'CLEAN', 'NEUTRAL', 'NEUTRAL', 'CLEAR', 'CLEAR', 'RECOVERING', 'BANCO_OFF')",3,2,10,20.000,SWITCH_DEFENSIVE,66.667,0.636514,1.8899
"('TANK', 'TANK', 'CRITICAL_DIS', 'FULL', 'SAFE', 'NORMAL', 'FASTER', 'MEC_USED', 'CLEAN', 'CLEAN', 'NEUTRAL', 'NEUTRAL', 'CLEAR', 'CLEAR', 'RECOVERING', 'BANCO_VAZIO')",3,3,8,37.500,ATTACK_PREDICTIVE,33.333,1.098612,3.0000
"('UTILITY', 'SWEEPER', 'DEFENSIVE_DIS', 'FULL', 'FULL', 'FIELD_THEIRS', 'SLOWER', 'MEC_AVAIL', 'CLEAN', 'CLEAN', 'NEUTRAL', 'NEUTRAL', 'CLEAR', 'CLEAR', 'OPENING', 'BANCO_VAZIO')",3,3,6,50.000,ATTACK_STRONG_MEC,33.333,1.098612,3.0000
"('TANK', 'TANK', 'STALEMATE', 'FULL', 'FULL', 'NORMAL', 'SLOWER', 'MEC_USED', 'CLEAN', 'CLEAN', 'NEUTRAL', 'NEUTRAL', 'CLEAR', 'CLEAR', 'BRAWL', 'BANCO_OFF')",3,3,8,37.500,ATTACK_PREDICTIVE,33.333,1.098612,3.0000
"('TANK', 'TANK', 'NEUTRAL', 'DANGER', 'FULL', 'NORMAL', 'FASTER', 'MEC_USED', 'CLEAN', 'CLEAN', 'BUFFED', 'NEUTRAL', 'CLEAR', 'CLEAR', 'OPENING', 'BANCO_AMBOS')",3,1,7,14.286,BUFF,100.000,-0.000000,1.0000
"('SWEEPER', 'TANK', 'NEUTRAL', 'DANGER', 'FULL', 'FIELD_SHARED', 'FASTER', 'MEC_USED', 'CLEAN', 'CLEAN', 'NEUTRAL', 'NEUTRAL', 'CLEAR', 'CLEAR', 'OPENING', 'BANCO_AMBOS')",3,3,8,37.500,ATTACK_STRONG,33.333,1.098612,3.0000
"('TANK', 'SWEEPER', 'DEFENSIVE_DIS', 'FULL', 'FULL', 'FIELD_THEIRS', 'FASTER', 'MEC_USED', 'CLEAN', 'CLEAN', 'NEUTRAL', 'NEUTRAL', 'CLEAR', 'CLEAR', 'OPENING', 'BANCO_AMBOS')",3,1,5,20.000,ATTACK_STRONG,100.000,-0.000000,1.0000
"('TANK', 'TANK', 'OFFENSIVE_DIS', 'DANGER', 'FULL', 'NORMAL', 'FASTER', 'MEC_USED', 'CLEAN', 'CLEAN', 'NEUTRAL', 'NEUTRAL', 'CLEAR', 'CLEAR', 'RECOVERING', 'BANCO_VAZIO')",3,3,5,60.000,ATTACK_STRONG,33.333,1.098612,3.0000
"('TANK', 'TANK', 'NEUTRAL', 'FULL', 'CRIT', 'NORMAL', 'FASTER', 'MEC_USED', 'CLEAN', 'CLEAN', 'NEUTRAL', 'NEUTRAL', 'SET', 'SET', 'OPENING', 'BANCO_OFF')",3,2,7,28.571,ATTACK_PREDICTIVE,66.667,0.636514,1.8899
"('TANK', 'TANK', 'STALEMATE', 'DANGER', 'SAFE', 'NORMAL', 'SLOWER', 'MEC_USED', 'CLEAN', 'CLEAN', 'NEUTRAL', 'NEUTRAL', 'SET', 'SET', 'RECOVERING', 'BANCO_VAZIO')",3,2,3,66.667,HEAL,66.667,0.636514,1.8899
"('TANK', 'TANK', 'DOMINANT', 'SAFE', 'FULL', 'FIELD_THEIRS', 'SLOWER', 'MEC_USED', 'CLEAN', 'CLEAN', 'NEUTRAL', 'NEUTRAL', 'CLEAR', 'CLEAR', 'OPENING', 'BANCO_AMBOS')",3,2,9,22.222,ATTACK_PIVOT,66.667,0.636514,1.8899
"('TANK', 'TANK', 'DOMINANT', 'FULL', 'FULL', 'FIELD_OURS_OFF', 'FASTER', 'MEC_USED', 'CLEAN', 'CLEAN', 'NEUTRAL', 'NEUTRAL', 'SET', 'CLEAR', 'OPENING', 'BANCO_AMBOS')",3,2,8,25.000,HAZARD,66.667,0.636514,1.8899
"('TANK', 'SWEEPER', 'NEUTRAL', 'SAFE', 'SAFE', 'NORMAL', 'SLOWER', 'MEC_USED', 'CLEAN', 'CLEAN', 'NEUTRAL', 'NEUTRAL', 'CLEAR', 'CLEAR', 'BRAWL', 'BANCO_VAZIO')",3,1,8,12.500,ATTACK_STRONG,100.000,-0.000000,1.0000
"('TANK', 'TANK', 'NEUTRAL', 'SAFE', 'FULL', 'NORMAL', 'SLOWER', 'MEC_USED', 'CLEAN', 'CLEAN', 'NEUTRAL', 'NEUTRAL', 'CLEAR', 'SET', 'BRAWL', 'BANCO_OFF')",3,1,8,12.500,HEAL,100.000,-0.000000,1.0000
"('TANK', 'TANK', 'NEUTRAL', 'FULL', 'SAFE', 'NORMAL', 'FASTER', 'MEC_USED', 'CLEAN', 'CLEAN', 'NEUTRAL', 'NEUTRAL', 'CLEAR', 'SET', 'OPENING', 'BANCO_AMBOS')",3,2,7,28.571,ATTACK_STRONG,66.667,0.636514,1.8899
"('TANK', 'TANK', 'VOLATILE', 'CRIT', 'SAFE', 'NORMAL', 'SLOWER', 'MEC_USED', 'CLEAN', 'CLEAN', 'NEUTRAL', 'NEUTRAL', 'CLEAR', 'CLEAR', 'OPENING', 'BANCO_OFF')",3,1,7,14.286,STATUS,100.000,-0.000000,1.0000
"('TANK', 'TANK', 'NEUTRAL', 'FULL', 'FULL', 'NORMAL', 'FASTER', 'MEC_USED', 'AFFLICTED', 'CLEAN', 'DEBUFF', 'DEBUFF', 'SET', 'SET', 'CLUTCH', 'BANCO_VAZIO')",3,1,2,50.000,ATTACK_STRONG,100.000,-0.000000,1.0000
"('TANK', 'TANK', 'DOMINANT', 'SAFE', 'DANGER', 'NORMAL', 'FASTER', 'MEC_USED', 'CLEAN', 'CLEAN', 'NEUTRAL', 'NEUTRAL', 'CLEAR', 'CLEAR', 'OPENING', 'BANCO_OFF')",3,3,7,42.857,ATTACK_PIVOT,33.333,1.098612,3.0000
"('SWEEPER', 'TANK', 'DEFENSIVE_ADV', 'FULL', 'FULL', 'FIELD_THEIRS', 'FASTER', 'MEC_USED', 'CLEAN', 'CLEAN', 'NEUTRAL', 'NEUTRAL', 'CLEAR', 'CLEAR', 'OPENING', 'BANCO_AMBOS')",3,1,3,33.333,ATTACK_STRONG,100.000,-0.000000,1.0000
"('TANK', 'TANK', 'NEUTRAL', 'FULL', 'CRIT', 'NORMAL', 'SLOWER', 'MEC_USED', 'CLEAN', 'CLEAN', 'NEUTRAL', 'NEUTRAL', 'SET', 'CLEAR', 'CLUTCH', 'BANCO_VAZIO')",3,1,2,50.000,ATTACK_STRONG,100.000,-0.000000,1.0000
"('TANK', 'SWEEPER', 'CRITICAL_DIS', 'FULL', 'DANGER', 'NORMAL', 'SLOWER', 'MEC_USED', 'CLEAN', 'CLEAN', 'NEUTRAL', 'BUFFED', 'CLEAR', 'CLEAR', 'RECOVERING', 'BANCO_VAZIO')",3,3,6,50.000,STATUS,33.333,1.098612,3.0000
"('TANK', 'TANK', 'OFFENSIVE_DIS', 'FULL', 'SAFE', 'NORMAL', 'FASTER', 'MEC_USED', 'AFFLICTED', 'AFFLICTED', 'NEUTRAL', 'DEBUFF', 'SET', 'SET', 'CLUTCH', 'BANCO_VAZIO')",2,1,2,50.000,STAT_CLEAN,100.000,-0.000000,1.0000
"('TANK', 'UTILITY', 'STALEMATE', 'SAFE', 'SAFE', 'NORMAL', 'SLOWER', 'MEC_USED', 'CLEAN', 'CLEAN', 'DEBUFF', 'NEUTRAL', 'SET', 'SET', 'RECOVERING', 'BANCO_VAZIO')",2,1,1,100.000,PROTECT,100.000,-0.000000,1.0000
"('TANK', 'TANK', 'DEFENSIVE_ADV', 'SAFE', 'FULL', 'NORMAL', 'FASTER', 'MEC_USED', 'AFFLICTED', 'CLEAN', 'DEBUFF', 'NEUTRAL', 'SET', 'SET', 'CLUTCH', 'BANCO_VAZIO')",2,2,4,50.000,STAT_CLEAN,50.000,0.693147,2.0000
"('TANK', 'TANK', 'DEFENSIVE_ADV', 'FULL', 'SAFE', 'NORMAL', 'SLOWER', 'MEC_USED', 'AFFLICTED', 'AFFLICTED', 'DEBUFF', 'DEBUFF', 'SET', 'CLEAR', 'CLUTCH', 'BANCO_VAZIO')",2,1,1,100.000,STAT_CLEAN,100.000,-0.000000,1.0000
"('TANK', 'TANK', 'CRITICAL_DIS', 'FULL', 'SAFE', 'NORMAL', 'FASTER', 'MEC_USED', 'AFFLICTED', 'AFFLICTED', 'NEUTRAL', 'DEBUFF', 'CLEAR', 'SET', 'CLUTCH', 'BANCO_VAZIO')",2,2,5,40.000,ATTACK_STRONG,50.000,0.693147,2.0000
"('TANK', 'TANK', 'VOLATILE', 'FULL', 'FULL', 'NORMAL', 'SLOWER', 'MEC_USED', 'CLEAN', 'AFFLICTED', 'NEUTRAL', 'NEUTRAL', 'CLEAR', 'SET', 'RECOVERING', 'BANCO_VAZIO')",2,1,4,25.000,ATTACK_STRONG,100.000,-0.000000,1.0000
"('SWEEPER', 'TANK', 'DEFENSIVE_DIS', 'SAFE', 'FULL', 'NORMAL', 'FASTER', 'MEC_USED', 'CLEAN', 'CLEAN', 'NEUTRAL', 'NEUTRAL', 'CLEAR', 'SET', 'CLUTCH', 'BANCO_VAZIO')",2,2,6,33.333,ATTACK_PREDICTIVE,50.000,0.693147,2.0000
"('TANK', 'TANK', 'OFFENSIVE_ADV', 'FULL', 'FULL', 'NORMAL', 'FASTER', 'MEC_USED', 'AFFLICTED', 'CLEAN', 'NEUTRAL', 'NEUTRAL', 'SET', 'CLEAR', 'CLUTCH', 'BANCO_VAZIO')",2,2,6,33.333,ATTACK_STRONG,50.000,0.693147,2.0000
"('TANK', 'TANK', 'NEUTRAL', 'FULL', 'FULL', 'NORMAL', 'FASTER', 'MEC_USED', 'AFFLICTED', 'CLEAN', 'NEUTRAL', 'NEUTRAL', 'SET', 'SET', 'OPENING', 'BANCO_OFF')",2,2,6,33.333,STATUS,50.000,0.693147,2.0000
"('TANK', 'TANK', 'VOLATILE', 'FULL', 'FULL', 'NORMAL', 'SLOWER', 'MEC_USED', 'AFFLICTED', 'AFFLICTED', 'DEBUFF', 'NEUTRAL', 'CLEAR', 'CLEAR', 'CLUTCH', 'BANCO_VAZIO')",2,1,8,12.500,SWITCH_OFFENSIVE,100.000,-0.000000,1.0000
"('TANK', 'TANK', 'OFFENSIVE_DIS', 'FULL', 'SAFE', 'NORMAL', 'SLOWER', 'MEC_USED', 'AFFLICTED', 'CLEAN', 'DEBUFF', 'NEUTRAL', 'CLEAR', 'SET', 'RECOVERING', 'BANCO_VAZIO')",2,2,5,40.000,STATUS,50.000,0.693147,2.0000
"('TANK', 'TANK', 'NEUTRAL', 'FULL', 'SAFE', 'NORMAL', 'SLOWER', 'MEC_USED', 'AFFLICTED', 'CLEAN', 'NEUTRAL', 'NEUTRAL', 'CLEAR', 'SET', 'RECOVERING', 'BANCO_VAZIO')",2,2,3,66.667,STATUS,50.000,0.693147,2.0000
"('TANK', 'TANK', 'NEUTRAL', 'FULL', 'SAFE', 'NORMAL', 'SLOWER', 'MEC_USED', 'CLEAN', 'AFFLICTED', 'NEUTRAL', 'DEBUFF', 'CLEAR', 'CLEAR', 'CLUTCH', 'BANCO_VAZIO')",2,1,3,33.333,ATTACK_STRONG,100.000,-0.000000,1.0000
"('TANK', 'TANK', 'OFFENSIVE_DIS', 'SAFE', 'FULL', 'NORMAL', 'SLOWER', 'MEC_USED', 'CLEAN', 'AFFLICTED', 'NEUTRAL', 'NEUTRAL', 'CLEAR', 'CLEAR', 'CLUTCH', 'BANCO_VAZIO')",2,1,4,25.000,ATTACK_TECH,100.000,-0.000000,1.0000
"('TANK', 'TANK', 'OFFENSIVE_ADV', 'FULL', 'FULL', 'FIELD_SHARED', 'FASTER', 'MEC_USED', 'AFFLICTED', 'CLEAN', 'NEUTRAL', 'NEUTRAL', 'SET', 'CLEAR', 'OPENING', 'BANCO_OFF')",2,2,7,28.571,CLEAN_HAZARD,50.000,0.693147,2.0000
"('TANK', 'SWEEPER', 'CRITICAL_DIS', 'SAFE', 'SAFE', 'NORMAL', 'SLOWER', 'MEC_USED', 'CLEAN', 'CLEAN', 'NEUTRAL', 'NEUTRAL', 'CLEAR', 'CLEAR', 'RECOVERING', 'BANCO_VAZIO')",2,2,5,40.000,ATTACK_PIVOT,50.000,0.693147,2.0000
"('TANK', 'TANK', 'NEUTRAL', 'SAFE', 'FULL', 'NORMAL', 'FASTER', 'MEC_AVAIL', 'CLEAN', 'CLEAN', 'NEUTRAL', 'NEUTRAL', 'CLEAR', 'CLEAR', 'RECOVERING', 'BANCO_OFF')",2,2,6,33.333,ATTACK_STRONG_MEC,50.000,0.693147,2.0000
"('TANK', 'TANK', 'DEFENSIVE_DIS', 'FULL', 'DANGER', 'FIELD_OURS_DEF', 'FASTER', 'MEC_USED', 'CLEAN', 'CLEAN', 'NEUTRAL', 'NEUTRAL', 'CLEAR', 'CLEAR', 'OPENING', 'BANCO_AMBOS')",2,1,5,20.000,SWITCH_DEFENSIVE,100.000,-0.000000,1.0000
"('TANK', 'SWEEPER', 'DEFENSIVE_DIS', 'FULL', 'FULL', 'NORMAL', 'SLOWER', 'MEC_USED', 'CLEAN', 'CLEAN', 'NEUTRAL', 'BUFFED', 'CLEAR', 'CLEAR', 'RECOVERING', 'BANCO_VAZIO')",2,2,6,33.333,ATTACK_TECH,50.000,0.693147,2.0000
"('TANK', 'TANK', 'NEUTRAL', 'SAFE', 'DANGER', 'NORMAL', 'FASTER', 'MEC_USED', 'CLEAN', 'CLEAN', 'NEUTRAL', 'NEUTRAL', 'CLEAR', 'SET', 'RECOVERING', 'BANCO_VAZIO')",2,2,8,25.000,ATTACK_TECH,50.000,0.693147,2.0000
"('TANK', 'TANK', 'NEUTRAL', 'DANGER', 'FULL', 'NORMAL', 'SLOWER', 'MEC_USED', 'CLEAN', 'CLEAN', 'NEUTRAL', 'NEUTRAL', 'SET', 'CLEAR', 'BRAWL', 'BANCO_OFF')",2,2,7,28.571,ATTACK_PREDICTIVE,50.000,0.693147,2.0000
"('TANK', 'TANK', 'NEUTRAL', 'SAFE', 'CRIT', 'NORMAL', 'FASTER', 'MEC_USED', 'CLEAN', 'CLEAN', 'NEUTRAL', 'NEUTRAL', 'SET', 'CLEAR', 'OPENING', 'BANCO_OFF')",2,1,4,25.000,ATTACK_PREDICTIVE,100.000,-0.000000,1.0000
"('TANK', 'TANK', 'OFFENSIVE_DIS', 'SAFE', 'FULL', 'NORMAL', 'FASTER', 'MEC_USED', 'CLEAN', 'CLEAN', 'NEUTRAL', 'NEUTRAL', 'CLEAR', 'SET', 'CLUTCH', 'BANCO_VAZIO')",2,2,5,40.000,ATTACK_PIVOT,50.000,0.693147,2.0000
"('TANK', 'TANK', 'OFFENSIVE_DIS', 'FULL', 'FULL', 'NORMAL', 'FASTER', 'MEC_USED', 'CLEAN', 'CLEAN', 'NEUTRAL', 'NEUTRAL', 'CLEAR', 'CLEAR', 'BRAWL', 'BANCO_AMBOS')",2,2,9,22.222,ATTACK_PREDICTIVE,50.000,0.693147,2.0000
"('UTILITY', 'TANK', 'OFFENSIVE_ADV', 'FULL', 'SAFE', 'NORMAL', 'FASTER', 'MEC_USED', 'CLEAN', 'CLEAN', 'NEUTRAL', 'NEUTRAL', 'CLEAR', 'CLEAR', 'OPENING', 'BANCO_AMBOS')",2,1,6,16.667,SWITCH_DEFENSIVE,100.000,-0.000000,1.0000
"('TANK', 'TANK', 'OFFENSIVE_DIS', 'SAFE', 'FULL', 'FIELD_THEIRS', 'FASTER', 'MEC_USED', 'CLEAN', 'CLEAN', 'NEUTRAL', 'NEUTRAL', 'CLEAR', 'CLEAR', 'OPENING', 'BANCO_OFF')",2,2,7,28.571,ATTACK_PIVOT,50.000,0.693147,2.0000
"('TANK', 'TANK', 'OFFENSIVE_DIS', 'SAFE', 'SAFE', 'NORMAL', 'FASTER', 'MEC_USED', 'CLEAN', 'CLEAN', 'NEUTRAL', 'NEUTRAL', 'CLEAR', 'CLEAR', 'RECOVERING', 'BANCO_OFF')",2,2,8,25.000,ATTACK_PREDICTIVE,50.000,0.693147,2.0000
"('TANK', 'TANK', 'CRITICAL_DIS', 'FULL', 'SAFE', 'FIELD_OURS_OFF', 'SLOWER', 'MEC_USED', 'CLEAN', 'CLEAN', 'NEUTRAL', 'NEUTRAL', 'CLEAR', 'CLEAR', 'OPENING', 'BANCO_AMBOS')",2,1,6,16.667,SWITCH_DEFENSIVE,100.000,-0.000000,1.0000
"('TANK', 'TANK', 'OFFENSIVE_DIS', 'FULL', 'FULL', 'NORMAL', 'SLOWER', 'MEC_USED', 'AFFLICTED', 'AFFLICTED', 'NEUTRAL', 'NEUTRAL', 'SET', 'CLEAR', 'CLUTCH', 'BANCO_OFF')",2,2,4,50.000,CLEAN_HAZARD,50.000,0.693147,2.0000
"('TANK', 'TANK', 'OFFENSIVE_DIS', 'CRIT', 'CRIT', 'NORMAL', 'FASTER', 'MEC_USED', 'CLEAN', 'CLEAN', 'NEUTRAL', 'NEUTRAL', 'SET', 'SET', 'RECOVERING', 'BANCO_VAZIO')",2,2,4,50.000,ATTACK_STRONG,50.000,0.693147,2.0000
"('TANK', 'TANK', 'NEUTRAL', 'SAFE', 'SAFE', 'FIELD_SHARED', 'SLOWER', 'MEC_USED', 'CLEAN', 'CLEAN', 'NEUTRAL', 'NEUTRAL', 'CLEAR', 'CLEAR', 'RECOVERING', 'BANCO_VAZIO')",2,1,6,16.667,ATTACK_PIVOT,100.000,-0.000000,1.0000
"('SWEEPER', 'TANK', 'NEUTRAL', 'DANGER', 'SAFE', 'NORMAL', 'FASTER', 'MEC_USED', 'CLEAN', 'CLEAN', 'NEUTRAL', 'NEUTRAL', 'CLEAR', 'CLEAR', 'OPENING', 'BANCO_AMBOS')",2,2,3,66.667,SWITCH_DEFENSIVE,50.000,0.693147,2.0000
"('TANK', 'TANK', 'OFFENSIVE_ADV', 'FULL', 'SAFE', 'NORMAL', 'SLOWER', 'MEC_AVAIL', 'CLEAN', 'CLEAN', 'NEUTRAL', 'NEUTRAL', 'CLEAR', 'CLEAR', 'OPENING', 'BANCO_OFF')",2,1,12,8.333,ATTACK_TECH_MEC,100.000,-0.000000,1.0000
"('TANK', 'TANK', 'CRITICAL_DIS', 'DANGER', 'SAFE', 'NORMAL', 'SLOWER', 'MEC_USED', 'CLEAN', 'CLEAN', 'NEUTRAL', 'NEUTRAL', 'SET', 'CLEAR', 'RECOVERING', 'BANCO_VAZIO')",2,2,6,33.333,STATUS,50.000,0.693147,2.0000
"('TANK', 'TANK', 'OFFENSIVE_ADV', 'FULL', 'DANGER', 'NORMAL', 'FASTER', 'MEC_USED', 'CLEAN', 'CLEAN', 'NEUTRAL', 'NEUTRAL', 'CLEAR', 'SET', 'OPENING', 'BANCO_OFF')",2,2,6,33.333,ATTACK_STRONG,50.000,0.693147,2.0000
"('TANK', 'TANK', 'OFFENSIVE_ADV', 'FULL', 'DANGER', 'NORMAL', 'FASTER', 'MEC_USED', 'CLEAN', 'CLEAN', 'NEUTRAL', 'NEUTRAL', 'CLEAR', 'CLEAR', 'OPENING', 'BANCO_AMBOS')",2,2,5,40.000,ATTACK_PIVOT,50.000,0.693147,2.0000
"('TANK', 'UTILITY', 'DEFENSIVE_DIS', 'FULL', 'FULL', 'FIELD_OURS_OFF', 'FASTER', 'MEC_USED', 'CLEAN', 'CLEAN', 'NEUTRAL', 'NEUTRAL', 'CLEAR', 'CLEAR', 'OPENING', 'BANCO_AMBOS')",2,2,6,33.333,ATTACK_STRONG,50.000,0.693147,2.0000
"('TANK', 'TANK', 'OFFENSIVE_DIS', 'SAFE', 'DANGER', 'NORMAL', 'FASTER', 'MEC_USED', 'CLEAN', 'AFFLICTED', 'NEUTRAL', 'DEBUFF', 'SET', 'SET', 'RECOVERING', 'BANCO_VAZIO')",2,2,4,50.000,ATTACK_TECH,50.000,0.693147,2.0000
"('TANK', 'TANK', 'OFFENSIVE_DIS', 'SAFE', 'CRIT', 'NORMAL', 'FASTER', 'MEC_USED', 'CLEAN', 'AFFLICTED', 'NEUTRAL', 'DEBUFF', 'SET', 'SET', 'RECOVERING', 'BANCO_VAZIO')",2,2,4,50.000,ATTACK_TECH,50.000,0.693147,2.0000
"('TANK', 'TANK', 'DOMINANT', 'SAFE', 'FULL', 'NORMAL', 'FASTER', 'MEC_AVAIL', 'CLEAN', 'CLEAN', 'NEUTRAL', 'NEUTRAL', 'SET', 'CLEAR', 'OPENING', 'BANCO_AMBOS')",2,2,8,25.000,ATTACK_PREDICTIVE,50.000,0.693147,2.0000
"('TANK', 'TANK', 'OFFENSIVE_ADV', 'SAFE', 'DANGER', 'NORMAL', 'FASTER', 'MEC_USED', 'AFFLICTED', 'CLEAN', 'NEUTRAL', 'NEUTRAL', 'CLEAR', 'CLEAR', 'RECOVERING', 'BANCO_VAZIO')",2,1,4,25.000,ATTACK_STRONG,100.000,-0.000000,1.0000
"('TANK', 'TANK', 'NEUTRAL', 'SAFE', 'SAFE', 'NORMAL', 'FASTER', 'MEC_USED', 'CLEAN', 'CLEAN', 'NEUTRAL', 'DEBUFF', 'SET', 'SET', 'RECOVERING', 'BANCO_VAZIO')",2,1,2,50.000,ATTACK_STRONG,100.000,-0.000000,1.0000
"('TANK', 'TANK', 'NEUTRAL', 'DANGER', 'DANGER', 'NORMAL', 'SLOWER', 'MEC_USED', 'CLEAN', 'CLEAN', 'NEUTRAL', 'NEUTRAL', 'SET', 'SET', 'OPENING', 'BANCO_OFF')",2,2,7,28.571,ATTACK_PREDICTIVE,50.000,0.693147,2.0000
"('TANK', 'SWEEPER', 'NEUTRAL', 'SAFE', 'FULL', 'NORMAL', 'SLOWER', 'MEC_USED', 'CLEAN', 'CLEAN', 'NEUTRAL', 'NEUTRAL', 'CLEAR', 'CLEAR', 'BRAWL', 'BANCO_VAZIO')",2,1,7,14.286,ATTACK_PREDICTIVE,100.000,-0.000000,1.0000
"('TANK', 'TANK', 'NEUTRAL', 'CRIT', 'FULL', 'NORMAL', 'SLOWER', 'MEC_USED', 'CLEAN', 'CLEAN', 'NEUTRAL', 'NEUTRAL', 'SET', 'CLEAR', 'OPENING', 'BANCO_OFF')",2,2,7,28.571,ATTACK_PREDICTIVE,50.000,0.693147,2.0000
"('TANK', 'TANK', 'NEUTRAL', 'CRIT', 'CRIT', 'NORMAL', 'FASTER', 'MEC_USED', 'CLEAN', 'CLEAN', 'NEUTRAL', 'NEUTRAL', 'CLEAR', 'SET', 'CLUTCH', 'BANCO_VAZIO')",2,1,5,20.000,ATTACK_STRONG,100.000,-0.000000,1.0000
"('TANK', 'TANK', 'DOMINANT', 'FULL', 'FULL', 'FIELD_SHARED', 'FASTER', 'MEC_USED', 'CLEAN', 'CLEAN', 'NEUTRAL', 'NEUTRAL', 'CLEAR', 'CLEAR', 'OPENING', 'BANCO_DEF')",2,1,5,20.000,ATTACK_STRONG,100.000,-0.000000,1.0000
"('TANK', 'TANK', 'OFFENSIVE_ADV', 'SAFE', 'FULL', 'NORMAL', 'SLOWER', 'MEC_USED', 'CLEAN', 'CLEAN', 'NEUTRAL', 'NEUTRAL', 'CLEAR', 'SET', 'BRAWL', 'BANCO_OFF')",2,2,8,25.000,BUFF,50.000,0.693147,2.0000
"('TANK', 'TANK', 'OFFENSIVE_ADV', 'SAFE', 'FULL', 'FIELD_SHARED', 'FASTER', 'MEC_USED', 'CLEAN', 'CLEAN', 'NEUTRAL', 'NEUTRAL', 'CLEAR', 'SET', 'OPENING', 'BANCO_OFF')",2,2,8,25.000,ATTACK_TECH,50.000,0.693147,2.0000
"('TANK', 'TANK', 'DEFENSIVE_DIS', 'SAFE', 'SAFE', 'NORMAL', 'FASTER', 'MEC_USED', 'CLEAN', 'CLEAN', 'NEUTRAL', 'NEUTRAL', 'SET', 'SET', 'BRAWL', 'BANCO_OFF')",2,2,7,28.571,ATTACK_TECH,50.000,0.693147,2.0000
"('TANK', 'SWEEPER', 'OFFENSIVE_DIS', 'SAFE', 'FULL', 'NORMAL', 'SLOWER', 'MEC_USED', 'CLEAN', 'CLEAN', 'NEUTRAL', 'NEUTRAL', 'CLEAR', 'SET', 'RECOVERING', 'BANCO_VAZIO')",2,2,8,25.000,STAT_CLEAN,50.000,0.693147,2.0000
"('TANK', 'TANK', 'NEUTRAL', 'CRIT', 'DANGER', 'NORMAL', 'SLOWER', 'MEC_USED', 'CLEAN', 'CLEAN', 'NEUTRAL', 'NEUTRAL', 'SET', 'SET', 'RECOVERING', 'BANCO_VAZIO')",2,2,7,28.571,ATTACK_STRONG,50.000,0.693147,2.0000
"('TANK', 'TANK', 'NEUTRAL', 'DANGER', 'DANGER', 'NORMAL', 'SLOWER', 'MEC_USED', 'CLEAN', 'CLEAN', 'NEUTRAL', 'NEUTRAL', 'SET', 'SET', 'BRAWL', 'BANCO_VAZIO')",2,1,5,20.000,SWITCH_OFFENSIVE,100.000,-0.000000,1.0000
"('TANK', 'TANK', 'DEFENSIVE_DIS', 'DANGER', 'DANGER', 'NORMAL', 'SLOWER', 'MEC_USED', 'CLEAN', 'CLEAN', 'NEUTRAL', 'NEUTRAL', 'SET', 'SET', 'RECOVERING', 'BANCO_VAZIO')",2,2,8,25.000,ATTACK_STRONG,50.000,0.693147,2.0000
"('TANK', 'TANK', 'OFFENSIVE_DIS', 'SAFE', 'SAFE', 'NORMAL', 'FASTER', 'MEC_USED', 'CLEAN', 'CLEAN', 'NEUTRAL', 'NEUTRAL', 'CLEAR', 'SET', 'OPENING', 'BANCO_OFF')",2,2,7,28.571,BUFF,50.000,0.693147,2.0000
"('TANK', 'TANK', 'OFFENSIVE_DIS', 'FULL', 'SAFE', 'FIELD_THEIRS', 'SLOWER', 'MEC_USED', 'CLEAN', 'CLEAN', 'NEUTRAL', 'NEUTRAL', 'CLEAR', 'SET', 'RECOVERING', 'BANCO_VAZIO')",2,2,4,50.000,ATTACK_TECH,50.000,0.693147,2.0000
"('SWEEPER', 'TANK', 'OFFENSIVE_ADV', 'SAFE', 'FULL', 'NORMAL', 'FASTER', 'MEC_USED', 'CLEAN', 'CLEAN', 'NEUTRAL', 'NEUTRAL', 'SET', 'SET', 'OPENING', 'BANCO_OFF')",2,2,6,33.333,BUFF,50.000,0.693147,2.0000
"('TANK', 'TANK', 'OFFENSIVE_DIS', 'FULL', 'SAFE', 'NORMAL', 'FASTER', 'MEC_USED', 'CLEAN', 'AFFLICTED', 'NEUTRAL', 'DEBUFF', 'CLEAR', 'SET', 'RECOVERING', 'BANCO_VAZIO')",2,1,4,25.000,ATTACK_TECH,100.000,-0.000000,1.0000
"('TANK', 'TANK', 'VOLATILE', 'SAFE', 'FULL', 'NORMAL', 'FASTER', 'MEC_USED', 'CLEAN', 'CLEAN', 'BUFFED', 'NEUTRAL', 'CLEAR', 'CLEAR', 'OPENING', 'BANCO_AMBOS')",2,1,5,20.000,ATTACK_STRONG,100.000,-0.000000,1.0000
"('TANK', 'TANK', 'NEUTRAL', 'FULL', 'FULL', 'NORMAL', 'FASTER', 'MEC_USED', 'CLEAN', 'CLEAN', 'NEUTRAL', 'NEUTRAL', 'SET', 'CLEAR', 'RECOVERING', 'BANCO_VAZIO')",2,1,7,14.286,ATTACK_STRONG,100.000,-0.000000,1.0000
"('SWEEPER', 'TANK', 'OFFENSIVE_ADV', 'FULL', 'SAFE', 'NORMAL', 'FASTER', 'MEC_USED', 'CLEAN', 'CLEAN', 'NEUTRAL', 'NEUTRAL', 'SET', 'CLEAR', 'OPENING', 'BANCO_AMBOS')",2,1,6,16.667,SWITCH_OFFENSIVE,100.000,-0.000000,1.0000
"('TANK', 'SWEEPER', 'NEUTRAL', 'FULL', 'FULL', 'NORMAL', 'SLOWER', 'MEC_USED', 'CLEAN', 'CLEAN', 'NEUTRAL', 'DEBUFF', 'CLEAR', 'CLEAR', 'OPENING', 'BANCO_VAZIO')",2,2,6,33.333,ATTACK_TECH,50.000,0.693147,2.0000
"('TANK', 'TANK', 'DOMINANT', 'FULL', 'FULL', 'NORMAL', 'SLOWER', 'MEC_USED', 'CLEAN', 'CLEAN', 'NEUTRAL', 'NEUTRAL', 'SET', 'CLEAR', 'OPENING', 'BANCO_VAZIO')",2,2,7,28.571,HAZARD,50.000,0.693147,2.0000
"('SWEEPER', 'UTILITY', 'VOLATILE', 'FULL', 'FULL', 'NORMAL', 'FASTER', 'MEC_USED', 'CLEAN', 'CLEAN', 'NEUTRAL', 'NEUTRAL', 'CLEAR', 'CLEAR', 'OPENING', 'BANCO_AMBOS')",2,1,6,16.667,SWITCH_OFFENSIVE,100.000,-0.000000,1.0000
"('UTILITY', 'TANK', 'DOMINANT', 'FULL', 'SAFE', 'FIELD_THEIRS', 'FASTER', 'MEC_USED', 'CLEAN', 'CLEAN', 'NEUTRAL', 'NEUTRAL', 'CLEAR', 'CLEAR', 'OPENING', 'BANCO_OFF')",2,2,5,40.000,ATTACK_STRONG,50.000,0.693147,2.0000
"('SWEEPER', 'TANK', 'NEUTRAL', 'SAFE', 'FULL', 'NORMAL', 'FASTER', 'MEC_USED', 'CLEAN', 'CLEAN', 'BUFFED', 'NEUTRAL', 'SET', 'CLEAR', 'OPENING', 'BANCO_OFF')",2,2,6,33.333,ATTACK_PREDICTIVE,50.000,0.693147,2.0000
"('TANK', 'TANK', 'NEUTRAL', 'FULL', 'DANGER', 'NORMAL', 'SLOWER', 'MEC_USED', 'CLEAN', 'CLEAN', 'NEUTRAL', 'NEUTRAL', 'CLEAR', 'SET', 'CLUTCH', 'BANCO_VAZIO')",2,1,6,16.667,ATTACK_STRONG,100.000,-0.000000,1.0000
"('TANK', 'TANK', 'VOLATILE', 'SAFE', 'SAFE', 'NORMAL', 'SLOWER', 'MEC_USED', 'CLEAN', 'CLEAN', 'NEUTRAL', 'NEUTRAL', 'SET', 'CLEAR', 'OPENING', 'BANCO_OFF')",2,2,7,28.571,ATTACK_PREDICTIVE,50.000,0.693147,2.0000
"('SWEEPER', 'TANK', 'DOMINANT', 'FULL', 'SAFE', 'FIELD_OURS_OFF', 'FASTER', 'MEC_USED', 'CLEAN', 'CLEAN', 'NEUTRAL', 'NEUTRAL', 'CLEAR', 'CLEAR', 'OPENING', 'BANCO_AMBOS')",2,2,5,40.000,ATTACK_STRONG,50.000,0.693147,2.0000
"('TANK', 'TANK', 'OFFENSIVE_ADV', 'FULL', 'FULL', 'FIELD_THEIRS', 'FASTER', 'MEC_AVAIL', 'CLEAN', 'CLEAN', 'NEUTRAL', 'NEUTRAL', 'SET', 'CLEAR', 'OPENING', 'BANCO_AMBOS')",2,2,6,33.333,ATTACK_STRONG,50.000,0.693147,2.0000
"('TANK', 'TANK', 'DEFENSIVE_DIS', 'FULL', 'FULL', 'NORMAL', 'SLOWER', 'MEC_USED', 'CLEAN', 'CLEAN', 'NEUTRAL', 'NEUTRAL', 'SET', 'CLEAR', 'BRAWL', 'BANCO_OFF')",2,2,10,20.000,HEAL,50.000,0.693147,2.0000
"('TANK', 'TANK', 'NEUTRAL', 'FULL', 'FULL', 'NORMAL', 'SLOWER', 'MEC_USED', 'CLEAN', 'CLEAN', 'NEUTRAL', 'NEUTRAL', 'SET', 'CLEAR', 'OPENING', 'BANCO_DEF')",2,2,9,22.222,HAZARD,50.000,0.693147,2.0000
"('SWEEPER', 'UTILITY', 'OFFENSIVE_ADV', 'SAFE', 'FULL', 'FIELD_SHARED', 'SLOWER', 'MEC_USED', 'CLEAN', 'CLEAN', 'NEUTRAL', 'DEBUFF', 'CLEAR', 'CLEAR', 'OPENING', 'BANCO_OFF')",2,2,6,33.333,ATTACK_PIVOT,50.000,0.693147,2.0000
"('TANK', 'TANK', 'NEUTRAL', 'SAFE', 'FULL', 'NORMAL', 'FASTER', 'MEC_USED', 'CLEAN', 'CLEAN', 'NEUTRAL', 'DEBUFF', 'CLEAR', 'SET', 'RECOVERING', 'BANCO_VAZIO')",2,1,4,25.000,ATTACK_PREDICTIVE,100.000,-0.000000,1.0000
"('TANK', 'TANK', 'NEUTRAL', 'FULL', 'SAFE', 'NORMAL', 'FASTER', 'MEC_AVAIL', 'CLEAN', 'CLEAN', 'NEUTRAL', 'DEBUFF', 'CLEAR', 'CLEAR', 'OPENING', 'BANCO_OFF')",2,2,6,33.333,ATTACK_STRONG,50.000,0.693147,2.0000
"('TANK', 'TANK', 'DEFENSIVE_DIS', 'SAFE', 'FULL', 'NORMAL', 'SLOWER', 'MEC_USED', 'CLEAN', 'CLEAN', 'NEUTRAL', 'NEUTRAL', 'SET', 'SET', 'CLUTCH', 'BANCO_VAZIO')",2,2,8,25.000,STATUS,50.000,0.693147,2.0000
"('TANK', 'TANK', 'STALEMATE', 'FULL', 'FULL', 'FIELD_SHARED', 'SLOWER', 'MEC_USED', 'CLEAN', 'CLEAN', 'NEUTRAL', 'NEUTRAL', 'CLEAR', 'CLEAR', 'OPENING', 'BANCO_VAZIO')",2,2,6,33.333,STATUS,50.000,0.693147,2.0000
"('TANK', 'TANK', 'NEUTRAL', 'FULL', 'FULL', 'FIELD_SHARED', 'FASTER', 'MEC_USED', 'CLEAN', 'CLEAN', 'NEUTRAL', 'NEUTRAL', 'SET', 'CLEAR', 'BRAWL', 'BANCO_OFF')",2,2,8,25.000,ATTACK_PIVOT,50.000,0.693147,2.0000
"('TANK', 'SWEEPER', 'OFFENSIVE_ADV', 'FULL', 'SAFE', 'FIELD_SHARED', 'SLOWER', 'MEC_USED', 'AFFLICTED', 'CLEAN', 'NEUTRAL', 'NEUTRAL', 'CLEAR', 'CLEAR', 'OPENING', 'BANCO_OFF')",2,1,4,25.000,SWITCH_DEFENSIVE,100.000,-0.000000,1.0000
"('TANK', 'TANK', 'OFFENSIVE_ADV', 'DANGER', 'FULL', 'NORMAL', 'FASTER', 'MEC_USED', 'CLEAN', 'CLEAN', 'NEUTRAL', 'NEUTRAL', 'CLEAR', 'CLEAR', 'RECOVERING', 'BANCO_VAZIO')",2,2,6,33.333,ATTACK_STRONG,50.000,0.693147,2.0000
"('TANK', 'TANK', 'OFFENSIVE_DIS', 'FULL', 'FULL', 'NORMAL', 'SLOWER', 'MEC_USED', 'CLEAN', 'AFFLICTED', 'NEUTRAL', 'DEBUFF', 'SET', 'SET', 'CLUTCH', 'BANCO_VAZIO')",2,2,3,66.667,ATTACK_STRONG,50.000,0.693147,2.0000
"('TANK', 'TANK', 'NEUTRAL', 'CRIT', 'CRIT', 'NORMAL', 'SLOWER', 'MEC_USED', 'CLEAN', 'CLEAN', 'NEUTRAL', 'NEUTRAL', 'SET', 'SET', 'CLUTCH', 'BANCO_VAZIO')",2,1,4,25.000,ATTACK_STRONG,100.000,-0.000000,1.0000
"('TANK', 'TANK', 'NEUTRAL', 'SAFE', 'DANGER', 'NORMAL', 'FASTER', 'MEC_USED', 'CLEAN', 'CLEAN', 'NEUTRAL', 'NEUTRAL', 'SET', 'CLEAR', 'BRAWL', 'BANCO_VAZIO')",2,2,8,25.000,ATTACK_PIVOT,50.000,0.693147,2.0000
"('TANK', 'SWEEPER', 'OFFENSIVE_ADV', 'FULL', 'FULL', 'NORMAL', 'SLOWER', 'MEC_AVAIL', 'CLEAN', 'CLEAN', 'DEBUFF', 'NEUTRAL', 'CLEAR', 'CLEAR', 'OPENING', 'BANCO_OFF')",2,2,6,33.333,BUFF_MEC,50.000,0.693147,2.0000
"('UTILITY', 'TANK', 'CRITICAL_DIS', 'FULL', 'FULL', 'FIELD_SHARED', 'FASTER', 'MEC_USED', 'CLEAN', 'CLEAN', 'NEUTRAL', 'NEUTRAL', 'CLEAR', 'CLEAR', 'OPENING', 'BANCO_OFF')",2,1,5,20.000,SWITCH_OFFENSIVE,100.000,-0.000000,1.0000
"('TANK', 'TANK', 'VOLATILE', 'SAFE', 'FULL', 'NORMAL', 'FASTER', 'MEC_USED', 'CLEAN', 'CLEAN', 'NEUTRAL', 'NEUTRAL', 'SET', 'SET', 'BRAWL', 'BANCO_OFF')",2,2,7,28.571,ATTACK_PIVOT,50.000,0.693147,2.0000
"('TANK', 'TANK', 'NEUTRAL', 'FULL', 'SAFE', 'NORMAL', 'SLOWER', 'MEC_USED', 'CLEAN', 'AFFLICTED', 'NEUTRAL', 'NEUTRAL', 'CLEAR', 'CLEAR', 'OPENING', 'BANCO_OFF')",2,2,5,40.000,SWITCH_DEFENSIVE,50.000,0.693147,2.0000
"('TANK', 'TANK', 'DEFENSIVE_DIS', 'FULL', 'SAFE', 'NORMAL', 'SLOWER', 'MEC_USED', 'CLEAN', 'CLEAN', 'NEUTRAL', 'NEUTRAL', 'CLEAR', 'SET', 'CLUTCH', 'BANCO_VAZIO')",2,1,8,12.500,ATTACK_TECH,100.000,-0.000000,1.0000
"('TANK', 'TANK', 'DEFENSIVE_ADV', 'FULL', 'SAFE', 'NORMAL', 'SLOWER', 'MEC_USED', 'CLEAN', 'CLEAN', 'NEUTRAL', 'NEUTRAL', 'SET', 'SET', 'OPENING', 'BANCO_OFF')",2,1,6,16.667,ATTACK_STRONG,100.000,-0.000000,1.0000
"('SWEEPER', 'TANK', 'OFFENSIVE_ADV', 'FULL', 'SAFE', 'NORMAL', 'FASTER', 'MEC_USED', 'CLEAN', 'CLEAN', 'NEUTRAL', 'DEBUFF', 'CLEAR', 'CLEAR', 'BRAWL', 'BANCO_OFF')",2,2,6,33.333,ATTACK_STRONG,50.000,0.693147,2.0000
"('TANK', 'TANK', 'NEUTRAL', 'DANGER', 'SAFE', 'NORMAL', 'SLOWER', 'MEC_USED', 'CLEAN', 'CLEAN', 'NEUTRAL', 'NEUTRAL', 'CLEAR', 'CLEAR', 'BRAWL', 'BANCO_OFF')",2,1,8,12.500,SWITCH_DEFENSIVE,100.000,-0.000000,1.0000
"('TANK', 'SWEEPER', 'OFFENSIVE_DIS', 'SAFE', 'SAFE', 'NORMAL', 'SLOWER', 'MEC_USED', 'CLEAN', 'CLEAN', 'NEUTRAL', 'BUFFED', 'CLEAR', 'SET', 'RECOVERING', 'BANCO_VAZIO')",2,2,6,33.333,ATTACK_TECH,50.000,0.693147,2.0000
"('TANK', 'TANK', 'DOMINANT', 'SAFE', 'FULL', 'NORMAL', 'SLOWER', 'MEC_AVAIL', 'CLEAN', 'CLEAN', 'NEUTRAL', 'NEUTRAL', 'CLEAR', 'CLEAR', 'OPENING', 'BANCO_OFF')",2,1,12,8.333,HEAL,100.000,-0.000000,1.0000
"('TANK', 'TANK', 'DEFENSIVE_ADV', 'FULL', 'FULL', 'FIELD_OURS_DEF', 'FASTER', 'MEC_USED', 'CLEAN', 'CLEAN', 'NEUTRAL', 'NEUTRAL', 'CLEAR', 'CLEAR', 'OPENING', 'BANCO_OFF')",2,1,4,25.000,ATTACK_PREDICTIVE,100.000,-0.000000,1.0000
"('TANK', 'TANK', 'OFFENSIVE_ADV', 'SAFE', 'SAFE', 'FIELD_THEIRS', 'FASTER', 'MEC_AVAIL', 'CLEAN', 'CLEAN', 'NEUTRAL', 'NEUTRAL', 'CLEAR', 'CLEAR', 'OPENING', 'BANCO_OFF')",2,2,8,25.000,STATUS,50.000,0.693147,2.0000
"('TANK', 'TANK', 'NEUTRAL', 'CRIT', 'CRIT', 'NORMAL', 'SLOWER', 'MEC_USED', 'CLEAN', 'CLEAN', 'NEUTRAL', 'NEUTRAL', 'SET', 'SET', 'RECOVERING', 'BANCO_VAZIO')",2,2,7,28.571,CLEAN_HAZARD,50.000,0.693147,2.0000
"('TANK', 'TANK', 'OFFENSIVE_ADV', 'SAFE', 'FULL', 'NORMAL', 'FASTER', 'MEC_USED', 'CLEAN', 'CLEAN', 'BUFFED', 'NEUTRAL', 'CLEAR', 'CLEAR', 'OPENING', 'BANCO_OFF')",2,1,6,16.667,SWITCH_OFFENSIVE,100.000,-0.000000,1.0000
"('TANK', 'SWEEPER', 'DEFENSIVE_DIS', 'FULL', 'SAFE', 'NORMAL', 'SLOWER', 'MEC_USED', 'CLEAN', 'CLEAN', 'NEUTRAL', 'BUFFED', 'CLEAR', 'CLEAR', 'RECOVERING', 'BANCO_VAZIO')",2,2,7,28.571,ATTACK_TECH,50.000,0.693147,2.0000
"('TANK', 'TANK', 'OFFENSIVE_DIS', 'DANGER', 'DANGER', 'NORMAL', 'SLOWER', 'MEC_USED', 'CLEAN', 'CLEAN', 'NEUTRAL', 'NEUTRAL', 'CLEAR', 'CLEAR', 'OPENING', 'BANCO_OFF')",2,2,5,40.000,PROTECT,50.000,0.693147,2.0000
"('TANK', 'TANK', 'OFFENSIVE_DIS', 'FULL', 'SAFE', 'NORMAL', 'FASTER', 'MEC_USED', 'AFFLICTED', 'CLEAN', 'NEUTRAL', 'NEUTRAL', 'CLEAR', 'CLEAR', 'CLUTCH', 'BANCO_VAZIO')",2,2,6,33.333,CLEAN_HAZARD,50.000,0.693147,2.0000
"('TANK', 'SWEEPER', 'CRITICAL_DIS', 'SAFE', 'SAFE', 'NORMAL', 'SLOWER', 'MEC_USED', 'CLEAN', 'CLEAN', 'NEUTRAL', 'NEUTRAL', 'CLEAR', 'SET', 'RECOVERING', 'BANCO_VAZIO')",2,1,4,25.000,HEAL,100.000,-0.000000,1.0000
"('TANK', 'SWEEPER', 'DEFENSIVE_DIS', 'DANGER', 'FULL', 'FIELD_THEIRS', 'SLOWER', 'MEC_USED', 'CLEAN', 'CLEAN', 'NEUTRAL', 'NEUTRAL', 'CLEAR', 'CLEAR', 'OPENING', 'BANCO_AMBOS')",2,1,7,14.286,SWITCH_OFFENSIVE,100.000,-0.000000,1.0000
"('TANK', 'TANK', 'OFFENSIVE_ADV', 'SAFE', 'SAFE', 'NORMAL', 'FASTER', 'MEC_USED', 'CLEAN', 'CLEAN', 'NEUTRAL', 'NEUTRAL', 'SET', 'SET', 'RECOVERING', 'BANCO_VAZIO')",2,1,2,50.000,ATTACK_STRONG,100.000,-0.000000,1.0000
"('TANK', 'TANK', 'DOMINANT', 'FULL', 'FULL', 'NORMAL', 'SLOWER', 'MEC_USED', 'CLEAN', 'CLEAN', 'NEUTRAL', 'NEUTRAL', 'SET', 'CLEAR', 'BRAWL', 'BANCO_OFF')",2,1,5,20.000,ATTACK_STRONG,100.000,-0.000000,1.0000
"('SWEEPER', 'TANK', 'DEFENSIVE_DIS', 'FULL', 'SAFE', 'NORMAL', 'FASTER', 'MEC_USED', 'CLEAN', 'CLEAN', 'NEUTRAL', 'NEUTRAL', 'CLEAR', 'CLEAR', 'OPENING', 'BANCO_OFF')",2,2,5,40.000,ATTACK_TECH,50.000,0.693147,2.0000
"('UTILITY', 'TANK', 'CRITICAL_DIS', 'FULL', 'FULL', 'NORMAL', 'FASTER', 'MEC_USED', 'CLEAN', 'CLEAN', 'NEUTRAL', 'NEUTRAL', 'CLEAR', 'CLEAR', 'OPENING', 'BANCO_AMBOS')",2,1,5,20.000,SWITCH_OFFENSIVE,100.000,-0.000000,1.0000
"('TANK', 'TANK', 'NEUTRAL', 'SAFE', 'FULL', 'NORMAL', 'SLOWER', 'MEC_USED', 'CLEAN', 'CLEAN', 'NEUTRAL', 'NEUTRAL', 'SET', 'CLEAR', 'BRAWL', 'BANCO_AMBOS')",2,2,7,28.571,ATTACK_STRONG,50.000,0.693147,2.0000
"('SWEEPER', 'TANK', 'DEFENSIVE_ADV', 'FULL', 'FULL', 'FIELD_SHARED', 'FASTER', 'MEC_USED', 'CLEAN', 'CLEAN', 'NEUTRAL', 'DEBUFF', 'CLEAR', 'CLEAR', 'OPENING', 'BANCO_OFF')",2,1,5,20.000,ATTACK_STRONG,100.000,-0.000000,1.0000
"('TANK', 'SWEEPER', 'OFFENSIVE_ADV', 'FULL', 'FULL', 'FIELD_OURS_DEF', 'SLOWER', 'MEC_AVAIL', 'CLEAN', 'CLEAN', 'NEUTRAL', 'NEUTRAL', 'CLEAR', 'CLEAR', 'OPENING', 'BANCO_VAZIO')",2,1,6,16.667,SWITCH_DEFENSIVE,100.000,-0.000000,1.0000
"('TANK', 'TANK', 'OFFENSIVE_DIS', 'FULL', 'FULL', 'NORMAL', 'SLOWER', 'MEC_USED', 'AFFLICTED', 'CLEAN', 'DEBUFF', 'NEUTRAL', 'CLEAR', 'SET', 'RECOVERING', 'BANCO_VAZIO')",2,2,7,28.571,STATUS,50.000,0.693147,2.0000
"('SWEEPER', 'TANK', 'NEUTRAL', 'FULL', 'FULL', 'NORMAL', 'FASTER', 'MEC_AVAIL', 'CLEAN', 'CLEAN', 'NEUTRAL', 'NEUTRAL', 'CLEAR', 'CLEAR', 'OPENING', 'BANCO_DEF')",2,1,8,12.500,ATTACK_PIVOT_MEC,100.000,-0.000000,1.0000
"('TANK', 'TANK', 'STALEMATE', 'SAFE', 'FULL', 'NORMAL', 'FASTER', 'MEC_USED', 'CLEAN', 'CLEAN', 'NEUTRAL', 'NEUTRAL', 'CLEAR', 'CLEAR', 'OPENING', 'BANCO_OFF')",2,2,7,28.571,ATTACK_PREDICTIVE,50.000,0.693147,2.0000
"('TANK', 'TANK', 'OFFENSIVE_ADV', 'CRIT', 'SAFE', 'NORMAL', 'SLOWER', 'MEC_USED', 'CLEAN', 'CLEAN', 'NEUTRAL', 'NEUTRAL', 'CLEAR', 'CLEAR', 'OPENING', 'BANCO_OFF')",2,2,7,28.571,BUFF,50.000,0.693147,2.0000
"('TANK', 'TANK', 'NEUTRAL', 'DANGER', 'FULL', 'NORMAL', 'FASTER', 'MEC_USED', 'CLEAN', 'CLEAN', 'NEUTRAL', 'NEUTRAL', 'CLEAR', 'SET', 'OPENING', 'BANCO_AMBOS')",2,2,9,22.222,ATTACK_PIVOT,50.000,0.693147,2.0000
"('TANK', 'TANK', 'STALEMATE', 'SAFE', 'FULL', 'NORMAL', 'SLOWER', 'MEC_USED', 'CLEAN', 'CLEAN', 'NEUTRAL', 'NEUTRAL', 'CLEAR', 'CLEAR', 'RECOVERING', 'BANCO_VAZIO')",2,2,6,33.333,STAT_CLEAN,50.000,0.693147,2.0000
"('TANK', 'TANK', 'NEUTRAL', 'DANGER', 'FULL', 'FIELD_SHARED', 'FASTER', 'MEC_USED', 'CLEAN', 'CLEAN', 'BUFFED', 'NEUTRAL', 'CLEAR', 'CLEAR', 'OPENING', 'BANCO_OFF')",2,2,6,33.333,ATTACK_TECH,50.000,0.693147,2.0000
"('TANK', 'TANK', 'NEUTRAL', 'FULL', 'FULL', 'NORMAL', 'FASTER', 'MEC_AVAIL', 'CLEAN', 'CLEAN', 'BUFFED', 'NEUTRAL', 'CLEAR', 'CLEAR', 'OPENING', 'BANCO_OFF')",2,2,10,20.000,BUFF,50.000,0.693147,2.0000
"('TANK', 'TANK', 'NEUTRAL', 'SAFE', 'SAFE', 'NORMAL', 'SLOWER', 'MEC_USED', 'AFFLICTED', 'AFFLICTED', 'NEUTRAL', 'DEBUFF', 'SET', 'SET', 'CLUTCH', 'BANCO_VAZIO')",2,1,4,25.000,HEAL,100.000,-0.000000,1.0000
"('TANK', 'TANK', 'NEUTRAL', 'DANGER', 'SAFE', 'FIELD_OURS_OFF', 'FASTER', 'MEC_USED', 'CLEAN', 'CLEAN', 'NEUTRAL', 'NEUTRAL', 'CLEAR', 'CLEAR', 'OPENING', 'BANCO_OFF')",2,2,6,33.333,DISRUPTION,50.000,0.693147,2.0000
"('TANK', 'TANK', 'DEFENSIVE_DIS', 'SAFE', 'FULL', 'FIELD_THEIRS', 'FASTER', 'MEC_USED', 'CLEAN', 'CLEAN', 'DEBUFF', 'NEUTRAL', 'CLEAR', 'CLEAR', 'OPENING', 'BANCO_OFF')",2,2,5,40.000,DISRUPTION,50.000,0.693147,2.0000
"('UTILITY', 'SWEEPER', 'NEUTRAL', 'FULL', 'FULL', 'FIELD_OURS_OFF', 'FASTER', 'MEC_USED', 'CLEAN', 'CLEAN', 'NEUTRAL', 'NEUTRAL', 'CLEAR', 'CLEAR', 'OPENING', 'BANCO_AMBOS')",2,2,5,40.000,ATTACK_STRONG,50.000,0.693147,2.0000
"('TANK', 'TANK', 'VOLATILE', 'SAFE', 'SAFE', 'NORMAL', 'FASTER', 'MEC_USED', 'AFFLICTED', 'CLEAN', 'NEUTRAL', 'NEUTRAL', 'CLEAR', 'CLEAR', 'RECOVERING', 'BANCO_VAZIO')",2,2,6,33.333,ATTACK_PREDICTIVE,50.000,0.693147,2.0000
"('TANK', 'TANK', 'OFFENSIVE_DIS', 'SAFE', 'FULL', 'NORMAL', 'FASTER', 'MEC_USED', 'AFFLICTED', 'AFFLICTED', 'NEUTRAL', 'NEUTRAL', 'CLEAR', 'CLEAR', 'RECOVERING', 'BANCO_VAZIO')",2,2,2,100.000,ATTACK_STRONG,50.000,0.693147,2.0000
"('TANK', 'TANK', 'DOMINANT', 'FULL', 'SAFE', 'FIELD_SHARED', 'SLOWER', 'MEC_USED', 'CLEAN', 'CLEAN', 'NEUTRAL', 'NEUTRAL', 'CLEAR', 'CLEAR', 'OPENING', 'BANCO_AMBOS')",2,2,5,40.000,ATTACK_PIVOT,50.000,0.693147,2.0000
"('TANK', 'TANK', 'NEUTRAL', 'FULL', 'CRIT', 'FIELD_SHARED', 'SLOWER', 'MEC_USED', 'CLEAN', 'CLEAN', 'NEUTRAL', 'NEUTRAL', 'CLEAR', 'CLEAR', 'OPENING', 'BANCO_OFF')",2,2,6,33.333,ATTACK_STRONG,50.000,0.693147,2.0000
"('TANK', 'TANK', 'DOMINANT', 'DANGER', 'FULL', 'NORMAL', 'FASTER', 'MEC_USED', 'CLEAN', 'CLEAN', 'NEUTRAL', 'NEUTRAL', 'CLEAR', 'CLEAR', 'OPENING', 'BANCO_OFF')",2,2,6,33.333,ATTACK_STRONG,50.000,0.693147,2.0000
"('TANK', 'TANK', 'OFFENSIVE_ADV', 'SAFE', 'FULL', 'NORMAL', 'SLOWER', 'MEC_USED', 'CLEAN', 'CLEAN', 'NEUTRAL', 'NEUTRAL', 'CLEAR', 'SET', 'CLUTCH', 'BANCO_VAZIO')",2,2,5,40.000,ATTACK_PREDICTIVE,50.000,0.693147,2.0000
"('TANK', 'TANK', 'NEUTRAL', 'SAFE', 'SAFE', 'NORMAL', 'FASTER', 'MEC_USED', 'CLEAN', 'CLEAN', 'NEUTRAL', 'NEUTRAL', 'CLEAR', 'CLEAR', 'OPENING', 'BANCO_DEF')",2,2,6,33.333,ATTACK_PIVOT,50.000,0.693147,2.0000
"('TANK', 'TANK', 'DOMINANT', 'SAFE', 'SAFE', 'FIELD_THEIRS', 'SLOWER', 'MEC_USED', 'CLEAN', 'CLEAN', 'NEUTRAL', 'NEUTRAL', 'CLEAR', 'CLEAR', 'OPENING', 'BANCO_OFF')",2,1,6,16.667,SWITCH_DEFENSIVE,100.000,-0.000000,1.0000
"('TANK', 'TANK', 'STALEMATE', 'FULL', 'SAFE', 'NORMAL', 'FASTER', 'MEC_USED', 'CLEAN', 'CLEAN', 'NEUTRAL', 'NEUTRAL', 'CLEAR', 'CLEAR', 'CLUTCH', 'BANCO_VAZIO')",2,1,2,50.000,ATTACK_STRONG,100.000,-0.000000,1.0000
"('SWEEPER', 'TANK', 'NEUTRAL', 'FULL', 'FULL', 'NORMAL', 'FASTER', 'MEC_USED', 'CLEAN', 'CLEAN', 'NEUTRAL', 'NEUTRAL', 'CLEAR', 'CLEAR', 'BRAWL', 'BANCO_VAZIO')",2,2,6,33.333,ATTACK_PREDICTIVE,50.000,0.693147,2.0000
"('TANK', 'SWEEPER', 'OFFENSIVE_DIS', 'FULL', 'SAFE', 'FIELD_THEIRS', 'SLOWER', 'MEC_USED', 'CLEAN', 'CLEAN', 'NEUTRAL', 'NEUTRAL', 'CLEAR', 'CLEAR', 'OPENING', 'BANCO_OFF')",2,1,5,20.000,ATTACK_TECH,100.000,-0.000000,1.0000
"('TANK', 'SWEEPER', 'OFFENSIVE_ADV', 'DANGER', 'FULL', 'NORMAL', 'SLOWER', 'MEC_AVAIL', 'CLEAN', 'CLEAN', 'NEUTRAL', 'NEUTRAL', 'CLEAR', 'CLEAR', 'OPENING', 'BANCO_OFF')",2,1,8,12.500,ATTACK_PREDICTIVE_MEC,100.000,-0.000000,1.0000
"('TANK', 'TANK', 'VOLATILE', 'FULL', 'CRIT', 'NORMAL', 'FASTER', 'MEC_USED', 'CLEAN', 'CLEAN', 'NEUTRAL', 'NEUTRAL', 'CLEAR', 'CLEAR', 'OPENING', 'BANCO_OFF')",2,1,5,20.000,SWITCH_DEFENSIVE,100.000,-0.000000,1.0000
"('TANK', 'TANK', 'OFFENSIVE_ADV', 'SAFE', 'FULL', 'NORMAL', 'FASTER', 'MEC_USED', 'AFFLICTED', 'CLEAN', 'NEUTRAL', 'NEUTRAL', 'SET', 'CLEAR', 'OPENING', 'BANCO_OFF')",2,2,8,25.000,ATTACK_PREDICTIVE,50.000,0.693147,2.0000
"('TANK', 'TANK', 'DOMINANT', 'SAFE', 'SAFE', 'NORMAL', 'FASTER', 'MEC_USED', 'CLEAN', 'CLEAN', 'NEUTRAL', 'NEUTRAL', 'CLEAR', 'CLEAR', 'OPENING', 'BANCO_VAZIO')",2,1,5,20.000,ATTACK_STRONG,100.000,-0.000000,1.0000
"('SWEEPER', 'TANK', 'OFFENSIVE_ADV', 'SAFE', 'SAFE', 'FIELD_SHARED', 'FASTER', 'MEC_USED', 'CLEAN', 'CLEAN', 'NEUTRAL', 'NEUTRAL', 'CLEAR', 'CLEAR', 'OPENING', 'BANCO_OFF')",2,2,5,40.000,ATTACK_PREDICTIVE,50.000,0.693147,2.0000
"('TANK', 'SWEEPER', 'NEUTRAL', 'SAFE', 'FULL', 'FIELD_OURS_OFF', 'SLOWER', 'MEC_USED', 'CLEAN', 'CLEAN', 'NEUTRAL', 'NEUTRAL', 'CLEAR', 'CLEAR', 'OPENING', 'BANCO_AMBOS')",2,2,7,28.571,ATTACK_TECH,50.000,0.693147,2.0000
"('TANK', 'TANK', 'DEFENSIVE_DIS', 'FULL', 'FULL', 'FIELD_OURS_DEF', 'FASTER', 'MEC_USED', 'CLEAN', 'CLEAN', 'NEUTRAL', 'NEUTRAL', 'CLEAR', 'CLEAR', 'OPENING', 'BANCO_VAZIO')",2,1,6,16.667,BUFF,100.000,-0.000000,1.0000
"('TANK', 'TANK', 'NEUTRAL', 'FULL', 'FULL', 'FIELD_SWEEP', 'FASTER', 'MEC_USED', 'CLEAN', 'CLEAN', 'NEUTRAL', 'NEUTRAL', 'CLEAR', 'CLEAR', 'OPENING', 'BANCO_OFF')",2,2,5,40.000,ATTACK_STRONG,50.000,0.693147,2.0000
"('TANK', 'TANK', 'CRITICAL_DIS', 'CRIT', 'SAFE', 'NORMAL', 'FASTER', 'MEC_USED', 'CLEAN', 'CLEAN', 'NEUTRAL', 'NEUTRAL', 'SET', 'SET', 'RECOVERING', 'BANCO_VAZIO')",2,2,7,28.571,CLEAN_HAZARD,50.000,0.693147,2.0000
"('TANK', 'TANK', 'CRITICAL_DIS', 'DANGER', 'FULL', 'NORMAL', 'SLOWER', 'MEC_USED', 'CLEAN', 'CLEAN', 'NEUTRAL', 'NEUTRAL', 'SET', 'SET', 'RECOVERING', 'BANCO_VAZIO')",2,2,4,50.000,PROTECT,50.000,0.693147,2.0000
"('TANK', 'SWEEPER', 'VOLATILE', 'FULL', 'SAFE', 'NORMAL', 'SLOWER', 'MEC_USED', 'CLEAN', 'CLEAN', 'NEUTRAL', 'NEUTRAL', 'CLEAR', 'CLEAR', 'OPENING', 'BANCO_OFF')",2,2,5,40.000,ATTACK_STRONG,50.000,0.693147,2.0000
"('SWEEPER', 'TANK', 'NEUTRAL', 'DANGER', 'FULL', 'FIELD_SHARED', 'FASTER', 'MEC_USED', 'CLEAN', 'CLEAN', 'NEUTRAL', 'NEUTRAL', 'CLEAR', 'CLEAR', 'OPENING', 'BANCO_OFF')",2,2,6,33.333,ATTACK_PREDICTIVE,50.000,0.693147,2.0000
"('TANK', 'TANK', 'DEFENSIVE_DIS', 'DANGER', 'SAFE', 'NORMAL', 'FASTER', 'MEC_USED', 'CLEAN', 'CLEAN', 'NEUTRAL', 'NEUTRAL', 'SET', 'SET', 'CLUTCH', 'BANCO_VAZIO')",2,2,7,28.571,ATTACK_PREDICTIVE,50.000,0.693147,2.0000
"('TANK', 'TANK', 'DEFENSIVE_DIS', 'DANGER', 'FULL', 'NORMAL', 'SLOWER', 'MEC_USED', 'CLEAN', 'CLEAN', 'NEUTRAL', 'NEUTRAL', 'SET', 'SET', 'RECOVERING', 'BANCO_VAZIO')",2,2,9,22.222,ATTACK_TECH,50.000,0.693147,2.0000
"('TANK', 'TANK', 'NEUTRAL', 'SAFE', 'CRIT', 'NORMAL', 'FASTER', 'MEC_USED', 'CLEAN', 'CLEAN', 'NEUTRAL', 'NEUTRAL', 'SET', 'SET', 'OPENING', 'BANCO_VAZIO')",2,2,7,28.571,BUFF,50.000,0.693147,2.0000
"('TANK', 'TANK', 'OFFENSIVE_ADV', 'FULL', 'FULL', 'NORMAL', 'SLOWER', 'MEC_USED', 'CLEAN', 'CLEAN', 'NEUTRAL', 'NEUTRAL', 'SET', 'SET', 'BRAWL', 'BANCO_OFF')",2,2,8,25.000,ATTACK_STRONG,50.000,0.693147,2.0000
"('TANK', 'TANK', 'VOLATILE', 'CRIT', 'FULL', 'FIELD_SHARED', 'FASTER', 'MEC_USED', 'CLEAN', 'CLEAN', 'NEUTRAL', 'NEUTRAL', 'CLEAR', 'CLEAR', 'OPENING', 'BANCO_OFF')",2,2,4,50.000,SWITCH_DEFENSIVE,50.000,0.693147,2.0000
"('TANK', 'TANK', 'NEUTRAL', 'FULL', 'FULL', 'NORMAL', 'SLOWER', 'MEC_USED', 'CLEAN', 'AFFLICTED', 'NEUTRAL', 'NEUTRAL', 'CLEAR', 'SET', 'RECOVERING', 'BANCO_VAZIO')",2,2,7,28.571,STAT_CLEAN,50.000,0.693147,2.0000
"('TANK', 'TANK', 'DEFENSIVE_DIS', 'FULL', 'SAFE', 'NORMAL', 'FASTER', 'MEC_USED', 'CLEAN', 'CLEAN', 'NEUTRAL', 'NEUTRAL', 'SET', 'CLEAR', 'RECOVERING', 'BANCO_VAZIO')",2,1,2,50.000,ATTACK_PREDICTIVE,100.000,-0.000000,1.0000
"('TANK', 'TANK', 'OFFENSIVE_ADV', 'SAFE', 'SAFE', 'FIELD_SHARED', 'SLOWER', 'MEC_USED', 'CLEAN', 'CLEAN', 'NEUTRAL', 'NEUTRAL', 'SET', 'CLEAR', 'OPENING', 'BANCO_OFF')",2,2,6,33.333,ATTACK_STRONG,50.000,0.693147,2.0000
"('TANK', 'TANK', 'DEFENSIVE_DIS', 'SAFE', 'SAFE', 'FIELD_THEIRS', 'SLOWER', 'MEC_USED', 'CLEAN', 'CLEAN', 'NEUTRAL', 'NEUTRAL', 'CLEAR', 'CLEAR', 'OPENING', 'BANCO_OFF')",2,1,7,14.286,ATTACK_PIVOT,100.000,-0.000000,1.0000
"('TANK', 'TANK', 'NEUTRAL', 'SAFE', 'FULL', 'NORMAL', 'FASTER', 'MEC_USED', 'AFFLICTED', 'CLEAN', 'DEBUFF', 'NEUTRAL', 'CLEAR', 'CLEAR', 'OPENING', 'BANCO_OFF')",2,2,7,28.571,STATUS,50.000,0.693147,2.0000
"('TANK', 'TANK', 'OFFENSIVE_ADV', 'FULL', 'SAFE', 'NORMAL', 'SLOWER', 'MEC_USED', 'CLEAN', 'CLEAN', 'NEUTRAL', 'NEUTRAL', 'CLEAR', 'SET', 'RECOVERING', 'BANCO_VAZIO')",2,2,7,28.571,ATTACK_STRONG,50.000,0.693147,2.0000
"('SWEEPER', 'SWEEPER', 'NEUTRAL', 'FULL', 'FULL', 'FIELD_SHARED', 'FASTER', 'MEC_USED', 'CLEAN', 'CLEAN', 'DEBUFF', 'NEUTRAL', 'CLEAR', 'CLEAR', 'OPENING', 'BANCO_OFF')",2,2,2,100.000,SWITCH_DEFENSIVE,50.000,0.693147,2.0000
"('TANK', 'TANK', 'NEUTRAL', 'DANGER', 'SAFE', 'FIELD_OURS_OFF', 'FASTER', 'MEC_USED', 'CLEAN', 'CLEAN', 'NEUTRAL', 'NEUTRAL', 'CLEAR', 'CLEAR', 'OPENING', 'BANCO_VAZIO')",2,2,5,40.000,ATTACK_TECH,50.000,0.693147,2.0000
"('TANK', 'SWEEPER', 'NEUTRAL', 'FULL', 'FULL', 'FIELD_OURS_OFF', 'FASTER', 'MEC_USED', 'CLEAN', 'CLEAN', 'NEUTRAL', 'NEUTRAL', 'CLEAR', 'CLEAR', 'OPENING', 'BANCO_OFF')",2,2,4,50.000,ATTACK_PREDICTIVE,50.000,0.693147,2.0000
"('TANK', 'TANK', 'VOLATILE', 'SAFE', 'FULL', 'FIELD_OURS_OFF', 'SLOWER', 'MEC_USED', 'CLEAN', 'CLEAN', 'NEUTRAL', 'NEUTRAL', 'CLEAR', 'CLEAR', 'OPENING', 'BANCO_AMBOS')",2,2,6,33.333,HAZARD,50.000,0.693147,2.0000
"('TANK', 'TANK', 'NEUTRAL', 'FULL', 'DANGER', 'NORMAL', 'SLOWER', 'MEC_USED', 'CLEAN', 'AFFLICTED', 'NEUTRAL', 'NEUTRAL', 'CLEAR', 'CLEAR', 'RECOVERING', 'BANCO_VAZIO')",2,2,5,40.000,DISRUPTION,50.000,0.693147,2.0000
"('TANK', 'UTILITY', 'DEFENSIVE_ADV', 'FULL', 'FULL', 'FIELD_THEIRS', 'SLOWER', 'MEC_USED', 'CLEAN', 'CLEAN', 'NEUTRAL', 'NEUTRAL', 'CLEAR', 'CLEAR', 'OPENING', 'BANCO_VAZIO')",2,2,8,25.000,STATUS,50.000,0.693147,2.0000
"('TANK', 'TANK', 'DEFENSIVE_DIS', 'DANGER', 'DANGER', 'NORMAL', 'FASTER', 'MEC_USED', 'CLEAN', 'CLEAN', 'NEUTRAL', 'NEUTRAL', 'SET', 'SET', 'RECOVERING', 'BANCO_VAZIO')",2,1,8,12.500,HEAL,100.000,-0.000000,1.0000
"('TANK', 'TANK', 'OFFENSIVE_ADV', 'SAFE', 'FULL', 'FIELD_THEIRS', 'FASTER', 'MEC_AVAIL', 'CLEAN', 'CLEAN', 'NEUTRAL', 'NEUTRAL', 'CLEAR', 'CLEAR', 'OPENING', 'BANCO_VAZIO')",2,2,11,18.182,STATUS,50.000,0.693147,2.0000
"('TANK', 'TANK', 'NEUTRAL', 'FULL', 'FULL', 'NORMAL', 'FASTER', 'MEC_USED', 'CLEAN', 'CLEAN', 'NEUTRAL', 'NEUTRAL', 'SET', 'SET', 'BRAWL', 'BANCO_VAZIO')",2,1,4,25.000,ATTACK_TECH,100.000,-0.000000,1.0000
"('TANK', 'TANK', 'CRITICAL_DIS', 'FULL', 'SAFE', 'FIELD_THEIRS', 'FASTER', 'MEC_USED', 'CLEAN', 'CLEAN', 'NEUTRAL', 'NEUTRAL', 'CLEAR', 'CLEAR', 'OPENING', 'BANCO_OFF')",2,2,7,28.571,BUFF,50.000,0.693147,2.0000
"('SWEEPER', 'TANK', 'NEUTRAL', 'FULL', 'FULL', 'FIELD_OURS_OFF', 'FASTER', 'MEC_USED', 'CLEAN', 'CLEAN', 'NEUTRAL', 'NEUTRAL', 'CLEAR', 'CLEAR', 'OPENING', 'BANCO_VAZIO')",2,2,8,25.000,ATTACK_TECH,50.000,0.693147,2.0000
"('TANK', 'SWEEPER', 'DOMINANT', 'FULL', 'SAFE', 'NORMAL', 'SLOWER', 'MEC_USED', 'CLEAN', 'CLEAN', 'NEUTRAL', 'NEUTRAL', 'CLEAR', 'CLEAR', 'OPENING', 'BANCO_OFF')",2,2,7,28.571,ATTACK_PREDICTIVE,50.000,0.693147,2.0000
"('TANK', 'TANK', 'NEUTRAL', 'SAFE', 'FULL', 'NORMAL', 'FASTER', 'MEC_USED', 'CLEAN', 'CLEAN', 'NEUTRAL', 'NEUTRAL', 'SET', 'CLEAR', 'DOMINATING', 'BANCO_AMBOS')",2,2,6,33.333,ATTACK_STRONG,50.000,0.693147,2.0000
"('TANK', 'SWEEPER', 'DEFENSIVE_DIS', 'FULL', 'FULL', 'FIELD_SHARED', 'SLOWER', 'MEC_USED', 'CLEAN', 'CLEAN', 'DEBUFF', 'NEUTRAL', 'CLEAR', 'CLEAR', 'OPENING', 'BANCO_OFF')",2,1,5,20.000,SWITCH_DEFENSIVE,100.000,-0.000000,1.0000
"('TANK', 'TANK', 'NEUTRAL', 'SAFE', 'SAFE', 'FIELD_SHARED', 'FASTER', 'MEC_USED', 'CLEAN', 'CLEAN', 'NEUTRAL', 'NEUTRAL', 'SET', 'CLEAR', 'OPENING', 'BANCO_OFF')",2,2,8,25.000,CLEAN_HAZARD,50.000,0.693147,2.0000
"('TANK', 'TANK', 'OFFENSIVE_ADV', 'DANGER', 'SAFE', 'NORMAL', 'FASTER', 'MEC_USED', 'CLEAN', 'CLEAN', 'NEUTRAL', 'NEUTRAL', 'CLEAR', 'CLEAR', 'RECOVERING', 'BANCO_VAZIO')",2,2,7,28.571,ATTACK_PREDICTIVE,50.000,0.693147,2.0000
"('TANK', 'TANK', 'NEUTRAL', 'CRIT', 'FULL', 'NORMAL', 'SLOWER', 'MEC_USED', 'CLEAN', 'CLEAN', 'NEUTRAL', 'NEUTRAL', 'CLEAR', 'CLEAR', 'BRAWL', 'BANCO_VAZIO')",2,1,7,14.286,HEAL,100.000,-0.000000,1.0000
"('TANK', 'TANK', 'OFFENSIVE_DIS', 'DANGER', 'FULL', 'NORMAL', 'SLOWER', 'MEC_USED', 'CLEAN', 'CLEAN', 'NEUTRAL', 'NEUTRAL', 'SET', 'CLEAR', 'RECOVERING', 'BANCO_VAZIO')",2,2,8,25.000,FIELD_CONTROL,50.000,0.693147,2.0000
"('TANK', 'TANK', 'DEFENSIVE_ADV', 'FULL', 'FULL', 'FIELD_SHARED', 'FASTER', 'MEC_USED', 'CLEAN', 'CLEAN', 'NEUTRAL', 'NEUTRAL', 'CLEAR', 'CLEAR', 'OPENING', 'BANCO_VAZIO')",2,1,3,33.333,SWITCH_OFFENSIVE,100.000,-0.000000,1.0000
"('TANK', 'TANK', 'NEUTRAL', 'SAFE', 'FULL', 'NORMAL', 'FASTER', 'MEC_USED', 'CLEAN', 'CLEAN', 'NEUTRAL', 'NEUTRAL', 'CLEAR', 'SET', 'BRAWL', 'BANCO_OFF')",2,1,8,12.500,ATTACK_STRONG,100.000,-0.000000,1.0000
"('TANK', 'TANK', 'DOMINANT', 'SAFE', 'FULL', 'NORMAL', 'SLOWER', 'MEC_USED', 'CLEAN', 'CLEAN', 'NEUTRAL', 'NEUTRAL', 'SET', 'CLEAR', 'OPENING', 'BANCO_AMBOS')",2,2,8,25.000,ATTACK_PREDICTIVE,50.000,0.693147,2.0000
"('SWEEPER', 'TANK', 'NEUTRAL', 'SAFE', 'FULL', 'NORMAL', 'FASTER', 'MEC_USED', 'CLEAN', 'CLEAN', 'NEUTRAL', 'NEUTRAL', 'SET', 'CLEAR', 'OPENING', 'BANCO_AMBOS')",2,2,5,40.000,STATUS,50.000,0.693147,2.0000
"('TANK', 'TANK', 'OFFENSIVE_ADV', 'FULL', 'SAFE', 'NORMAL', 'SLOWER', 'MEC_USED', 'CLEAN', 'CLEAN', 'NEUTRAL', 'NEUTRAL', 'SET', 'CLEAR', 'BRAWL', 'BANCO_OFF')",2,1,5,20.000,ATTACK_STRONG,100.000,-0.000000,1.0000
"('TANK', 'UTILITY', 'OFFENSIVE_ADV', 'FULL', 'DANGER', 'NORMAL', 'SLOWER', 'MEC_USED', 'CLEAN', 'CLEAN', 'NEUTRAL', 'NEUTRAL', 'CLEAR', 'CLEAR', 'OPENING', 'BANCO_OFF')",2,2,7,28.571,BUFF,50.000,0.693147,2.0000
"('TANK', 'TANK', 'DEFENSIVE_ADV', 'FULL', 'FULL', 'FIELD_OURS_DEF', 'SLOWER', 'MEC_USED', 'CLEAN', 'CLEAN', 'NEUTRAL', 'NEUTRAL', 'CLEAR', 'CLEAR', 'OPENING', 'BANCO_AMBOS')",2,2,6,33.333,ATTACK_PREDICTIVE,50.000,0.693147,2.0000
"('TANK', 'TANK', 'NEUTRAL', 'SAFE', 'SAFE', 'NORMAL', 'SLOWER', 'MEC_USED', 'AFFLICTED', 'CLEAN', 'DEBUFF', 'NEUTRAL', 'CLEAR', 'SET', 'CLUTCH', 'BANCO_VAZIO')",2,2,5,40.000,BUFF,50.000,0.693147,2.0000
"('UTILITY', 'TANK', 'VOLATILE', 'DANGER', 'FULL', 'NORMAL', 'FASTER', 'MEC_USED', 'CLEAN', 'CLEAN', 'NEUTRAL', 'NEUTRAL', 'CLEAR', 'CLEAR', 'OPENING', 'BANCO_OFF')",2,1,5,20.000,SWITCH_DEFENSIVE,100.000,-0.000000,1.0000
"('TANK', 'TANK', 'NEUTRAL', 'SAFE', 'FULL', 'FIELD_OURS_OFF', 'SLOWER', 'MEC_USED', 'CLEAN', 'CLEAN', 'NEUTRAL', 'NEUTRAL', 'CLEAR', 'CLEAR', 'OPENING', 'BANCO_OFF')",2,1,6,16.667,SWITCH_DEFENSIVE,100.000,-0.000000,1.0000
"('TANK', 'TANK', 'DEFENSIVE_DIS', 'SAFE', 'FULL', 'NORMAL', 'FASTER', 'MEC_AVAIL', 'CLEAN', 'CLEAN', 'BUFFED', 'NEUTRAL', 'CLEAR', 'CLEAR', 'OPENING', 'BANCO_AMBOS')",2,1,8,12.500,SWITCH_DEFENSIVE,100.000,-0.000000,1.0000
"('TANK', 'TANK', 'DOMINANT', 'SAFE', 'SAFE', 'NORMAL', 'FASTER', 'MEC_AVAIL', 'CLEAN', 'CLEAN', 'NEUTRAL', 'NEUTRAL', 'CLEAR', 'CLEAR', 'OPENING', 'BANCO_OFF')",2,2,10,20.000,ATTACK_PREDICTIVE_MEC,50.000,0.693147,2.0000
"('TANK', 'TANK', 'OFFENSIVE_DIS', 'SAFE', 'DANGER', 'NORMAL', 'SLOWER', 'MEC_USED', 'CLEAN', 'CLEAN', 'NEUTRAL', 'NEUTRAL', 'CLEAR', 'SET', 'OPENING', 'BANCO_VAZIO')",2,2,6,33.333,HEAL,50.000,0.693147,2.0000
"('TANK', 'TANK', 'DOMINANT', 'SAFE', 'FULL', 'NORMAL', 'FASTER', 'MEC_USED', 'CLEAN', 'CLEAN', 'NEUTRAL', 'NEUTRAL', 'SET', 'SET', 'OPENING', 'BANCO_AMBOS')",2,2,8,25.000,ATTACK_STRONG,50.000,0.693147,2.0000
"('TANK', 'TANK', 'NEUTRAL', 'FULL', 'FULL', 'NORMAL', 'FASTER', 'MEC_AVAIL', 'CLEAN', 'CLEAN', 'NEUTRAL', 'NEUTRAL', 'CLEAR', 'SET', 'OPENING', 'BANCO_OFF')",2,2,8,25.000,ATTACK_PREDICTIVE_MEC,50.000,0.693147,2.0000
"('TANK', 'TANK', 'CRITICAL_DIS', 'FULL', 'FULL', 'NORMAL', 'FASTER', 'MEC_USED', 'CLEAN', 'CLEAN', 'NEUTRAL', 'NEUTRAL', 'SET', 'CLEAR', 'BRAWL', 'BANCO_OFF')",2,1,6,16.667,SWITCH_DEFENSIVE,100.000,-0.000000,1.0000
"('TANK', 'TANK', 'OFFENSIVE_ADV', 'FULL', 'FULL', 'FIELD_SHARED', 'SLOWER', 'MEC_USED', 'CLEAN', 'CLEAN', 'NEUTRAL', 'NEUTRAL', 'CLEAR', 'CLEAR', 'BRAWL', 'BANCO_OFF')",2,2,6,33.333,ATTACK_STRONG,50.000,0.693147,2.0000
"('TANK', 'TANK', 'OFFENSIVE_DIS', 'FULL', 'FULL', 'NORMAL', 'FASTER', 'MEC_USED', 'AFFLICTED', 'CLEAN', 'NEUTRAL', 'NEUTRAL', 'CLEAR', 'SET', 'RECOVERING', 'BANCO_VAZIO')",2,2,3,66.667,ATTACK_TECH,50.000,0.693147,2.0000
"('TANK', 'TANK', 'OFFENSIVE_ADV', 'FULL', 'FULL', 'FIELD_SHARED', 'FASTER', 'MEC_USED', 'CLEAN', 'CLEAN', 'NEUTRAL', 'NEUTRAL', 'SET', 'SET', 'OPENING', 'BANCO_AMBOS')",2,2,5,40.000,ATTACK_PREDICTIVE,50.000,0.693147,2.0000
"('TANK', 'TANK', 'OFFENSIVE_ADV', 'SAFE', 'SAFE', 'FIELD_THEIRS', 'FASTER', 'MEC_USED', 'CLEAN', 'CLEAN', 'NEUTRAL', 'NEUTRAL', 'SET', 'CLEAR', 'OPENING', 'BANCO_OFF')",2,2,8,25.000,ATTACK_PREDICTIVE,50.000,0.693147,2.0000
"('TANK', 'TANK', 'OFFENSIVE_ADV', 'SAFE', 'SAFE', 'FIELD_SHARED', 'FASTER', 'MEC_USED', 'CLEAN', 'CLEAN', 'NEUTRAL', 'NEUTRAL', 'CLEAR', 'CLEAR', 'OPENING', 'BANCO_AMBOS')",2,1,4,25.000,ATTACK_PREDICTIVE,100.000,-0.000000,1.0000
"('UTILITY', 'SWEEPER', 'NEUTRAL', 'FULL', 'FULL', 'FIELD_OURS_OFF', 'FASTER', 'MEC_USED', 'CLEAN', 'CLEAN', 'NEUTRAL', 'NEUTRAL', 'CLEAR', 'CLEAR', 'OPENING', 'BANCO_OFF')",2,1,4,25.000,ATTACK_STRONG,100.000,-0.000000,1.0000
"('TANK', 'TANK', 'OFFENSIVE_ADV', 'FULL', 'SAFE', 'NORMAL', 'FASTER', 'MEC_USED', 'CLEAN', 'CLEAN', 'NEUTRAL', 'NEUTRAL', 'CLEAR', 'SET', 'RECOVERING', 'BANCO_VAZIO')",2,1,5,20.000,ATTACK_PREDICTIVE,100.000,-0.000000,1.0000
"('TANK', 'TANK', 'DEFENSIVE_DIS', 'DANGER', 'FULL', 'FIELD_THEIRS', 'FASTER', 'MEC_USED', 'CLEAN', 'CLEAN', 'NEUTRAL', 'NEUTRAL', 'CLEAR', 'CLEAR', 'OPENING', 'BANCO_AMBOS')",2,2,6,33.333,ATTACK_TECH,50.000,0.693147,2.0000
"('TANK', 'TANK', 'NEUTRAL', 'SAFE', 'FULL', 'NORMAL', 'FASTER', 'MEC_AVAIL', 'CLEAN', 'CLEAN', 'NEUTRAL', 'NEUTRAL', 'SET', 'CLEAR', 'OPENING', 'BANCO_AMBOS')",2,2,12,16.667,BUFF,50.000,0.693147,2.0000
"('TANK', 'TANK', 'NEUTRAL', 'DANGER', 'DANGER', 'NORMAL', 'SLOWER', 'MEC_USED', 'CLEAN', 'CLEAN', 'NEUTRAL', 'NEUTRAL', 'SET', 'CLEAR', 'OPENING', 'BANCO_OFF')",2,2,6,33.333,ATTACK_PIVOT,50.000,0.693147,2.0000
"('TANK', 'TANK', 'DEFENSIVE_DIS', 'DANGER', 'FULL', 'NORMAL', 'FASTER', 'MEC_USED', 'CLEAN', 'CLEAN', 'NEUTRAL', 'NEUTRAL', 'CLEAR', 'CLEAR', 'OPENING', 'BANCO_VAZIO')",2,2,6,33.333,ATTACK_TECH,50.000,0.693147,2.0000
"('TANK', 'TANK', 'VOLATILE', 'SAFE', 'FULL', 'FIELD_THEIRS', 'FASTER', 'MEC_AVAIL', 'CLEAN', 'CLEAN', 'NEUTRAL', 'NEUTRAL', 'CLEAR', 'CLEAR', 'OPENING', 'BANCO_AMBOS')",2,1,10,10.000,ATTACK_PREDICTIVE_MEC,100.000,-0.000000,1.0000
"('TANK', 'TANK', 'OFFENSIVE_ADV', 'FULL', 'SAFE', 'FIELD_THEIRS', 'FASTER', 'MEC_USED', 'CLEAN', 'CLEAN', 'NEUTRAL', 'NEUTRAL', 'CLEAR', 'CLEAR', 'OPENING', 'BANCO_VAZIO')",2,2,5,40.000,ATTACK_PIVOT,50.000,0.693147,2.0000
"('TANK', 'TANK', 'VOLATILE', 'DANGER', 'SAFE', 'NORMAL', 'FASTER', 'MEC_AVAIL', 'CLEAN', 'CLEAN', 'NEUTRAL', 'NEUTRAL', 'CLEAR', 'CLEAR', 'OPENING', 'BANCO_OFF')",2,1,8,12.500,ATTACK_PREDICTIVE_MEC,100.000,-0.000000,1.0000
"('TANK', 'TANK', 'NEUTRAL', 'SAFE', 'SAFE', 'NORMAL', 'SLOWER', 'MEC_USED', 'CLEAN', 'CLEAN', 'NEUTRAL', 'NEUTRAL', 'SET', 'SET', 'BRAWL', 'BANCO_AMBOS')",2,2,8,25.000,ATTACK_TECH,50.000,0.693147,2.0000
"('TANK', 'TANK', 'NEUTRAL', 'SAFE', 'CRIT', 'NORMAL', 'FASTER', 'MEC_USED', 'CLEAN', 'CLEAN', 'NEUTRAL', 'NEUTRAL', 'SET', 'SET', 'OPENING', 'BANCO_OFF')",2,2,6,33.333,SWITCH_DEFENSIVE,50.000,0.693147,2.0000
"('TANK', 'TANK', 'DEFENSIVE_DIS', 'FULL', 'SAFE', 'NORMAL', 'SLOWER', 'MEC_USED', 'CLEAN', 'CLEAN', 'NEUTRAL', 'NEUTRAL', 'SET', 'CLEAR', 'BRAWL', 'BANCO_VAZIO')",2,2,8,25.000,STATUS,50.000,0.693147,2.0000
"('TANK', 'TANK', 'NEUTRAL', 'FULL', 'FULL', 'FIELD_SHARED', 'FASTER', 'MEC_USED', 'CLEAN', 'CLEAN', 'BUFFED', 'NEUTRAL', 'CLEAR', 'CLEAR', 'OPENING', 'BANCO_AMBOS')",2,2,6,33.333,ATTACK_PREDICTIVE,50.000,0.693147,2.0000
"('TANK', 'TANK', 'OFFENSIVE_ADV', 'FULL', 'FULL', 'FIELD_SHARED', 'FASTER', 'MEC_USED', 'CLEAN', 'CLEAN', 'NEUTRAL', 'NEUTRAL', 'CLEAR', 'CLEAR', 'BRAWL', 'BANCO_OFF')",2,1,4,25.000,ATTACK_STRONG,100.000,-0.000000,1.0000
"('UTILITY', 'UTILITY', 'OFFENSIVE_ADV', 'FULL', 'FULL', 'FIELD_OURS_OFF', 'FASTER', 'MEC_USED', 'CLEAN', 'CLEAN', 'NEUTRAL', 'NEUTRAL', 'CLEAR', 'CLEAR', 'OPENING', 'BANCO_OFF')",2,2,6,33.333,ATTACK_STRONG,50.000,0.693147,2.0000
"('SWEEPER', 'TANK', 'DEFENSIVE_DIS', 'FULL', 'FULL', 'FIELD_OURS_OFF', 'FASTER', 'MEC_USED', 'CLEAN', 'CLEAN', 'NEUTRAL', 'NEUTRAL', 'CLEAR', 'CLEAR', 'OPENING', 'BANCO_VAZIO')",2,2,6,33.333,STATUS,50.000,0.693147,2.0000
"('UTILITY', 'TANK', 'VOLATILE', 'FULL', 'SAFE', 'NORMAL', 'FASTER', 'MEC_USED', 'CLEAN', 'CLEAN', 'NEUTRAL', 'NEUTRAL', 'CLEAR', 'CLEAR', 'OPENING', 'BANCO_OFF')",2,2,6,33.333,ATTACK_TECH,50.000,0.693147,2.0000
"('UTILITY', 'TANK', 'VOLATILE', 'FULL', 'FULL', 'FIELD_SHARED', 'FASTER', 'MEC_USED', 'CLEAN', 'CLEAN', 'NEUTRAL', 'NEUTRAL', 'CLEAR', 'CLEAR', 'OPENING', 'BANCO_VAZIO')",2,2,5,40.000,ATTACK_STRONG,50.000,0.693147,2.0000
"('TANK', 'TANK', 'OFFENSIVE_DIS', 'FULL', 'FULL', 'NORMAL', 'SLOWER', 'MEC_AVAIL', 'CLEAN', 'CLEAN', 'NEUTRAL', 'NEUTRAL', 'CLEAR', 'CLEAR', 'OPENING', 'BANCO_OFF')",2,2,12,16.667,ATTACK_STRONG_MEC,50.000,0.693147,2.0000
"('TANK', 'TANK', 'STALEMATE', 'FULL', 'SAFE', 'NORMAL', 'SLOWER', 'MEC_USED', 'CLEAN', 'CLEAN', 'NEUTRAL', 'NEUTRAL', 'CLEAR', 'SET', 'RECOVERING', 'BANCO_VAZIO')",2,2,4,50.000,PROTECT,50.000,0.693147,2.0000
"('TANK', 'TANK', 'VOLATILE', 'SAFE', 'FULL', 'NORMAL', 'SLOWER', 'MEC_USED', 'AFFLICTED', 'AFFLICTED', 'DEBUFF', 'NEUTRAL', 'CLEAR', 'CLEAR', 'CLUTCH', 'BANCO_VAZIO')",2,1,7,14.286,SWITCH_OFFENSIVE,100.000,-0.000000,1.0000
"('TANK', 'UTILITY', 'NEUTRAL', 'SAFE', 'SAFE', 'NORMAL', 'SLOWER', 'MEC_USED', 'AFFLICTED', 'CLEAN', 'DEBUFF', 'NEUTRAL', 'CLEAR', 'CLEAR', 'CLUTCH', 'BANCO_VAZIO')",2,1,6,16.667,ATTACK_TECH,100.000,-0.000000,1.0000
"('SWEEPER', 'SWEEPER', 'DOMINANT', 'FULL', 'FULL', 'FIELD_THEIRS', 'SLOWER', 'MEC_USED', 'CLEAN', 'CLEAN', 'NEUTRAL', 'NEUTRAL', 'CLEAR', 'CLEAR', 'OPENING', 'BANCO_OFF')",2,2,6,33.333,BUFF,50.000,0.693147,2.0000
"('TANK', 'TANK', 'DEFENSIVE_ADV', 'SAFE', 'FULL', 'NORMAL', 'FASTER', 'MEC_USED', 'CLEAN', 'CLEAN', 'NEUTRAL', 'NEUTRAL', 'SET', 'CLEAR', 'OPENING', 'BANCO_AMBOS')",2,1,7,14.286,ATTACK_PREDICTIVE,100.000,-0.000000,1.0000
"('TANK', 'TANK', 'NEUTRAL', 'DANGER', 'DANGER', 'NORMAL', 'FASTER', 'MEC_USED', 'CLEAN', 'CLEAN', 'NEUTRAL', 'NEUTRAL', 'CLEAR', 'CLEAR', 'OPENING', 'BANCO_VAZIO')",2,2,6,33.333,ATTACK_STRONG,50.000,0.693147,2.0000
"('TANK', 'SWEEPER', 'CRITICAL_DIS', 'FULL', 'FULL', 'FIELD_OURS_DEF', 'FASTER', 'MEC_USED', 'CLEAN', 'CLEAN', 'NEUTRAL', 'NEUTRAL', 'CLEAR', 'CLEAR', 'OPENING', 'BANCO_OFF')",2,1,6,16.667,SWITCH_OFFENSIVE,100.000,-0.000000,1.0000
"('TANK', 'TANK', 'DEFENSIVE_DIS', 'FULL', 'FULL', 'NORMAL', 'SLOWER', 'MEC_USED', 'CLEAN', 'AFFLICTED', 'NEUTRAL', 'NEUTRAL', 'CLEAR', 'CLEAR', 'OPENING', 'BANCO_OFF')",2,2,4,50.000,ATTACK_PREDICTIVE,50.000,0.693147,2.0000
"('TANK', 'TANK', 'NEUTRAL', 'SAFE', 'FULL', 'FIELD_SHARED', 'FASTER', 'MEC_USED', 'CLEAN', 'CLEAN', 'NEUTRAL', 'NEUTRAL', 'CLEAR', 'CLEAR', 'OPENING', 'BANCO_DEF')",2,2,5,40.000,ATTACK_PIVOT,50.000,0.693147,2.0000
"('TANK', 'TANK', 'OFFENSIVE_DIS', 'SAFE', 'FULL', 'NORMAL', 'FASTER', 'MEC_USED', 'AFFLICTED', 'CLEAN', 'DEBUFF', 'NEUTRAL', 'SET', 'SET', 'RECOVERING', 'BANCO_VAZIO')",2,1,4,25.000,STATUS,100.000,-0.000000,1.0000
"('TANK', 'TANK', 'DEFENSIVE_DIS', 'DANGER', 'SAFE', 'NORMAL', 'SLOWER', 'MEC_USED', 'CLEAN', 'CLEAN', 'NEUTRAL', 'NEUTRAL', 'CLEAR', 'CLEAR', 'OPENING', 'BANCO_AMBOS')",2,1,7,14.286,SWITCH_OFFENSIVE,100.000,-0.000000,1.0000
"('TANK', 'SWEEPER', 'DEFENSIVE_DIS', 'FULL', 'CRIT', 'NORMAL', 'SLOWER', 'MEC_USED', 'CLEAN', 'CLEAN', 'NEUTRAL', 'NEUTRAL', 'CLEAR', 'CLEAR', 'RECOVERING', 'BANCO_VAZIO')",2,2,4,50.000,ATTACK_STRONG,50.000,0.693147,2.0000
"('TANK', 'TANK', 'CRITICAL_DIS', 'DANGER', 'DANGER', 'NORMAL', 'SLOWER', 'MEC_USED', 'CLEAN', 'CLEAN', 'NEUTRAL', 'NEUTRAL', 'CLEAR', 'SET', 'RECOVERING', 'BANCO_VAZIO')",2,1,5,20.000,SWITCH_DEFENSIVE,100.000,-0.000000,1.0000
"('SWEEPER', 'SWEEPER', 'DOMINANT', 'FULL', 'FULL', 'FIELD_THEIRS', 'SLOWER', 'MEC_USED', 'CLEAN', 'CLEAN', 'NEUTRAL', 'NEUTRAL', 'CLEAR', 'CLEAR', 'OPENING', 'BANCO_DEF')",2,1,5,20.000,ATTACK_PREDICTIVE,100.000,-0.000000,1.0000
"('SWEEPER', 'UTILITY', 'DOMINANT', 'FULL', 'FULL', 'NORMAL', 'FASTER', 'MEC_USED', 'CLEAN', 'CLEAN', 'NEUTRAL', 'DEBUFF', 'CLEAR', 'CLEAR', 'OPENING', 'BANCO_DEF')",2,2,5,40.000,ATTACK_PIVOT,50.000,0.693147,2.0000
"('TANK', 'TANK', 'OFFENSIVE_ADV', 'CRIT', 'FULL', 'NORMAL', 'FASTER', 'MEC_USED', 'CLEAN', 'CLEAN', 'NEUTRAL', 'NEUTRAL', 'CLEAR', 'CLEAR', 'RECOVERING', 'BANCO_VAZIO')",2,1,4,25.000,HEAL,100.000,-0.000000,1.0000
"('TANK', 'TANK', 'DEFENSIVE_DIS', 'DANGER', 'FULL', 'NORMAL', 'SLOWER', 'MEC_USED', 'CLEAN', 'CLEAN', 'NEUTRAL', 'NEUTRAL', 'SET', 'CLEAR', 'RECOVERING', 'BANCO_VAZIO')",2,1,2,50.000,ATTACK_PIVOT,100.000,-0.000000,1.0000
"('TANK', 'TANK', 'NEUTRAL', 'SAFE', 'FULL', 'NORMAL', 'SLOWER', 'MEC_USED', 'CLEAN', 'CLEAN', 'NEUTRAL', 'NEUTRAL', 'SET', 'SET', 'BRAWL', 'BANCO_AMBOS')",2,1,5,20.000,ATTACK_TECH,100.000,-0.000000,1.0000
"('TANK', 'TANK', 'OFFENSIVE_ADV', 'CRIT', 'SAFE', 'NORMAL', 'SLOWER', 'MEC_USED', 'CLEAN', 'CLEAN', 'NEUTRAL', 'NEUTRAL', 'SET', 'SET', 'BRAWL', 'BANCO_OFF')",2,2,9,22.222,CLEAN_HAZARD,50.000,0.693147,2.0000
"('TANK', 'TANK', 'NEUTRAL', 'CRIT', 'FULL', 'NORMAL', 'SLOWER', 'MEC_USED', 'CLEAN', 'CLEAN', 'NEUTRAL', 'NEUTRAL', 'SET', 'CLEAR', 'BRAWL', 'BANCO_OFF')",2,2,7,28.571,ATTACK_PIVOT,50.000,0.693147,2.0000
"('TANK', 'TANK', 'OFFENSIVE_ADV', 'SAFE', 'FULL', 'FIELD_OURS_OFF', 'FASTER', 'MEC_USED', 'CLEAN', 'CLEAN', 'NEUTRAL', 'NEUTRAL', 'CLEAR', 'CLEAR', 'OPENING', 'BANCO_VAZIO')",2,1,6,16.667,ATTACK_PREDICTIVE,100.000,-0.000000,1.0000
"('TANK', 'TANK', 'NEUTRAL', 'DANGER', 'SAFE', 'NORMAL', 'FASTER', 'MEC_USED', 'CLEAN', 'CLEAN', 'NEUTRAL', 'NEUTRAL', 'SET', 'CLEAR', 'RECOVERING', 'BANCO_VAZIO')",2,2,6,33.333,CLEAN_HAZARD,50.000,0.693147,2.0000
"('TANK', 'TANK', 'VOLATILE', 'DANGER', 'DANGER', 'NORMAL', 'FASTER', 'MEC_USED', 'CLEAN', 'CLEAN', 'NEUTRAL', 'NEUTRAL', 'CLEAR', 'CLEAR', 'OPENING', 'BANCO_OFF')",2,2,5,40.000,STATUS,50.000,0.693147,2.0000
"('TANK', 'TANK', 'VOLATILE', 'FULL', 'SAFE', 'FIELD_THEIRS', 'SLOWER', 'MEC_USED', 'CLEAN', 'CLEAN', 'NEUTRAL', 'NEUTRAL', 'CLEAR', 'CLEAR', 'OPENING', 'BANCO_OFF')",2,2,8,25.000,ATTACK_TECH,50.000,0.693147,2.0000
"('TANK', 'SWEEPER', 'OFFENSIVE_DIS', 'FULL', 'FULL', 'NORMAL', 'SLOWER', 'MEC_USED', 'AFFLICTED', 'CLEAN', 'BUFFED', 'BUFFED', 'CLEAR', 'SET', 'RECOVERING', 'BANCO_VAZIO')",1,1,1,100.000,ATTACK_STRONG,100.000,-0.000000,1.0000
"('TANK', 'TANK', 'OFFENSIVE_DIS', 'FULL', 'SAFE', 'NORMAL', 'SLOWER', 'MEC_USED', 'CLEAN', 'CLEAN', 'BUFFED', 'NEUTRAL', 'CLEAR', 'SET', 'RECOVERING', 'BANCO_VAZIO')",1,1,2,50.000,BUFF,100.000,-0.000000,1.0000
"('TANK', 'TANK', 'DEFENSIVE_ADV', 'DANGER', 'FULL', 'NORMAL', 'SLOWER', 'MEC_USED', 'CLEAN', 'AFFLICTED', 'DEBUFF', 'NEUTRAL', 'SET', 'CLEAR', 'CLUTCH', 'BANCO_VAZIO')",1,1,2,50.000,STATUS,100.000,-0.000000,1.0000
"('TANK', 'TANK', 'OFFENSIVE_DIS', 'FULL', 'FULL', 'NORMAL', 'SLOWER', 'MEC_USED', 'AFFLICTED', 'AFFLICTED', 'DEBUFF', 'NEUTRAL', 'CLEAR', 'CLEAR', 'RECOVERING', 'BANCO_VAZIO')",1,1,2,50.000,CLEAN_HAZARD,100.000,-0.000000,1.0000
"('TANK', 'TANK', 'CRITICAL_DIS', 'FULL', 'SAFE', 'NORMAL', 'FASTER', 'MEC_USED', 'AFFLICTED', 'CLEAN', 'NEUTRAL', 'NEUTRAL', 'SET', 'SET', 'RECOVERING', 'BANCO_VAZIO')",1,1,2,50.000,ATTACK_STRONG,100.000,-0.000000,1.0000
"('TANK', 'TANK', 'NEUTRAL', 'SAFE', 'FULL', 'NORMAL', 'FASTER', 'MEC_USED', 'AFFLICTED', 'CLEAN', 'DEBUFF', 'NEUTRAL', 'CLEAR', 'CLEAR', 'RECOVERING', 'BANCO_VAZIO')",1,1,4,25.000,BUFF,100.000,-0.000000,1.0000
"('TANK', 'TANK', 'NEUTRAL', 'DANGER', 'SAFE', 'NORMAL', 'FASTER', 'MEC_USED', 'AFFLICTED', 'CLEAN', 'NEUTRAL', 'NEUTRAL', 'SET', 'SET', 'RECOVERING', 'BANCO_VAZIO')",1,1,3,33.333,ATTACK_STRONG,100.000,-0.000000,1.0000
"('TANK', 'TANK', 'OFFENSIVE_ADV', 'SAFE', 'DANGER', 'NORMAL', 'FASTER', 'MEC_USED', 'AFFLICTED', 'CLEAN', 'NEUTRAL', 'NEUTRAL', 'SET', 'SET', 'CLUTCH', 'BANCO_VAZIO')",1,1,4,25.000,ATTACK_STRONG,100.000,-0.000000,1.0000
"('TANK', 'TANK', 'DEFENSIVE_DIS', 'FULL', 'SAFE', 'NORMAL', 'FASTER', 'MEC_USED', 'AFFLICTED', 'CLEAN', 'NEUTRAL', 'NEUTRAL', 'SET', 'SET', 'CLUTCH', 'BANCO_VAZIO')",1,1,2,50.000,HAZARD,100.000,-0.000000,1.0000
"('UTILITY', 'TANK', 'VOLATILE', 'DANGER', 'FULL', 'NORMAL', 'FASTER', 'MEC_USED', 'CLEAN', 'AFFLICTED', 'NEUTRAL', 'NEUTRAL', 'CLEAR', 'CLEAR', 'CLUTCH', 'BANCO_VAZIO')",1,1,4,25.000,SWITCH_DEFENSIVE,100.000,-0.000000,1.0000
"('TANK', 'TANK', 'OFFENSIVE_DIS', 'FULL', 'FULL', 'NORMAL', 'FASTER', 'MEC_USED', 'AFFLICTED', 'AFFLICTED', 'NEUTRAL', 'NEUTRAL', 'SET', 'CLEAR', 'RECOVERING', 'BANCO_VAZIO')",1,1,1,100.000,STATUS,100.000,-0.000000,1.0000
"('TANK', 'TANK', 'NEUTRAL', 'DANGER', 'SAFE', 'NORMAL', 'FASTER', 'MEC_USED', 'CLEAN', 'CLEAN', 'NEUTRAL', 'NEUTRAL', 'SET', 'SET', 'BRAWL', 'BANCO_DEF')",1,1,5,20.000,ATTACK_PIVOT,100.000,-0.000000,1.0000
"('TANK', 'TANK', 'DEFENSIVE_DIS', 'FULL', 'CRIT', 'NORMAL', 'SLOWER', 'MEC_USED', 'CLEAN', 'CLEAN', 'NEUTRAL', 'NEUTRAL', 'CLEAR', 'SET', 'RECOVERING', 'BANCO_VAZIO')",1,1,3,33.333,ATTACK_STRONG,100.000,-0.000000,1.0000
"('TANK', 'TANK', 'NEUTRAL', 'CRIT', 'FULL', 'NORMAL', 'SLOWER', 'MEC_USED', 'AFFLICTED', 'CLEAN', 'DEBUFF', 'NEUTRAL', 'SET', 'SET', 'RECOVERING', 'BANCO_VAZIO')",1,1,5,20.000,ATTACK_PREDICTIVE,100.000,-0.000000,1.0000
"('TANK', 'TANK', 'OFFENSIVE_ADV', 'DANGER', 'SAFE', 'NORMAL', 'SLOWER', 'MEC_USED', 'CLEAN', 'CLEAN', 'NEUTRAL', 'NEUTRAL', 'CLEAR', 'CLEAR', 'OPENING', 'BANCO_VAZIO')",1,1,7,14.286,STAT_CLEAN,100.000,-0.000000,1.0000
"('TANK', 'TANK', 'DEFENSIVE_DIS', 'CRIT', 'SAFE', 'FIELD_SHARED', 'FASTER', 'MEC_USED', 'CLEAN', 'CLEAN', 'NEUTRAL', 'NEUTRAL', 'CLEAR', 'CLEAR', 'OPENING', 'BANCO_OFF')",1,1,5,20.000,ATTACK_TECH,100.000,-0.000000,1.0000
"('TANK', 'TANK', 'DEFENSIVE_ADV', 'CRIT', 'SAFE', 'NORMAL', 'FASTER', 'MEC_USED', 'CLEAN', 'CLEAN', 'NEUTRAL', 'NEUTRAL', 'SET', 'SET', 'CLUTCH', 'BANCO_VAZIO')",1,1,5,20.000,DISRUPTION,100.000,-0.000000,1.0000
"('TANK', 'TANK', 'OFFENSIVE_DIS', 'FULL', 'DANGER', 'NORMAL', 'SLOWER', 'MEC_USED', 'CLEAN', 'CLEAN', 'NEUTRAL', 'NEUTRAL', 'SET', 'CLEAR', 'RECOVERING', 'BANCO_VAZIO')",1,1,5,20.000,HAZARD,100.000,-0.000000,1.0000
"('TANK', 'TANK', 'NEUTRAL', 'SAFE', 'SAFE', 'NORMAL', 'FASTER', 'MEC_AVAIL', 'CLEAN', 'CLEAN', 'NEUTRAL', 'NEUTRAL', 'SET', 'CLEAR', 'OPENING', 'BANCO_AMBOS')",1,1,10,10.000,HAZARD,100.000,-0.000000,1.0000
"('TANK', 'TANK', 'OFFENSIVE_DIS', 'FULL', 'SAFE', 'NORMAL', 'FASTER', 'MEC_USED', 'AFFLICTED', 'CLEAN', 'DEBUFF', 'NEUTRAL', 'CLEAR', 'CLEAR', 'CLUTCH', 'BANCO_VAZIO')",1,1,1,100.000,CLEAN_HAZARD,100.000,-0.000000,1.0000
"('TANK', 'TANK', 'NEUTRAL', 'FULL', 'FULL', 'NORMAL', 'FASTER', 'MEC_USED', 'CLEAN', 'AFFLICTED', 'NEUTRAL', 'DEBUFF', 'SET', 'SET', 'CLUTCH', 'BANCO_VAZIO')",1,1,2,50.000,ATTACK_STRONG,100.000,-0.000000,1.0000
"('TANK', 'TANK', 'OFFENSIVE_ADV', 'SAFE', 'SAFE', 'NORMAL', 'FASTER', 'MEC_USED', 'AFFLICTED', 'CLEAN', 'NEUTRAL', 'NEUTRAL', 'CLEAR', 'SET', 'CLUTCH', 'BANCO_VAZIO')",1,1,4,25.000,ATTACK_STRONG,100.000,-0.000000,1.0000
"('TANK', 'TANK', 'DEFENSIVE_DIS', 'CRIT', 'SAFE', 'NORMAL', 'SLOWER', 'MEC_USED', 'CLEAN', 'AFFLICTED', 'NEUTRAL', 'NEUTRAL', 'SET', 'SET', 'CLUTCH', 'BANCO_VAZIO')",1,1,4,25.000,ATTACK_STRONG,100.000,-0.000000,1.0000
"('TANK', 'SWEEPER', 'DEFENSIVE_DIS', 'SAFE', 'DANGER', 'NORMAL', 'SLOWER', 'MEC_USED', 'CLEAN', 'CLEAN', 'NEUTRAL', 'NEUTRAL', 'CLEAR', 'SET', 'RECOVERING', 'BANCO_VAZIO')",1,1,7,14.286,DISRUPTION,100.000,-0.000000,1.0000
"('TANK', 'TANK', 'NEUTRAL', 'CRIT', 'DANGER', 'NORMAL', 'SLOWER', 'MEC_USED', 'CLEAN', 'CLEAN', 'NEUTRAL', 'NEUTRAL', 'CLEAR', 'SET', 'OPENING', 'BANCO_VAZIO')",1,1,5,20.000,ATTACK_TECH,100.000,-0.000000,1.0000
"('TANK', 'TANK', 'OFFENSIVE_ADV', 'FULL', 'FULL', 'NORMAL', 'SLOWER', 'MEC_USED', 'CLEAN', 'CLEAN', 'NEUTRAL', 'NEUTRAL', 'SET', 'CLEAR', 'RECOVERING', 'BANCO_VAZIO')",1,1,7,14.286,ATTACK_PIVOT,100.000,-0.000000,1.0000
"('TANK', 'TANK', 'DOMINANT', 'FULL', 'FULL', 'NORMAL', 'SLOWER', 'MEC_USED', 'CLEAN', 'CLEAN', 'NEUTRAL', 'NEUTRAL', 'SET', 'SET', 'OPENING', 'BANCO_AMBOS')",1,1,7,14.286,ATTACK_PIVOT,100.000,-0.000000,1.0000
"('TANK', 'TANK', 'NEUTRAL', 'SAFE', 'SAFE', 'FIELD_THEIRS', 'SLOWER', 'MEC_USED', 'CLEAN', 'CLEAN', 'NEUTRAL', 'NEUTRAL', 'CLEAR', 'SET', 'OPENING', 'BANCO_OFF')",1,1,5,20.000,ATTACK_STRONG,100.000,-0.000000,1.0000
"('TANK', 'TANK', 'OFFENSIVE_ADV', 'SAFE', 'FULL', 'NORMAL', 'FASTER', 'MEC_USED', 'AFFLICTED', 'CLEAN', 'NEUTRAL', 'NEUTRAL', 'SET', 'SET', 'CLUTCH', 'BANCO_VAZIO')",1,1,7,14.286,ATTACK_STRONG,100.000,-0.000000,1.0000
"('SWEEPER', 'UTILITY', 'OFFENSIVE_ADV', 'FULL', 'SAFE', 'NORMAL', 'FASTER', 'MEC_USED', 'CLEAN', 'CLEAN', 'NEUTRAL', 'NEUTRAL', 'CLEAR', 'CLEAR', 'OPENING', 'BANCO_OFF')",1,1,3,33.333,SWITCH_OFFENSIVE,100.000,-0.000000,1.0000
"('UTILITY', 'TANK', 'OFFENSIVE_ADV', 'FULL', 'DANGER', 'FIELD_THEIRS', 'FASTER', 'MEC_USED', 'CLEAN', 'CLEAN', 'NEUTRAL', 'NEUTRAL', 'CLEAR', 'CLEAR', 'OPENING', 'BANCO_OFF')",1,1,6,16.667,SWITCH_OFFENSIVE,100.000,-0.000000,1.0000
"('TANK', 'TANK', 'NEUTRAL', 'DANGER', 'DANGER', 'NORMAL', 'FASTER', 'MEC_USED', 'CLEAN', 'CLEAN', 'NEUTRAL', 'NEUTRAL', 'SET', 'SET', 'CLUTCH', 'BANCO_VAZIO')",1,1,6,16.667,SWITCH_DEFENSIVE,100.000,-0.000000,1.0000
"('TANK', 'TANK', 'OFFENSIVE_ADV', 'DANGER', 'DANGER', 'FIELD_THEIRS', 'SLOWER', 'MEC_USED', 'CLEAN', 'CLEAN', 'NEUTRAL', 'NEUTRAL', 'CLEAR', 'CLEAR', 'OPENING', 'BANCO_OFF')",1,1,4,25.000,SWITCH_OFFENSIVE,100.000,-0.000000,1.0000
"('TANK', 'TANK', 'NEUTRAL', 'SAFE', 'FULL', 'NORMAL', 'FASTER', 'MEC_USED', 'AFFLICTED', 'CLEAN', 'NEUTRAL', 'NEUTRAL', 'SET', 'CLEAR', 'OPENING', 'BANCO_AMBOS')",1,1,6,16.667,BUFF,100.000,-0.000000,1.0000
"('TANK', 'SWEEPER', 'DEFENSIVE_DIS', 'FULL', 'FULL', 'NORMAL', 'SLOWER', 'MEC_USED', 'CLEAN', 'CLEAN', 'NEUTRAL', 'NEUTRAL', 'CLEAR', 'SET', 'RECOVERING', 'BANCO_VAZIO')",1,1,3,33.333,SWITCH_OFFENSIVE,100.000,-0.000000,1.0000
"('TANK', 'TANK', 'OFFENSIVE_DIS', 'SAFE', 'DANGER', 'NORMAL', 'SLOWER', 'MEC_USED', 'CLEAN', 'CLEAN', 'NEUTRAL', 'NEUTRAL', 'SET', 'CLEAR', 'OPENING', 'BANCO_OFF')",1,1,4,25.000,HAZARD,100.000,-0.000000,1.0000
"('TANK', 'TANK', 'NEUTRAL', 'FULL', 'SAFE', 'NORMAL', 'SLOWER', 'MEC_USED', 'CLEAN', 'CLEAN', 'NEUTRAL', 'NEUTRAL', 'CLEAR', 'SET', 'OPENING', 'BANCO_AMBOS')",1,1,5,20.000,SWITCH_DEFENSIVE,100.000,-0.000000,1.0000
"('TANK', 'TANK', 'OFFENSIVE_ADV', 'SAFE', 'SAFE', 'FIELD_SHARED', 'SLOWER', 'MEC_USED', 'CLEAN', 'CLEAN', 'NEUTRAL', 'NEUTRAL', 'CLEAR', 'CLEAR', 'OPENING', 'BANCO_VAZIO')",1,1,6,16.667,ATTACK_TECH,100.000,-0.000000,1.0000
"('TANK', 'TANK', 'OFFENSIVE_DIS', 'SAFE', 'DANGER', 'NORMAL', 'FASTER', 'MEC_USED', 'CLEAN', 'CLEAN', 'NEUTRAL', 'NEUTRAL', 'SET', 'CLEAR', 'OPENING', 'BANCO_OFF')",1,1,5,20.000,HAZARD,100.000,-0.000000,1.0000
"('TANK', 'TANK', 'CRITICAL_DIS', 'SAFE', 'DANGER', 'NORMAL', 'FASTER', 'MEC_USED', 'CLEAN', 'AFFLICTED', 'NEUTRAL', 'DEBUFF', 'SET', 'SET', 'RECOVERING', 'BANCO_VAZIO')",1,1,5,20.000,ATTACK_STRONG,100.000,-0.000000,1.0000
"('TANK', 'TANK', 'NEUTRAL', 'FULL', 'DANGER', 'NORMAL', 'FASTER', 'MEC_USED', 'CLEAN', 'CLEAN', 'NEUTRAL', 'NEUTRAL', 'CLEAR', 'SET', 'OPENING', 'BANCO_VAZIO')",1,1,4,25.000,ATTACK_STRONG,100.000,-0.000000,1.0000
"('TANK', 'TANK', 'VOLATILE', 'CRIT', 'FULL', 'NORMAL', 'FASTER', 'MEC_USED', 'CLEAN', 'CLEAN', 'NEUTRAL', 'NEUTRAL', 'SET', 'CLEAR', 'OPENING', 'BANCO_OFF')",1,1,5,20.000,ATTACK_PREDICTIVE,100.000,-0.000000,1.0000
"('TANK', 'UTILITY', 'NEUTRAL', 'SAFE', 'FULL', 'FIELD_THEIRS', 'SLOWER', 'MEC_USED', 'CLEAN', 'CLEAN', 'NEUTRAL', 'NEUTRAL', 'CLEAR', 'CLEAR', 'OPENING', 'BANCO_OFF')",1,1,6,16.667,ATTACK_PREDICTIVE,100.000,-0.000000,1.0000
"('TANK', 'SWEEPER', 'CRITICAL_DIS', 'SAFE', 'CRIT', 'NORMAL', 'SLOWER', 'MEC_USED', 'CLEAN', 'CLEAN', 'NEUTRAL', 'NEUTRAL', 'CLEAR', 'CLEAR', 'RECOVERING', 'BANCO_VAZIO')",1,1,3,33.333,ATTACK_PREDICTIVE,100.000,-0.000000,1.0000
"('TANK', 'TANK', 'OFFENSIVE_DIS', 'SAFE', 'SAFE', 'NORMAL', 'FASTER', 'MEC_USED', 'CLEAN', 'AFFLICTED', 'NEUTRAL', 'DEBUFF', 'SET', 'SET', 'RECOVERING', 'BANCO_VAZIO')",1,1,2,50.000,ATTACK_TECH,100.000,-0.000000,1.0000
"('TANK', 'TANK', 'NEUTRAL', 'CRIT', 'FULL', 'NORMAL', 'FASTER', 'MEC_USED', 'CLEAN', 'CLEAN', 'NEUTRAL', 'NEUTRAL', 'SET', 'CLEAR', 'CLUTCH', 'BANCO_VAZIO')",1,1,7,14.286,HEAL,100.000,-0.000000,1.0000
"('TANK', 'TANK', 'OFFENSIVE_ADV', 'SAFE', 'CRIT', 'NORMAL', 'FASTER', 'MEC_USED', 'CLEAN', 'CLEAN', 'NEUTRAL', 'NEUTRAL', 'CLEAR', 'CLEAR', 'RECOVERING', 'BANCO_VAZIO')",1,1,4,25.000,SWITCH_OFFENSIVE,100.000,-0.000000,1.0000
"('TANK', 'TANK', 'CRITICAL_DIS', 'SAFE', 'CRIT', 'NORMAL', 'SLOWER', 'MEC_USED', 'CLEAN', 'CLEAN', 'NEUTRAL', 'NEUTRAL', 'CLEAR', 'SET', 'RECOVERING', 'BANCO_VAZIO')",1,1,3,33.333,ATTACK_STRONG,100.000,-0.000000,1.0000
"('TANK', 'SWEEPER', 'NEUTRAL', 'FULL', 'CRIT', 'NORMAL', 'SLOWER', 'MEC_USED', 'CLEAN', 'CLEAN', 'NEUTRAL', 'NEUTRAL', 'CLEAR', 'CLEAR', 'OPENING', 'BANCO_OFF')",1,1,3,33.333,ATTACK_STRONG,100.000,-0.000000,1.0000
"('SWEEPER', 'TANK', 'OFFENSIVE_ADV', 'DANGER', 'FULL', 'FIELD_SHARED', 'FASTER', 'MEC_USED', 'CLEAN', 'CLEAN', 'NEUTRAL', 'NEUTRAL', 'CLEAR', 'CLEAR', 'OPENING', 'BANCO_AMBOS')",1,1,4,25.000,ATTACK_STRONG,100.000,-0.000000,1.0000
"('TANK', 'UTILITY', 'VOLATILE', 'FULL', 'FULL', 'FIELD_OURS_OFF', 'SLOWER', 'MEC_USED', 'CLEAN', 'CLEAN', 'NEUTRAL', 'NEUTRAL', 'CLEAR', 'CLEAR', 'OPENING', 'BANCO_OFF')",1,1,6,16.667,ATTACK_STRONG,100.000,-0.000000,1.0000
"('TANK', 'TANK', 'DEFENSIVE_DIS', 'DANGER', 'DANGER', 'NORMAL', 'SLOWER', 'MEC_USED', 'CLEAN', 'CLEAN', 'NEUTRAL', 'NEUTRAL', 'CLEAR', 'CLEAR', 'OPENING', 'BANCO_OFF')",1,1,5,20.000,ATTACK_PREDICTIVE,100.000,-0.000000,1.0000
"('TANK', 'TANK', 'OFFENSIVE_DIS', 'FULL', 'DANGER', 'NORMAL', 'SLOWER', 'MEC_USED', 'CLEAN', 'CLEAN', 'NEUTRAL', 'NEUTRAL', 'CLEAR', 'CLEAR', 'RECOVERING', 'BANCO_VAZIO')",1,1,4,25.000,ATTACK_STRONG,100.000,-0.000000,1.0000
"('TANK', 'TANK', 'OFFENSIVE_DIS', 'SAFE', 'DANGER', 'NORMAL', 'SLOWER', 'MEC_USED', 'CLEAN', 'CLEAN', 'NEUTRAL', 'NEUTRAL', 'CLEAR', 'CLEAR', 'RECOVERING', 'BANCO_VAZIO')",1,1,4,25.000,SWITCH_OFFENSIVE,100.000,-0.000000,1.0000
"('TANK', 'SWEEPER', 'OFFENSIVE_DIS', 'SAFE', 'SAFE', 'FIELD_THEIRS', 'SLOWER', 'MEC_USED', 'CLEAN', 'CLEAN', 'NEUTRAL', 'NEUTRAL', 'CLEAR', 'CLEAR', 'OPENING', 'BANCO_OFF')",1,1,4,25.000,SWITCH_OFFENSIVE,100.000,-0.000000,1.0000
"('TANK', 'UTILITY', 'OFFENSIVE_ADV', 'FULL', 'FULL', 'FIELD_SHARED', 'SLOWER', 'MEC_USED', 'AFFLICTED', 'CLEAN', 'NEUTRAL', 'NEUTRAL', 'CLEAR', 'CLEAR', 'OPENING', 'BANCO_AMBOS')",1,1,4,25.000,ATTACK_PIVOT,100.000,-0.000000,1.0000
"('TANK', 'TANK', 'OFFENSIVE_DIS', 'FULL', 'CRIT', 'NORMAL', 'SLOWER', 'MEC_USED', 'CLEAN', 'CLEAN', 'NEUTRAL', 'NEUTRAL', 'CLEAR', 'CLEAR', 'OPENING', 'BANCO_VAZIO')",1,1,4,25.000,STATUS,100.000,-0.000000,1.0000
"('TANK', 'TANK', 'NEUTRAL', 'FULL', 'DANGER', 'NORMAL', 'FASTER', 'MEC_USED', 'AFFLICTED', 'CLEAN', 'NEUTRAL', 'NEUTRAL', 'CLEAR', 'CLEAR', 'RECOVERING', 'BANCO_VAZIO')",1,1,3,33.333,ATTACK_PIVOT,100.000,-0.000000,1.0000
"('SWEEPER', 'UTILITY', 'VOLATILE', 'FULL', 'FULL', 'FIELD_OURS_OFF', 'FASTER', 'MEC_USED', 'CLEAN', 'CLEAN', 'NEUTRAL', 'NEUTRAL', 'CLEAR', 'CLEAR', 'OPENING', 'BANCO_AMBOS')",1,1,5,20.000,ATTACK_STRONG,100.000,-0.000000,1.0000
"('TANK', 'TANK', 'NEUTRAL', 'FULL', 'FULL', 'NORMAL', 'FASTER', 'MEC_USED', 'CLEAN', 'CLEAN', 'NEUTRAL', 'NEUTRAL', 'SET', 'CLEAR', 'OPENING', 'BANCO_DEF')",1,1,5,20.000,SWITCH_OFFENSIVE,100.000,-0.000000,1.0000
"('TANK', 'SWEEPER', 'DOMINANT', 'FULL', 'SAFE', 'NORMAL', 'SLOWER', 'MEC_USED', 'CLEAN', 'CLEAN', 'NEUTRAL', 'NEUTRAL', 'CLEAR', 'CLEAR', 'OPENING', 'BANCO_AMBOS')",1,1,7,14.286,PROTECT,100.000,-0.000000,1.0000
"('TANK', 'TANK', 'NEUTRAL', 'SAFE', 'CRIT', 'NORMAL', 'SLOWER', 'MEC_USED', 'CLEAN', 'CLEAN', 'NEUTRAL', 'NEUTRAL', 'SET', 'SET', 'BRAWL', 'BANCO_OFF')",1,1,6,16.667,ATTACK_TECH,100.000,-0.000000,1.0000
"('TANK', 'TANK', 'DEFENSIVE_ADV', 'SAFE', 'FULL', 'FIELD_THEIRS', 'FASTER', 'MEC_AVAIL', 'CLEAN', 'CLEAN', 'NEUTRAL', 'NEUTRAL', 'CLEAR', 'CLEAR', 'OPENING', 'BANCO_AMBOS')",1,1,6,16.667,SWITCH_DEFENSIVE,100.000,-0.000000,1.0000
"('TANK', 'TANK', 'NEUTRAL', 'FULL', 'FULL', 'NORMAL', 'SLOWER', 'MEC_USED', 'AFFLICTED', 'AFFLICTED', 'NEUTRAL', 'DEBUFF', 'SET', 'SET', 'RECOVERING', 'BANCO_VAZIO')",1,1,1,100.000,ATTACK_STRONG,100.000,-0.000000,1.0000
"('TANK', 'TANK', 'OFFENSIVE_ADV', 'DANGER', 'FULL', 'NORMAL', 'FASTER', 'MEC_USED', 'CLEAN', 'CLEAN', 'NEUTRAL', 'NEUTRAL', 'CLEAR', 'CLEAR', 'OPENING', 'BANCO_VAZIO')",1,1,1,100.000,ATTACK_STRONG,100.000,-0.000000,1.0000
"('TANK', 'TANK', 'OFFENSIVE_DIS', 'SAFE', 'CRIT', 'NORMAL', 'SLOWER', 'MEC_USED', 'CLEAN', 'CLEAN', 'NEUTRAL', 'NEUTRAL', 'CLEAR', 'CLEAR', 'OPENING', 'BANCO_VAZIO')",1,1,6,16.667,ATTACK_TECH,100.000,-0.000000,1.0000
"('TANK', 'TANK', 'OFFENSIVE_ADV', 'FULL', 'FULL', 'FIELD_OURS_DEF', 'FASTER', 'MEC_AVAIL', 'CLEAN', 'CLEAN', 'NEUTRAL', 'NEUTRAL', 'CLEAR', 'CLEAR', 'OPENING', 'BANCO_OFF')",1,1,6,16.667,ATTACK_STRONG_MEC,100.000,-0.000000,1.0000
"('SWEEPER', 'TANK', 'DEFENSIVE_DIS', 'SAFE', 'FULL', 'FIELD_OURS_OFF', 'FASTER', 'MEC_USED', 'CLEAN', 'CLEAN', 'NEUTRAL', 'NEUTRAL', 'CLEAR', 'CLEAR', 'OPENING', 'BANCO_OFF')",1,1,5,20.000,ATTACK_STRONG,100.000,-0.000000,1.0000
"('TANK', 'TANK', 'NEUTRAL', 'DANGER', 'CRIT', 'NORMAL', 'SLOWER', 'MEC_USED', 'CLEAN', 'CLEAN', 'NEUTRAL', 'NEUTRAL', 'SET', 'SET', 'CLUTCH', 'BANCO_VAZIO')",1,1,2,50.000,ATTACK_PREDICTIVE,100.000,-0.000000,1.0000
"('TANK', 'TANK', 'OFFENSIVE_ADV', 'SAFE', 'FULL', 'NORMAL', 'FASTER', 'MEC_USED', 'CLEAN', 'CLEAN', 'NEUTRAL', 'NEUTRAL', 'CLEAR', 'CLEAR', 'BRAWL', 'BANCO_AMBOS')",1,1,5,20.000,ATTACK_STRONG,100.000,-0.000000,1.0000
"('TANK', 'SWEEPER', 'DEFENSIVE_DIS', 'FULL', 'SAFE', 'FIELD_THEIRS', 'SLOWER', 'MEC_USED', 'CLEAN', 'CLEAN', 'NEUTRAL', 'NEUTRAL', 'CLEAR', 'CLEAR', 'OPENING', 'BANCO_OFF')",1,1,4,25.000,ATTACK_PIVOT,100.000,-0.000000,1.0000
"('TANK', 'TANK', 'NEUTRAL', 'FULL', 'SAFE', 'NORMAL', 'FASTER', 'MEC_USED', 'CLEAN', 'AFFLICTED', 'NEUTRAL', 'DEBUFF', 'CLEAR', 'SET', 'CLUTCH', 'BANCO_VAZIO')",1,1,2,50.000,ATTACK_PIVOT,100.000,-0.000000,1.0000
"('UTILITY', 'TANK', 'OFFENSIVE_ADV', 'SAFE', 'SAFE', 'NORMAL', 'FASTER', 'MEC_USED', 'CLEAN', 'CLEAN', 'NEUTRAL', 'NEUTRAL', 'SET', 'CLEAR', 'OPENING', 'BANCO_OFF')",1,1,5,20.000,ATTACK_PIVOT,100.000,-0.000000,1.0000
"('TANK', 'TANK', 'NEUTRAL', 'SAFE', 'DANGER', 'NORMAL', 'SLOWER', 'MEC_USED', 'CLEAN', 'CLEAN', 'NEUTRAL', 'NEUTRAL', 'CLEAR', 'CLEAR', 'OPENING', 'BANCO_AMBOS')",1,1,5,20.000,ATTACK_PREDICTIVE,100.000,-0.000000,1.0000
"('TANK', 'TANK', 'NEUTRAL', 'FULL', 'SAFE', 'FIELD_THEIRS', 'SLOWER', 'MEC_USED', 'CLEAN', 'CLEAN', 'NEUTRAL', 'NEUTRAL', 'SET', 'SET', 'RECOVERING', 'BANCO_VAZIO')",1,1,6,16.667,ATTACK_PIVOT,100.000,-0.000000,1.0000
"('TANK', 'TANK', 'OFFENSIVE_ADV', 'FULL', 'SAFE', 'NORMAL', 'FASTER', 'MEC_AVAIL', 'CLEAN', 'CLEAN', 'NEUTRAL', 'NEUTRAL', 'SET', 'SET', 'OPENING', 'BANCO_OFF')",1,1,8,12.500,ATTACK_STRONG_MEC,100.000,-0.000000,1.0000
"('SWEEPER', 'TANK', 'DEFENSIVE_DIS', 'FULL', 'SAFE', 'NORMAL', 'FASTER', 'MEC_USED', 'CLEAN', 'CLEAN', 'NEUTRAL', 'NEUTRAL', 'CLEAR', 'CLEAR', 'OPENING', 'BANCO_AMBOS')",1,1,5,20.000,ATTACK_PIVOT,100.000,-0.000000,1.0000
"('TANK', 'TANK', 'CRITICAL_DIS', 'SAFE', 'SAFE', 'NORMAL', 'FASTER', 'MEC_USED', 'CLEAN', 'CLEAN', 'NEUTRAL', 'NEUTRAL', 'SET', 'SET', 'BRAWL', 'BANCO_OFF')",1,1,6,16.667,SWITCH_OFFENSIVE,100.000,-0.000000,1.0000
"('TANK', 'TANK', 'OFFENSIVE_ADV', 'DANGER', 'SAFE', 'NORMAL', 'FASTER', 'MEC_USED', 'CLEAN', 'CLEAN', 'NEUTRAL', 'NEUTRAL', 'CLEAR', 'CLEAR', 'OPENING', 'BANCO_VAZIO')",1,1,3,33.333,PROTECT,100.000,-0.000000,1.0000
"('TANK', 'TANK', 'NEUTRAL', 'SAFE', 'FULL', 'NORMAL', 'SLOWER', 'MEC_USED', 'CLEAN', 'CLEAN', 'NEUTRAL', 'NEUTRAL', 'CLEAR', 'SET', 'BRAWL', 'BANCO_VAZIO')",1,1,6,16.667,ATTACK_TECH,100.000,-0.000000,1.0000
"('TANK', 'TANK', 'NEUTRAL', 'FULL', 'FULL', 'FIELD_OURS_DEF', 'SLOWER', 'MEC_USED', 'CLEAN', 'CLEAN', 'NEUTRAL', 'NEUTRAL', 'CLEAR', 'CLEAR', 'OPENING', 'BANCO_AMBOS')",1,1,4,25.000,SWITCH_DEFENSIVE,100.000,-0.000000,1.0000
"('SWEEPER', 'TANK', 'DEFENSIVE_ADV', 'FULL', 'FULL', 'NORMAL', 'FASTER', 'MEC_USED', 'CLEAN', 'CLEAN', 'NEUTRAL', 'NEUTRAL', 'CLEAR', 'CLEAR', 'OPENING', 'BANCO_OFF')",1,1,6,16.667,ATTACK_STRONG,100.000,-0.000000,1.0000
"('TANK', 'UTILITY', 'DEFENSIVE_ADV', 'SAFE', 'FULL', 'FIELD_THEIRS', 'SLOWER', 'MEC_USED', 'CLEAN', 'CLEAN', 'NEUTRAL', 'NEUTRAL', 'CLEAR', 'CLEAR', 'OPENING', 'BANCO_VAZIO')",1,1,5,20.000,HAZARD,100.000,-0.000000,1.0000
"('TANK', 'TANK', 'NEUTRAL', 'SAFE', 'SAFE', 'NORMAL', 'FASTER', 'MEC_USED', 'AFFLICTED', 'CLEAN', 'NEUTRAL', 'NEUTRAL', 'SET', 'CLEAR', 'CLUTCH', 'BANCO_VAZIO')",1,1,1,100.000,STATUS,100.000,-0.000000,1.0000
"('TANK', 'TANK', 'OFFENSIVE_ADV', 'FULL', 'SAFE', 'NORMAL', 'FASTER', 'MEC_USED', 'AFFLICTED', 'CLEAN', 'NEUTRAL', 'NEUTRAL', 'SET', 'CLEAR', 'CLUTCH', 'BANCO_VAZIO')",1,1,1,100.000,ATTACK_STRONG,100.000,-0.000000,1.0000
"('TANK', 'TANK', 'CRITICAL_DIS', 'SAFE', 'SAFE', 'NORMAL', 'SLOWER', 'MEC_USED', 'CLEAN', 'CLEAN', 'NEUTRAL', 'DEBUFF', 'CLEAR', 'SET', 'RECOVERING', 'BANCO_VAZIO')",1,1,2,50.000,HEAL,100.000,-0.000000,1.0000
"('TANK', 'TANK', 'DEFENSIVE_DIS', 'CRIT', 'FULL', 'NORMAL', 'FASTER', 'MEC_USED', 'CLEAN', 'CLEAN', 'NEUTRAL', 'NEUTRAL', 'SET', 'CLEAR', 'RECOVERING', 'BANCO_VAZIO')",1,1,2,50.000,SWITCH_OFFENSIVE,100.000,-0.000000,1.0000
"('TANK', 'TANK', 'CRITICAL_DIS', 'SAFE', 'FULL', 'FIELD_OURS_OFF', 'FASTER', 'MEC_USED', 'CLEAN', 'CLEAN', 'NEUTRAL', 'NEUTRAL', 'CLEAR', 'CLEAR', 'OPENING', 'BANCO_AMBOS')",1,1,3,33.333,SWITCH_DEFENSIVE,100.000,-0.000000,1.0000
"('TANK', 'TANK', 'NEUTRAL', 'SAFE', 'CRIT', 'NORMAL', 'FASTER', 'MEC_USED', 'CLEAN', 'CLEAN', 'NEUTRAL', 'NEUTRAL', 'SET', 'CLEAR', 'BRAWL', 'BANCO_OFF')",1,1,5,20.000,HAZARD,100.000,-0.000000,1.0000
"('UTILITY', 'TANK', 'NEUTRAL', 'SAFE', 'SAFE', 'NORMAL', 'FASTER', 'MEC_USED', 'CLEAN', 'CLEAN', 'NEUTRAL', 'NEUTRAL', 'CLEAR', 'CLEAR', 'OPENING', 'BANCO_OFF')",1,1,6,16.667,BUFF,100.000,-0.000000,1.0000
"('TANK', 'TANK', 'NEUTRAL', 'CRIT', 'FULL', 'NORMAL', 'FASTER', 'MEC_USED', 'CLEAN', 'CLEAN', 'NEUTRAL', 'NEUTRAL', 'SET', 'CLEAR', 'OPENING', 'BANCO_OFF')",1,1,7,14.286,SWITCH_DEFENSIVE,100.000,-0.000000,1.0000
"('TANK', 'TANK', 'NEUTRAL', 'FULL', 'DANGER', 'NORMAL', 'SLOWER', 'MEC_USED', 'CLEAN', 'CLEAN', 'NEUTRAL', 'NEUTRAL', 'SET', 'SET', 'BRAWL', 'BANCO_VAZIO')",1,1,4,25.000,SWITCH_DEFENSIVE,100.000,-0.000000,1.0000
"('SWEEPER', 'TANK', 'OFFENSIVE_ADV', 'FULL', 'FULL', 'NORMAL', 'FASTER', 'MEC_USED', 'CLEAN', 'CLEAN', 'NEUTRAL', 'NEUTRAL', 'CLEAR', 'CLEAR', 'RECOVERING', 'BANCO_VAZIO')",1,1,2,50.000,ATTACK_PREDICTIVE,100.000,-0.000000,1.0000
"('TANK', 'TANK', 'NEUTRAL', 'SAFE', 'FULL', 'FIELD_THEIRS', 'FASTER', 'MEC_AVAIL', 'CLEAN', 'CLEAN', 'NEUTRAL', 'NEUTRAL', 'CLEAR', 'CLEAR', 'OPENING', 'BANCO_VAZIO')",1,1,8,12.500,HAZARD_MEC,100.000,-0.000000,1.0000
"('SWEEPER', 'TANK', 'DEFENSIVE_DIS', 'FULL', 'DANGER', 'FIELD_THEIRS', 'FASTER', 'MEC_USED', 'CLEAN', 'CLEAN', 'NEUTRAL', 'NEUTRAL', 'CLEAR', 'CLEAR', 'OPENING', 'BANCO_AMBOS')",1,1,3,33.333,ATTACK_STRONG,100.000,-0.000000,1.0000
"('TANK', 'TANK', 'DEFENSIVE_ADV', 'FULL', 'FULL', 'FIELD_SHARED', 'FASTER', 'MEC_USED', 'CLEAN', 'CLEAN', 'NEUTRAL', 'NEUTRAL', 'CLEAR', 'CLEAR', 'OPENING', 'BANCO_DEF')",1,1,4,25.000,SWITCH_OFFENSIVE,100.000,-0.000000,1.0000
"('TANK', 'TANK', 'VOLATILE', 'CRIT', 'SAFE', 'NORMAL', 'SLOWER', 'MEC_USED', 'CLEAN', 'CLEAN', 'NEUTRAL', 'NEUTRAL', 'SET', 'SET', 'RECOVERING', 'BANCO_VAZIO')",1,1,4,25.000,ATTACK_PREDICTIVE,100.000,-0.000000,1.0000
"('SWEEPER', 'TANK', 'OFFENSIVE_ADV', 'FULL', 'SAFE', 'NORMAL', 'FASTER', 'MEC_USED', 'CLEAN', 'CLEAN', 'NEUTRAL', 'NEUTRAL', 'CLEAR', 'CLEAR', 'BRAWL', 'BANCO_OFF')",1,1,4,25.000,ATTACK_STRONG,100.000,-0.000000,1.0000
"('UTILITY', 'TANK', 'DEFENSIVE_DIS', 'FULL', 'FULL', 'FIELD_THEIRS', 'FASTER', 'MEC_USED', 'CLEAN', 'CLEAN', 'NEUTRAL', 'NEUTRAL', 'CLEAR', 'CLEAR', 'OPENING', 'BANCO_OFF')",1,1,2,50.000,SWITCH_OFFENSIVE,100.000,-0.000000,1.0000
"('TANK', 'TANK', 'NEUTRAL', 'CRIT', 'FULL', 'NORMAL', 'SLOWER', 'MEC_USED', 'CLEAN', 'CLEAN', 'NEUTRAL', 'NEUTRAL', 'CLEAR', 'SET', 'OPENING', 'BANCO_OFF')",1,1,6,16.667,HAZARD,100.000,-0.000000,1.0000
"('TANK', 'TANK', 'VOLATILE', 'DANGER', 'FULL', 'NORMAL', 'SLOWER', 'MEC_USED', 'CLEAN', 'CLEAN', 'NEUTRAL', 'NEUTRAL', 'SET', 'SET', 'OPENING', 'BANCO_OFF')",1,1,4,25.000,SWITCH_DEFENSIVE,100.000,-0.000000,1.0000
"('TANK', 'TANK', 'OFFENSIVE_DIS', 'FULL', 'CRIT', 'NORMAL', 'SLOWER', 'MEC_USED', 'CLEAN', 'CLEAN', 'NEUTRAL', 'NEUTRAL', 'CLEAR', 'SET', 'RECOVERING', 'BANCO_VAZIO')",1,1,3,33.333,ATTACK_TECH,100.000,-0.000000,1.0000
"('TANK', 'TANK', 'NEUTRAL', 'SAFE', 'FULL', 'NORMAL', 'SLOWER', 'MEC_USED', 'CLEAN', 'AFFLICTED', 'NEUTRAL', 'NEUTRAL', 'SET', 'SET', 'CLUTCH', 'BANCO_VAZIO')",1,1,3,33.333,SWITCH_OFFENSIVE,100.000,-0.000000,1.0000
"('TANK', 'TANK', 'VOLATILE', 'FULL', 'SAFE', 'FIELD_THEIRS', 'FASTER', 'MEC_USED', 'CLEAN', 'CLEAN', 'NEUTRAL', 'NEUTRAL', 'CLEAR', 'CLEAR', 'OPENING', 'BANCO_AMBOS')",1,1,5,20.000,ATTACK_TECH,100.000,-0.000000,1.0000
"('TANK', 'TANK', 'NEUTRAL', 'FULL', 'SAFE', 'FIELD_THEIRS', 'FASTER', 'MEC_USED', 'CLEAN', 'CLEAN', 'NEUTRAL', 'NEUTRAL', 'CLEAR', 'CLEAR', 'OPENING', 'BANCO_AMBOS')",1,1,5,20.000,ATTACK_STRONG,100.000,-0.000000,1.0000
"('TANK', 'TANK', 'OFFENSIVE_DIS', 'SAFE', 'SAFE', 'NORMAL', 'FASTER', 'MEC_USED', 'AFFLICTED', 'CLEAN', 'NEUTRAL', 'NEUTRAL', 'CLEAR', 'CLEAR', 'CLUTCH', 'BANCO_VAZIO')",1,1,2,50.000,ATTACK_TECH,100.000,-0.000000,1.0000
"('TANK', 'TANK', 'DEFENSIVE_DIS', 'DANGER', 'SAFE', 'FIELD_THEIRS', 'FASTER', 'MEC_USED', 'CLEAN', 'CLEAN', 'NEUTRAL', 'NEUTRAL', 'CLEAR', 'CLEAR', 'OPENING', 'BANCO_OFF')",1,1,4,25.000,SWITCH_OFFENSIVE,100.000,-0.000000,1.0000
"('TANK', 'TANK', 'OFFENSIVE_ADV', 'FULL', 'SAFE', 'NORMAL', 'SLOWER', 'MEC_USED', 'CLEAN', 'CLEAN', 'NEUTRAL', 'NEUTRAL', 'CLEAR', 'CLEAR', 'CLUTCH', 'BANCO_VAZIO')",1,1,5,20.000,SWITCH_OFFENSIVE,100.000,-0.000000,1.0000
"('TANK', 'TANK', 'NEUTRAL', 'FULL', 'FULL', 'NORMAL', 'FASTER', 'MEC_USED', 'AFFLICTED', 'CLEAN', 'DEBUFF', 'NEUTRAL', 'CLEAR', 'CLEAR', 'CLUTCH', 'BANCO_VAZIO')",1,1,2,50.000,ATTACK_STRONG,100.000,-0.000000,1.0000
"('TANK', 'TANK', 'NEUTRAL', 'FULL', 'FULL', 'NORMAL', 'SLOWER', 'MEC_USED', 'CLEAN', 'AFFLICTED', 'NEUTRAL', 'NEUTRAL', 'SET', 'SET', 'OPENING', 'BANCO_OFF')",1,1,4,25.000,ATTACK_TECH,100.000,-0.000000,1.0000
"('TANK', 'TANK', 'NEUTRAL', 'SAFE', 'FULL', 'NORMAL', 'FASTER', 'MEC_AVAIL', 'CLEAN', 'CLEAN', 'BUFFED', 'NEUTRAL', 'CLEAR', 'CLEAR', 'OPENING', 'BANCO_OFF')",1,1,10,10.000,ATTACK_PREDICTIVE,100.000,-0.000000,1.0000
"('TANK', 'TANK', 'OFFENSIVE_DIS', 'FULL', 'DANGER', 'NORMAL', 'SLOWER', 'MEC_USED', 'AFFLICTED', 'AFFLICTED', 'NEUTRAL', 'NEUTRAL', 'CLEAR', 'CLEAR', 'CLUTCH', 'BANCO_VAZIO')",1,1,1,100.000,STATUS,100.000,-0.000000,1.0000
"('TANK', 'TANK', 'NEUTRAL', 'CRIT', 'FULL', 'NORMAL', 'SLOWER', 'MEC_USED', 'CLEAN', 'CLEAN', 'NEUTRAL', 'NEUTRAL', 'SET', 'CLEAR', 'RECOVERING', 'BANCO_VAZIO')",1,1,5,20.000,ATTACK_PIVOT,100.000,-0.000000,1.0000
"('TANK', 'TANK', 'OFFENSIVE_ADV', 'SAFE', 'FULL', 'FIELD_OURS_OFF', 'FASTER', 'MEC_USED', 'CLEAN', 'CLEAN', 'NEUTRAL', 'NEUTRAL', 'SET', 'CLEAR', 'OPENING', 'BANCO_OFF')",1,1,4,25.000,SWITCH_OFFENSIVE,100.000,-0.000000,1.0000
"('TANK', 'TANK', 'OFFENSIVE_ADV', 'SAFE', 'SAFE', 'NORMAL', 'SLOWER', 'MEC_USED', 'CLEAN', 'CLEAN', 'NEUTRAL', 'NEUTRAL', 'CLEAR', 'SET', 'RECOVERING', 'BANCO_VAZIO')",1,1,7,14.286,ATTACK_TECH,100.000,-0.000000,1.0000
"('TANK', 'TANK', 'DEFENSIVE_ADV', 'FULL', 'FULL', 'NORMAL', 'SLOWER', 'MEC_USED', 'CLEAN', 'CLEAN', 'NEUTRAL', 'NEUTRAL', 'CLEAR', 'CLEAR', 'BRAWL', 'BANCO_VAZIO')",1,1,6,16.667,PROTECT,100.000,-0.000000,1.0000
"('TANK', 'TANK', 'CRITICAL_DIS', 'SAFE', 'DANGER', 'NORMAL', 'FASTER', 'MEC_USED', 'CLEAN', 'CLEAN', 'NEUTRAL', 'NEUTRAL', 'CLEAR', 'SET', 'RECOVERING', 'BANCO_VAZIO')",1,1,1,100.000,ATTACK_STRONG,100.000,-0.000000,1.0000
"('TANK', 'TANK', 'OFFENSIVE_ADV', 'SAFE', 'SAFE', 'FIELD_OURS_OFF', 'FASTER', 'MEC_USED', 'CLEAN', 'CLEAN', 'NEUTRAL', 'NEUTRAL', 'SET', 'CLEAR', 'OPENING', 'BANCO_OFF')",1,1,5,20.000,BUFF,100.000,-0.000000,1.0000
"('TANK', 'TANK', 'NEUTRAL', 'SAFE', 'SAFE', 'FIELD_THEIRS', 'FASTER', 'MEC_USED', 'CLEAN', 'CLEAN', 'NEUTRAL', 'NEUTRAL', 'CLEAR', 'CLEAR', 'OPENING', 'BANCO_AMBOS')",1,1,4,25.000,ATTACK_TECH,100.000,-0.000000,1.0000
"('TANK', 'SWEEPER', 'OFFENSIVE_DIS', 'FULL', 'FULL', 'NORMAL', 'SLOWER', 'MEC_USED', 'CLEAN', 'CLEAN', 'NEUTRAL', 'BUFFED', 'CLEAR', 'CLEAR', 'OPENING', 'BANCO_OFF')",1,1,6,16.667,ATTACK_PIVOT,100.000,-0.000000,1.0000
"('TANK', 'TANK', 'DOMINANT', 'FULL', 'FULL', 'NORMAL', 'SLOWER', 'MEC_USED', 'CLEAN', 'CLEAN', 'NEUTRAL', 'NEUTRAL', 'CLEAR', 'SET', 'OPENING', 'BANCO_AMBOS')",1,1,5,20.000,STATUS,100.000,-0.000000,1.0000
"('TANK', 'TANK', 'OFFENSIVE_ADV', 'SAFE', 'SAFE', 'NORMAL', 'SLOWER', 'MEC_USED', 'CLEAN', 'CLEAN', 'NEUTRAL', 'NEUTRAL', 'CLEAR', 'CLEAR', 'CLUTCH', 'BANCO_VAZIO')",1,1,5,20.000,ATTACK_STRONG,100.000,-0.000000,1.0000
"('TANK', 'SWEEPER', 'DEFENSIVE_DIS', 'DANGER', 'FULL', 'FIELD_SHARED', 'SLOWER', 'MEC_USED', 'CLEAN', 'CLEAN', 'NEUTRAL', 'NEUTRAL', 'CLEAR', 'CLEAR', 'OPENING', 'BANCO_OFF')",1,1,5,20.000,ATTACK_STRONG,100.000,-0.000000,1.0000
"('TANK', 'TANK', 'OFFENSIVE_DIS', 'SAFE', 'FULL', 'NORMAL', 'FASTER', 'MEC_USED', 'CLEAN', 'CLEAN', 'NEUTRAL', 'NEUTRAL', 'SET', 'CLEAR', 'BRAWL', 'BANCO_VAZIO')",1,1,6,16.667,ATTACK_TECH,100.000,-0.000000,1.0000
"('TANK', 'UTILITY', 'DOMINANT', 'FULL', 'FULL', 'FIELD_THEIRS', 'SLOWER', 'MEC_USED', 'CLEAN', 'CLEAN', 'NEUTRAL', 'NEUTRAL', 'CLEAR', 'CLEAR', 'OPENING', 'BANCO_AMBOS')",1,1,5,20.000,SWITCH_OFFENSIVE,100.000,-0.000000,1.0000
"('TANK', 'TANK', 'OFFENSIVE_DIS', 'FULL', 'SAFE', 'NORMAL', 'SLOWER', 'MEC_USED', 'CLEAN', 'AFFLICTED', 'NEUTRAL', 'NEUTRAL', 'SET', 'SET', 'RECOVERING', 'BANCO_VAZIO')",1,1,3,33.333,SWITCH_DEFENSIVE,100.000,-0.000000,1.0000
"('TANK', 'TANK', 'NEUTRAL', 'SAFE', 'SAFE', 'NORMAL', 'FASTER', 'MEC_USED', 'AFFLICTED', 'CLEAN', 'NEUTRAL', 'NEUTRAL', 'SET', 'SET', 'CLUTCH', 'BANCO_VAZIO')",1,1,1,100.000,ATTACK_STRONG,100.000,-0.000000,1.0000
"('TANK', 'TANK', 'DEFENSIVE_DIS', 'DANGER', 'SAFE', 'NORMAL', 'FASTER', 'MEC_USED', 'CLEAN', 'CLEAN', 'NEUTRAL', 'NEUTRAL', 'SET', 'SET', 'OPENING', 'BANCO_OFF')",1,1,4,25.000,ATTACK_PREDICTIVE,100.000,-0.000000,1.0000
"('SWEEPER', 'SWEEPER', 'NEUTRAL', 'FULL', 'FULL', 'FIELD_SHARED', 'SLOWER', 'MEC_USED', 'CLEAN', 'CLEAN', 'NEUTRAL', 'NEUTRAL', 'CLEAR', 'CLEAR', 'OPENING', 'BANCO_VAZIO')",1,1,4,25.000,ATTACK_PREDICTIVE,100.000,-0.000000,1.0000
"('TANK', 'TANK', 'NEUTRAL', 'DANGER', 'FULL', 'NORMAL', 'SLOWER', 'MEC_USED', 'CLEAN', 'CLEAN', 'NEUTRAL', 'NEUTRAL', 'CLEAR', 'SET', 'OPENING', 'BANCO_AMBOS')",1,1,6,16.667,BUFF,100.000,-0.000000,1.0000
"('TANK', 'TANK', 'OFFENSIVE_ADV', 'DANGER', 'SAFE', 'NORMAL', 'SLOWER', 'MEC_USED', 'CLEAN', 'CLEAN', 'NEUTRAL', 'NEUTRAL', 'SET', 'SET', 'BRAWL', 'BANCO_OFF')",1,1,5,20.000,HEAL,100.000,-0.000000,1.0000
"('TANK', 'SWEEPER', 'OFFENSIVE_ADV', 'FULL', 'FULL', 'FIELD_SHARED', 'SLOWER', 'MEC_USED', 'CLEAN', 'CLEAN', 'NEUTRAL', 'NEUTRAL', 'CLEAR', 'CLEAR', 'OPENING', 'BANCO_DEF')",1,1,5,20.000,SWITCH_DEFENSIVE,100.000,-0.000000,1.0000
"('TANK', 'TANK', 'NEUTRAL', 'FULL', 'FULL', 'FIELD_SHARED', 'SLOWER', 'MEC_USED', 'CLEAN', 'CLEAN', 'NEUTRAL', 'NEUTRAL', 'SET', 'SET', 'RECOVERING', 'BANCO_VAZIO')",1,1,5,20.000,PHAZE,100.000,-0.000000,1.0000
"('UTILITY', 'TANK', 'OFFENSIVE_ADV', 'FULL', 'FULL', 'FIELD_OURS_OFF', 'FASTER', 'MEC_USED', 'CLEAN', 'CLEAN', 'NEUTRAL', 'NEUTRAL', 'CLEAR', 'CLEAR', 'BRAWL', 'BANCO_OFF')",1,1,4,25.000,ATTACK_STRONG,100.000,-0.000000,1.0000
"('TANK', 'TANK', 'NEUTRAL', 'SAFE', 'DANGER', 'NORMAL', 'SLOWER', 'MEC_USED', 'CLEAN', 'CLEAN', 'NEUTRAL', 'NEUTRAL', 'CLEAR', 'SET', 'OPENING', 'BANCO_AMBOS')",1,1,5,20.000,ATTACK_STRONG,100.000,-0.000000,1.0000
"('TANK', 'SWEEPER', 'NEUTRAL', 'SAFE', 'DANGER', 'NORMAL', 'SLOWER', 'MEC_USED', 'CLEAN', 'CLEAN', 'NEUTRAL', 'NEUTRAL', 'CLEAR', 'CLEAR', 'OPENING', 'BANCO_VAZIO')",1,1,5,20.000,SWITCH_OFFENSIVE,100.000,-0.000000,1.0000
"('TANK', 'TANK', 'DOMINANT', 'FULL', 'SAFE', 'FIELD_OURS_OFF', 'FASTER', 'MEC_USED', 'CLEAN', 'CLEAN', 'NEUTRAL', 'NEUTRAL', 'CLEAR', 'CLEAR', 'OPENING', 'BANCO_OFF')",1,1,6,16.667,ATTACK_PIVOT,100.000,-0.000000,1.0000
"('TANK', 'SWEEPER', 'OFFENSIVE_DIS', 'SAFE', 'DANGER', 'NORMAL', 'SLOWER', 'MEC_USED', 'CLEAN', 'CLEAN', 'NEUTRAL', 'NEUTRAL', 'CLEAR', 'SET', 'RECOVERING', 'BANCO_VAZIO')",1,1,4,25.000,ATTACK_TECH,100.000,-0.000000,1.0000
"('TANK', 'TANK', 'CRITICAL_DIS', 'CRIT', 'FULL', 'NORMAL', 'SLOWER', 'MEC_USED', 'CLEAN', 'CLEAN', 'NEUTRAL', 'NEUTRAL', 'CLEAR', 'CLEAR', 'OPENING', 'BANCO_AMBOS')",1,1,4,25.000,ATTACK_TECH,100.000,-0.000000,1.0000
"('TANK', 'TANK', 'OFFENSIVE_DIS', 'FULL', 'SAFE', 'NORMAL', 'SLOWER', 'MEC_USED', 'CLEAN', 'AFFLICTED', 'NEUTRAL', 'NEUTRAL', 'CLEAR', 'SET', 'RECOVERING', 'BANCO_VAZIO')",1,1,1,100.000,PROTECT,100.000,-0.000000,1.0000
"('TANK', 'TANK', 'DEFENSIVE_DIS', 'SAFE', 'SAFE', 'FIELD_THEIRS', 'SLOWER', 'MEC_USED', 'CLEAN', 'CLEAN', 'NEUTRAL', 'NEUTRAL', 'CLEAR', 'CLEAR', 'OPENING', 'BANCO_AMBOS')",1,1,7,14.286,SWITCH_DEFENSIVE,100.000,-0.000000,1.0000
"('TANK', 'TANK', 'NEUTRAL', 'CRIT', 'FULL', 'NORMAL', 'SLOWER', 'MEC_USED', 'CLEAN', 'CLEAN', 'NEUTRAL', 'NEUTRAL', 'CLEAR', 'CLEAR', 'BRAWL', 'BANCO_OFF')",1,1,5,20.000,SWITCH_DEFENSIVE,100.000,-0.000000,1.0000
"('TANK', 'UTILITY', 'VOLATILE', 'FULL', 'FULL', 'NORMAL', 'FASTER', 'MEC_USED', 'CLEAN', 'CLEAN', 'NEUTRAL', 'NEUTRAL', 'CLEAR', 'CLEAR', 'OPENING', 'BANCO_AMBOS')",1,1,5,20.000,ATTACK_STRONG,100.000,-0.000000,1.0000
"('TANK', 'TANK', 'DEFENSIVE_DIS', 'DANGER', 'FULL', 'FIELD_OURS_DEF', 'FASTER', 'MEC_USED', 'CLEAN', 'CLEAN', 'NEUTRAL', 'NEUTRAL', 'CLEAR', 'CLEAR', 'OPENING', 'BANCO_AMBOS')",1,1,4,25.000,SWITCH_OFFENSIVE,100.000,-0.000000,1.0000
"('TANK', 'TANK', 'VOLATILE', 'SAFE', 'SAFE', 'NORMAL', 'FASTER', 'MEC_USED', 'CLEAN', 'CLEAN', 'NEUTRAL', 'NEUTRAL', 'CLEAR', 'SET', 'RECOVERING', 'BANCO_VAZIO')",1,1,4,25.000,DISRUPTION,100.000,-0.000000,1.0000
"('TANK', 'TANK', 'NEUTRAL', 'FULL', 'CRIT', 'NORMAL', 'FASTER', 'MEC_USED', 'CLEAN', 'CLEAN', 'NEUTRAL', 'NEUTRAL', 'SET', 'SET', 'CLUTCH', 'BANCO_VAZIO')",1,1,4,25.000,ATTACK_STRONG,100.000,-0.000000,1.0000
"('TANK', 'TANK', 'DEFENSIVE_DIS', 'SAFE', 'DANGER', 'NORMAL', 'FASTER', 'MEC_USED', 'CLEAN', 'CLEAN', 'NEUTRAL', 'NEUTRAL', 'CLEAR', 'SET', 'RECOVERING', 'BANCO_VAZIO')",1,1,4,25.000,ATTACK_TECH,100.000,-0.000000,1.0000
"('TANK', 'TANK', 'OFFENSIVE_DIS', 'DANGER', 'FULL', 'NORMAL', 'FASTER', 'MEC_USED', 'CLEAN', 'CLEAN', 'NEUTRAL', 'NEUTRAL', 'SET', 'SET', 'OPENING', 'BANCO_OFF')",1,1,5,20.000,HAZARD,100.000,-0.000000,1.0000
"('TANK', 'SWEEPER', 'CRITICAL_DIS', 'DANGER', 'FULL', 'NORMAL', 'SLOWER', 'MEC_USED', 'CLEAN', 'CLEAN', 'NEUTRAL', 'NEUTRAL', 'CLEAR', 'SET', 'RECOVERING', 'BANCO_VAZIO')",1,1,2,50.000,HAZARD,100.000,-0.000000,1.0000
"('TANK', 'TANK', 'OFFENSIVE_ADV', 'SAFE', 'FULL', 'NORMAL', 'FASTER', 'MEC_USED', 'CLEAN', 'CLEAN', 'NEUTRAL', 'NEUTRAL', 'SET', 'SET', 'CLUTCH', 'BANCO_VAZIO')",1,1,3,33.333,ATTACK_STRONG,100.000,-0.000000,1.0000
"('TANK', 'SWEEPER', 'OFFENSIVE_DIS', 'SAFE', 'CRIT', 'NORMAL', 'SLOWER', 'MEC_USED', 'CLEAN', 'AFFLICTED', 'NEUTRAL', 'NEUTRAL', 'CLEAR', 'CLEAR', 'OPENING', 'BANCO_OFF')",1,1,4,25.000,ATTACK_TECH,100.000,-0.000000,1.0000
"('SWEEPER', 'SWEEPER', 'CRITICAL_DIS', 'FULL', 'FULL', 'FIELD_THEIRS', 'FASTER', 'MEC_USED', 'CLEAN', 'CLEAN', 'NEUTRAL', 'NEUTRAL', 'CLEAR', 'CLEAR', 'OPENING', 'BANCO_OFF')",1,1,5,20.000,ATTACK_PREDICTIVE,100.000,-0.000000,1.0000
"('UTILITY', 'TANK', 'DEFENSIVE_ADV', 'FULL', 'FULL', 'FIELD_SHARED', 'FASTER', 'MEC_USED', 'CLEAN', 'CLEAN', 'NEUTRAL', 'NEUTRAL', 'CLEAR', 'CLEAR', 'OPENING', 'BANCO_AMBOS')",1,1,6,16.667,BUFF,100.000,-0.000000,1.0000
"('TANK', 'UTILITY', 'DEFENSIVE_DIS', 'FULL', 'FULL', 'NORMAL', 'SLOWER', 'MEC_AVAIL', 'CLEAN', 'CLEAN', 'NEUTRAL', 'NEUTRAL', 'CLEAR', 'CLEAR', 'OPENING', 'BANCO_OFF')",1,1,8,12.500,ATTACK_TECH_MEC,100.000,-0.000000,1.0000
"('SWEEPER', 'TANK', 'VOLATILE', 'FULL', 'FULL', 'FIELD_THEIRS', 'FASTER', 'MEC_AVAIL', 'CLEAN', 'CLEAN', 'NEUTRAL', 'NEUTRAL', 'CLEAR', 'CLEAR', 'OPENING', 'BANCO_AMBOS')",1,1,8,12.500,ATTACK_PREDICTIVE_MEC,100.000,-0.000000,1.0000
"('TANK', 'TANK', 'NEUTRAL', 'FULL', 'SAFE', 'NORMAL', 'SLOWER', 'MEC_USED', 'CLEAN', 'AFFLICTED', 'NEUTRAL', 'DEBUFF', 'SET', 'CLEAR', 'RECOVERING', 'BANCO_VAZIO')",1,1,3,33.333,HEAL,100.000,-0.000000,1.0000
"('TANK', 'TANK', 'VOLATILE', 'SAFE', 'SAFE', 'NORMAL', 'FASTER', 'MEC_USED', 'CLEAN', 'CLEAN', 'NEUTRAL', 'NEUTRAL', 'CLEAR', 'CLEAR', 'BRAWL', 'BANCO_OFF')",1,1,5,20.000,ATTACK_STRONG,100.000,-0.000000,1.0000
"('TANK', 'TANK', 'NEUTRAL', 'DANGER', 'FULL', 'NORMAL', 'FASTER', 'MEC_USED', 'CLEAN', 'CLEAN', 'NEUTRAL', 'NEUTRAL', 'SET', 'CLEAR', 'BRAWL', 'BANCO_OFF')",1,1,5,20.000,ATTACK_TECH,100.000,-0.000000,1.0000
"('TANK', 'TANK', 'DEFENSIVE_DIS', 'SAFE', 'SAFE', 'NORMAL', 'FASTER', 'MEC_USED', 'AFFLICTED', 'AFFLICTED', 'NEUTRAL', 'NEUTRAL', 'CLEAR', 'CLEAR', 'RECOVERING', 'BANCO_VAZIO')",1,1,4,25.000,ATTACK_TECH,100.000,-0.000000,1.0000
"('TANK', 'TANK', 'OFFENSIVE_ADV', 'DANGER', 'FULL', 'FIELD_THEIRS', 'FASTER', 'MEC_USED', 'CLEAN', 'CLEAN', 'NEUTRAL', 'NEUTRAL', 'CLEAR', 'CLEAR', 'OPENING', 'BANCO_AMBOS')",1,1,3,33.333,SWITCH_DEFENSIVE,100.000,-0.000000,1.0000
"('TANK', 'TANK', 'NEUTRAL', 'CRIT', 'DANGER', 'NORMAL', 'FASTER', 'MEC_USED', 'CLEAN', 'CLEAN', 'NEUTRAL', 'NEUTRAL', 'SET', 'SET', 'OPENING', 'BANCO_OFF')",1,1,5,20.000,ATTACK_TECH,100.000,-0.000000,1.0000
"('TANK', 'TANK', 'NEUTRAL', 'SAFE', 'FULL', 'NORMAL', 'SLOWER', 'MEC_USED', 'CLEAN', 'AFFLICTED', 'NEUTRAL', 'NEUTRAL', 'CLEAR', 'CLEAR', 'OPENING', 'BANCO_VAZIO')",1,1,4,25.000,ATTACK_TECH,100.000,-0.000000,1.0000
"('SWEEPER', 'TANK', 'OFFENSIVE_ADV', 'FULL', 'FULL', 'NORMAL', 'FASTER', 'MEC_USED', 'CLEAN', 'CLEAN', 'DEBUFF', 'DEBUFF', 'CLEAR', 'CLEAR', 'BRAWL', 'BANCO_AMBOS')",1,1,5,20.000,ATTACK_STRONG,100.000,-0.000000,1.0000
"('TANK', 'TANK', 'DOMINANT', 'FULL', 'SAFE', 'FIELD_SHARED', 'FASTER', 'MEC_USED', 'CLEAN', 'CLEAN', 'NEUTRAL', 'NEUTRAL', 'SET', 'CLEAR', 'OPENING', 'BANCO_OFF')",1,1,4,25.000,CLEAN_HAZARD,100.000,-0.000000,1.0000
"('TANK', 'TANK', 'OFFENSIVE_DIS', 'DANGER', 'SAFE', 'NORMAL', 'SLOWER', 'MEC_USED', 'CLEAN', 'CLEAN', 'NEUTRAL', 'NEUTRAL', 'SET', 'SET', 'CLUTCH', 'BANCO_VAZIO')",1,1,7,14.286,ATTACK_TECH,100.000,-0.000000,1.0000
"('TANK', 'TANK', 'OFFENSIVE_ADV', 'SAFE', 'SAFE', 'NORMAL', 'FASTER', 'MEC_USED', 'CLEAN', 'CLEAN', 'BUFFED', 'NEUTRAL', 'SET', 'CLEAR', 'OPENING', 'BANCO_OFF')",1,1,6,16.667,HEAL,100.000,-0.000000,1.0000
"('TANK', 'TANK', 'CRITICAL_DIS', 'SAFE', 'FULL', 'NORMAL', 'FASTER', 'MEC_USED', 'CLEAN', 'CLEAN', 'NEUTRAL', 'NEUTRAL', 'SET', 'CLEAR', 'RECOVERING', 'BANCO_VAZIO')",1,1,6,16.667,ATTACK_PREDICTIVE,100.000,-0.000000,1.0000
"('TANK', 'TANK', 'VOLATILE', 'DANGER', 'FULL', 'FIELD_THEIRS', 'SLOWER', 'MEC_USED', 'CLEAN', 'CLEAN', 'NEUTRAL', 'NEUTRAL', 'CLEAR', 'CLEAR', 'OPENING', 'BANCO_OFF')",1,1,5,20.000,FIELD_CONTROL,100.000,-0.000000,1.0000
"('TANK', 'TANK', 'DOMINANT', 'SAFE', 'FULL', 'NORMAL', 'SLOWER', 'MEC_USED', 'CLEAN', 'CLEAN', 'NEUTRAL', 'NEUTRAL', 'SET', 'CLEAR', 'OPENING', 'BANCO_OFF')",1,1,5,20.000,HAZARD,100.000,-0.000000,1.0000
"('TANK', 'TANK', 'DOMINANT', 'FULL', 'FULL', 'FIELD_OURS_OFF', 'FASTER', 'MEC_USED', 'CLEAN', 'CLEAN', 'NEUTRAL', 'NEUTRAL', 'CLEAR', 'CLEAR', 'OPENING', 'BANCO_OFF')",1,1,5,20.000,SWITCH_DEFENSIVE,100.000,-0.000000,1.0000
"('TANK', 'TANK', 'NEUTRAL', 'SAFE', 'CRIT', 'NORMAL', 'FASTER', 'MEC_USED', 'CLEAN', 'CLEAN', 'NEUTRAL', 'NEUTRAL', 'SET', 'CLEAR', 'OPENING', 'BANCO_VAZIO')",1,1,6,16.667,STATUS,100.000,-0.000000,1.0000
"('TANK', 'SWEEPER', 'DOMINANT', 'FULL', 'FULL', 'FIELD_SHARED', 'SLOWER', 'MEC_USED', 'CLEAN', 'CLEAN', 'NEUTRAL', 'NEUTRAL', 'CLEAR', 'CLEAR', 'OPENING', 'BANCO_AMBOS')",1,1,5,20.000,FIELD_CONTROL,100.000,-0.000000,1.0000
"('TANK', 'SWEEPER', 'OFFENSIVE_ADV', 'CRIT', 'FULL', 'NORMAL', 'SLOWER', 'MEC_USED', 'CLEAN', 'CLEAN', 'NEUTRAL', 'NEUTRAL', 'CLEAR', 'CLEAR', 'OPENING', 'BANCO_OFF')",1,1,4,25.000,SWITCH_OFFENSIVE,100.000,-0.000000,1.0000
"('TANK', 'TANK', 'DEFENSIVE_DIS', 'CRIT', 'SAFE', 'FIELD_THEIRS', 'FASTER', 'MEC_USED', 'CLEAN', 'CLEAN', 'NEUTRAL', 'NEUTRAL', 'CLEAR', 'CLEAR', 'OPENING', 'BANCO_OFF')",1,1,5,20.000,HEAL,100.000,-0.000000,1.0000
"('TANK', 'TANK', 'OFFENSIVE_DIS', 'FULL', 'FULL', 'NORMAL', 'SLOWER', 'MEC_USED', 'AFFLICTED', 'CLEAN', 'DEBUFF', 'NEUTRAL', 'SET', 'SET', 'RECOVERING', 'BANCO_VAZIO')",1,1,2,50.000,SWITCH_OFFENSIVE,100.000,-0.000000,1.0000
"('TANK', 'TANK', 'OFFENSIVE_DIS', 'SAFE', 'SAFE', 'NORMAL', 'SLOWER', 'MEC_USED', 'AFFLICTED', 'CLEAN', 'DEBUFF', 'NEUTRAL', 'CLEAR', 'SET', 'RECOVERING', 'BANCO_VAZIO')",1,1,5,20.000,STATUS,100.000,-0.000000,1.0000
"('TANK', 'TANK', 'NEUTRAL', 'SAFE', 'SAFE', 'NORMAL', 'FASTER', 'MEC_USED', 'CLEAN', 'CLEAN', 'NEUTRAL', 'DEBUFF', 'CLEAR', 'CLEAR', 'OPENING', 'BANCO_OFF')",1,1,6,16.667,ATTACK_TECH,100.000,-0.000000,1.0000
"('TANK', 'TANK', 'NEUTRAL', 'SAFE', 'FULL', 'NORMAL', 'FASTER', 'MEC_USED', 'CLEAN', 'AFFLICTED', 'NEUTRAL', 'DEBUFF', 'SET', 'CLEAR', 'RECOVERING', 'BANCO_VAZIO')",1,1,3,33.333,STAT_CLEAN,100.000,-0.000000,1.0000
"('TANK', 'TANK', 'NEUTRAL', 'FULL', 'FULL', 'FIELD_THEIRS', 'FASTER', 'MEC_AVAIL', 'CLEAN', 'CLEAN', 'NEUTRAL', 'NEUTRAL', 'CLEAR', 'CLEAR', 'OPENING', 'BANCO_VAZIO')",1,1,8,12.500,HAZARD,100.000,-0.000000,1.0000
"('TANK', 'TANK', 'NEUTRAL', 'SAFE', 'SAFE', 'NORMAL', 'FASTER', 'MEC_AVAIL', 'CLEAN', 'CLEAN', 'NEUTRAL', 'NEUTRAL', 'SET', 'SET', 'OPENING', 'BANCO_OFF')",1,1,6,16.667,ATTACK_PREDICTIVE_MEC,100.000,-0.000000,1.0000
"('TANK', 'TANK', 'NEUTRAL', 'FULL', 'CRIT', 'NORMAL', 'SLOWER', 'MEC_USED', 'CLEAN', 'CLEAN', 'NEUTRAL', 'NEUTRAL', 'CLEAR', 'CLEAR', 'BRAWL', 'BANCO_VAZIO')",1,1,4,25.000,SWITCH_DEFENSIVE,100.000,-0.000000,1.0000
"('UTILITY', 'SWEEPER', 'OFFENSIVE_DIS', 'SAFE', 'FULL', 'FIELD_SHARED', 'FASTER', 'MEC_USED', 'CLEAN', 'CLEAN', 'NEUTRAL', 'NEUTRAL', 'CLEAR', 'CLEAR', 'OPENING', 'BANCO_OFF')",1,1,6,16.667,SWITCH_OFFENSIVE,100.000,-0.000000,1.0000
"('TANK', 'TANK', 'DEFENSIVE_ADV', 'FULL', 'SAFE', 'NORMAL', 'SLOWER', 'MEC_USED', 'CLEAN', 'CLEAN', 'NEUTRAL', 'NEUTRAL', 'SET', 'CLEAR', 'OPENING', 'BANCO_AMBOS')",1,1,6,16.667,SWITCH_OFFENSIVE,100.000,-0.000000,1.0000
"('UTILITY', 'TANK', 'OFFENSIVE_ADV', 'FULL', 'SAFE', 'NORMAL', 'FASTER', 'MEC_USED', 'CLEAN', 'CLEAN', 'NEUTRAL', 'NEUTRAL', 'CLEAR', 'CLEAR', 'OPENING', 'BANCO_OFF')",1,1,5,20.000,SWITCH_OFFENSIVE,100.000,-0.000000,1.0000
"('SWEEPER', 'TANK', 'NEUTRAL', 'FULL', 'DANGER', 'NORMAL', 'FASTER', 'MEC_USED', 'CLEAN', 'CLEAN', 'NEUTRAL', 'NEUTRAL', 'CLEAR', 'CLEAR', 'OPENING', 'BANCO_OFF')",1,1,5,20.000,ATTACK_STRONG,100.000,-0.000000,1.0000
"('TANK', 'TANK', 'DOMINANT', 'SAFE', 'SAFE', 'FIELD_THEIRS', 'FASTER', 'MEC_AVAIL', 'CLEAN', 'CLEAN', 'NEUTRAL', 'NEUTRAL', 'CLEAR', 'CLEAR', 'OPENING', 'BANCO_OFF')",1,1,8,12.500,HEAL_MEC,100.000,-0.000000,1.0000
"('TANK', 'TANK', 'NEUTRAL', 'FULL', 'DANGER', 'FIELD_SHARED', 'SLOWER', 'MEC_USED', 'CLEAN', 'CLEAN', 'NEUTRAL', 'NEUTRAL', 'CLEAR', 'CLEAR', 'OPENING', 'BANCO_OFF')",1,1,4,25.000,ATTACK_PIVOT,100.000,-0.000000,1.0000
"('TANK', 'TANK', 'DOMINANT', 'FULL', 'FULL', 'FIELD_OURS_DEF', 'SLOWER', 'MEC_USED', 'CLEAN', 'CLEAN', 'NEUTRAL', 'NEUTRAL', 'CLEAR', 'CLEAR', 'OPENING', 'BANCO_OFF')",1,1,4,25.000,ATTACK_PREDICTIVE,100.000,-0.000000,1.0000
"('TANK', 'TANK', 'OFFENSIVE_ADV', 'SAFE', 'FULL', 'FIELD_THEIRS', 'FASTER', 'MEC_USED', 'CLEAN', 'CLEAN', 'NEUTRAL', 'DEBUFF', 'CLEAR', 'CLEAR', 'OPENING', 'BANCO_OFF')",1,1,5,20.000,ATTACK_PREDICTIVE,100.000,-0.000000,1.0000
"('TANK', 'SWEEPER', 'CRITICAL_DIS', 'FULL', 'SAFE', 'NORMAL', 'SLOWER', 'MEC_USED', 'CLEAN', 'CLEAN', 'NEUTRAL', 'NEUTRAL', 'CLEAR', 'CLEAR', 'RECOVERING', 'BANCO_VAZIO')",1,1,2,50.000,HAZARD,100.000,-0.000000,1.0000
"('SWEEPER', 'TANK', 'OFFENSIVE_ADV', 'FULL', 'FULL', 'NORMAL', 'FASTER', 'MEC_USED', 'CLEAN', 'CLEAN', 'NEUTRAL', 'DEBUFF', 'CLEAR', 'SET', 'OPENING', 'BANCO_OFF')",1,1,5,20.000,ATTACK_STRONG,100.000,-0.000000,1.0000
"('TANK', 'TANK', 'DEFENSIVE_DIS', 'DANGER', 'FULL', 'NORMAL', 'FASTER', 'MEC_USED', 'CLEAN', 'CLEAN', 'NEUTRAL', 'NEUTRAL', 'SET', 'CLEAR', 'BRAWL', 'BANCO_OFF')",1,1,4,25.000,ATTACK_STRONG,100.000,-0.000000,1.0000
"('TANK', 'TANK', 'STALEMATE', 'SAFE', 'SAFE', 'NORMAL', 'SLOWER', 'MEC_USED', 'CLEAN', 'AFFLICTED', 'NEUTRAL', 'DEBUFF', 'SET', 'CLEAR', 'RECOVERING', 'BANCO_VAZIO')",1,1,2,50.000,STAT_CLEAN,100.000,-0.000000,1.0000
"('SWEEPER', 'TANK', 'VOLATILE', 'CRIT', 'FULL', 'NORMAL', 'FASTER', 'MEC_USED', 'CLEAN', 'CLEAN', 'NEUTRAL', 'NEUTRAL', 'CLEAR', 'CLEAR', 'OPENING', 'BANCO_OFF')",1,1,4,25.000,ATTACK_STRONG,100.000,-0.000000,1.0000
"('TANK', 'TANK', 'OFFENSIVE_ADV', 'SAFE', 'FULL', 'FIELD_OURS_OFF', 'FASTER', 'MEC_AVAIL', 'CLEAN', 'CLEAN', 'NEUTRAL', 'NEUTRAL', 'CLEAR', 'CLEAR', 'OPENING', 'BANCO_OFF')",1,1,8,12.500,STATUS,100.000,-0.000000,1.0000
"('TANK', 'TANK', 'VOLATILE', 'SAFE', 'DANGER', 'NORMAL', 'FASTER', 'MEC_USED', 'CLEAN', 'CLEAN', 'NEUTRAL', 'NEUTRAL', 'SET', 'CLEAR', 'OPENING', 'BANCO_OFF')",1,1,4,25.000,SWITCH_OFFENSIVE,100.000,-0.000000,1.0000
"('TANK', 'TANK', 'OFFENSIVE_DIS', 'SAFE', 'FULL', 'NORMAL', 'SLOWER', 'MEC_USED', 'CLEAN', 'CLEAN', 'NEUTRAL', 'NEUTRAL', 'SET', 'CLEAR', 'RECOVERING', 'BANCO_VAZIO')",1,1,4,25.000,ATTACK_TECH,100.000,-0.000000,1.0000
"('TANK', 'SWEEPER', 'DEFENSIVE_DIS', 'FULL', 'FULL', 'NORMAL', 'SLOWER', 'MEC_USED', 'CLEAN', 'CLEAN', 'NEUTRAL', 'NEUTRAL', 'CLEAR', 'CLEAR', 'OPENING', 'BANCO_DEF')",1,1,5,20.000,ATTACK_PIVOT,100.000,-0.000000,1.0000
"('TANK', 'TANK', 'DEFENSIVE_ADV', 'FULL', 'FULL', 'FIELD_OURS_OFF', 'FASTER', 'MEC_USED', 'CLEAN', 'CLEAN', 'NEUTRAL', 'NEUTRAL', 'CLEAR', 'CLEAR', 'OPENING', 'BANCO_VAZIO')",1,1,6,16.667,SWITCH_OFFENSIVE,100.000,-0.000000,1.0000
"('TANK', 'UTILITY', 'OFFENSIVE_ADV', 'FULL', 'FULL', 'FIELD_THEIRS', 'SLOWER', 'MEC_USED', 'AFFLICTED', 'CLEAN', 'NEUTRAL', 'NEUTRAL', 'SET', 'CLEAR', 'OPENING', 'BANCO_OFF')",1,1,5,20.000,HEAL,100.000,-0.000000,1.0000
"('TANK', 'TANK', 'NEUTRAL', 'DANGER', 'DANGER', 'NORMAL', 'FASTER', 'MEC_USED', 'AFFLICTED', 'CLEAN', 'NEUTRAL', 'NEUTRAL', 'SET', 'SET', 'RECOVERING', 'BANCO_VAZIO')",1,1,4,25.000,ATTACK_PIVOT,100.000,-0.000000,1.0000
"('TANK', 'TANK', 'DOMINANT', 'SAFE', 'FULL', 'NORMAL', 'SLOWER', 'MEC_AVAIL', 'CLEAN', 'CLEAN', 'NEUTRAL', 'DEBUFF', 'CLEAR', 'CLEAR', 'OPENING', 'BANCO_OFF')",1,1,10,10.000,ATTACK_PREDICTIVE,100.000,-0.000000,1.0000
"('TANK', 'TANK', 'OFFENSIVE_ADV', 'SAFE', 'FULL', 'NORMAL', 'SLOWER', 'MEC_USED', 'CLEAN', 'CLEAN', 'NEUTRAL', 'NEUTRAL', 'CLEAR', 'SET', 'RECOVERING', 'BANCO_VAZIO')",1,1,4,25.000,ATTACK_STRONG,100.000,-0.000000,1.0000
"('TANK', 'TANK', 'OFFENSIVE_DIS', 'DANGER', 'CRIT', 'NORMAL', 'FASTER', 'MEC_USED', 'CLEAN', 'CLEAN', 'NEUTRAL', 'NEUTRAL', 'CLEAR', 'SET', 'RECOVERING', 'BANCO_VAZIO')",1,1,6,16.667,ATTACK_TECH,100.000,-0.000000,1.0000
"('TANK', 'UTILITY', 'DOMINANT', 'FULL', 'FULL', 'FIELD_THEIRS', 'FASTER', 'MEC_AVAIL', 'CLEAN', 'CLEAN', 'NEUTRAL', 'NEUTRAL', 'CLEAR', 'CLEAR', 'OPENING', 'BANCO_OFF')",1,1,10,10.000,BUFF,100.000,-0.000000,1.0000
"('TANK', 'TANK', 'DEFENSIVE_DIS', 'SAFE', 'CRIT', 'NORMAL', 'FASTER', 'MEC_USED', 'CLEAN', 'CLEAN', 'NEUTRAL', 'NEUTRAL', 'SET', 'SET', 'RECOVERING', 'BANCO_VAZIO')",1,1,5,20.000,ATTACK_STRONG,100.000,-0.000000,1.0000
"('TANK', 'TANK', 'OFFENSIVE_DIS', 'FULL', 'FULL', 'NORMAL', 'SLOWER', 'MEC_USED', 'CLEAN', 'CLEAN', 'NEUTRAL', 'NEUTRAL', 'CLEAR', 'SET', 'OPENING', 'BANCO_AMBOS')",1,1,7,14.286,ATTACK_PREDICTIVE,100.000,-0.000000,1.0000
"('TANK', 'TANK', 'OFFENSIVE_DIS', 'SAFE', 'CRIT', 'NORMAL', 'FASTER', 'MEC_USED', 'CLEAN', 'CLEAN', 'NEUTRAL', 'NEUTRAL', 'CLEAR', 'CLEAR', 'OPENING', 'BANCO_OFF')",1,1,6,16.667,ATTACK_STRONG,100.000,-0.000000,1.0000
"('TANK', 'TANK', 'NEUTRAL', 'DANGER', 'FULL', 'NORMAL', 'SLOWER', 'MEC_USED', 'CLEAN', 'CLEAN', 'NEUTRAL', 'NEUTRAL', 'CLEAR', 'SET', 'BRAWL', 'BANCO_OFF')",1,1,6,16.667,STATUS,100.000,-0.000000,1.0000
"('TANK', 'TANK', 'NEUTRAL', 'FULL', 'FULL', 'NORMAL', 'SLOWER', 'MEC_USED', 'CLEAN', 'AFFLICTED', 'NEUTRAL', 'NEUTRAL', 'CLEAR', 'CLEAR', 'RECOVERING', 'BANCO_VAZIO')",1,1,4,25.000,ATTACK_PREDICTIVE,100.000,-0.000000,1.0000
"('TANK', 'TANK', 'NEUTRAL', 'FULL', 'SAFE', 'NORMAL', 'FASTER', 'MEC_USED', 'CLEAN', 'CLEAN', 'NEUTRAL', 'NEUTRAL', 'SET', 'SET', 'OPENING', 'BANCO_AMBOS')",1,1,5,20.000,STATUS,100.000,-0.000000,1.0000
"('TANK', 'TANK', 'DEFENSIVE_DIS', 'DANGER', 'FULL', 'NORMAL', 'FASTER', 'MEC_USED', 'CLEAN', 'CLEAN', 'NEUTRAL', 'NEUTRAL', 'CLEAR', 'CLEAR', 'BRAWL', 'BANCO_OFF')",1,1,6,16.667,BUFF,100.000,-0.000000,1.0000
"('TANK', 'TANK', 'DEFENSIVE_ADV', 'FULL', 'FULL', 'NORMAL', 'FASTER', 'MEC_USED', 'CLEAN', 'CLEAN', 'NEUTRAL', 'NEUTRAL', 'SET', 'SET', 'OPENING', 'BANCO_AMBOS')",1,1,4,25.000,ATTACK_PREDICTIVE,100.000,-0.000000,1.0000
"('TANK', 'TANK', 'DEFENSIVE_ADV', 'SAFE', 'SAFE', 'NORMAL', 'FASTER', 'MEC_USED', 'CLEAN', 'CLEAN', 'NEUTRAL', 'NEUTRAL', 'SET', 'SET', 'OPENING', 'BANCO_AMBOS')",1,1,4,25.000,SWITCH_OFFENSIVE,100.000,-0.000000,1.0000
"('TANK', 'TANK', 'OFFENSIVE_ADV', 'SAFE', 'DANGER', 'NORMAL', 'SLOWER', 'MEC_USED', 'CLEAN', 'CLEAN', 'NEUTRAL', 'NEUTRAL', 'CLEAR', 'CLEAR', 'OPENING', 'BANCO_VAZIO')",1,1,4,25.000,SWITCH_DEFENSIVE,100.000,-0.000000,1.0000
"('TANK', 'TANK', 'OFFENSIVE_DIS', 'SAFE', 'SAFE', 'NORMAL', 'FASTER', 'MEC_USED', 'CLEAN', 'CLEAN', 'NEUTRAL', 'NEUTRAL', 'CLEAR', 'CLEAR', 'RECOVERING', 'BANCO_VAZIO')",1,1,4,25.000,HEAL,100.000,-0.000000,1.0000
"('TANK', 'TANK', 'DEFENSIVE_ADV', 'FULL', 'FULL', 'FIELD_SHARED', 'FASTER', 'MEC_AVAIL', 'CLEAN', 'CLEAN', 'NEUTRAL', 'NEUTRAL', 'CLEAR', 'CLEAR', 'OPENING', 'BANCO_AMBOS')",1,1,8,12.500,ATTACK_STRONG_MEC,100.000,-0.000000,1.0000
"('TANK', 'TANK', 'OFFENSIVE_DIS', 'SAFE', 'FULL', 'FIELD_THEIRS', 'FASTER', 'MEC_USED', 'CLEAN', 'CLEAN', 'NEUTRAL', 'NEUTRAL', 'CLEAR', 'CLEAR', 'OPENING', 'BANCO_AMBOS')",1,1,5,20.000,SWITCH_DEFENSIVE,100.000,-0.000000,1.0000
"('TANK', 'TANK', 'VOLATILE', 'SAFE', 'DANGER', 'NORMAL', 'SLOWER', 'MEC_USED', 'CLEAN', 'CLEAN', 'NEUTRAL', 'NEUTRAL', 'CLEAR', 'CLEAR', 'OPENING', 'BANCO_OFF')",1,1,7,14.286,ATTACK_STRONG,100.000,-0.000000,1.0000
"('TANK', 'TANK', 'DEFENSIVE_DIS', 'DANGER', 'SAFE', 'NORMAL', 'FASTER', 'MEC_USED', 'CLEAN', 'CLEAN', 'NEUTRAL', 'NEUTRAL', 'SET', 'CLEAR', 'RECOVERING', 'BANCO_VAZIO')",1,1,4,25.000,ATTACK_TECH,100.000,-0.000000,1.0000
"('TANK', 'SWEEPER', 'CRITICAL_DIS', 'FULL', 'CRIT', 'NORMAL', 'SLOWER', 'MEC_USED', 'CLEAN', 'CLEAN', 'NEUTRAL', 'BUFFED', 'CLEAR', 'CLEAR', 'RECOVERING', 'BANCO_VAZIO')",1,1,1,100.000,ATTACK_TECH,100.000,-0.000000,1.0000
"('TANK', 'TANK', 'DEFENSIVE_DIS', 'SAFE', 'FULL', 'NORMAL', 'SLOWER', 'MEC_USED', 'CLEAN', 'CLEAN', 'NEUTRAL', 'NEUTRAL', 'SET', 'CLEAR', 'BRAWL', 'BANCO_OFF')",1,1,4,25.000,SWITCH_OFFENSIVE,100.000,-0.000000,1.0000
"('TANK', 'SWEEPER', 'OFFENSIVE_ADV', 'SAFE', 'FULL', 'NORMAL', 'SLOWER', 'MEC_USED', 'CLEAN', 'CLEAN', 'NEUTRAL', 'NEUTRAL', 'CLEAR', 'SET', 'OPENING', 'BANCO_OFF')",1,1,5,20.000,SWITCH_DEFENSIVE,100.000,-0.000000,1.0000
"('TANK', 'TANK', 'NEUTRAL', 'FULL', 'DANGER', 'NORMAL', 'FASTER', 'MEC_USED', 'CLEAN', 'CLEAN', 'NEUTRAL', 'NEUTRAL', 'SET', 'SET', 'RECOVERING', 'BANCO_VAZIO')",1,1,3,33.333,SWITCH_DEFENSIVE,100.000,-0.000000,1.0000
"('TANK', 'TANK', 'DEFENSIVE_ADV', 'FULL', 'FULL', 'NORMAL', 'SLOWER', 'MEC_USED', 'CLEAN', 'CLEAN', 'NEUTRAL', 'NEUTRAL', 'CLEAR', 'CLEAR', 'RECOVERING', 'BANCO_VAZIO')",1,1,6,16.667,HEAL,100.000,-0.000000,1.0000
"('TANK', 'TANK', 'OFFENSIVE_ADV', 'FULL', 'FULL', 'NORMAL', 'FASTER', 'MEC_AVAIL', 'CLEAN', 'CLEAN', 'NEUTRAL', 'NEUTRAL', 'SET', 'SET', 'OPENING', 'BANCO_OFF')",1,1,6,16.667,ATTACK_PREDICTIVE_MEC,100.000,-0.000000,1.0000
"('UTILITY', 'TANK', 'OFFENSIVE_ADV', 'FULL', 'FULL', 'NORMAL', 'FASTER', 'MEC_USED', 'CLEAN', 'CLEAN', 'NEUTRAL', 'NEUTRAL', 'SET', 'CLEAR', 'OPENING', 'BANCO_AMBOS')",1,1,5,20.000,ATTACK_PIVOT,100.000,-0.000000,1.0000
"('TANK', 'TANK', 'NEUTRAL', 'FULL', 'SAFE', 'NORMAL', 'FASTER', 'MEC_AVAIL', 'CLEAN', 'CLEAN', 'NEUTRAL', 'NEUTRAL', 'SET', 'CLEAR', 'OPENING', 'BANCO_AMBOS')",1,1,6,16.667,ATTACK_STRONG_MEC,100.000,-0.000000,1.0000
"('TANK', 'TANK', 'OFFENSIVE_DIS', 'CRIT', 'FULL', 'NORMAL', 'FASTER', 'MEC_USED', 'CLEAN', 'CLEAN', 'NEUTRAL', 'NEUTRAL', 'SET', 'CLEAR', 'CLUTCH', 'BANCO_VAZIO')",1,1,4,25.000,HAZARD,100.000,-0.000000,1.0000
"('TANK', 'TANK', 'DEFENSIVE_DIS', 'CRIT', 'DANGER', 'NORMAL', 'SLOWER', 'MEC_USED', 'CLEAN', 'CLEAN', 'NEUTRAL', 'NEUTRAL', 'CLEAR', 'CLEAR', 'OPENING', 'BANCO_OFF')",1,1,5,20.000,ATTACK_TECH,100.000,-0.000000,1.0000
"('TANK', 'TANK', 'OFFENSIVE_DIS', 'SAFE', 'SAFE', 'NORMAL', 'SLOWER', 'MEC_USED', 'CLEAN', 'CLEAN', 'NEUTRAL', 'NEUTRAL', 'CLEAR', 'CLEAR', 'BRAWL', 'BANCO_VAZIO')",1,1,7,14.286,ATTACK_PIVOT,100.000,-0.000000,1.0000
"('TANK', 'SWEEPER', 'DEFENSIVE_DIS', 'FULL', 'FULL', 'FIELD_SHARED', 'SLOWER', 'MEC_USED', 'CLEAN', 'CLEAN', 'NEUTRAL', 'NEUTRAL', 'CLEAR', 'CLEAR', 'OPENING', 'BANCO_DEF')",1,1,7,14.286,SWITCH_DEFENSIVE,100.000,-0.000000,1.0000
"('TANK', 'TANK', 'NEUTRAL', 'DANGER', 'FULL', 'NORMAL', 'FASTER', 'MEC_USED', 'AFFLICTED', 'CLEAN', 'NEUTRAL', 'NEUTRAL', 'CLEAR', 'SET', 'CLUTCH', 'BANCO_VAZIO')",1,1,4,25.000,STATUS,100.000,-0.000000,1.0000
"('SWEEPER', 'SWEEPER', 'DOMINANT', 'FULL', 'SAFE', 'FIELD_THEIRS', 'SLOWER', 'MEC_USED', 'CLEAN', 'CLEAN', 'NEUTRAL', 'NEUTRAL', 'CLEAR', 'CLEAR', 'OPENING', 'BANCO_AMBOS')",1,1,5,20.000,SWITCH_DEFENSIVE,100.000,-0.000000,1.0000
"('TANK', 'TANK', 'NEUTRAL', 'DANGER', 'FULL', 'NORMAL', 'FASTER', 'MEC_USED', 'CLEAN', 'CLEAN', 'NEUTRAL', 'NEUTRAL', 'SET', 'CLEAR', 'OPENING', 'BANCO_AMBOS')",1,1,4,25.000,ATTACK_PREDICTIVE,100.000,-0.000000,1.0000
"('TANK', 'UTILITY', 'VOLATILE', 'FULL', 'SAFE', 'NORMAL', 'SLOWER', 'MEC_USED', 'CLEAN', 'CLEAN', 'NEUTRAL', 'NEUTRAL', 'CLEAR', 'CLEAR', 'OPENING', 'BANCO_OFF')",1,1,2,50.000,SWITCH_OFFENSIVE,100.000,-0.000000,1.0000
"('SWEEPER', 'TANK', 'OFFENSIVE_ADV', 'FULL', 'FULL', 'NORMAL', 'FASTER', 'MEC_USED', 'CLEAN', 'CLEAN', 'NEUTRAL', 'NEUTRAL', 'CLEAR', 'CLEAR', 'BRAWL', 'BANCO_VAZIO')",1,1,3,33.333,ATTACK_STRONG,100.000,-0.000000,1.0000
"('TANK', 'TANK', 'STALEMATE', 'FULL', 'SAFE', 'NORMAL', 'SLOWER', 'MEC_USED', 'CLEAN', 'CLEAN', 'DEBUFF', 'NEUTRAL', 'CLEAR', 'CLEAR', 'OPENING', 'BANCO_AMBOS')",1,1,5,20.000,ATTACK_PREDICTIVE,100.000,-0.000000,1.0000
