Estado,Decisoes_Medidas,Acoes_Escolhidas,Acoes_Validas_Vistas,Cobertura_Acoes_pct,Acao_Dominante,Dominante_pct,Entropia,Acoes_Efetivas
"('TANK', 'TANK', 'OFFENSIVE_DIS', 'FULL', 'FULL', 'NORMAL', 'SLOWER', 'MEC_USED', 'AFFLICTED', 'AFFLICTED', 'NEUTRAL', 'NEUTRAL', 'CLEAR', 'CLEAR', 'CLUTCH', 'BANCO_VAZIO')",309,6,8,75.000,CLEAN_HAZARD,53.074,1.188367,3.2817
"('TANK', 'TANK', 'OFFENSIVE_ADV', 'FULL', 'FULL', 'FIELD_SHARED', 'FASTER', 'MEC_USED', 'CLEAN', 'CLEAN', 'NEUTRAL', 'NEUTRAL', 'CLEAR', 'CLEAR', 'OPENING', 'BANCO_OFF')",207,12,12,100.000,ATTACK_STRONG,48.792,1.822955,6.1901
"('TANK', 'TANK', 'OFFENSIVE_ADV', 'FULL', 'FULL', 'FIELD_THEIRS', 'FASTER', 'MEC_USED', 'CLEAN', 'CLEAN', 'NEUTRAL', 'NEUTRAL', 'CLEAR', 'CLEAR', 'OPENING', 'BANCO_OFF')",193,13,13,100.000,ATTACK_STRONG,16.062,2.358526,10.5754
"('TANK', 'TANK', 'OFFENSIVE_ADV', 'FULL', 'FULL', 'NORMAL', 'FASTER', 'MEC_USED', 'CLEAN', 'CLEAN', 'NEUTRAL', 'NEUTRAL', 'CLEAR', 'CLEAR', 'OPENING', 'BANCO_OFF')",167,15,15,100.000,ATTACK_STRONG,21.557,2.340862,10.3902
"('TANK', 'TANK', 'DEFENSIVE_ADV', 'FULL', 'FULL', 'NORMAL', 'SLOWER', 'MEC_USED', 'CLEAN', 'AFFLICTED', 'NEUTRAL', 'DEBUFF', 'SET', 'SET', 'CLUTCH', 'BANCO_VAZIO')",163,4,9,44.444,STAT_CLEAN,85.276,0.562521,1.7551
"('TANK', 'TANK', 'CRITICAL_DIS', 'FULL', 'FULL', 'NORMAL', 'FASTER', 'MEC_USED', 'AFFLICTED', 'AFFLICTED', 'NEUTRAL', 'DEBUFF', 'SET', 'SET', 'RECOVERING', 'BANCO_VAZIO')",121,3,4,75.000,HAZARD,62.810,0.901999,2.4645
"('TANK', 'TANK', 'OFFENSIVE_ADV', 'FULL', 'FULL', 'NORMAL', 'FASTER', 'MEC_USED', 'CLEAN', 'CLEAN', 'NEUTRAL', 'NEUTRAL', 'CLEAR', 'CLEAR', 'OPENING', 'BANCO_AMBOS')",119,13,13,100.000,SWITCH_OFFENSIVE,27.731,2.163694,8.7032
"('TANK', 'TANK', 'OFFENSIVE_ADV', 'FULL', 'FULL', 'FIELD_SHARED', 'SLOWER', 'MEC_USED', 'CLEAN', 'CLEAN', 'NEUTRAL', 'NEUTRAL', 'CLEAR', 'CLEAR', 'OPENING', 'BANCO_OFF')",118,15,15,100.000,SWITCH_DEFENSIVE,28.814,2.154444,8.6231
"('TANK', 'TANK', 'OFFENSIVE_ADV', 'FULL', 'FULL', 'FIELD_THEIRS', 'SLOWER', 'MEC_USED', 'CLEAN', 'CLEAN', 'NEUTRAL', 'NEUTRAL', 'CLEAR', 'CLEAR', 'OPENING', 'BANCO_OFF')",112,15,15,100.000,ATTACK_PREDICTIVE,22.321,2.245587,9.4460
"('TANK', 'TANK', 'NEUTRAL', 'FULL', 'FULL', 'NORMAL', 'SLOWER', 'MEC_USED', 'CLEAN', 'CLEAN', 'NEUTRAL', 'NEUTRAL', 'CLEAR', 'CLEAR', 'OPENING', 'BANCO_OFF')",112,14,14,100.000,ATTACK_STRONG,16.071,2.489320,12.0531
"('SWEEPER', 'TANK', 'NEUTRAL', 'FULL', 'FULL', 'NORMAL', 'FASTER', 'MEC_USED', 'CLEAN', 'CLEAN', 'NEUTRAL', 'NEUTRAL', 'CLEAR', 'CLEAR', 'OPENING', 'BANCO_AMBOS')",108,8,8,100.000,ATTACK_PREDICTIVE,25.926,1.952326,7.0451
"('TANK', 'TANK', 'OFFENSIVE_ADV', 'FULL', 'FULL', 'NORMAL', 'SLOWER', 'MEC_USED', 'CLEAN', 'CLEAN', 'NEUTRAL', 'NEUTRAL', 'CLEAR', 'CLEAR', 'OPENING', 'BANCO_OFF')",107,16,16,100.000,ATTACK_PIVOT,19.626,2.482893,11.9759
"('TANK', 'TANK', 'VOLATILE', 'FULL', 'FULL', 'FIELD_THEIRS', 'FASTER', 'MEC_USED', 'CLEAN', 'CLEAN', 'NEUTRAL', 'NEUTRAL', 'CLEAR', 'CLEAR', 'OPENING', 'BANCO_OFF')",105,12,13,92.308,ATTACK_TECH,20.000,2.150074,8.5855
"('TANK', 'TANK', 'NEUTRAL', 'FULL', 'FULL', 'FIELD_SHARED', 'FASTER', 'MEC_USED', 'CLEAN', 'CLEAN', 'NEUTRAL', 'NEUTRAL', 'CLEAR', 'CLEAR', 'OPENING', 'BANCO_OFF')",100,15,15,100.000,ATTACK_STRONG,21.000,2.346992,10.4541
"('TANK', 'TANK', 'DEFENSIVE_DIS', 'FULL', 'FULL', 'FIELD_THEIRS', 'FASTER', 'MEC_USED', 'CLEAN', 'CLEAN', 'NEUTRAL', 'NEUTRAL', 'CLEAR', 'CLEAR', 'OPENING', 'BANCO_OFF')",96,12,12,100.000,DISRUPTION,27.083,2.113642,8.2783
"('TANK', 'TANK', 'VOLATILE', 'FULL', 'FULL', 'NORMAL', 'FASTER', 'MEC_USED', 'CLEAN', 'CLEAN', 'NEUTRAL', 'NEUTRAL', 'CLEAR', 'CLEAR', 'OPENING', 'BANCO_OFF')",96,13,14,92.857,ATTACK_STRONG,19.792,2.208033,9.0978
"('TANK', 'TANK', 'NEUTRAL', 'FULL', 'FULL', 'NORMAL', 'SLOWER', 'MEC_USED', 'CLEAN', 'CLEAN', 'NEUTRAL', 'NEUTRAL', 'CLEAR', 'CLEAR', 'OPENING', 'BANCO_AMBOS')",94,15,15,100.000,ATTACK_TECH,13.830,2.475906,11.8925
"('TANK', 'TANK', 'DOMINANT', 'FULL', 'FULL', 'FIELD_THEIRS', 'FASTER', 'MEC_USED', 'CLEAN', 'CLEAN', 'NEUTRAL', 'NEUTRAL', 'CLEAR', 'CLEAR', 'OPENING', 'BANCO_AMBOS')",93,13,13,100.000,ATTACK_PIVOT,20.430,2.179996,8.8463
"('TANK', 'TANK', 'OFFENSIVE_ADV', 'FULL', 'FULL', 'NORMAL', 'SLOWER', 'MEC_USED', 'CLEAN', 'CLEAN', 'NEUTRAL', 'NEUTRAL', 'CLEAR', 'CLEAR', 'OPENING', 'BANCO_AMBOS')",91,13,14,92.857,ATTACK_STRONG,47.253,1.850930,6.3657
"('TANK', 'TANK', 'OFFENSIVE_ADV', 'FULL', 'FULL', 'FIELD_OURS_OFF', 'SLOWER', 'MEC_USED', 'CLEAN', 'CLEAN', 'NEUTRAL', 'NEUTRAL', 'CLEAR', 'CLEAR', 'OPENING', 'BANCO_OFF')",90,9,11,81.818,ATTACK_TECH,78.889,0.902850,2.4666
"('TANK', 'TANK', 'OFFENSIVE_ADV', 'FULL', 'FULL', 'FIELD_SHARED', 'FASTER', 'MEC_USED', 'CLEAN', 'CLEAN', 'NEUTRAL', 'NEUTRAL', 'CLEAR', 'CLEAR', 'OPENING', 'BANCO_AMBOS')",89,13,14,92.857,ATTACK_STRONG,21.348,2.303142,10.0056
"('TANK', 'TANK', 'NEUTRAL', 'FULL', 'FULL', 'FIELD_SHARED', 'FASTER', 'MEC_AVAIL', 'CLEAN', 'CLEAN', 'NEUTRAL', 'NEUTRAL', 'CLEAR', 'CLEAR', 'OPENING', 'BANCO_OFF')",88,11,14,78.571,ATTACK_STRONG_MEC,40.909,1.818933,6.1653
"('TANK', 'TANK', 'DEFENSIVE_DIS', 'FULL', 'FULL', 'NORMAL', 'FASTER', 'MEC_USED', 'CLEAN', 'CLEAN', 'NEUTRAL', 'NEUTRAL', 'CLEAR', 'CLEAR', 'OPENING', 'BANCO_OFF')",87,14,14,100.000,SWITCH_DEFENSIVE,17.241,2.398449,11.0061
"('TANK', 'TANK', 'VOLATILE', 'FULL', 'FULL', 'FIELD_OURS_OFF', 'SLOWER', 'MEC_USED', 'CLEAN', 'CLEAN', 'NEUTRAL', 'NEUTRAL', 'CLEAR', 'CLEAR', 'OPENING', 'BANCO_OFF')",86,9,9,100.000,ATTACK_TECH,33.721,1.861348,6.4324
"('TANK', 'TANK', 'STALEMATE', 'FULL', 'FULL', 'NORMAL', 'SLOWER', 'MEC_USED', 'AFFLICTED', 'AFFLICTED', 'DEBUFF', 'DEBUFF', 'SET', 'SET', 'CLUTCH', 'BANCO_VAZIO')",84,4,5,80.000,STAT_CLEAN,75.000,0.739614,2.0951
"('SWEEPER', 'TANK', 'OFFENSIVE_ADV', 'FULL', 'FULL', 'FIELD_THEIRS', 'FASTER', 'MEC_USED', 'CLEAN', 'CLEAN', 'NEUTRAL', 'NEUTRAL', 'CLEAR', 'CLEAR', 'OPENING', 'BANCO_AMBOS')",84,7,7,100.000,SWITCH_OFFENSIVE,30.952,1.657076,5.2440
"('TANK', 'TANK', 'OFFENSIVE_DIS', 'FULL', 'FULL', 'NORMAL', 'SLOWER', 'MEC_USED', 'CLEAN', 'CLEAN', 'NEUTRAL', 'NEUTRAL', 'CLEAR', 'CLEAR', 'OPENING', 'BANCO_OFF')",83,15,15,100.000,STATUS,13.253,2.505951,12.2552
"('TANK', 'TANK', 'DEFENSIVE_DIS', 'FULL', 'FULL', 'NORMAL', 'SLOWER', 'MEC_USED', 'CLEAN', 'AFFLICTED', 'NEUTRAL', 'NEUTRAL', 'CLEAR', 'CLEAR', 'CLUTCH', 'BANCO_VAZIO')",79,6,10,60.000,STAT_CLEAN,35.443,1.320413,3.7450
"('TANK', 'TANK', 'NEUTRAL', 'FULL', 'FULL', 'NORMAL', 'FASTER', 'MEC_USED', 'CLEAN', 'CLEAN', 'NEUTRAL', 'NEUTRAL', 'CLEAR', 'CLEAR', 'OPENING', 'BANCO_AMBOS')",79,14,15,93.333,ATTACK_PIVOT,26.582,2.347425,10.4586
"('TANK', 'TANK', 'NEUTRAL', 'FULL', 'FULL', 'FIELD_OURS_OFF', 'FASTER', 'MEC_USED', 'CLEAN', 'CLEAN', 'NEUTRAL', 'NEUTRAL', 'CLEAR', 'CLEAR', 'OPENING', 'BANCO_AMBOS')",78,11,11,100.000,ATTACK_PIVOT,20.513,2.133086,8.4409
"('TANK', 'TANK', 'OFFENSIVE_ADV', 'FULL', 'SAFE', 'NORMAL', 'FASTER', 'MEC_USED', 'CLEAN', 'CLEAN', 'NEUTRAL', 'NEUTRAL', 'CLEAR', 'CLEAR', 'OPENING', 'BANCO_OFF')",76,13,13,100.000,ATTACK_STRONG,25.000,2.311928,10.0939
"('TANK', 'TANK', 'DEFENSIVE_DIS', 'FULL', 'FULL', 'FIELD_SHARED', 'FASTER', 'MEC_USED', 'CLEAN', 'CLEAN', 'NEUTRAL', 'NEUTRAL', 'CLEAR', 'CLEAR', 'OPENING', 'BANCO_AMBOS')",75,11,12,91.667,SWITCH_DEFENSIVE,20.000,2.133385,8.4434
"('TANK', 'TANK', 'CRITICAL_DIS', 'FULL', 'FULL', 'NORMAL', 'SLOWER', 'MEC_USED', 'CLEAN', 'CLEAN', 'NEUTRAL', 'NEUTRAL', 'CLEAR', 'CLEAR', 'OPENING', 'BANCO_AMBOS')",73,11,13,84.615,SWITCH_OFFENSIVE,23.288,2.101704,8.1801
"('TANK', 'TANK', 'DEFENSIVE_DIS', 'FULL', 'FULL', 'NORMAL', 'FASTER', 'MEC_USED', 'CLEAN', 'CLEAN', 'NEUTRAL', 'NEUTRAL', 'CLEAR', 'CLEAR', 'OPENING', 'BANCO_AMBOS')",69,10,13,76.923,SWITCH_OFFENSIVE,40.580,1.800826,6.0546
"('TANK', 'TANK', 'CRITICAL_DIS', 'FULL', 'FULL', 'NORMAL', 'FASTER', 'MEC_USED', 'AFFLICTED', 'CLEAN', 'NEUTRAL', 'NEUTRAL', 'SET', 'SET', 'RECOVERING', 'BANCO_VAZIO')",67,5,6,83.333,HAZARD,77.612,0.802796,2.2318
"('TANK', 'TANK', 'DOMINANT', 'FULL', 'FULL', 'NORMAL', 'FASTER', 'MEC_USED', 'CLEAN', 'CLEAN', 'NEUTRAL', 'NEUTRAL', 'CLEAR', 'CLEAR', 'OPENING', 'BANCO_AMBOS')",65,13,13,100.000,ATTACK_PREDICTIVE,15.385,2.371959,10.7184
"('TANK', 'TANK', 'NEUTRAL', 'FULL', 'FULL', 'FIELD_SHARED', 'FASTER', 'MEC_USED', 'CLEAN', 'CLEAN', 'NEUTRAL', 'NEUTRAL', 'CLEAR', 'CLEAR', 'OPENING', 'BANCO_AMBOS')",64,11,13,84.615,ATTACK_PREDICTIVE,23.438,2.145922,8.5499
"('TANK', 'TANK', 'NEUTRAL', 'FULL', 'FULL', 'NORMAL', 'FASTER', 'MEC_USED', 'CLEAN', 'CLEAN', 'NEUTRAL', 'NEUTRAL', 'CLEAR', 'CLEAR', 'OPENING', 'BANCO_VAZIO')",64,11,13,84.615,STAT_CLEAN,31.250,1.885189,6.5876
"('TANK', 'TANK', 'DEFENSIVE_DIS', 'FULL', 'FULL', 'FIELD_THEIRS', 'FASTER', 'MEC_USED', 'CLEAN', 'CLEAN', 'NEUTRAL', 'NEUTRAL', 'CLEAR', 'CLEAR', 'OPENING', 'BANCO_AMBOS')",61,11,12,91.667,ATTACK_PIVOT,21.311,2.097348,8.1445
"('TANK', 'TANK', 'OFFENSIVE_DIS', 'FULL', 'FULL', 'NORMAL', 'FASTER', 'MEC_USED', 'CLEAN', 'CLEAN', 'NEUTRAL', 'NEUTRAL', 'CLEAR', 'CLEAR', 'OPENING', 'BANCO_OFF')",61,14,15,93.333,ATTACK_TECH,21.311,2.400706,11.0310
"('TANK', 'TANK', 'STALEMATE', 'FULL', 'FULL', 'NORMAL', 'SLOWER', 'MEC_USED', 'CLEAN', 'CLEAN', 'NEUTRAL', 'NEUTRAL', 'CLEAR', 'CLEAR', 'OPENING', 'BANCO_AMBOS')",60,10,13,76.923,STATUS,36.667,1.790213,5.9907
"('TANK', 'TANK', 'STALEMATE', 'FULL', 'FULL', 'NORMAL', 'SLOWER', 'MEC_USED', 'CLEAN', 'CLEAN', 'NEUTRAL', 'NEUTRAL', 'CLEAR', 'SET', 'RECOVERING', 'BANCO_VAZIO')",59,6,10,60.000,PROTECT,83.051,0.685458,1.9847
"('TANK', 'TANK', 'DOMINANT', 'FULL', 'FULL', 'FIELD_SHARED', 'FASTER', 'MEC_USED', 'CLEAN', 'CLEAN', 'NEUTRAL', 'NEUTRAL', 'CLEAR', 'CLEAR', 'OPENING', 'BANCO_OFF')",59,12,13,92.308,HAZARD,27.119,2.062902,7.8688
"('TANK', 'TANK', 'NEUTRAL', 'FULL', 'FULL', 'NORMAL', 'FASTER', 'MEC_USED', 'CLEAN', 'CLEAN', 'NEUTRAL', 'NEUTRAL', 'CLEAR', 'CLEAR', 'OPENING', 'BANCO_OFF')",58,12,13,92.308,ATTACK_PREDICTIVE,29.310,2.208416,9.1013
"('TANK', 'SWEEPER', 'OFFENSIVE_ADV', 'FULL', 'FULL', 'NORMAL', 'SLOWER', 'MEC_USED', 'CLEAN', 'CLEAN', 'NEUTRAL', 'NEUTRAL', 'CLEAR', 'CLEAR', 'OPENING', 'BANCO_OFF')",57,15,15,100.000,ATTACK_PREDICTIVE,19.298,2.403239,11.0589
"('TANK', 'TANK', 'DOMINANT', 'FULL', 'FULL', 'NORMAL', 'SLOWER', 'MEC_USED', 'CLEAN', 'CLEAN', 'NEUTRAL', 'NEUTRAL', 'CLEAR', 'CLEAR', 'OPENING', 'BANCO_OFF')",56,14,14,100.000,SWITCH_DEFENSIVE,19.643,2.499844,12.1806
"('TANK', 'TANK', 'DEFENSIVE_DIS', 'DANGER', 'DANGER', 'NORMAL', 'FASTER', 'MEC_USED', 'CLEAN', 'CLEAN', 'NEUTRAL', 'NEUTRAL', 'SET', 'CLEAR', 'RECOVERING', 'BANCO_VAZIO')",56,1,2,50.000,SWITCH_DEFENSIVE,100.000,-0.000000,1.0000
"('TANK', 'TANK', 'OFFENSIVE_ADV', 'FULL', 'FULL', 'FIELD_OURS_OFF', 'FASTER', 'MEC_USED', 'CLEAN', 'CLEAN', 'NEUTRAL', 'NEUTRAL', 'CLEAR', 'CLEAR', 'OPENING', 'BANCO_AMBOS')",55,9,10,90.000,SWITCH_OFFENSIVE,50.909,1.621937,5.0629
"('SWEEPER', 'TANK', 'OFFENSIVE_ADV', 'FULL', 'FULL', 'NORMAL', 'FASTER', 'MEC_USED', 'CLEAN', 'CLEAN', 'NEUTRAL', 'NEUTRAL', 'CLEAR', 'CLEAR', 'OPENING', 'BANCO_OFF')",55,8,8,100.000,SWITCH_OFFENSIVE,36.364,1.762024,5.8242
"('TANK', 'TANK', 'NEUTRAL', 'FULL', 'FULL', 'FIELD_THEIRS', 'SLOWER', 'MEC_USED', 'CLEAN', 'CLEAN', 'NEUTRAL', 'NEUTRAL', 'CLEAR', 'CLEAR', 'OPENING', 'BANCO_OFF')",54,9,12,75.000,ATTACK_PREDICTIVE,42.593,1.765738,5.8459
"('TANK', 'TANK', 'CRITICAL_DIS', 'FULL', 'SAFE', 'NORMAL', 'FASTER', 'MEC_USED', 'AFFLICTED', 'CLEAN', 'NEUTRAL', 'NEUTRAL', 'SET', 'SET', 'CLUTCH', 'BANCO_VAZIO')",54,4,6,66.667,STATUS,40.741,1.277420,3.5874
"('TANK', 'TANK', 'DOMINANT', 'FULL', 'FULL', 'FIELD_SHARED', 'FASTER', 'MEC_USED', 'CLEAN', 'CLEAN', 'NEUTRAL', 'NEUTRAL', 'CLEAR', 'CLEAR', 'OPENING', 'BANCO_AMBOS')",53,11,11,100.000,ATTACK_PIVOT,15.094,2.290752,9.8824
"('SWEEPER', 'TANK', 'OFFENSIVE_ADV', 'FULL', 'FULL', 'NORMAL', 'FASTER', 'MEC_USED', 'CLEAN', 'CLEAN', 'NEUTRAL', 'DEBUFF', 'CLEAR', 'CLEAR', 'OPENING', 'BANCO_AMBOS')",53,6,7,85.714,ATTACK_PIVOT,43.396,1.392066,4.0232
"('TANK', 'TANK', 'OFFENSIVE_DIS', 'FULL', 'FULL', 'NORMAL', 'FASTER', 'MEC_USED', 'CLEAN', 'CLEAN', 'NEUTRAL', 'NEUTRAL', 'CLEAR', 'CLEAR', 'OPENING', 'BANCO_AMBOS')",53,12,13,92.308,FIELD_CONTROL,30.189,2.147392,8.5625
"('SWEEPER', 'TANK', 'DOMINANT', 'FULL', 'FULL', 'NORMAL', 'FASTER', 'MEC_USED', 'CLEAN', 'CLEAN', 'NEUTRAL', 'NEUTRAL', 'CLEAR', 'CLEAR', 'OPENING', 'BANCO_AMBOS')",52,6,9,66.667,ATTACK_STRONG,90.385,0.471303,1.6021
"('TANK', 'TANK', 'OFFENSIVE_ADV', 'FULL', 'FULL', 'FIELD_SHARED', 'FASTER', 'MEC_AVAIL', 'CLEAN', 'CLEAN', 'NEUTRAL', 'NEUTRAL', 'CLEAR', 'CLEAR', 'OPENING', 'BANCO_OFF')",52,13,16,81.250,BUFF,13.462,2.442311,11.4996
"('TANK', 'TANK', 'DEFENSIVE_ADV', 'FULL', 'FULL', 'NORMAL', 'SLOWER', 'MEC_USED', 'CLEAN', 'AFFLICTED', 'NEUTRAL', 'NEUTRAL', 'SET', 'SET', 'CLUTCH', 'BANCO_VAZIO')",51,3,9,33.333,STAT_CLEAN,76.471,0.705405,2.0247
"('TANK', 'TANK', 'NEUTRAL', 'FULL', 'FULL', 'FIELD_THEIRS', 'SLOWER', 'MEC_USED', 'CLEAN', 'CLEAN', 'NEUTRAL', 'NEUTRAL', 'CLEAR', 'CLEAR', 'OPENING', 'BANCO_AMBOS')",51,12,14,85.714,ATTACK_TECH,21.569,2.228693,9.2877
"('TANK', 'TANK', 'NEUTRAL', 'SAFE', 'FULL', 'NORMAL', 'FASTER', 'MEC_USED', 'CLEAN', 'CLEAN', 'NEUTRAL', 'NEUTRAL', 'CLEAR', 'CLEAR', 'OPENING', 'BANCO_OFF')",51,10,12,83.333,HEAL,37.255,1.756310,5.7910
"('TANK', 'TANK', 'OFFENSIVE_ADV', 'SAFE', 'FULL', 'NORMAL', 'FASTER', 'MEC_USED', 'CLEAN', 'CLEAN', 'NEUTRAL', 'NEUTRAL', 'CLEAR', 'CLEAR', 'OPENING', 'BANCO_OFF')",50,13,13,100.000,ATTACK_STRONG,22.000,2.243669,9.4279
"('TANK', 'TANK', 'NEUTRAL', 'FULL', 'FULL', 'FIELD_THEIRS', 'FASTER', 'MEC_USED', 'CLEAN', 'CLEAN', 'NEUTRAL', 'NEUTRAL', 'CLEAR', 'CLEAR', 'OPENING', 'BANCO_OFF')",49,9,11,81.818,ATTACK_STRONG,18.367,2.042852,7.7126
"('TANK', 'TANK', 'OFFENSIVE_ADV', 'FULL', 'FULL', 'FIELD_OURS_OFF', 'FASTER', 'MEC_USED', 'CLEAN', 'CLEAN', 'NEUTRAL', 'NEUTRAL', 'CLEAR', 'CLEAR', 'OPENING', 'BANCO_OFF')",49,11,11,100.000,ATTACK_TECH,34.694,2.054734,7.8048
"('TANK', 'TANK', 'NEUTRAL', 'FULL', 'FULL', 'NORMAL', 'FASTER', 'MEC_AVAIL', 'CLEAN', 'CLEAN', 'NEUTRAL', 'NEUTRAL', 'CLEAR', 'CLEAR', 'OPENING', 'BANCO_AMBOS')",49,13,18,72.222,ATTACK_STRONG_MEC,36.735,2.113858,8.2801
"('TANK', 'TANK', 'STALEMATE', 'FULL', 'FULL', 'NORMAL', 'SLOWER', 'MEC_USED', 'CLEAN', 'CLEAN', 'NEUTRAL', 'NEUTRAL', 'CLEAR', 'CLEAR', 'OPENING', 'BANCO_OFF')",49,9,13,69.231,ATTACK_TECH,38.776,1.821176,6.1791
"('TANK', 'TANK', 'NEUTRAL', 'FULL', 'FULL', 'FIELD_SHARED', 'SLOWER', 'MEC_USED', 'CLEAN', 'CLEAN', 'NEUTRAL', 'NEUTRAL', 'CLEAR', 'CLEAR', 'OPENING', 'BANCO_OFF')",48,12,14,85.714,ATTACK_STRONG,41.667,1.929601,6.8868
"('TANK', 'TANK', 'CRITICAL_DIS', 'FULL', 'FULL', 'FIELD_SHARED', 'SLOWER', 'MEC_USED', 'CLEAN', 'CLEAN', 'NEUTRAL', 'NEUTRAL', 'CLEAR', 'CLEAR', 'OPENING', 'BANCO_AMBOS')",48,3,15,20.000,SWITCH_DEFENSIVE,85.417,0.475222,1.6084
"('TANK', 'TANK', 'CRITICAL_DIS', 'FULL', 'FULL', 'NORMAL', 'FASTER', 'MEC_USED', 'CLEAN', 'CLEAN', 'NEUTRAL', 'NEUTRAL', 'CLEAR', 'CLEAR', 'OPENING', 'BANCO_OFF')",47,12,15,80.000,ATTACK_TECH,17.021,2.348961,10.4747
"('TANK', 'TANK', 'OFFENSIVE_ADV', 'FULL', 'FULL', 'FIELD_THEIRS', 'FASTER', 'MEC_AVAIL', 'CLEAN', 'CLEAN', 'NEUTRAL', 'NEUTRAL', 'CLEAR', 'CLEAR', 'OPENING', 'BANCO_OFF')",47,15,19,78.947,ATTACK_STRONG_MEC,14.894,2.517232,12.3942
"('SWEEPER', 'TANK', 'OFFENSIVE_ADV', 'FULL', 'FULL', 'FIELD_THEIRS', 'FASTER', 'MEC_USED', 'CLEAN', 'CLEAN', 'NEUTRAL', 'DEBUFF', 'CLEAR', 'CLEAR', 'OPENING', 'BANCO_AMBOS')",47,6,6,100.000,SWITCH_DEFENSIVE,29.787,1.628224,5.0948
"('TANK', 'TANK', 'OFFENSIVE_ADV', 'SAFE', 'FULL', 'FIELD_THEIRS', 'FASTER', 'MEC_USED', 'CLEAN', 'CLEAN', 'NEUTRAL', 'NEUTRAL', 'CLEAR', 'CLEAR', 'OPENING', 'BANCO_OFF')",46,11,12,91.667,ATTACK_PIVOT,19.565,2.172420,8.7795
"('TANK', 'TANK', 'NEUTRAL', 'FULL', 'FULL', 'NORMAL', 'FASTER', 'MEC_AVAIL', 'CLEAN', 'CLEAN', 'NEUTRAL', 'NEUTRAL', 'CLEAR', 'CLEAR', 'OPENING', 'BANCO_OFF')",46,15,18,83.333,ATTACK_PREDICTIVE_MEC,15.217,2.449251,11.5797
"('TANK', 'TANK', 'DOMINANT', 'FULL', 'FULL', 'NORMAL', 'FASTER', 'MEC_USED', 'CLEAN', 'CLEAN', 'NEUTRAL', 'NEUTRAL', 'CLEAR', 'CLEAR', 'OPENING', 'BANCO_OFF')",46,12,12,100.000,ATTACK_PIVOT,30.435,2.185018,8.8908
"('TANK', 'TANK', 'OFFENSIVE_DIS', 'FULL', 'FULL', 'NORMAL', 'SLOWER', 'MEC_USED', 'CLEAN', 'CLEAN', 'NEUTRAL', 'NEUTRAL', 'CLEAR', 'CLEAR', 'OPENING', 'BANCO_AMBOS')",46,13,14,92.857,STATUS,23.913,2.164003,8.7059
"('TANK', 'TANK', 'DEFENSIVE_ADV', 'FULL', 'FULL', 'NORMAL', 'SLOWER', 'MEC_USED', 'CLEAN', 'CLEAN', 'NEUTRAL', 'NEUTRAL', 'CLEAR', 'CLEAR', 'OPENING', 'BANCO_AMBOS')",45,11,13,84.615,ATTACK_PREDICTIVE,17.778,2.187878,8.9163
"('TANK', 'TANK', 'OFFENSIVE_ADV', 'FULL', 'FULL', 'NORMAL', 'FASTER', 'MEC_AVAIL', 'CLEAN', 'CLEAN', 'NEUTRAL', 'NEUTRAL', 'CLEAR', 'CLEAR', 'OPENING', 'BANCO_AMBOS')",44,12,18,66.667,ATTACK_STRONG,25.000,2.030651,7.6190
"('TANK', 'TANK', 'OFFENSIVE_ADV', 'FULL', 'FULL', 'NORMAL', 'FASTER', 'MEC_AVAIL', 'CLEAN', 'CLEAN', 'NEUTRAL', 'NEUTRAL', 'CLEAR', 'CLEAR', 'OPENING', 'BANCO_OFF')",44,14,16,87.500,ATTACK_STRONG_MEC,29.545,2.303690,10.0111
"('TANK', 'TANK', 'OFFENSIVE_ADV', 'FULL', 'FULL', 'FIELD_SHARED', 'SLOWER', 'MEC_USED', 'CLEAN', 'CLEAN', 'NEUTRAL', 'NEUTRAL', 'CLEAR', 'CLEAR', 'OPENING', 'BANCO_AMBOS')",44,9,13,69.231,ATTACK_STRONG,31.818,1.752473,5.7689
"('TANK', 'TANK', 'OFFENSIVE_DIS', 'SAFE', 'SAFE', 'NORMAL', 'SLOWER', 'MEC_USED', 'CLEAN', 'CLEAN', 'NEUTRAL', 'NEUTRAL', 'CLEAR', 'CLEAR', 'OPENING', 'BANCO_OFF')",44,11,13,84.615,ATTACK_PIVOT,34.091,2.081453,8.0161
"('TANK', 'TANK', 'OFFENSIVE_ADV', 'SAFE', 'SAFE', 'NORMAL', 'FASTER', 'MEC_USED', 'CLEAN', 'CLEAN', 'NEUTRAL', 'NEUTRAL', 'CLEAR', 'CLEAR', 'OPENING', 'BANCO_OFF')",44,10,12,83.333,ATTACK_STRONG,40.909,1.837266,6.2793
"('TANK', 'TANK', 'CRITICAL_DIS', 'FULL', 'FULL', 'NORMAL', 'SLOWER', 'MEC_USED', 'CLEAN', 'CLEAN', 'NEUTRAL', 'NEUTRAL', 'CLEAR', 'CLEAR', 'OPENING', 'BANCO_OFF')",44,10,14,71.429,ATTACK_STRONG,59.091,1.520100,4.5727
"('SWEEPER', 'TANK', 'NEUTRAL', 'FULL', 'FULL', 'NORMAL', 'FASTER', 'MEC_USED', 'CLEAN', 'CLEAN', 'NEUTRAL', 'NEUTRAL', 'CLEAR', 'CLEAR', 'OPENING', 'BANCO_OFF')",43,9,9,100.000,SWITCH_OFFENSIVE,34.884,1.860888,6.4294
"('TANK', 'TANK', 'OFFENSIVE_ADV', 'FULL', 'FULL', 'NORMAL', 'FASTER', 'MEC_USED', 'AFFLICTED', 'CLEAN', 'NEUTRAL', 'BUFFED', 'SET', 'CLEAR', 'CLUTCH', 'BANCO_VAZIO')",43,4,4,100.000,CLEAN_HAZARD,90.698,0.406195,1.5011
"('TANK', 'TANK', 'NEUTRAL', 'FULL', 'FULL', 'NORMAL', 'SLOWER', 'MEC_USED', 'CLEAN', 'CLEAN', 'NEUTRAL', 'NEUTRAL', 'CLEAR', 'CLEAR', 'RECOVERING', 'BANCO_VAZIO')",43,11,12,91.667,STAT_CLEAN,37.209,2.008520,7.4523
"('UTILITY', 'TANK', 'OFFENSIVE_ADV', 'FULL', 'FULL', 'NORMAL', 'FASTER', 'MEC_USED', 'CLEAN', 'CLEAN', 'NEUTRAL', 'NEUTRAL', 'CLEAR', 'CLEAR', 'OPENING', 'BANCO_AMBOS')",42,9,9,100.000,ATTACK_PREDICTIVE,38.095,1.762737,5.8284
"('TANK', 'TANK', 'NEUTRAL', 'FULL', 'FULL', 'NORMAL', 'SLOWER', 'MEC_USED', 'CLEAN', 'CLEAN', 'NEUTRAL', 'NEUTRAL', 'CLEAR', 'CLEAR', 'OPENING', 'BANCO_VAZIO')",42,12,14,85.714,STATUS,26.190,2.166979,8.7319
"('TANK', 'TANK', 'OFFENSIVE_DIS', 'FULL', 'FULL', 'NORMAL', 'FASTER', 'MEC_USED', 'AFFLICTED', 'AFFLICTED', 'NEUTRAL', 'NEUTRAL', 'CLEAR', 'CLEAR', 'RECOVERING', 'BANCO_VAZIO')",41,6,7,85.714,CLEAN_HAZARD,58.537,1.224999,3.4042
"('TANK', 'TANK', 'NEUTRAL', 'SAFE', 'SAFE', 'NORMAL', 'SLOWER', 'MEC_USED', 'CLEAN', 'CLEAN', 'NEUTRAL', 'NEUTRAL', 'CLEAR', 'CLEAR', 'OPENING', 'BANCO_OFF')",41,12,13,92.308,ATTACK_PIVOT,24.390,2.215641,9.1673
"('TANK', 'TANK', 'DEFENSIVE_DIS', 'FULL', 'FULL', 'NORMAL', 'SLOWER', 'MEC_USED', 'CLEAN', 'AFFLICTED', 'NEUTRAL', 'NEUTRAL', 'CLEAR', 'SET', 'CLUTCH', 'BANCO_VAZIO')",41,2,6,33.333,PROTECT,82.927,0.457045,1.5794
"('TANK', 'TANK', 'DEFENSIVE_ADV', 'FULL', 'FULL', 'NORMAL', 'SLOWER', 'MEC_USED', 'AFFLICTED', 'AFFLICTED', 'DEBUFF_DEBUFF', 'NEUTRAL', 'SET', 'SET', 'CLUTCH', 'BANCO_VAZIO')",40,4,7,57.143,HAZARD,62.500,0.896953,2.4521
"('SWEEPER', 'TANK', 'OFFENSIVE_ADV', 'FULL', 'FULL', 'NORMAL', 'FASTER', 'MEC_USED', 'CLEAN', 'CLEAN', 'NEUTRAL', 'DEBUFF', 'CLEAR', 'CLEAR', 'OPENING', 'BANCO_OFF')",40,9,9,100.000,ATTACK_STRONG,35.000,1.863841,6.4485
"('SWEEPER', 'TANK', 'OFFENSIVE_ADV', 'FULL', 'FULL', 'NORMAL', 'FASTER', 'MEC_USED', 'CLEAN', 'CLEAN', 'NEUTRAL', 'NEUTRAL', 'CLEAR', 'CLEAR', 'OPENING', 'BANCO_AMBOS')",40,7,7,100.000,ATTACK_STRONG,62.500,1.235031,3.4385
"('TANK', 'TANK', 'DOMINANT', 'FULL', 'FULL', 'NORMAL', 'SLOWER', 'MEC_USED', 'CLEAN', 'CLEAN', 'NEUTRAL', 'NEUTRAL', 'CLEAR', 'CLEAR', 'OPENING', 'BANCO_AMBOS')",39,10,13,76.923,ATTACK_PIVOT,28.205,2.116008,8.2979
"('TANK', 'TANK', 'NEUTRAL', 'FULL', 'FULL', 'FIELD_OURS_OFF', 'SLOWER', 'MEC_USED', 'CLEAN', 'CLEAN', 'NEUTRAL', 'NEUTRAL', 'CLEAR', 'CLEAR', 'OPENING', 'BANCO_AMBOS')",39,7,8,87.500,ATTACK_TECH,61.538,1.254451,3.5059
"('TANK', 'TANK', 'NEUTRAL', 'FULL', 'FULL', 'FIELD_THEIRS', 'FASTER', 'MEC_USED', 'CLEAN', 'CLEAN', 'NEUTRAL', 'NEUTRAL', 'CLEAR', 'CLEAR', 'OPENING', 'BANCO_AMBOS')",38,9,11,81.818,PROTECT,23.684,1.931188,6.8977
"('TANK', 'TANK', 'STALEMATE', 'FULL', 'FULL', 'NORMAL', 'SLOWER', 'MEC_USED', 'CLEAN', 'CLEAN', 'NEUTRAL', 'NEUTRAL', 'SET', 'SET', 'CLUTCH', 'BANCO_VAZIO')",38,3,8,37.500,HAZARD,57.895,0.779068,2.1794
"('TANK', 'SWEEPER', 'OFFENSIVE_DIS', 'FULL', 'FULL', 'NORMAL', 'SLOWER', 'MEC_USED', 'CLEAN', 'CLEAN', 'NEUTRAL', 'NEUTRAL', 'CLEAR', 'CLEAR', 'OPENING', 'BANCO_OFF')",38,12,14,85.714,STATUS,36.842,1.971863,7.1840
"('SWEEPER', 'TANK', 'NEUTRAL', 'FULL', 'FULL', 'FIELD_SHARED', 'FASTER', 'MEC_USED', 'CLEAN', 'CLEAN', 'NEUTRAL', 'NEUTRAL', 'CLEAR', 'CLEAR', 'OPENING', 'BANCO_OFF')",38,8,9,88.889,ATTACK_PIVOT,42.105,1.727253,5.6252
"('TANK', 'TANK', 'OFFENSIVE_ADV', 'SAFE', 'FULL', 'NORMAL', 'FASTER', 'MEC_AVAIL', 'CLEAN', 'CLEAN', 'NEUTRAL', 'NEUTRAL', 'CLEAR', 'CLEAR', 'OPENING', 'BANCO_OFF')",38,12,18,66.667,HEAL,39.474,2.014748,7.4988
"('TANK', 'TANK', 'CRITICAL_DIS', 'FULL', 'FULL', 'NORMAL', 'FASTER', 'MEC_USED', 'AFFLICTED', 'CLEAN', 'DEBUFF', 'NEUTRAL', 'SET', 'SET', 'CLUTCH', 'BANCO_VAZIO')",37,2,2,100.000,HAZARD,83.784,0.443238,1.5577
"('TANK', 'TANK', 'DOMINANT', 'FULL', 'FULL', 'FIELD_THEIRS', 'SLOWER', 'MEC_USED', 'CLEAN', 'CLEAN', 'NEUTRAL', 'NEUTRAL', 'CLEAR', 'CLEAR', 'OPENING', 'BANCO_OFF')",37,12,13,92.308,ATTACK_PREDICTIVE,13.514,2.368148,10.6776
"('TANK', 'TANK', 'OFFENSIVE_ADV', 'FULL', 'FULL', 'FIELD_THEIRS', 'SLOWER', 'MEC_USED', 'CLEAN', 'CLEAN', 'NEUTRAL', 'NEUTRAL', 'CLEAR', 'CLEAR', 'OPENING', 'BANCO_AMBOS')",37,8,10,80.000,SWITCH_OFFENSIVE,35.135,1.591219,4.9097
"('TANK', 'TANK', 'DOMINANT', 'FULL', 'FULL', 'FIELD_THEIRS', 'FASTER', 'MEC_USED', 'CLEAN', 'CLEAN', 'NEUTRAL', 'NEUTRAL', 'CLEAR', 'CLEAR', 'OPENING', 'BANCO_OFF')",37,9,11,81.818,SWITCH_OFFENSIVE,29.730,2.017180,7.5171
"('TANK', 'TANK', 'OFFENSIVE_DIS', 'FULL', 'FULL', 'NORMAL', 'SLOWER', 'MEC_USED', 'AFFLICTED', 'AFFLICTED', 'NEUTRAL', 'NEUTRAL', 'CLEAR', 'CLEAR', 'RECOVERING', 'BANCO_VAZIO')",37,6,7,85.714,ATTACK_PIVOT,56.757,1.259842,3.5249
"('TANK', 'TANK', 'NEUTRAL', 'FULL', 'SAFE', 'NORMAL', 'SLOWER', 'MEC_USED', 'CLEAN', 'CLEAN', 'NEUTRAL', 'NEUTRAL', 'CLEAR', 'CLEAR', 'OPENING', 'BANCO_OFF')",37,10,12,83.333,SWITCH_OFFENSIVE,21.622,2.081767,8.0186
"('TANK', 'TANK', 'DEFENSIVE_DIS', 'FULL', 'FULL', 'NORMAL', 'SLOWER', 'MEC_USED', 'CLEAN', 'CLEAN', 'NEUTRAL', 'NEUTRAL', 'CLEAR', 'CLEAR', 'OPENING', 'BANCO_AMBOS')",37,10,13,76.923,STATUS,27.027,2.093605,8.1141
"('TANK', 'TANK', 'OFFENSIVE_DIS', 'FULL', 'FULL', 'FIELD_SHARED', 'SLOWER', 'MEC_USED', 'CLEAN', 'CLEAN', 'NEUTRAL', 'NEUTRAL', 'CLEAR', 'CLEAR', 'OPENING', 'BANCO_OFF')",36,10,14,71.429,ATTACK_PIVOT,22.222,2.088908,8.0761
"('SWEEPER', 'TANK', 'OFFENSIVE_ADV', 'FULL', 'FULL', 'FIELD_OURS_OFF', 'FASTER', 'MEC_USED', 'CLEAN', 'CLEAN', 'NEUTRAL', 'NEUTRAL', 'CLEAR', 'CLEAR', 'OPENING', 'BANCO_AMBOS')",36,7,7,100.000,ATTACK_STRONG,22.222,1.790589,5.9930
"('TANK', 'TANK', 'OFFENSIVE_ADV', 'FULL', 'FULL', 'NORMAL', 'FASTER', 'MEC_USED', 'CLEAN', 'CLEAN', 'NEUTRAL', 'NEUTRAL', 'CLEAR', 'CLEAR', 'OPENING', 'BANCO_VAZIO')",36,9,9,100.000,PROTECT,44.444,1.667549,5.2992
"('TANK', 'TANK', 'OFFENSIVE_ADV', 'FULL', 'SAFE', 'FIELD_THEIRS', 'FASTER', 'MEC_USED', 'CLEAN', 'CLEAN', 'NEUTRAL', 'NEUTRAL', 'CLEAR', 'CLEAR', 'OPENING', 'BANCO_OFF')",36,12,13,92.308,ATTACK_PREDICTIVE,19.444,2.214988,9.1613
"('TANK', 'TANK', 'OFFENSIVE_DIS', 'FULL', 'FULL', 'NORMAL', 'FASTER', 'MEC_USED', 'CLEAN', 'CLEAN', 'NEUTRAL', 'NEUTRAL', 'SET', 'CLEAR', 'OPENING', 'BANCO_OFF')",36,8,13,61.538,CLEAN_HAZARD,50.000,1.507668,4.5162
"('UTILITY', 'TANK', 'DEFENSIVE_DIS', 'FULL', 'FULL', 'NORMAL', 'FASTER', 'MEC_USED', 'CLEAN', 'CLEAN', 'NEUTRAL', 'NEUTRAL', 'CLEAR', 'CLEAR', 'OPENING', 'BANCO_OFF')",35,8,8,100.000,ATTACK_PREDICTIVE,17.143,2.011643,7.4756
"('TANK', 'TANK', 'DEFENSIVE_DIS', 'FULL', 'FULL', 'NORMAL', 'SLOWER', 'MEC_USED', 'CLEAN', 'CLEAN', 'NEUTRAL', 'NEUTRAL', 'CLEAR', 'CLEAR', 'OPENING', 'BANCO_OFF')",35,10,13,76.923,ATTACK_PREDICTIVE,20.000,2.148545,8.5724
"('TANK', 'SWEEPER', 'NEUTRAL', 'FULL', 'FULL', 'FIELD_OURS_OFF', 'SLOWER', 'MEC_USED', 'CLEAN', 'CLEAN', 'NEUTRAL', 'NEUTRAL', 'CLEAR', 'CLEAR', 'OPENING', 'BANCO_AMBOS')",35,11,11,100.000,ATTACK_PIVOT,14.286,2.307808,10.0524
"('TANK', 'TANK', 'VOLATILE', 'FULL', 'FULL', 'FIELD_SHARED', 'FASTER', 'MEC_USED', 'CLEAN', 'CLEAN', 'NEUTRAL', 'NEUTRAL', 'CLEAR', 'CLEAR', 'OPENING', 'BANCO_AMBOS')",35,9,11,81.818,ATTACK_STRONG,68.571,1.242336,3.4637
"('TANK', 'TANK', 'DEFENSIVE_DIS', 'FULL', 'FULL', 'NORMAL', 'FASTER', 'MEC_USED', 'AFFLICTED', 'CLEAN', 'NEUTRAL', 'NEUTRAL', 'CLEAR', 'CLEAR', 'CLUTCH', 'BANCO_VAZIO')",35,3,4,75.000,CLEAN_HAZARD,62.857,0.760439,2.1392
"('TANK', 'TANK', 'OFFENSIVE_ADV', 'SAFE', 'FULL', 'NORMAL', 'SLOWER', 'MEC_USED', 'CLEAN', 'CLEAN', 'NEUTRAL', 'NEUTRAL', 'CLEAR', 'CLEAR', 'OPENING', 'BANCO_OFF')",34,8,11,72.727,ATTACK_TECH,47.059,1.560954,4.7634
"('TANK', 'TANK', 'NEUTRAL', 'FULL', 'FULL', 'NORMAL', 'FASTER', 'MEC_USED', 'CLEAN', 'CLEAN', 'NEUTRAL', 'NEUTRAL', 'SET', 'CLEAR', 'OPENING', 'BANCO_OFF')",34,14,14,100.000,SWITCH_OFFENSIVE,23.529,2.377275,10.7755
"('TANK', 'TANK', 'DEFENSIVE_DIS', 'FULL', 'FULL', 'FIELD_OURS_OFF', 'FASTER', 'MEC_USED', 'CLEAN', 'CLEAN', 'NEUTRAL', 'NEUTRAL', 'CLEAR', 'CLEAR', 'OPENING', 'BANCO_AMBOS')",34,8,8,100.000,ATTACK_PIVOT,38.235,1.706503,5.5097
"('TANK', 'TANK', 'NEUTRAL', 'SAFE', 'FULL', 'NORMAL', 'FASTER', 'MEC_USED', 'CLEAN', 'CLEAN', 'NEUTRAL', 'NEUTRAL', 'CLEAR', 'CLEAR', 'OPENING', 'BANCO_VAZIO')",34,13,13,100.000,ATTACK_PIVOT,20.588,2.327364,10.2509
"('TANK', 'TANK', 'OFFENSIVE_DIS', 'FULL', 'FULL', 'FIELD_THEIRS', 'SLOWER', 'MEC_USED', 'CLEAN', 'CLEAN', 'NEUTRAL', 'NEUTRAL', 'CLEAR', 'CLEAR', 'OPENING', 'BANCO_OFF')",33,11,11,100.000,ATTACK_TECH,39.394,1.950254,7.0305
"('TANK', 'TANK', 'OFFENSIVE_ADV', 'FULL', 'FULL', 'FIELD_THEIRS', 'FASTER', 'MEC_USED', 'CLEAN', 'CLEAN', 'NEUTRAL', 'NEUTRAL', 'CLEAR', 'CLEAR', 'OPENING', 'BANCO_AMBOS')",33,12,12,100.000,STATUS,27.273,2.099095,8.1588
"('SWEEPER', 'TANK', 'OFFENSIVE_ADV', 'FULL', 'FULL', 'FIELD_SHARED', 'FASTER', 'MEC_USED', 'CLEAN', 'CLEAN', 'NEUTRAL', 'NEUTRAL', 'CLEAR', 'CLEAR', 'OPENING', 'BANCO_AMBOS')",33,8,8,100.000,SWITCH_DEFENSIVE,36.364,1.821431,6.1807
"('TANK', 'TANK', 'DOMINANT', 'FULL', 'FULL', 'FIELD_THEIRS', 'SLOWER', 'MEC_USED', 'CLEAN', 'CLEAN', 'NEUTRAL', 'NEUTRAL', 'CLEAR', 'CLEAR', 'OPENING', 'BANCO_AMBOS')",32,10,10,100.000,ATTACK_PIVOT,28.125,2.068535,7.9132
"('TANK', 'TANK', 'VOLATILE', 'FULL', 'FULL', 'FIELD_THEIRS', 'SLOWER', 'MEC_USED', 'CLEAN', 'CLEAN', 'NEUTRAL', 'NEUTRAL', 'CLEAR', 'CLEAR', 'OPENING', 'BANCO_AMBOS')",32,11,13,84.615,ATTACK_TECH,21.875,2.184812,8.8890
"('TANK', 'TANK', 'OFFENSIVE_DIS', 'FULL', 'SAFE', 'NORMAL', 'SLOWER', 'MEC_USED', 'CLEAN', 'CLEAN', 'NEUTRAL', 'NEUTRAL', 'CLEAR', 'CLEAR', 'OPENING', 'BANCO_OFF')",32,9,14,64.286,SWITCH_OFFENSIVE,37.500,1.800150,6.0506
"('TANK', 'TANK', 'DEFENSIVE_ADV', 'FULL', 'FULL', 'NORMAL', 'FASTER', 'MEC_USED', 'CLEAN', 'CLEAN', 'NEUTRAL', 'DEBUFF', 'SET', 'SET', 'CLUTCH', 'BANCO_VAZIO')",32,3,3,100.000,HEAL,56.250,0.797891,2.2209
"('SWEEPER', 'TANK', 'DOMINANT', 'FULL', 'FULL', 'FIELD_THEIRS', 'FASTER', 'MEC_USED', 'CLEAN', 'CLEAN', 'NEUTRAL', 'NEUTRAL', 'CLEAR', 'CLEAR', 'OPENING', 'BANCO_AMBOS')",31,6,7,85.714,ATTACK_PREDICTIVE,38.710,1.504271,4.5009
"('TANK', 'TANK', 'NEUTRAL', 'FULL', 'SAFE', 'NORMAL', 'FASTER', 'MEC_USED', 'CLEAN', 'CLEAN', 'NEUTRAL', 'NEUTRAL', 'CLEAR', 'CLEAR', 'OPENING', 'BANCO_OFF')",31,9,10,90.000,SWITCH_OFFENSIVE,32.258,1.863476,6.4461
"('TANK', 'TANK', 'OFFENSIVE_ADV', 'FULL', 'SAFE', 'NORMAL', 'SLOWER', 'MEC_USED', 'CLEAN', 'CLEAN', 'NEUTRAL', 'NEUTRAL', 'CLEAR', 'CLEAR', 'OPENING', 'BANCO_OFF')",31,12,13,92.308,ATTACK_TECH,32.258,2.210268,9.1182
"('UTILITY', 'TANK', 'DOMINANT', 'FULL', 'FULL', 'FIELD_THEIRS', 'FASTER', 'MEC_USED', 'CLEAN', 'CLEAN', 'NEUTRAL', 'NEUTRAL', 'CLEAR', 'CLEAR', 'OPENING', 'BANCO_OFF')",31,5,5,100.000,ATTACK_STRONG,38.710,1.462301,4.3159
"('TANK', 'TANK', 'DEFENSIVE_DIS', 'SAFE', 'FULL', 'NORMAL', 'FASTER', 'MEC_USED', 'CLEAN', 'CLEAN', 'NEUTRAL', 'NEUTRAL', 'CLEAR', 'CLEAR', 'OPENING', 'BANCO_AMBOS')",30,10,11,90.909,ATTACK_STRONG,23.333,2.069762,7.9229
"('TANK', 'TANK', 'VOLATILE', 'FULL', 'FULL', 'FIELD_THEIRS', 'SLOWER', 'MEC_USED', 'CLEAN', 'CLEAN', 'NEUTRAL', 'NEUTRAL', 'CLEAR', 'CLEAR', 'OPENING', 'BANCO_OFF')",30,9,10,90.000,SWITCH_DEFENSIVE,26.667,1.959304,7.0944
"('TANK', 'TANK', 'VOLATILE', 'FULL', 'FULL', 'NORMAL', 'FASTER', 'MEC_USED', 'CLEAN', 'CLEAN', 'NEUTRAL', 'NEUTRAL', 'CLEAR', 'CLEAR', 'OPENING', 'BANCO_AMBOS')",30,9,11,81.818,ATTACK_PREDICTIVE,23.333,1.979650,7.2402
"('TANK', 'TANK', 'DOMINANT', 'FULL', 'FULL', 'FIELD_OURS_OFF', 'FASTER', 'MEC_USED', 'CLEAN', 'CLEAN', 'NEUTRAL', 'NEUTRAL', 'CLEAR', 'CLEAR', 'OPENING', 'BANCO_AMBOS')",30,9,9,100.000,BUFF,26.667,1.991346,7.3254
"('SWEEPER', 'TANK', 'OFFENSIVE_ADV', 'FULL', 'FULL', 'FIELD_SHARED', 'FASTER', 'MEC_USED', 'CLEAN', 'CLEAN', 'NEUTRAL', 'NEUTRAL', 'CLEAR', 'CLEAR', 'OPENING', 'BANCO_OFF')",30,7,8,87.500,ATTACK_STRONG,33.333,1.691661,5.4285
"('TANK', 'TANK', 'NEUTRAL', 'FULL', 'FULL', 'FIELD_SHARED', 'SLOWER', 'MEC_USED', 'CLEAN', 'CLEAN', 'NEUTRAL', 'NEUTRAL', 'CLEAR', 'CLEAR', 'OPENING', 'BANCO_AMBOS')",30,8,10,80.000,ATTACK_STRONG,30.000,1.873063,6.5082
"('TANK', 'TANK', 'NEUTRAL', 'FULL', 'FULL', 'NORMAL', 'SLOWER', 'MEC_AVAIL', 'CLEAN', 'CLEAN', 'NEUTRAL', 'NEUTRAL', 'CLEAR', 'CLEAR', 'OPENING', 'BANCO_OFF')",29,13,20,65.000,FIELD_CONTROL,20.690,2.339059,10.3715
"('TANK', 'TANK', 'DEFENSIVE_DIS', 'FULL', 'FULL', 'FIELD_OURS_DEF', 'FASTER', 'MEC_USED', 'CLEAN', 'CLEAN', 'NEUTRAL', 'NEUTRAL', 'CLEAR', 'CLEAR', 'OPENING', 'BANCO_AMBOS')",29,6,8,75.000,SWITCH_OFFENSIVE,58.621,1.267505,3.5520
"('TANK', 'TANK', 'VOLATILE', 'SAFE', 'FULL', 'NORMAL', 'FASTER', 'MEC_USED', 'CLEAN', 'CLEAN', 'NEUTRAL', 'NEUTRAL', 'CLEAR', 'CLEAR', 'OPENING', 'BANCO_OFF')",29,6,6,100.000,HEAL,48.276,1.492873,4.4499
"('TANK', 'TANK', 'CRITICAL_DIS', 'FULL', 'FULL', 'NORMAL', 'FASTER', 'MEC_USED', 'AFFLICTED', 'AFFLICTED', 'DEBUFF', 'DEBUFF', 'CLEAR', 'CLEAR', 'CLUTCH', 'BANCO_VAZIO')",29,1,3,33.333,HAZARD,100.000,-0.000000,1.0000
"('TANK', 'TANK', 'DOMINANT', 'FULL', 'FULL', 'FIELD_SHARED', 'SLOWER', 'MEC_USED', 'CLEAN', 'CLEAN', 'NEUTRAL', 'NEUTRAL', 'CLEAR', 'CLEAR', 'OPENING', 'BANCO_AMBOS')",28,8,11,72.727,ATTACK_STRONG,46.429,1.658366,5.2507
"('SWEEPER', 'TANK', 'DEFENSIVE_DIS', 'FULL', 'FULL', 'NORMAL', 'FASTER', 'MEC_USED', 'CLEAN', 'CLEAN', 'NEUTRAL', 'NEUTRAL', 'CLEAR', 'CLEAR', 'OPENING', 'BANCO_AMBOS')",28,6,8,75.000,SWITCH_OFFENSIVE,75.000,0.931104,2.5373
"('TANK', 'TANK', 'DEFENSIVE_DIS', 'FULL', 'FULL', 'FIELD_OURS_DEF', 'SLOWER', 'MEC_USED', 'CLEAN', 'CLEAN', 'NEUTRAL', 'NEUTRAL', 'CLEAR', 'CLEAR', 'OPENING', 'BANCO_OFF')",28,5,6,83.333,SWITCH_DEFENSIVE,35.714,1.448576,4.2570
"('TANK', 'TANK', 'OFFENSIVE_DIS', 'FULL', 'FULL', 'NORMAL', 'FASTER', 'MEC_USED', 'CLEAN', 'CLEAN', 'DEBUFF', 'NEUTRAL', 'SET', 'CLEAR', 'CLUTCH', 'BANCO_VAZIO')",28,2,3,66.667,STATUS,96.429,0.154076,1.1666
"('SWEEPER', 'TANK', 'NEUTRAL', 'FULL', 'FULL', 'FIELD_SHARED', 'FASTER', 'MEC_USED', 'CLEAN', 'CLEAN', 'NEUTRAL', 'NEUTRAL', 'CLEAR', 'CLEAR', 'OPENING', 'BANCO_AMBOS')",27,7,7,100.000,SWITCH_DEFENSIVE,29.630,1.816875,6.1526
"('TANK', 'TANK', 'VOLATILE', 'FULL', 'FULL', 'FIELD_THEIRS', 'FASTER', 'MEC_AVAIL', 'CLEAN', 'CLEAN', 'NEUTRAL', 'NEUTRAL', 'CLEAR', 'CLEAR', 'OPENING', 'BANCO_OFF')",27,8,10,80.000,ATTACK_STRONG,25.926,1.892316,6.6347
"('TANK', 'SWEEPER', 'NEUTRAL', 'FULL', 'FULL', 'NORMAL', 'SLOWER', 'MEC_USED', 'CLEAN', 'CLEAN', 'NEUTRAL', 'NEUTRAL', 'CLEAR', 'CLEAR', 'OPENING', 'BANCO_AMBOS')",27,9,13,69.231,SWITCH_DEFENSIVE,44.444,1.761300,5.8200
"('TANK', 'SWEEPER', 'OFFENSIVE_ADV', 'FULL', 'FULL', 'FIELD_SHARED', 'SLOWER', 'MEC_USED', 'CLEAN', 'CLEAN', 'NEUTRAL', 'NEUTRAL', 'CLEAR', 'CLEAR', 'OPENING', 'BANCO_OFF')",27,12,13,92.308,ATTACK_STRONG,22.222,2.240214,9.3953
"('TANK', 'TANK', 'OFFENSIVE_ADV', 'FULL', 'FULL', 'NORMAL', 'FASTER', 'MEC_USED', 'CLEAN', 'CLEAN', 'NEUTRAL', 'NEUTRAL', 'SET', 'CLEAR', 'OPENING', 'BANCO_OFF')",27,12,12,100.000,CLEAN_HAZARD,22.222,2.345467,10.4381
"('TANK', 'TANK', 'DEFENSIVE_DIS', 'FULL', 'FULL', 'FIELD_SHARED', 'SLOWER', 'MEC_USED', 'CLEAN', 'CLEAN', 'NEUTRAL', 'NEUTRAL', 'CLEAR', 'CLEAR', 'OPENING', 'BANCO_AMBOS')",27,7,9,77.778,SWITCH_OFFENSIVE,37.037,1.695471,5.4492
"('TANK', 'TANK', 'VOLATILE', 'FULL', 'FULL', 'NORMAL', 'FASTER', 'MEC_AVAIL', 'CLEAN', 'CLEAN', 'NEUTRAL', 'NEUTRAL', 'CLEAR', 'CLEAR', 'OPENING', 'BANCO_OFF')",26,11,18,61.111,ATTACK_STRONG,19.231,2.225599,9.2590
"('TANK', 'TANK', 'OFFENSIVE_DIS', 'FULL', 'FULL', 'FIELD_THEIRS', 'FASTER', 'MEC_USED', 'CLEAN', 'CLEAN', 'NEUTRAL', 'NEUTRAL', 'CLEAR', 'CLEAR', 'OPENING', 'BANCO_AMBOS')",26,10,10,100.000,ATTACK_TECH,26.923,1.976898,7.2203
"('TANK', 'SWEEPER', 'NEUTRAL', 'FULL', 'FULL', 'FIELD_SHARED', 'SLOWER', 'MEC_USED', 'CLEAN', 'CLEAN', 'NEUTRAL', 'NEUTRAL', 'CLEAR', 'CLEAR', 'OPENING', 'BANCO_AMBOS')",26,8,10,80.000,ATTACK_STRONG,23.077,1.812116,6.1234
"('SWEEPER', 'UTILITY', 'OFFENSIVE_ADV', 'FULL', 'FULL', 'NORMAL', 'FASTER', 'MEC_USED', 'CLEAN', 'CLEAN', 'NEUTRAL', 'NEUTRAL', 'CLEAR', 'CLEAR', 'OPENING', 'BANCO_OFF')",26,7,7,100.000,ATTACK_PREDICTIVE,38.462,1.652159,5.2182
"('TANK', 'TANK', 'NEUTRAL', 'SAFE', 'SAFE', 'NORMAL', 'FASTER', 'MEC_USED', 'CLEAN', 'CLEAN', 'NEUTRAL', 'NEUTRAL', 'CLEAR', 'CLEAR', 'OPENING', 'BANCO_OFF')",26,9,12,75.000,STATUS,23.077,2.048179,7.7538
"('SWEEPER', 'TANK', 'NEUTRAL', 'FULL', 'FULL', 'NORMAL', 'FASTER', 'MEC_USED', 'CLEAN', 'CLEAN', 'NEUTRAL', 'DEBUFF', 'CLEAR', 'CLEAR', 'OPENING', 'BANCO_AMBOS')",26,6,6,100.000,ATTACK_PREDICTIVE,38.462,1.616303,5.0344
"('TANK', 'TANK', 'OFFENSIVE_ADV', 'SAFE', 'FULL', 'FIELD_THEIRS', 'SLOWER', 'MEC_USED', 'CLEAN', 'CLEAN', 'NEUTRAL', 'NEUTRAL', 'CLEAR', 'CLEAR', 'OPENING', 'BANCO_OFF')",26,11,13,84.615,ATTACK_STRONG,23.077,2.161873,8.6874
"('TANK', 'TANK', 'DOMINANT', 'FULL', 'FULL', 'NORMAL', 'FASTER', 'MEC_AVAIL', 'CLEAN', 'CLEAN', 'NEUTRAL', 'NEUTRAL', 'CLEAR', 'CLEAR', 'OPENING', 'BANCO_AMBOS')",26,8,14,57.143,SWITCH_DEFENSIVE,46.154,1.471388,4.3553
"('TANK', 'TANK', 'NEUTRAL', 'FULL', 'DANGER', 'NORMAL', 'FASTER', 'MEC_USED', 'AFFLICTED', 'AFFLICTED', 'DEBUFF', 'DEBUFF_DEBUFF', 'CLEAR', 'CLEAR', 'CLUTCH', 'BANCO_VAZIO')",26,3,3,100.000,HAZARD,80.769,0.618977,1.8570
"('TANK', 'TANK', 'DEFENSIVE_DIS', 'FULL', 'FULL', 'NORMAL', 'SLOWER', 'MEC_USED', 'CLEAN', 'AFFLICTED', 'NEUTRAL', 'NEUTRAL', 'SET', 'SET', 'RECOVERING', 'BANCO_VAZIO')",26,5,7,71.429,STAT_CLEAN,84.615,0.642599,1.9014
"('TANK', 'TANK', 'CRITICAL_DIS', 'FULL', 'FULL', 'NORMAL', 'FASTER', 'MEC_USED', 'AFFLICTED', 'CLEAN', 'NEUTRAL', 'NEUTRAL', 'SET', 'CLEAR', 'CLUTCH', 'BANCO_VAZIO')",25,5,6,83.333,SWITCH_DEFENSIVE,60.000,1.184953,3.2705
"('TANK', 'TANK', 'DEFENSIVE_ADV', 'FULL', 'FULL', 'FIELD_SHARED', 'FASTER', 'MEC_USED', 'CLEAN', 'CLEAN', 'NEUTRAL', 'NEUTRAL', 'CLEAR', 'CLEAR', 'OPENING', 'BANCO_AMBOS')",25,8,9,88.889,ATTACK_PIVOT,32.000,1.843405,6.3180
"('TANK', 'TANK', 'OFFENSIVE_ADV', 'FULL', 'FULL', 'NORMAL', 'FASTER', 'MEC_USED', 'CLEAN', 'CLEAN', 'NEUTRAL', 'NEUTRAL', 'CLEAR', 'CLEAR', 'BRAWL', 'BANCO_OFF')",25,8,11,72.727,ATTACK_PREDICTIVE,52.000,1.586913,4.8886
"('TANK', 'SWEEPER', 'CRITICAL_DIS', 'FULL', 'FULL', 'FIELD_THEIRS', 'SLOWER', 'MEC_USED', 'CLEAN', 'CLEAN', 'NEUTRAL', 'NEUTRAL', 'CLEAR', 'CLEAR', 'OPENING', 'BANCO_AMBOS')",25,10,11,90.909,ATTACK_TECH,28.000,2.001262,7.3984
"('TANK', 'TANK', 'OFFENSIVE_ADV', 'FULL', 'SAFE', 'FIELD_SHARED', 'SLOWER', 'MEC_USED', 'CLEAN', 'CLEAN', 'NEUTRAL', 'NEUTRAL', 'CLEAR', 'CLEAR', 'OPENING', 'BANCO_OFF')",25,9,12,75.000,ATTACK_PREDICTIVE,24.000,1.984261,7.2737
"('TANK', 'TANK', 'NEUTRAL', 'FULL', 'FULL', 'FIELD_SHARED', 'FASTER', 'MEC_USED', 'CLEAN', 'CLEAN', 'NEUTRAL', 'NEUTRAL', 'CLEAR', 'CLEAR', 'OPENING', 'BANCO_VAZIO')",25,10,12,83.333,ATTACK_PIVOT,24.000,2.123432,8.3598
"('TANK', 'TANK', 'DEFENSIVE_DIS', 'FULL', 'FULL', 'FIELD_OURS_DEF', 'FASTER', 'MEC_AVAIL', 'CLEAN', 'CLEAN', 'NEUTRAL', 'NEUTRAL', 'CLEAR', 'CLEAR', 'OPENING', 'BANCO_AMBOS')",25,10,12,83.333,BUFF,24.000,2.102502,8.1866
"('TANK', 'SWEEPER', 'DEFENSIVE_DIS', 'FULL', 'FULL', 'FIELD_OURS_DEF', 'SLOWER', 'MEC_USED', 'CLEAN', 'CLEAN', 'NEUTRAL', 'NEUTRAL', 'CLEAR', 'CLEAR', 'OPENING', 'BANCO_OFF')",25,4,6,66.667,ATTACK_STRONG,48.000,1.103286,3.0141
"('TANK', 'TANK', 'NEUTRAL', 'SAFE', 'FULL', 'NORMAL', 'SLOWER', 'MEC_USED', 'CLEAN', 'CLEAN', 'NEUTRAL', 'NEUTRAL', 'CLEAR', 'CLEAR', 'OPENING', 'BANCO_OFF')",25,7,14,50.000,HEAL,52.000,1.399628,4.0537
"('TANK', 'TANK', 'VOLATILE', 'FULL', 'FULL', 'FIELD_SHARED', 'FASTER', 'MEC_USED', 'CLEAN', 'CLEAN', 'NEUTRAL', 'NEUTRAL', 'CLEAR', 'CLEAR', 'OPENING', 'BANCO_OFF')",25,8,10,80.000,SWITCH_OFFENSIVE,36.000,1.773277,5.8901
"('TANK', 'TANK', 'NEUTRAL', 'FULL', 'SAFE', 'NORMAL', 'SLOWER', 'MEC_USED', 'CLEAN', 'AFFLICTED', 'NEUTRAL', 'DEBUFF', 'SET', 'SET', 'CLUTCH', 'BANCO_VAZIO')",25,1,7,14.286,ATTACK_STRONG,100.000,-0.000000,1.0000
"('TANK', 'TANK', 'OFFENSIVE_DIS', 'DANGER', 'FULL', 'NORMAL', 'SLOWER', 'MEC_USED', 'CLEAN', 'CLEAN', 'NEUTRAL', 'NEUTRAL', 'SET', 'SET', 'RECOVERING', 'BANCO_VAZIO')",25,6,9,66.667,STAT_CLEAN,72.000,1.026905,2.7924
"('TANK', 'TANK', 'CRITICAL_DIS', 'FULL', 'SAFE', 'NORMAL', 'FASTER', 'MEC_USED', 'AFFLICTED', 'CLEAN', 'NEUTRAL', 'NEUTRAL', 'CLEAR', 'SET', 'RECOVERING', 'BANCO_VAZIO')",25,2,2,100.000,HAZARD,96.000,0.167944,1.1829
"('TANK', 'TANK', 'OFFENSIVE_ADV', 'SAFE', 'FULL', 'FIELD_SHARED', 'SLOWER', 'MEC_USED', 'CLEAN', 'CLEAN', 'NEUTRAL', 'NEUTRAL', 'CLEAR', 'CLEAR', 'OPENING', 'BANCO_OFF')",24,9,10,90.000,ATTACK_STRONG,16.667,2.094729,8.1232
"('TANK', 'TANK', 'DEFENSIVE_DIS', 'FULL', 'FULL', 'FIELD_OURS_DEF', 'FASTER', 'MEC_USED', 'CLEAN', 'CLEAN', 'NEUTRAL', 'NEUTRAL', 'CLEAR', 'CLEAR', 'OPENING', 'BANCO_OFF')",24,7,10,70.000,SWITCH_OFFENSIVE,37.500,1.591449,4.9109
"('TANK', 'TANK', 'DEFENSIVE_DIS', 'FULL', 'FULL', 'NORMAL', 'FASTER', 'MEC_AVAIL', 'CLEAN', 'CLEAN', 'NEUTRAL', 'NEUTRAL', 'CLEAR', 'CLEAR', 'OPENING', 'BANCO_AMBOS')",24,13,16,81.250,ATTACK_PREDICTIVE,16.667,2.419501,11.2402
"('TANK', 'TANK', 'DEFENSIVE_DIS', 'FULL', 'SAFE', 'NORMAL', 'SLOWER', 'MEC_USED', 'CLEAN', 'AFFLICTED', 'NEUTRAL', 'NEUTRAL', 'CLEAR', 'SET', 'CLUTCH', 'BANCO_VAZIO')",24,3,5,60.000,ATTACK_STRONG,58.333,0.814645,2.2584
"('TANK', 'TANK', 'OFFENSIVE_ADV', 'SAFE', 'SAFE', 'NORMAL', 'SLOWER', 'MEC_USED', 'CLEAN', 'CLEAN', 'NEUTRAL', 'NEUTRAL', 'CLEAR', 'CLEAR', 'OPENING', 'BANCO_OFF')",24,11,12,91.667,SWITCH_DEFENSIVE,25.000,2.166650,8.7290
"('TANK', 'UTILITY', 'NEUTRAL', 'FULL', 'FULL', 'NORMAL', 'SLOWER', 'MEC_USED', 'CLEAN', 'CLEAN', 'NEUTRAL', 'NEUTRAL', 'CLEAR', 'CLEAR', 'OPENING', 'BANCO_OFF')",24,11,12,91.667,SWITCH_DEFENSIVE,29.167,2.104795,8.2054
"('TANK', 'TANK', 'NEUTRAL', 'SAFE', 'FULL', 'FIELD_SHARED', 'SLOWER', 'MEC_USED', 'CLEAN', 'CLEAN', 'NEUTRAL', 'NEUTRAL', 'CLEAR', 'CLEAR', 'OPENING', 'BANCO_OFF')",24,11,12,91.667,ATTACK_PIVOT,20.833,2.243330,9.4247
"('TANK', 'TANK', 'NEUTRAL', 'FULL', 'SAFE', 'NORMAL', 'SLOWER', 'MEC_USED', 'CLEAN', 'CLEAN', 'NEUTRAL', 'NEUTRAL', 'CLEAR', 'SET', 'RECOVERING', 'BANCO_VAZIO')",24,8,12,66.667,STAT_CLEAN,45.833,1.688841,5.4132
"('TANK', 'TANK', 'NEUTRAL', 'FULL', 'FULL', 'NORMAL', 'FASTER', 'MEC_USED', 'AFFLICTED', 'AFFLICTED', 'NEUTRAL', 'BUFFED_DEBUFF', 'SET', 'SET', 'CLUTCH', 'BANCO_VAZIO')",23,2,2,100.000,HAZARD,95.652,0.178845,1.1958
"('TANK', 'TANK', 'DOMINANT', 'FULL', 'FULL', 'FIELD_THEIRS', 'FASTER', 'MEC_AVAIL', 'CLEAN', 'CLEAN', 'NEUTRAL', 'NEUTRAL', 'CLEAR', 'CLEAR', 'OPENING', 'BANCO_AMBOS')",23,10,16,62.500,ATTACK_PREDICTIVE_MEC,30.435,1.890754,6.6244
"('SWEEPER', 'TANK', 'NEUTRAL', 'FULL', 'FULL', 'FIELD_OURS_OFF', 'FASTER', 'MEC_USED', 'CLEAN', 'CLEAN', 'NEUTRAL', 'NEUTRAL', 'CLEAR', 'CLEAR', 'OPENING', 'BANCO_AMBOS')",23,6,6,100.000,ATTACK_STRONG,30.435,1.665694,5.2893
"('TANK', 'TANK', 'NEUTRAL', 'SAFE', 'SAFE', 'NORMAL', 'FASTER', 'MEC_USED', 'CLEAN', 'CLEAN', 'NEUTRAL', 'NEUTRAL', 'SET', 'SET', 'BRAWL', 'BANCO_VAZIO')",23,7,13,53.846,HEAL,52.174,1.428870,4.1740
"('TANK', 'TANK', 'NEUTRAL', 'SAFE', 'SAFE', 'NORMAL', 'FASTER', 'MEC_USED', 'CLEAN', 'CLEAN', 'NEUTRAL', 'NEUTRAL', 'CLEAR', 'CLEAR', 'OPENING', 'BANCO_VAZIO')",23,13,13,100.000,HEAL,26.087,2.343960,10.4224
"('TANK', 'UTILITY', 'OFFENSIVE_DIS', 'FULL', 'FULL', 'NORMAL', 'SLOWER', 'MEC_USED', 'CLEAN', 'CLEAN', 'NEUTRAL', 'NEUTRAL', 'CLEAR', 'CLEAR', 'OPENING', 'BANCO_AMBOS')",23,6,9,66.667,ATTACK_TECH,26.087,1.647214,5.1925
"('TANK', 'TANK', 'DEFENSIVE_DIS', 'FULL', 'FULL', 'FIELD_SHARED', 'FASTER', 'MEC_USED', 'CLEAN', 'CLEAN', 'NEUTRAL', 'NEUTRAL', 'CLEAR', 'CLEAR', 'OPENING', 'BANCO_OFF')",23,9,10,90.000,ATTACK_STRONG,30.435,1.929538,6.8863
"('TANK', 'SWEEPER', 'OFFENSIVE_ADV', 'SAFE', 'FULL', 'NORMAL', 'SLOWER', 'MEC_USED', 'CLEAN', 'CLEAN', 'NEUTRAL', 'NEUTRAL', 'CLEAR', 'CLEAR', 'OPENING', 'BANCO_OFF')",23,12,12,100.000,ATTACK_STRONG,26.087,2.185889,8.8986
"('TANK', 'TANK', 'VOLATILE', 'FULL', 'FULL', 'FIELD_THEIRS', 'FASTER', 'MEC_USED', 'CLEAN', 'CLEAN', 'NEUTRAL', 'NEUTRAL', 'CLEAR', 'CLEAR', 'OPENING', 'BANCO_AMBOS')",23,8,10,80.000,SWITCH_DEFENSIVE,60.870,1.408564,4.0901
"('TANK', 'TANK', 'OFFENSIVE_ADV', 'FULL', 'FULL', 'FIELD_OURS_OFF', 'SLOWER', 'MEC_USED', 'CLEAN', 'CLEAN', 'NEUTRAL', 'NEUTRAL', 'CLEAR', 'CLEAR', 'OPENING', 'BANCO_AMBOS')",23,9,9,100.000,ATTACK_PIVOT,34.783,1.824247,6.1981
"('TANK', 'TANK', 'NEUTRAL', 'SAFE', 'FULL', 'FIELD_SHARED', 'FASTER', 'MEC_USED', 'CLEAN', 'CLEAN', 'NEUTRAL', 'NEUTRAL', 'CLEAR', 'CLEAR', 'OPENING', 'BANCO_OFF')",23,7,10,70.000,ATTACK_STRONG,34.783,1.616406,5.0350
"('TANK', 'TANK', 'OFFENSIVE_DIS', 'FULL', 'FULL', 'NORMAL', 'FASTER', 'MEC_AVAIL', 'CLEAN', 'CLEAN', 'NEUTRAL', 'NEUTRAL', 'CLEAR', 'CLEAR', 'BRAWL', 'BANCO_OFF')",23,3,8,37.500,STATUS,43.478,1.033492,2.8109
"('TANK', 'TANK', 'CRITICAL_DIS', 'FULL', 'FULL', 'FIELD_THEIRS', 'FASTER', 'MEC_USED', 'CLEAN', 'CLEAN', 'NEUTRAL', 'NEUTRAL', 'CLEAR', 'CLEAR', 'OPENING', 'BANCO_OFF')",22,12,12,100.000,ATTACK_PIVOT,22.727,2.260383,9.5868
"('TANK', 'TANK', 'NEUTRAL', 'FULL', 'FULL', 'FIELD_SHARED', 'SLOWER', 'MEC_USED', 'CLEAN', 'CLEAN', 'NEUTRAL', 'NEUTRAL', 'CLEAR', 'CLEAR', 'OPENING', 'BANCO_VAZIO')",22,8,11,72.727,SWITCH_OFFENSIVE,27.273,1.885450,6.5893
"('TANK', 'UTILITY', 'DEFENSIVE_DIS', 'FULL', 'FULL', 'FIELD_OURS_DEF', 'SLOWER', 'MEC_USED', 'CLEAN', 'CLEAN', 'NEUTRAL', 'NEUTRAL', 'CLEAR', 'CLEAR', 'OPENING', 'BANCO_AMBOS')",22,4,4,100.000,SWITCH_DEFENSIVE,63.636,1.049007,2.8548
"('TANK', 'TANK', 'VOLATILE', 'FULL', 'FULL', 'FIELD_OURS_OFF', 'FASTER', 'MEC_USED', 'CLEAN', 'CLEAN', 'NEUTRAL', 'NEUTRAL', 'CLEAR', 'CLEAR', 'OPENING', 'BANCO_OFF')",22,7,7,100.000,ATTACK_STRONG,31.818,1.728028,5.6295
"('TANK', 'TANK', 'VOLATILE', 'FULL', 'SAFE', 'NORMAL', 'FASTER', 'MEC_USED', 'CLEAN', 'CLEAN', 'NEUTRAL', 'NEUTRAL', 'CLEAR', 'CLEAR', 'OPENING', 'BANCO_OFF')",22,7,11,63.636,BUFF,22.727,1.819290,6.1675
"('TANK', 'TANK', 'NEUTRAL', 'SAFE', 'SAFE', 'FIELD_SHARED', 'FASTER', 'MEC_USED', 'CLEAN', 'CLEAN', 'NEUTRAL', 'NEUTRAL', 'CLEAR', 'CLEAR', 'OPENING', 'BANCO_OFF')",22,11,13,84.615,SWITCH_DEFENSIVE,18.182,2.287314,9.8484
"('TANK', 'TANK', 'VOLATILE', 'SAFE', 'SAFE', 'NORMAL', 'FASTER', 'MEC_USED', 'CLEAN', 'CLEAN', 'NEUTRAL', 'NEUTRAL', 'CLEAR', 'CLEAR', 'OPENING', 'BANCO_OFF')",22,8,9,88.889,SWITCH_OFFENSIVE,27.273,1.885450,6.5893
"('TANK', 'TANK', 'NEUTRAL', 'FULL', 'FULL', 'NORMAL', 'SLOWER', 'MEC_USED', 'AFFLICTED', 'CLEAN', 'NEUTRAL', 'NEUTRAL', 'SET', 'SET', 'CLUTCH', 'BANCO_VAZIO')",22,2,2,100.000,HAZARD,95.455,0.184907,1.2031
"('TANK', 'TANK', 'VOLATILE', 'FULL', 'FULL', 'NORMAL', 'FASTER', 'MEC_AVAIL', 'CLEAN', 'CLEAN', 'NEUTRAL', 'NEUTRAL', 'CLEAR', 'CLEAR', 'OPENING', 'BANCO_AMBOS')",21,10,12,83.333,ATTACK_STRONG,23.810,2.149392,8.5796
"('TANK', 'TANK', 'NEUTRAL', 'FULL', 'FULL', 'FIELD_OURS_OFF', 'FASTER', 'MEC_USED', 'CLEAN', 'CLEAN', 'NEUTRAL', 'NEUTRAL', 'CLEAR', 'CLEAR', 'OPENING', 'BANCO_OFF')",21,10,11,90.909,ATTACK_TECH,14.286,2.218702,9.1954
"('SWEEPER', 'TANK', 'DEFENSIVE_DIS', 'FULL', 'FULL', 'FIELD_THEIRS', 'FASTER', 'MEC_USED', 'CLEAN', 'CLEAN', 'NEUTRAL', 'NEUTRAL', 'CLEAR', 'CLEAR', 'OPENING', 'BANCO_AMBOS')",21,4,5,80.000,ATTACK_STRONG,66.667,0.996178,2.7079
"('TANK', 'TANK', 'OFFENSIVE_ADV', 'FULL', 'FULL', 'NORMAL', 'SLOWER', 'MEC_USED', 'CLEAN', 'CLEAN', 'NEUTRAL', 'NEUTRAL', 'SET', 'CLEAR', 'OPENING', 'BANCO_OFF')",21,11,12,91.667,SWITCH_OFFENSIVE,19.048,2.293452,9.9091
"('TANK', 'SWEEPER', 'DEFENSIVE_DIS', 'FULL', 'FULL', 'NORMAL', 'SLOWER', 'MEC_USED', 'CLEAN', 'CLEAN', 'NEUTRAL', 'NEUTRAL', 'CLEAR', 'CLEAR', 'OPENING', 'BANCO_AMBOS')",21,6,10,60.000,ATTACK_STRONG,28.571,1.687294,5.4048
"('UTILITY', 'TANK', 'NEUTRAL', 'FULL', 'FULL', 'NORMAL', 'FASTER', 'MEC_USED', 'CLEAN', 'CLEAN', 'NEUTRAL', 'NEUTRAL', 'CLEAR', 'CLEAR', 'OPENING', 'BANCO_OFF')",21,7,9,77.778,ATTACK_PREDICTIVE,47.619,1.498840,4.4765
"('UTILITY', 'TANK', 'DOMINANT', 'FULL', 'FULL', 'NORMAL', 'FASTER', 'MEC_USED', 'CLEAN', 'CLEAN', 'NEUTRAL', 'NEUTRAL', 'CLEAR', 'CLEAR', 'OPENING', 'BANCO_OFF')",21,7,7,100.000,SWITCH_DEFENSIVE,23.810,1.860419,6.4264
"('SWEEPER', 'TANK', 'OFFENSIVE_ADV', 'FULL', 'FULL', 'FIELD_THEIRS', 'FASTER', 'MEC_USED', 'CLEAN', 'CLEAN', 'NEUTRAL', 'DEBUFF', 'CLEAR', 'CLEAR', 'OPENING', 'BANCO_OFF')",21,7,7,100.000,ATTACK_PIVOT,38.095,1.715506,5.5595
"('TANK', 'TANK', 'NEUTRAL', 'FULL', 'FULL', 'NORMAL', 'SLOWER', 'MEC_USED', 'CLEAN', 'CLEAN', 'DEBUFF', 'DEBUFF', 'CLEAR', 'SET', 'CLUTCH', 'BANCO_VAZIO')",21,3,3,100.000,HAZARD,42.857,1.071019,2.9184
"('TANK', 'TANK', 'CRITICAL_DIS', 'FULL', 'FULL', 'FIELD_OURS_DEF', 'FASTER', 'MEC_USED', 'CLEAN', 'CLEAN', 'NEUTRAL', 'NEUTRAL', 'CLEAR', 'CLEAR', 'OPENING', 'BANCO_VAZIO')",21,4,7,57.143,SWITCH_OFFENSIVE,71.429,0.846145,2.3306
"('TANK', 'TANK', 'OFFENSIVE_DIS', 'FULL', 'SAFE', 'NORMAL', 'FASTER', 'MEC_USED', 'CLEAN', 'CLEAN', 'NEUTRAL', 'NEUTRAL', 'CLEAR', 'CLEAR', 'OPENING', 'BANCO_OFF')",21,11,12,91.667,ATTACK_TECH,14.286,2.309633,10.0707
"('SWEEPER', 'TANK', 'DOMINANT', 'FULL', 'FULL', 'FIELD_OURS_OFF', 'FASTER', 'MEC_USED', 'CLEAN', 'CLEAN', 'NEUTRAL', 'NEUTRAL', 'CLEAR', 'CLEAR', 'OPENING', 'BANCO_OFF')",21,4,6,66.667,SWITCH_OFFENSIVE,76.190,0.800046,2.2256
"('TANK', 'SWEEPER', 'OFFENSIVE_DIS', 'SAFE', 'FULL', 'NORMAL', 'SLOWER', 'MEC_USED', 'CLEAN', 'CLEAN', 'NEUTRAL', 'NEUTRAL', 'CLEAR', 'CLEAR', 'OPENING', 'BANCO_OFF')",21,12,14,85.714,ATTACK_PIVOT,14.286,2.400563,11.0294
"('TANK', 'TANK', 'DEFENSIVE_DIS', 'FULL', 'FULL', 'NORMAL', 'FASTER', 'MEC_USED', 'CLEAN', 'CLEAN', 'NEUTRAL', 'NEUTRAL', 'CLEAR', 'CLEAR', 'OPENING', 'BANCO_VAZIO')",21,7,10,70.000,ATTACK_STRONG,33.333,1.751926,5.7657
"('TANK', 'TANK', 'NEUTRAL', 'SAFE', 'SAFE', 'NORMAL', 'SLOWER', 'MEC_USED', 'CLEAN', 'CLEAN', 'NEUTRAL', 'NEUTRAL', 'CLEAR', 'SET', 'OPENING', 'BANCO_OFF')",21,5,12,41.667,ATTACK_PREDICTIVE,52.381,1.210537,3.3553
"('TANK', 'TANK', 'NEUTRAL', 'FULL', 'FULL', 'FIELD_OURS_OFF', 'SLOWER', 'MEC_USED', 'CLEAN', 'CLEAN', 'NEUTRAL', 'NEUTRAL', 'CLEAR', 'CLEAR', 'OPENING', 'BANCO_OFF')",20,6,9,66.667,STATUS,45.000,1.400139,4.0558
"('TANK', 'TANK', 'DEFENSIVE_DIS', 'FULL', 'FULL', 'FIELD_OURS_OFF', 'SLOWER', 'MEC_USED', 'CLEAN', 'CLEAN', 'NEUTRAL', 'NEUTRAL', 'CLEAR', 'CLEAR', 'OPENING', 'BANCO_OFF')",20,7,8,87.500,STATUS,25.000,1.847901,6.3465
"('TANK', 'TANK', 'DEFENSIVE_DIS', 'SAFE', 'FULL', 'FIELD_THEIRS', 'FASTER', 'MEC_USED', 'CLEAN', 'CLEAN', 'NEUTRAL', 'NEUTRAL', 'CLEAR', 'CLEAR', 'OPENING', 'BANCO_OFF')",20,5,8,62.500,SWITCH_OFFENSIVE,35.000,1.374776,3.9542
"('TANK', 'TANK', 'NEUTRAL', 'SAFE', 'SAFE', 'NORMAL', 'SLOWER', 'MEC_USED', 'CLEAN', 'CLEAN', 'NEUTRAL', 'NEUTRAL', 'CLEAR', 'CLEAR', 'OPENING', 'BANCO_VAZIO')",20,9,13,69.231,ATTACK_PREDICTIVE,25.000,2.012693,7.4834
"('UTILITY', 'TANK', 'OFFENSIVE_ADV', 'FULL', 'FULL', 'FIELD_THEIRS', 'FASTER', 'MEC_USED', 'CLEAN', 'CLEAN', 'NEUTRAL', 'NEUTRAL', 'CLEAR', 'CLEAR', 'OPENING', 'BANCO_OFF')",20,7,9,77.778,ATTACK_STRONG,30.000,1.752424,5.7686
"('TANK', 'UTILITY', 'DEFENSIVE_DIS', 'FULL', 'FULL', 'NORMAL', 'SLOWER', 'MEC_USED', 'CLEAN', 'CLEAN', 'NEUTRAL', 'NEUTRAL', 'CLEAR', 'CLEAR', 'OPENING', 'BANCO_AMBOS')",20,11,11,100.000,ATTACK_TECH,25.000,2.194474,8.9753
"('TANK', 'TANK', 'NEUTRAL', 'FULL', 'FULL', 'NORMAL', 'SLOWER', 'MEC_USED', 'CLEAN', 'CLEAN', 'NEUTRAL', 'NEUTRAL', 'CLEAR', 'SET', 'RECOVERING', 'BANCO_VAZIO')",20,1,4,25.000,STAT_CLEAN,100.000,-0.000000,1.0000
"('TANK', 'TANK', 'DEFENSIVE_DIS', 'FULL', 'SAFE', 'NORMAL', 'FASTER', 'MEC_USED', 'AFFLICTED', 'AFFLICTED', 'DEBUFF', 'DEBUFF', 'SET', 'SET', 'CLUTCH', 'BANCO_VAZIO')",19,2,2,100.000,STATUS,89.474,0.336496,1.4000
"('TANK', 'TANK', 'NEUTRAL', 'SAFE', 'FULL', 'NORMAL', 'FASTER', 'MEC_USED', 'CLEAN', 'CLEAN', 'NEUTRAL', 'NEUTRAL', 'CLEAR', 'CLEAR', 'CLUTCH', 'BANCO_VAZIO')",19,5,9,55.556,HEAL,68.421,1.016009,2.7621
"('TANK', 'TANK', 'OFFENSIVE_DIS', 'FULL', 'FULL', 'FIELD_SHARED', 'SLOWER', 'MEC_USED', 'CLEAN', 'CLEAN', 'NEUTRAL', 'NEUTRAL', 'CLEAR', 'CLEAR', 'OPENING', 'BANCO_VAZIO')",19,9,11,81.818,ATTACK_TECH,21.053,2.068885,7.9160
"('TANK', 'TANK', 'CRITICAL_DIS', 'FULL', 'FULL', 'FIELD_THEIRS', 'FASTER', 'MEC_USED', 'CLEAN', 'CLEAN', 'NEUTRAL', 'NEUTRAL', 'CLEAR', 'CLEAR', 'OPENING', 'BANCO_VAZIO')",19,8,9,88.889,ATTACK_STRONG,21.053,1.940843,6.9646
"('TANK', 'TANK', 'NEUTRAL', 'SAFE', 'FULL', 'NORMAL', 'FASTER', 'MEC_USED', 'CLEAN', 'CLEAN', 'NEUTRAL', 'NEUTRAL', 'CLEAR', 'CLEAR', 'OPENING', 'BANCO_AMBOS')",19,11,11,100.000,ATTACK_PIVOT,26.316,2.173972,8.7931
"('TANK', 'UTILITY', 'DEFENSIVE_DIS', 'FULL', 'FULL', 'FIELD_OURS_OFF', 'SLOWER', 'MEC_USED', 'CLEAN', 'CLEAN', 'NEUTRAL', 'NEUTRAL', 'CLEAR', 'CLEAR', 'OPENING', 'BANCO_AMBOS')",19,5,7,71.429,ATTACK_STRONG,36.842,1.415278,4.1176
"('TANK', 'TANK', 'DEFENSIVE_DIS', 'SAFE', 'FULL', 'NORMAL', 'FASTER', 'MEC_USED', 'CLEAN', 'CLEAN', 'NEUTRAL', 'NEUTRAL', 'CLEAR', 'CLEAR', 'OPENING', 'BANCO_OFF')",19,11,13,84.615,STATUS,21.053,2.287773,9.8530
"('TANK', 'UTILITY', 'OFFENSIVE_ADV', 'FULL', 'FULL', 'NORMAL', 'SLOWER', 'MEC_USED', 'CLEAN', 'CLEAN', 'NEUTRAL', 'NEUTRAL', 'CLEAR', 'CLEAR', 'OPENING', 'BANCO_OFF')",19,8,11,72.727,ATTACK_TECH,21.053,1.968382,7.1591
"('TANK', 'TANK', 'NEUTRAL', 'FULL', 'SAFE', 'NORMAL', 'SLOWER', 'MEC_USED', 'CLEAN', 'CLEAN', 'NEUTRAL', 'NEUTRAL', 'CLEAR', 'CLEAR', 'OPENING', 'BANCO_VAZIO')",19,8,12,66.667,SWITCH_DEFENSIVE,26.316,1.955084,7.0645
"('TANK', 'TANK', 'DEFENSIVE_ADV', 'FULL', 'FULL', 'NORMAL', 'FASTER', 'MEC_USED', 'CLEAN', 'CLEAN', 'NEUTRAL', 'NEUTRAL', 'CLEAR', 'CLEAR', 'OPENING', 'BANCO_AMBOS')",19,6,10,60.000,STATUS,47.368,1.465871,4.3313
"('TANK', 'TANK', 'NEUTRAL', 'SAFE', 'SAFE', 'NORMAL', 'SLOWER', 'MEC_USED', 'CLEAN', 'CLEAN', 'NEUTRAL', 'NEUTRAL', 'SET', 'CLEAR', 'OPENING', 'BANCO_OFF')",19,8,13,61.538,ATTACK_TECH,21.053,1.986267,7.2883
"('TANK', 'TANK', 'OFFENSIVE_DIS', 'FULL', 'FULL', 'NORMAL', 'SLOWER', 'MEC_USED', 'CLEAN', 'CLEAN', 'NEUTRAL', 'NEUTRAL', 'CLEAR', 'CLEAR', 'OPENING', 'BANCO_VAZIO')",19,9,12,75.000,PROTECT,21.053,2.059229,7.8399
"('TANK', 'TANK', 'STALEMATE', 'FULL', 'FULL', 'NORMAL', 'FASTER', 'MEC_USED', 'CLEAN', 'CLEAN', 'DEBUFF', 'NEUTRAL', 'CLEAR', 'CLEAR', 'CLUTCH', 'BANCO_VAZIO')",19,4,4,100.000,ATTACK_PIVOT,73.684,0.826405,2.2851
"('TANK', 'TANK', 'NEUTRAL', 'SAFE', 'FULL', 'NORMAL', 'FASTER', 'MEC_USED', 'AFFLICTED', 'CLEAN', 'NEUTRAL', 'NEUTRAL', 'CLEAR', 'CLEAR', 'CLUTCH', 'BANCO_VAZIO')",18,4,6,66.667,ATTACK_STRONG,44.444,1.132416,3.1031
"('TANK', 'TANK', 'NEUTRAL', 'FULL', 'FULL', 'FIELD_THEIRS', 'SLOWER', 'MEC_USED', 'CLEAN', 'CLEAN', 'NEUTRAL', 'NEUTRAL', 'CLEAR', 'CLEAR', 'OPENING', 'BANCO_VAZIO')",18,9,10,90.000,ATTACK_TECH,27.778,2.029155,7.6077
"('TANK', 'SWEEPER', 'DEFENSIVE_DIS', 'FULL', 'FULL', 'FIELD_OURS_OFF', 'SLOWER', 'MEC_USED', 'CLEAN', 'CLEAN', 'DEBUFF', 'NEUTRAL', 'CLEAR', 'CLEAR', 'OPENING', 'BANCO_OFF')",18,6,7,85.714,ATTACK_PREDICTIVE,22.222,1.706057,5.5072
"('TANK', 'TANK', 'DOMINANT', 'FULL', 'FULL', 'FIELD_SHARED', 'SLOWER', 'MEC_USED', 'CLEAN', 'CLEAN', 'NEUTRAL', 'NEUTRAL', 'CLEAR', 'CLEAR', 'OPENING', 'BANCO_OFF')",18,7,10,70.000,ATTACK_STRONG,33.333,1.772882,5.8878
"('TANK', 'SWEEPER', 'CRITICAL_DIS', 'FULL', 'FULL', 'FIELD_THEIRS', 'SLOWER', 'MEC_USED', 'CLEAN', 'CLEAN', 'NEUTRAL', 'NEUTRAL', 'CLEAR', 'CLEAR', 'OPENING', 'BANCO_OFF')",18,11,13,84.615,SWITCH_OFFENSIVE,33.333,2.139086,8.4917
"('TANK', 'UTILITY', 'NEUTRAL', 'FULL', 'FULL', 'NORMAL', 'SLOWER', 'MEC_USED', 'CLEAN', 'CLEAN', 'NEUTRAL', 'NEUTRAL', 'CLEAR', 'CLEAR', 'OPENING', 'BANCO_AMBOS')",18,9,11,81.818,ATTACK_PREDICTIVE,27.778,2.000085,7.3897
"('TANK', 'SWEEPER', 'NEUTRAL', 'SAFE', 'FULL', 'NORMAL', 'SLOWER', 'MEC_USED', 'CLEAN', 'CLEAN', 'NEUTRAL', 'NEUTRAL', 'CLEAR', 'CLEAR', 'OPENING', 'BANCO_OFF')",18,7,12,58.333,STATUS,27.778,1.798106,6.0382
"('TANK', 'TANK', 'DEFENSIVE_ADV', 'FULL', 'FULL', 'NORMAL', 'SLOWER', 'MEC_USED', 'CLEAN', 'CLEAN', 'NEUTRAL', 'NEUTRAL', 'CLEAR', 'CLEAR', 'OPENING', 'BANCO_OFF')",18,6,9,66.667,ATTACK_TECH,33.333,1.585934,4.8839
"('TANK', 'TANK', 'NEUTRAL', 'FULL', 'SAFE', 'NORMAL', 'SLOWER', 'MEC_USED', 'CLEAN', 'CLEAN', 'NEUTRAL', 'NEUTRAL', 'CLEAR', 'CLEAR', 'RECOVERING', 'BANCO_VAZIO')",18,8,11,72.727,ATTACK_PREDICTIVE,22.222,1.985053,7.2794
"('TANK', 'TANK', 'NEUTRAL', 'SAFE', 'FULL', 'FIELD_THEIRS', 'SLOWER', 'MEC_USED', 'CLEAN', 'CLEAN', 'NEUTRAL', 'NEUTRAL', 'CLEAR', 'CLEAR', 'OPENING', 'BANCO_OFF')",17,8,11,72.727,HEAL,41.176,1.787316,5.9734
"('TANK', 'TANK', 'DEFENSIVE_DIS', 'FULL', 'FULL', 'FIELD_OURS_OFF', 'SLOWER', 'MEC_USED', 'CLEAN', 'CLEAN', 'NEUTRAL', 'NEUTRAL', 'CLEAR', 'CLEAR', 'OPENING', 'BANCO_AMBOS')",17,7,9,77.778,STATUS,64.706,1.281634,3.6025
"('TANK', 'TANK', 'CRITICAL_DIS', 'FULL', 'FULL', 'NORMAL', 'FASTER', 'MEC_USED', 'CLEAN', 'CLEAN', 'NEUTRAL', 'NEUTRAL', 'CLEAR', 'CLEAR', 'OPENING', 'BANCO_AMBOS')",17,1,13,7.692,SWITCH_DEFENSIVE,100.000,-0.000000,1.0000
"('TANK', 'TANK', 'CRITICAL_DIS', 'FULL', 'FULL', 'FIELD_THEIRS', 'SLOWER', 'MEC_USED', 'CLEAN', 'CLEAN', 'NEUTRAL', 'NEUTRAL', 'CLEAR', 'CLEAR', 'OPENING', 'BANCO_OFF')",17,10,13,76.923,ATTACK_PREDICTIVE,23.529,2.150060,8.5854
"('TANK', 'TANK', 'OFFENSIVE_DIS', 'FULL', 'FULL', 'FIELD_THEIRS', 'FASTER', 'MEC_USED', 'CLEAN', 'CLEAN', 'NEUTRAL', 'NEUTRAL', 'CLEAR', 'CLEAR', 'OPENING', 'BANCO_OFF')",17,6,11,54.545,ATTACK_TECH,70.588,1.079162,2.9422
"('TANK', 'TANK', 'DOMINANT', 'FULL', 'FULL', 'NORMAL', 'FASTER', 'MEC_USED', 'CLEAN', 'CLEAN', 'NEUTRAL', 'NEUTRAL', 'CLEAR', 'CLEAR', 'OPENING', 'BANCO_VAZIO')",17,10,12,83.333,ATTACK_TECH,17.647,2.231607,9.3148
"('SWEEPER', 'TANK', 'VOLATILE', 'FULL', 'FULL', 'FIELD_THEIRS', 'FASTER', 'MEC_USED', 'CLEAN', 'CLEAN', 'NEUTRAL', 'NEUTRAL', 'CLEAR', 'CLEAR', 'OPENING', 'BANCO_OFF')",17,2,6,33.333,ATTACK_STRONG,88.235,0.362211,1.4365
"('UTILITY', 'TANK', 'OFFENSIVE_ADV', 'FULL', 'FULL', 'NORMAL', 'FASTER', 'MEC_USED', 'CLEAN', 'CLEAN', 'NEUTRAL', 'NEUTRAL', 'CLEAR', 'CLEAR', 'OPENING', 'BANCO_OFF')",17,5,8,62.500,ATTACK_PIVOT,47.059,1.299742,3.6683
"('TANK', 'TANK', 'NEUTRAL', 'FULL', 'CRIT', 'NORMAL', 'SLOWER', 'MEC_USED', 'CLEAN', 'AFFLICTED', 'NEUTRAL', 'DEBUFF', 'CLEAR', 'CLEAR', 'CLUTCH', 'BANCO_VAZIO')",17,3,8,37.500,HEAL,76.471,0.708688,2.0313
"('TANK', 'TANK', 'VOLATILE', 'FULL', 'FULL', 'FIELD_THEIRS', 'FASTER', 'MEC_AVAIL', 'CLEAN', 'CLEAN', 'NEUTRAL', 'NEUTRAL', 'CLEAR', 'CLEAR', 'OPENING', 'BANCO_AMBOS')",17,9,14,64.286,ATTACK_STRONG_MEC,23.529,2.037734,7.6732
"('TANK', 'TANK', 'NEUTRAL', 'FULL', 'FULL', 'NORMAL', 'SLOWER', 'MEC_USED', 'AFFLICTED', 'CLEAN', 'DEBUFF_DEBUFF', 'NEUTRAL', 'CLEAR', 'CLEAR', 'RECOVERING', 'BANCO_VAZIO')",16,2,2,100.000,CLEAN_HAZARD,93.750,0.233792,1.2634
"('TANK', 'TANK', 'DEFENSIVE_ADV', 'FULL', 'FULL', 'NORMAL', 'SLOWER', 'MEC_USED', 'AFFLICTED', 'CLEAN', 'DEBUFF_DEBUFF', 'NEUTRAL', 'CLEAR', 'CLEAR', 'RECOVERING', 'BANCO_VAZIO')",16,2,4,50.000,CLEAN_HAZARD,93.750,0.233792,1.2634
"('TANK', 'TANK', 'DEFENSIVE_DIS', 'FULL', 'SAFE', 'NORMAL', 'SLOWER', 'MEC_USED', 'CLEAN', 'AFFLICTED', 'NEUTRAL', 'NEUTRAL', 'CLEAR', 'CLEAR', 'CLUTCH', 'BANCO_VAZIO')",16,5,8,62.500,STAT_CLEAN,43.750,1.368690,3.9302
"('TANK', 'TANK', 'DEFENSIVE_DIS', 'FULL', 'FULL', 'NORMAL', 'FASTER', 'MEC_AVAIL', 'CLEAN', 'CLEAN', 'NEUTRAL', 'NEUTRAL', 'CLEAR', 'CLEAR', 'OPENING', 'BANCO_OFF')",16,6,18,33.333,SWITCH_DEFENSIVE,37.500,1.602056,4.9632
"('TANK', 'SWEEPER', 'OFFENSIVE_ADV', 'FULL', 'FULL', 'FIELD_THEIRS', 'SLOWER', 'MEC_USED', 'CLEAN', 'CLEAN', 'NEUTRAL', 'NEUTRAL', 'CLEAR', 'CLEAR', 'OPENING', 'BANCO_OFF')",16,10,11,90.909,HAZARD,18.750,2.220025,9.2076
"('TANK', 'TANK', 'OFFENSIVE_DIS', 'SAFE', 'SAFE', 'NORMAL', 'FASTER', 'MEC_USED', 'CLEAN', 'CLEAN', 'NEUTRAL', 'NEUTRAL', 'CLEAR', 'CLEAR', 'OPENING', 'BANCO_OFF')",16,5,9,55.556,HEAL,37.500,1.424443,4.1555
"('TANK', 'UTILITY', 'OFFENSIVE_ADV', 'FULL', 'FULL', 'NORMAL', 'SLOWER', 'MEC_USED', 'CLEAN', 'CLEAN', 'NEUTRAL', 'NEUTRAL', 'CLEAR', 'CLEAR', 'OPENING', 'BANCO_AMBOS')",16,8,11,72.727,ATTACK_PREDICTIVE,37.500,1.808046,6.0985
"('TANK', 'TANK', 'CRITICAL_DIS', 'FULL', 'FULL', 'FIELD_THEIRS', 'SLOWER', 'MEC_USED', 'CLEAN', 'CLEAN', 'NEUTRAL', 'NEUTRAL', 'CLEAR', 'CLEAR', 'OPENING', 'BANCO_AMBOS')",16,10,16,62.500,PROTECT,25.000,2.166085,8.7241
"('TANK', 'TANK', 'VOLATILE', 'FULL', 'FULL', 'FIELD_OURS_OFF', 'FASTER', 'MEC_USED', 'CLEAN', 'CLEAN', 'NEUTRAL', 'NEUTRAL', 'CLEAR', 'CLEAR', 'OPENING', 'BANCO_AMBOS')",16,8,8,100.000,ATTACK_PREDICTIVE,18.750,1.948630,7.0191
"('SWEEPER', 'UTILITY', 'OFFENSIVE_ADV', 'FULL', 'FULL', 'FIELD_OURS_OFF', 'FASTER', 'MEC_USED', 'CLEAN', 'CLEAN', 'NEUTRAL', 'NEUTRAL', 'CLEAR', 'CLEAR', 'OPENING', 'BANCO_OFF')",16,3,8,37.500,ATTACK_STRONG,81.250,0.601924,1.8256
"('TANK', 'TANK', 'OFFENSIVE_ADV', 'FULL', 'SAFE', 'FIELD_THEIRS', 'SLOWER', 'MEC_USED', 'CLEAN', 'CLEAN', 'NEUTRAL', 'NEUTRAL', 'CLEAR', 'CLEAR', 'OPENING', 'BANCO_OFF')",16,7,10,70.000,STATUS,31.250,1.749779,5.7533
"('TANK', 'TANK', 'NEUTRAL', 'SAFE', 'SAFE', 'NORMAL', 'SLOWER', 'MEC_USED', 'CLEAN', 'CLEAN', 'NEUTRAL', 'NEUTRAL', 'CLEAR', 'SET', 'RECOVERING', 'BANCO_VAZIO')",16,6,10,60.000,ATTACK_PREDICTIVE,37.500,1.602056,4.9632
"('TANK', 'TANK', 'NEUTRAL', 'SAFE', 'FULL', 'NORMAL', 'SLOWER', 'MEC_USED', 'CLEAN', 'CLEAN', 'NEUTRAL', 'NEUTRAL', 'CLEAR', 'CLEAR', 'CLUTCH', 'BANCO_VAZIO')",16,2,4,50.000,ATTACK_PREDICTIVE,93.750,0.233792,1.2634
"('TANK', 'TANK', 'OFFENSIVE_ADV', 'FULL', 'SAFE', 'NORMAL', 'FASTER', 'MEC_AVAIL', 'CLEAN', 'CLEAN', 'NEUTRAL', 'NEUTRAL', 'CLEAR', 'CLEAR', 'OPENING', 'BANCO_OFF')",15,5,13,38.462,ATTACK_STRONG_MEC,46.667,1.337861,3.8109
"('TANK', 'TANK', 'NEUTRAL', 'FULL', 'SAFE', 'FIELD_SHARED', 'SLOWER', 'MEC_USED', 'CLEAN', 'CLEAN', 'NEUTRAL', 'NEUTRAL', 'CLEAR', 'CLEAR', 'OPENING', 'BANCO_OFF')",15,7,12,58.333,ATTACK_PREDICTIVE,33.333,1.767009,5.8533
"('TANK', 'TANK', 'OFFENSIVE_ADV', 'SAFE', 'SAFE', 'NORMAL', 'SLOWER', 'MEC_USED', 'CLEAN', 'CLEAN', 'NEUTRAL', 'NEUTRAL', 'SET', 'CLEAR', 'OPENING', 'BANCO_OFF')",15,8,12,66.667,ATTACK_PIVOT,20.000,1.991346,7.3254
"('UTILITY', 'TANK', 'VOLATILE', 'FULL', 'FULL', 'NORMAL', 'FASTER', 'MEC_USED', 'CLEAN', 'CLEAN', 'NEUTRAL', 'NEUTRAL', 'CLEAR', 'CLEAR', 'OPENING', 'BANCO_AMBOS')",15,4,6,66.667,SWITCH_OFFENSIVE,73.333,0.857174,2.3565
"('TANK', 'TANK', 'OFFENSIVE_DIS', 'SAFE', 'FULL', 'NORMAL', 'SLOWER', 'MEC_USED', 'CLEAN', 'CLEAN', 'NEUTRAL', 'NEUTRAL', 'CLEAR', 'CLEAR', 'OPENING', 'BANCO_OFF')",15,8,13,61.538,STATUS,46.667,1.707539,5.5154
"('TANK', 'TANK', 'NEUTRAL', 'FULL', 'FULL', 'FIELD_THEIRS', 'FASTER', 'MEC_AVAIL', 'CLEAN', 'CLEAN', 'NEUTRAL', 'NEUTRAL', 'CLEAR', 'CLEAR', 'OPENING', 'BANCO_OFF')",15,8,14,57.143,ATTACK_TECH,20.000,1.956463,7.0743
"('SWEEPER', 'TANK', 'VOLATILE', 'FULL', 'FULL', 'FIELD_THEIRS', 'FASTER', 'MEC_USED', 'CLEAN', 'CLEAN', 'NEUTRAL', 'DEBUFF', 'CLEAR', 'CLEAR', 'OPENING', 'BANCO_OFF')",15,6,7,85.714,ATTACK_PIVOT,26.667,1.656551,5.2412
"('TANK', 'TANK', 'OFFENSIVE_DIS', 'FULL', 'FULL', 'NORMAL', 'FASTER', 'MEC_USED', 'AFFLICTED', 'AFFLICTED', 'NEUTRAL', 'NEUTRAL', 'CLEAR', 'CLEAR', 'CLUTCH', 'BANCO_VAZIO')",15,3,4,75.000,STATUS,53.333,0.882311,2.4165
"('TANK', 'SWEEPER', 'NEUTRAL', 'FULL', 'FULL', 'NORMAL', 'SLOWER', 'MEC_USED', 'CLEAN', 'CLEAN', 'DEBUFF', 'NEUTRAL', 'CLEAR', 'CLEAR', 'OPENING', 'BANCO_OFF')",15,7,8,87.500,ATTACK_TECH,33.333,1.767009,5.8533
"('TANK', 'SWEEPER', 'DOMINANT', 'FULL', 'FULL', 'NORMAL', 'SLOWER', 'MEC_USED', 'CLEAN', 'CLEAN', 'NEUTRAL', 'NEUTRAL', 'CLEAR', 'CLEAR', 'OPENING', 'BANCO_AMBOS')",15,10,12,83.333,ATTACK_PIVOT,26.667,2.153532,8.6152
"('TANK', 'TANK', 'NEUTRAL', 'FULL', 'FULL', 'NORMAL', 'SLOWER', 'MEC_USED', 'CLEAN', 'CLEAN', 'NEUTRAL', 'NEUTRAL', 'SET', 'CLEAR', 'OPENING', 'BANCO_OFF')",15,7,12,58.333,STAT_CLEAN,46.667,1.580236,4.8561
"('TANK', 'SWEEPER', 'DEFENSIVE_DIS', 'FULL', 'FULL', 'FIELD_THEIRS', 'SLOWER', 'MEC_USED', 'CLEAN', 'CLEAN', 'NEUTRAL', 'NEUTRAL', 'CLEAR', 'CLEAR', 'OPENING', 'BANCO_OFF')",15,5,8,62.500,ATTACK_STRONG,46.667,1.395397,4.0366
"('TANK', 'TANK', 'CRITICAL_DIS', 'SAFE', 'FULL', 'NORMAL', 'SLOWER', 'MEC_USED', 'CLEAN', 'CLEAN', 'NEUTRAL', 'NEUTRAL', 'CLEAR', 'CLEAR', 'OPENING', 'BANCO_AMBOS')",15,3,10,30.000,HEAL,66.667,0.860851,2.3652
"('TANK', 'TANK', 'CRITICAL_DIS', 'FULL', 'FULL', 'NORMAL', 'SLOWER', 'MEC_USED', 'AFFLICTED', 'AFFLICTED', 'DEBUFF', 'BUFFED', 'CLEAR', 'CLEAR', 'CLUTCH', 'BANCO_VAZIO')",15,2,2,100.000,STATUS,93.333,0.244930,1.2775
"('TANK', 'TANK', 'CRITICAL_DIS', 'FULL', 'SAFE', 'NORMAL', 'FASTER', 'MEC_USED', 'AFFLICTED', 'CLEAN', 'DEBUFF', 'NEUTRAL', 'SET', 'SET', 'CLUTCH', 'BANCO_VAZIO')",14,3,3,100.000,BUFF,50.000,0.898205,2.4552
"('TANK', 'TANK', 'OFFENSIVE_DIS', 'FULL', 'FULL', 'NORMAL', 'FASTER', 'MEC_USED', 'AFFLICTED', 'CLEAN', 'NEUTRAL', 'NEUTRAL', 'CLEAR', 'CLEAR', 'RECOVERING', 'BANCO_VAZIO')",14,4,5,80.000,STATUS,64.286,0.991139,2.6943
"('TANK', 'TANK', 'NEUTRAL', 'FULL', 'FULL', 'NORMAL', 'FASTER', 'MEC_USED', 'AFFLICTED', 'AFFLICTED', 'DEBUFF', 'NEUTRAL', 'SET', 'CLEAR', 'CLUTCH', 'BANCO_VAZIO')",14,2,2,100.000,STATUS,57.143,0.682908,1.9796
"('TANK', 'TANK', 'DEFENSIVE_ADV', 'FULL', 'FULL', 'FIELD_SHARED', 'SLOWER', 'MEC_USED', 'CLEAN', 'CLEAN', 'NEUTRAL', 'NEUTRAL', 'CLEAR', 'CLEAR', 'OPENING', 'BANCO_AMBOS')",14,6,10,60.000,ATTACK_PIVOT,35.714,1.593424,4.9206
"('TANK', 'TANK', 'STALEMATE', 'SAFE', 'FULL', 'NORMAL', 'SLOWER', 'MEC_USED', 'CLEAN', 'CLEAN', 'NEUTRAL', 'NEUTRAL', 'SET', 'SET', 'RECOVERING', 'BANCO_VAZIO')",14,5,5,100.000,STATUS,50.000,1.331664,3.7873
"('TANK', 'TANK', 'OFFENSIVE_ADV', 'FULL', 'FULL', 'NORMAL', 'SLOWER', 'MEC_AVAIL', 'CLEAN', 'CLEAN', 'NEUTRAL', 'NEUTRAL', 'CLEAR', 'CLEAR', 'OPENING', 'BANCO_OFF')",14,7,14,50.000,ATTACK_PREDICTIVE_MEC,28.571,1.809514,6.1075
"('TANK', 'TANK', 'CRITICAL_DIS', 'FULL', 'FULL', 'NORMAL', 'SLOWER', 'MEC_USED', 'CLEAN', 'CLEAN', 'NEUTRAL', 'NEUTRAL', 'SET', 'SET', 'CLUTCH', 'BANCO_VAZIO')",14,2,2,100.000,PROTECT,92.857,0.257319,1.2935
"('TANK', 'TANK', 'DOMINANT', 'FULL', 'SAFE', 'NORMAL', 'FASTER', 'MEC_USED', 'CLEAN', 'CLEAN', 'NEUTRAL', 'NEUTRAL', 'CLEAR', 'CLEAR', 'OPENING', 'BANCO_AMBOS')",14,6,12,50.000,ATTACK_TECH,35.714,1.489459,4.4347
"('TANK', 'TANK', 'STALEMATE', 'SAFE', 'FULL', 'NORMAL', 'FASTER', 'MEC_USED', 'CLEAN', 'CLEAN', 'DEBUFF', 'NEUTRAL', 'CLEAR', 'CLEAR', 'CLUTCH', 'BANCO_VAZIO')",14,4,5,80.000,CLEAN_HAZARD,35.714,1.333736,3.7952
"('TANK', 'TANK', 'NEUTRAL', 'FULL', 'SAFE', 'NORMAL', 'FASTER', 'MEC_USED', 'CLEAN', 'CLEAN', 'NEUTRAL', 'NEUTRAL', 'CLEAR', 'CLEAR', 'OPENING', 'BANCO_AMBOS')",14,1,10,10.000,SWITCH_OFFENSIVE,100.000,-0.000000,1.0000
"('TANK', 'TANK', 'NEUTRAL', 'FULL', 'SAFE', 'NORMAL', 'FASTER', 'MEC_USED', 'CLEAN', 'CLEAN', 'NEUTRAL', 'NEUTRAL', 'SET', 'CLEAR', 'OPENING', 'BANCO_OFF')",14,8,13,61.538,HEAL,21.429,1.970181,7.1720
"('TANK', 'TANK', 'DEFENSIVE_DIS', 'FULL', 'SAFE', 'NORMAL', 'FASTER', 'MEC_USED', 'AFFLICTED', 'CLEAN', 'NEUTRAL', 'NEUTRAL', 'CLEAR', 'CLEAR', 'CLUTCH', 'BANCO_VAZIO')",14,3,3,100.000,CLEAN_HAZARD,71.429,0.796312,2.2173
"('TANK', 'TANK', 'NEUTRAL', 'FULL', 'FULL', 'NORMAL', 'FASTER', 'MEC_USED', 'CLEAN', 'CLEAN', 'NEUTRAL', 'NEUTRAL', 'CLEAR', 'CLEAR', 'BRAWL', 'BANCO_OFF')",14,8,11,72.727,SWITCH_DEFENSIVE,28.571,1.945910,7.0000
"('TANK', 'TANK', 'NEUTRAL', 'FULL', 'SAFE', 'NORMAL', 'SLOWER', 'MEC_USED', 'CLEAN', 'CLEAN', 'NEUTRAL', 'NEUTRAL', 'CLEAR', 'SET', 'CLUTCH', 'BANCO_VAZIO')",14,2,8,25.000,ATTACK_STRONG,78.571,0.519580,1.6813
"('TANK', 'TANK', 'CRITICAL_DIS', 'FULL', 'FULL', 'NORMAL', 'FASTER', 'MEC_USED', 'AFFLICTED', 'CLEAN', 'NEUTRAL', 'DEBUFF', 'SET', 'SET', 'CLUTCH', 'BANCO_VAZIO')",14,2,2,100.000,HAZARD,92.857,0.257319,1.2935
"('TANK', 'TANK', 'NEUTRAL', 'FULL', 'FULL', 'NORMAL', 'FASTER', 'MEC_USED', 'AFFLICTED', 'AFFLICTED', 'NEUTRAL', 'DEBUFF_DEBUFF', 'SET', 'SET', 'CLUTCH', 'BANCO_VAZIO')",13,2,4,50.000,HAZARD,84.615,0.429323,1.5362
"('TANK', 'TANK', 'OFFENSIVE_ADV', 'DANGER', 'FULL', 'FIELD_THEIRS', 'FASTER', 'MEC_USED', 'CLEAN', 'CLEAN', 'NEUTRAL', 'NEUTRAL', 'CLEAR', 'CLEAR', 'OPENING', 'BANCO_OFF')",13,7,10,70.000,ATTACK_PREDICTIVE,38.462,1.692409,5.4326
"('TANK', 'SWEEPER', 'DEFENSIVE_DIS', 'FULL', 'FULL', 'FIELD_SHARED', 'SLOWER', 'MEC_USED', 'CLEAN', 'CLEAN', 'NEUTRAL', 'NEUTRAL', 'CLEAR', 'CLEAR', 'OPENING', 'BANCO_OFF')",13,7,9,77.778,SWITCH_DEFENSIVE,53.846,1.517152,4.5592
"('TANK', 'TANK', 'OFFENSIVE_ADV', 'FULL', 'SAFE', 'FIELD_SHARED', 'FASTER', 'MEC_USED', 'CLEAN', 'CLEAN', 'NEUTRAL', 'NEUTRAL', 'CLEAR', 'CLEAR', 'OPENING', 'BANCO_OFF')",13,7,10,70.000,SWITCH_DEFENSIVE,30.769,1.778233,5.9194
"('TANK', 'TANK', 'OFFENSIVE_ADV', 'SAFE', 'FULL', 'NORMAL', 'SLOWER', 'MEC_USED', 'CLEAN', 'CLEAN', 'NEUTRAL', 'NEUTRAL', 'SET', 'CLEAR', 'OPENING', 'BANCO_OFF')",13,8,12,66.667,ATTACK_TECH,30.769,1.884871,6.5855
"('TANK', 'TANK', 'OFFENSIVE_ADV', 'SAFE', 'SAFE', 'NORMAL', 'FASTER', 'MEC_USED', 'CLEAN', 'CLEAN', 'NEUTRAL', 'NEUTRAL', 'SET', 'SET', 'OPENING', 'BANCO_OFF')",13,3,14,21.429,ATTACK_STRONG,61.538,0.858741,2.3602
"('TANK', 'TANK', 'OFFENSIVE_ADV', 'SAFE', 'SAFE', 'FIELD_THEIRS', 'SLOWER', 'MEC_USED', 'CLEAN', 'CLEAN', 'NEUTRAL', 'NEUTRAL', 'CLEAR', 'CLEAR', 'OPENING', 'BANCO_OFF')",13,8,11,72.727,DISRUPTION,23.077,1.991509,7.3266
"('TANK', 'TANK', 'NEUTRAL', 'FULL', 'DANGER', 'NORMAL', 'SLOWER', 'MEC_USED', 'CLEAN', 'CLEAN', 'NEUTRAL', 'NEUTRAL', 'CLEAR', 'CLEAR', 'CLUTCH', 'BANCO_VAZIO')",13,1,4,25.000,ATTACK_PIVOT,100.000,-0.000000,1.0000
"('TANK', 'TANK', 'OFFENSIVE_ADV', 'SAFE', 'SAFE', 'NORMAL', 'FASTER', 'MEC_USED', 'CLEAN', 'CLEAN', 'NEUTRAL', 'NEUTRAL', 'SET', 'CLEAR', 'OPENING', 'BANCO_OFF')",13,4,10,40.000,SWITCH_OFFENSIVE,69.231,0.937156,2.5527
"('TANK', 'TANK', 'DEFENSIVE_ADV', 'FULL', 'FULL', 'FIELD_SHARED', 'SLOWER', 'MEC_USED', 'CLEAN', 'CLEAN', 'NEUTRAL', 'NEUTRAL', 'CLEAR', 'CLEAR', 'OPENING', 'BANCO_OFF')",13,7,8,87.500,ATTACK_PIVOT,30.769,1.778233,5.9194
"('SWEEPER', 'TANK', 'NEUTRAL', 'FULL', 'FULL', 'NORMAL', 'FASTER', 'MEC_USED', 'CLEAN', 'CLEAN', 'NEUTRAL', 'DEBUFF', 'CLEAR', 'CLEAR', 'OPENING', 'BANCO_OFF')",13,4,6,66.667,ATTACK_STRONG,30.769,1.377820,3.9662
"('TANK', 'TANK', 'NEUTRAL', 'SAFE', 'FULL', 'NORMAL', 'FASTER', 'MEC_USED', 'CLEAN', 'CLEAN', 'NEUTRAL', 'NEUTRAL', 'SET', 'CLEAR', 'OPENING', 'BANCO_OFF')",13,5,13,38.462,ATTACK_STRONG,61.538,1.178655,3.2500
"('SWEEPER', 'TANK', 'OFFENSIVE_ADV', 'FULL', 'FULL', 'FIELD_OURS_OFF', 'FASTER', 'MEC_USED', 'CLEAN', 'CLEAN', 'NEUTRAL', 'NEUTRAL', 'CLEAR', 'CLEAR', 'OPENING', 'BANCO_OFF')",13,2,9,22.222,SWITCH_OFFENSIVE,92.308,0.271189,1.3115
"('TANK', 'TANK', 'OFFENSIVE_DIS', 'SAFE', 'FULL', 'NORMAL', 'FASTER', 'MEC_USED', 'CLEAN', 'CLEAN', 'NEUTRAL', 'NEUTRAL', 'CLEAR', 'CLEAR', 'OPENING', 'BANCO_OFF')",13,10,10,100.000,SWITCH_OFFENSIVE,23.077,2.204785,9.0683
"('UTILITY', 'TANK', 'NEUTRAL', 'FULL', 'FULL', 'FIELD_THEIRS', 'FASTER', 'MEC_USED', 'CLEAN', 'CLEAN', 'NEUTRAL', 'NEUTRAL', 'CLEAR', 'CLEAR', 'OPENING', 'BANCO_AMBOS')",13,8,8,100.000,ATTACK_PIVOT,23.077,1.951260,7.0375
"('TANK', 'TANK', 'OFFENSIVE_ADV', 'FULL', 'SAFE', 'NORMAL', 'FASTER', 'MEC_USED', 'CLEAN', 'CLEAN', 'NEUTRAL', 'NEUTRAL', 'SET', 'CLEAR', 'OPENING', 'BANCO_OFF')",13,8,9,88.889,STATUS,23.077,1.991509,7.3266
"('TANK', 'TANK', 'NEUTRAL', 'SAFE', 'SAFE', 'FIELD_SHARED', 'SLOWER', 'MEC_USED', 'CLEAN', 'CLEAN', 'NEUTRAL', 'NEUTRAL', 'CLEAR', 'CLEAR', 'OPENING', 'BANCO_OFF')",13,8,12,66.667,HAZARD,30.769,1.925121,6.8560
"('TANK', 'TANK', 'OFFENSIVE_ADV', 'FULL', 'FULL', 'NORMAL', 'SLOWER', 'MEC_USED', 'CLEAN', 'CLEAN', 'NEUTRAL', 'NEUTRAL', 'CLEAR', 'CLEAR', 'RECOVERING', 'BANCO_VAZIO')",13,5,8,62.500,ATTACK_PREDICTIVE,46.154,1.377820,3.9662
"('TANK', 'TANK', 'DEFENSIVE_ADV', 'FULL', 'FULL', 'FIELD_THEIRS', 'FASTER', 'MEC_USED', 'CLEAN', 'CLEAN', 'NEUTRAL', 'NEUTRAL', 'CLEAR', 'CLEAR', 'OPENING', 'BANCO_OFF')",13,6,7,85.714,STATUS,30.769,1.671595,5.3206
"('TANK', 'TANK', 'DEFENSIVE_ADV', 'FULL', 'SAFE', 'NORMAL', 'SLOWER', 'MEC_USED', 'CLEAN', 'AFFLICTED', 'NEUTRAL', 'DEBUFF', 'SET', 'SET', 'CLUTCH', 'BANCO_VAZIO')",13,1,8,12.500,ATTACK_STRONG,100.000,-0.000000,1.0000
"('TANK', 'TANK', 'NEUTRAL', 'FULL', 'FULL', 'NORMAL', 'FASTER', 'MEC_USED', 'AFFLICTED', 'CLEAN', 'DEBUFF', 'NEUTRAL', 'SET', 'SET', 'RECOVERING', 'BANCO_VAZIO')",13,1,1,100.000,HAZARD,100.000,-0.000000,1.0000
"('TANK', 'TANK', 'NEUTRAL', 'FULL', 'FULL', 'NORMAL', 'SLOWER', 'MEC_USED', 'AFFLICTED', 'AFFLICTED', 'NEUTRAL', 'DEBUFF', 'CLEAR', 'SET', 'CLUTCH', 'BANCO_VAZIO')",12,3,8,37.500,HAZARD,83.333,0.566086,1.7614
"('TANK', 'TANK', 'CRITICAL_DIS', 'FULL', 'FULL', 'NORMAL', 'SLOWER', 'MEC_USED', 'CLEAN', 'CLEAN', 'NEUTRAL', 'NEUTRAL', 'CLEAR', 'CLEAR', 'CLUTCH', 'BANCO_VAZIO')",12,4,10,40.000,PROTECT,66.667,0.983088,2.6727
"('TANK', 'TANK', 'DOMINANT', 'SAFE', 'FULL', 'NORMAL', 'FASTER', 'MEC_USED', 'CLEAN', 'CLEAN', 'NEUTRAL', 'NEUTRAL', 'CLEAR', 'CLEAR', 'OPENING', 'BANCO_OFF')",12,8,11,72.727,ATTACK_PIVOT,33.333,1.907284,6.7348
"('TANK', 'TANK', 'OFFENSIVE_DIS', 'DANGER', 'FULL', 'NORMAL', 'FASTER', 'MEC_USED', 'AFFLICTED', 'CLEAN', 'DEBUFF', 'NEUTRAL', 'CLEAR', 'SET', 'CLUTCH', 'BANCO_VAZIO')",12,2,3,66.667,PROTECT,58.333,0.679193,1.9723
"('TANK', 'TANK', 'CRITICAL_DIS', 'FULL', 'FULL', 'NORMAL', 'FASTER', 'MEC_USED', 'AFFLICTED', 'CLEAN', 'NEUTRAL', 'NEUTRAL', 'SET', 'SET', 'CLUTCH', 'BANCO_VAZIO')",12,1,5,20.000,ATTACK_STRONG,100.000,-0.000000,1.0000
"('TANK', 'TANK', 'NEUTRAL', 'FULL', 'SAFE', 'FIELD_SHARED', 'FASTER', 'MEC_USED', 'CLEAN', 'CLEAN', 'NEUTRAL', 'NEUTRAL', 'CLEAR', 'CLEAR', 'OPENING', 'BANCO_OFF')",12,7,10,70.000,ATTACK_STRONG,16.667,1.907284,6.7348
"('TANK', 'UTILITY', 'DEFENSIVE_ADV', 'FULL', 'FULL', 'NORMAL', 'SLOWER', 'MEC_USED', 'CLEAN', 'CLEAN', 'NEUTRAL', 'NEUTRAL', 'CLEAR', 'CLEAR', 'OPENING', 'BANCO_AMBOS')",12,5,5,100.000,ATTACK_PREDICTIVE,41.667,1.352209,3.8660
"('TANK', 'SWEEPER', 'CRITICAL_DIS', 'FULL', 'FULL', 'NORMAL', 'SLOWER', 'MEC_USED', 'CLEAN', 'CLEAN', 'NEUTRAL', 'NEUTRAL', 'CLEAR', 'CLEAR', 'OPENING', 'BANCO_OFF')",12,7,13,53.846,ATTACK_STRONG,16.667,1.907284,6.7348
"('TANK', 'TANK', 'NEUTRAL', 'FULL', 'FULL', 'FIELD_THEIRS', 'FASTER', 'MEC_AVAIL', 'CLEAN', 'CLEAN', 'NEUTRAL', 'NEUTRAL', 'CLEAR', 'CLEAR', 'OPENING', 'BANCO_AMBOS')",12,7,16,43.750,BUFF,33.333,1.791759,6.0000
"('TANK', 'TANK', 'OFFENSIVE_ADV', 'FULL', 'FULL', 'FIELD_SHARED', 'FASTER', 'MEC_AVAIL', 'CLEAN', 'CLEAN', 'NEUTRAL', 'NEUTRAL', 'CLEAR', 'CLEAR', 'OPENING', 'BANCO_AMBOS')",12,2,12,16.667,ATTACK_STRONG_MEC,91.667,0.286836,1.3322
"('TANK', 'TANK', 'NEUTRAL', 'SAFE', 'FULL', 'FIELD_THEIRS', 'FASTER', 'MEC_USED', 'CLEAN', 'CLEAN', 'NEUTRAL', 'NEUTRAL', 'CLEAR', 'CLEAR', 'OPENING', 'BANCO_OFF')",12,6,11,54.545,ATTACK_TECH,25.000,1.704551,5.4989
"('TANK', 'TANK', 'NEUTRAL', 'SAFE', 'SAFE', 'NORMAL', 'FASTER', 'MEC_USED', 'CLEAN', 'CLEAN', 'NEUTRAL', 'NEUTRAL', 'SET', 'CLEAR', 'OPENING', 'BANCO_VAZIO')",12,4,10,40.000,STATUS,66.667,0.983088,2.6727
"('TANK', 'TANK', 'OFFENSIVE_ADV', 'SAFE', 'FULL', 'NORMAL', 'FASTER', 'MEC_USED', 'AFFLICTED', 'CLEAN', 'NEUTRAL', 'NEUTRAL', 'CLEAR', 'CLEAR', 'CLUTCH', 'BANCO_VAZIO')",12,3,7,42.857,SWITCH_OFFENSIVE,58.333,0.887694,2.4295
"('SWEEPER', 'TANK', 'OFFENSIVE_ADV', 'SAFE', 'FULL', 'NORMAL', 'FASTER', 'MEC_USED', 'CLEAN', 'CLEAN', 'NEUTRAL', 'NEUTRAL', 'CLEAR', 'CLEAR', 'OPENING', 'BANCO_OFF')",12,7,10,70.000,ATTACK_PREDICTIVE,33.333,1.791759,6.0000
"('TANK', 'UTILITY', 'OFFENSIVE_DIS', 'FULL', 'FULL', 'NORMAL', 'SLOWER', 'MEC_USED', 'CLEAN', 'CLEAN', 'NEUTRAL', 'NEUTRAL', 'CLEAR', 'CLEAR', 'OPENING', 'BANCO_OFF')",12,8,13,61.538,HEAL,33.333,1.907284,6.7348
"('TANK', 'TANK', 'OFFENSIVE_ADV', 'FULL', 'FULL', 'NORMAL', 'FASTER', 'MEC_USED', 'CLEAN', 'CLEAN', 'NEUTRAL', 'NEUTRAL', 'CLEAR', 'SET', 'OPENING', 'BANCO_OFF')",11,6,11,54.545,SWITCH_OFFENSIVE,27.273,1.720193,5.5856
"('TANK', 'TANK', 'NEUTRAL', 'FULL', 'SAFE', 'NORMAL', 'FASTER', 'MEC_USED', 'CLEAN', 'CLEAN', 'NEUTRAL', 'NEUTRAL', 'CLEAR', 'CLEAR', 'OPENING', 'BANCO_VAZIO')",11,7,11,63.636,ATTACK_TECH,45.455,1.666333,5.2927
"('TANK', 'TANK', 'OFFENSIVE_ADV', 'SAFE', 'SAFE', 'NORMAL', 'FASTER', 'MEC_USED', 'AFFLICTED', 'CLEAN', 'NEUTRAL', 'NEUTRAL', 'SET', 'SET', 'CLUTCH', 'BANCO_VAZIO')",11,3,9,33.333,ATTACK_PIVOT,63.636,0.859967,2.3631
"('TANK', 'SWEEPER', 'OFFENSIVE_ADV', 'FULL', 'FULL', 'NORMAL', 'SLOWER', 'MEC_AVAIL', 'CLEAN', 'CLEAN', 'NEUTRAL', 'NEUTRAL', 'CLEAR', 'CLEAR', 'OPENING', 'BANCO_OFF')",11,7,12,58.333,ATTACK_STRONG_MEC,27.273,1.846220,6.3358
"('TANK', 'TANK', 'NEUTRAL', 'SAFE', 'SAFE', 'NORMAL', 'FASTER', 'MEC_USED', 'CLEAN', 'CLEAN', 'NEUTRAL', 'NEUTRAL', 'SET', 'CLEAR', 'OPENING', 'BANCO_OFF')",11,5,10,50.000,ATTACK_PREDICTIVE,45.455,1.414279,4.1135
"('TANK', 'TANK', 'OFFENSIVE_ADV', 'SAFE', 'SAFE', 'FIELD_SHARED', 'SLOWER', 'MEC_USED', 'CLEAN', 'CLEAN', 'NEUTRAL', 'NEUTRAL', 'CLEAR', 'CLEAR', 'OPENING', 'BANCO_OFF')",11,7,11,63.636,ATTACK_TECH,27.273,1.846220,6.3358
"('TANK', 'TANK', 'NEUTRAL', 'FULL', 'SAFE', 'NORMAL', 'SLOWER', 'MEC_USED', 'CLEAN', 'CLEAN', 'DEBUFF', 'NEUTRAL', 'CLEAR', 'CLEAR', 'CLUTCH', 'BANCO_VAZIO')",11,2,9,22.222,ATTACK_STRONG,90.909,0.304636,1.3561
"('UTILITY', 'TANK', 'DEFENSIVE_ADV', 'FULL', 'FULL', 'NORMAL', 'FASTER', 'MEC_USED', 'CLEAN', 'CLEAN', 'NEUTRAL', 'NEUTRAL', 'CLEAR', 'CLEAR', 'OPENING', 'BANCO_OFF')",11,6,9,66.667,ATTACK_TECH,36.364,1.641735,5.1641
"('TANK', 'TANK', 'OFFENSIVE_ADV', 'SAFE', 'DANGER', 'NORMAL', 'SLOWER', 'MEC_USED', 'CLEAN', 'CLEAN', 'NEUTRAL', 'NEUTRAL', 'CLEAR', 'CLEAR', 'OPENING', 'BANCO_OFF')",11,5,11,45.455,ATTACK_PREDICTIVE,36.364,1.468140,4.3412
"('TANK', 'UTILITY', 'STALEMATE', 'FULL', 'FULL', 'NORMAL', 'SLOWER', 'MEC_USED', 'CLEAN', 'CLEAN', 'NEUTRAL', 'NEUTRAL', 'CLEAR', 'CLEAR', 'OPENING', 'BANCO_AMBOS')",11,4,6,66.667,ATTACK_PIVOT,54.545,1.120950,3.0678
"('TANK', 'UTILITY', 'NEUTRAL', 'SAFE', 'FULL', 'NORMAL', 'SLOWER', 'MEC_USED', 'CLEAN', 'CLEAN', 'NEUTRAL', 'NEUTRAL', 'CLEAR', 'CLEAR', 'OPENING', 'BANCO_OFF')",11,5,11,45.455,SWITCH_DEFENSIVE,45.455,1.414279,4.1135
"('TANK', 'TANK', 'DOMINANT', 'FULL', 'FULL', 'FIELD_OURS_DEF', 'FASTER', 'MEC_USED', 'CLEAN', 'CLEAN', 'NEUTRAL', 'NEUTRAL', 'CLEAR', 'CLEAR', 'OPENING', 'BANCO_AMBOS')",11,1,6,16.667,ATTACK_STRONG,100.000,-0.000000,1.0000
"('UTILITY', 'TANK', 'VOLATILE', 'FULL', 'FULL', 'FIELD_THEIRS', 'FASTER', 'MEC_USED', 'CLEAN', 'CLEAN', 'NEUTRAL', 'NEUTRAL', 'CLEAR', 'CLEAR', 'OPENING', 'BANCO_AMBOS')",11,4,6,66.667,ATTACK_STRONG,45.455,1.240684,3.4580
"('TANK', 'TANK', 'OFFENSIVE_ADV', 'FULL', 'FULL', 'FIELD_SHARED', 'FASTER', 'MEC_USED', 'CLEAN', 'CLEAN', 'NEUTRAL', 'NEUTRAL', 'SET', 'CLEAR', 'OPENING', 'BANCO_OFF')",11,5,12,41.667,ATTACK_STRONG,27.273,1.546599,4.6955
"('TANK', 'TANK', 'OFFENSIVE_ADV', 'SAFE', 'FULL', 'FIELD_SHARED', 'FASTER', 'MEC_USED', 'CLEAN', 'CLEAN', 'NEUTRAL', 'NEUTRAL', 'CLEAR', 'CLEAR', 'OPENING', 'BANCO_OFF')",11,6,10,60.000,ATTACK_STRONG,27.273,1.720193,5.5856
"('TANK', 'TANK', 'OFFENSIVE_DIS', 'SAFE', 'SAFE', 'NORMAL', 'SLOWER', 'MEC_USED', 'CLEAN', 'CLEAN', 'NEUTRAL', 'NEUTRAL', 'SET', 'SET', 'RECOVERING', 'BANCO_VAZIO')",11,7,9,77.778,ATTACK_TECH,27.273,1.798652,6.0415
"('TANK', 'TANK', 'NEUTRAL', 'FULL', 'SAFE', 'NORMAL', 'SLOWER', 'MEC_USED', 'CLEAN', 'CLEAN', 'NEUTRAL', 'NEUTRAL', 'CLEAR', 'CLEAR', 'OPENING', 'BANCO_AMBOS')",11,3,12,25.000,ATTACK_STRONG,63.636,0.859967,2.3631
"('TANK', 'TANK', 'DEFENSIVE_DIS', 'FULL', 'FULL', 'FIELD_OURS_OFF', 'FASTER', 'MEC_USED', 'CLEAN', 'CLEAN', 'NEUTRAL', 'NEUTRAL', 'CLEAR', 'CLEAR', 'OPENING', 'BANCO_OFF')",11,3,8,37.500,ATTACK_PREDICTIVE,45.455,0.934770,2.5466
"('TANK', 'TANK', 'OFFENSIVE_DIS', 'SAFE', 'SAFE', 'NORMAL', 'SLOWER', 'MEC_USED', 'CLEAN', 'CLEAN', 'NEUTRAL', 'NEUTRAL', 'SET', 'CLEAR', 'OPENING', 'BANCO_OFF')",11,7,12,58.333,ATTACK_PIVOT,27.273,1.846220,6.3358
"('TANK', 'TANK', 'OFFENSIVE_DIS', 'SAFE', 'SAFE', 'NORMAL', 'FASTER', 'MEC_USED', 'CLEAN', 'CLEAN', 'NEUTRAL', 'NEUTRAL', 'CLEAR', 'SET', 'RECOVERING', 'BANCO_VAZIO')",10,8,11,72.727,ATTACK_TECH,30.000,1.973001,7.1922
"('TANK', 'TANK', 'OFFENSIVE_ADV', 'FULL', 'FULL', 'NORMAL', 'FASTER', 'MEC_AVAIL', 'CLEAN', 'CLEAN', 'NEUTRAL', 'NEUTRAL', 'CLEAR', 'CLEAR', 'OPENING', 'BANCO_DEF')",10,7,12,58.333,SWITCH_DEFENSIVE,30.000,1.834372,6.2612
"('TANK', 'TANK', 'NEUTRAL', 'FULL', 'DANGER', 'NORMAL', 'SLOWER', 'MEC_USED', 'CLEAN', 'CLEAN', 'NEUTRAL', 'NEUTRAL', 'SET', 'SET', 'RECOVERING', 'BANCO_VAZIO')",10,5,12,41.667,STATUS,40.000,1.418484,4.1309
"('TANK', 'TANK', 'VOLATILE', 'FULL', 'FULL', 'FIELD_OURS_DEF', 'SLOWER', 'MEC_USED', 'CLEAN', 'CLEAN', 'NEUTRAL', 'NEUTRAL', 'CLEAR', 'CLEAR', 'OPENING', 'BANCO_AMBOS')",10,3,4,75.000,SWITCH_DEFENSIVE,40.000,1.088900,2.9710
"('TANK', 'TANK', 'NEUTRAL', 'SAFE', 'FULL', 'NORMAL', 'SLOWER', 'MEC_USED', 'CLEAN', 'CLEAN', 'NEUTRAL', 'NEUTRAL', 'CLEAR', 'CLEAR', 'OPENING', 'BANCO_AMBOS')",10,6,13,46.154,ATTACK_STRONG,30.000,1.643418,5.1728
"('TANK', 'SWEEPER', 'DEFENSIVE_DIS', 'FULL', 'FULL', 'NORMAL', 'SLOWER', 'MEC_USED', 'CLEAN', 'CLEAN', 'NEUTRAL', 'NEUTRAL', 'CLEAR', 'CLEAR', 'OPENING', 'BANCO_OFF')",10,7,12,58.333,ATTACK_PREDICTIVE,20.000,1.886697,6.5975
"('TANK', 'TANK', 'NEUTRAL', 'SAFE', 'SAFE', 'NORMAL', 'SLOWER', 'MEC_USED', 'CLEAN', 'CLEAN', 'NEUTRAL', 'NEUTRAL', 'CLEAR', 'CLEAR', 'OPENING', 'BANCO_AMBOS')",10,2,13,15.385,SWITCH_OFFENSIVE,90.000,0.325083,1.3841
"('TANK', 'TANK', 'CRITICAL_DIS', 'FULL', 'FULL', 'FIELD_SHARED', 'SLOWER', 'MEC_USED', 'CLEAN', 'CLEAN', 'NEUTRAL', 'NEUTRAL', 'CLEAR', 'CLEAR', 'OPENING', 'BANCO_OFF')",10,6,10,60.000,STATUS,40.000,1.609438,5.0000
"('TANK', 'TANK', 'NEUTRAL', 'SAFE', 'SAFE', 'NORMAL', 'FASTER', 'MEC_USED', 'CLEAN', 'CLEAN', 'NEUTRAL', 'NEUTRAL', 'SET', 'SET', 'OPENING', 'BANCO_OFF')",10,4,10,40.000,ATTACK_TECH,50.000,1.220607,3.3892
"('TANK', 'TANK', 'OFFENSIVE_ADV', 'FULL', 'DANGER', 'FIELD_SHARED', 'FASTER', 'MEC_USED', 'CLEAN', 'CLEAN', 'NEUTRAL', 'NEUTRAL', 'CLEAR', 'CLEAR', 'OPENING', 'BANCO_OFF')",10,3,9,33.333,ATTACK_STRONG,80.000,0.639032,1.8946
"('TANK', 'SWEEPER', 'NEUTRAL', 'FULL', 'FULL', 'NORMAL', 'SLOWER', 'MEC_USED', 'CLEAN', 'CLEAN', 'NEUTRAL', 'NEUTRAL', 'CLEAR', 'CLEAR', 'OPENING', 'BANCO_OFF')",10,7,11,63.636,ATTACK_STRONG,20.000,1.886697,6.5975
"('TANK', 'TANK', 'NEUTRAL', 'FULL', 'CRIT', 'NORMAL', 'FASTER', 'MEC_USED', 'CLEAN', 'AFFLICTED', 'NEUTRAL', 'DEBUFF_DEBUFF', 'CLEAR', 'SET', 'CLUTCH', 'BANCO_VAZIO')",10,2,2,100.000,HAZARD,90.000,0.325083,1.3841
"('TANK', 'TANK', 'OFFENSIVE_DIS', 'FULL', 'FULL', 'NORMAL', 'SLOWER', 'MEC_USED', 'CLEAN', 'CLEAN', 'NEUTRAL', 'NEUTRAL', 'SET', 'CLEAR', 'OPENING', 'BANCO_OFF')",10,5,7,71.429,STATUS,40.000,1.470808,4.3528
"('TANK', 'SWEEPER', 'OFFENSIVE_DIS', 'FULL', 'FULL', 'FIELD_SHARED', 'SLOWER', 'MEC_USED', 'CLEAN', 'CLEAN', 'NEUTRAL', 'NEUTRAL', 'CLEAR', 'CLEAR', 'OPENING', 'BANCO_OFF')",10,4,11,36.364,DISRUPTION,40.000,1.279854,3.5961
"('UTILITY', 'TANK', 'DEFENSIVE_DIS', 'FULL', 'FULL', 'NORMAL', 'FASTER', 'MEC_AVAIL', 'CLEAN', 'CLEAN', 'NEUTRAL', 'NEUTRAL', 'CLEAR', 'CLEAR', 'OPENING', 'BANCO_AMBOS')",10,4,6,66.667,ATTACK_PREDICTIVE,50.000,1.220607,3.3892
"('TANK', 'TANK', 'DEFENSIVE_DIS', 'FULL', 'FULL', 'FIELD_OURS_DEF', 'FASTER', 'MEC_USED', 'CLEAN', 'CLEAN', 'NEUTRAL', 'NEUTRAL', 'CLEAR', 'CLEAR', 'OPENING', 'BANCO_DEF')",10,4,4,100.000,ATTACK_PREDICTIVE,60.000,1.088900,2.9710
"('TANK', 'TANK', 'STALEMATE', 'FULL', 'FULL', 'FIELD_SHARED', 'SLOWER', 'MEC_USED', 'CLEAN', 'CLEAN', 'NEUTRAL', 'NEUTRAL', 'CLEAR', 'CLEAR', 'OPENING', 'BANCO_OFF')",10,7,11,63.636,SWITCH_OFFENSIVE,30.000,1.834372,6.2612
"('TANK', 'TANK', 'CRITICAL_DIS', 'FULL', 'FULL', 'FIELD_OURS_DEF', 'FASTER', 'MEC_USED', 'CLEAN', 'CLEAN', 'NEUTRAL', 'NEUTRAL', 'CLEAR', 'CLEAR', 'OPENING', 'BANCO_OFF')",10,4,6,66.667,ATTACK_STRONG,40.000,1.279854,3.5961
"('UTILITY', 'TANK', 'NEUTRAL', 'FULL', 'FULL', 'FIELD_THEIRS', 'SLOWER', 'MEC_USED', 'CLEAN', 'CLEAN', 'NEUTRAL', 'NEUTRAL', 'CLEAR', 'CLEAR', 'OPENING', 'BANCO_AMBOS')",10,1,6,16.667,FIELD_CONTROL,100.000,-0.000000,1.0000
"('SWEEPER', 'TANK', 'OFFENSIVE_ADV', 'FULL', 'FULL', 'NORMAL', 'FASTER', 'MEC_AVAIL', 'CLEAN', 'CLEAN', 'NEUTRAL', 'NEUTRAL', 'CLEAR', 'CLEAR', 'OPENING', 'BANCO_OFF')",10,7,14,50.000,ATTACK_STRONG,30.000,1.834372,6.2612
"('UTILITY', 'TANK', 'VOLATILE', 'FULL', 'FULL', 'NORMAL', 'FASTER', 'MEC_USED', 'CLEAN', 'CLEAN', 'NEUTRAL', 'NEUTRAL', 'CLEAR', 'CLEAR', 'OPENING', 'BANCO_OFF')",10,2,9,22.222,SWITCH_OFFENSIVE,90.000,0.325083,1.3841
"('TANK', 'TANK', 'OFFENSIVE_ADV', 'SAFE', 'FULL', 'NORMAL', 'FASTER', 'MEC_USED', 'CLEAN', 'CLEAN', 'NEUTRAL', 'NEUTRAL', 'SET', 'CLEAR', 'OPENING', 'BANCO_OFF')",10,5,9,55.556,ATTACK_STRONG,40.000,1.470808,4.3528
"('TANK', 'TANK', 'OFFENSIVE_ADV', 'SAFE', 'SAFE', 'NORMAL', 'FASTER', 'MEC_USED', 'AFFLICTED', 'CLEAN', 'NEUTRAL', 'NEUTRAL', 'CLEAR', 'CLEAR', 'RECOVERING', 'BANCO_VAZIO')",10,2,7,28.571,ATTACK_PREDICTIVE,60.000,0.673012,1.9601
"('TANK', 'TANK', 'OFFENSIVE_DIS', 'FULL', 'FULL', 'NORMAL', 'SLOWER', 'MEC_USED', 'AFFLICTED', 'AFFLICTED', 'NEUTRAL', 'NEUTRAL', 'CLEAR', 'SET', 'RECOVERING', 'BANCO_VAZIO')",10,2,2,100.000,HAZARD,60.000,0.673012,1.9601
"('TANK', 'TANK', 'DEFENSIVE_DIS', 'FULL', 'FULL', 'NORMAL', 'SLOWER', 'MEC_AVAIL', 'CLEAN', 'CLEAN', 'NEUTRAL', 'NEUTRAL', 'CLEAR', 'CLEAR', 'OPENING', 'BANCO_OFF')",10,7,18,38.889,SWITCH_OFFENSIVE,30.000,1.834372,6.2612
"('TANK', 'SWEEPER', 'OFFENSIVE_DIS', 'FULL', 'SAFE', 'NORMAL', 'SLOWER', 'MEC_USED', 'CLEAN', 'CLEAN', 'NEUTRAL', 'NEUTRAL', 'CLEAR', 'CLEAR', 'OPENING', 'BANCO_OFF')",10,6,9,66.667,ATTACK_TECH,20.000,1.748067,5.7435
"('TANK', 'TANK', 'DEFENSIVE_ADV', 'FULL', 'FULL', 'NORMAL', 'SLOWER', 'MEC_USED', 'CLEAN', 'AFFLICTED', 'NEUTRAL', 'NEUTRAL', 'SET', 'CLEAR', 'CLUTCH', 'BANCO_VAZIO')",10,2,2,100.000,STATUS,90.000,0.325083,1.3841
"('TANK', 'TANK', 'NEUTRAL', 'CRIT', 'FULL', 'NORMAL', 'SLOWER', 'MEC_USED', 'AFFLICTED', 'CLEAN', 'DEBUFF', 'NEUTRAL', 'SET', 'SET', 'CLUTCH', 'BANCO_VAZIO')",10,2,2,100.000,HAZARD,90.000,0.325083,1.3841
"('TANK', 'TANK', 'NEUTRAL', 'FULL', 'SAFE', 'FIELD_SHARED', 'FASTER', 'MEC_USED', 'CLEAN', 'CLEAN', 'NEUTRAL', 'NEUTRAL', 'CLEAR', 'CLEAR', 'OPENING', 'BANCO_VAZIO')",9,4,11,36.364,STATUS,44.444,1.214890,3.3699
"('TANK', 'TANK', 'NEUTRAL', 'FULL', 'FULL', 'NORMAL', 'SLOWER', 'MEC_USED', 'CLEAN', 'CLEAN', 'DEBUFF', 'DEBUFF', 'SET', 'SET', 'CLUTCH', 'BANCO_VAZIO')",9,3,3,100.000,HAZARD,55.556,0.995027,2.7048
"('SWEEPER', 'TANK', 'NEUTRAL', 'FULL', 'FULL', 'FIELD_THEIRS', 'FASTER', 'MEC_USED', 'CLEAN', 'CLEAN', 'NEUTRAL', 'NEUTRAL', 'CLEAR', 'CLEAR', 'OPENING', 'BANCO_AMBOS')",9,1,6,16.667,ATTACK_STRONG,100.000,-0.000000,1.0000
"('TANK', 'TANK', 'NEUTRAL', 'DANGER', 'SAFE', 'NORMAL', 'SLOWER', 'MEC_USED', 'CLEAN', 'CLEAN', 'NEUTRAL', 'NEUTRAL', 'SET', 'SET', 'RECOVERING', 'BANCO_VAZIO')",9,5,10,50.000,SWITCH_DEFENSIVE,33.333,1.522955,4.5858
"('TANK', 'TANK', 'VOLATILE', 'FULL', 'FULL', 'FIELD_OURS_OFF', 'SLOWER', 'MEC_USED', 'CLEAN', 'CLEAN', 'NEUTRAL', 'NEUTRAL', 'CLEAR', 'CLEAR', 'OPENING', 'BANCO_AMBOS')",9,7,8,87.500,ATTACK_STRONG,22.222,1.889159,6.6138
"('TANK', 'SWEEPER', 'NEUTRAL', 'FULL', 'FULL', 'NORMAL', 'SLOWER', 'MEC_AVAIL', 'CLEAN', 'CLEAN', 'NEUTRAL', 'NEUTRAL', 'CLEAR', 'CLEAR', 'OPENING', 'BANCO_AMBOS')",9,6,16,37.500,ATTACK_STRONG,22.222,1.735126,5.6696
"('SWEEPER', 'UTILITY', 'CRITICAL_DIS', 'FULL', 'FULL', 'NORMAL', 'FASTER', 'MEC_USED', 'CLEAN', 'CLEAN', 'NEUTRAL', 'NEUTRAL', 'CLEAR', 'CLEAR', 'OPENING', 'BANCO_AMBOS')",9,3,4,75.000,ATTACK_PREDICTIVE,44.444,0.964963,2.6247
"('SWEEPER', 'TANK', 'OFFENSIVE_ADV', 'FULL', 'FULL', 'FIELD_THEIRS', 'FASTER', 'MEC_AVAIL', 'CLEAN', 'CLEAN', 'NEUTRAL', 'NEUTRAL', 'CLEAR', 'CLEAR', 'OPENING', 'BANCO_AMBOS')",9,3,10,30.000,SWITCH_OFFENSIVE,66.667,0.848686,2.3366
"('TANK', 'TANK', 'CRITICAL_DIS', 'FULL', 'FULL', 'FIELD_SHARED', 'FASTER', 'MEC_USED', 'CLEAN', 'CLEAN', 'NEUTRAL', 'NEUTRAL', 'CLEAR', 'CLEAR', 'OPENING', 'BANCO_AMBOS')",9,2,9,22.222,SWITCH_DEFENSIVE,88.889,0.348832,1.4174
"('TANK', 'TANK', 'OFFENSIVE_DIS', 'FULL', 'FULL', 'FIELD_THEIRS', 'SLOWER', 'MEC_USED', 'CLEAN', 'CLEAN', 'NEUTRAL', 'NEUTRAL', 'CLEAR', 'CLEAR', 'OPENING', 'BANCO_AMBOS')",9,3,7,42.857,STATUS,55.556,0.936888,2.5520
"('UTILITY', 'TANK', 'OFFENSIVE_ADV', 'FULL', 'FULL', 'FIELD_THEIRS', 'FASTER', 'MEC_USED', 'CLEAN', 'CLEAN', 'NEUTRAL', 'NEUTRAL', 'CLEAR', 'CLEAR', 'OPENING', 'BANCO_AMBOS')",9,5,6,83.333,ATTACK_STRONG,33.333,1.522955,4.5858
"('TANK', 'TANK', 'NEUTRAL', 'FULL', 'SAFE', 'NORMAL', 'FASTER', 'MEC_USED', 'CLEAN', 'CLEAN', 'NEUTRAL', 'NEUTRAL', 'SET', 'SET', 'OPENING', 'BANCO_OFF')",9,5,10,50.000,SWITCH_DEFENSIVE,33.333,1.522955,4.5858
"('TANK', 'TANK', 'VOLATILE', 'FULL', 'FULL', 'FIELD_OURS_DEF', 'SLOWER', 'MEC_AVAIL', 'CLEAN', 'CLEAN', 'NEUTRAL', 'NEUTRAL', 'CLEAR', 'CLEAR', 'OPENING', 'BANCO_OFF')",9,5,10,50.000,SWITCH_DEFENSIVE,33.333,1.522955,4.5858
"('TANK', 'TANK', 'OFFENSIVE_ADV', 'FULL', 'DANGER', 'NORMAL', 'FASTER', 'MEC_USED', 'CLEAN', 'CLEAN', 'NEUTRAL', 'NEUTRAL', 'CLEAR', 'CLEAR', 'OPENING', 'BANCO_OFF')",9,6,8,75.000,SWITCH_DEFENSIVE,33.333,1.676988,5.3494
"('TANK', 'TANK', 'VOLATILE', 'FULL', 'FULL', 'FIELD_OURS_DEF', 'FASTER', 'MEC_AVAIL', 'CLEAN', 'CLEAN', 'NEUTRAL', 'NEUTRAL', 'CLEAR', 'CLEAR', 'OPENING', 'BANCO_OFF')",9,1,8,12.500,ATTACK_STRONG_MEC,100.000,-0.000000,1.0000
"('TANK', 'TANK', 'STALEMATE', 'FULL', 'FULL', 'NORMAL', 'SLOWER', 'MEC_USED', 'CLEAN', 'CLEAN', 'NEUTRAL', 'NEUTRAL', 'CLEAR', 'CLEAR', 'RECOVERING', 'BANCO_VAZIO')",9,3,6,50.000,HAZARD,77.778,0.683739,1.9813
"('TANK', 'TANK', 'DEFENSIVE_ADV', 'SAFE', 'FULL', 'NORMAL', 'SLOWER', 'MEC_USED', 'CLEAN', 'AFFLICTED', 'NEUTRAL', 'DEBUFF', 'SET', 'SET', 'CLUTCH', 'BANCO_VAZIO')",9,2,6,33.333,STAT_CLEAN,55.556,0.686962,1.9877
"('TANK', 'TANK', 'DEFENSIVE_DIS', 'FULL', 'FULL', 'FIELD_OURS_OFF', 'FASTER', 'MEC_USED', 'CLEAN', 'CLEAN', 'NEUTRAL', 'NEUTRAL', 'CLEAR', 'CLEAR', 'OPENING', 'BANCO_VAZIO')",9,5,7,71.429,ATTACK_PIVOT,55.556,1.303092,3.6807
"('TANK', 'TANK', 'DEFENSIVE_ADV', 'FULL', 'FULL', 'NORMAL', 'FASTER', 'MEC_USED', 'CLEAN', 'AFFLICTED', 'DEBUFF', 'NEUTRAL', 'CLEAR', 'SET', 'RECOVERING', 'BANCO_VAZIO')",9,1,1,100.000,STATUS,100.000,-0.000000,1.0000
"('TANK', 'TANK', 'DEFENSIVE_ADV', 'FULL', 'FULL', 'NORMAL', 'SLOWER', 'MEC_USED', 'CLEAN', 'AFFLICTED', 'DEBUFF', 'NEUTRAL', 'SET', 'SET', 'CLUTCH', 'BANCO_VAZIO')",9,1,1,100.000,HAZARD,100.000,-0.000000,1.0000
"('TANK', 'TANK', 'NEUTRAL', 'FULL', 'FULL', 'NORMAL', 'SLOWER', 'MEC_USED', 'CLEAN', 'CLEAN', 'NEUTRAL', 'NEUTRAL', 'CLEAR', 'CLEAR', 'CLUTCH', 'BANCO_VAZIO')",9,4,9,44.444,ATTACK_PREDICTIVE,44.444,1.214890,3.3699
"('TANK', 'TANK', 'VOLATILE', 'FULL', 'FULL', 'NORMAL', 'SLOWER', 'MEC_USED', 'CLEAN', 'CLEAN', 'NEUTRAL', 'NEUTRAL', 'CLEAR', 'CLEAR', 'OPENING', 'BANCO_AMBOS')",8,6,9,66.667,ATTACK_TECH,25.000,1.732868,5.6569
"('TANK', 'TANK', 'VOLATILE', 'FULL', 'FULL', 'NORMAL', 'FASTER', 'MEC_USED', 'CLEAN', 'AFFLICTED', 'NEUTRAL', 'NEUTRAL', 'SET', 'SET', 'RECOVERING', 'BANCO_VAZIO')",8,2,2,100.000,STAT_CLEAN,62.500,0.661563,1.9378
"('TANK', 'TANK', 'OFFENSIVE_ADV', 'SAFE', 'FULL', 'NORMAL', 'SLOWER', 'MEC_USED', 'CLEAN', 'CLEAN', 'NEUTRAL', 'NEUTRAL', 'CLEAR', 'SET', 'OPENING', 'BANCO_OFF')",8,4,10,40.000,ATTACK_PIVOT,37.500,1.320888,3.7467
"('TANK', 'TANK', 'NEUTRAL', 'SAFE', 'FULL', 'NORMAL', 'FASTER', 'MEC_USED', 'CLEAN', 'CLEAN', 'NEUTRAL', 'NEUTRAL', 'CLEAR', 'CLEAR', 'RECOVERING', 'BANCO_VAZIO')",8,6,11,54.545,HEAL,37.500,1.667462,5.2987
"('TANK', 'TANK', 'DEFENSIVE_DIS', 'FULL', 'FULL', 'FIELD_THEIRS', 'SLOWER', 'MEC_USED', 'CLEAN', 'CLEAN', 'NEUTRAL', 'NEUTRAL', 'CLEAR', 'CLEAR', 'OPENING', 'BANCO_OFF')",8,4,9,44.444,STATUS,50.000,1.213008,3.3636
"('TANK', 'TANK', 'OFFENSIVE_DIS', 'SAFE', 'FULL', 'NORMAL', 'FASTER', 'MEC_USED', 'CLEAN', 'CLEAN', 'NEUTRAL', 'NEUTRAL', 'CLEAR', 'SET', 'RECOVERING', 'BANCO_VAZIO')",8,5,9,55.556,STATUS,37.500,1.494175,4.4557
"('TANK', 'TANK', 'OFFENSIVE_ADV', 'SAFE', 'FULL', 'FIELD_SHARED', 'FASTER', 'MEC_AVAIL', 'CLEAN', 'CLEAN', 'NEUTRAL', 'NEUTRAL', 'CLEAR', 'CLEAR', 'OPENING', 'BANCO_OFF')",8,6,18,33.333,ATTACK_STRONG_MEC,25.000,1.732868,5.6569
"('SWEEPER', 'TANK', 'NEUTRAL', 'FULL', 'FULL', 'FIELD_THEIRS', 'FASTER', 'MEC_AVAIL', 'CLEAN', 'CLEAN', 'NEUTRAL', 'NEUTRAL', 'CLEAR', 'CLEAR', 'OPENING', 'BANCO_AMBOS')",8,5,8,62.500,ATTACK_PIVOT,25.000,1.559581,4.7568
"('SWEEPER', 'TANK', 'DOMINANT', 'FULL', 'FULL', 'FIELD_OURS_OFF', 'FASTER', 'MEC_USED', 'CLEAN', 'CLEAN', 'NEUTRAL', 'NEUTRAL', 'CLEAR', 'CLEAR', 'OPENING', 'BANCO_AMBOS')",8,1,6,16.667,ATTACK_STRONG,100.000,-0.000000,1.0000
"('TANK', 'TANK', 'DEFENSIVE_ADV', 'FULL', 'FULL', 'NORMAL', 'SLOWER', 'MEC_USED', 'AFFLICTED', 'CLEAN', 'DEBUFF_DEBUFF', 'NEUTRAL', 'CLEAR', 'SET', 'CLUTCH', 'BANCO_VAZIO')",8,1,3,33.333,ATTACK_PREDICTIVE,100.000,-0.000000,1.0000
"('TANK', 'TANK', 'DEFENSIVE_DIS', 'FULL', 'FULL', 'FIELD_THEIRS', 'SLOWER', 'MEC_USED', 'CLEAN', 'CLEAN', 'NEUTRAL', 'NEUTRAL', 'CLEAR', 'CLEAR', 'OPENING', 'BANCO_AMBOS')",8,4,8,50.000,SWITCH_DEFENSIVE,50.000,1.213008,3.3636
"('SWEEPER', 'TANK', 'OFFENSIVE_ADV', 'FULL', 'FULL', 'NORMAL', 'FASTER', 'MEC_USED', 'CLEAN', 'CLEAN', 'NEUTRAL', 'DEBUFF', 'SET', 'CLEAR', 'OPENING', 'BANCO_OFF')",8,5,8,62.500,ATTACK_STRONG,25.000,1.559581,4.7568
"('TANK', 'TANK', 'OFFENSIVE_ADV', 'FULL', 'FULL', 'NORMAL', 'FASTER', 'MEC_USED', 'CLEAN', 'CLEAN', 'NEUTRAL', 'NEUTRAL', 'SET', 'CLEAR', 'OPENING', 'BANCO_AMBOS')",8,6,11,54.545,STATUS,25.000,1.732868,5.6569
"('TANK', 'TANK', 'OFFENSIVE_ADV', 'SAFE', 'SAFE', 'NORMAL', 'FASTER', 'MEC_USED', 'AFFLICTED', 'CLEAN', 'NEUTRAL', 'NEUTRAL', 'CLEAR', 'CLEAR', 'CLUTCH', 'BANCO_VAZIO')",8,2,5,40.000,HEAL,87.500,0.376770,1.4576
"('SWEEPER', 'TANK', 'OFFENSIVE_ADV', 'FULL', 'FULL', 'FIELD_THEIRS', 'FASTER', 'MEC_USED', 'CLEAN', 'CLEAN', 'NEUTRAL', 'NEUTRAL', 'CLEAR', 'CLEAR', 'OPENING', 'BANCO_OFF')",8,4,6,66.667,ATTACK_STRONG,37.500,1.320888,3.7467
"('SWEEPER', 'TANK', 'CRITICAL_DIS', 'FULL', 'FULL', 'NORMAL', 'FASTER', 'MEC_USED', 'CLEAN', 'CLEAN', 'NEUTRAL', 'NEUTRAL', 'CLEAR', 'CLEAR', 'OPENING', 'BANCO_AMBOS')",8,5,6,83.333,STATUS,37.500,1.494175,4.4557
"('TANK', 'TANK', 'NEUTRAL', 'FULL', 'SAFE', 'NORMAL', 'SLOWER', 'MEC_USED', 'CLEAN', 'CLEAN', 'NEUTRAL', 'DEBUFF', 'SET', 'SET', 'CLUTCH', 'BANCO_VAZIO')",8,2,3,66.667,ATTACK_STRONG,62.500,0.661563,1.9378
"('TANK', 'TANK', 'NEUTRAL', 'FULL', 'FULL', 'FIELD_THEIRS', 'FASTER', 'MEC_USED', 'CLEAN', 'CLEAN', 'NEUTRAL', 'NEUTRAL', 'CLEAR', 'CLEAR', 'OPENING', 'BANCO_VAZIO')",8,4,7,57.143,ATTACK_TECH,37.500,1.320888,3.7467
"('TANK', 'TANK', 'OFFENSIVE_DIS', 'SAFE', 'SAFE', 'NORMAL', 'SLOWER', 'MEC_USED', 'CLEAN', 'CLEAN', 'NEUTRAL', 'NEUTRAL', 'CLEAR', 'CLEAR', 'OPENING', 'BANCO_VAZIO')",8,4,6,66.667,SWITCH_OFFENSIVE,37.500,1.320888,3.7467
"('TANK', 'TANK', 'DEFENSIVE_DIS', 'FULL', 'SAFE', 'NORMAL', 'FASTER', 'MEC_USED', 'CLEAN', 'CLEAN', 'NEUTRAL', 'NEUTRAL', 'CLEAR', 'CLEAR', 'OPENING', 'BANCO_AMBOS')",8,1,9,11.111,SWITCH_DEFENSIVE,100.000,-0.000000,1.0000
"('TANK', 'TANK', 'OFFENSIVE_ADV', 'DANGER', 'FULL', 'NORMAL', 'FASTER', 'MEC_USED', 'CLEAN', 'CLEAN', 'NEUTRAL', 'NEUTRAL', 'CLEAR', 'CLEAR', 'OPENING', 'BANCO_OFF')",8,5,7,71.429,SWITCH_DEFENSIVE,37.500,1.494175,4.4557
"('TANK', 'TANK', 'OFFENSIVE_DIS', 'FULL', 'FULL', 'FIELD_SHARED', 'SLOWER', 'MEC_USED', 'CLEAN', 'CLEAN', 'NEUTRAL', 'NEUTRAL', 'CLEAR', 'CLEAR', 'OPENING', 'BANCO_AMBOS')",8,6,10,60.000,HAZARD,25.000,1.732868,5.6569
"('TANK', 'TANK', 'OFFENSIVE_ADV', 'FULL', 'FULL', 'NORMAL', 'FASTER', 'MEC_USED', 'CLEAN', 'CLEAN', 'NEUTRAL', 'DEBUFF', 'CLEAR', 'CLEAR', 'OPENING', 'BANCO_OFF')",8,6,8,75.000,BUFF,25.000,1.732868,5.6569
"('TANK', 'TANK', 'NEUTRAL', 'SAFE', 'FULL', 'NORMAL', 'SLOWER', 'MEC_USED', 'CLEAN', 'CLEAN', 'NEUTRAL', 'NEUTRAL', 'SET', 'CLEAR', 'OPENING', 'BANCO_OFF')",8,6,13,46.154,HAZARD,37.500,1.667462,5.2987
"('TANK', 'TANK', 'DEFENSIVE_DIS', 'SAFE', 'SAFE', 'NORMAL', 'SLOWER', 'MEC_USED', 'CLEAN', 'CLEAN', 'NEUTRAL', 'NEUTRAL', 'CLEAR', 'CLEAR', 'OPENING', 'BANCO_OFF')",8,2,10,20.000,ATTACK_STRONG,87.500,0.376770,1.4576
"('TANK', 'TANK', 'OFFENSIVE_ADV', 'FULL', 'SAFE', 'NORMAL', 'FASTER', 'MEC_USED', 'AFFLICTED', 'CLEAN', 'NEUTRAL', 'BUFFED', 'SET', 'CLEAR', 'CLUTCH', 'BANCO_VAZIO')",8,2,2,100.000,CLEAN_HAZARD,62.500,0.661563,1.9378
"('UTILITY', 'TANK', 'OFFENSIVE_ADV', 'FULL', 'FULL', 'FIELD_THEIRS', 'SLOWER', 'MEC_USED', 'CLEAN', 'CLEAN', 'NEUTRAL', 'NEUTRAL', 'CLEAR', 'CLEAR', 'OPENING', 'BANCO_AMBOS')",8,3,8,37.500,SWITCH_DEFENSIVE,75.000,0.735622,2.0868
"('TANK', 'TANK', 'NEUTRAL', 'DANGER', 'FULL', 'NORMAL', 'FASTER', 'MEC_USED', 'AFFLICTED', 'CLEAN', 'NEUTRAL', 'NEUTRAL', 'CLEAR', 'CLEAR', 'CLUTCH', 'BANCO_VAZIO')",8,3,4,75.000,HEAL,75.000,0.735622,2.0868
"('TANK', 'TANK', 'DOMINANT', 'FULL', 'FULL', 'FIELD_SHARED', 'FASTER', 'MEC_USED', 'CLEAN', 'CLEAN', 'NEUTRAL', 'NEUTRAL', 'SET', 'CLEAR', 'OPENING', 'BANCO_OFF')",8,5,10,50.000,HEAL,50.000,1.386294,4.0000
"('SWEEPER', 'TANK', 'DEFENSIVE_DIS', 'DANGER', 'FULL', 'NORMAL', 'FASTER', 'MEC_USED', 'CLEAN', 'CLEAN', 'NEUTRAL', 'DEBUFF', 'CLEAR', 'CLEAR', 'RECOVERING', 'BANCO_VAZIO')",7,1,4,25.000,ATTACK_STRONG,100.000,-0.000000,1.0000
"('TANK', 'SWEEPER', 'VOLATILE', 'FULL', 'SAFE', 'NORMAL', 'SLOWER', 'MEC_USED', 'CLEAN', 'CLEAN', 'NEUTRAL', 'NEUTRAL', 'CLEAR', 'SET', 'CLUTCH', 'BANCO_VAZIO')",7,2,5,40.000,ATTACK_STRONG,85.714,0.410116,1.5070
"('TANK', 'TANK', 'CRITICAL_DIS', 'FULL', 'CRIT', 'NORMAL', 'FASTER', 'MEC_USED', 'AFFLICTED', 'CLEAN', 'DEBUFF', 'NEUTRAL', 'SET', 'SET', 'CLUTCH', 'BANCO_VAZIO')",7,1,1,100.000,HAZARD,100.000,-0.000000,1.0000
"('TANK', 'TANK', 'NEUTRAL', 'SAFE', 'CRIT', 'NORMAL', 'SLOWER', 'MEC_USED', 'CLEAN', 'CLEAN', 'DEBUFF', 'NEUTRAL', 'CLEAR', 'CLEAR', 'CLUTCH', 'BANCO_VAZIO')",7,2,4,50.000,ATTACK_PREDICTIVE,85.714,0.410116,1.5070
"('TANK', 'UTILITY', 'OFFENSIVE_ADV', 'SAFE', 'FULL', 'NORMAL', 'SLOWER', 'MEC_USED', 'CLEAN', 'CLEAN', 'NEUTRAL', 'NEUTRAL', 'CLEAR', 'CLEAR', 'OPENING', 'BANCO_OFF')",7,4,9,44.444,ATTACK_PIVOT,28.571,1.351784,3.8643
"('TANK', 'TANK', 'NEUTRAL', 'FULL', 'FULL', 'NORMAL', 'FASTER', 'MEC_USED', 'CLEAN', 'CLEAN', 'NEUTRAL', 'NEUTRAL', 'CLEAR', 'CLEAR', 'OPENING', 'BANCO_DEF')",7,4,10,40.000,SWITCH_OFFENSIVE,42.857,1.277034,3.5860
"('SWEEPER', 'TANK', 'DEFENSIVE_DIS', 'FULL', 'FULL', 'NORMAL', 'FASTER', 'MEC_USED', 'CLEAN', 'CLEAN', 'NEUTRAL', 'NEUTRAL', 'CLEAR', 'CLEAR', 'OPENING', 'BANCO_OFF')",7,3,6,50.000,SWITCH_OFFENSIVE,57.143,0.955700,2.6005
"('TANK', 'TANK', 'OFFENSIVE_ADV', 'FULL', 'SAFE', 'NORMAL', 'FASTER', 'MEC_USED', 'AFFLICTED', 'CLEAN', 'NEUTRAL', 'NEUTRAL', 'CLEAR', 'CLEAR', 'CLUTCH', 'BANCO_VAZIO')",7,2,6,33.333,ATTACK_PREDICTIVE,85.714,0.410116,1.5070
"('TANK', 'TANK', 'OFFENSIVE_DIS', 'SAFE', 'FULL', 'NORMAL', 'SLOWER', 'MEC_USED', 'CLEAN', 'CLEAN', 'NEUTRAL', 'NEUTRAL', 'SET', 'CLEAR', 'OPENING', 'BANCO_OFF')",7,5,9,55.556,ATTACK_TECH,28.571,1.549826,4.7107
"('TANK', 'TANK', 'OFFENSIVE_ADV', 'FULL', 'FULL', 'FIELD_SHARED', 'SLOWER', 'MEC_AVAIL', 'CLEAN', 'CLEAN', 'NEUTRAL', 'NEUTRAL', 'CLEAR', 'CLEAR', 'OPENING', 'BANCO_OFF')",7,3,14,21.429,ATTACK_STRONG_MEC,57.143,0.955700,2.6005
"('TANK', 'TANK', 'NEUTRAL', 'SAFE', 'SAFE', 'NORMAL', 'FASTER', 'MEC_USED', 'CLEAN', 'CLEAN', 'NEUTRAL', 'NEUTRAL', 'CLEAR', 'CLEAR', 'OPENING', 'BANCO_AMBOS')",7,1,9,11.111,SWITCH_OFFENSIVE,100.000,-0.000000,1.0000
"('TANK', 'TANK', 'NEUTRAL', 'FULL', 'SAFE', 'NORMAL', 'SLOWER', 'MEC_USED', 'CLEAN', 'CLEAN', 'NEUTRAL', 'NEUTRAL', 'CLEAR', 'SET', 'OPENING', 'BANCO_OFF')",7,3,9,33.333,SWITCH_DEFENSIVE,42.857,1.004242,2.7298
"('TANK', 'TANK', 'NEUTRAL', 'FULL', 'FULL', 'NORMAL', 'SLOWER', 'MEC_USED', 'CLEAN', 'CLEAN', 'DEBUFF', 'NEUTRAL', 'CLEAR', 'CLEAR', 'CLUTCH', 'BANCO_VAZIO')",7,3,9,33.333,ATTACK_STRONG,42.857,1.004242,2.7298
"('TANK', 'TANK', 'OFFENSIVE_ADV', 'SAFE', 'FULL', 'NORMAL', 'SLOWER', 'MEC_USED', 'CLEAN', 'CLEAN', 'NEUTRAL', 'NEUTRAL', 'CLEAR', 'CLEAR', 'OPENING', 'BANCO_AMBOS')",7,5,10,50.000,DISRUPTION,28.571,1.549826,4.7107
"('TANK', 'TANK', 'NEUTRAL', 'FULL', 'DANGER', 'NORMAL', 'SLOWER', 'MEC_USED', 'CLEAN', 'CLEAN', 'NEUTRAL', 'NEUTRAL', 'CLEAR', 'CLEAR', 'OPENING', 'BANCO_OFF')",7,5,7,71.429,ATTACK_PREDICTIVE,28.571,1.549826,4.7107
"('SWEEPER', 'TANK', 'NEUTRAL', 'FULL', 'FULL', 'NORMAL', 'FASTER', 'MEC_USED', 'CLEAN', 'CLEAN', 'NEUTRAL', 'NEUTRAL', 'CLEAR', 'CLEAR', 'OPENING', 'BANCO_DEF')",7,5,7,71.429,SWITCH_DEFENSIVE,28.571,1.549826,4.7107
"('TANK', 'UTILITY', 'DOMINANT', 'FULL', 'FULL', 'FIELD_SHARED', 'SLOWER', 'MEC_USED', 'CLEAN', 'CLEAN', 'NEUTRAL', 'NEUTRAL', 'CLEAR', 'CLEAR', 'OPENING', 'BANCO_OFF')",7,6,10,60.000,ATTACK_STRONG,28.571,1.747868,5.7423
"('TANK', 'TANK', 'NEUTRAL', 'FULL', 'FULL', 'FIELD_THEIRS', 'SLOWER', 'MEC_AVAIL', 'CLEAN', 'CLEAN', 'NEUTRAL', 'NEUTRAL', 'CLEAR', 'CLEAR', 'OPENING', 'BANCO_OFF')",7,6,14,42.857,ATTACK_TECH,28.571,1.747868,5.7423
"('TANK', 'TANK', 'DOMINANT', 'FULL', 'FULL', 'FIELD_OURS_DEF', 'SLOWER', 'MEC_USED', 'CLEAN', 'CLEAN', 'NEUTRAL', 'NEUTRAL', 'CLEAR', 'CLEAR', 'OPENING', 'BANCO_AMBOS')",7,1,6,16.667,SWITCH_OFFENSIVE,100.000,-0.000000,1.0000
"('TANK', 'SWEEPER', 'CRITICAL_DIS', 'FULL', 'FULL', 'NORMAL', 'SLOWER', 'MEC_USED', 'CLEAN', 'CLEAN', 'NEUTRAL', 'NEUTRAL', 'CLEAR', 'CLEAR', 'OPENING', 'BANCO_AMBOS')",7,3,9,33.333,STATUS,42.857,1.078992,2.9417
"('TANK', 'SWEEPER', 'OFFENSIVE_DIS', 'SAFE', 'SAFE', 'NORMAL', 'SLOWER', 'MEC_USED', 'CLEAN', 'CLEAN', 'NEUTRAL', 'NEUTRAL', 'CLEAR', 'CLEAR', 'OPENING', 'BANCO_OFF')",7,4,7,57.143,PROTECT,42.857,1.277034,3.5860
"('TANK', 'TANK', 'NEUTRAL', 'FULL', 'FULL', 'NORMAL', 'SLOWER', 'MEC_USED', 'CLEAN', 'CLEAN', 'NEUTRAL', 'NEUTRAL', 'SET', 'CLEAR', 'OPENING', 'BANCO_VAZIO')",7,5,11,45.455,HAZARD,28.571,1.549826,4.7107
"('TANK', 'TANK', 'OFFENSIVE_DIS', 'FULL', 'FULL', 'NORMAL', 'SLOWER', 'MEC_USED', 'AFFLICTED', 'AFFLICTED', 'NEUTRAL', 'NEUTRAL', 'CLEAR', 'CLEAR', 'CLUTCH', 'BANCO_OFF')",7,2,3,66.667,SWITCH_DEFENSIVE,71.429,0.598270,1.8190
"('TANK', 'TANK', 'OFFENSIVE_DIS', 'CRIT', 'SAFE', 'NORMAL', 'SLOWER', 'MEC_USED', 'CLEAN', 'AFFLICTED', 'NEUTRAL', 'DEBUFF', 'SET', 'SET', 'CLUTCH', 'BANCO_VAZIO')",6,3,7,42.857,HAZARD,66.667,0.867563,2.3811
"('TANK', 'TANK', 'CRITICAL_DIS', 'FULL', 'FULL', 'FIELD_SHARED', 'FASTER', 'MEC_USED', 'CLEAN', 'CLEAN', 'NEUTRAL', 'NEUTRAL', 'CLEAR', 'SET', 'CLUTCH', 'BANCO_VAZIO')",6,1,2,50.000,ATTACK_PIVOT,100.000,-0.000000,1.0000
"('TANK', 'TANK', 'DEFENSIVE_DIS', 'FULL', 'SAFE', 'NORMAL', 'FASTER', 'MEC_USED', 'AFFLICTED', 'AFFLICTED', 'NEUTRAL', 'NEUTRAL', 'CLEAR', 'SET', 'CLUTCH', 'BANCO_VAZIO')",6,2,5,40.000,ATTACK_STRONG,83.333,0.450561,1.5692
"('TANK', 'SWEEPER', 'OFFENSIVE_ADV', 'SAFE', 'FULL', 'FIELD_THEIRS', 'SLOWER', 'MEC_USED', 'CLEAN', 'CLEAN', 'NEUTRAL', 'NEUTRAL', 'CLEAR', 'CLEAR', 'OPENING', 'BANCO_OFF')",6,6,10,60.000,ATTACK_STRONG,16.667,1.791759,6.0000
"('TANK', 'TANK', 'NEUTRAL', 'FULL', 'FULL', 'NORMAL', 'SLOWER', 'MEC_USED', 'CLEAN', 'AFFLICTED', 'NEUTRAL', 'DEBUFF', 'SET', 'SET', 'CLUTCH', 'BANCO_VAZIO')",6,2,6,33.333,ATTACK_STRONG,83.333,0.450561,1.5692
"('TANK', 'TANK', 'OFFENSIVE_DIS', 'SAFE', 'SAFE', 'NORMAL', 'SLOWER', 'MEC_USED', 'CLEAN', 'CLEAN', 'NEUTRAL', 'NEUTRAL', 'CLEAR', 'SET', 'RECOVERING', 'BANCO_VAZIO')",6,4,8,50.000,STATUS,50.000,1.242453,3.4641
"('TANK', 'TANK', 'NEUTRAL', 'SAFE', 'SAFE', 'NORMAL', 'SLOWER', 'MEC_USED', 'CLEAN', 'CLEAN', 'NEUTRAL', 'NEUTRAL', 'SET', 'SET', 'RECOVERING', 'BANCO_VAZIO')",6,5,11,45.455,HAZARD,33.333,1.560710,4.7622
"('TANK', 'TANK', 'NEUTRAL', 'SAFE', 'FULL', 'NORMAL', 'SLOWER', 'MEC_USED', 'CLEAN', 'CLEAN', 'NEUTRAL', 'NEUTRAL', 'SET', 'SET', 'RECOVERING', 'BANCO_VAZIO')",6,6,10,60.000,ATTACK_PREDICTIVE,16.667,1.791759,6.0000
"('TANK', 'TANK', 'OFFENSIVE_DIS', 'SAFE', 'FULL', 'NORMAL', 'FASTER', 'MEC_USED', 'CLEAN', 'CLEAN', 'NEUTRAL', 'NEUTRAL', 'SET', 'CLEAR', 'OPENING', 'BANCO_OFF')",6,6,13,46.154,ATTACK_TECH,16.667,1.791759,6.0000
"('TANK', 'SWEEPER', 'VOLATILE', 'FULL', 'FULL', 'NORMAL', 'SLOWER', 'MEC_USED', 'CLEAN', 'CLEAN', 'NEUTRAL', 'NEUTRAL', 'CLEAR', 'CLEAR', 'OPENING', 'BANCO_OFF')",6,4,6,66.667,ATTACK_STRONG,33.333,1.329661,3.7798
"('SWEEPER', 'TANK', 'NEUTRAL', 'FULL', 'FULL', 'FIELD_THEIRS', 'FASTER', 'MEC_USED', 'CLEAN', 'CLEAN', 'NEUTRAL', 'NEUTRAL', 'CLEAR', 'CLEAR', 'OPENING', 'BANCO_OFF')",6,5,7,71.429,ATTACK_PREDICTIVE,33.333,1.560710,4.7622
"('SWEEPER', 'TANK', 'NEUTRAL', 'FULL', 'SAFE', 'NORMAL', 'FASTER', 'MEC_USED', 'CLEAN', 'CLEAN', 'NEUTRAL', 'NEUTRAL', 'CLEAR', 'CLEAR', 'OPENING', 'BANCO_OFF')",6,4,5,80.000,ATTACK_PREDICTIVE,33.333,1.329661,3.7798
"('TANK', 'TANK', 'OFFENSIVE_ADV', 'FULL', 'SAFE', 'NORMAL', 'FASTER', 'MEC_USED', 'CLEAN', 'CLEAN', 'NEUTRAL', 'NEUTRAL', 'CLEAR', 'SET', 'OPENING', 'BANCO_OFF')",6,4,8,50.000,ATTACK_PREDICTIVE,50.000,1.242453,3.4641
"('TANK', 'TANK', 'DEFENSIVE_ADV', 'FULL', 'SAFE', 'FIELD_SHARED', 'SLOWER', 'MEC_USED', 'CLEAN', 'CLEAN', 'NEUTRAL', 'NEUTRAL', 'CLEAR', 'CLEAR', 'OPENING', 'BANCO_OFF')",6,3,8,37.500,ATTACK_PREDICTIVE,66.667,0.867563,2.3811
"('TANK', 'UTILITY', 'CRITICAL_DIS', 'FULL', 'FULL', 'NORMAL', 'SLOWER', 'MEC_USED', 'CLEAN', 'CLEAN', 'NEUTRAL', 'NEUTRAL', 'CLEAR', 'CLEAR', 'OPENING', 'BANCO_AMBOS')",6,1,10,10.000,SWITCH_OFFENSIVE,100.000,-0.000000,1.0000
"('TANK', 'TANK', 'NEUTRAL', 'DANGER', 'SAFE', 'NORMAL', 'FASTER', 'MEC_USED', 'CLEAN', 'CLEAN', 'NEUTRAL', 'NEUTRAL', 'SET', 'SET', 'CLUTCH', 'BANCO_VAZIO')",6,3,11,27.273,ATTACK_PIVOT,66.667,0.867563,2.3811
"('TANK', 'SWEEPER', 'NEUTRAL', 'FULL', 'FULL', 'FIELD_OURS_OFF', 'SLOWER', 'MEC_USED', 'CLEAN', 'CLEAN', 'NEUTRAL', 'NEUTRAL', 'CLEAR', 'CLEAR', 'OPENING', 'BANCO_OFF')",6,3,7,42.857,ATTACK_STRONG,66.667,0.867563,2.3811
"('TANK', 'TANK', 'NEUTRAL', 'SAFE', 'SAFE', 'NORMAL', 'SLOWER', 'MEC_USED', 'CLEAN', 'CLEAN', 'NEUTRAL', 'NEUTRAL', 'CLEAR', 'CLEAR', 'RECOVERING', 'BANCO_VAZIO')",6,3,5,60.000,ATTACK_PREDICTIVE,50.000,1.011404,2.7495
"('TANK', 'TANK', 'DEFENSIVE_DIS', 'FULL', 'FULL', 'FIELD_SHARED', 'SLOWER', 'MEC_USED', 'CLEAN', 'CLEAN', 'NEUTRAL', 'NEUTRAL', 'CLEAR', 'CLEAR', 'OPENING', 'BANCO_OFF')",6,3,8,37.500,ATTACK_STRONG,50.000,1.011404,2.7495
"('TANK', 'TANK', 'OFFENSIVE_DIS', 'SAFE', 'FULL', 'NORMAL', 'SLOWER', 'MEC_USED', 'CLEAN', 'CLEAN', 'NEUTRAL', 'NEUTRAL', 'SET', 'SET', 'RECOVERING', 'BANCO_VAZIO')",6,4,5,80.000,HEAL,50.000,1.242453,3.4641
"('TANK', 'TANK', 'NEUTRAL', 'SAFE', 'SAFE', 'NORMAL', 'FASTER', 'MEC_USED', 'CLEAN', 'CLEAN', 'NEUTRAL', 'NEUTRAL', 'CLEAR', 'CLEAR', 'RECOVERING', 'BANCO_VAZIO')",6,3,6,50.000,HEAL,50.000,1.011404,2.7495
"('TANK', 'TANK', 'VOLATILE', 'FULL', 'FULL', 'FIELD_OURS_DEF', 'FASTER', 'MEC_AVAIL', 'CLEAN', 'CLEAN', 'NEUTRAL', 'NEUTRAL', 'CLEAR', 'CLEAR', 'OPENING', 'BANCO_VAZIO')",6,2,6,33.333,SWITCH_OFFENSIVE,66.667,0.636514,1.8899
"('TANK', 'TANK', 'NEUTRAL', 'SAFE', 'DANGER', 'NORMAL', 'SLOWER', 'MEC_USED', 'CLEAN', 'CLEAN', 'NEUTRAL', 'NEUTRAL', 'CLEAR', 'SET', 'OPENING', 'BANCO_OFF')",6,3,9,33.333,ATTACK_PREDICTIVE,33.333,1.098612,3.0000
"('TANK', 'TANK', 'DEFENSIVE_ADV', 'FULL', 'FULL', 'NORMAL', 'SLOWER', 'MEC_USED', 'CLEAN', 'AFFLICTED', 'NEUTRAL', 'NEUTRAL', 'SET', 'CLEAR', 'RECOVERING', 'BANCO_VAZIO')",6,2,5,40.000,STAT_CLEAN,83.333,0.450561,1.5692
"('TANK', 'TANK', 'NEUTRAL', 'SAFE', 'FULL', 'NORMAL', 'FASTER', 'MEC_USED', 'CLEAN', 'CLEAN', 'NEUTRAL', 'NEUTRAL', 'SET', 'CLEAR', 'CLUTCH', 'BANCO_VAZIO')",6,1,4,25.000,ATTACK_STRONG,100.000,-0.000000,1.0000
"('TANK', 'TANK', 'DEFENSIVE_DIS', 'SAFE', 'FULL', 'NORMAL', 'SLOWER', 'MEC_USED', 'CLEAN', 'AFFLICTED', 'NEUTRAL', 'NEUTRAL', 'SET', 'SET', 'CLUTCH', 'BANCO_VAZIO')",6,1,3,33.333,ATTACK_STRONG,100.000,-0.000000,1.0000
"('TANK', 'TANK', 'NEUTRAL', 'SAFE', 'SAFE', 'NORMAL', 'FASTER', 'MEC_USED', 'CLEAN', 'CLEAN', 'NEUTRAL', 'NEUTRAL', 'CLEAR', 'CLEAR', 'CLUTCH', 'BANCO_VAZIO')",5,3,6,50.000,STATUS,60.000,0.950271,2.5864
"('TANK', 'TANK', 'DEFENSIVE_DIS', 'FULL', 'SAFE', 'NORMAL', 'SLOWER', 'MEC_USED', 'CLEAN', 'AFFLICTED', 'NEUTRAL', 'NEUTRAL', 'SET', 'SET', 'CLUTCH', 'BANCO_VAZIO')",5,4,7,57.143,STATUS,40.000,1.332179,3.7893
"('TANK', 'TANK', 'DEFENSIVE_DIS', 'FULL', 'FULL', 'NORMAL', 'SLOWER', 'MEC_USED', 'CLEAN', 'AFFLICTED', 'NEUTRAL', 'NEUTRAL', 'SET', 'SET', 'CLUTCH', 'BANCO_VAZIO')",5,2,6,33.333,STAT_CLEAN,80.000,0.500402,1.6494
"('TANK', 'SWEEPER', 'OFFENSIVE_DIS', 'FULL', 'FULL', 'NORMAL', 'SLOWER', 'MEC_USED', 'CLEAN', 'CLEAN', 'BUFFED', 'BUFFED', 'CLEAR', 'SET', 'RECOVERING', 'BANCO_VAZIO')",5,2,3,66.667,BUFF,80.000,0.500402,1.6494
"('TANK', 'TANK', 'OFFENSIVE_DIS', 'FULL', 'FULL', 'NORMAL', 'FASTER', 'MEC_USED', 'CLEAN', 'CLEAN', 'NEUTRAL', 'NEUTRAL', 'CLEAR', 'CLEAR', 'RECOVERING', 'BANCO_VAZIO')",5,5,10,50.000,ATTACK_STRONG,20.000,1.609438,5.0000
"('TANK', 'TANK', 'NEUTRAL', 'SAFE', 'SAFE', 'NORMAL', 'FASTER', 'MEC_USED', 'AFFLICTED', 'CLEAN', 'NEUTRAL', 'NEUTRAL', 'CLEAR', 'CLEAR', 'RECOVERING', 'BANCO_VAZIO')",5,2,2,100.000,HEAL,80.000,0.500402,1.6494
"('TANK', 'SWEEPER', 'NEUTRAL', 'SAFE', 'SAFE', 'NORMAL', 'SLOWER', 'MEC_USED', 'CLEAN', 'CLEAN', 'NEUTRAL', 'NEUTRAL', 'CLEAR', 'CLEAR', 'OPENING', 'BANCO_OFF')",5,4,11,36.364,BUFF,40.000,1.332179,3.7893
"('TANK', 'TANK', 'NEUTRAL', 'FULL', 'FULL', 'FIELD_SHARED', 'SLOWER', 'MEC_AVAIL', 'CLEAN', 'CLEAN', 'NEUTRAL', 'NEUTRAL', 'CLEAR', 'CLEAR', 'OPENING', 'BANCO_AMBOS')",5,3,6,50.000,FIELD_CONTROL,60.000,0.950271,2.5864
"('SWEEPER', 'SWEEPER', 'OFFENSIVE_ADV', 'FULL', 'FULL', 'NORMAL', 'FASTER', 'MEC_USED', 'CLEAN', 'CLEAN', 'NEUTRAL', 'NEUTRAL', 'CLEAR', 'CLEAR', 'OPENING', 'BANCO_OFF')",5,1,6,16.667,ATTACK_STRONG,100.000,-0.000000,1.0000
"('TANK', 'TANK', 'NEUTRAL', 'SAFE', 'SAFE', 'NORMAL', 'FASTER', 'MEC_USED', 'CLEAN', 'CLEAN', 'NEUTRAL', 'NEUTRAL', 'SET', 'SET', 'RECOVERING', 'BANCO_VAZIO')",5,4,8,50.000,ATTACK_TECH,40.000,1.332179,3.7893
"('TANK', 'TANK', 'DOMINANT', 'FULL', 'FULL', 'NORMAL', 'SLOWER', 'MEC_USED', 'CLEAN', 'AFFLICTED', 'DEBUFF', 'NEUTRAL', 'SET', 'CLEAR', 'CLUTCH', 'BANCO_VAZIO')",5,2,2,100.000,STATUS,80.000,0.500402,1.6494
"('TANK', 'TANK', 'VOLATILE', 'FULL', 'FULL', 'FIELD_OURS_DEF', 'FASTER', 'MEC_USED', 'CLEAN', 'CLEAN', 'NEUTRAL', 'NEUTRAL', 'CLEAR', 'CLEAR', 'OPENING', 'BANCO_OFF')",5,1,5,20.000,ATTACK_STRONG,100.000,-0.000000,1.0000
"('SWEEPER', 'SWEEPER', 'OFFENSIVE_ADV', 'FULL', 'FULL', 'FIELD_THEIRS', 'FASTER', 'MEC_USED', 'CLEAN', 'CLEAN', 'NEUTRAL', 'DEBUFF', 'CLEAR', 'CLEAR', 'OPENING', 'BANCO_AMBOS')",5,1,5,20.000,ATTACK_STRONG,100.000,-0.000000,1.0000
"('SWEEPER', 'SWEEPER', 'NEUTRAL', 'FULL', 'FULL', 'FIELD_THEIRS', 'SLOWER', 'MEC_USED', 'CLEAN', 'CLEAN', 'NEUTRAL', 'NEUTRAL', 'CLEAR', 'CLEAR', 'OPENING', 'BANCO_OFF')",5,5,8,62.500,ATTACK_STRONG,20.000,1.609438,5.0000
"('TANK', 'TANK', 'NEUTRAL', 'SAFE', 'DANGER', 'NORMAL', 'FASTER', 'MEC_USED', 'CLEAN', 'CLEAN', 'NEUTRAL', 'NEUTRAL', 'CLEAR', 'CLEAR', 'OPENING', 'BANCO_OFF')",5,2,9,22.222,ATTACK_PREDICTIVE,80.000,0.500402,1.6494
"('TANK', 'TANK', 'NEUTRAL', 'FULL', 'DANGER', 'NORMAL', 'FASTER', 'MEC_USED', 'CLEAN', 'CLEAN', 'NEUTRAL', 'NEUTRAL', 'CLEAR', 'CLEAR', 'OPENING', 'BANCO_OFF')",5,5,8,62.500,ATTACK_PREDICTIVE,20.000,1.609438,5.0000
"('TANK', 'TANK', 'NEUTRAL', 'FULL', 'FULL', 'NORMAL', 'FASTER', 'MEC_USED', 'AFFLICTED', 'AFFLICTED', 'DEBUFF', 'NEUTRAL', 'CLEAR', 'CLEAR', 'CLUTCH', 'BANCO_VAZIO')",5,2,4,50.000,ATTACK_STRONG,60.000,0.673012,1.9601
"('TANK', 'UTILITY', 'DOMINANT', 'FULL', 'FULL', 'FIELD_SHARED', 'SLOWER', 'MEC_USED', 'CLEAN', 'CLEAN', 'NEUTRAL', 'NEUTRAL', 'CLEAR', 'CLEAR', 'OPENING', 'BANCO_AMBOS')",5,1,6,16.667,ATTACK_STRONG,100.000,-0.000000,1.0000
"('TANK', 'TANK', 'NEUTRAL', 'FULL', 'FULL', 'NORMAL', 'FASTER', 'MEC_USED', 'CLEAN', 'CLEAN', 'NEUTRAL', 'NEUTRAL', 'CLEAR', 'CLEAR', 'BRAWL', 'BANCO_VAZIO')",5,5,7,71.429,ATTACK_STRONG,20.000,1.609438,5.0000
"('TANK', 'TANK', 'DEFENSIVE_DIS', 'FULL', 'FULL', 'FIELD_OURS_DEF', 'SLOWER', 'MEC_USED', 'CLEAN', 'CLEAN', 'NEUTRAL', 'NEUTRAL', 'CLEAR', 'CLEAR', 'OPENING', 'BANCO_AMBOS')",5,2,6,33.333,ATTACK_STRONG,80.000,0.500402,1.6494
"('TANK', 'TANK', 'OFFENSIVE_ADV', 'FULL', 'SAFE', 'NORMAL', 'FASTER', 'MEC_USED', 'CLEAN', 'CLEAN', 'NEUTRAL', 'NEUTRAL', 'CLEAR', 'CLEAR', 'BRAWL', 'BANCO_OFF')",5,5,9,55.556,ATTACK_STRONG,20.000,1.609438,5.0000
"('TANK', 'TANK', 'OFFENSIVE_ADV', 'FULL', 'SAFE', 'FIELD_THEIRS', 'FASTER', 'MEC_AVAIL', 'CLEAN', 'CLEAN', 'NEUTRAL', 'NEUTRAL', 'CLEAR', 'CLEAR', 'OPENING', 'BANCO_OFF')",5,4,12,33.333,ATTACK_PREDICTIVE,40.000,1.332179,3.7893
"('TANK', 'TANK', 'DEFENSIVE_DIS', 'FULL', 'FULL', 'FIELD_SHARED', 'FASTER', 'MEC_USED', 'CLEAN', 'CLEAN', 'NEUTRAL', 'NEUTRAL', 'CLEAR', 'CLEAR', 'OPENING', 'BANCO_VAZIO')",5,3,9,33.333,SWITCH_OFFENSIVE,60.000,0.950271,2.5864
"('UTILITY', 'TANK', 'DEFENSIVE_ADV', 'FULL', 'FULL', 'NORMAL', 'FASTER', 'MEC_USED', 'CLEAN', 'CLEAN', 'NEUTRAL', 'NEUTRAL', 'CLEAR', 'CLEAR', 'OPENING', 'BANCO_AMBOS')",5,3,5,60.000,ATTACK_STRONG,40.000,1.054920,2.8717
"('TANK', 'TANK', 'VOLATILE', 'FULL', 'FULL', 'NORMAL', 'FASTER', 'MEC_USED', 'CLEAN', 'CLEAN', 'NEUTRAL', 'NEUTRAL', 'SET', 'CLEAR', 'OPENING', 'BANCO_OFF')",5,2,7,28.571,ATTACK_STRONG,80.000,0.500402,1.6494
"('TANK', 'TANK', 'NEUTRAL', 'FULL', 'FULL', 'NORMAL', 'FASTER', 'MEC_USED', 'CLEAN', 'CLEAN', 'NEUTRAL', 'NEUTRAL', 'CLEAR', 'CLEAR', 'RECOVERING', 'BANCO_VAZIO')",5,4,8,50.000,HEAL,40.000,1.332179,3.7893
"('TANK', 'TANK', 'OFFENSIVE_ADV', 'FULL', 'SAFE', 'NORMAL', 'SLOWER', 'MEC_USED', 'CLEAN', 'CLEAN', 'NEUTRAL', 'NEUTRAL', 'SET', 'CLEAR', 'OPENING', 'BANCO_OFF')",5,4,8,50.000,CLEAN_HAZARD,40.000,1.332179,3.7893
"('TANK', 'TANK', 'OFFENSIVE_DIS', 'SAFE', 'SAFE', 'FIELD_SHARED', 'SLOWER', 'MEC_USED', 'CLEAN', 'CLEAN', 'NEUTRAL', 'NEUTRAL', 'CLEAR', 'CLEAR', 'OPENING', 'BANCO_OFF')",5,3,8,37.500,ATTACK_TECH,40.000,1.054920,2.8717
"('TANK', 'TANK', 'OFFENSIVE_ADV', 'SAFE', 'FULL', 'NORMAL', 'FASTER', 'MEC_USED', 'CLEAN', 'CLEAN', 'NEUTRAL', 'NEUTRAL', 'CLEAR', 'CLEAR', 'BRAWL', 'BANCO_OFF')",5,2,7,28.571,SWITCH_DEFENSIVE,80.000,0.500402,1.6494
"('TANK', 'TANK', 'NEUTRAL', 'FULL', 'FULL', 'NORMAL', 'FASTER', 'MEC_USED', 'AFFLICTED', 'AFFLICTED', 'DEBUFF', 'BUFFED', 'SET', 'CLEAR', 'CLUTCH', 'BANCO_VAZIO')",4,2,2,100.000,ATTACK_STRONG,50.000,0.693147,2.0000
"('TANK', 'TANK', 'STALEMATE', 'DANGER', 'FULL', 'NORMAL', 'SLOWER', 'MEC_USED', 'CLEAN', 'CLEAN', 'NEUTRAL', 'NEUTRAL', 'CLEAR', 'CLEAR', 'CLUTCH', 'BANCO_VAZIO')",4,3,7,42.857,CLEAN_HAZARD,50.000,1.039721,2.8284
"('TANK', 'UTILITY', 'NEUTRAL', 'FULL', 'SAFE', 'NORMAL', 'SLOWER', 'MEC_USED', 'AFFLICTED', 'CLEAN', 'NEUTRAL', 'NEUTRAL', 'CLEAR', 'CLEAR', 'RECOVERING', 'BANCO_VAZIO')",4,2,2,100.000,STATUS,75.000,0.562335,1.7548
"('TANK', 'TANK', 'OFFENSIVE_DIS', 'SAFE', 'FULL', 'NORMAL', 'FASTER', 'MEC_USED', 'CLEAN', 'CLEAN', 'NEUTRAL', 'NEUTRAL', 'SET', 'SET', 'RECOVERING', 'BANCO_VAZIO')",4,2,6,33.333,HEAL,75.000,0.562335,1.7548
"('TANK', 'TANK', 'OFFENSIVE_DIS', 'DANGER', 'FULL', 'NORMAL', 'SLOWER', 'MEC_USED', 'CLEAN', 'AFFLICTED', 'NEUTRAL', 'DEBUFF', 'SET', 'SET', 'RECOVERING', 'BANCO_VAZIO')",4,3,6,50.000,STATUS,50.000,1.039721,2.8284
"('TANK', 'TANK', 'OFFENSIVE_DIS', 'FULL', 'FULL', 'NORMAL', 'SLOWER', 'MEC_USED', 'CLEAN', 'AFFLICTED', 'NEUTRAL', 'NEUTRAL', 'SET', 'SET', 'CLUTCH', 'BANCO_VAZIO')",4,2,8,25.000,ATTACK_TECH,50.000,0.693147,2.0000
"('TANK', 'TANK', 'OFFENSIVE_DIS', 'DANGER', 'SAFE', 'NORMAL', 'FASTER', 'MEC_USED', 'CLEAN', 'CLEAN', 'NEUTRAL', 'NEUTRAL', 'CLEAR', 'SET', 'RECOVERING', 'BANCO_VAZIO')",4,4,8,50.000,ATTACK_PIVOT,25.000,1.386294,4.0000
"('TANK', 'TANK', 'STALEMATE', 'FULL', 'FULL', 'FIELD_SHARED', 'FASTER', 'MEC_USED', 'CLEAN', 'CLEAN', 'NEUTRAL', 'NEUTRAL', 'CLEAR', 'CLEAR', 'OPENING', 'BANCO_AMBOS')",4,1,10,10.000,SWITCH_OFFENSIVE,100.000,-0.000000,1.0000
"('SWEEPER', 'TANK', 'DOMINANT', 'FULL', 'FULL', 'NORMAL', 'FASTER', 'MEC_USED', 'CLEAN', 'CLEAN', 'NEUTRAL', 'NEUTRAL', 'CLEAR', 'CLEAR', 'OPENING', 'BANCO_OFF')",4,2,6,33.333,SWITCH_OFFENSIVE,75.000,0.562335,1.7548
"('TANK', 'TANK', 'NEUTRAL', 'FULL', 'FULL', 'NORMAL', 'FASTER', 'MEC_USED', 'AFFLICTED', 'CLEAN', 'NEUTRAL', 'NEUTRAL', 'CLEAR', 'CLEAR', 'RECOVERING', 'BANCO_VAZIO')",4,2,6,33.333,STATUS,75.000,0.562335,1.7548
"('TANK', 'TANK', 'CRITICAL_DIS', 'FULL', 'FULL', 'NORMAL', 'FASTER', 'MEC_USED', 'CLEAN', 'CLEAN', 'NEUTRAL', 'NEUTRAL', 'SET', 'SET', 'RECOVERING', 'BANCO_VAZIO')",4,3,6,50.000,STATUS,50.000,1.039721,2.8284
"('TANK', 'TANK', 'NEUTRAL', 'SAFE', 'DANGER', 'NORMAL', 'SLOWER', 'MEC_USED', 'CLEAN', 'CLEAN', 'NEUTRAL', 'NEUTRAL', 'SET', 'SET', 'RECOVERING', 'BANCO_VAZIO')",4,3,10,30.000,HEAL,50.000,1.039721,2.8284
"('TANK', 'TANK', 'OFFENSIVE_DIS', 'FULL', 'FULL', 'NORMAL', 'SLOWER', 'MEC_USED', 'CLEAN', 'CLEAN', 'NEUTRAL', 'NEUTRAL', 'SET', 'CLEAR', 'OPENING', 'BANCO_VAZIO')",4,4,10,40.000,ATTACK_PREDICTIVE,25.000,1.386294,4.0000
"('TANK', 'TANK', 'NEUTRAL', 'SAFE', 'FULL', 'NORMAL', 'SLOWER', 'MEC_USED', 'CLEAN', 'CLEAN', 'NEUTRAL', 'NEUTRAL', 'CLEAR', 'CLEAR', 'OPENING', 'BANCO_VAZIO')",4,2,9,22.222,ATTACK_TECH,50.000,0.693147,2.0000
"('TANK', 'TANK', 'OFFENSIVE_ADV', 'FULL', 'DANGER', 'NORMAL', 'FASTER', 'MEC_USED', 'AFFLICTED', 'CLEAN', 'NEUTRAL', 'BUFFED', 'CLEAR', 'CLEAR', 'CLUTCH', 'BANCO_VAZIO')",4,1,3,33.333,ATTACK_PREDICTIVE,100.000,-0.000000,1.0000
"('TANK', 'TANK', 'NEUTRAL', 'FULL', 'FULL', 'NORMAL', 'SLOWER', 'MEC_USED', 'CLEAN', 'CLEAN', 'NEUTRAL', 'NEUTRAL', 'CLEAR', 'SET', 'OPENING', 'BANCO_AMBOS')",4,1,10,10.000,SWITCH_OFFENSIVE,100.000,-0.000000,1.0000
"('TANK', 'TANK', 'NEUTRAL', 'FULL', 'FULL', 'NORMAL', 'SLOWER', 'MEC_USED', 'AFFLICTED', 'CLEAN', 'NEUTRAL', 'NEUTRAL', 'SET', 'SET', 'RECOVERING', 'BANCO_VAZIO')",4,2,3,66.667,ATTACK_STRONG,75.000,0.562335,1.7548
"('TANK', 'UTILITY', 'STALEMATE', 'FULL', 'FULL', 'NORMAL', 'SLOWER', 'MEC_USED', 'CLEAN', 'CLEAN', 'NEUTRAL', 'NEUTRAL', 'CLEAR', 'CLEAR', 'OPENING', 'BANCO_OFF')",4,3,9,33.333,ATTACK_STRONG,50.000,1.039721,2.8284
"('TANK', 'TANK', 'DOMINANT', 'FULL', 'SAFE', 'FIELD_THEIRS', 'FASTER', 'MEC_USED', 'CLEAN', 'CLEAN', 'NEUTRAL', 'NEUTRAL', 'CLEAR', 'CLEAR', 'OPENING', 'BANCO_OFF')",4,3,9,33.333,ATTACK_PREDICTIVE,50.000,1.039721,2.8284
"('TANK', 'TANK', 'DEFENSIVE_DIS', 'SAFE', 'FULL', 'NORMAL', 'SLOWER', 'MEC_USED', 'CLEAN', 'CLEAN', 'NEUTRAL', 'NEUTRAL', 'CLEAR', 'CLEAR', 'OPENING', 'BANCO_AMBOS')",4,1,7,14.286,SWITCH_DEFENSIVE,100.000,-0.000000,1.0000
"('TANK', 'SWEEPER', 'NEUTRAL', 'FULL', 'FULL', 'FIELD_SHARED', 'SLOWER', 'MEC_USED', 'CLEAN', 'CLEAN', 'NEUTRAL', 'NEUTRAL', 'CLEAR', 'CLEAR', 'OPENING', 'BANCO_OFF')",4,2,6,33.333,SWITCH_DEFENSIVE,75.000,0.562335,1.7548
"('SWEEPER', 'SWEEPER', 'OFFENSIVE_ADV', 'FULL', 'FULL', 'NORMAL', 'FASTER', 'MEC_USED', 'CLEAN', 'CLEAN', 'NEUTRAL', 'DEBUFF', 'CLEAR', 'CLEAR', 'OPENING', 'BANCO_AMBOS')",4,2,5,40.000,ATTACK_PREDICTIVE,75.000,0.562335,1.7548
"('TANK', 'TANK', 'DOMINANT', 'FULL', 'SAFE', 'NORMAL', 'FASTER', 'MEC_USED', 'CLEAN', 'CLEAN', 'NEUTRAL', 'NEUTRAL', 'CLEAR', 'CLEAR', 'OPENING', 'BANCO_OFF')",4,2,8,25.000,SWITCH_DEFENSIVE,75.000,0.562335,1.7548
"('TANK', 'TANK', 'NEUTRAL', 'FULL', 'SAFE', 'NORMAL', 'FASTER', 'MEC_USED', 'AFFLICTED', 'CLEAN', 'NEUTRAL', 'NEUTRAL', 'CLEAR', 'SET', 'CLUTCH', 'BANCO_VAZIO')",4,3,6,50.000,HEAL,50.000,1.039721,2.8284
"('TANK', 'TANK', 'DOMINANT', 'FULL', 'FULL', 'FIELD_SHARED', 'FASTER', 'MEC_AVAIL', 'CLEAN', 'CLEAN', 'NEUTRAL', 'NEUTRAL', 'CLEAR', 'CLEAR', 'OPENING', 'BANCO_AMBOS')",4,4,8,50.000,ATTACK_STRONG_MEC,25.000,1.386294,4.0000
"('TANK', 'TANK', 'OFFENSIVE_ADV', 'FULL', 'FULL', 'FIELD_THEIRS', 'SLOWER', 'MEC_AVAIL', 'CLEAN', 'CLEAN', 'NEUTRAL', 'NEUTRAL', 'CLEAR', 'CLEAR', 'OPENING', 'BANCO_OFF')",4,2,10,20.000,ATTACK_STRONG_MEC,75.000,0.562335,1.7548
"('TANK', 'SWEEPER', 'NEUTRAL', 'FULL', 'SAFE', 'NORMAL', 'SLOWER', 'MEC_USED', 'CLEAN', 'CLEAN', 'NEUTRAL', 'NEUTRAL', 'CLEAR', 'CLEAR', 'OPENING', 'BANCO_OFF')",4,3,7,42.857,ATTACK_PIVOT,50.000,1.039721,2.8284
"('SWEEPER', 'TANK', 'NEUTRAL', 'FULL', 'SAFE', 'NORMAL', 'FASTER', 'MEC_USED', 'CLEAN', 'CLEAN', 'NEUTRAL', 'NEUTRAL', 'CLEAR', 'CLEAR', 'OPENING', 'BANCO_AMBOS')",4,3,4,75.000,ATTACK_STRONG,50.000,1.039721,2.8284
"('TANK', 'TANK', 'NEUTRAL', 'SAFE', 'SAFE', 'FIELD_SHARED', 'FASTER', 'MEC_USED', 'CLEAN', 'CLEAN', 'NEUTRAL', 'NEUTRAL', 'CLEAR', 'CLEAR', 'OPENING', 'BANCO_AMBOS')",4,3,6,50.000,ATTACK_PREDICTIVE,50.000,1.039721,2.8284
"('TANK', 'SWEEPER', 'DEFENSIVE_ADV', 'FULL', 'FULL', 'NORMAL', 'SLOWER', 'MEC_USED', 'CLEAN', 'CLEAN', 'NEUTRAL', 'NEUTRAL', 'CLEAR', 'CLEAR', 'OPENING', 'BANCO_OFF')",4,4,11,36.364,ATTACK_PIVOT,25.000,1.386294,4.0000
"('TANK', 'SWEEPER', 'OFFENSIVE_ADV', 'FULL', 'FULL', 'FIELD_OURS_OFF', 'SLOWER', 'MEC_USED', 'CLEAN', 'CLEAN', 'NEUTRAL', 'NEUTRAL', 'CLEAR', 'CLEAR', 'OPENING', 'BANCO_OFF')",4,2,6,33.333,ATTACK_PREDICTIVE,50.000,0.693147,2.0000
"('TANK', 'TANK', 'OFFENSIVE_ADV', 'SAFE', 'SAFE', 'FIELD_THEIRS', 'FASTER', 'MEC_USED', 'CLEAN', 'CLEAN', 'NEUTRAL', 'NEUTRAL', 'CLEAR', 'CLEAR', 'OPENING', 'BANCO_OFF')",4,1,6,16.667,ATTACK_STRONG,100.000,-0.000000,1.0000
"('TANK', 'TANK', 'OFFENSIVE_DIS', 'SAFE', 'FULL', 'NORMAL', 'SLOWER', 'MEC_USED', 'CLEAN', 'CLEAN', 'NEUTRAL', 'NEUTRAL', 'CLEAR', 'CLEAR', 'RECOVERING', 'BANCO_VAZIO')",4,3,7,42.857,SWITCH_OFFENSIVE,50.000,1.039721,2.8284
"('TANK', 'TANK', 'NEUTRAL', 'FULL', 'SAFE', 'NORMAL', 'SLOWER', 'MEC_USED', 'CLEAN', 'CLEAN', 'NEUTRAL', 'NEUTRAL', 'SET', 'CLEAR', 'OPENING', 'BANCO_OFF')",4,2,10,20.000,ATTACK_STRONG,75.000,0.562335,1.7548
"('SWEEPER', 'TANK', 'NEUTRAL', 'SAFE', 'FULL', 'NORMAL', 'FASTER', 'MEC_USED', 'CLEAN', 'CLEAN', 'NEUTRAL', 'NEUTRAL', 'CLEAR', 'CLEAR', 'OPENING', 'BANCO_OFF')",4,2,7,28.571,SWITCH_OFFENSIVE,75.000,0.562335,1.7548
"('TANK', 'TANK', 'NEUTRAL', 'SAFE', 'FULL', 'NORMAL', 'FASTER', 'MEC_USED', 'CLEAN', 'CLEAN', 'NEUTRAL', 'NEUTRAL', 'SET', 'SET', 'RECOVERING', 'BANCO_VAZIO')",4,4,10,40.000,ATTACK_PREDICTIVE,25.000,1.386294,4.0000
"('TANK', 'TANK', 'CRITICAL_DIS', 'SAFE', 'FULL', 'NORMAL', 'SLOWER', 'MEC_USED', 'CLEAN', 'CLEAN', 'NEUTRAL', 'NEUTRAL', 'CLEAR', 'CLEAR', 'OPENING', 'BANCO_OFF')",4,1,7,14.286,SWITCH_DEFENSIVE,100.000,-0.000000,1.0000
"('TANK', 'TANK', 'OFFENSIVE_ADV', 'SAFE', 'FULL', 'NORMAL', 'SLOWER', 'MEC_USED', 'CLEAN', 'CLEAN', 'NEUTRAL', 'NEUTRAL', 'CLEAR', 'CLEAR', 'OPENING', 'BANCO_VAZIO')",4,2,7,28.571,ATTACK_PIVOT,50.000,0.693147,2.0000
"('TANK', 'UTILITY', 'NEUTRAL', 'FULL', 'FULL', 'NORMAL', 'SLOWER', 'MEC_USED', 'AFFLICTED', 'CLEAN', 'NEUTRAL', 'NEUTRAL', 'CLEAR', 'CLEAR', 'CLUTCH', 'BANCO_VAZIO')",3,2,2,100.000,CLEAN_HAZARD,66.667,0.636514,1.8899
"('TANK', 'TANK', 'OFFENSIVE_DIS', 'FULL', 'FULL', 'NORMAL', 'FASTER', 'MEC_USED', 'CLEAN', 'CLEAN', 'NEUTRAL', 'NEUTRAL', 'CLEAR', 'SET', 'RECOVERING', 'BANCO_VAZIO')",3,3,9,33.333,ATTACK_STRONG,33.333,1.098612,3.0000
"('TANK', 'TANK', 'NEUTRAL', 'FULL', 'FULL', 'NORMAL', 'FASTER', 'MEC_USED', 'CLEAN', 'CLEAN', 'NEUTRAL', 'NEUTRAL', 'CLEAR', 'SET', 'RECOVERING', 'BANCO_VAZIO')",3,2,8,25.000,SWITCH_OFFENSIVE,66.667,0.636514,1.8899
"('TANK', 'TANK', 'NEUTRAL', 'FULL', 'FULL', 'NORMAL', 'SLOWER', 'MEC_USED', 'CLEAN', 'CLEAN', 'NEUTRAL', 'DEBUFF', 'SET', 'SET', 'CLUTCH', 'BANCO_VAZIO')",3,1,1,100.000,ATTACK_STRONG,100.000,-0.000000,1.0000
"('TANK', 'TANK', 'NEUTRAL', 'SAFE', 'FULL', 'NORMAL', 'SLOWER', 'MEC_USED', 'CLEAN', 'CLEAN', 'NEUTRAL', 'NEUTRAL', 'SET', 'SET', 'CLUTCH', 'BANCO_VAZIO')",3,3,6,50.000,ATTACK_STRONG,33.333,1.098612,3.0000
"('TANK', 'TANK', 'NEUTRAL', 'FULL', 'DANGER', 'FIELD_THEIRS', 'SLOWER', 'MEC_USED', 'CLEAN', 'CLEAN', 'NEUTRAL', 'NEUTRAL', 'SET', 'SET', 'RECOVERING', 'BANCO_VAZIO')",3,2,8,25.000,ATTACK_STRONG,66.667,0.636514,1.8899
"('TANK', 'TANK', 'DOMINANT', 'FULL', 'SAFE', 'FIELD_SHARED', 'FASTER', 'MEC_USED', 'CLEAN', 'CLEAN', 'NEUTRAL', 'NEUTRAL', 'CLEAR', 'CLEAR', 'OPENING', 'BANCO_OFF')",3,3,8,37.500,HEAL,33.333,1.098612,3.0000
"('TANK', 'TANK', 'NEUTRAL', 'SAFE', 'FULL', 'NORMAL', 'SLOWER', 'MEC_USED', 'CLEAN', 'CLEAN', 'NEUTRAL', 'NEUTRAL', 'CLEAR', 'SET', 'RECOVERING', 'BANCO_VAZIO')",3,1,9,11.111,ATTACK_STRONG,100.000,-0.000000,1.0000
"('TANK', 'TANK', 'DEFENSIVE_ADV', 'FULL', 'FULL', 'FIELD_OURS_DEF', 'FASTER', 'MEC_USED', 'CLEAN', 'CLEAN', 'NEUTRAL', 'NEUTRAL', 'CLEAR', 'CLEAR', 'OPENING', 'BANCO_AMBOS')",3,3,4,75.000,ATTACK_STRONG,33.333,1.098612,3.0000
"('TANK', 'TANK', 'OFFENSIVE_DIS', 'FULL', 'SAFE', 'NORMAL', 'SLOWER', 'MEC_USED', 'CLEAN', 'CLEAN', 'DEBUFF', 'NEUTRAL', 'SET', 'SET', 'CLUTCH', 'BANCO_VAZIO')",3,2,6,33.333,SWITCH_OFFENSIVE,66.667,0.636514,1.8899
"('TANK', 'TANK', 'NEUTRAL', 'SAFE', 'FULL', 'NORMAL', 'FASTER', 'MEC_USED', 'AFFLICTED', 'AFFLICTED', 'DEBUFF', 'NEUTRAL', 'CLEAR', 'CLEAR', 'CLUTCH', 'BANCO_VAZIO')",3,1,2,50.000,CLEAN_HAZARD,100.000,-0.000000,1.0000
"('TANK', 'TANK', 'DOMINANT', 'FULL', 'FULL', 'NORMAL', 'FASTER', 'MEC_AVAIL', 'CLEAN', 'CLEAN', 'NEUTRAL', 'NEUTRAL', 'CLEAR', 'CLEAR', 'OPENING', 'BANCO_OFF')",3,2,10,20.000,ATTACK_STRONG_MEC,66.667,0.636514,1.8899
"('TANK', 'TANK', 'OFFENSIVE_ADV', 'FULL', 'DANGER', 'NORMAL', 'SLOWER', 'MEC_USED', 'CLEAN', 'CLEAN', 'NEUTRAL', 'NEUTRAL', 'CLEAR', 'CLEAR', 'OPENING', 'BANCO_OFF')",3,3,7,42.857,ATTACK_PREDICTIVE,33.333,1.098612,3.0000
"('TANK', 'TANK', 'OFFENSIVE_DIS', 'FULL', 'FULL', 'FIELD_SHARED', 'FASTER', 'MEC_USED', 'CLEAN', 'CLEAN', 'NEUTRAL', 'NEUTRAL', 'CLEAR', 'CLEAR', 'OPENING', 'BANCO_OFF')",3,2,6,33.333,SWITCH_DEFENSIVE,66.667,0.636514,1.8899
"('TANK', 'SWEEPER', 'NEUTRAL', 'FULL', 'FULL', 'FIELD_THEIRS', 'SLOWER', 'MEC_USED', 'CLEAN', 'CLEAN', 'NEUTRAL', 'NEUTRAL', 'CLEAR', 'CLEAR', 'OPENING', 'BANCO_OFF')",3,1,5,20.000,ATTACK_PREDICTIVE,100.000,-0.000000,1.0000
"('TANK', 'TANK', 'NEUTRAL', 'SAFE', 'FULL', 'NORMAL', 'FASTER', 'MEC_USED', 'CLEAN', 'CLEAN', 'NEUTRAL', 'NEUTRAL', 'CLEAR', 'SET', 'RECOVERING', 'BANCO_VAZIO')",3,3,8,37.500,ATTACK_STRONG,33.333,1.098612,3.0000
"('TANK', 'SWEEPER', 'NEUTRAL', 'FULL', 'FULL', 'NORMAL', 'SLOWER', 'MEC_USED', 'CLEAN', 'CLEAN', 'NEUTRAL', 'NEUTRAL', 'CLEAR', 'CLEAR', 'OPENING', 'BANCO_VAZIO')",3,2,9,22.222,ATTACK_STRONG,66.667,0.636514,1.8899
"('TANK', 'TANK', 'DOMINANT', 'FULL', 'FULL', 'NORMAL', 'SLOWER', 'MEC_USED', 'CLEAN', 'CLEAN', 'NEUTRAL', 'NEUTRAL', 'CLEAR', 'CLEAR', 'OPENING', 'BANCO_VAZIO')",3,2,7,28.571,ATTACK_TECH,66.667,0.636514,1.8899
"('TANK', 'TANK', 'OFFENSIVE_DIS', 'DANGER', 'SAFE', 'NORMAL', 'SLOWER', 'MEC_USED', 'CLEAN', 'CLEAN', 'NEUTRAL', 'NEUTRAL', 'CLEAR', 'SET', 'RECOVERING', 'BANCO_VAZIO')",3,2,4,50.000,SWITCH_OFFENSIVE,66.667,0.636514,1.8899
"('TANK', 'TANK', 'OFFENSIVE_ADV', 'SAFE', 'FULL', 'NORMAL', 'FASTER', 'MEC_AVAIL', 'CLEAN', 'CLEAN', 'NEUTRAL', 'NEUTRAL', 'SET', 'CLEAR', 'OPENING', 'BANCO_OFF')",3,3,7,42.857,ATTACK_STRONG,33.333,1.098612,3.0000
"('TANK', 'TANK', 'NEUTRAL', 'DANGER', 'SAFE', 'NORMAL', 'SLOWER', 'MEC_USED', 'CLEAN', 'CLEAN', 'NEUTRAL', 'NEUTRAL', 'CLEAR', 'CLEAR', 'OPENING', 'BANCO_OFF')",3,3,8,37.500,ATTACK_PIVOT,33.333,1.098612,3.0000
"('TANK', 'TANK', 'NEUTRAL', 'FULL', 'FULL', 'NORMAL', 'SLOWER', 'MEC_USED', 'CLEAN', 'CLEAN', 'NEUTRAL', 'NEUTRAL', 'SET', 'CLEAR', 'OPENING', 'BANCO_AMBOS')",3,1,8,12.500,SWITCH_OFFENSIVE,100.000,-0.000000,1.0000
"('TANK', 'SWEEPER', 'OFFENSIVE_ADV', 'FULL', 'FULL', 'FIELD_THEIRS', 'SLOWER', 'MEC_USED', 'CLEAN', 'CLEAN', 'NEUTRAL', 'NEUTRAL', 'CLEAR', 'CLEAR', 'OPENING', 'BANCO_AMBOS')",3,3,7,42.857,ATTACK_PIVOT,33.333,1.098612,3.0000
"('UTILITY', 'TANK', 'DOMINANT', 'FULL', 'FULL', 'FIELD_THEIRS', 'SLOWER', 'MEC_USED', 'CLEAN', 'CLEAN', 'NEUTRAL', 'NEUTRAL', 'CLEAR', 'CLEAR', 'OPENING', 'BANCO_AMBOS')",3,2,6,33.333,ATTACK_PIVOT,66.667,0.636514,1.8899
"('TANK', 'TANK', 'DEFENSIVE_DIS', 'SAFE', 'SAFE', 'NORMAL', 'FASTER', 'MEC_USED', 'CLEAN', 'CLEAN', 'NEUTRAL', 'NEUTRAL', 'CLEAR', 'CLEAR', 'OPENING', 'BANCO_OFF')",3,3,7,42.857,ATTACK_STRONG,33.333,1.098612,3.0000
"('TANK', 'TANK', 'VOLATILE', 'SAFE', 'FULL', 'NORMAL', 'SLOWER', 'MEC_USED', 'CLEAN', 'CLEAN', 'NEUTRAL', 'NEUTRAL', 'CLEAR', 'CLEAR', 'OPENING', 'BANCO_OFF')",3,1,5,20.000,ATTACK_TECH,100.000,-0.000000,1.0000
"('TANK', 'TANK', 'DEFENSIVE_DIS', 'FULL', 'FULL', 'FIELD_THEIRS', 'FASTER', 'MEC_USED', 'CLEAN', 'CLEAN', 'NEUTRAL', 'NEUTRAL', 'CLEAR', 'CLEAR', 'OPENING', 'BANCO_VAZIO')",3,3,7,42.857,ATTACK_STRONG,33.333,1.098612,3.0000
"('TANK', 'TANK', 'NEUTRAL', 'SAFE', 'SAFE', 'FIELD_THEIRS', 'SLOWER', 'MEC_USED', 'CLEAN', 'CLEAN', 'NEUTRAL', 'NEUTRAL', 'CLEAR', 'CLEAR', 'OPENING', 'BANCO_VAZIO')",3,3,9,33.333,ATTACK_TECH,33.333,1.098612,3.0000
"('TANK', 'TANK', 'OFFENSIVE_ADV', 'FULL', 'FULL', 'NORMAL', 'FASTER', 'MEC_AVAIL', 'CLEAN', 'CLEAN', 'NEUTRAL', 'NEUTRAL', 'CLEAR', 'CLEAR', 'OPENING', 'BANCO_VAZIO')",3,2,6,33.333,ATTACK_PREDICTIVE_MEC,66.667,0.636514,1.8899
"('SWEEPER', 'TANK', 'NEUTRAL', 'FULL', 'FULL', 'FIELD_THEIRS', 'FASTER', 'MEC_USED', 'CLEAN', 'CLEAN', 'NEUTRAL', 'NEUTRAL', 'CLEAR', 'CLEAR', 'OPENING', 'BANCO_VAZIO')",3,2,6,33.333,ATTACK_PREDICTIVE,66.667,0.636514,1.8899
"('TANK', 'TANK', 'DEFENSIVE_DIS', 'FULL', 'FULL', 'FIELD_SHARED', 'FASTER', 'MEC_AVAIL', 'CLEAN', 'CLEAN', 'NEUTRAL', 'NEUTRAL', 'CLEAR', 'CLEAR', 'OPENING', 'BANCO_AMBOS')",3,2,10,20.000,ATTACK_PREDICTIVE,66.667,0.636514,1.8899
"('TANK', 'TANK', 'NEUTRAL', 'FULL', 'FULL', 'NORMAL', 'FASTER', 'MEC_USED', 'CLEAN', 'CLEAN', 'NEUTRAL', 'NEUTRAL', 'CLEAR', 'SET', 'OPENING', 'BANCO_OFF')",3,2,9,22.222,ATTACK_STRONG,66.667,0.636514,1.8899
"('TANK', 'TANK', 'OFFENSIVE_ADV', 'FULL', 'FULL', 'NORMAL', 'FASTER', 'MEC_USED', 'AFFLICTED', 'CLEAN', 'NEUTRAL', 'NEUTRAL', 'CLEAR', 'CLEAR', 'CLUTCH', 'BANCO_VAZIO')",3,2,5,40.000,SWITCH_OFFENSIVE,66.667,0.636514,1.8899
"('TANK', 'TANK', 'OFFENSIVE_ADV', 'SAFE', 'FULL', 'NORMAL', 'FASTER', 'MEC_USED', 'CLEAN', 'CLEAN', 'NEUTRAL', 'NEUTRAL', 'CLEAR', 'CLEAR', 'OPENING', 'BANCO_AMBOS')",3,2,7,28.571,ATTACK_PREDICTIVE,66.667,0.636514,1.8899
"('TANK', 'SWEEPER', 'DEFENSIVE_DIS', 'FULL', 'FULL', 'FIELD_SHARED', 'SLOWER', 'MEC_USED', 'CLEAN', 'CLEAN', 'NEUTRAL', 'NEUTRAL', 'CLEAR', 'CLEAR', 'OPENING', 'BANCO_AMBOS')",3,2,8,25.000,SWITCH_DEFENSIVE,66.667,0.636514,1.8899
"('TANK', 'TANK', 'DOMINANT', 'FULL', 'FULL', 'NORMAL', 'SLOWER', 'MEC_USED', 'CLEAN', 'CLEAN', 'NEUTRAL', 'NEUTRAL', 'CLEAR', 'CLEAR', 'BRAWL', 'BANCO_OFF')",3,2,8,25.000,ATTACK_PREDICTIVE,66.667,0.636514,1.8899
"('SWEEPER', 'TANK', 'OFFENSIVE_ADV', 'FULL', 'FULL', 'FIELD_SHARED', 'FASTER', 'MEC_USED', 'CLEAN', 'CLEAN', 'NEUTRAL', 'DEBUFF', 'CLEAR', 'CLEAR', 'OPENING', 'BANCO_OFF')",3,2,7,28.571,ATTACK_PREDICTIVE,66.667,0.636514,1.8899
"('TANK', 'TANK', 'NEUTRAL', 'FULL', 'FULL', 'NORMAL', 'SLOWER', 'MEC_USED', 'CLEAN', 'CLEAN', 'NEUTRAL', 'NEUTRAL', 'CLEAR', 'CLEAR', 'OPENING', 'BANCO_DEF')",3,2,7,28.571,SWITCH_OFFENSIVE,66.667,0.636514,1.8899
"('TANK', 'TANK', 'CRITICAL_DIS', 'SAFE', 'FULL', 'NORMAL', 'FASTER', 'MEC_USED', 'CLEAN', 'CLEAN', 'NEUTRAL', 'NEUTRAL', 'CLEAR', 'SET', 'CLUTCH', 'BANCO_VAZIO')",3,2,5,40.000,HEAL,66.667,0.636514,1.8899
"('TANK', 'TANK', 'CRITICAL_DIS', 'SAFE', 'SAFE', 'NORMAL', 'SLOWER', 'MEC_USED', 'CLEAN', 'CLEAN', 'NEUTRAL', 'NEUTRAL', 'CLEAR', 'SET', 'RECOVERING', 'BANCO_VAZIO')",3,3,9,33.333,ATTACK_STRONG,33.333,1.098612,3.0000
"('TANK', 'TANK', 'NEUTRAL', 'SAFE', 'FULL', 'NORMAL', 'SLOWER', 'MEC_USED', 'CLEAN', 'CLEAN', 'NEUTRAL', 'NEUTRAL', 'CLEAR', 'CLEAR', 'RECOVERING', 'BANCO_VAZIO')",3,1,3,33.333,STAT_CLEAN,100.000,-0.000000,1.0000
"('TANK', 'TANK', 'NEUTRAL', 'FULL', 'SAFE', 'NORMAL', 'SLOWER', 'MEC_USED', 'CLEAN', 'CLEAN', 'NEUTRAL', 'NEUTRAL', 'CLEAR', 'CLEAR', 'BRAWL', 'BANCO_OFF')",3,2,5,40.000,ATTACK_TECH,66.667,0.636514,1.8899
"('TANK', 'TANK', 'OFFENSIVE_DIS', 'FULL', 'SAFE', 'NORMAL', 'FASTER', 'MEC_USED', 'AFFLICTED', 'AFFLICTED', 'NEUTRAL', 'DEBUFF', 'SET', 'SET', 'CLUTCH', 'BANCO_VAZIO')",2,1,2,50.000,STAT_CLEAN,100.000,-0.000000,1.0000
"('TANK', 'UTILITY', 'STALEMATE', 'SAFE', 'SAFE', 'NORMAL', 'SLOWER', 'MEC_USED', 'CLEAN', 'CLEAN', 'DEBUFF', 'NEUTRAL', 'SET', 'SET', 'RECOVERING', 'BANCO_VAZIO')",2,1,1,100.000,PROTECT,100.000,-0.000000,1.0000
"('TANK', 'TANK', 'NEUTRAL', 'FULL', 'SAFE', 'NORMAL', 'SLOWER', 'MEC_USED', 'CLEAN', 'AFFLICTED', 'NEUTRAL', 'NEUTRAL', 'CLEAR', 'SET', 'RECOVERING', 'BANCO_VAZIO')",2,1,1,100.000,STAT_CLEAN,100.000,-0.000000,1.0000
"('TANK', 'TANK', 'NEUTRAL', 'FULL', 'FULL', 'NORMAL', 'FASTER', 'MEC_USED', 'CLEAN', 'CLEAN', 'NEUTRAL', 'DEBUFF', 'CLEAR', 'SET', 'RECOVERING', 'BANCO_VAZIO')",2,1,2,50.000,ATTACK_STRONG,100.000,-0.000000,1.0000
"('TANK', 'TANK', 'OFFENSIVE_ADV', 'FULL', 'FULL', 'NORMAL', 'FASTER', 'MEC_USED', 'AFFLICTED', 'CLEAN', 'NEUTRAL', 'NEUTRAL', 'CLEAR', 'SET', 'CLUTCH', 'BANCO_OFF')",2,2,4,50.000,ATTACK_STRONG,50.000,0.693147,2.0000
"('TANK', 'TANK', 'NEUTRAL', 'SAFE', 'FULL', 'NORMAL', 'FASTER', 'MEC_USED', 'CLEAN', 'AFFLICTED', 'DEBUFF', 'DEBUFF_DEBUFF', 'SET', 'CLEAR', 'CLUTCH', 'BANCO_VAZIO')",2,1,5,20.000,ATTACK_STRONG,100.000,-0.000000,1.0000
"('TANK', 'TANK', 'OFFENSIVE_ADV', 'SAFE', 'FULL', 'NORMAL', 'FASTER', 'MEC_USED', 'CLEAN', 'CLEAN', 'NEUTRAL', 'NEUTRAL', 'SET', 'SET', 'BRAWL', 'BANCO_OFF')",2,2,5,40.000,ATTACK_STRONG,50.000,0.693147,2.0000
"('TANK', 'TANK', 'DEFENSIVE_ADV', 'SAFE', 'FULL', 'NORMAL', 'SLOWER', 'MEC_USED', 'CLEAN', 'AFFLICTED', 'NEUTRAL', 'DEBUFF', 'SET', 'CLEAR', 'RECOVERING', 'BANCO_VAZIO')",2,1,3,33.333,STAT_CLEAN,100.000,-0.000000,1.0000
"('TANK', 'TANK', 'NEUTRAL', 'FULL', 'SAFE', 'NORMAL', 'FASTER', 'MEC_USED', 'AFFLICTED', 'CLEAN', 'NEUTRAL', 'NEUTRAL', 'CLEAR', 'CLEAR', 'RECOVERING', 'BANCO_VAZIO')",2,2,4,50.000,ATTACK_PIVOT,50.000,0.693147,2.0000
"('TANK', 'TANK', 'DOMINANT', 'FULL', 'FULL', 'NORMAL', 'SLOWER', 'MEC_USED', 'CLEAN', 'CLEAN', 'NEUTRAL', 'NEUTRAL', 'CLEAR', 'CLEAR', 'OPENING', 'BANCO_DEF')",2,1,5,20.000,ATTACK_STRONG,100.000,-0.000000,1.0000
"('TANK', 'TANK', 'NEUTRAL', 'SAFE', 'SAFE', 'NORMAL', 'FASTER', 'MEC_USED', 'CLEAN', 'CLEAN', 'NEUTRAL', 'NEUTRAL', 'CLEAR', 'SET', 'RECOVERING', 'BANCO_VAZIO')",2,1,7,14.286,ATTACK_TECH,100.000,-0.000000,1.0000
"('TANK', 'TANK', 'OFFENSIVE_ADV', 'FULL', 'SAFE', 'NORMAL', 'FASTER', 'MEC_USED', 'AFFLICTED', 'CLEAN', 'NEUTRAL', 'BUFFED', 'CLEAR', 'CLEAR', 'CLUTCH', 'BANCO_VAZIO')",2,2,3,66.667,ATTACK_STRONG,50.000,0.693147,2.0000
"('TANK', 'TANK', 'VOLATILE', 'FULL', 'SAFE', 'NORMAL', 'FASTER', 'MEC_USED', 'AFFLICTED', 'CLEAN', 'NEUTRAL', 'NEUTRAL', 'CLEAR', 'CLEAR', 'RECOVERING', 'BANCO_VAZIO')",2,2,4,50.000,ATTACK_STRONG,50.000,0.693147,2.0000
"('TANK', 'TANK', 'NEUTRAL', 'SAFE', 'SAFE', 'NORMAL', 'SLOWER', 'MEC_USED', 'CLEAN', 'CLEAN', 'NEUTRAL', 'NEUTRAL', 'SET', 'CLEAR', 'OPENING', 'BANCO_AMBOS')",2,2,8,25.000,ATTACK_PREDICTIVE,50.000,0.693147,2.0000
"('SWEEPER', 'TANK', 'NEUTRAL', 'SAFE', 'SAFE', 'NORMAL', 'FASTER', 'MEC_USED', 'CLEAN', 'CLEAN', 'NEUTRAL', 'NEUTRAL', 'CLEAR', 'CLEAR', 'OPENING', 'BANCO_OFF')",2,2,5,40.000,ATTACK_PREDICTIVE,50.000,0.693147,2.0000
"('TANK', 'TANK', 'STALEMATE', 'FULL', 'FULL', 'NORMAL', 'SLOWER', 'MEC_USED', 'CLEAN', 'CLEAN', 'NEUTRAL', 'NEUTRAL', 'SET', 'SET', 'OPENING', 'BANCO_OFF')",2,1,6,16.667,SWITCH_OFFENSIVE,100.000,-0.000000,1.0000
"('TANK', 'TANK', 'NEUTRAL', 'SAFE', 'SAFE', 'NORMAL', 'FASTER', 'MEC_USED', 'CLEAN', 'CLEAN', 'NEUTRAL', 'NEUTRAL', 'SET', 'SET', 'CLUTCH', 'BANCO_VAZIO')",2,2,8,25.000,ATTACK_TECH,50.000,0.693147,2.0000
"('TANK', 'SWEEPER', 'NEUTRAL', 'FULL', 'FULL', 'FIELD_THEIRS', 'SLOWER', 'MEC_AVAIL', 'CLEAN', 'CLEAN', 'NEUTRAL', 'NEUTRAL', 'CLEAR', 'CLEAR', 'OPENING', 'BANCO_OFF')",2,2,10,20.000,BUFF,50.000,0.693147,2.0000
"('TANK', 'TANK', 'OFFENSIVE_DIS', 'DANGER', 'FULL', 'NORMAL', 'FASTER', 'MEC_USED', 'CLEAN', 'CLEAN', 'NEUTRAL', 'NEUTRAL', 'CLEAR', 'CLEAR', 'OPENING', 'BANCO_OFF')",2,2,8,25.000,ATTACK_PREDICTIVE,50.000,0.693147,2.0000
"('TANK', 'TANK', 'OFFENSIVE_DIS', 'FULL', 'FULL', 'NORMAL', 'FASTER', 'MEC_USED', 'CLEAN', 'CLEAN', 'NEUTRAL', 'NEUTRAL', 'CLEAR', 'CLEAR', 'BRAWL', 'BANCO_OFF')",2,2,7,28.571,ATTACK_STRONG,50.000,0.693147,2.0000
"('TANK', 'TANK', 'OFFENSIVE_ADV', 'FULL', 'FULL', 'NORMAL', 'SLOWER', 'MEC_USED', 'CLEAN', 'CLEAN', 'NEUTRAL', 'NEUTRAL', 'CLEAR', 'CLEAR', 'BRAWL', 'BANCO_OFF')",2,1,7,14.286,ATTACK_STRONG,100.000,-0.000000,1.0000
"('TANK', 'TANK', 'DEFENSIVE_DIS', 'SAFE', 'FULL', 'NORMAL', 'FASTER', 'MEC_USED', 'CLEAN', 'CLEAN', 'BUFFED', 'NEUTRAL', 'CLEAR', 'CLEAR', 'OPENING', 'BANCO_OFF')",2,2,8,25.000,DISRUPTION,50.000,0.693147,2.0000
"('TANK', 'TANK', 'VOLATILE', 'FULL', 'FULL', 'FIELD_OURS_DEF', 'SLOWER', 'MEC_USED', 'CLEAN', 'CLEAN', 'NEUTRAL', 'NEUTRAL', 'CLEAR', 'CLEAR', 'OPENING', 'BANCO_OFF')",2,2,4,50.000,ATTACK_PREDICTIVE,50.000,0.693147,2.0000
"('TANK', 'TANK', 'OFFENSIVE_ADV', 'FULL', 'CRIT', 'NORMAL', 'FASTER', 'MEC_USED', 'CLEAN', 'CLEAN', 'NEUTRAL', 'NEUTRAL', 'CLEAR', 'CLEAR', 'OPENING', 'BANCO_OFF')",2,1,5,20.000,ATTACK_PREDICTIVE,100.000,-0.000000,1.0000
"('TANK', 'TANK', 'NEUTRAL', 'SAFE', 'FULL', 'NORMAL', 'FASTER', 'MEC_USED', 'CLEAN', 'CLEAN', 'NEUTRAL', 'NEUTRAL', 'SET', 'SET', 'BRAWL', 'BANCO_OFF')",2,2,6,33.333,BUFF,50.000,0.693147,2.0000
"('TANK', 'TANK', 'NEUTRAL', 'FULL', 'FULL', 'FIELD_OURS_OFF', 'SLOWER', 'MEC_USED', 'CLEAN', 'CLEAN', 'NEUTRAL', 'NEUTRAL', 'CLEAR', 'CLEAR', 'OPENING', 'BANCO_DEF')",2,1,4,25.000,STATUS,100.000,-0.000000,1.0000
"('SWEEPER', 'TANK', 'OFFENSIVE_ADV', 'FULL', 'SAFE', 'NORMAL', 'FASTER', 'MEC_USED', 'CLEAN', 'CLEAN', 'NEUTRAL', 'DEBUFF', 'CLEAR', 'CLEAR', 'OPENING', 'BANCO_OFF')",2,2,7,28.571,ATTACK_TECH,50.000,0.693147,2.0000
"('TANK', 'TANK', 'VOLATILE', 'FULL', 'SAFE', 'FIELD_THEIRS', 'FASTER', 'MEC_USED', 'CLEAN', 'CLEAN', 'NEUTRAL', 'NEUTRAL', 'CLEAR', 'CLEAR', 'OPENING', 'BANCO_OFF')",2,1,5,20.000,ATTACK_STRONG,100.000,-0.000000,1.0000
"('SWEEPER', 'TANK', 'DEFENSIVE_DIS', 'FULL', 'FULL', 'FIELD_THEIRS', 'FASTER', 'MEC_USED', 'CLEAN', 'CLEAN', 'NEUTRAL', 'NEUTRAL', 'CLEAR', 'CLEAR', 'OPENING', 'BANCO_OFF')",2,1,4,25.000,SWITCH_DEFENSIVE,100.000,-0.000000,1.0000
"('SWEEPER', 'TANK', 'NEUTRAL', 'SAFE', 'FULL', 'NORMAL', 'FASTER', 'MEC_USED', 'CLEAN', 'CLEAN', 'NEUTRAL', 'NEUTRAL', 'CLEAR', 'CLEAR', 'OPENING', 'BANCO_AMBOS')",2,2,6,33.333,STATUS,50.000,0.693147,2.0000
"('TANK', 'UTILITY', 'DEFENSIVE_DIS', 'FULL', 'FULL', 'FIELD_OURS_DEF', 'SLOWER', 'MEC_AVAIL', 'CLEAN', 'CLEAN', 'NEUTRAL', 'NEUTRAL', 'CLEAR', 'CLEAR', 'OPENING', 'BANCO_AMBOS')",2,2,10,20.000,BUFF_MEC,50.000,0.693147,2.0000
"('TANK', 'TANK', 'VOLATILE', 'FULL', 'FULL', 'NORMAL', 'SLOWER', 'MEC_USED', 'CLEAN', 'CLEAN', 'NEUTRAL', 'NEUTRAL', 'CLEAR', 'CLEAR', 'OPENING', 'BANCO_OFF')",2,2,7,28.571,ATTACK_PREDICTIVE,50.000,0.693147,2.0000
"('TANK', 'TANK', 'DEFENSIVE_ADV', 'SAFE', 'FULL', 'NORMAL', 'FASTER', 'MEC_USED', 'AFFLICTED', 'CLEAN', 'DEBUFF', 'NEUTRAL', 'SET', 'SET', 'CLUTCH', 'BANCO_VAZIO')",2,2,4,50.000,STAT_CLEAN,50.000,0.693147,2.0000
"('TANK', 'TANK', 'OFFENSIVE_ADV', 'SAFE', 'FULL', 'NORMAL', 'SLOWER', 'MEC_USED', 'CLEAN', 'CLEAN', 'NEUTRAL', 'NEUTRAL', 'CLEAR', 'CLEAR', 'RECOVERING', 'BANCO_VAZIO')",2,1,3,33.333,ATTACK_PREDICTIVE,100.000,-0.000000,1.0000
"('TANK', 'TANK', 'NEUTRAL', 'SAFE', 'SAFE', 'NORMAL', 'SLOWER', 'MEC_USED', 'CLEAN', 'CLEAN', 'NEUTRAL', 'NEUTRAL', 'SET', 'CLEAR', 'OPENING', 'BANCO_VAZIO')",2,2,9,22.222,ATTACK_PIVOT,50.000,0.693147,2.0000
"('TANK', 'TANK', 'NEUTRAL', 'FULL', 'FULL', 'NORMAL', 'SLOWER', 'MEC_USED', 'CLEAN', 'CLEAN', 'NEUTRAL', 'NEUTRAL', 'CLEAR', 'CLEAR', 'BRAWL', 'BANCO_OFF')",2,2,5,40.000,ATTACK_TECH,50.000,0.693147,2.0000
"('TANK', 'TANK', 'OFFENSIVE_DIS', 'DANGER', 'SAFE', 'NORMAL', 'FASTER', 'MEC_USED', 'CLEAN', 'CLEAN', 'NEUTRAL', 'NEUTRAL', 'CLEAR', 'CLEAR', 'OPENING', 'BANCO_OFF')",2,2,5,40.000,STATUS,50.000,0.693147,2.0000
"('TANK', 'TANK', 'DEFENSIVE_DIS', 'SAFE', 'FULL', 'FIELD_SHARED', 'FASTER', 'MEC_USED', 'CLEAN', 'CLEAN', 'NEUTRAL', 'NEUTRAL', 'CLEAR', 'CLEAR', 'OPENING', 'BANCO_AMBOS')",2,2,6,33.333,ATTACK_PREDICTIVE,50.000,0.693147,2.0000
"('TANK', 'TANK', 'NEUTRAL', 'SAFE', 'SAFE', 'NORMAL', 'FASTER', 'MEC_USED', 'CLEAN', 'CLEAN', 'NEUTRAL', 'NEUTRAL', 'SET', 'CLEAR', 'CLUTCH', 'BANCO_VAZIO')",2,1,4,25.000,ATTACK_PREDICTIVE,100.000,-0.000000,1.0000
"('TANK', 'UTILITY', 'NEUTRAL', 'FULL', 'FULL', 'NORMAL', 'SLOWER', 'MEC_AVAIL', 'CLEAN', 'CLEAN', 'NEUTRAL', 'NEUTRAL', 'CLEAR', 'CLEAR', 'OPENING', 'BANCO_AMBOS')",2,1,6,16.667,ATTACK_STRONG,100.000,-0.000000,1.0000
"('TANK', 'TANK', 'NEUTRAL', 'SAFE', 'FULL', 'NORMAL', 'FASTER', 'MEC_USED', 'CLEAN', 'CLEAN', 'NEUTRAL', 'NEUTRAL', 'SET', 'CLEAR', 'OPENING', 'BANCO_VAZIO')",2,2,5,40.000,ATTACK_TECH,50.000,0.693147,2.0000
"('TANK', 'TANK', 'DEFENSIVE_DIS', 'FULL', 'SAFE', 'NORMAL', 'FASTER', 'MEC_USED', 'CLEAN', 'CLEAN', 'NEUTRAL', 'NEUTRAL', 'CLEAR', 'SET', 'OPENING', 'BANCO_AMBOS')",2,2,6,33.333,ATTACK_PIVOT,50.000,0.693147,2.0000
"('TANK', 'UTILITY', 'DEFENSIVE_DIS', 'FULL', 'FULL', 'NORMAL', 'SLOWER', 'MEC_USED', 'CLEAN', 'CLEAN', 'NEUTRAL', 'NEUTRAL', 'CLEAR', 'CLEAR', 'OPENING', 'BANCO_OFF')",2,2,6,33.333,ATTACK_PREDICTIVE,50.000,0.693147,2.0000
"('TANK', 'TANK', 'CRITICAL_DIS', 'FULL', 'FULL', 'FIELD_OURS_OFF', 'FASTER', 'MEC_USED', 'CLEAN', 'CLEAN', 'NEUTRAL', 'NEUTRAL', 'CLEAR', 'CLEAR', 'OPENING', 'BANCO_OFF')",2,2,5,40.000,BUFF,50.000,0.693147,2.0000
"('TANK', 'TANK', 'CRITICAL_DIS', 'SAFE', 'FULL', 'NORMAL', 'FASTER', 'MEC_USED', 'CLEAN', 'CLEAN', 'NEUTRAL', 'NEUTRAL', 'CLEAR', 'CLEAR', 'OPENING', 'BANCO_OFF')",2,2,9,22.222,BUFF,50.000,0.693147,2.0000
"('TANK', 'TANK', 'DEFENSIVE_ADV', 'DANGER', 'FULL', 'NORMAL', 'SLOWER', 'MEC_USED', 'CLEAN', 'AFFLICTED', 'NEUTRAL', 'NEUTRAL', 'SET', 'SET', 'RECOVERING', 'BANCO_VAZIO')",1,1,1,100.000,STATUS,100.000,-0.000000,1.0000
"('TANK', 'SWEEPER', 'OFFENSIVE_DIS', 'FULL', 'FULL', 'NORMAL', 'SLOWER', 'MEC_USED', 'AFFLICTED', 'CLEAN', 'BUFFED', 'BUFFED', 'CLEAR', 'SET', 'RECOVERING', 'BANCO_VAZIO')",1,1,1,100.000,ATTACK_STRONG,100.000,-0.000000,1.0000
"('TANK', 'TANK', 'OFFENSIVE_DIS', 'FULL', 'SAFE', 'NORMAL', 'SLOWER', 'MEC_USED', 'CLEAN', 'CLEAN', 'BUFFED', 'NEUTRAL', 'CLEAR', 'SET', 'RECOVERING', 'BANCO_VAZIO')",1,1,2,50.000,BUFF,100.000,-0.000000,1.0000
"('TANK', 'TANK', 'DEFENSIVE_ADV', 'FULL', 'FULL', 'NORMAL', 'SLOWER', 'MEC_USED', 'CLEAN', 'AFFLICTED', 'NEUTRAL', 'DEBUFF', 'SET', 'CLEAR', 'RECOVERING', 'BANCO_VAZIO')",1,1,2,50.000,STAT_CLEAN,100.000,-0.000000,1.0000
"('TANK', 'TANK', 'OFFENSIVE_DIS', 'FULL', 'SAFE', 'NORMAL', 'SLOWER', 'MEC_USED', 'CLEAN', 'CLEAN', 'NEUTRAL', 'NEUTRAL', 'CLEAR', 'SET', 'RECOVERING', 'BANCO_VAZIO')",1,1,2,50.000,ATTACK_TECH,100.000,-0.000000,1.0000
"('TANK', 'TANK', 'NEUTRAL', 'FULL', 'FULL', 'NORMAL', 'SLOWER', 'MEC_USED', 'CLEAN', 'CLEAN', 'NEUTRAL', 'NEUTRAL', 'SET', 'SET', 'RECOVERING', 'BANCO_VAZIO')",1,1,5,20.000,HAZARD,100.000,-0.000000,1.0000
"('UTILITY', 'TANK', 'DOMINANT', 'FULL', 'FULL', 'FIELD_THEIRS', 'FASTER', 'MEC_AVAIL', 'CLEAN', 'CLEAN', 'NEUTRAL', 'NEUTRAL', 'CLEAR', 'CLEAR', 'OPENING', 'BANCO_OFF')",1,1,4,25.000,SWITCH_OFFENSIVE,100.000,-0.000000,1.0000
"('TANK', 'TANK', 'VOLATILE', 'SAFE', 'FULL', 'NORMAL', 'FASTER', 'MEC_USED', 'CLEAN', 'CLEAN', 'NEUTRAL', 'NEUTRAL', 'CLEAR', 'CLEAR', 'OPENING', 'BANCO_AMBOS')",1,1,5,20.000,PROTECT,100.000,-0.000000,1.0000
"('TANK', 'TANK', 'DEFENSIVE_ADV', 'DANGER', 'FULL', 'NORMAL', 'SLOWER', 'MEC_USED', 'CLEAN', 'AFFLICTED', 'DEBUFF', 'NEUTRAL', 'SET', 'CLEAR', 'CLUTCH', 'BANCO_VAZIO')",1,1,2,50.000,STATUS,100.000,-0.000000,1.0000
"('TANK', 'TANK', 'OFFENSIVE_DIS', 'CRIT', 'SAFE', 'NORMAL', 'FASTER', 'MEC_USED', 'CLEAN', 'CLEAN', 'NEUTRAL', 'NEUTRAL', 'CLEAR', 'SET', 'RECOVERING', 'BANCO_VAZIO')",1,1,3,33.333,ATTACK_PIVOT,100.000,-0.000000,1.0000
"('TANK', 'TANK', 'NEUTRAL', 'FULL', 'SAFE', 'NORMAL', 'SLOWER', 'MEC_USED', 'AFFLICTED', 'CLEAN', 'NEUTRAL', 'NEUTRAL', 'SET', 'SET', 'RECOVERING', 'BANCO_VAZIO')",1,1,2,50.000,HEAL,100.000,-0.000000,1.0000
"('TANK', 'TANK', 'OFFENSIVE_ADV', 'FULL', 'FULL', 'FIELD_SHARED', 'FASTER', 'MEC_AVAIL', 'CLEAN', 'CLEAN', 'NEUTRAL', 'NEUTRAL', 'SET', 'CLEAR', 'OPENING', 'BANCO_OFF')",1,1,8,12.500,STATUS,100.000,-0.000000,1.0000
"('TANK', 'TANK', 'DEFENSIVE_ADV', 'FULL', 'FULL', 'NORMAL', 'SLOWER', 'MEC_USED', 'CLEAN', 'CLEAN', 'NEUTRAL', 'NEUTRAL', 'CLEAR', 'CLEAR', 'OPENING', 'BANCO_VAZIO')",1,1,5,20.000,ATTACK_STRONG,100.000,-0.000000,1.0000
"('TANK', 'TANK', 'DEFENSIVE_DIS', 'FULL', 'SAFE', 'FIELD_SHARED', 'FASTER', 'MEC_USED', 'CLEAN', 'CLEAN', 'NEUTRAL', 'NEUTRAL', 'CLEAR', 'CLEAR', 'OPENING', 'BANCO_AMBOS')",1,1,5,20.000,SWITCH_DEFENSIVE,100.000,-0.000000,1.0000
"('TANK', 'TANK', 'NEUTRAL', 'SAFE', 'FULL', 'NORMAL', 'FASTER', 'MEC_AVAIL', 'CLEAN', 'CLEAN', 'NEUTRAL', 'NEUTRAL', 'CLEAR', 'CLEAR', 'OPENING', 'BANCO_AMBOS')",1,1,8,12.500,BUFF_MEC,100.000,-0.000000,1.0000
"('TANK', 'UTILITY', 'OFFENSIVE_ADV', 'FULL', 'FULL', 'FIELD_SHARED', 'SLOWER', 'MEC_USED', 'CLEAN', 'CLEAN', 'NEUTRAL', 'NEUTRAL', 'CLEAR', 'CLEAR', 'OPENING', 'BANCO_OFF')",1,1,5,20.000,ATTACK_PREDICTIVE,100.000,-0.000000,1.0000
"('TANK', 'TANK', 'VOLATILE', 'SAFE', 'FULL', 'FIELD_SHARED', 'FASTER', 'MEC_USED', 'CLEAN', 'CLEAN', 'NEUTRAL', 'NEUTRAL', 'CLEAR', 'CLEAR', 'OPENING', 'BANCO_AMBOS')",1,1,7,14.286,ATTACK_TECH,100.000,-0.000000,1.0000
"('TANK', 'TANK', 'CRITICAL_DIS', 'FULL', 'FULL', 'NORMAL', 'SLOWER', 'MEC_USED', 'CLEAN', 'CLEAN', 'NEUTRAL', 'NEUTRAL', 'CLEAR', 'CLEAR', 'OPENING', 'BANCO_VAZIO')",1,1,4,25.000,ATTACK_PREDICTIVE,100.000,-0.000000,1.0000
"('TANK', 'TANK', 'NEUTRAL', 'FULL', 'SAFE', 'NORMAL', 'SLOWER', 'MEC_USED', 'CLEAN', 'CLEAN', 'NEUTRAL', 'NEUTRAL', 'SET', 'SET', 'CLUTCH', 'BANCO_VAZIO')",1,1,2,50.000,STATUS,100.000,-0.000000,1.0000
"('TANK', 'TANK', 'VOLATILE', 'DANGER', 'SAFE', 'NORMAL', 'FASTER', 'MEC_USED', 'CLEAN', 'CLEAN', 'NEUTRAL', 'NEUTRAL', 'CLEAR', 'CLEAR', 'OPENING', 'BANCO_OFF')",1,1,6,16.667,FIELD_CONTROL,100.000,-0.000000,1.0000
"('TANK', 'TANK', 'NEUTRAL', 'FULL', 'SAFE', 'FIELD_OURS_OFF', 'FASTER', 'MEC_USED', 'CLEAN', 'CLEAN', 'NEUTRAL', 'NEUTRAL', 'CLEAR', 'CLEAR', 'OPENING', 'BANCO_OFF')",1,1,5,20.000,ATTACK_TECH,100.000,-0.000000,1.0000
"('SWEEPER', 'TANK', 'CRITICAL_DIS', 'FULL', 'FULL', 'NORMAL', 'FASTER', 'MEC_USED', 'CLEAN', 'CLEAN', 'NEUTRAL', 'NEUTRAL', 'CLEAR', 'CLEAR', 'OPENING', 'BANCO_OFF')",1,1,3,33.333,SWITCH_DEFENSIVE,100.000,-0.000000,1.0000
"('TANK', 'TANK', 'DEFENSIVE_DIS', 'FULL', 'FULL', 'FIELD_SHARED', 'SLOWER', 'MEC_AVAIL', 'CLEAN', 'CLEAN', 'NEUTRAL', 'NEUTRAL', 'CLEAR', 'CLEAR', 'OPENING', 'BANCO_AMBOS')",1,1,6,16.667,SWITCH_OFFENSIVE,100.000,-0.000000,1.0000
"('TANK', 'TANK', 'NEUTRAL', 'CRIT', 'FULL', 'NORMAL', 'FASTER', 'MEC_USED', 'CLEAN', 'CLEAN', 'NEUTRAL', 'NEUTRAL', 'CLEAR', 'CLEAR', 'CLUTCH', 'BANCO_VAZIO')",1,1,5,20.000,SWITCH_OFFENSIVE,100.000,-0.000000,1.0000
"('TANK', 'TANK', 'DEFENSIVE_ADV', 'FULL', 'FULL', 'FIELD_SHARED', 'FASTER', 'MEC_USED', 'CLEAN', 'CLEAN', 'NEUTRAL', 'NEUTRAL', 'CLEAR', 'CLEAR', 'OPENING', 'BANCO_OFF')",1,1,3,33.333,SWITCH_OFFENSIVE,100.000,-0.000000,1.0000
"('TANK', 'TANK', 'NEUTRAL', 'FULL', 'SAFE', 'FIELD_SHARED', 'SLOWER', 'MEC_USED', 'CLEAN', 'CLEAN', 'NEUTRAL', 'NEUTRAL', 'CLEAR', 'CLEAR', 'OPENING', 'BANCO_AMBOS')",1,1,4,25.000,ATTACK_PREDICTIVE,100.000,-0.000000,1.0000
"('TANK', 'TANK', 'NEUTRAL', 'DANGER', 'FULL', 'NORMAL', 'FASTER', 'MEC_USED', 'CLEAN', 'CLEAN', 'NEUTRAL', 'NEUTRAL', 'CLEAR', 'CLEAR', 'OPENING', 'BANCO_VAZIO')",1,1,4,25.000,STATUS,100.000,-0.000000,1.0000
"('TANK', 'SWEEPER', 'OFFENSIVE_DIS', 'FULL', 'FULL', 'NORMAL', 'SLOWER', 'MEC_USED', 'CLEAN', 'CLEAN', 'NEUTRAL', 'NEUTRAL', 'CLEAR', 'CLEAR', 'OPENING', 'BANCO_AMBOS')",1,1,5,20.000,STAT_CLEAN,100.000,-0.000000,1.0000
"('TANK', 'TANK', 'NEUTRAL', 'SAFE', 'SAFE', 'FIELD_SHARED', 'SLOWER', 'MEC_USED', 'CLEAN', 'CLEAN', 'NEUTRAL', 'NEUTRAL', 'CLEAR', 'CLEAR', 'OPENING', 'BANCO_VAZIO')",1,1,6,16.667,ATTACK_STRONG,100.000,-0.000000,1.0000
"('TANK', 'TANK', 'OFFENSIVE_ADV', 'SAFE', 'FULL', 'FIELD_OURS_OFF', 'FASTER', 'MEC_USED', 'CLEAN', 'CLEAN', 'NEUTRAL', 'NEUTRAL', 'CLEAR', 'CLEAR', 'OPENING', 'BANCO_OFF')",1,1,7,14.286,BUFF,100.000,-0.000000,1.0000
"('TANK', 'TANK', 'OFFENSIVE_ADV', 'FULL', 'DANGER', 'FIELD_THEIRS', 'FASTER', 'MEC_USED', 'CLEAN', 'CLEAN', 'NEUTRAL', 'NEUTRAL', 'CLEAR', 'CLEAR', 'OPENING', 'BANCO_OFF')",1,1,5,20.000,ATTACK_PREDICTIVE,100.000,-0.000000,1.0000
"('TANK', 'TANK', 'DEFENSIVE_DIS', 'SAFE', 'SAFE', 'NORMAL', 'SLOWER', 'MEC_USED', 'CLEAN', 'CLEAN', 'NEUTRAL', 'NEUTRAL', 'CLEAR', 'CLEAR', 'RECOVERING', 'BANCO_VAZIO')",1,1,5,20.000,ATTACK_STRONG,100.000,-0.000000,1.0000
"('TANK', 'TANK', 'OFFENSIVE_DIS', 'FULL', 'SAFE', 'FIELD_SHARED', 'SLOWER', 'MEC_USED', 'CLEAN', 'CLEAN', 'NEUTRAL', 'NEUTRAL', 'CLEAR', 'CLEAR', 'OPENING', 'BANCO_OFF')",1,1,5,20.000,DISRUPTION,100.000,-0.000000,1.0000
"('TANK', 'TANK', 'NEUTRAL', 'DANGER', 'SAFE', 'NORMAL', 'FASTER', 'MEC_USED', 'CLEAN', 'CLEAN', 'NEUTRAL', 'NEUTRAL', 'CLEAR', 'CLEAR', 'OPENING', 'BANCO_VAZIO')",1,1,4,25.000,ATTACK_PREDICTIVE,100.000,-0.000000,1.0000
"('TANK', 'TANK', 'DOMINANT', 'SAFE', 'FULL', 'NORMAL', 'SLOWER', 'MEC_USED', 'CLEAN', 'CLEAN', 'NEUTRAL', 'NEUTRAL', 'CLEAR', 'CLEAR', 'OPENING', 'BANCO_AMBOS')",1,1,6,16.667,ATTACK_PREDICTIVE,100.000,-0.000000,1.0000
"('TANK', 'TANK', 'OFFENSIVE_ADV', 'FULL', 'DANGER', 'NORMAL', 'FASTER', 'MEC_AVAIL', 'CLEAN', 'CLEAN', 'NEUTRAL', 'NEUTRAL', 'CLEAR', 'CLEAR', 'OPENING', 'BANCO_OFF')",1,1,8,12.500,ATTACK_STRONG_MEC,100.000,-0.000000,1.0000
"('TANK', 'TANK', 'NEUTRAL', 'SAFE', 'FULL', 'NORMAL', 'FASTER', 'MEC_USED', 'CLEAN', 'CLEAN', 'NEUTRAL', 'NEUTRAL', 'CLEAR', 'CLEAR', 'BRAWL', 'BANCO_VAZIO')",1,1,5,20.000,HEAL,100.000,-0.000000,1.0000
"('TANK', 'SWEEPER', 'DEFENSIVE_DIS', 'FULL', 'FULL', 'FIELD_SHARED', 'SLOWER', 'MEC_AVAIL', 'CLEAN', 'CLEAN', 'NEUTRAL', 'NEUTRAL', 'CLEAR', 'CLEAR', 'OPENING', 'BANCO_AMBOS')",1,1,6,16.667,ATTACK_PREDICTIVE_MEC,100.000,-0.000000,1.0000
"('TANK', 'TANK', 'OFFENSIVE_DIS', 'FULL', 'FULL', 'NORMAL', 'SLOWER', 'MEC_USED', 'CLEAN', 'CLEAN', 'NEUTRAL', 'NEUTRAL', 'SET', 'SET', 'RECOVERING', 'BANCO_VAZIO')",1,1,6,16.667,STAT_CLEAN,100.000,-0.000000,1.0000
"('TANK', 'TANK', 'DEFENSIVE_ADV', 'FULL', 'FULL', 'NORMAL', 'FASTER', 'MEC_USED', 'CLEAN', 'CLEAN', 'NEUTRAL', 'NEUTRAL', 'CLEAR', 'CLEAR', 'OPENING', 'BANCO_OFF')",1,1,5,20.000,ATTACK_PREDICTIVE,100.000,-0.000000,1.0000
"('TANK', 'SWEEPER', 'OFFENSIVE_ADV', 'FULL', 'FULL', 'FIELD_OURS_OFF', 'SLOWER', 'MEC_USED', 'CLEAN', 'CLEAN', 'NEUTRAL', 'NEUTRAL', 'CLEAR', 'CLEAR', 'OPENING', 'BANCO_AMBOS')",1,1,6,16.667,ATTACK_PIVOT,100.000,-0.000000,1.0000
"('SWEEPER', 'SWEEPER', 'NEUTRAL', 'FULL', 'FULL', 'NORMAL', 'FASTER', 'MEC_USED', 'CLEAN', 'CLEAN', 'DEBUFF', 'DEBUFF', 'CLEAR', 'CLEAR', 'OPENING', 'BANCO_OFF')",1,1,6,16.667,SWITCH_DEFENSIVE,100.000,-0.000000,1.0000
"('TANK', 'TANK', 'OFFENSIVE_DIS', 'SAFE', 'FULL', 'FIELD_SHARED', 'SLOWER', 'MEC_USED', 'CLEAN', 'CLEAN', 'NEUTRAL', 'NEUTRAL', 'CLEAR', 'CLEAR', 'OPENING', 'BANCO_AMBOS')",1,1,3,33.333,HEAL,100.000,-0.000000,1.0000
"('TANK', 'TANK', 'OFFENSIVE_ADV', 'FULL', 'FULL', 'FIELD_THEIRS', 'SLOWER', 'MEC_AVAIL', 'CLEAN', 'CLEAN', 'NEUTRAL', 'NEUTRAL', 'CLEAR', 'CLEAR', 'OPENING', 'BANCO_AMBOS')",1,1,8,12.500,ATTACK_STRONG,100.000,-0.000000,1.0000
"('TANK', 'TANK', 'NEUTRAL', 'FULL', 'FULL', 'NORMAL', 'FASTER', 'MEC_USED', 'CLEAN', 'CLEAN', 'NEUTRAL', 'NEUTRAL', 'SET', 'SET', 'OPENING', 'BANCO_OFF')",1,1,6,16.667,ATTACK_PREDICTIVE,100.000,-0.000000,1.0000
"('TANK', 'TANK', 'NEUTRAL', 'SAFE', 'DANGER', 'FIELD_SHARED', 'FASTER', 'MEC_USED', 'CLEAN', 'CLEAN', 'NEUTRAL', 'NEUTRAL', 'CLEAR', 'CLEAR', 'OPENING', 'BANCO_OFF')",1,1,4,25.000,ATTACK_STRONG,100.000,-0.000000,1.0000
"('TANK', 'TANK', 'DOMINANT', 'FULL', 'SAFE', 'NORMAL', 'FASTER', 'MEC_USED', 'CLEAN', 'CLEAN', 'NEUTRAL', 'NEUTRAL', 'CLEAR', 'CLEAR', 'OPENING', 'BANCO_VAZIO')",1,1,5,20.000,ATTACK_STRONG,100.000,-0.000000,1.0000
"('TANK', 'TANK', 'VOLATILE', 'SAFE', 'FULL', 'FIELD_SHARED', 'FASTER', 'MEC_USED', 'CLEAN', 'CLEAN', 'NEUTRAL', 'NEUTRAL', 'CLEAR', 'CLEAR', 'OPENING', 'BANCO_OFF')",1,1,3,33.333,SWITCH_OFFENSIVE,100.000,-0.000000,1.0000
"('TANK', 'TANK', 'DOMINANT', 'SAFE', 'FULL', 'NORMAL', 'SLOWER', 'MEC_USED', 'CLEAN', 'CLEAN', 'NEUTRAL', 'NEUTRAL', 'CLEAR', 'CLEAR', 'OPENING', 'BANCO_OFF')",1,1,6,16.667,SWITCH_DEFENSIVE,100.000,-0.000000,1.0000
