Estado,Decisoes_Medidas,Acoes_Escolhidas,Acoes_Validas_Vistas,Cobertura_Acoes_pct,Acao_Dominante,Dominante_pct,Entropia,Acoes_Efetivas
"('TANK', 'TANK', 'VOLATILE', 'DANGER', 'SAFE', 'NORMAL', 'FASTER', 'MEC_USED', 'CLEAN', 'CLEAN', 'NEUTRAL', 'NEUTRAL', 'SET', 'CLEAR', 'RECOVERING', 'BANCO_OFF')",684,3,5,60.000,SWITCH_DEFENSIVE,97.807,0.110829,1.1172
"('TANK', 'TANK', 'OFFENSIVE_DIS', 'FULL', 'FULL', 'NORMAL', 'SLOWER', 'MEC_USED', 'AFFLICTED', 'AFFLICTED', 'NEUTRAL', 'NEUTRAL', 'CLEAR', 'CLEAR', 'CLUTCH', 'BANCO_VAZIO')",428,7,10,70.000,CLEAN_HAZARD,52.103,1.148954,3.1549
"('TANK', 'TANK', 'OFFENSIVE_ADV', 'FULL', 'FULL', 'FIELD_THEIRS', 'FASTER', 'MEC_USED', 'CLEAN', 'CLEAN', 'NEUTRAL', 'NEUTRAL', 'CLEAR', 'CLEAR', 'OPENING', 'BANCO_OFF')",423,13,13,100.000,ATTACK_STRONG,15.603,2.351645,10.5028
"('TANK', 'TANK', 'OFFENSIVE_ADV', 'FULL', 'FULL', 'FIELD_SHARED', 'FASTER', 'MEC_USED', 'CLEAN', 'CLEAN', 'NEUTRAL', 'NEUTRAL', 'CLEAR', 'CLEAR', 'OPENING', 'BANCO_OFF')",421,12,12,100.000,ATTACK_STRONG,35.867,2.000560,7.3932
"('TANK', 'TANK', 'OFFENSIVE_ADV', 'FULL', 'FULL', 'NORMAL', 'FASTER', 'MEC_USED', 'CLEAN', 'CLEAN', 'NEUTRAL', 'NEUTRAL', 'CLEAR', 'CLEAR', 'OPENING', 'BANCO_OFF')",384,16,16,100.000,ATTACK_STRONG,17.969,2.432070,11.3824
"('TANK', 'TANK', 'CRITICAL_DIS', 'FULL', 'FULL', 'NORMAL', 'FASTER', 'MEC_USED', 'AFFLICTED', 'AFFLICTED', 'NEUTRAL', 'DEBUFF', 'SET', 'SET', 'CLUTCH', 'BANCO_VAZIO')",373,4,4,100.000,HAZARD,49.866,1.204425,3.3348
"('TANK', 'TANK', 'NEUTRAL', 'FULL', 'FULL', 'NORMAL', 'SLOWER', 'MEC_USED', 'CLEAN', 'CLEAN', 'NEUTRAL', 'NEUTRAL', 'CLEAR', 'CLEAR', 'OPENING', 'BANCO_OFF')",290,14,14,100.000,ATTACK_STRONG,18.276,2.455203,11.6488
"('TANK', 'TANK', 'OFFENSIVE_ADV', 'FULL', 'FULL', 'FIELD_SHARED', 'SLOWER', 'MEC_USED', 'CLEAN', 'CLEAN', 'NEUTRAL', 'NEUTRAL', 'CLEAR', 'CLEAR', 'OPENING', 'BANCO_OFF')",264,15,15,100.000,SWITCH_OFFENSIVE,26.136,2.237868,9.3733
"('TANK', 'TANK', 'OFFENSIVE_ADV', 'FULL', 'FULL', 'NORMAL', 'FASTER', 'MEC_USED', 'CLEAN', 'CLEAN', 'NEUTRAL', 'NEUTRAL', 'CLEAR', 'CLEAR', 'OPENING', 'BANCO_AMBOS')",261,13,13,100.000,SWITCH_OFFENSIVE,18.774,2.322340,10.1995
"('SWEEPER', 'TANK', 'NEUTRAL', 'FULL', 'FULL', 'NORMAL', 'FASTER', 'MEC_USED', 'CLEAN', 'CLEAN', 'NEUTRAL', 'NEUTRAL', 'CLEAR', 'CLEAR', 'OPENING', 'BANCO_AMBOS')",242,8,9,88.889,ATTACK_PREDICTIVE,29.752,1.875476,6.5239
"('TANK', 'TANK', 'NEUTRAL', 'FULL', 'FULL', 'NORMAL', 'SLOWER', 'MEC_USED', 'CLEAN', 'CLEAN', 'NEUTRAL', 'NEUTRAL', 'CLEAR', 'CLEAR', 'OPENING', 'BANCO_AMBOS')",242,16,16,100.000,SWITCH_OFFENSIVE,14.463,2.590573,13.3374
"('TANK', 'TANK', 'OFFENSIVE_ADV', 'FULL', 'FULL', 'FIELD_THEIRS', 'SLOWER', 'MEC_USED', 'CLEAN', 'CLEAN', 'NEUTRAL', 'NEUTRAL', 'CLEAR', 'CLEAR', 'OPENING', 'BANCO_OFF')",237,16,16,100.000,ATTACK_PREDICTIVE,18.143,2.398661,11.0084
"('TANK', 'TANK', 'OFFENSIVE_ADV', 'FULL', 'FULL', 'NORMAL', 'SLOWER', 'MEC_USED', 'CLEAN', 'CLEAN', 'NEUTRAL', 'NEUTRAL', 'CLEAR', 'CLEAR', 'OPENING', 'BANCO_OFF')",229,16,16,100.000,SWITCH_DEFENSIVE,14.847,2.572873,13.1034
"('TANK', 'TANK', 'NEUTRAL', 'FULL', 'FULL', 'FIELD_SHARED', 'FASTER', 'MEC_USED', 'CLEAN', 'CLEAN', 'NEUTRAL', 'NEUTRAL', 'CLEAR', 'CLEAR', 'OPENING', 'BANCO_OFF')",229,15,15,100.000,ATTACK_STRONG,16.157,2.401477,11.0395
"('TANK', 'TANK', 'STALEMATE', 'FULL', 'FULL', 'NORMAL', 'SLOWER', 'MEC_USED', 'AFFLICTED', 'AFFLICTED', 'DEBUFF', 'DEBUFF', 'SET', 'SET', 'CLUTCH', 'BANCO_VAZIO')",227,4,5,80.000,STAT_CLEAN,84.141,0.598786,1.8199
"('TANK', 'TANK', 'VOLATILE', 'FULL', 'FULL', 'FIELD_THEIRS', 'FASTER', 'MEC_USED', 'CLEAN', 'CLEAN', 'NEUTRAL', 'NEUTRAL', 'CLEAR', 'CLEAR', 'OPENING', 'BANCO_OFF')",222,13,14,92.857,ATTACK_TECH,23.423,2.175799,8.8092
"('TANK', 'TANK', 'OFFENSIVE_ADV', 'FULL', 'FULL', 'NORMAL', 'SLOWER', 'MEC_USED', 'CLEAN', 'CLEAN', 'NEUTRAL', 'NEUTRAL', 'CLEAR', 'CLEAR', 'OPENING', 'BANCO_AMBOS')",221,14,14,100.000,ATTACK_STRONG,49.774,1.905629,6.7236
"('TANK', 'TANK', 'DEFENSIVE_DIS', 'FULL', 'FULL', 'FIELD_THEIRS', 'FASTER', 'MEC_USED', 'CLEAN', 'CLEAN', 'NEUTRAL', 'NEUTRAL', 'CLEAR', 'CLEAR', 'OPENING', 'BANCO_OFF')",218,13,13,100.000,DISRUPTION,21.101,2.132429,8.4353
"('TANK', 'TANK', 'NEUTRAL', 'FULL', 'FULL', 'FIELD_OURS_OFF', 'FASTER', 'MEC_USED', 'CLEAN', 'CLEAN', 'NEUTRAL', 'NEUTRAL', 'CLEAR', 'CLEAR', 'OPENING', 'BANCO_AMBOS')",213,13,13,100.000,ATTACK_PIVOT,20.188,2.239918,9.3926
"('TANK', 'TANK', 'DEFENSIVE_DIS', 'FULL', 'FULL', 'NORMAL', 'FASTER', 'MEC_USED', 'CLEAN', 'CLEAN', 'NEUTRAL', 'NEUTRAL', 'CLEAR', 'CLEAR', 'OPENING', 'BANCO_OFF')",210,15,15,100.000,SWITCH_DEFENSIVE,17.143,2.475676,11.8897
"('TANK', 'TANK', 'OFFENSIVE_ADV', 'FULL', 'FULL', 'FIELD_SHARED', 'FASTER', 'MEC_USED', 'CLEAN', 'CLEAN', 'NEUTRAL', 'NEUTRAL', 'CLEAR', 'CLEAR', 'OPENING', 'BANCO_AMBOS')",208,14,14,100.000,ATTACK_STRONG,29.808,2.294039,9.9149
"('TANK', 'TANK', 'VOLATILE', 'FULL', 'FULL', 'FIELD_OURS_OFF', 'SLOWER', 'MEC_USED', 'CLEAN', 'CLEAN', 'NEUTRAL', 'NEUTRAL', 'CLEAR', 'CLEAR', 'OPENING', 'BANCO_OFF')",207,10,10,100.000,ATTACK_TECH,19.324,1.999306,7.3839
"('TANK', 'TANK', 'DOMINANT', 'FULL', 'FULL', 'FIELD_THEIRS', 'FASTER', 'MEC_USED', 'CLEAN', 'CLEAN', 'NEUTRAL', 'NEUTRAL', 'CLEAR', 'CLEAR', 'OPENING', 'BANCO_AMBOS')",200,14,14,100.000,ATTACK_STRONG,24.500,2.140346,8.5024
"('TANK', 'TANK', 'CRITICAL_DIS', 'FULL', 'FULL', 'NORMAL', 'FASTER', 'MEC_USED', 'AFFLICTED', 'AFFLICTED', 'NEUTRAL', 'DEBUFF', 'SET', 'SET', 'RECOVERING', 'BANCO_VAZIO')",197,5,5,100.000,HAZARD,51.269,1.243961,3.4693
"('TANK', 'TANK', 'VOLATILE', 'FULL', 'FULL', 'NORMAL', 'FASTER', 'MEC_USED', 'CLEAN', 'CLEAN', 'NEUTRAL', 'NEUTRAL', 'CLEAR', 'CLEAR', 'OPENING', 'BANCO_OFF')",197,14,15,93.333,ATTACK_PREDICTIVE,19.289,2.271532,9.6942
"('TANK', 'TANK', 'OFFENSIVE_ADV', 'FULL', 'FULL', 'FIELD_OURS_OFF', 'SLOWER', 'MEC_USED', 'CLEAN', 'CLEAN', 'NEUTRAL', 'NEUTRAL', 'CLEAR', 'CLEAR', 'OPENING', 'BANCO_OFF')",195,11,11,100.000,ATTACK_TECH,46.667,1.702266,5.4864
"('TANK', 'TANK', 'NEUTRAL', 'FULL', 'FULL', 'NORMAL', 'FASTER', 'MEC_USED', 'CLEAN', 'CLEAN', 'NEUTRAL', 'NEUTRAL', 'CLEAR', 'CLEAR', 'OPENING', 'BANCO_OFF')",193,15,15,100.000,HEAL,20.207,2.378264,10.7862
"('TANK', 'TANK', 'NEUTRAL', 'FULL', 'FULL', 'NORMAL', 'FASTER', 'MEC_USED', 'CLEAN', 'CLEAN', 'NEUTRAL', 'NEUTRAL', 'CLEAR', 'CLEAR', 'OPENING', 'BANCO_AMBOS')",192,15,16,93.750,SWITCH_DEFENSIVE,23.438,2.317205,10.1473
"('TANK', 'TANK', 'OFFENSIVE_DIS', 'FULL', 'FULL', 'NORMAL', 'SLOWER', 'MEC_USED', 'CLEAN', 'CLEAN', 'NEUTRAL', 'NEUTRAL', 'CLEAR', 'CLEAR', 'OPENING', 'BANCO_OFF')",190,15,15,100.000,SWITCH_DEFENSIVE,13.158,2.555798,12.8816
"('TANK', 'TANK', 'NEUTRAL', 'FULL', 'FULL', 'FIELD_SHARED', 'FASTER', 'MEC_AVAIL', 'CLEAN', 'CLEAN', 'NEUTRAL', 'NEUTRAL', 'CLEAR', 'CLEAR', 'OPENING', 'BANCO_OFF')",186,13,14,92.857,ATTACK_STRONG_MEC,34.409,1.946539,7.0044
"('SWEEPER', 'TANK', 'OFFENSIVE_ADV', 'FULL', 'FULL', 'FIELD_THEIRS', 'FASTER', 'MEC_USED', 'CLEAN', 'CLEAN', 'NEUTRAL', 'NEUTRAL', 'CLEAR', 'CLEAR', 'OPENING', 'BANCO_AMBOS')",184,8,8,100.000,ATTACK_STRONG,50.543,1.481520,4.3996
"('TANK', 'TANK', 'OFFENSIVE_ADV', 'FULL', 'SAFE', 'NORMAL', 'FASTER', 'MEC_USED', 'CLEAN', 'CLEAN', 'NEUTRAL', 'NEUTRAL', 'CLEAR', 'CLEAR', 'OPENING', 'BANCO_OFF')",182,15,15,100.000,ATTACK_STRONG,19.780,2.416888,11.2109
"('TANK', 'TANK', 'DEFENSIVE_DIS', 'FULL', 'FULL', 'NORMAL', 'FASTER', 'MEC_USED', 'CLEAN', 'CLEAN', 'NEUTRAL', 'NEUTRAL', 'CLEAR', 'CLEAR', 'OPENING', 'BANCO_AMBOS')",181,12,14,85.714,SWITCH_OFFENSIVE,22.652,2.191297,8.9468
"('TANK', 'TANK', 'CRITICAL_DIS', 'FULL', 'FULL', 'NORMAL', 'SLOWER', 'MEC_USED', 'CLEAN', 'CLEAN', 'NEUTRAL', 'NEUTRAL', 'CLEAR', 'CLEAR', 'OPENING', 'BANCO_AMBOS')",176,14,15,93.333,ATTACK_TECH,25.000,2.279740,9.7741
"('TANK', 'TANK', 'OFFENSIVE_DIS', 'FULL', 'FULL', 'NORMAL', 'FASTER', 'MEC_USED', 'CLEAN', 'CLEAN', 'NEUTRAL', 'NEUTRAL', 'CLEAR', 'CLEAR', 'OPENING', 'BANCO_OFF')",169,15,15,100.000,ATTACK_TECH,15.976,2.503248,12.2221
"('TANK', 'TANK', 'CRITICAL_DIS', 'FULL', 'FULL', 'NORMAL', 'FASTER', 'MEC_USED', 'AFFLICTED', 'CLEAN', 'NEUTRAL', 'NEUTRAL', 'SET', 'SET', 'CLUTCH', 'BANCO_VAZIO')",169,5,6,83.333,HAZARD,62.130,1.006515,2.7360
"('TANK', 'TANK', 'DEFENSIVE_ADV', 'FULL', 'FULL', 'NORMAL', 'SLOWER', 'MEC_USED', 'CLEAN', 'AFFLICTED', 'NEUTRAL', 'DEBUFF', 'SET', 'SET', 'CLUTCH', 'BANCO_VAZIO')",164,4,9,44.444,STAT_CLEAN,85.366,0.560059,1.7508
"('TANK', 'TANK', 'DEFENSIVE_DIS', 'FULL', 'FULL', 'FIELD_SHARED', 'FASTER', 'MEC_USED', 'CLEAN', 'CLEAN', 'NEUTRAL', 'NEUTRAL', 'CLEAR', 'CLEAR', 'OPENING', 'BANCO_AMBOS')",160,13,13,100.000,SWITCH_OFFENSIVE,21.250,2.197715,9.0044
"('TANK', 'TANK', 'DOMINANT', 'FULL', 'FULL', 'NORMAL', 'FASTER', 'MEC_USED', 'CLEAN', 'CLEAN', 'NEUTRAL', 'NEUTRAL', 'CLEAR', 'CLEAR', 'OPENING', 'BANCO_AMBOS')",159,13,13,100.000,ATTACK_STRONG,16.352,2.394184,10.9593
"('TANK', 'TANK', 'OFFENSIVE_DIS', 'FULL', 'FULL', 'NORMAL', 'SLOWER', 'MEC_USED', 'AFFLICTED', 'AFFLICTED', 'NEUTRAL', 'NEUTRAL', 'CLEAR', 'CLEAR', 'RECOVERING', 'BANCO_VAZIO')",159,9,10,90.000,ATTACK_PIVOT,26.415,1.824896,6.2021
"('TANK', 'TANK', 'OFFENSIVE_ADV', 'SAFE', 'FULL', 'NORMAL', 'FASTER', 'MEC_USED', 'CLEAN', 'CLEAN', 'NEUTRAL', 'NEUTRAL', 'CLEAR', 'CLEAR', 'OPENING', 'BANCO_OFF')",158,13,13,100.000,ATTACK_STRONG,20.253,2.329747,10.2753
"('TANK', 'TANK', 'NEUTRAL', 'FULL', 'FULL', 'FIELD_SHARED', 'FASTER', 'MEC_USED', 'CLEAN', 'CLEAN', 'NEUTRAL', 'NEUTRAL', 'CLEAR', 'CLEAR', 'OPENING', 'BANCO_AMBOS')",150,14,14,100.000,ATTACK_PREDICTIVE,20.000,2.354882,10.5369
"('TANK', 'TANK', 'NEUTRAL', 'FULL', 'FULL', 'FIELD_THEIRS', 'SLOWER', 'MEC_USED', 'CLEAN', 'CLEAN', 'NEUTRAL', 'NEUTRAL', 'CLEAR', 'CLEAR', 'OPENING', 'BANCO_AMBOS')",148,13,14,92.857,ATTACK_STRONG,15.541,2.307028,10.0445
"('TANK', 'TANK', 'NEUTRAL', 'FULL', 'FULL', 'NORMAL', 'FASTER', 'MEC_USED', 'CLEAN', 'CLEAN', 'NEUTRAL', 'NEUTRAL', 'CLEAR', 'CLEAR', 'OPENING', 'BANCO_VAZIO')",146,14,15,93.333,ATTACK_TECH,28.082,2.253260,9.5187
"('TANK', 'SWEEPER', 'OFFENSIVE_ADV', 'FULL', 'FULL', 'NORMAL', 'SLOWER', 'MEC_USED', 'CLEAN', 'CLEAN', 'NEUTRAL', 'NEUTRAL', 'CLEAR', 'CLEAR', 'OPENING', 'BANCO_OFF')",146,16,16,100.000,ATTACK_TECH,14.384,2.495108,12.1230
"('TANK', 'TANK', 'OFFENSIVE_ADV', 'FULL', 'FULL', 'FIELD_SHARED', 'FASTER', 'MEC_AVAIL', 'CLEAN', 'CLEAN', 'NEUTRAL', 'NEUTRAL', 'CLEAR', 'CLEAR', 'OPENING', 'BANCO_OFF')",146,18,20,90.000,ATTACK_TECH_MEC,17.123,2.601986,13.4905
"('TANK', 'TANK', 'NEUTRAL', 'FULL', 'FULL', 'NORMAL', 'SLOWER', 'MEC_USED', 'CLEAN', 'CLEAN', 'NEUTRAL', 'NEUTRAL', 'CLEAR', 'CLEAR', 'OPENING', 'BANCO_VAZIO')",146,14,15,93.333,STATUS,17.808,2.342224,10.4043
"('TANK', 'TANK', 'DOMINANT', 'FULL', 'FULL', 'FIELD_SHARED', 'FASTER', 'MEC_USED', 'CLEAN', 'CLEAN', 'NEUTRAL', 'NEUTRAL', 'CLEAR', 'CLEAR', 'OPENING', 'BANCO_OFF')",145,13,13,100.000,ATTACK_STRONG,23.448,2.217856,9.1876
"('TANK', 'TANK', 'OFFENSIVE_ADV', 'FULL', 'FULL', 'FIELD_OURS_OFF', 'FASTER', 'MEC_USED', 'CLEAN', 'CLEAN', 'NEUTRAL', 'NEUTRAL', 'CLEAR', 'CLEAR', 'OPENING', 'BANCO_AMBOS')",144,10,10,100.000,SWITCH_OFFENSIVE,21.528,2.176464,8.8151
"('SWEEPER', 'TANK', 'OFFENSIVE_ADV', 'FULL', 'FULL', 'NORMAL', 'FASTER', 'MEC_USED', 'CLEAN', 'CLEAN', 'NEUTRAL', 'NEUTRAL', 'CLEAR', 'CLEAR', 'OPENING', 'BANCO_OFF')",143,9,9,100.000,SWITCH_OFFENSIVE,22.378,1.974817,7.2053
"('TANK', 'TANK', 'OFFENSIVE_ADV', 'FULL', 'FULL', 'FIELD_OURS_OFF', 'FASTER', 'MEC_USED', 'CLEAN', 'CLEAN', 'NEUTRAL', 'NEUTRAL', 'CLEAR', 'CLEAR', 'OPENING', 'BANCO_OFF')",138,12,12,100.000,ATTACK_TECH,21.739,2.215207,9.1633
"('TANK', 'TANK', 'NEUTRAL', 'FULL', 'FULL', 'NORMAL', 'FASTER', 'MEC_AVAIL', 'CLEAN', 'CLEAN', 'NEUTRAL', 'NEUTRAL', 'CLEAR', 'CLEAR', 'OPENING', 'BANCO_AMBOS')",138,18,20,90.000,ATTACK_STRONG_MEC,31.159,2.397641,10.9972
"('TANK', 'TANK', 'NEUTRAL', 'SAFE', 'FULL', 'NORMAL', 'FASTER', 'MEC_USED', 'CLEAN', 'CLEAN', 'NEUTRAL', 'NEUTRAL', 'CLEAR', 'CLEAR', 'OPENING', 'BANCO_OFF')",137,15,15,100.000,HEAL,34.307,2.173861,8.7922
"('TANK', 'TANK', 'NEUTRAL', 'FULL', 'FULL', 'FIELD_THEIRS', 'FASTER', 'MEC_USED', 'CLEAN', 'CLEAN', 'NEUTRAL', 'NEUTRAL', 'CLEAR', 'CLEAR', 'OPENING', 'BANCO_OFF')",135,11,12,91.667,ATTACK_STRONG,22.963,2.201559,9.0391
"('SWEEPER', 'TANK', 'OFFENSIVE_ADV', 'FULL', 'FULL', 'NORMAL', 'FASTER', 'MEC_USED', 'CLEAN', 'CLEAN', 'NEUTRAL', 'DEBUFF', 'CLEAR', 'CLEAR', 'OPENING', 'BANCO_AMBOS')",134,7,7,100.000,ATTACK_STRONG,41.045,1.598795,4.9471
"('TANK', 'TANK', 'NEUTRAL', 'FULL', 'FULL', 'FIELD_THEIRS', 'SLOWER', 'MEC_USED', 'CLEAN', 'CLEAN', 'NEUTRAL', 'NEUTRAL', 'CLEAR', 'CLEAR', 'OPENING', 'BANCO_OFF')",133,13,13,100.000,ATTACK_PREDICTIVE,24.812,2.326405,10.2411
"('TANK', 'TANK', 'CRITICAL_DIS', 'FULL', 'FULL', 'NORMAL', 'FASTER', 'MEC_USED', 'AFFLICTED', 'CLEAN', 'NEUTRAL', 'NEUTRAL', 'SET', 'SET', 'RECOVERING', 'BANCO_VAZIO')",131,6,6,100.000,HAZARD,64.122,1.032797,2.8089
"('TANK', 'TANK', 'OFFENSIVE_DIS', 'FULL', 'FULL', 'NORMAL', 'FASTER', 'MEC_USED', 'CLEAN', 'CLEAN', 'NEUTRAL', 'NEUTRAL', 'CLEAR', 'CLEAR', 'OPENING', 'BANCO_AMBOS')",130,13,14,92.857,FIELD_CONTROL,30.769,2.125951,8.3809
"('TANK', 'TANK', 'DEFENSIVE_DIS', 'FULL', 'FULL', 'FIELD_THEIRS', 'FASTER', 'MEC_USED', 'CLEAN', 'CLEAN', 'NEUTRAL', 'NEUTRAL', 'CLEAR', 'CLEAR', 'OPENING', 'BANCO_AMBOS')",128,12,12,100.000,SWITCH_DEFENSIVE,22.656,2.158466,8.6578
"('TANK', 'TANK', 'STALEMATE', 'FULL', 'FULL', 'NORMAL', 'SLOWER', 'MEC_USED', 'CLEAN', 'CLEAN', 'NEUTRAL', 'NEUTRAL', 'CLEAR', 'CLEAR', 'OPENING', 'BANCO_AMBOS')",127,13,13,100.000,STATUS,28.346,2.215445,9.1655
"('TANK', 'TANK', 'OFFENSIVE_ADV', 'FULL', 'FULL', 'FIELD_THEIRS', 'FASTER', 'MEC_AVAIL', 'CLEAN', 'CLEAN', 'NEUTRAL', 'NEUTRAL', 'CLEAR', 'CLEAR', 'OPENING', 'BANCO_OFF')",125,19,20,95.000,ATTACK_PREDICTIVE_MEC,17.600,2.612841,13.6377
"('TANK', 'TANK', 'DOMINANT', 'FULL', 'FULL', 'FIELD_SHARED', 'FASTER', 'MEC_USED', 'CLEAN', 'CLEAN', 'NEUTRAL', 'NEUTRAL', 'CLEAR', 'CLEAR', 'OPENING', 'BANCO_AMBOS')",124,11,11,100.000,ATTACK_PIVOT,20.968,2.298516,9.9594
"('TANK', 'TANK', 'CRITICAL_DIS', 'FULL', 'FULL', 'NORMAL', 'FASTER', 'MEC_USED', 'CLEAN', 'CLEAN', 'NEUTRAL', 'NEUTRAL', 'CLEAR', 'CLEAR', 'OPENING', 'BANCO_OFF')",124,16,16,100.000,ATTACK_TECH,12.097,2.549887,12.8057
"('SWEEPER', 'TANK', 'NEUTRAL', 'FULL', 'FULL', 'FIELD_SHARED', 'FASTER', 'MEC_USED', 'CLEAN', 'CLEAN', 'NEUTRAL', 'NEUTRAL', 'CLEAR', 'CLEAR', 'OPENING', 'BANCO_OFF')",124,10,12,83.333,SWITCH_DEFENSIVE,31.452,1.925734,6.8602
"('TANK', 'TANK', 'NEUTRAL', 'FULL', 'FULL', 'NORMAL', 'SLOWER', 'MEC_USED', 'CLEAN', 'CLEAN', 'NEUTRAL', 'NEUTRAL', 'CLEAR', 'CLEAR', 'RECOVERING', 'BANCO_VAZIO')",121,15,15,100.000,ATTACK_PIVOT,24.793,2.285782,9.8334
"('TANK', 'TANK', 'OFFENSIVE_ADV', 'FULL', 'FULL', 'NORMAL', 'FASTER', 'MEC_USED', 'CLEAN', 'CLEAN', 'NEUTRAL', 'NEUTRAL', 'SET', 'CLEAR', 'OPENING', 'BANCO_OFF')",119,15,15,100.000,HEAL,16.807,2.489068,12.0500
"('TANK', 'TANK', 'DEFENSIVE_DIS', 'FULL', 'FULL', 'NORMAL', 'SLOWER', 'MEC_USED', 'CLEAN', 'AFFLICTED', 'NEUTRAL', 'NEUTRAL', 'CLEAR', 'CLEAR', 'CLUTCH', 'BANCO_VAZIO')",116,7,10,70.000,STAT_CLEAN,40.517,1.541315,4.6707
"('TANK', 'TANK', 'OFFENSIVE_ADV', 'FULL', 'FULL', 'NORMAL', 'FASTER', 'MEC_AVAIL', 'CLEAN', 'CLEAN', 'NEUTRAL', 'NEUTRAL', 'CLEAR', 'CLEAR', 'OPENING', 'BANCO_OFF')",116,18,18,100.000,ATTACK_STRONG_MEC,16.379,2.602784,13.5013
"('TANK', 'TANK', 'OFFENSIVE_ADV', 'SAFE', 'FULL', 'FIELD_THEIRS', 'FASTER', 'MEC_USED', 'CLEAN', 'CLEAN', 'NEUTRAL', 'NEUTRAL', 'CLEAR', 'CLEAR', 'OPENING', 'BANCO_OFF')",115,12,12,100.000,ATTACK_STRONG,21.739,2.243672,9.4279
"('TANK', 'TANK', 'STALEMATE', 'FULL', 'FULL', 'NORMAL', 'SLOWER', 'MEC_USED', 'CLEAN', 'CLEAN', 'NEUTRAL', 'NEUTRAL', 'CLEAR', 'CLEAR', 'OPENING', 'BANCO_OFF')",115,14,14,100.000,ATTACK_TECH,27.826,2.267711,9.6573
"('TANK', 'TANK', 'OFFENSIVE_ADV', 'SAFE', 'SAFE', 'NORMAL', 'FASTER', 'MEC_USED', 'CLEAN', 'CLEAN', 'NEUTRAL', 'NEUTRAL', 'CLEAR', 'CLEAR', 'OPENING', 'BANCO_OFF')",115,13,13,100.000,ATTACK_STRONG,40.000,2.105973,8.2151
"('TANK', 'TANK', 'DOMINANT', 'FULL', 'FULL', 'NORMAL', 'SLOWER', 'MEC_USED', 'CLEAN', 'CLEAN', 'NEUTRAL', 'NEUTRAL', 'CLEAR', 'CLEAR', 'OPENING', 'BANCO_OFF')",113,14,14,100.000,ATTACK_STRONG,23.009,2.440843,11.4827
"('SWEEPER', 'TANK', 'DOMINANT', 'FULL', 'FULL', 'NORMAL', 'FASTER', 'MEC_USED', 'CLEAN', 'CLEAN', 'NEUTRAL', 'NEUTRAL', 'CLEAR', 'CLEAR', 'OPENING', 'BANCO_AMBOS')",113,9,9,100.000,ATTACK_STRONG,55.752,1.544021,4.6834
"('TANK', 'TANK', 'OFFENSIVE_ADV', 'FULL', 'FULL', 'NORMAL', 'FASTER', 'MEC_AVAIL', 'CLEAN', 'CLEAN', 'NEUTRAL', 'NEUTRAL', 'CLEAR', 'CLEAR', 'OPENING', 'BANCO_AMBOS')",113,18,20,90.000,SWITCH_DEFENSIVE,16.814,2.483712,11.9857
"('TANK', 'TANK', 'DEFENSIVE_ADV', 'FULL', 'FULL', 'NORMAL', 'SLOWER', 'MEC_USED', 'CLEAN', 'CLEAN', 'NEUTRAL', 'NEUTRAL', 'CLEAR', 'CLEAR', 'OPENING', 'BANCO_AMBOS')",113,13,13,100.000,SWITCH_OFFENSIVE,16.814,2.350838,10.4944
"('SWEEPER', 'TANK', 'OFFENSIVE_ADV', 'FULL', 'FULL', 'FIELD_THEIRS', 'FASTER', 'MEC_USED', 'CLEAN', 'CLEAN', 'NEUTRAL', 'DEBUFF', 'CLEAR', 'CLEAR', 'OPENING', 'BANCO_AMBOS')",113,6,6,100.000,ATTACK_PREDICTIVE,29.204,1.697285,5.4591
"('TANK', 'TANK', 'CRITICAL_DIS', 'FULL', 'FULL', 'FIELD_SHARED', 'SLOWER', 'MEC_USED', 'CLEAN', 'CLEAN', 'NEUTRAL', 'NEUTRAL', 'CLEAR', 'CLEAR', 'OPENING', 'BANCO_AMBOS')",112,14,16,87.500,SWITCH_DEFENSIVE,46.429,1.826378,6.2113
"('TANK', 'TANK', 'DEFENSIVE_DIS', 'FULL', 'FULL', 'NORMAL', 'SLOWER', 'MEC_USED', 'CLEAN', 'CLEAN', 'NEUTRAL', 'NEUTRAL', 'CLEAR', 'CLEAR', 'OPENING', 'BANCO_AMBOS')",111,13,13,100.000,STATUS,20.721,2.300115,9.9753
"('TANK', 'TANK', 'NEUTRAL', 'SAFE', 'FULL', 'NORMAL', 'FASTER', 'MEC_USED', 'CLEAN', 'CLEAN', 'NEUTRAL', 'NEUTRAL', 'CLEAR', 'CLEAR', 'OPENING', 'BANCO_VAZIO')",110,13,13,100.000,HEAL,23.636,2.331245,10.2907
"('TANK', 'TANK', 'OFFENSIVE_ADV', 'FULL', 'FULL', 'FIELD_THEIRS', 'SLOWER', 'MEC_USED', 'CLEAN', 'CLEAN', 'NEUTRAL', 'NEUTRAL', 'CLEAR', 'CLEAR', 'OPENING', 'BANCO_AMBOS')",109,10,11,90.909,SWITCH_OFFENSIVE,20.183,2.092517,8.1053
"('TANK', 'TANK', 'NEUTRAL', 'FULL', 'FULL', 'NORMAL', 'FASTER', 'MEC_AVAIL', 'CLEAN', 'CLEAN', 'NEUTRAL', 'NEUTRAL', 'CLEAR', 'CLEAR', 'OPENING', 'BANCO_OFF')",108,18,22,81.818,ATTACK_PREDICTIVE_MEC,12.963,2.642269,14.0450
"('TANK', 'TANK', 'DOMINANT', 'FULL', 'FULL', 'NORMAL', 'FASTER', 'MEC_USED', 'CLEAN', 'CLEAN', 'NEUTRAL', 'NEUTRAL', 'CLEAR', 'CLEAR', 'OPENING', 'BANCO_OFF')",108,12,12,100.000,ATTACK_STRONG,25.000,2.129432,8.4101
"('SWEEPER', 'TANK', 'NEUTRAL', 'FULL', 'FULL', 'NORMAL', 'FASTER', 'MEC_USED', 'CLEAN', 'CLEAN', 'NEUTRAL', 'NEUTRAL', 'CLEAR', 'CLEAR', 'OPENING', 'BANCO_OFF')",108,9,9,100.000,ATTACK_STRONG,28.704,1.919019,6.8143
"('TANK', 'TANK', 'NEUTRAL', 'FULL', 'FULL', 'NORMAL', 'FASTER', 'MEC_USED', 'CLEAN', 'CLEAN', 'NEUTRAL', 'NEUTRAL', 'SET', 'CLEAR', 'OPENING', 'BANCO_OFF')",107,15,15,100.000,SWITCH_OFFENSIVE,11.215,2.535009,12.6165
"('TANK', 'TANK', 'NEUTRAL', 'FULL', 'FULL', 'FIELD_SHARED', 'SLOWER', 'MEC_USED', 'CLEAN', 'CLEAN', 'NEUTRAL', 'NEUTRAL', 'CLEAR', 'CLEAR', 'OPENING', 'BANCO_OFF')",107,15,15,100.000,ATTACK_STRONG,20.561,2.453034,11.6236
"('TANK', 'TANK', 'NEUTRAL', 'SAFE', 'SAFE', 'NORMAL', 'SLOWER', 'MEC_USED', 'CLEAN', 'CLEAN', 'NEUTRAL', 'NEUTRAL', 'CLEAR', 'CLEAR', 'OPENING', 'BANCO_OFF')",106,14,14,100.000,ATTACK_PIVOT,20.755,2.397412,10.9947
"('TANK', 'TANK', 'CRITICAL_DIS', 'FULL', 'FULL', 'NORMAL', 'SLOWER', 'MEC_USED', 'CLEAN', 'CLEAN', 'NEUTRAL', 'NEUTRAL', 'CLEAR', 'CLEAR', 'OPENING', 'BANCO_OFF')",106,15,15,100.000,ATTACK_STRONG,29.245,2.279679,9.7735
"('TANK', 'TANK', 'OFFENSIVE_ADV', 'SAFE', 'FULL', 'NORMAL', 'SLOWER', 'MEC_USED', 'CLEAN', 'CLEAN', 'NEUTRAL', 'NEUTRAL', 'CLEAR', 'CLEAR', 'OPENING', 'BANCO_OFF')",105,13,14,92.857,ATTACK_TECH,23.810,2.292708,9.9017
"('TANK', 'TANK', 'NEUTRAL', 'FULL', 'FULL', 'FIELD_THEIRS', 'FASTER', 'MEC_USED', 'CLEAN', 'CLEAN', 'NEUTRAL', 'NEUTRAL', 'CLEAR', 'CLEAR', 'OPENING', 'BANCO_AMBOS')",104,11,12,91.667,ATTACK_TECH,22.115,2.050846,7.7745
"('TANK', 'TANK', 'NEUTRAL', 'FULL', 'FULL', 'FIELD_OURS_OFF', 'SLOWER', 'MEC_USED', 'CLEAN', 'CLEAN', 'NEUTRAL', 'NEUTRAL', 'CLEAR', 'CLEAR', 'OPENING', 'BANCO_AMBOS')",104,10,10,100.000,ATTACK_TECH,34.615,1.817959,6.1593
"('TANK', 'TANK', 'NEUTRAL', 'FULL', 'SAFE', 'NORMAL', 'FASTER', 'MEC_USED', 'CLEAN', 'CLEAN', 'NEUTRAL', 'NEUTRAL', 'CLEAR', 'CLEAR', 'OPENING', 'BANCO_OFF')",102,13,14,92.857,ATTACK_PREDICTIVE,24.510,2.227532,9.2769
"('TANK', 'TANK', 'NEUTRAL', 'FULL', 'SAFE', 'NORMAL', 'SLOWER', 'MEC_USED', 'CLEAN', 'CLEAN', 'NEUTRAL', 'NEUTRAL', 'CLEAR', 'CLEAR', 'OPENING', 'BANCO_OFF')",101,14,14,100.000,ATTACK_TECH,16.832,2.382415,10.8310
"('SWEEPER', 'TANK', 'OFFENSIVE_ADV', 'FULL', 'FULL', 'FIELD_SHARED', 'FASTER', 'MEC_USED', 'CLEAN', 'CLEAN', 'NEUTRAL', 'NEUTRAL', 'CLEAR', 'CLEAR', 'OPENING', 'BANCO_OFF')",101,9,9,100.000,ATTACK_STRONG,22.772,1.925341,6.8575
"('TANK', 'TANK', 'NEUTRAL', 'FULL', 'FULL', 'FIELD_SHARED', 'SLOWER', 'MEC_USED', 'CLEAN', 'CLEAN', 'NEUTRAL', 'NEUTRAL', 'CLEAR', 'CLEAR', 'OPENING', 'BANCO_AMBOS')",101,14,14,100.000,ATTACK_STRONG,21.782,2.412781,11.1650
"('UTILITY', 'TANK', 'OFFENSIVE_ADV', 'FULL', 'FULL', 'NORMAL', 'FASTER', 'MEC_USED', 'CLEAN', 'CLEAN', 'NEUTRAL', 'NEUTRAL', 'CLEAR', 'CLEAR', 'OPENING', 'BANCO_AMBOS')",100,10,10,100.000,ATTACK_PREDICTIVE,33.000,1.933140,6.9112
"('TANK', 'TANK', 'OFFENSIVE_ADV', 'SAFE', 'FULL', 'NORMAL', 'FASTER', 'MEC_AVAIL', 'CLEAN', 'CLEAN', 'NEUTRAL', 'NEUTRAL', 'CLEAR', 'CLEAR', 'OPENING', 'BANCO_OFF')",100,17,18,94.444,HEAL,17.000,2.605644,13.5399
"('TANK', 'TANK', 'OFFENSIVE_DIS', 'FULL', 'FULL', 'FIELD_SHARED', 'SLOWER', 'MEC_USED', 'CLEAN', 'CLEAN', 'NEUTRAL', 'NEUTRAL', 'CLEAR', 'CLEAR', 'OPENING', 'BANCO_OFF')",99,12,14,85.714,ATTACK_PIVOT,30.303,2.199947,9.0245
"('TANK', 'TANK', 'OFFENSIVE_ADV', 'FULL', 'FULL', 'FIELD_SHARED', 'SLOWER', 'MEC_USED', 'CLEAN', 'CLEAN', 'NEUTRAL', 'NEUTRAL', 'CLEAR', 'CLEAR', 'OPENING', 'BANCO_AMBOS')",99,12,14,85.714,ATTACK_TECH,24.242,2.028958,7.6062
"('TANK', 'TANK', 'OFFENSIVE_DIS', 'FULL', 'FULL', 'NORMAL', 'SLOWER', 'MEC_USED', 'CLEAN', 'CLEAN', 'NEUTRAL', 'NEUTRAL', 'CLEAR', 'CLEAR', 'OPENING', 'BANCO_AMBOS')",99,14,14,100.000,STATUS,30.303,2.030265,7.6161
"('TANK', 'TANK', 'NEUTRAL', 'SAFE', 'SAFE', 'NORMAL', 'FASTER', 'MEC_USED', 'CLEAN', 'CLEAN', 'NEUTRAL', 'NEUTRAL', 'CLEAR', 'CLEAR', 'OPENING', 'BANCO_OFF')",99,13,13,100.000,HEAL,29.293,2.217845,9.1875
"('TANK', 'TANK', 'OFFENSIVE_DIS', 'FULL', 'FULL', 'FIELD_THEIRS', 'SLOWER', 'MEC_USED', 'CLEAN', 'CLEAN', 'NEUTRAL', 'NEUTRAL', 'CLEAR', 'CLEAR', 'OPENING', 'BANCO_OFF')",98,13,13,100.000,ATTACK_TECH,30.612,2.078196,7.9900
"('TANK', 'UTILITY', 'NEUTRAL', 'FULL', 'FULL', 'NORMAL', 'SLOWER', 'MEC_USED', 'CLEAN', 'CLEAN', 'NEUTRAL', 'NEUTRAL', 'CLEAR', 'CLEAR', 'OPENING', 'BANCO_OFF')",98,15,15,100.000,STATUS,14.286,2.465511,11.7695
"('TANK', 'TANK', 'DOMINANT', 'FULL', 'FULL', 'NORMAL', 'SLOWER', 'MEC_USED', 'CLEAN', 'CLEAN', 'NEUTRAL', 'NEUTRAL', 'CLEAR', 'CLEAR', 'OPENING', 'BANCO_AMBOS')",97,13,13,100.000,STATUS,23.711,2.152248,8.6042
"('SWEEPER', 'TANK', 'OFFENSIVE_ADV', 'FULL', 'FULL', 'NORMAL', 'FASTER', 'MEC_USED', 'CLEAN', 'CLEAN', 'NEUTRAL', 'DEBUFF', 'CLEAR', 'CLEAR', 'OPENING', 'BANCO_OFF')",97,9,9,100.000,ATTACK_STRONG,22.680,1.978916,7.2349
"('TANK', 'TANK', 'DOMINANT', 'FULL', 'FULL', 'FIELD_THEIRS', 'SLOWER', 'MEC_USED', 'CLEAN', 'CLEAN', 'NEUTRAL', 'NEUTRAL', 'CLEAR', 'CLEAR', 'OPENING', 'BANCO_OFF')",95,12,13,92.308,ATTACK_PREDICTIVE,15.789,2.391936,10.9346
"('TANK', 'TANK', 'VOLATILE', 'FULL', 'FULL', 'NORMAL', 'FASTER', 'MEC_USED', 'CLEAN', 'CLEAN', 'NEUTRAL', 'NEUTRAL', 'CLEAR', 'CLEAR', 'OPENING', 'BANCO_AMBOS')",95,11,12,91.667,ATTACK_TECH,23.158,2.178129,8.8298
"('TANK', 'TANK', 'OFFENSIVE_DIS', 'FULL', 'SAFE', 'NORMAL', 'FASTER', 'MEC_USED', 'CLEAN', 'CLEAN', 'NEUTRAL', 'NEUTRAL', 'CLEAR', 'CLEAR', 'OPENING', 'BANCO_OFF')",95,15,15,100.000,HEAL,26.316,2.397870,10.9997
"('TANK', 'TANK', 'NEUTRAL', 'SAFE', 'SAFE', 'NORMAL', 'SLOWER', 'MEC_USED', 'CLEAN', 'CLEAN', 'NEUTRAL', 'NEUTRAL', 'CLEAR', 'CLEAR', 'OPENING', 'BANCO_VAZIO')",95,12,13,92.308,HEAL,17.895,2.320301,10.1787
"('TANK', 'TANK', 'STALEMATE', 'CRIT', 'FULL', 'NORMAL', 'SLOWER', 'MEC_USED', 'AFFLICTED', 'AFFLICTED', 'DEBUFF', 'DEBUFF', 'SET', 'CLEAR', 'CLUTCH', 'BANCO_VAZIO')",95,3,3,100.000,STAT_CLEAN,65.263,0.858882,2.3605
"('TANK', 'TANK', 'CRITICAL_DIS', 'FULL', 'FULL', 'NORMAL', 'FASTER', 'MEC_USED', 'AFFLICTED', 'CLEAN', 'DEBUFF', 'NEUTRAL', 'SET', 'SET', 'CLUTCH', 'BANCO_VAZIO')",94,5,6,83.333,HAZARD,48.936,1.260188,3.5261
"('TANK', 'TANK', 'VOLATILE', 'FULL', 'FULL', 'FIELD_THEIRS', 'SLOWER', 'MEC_USED', 'CLEAN', 'CLEAN', 'NEUTRAL', 'NEUTRAL', 'CLEAR', 'CLEAR', 'OPENING', 'BANCO_AMBOS')",94,14,14,100.000,FIELD_CONTROL,28.723,2.172359,8.7790
"('TANK', 'TANK', 'OFFENSIVE_ADV', 'FULL', 'SAFE', 'FIELD_THEIRS', 'FASTER', 'MEC_USED', 'CLEAN', 'CLEAN', 'NEUTRAL', 'NEUTRAL', 'CLEAR', 'CLEAR', 'OPENING', 'BANCO_OFF')",93,13,13,100.000,ATTACK_PREDICTIVE,30.108,2.157057,8.6457
"('SWEEPER', 'TANK', 'OFFENSIVE_ADV', 'FULL', 'FULL', 'NORMAL', 'FASTER', 'MEC_USED', 'CLEAN', 'CLEAN', 'NEUTRAL', 'NEUTRAL', 'CLEAR', 'CLEAR', 'OPENING', 'BANCO_AMBOS')",93,7,7,100.000,ATTACK_STRONG,34.409,1.718735,5.5775
"('TANK', 'TANK', 'NEUTRAL', 'SAFE', 'FULL', 'NORMAL', 'SLOWER', 'MEC_USED', 'CLEAN', 'CLEAN', 'NEUTRAL', 'NEUTRAL', 'CLEAR', 'CLEAR', 'OPENING', 'BANCO_OFF')",93,14,15,93.333,HEAL,22.581,2.321319,10.1891
"('TANK', 'TANK', 'OFFENSIVE_DIS', 'FULL', 'FULL', 'NORMAL', 'FASTER', 'MEC_AVAIL', 'CLEAN', 'CLEAN', 'NEUTRAL', 'NEUTRAL', 'CLEAR', 'CLEAR', 'BRAWL', 'BANCO_OFF')",93,4,8,50.000,STATUS,45.161,1.032231,2.8073
"('TANK', 'TANK', 'CRITICAL_DIS', 'FULL', 'FULL', 'NORMAL', 'FASTER', 'MEC_USED', 'AFFLICTED', 'CLEAN', 'DEBUFF', 'NEUTRAL', 'SET', 'SET', 'RECOVERING', 'BANCO_VAZIO')",93,4,4,100.000,HAZARD,38.710,1.251144,3.4943
"('TANK', 'TANK', 'OFFENSIVE_DIS', 'SAFE', 'SAFE', 'NORMAL', 'SLOWER', 'MEC_USED', 'CLEAN', 'CLEAN', 'NEUTRAL', 'NEUTRAL', 'CLEAR', 'CLEAR', 'OPENING', 'BANCO_OFF')",92,14,14,100.000,ATTACK_PIVOT,23.913,2.290001,9.8749
"('TANK', 'TANK', 'DOMINANT', 'FULL', 'FULL', 'FIELD_THEIRS', 'SLOWER', 'MEC_USED', 'CLEAN', 'CLEAN', 'NEUTRAL', 'NEUTRAL', 'CLEAR', 'CLEAR', 'OPENING', 'BANCO_AMBOS')",92,12,12,100.000,ATTACK_PIVOT,19.565,2.253992,9.5257
"('TANK', 'TANK', 'OFFENSIVE_ADV', 'FULL', 'SAFE', 'NORMAL', 'SLOWER', 'MEC_USED', 'CLEAN', 'CLEAN', 'NEUTRAL', 'NEUTRAL', 'CLEAR', 'CLEAR', 'OPENING', 'BANCO_OFF')",91,14,14,100.000,ATTACK_TECH,23.077,2.377829,10.7815
"('UTILITY', 'TANK', 'DOMINANT', 'FULL', 'FULL', 'FIELD_THEIRS', 'FASTER', 'MEC_USED', 'CLEAN', 'CLEAN', 'NEUTRAL', 'NEUTRAL', 'CLEAR', 'CLEAR', 'OPENING', 'BANCO_OFF')",91,8,8,100.000,ATTACK_PREDICTIVE,24.176,1.798821,6.0425
"('TANK', 'SWEEPER', 'CRITICAL_DIS', 'FULL', 'FULL', 'FIELD_THEIRS', 'SLOWER', 'MEC_USED', 'CLEAN', 'CLEAN', 'NEUTRAL', 'NEUTRAL', 'CLEAR', 'CLEAR', 'OPENING', 'BANCO_AMBOS')",91,11,13,84.615,ATTACK_TECH,25.275,2.143451,8.5288
"('TANK', 'TANK', 'NEUTRAL', 'SAFE', 'FULL', 'NORMAL', 'FASTER', 'MEC_USED', 'CLEAN', 'CLEAN', 'NEUTRAL', 'NEUTRAL', 'SET', 'CLEAR', 'OPENING', 'BANCO_OFF')",91,16,16,100.000,CLEAN_HAZARD,19.780,2.451765,11.6088
"('SWEEPER', 'TANK', 'NEUTRAL', 'FULL', 'FULL', 'FIELD_SHARED', 'FASTER', 'MEC_USED', 'CLEAN', 'CLEAN', 'NEUTRAL', 'NEUTRAL', 'CLEAR', 'CLEAR', 'OPENING', 'BANCO_AMBOS')",90,9,10,90.000,SWITCH_OFFENSIVE,24.444,1.957843,7.0840
"('SWEEPER', 'TANK', 'DOMINANT', 'FULL', 'FULL', 'FIELD_THEIRS', 'FASTER', 'MEC_USED', 'CLEAN', 'CLEAN', 'NEUTRAL', 'NEUTRAL', 'CLEAR', 'CLEAR', 'OPENING', 'BANCO_AMBOS')",88,7,9,77.778,ATTACK_PREDICTIVE,69.318,1.087663,2.9673
"('TANK', 'TANK', 'NEUTRAL', 'FULL', 'FULL', 'FIELD_OURS_OFF', 'FASTER', 'MEC_USED', 'CLEAN', 'CLEAN', 'NEUTRAL', 'NEUTRAL', 'CLEAR', 'CLEAR', 'OPENING', 'BANCO_OFF')",88,12,12,100.000,ATTACK_PREDICTIVE,22.727,2.264432,9.6257
"('TANK', 'TANK', 'NEUTRAL', 'SAFE', 'SAFE', 'NORMAL', 'FASTER', 'MEC_USED', 'CLEAN', 'CLEAN', 'NEUTRAL', 'NEUTRAL', 'CLEAR', 'CLEAR', 'OPENING', 'BANCO_VAZIO')",88,14,14,100.000,HEAL,34.091,2.154583,8.6243
"('TANK', 'TANK', 'VOLATILE', 'FULL', 'FULL', 'NORMAL', 'FASTER', 'MEC_AVAIL', 'CLEAN', 'CLEAN', 'NEUTRAL', 'NEUTRAL', 'CLEAR', 'CLEAR', 'OPENING', 'BANCO_OFF')",87,19,20,95.000,ATTACK_STRONG,16.092,2.680892,14.5981
"('TANK', 'TANK', 'DOMINANT', 'FULL', 'FULL', 'FIELD_THEIRS', 'FASTER', 'MEC_USED', 'CLEAN', 'CLEAN', 'NEUTRAL', 'NEUTRAL', 'CLEAR', 'CLEAR', 'OPENING', 'BANCO_OFF')",87,11,13,84.615,ATTACK_TECH,18.391,2.200921,9.0333
"('TANK', 'TANK', 'DEFENSIVE_DIS', 'FULL', 'FULL', 'FIELD_OURS_OFF', 'FASTER', 'MEC_USED', 'CLEAN', 'CLEAN', 'NEUTRAL', 'NEUTRAL', 'CLEAR', 'CLEAR', 'OPENING', 'BANCO_AMBOS')",87,11,12,91.667,ATTACK_PIVOT,27.586,1.989328,7.3106
"('SWEEPER', 'TANK', 'DEFENSIVE_DIS', 'FULL', 'FULL', 'NORMAL', 'FASTER', 'MEC_USED', 'CLEAN', 'CLEAN', 'NEUTRAL', 'NEUTRAL', 'CLEAR', 'CLEAR', 'OPENING', 'BANCO_AMBOS')",86,10,10,100.000,SWITCH_OFFENSIVE,48.837,1.527972,4.6088
"('TANK', 'TANK', 'DEFENSIVE_DIS', 'FULL', 'FULL', 'FIELD_OURS_DEF', 'FASTER', 'MEC_USED', 'CLEAN', 'CLEAN', 'NEUTRAL', 'NEUTRAL', 'CLEAR', 'CLEAR', 'OPENING', 'BANCO_AMBOS')",86,8,9,88.889,SWITCH_OFFENSIVE,31.395,1.731217,5.6475
"('TANK', 'TANK', 'VOLATILE', 'FULL', 'FULL', 'FIELD_SHARED', 'FASTER', 'MEC_USED', 'CLEAN', 'CLEAN', 'NEUTRAL', 'NEUTRAL', 'CLEAR', 'CLEAR', 'OPENING', 'BANCO_AMBOS')",86,12,12,100.000,ATTACK_STRONG,33.721,2.075745,7.9705
"('TANK', 'TANK', 'VOLATILE', 'SAFE', 'FULL', 'NORMAL', 'FASTER', 'MEC_USED', 'CLEAN', 'CLEAN', 'NEUTRAL', 'NEUTRAL', 'CLEAR', 'CLEAR', 'OPENING', 'BANCO_OFF')",86,10,10,100.000,HEAL,46.512,1.772162,5.8836
"('TANK', 'TANK', 'NEUTRAL', 'SAFE', 'FULL', 'FIELD_SHARED', 'SLOWER', 'MEC_USED', 'CLEAN', 'CLEAN', 'NEUTRAL', 'NEUTRAL', 'CLEAR', 'CLEAR', 'OPENING', 'BANCO_OFF')",86,14,14,100.000,ATTACK_PREDICTIVE,13.953,2.438901,11.4604
"('TANK', 'TANK', 'DOMINANT', 'FULL', 'FULL', 'FIELD_SHARED', 'SLOWER', 'MEC_USED', 'CLEAN', 'CLEAN', 'NEUTRAL', 'NEUTRAL', 'CLEAR', 'CLEAR', 'OPENING', 'BANCO_AMBOS')",84,11,11,100.000,ATTACK_STRONG,40.476,1.996657,7.3644
"('SWEEPER', 'TANK', 'OFFENSIVE_ADV', 'FULL', 'FULL', 'FIELD_OURS_OFF', 'FASTER', 'MEC_USED', 'CLEAN', 'CLEAN', 'NEUTRAL', 'NEUTRAL', 'CLEAR', 'CLEAR', 'OPENING', 'BANCO_AMBOS')",84,7,7,100.000,ATTACK_TECH,22.619,1.818215,6.1608
"('TANK', 'TANK', 'DEFENSIVE_DIS', 'FULL', 'FULL', 'NORMAL', 'SLOWER', 'MEC_USED', 'CLEAN', 'CLEAN', 'NEUTRAL', 'NEUTRAL', 'CLEAR', 'CLEAR', 'OPENING', 'BANCO_OFF')",84,14,14,100.000,ATTACK_STRONG,17.857,2.397061,10.9908
"('TANK', 'TANK', 'OFFENSIVE_ADV', 'FULL', 'FULL', 'FIELD_THEIRS', 'FASTER', 'MEC_USED', 'CLEAN', 'CLEAN', 'NEUTRAL', 'NEUTRAL', 'CLEAR', 'CLEAR', 'OPENING', 'BANCO_AMBOS')",83,12,12,100.000,SWITCH_DEFENSIVE,21.687,2.217667,9.1859
"('TANK', 'TANK', 'DEFENSIVE_DIS', 'FULL', 'FULL', 'FIELD_SHARED', 'SLOWER', 'MEC_USED', 'CLEAN', 'CLEAN', 'NEUTRAL', 'NEUTRAL', 'CLEAR', 'CLEAR', 'OPENING', 'BANCO_AMBOS')",83,12,12,100.000,SWITCH_OFFENSIVE,31.325,2.136025,8.4657
"('TANK', 'TANK', 'OFFENSIVE_ADV', 'FULL', 'FULL', 'NORMAL', 'FASTER', 'MEC_USED', 'AFFLICTED', 'CLEAN', 'NEUTRAL', 'BUFFED', 'SET', 'CLEAR', 'CLUTCH', 'BANCO_VAZIO')",81,4,4,100.000,CLEAN_HAZARD,91.358,0.387421,1.4732
"('TANK', 'TANK', 'NEUTRAL', 'FULL', 'SAFE', 'NORMAL', 'SLOWER', 'MEC_USED', 'CLEAN', 'CLEAN', 'NEUTRAL', 'NEUTRAL', 'CLEAR', 'CLEAR', 'OPENING', 'BANCO_VAZIO')",81,13,13,100.000,ATTACK_STRONG,16.049,2.407130,11.1021
"('TANK', 'TANK', 'OFFENSIVE_DIS', 'FULL', 'FULL', 'NORMAL', 'FASTER', 'MEC_USED', 'CLEAN', 'CLEAN', 'NEUTRAL', 'NEUTRAL', 'SET', 'CLEAR', 'OPENING', 'BANCO_OFF')",81,14,15,93.333,HEAL,32.099,2.003973,7.4185
"('TANK', 'TANK', 'OFFENSIVE_ADV', 'SAFE', 'FULL', 'NORMAL', 'FASTER', 'MEC_USED', 'CLEAN', 'CLEAN', 'NEUTRAL', 'NEUTRAL', 'SET', 'CLEAR', 'OPENING', 'BANCO_OFF')",81,12,13,92.308,CLEAN_HAZARD,22.222,2.252454,9.5110
"('TANK', 'SWEEPER', 'NEUTRAL', 'FULL', 'FULL', 'NORMAL', 'SLOWER', 'MEC_USED', 'CLEAN', 'CLEAN', 'NEUTRAL', 'NEUTRAL', 'CLEAR', 'CLEAR', 'OPENING', 'BANCO_AMBOS')",80,12,14,85.714,SWITCH_DEFENSIVE,38.750,1.934348,6.9195
"('TANK', 'SWEEPER', 'OFFENSIVE_DIS', 'FULL', 'FULL', 'NORMAL', 'SLOWER', 'MEC_USED', 'CLEAN', 'CLEAN', 'NEUTRAL', 'NEUTRAL', 'CLEAR', 'CLEAR', 'OPENING', 'BANCO_OFF')",79,14,14,100.000,ATTACK_TECH,21.519,2.212973,9.1429
"('TANK', 'SWEEPER', 'NEUTRAL', 'FULL', 'FULL', 'FIELD_SHARED', 'SLOWER', 'MEC_USED', 'CLEAN', 'CLEAN', 'NEUTRAL', 'NEUTRAL', 'CLEAR', 'CLEAR', 'OPENING', 'BANCO_AMBOS')",79,11,11,100.000,ATTACK_PREDICTIVE,24.051,2.051233,7.7775
"('TANK', 'TANK', 'VOLATILE', 'FULL', 'FULL', 'FIELD_SHARED', 'FASTER', 'MEC_USED', 'CLEAN', 'CLEAN', 'NEUTRAL', 'NEUTRAL', 'CLEAR', 'CLEAR', 'OPENING', 'BANCO_OFF')",78,12,13,92.308,ATTACK_STRONG,24.359,2.212143,9.1353
"('TANK', 'TANK', 'NEUTRAL', 'FULL', 'FULL', 'NORMAL', 'SLOWER', 'MEC_AVAIL', 'CLEAN', 'CLEAN', 'NEUTRAL', 'NEUTRAL', 'CLEAR', 'CLEAR', 'OPENING', 'BANCO_OFF')",77,18,20,90.000,FIELD_CONTROL,15.584,2.642149,14.0433
"('TANK', 'TANK', 'VOLATILE', 'FULL', 'FULL', 'FIELD_THEIRS', 'SLOWER', 'MEC_USED', 'CLEAN', 'CLEAN', 'NEUTRAL', 'NEUTRAL', 'CLEAR', 'CLEAR', 'OPENING', 'BANCO_OFF')",77,13,15,86.667,ATTACK_STRONG,25.974,2.147409,8.5626
"('TANK', 'SWEEPER', 'OFFENSIVE_ADV', 'SAFE', 'FULL', 'NORMAL', 'SLOWER', 'MEC_USED', 'CLEAN', 'CLEAN', 'NEUTRAL', 'NEUTRAL', 'CLEAR', 'CLEAR', 'OPENING', 'BANCO_OFF')",77,15,15,100.000,ATTACK_PIVOT,25.974,2.392044,10.9358
"('TANK', 'TANK', 'OFFENSIVE_ADV', 'SAFE', 'SAFE', 'NORMAL', 'SLOWER', 'MEC_USED', 'CLEAN', 'CLEAN', 'NEUTRAL', 'NEUTRAL', 'CLEAR', 'CLEAR', 'OPENING', 'BANCO_OFF')",77,13,14,92.857,STATUS,15.584,2.356401,10.5529
"('TANK', 'TANK', 'OFFENSIVE_DIS', 'FULL', 'FULL', 'FIELD_THEIRS', 'FASTER', 'MEC_USED', 'CLEAN', 'CLEAN', 'NEUTRAL', 'NEUTRAL', 'CLEAR', 'CLEAR', 'OPENING', 'BANCO_AMBOS')",76,12,13,92.308,ATTACK_TECH,28.947,2.074286,7.9589
"('TANK', 'SWEEPER', 'NEUTRAL', 'FULL', 'FULL', 'FIELD_OURS_OFF', 'SLOWER', 'MEC_USED', 'CLEAN', 'CLEAN', 'NEUTRAL', 'NEUTRAL', 'CLEAR', 'CLEAR', 'OPENING', 'BANCO_AMBOS')",76,12,12,100.000,ATTACK_TECH,17.105,2.340735,10.3889
"('SWEEPER', 'TANK', 'NEUTRAL', 'FULL', 'FULL', 'NORMAL', 'FASTER', 'MEC_USED', 'CLEAN', 'CLEAN', 'NEUTRAL', 'DEBUFF', 'CLEAR', 'CLEAR', 'OPENING', 'BANCO_AMBOS')",76,6,7,85.714,ATTACK_PREDICTIVE,47.368,1.511384,4.5330
"('SWEEPER', 'TANK', 'OFFENSIVE_ADV', 'FULL', 'FULL', 'FIELD_SHARED', 'FASTER', 'MEC_USED', 'CLEAN', 'CLEAN', 'NEUTRAL', 'NEUTRAL', 'CLEAR', 'CLEAR', 'OPENING', 'BANCO_AMBOS')",76,8,8,100.000,SWITCH_DEFENSIVE,28.947,1.816960,6.1531
"('TANK', 'TANK', 'DEFENSIVE_DIS', 'FULL', 'FULL', 'FIELD_OURS_DEF', 'FASTER', 'MEC_AVAIL', 'CLEAN', 'CLEAN', 'NEUTRAL', 'NEUTRAL', 'CLEAR', 'CLEAR', 'OPENING', 'BANCO_AMBOS')",76,12,12,100.000,SWITCH_OFFENSIVE,23.684,2.262024,9.6025
"('TANK', 'TANK', 'VOLATILE', 'FULL', 'SAFE', 'NORMAL', 'FASTER', 'MEC_USED', 'CLEAN', 'CLEAN', 'NEUTRAL', 'NEUTRAL', 'CLEAR', 'CLEAR', 'OPENING', 'BANCO_OFF')",76,13,14,92.857,SWITCH_DEFENSIVE,17.105,2.337570,10.3560
"('TANK', 'TANK', 'NEUTRAL', 'FULL', 'SAFE', 'NORMAL', 'SLOWER', 'MEC_USED', 'CLEAN', 'CLEAN', 'NEUTRAL', 'NEUTRAL', 'CLEAR', 'SET', 'RECOVERING', 'BANCO_VAZIO')",76,12,13,92.308,STAT_CLEAN,36.842,1.974751,7.2048
"('TANK', 'UTILITY', 'OFFENSIVE_ADV', 'FULL', 'FULL', 'NORMAL', 'SLOWER', 'MEC_USED', 'CLEAN', 'CLEAN', 'NEUTRAL', 'NEUTRAL', 'CLEAR', 'CLEAR', 'OPENING', 'BANCO_AMBOS')",75,10,12,83.333,ATTACK_PREDICTIVE,68.000,1.268353,3.5550
"('TANK', 'TANK', 'OFFENSIVE_DIS', 'FULL', 'FULL', 'NORMAL', 'FASTER', 'MEC_USED', 'AFFLICTED', 'CLEAN', 'NEUTRAL', 'NEUTRAL', 'CLEAR', 'CLEAR', 'CLUTCH', 'BANCO_VAZIO')",75,5,6,83.333,CLEAN_HAZARD,36.000,1.323202,3.7554
"('TANK', 'TANK', 'STALEMATE', 'FULL', 'FULL', 'NORMAL', 'SLOWER', 'MEC_USED', 'CLEAN', 'CLEAN', 'NEUTRAL', 'NEUTRAL', 'CLEAR', 'SET', 'RECOVERING', 'BANCO_VAZIO')",74,11,13,84.615,PROTECT,71.622,1.201862,3.3263
"('SWEEPER', 'UTILITY', 'OFFENSIVE_ADV', 'FULL', 'FULL', 'NORMAL', 'FASTER', 'MEC_USED', 'CLEAN', 'CLEAN', 'NEUTRAL', 'NEUTRAL', 'CLEAR', 'CLEAR', 'OPENING', 'BANCO_OFF')",74,9,9,100.000,ATTACK_PIVOT,27.027,1.918873,6.8133
"('TANK', 'TANK', 'DEFENSIVE_DIS', 'SAFE', 'FULL', 'NORMAL', 'FASTER', 'MEC_USED', 'CLEAN', 'CLEAN', 'NEUTRAL', 'NEUTRAL', 'CLEAR', 'CLEAR', 'OPENING', 'BANCO_OFF')",74,14,14,100.000,HEAL,16.216,2.444523,11.5250
"('TANK', 'TANK', 'OFFENSIVE_ADV', 'FULL', 'FULL', 'NORMAL', 'FASTER', 'MEC_USED', 'CLEAN', 'CLEAN', 'NEUTRAL', 'NEUTRAL', 'CLEAR', 'CLEAR', 'BRAWL', 'BANCO_OFF')",73,10,13,76.923,ATTACK_PREDICTIVE,26.027,2.121778,8.3460
"('TANK', 'TANK', 'OFFENSIVE_ADV', 'FULL', 'FULL', 'NORMAL', 'FASTER', 'MEC_USED', 'CLEAN', 'CLEAN', 'NEUTRAL', 'NEUTRAL', 'CLEAR', 'CLEAR', 'OPENING', 'BANCO_VAZIO')",73,10,11,90.909,ATTACK_STRONG,31.507,1.944020,6.9868
"('TANK', 'TANK', 'NEUTRAL', 'SAFE', 'FULL', 'NORMAL', 'FASTER', 'MEC_USED', 'CLEAN', 'CLEAN', 'NEUTRAL', 'NEUTRAL', 'CLEAR', 'CLEAR', 'OPENING', 'BANCO_AMBOS')",73,16,16,100.000,SWITCH_OFFENSIVE,35.616,2.197247,9.0002
"('TANK', 'TANK', 'DEFENSIVE_ADV', 'FULL', 'FULL', 'NORMAL', 'SLOWER', 'MEC_USED', 'CLEAN', 'CLEAN', 'NEUTRAL', 'NEUTRAL', 'CLEAR', 'CLEAR', 'OPENING', 'BANCO_OFF')",73,13,14,92.857,SWITCH_DEFENSIVE,20.548,2.301342,9.9876
"('TANK', 'SWEEPER', 'DEFENSIVE_DIS', 'FULL', 'FULL', 'NORMAL', 'SLOWER', 'MEC_USED', 'CLEAN', 'CLEAN', 'NEUTRAL', 'NEUTRAL', 'CLEAR', 'CLEAR', 'OPENING', 'BANCO_AMBOS')",72,13,14,92.857,ATTACK_TECH,26.389,2.249604,9.4840
"('TANK', 'TANK', 'DOMINANT', 'FULL', 'FULL', 'NORMAL', 'FASTER', 'MEC_AVAIL', 'CLEAN', 'CLEAN', 'NEUTRAL', 'NEUTRAL', 'CLEAR', 'CLEAR', 'OPENING', 'BANCO_AMBOS')",72,14,14,100.000,BUFF,23.611,2.336981,10.3499
"('TANK', 'TANK', 'OFFENSIVE_DIS', 'FULL', 'SAFE', 'NORMAL', 'SLOWER', 'MEC_USED', 'CLEAN', 'CLEAN', 'NEUTRAL', 'NEUTRAL', 'CLEAR', 'CLEAR', 'OPENING', 'BANCO_OFF')",71,14,15,93.333,SWITCH_OFFENSIVE,21.127,2.342884,10.4112
"('UTILITY', 'TANK', 'DEFENSIVE_DIS', 'FULL', 'FULL', 'NORMAL', 'FASTER', 'MEC_USED', 'CLEAN', 'CLEAN', 'NEUTRAL', 'NEUTRAL', 'CLEAR', 'CLEAR', 'OPENING', 'BANCO_OFF')",70,9,9,100.000,ATTACK_PREDICTIVE,18.571,2.047243,7.7465
"('TANK', 'TANK', 'OFFENSIVE_ADV', 'SAFE', 'FULL', 'FIELD_SHARED', 'SLOWER', 'MEC_USED', 'CLEAN', 'CLEAN', 'NEUTRAL', 'NEUTRAL', 'CLEAR', 'CLEAR', 'OPENING', 'BANCO_OFF')",70,13,13,100.000,ATTACK_STRONG,32.857,2.228723,9.2880
"('TANK', 'TANK', 'CRITICAL_DIS', 'FULL', 'FULL', 'FIELD_THEIRS', 'FASTER', 'MEC_USED', 'CLEAN', 'CLEAN', 'NEUTRAL', 'NEUTRAL', 'CLEAR', 'CLEAR', 'OPENING', 'BANCO_OFF')",70,13,13,100.000,SWITCH_DEFENSIVE,34.286,2.152411,8.6056
"('TANK', 'TANK', 'DEFENSIVE_DIS', 'SAFE', 'FULL', 'NORMAL', 'FASTER', 'MEC_USED', 'CLEAN', 'CLEAN', 'NEUTRAL', 'NEUTRAL', 'CLEAR', 'CLEAR', 'OPENING', 'BANCO_AMBOS')",69,11,12,91.667,SWITCH_DEFENSIVE,30.435,2.055215,7.8085
"('TANK', 'TANK', 'DEFENSIVE_ADV', 'FULL', 'FULL', 'FIELD_SHARED', 'FASTER', 'MEC_USED', 'CLEAN', 'CLEAN', 'NEUTRAL', 'NEUTRAL', 'CLEAR', 'CLEAR', 'OPENING', 'BANCO_AMBOS')",69,10,11,90.909,SWITCH_OFFENSIVE,21.739,2.039394,7.6860
"('TANK', 'TANK', 'VOLATILE', 'FULL', 'FULL', 'FIELD_THEIRS', 'FASTER', 'MEC_AVAIL', 'CLEAN', 'CLEAN', 'NEUTRAL', 'NEUTRAL', 'CLEAR', 'CLEAR', 'OPENING', 'BANCO_OFF')",69,11,11,100.000,ATTACK_STRONG_MEC,17.391,2.268374,9.6637
"('TANK', 'TANK', 'DOMINANT', 'FULL', 'FULL', 'FIELD_THEIRS', 'FASTER', 'MEC_AVAIL', 'CLEAN', 'CLEAN', 'NEUTRAL', 'NEUTRAL', 'CLEAR', 'CLEAR', 'OPENING', 'BANCO_AMBOS')",69,15,18,83.333,ATTACK_PREDICTIVE_MEC,36.232,2.168506,8.7452
"('SWEEPER', 'TANK', 'NEUTRAL', 'FULL', 'FULL', 'FIELD_OURS_OFF', 'FASTER', 'MEC_USED', 'CLEAN', 'CLEAN', 'NEUTRAL', 'NEUTRAL', 'CLEAR', 'CLEAR', 'OPENING', 'BANCO_AMBOS')",69,8,9,88.889,ATTACK_STRONG,36.232,1.721414,5.5924
"('TANK', 'UTILITY', 'OFFENSIVE_DIS', 'FULL', 'FULL', 'NORMAL', 'SLOWER', 'MEC_USED', 'CLEAN', 'CLEAN', 'NEUTRAL', 'NEUTRAL', 'CLEAR', 'CLEAR', 'OPENING', 'BANCO_AMBOS')",69,9,13,69.231,ATTACK_TECH,30.435,1.885246,6.5880
"('TANK', 'TANK', 'DEFENSIVE_DIS', 'FULL', 'FULL', 'FIELD_SHARED', 'FASTER', 'MEC_USED', 'CLEAN', 'CLEAN', 'NEUTRAL', 'NEUTRAL', 'CLEAR', 'CLEAR', 'OPENING', 'BANCO_OFF')",69,11,11,100.000,SWITCH_DEFENSIVE,17.391,2.186394,8.9031
"('TANK', 'TANK', 'VOLATILE', 'FULL', 'FULL', 'FIELD_OURS_OFF', 'FASTER', 'MEC_USED', 'CLEAN', 'CLEAN', 'NEUTRAL', 'NEUTRAL', 'CLEAR', 'CLEAR', 'OPENING', 'BANCO_OFF')",69,8,9,88.889,ATTACK_STRONG,55.072,1.552137,4.7215
"('TANK', 'TANK', 'NEUTRAL', 'SAFE', 'SAFE', 'NORMAL', 'SLOWER', 'MEC_USED', 'CLEAN', 'CLEAN', 'NEUTRAL', 'NEUTRAL', 'SET', 'CLEAR', 'OPENING', 'BANCO_OFF')",69,15,15,100.000,ATTACK_TECH,20.290,2.463521,11.7461
"('TANK', 'TANK', 'NEUTRAL', 'FULL', 'SAFE', 'NORMAL', 'FASTER', 'MEC_USED', 'CLEAN', 'CLEAN', 'NEUTRAL', 'NEUTRAL', 'CLEAR', 'CLEAR', 'OPENING', 'BANCO_AMBOS')",69,9,13,69.231,SWITCH_OFFENSIVE,72.464,1.017833,2.7672
"('TANK', 'TANK', 'NEUTRAL', 'FULL', 'FULL', 'NORMAL', 'SLOWER', 'MEC_USED', 'CLEAN', 'CLEAN', 'NEUTRAL', 'NEUTRAL', 'SET', 'SET', 'RECOVERING', 'BANCO_VAZIO')",69,11,13,84.615,STAT_CLEAN,26.087,1.824142,6.1975
"('UTILITY', 'TANK', 'DOMINANT', 'FULL', 'FULL', 'NORMAL', 'FASTER', 'MEC_USED', 'CLEAN', 'CLEAN', 'NEUTRAL', 'NEUTRAL', 'CLEAR', 'CLEAR', 'OPENING', 'BANCO_OFF')",68,8,8,100.000,ATTACK_STRONG,33.824,1.870733,6.4931
"('TANK', 'TANK', 'NEUTRAL', 'FULL', 'FULL', 'FIELD_THEIRS', 'SLOWER', 'MEC_USED', 'CLEAN', 'CLEAN', 'NEUTRAL', 'NEUTRAL', 'CLEAR', 'CLEAR', 'OPENING', 'BANCO_VAZIO')",68,13,14,92.857,ATTACK_TECH,20.588,2.257796,9.5620
"('TANK', 'TANK', 'OFFENSIVE_DIS', 'SAFE', 'SAFE', 'NORMAL', 'FASTER', 'MEC_USED', 'CLEAN', 'CLEAN', 'NEUTRAL', 'NEUTRAL', 'CLEAR', 'CLEAR', 'OPENING', 'BANCO_OFF')",68,14,14,100.000,ATTACK_TECH,22.059,2.223686,9.2413
"('TANK', 'TANK', 'CRITICAL_DIS', 'FULL', 'SAFE', 'NORMAL', 'FASTER', 'MEC_USED', 'AFFLICTED', 'CLEAN', 'NEUTRAL', 'NEUTRAL', 'SET', 'SET', 'CLUTCH', 'BANCO_VAZIO')",68,5,6,83.333,STATUS,47.059,1.297014,3.6584
"('TANK', 'TANK', 'DEFENSIVE_DIS', 'FULL', 'FULL', 'NORMAL', 'FASTER', 'MEC_USED', 'CLEAN', 'CLEAN', 'NEUTRAL', 'NEUTRAL', 'CLEAR', 'CLEAR', 'OPENING', 'BANCO_VAZIO')",68,11,13,84.615,ATTACK_STRONG,22.059,2.106554,8.2199
"('SWEEPER', 'TANK', 'DOMINANT', 'FULL', 'FULL', 'FIELD_OURS_OFF', 'FASTER', 'MEC_USED', 'CLEAN', 'CLEAN', 'NEUTRAL', 'NEUTRAL', 'CLEAR', 'CLEAR', 'OPENING', 'BANCO_OFF')",67,8,9,88.889,SWITCH_OFFENSIVE,26.866,1.773600,5.8920
"('TANK', 'TANK', 'OFFENSIVE_DIS', 'SAFE', 'FULL', 'NORMAL', 'SLOWER', 'MEC_USED', 'CLEAN', 'CLEAN', 'NEUTRAL', 'NEUTRAL', 'CLEAR', 'CLEAR', 'OPENING', 'BANCO_OFF')",67,14,14,100.000,STAT_CLEAN,14.925,2.421796,11.2661
"('TANK', 'TANK', 'NEUTRAL', 'FULL', 'FULL', 'FIELD_SHARED', 'SLOWER', 'MEC_USED', 'CLEAN', 'CLEAN', 'NEUTRAL', 'NEUTRAL', 'CLEAR', 'CLEAR', 'OPENING', 'BANCO_VAZIO')",66,14,15,93.333,STATUS,18.182,2.296225,9.9366
"('TANK', 'TANK', 'NEUTRAL', 'SAFE', 'SAFE', 'FIELD_SHARED', 'FASTER', 'MEC_USED', 'CLEAN', 'CLEAN', 'NEUTRAL', 'NEUTRAL', 'CLEAR', 'CLEAR', 'OPENING', 'BANCO_OFF')",66,13,13,100.000,HEAL,25.758,2.350854,10.4945
"('TANK', 'TANK', 'DEFENSIVE_DIS', 'SAFE', 'FULL', 'FIELD_THEIRS', 'FASTER', 'MEC_USED', 'CLEAN', 'CLEAN', 'NEUTRAL', 'NEUTRAL', 'CLEAR', 'CLEAR', 'OPENING', 'BANCO_OFF')",66,9,9,100.000,ATTACK_STRONG,24.242,2.006113,7.4344
"('TANK', 'TANK', 'OFFENSIVE_DIS', 'FULL', 'FULL', 'NORMAL', 'SLOWER', 'MEC_USED', 'CLEAN', 'CLEAN', 'NEUTRAL', 'NEUTRAL', 'CLEAR', 'CLEAR', 'OPENING', 'BANCO_VAZIO')",66,13,14,92.857,ATTACK_TECH,16.667,2.343808,10.4208
"('TANK', 'TANK', 'VOLATILE', 'FULL', 'FULL', 'FIELD_THEIRS', 'FASTER', 'MEC_USED', 'CLEAN', 'CLEAN', 'NEUTRAL', 'NEUTRAL', 'CLEAR', 'CLEAR', 'OPENING', 'BANCO_AMBOS')",65,11,11,100.000,SWITCH_DEFENSIVE,44.615,1.893218,6.6407
"('TANK', 'TANK', 'NEUTRAL', 'FULL', 'SAFE', 'NORMAL', 'FASTER', 'MEC_USED', 'CLEAN', 'CLEAN', 'NEUTRAL', 'NEUTRAL', 'CLEAR', 'CLEAR', 'OPENING', 'BANCO_VAZIO')",65,14,14,100.000,ATTACK_TECH,23.077,2.270520,9.6844
"('TANK', 'TANK', 'DOMINANT', 'FULL', 'FULL', 'NORMAL', 'FASTER', 'MEC_USED', 'CLEAN', 'CLEAN', 'NEUTRAL', 'NEUTRAL', 'CLEAR', 'CLEAR', 'OPENING', 'BANCO_VAZIO')",65,12,13,92.308,ATTACK_STRONG,23.077,2.292942,9.9040
"('TANK', 'TANK', 'OFFENSIVE_DIS', 'FULL', 'FULL', 'NORMAL', 'FASTER', 'MEC_USED', 'CLEAN', 'CLEAN', 'NEUTRAL', 'NEUTRAL', 'SET', 'SET', 'CLUTCH', 'BANCO_VAZIO')",65,5,9,55.556,STATUS,73.846,0.910259,2.4850
"('TANK', 'TANK', 'CRITICAL_DIS', 'FULL', 'FULL', 'FIELD_THEIRS', 'FASTER', 'MEC_USED', 'CLEAN', 'CLEAN', 'NEUTRAL', 'NEUTRAL', 'CLEAR', 'CLEAR', 'OPENING', 'BANCO_VAZIO')",64,10,10,100.000,BARRIER,20.312,2.078858,7.9953
"('TANK', 'SWEEPER', 'OFFENSIVE_ADV', 'FULL', 'FULL', 'FIELD_SHARED', 'SLOWER', 'MEC_USED', 'CLEAN', 'CLEAN', 'NEUTRAL', 'NEUTRAL', 'CLEAR', 'CLEAR', 'OPENING', 'BANCO_OFF')",64,13,13,100.000,SWITCH_DEFENSIVE,23.438,2.226629,9.2686
"('TANK', 'SWEEPER', 'DEFENSIVE_DIS', 'FULL', 'FULL', 'FIELD_OURS_DEF', 'SLOWER', 'MEC_USED', 'CLEAN', 'CLEAN', 'NEUTRAL', 'NEUTRAL', 'CLEAR', 'CLEAR', 'OPENING', 'BANCO_OFF')",64,6,7,85.714,ATTACK_STRONG,64.062,1.085584,2.9612
"('TANK', 'TANK', 'DEFENSIVE_DIS', 'DANGER', 'DANGER', 'NORMAL', 'FASTER', 'MEC_USED', 'CLEAN', 'CLEAN', 'NEUTRAL', 'NEUTRAL', 'SET', 'CLEAR', 'RECOVERING', 'BANCO_VAZIO')",64,6,8,75.000,SWITCH_DEFENSIVE,90.625,0.457446,1.5800
"('TANK', 'SWEEPER', 'OFFENSIVE_DIS', 'FULL', 'FULL', 'FIELD_SHARED', 'SLOWER', 'MEC_USED', 'CLEAN', 'CLEAN', 'NEUTRAL', 'NEUTRAL', 'CLEAR', 'CLEAR', 'OPENING', 'BANCO_OFF')",64,12,14,85.714,ATTACK_TECH,34.375,1.963438,7.1238
"('TANK', 'TANK', 'DEFENSIVE_DIS', 'FULL', 'FULL', 'FIELD_OURS_DEF', 'SLOWER', 'MEC_USED', 'CLEAN', 'CLEAN', 'NEUTRAL', 'NEUTRAL', 'CLEAR', 'CLEAR', 'OPENING', 'BANCO_OFF')",63,6,7,85.714,ATTACK_STRONG,39.683,1.515499,4.5517
"('TANK', 'TANK', 'DEFENSIVE_DIS', 'FULL', 'FULL', 'FIELD_OURS_DEF', 'FASTER', 'MEC_USED', 'CLEAN', 'CLEAN', 'NEUTRAL', 'NEUTRAL', 'CLEAR', 'CLEAR', 'OPENING', 'BANCO_OFF')",63,10,12,83.333,SWITCH_OFFENSIVE,22.222,2.100051,8.1666
"('TANK', 'UTILITY', 'OFFENSIVE_ADV', 'FULL', 'FULL', 'NORMAL', 'SLOWER', 'MEC_USED', 'CLEAN', 'CLEAN', 'NEUTRAL', 'NEUTRAL', 'CLEAR', 'CLEAR', 'OPENING', 'BANCO_OFF')",63,11,11,100.000,ATTACK_PIVOT,17.460,2.298271,9.9570
"('TANK', 'TANK', 'OFFENSIVE_DIS', 'FULL', 'FULL', 'FIELD_THEIRS', 'FASTER', 'MEC_USED', 'CLEAN', 'CLEAN', 'NEUTRAL', 'NEUTRAL', 'CLEAR', 'CLEAR', 'OPENING', 'BANCO_OFF')",63,10,14,71.429,ATTACK_TECH,30.159,2.040431,7.6939
"('TANK', 'TANK', 'DEFENSIVE_DIS', 'FULL', 'FULL', 'FIELD_THEIRS', 'SLOWER', 'MEC_USED', 'CLEAN', 'CLEAN', 'NEUTRAL', 'NEUTRAL', 'CLEAR', 'CLEAR', 'OPENING', 'BANCO_AMBOS')",63,12,14,85.714,HEAL,20.635,2.265574,9.6367
"('TANK', 'SWEEPER', 'NEUTRAL', 'FULL', 'FULL', 'NORMAL', 'SLOWER', 'MEC_USED', 'CLEAN', 'CLEAN', 'NEUTRAL', 'NEUTRAL', 'CLEAR', 'CLEAR', 'OPENING', 'BANCO_OFF')",63,13,13,100.000,STATUS,20.635,2.311266,10.0872
"('TANK', 'TANK', 'DEFENSIVE_DIS', 'FULL', 'FULL', 'NORMAL', 'FASTER', 'MEC_USED', 'AFFLICTED', 'CLEAN', 'NEUTRAL', 'NEUTRAL', 'CLEAR', 'CLEAR', 'CLUTCH', 'BANCO_VAZIO')",63,4,8,50.000,CLEAN_HAZARD,60.317,0.968305,2.6335
"('TANK', 'TANK', 'DEFENSIVE_DIS', 'FULL', 'FULL', 'FIELD_OURS_OFF', 'FASTER', 'MEC_USED', 'CLEAN', 'CLEAN', 'NEUTRAL', 'NEUTRAL', 'CLEAR', 'CLEAR', 'OPENING', 'BANCO_OFF')",63,11,11,100.000,ATTACK_PREDICTIVE,30.159,1.930838,6.8953
"('TANK', 'TANK', 'NEUTRAL', 'SAFE', 'FULL', 'NORMAL', 'FASTER', 'MEC_USED', 'AFFLICTED', 'CLEAN', 'NEUTRAL', 'NEUTRAL', 'CLEAR', 'CLEAR', 'CLUTCH', 'BANCO_VAZIO')",62,7,8,87.500,ATTACK_STRONG,41.935,1.543683,4.6818
"('TANK', 'TANK', 'OFFENSIVE_ADV', 'FULL', 'FULL', 'NORMAL', 'SLOWER', 'MEC_USED', 'CLEAN', 'CLEAN', 'NEUTRAL', 'NEUTRAL', 'SET', 'CLEAR', 'OPENING', 'BANCO_OFF')",62,13,13,100.000,ATTACK_TECH,16.129,2.462642,11.7358
"('TANK', 'TANK', 'DOMINANT', 'FULL', 'FULL', 'FIELD_OURS_OFF', 'FASTER', 'MEC_USED', 'CLEAN', 'CLEAN', 'NEUTRAL', 'NEUTRAL', 'CLEAR', 'CLEAR', 'OPENING', 'BANCO_AMBOS')",62,12,12,100.000,BUFF,27.419,2.135006,8.4571
"('TANK', 'TANK', 'NEUTRAL', 'FULL', 'FULL', 'FIELD_SHARED', 'FASTER', 'MEC_USED', 'CLEAN', 'CLEAN', 'NEUTRAL', 'NEUTRAL', 'CLEAR', 'CLEAR', 'OPENING', 'BANCO_VAZIO')",62,12,12,100.000,ATTACK_PIVOT,20.968,2.294809,9.9225
"('TANK', 'SWEEPER', 'DEFENSIVE_DIS', 'FULL', 'FULL', 'FIELD_OURS_OFF', 'SLOWER', 'MEC_USED', 'CLEAN', 'CLEAN', 'DEBUFF', 'NEUTRAL', 'CLEAR', 'CLEAR', 'OPENING', 'BANCO_OFF')",62,8,8,100.000,SWITCH_DEFENSIVE,27.419,1.878301,6.5424
"('TANK', 'TANK', 'NEUTRAL', 'SAFE', 'SAFE', 'NORMAL', 'FASTER', 'MEC_USED', 'CLEAN', 'CLEAN', 'NEUTRAL', 'NEUTRAL', 'SET', 'CLEAR', 'OPENING', 'BANCO_OFF')",62,15,15,100.000,CLEAN_HAZARD,19.355,2.404229,11.0699
"('TANK', 'TANK', 'NEUTRAL', 'SAFE', 'SAFE', 'NORMAL', 'FASTER', 'MEC_USED', 'CLEAN', 'CLEAN', 'NEUTRAL', 'NEUTRAL', 'SET', 'SET', 'OPENING', 'BANCO_OFF')",62,10,13,76.923,HEAL,53.226,1.600604,4.9560
"('UTILITY', 'TANK', 'OFFENSIVE_ADV', 'FULL', 'FULL', 'FIELD_THEIRS', 'FASTER', 'MEC_USED', 'CLEAN', 'CLEAN', 'NEUTRAL', 'NEUTRAL', 'CLEAR', 'CLEAR', 'OPENING', 'BANCO_OFF')",62,9,10,90.000,ATTACK_STRONG,33.871,1.875165,6.5219
"('TANK', 'TANK', 'NEUTRAL', 'SAFE', 'FULL', 'FIELD_SHARED', 'FASTER', 'MEC_USED', 'CLEAN', 'CLEAN', 'NEUTRAL', 'NEUTRAL', 'CLEAR', 'CLEAR', 'OPENING', 'BANCO_OFF')",62,11,13,84.615,ATTACK_TECH,19.355,2.197090,8.9988
"('TANK', 'TANK', 'NEUTRAL', 'FULL', 'SAFE', 'NORMAL', 'SLOWER', 'MEC_USED', 'CLEAN', 'CLEAN', 'NEUTRAL', 'NEUTRAL', 'CLEAR', 'CLEAR', 'RECOVERING', 'BANCO_VAZIO')",62,13,14,92.857,ATTACK_PIVOT,29.032,2.233823,9.3355
"('TANK', 'TANK', 'DEFENSIVE_ADV', 'FULL', 'FULL', 'NORMAL', 'SLOWER', 'MEC_USED', 'AFFLICTED', 'AFFLICTED', 'DEBUFF', 'NEUTRAL', 'SET', 'SET', 'CLUTCH', 'BANCO_VAZIO')",62,2,2,100.000,STAT_CLEAN,90.323,0.317937,1.3743
"('TANK', 'TANK', 'OFFENSIVE_DIS', 'FULL', 'FULL', 'FIELD_SHARED', 'SLOWER', 'MEC_USED', 'CLEAN', 'CLEAN', 'NEUTRAL', 'NEUTRAL', 'CLEAR', 'CLEAR', 'OPENING', 'BANCO_VAZIO')",61,11,13,84.615,ATTACK_TECH,14.754,2.313963,10.1144
"('TANK', 'TANK', 'CRITICAL_DIS', 'FULL', 'FULL', 'NORMAL', 'FASTER', 'MEC_USED', 'CLEAN', 'CLEAN', 'NEUTRAL', 'NEUTRAL', 'CLEAR', 'CLEAR', 'OPENING', 'BANCO_AMBOS')",61,13,14,92.857,SWITCH_DEFENSIVE,34.426,2.034149,7.6457
"('TANK', 'UTILITY', 'DEFENSIVE_DIS', 'FULL', 'FULL', 'FIELD_OURS_DEF', 'SLOWER', 'MEC_USED', 'CLEAN', 'CLEAN', 'NEUTRAL', 'NEUTRAL', 'CLEAR', 'CLEAR', 'OPENING', 'BANCO_AMBOS')",61,5,6,83.333,SWITCH_DEFENSIVE,44.262,1.321074,3.7474
"('TANK', 'TANK', 'NEUTRAL', 'FULL', 'FULL', 'FIELD_THEIRS', 'FASTER', 'MEC_AVAIL', 'CLEAN', 'CLEAN', 'NEUTRAL', 'NEUTRAL', 'CLEAR', 'CLEAR', 'OPENING', 'BANCO_OFF')",61,16,20,80.000,BUFF_MEC,14.754,2.573479,13.1114
"('TANK', 'TANK', 'NEUTRAL', 'SAFE', 'SAFE', 'NORMAL', 'FASTER', 'MEC_USED', 'CLEAN', 'CLEAN', 'NEUTRAL', 'NEUTRAL', 'CLEAR', 'CLEAR', 'OPENING', 'BANCO_AMBOS')",61,13,14,92.857,HEAL,42.623,1.853240,6.3805
"('SWEEPER', 'TANK', 'DEFENSIVE_DIS', 'FULL', 'FULL', 'FIELD_THEIRS', 'FASTER', 'MEC_USED', 'CLEAN', 'CLEAN', 'NEUTRAL', 'NEUTRAL', 'CLEAR', 'CLEAR', 'OPENING', 'BANCO_AMBOS')",60,7,7,100.000,ATTACK_STRONG,36.667,1.556323,4.7414
"('TANK', 'TANK', 'OFFENSIVE_ADV', 'FULL', 'SAFE', 'NORMAL', 'FASTER', 'MEC_AVAIL', 'CLEAN', 'CLEAN', 'NEUTRAL', 'NEUTRAL', 'CLEAR', 'CLEAR', 'OPENING', 'BANCO_OFF')",60,14,15,93.333,ATTACK_STRONG,23.333,2.275319,9.7310
"('TANK', 'TANK', 'OFFENSIVE_DIS', 'FULL', 'FULL', 'NORMAL', 'FASTER', 'MEC_USED', 'AFFLICTED', 'AFFLICTED', 'NEUTRAL', 'NEUTRAL', 'CLEAR', 'CLEAR', 'RECOVERING', 'BANCO_VAZIO')",59,7,7,100.000,CLEAN_HAZARD,49.153,1.393097,4.0273
"('TANK', 'TANK', 'DEFENSIVE_DIS', 'FULL', 'FULL', 'FIELD_OURS_OFF', 'SLOWER', 'MEC_USED', 'CLEAN', 'CLEAN', 'NEUTRAL', 'NEUTRAL', 'CLEAR', 'CLEAR', 'OPENING', 'BANCO_AMBOS')",59,12,12,100.000,STATUS,55.932,1.600658,4.9563
"('TANK', 'TANK', 'DEFENSIVE_ADV', 'FULL', 'FULL', 'FIELD_SHARED', 'SLOWER', 'MEC_USED', 'CLEAN', 'CLEAN', 'NEUTRAL', 'NEUTRAL', 'CLEAR', 'CLEAR', 'OPENING', 'BANCO_AMBOS')",59,9,10,90.000,ATTACK_PREDICTIVE,22.034,1.928987,6.8825
"('TANK', 'TANK', 'VOLATILE', 'SAFE', 'SAFE', 'NORMAL', 'FASTER', 'MEC_USED', 'CLEAN', 'CLEAN', 'NEUTRAL', 'NEUTRAL', 'CLEAR', 'CLEAR', 'OPENING', 'BANCO_OFF')",59,11,12,91.667,HEAL,25.424,2.122020,8.3480
"('SWEEPER', 'TANK', 'OFFENSIVE_ADV', 'FULL', 'FULL', 'FIELD_THEIRS', 'FASTER', 'MEC_USED', 'CLEAN', 'CLEAN', 'NEUTRAL', 'NEUTRAL', 'CLEAR', 'CLEAR', 'OPENING', 'BANCO_OFF')",59,8,9,88.889,ATTACK_STRONG,47.458,1.461367,4.3119
"('TANK', 'TANK', 'VOLATILE', 'FULL', 'FULL', 'FIELD_THEIRS', 'FASTER', 'MEC_AVAIL', 'CLEAN', 'CLEAN', 'NEUTRAL', 'NEUTRAL', 'CLEAR', 'CLEAR', 'OPENING', 'BANCO_AMBOS')",59,15,16,93.750,SWITCH_OFFENSIVE,25.424,2.386921,10.8799
"('TANK', 'TANK', 'CRITICAL_DIS', 'FULL', 'FULL', 'FIELD_OURS_DEF', 'FASTER', 'MEC_USED', 'CLEAN', 'CLEAN', 'NEUTRAL', 'NEUTRAL', 'CLEAR', 'CLEAR', 'OPENING', 'BANCO_VAZIO')",58,9,9,100.000,SWITCH_OFFENSIVE,34.483,1.747268,5.7389
"('TANK', 'TANK', 'DOMINANT', 'FULL', 'FULL', 'FIELD_SHARED', 'SLOWER', 'MEC_USED', 'CLEAN', 'CLEAN', 'NEUTRAL', 'NEUTRAL', 'CLEAR', 'CLEAR', 'OPENING', 'BANCO_OFF')",58,13,13,100.000,ATTACK_STRONG,13.793,2.400048,11.0237
"('TANK', 'SWEEPER', 'CRITICAL_DIS', 'FULL', 'FULL', 'FIELD_THEIRS', 'SLOWER', 'MEC_USED', 'CLEAN', 'CLEAN', 'NEUTRAL', 'NEUTRAL', 'CLEAR', 'CLEAR', 'OPENING', 'BANCO_OFF')",58,15,15,100.000,SWITCH_DEFENSIVE,15.517,2.405940,11.0888
"('TANK', 'TANK', 'OFFENSIVE_ADV', 'FULL', 'SAFE', 'NORMAL', 'FASTER', 'MEC_USED', 'CLEAN', 'CLEAN', 'NEUTRAL', 'NEUTRAL', 'SET', 'CLEAR', 'OPENING', 'BANCO_OFF')",58,12,12,100.000,ATTACK_STRONG,17.241,2.288986,9.8649
"('TANK', 'TANK', 'NEUTRAL', 'FULL', 'SAFE', 'NORMAL', 'FASTER', 'MEC_USED', 'CLEAN', 'CLEAN', 'NEUTRAL', 'NEUTRAL', 'SET', 'CLEAR', 'OPENING', 'BANCO_OFF')",58,13,14,92.857,SWITCH_OFFENSIVE,17.241,2.372566,10.7249
"('SWEEPER', 'TANK', 'OFFENSIVE_ADV', 'FULL', 'FULL', 'FIELD_THEIRS', 'FASTER', 'MEC_USED', 'CLEAN', 'CLEAN', 'NEUTRAL', 'DEBUFF', 'CLEAR', 'CLEAR', 'OPENING', 'BANCO_OFF')",57,7,7,100.000,ATTACK_PIVOT,50.877,1.548691,4.7053
"('TANK', 'TANK', 'CRITICAL_DIS', 'FULL', 'FULL', 'FIELD_THEIRS', 'SLOWER', 'MEC_USED', 'CLEAN', 'CLEAN', 'NEUTRAL', 'NEUTRAL', 'CLEAR', 'CLEAR', 'OPENING', 'BANCO_AMBOS')",57,14,16,87.500,ATTACK_STRONG,14.035,2.410926,11.1443
"('TANK', 'TANK', 'DEFENSIVE_DIS', 'FULL', 'FULL', 'NORMAL', 'FASTER', 'MEC_AVAIL', 'CLEAN', 'CLEAN', 'NEUTRAL', 'NEUTRAL', 'CLEAR', 'CLEAR', 'OPENING', 'BANCO_AMBOS')",56,17,18,94.444,ATTACK_TECH_MEC,14.286,2.582797,13.2341
"('TANK', 'TANK', 'OFFENSIVE_ADV', 'SAFE', 'SAFE', 'NORMAL', 'SLOWER', 'MEC_USED', 'CLEAN', 'CLEAN', 'NEUTRAL', 'NEUTRAL', 'SET', 'CLEAR', 'OPENING', 'BANCO_OFF')",56,13,13,100.000,ATTACK_PIVOT,14.286,2.396658,10.9864
"('TANK', 'TANK', 'NEUTRAL', 'FULL', 'SAFE', 'FIELD_SHARED', 'FASTER', 'MEC_USED', 'CLEAN', 'CLEAN', 'NEUTRAL', 'NEUTRAL', 'CLEAR', 'CLEAR', 'OPENING', 'BANCO_OFF')",56,12,13,92.308,ATTACK_STRONG,17.857,2.237347,9.3684
"('TANK', 'TANK', 'OFFENSIVE_DIS', 'SAFE', 'FULL', 'NORMAL', 'FASTER', 'MEC_USED', 'CLEAN', 'CLEAN', 'NEUTRAL', 'NEUTRAL', 'CLEAR', 'CLEAR', 'OPENING', 'BANCO_OFF')",56,16,16,100.000,SWITCH_OFFENSIVE,19.643,2.490898,12.0721
"('TANK', 'TANK', 'CRITICAL_DIS', 'FULL', 'FULL', 'NORMAL', 'FASTER', 'MEC_USED', 'AFFLICTED', 'AFFLICTED', 'DEBUFF', 'DEBUFF', 'SET', 'SET', 'CLUTCH', 'BANCO_VAZIO')",56,3,4,75.000,HAZARD,89.286,0.388774,1.4752
"('TANK', 'TANK', 'NEUTRAL', 'FULL', 'FULL', 'FIELD_OURS_OFF', 'SLOWER', 'MEC_USED', 'CLEAN', 'CLEAN', 'NEUTRAL', 'NEUTRAL', 'CLEAR', 'CLEAR', 'OPENING', 'BANCO_OFF')",55,10,11,90.909,STATUS,36.364,1.857925,6.4104
"('TANK', 'TANK', 'OFFENSIVE_ADV', 'SAFE', 'FULL', 'NORMAL', 'SLOWER', 'MEC_USED', 'CLEAN', 'CLEAN', 'NEUTRAL', 'NEUTRAL', 'SET', 'CLEAR', 'OPENING', 'BANCO_OFF')",55,14,14,100.000,ATTACK_TECH,18.182,2.476636,11.9012
"('TANK', 'TANK', 'OFFENSIVE_ADV', 'SAFE', 'FULL', 'FIELD_SHARED', 'FASTER', 'MEC_USED', 'CLEAN', 'CLEAN', 'NEUTRAL', 'NEUTRAL', 'CLEAR', 'CLEAR', 'OPENING', 'BANCO_OFF')",55,12,12,100.000,ATTACK_STRONG,20.000,2.268138,9.6614
"('TANK', 'TANK', 'OFFENSIVE_DIS', 'FULL', 'FULL', 'FIELD_SHARED', 'SLOWER', 'MEC_USED', 'CLEAN', 'CLEAN', 'NEUTRAL', 'NEUTRAL', 'CLEAR', 'CLEAR', 'OPENING', 'BANCO_AMBOS')",55,13,14,92.857,ATTACK_STRONG,18.182,2.372479,10.7239
"('TANK', 'TANK', 'OFFENSIVE_ADV', 'FULL', 'FULL', 'NORMAL', 'SLOWER', 'MEC_USED', 'CLEAN', 'CLEAN', 'NEUTRAL', 'NEUTRAL', 'CLEAR', 'CLEAR', 'RECOVERING', 'BANCO_VAZIO')",55,11,13,84.615,ATTACK_PIVOT,30.909,1.985580,7.2833
"('TANK', 'TANK', 'STALEMATE', 'FULL', 'FULL', 'NORMAL', 'SLOWER', 'MEC_USED', 'CLEAN', 'CLEAN', 'NEUTRAL', 'NEUTRAL', 'SET', 'CLEAR', 'OPENING', 'BANCO_OFF')",55,11,13,84.615,STAT_CLEAN,25.455,2.080806,8.0109
"('TANK', 'TANK', 'NEUTRAL', 'FULL', 'FULL', 'NORMAL', 'FASTER', 'MEC_USED', 'CLEAN', 'AFFLICTED', 'DEBUFF', 'DEBUFF_DEBUFF', 'SET', 'SET', 'CLUTCH', 'BANCO_VAZIO')",55,3,4,75.000,HAZARD,92.727,0.301534,1.3519
"('TANK', 'TANK', 'CRITICAL_DIS', 'FULL', 'FULL', 'NORMAL', 'FASTER', 'MEC_USED', 'AFFLICTED', 'CLEAN', 'NEUTRAL', 'NEUTRAL', 'SET', 'CLEAR', 'CLUTCH', 'BANCO_VAZIO')",54,6,6,100.000,SWITCH_DEFENSIVE,79.630,0.804560,2.2357
"('TANK', 'TANK', 'NEUTRAL', 'FULL', 'FULL', 'NORMAL', 'SLOWER', 'MEC_USED', 'CLEAN', 'CLEAN', 'NEUTRAL', 'NEUTRAL', 'SET', 'CLEAR', 'OPENING', 'BANCO_OFF')",54,12,14,85.714,STAT_CLEAN,38.889,1.948133,7.0156
"('TANK', 'TANK', 'NEUTRAL', 'SAFE', 'FULL', 'NORMAL', 'SLOWER', 'MEC_USED', 'CLEAN', 'CLEAN', 'NEUTRAL', 'NEUTRAL', 'CLEAR', 'CLEAR', 'OPENING', 'BANCO_VAZIO')",54,12,13,92.308,ATTACK_STRONG,16.667,2.348156,10.4663
"('TANK', 'TANK', 'NEUTRAL', 'FULL', 'FULL', 'NORMAL', 'SLOWER', 'MEC_USED', 'CLEAN', 'CLEAN', 'NEUTRAL', 'NEUTRAL', 'SET', 'CLEAR', 'OPENING', 'BANCO_VAZIO')",54,14,14,100.000,STATUS,24.074,2.391071,10.9252
"('TANK', 'TANK', 'OFFENSIVE_DIS', 'FULL', 'FULL', 'NORMAL', 'FASTER', 'MEC_USED', 'AFFLICTED', 'CLEAN', 'NEUTRAL', 'NEUTRAL', 'CLEAR', 'CLEAR', 'RECOVERING', 'BANCO_VAZIO')",53,9,9,100.000,ATTACK_PIVOT,37.736,1.744542,5.7233
"('TANK', 'TANK', 'CRITICAL_DIS', 'FULL', 'FULL', 'FIELD_THEIRS', 'SLOWER', 'MEC_USED', 'CLEAN', 'CLEAN', 'NEUTRAL', 'NEUTRAL', 'CLEAR', 'CLEAR', 'OPENING', 'BANCO_OFF')",53,16,16,100.000,BARRIER,24.528,2.390744,10.9216
"('TANK', 'TANK', 'OFFENSIVE_ADV', 'FULL', 'SAFE', 'FIELD_SHARED', 'FASTER', 'MEC_USED', 'CLEAN', 'CLEAN', 'NEUTRAL', 'NEUTRAL', 'CLEAR', 'CLEAR', 'OPENING', 'BANCO_OFF')",53,12,12,100.000,SWITCH_DEFENSIVE,22.642,2.196793,8.9961
"('TANK', 'TANK', 'DEFENSIVE_DIS', 'FULL', 'FULL', 'FIELD_OURS_OFF', 'SLOWER', 'MEC_USED', 'CLEAN', 'CLEAN', 'NEUTRAL', 'NEUTRAL', 'CLEAR', 'CLEAR', 'OPENING', 'BANCO_OFF')",53,9,9,100.000,ATTACK_TECH,20.755,2.048229,7.7542
"('TANK', 'TANK', 'OFFENSIVE_ADV', 'SAFE', 'SAFE', 'NORMAL', 'FASTER', 'MEC_USED', 'CLEAN', 'CLEAN', 'NEUTRAL', 'NEUTRAL', 'SET', 'CLEAR', 'OPENING', 'BANCO_OFF')",53,14,14,100.000,SWITCH_OFFENSIVE,26.415,2.328425,10.2618
"('TANK', 'TANK', 'CRITICAL_DIS', 'SAFE', 'FULL', 'NORMAL', 'SLOWER', 'MEC_USED', 'CLEAN', 'CLEAN', 'NEUTRAL', 'NEUTRAL', 'CLEAR', 'CLEAR', 'OPENING', 'BANCO_AMBOS')",53,10,12,83.333,HEAL,45.283,1.767356,5.8554
"('TANK', 'TANK', 'OFFENSIVE_ADV', 'FULL', 'SAFE', 'FIELD_SHARED', 'SLOWER', 'MEC_USED', 'CLEAN', 'CLEAN', 'NEUTRAL', 'NEUTRAL', 'CLEAR', 'CLEAR', 'OPENING', 'BANCO_OFF')",52,12,12,100.000,STATUS,21.154,2.243798,9.4291
"('TANK', 'TANK', 'NEUTRAL', 'SAFE', 'FULL', 'FIELD_THEIRS', 'SLOWER', 'MEC_USED', 'CLEAN', 'CLEAN', 'NEUTRAL', 'NEUTRAL', 'CLEAR', 'CLEAR', 'OPENING', 'BANCO_OFF')",52,13,13,100.000,HEAL,51.923,1.798470,6.0404
"('TANK', 'TANK', 'DEFENSIVE_ADV', 'FULL', 'FULL', 'FIELD_SHARED', 'SLOWER', 'MEC_USED', 'CLEAN', 'CLEAN', 'NEUTRAL', 'NEUTRAL', 'CLEAR', 'CLEAR', 'OPENING', 'BANCO_OFF')",52,9,10,90.000,ATTACK_TECH,26.923,2.034647,7.6495
"('SWEEPER', 'TANK', 'NEUTRAL', 'FULL', 'FULL', 'NORMAL', 'FASTER', 'MEC_USED', 'CLEAN', 'CLEAN', 'NEUTRAL', 'DEBUFF', 'CLEAR', 'CLEAR', 'OPENING', 'BANCO_OFF')",52,7,7,100.000,ATTACK_STRONG,25.000,1.793766,6.0120
"('UTILITY', 'TANK', 'NEUTRAL', 'FULL', 'FULL', 'FIELD_THEIRS', 'FASTER', 'MEC_USED', 'CLEAN', 'CLEAN', 'NEUTRAL', 'NEUTRAL', 'CLEAR', 'CLEAR', 'OPENING', 'BANCO_AMBOS')",52,10,10,100.000,SWITCH_DEFENSIVE,19.231,2.084651,8.0418
"('UTILITY', 'TANK', 'VOLATILE', 'FULL', 'FULL', 'FIELD_THEIRS', 'FASTER', 'MEC_USED', 'CLEAN', 'CLEAN', 'NEUTRAL', 'NEUTRAL', 'CLEAR', 'CLEAR', 'OPENING', 'BANCO_AMBOS')",52,7,7,100.000,ATTACK_PREDICTIVE,23.077,1.809017,6.1044
"('TANK', 'TANK', 'DEFENSIVE_ADV', 'FULL', 'FULL', 'NORMAL', 'SLOWER', 'MEC_USED', 'CLEAN', 'AFFLICTED', 'NEUTRAL', 'NEUTRAL', 'SET', 'SET', 'CLUTCH', 'BANCO_VAZIO')",51,3,9,33.333,STAT_CLEAN,76.471,0.705405,2.0247
"('TANK', 'TANK', 'OFFENSIVE_ADV', 'SAFE', 'FULL', 'FIELD_THEIRS', 'SLOWER', 'MEC_USED', 'CLEAN', 'CLEAN', 'NEUTRAL', 'NEUTRAL', 'CLEAR', 'CLEAR', 'OPENING', 'BANCO_OFF')",51,11,13,84.615,ATTACK_TECH,15.686,2.235832,9.3543
"('TANK', 'TANK', 'OFFENSIVE_ADV', 'FULL', 'FULL', 'FIELD_OURS_OFF', 'SLOWER', 'MEC_USED', 'CLEAN', 'CLEAN', 'NEUTRAL', 'NEUTRAL', 'CLEAR', 'CLEAR', 'OPENING', 'BANCO_AMBOS')",51,10,11,90.909,ATTACK_PIVOT,33.333,1.822353,6.1864
"('TANK', 'TANK', 'VOLATILE', 'FULL', 'FULL', 'FIELD_OURS_OFF', 'FASTER', 'MEC_USED', 'CLEAN', 'CLEAN', 'NEUTRAL', 'NEUTRAL', 'CLEAR', 'CLEAR', 'OPENING', 'BANCO_AMBOS')",51,11,13,84.615,ATTACK_PREDICTIVE,21.569,2.203182,9.0538
"('TANK', 'SWEEPER', 'DOMINANT', 'FULL', 'FULL', 'NORMAL', 'SLOWER', 'MEC_USED', 'CLEAN', 'CLEAN', 'NEUTRAL', 'NEUTRAL', 'CLEAR', 'CLEAR', 'OPENING', 'BANCO_AMBOS')",51,11,12,91.667,ATTACK_PIVOT,33.333,1.999303,7.3839
"('TANK', 'UTILITY', 'DEFENSIVE_DIS', 'FULL', 'FULL', 'NORMAL', 'SLOWER', 'MEC_USED', 'CLEAN', 'CLEAN', 'NEUTRAL', 'NEUTRAL', 'CLEAR', 'CLEAR', 'OPENING', 'BANCO_AMBOS')",51,14,14,100.000,ATTACK_TECH,27.451,2.350655,10.4924
"('TANK', 'TANK', 'OFFENSIVE_ADV', 'FULL', 'FULL', 'FIELD_SHARED', 'FASTER', 'MEC_AVAIL', 'CLEAN', 'CLEAN', 'NEUTRAL', 'NEUTRAL', 'CLEAR', 'CLEAR', 'OPENING', 'BANCO_AMBOS')",51,13,18,72.222,ATTACK_STRONG_MEC,31.373,2.227715,9.2786
"('TANK', 'TANK', 'CRITICAL_DIS', 'FULL', 'FULL', 'FIELD_OURS_DEF', 'FASTER', 'MEC_USED', 'CLEAN', 'CLEAN', 'NEUTRAL', 'NEUTRAL', 'CLEAR', 'CLEAR', 'OPENING', 'BANCO_OFF')",51,7,7,100.000,ATTACK_STRONG,27.451,1.693326,5.4375
"('TANK', 'TANK', 'NEUTRAL', 'SAFE', 'SAFE', 'NORMAL', 'SLOWER', 'MEC_USED', 'CLEAN', 'CLEAN', 'NEUTRAL', 'NEUTRAL', 'CLEAR', 'SET', 'RECOVERING', 'BANCO_VAZIO')",51,12,13,92.308,HEAL,19.608,2.223112,9.2360
"('TANK', 'TANK', 'NEUTRAL', 'SAFE', 'FULL', 'NORMAL', 'FASTER', 'MEC_AVAIL', 'CLEAN', 'CLEAN', 'NEUTRAL', 'NEUTRAL', 'CLEAR', 'CLEAR', 'OPENING', 'BANCO_OFF')",51,15,18,83.333,HEAL_MEC,41.176,2.090800,8.0914
"('TANK', 'TANK', 'VOLATILE', 'FULL', 'FULL', 'NORMAL', 'SLOWER', 'MEC_USED', 'CLEAN', 'CLEAN', 'NEUTRAL', 'NEUTRAL', 'CLEAR', 'CLEAR', 'OPENING', 'BANCO_AMBOS')",50,14,14,100.000,ATTACK_STRONG,26.000,2.328255,10.2600
"('TANK', 'TANK', 'NEUTRAL', 'FULL', 'SAFE', 'FIELD_SHARED', 'SLOWER', 'MEC_USED', 'CLEAN', 'CLEAN', 'NEUTRAL', 'NEUTRAL', 'CLEAR', 'CLEAR', 'OPENING', 'BANCO_OFF')",50,14,15,93.333,ATTACK_PREDICTIVE,18.000,2.322383,10.2000
"('TANK', 'SWEEPER', 'OFFENSIVE_DIS', 'SAFE', 'FULL', 'NORMAL', 'SLOWER', 'MEC_USED', 'CLEAN', 'CLEAN', 'NEUTRAL', 'NEUTRAL', 'CLEAR', 'CLEAR', 'OPENING', 'BANCO_OFF')",50,14,14,100.000,STATUS,16.000,2.433829,11.4025
"('TANK', 'TANK', 'NEUTRAL', 'SAFE', 'SAFE', 'NORMAL', 'SLOWER', 'MEC_USED', 'CLEAN', 'CLEAN', 'NEUTRAL', 'NEUTRAL', 'CLEAR', 'CLEAR', 'OPENING', 'BANCO_AMBOS')",50,12,15,80.000,SWITCH_OFFENSIVE,30.000,2.046160,7.7381
"('UTILITY', 'TANK', 'OFFENSIVE_ADV', 'FULL', 'FULL', 'NORMAL', 'FASTER', 'MEC_USED', 'CLEAN', 'CLEAN', 'NEUTRAL', 'NEUTRAL', 'CLEAR', 'CLEAR', 'OPENING', 'BANCO_OFF')",50,9,9,100.000,ATTACK_PIVOT,32.000,1.845951,6.3341
"('TANK', 'TANK', 'OFFENSIVE_DIS', 'FULL', 'FULL', 'NORMAL', 'SLOWER', 'MEC_USED', 'CLEAN', 'CLEAN', 'NEUTRAL', 'NEUTRAL', 'CLEAR', 'CLEAR', 'RECOVERING', 'BANCO_VAZIO')",50,13,14,92.857,STATUS,24.000,2.205808,9.0776
"('TANK', 'SWEEPER', 'OFFENSIVE_ADV', 'FULL', 'FULL', 'FIELD_THEIRS', 'SLOWER', 'MEC_USED', 'CLEAN', 'CLEAN', 'NEUTRAL', 'NEUTRAL', 'CLEAR', 'CLEAR', 'OPENING', 'BANCO_OFF')",49,12,12,100.000,HAZARD,16.327,2.365619,10.6506
"('TANK', 'TANK', 'DEFENSIVE_DIS', 'FULL', 'FULL', 'FIELD_THEIRS', 'SLOWER', 'MEC_USED', 'CLEAN', 'CLEAN', 'NEUTRAL', 'NEUTRAL', 'CLEAR', 'CLEAR', 'OPENING', 'BANCO_OFF')",49,12,12,100.000,ATTACK_PIVOT,22.449,2.185309,8.8934
"('TANK', 'TANK', 'NEUTRAL', 'FULL', 'SAFE', 'NORMAL', 'FASTER', 'MEC_USED', 'CLEAN', 'CLEAN', 'NEUTRAL', 'NEUTRAL', 'SET', 'SET', 'OPENING', 'BANCO_OFF')",49,15,15,100.000,ATTACK_PREDICTIVE,18.367,2.457429,11.6748
"('TANK', 'TANK', 'NEUTRAL', 'FULL', 'FULL', 'NORMAL', 'SLOWER', 'MEC_USED', 'AFFLICTED', 'CLEAN', 'NEUTRAL', 'NEUTRAL', 'SET', 'SET', 'CLUTCH', 'BANCO_VAZIO')",49,5,7,71.429,HAZARD,71.429,0.892131,2.4403
"('TANK', 'TANK', 'VOLATILE', 'FULL', 'FULL', 'NORMAL', 'FASTER', 'MEC_AVAIL', 'CLEAN', 'CLEAN', 'NEUTRAL', 'NEUTRAL', 'CLEAR', 'CLEAR', 'OPENING', 'BANCO_AMBOS')",48,13,16,81.250,BUFF,22.917,2.293237,9.9070
"('TANK', 'TANK', 'OFFENSIVE_ADV', 'FULL', 'FULL', 'NORMAL', 'SLOWER', 'MEC_AVAIL', 'CLEAN', 'CLEAN', 'NEUTRAL', 'NEUTRAL', 'CLEAR', 'CLEAR', 'OPENING', 'BANCO_OFF')",48,11,18,61.111,SWITCH_DEFENSIVE,18.750,2.201774,9.0410
"('TANK', 'SWEEPER', 'NEUTRAL', 'SAFE', 'FULL', 'NORMAL', 'SLOWER', 'MEC_USED', 'CLEAN', 'CLEAN', 'NEUTRAL', 'NEUTRAL', 'CLEAR', 'CLEAR', 'OPENING', 'BANCO_OFF')",48,13,14,92.857,ATTACK_PIVOT,27.083,2.168945,8.7490
"('TANK', 'UTILITY', 'DEFENSIVE_ADV', 'FULL', 'FULL', 'NORMAL', 'SLOWER', 'MEC_USED', 'CLEAN', 'CLEAN', 'NEUTRAL', 'NEUTRAL', 'CLEAR', 'CLEAR', 'OPENING', 'BANCO_AMBOS')",48,7,8,87.500,ATTACK_PREDICTIVE,22.917,1.829758,6.2324
"('TANK', 'TANK', 'NEUTRAL', 'SAFE', 'SAFE', 'NORMAL', 'SLOWER', 'MEC_USED', 'CLEAN', 'CLEAN', 'NEUTRAL', 'NEUTRAL', 'CLEAR', 'SET', 'OPENING', 'BANCO_OFF')",48,10,14,71.429,ATTACK_PREDICTIVE,43.750,1.517482,4.5607
"('TANK', 'TANK', 'NEUTRAL', 'SAFE', 'SAFE', 'FIELD_SHARED', 'SLOWER', 'MEC_USED', 'CLEAN', 'CLEAN', 'NEUTRAL', 'NEUTRAL', 'CLEAR', 'CLEAR', 'OPENING', 'BANCO_OFF')",48,10,15,66.667,ATTACK_PREDICTIVE,22.917,2.046315,7.7393
"('TANK', 'TANK', 'NEUTRAL', 'SAFE', 'FULL', 'NORMAL', 'SLOWER', 'MEC_USED', 'CLEAN', 'CLEAN', 'NEUTRAL', 'NEUTRAL', 'SET', 'CLEAR', 'OPENING', 'BANCO_OFF')",48,14,15,93.333,STAT_CLEAN,22.917,2.377500,10.7779
"('TANK', 'TANK', 'OFFENSIVE_ADV', 'SAFE', 'SAFE', 'NORMAL', 'FASTER', 'MEC_USED', 'CLEAN', 'CLEAN', 'NEUTRAL', 'NEUTRAL', 'SET', 'SET', 'OPENING', 'BANCO_OFF')",47,8,14,57.143,ATTACK_STRONG,61.702,1.305664,3.6901
"('TANK', 'TANK', 'VOLATILE', 'FULL', 'FULL', 'FIELD_OURS_DEF', 'SLOWER', 'MEC_USED', 'CLEAN', 'CLEAN', 'NEUTRAL', 'NEUTRAL', 'CLEAR', 'CLEAR', 'OPENING', 'BANCO_AMBOS')",47,3,6,50.000,ATTACK_STRONG,85.106,0.522569,1.6864
"('TANK', 'TANK', 'CRITICAL_DIS', 'FULL', 'FULL', 'FIELD_SHARED', 'SLOWER', 'MEC_USED', 'CLEAN', 'CLEAN', 'NEUTRAL', 'NEUTRAL', 'CLEAR', 'CLEAR', 'OPENING', 'BANCO_OFF')",47,11,13,84.615,STATUS,25.532,2.002861,7.4102
"('TANK', 'TANK', 'CRITICAL_DIS', 'FULL', 'FULL', 'FIELD_SHARED', 'FASTER', 'MEC_USED', 'CLEAN', 'CLEAN', 'NEUTRAL', 'NEUTRAL', 'CLEAR', 'CLEAR', 'OPENING', 'BANCO_AMBOS')",47,3,12,25.000,SWITCH_DEFENSIVE,93.617,0.278006,1.3205
"('TANK', 'UTILITY', 'NEUTRAL', 'SAFE', 'FULL', 'NORMAL', 'SLOWER', 'MEC_USED', 'CLEAN', 'CLEAN', 'NEUTRAL', 'NEUTRAL', 'CLEAR', 'CLEAR', 'OPENING', 'BANCO_OFF')",47,11,14,78.571,HEAL,34.043,1.930265,6.8913
"('TANK', 'TANK', 'OFFENSIVE_ADV', 'FULL', 'FULL', 'FIELD_SHARED', 'FASTER', 'MEC_USED', 'CLEAN', 'CLEAN', 'NEUTRAL', 'NEUTRAL', 'SET', 'CLEAR', 'OPENING', 'BANCO_OFF')",47,12,14,85.714,SWITCH_OFFENSIVE,14.894,2.405007,11.0785
"('TANK', 'SWEEPER', 'NEUTRAL', 'FULL', 'FULL', 'NORMAL', 'SLOWER', 'MEC_USED', 'CLEAN', 'CLEAN', 'NEUTRAL', 'NEUTRAL', 'CLEAR', 'CLEAR', 'OPENING', 'BANCO_VAZIO')",47,11,12,91.667,ATTACK_PREDICTIVE,29.787,2.042359,7.7088
"('TANK', 'TANK', 'NEUTRAL', 'SAFE', 'FULL', 'NORMAL', 'SLOWER', 'MEC_USED', 'CLEAN', 'CLEAN', 'NEUTRAL', 'NEUTRAL', 'CLEAR', 'CLEAR', 'RECOVERING', 'BANCO_VAZIO')",47,11,14,78.571,ATTACK_PREDICTIVE,31.915,2.094540,8.1217
"('TANK', 'TANK', 'CRITICAL_DIS', 'FULL', 'FULL', 'NORMAL', 'FASTER', 'MEC_USED', 'AFFLICTED', 'AFFLICTED', 'NEUTRAL', 'DEBUFF', 'CLEAR', 'SET', 'CLUTCH', 'BANCO_VAZIO')",47,2,3,66.667,HEAL,63.830,0.654391,1.9240
"('TANK', 'TANK', 'OFFENSIVE_ADV', 'FULL', 'FULL', 'NORMAL', 'FASTER', 'MEC_AVAIL', 'CLEAN', 'CLEAN', 'NEUTRAL', 'NEUTRAL', 'CLEAR', 'CLEAR', 'OPENING', 'BANCO_DEF')",46,15,16,93.750,ATTACK_STRONG_MEC,21.739,2.431120,11.3716
"('TANK', 'TANK', 'NEUTRAL', 'SAFE', 'FULL', 'NORMAL', 'SLOWER', 'MEC_USED', 'CLEAN', 'CLEAN', 'NEUTRAL', 'NEUTRAL', 'CLEAR', 'CLEAR', 'OPENING', 'BANCO_AMBOS')",46,12,15,80.000,SWITCH_OFFENSIVE,28.261,2.154160,8.6206
"('TANK', 'SWEEPER', 'DEFENSIVE_DIS', 'FULL', 'FULL', 'FIELD_THEIRS', 'SLOWER', 'MEC_USED', 'CLEAN', 'CLEAN', 'NEUTRAL', 'NEUTRAL', 'CLEAR', 'CLEAR', 'OPENING', 'BANCO_OFF')",46,9,10,90.000,ATTACK_STRONG,26.087,1.997199,7.3684
"('TANK', 'TANK', 'OFFENSIVE_DIS', 'SAFE', 'FULL', 'NORMAL', 'FASTER', 'MEC_USED', 'CLEAN', 'CLEAN', 'NEUTRAL', 'NEUTRAL', 'SET', 'CLEAR', 'OPENING', 'BANCO_OFF')",46,10,15,66.667,HEAL,56.522,1.571075,4.8118
"('SWEEPER', 'TANK', 'CRITICAL_DIS', 'FULL', 'FULL', 'NORMAL', 'FASTER', 'MEC_USED', 'CLEAN', 'CLEAN', 'NEUTRAL', 'NEUTRAL', 'CLEAR', 'CLEAR', 'OPENING', 'BANCO_AMBOS')",46,7,8,87.500,STATUS,32.609,1.656275,5.2398
"('TANK', 'TANK', 'NEUTRAL', 'FULL', 'FULL', 'FIELD_THEIRS', 'FASTER', 'MEC_USED', 'CLEAN', 'CLEAN', 'NEUTRAL', 'NEUTRAL', 'CLEAR', 'CLEAR', 'OPENING', 'BANCO_VAZIO')",46,10,10,100.000,ATTACK_PREDICTIVE,32.609,1.969587,7.1677
"('TANK', 'TANK', 'NEUTRAL', 'SAFE', 'FULL', 'FIELD_THEIRS', 'FASTER', 'MEC_USED', 'CLEAN', 'CLEAN', 'NEUTRAL', 'NEUTRAL', 'CLEAR', 'CLEAR', 'OPENING', 'BANCO_OFF')",46,11,13,84.615,HEAL,36.957,2.035550,7.6565
"('TANK', 'TANK', 'NEUTRAL', 'SAFE', 'SAFE', 'NORMAL', 'FASTER', 'MEC_USED', 'CLEAN', 'CLEAN', 'NEUTRAL', 'NEUTRAL', 'SET', 'CLEAR', 'OPENING', 'BANCO_VAZIO')",46,12,14,85.714,CLEAN_HAZARD,19.565,2.168391,8.7442
"('TANK', 'UTILITY', 'OFFENSIVE_DIS', 'FULL', 'FULL', 'NORMAL', 'SLOWER', 'MEC_USED', 'CLEAN', 'CLEAN', 'NEUTRAL', 'NEUTRAL', 'CLEAR', 'CLEAR', 'OPENING', 'BANCO_OFF')",46,14,14,100.000,STAT_CLEAN,19.565,2.462414,11.7331
"('TANK', 'TANK', 'VOLATILE', 'FULL', 'FULL', 'NORMAL', 'FASTER', 'MEC_USED', 'CLEAN', 'CLEAN', 'NEUTRAL', 'NEUTRAL', 'SET', 'CLEAR', 'OPENING', 'BANCO_OFF')",46,11,12,91.667,ATTACK_STRONG,26.087,2.151764,8.6000
"('TANK', 'TANK', 'STALEMATE', 'SAFE', 'SAFE', 'NORMAL', 'SLOWER', 'MEC_USED', 'AFFLICTED', 'AFFLICTED', 'DEBUFF', 'DEBUFF', 'SET', 'SET', 'CLUTCH', 'BANCO_VAZIO')",46,3,3,100.000,STAT_CLEAN,56.522,0.950209,2.5863
"('TANK', 'TANK', 'VOLATILE', 'SAFE', 'FULL', 'NORMAL', 'SLOWER', 'MEC_USED', 'CLEAN', 'CLEAN', 'NEUTRAL', 'NEUTRAL', 'SET', 'CLEAR', 'OPENING', 'BANCO_OFF')",46,8,12,66.667,HEAL,63.043,1.310014,3.7062
"('TANK', 'TANK', 'CRITICAL_DIS', 'FULL', 'FULL', 'NORMAL', 'FASTER', 'MEC_USED', 'CLEAN', 'AFFLICTED', 'NEUTRAL', 'DEBUFF', 'SET', 'SET', 'CLUTCH', 'BANCO_VAZIO')",46,2,6,33.333,HAZARD,97.826,0.104732,1.1104
"('TANK', 'UTILITY', 'DEFENSIVE_DIS', 'FULL', 'FULL', 'FIELD_OURS_OFF', 'SLOWER', 'MEC_USED', 'CLEAN', 'CLEAN', 'NEUTRAL', 'NEUTRAL', 'CLEAR', 'CLEAR', 'OPENING', 'BANCO_AMBOS')",45,8,8,100.000,ATTACK_PIVOT,22.222,1.900283,6.6878
"('TANK', 'TANK', 'NEUTRAL', 'FULL', 'DANGER', 'NORMAL', 'SLOWER', 'MEC_USED', 'CLEAN', 'CLEAN', 'NEUTRAL', 'NEUTRAL', 'SET', 'SET', 'RECOVERING', 'BANCO_VAZIO')",45,11,14,78.571,STAT_CLEAN,24.444,2.086434,8.0561
"('TANK', 'TANK', 'DEFENSIVE_ADV', 'FULL', 'FULL', 'NORMAL', 'FASTER', 'MEC_USED', 'CLEAN', 'CLEAN', 'NEUTRAL', 'NEUTRAL', 'CLEAR', 'CLEAR', 'OPENING', 'BANCO_AMBOS')",45,13,13,100.000,STATUS,20.000,2.292463,9.8993
"('TANK', 'UTILITY', 'NEUTRAL', 'FULL', 'FULL', 'NORMAL', 'SLOWER', 'MEC_USED', 'CLEAN', 'CLEAN', 'NEUTRAL', 'NEUTRAL', 'CLEAR', 'CLEAR', 'OPENING', 'BANCO_AMBOS')",45,13,13,100.000,ATTACK_PREDICTIVE,13.333,2.377332,10.7761
"('TANK', 'TANK', 'NEUTRAL', 'FULL', 'SAFE', 'NORMAL', 'SLOWER', 'MEC_USED', 'CLEAN', 'AFFLICTED', 'NEUTRAL', 'DEBUFF', 'SET', 'SET', 'CLUTCH', 'BANCO_VAZIO')",45,1,8,12.500,ATTACK_STRONG,100.000,-0.000000,1.0000
"('TANK', 'TANK', 'STALEMATE', 'FULL', 'FULL', 'FIELD_SHARED', 'SLOWER', 'MEC_USED', 'CLEAN', 'CLEAN', 'NEUTRAL', 'NEUTRAL', 'CLEAR', 'CLEAR', 'OPENING', 'BANCO_OFF')",45,12,13,92.308,SWITCH_DEFENSIVE,42.222,1.928543,6.8795
"('TANK', 'TANK', 'OFFENSIVE_ADV', 'FULL', 'FULL', 'NORMAL', 'FASTER', 'MEC_USED', 'CLEAN', 'CLEAN', 'NEUTRAL', 'DEBUFF', 'CLEAR', 'CLEAR', 'OPENING', 'BANCO_OFF')",45,10,11,90.909,ATTACK_TECH,24.444,2.038632,7.6801
"('TANK', 'TANK', 'NEUTRAL', 'SAFE', 'SAFE', 'NORMAL', 'SLOWER', 'MEC_USED', 'CLEAN', 'CLEAN', 'NEUTRAL', 'NEUTRAL', 'SET', 'SET', 'CLUTCH', 'BANCO_VAZIO')",45,5,10,50.000,HEAL,51.111,1.095041,2.9893
"('TANK', 'TANK', 'NEUTRAL', 'SAFE', 'FULL', 'FIELD_SHARED', 'FASTER', 'MEC_USED', 'CLEAN', 'CLEAN', 'NEUTRAL', 'NEUTRAL', 'CLEAR', 'CLEAR', 'OPENING', 'BANCO_AMBOS')",45,10,13,76.923,ATTACK_STRONG,20.000,2.080647,8.0097
"('TANK', 'TANK', 'CRITICAL_DIS', 'FULL', 'FULL', 'NORMAL', 'SLOWER', 'MEC_USED', 'AFFLICTED', 'CLEAN', 'NEUTRAL', 'DEBUFF', 'SET', 'SET', 'CLUTCH', 'BANCO_VAZIO')",45,3,4,75.000,HAZARD,82.222,0.591233,1.8062
"('TANK', 'TANK', 'NEUTRAL', 'FULL', 'FULL', 'NORMAL', 'SLOWER', 'MEC_USED', 'AFFLICTED', 'AFFLICTED', 'DEBUFF', 'DEBUFF', 'SET', 'SET', 'CLUTCH', 'BANCO_VAZIO')",45,2,3,66.667,STAT_CLEAN,93.333,0.244930,1.2775
"('UTILITY', 'TANK', 'VOLATILE', 'FULL', 'FULL', 'NORMAL', 'FASTER', 'MEC_USED', 'CLEAN', 'CLEAN', 'NEUTRAL', 'NEUTRAL', 'CLEAR', 'CLEAR', 'OPENING', 'BANCO_AMBOS')",44,6,6,100.000,SWITCH_OFFENSIVE,50.000,1.393478,4.0288
"('SWEEPER', 'TANK', 'OFFENSIVE_ADV', 'FULL', 'FULL', 'FIELD_OURS_OFF', 'FASTER', 'MEC_USED', 'CLEAN', 'CLEAN', 'NEUTRAL', 'NEUTRAL', 'CLEAR', 'CLEAR', 'OPENING', 'BANCO_OFF')",44,8,9,88.889,SWITCH_OFFENSIVE,50.000,1.537183,4.6515
"('TANK', 'TANK', 'OFFENSIVE_DIS', 'FULL', 'FULL', 'NORMAL', 'FASTER', 'MEC_USED', 'AFFLICTED', 'AFFLICTED', 'NEUTRAL', 'NEUTRAL', 'CLEAR', 'CLEAR', 'CLUTCH', 'BANCO_VAZIO')",44,5,6,83.333,HEAL,52.273,1.212280,3.3611
"('TANK', 'TANK', 'OFFENSIVE_ADV', 'FULL', 'DANGER', 'NORMAL', 'FASTER', 'MEC_USED', 'CLEAN', 'CLEAN', 'NEUTRAL', 'NEUTRAL', 'CLEAR', 'CLEAR', 'OPENING', 'BANCO_OFF')",44,10,12,83.333,ATTACK_STRONG,36.364,1.934339,6.9195
"('TANK', 'SWEEPER', 'CRITICAL_DIS', 'FULL', 'FULL', 'NORMAL', 'SLOWER', 'MEC_USED', 'CLEAN', 'CLEAN', 'NEUTRAL', 'NEUTRAL', 'CLEAR', 'CLEAR', 'OPENING', 'BANCO_AMBOS')",44,12,13,92.308,ATTACK_TECH,20.455,2.232430,9.3225
"('TANK', 'TANK', 'NEUTRAL', 'FULL', 'FULL', 'NORMAL', 'FASTER', 'MEC_USED', 'CLEAN', 'CLEAN', 'NEUTRAL', 'NEUTRAL', 'CLEAR', 'CLEAR', 'RECOVERING', 'BANCO_VAZIO')",44,11,13,84.615,ATTACK_STRONG,25.000,2.135083,8.4578
"('TANK', 'TANK', 'DEFENSIVE_DIS', 'FULL', 'FULL', 'NORMAL', 'SLOWER', 'MEC_USED', 'CLEAN', 'AFFLICTED', 'NEUTRAL', 'NEUTRAL', 'CLEAR', 'SET', 'CLUTCH', 'BANCO_VAZIO')",43,2,6,33.333,PROTECT,79.070,0.513031,1.6703
"('TANK', 'SWEEPER', 'NEUTRAL', 'FULL', 'FULL', 'NORMAL', 'SLOWER', 'MEC_AVAIL', 'CLEAN', 'CLEAN', 'NEUTRAL', 'NEUTRAL', 'CLEAR', 'CLEAR', 'OPENING', 'BANCO_AMBOS')",43,14,18,77.778,ATTACK_STRONG,20.930,2.311148,10.0860
"('TANK', 'TANK', 'NEUTRAL', 'FULL', 'FULL', 'NORMAL', 'FASTER', 'MEC_USED', 'CLEAN', 'CLEAN', 'NEUTRAL', 'NEUTRAL', 'CLEAR', 'CLEAR', 'OPENING', 'BANCO_DEF')",43,9,13,69.231,SWITCH_OFFENSIVE,48.837,1.662208,5.2709
"('TANK', 'TANK', 'NEUTRAL', 'SAFE', 'SAFE', 'NORMAL', 'SLOWER', 'MEC_USED', 'CLEAN', 'CLEAN', 'NEUTRAL', 'NEUTRAL', 'SET', 'SET', 'RECOVERING', 'BANCO_VAZIO')",43,8,12,66.667,HEAL,23.256,1.935206,6.9255
"('TANK', 'TANK', 'NEUTRAL', 'SAFE', 'FULL', 'NORMAL', 'SLOWER', 'MEC_USED', 'CLEAN', 'CLEAN', 'NEUTRAL', 'NEUTRAL', 'SET', 'SET', 'RECOVERING', 'BANCO_VAZIO')",43,14,14,100.000,STAT_CLEAN,23.256,2.387907,10.8907
"('TANK', 'TANK', 'NEUTRAL', 'FULL', 'DANGER', 'NORMAL', 'SLOWER', 'MEC_USED', 'CLEAN', 'CLEAN', 'NEUTRAL', 'NEUTRAL', 'CLEAR', 'CLEAR', 'OPENING', 'BANCO_OFF')",43,9,13,69.231,ATTACK_PREDICTIVE,34.884,1.724444,5.6094
"('SWEEPER', 'TANK', 'NEUTRAL', 'SAFE', 'FULL', 'NORMAL', 'FASTER', 'MEC_USED', 'CLEAN', 'CLEAN', 'NEUTRAL', 'NEUTRAL', 'CLEAR', 'CLEAR', 'OPENING', 'BANCO_OFF')",43,9,10,90.000,ATTACK_STRONG,20.930,1.966702,7.1471
"('TANK', 'TANK', 'NEUTRAL', 'SAFE', 'FULL', 'NORMAL', 'FASTER', 'MEC_USED', 'CLEAN', 'CLEAN', 'NEUTRAL', 'NEUTRAL', 'SET', 'CLEAR', 'OPENING', 'BANCO_VAZIO')",43,11,11,100.000,CLEAN_HAZARD,20.930,2.200652,9.0309
"('TANK', 'TANK', 'NEUTRAL', 'FULL', 'FULL', 'NORMAL', 'SLOWER', 'MEC_USED', 'AFFLICTED', 'CLEAN', 'DEBUFF_DEBUFF', 'NEUTRAL', 'CLEAR', 'CLEAR', 'RECOVERING', 'BANCO_VAZIO')",42,5,6,83.333,CLEAN_HAZARD,66.667,1.035628,2.8169
"('TANK', 'TANK', 'OFFENSIVE_ADV', 'FULL', 'FULL', 'NORMAL', 'FASTER', 'MEC_USED', 'CLEAN', 'CLEAN', 'NEUTRAL', 'NEUTRAL', 'CLEAR', 'SET', 'OPENING', 'BANCO_OFF')",42,12,13,92.308,BUFF,16.667,2.274713,9.7251
"('SWEEPER', 'TANK', 'NEUTRAL', 'FULL', 'FULL', 'FIELD_THEIRS', 'FASTER', 'MEC_USED', 'CLEAN', 'CLEAN', 'NEUTRAL', 'NEUTRAL', 'CLEAR', 'CLEAR', 'OPENING', 'BANCO_AMBOS')",42,7,7,100.000,ATTACK_STRONG,45.238,1.535447,4.6434
"('SWEEPER', 'TANK', 'DEFENSIVE_DIS', 'FULL', 'FULL', 'NORMAL', 'FASTER', 'MEC_USED', 'CLEAN', 'CLEAN', 'NEUTRAL', 'NEUTRAL', 'CLEAR', 'CLEAR', 'OPENING', 'BANCO_OFF')",42,9,9,100.000,SWITCH_OFFENSIVE,23.810,1.994521,7.3487
"('TANK', 'TANK', 'OFFENSIVE_DIS', 'DANGER', 'FULL', 'NORMAL', 'SLOWER', 'MEC_USED', 'CLEAN', 'CLEAN', 'NEUTRAL', 'NEUTRAL', 'SET', 'SET', 'RECOVERING', 'BANCO_VAZIO')",42,10,12,83.333,STAT_CLEAN,47.619,1.764544,5.8389
"('TANK', 'TANK', 'OFFENSIVE_ADV', 'FULL', 'FULL', 'NORMAL', 'FASTER', 'MEC_USED', 'CLEAN', 'CLEAN', 'NEUTRAL', 'NEUTRAL', 'SET', 'CLEAR', 'OPENING', 'BANCO_AMBOS')",42,12,14,85.714,CLEAN_HAZARD,19.048,2.293187,9.9065
"('SWEEPER', 'TANK', 'OFFENSIVE_ADV', 'SAFE', 'FULL', 'NORMAL', 'FASTER', 'MEC_USED', 'CLEAN', 'CLEAN', 'NEUTRAL', 'NEUTRAL', 'CLEAR', 'CLEAR', 'OPENING', 'BANCO_OFF')",42,10,10,100.000,ATTACK_PREDICTIVE,26.190,2.131252,8.4254
"('TANK', 'TANK', 'OFFENSIVE_ADV', 'DANGER', 'FULL', 'FIELD_THEIRS', 'FASTER', 'MEC_USED', 'CLEAN', 'CLEAN', 'NEUTRAL', 'NEUTRAL', 'CLEAR', 'CLEAR', 'OPENING', 'BANCO_OFF')",41,9,10,90.000,ATTACK_STRONG,26.829,1.893141,6.6402
"('TANK', 'SWEEPER', 'DEFENSIVE_DIS', 'FULL', 'FULL', 'FIELD_SHARED', 'SLOWER', 'MEC_USED', 'CLEAN', 'CLEAN', 'NEUTRAL', 'NEUTRAL', 'CLEAR', 'CLEAR', 'OPENING', 'BANCO_OFF')",41,12,12,100.000,SWITCH_DEFENSIVE,26.829,2.073866,7.9555
"('UTILITY', 'TANK', 'NEUTRAL', 'FULL', 'FULL', 'NORMAL', 'FASTER', 'MEC_USED', 'CLEAN', 'CLEAN', 'NEUTRAL', 'NEUTRAL', 'CLEAR', 'CLEAR', 'OPENING', 'BANCO_OFF')",41,8,9,88.889,ATTACK_PREDICTIVE,29.268,1.762615,5.8277
"('TANK', 'TANK', 'DOMINANT', 'SAFE', 'FULL', 'NORMAL', 'FASTER', 'MEC_USED', 'CLEAN', 'CLEAN', 'NEUTRAL', 'NEUTRAL', 'CLEAR', 'CLEAR', 'OPENING', 'BANCO_OFF')",41,10,11,90.909,ATTACK_PREDICTIVE,29.268,2.052036,7.7837
"('TANK', 'TANK', 'STALEMATE', 'SAFE', 'FULL', 'NORMAL', 'FASTER', 'MEC_USED', 'CLEAN', 'CLEAN', 'DEBUFF', 'NEUTRAL', 'CLEAR', 'CLEAR', 'CLUTCH', 'BANCO_VAZIO')",41,5,5,100.000,CLEAN_HAZARD,39.024,1.465176,4.3283
"('TANK', 'TANK', 'OFFENSIVE_ADV', 'FULL', 'SAFE', 'FIELD_THEIRS', 'SLOWER', 'MEC_USED', 'CLEAN', 'CLEAN', 'NEUTRAL', 'NEUTRAL', 'CLEAR', 'CLEAR', 'OPENING', 'BANCO_OFF')",41,11,12,91.667,SWITCH_DEFENSIVE,26.829,2.137676,8.4797
"('TANK', 'SWEEPER', 'NEUTRAL', 'FULL', 'FULL', 'NORMAL', 'SLOWER', 'MEC_USED', 'CLEAN', 'CLEAN', 'DEBUFF', 'NEUTRAL', 'CLEAR', 'CLEAR', 'OPENING', 'BANCO_OFF')",41,10,10,100.000,ATTACK_TECH,43.902,1.817086,6.1539
"('SWEEPER', 'TANK', 'DOMINANT', 'FULL', 'FULL', 'FIELD_OURS_OFF', 'FASTER', 'MEC_USED', 'CLEAN', 'CLEAN', 'NEUTRAL', 'NEUTRAL', 'CLEAR', 'CLEAR', 'OPENING', 'BANCO_AMBOS')",41,2,6,33.333,ATTACK_STRONG,87.805,0.370795,1.4489
"('TANK', 'TANK', 'NEUTRAL', 'FULL', 'FULL', 'NORMAL', 'FASTER', 'MEC_USED', 'CLEAN', 'CLEAN', 'NEUTRAL', 'NEUTRAL', 'CLEAR', 'CLEAR', 'BRAWL', 'BANCO_OFF')",41,11,12,91.667,ATTACK_STRONG,26.829,2.178795,8.8357
"('TANK', 'TANK', 'OFFENSIVE_DIS', 'FULL', 'FULL', 'FIELD_THEIRS', 'SLOWER', 'MEC_USED', 'CLEAN', 'CLEAN', 'NEUTRAL', 'NEUTRAL', 'CLEAR', 'CLEAR', 'OPENING', 'BANCO_AMBOS')",41,9,12,75.000,SWITCH_OFFENSIVE,31.707,1.611400,5.0098
"('TANK', 'TANK', 'NEUTRAL', 'SAFE', 'FULL', 'NORMAL', 'SLOWER', 'MEC_USED', 'CLEAN', 'CLEAN', 'NEUTRAL', 'NEUTRAL', 'CLEAR', 'CLEAR', 'CLUTCH', 'BANCO_VAZIO')",41,5,11,45.455,ATTACK_PREDICTIVE,43.902,1.191670,3.2926
"('TANK', 'TANK', 'VOLATILE', 'FULL', 'FULL', 'NORMAL', 'SLOWER', 'MEC_USED', 'CLEAN', 'CLEAN', 'NEUTRAL', 'NEUTRAL', 'SET', 'CLEAR', 'OPENING', 'BANCO_OFF')",41,10,13,76.923,STAT_CLEAN,39.024,1.853248,6.3805
"('TANK', 'TANK', 'DEFENSIVE_ADV', 'FULL', 'FULL', 'NORMAL', 'SLOWER', 'MEC_USED', 'AFFLICTED', 'AFFLICTED', 'DEBUFF_DEBUFF', 'NEUTRAL', 'SET', 'SET', 'CLUTCH', 'BANCO_VAZIO')",40,4,7,57.143,HAZARD,62.500,0.896953,2.4521
"('TANK', 'TANK', 'NEUTRAL', 'FULL', 'FULL', 'NORMAL', 'SLOWER', 'MEC_USED', 'CLEAN', 'CLEAN', 'DEBUFF', 'DEBUFF', 'CLEAR', 'SET', 'CLUTCH', 'BANCO_VAZIO')",40,4,4,100.000,STATUS,37.500,1.255482,3.5095
"('TANK', 'TANK', 'OFFENSIVE_ADV', 'SAFE', 'SAFE', 'FIELD_THEIRS', 'SLOWER', 'MEC_USED', 'CLEAN', 'CLEAN', 'NEUTRAL', 'NEUTRAL', 'CLEAR', 'CLEAR', 'OPENING', 'BANCO_OFF')",40,12,12,100.000,HEAL,17.500,2.345908,10.4427
"('TANK', 'SWEEPER', 'DEFENSIVE_DIS', 'FULL', 'FULL', 'NORMAL', 'SLOWER', 'MEC_USED', 'CLEAN', 'CLEAN', 'NEUTRAL', 'NEUTRAL', 'CLEAR', 'CLEAR', 'OPENING', 'BANCO_OFF')",40,12,14,85.714,SWITCH_DEFENSIVE,20.000,2.234723,9.3439
"('SWEEPER', 'TANK', 'VOLATILE', 'FULL', 'FULL', 'FIELD_THEIRS', 'FASTER', 'MEC_USED', 'CLEAN', 'CLEAN', 'NEUTRAL', 'NEUTRAL', 'CLEAR', 'CLEAR', 'OPENING', 'BANCO_OFF')",40,6,7,85.714,ATTACK_STRONG,77.500,0.875829,2.4009
"('TANK', 'TANK', 'NEUTRAL', 'FULL', 'FULL', 'FIELD_THEIRS', 'FASTER', 'MEC_AVAIL', 'CLEAN', 'CLEAN', 'NEUTRAL', 'NEUTRAL', 'CLEAR', 'CLEAR', 'OPENING', 'BANCO_AMBOS')",40,13,18,72.222,ATTACK_PREDICTIVE_MEC,22.500,2.321028,10.1861
"('TANK', 'TANK', 'NEUTRAL', 'FULL', 'FULL', 'NORMAL', 'FASTER', 'MEC_USED', 'AFFLICTED', 'CLEAN', 'NEUTRAL', 'NEUTRAL', 'CLEAR', 'CLEAR', 'RECOVERING', 'BANCO_VAZIO')",40,11,11,100.000,ATTACK_STRONG,30.000,2.100003,8.1662
"('TANK', 'TANK', 'NEUTRAL', 'FULL', 'SAFE', 'NORMAL', 'SLOWER', 'MEC_USED', 'CLEAN', 'CLEAN', 'NEUTRAL', 'NEUTRAL', 'CLEAR', 'CLEAR', 'OPENING', 'BANCO_AMBOS')",40,11,14,78.571,ATTACK_TECH,40.000,1.914312,6.7823
"('TANK', 'TANK', 'NEUTRAL', 'SAFE', 'FULL', 'NORMAL', 'SLOWER', 'MEC_USED', 'CLEAN', 'CLEAN', 'NEUTRAL', 'NEUTRAL', 'SET', 'SET', 'CLUTCH', 'BANCO_VAZIO')",40,10,11,90.909,ATTACK_TECH,25.000,1.964277,7.1298
"('TANK', 'TANK', 'NEUTRAL', 'FULL', 'FULL', 'NORMAL', 'SLOWER', 'MEC_USED', 'CLEAN', 'CLEAN', 'NEUTRAL', 'NEUTRAL', 'CLEAR', 'SET', 'RECOVERING', 'BANCO_VAZIO')",40,5,10,50.000,STAT_CLEAN,57.500,1.017704,2.7668
"('TANK', 'TANK', 'DEFENSIVE_ADV', 'FULL', 'FULL', 'NORMAL', 'SLOWER', 'MEC_USED', 'AFFLICTED', 'AFFLICTED', 'DEBUFF', 'DEBUFF', 'SET', 'CLEAR', 'CLUTCH', 'BANCO_VAZIO')",40,2,2,100.000,STAT_CLEAN,72.500,0.588169,1.8007
"('TANK', 'TANK', 'STALEMATE', 'FULL', 'FULL', 'NORMAL', 'SLOWER', 'MEC_USED', 'CLEAN', 'CLEAN', 'NEUTRAL', 'NEUTRAL', 'SET', 'SET', 'CLUTCH', 'BANCO_VAZIO')",39,3,8,37.500,HAZARD,56.410,0.842793,2.3228
"('TANK', 'TANK', 'VOLATILE', 'FULL', 'FULL', 'FIELD_OURS_OFF', 'SLOWER', 'MEC_USED', 'CLEAN', 'CLEAN', 'NEUTRAL', 'NEUTRAL', 'CLEAR', 'CLEAR', 'OPENING', 'BANCO_AMBOS')",39,10,10,100.000,ATTACK_STRONG,46.154,1.778233,5.9194
"('SWEEPER', 'TANK', 'VOLATILE', 'FULL', 'FULL', 'FIELD_THEIRS', 'FASTER', 'MEC_USED', 'CLEAN', 'CLEAN', 'NEUTRAL', 'DEBUFF', 'CLEAR', 'CLEAR', 'OPENING', 'BANCO_OFF')",39,7,7,100.000,ATTACK_PIVOT,25.641,1.873019,6.5079
"('UTILITY', 'TANK', 'DEFENSIVE_DIS', 'FULL', 'FULL', 'NORMAL', 'FASTER', 'MEC_AVAIL', 'CLEAN', 'CLEAN', 'NEUTRAL', 'NEUTRAL', 'CLEAR', 'CLEAR', 'OPENING', 'BANCO_AMBOS')",39,6,8,75.000,ATTACK_PREDICTIVE,43.590,1.369025,3.9315
"('SWEEPER', 'SWEEPER', 'OFFENSIVE_ADV', 'FULL', 'FULL', 'FIELD_THEIRS', 'FASTER', 'MEC_USED', 'CLEAN', 'CLEAN', 'NEUTRAL', 'DEBUFF', 'CLEAR', 'CLEAR', 'OPENING', 'BANCO_AMBOS')",39,2,5,40.000,ATTACK_STRONG,97.436,0.119247,1.1266
"('TANK', 'TANK', 'OFFENSIVE_DIS', 'FULL', 'FULL', 'NORMAL', 'SLOWER', 'MEC_USED', 'AFFLICTED', 'AFFLICTED', 'NEUTRAL', 'NEUTRAL', 'CLEAR', 'SET', 'RECOVERING', 'BANCO_VAZIO')",39,5,6,83.333,HAZARD,43.590,1.334402,3.7977
"('TANK', 'TANK', 'DEFENSIVE_DIS', 'FULL', 'FULL', 'NORMAL', 'FASTER', 'MEC_AVAIL', 'CLEAN', 'CLEAN', 'NEUTRAL', 'NEUTRAL', 'CLEAR', 'CLEAR', 'OPENING', 'BANCO_OFF')",38,13,20,65.000,ATTACK_STRONG_MEC,21.053,2.184686,8.8879
"('SWEEPER', 'UTILITY', 'OFFENSIVE_ADV', 'FULL', 'FULL', 'FIELD_OURS_OFF', 'FASTER', 'MEC_USED', 'CLEAN', 'CLEAN', 'NEUTRAL', 'NEUTRAL', 'CLEAR', 'CLEAR', 'OPENING', 'BANCO_OFF')",38,4,10,40.000,ATTACK_STRONG,86.842,0.514413,1.6727
"('TANK', 'SWEEPER', 'CRITICAL_DIS', 'FULL', 'FULL', 'NORMAL', 'SLOWER', 'MEC_USED', 'CLEAN', 'CLEAN', 'NEUTRAL', 'NEUTRAL', 'CLEAR', 'CLEAR', 'OPENING', 'BANCO_OFF')",38,10,15,66.667,SWITCH_DEFENSIVE,26.316,2.032161,7.6306
"('TANK', 'TANK', 'NEUTRAL', 'SAFE', 'SAFE', 'NORMAL', 'FASTER', 'MEC_USED', 'AFFLICTED', 'CLEAN', 'NEUTRAL', 'NEUTRAL', 'CLEAR', 'CLEAR', 'RECOVERING', 'BANCO_VAZIO')",38,8,8,100.000,HEAL,42.105,1.690301,5.4211
"('TANK', 'TANK', 'NEUTRAL', 'SAFE', 'FULL', 'NORMAL', 'FASTER', 'MEC_USED', 'AFFLICTED', 'AFFLICTED', 'DEBUFF', 'NEUTRAL', 'CLEAR', 'CLEAR', 'CLUTCH', 'BANCO_VAZIO')",38,5,6,83.333,ATTACK_STRONG,44.737,1.340616,3.8214
"('TANK', 'UTILITY', 'CRITICAL_DIS', 'FULL', 'FULL', 'NORMAL', 'SLOWER', 'MEC_USED', 'CLEAN', 'CLEAN', 'NEUTRAL', 'NEUTRAL', 'CLEAR', 'CLEAR', 'OPENING', 'BANCO_AMBOS')",38,6,12,50.000,ATTACK_TECH,50.000,1.096399,2.9934
"('UTILITY', 'TANK', 'OFFENSIVE_ADV', 'FULL', 'FULL', 'FIELD_THEIRS', 'SLOWER', 'MEC_USED', 'CLEAN', 'CLEAN', 'NEUTRAL', 'NEUTRAL', 'CLEAR', 'CLEAR', 'OPENING', 'BANCO_AMBOS')",38,8,8,100.000,ATTACK_PREDICTIVE,18.421,1.944323,6.9889
"('TANK', 'TANK', 'OFFENSIVE_DIS', 'FULL', 'FULL', 'NORMAL', 'SLOWER', 'MEC_USED', 'AFFLICTED', 'AFFLICTED', 'NEUTRAL', 'NEUTRAL', 'CLEAR', 'CLEAR', 'CLUTCH', 'BANCO_OFF')",38,2,5,40.000,SWITCH_OFFENSIVE,86.842,0.389377,1.4761
"('TANK', 'TANK', 'OFFENSIVE_DIS', 'FULL', 'CRIT', 'NORMAL', 'FASTER', 'MEC_USED', 'CLEAN', 'AFFLICTED', 'NEUTRAL', 'DEBUFF', 'SET', 'CLEAR', 'CLUTCH', 'BANCO_VAZIO')",38,3,3,100.000,STATUS,76.316,0.630031,1.8777
"('TANK', 'TANK', 'DOMINANT', 'FULL', 'FULL', 'NORMAL', 'FASTER', 'MEC_USED', 'CLEAN', 'CLEAN', 'NEUTRAL', 'NEUTRAL', 'SET', 'CLEAR', 'OPENING', 'BANCO_AMBOS')",38,11,13,84.615,ATTACK_STRONG,21.053,2.203333,9.0551
"('TANK', 'TANK', 'DOMINANT', 'FULL', 'SAFE', 'NORMAL', 'FASTER', 'MEC_USED', 'CLEAN', 'CLEAN', 'NEUTRAL', 'NEUTRAL', 'CLEAR', 'CLEAR', 'OPENING', 'BANCO_AMBOS')",37,11,14,78.571,ATTACK_TECH,24.324,2.155485,8.6321
"('SWEEPER', 'TANK', 'NEUTRAL', 'FULL', 'FULL', 'FIELD_THEIRS', 'FASTER', 'MEC_AVAIL', 'CLEAN', 'CLEAN', 'NEUTRAL', 'NEUTRAL', 'CLEAR', 'CLEAR', 'OPENING', 'BANCO_AMBOS')",37,9,12,75.000,ATTACK_PREDICTIVE_MEC,24.324,1.920765,6.8262
"('TANK', 'TANK', 'DOMINANT', 'FULL', 'FULL', 'FIELD_OURS_DEF', 'FASTER', 'MEC_USED', 'CLEAN', 'CLEAN', 'NEUTRAL', 'NEUTRAL', 'CLEAR', 'CLEAR', 'OPENING', 'BANCO_AMBOS')",37,1,6,16.667,ATTACK_STRONG,100.000,-0.000000,1.0000
"('UTILITY', 'TANK', 'OFFENSIVE_ADV', 'FULL', 'FULL', 'FIELD_THEIRS', 'FASTER', 'MEC_USED', 'CLEAN', 'CLEAN', 'NEUTRAL', 'NEUTRAL', 'CLEAR', 'CLEAR', 'OPENING', 'BANCO_AMBOS')",37,8,9,88.889,SWITCH_OFFENSIVE,27.027,1.849046,6.3538
"('TANK', 'TANK', 'DEFENSIVE_DIS', 'FULL', 'FULL', 'FIELD_OURS_DEF', 'FASTER', 'MEC_USED', 'CLEAN', 'CLEAN', 'NEUTRAL', 'NEUTRAL', 'CLEAR', 'CLEAR', 'OPENING', 'BANCO_DEF')",37,4,4,100.000,ATTACK_PREDICTIVE,40.541,1.146352,3.1467
"('UTILITY', 'TANK', 'NEUTRAL', 'FULL', 'FULL', 'FIELD_THEIRS', 'SLOWER', 'MEC_USED', 'CLEAN', 'CLEAN', 'NEUTRAL', 'NEUTRAL', 'CLEAR', 'CLEAR', 'OPENING', 'BANCO_AMBOS')",37,2,9,22.222,FIELD_CONTROL,72.973,0.583527,1.7923
"('TANK', 'TANK', 'DEFENSIVE_ADV', 'FULL', 'SAFE', 'FIELD_SHARED', 'SLOWER', 'MEC_USED', 'CLEAN', 'CLEAN', 'NEUTRAL', 'NEUTRAL', 'CLEAR', 'CLEAR', 'OPENING', 'BANCO_OFF')",37,10,11,90.909,ATTACK_PREDICTIVE,37.838,1.954439,7.0600
"('TANK', 'TANK', 'DOMINANT', 'FULL', 'FULL', 'NORMAL', 'FASTER', 'MEC_AVAIL', 'CLEAN', 'CLEAN', 'NEUTRAL', 'NEUTRAL', 'CLEAR', 'CLEAR', 'OPENING', 'BANCO_OFF')",37,15,16,93.750,ATTACK_STRONG_MEC,35.135,2.283436,9.8103
"('TANK', 'SWEEPER', 'NEUTRAL', 'FULL', 'FULL', 'FIELD_OURS_OFF', 'SLOWER', 'MEC_USED', 'CLEAN', 'CLEAN', 'NEUTRAL', 'NEUTRAL', 'CLEAR', 'CLEAR', 'OPENING', 'BANCO_OFF')",37,10,10,100.000,ATTACK_PIVOT,32.432,1.999087,7.3823
"('UTILITY', 'TANK', 'DEFENSIVE_ADV', 'FULL', 'FULL', 'NORMAL', 'FASTER', 'MEC_USED', 'CLEAN', 'CLEAN', 'NEUTRAL', 'NEUTRAL', 'CLEAR', 'CLEAR', 'OPENING', 'BANCO_AMBOS')",37,7,7,100.000,ATTACK_STRONG,48.649,1.471156,4.3543
"('TANK', 'TANK', 'NEUTRAL', 'FULL', 'SAFE', 'NORMAL', 'SLOWER', 'MEC_USED', 'CLEAN', 'CLEAN', 'NEUTRAL', 'NEUTRAL', 'SET', 'CLEAR', 'OPENING', 'BANCO_OFF')",37,11,13,84.615,HEAL,24.324,2.215191,9.1632
"('TANK', 'TANK', 'NEUTRAL', 'FULL', 'FULL', 'NORMAL', 'FASTER', 'MEC_USED', 'CLEAN', 'CLEAN', 'NEUTRAL', 'NEUTRAL', 'SET', 'CLEAR', 'OPENING', 'BANCO_AMBOS')",37,13,14,92.857,HEAL,18.919,2.310313,10.0776
"('TANK', 'TANK', 'NEUTRAL', 'FULL', 'SAFE', 'NORMAL', 'SLOWER', 'MEC_USED', 'CLEAN', 'CLEAN', 'DEBUFF', 'NEUTRAL', 'CLEAR', 'CLEAR', 'CLUTCH', 'BANCO_VAZIO')",36,3,9,33.333,ATTACK_STRONG,94.444,0.253067,1.2880
"('TANK', 'TANK', 'OFFENSIVE_ADV', 'DANGER', 'FULL', 'NORMAL', 'FASTER', 'MEC_USED', 'CLEAN', 'CLEAN', 'NEUTRAL', 'NEUTRAL', 'CLEAR', 'CLEAR', 'OPENING', 'BANCO_OFF')",36,12,13,92.308,SWITCH_DEFENSIVE,25.000,2.250012,9.4878
"('TANK', 'TANK', 'DEFENSIVE_ADV', 'FULL', 'FULL', 'FIELD_THEIRS', 'FASTER', 'MEC_USED', 'CLEAN', 'CLEAN', 'NEUTRAL', 'NEUTRAL', 'CLEAR', 'CLEAR', 'OPENING', 'BANCO_OFF')",36,9,10,90.000,ATTACK_PREDICTIVE,22.222,2.079024,7.9967
"('SWEEPER', 'TANK', 'NEUTRAL', 'FULL', 'FULL', 'NORMAL', 'FASTER', 'MEC_USED', 'CLEAN', 'CLEAN', 'NEUTRAL', 'NEUTRAL', 'CLEAR', 'CLEAR', 'OPENING', 'BANCO_DEF')",36,8,9,88.889,SWITCH_DEFENSIVE,33.333,1.722206,5.5969
"('TANK', 'SWEEPER', 'OFFENSIVE_ADV', 'FULL', 'FULL', 'FIELD_THEIRS', 'SLOWER', 'MEC_USED', 'CLEAN', 'CLEAN', 'NEUTRAL', 'NEUTRAL', 'CLEAR', 'CLEAR', 'OPENING', 'BANCO_AMBOS')",36,12,13,92.308,STAT_CLEAN,16.667,2.363116,10.6240
"('TANK', 'TANK', 'NEUTRAL', 'FULL', 'FULL', 'NORMAL', 'SLOWER', 'MEC_USED', 'CLEAN', 'CLEAN', 'NEUTRAL', 'NEUTRAL', 'CLEAR', 'CLEAR', 'CLUTCH', 'BANCO_VAZIO')",36,5,13,38.462,ATTACK_PREDICTIVE,72.222,0.893314,2.4432
"('TANK', 'TANK', 'NEUTRAL', 'FULL', 'FULL', 'NORMAL', 'SLOWER', 'MEC_USED', 'CLEAN', 'CLEAN', 'NEUTRAL', 'NEUTRAL', 'CLEAR', 'CLEAR', 'OPENING', 'BANCO_DEF')",36,6,11,54.545,FIELD_CONTROL,58.333,1.129432,3.0939
"('TANK', 'TANK', 'OFFENSIVE_ADV', 'SAFE', 'FULL', 'FIELD_OURS_OFF', 'FASTER', 'MEC_USED', 'CLEAN', 'CLEAN', 'NEUTRAL', 'NEUTRAL', 'CLEAR', 'CLEAR', 'OPENING', 'BANCO_OFF')",36,9,11,81.818,BUFF,19.444,2.096424,8.1370
"('TANK', 'TANK', 'DOMINANT', 'SAFE', 'FULL', 'NORMAL', 'SLOWER', 'MEC_USED', 'CLEAN', 'CLEAN', 'NEUTRAL', 'NEUTRAL', 'CLEAR', 'CLEAR', 'OPENING', 'BANCO_OFF')",36,10,11,90.909,SWITCH_OFFENSIVE,36.111,1.941781,6.9712
"('TANK', 'TANK', 'DEFENSIVE_DIS', 'FULL', 'FULL', 'NORMAL', 'FASTER', 'MEC_USED', 'CLEAN', 'CLEAN', 'NEUTRAL', 'NEUTRAL', 'CLEAR', 'CLEAR', 'RECOVERING', 'BANCO_VAZIO')",36,9,11,81.818,HEAL,25.000,1.856609,6.4020
"('TANK', 'TANK', 'NEUTRAL', 'FULL', 'FULL', 'NORMAL', 'SLOWER', 'MEC_USED', 'AFFLICTED', 'CLEAN', 'DEBUFF', 'NEUTRAL', 'SET', 'SET', 'CLUTCH', 'BANCO_VAZIO')",36,3,3,100.000,HAZARD,83.333,0.556647,1.7448
"('TANK', 'TANK', 'NEUTRAL', 'FULL', 'FULL', 'NORMAL', 'FASTER', 'MEC_USED', 'AFFLICTED', 'AFFLICTED', 'DEBUFF', 'BUFFED', 'SET', 'CLEAR', 'CLUTCH', 'BANCO_VAZIO')",35,3,3,100.000,STATUS,51.429,0.957742,2.6058
"('TANK', 'TANK', 'NEUTRAL', 'FULL', 'SAFE', 'FIELD_SHARED', 'FASTER', 'MEC_USED', 'CLEAN', 'CLEAN', 'NEUTRAL', 'NEUTRAL', 'CLEAR', 'CLEAR', 'OPENING', 'BANCO_VAZIO')",35,12,13,92.308,ATTACK_TECH,28.571,2.164324,8.7087
"('TANK', 'TANK', 'DEFENSIVE_DIS', 'FULL', 'SAFE', 'NORMAL', 'SLOWER', 'MEC_USED', 'CLEAN', 'AFFLICTED', 'NEUTRAL', 'NEUTRAL', 'CLEAR', 'SET', 'CLUTCH', 'BANCO_VAZIO')",35,3,7,42.857,ATTACK_STRONG,71.429,0.691150,1.9960
"('TANK', 'TANK', 'NEUTRAL', 'FULL', 'SAFE', 'NORMAL', 'FASTER', 'MEC_USED', 'AFFLICTED', 'CLEAN', 'NEUTRAL', 'NEUTRAL', 'CLEAR', 'CLEAR', 'RECOVERING', 'BANCO_VAZIO')",35,10,11,90.909,HEAL,20.000,2.041863,7.7050
"('TANK', 'TANK', 'CRITICAL_DIS', 'FULL', 'FULL', 'NORMAL', 'FASTER', 'MEC_USED', 'CLEAN', 'CLEAN', 'NEUTRAL', 'NEUTRAL', 'SET', 'SET', 'RECOVERING', 'BANCO_VAZIO')",35,7,11,63.636,BUFF,68.571,1.138461,3.1220
"('TANK', 'TANK', 'DEFENSIVE_DIS', 'FULL', 'FULL', 'NORMAL', 'SLOWER', 'MEC_AVAIL', 'CLEAN', 'CLEAN', 'NEUTRAL', 'NEUTRAL', 'CLEAR', 'CLEAR', 'OPENING', 'BANCO_OFF')",35,15,18,83.333,SWITCH_OFFENSIVE,20.000,2.378465,10.7883
"('TANK', 'TANK', 'OFFENSIVE_ADV', 'FULL', 'SAFE', 'FIELD_THEIRS', 'FASTER', 'MEC_AVAIL', 'CLEAN', 'CLEAN', 'NEUTRAL', 'NEUTRAL', 'CLEAR', 'CLEAR', 'OPENING', 'BANCO_OFF')",35,12,14,85.714,ATTACK_PREDICTIVE,17.143,2.364344,10.6371
"('TANK', 'UTILITY', 'DOMINANT', 'FULL', 'FULL', 'FIELD_SHARED', 'SLOWER', 'MEC_USED', 'CLEAN', 'CLEAN', 'NEUTRAL', 'NEUTRAL', 'CLEAR', 'CLEAR', 'OPENING', 'BANCO_OFF')",35,11,11,100.000,ATTACK_PREDICTIVE,22.857,2.133912,8.4479
"('TANK', 'SWEEPER', 'NEUTRAL', 'FULL', 'FULL', 'FIELD_SHARED', 'SLOWER', 'MEC_USED', 'CLEAN', 'CLEAN', 'NEUTRAL', 'NEUTRAL', 'CLEAR', 'CLEAR', 'OPENING', 'BANCO_OFF')",35,12,12,100.000,BARRIER,22.857,2.315027,10.1252
"('TANK', 'SWEEPER', 'OFFENSIVE_DIS', 'FULL', 'SAFE', 'NORMAL', 'SLOWER', 'MEC_USED', 'CLEAN', 'CLEAN', 'NEUTRAL', 'NEUTRAL', 'CLEAR', 'CLEAR', 'OPENING', 'BANCO_OFF')",35,9,12,75.000,STATUS,31.429,1.970459,7.1740
"('TANK', 'TANK', 'OFFENSIVE_DIS', 'SAFE', 'FULL', 'NORMAL', 'SLOWER', 'MEC_USED', 'CLEAN', 'CLEAN', 'NEUTRAL', 'NEUTRAL', 'CLEAR', 'CLEAR', 'RECOVERING', 'BANCO_VAZIO')",35,13,14,92.857,STATUS,17.143,2.341663,10.3985
"('TANK', 'TANK', 'NEUTRAL', 'FULL', 'FULL', 'NORMAL', 'SLOWER', 'MEC_USED', 'AFFLICTED', 'AFFLICTED', 'NEUTRAL', 'NEUTRAL', 'CLEAR', 'SET', 'CLUTCH', 'BANCO_VAZIO')",35,2,6,33.333,HAZARD,65.714,0.642912,1.9020
"('TANK', 'TANK', 'NEUTRAL', 'DANGER', 'SAFE', 'NORMAL', 'SLOWER', 'MEC_USED', 'CLEAN', 'CLEAN', 'NEUTRAL', 'NEUTRAL', 'SET', 'SET', 'RECOVERING', 'BANCO_VAZIO')",34,12,13,92.308,STAT_CLEAN,14.706,2.369843,10.6957
"('TANK', 'TANK', 'OFFENSIVE_ADV', 'SAFE', 'SAFE', 'FIELD_SHARED', 'SLOWER', 'MEC_USED', 'CLEAN', 'CLEAN', 'NEUTRAL', 'NEUTRAL', 'CLEAR', 'CLEAR', 'OPENING', 'BANCO_OFF')",34,11,13,84.615,HAZARD,23.529,2.185438,8.8945
"('TANK', 'TANK', 'DEFENSIVE_DIS', 'FULL', 'SAFE', 'NORMAL', 'FASTER', 'MEC_USED', 'CLEAN', 'CLEAN', 'NEUTRAL', 'NEUTRAL', 'CLEAR', 'CLEAR', 'OPENING', 'BANCO_AMBOS')",34,9,12,75.000,SWITCH_DEFENSIVE,58.824,1.488746,4.4315
"('TANK', 'TANK', 'VOLATILE', 'FULL', 'FULL', 'FIELD_OURS_DEF', 'FASTER', 'MEC_AVAIL', 'CLEAN', 'CLEAN', 'NEUTRAL', 'NEUTRAL', 'CLEAR', 'CLEAR', 'OPENING', 'BANCO_OFF')",34,1,10,10.000,ATTACK_STRONG_MEC,100.000,-0.000000,1.0000
"('TANK', 'TANK', 'NEUTRAL', 'SAFE', 'FULL', 'NORMAL', 'SLOWER', 'MEC_USED', 'CLEAN', 'CLEAN', 'NEUTRAL', 'NEUTRAL', 'CLEAR', 'SET', 'RECOVERING', 'BANCO_VAZIO')",34,6,14,42.857,ATTACK_STRONG,70.588,1.005573,2.7335
"('TANK', 'TANK', 'NEUTRAL', 'FULL', 'FULL', 'FIELD_THEIRS', 'SLOWER', 'MEC_AVAIL', 'CLEAN', 'CLEAN', 'NEUTRAL', 'NEUTRAL', 'CLEAR', 'CLEAR', 'OPENING', 'BANCO_OFF')",34,12,14,85.714,BUFF,14.706,2.379837,10.8031
"('TANK', 'TANK', 'DOMINANT', 'FULL', 'FULL', 'FIELD_OURS_DEF', 'SLOWER', 'MEC_USED', 'CLEAN', 'CLEAN', 'NEUTRAL', 'NEUTRAL', 'CLEAR', 'CLEAR', 'OPENING', 'BANCO_AMBOS')",34,7,9,77.778,SWITCH_OFFENSIVE,32.353,1.598126,4.9438
"('TANK', 'TANK', 'OFFENSIVE_DIS', 'SAFE', 'FULL', 'FIELD_SHARED', 'SLOWER', 'MEC_USED', 'CLEAN', 'CLEAN', 'NEUTRAL', 'NEUTRAL', 'CLEAR', 'CLEAR', 'OPENING', 'BANCO_AMBOS')",34,11,13,84.615,HEAL,23.529,2.139740,8.4972
"('UTILITY', 'TANK', 'DEFENSIVE_DIS', 'FULL', 'FULL', 'NORMAL', 'FASTER', 'MEC_USED', 'CLEAN', 'CLEAN', 'NEUTRAL', 'NEUTRAL', 'CLEAR', 'CLEAR', 'OPENING', 'BANCO_AMBOS')",34,8,9,88.889,ATTACK_PIVOT,41.176,1.558592,4.7521
"('TANK', 'TANK', 'STALEMATE', 'FULL', 'FULL', 'NORMAL', 'SLOWER', 'MEC_USED', 'AFFLICTED', 'AFFLICTED', 'DEBUFF', 'DEBUFF', 'SET', 'SET', 'RECOVERING', 'BANCO_VAZIO')",34,4,6,66.667,STAT_CLEAN,58.824,1.103507,3.0147
"('TANK', 'SWEEPER', 'OFFENSIVE_ADV', 'FULL', 'SAFE', 'NORMAL', 'SLOWER', 'MEC_USED', 'CLEAN', 'CLEAN', 'NEUTRAL', 'NEUTRAL', 'CLEAR', 'CLEAR', 'OPENING', 'BANCO_OFF')",34,11,12,91.667,ATTACK_TECH,32.353,2.077412,7.9838
"('TANK', 'TANK', 'STALEMATE', 'FULL', 'FULL', 'NORMAL', 'SLOWER', 'MEC_USED', 'AFFLICTED', 'AFFLICTED', 'DEBUFF', 'DEBUFF', 'SET', 'CLEAR', 'CLUTCH', 'BANCO_VAZIO')",34,2,2,100.000,STAT_CLEAN,55.882,0.686211,1.9862
"('TANK', 'TANK', 'DEFENSIVE_DIS', 'FULL', 'FULL', 'NORMAL', 'SLOWER', 'MEC_USED', 'CLEAN', 'AFFLICTED', 'NEUTRAL', 'NEUTRAL', 'SET', 'SET', 'RECOVERING', 'BANCO_VAZIO')",33,7,8,87.500,STAT_CLEAN,72.727,1.059169,2.8840
"('TANK', 'SWEEPER', 'OFFENSIVE_ADV', 'FULL', 'FULL', 'NORMAL', 'SLOWER', 'MEC_AVAIL', 'CLEAN', 'CLEAN', 'NEUTRAL', 'NEUTRAL', 'CLEAR', 'CLEAR', 'OPENING', 'BANCO_OFF')",33,11,17,64.706,ATTACK_STRONG_MEC,39.394,1.889412,6.6155
"('SWEEPER', 'TANK', 'OFFENSIVE_ADV', 'FULL', 'FULL', 'NORMAL', 'FASTER', 'MEC_USED', 'CLEAN', 'CLEAN', 'NEUTRAL', 'DEBUFF', 'SET', 'CLEAR', 'OPENING', 'BANCO_OFF')",33,8,8,100.000,ATTACK_STRONG,21.212,1.992049,7.3305
"('SWEEPER', 'TANK', 'NEUTRAL', 'FULL', 'FULL', 'FIELD_THEIRS', 'FASTER', 'MEC_USED', 'CLEAN', 'CLEAN', 'NEUTRAL', 'NEUTRAL', 'CLEAR', 'CLEAR', 'OPENING', 'BANCO_OFF')",33,7,7,100.000,SWITCH_DEFENSIVE,21.212,1.852264,6.3742
"('TANK', 'TANK', 'NEUTRAL', 'SAFE', 'DANGER', 'NORMAL', 'SLOWER', 'MEC_USED', 'CLEAN', 'CLEAN', 'NEUTRAL', 'NEUTRAL', 'SET', 'SET', 'RECOVERING', 'BANCO_VAZIO')",33,10,13,76.923,STAT_CLEAN,36.364,1.915203,6.7883
"('TANK', 'TANK', 'OFFENSIVE_DIS', 'FULL', 'SAFE', 'NORMAL', 'SLOWER', 'MEC_USED', 'CLEAN', 'CLEAN', 'NEUTRAL', 'NEUTRAL', 'CLEAR', 'SET', 'RECOVERING', 'BANCO_VAZIO')",33,11,12,91.667,ATTACK_TECH,39.394,1.974309,7.2016
"('TANK', 'TANK', 'NEUTRAL', 'SAFE', 'SAFE', 'NORMAL', 'FASTER', 'MEC_USED', 'CLEAN', 'CLEAN', 'NEUTRAL', 'NEUTRAL', 'CLEAR', 'SET', 'RECOVERING', 'BANCO_VAZIO')",33,10,14,71.429,ATTACK_TECH,36.364,1.988924,7.3077
"('TANK', 'TANK', 'DEFENSIVE_DIS', 'SAFE', 'SAFE', 'NORMAL', 'SLOWER', 'MEC_USED', 'CLEAN', 'CLEAN', 'NEUTRAL', 'NEUTRAL', 'CLEAR', 'CLEAR', 'OPENING', 'BANCO_OFF')",33,7,14,50.000,ATTACK_STRONG,54.545,1.408177,4.0885
"('TANK', 'TANK', 'OFFENSIVE_DIS', 'SAFE', 'SAFE', 'NORMAL', 'SLOWER', 'MEC_USED', 'CLEAN', 'CLEAN', 'NEUTRAL', 'NEUTRAL', 'SET', 'CLEAR', 'OPENING', 'BANCO_OFF')",33,10,14,71.429,STAT_CLEAN,33.333,1.977498,7.2246
"('TANK', 'TANK', 'OFFENSIVE_ADV', 'SAFE', 'SAFE', 'FIELD_THEIRS', 'FASTER', 'MEC_USED', 'CLEAN', 'CLEAN', 'NEUTRAL', 'NEUTRAL', 'CLEAR', 'CLEAR', 'OPENING', 'BANCO_OFF')",33,11,12,91.667,ATTACK_STRONG,51.515,1.769064,5.8654
"('TANK', 'TANK', 'DOMINANT', 'FULL', 'FULL', 'FIELD_SHARED', 'FASTER', 'MEC_USED', 'CLEAN', 'CLEAN', 'NEUTRAL', 'NEUTRAL', 'SET', 'CLEAR', 'OPENING', 'BANCO_OFF')",33,11,12,91.667,HEAL,27.273,2.151401,8.5969
"('TANK', 'TANK', 'DEFENSIVE_DIS', 'SAFE', 'SAFE', 'NORMAL', 'FASTER', 'MEC_USED', 'CLEAN', 'CLEAN', 'NEUTRAL', 'NEUTRAL', 'CLEAR', 'CLEAR', 'OPENING', 'BANCO_OFF')",33,10,11,90.909,ATTACK_PREDICTIVE,18.182,2.173359,8.7877
"('TANK', 'TANK', 'DEFENSIVE_DIS', 'FULL', 'FULL', 'FIELD_THEIRS', 'FASTER', 'MEC_USED', 'CLEAN', 'CLEAN', 'NEUTRAL', 'NEUTRAL', 'CLEAR', 'CLEAR', 'OPENING', 'BANCO_VAZIO')",33,9,10,90.000,ATTACK_PIVOT,21.212,1.980389,7.2456
"('TANK', 'SWEEPER', 'OFFENSIVE_ADV', 'FULL', 'FULL', 'FIELD_OURS_OFF', 'SLOWER', 'MEC_USED', 'CLEAN', 'CLEAN', 'NEUTRAL', 'NEUTRAL', 'CLEAR', 'CLEAR', 'OPENING', 'BANCO_AMBOS')",33,4,7,57.143,ATTACK_PREDICTIVE,84.848,0.585165,1.7953
"('TANK', 'TANK', 'OFFENSIVE_DIS', 'FULL', 'FULL', 'FIELD_SHARED', 'FASTER', 'MEC_USED', 'CLEAN', 'CLEAN', 'NEUTRAL', 'NEUTRAL', 'CLEAR', 'CLEAR', 'OPENING', 'BANCO_AMBOS')",33,10,14,71.429,ATTACK_PIVOT,21.212,2.178039,8.8290
"('TANK', 'TANK', 'NEUTRAL', 'SAFE', 'FULL', 'NORMAL', 'SLOWER', 'MEC_USED', 'CLEAN', 'CLEAN', 'NEUTRAL', 'NEUTRAL', 'SET', 'CLEAR', 'OPENING', 'BANCO_VAZIO')",33,10,13,76.923,HEAL,48.485,1.784439,5.9562
"('TANK', 'SWEEPER', 'OFFENSIVE_ADV', 'SAFE', 'SAFE', 'NORMAL', 'SLOWER', 'MEC_USED', 'CLEAN', 'CLEAN', 'NEUTRAL', 'NEUTRAL', 'CLEAR', 'CLEAR', 'OPENING', 'BANCO_OFF')",33,11,12,91.667,HEAL,45.455,1.871639,6.4989
"('TANK', 'TANK', 'OFFENSIVE_DIS', 'FULL', 'SAFE', 'NORMAL', 'SLOWER', 'MEC_USED', 'CLEAN', 'CLEAN', 'NEUTRAL', 'NEUTRAL', 'CLEAR', 'CLEAR', 'RECOVERING', 'BANCO_VAZIO')",33,9,10,90.000,HEAL,45.455,1.771766,5.8812
"('TANK', 'TANK', 'NEUTRAL', 'SAFE', 'FULL', 'NORMAL', 'FASTER', 'MEC_USED', 'CLEAN', 'CLEAN', 'NEUTRAL', 'NEUTRAL', 'CLEAR', 'CLEAR', 'CLUTCH', 'BANCO_VAZIO')",32,9,11,81.818,HEAL,40.625,1.819944,6.1715
"('TANK', 'TANK', 'OFFENSIVE_DIS', 'SAFE', 'SAFE', 'NORMAL', 'FASTER', 'MEC_USED', 'CLEAN', 'CLEAN', 'NEUTRAL', 'NEUTRAL', 'CLEAR', 'SET', 'RECOVERING', 'BANCO_VAZIO')",32,12,12,100.000,ATTACK_TECH,25.000,2.203674,9.0582
"('TANK', 'SWEEPER', 'OFFENSIVE_ADV', 'SAFE', 'FULL', 'FIELD_THEIRS', 'SLOWER', 'MEC_USED', 'CLEAN', 'CLEAN', 'NEUTRAL', 'NEUTRAL', 'CLEAR', 'CLEAR', 'OPENING', 'BANCO_OFF')",32,12,14,85.714,ATTACK_STRONG,43.750,1.975193,7.2080
"('TANK', 'TANK', 'DEFENSIVE_ADV', 'FULL', 'FULL', 'NORMAL', 'FASTER', 'MEC_USED', 'CLEAN', 'CLEAN', 'NEUTRAL', 'DEBUFF', 'SET', 'SET', 'CLUTCH', 'BANCO_VAZIO')",32,3,3,100.000,HEAL,56.250,0.797891,2.2209
"('TANK', 'TANK', 'OFFENSIVE_DIS', 'FULL', 'FULL', 'NORMAL', 'SLOWER', 'MEC_USED', 'CLEAN', 'CLEAN', 'NEUTRAL', 'NEUTRAL', 'SET', 'CLEAR', 'OPENING', 'BANCO_OFF')",32,10,14,71.429,SWITCH_DEFENSIVE,21.875,2.062743,7.8675
"('TANK', 'SWEEPER', 'VOLATILE', 'FULL', 'FULL', 'NORMAL', 'SLOWER', 'MEC_USED', 'CLEAN', 'CLEAN', 'NEUTRAL', 'NEUTRAL', 'CLEAR', 'CLEAR', 'OPENING', 'BANCO_OFF')",32,9,9,100.000,ATTACK_STRONG,21.875,2.030040,7.6144
"('TANK', 'TANK', 'OFFENSIVE_DIS', 'SAFE', 'SAFE', 'NORMAL', 'SLOWER', 'MEC_USED', 'CLEAN', 'CLEAN', 'NEUTRAL', 'NEUTRAL', 'SET', 'SET', 'RECOVERING', 'BANCO_VAZIO')",32,12,14,85.714,ATTACK_TECH,21.875,2.260837,9.5911
"('TANK', 'TANK', 'CRITICAL_DIS', 'FULL', 'FULL', 'NORMAL', 'FASTER', 'MEC_USED', 'AFFLICTED', 'AFFLICTED', 'DEBUFF', 'DEBUFF', 'CLEAR', 'CLEAR', 'CLUTCH', 'BANCO_VAZIO')",32,4,6,66.667,HAZARD,90.625,0.414124,1.5130
"('TANK', 'TANK', 'NEUTRAL', 'FULL', 'SAFE', 'NORMAL', 'SLOWER', 'MEC_USED', 'CLEAN', 'CLEAN', 'NEUTRAL', 'NEUTRAL', 'CLEAR', 'SET', 'CLUTCH', 'BANCO_VAZIO')",32,2,11,18.182,ATTACK_STRONG,84.375,0.433399,1.5425
"('TANK', 'SWEEPER', 'OFFENSIVE_DIS', 'SAFE', 'SAFE', 'NORMAL', 'SLOWER', 'MEC_USED', 'CLEAN', 'CLEAN', 'NEUTRAL', 'NEUTRAL', 'CLEAR', 'CLEAR', 'OPENING', 'BANCO_OFF')",32,9,12,75.000,STATUS,50.000,1.656843,5.2427
"('TANK', 'TANK', 'NEUTRAL', 'FULL', 'SAFE', 'NORMAL', 'SLOWER', 'MEC_USED', 'CLEAN', 'CLEAN', 'NEUTRAL', 'NEUTRAL', 'SET', 'SET', 'CLUTCH', 'BANCO_VAZIO')",32,6,13,46.154,ATTACK_STRONG,43.750,1.340555,3.8212
"('TANK', 'TANK', 'OFFENSIVE_ADV', 'SAFE', 'FULL', 'NORMAL', 'FASTER', 'MEC_USED', 'CLEAN', 'CLEAN', 'NEUTRAL', 'NEUTRAL', 'CLEAR', 'CLEAR', 'OPENING', 'BANCO_AMBOS')",32,10,10,100.000,ATTACK_PIVOT,18.750,2.115427,8.2931
"('TANK', 'SWEEPER', 'DEFENSIVE_DIS', 'FULL', 'FULL', 'FIELD_SHARED', 'SLOWER', 'MEC_USED', 'CLEAN', 'CLEAN', 'NEUTRAL', 'NEUTRAL', 'CLEAR', 'CLEAR', 'OPENING', 'BANCO_AMBOS')",32,6,12,50.000,ATTACK_STRONG,59.375,1.208234,3.3476
"('TANK', 'TANK', 'NEUTRAL', 'FULL', 'FULL', 'NORMAL', 'SLOWER', 'MEC_USED', 'CLEAN', 'CLEAN', 'NEUTRAL', 'NEUTRAL', 'SET', 'SET', 'CLUTCH', 'BANCO_VAZIO')",32,4,9,44.444,ATTACK_STRONG,90.625,0.414124,1.5130
"('SWEEPER', 'TANK', 'DOMINANT', 'CRIT', 'FULL', 'NORMAL', 'FASTER', 'MEC_USED', 'CLEAN', 'CLEAN', 'BUFFED', 'DEBUFF', 'CLEAR', 'CLEAR', 'CLUTCH', 'BANCO_VAZIO')",32,3,3,100.000,BUFF,65.625,0.748210,2.1132
"('SWEEPER', 'TANK', 'NEUTRAL', 'FULL', 'FULL', 'NORMAL', 'FASTER', 'MEC_USED', 'CLEAN', 'AFFLICTED', 'NEUTRAL', 'DEBUFF', 'SET', 'CLEAR', 'CLUTCH', 'BANCO_VAZIO')",32,2,2,100.000,STATUS,78.125,0.525321,1.6910
"('TANK', 'TANK', 'DOMINANT', 'FULL', 'FULL', 'FIELD_SHARED', 'FASTER', 'MEC_USED', 'CLEAN', 'CLEAN', 'NEUTRAL', 'NEUTRAL', 'SET', 'CLEAR', 'OPENING', 'BANCO_AMBOS')",32,11,11,100.000,HEAL,56.250,1.650263,5.2084
"('TANK', 'TANK', 'OFFENSIVE_DIS', 'CRIT', 'FULL', 'NORMAL', 'SLOWER', 'MEC_USED', 'AFFLICTED', 'CLEAN', 'DEBUFF', 'NEUTRAL', 'SET', 'SET', 'RECOVERING', 'BANCO_VAZIO')",32,2,3,66.667,HAZARD,65.625,0.643492,1.9031
"('TANK', 'TANK', 'DEFENSIVE_ADV', 'FULL', 'FULL', 'NORMAL', 'SLOWER', 'MEC_USED', 'AFFLICTED', 'CLEAN', 'DEBUFF_DEBUFF', 'NEUTRAL', 'CLEAR', 'CLEAR', 'RECOVERING', 'BANCO_VAZIO')",31,4,4,100.000,CLEAN_HAZARD,80.645,0.659243,1.9333
"('TANK', 'TANK', 'NEUTRAL', 'SAFE', 'FULL', 'NORMAL', 'FASTER', 'MEC_USED', 'CLEAN', 'CLEAN', 'NEUTRAL', 'NEUTRAL', 'CLEAR', 'CLEAR', 'RECOVERING', 'BANCO_VAZIO')",31,13,14,92.857,DISRUPTION,29.032,2.251303,9.5001
"('UTILITY', 'TANK', 'DEFENSIVE_ADV', 'FULL', 'FULL', 'NORMAL', 'FASTER', 'MEC_USED', 'CLEAN', 'CLEAN', 'NEUTRAL', 'NEUTRAL', 'CLEAR', 'CLEAR', 'OPENING', 'BANCO_OFF')",31,9,9,100.000,ATTACK_TECH,19.355,2.123063,8.3567
"('SWEEPER', 'TANK', 'OFFENSIVE_ADV', 'FULL', 'FULL', 'FIELD_THEIRS', 'FASTER', 'MEC_AVAIL', 'CLEAN', 'CLEAN', 'NEUTRAL', 'NEUTRAL', 'CLEAR', 'CLEAR', 'OPENING', 'BANCO_AMBOS')",31,10,11,90.909,SWITCH_OFFENSIVE,22.581,2.094287,8.1196
"('TANK', 'TANK', 'VOLATILE', 'FULL', 'FULL', 'FIELD_OURS_DEF', 'FASTER', 'MEC_USED', 'CLEAN', 'CLEAN', 'NEUTRAL', 'NEUTRAL', 'CLEAR', 'CLEAR', 'OPENING', 'BANCO_OFF')",31,1,10,10.000,ATTACK_STRONG,100.000,-0.000000,1.0000
"('TANK', 'TANK', 'DEFENSIVE_ADV', 'FULL', 'FULL', 'NORMAL', 'SLOWER', 'MEC_USED', 'CLEAN', 'AFFLICTED', 'NEUTRAL', 'DEBUFF', 'SET', 'CLEAR', 'RECOVERING', 'BANCO_VAZIO')",31,2,3,66.667,STAT_CLEAN,77.419,0.534159,1.7060
"('TANK', 'TANK', 'DOMINANT', 'FULL', 'SAFE', 'FIELD_SHARED', 'FASTER', 'MEC_USED', 'CLEAN', 'CLEAN', 'NEUTRAL', 'NEUTRAL', 'CLEAR', 'CLEAR', 'OPENING', 'BANCO_OFF')",31,9,10,90.000,SWITCH_OFFENSIVE,22.581,2.058296,7.8326
"('TANK', 'TANK', 'STALEMATE', 'FULL', 'FULL', 'NORMAL', 'SLOWER', 'MEC_USED', 'CLEAN', 'CLEAN', 'NEUTRAL', 'NEUTRAL', 'CLEAR', 'CLEAR', 'RECOVERING', 'BANCO_VAZIO')",31,7,12,58.333,PROTECT,41.935,1.553060,4.7259
"('TANK', 'TANK', 'DEFENSIVE_DIS', 'FULL', 'FULL', 'FIELD_OURS_DEF', 'SLOWER', 'MEC_USED', 'CLEAN', 'CLEAN', 'NEUTRAL', 'NEUTRAL', 'CLEAR', 'CLEAR', 'OPENING', 'BANCO_AMBOS')",31,6,7,85.714,ATTACK_STRONG,38.710,1.551739,4.7197
"('TANK', 'TANK', 'NEUTRAL', 'SAFE', 'SAFE', 'NORMAL', 'SLOWER', 'MEC_USED', 'CLEAN', 'CLEAN', 'NEUTRAL', 'NEUTRAL', 'CLEAR', 'CLEAR', 'RECOVERING', 'BANCO_VAZIO')",31,10,11,90.909,HEAL,19.355,2.103951,8.1985
"('TANK', 'TANK', 'OFFENSIVE_DIS', 'FULL', 'FULL', 'FIELD_SHARED', 'FASTER', 'MEC_USED', 'CLEAN', 'CLEAN', 'NEUTRAL', 'NEUTRAL', 'CLEAR', 'CLEAR', 'OPENING', 'BANCO_OFF')",31,9,12,75.000,SWITCH_DEFENSIVE,35.484,1.813809,6.1338
"('TANK', 'TANK', 'DEFENSIVE_DIS', 'FULL', 'FULL', 'FIELD_SHARED', 'FASTER', 'MEC_USED', 'CLEAN', 'CLEAN', 'NEUTRAL', 'NEUTRAL', 'CLEAR', 'CLEAR', 'OPENING', 'BANCO_VAZIO')",31,9,10,90.000,SWITCH_OFFENSIVE,32.258,1.980755,7.2482
"('TANK', 'TANK', 'DOMINANT', 'FULL', 'FULL', 'FIELD_SHARED', 'FASTER', 'MEC_AVAIL', 'CLEAN', 'CLEAN', 'NEUTRAL', 'NEUTRAL', 'CLEAR', 'CLEAR', 'OPENING', 'BANCO_AMBOS')",31,8,11,72.727,ATTACK_PREDICTIVE_MEC,35.484,1.842585,6.3128
"('TANK', 'TANK', 'NEUTRAL', 'DANGER', 'SAFE', 'NORMAL', 'SLOWER', 'MEC_USED', 'CLEAN', 'CLEAN', 'NEUTRAL', 'NEUTRAL', 'CLEAR', 'CLEAR', 'OPENING', 'BANCO_OFF')",31,6,12,50.000,ATTACK_PIVOT,38.710,1.560467,4.7610
"('TANK', 'TANK', 'NEUTRAL', 'SAFE', 'FULL', 'NORMAL', 'FASTER', 'MEC_AVAIL', 'CLEAN', 'CLEAN', 'NEUTRAL', 'NEUTRAL', 'CLEAR', 'CLEAR', 'OPENING', 'BANCO_AMBOS')",31,14,22,63.636,HEAL_MEC,25.806,2.310090,10.0753
"('SWEEPER', 'TANK', 'OFFENSIVE_ADV', 'FULL', 'FULL', 'FIELD_SHARED', 'FASTER', 'MEC_USED', 'CLEAN', 'CLEAN', 'NEUTRAL', 'DEBUFF', 'CLEAR', 'CLEAR', 'OPENING', 'BANCO_OFF')",31,7,7,100.000,ATTACK_PIVOT,41.935,1.662546,5.2727
"('TANK', 'TANK', 'NEUTRAL', 'FULL', 'DANGER', 'NORMAL', 'SLOWER', 'MEC_USED', 'CLEAN', 'CLEAN', 'NEUTRAL', 'NEUTRAL', 'CLEAR', 'CLEAR', 'OPENING', 'BANCO_VAZIO')",31,11,12,91.667,ATTACK_PIVOT,32.258,2.084839,8.0433
"('TANK', 'SWEEPER', 'CRITICAL_DIS', 'FULL', 'FULL', 'NORMAL', 'SLOWER', 'MEC_USED', 'CLEAN', 'CLEAN', 'NEUTRAL', 'NEUTRAL', 'CLEAR', 'SET', 'RECOVERING', 'BANCO_VAZIO')",31,7,10,70.000,SWITCH_OFFENSIVE,35.484,1.553706,4.7290
"('TANK', 'TANK', 'OFFENSIVE_DIS', 'SAFE', 'FULL', 'NORMAL', 'SLOWER', 'MEC_USED', 'CLEAN', 'CLEAN', 'NEUTRAL', 'NEUTRAL', 'CLEAR', 'CLEAR', 'OPENING', 'BANCO_VAZIO')",31,12,14,85.714,HEAL,25.806,2.265371,9.6347
"('TANK', 'TANK', 'NEUTRAL', 'DANGER', 'SAFE', 'NORMAL', 'FASTER', 'MEC_USED', 'CLEAN', 'CLEAN', 'NEUTRAL', 'NEUTRAL', 'CLEAR', 'CLEAR', 'OPENING', 'BANCO_OFF')",31,12,13,92.308,ATTACK_TECH,19.355,2.318818,10.1637
"('TANK', 'TANK', 'OFFENSIVE_ADV', 'FULL', 'FULL', 'FIELD_THEIRS', 'FASTER', 'MEC_USED', 'CLEAN', 'CLEAN', 'NEUTRAL', 'NEUTRAL', 'SET', 'CLEAR', 'OPENING', 'BANCO_OFF')",31,10,12,83.333,BUFF,29.032,2.063698,7.8750
"('TANK', 'TANK', 'NEUTRAL', 'FULL', 'FULL', 'NORMAL', 'FASTER', 'MEC_USED', 'CLEAN', 'CLEAN', 'NEUTRAL', 'NEUTRAL', 'SET', 'CLEAR', 'OPENING', 'BANCO_VAZIO')",31,12,12,100.000,ATTACK_PIVOT,16.129,2.325314,10.2299
"('TANK', 'TANK', 'CRITICAL_DIS', 'FULL', 'FULL', 'NORMAL', 'SLOWER', 'MEC_USED', 'AFFLICTED', 'CLEAN', 'DEBUFF', 'NEUTRAL', 'SET', 'SET', 'RECOVERING', 'BANCO_VAZIO')",31,2,3,66.667,HAZARD,74.194,0.571023,1.7701
"('TANK', 'TANK', 'DEFENSIVE_DIS', 'FULL', 'FULL', 'NORMAL', 'SLOWER', 'MEC_USED', 'CLEAN', 'AFFLICTED', 'NEUTRAL', 'NEUTRAL', 'SET', 'SET', 'CLUTCH', 'BANCO_VAZIO')",30,7,8,87.500,STAT_CLEAN,33.333,1.636432,5.1368
"('TANK', 'TANK', 'STALEMATE', 'FULL', 'FULL', 'NORMAL', 'FASTER', 'MEC_USED', 'CLEAN', 'CLEAN', 'DEBUFF', 'NEUTRAL', 'CLEAR', 'CLEAR', 'CLUTCH', 'BANCO_VAZIO')",30,4,4,100.000,ATTACK_PIVOT,70.000,0.865470,2.3761
"('TANK', 'TANK', 'OFFENSIVE_DIS', 'FULL', 'FULL', 'NORMAL', 'FASTER', 'MEC_USED', 'CLEAN', 'CLEAN', 'NEUTRAL', 'NEUTRAL', 'CLEAR', 'CLEAR', 'RECOVERING', 'BANCO_VAZIO')",30,11,11,100.000,STATUS,20.000,2.202646,9.0489
"('SWEEPER', 'UTILITY', 'CRITICAL_DIS', 'FULL', 'FULL', 'NORMAL', 'FASTER', 'MEC_USED', 'CLEAN', 'CLEAN', 'NEUTRAL', 'NEUTRAL', 'CLEAR', 'CLEAR', 'OPENING', 'BANCO_AMBOS')",30,4,5,80.000,SWITCH_DEFENSIVE,80.000,0.673915,1.9619
"('TANK', 'TANK', 'OFFENSIVE_DIS', 'SAFE', 'FULL', 'NORMAL', 'SLOWER', 'MEC_USED', 'CLEAN', 'CLEAN', 'NEUTRAL', 'NEUTRAL', 'SET', 'CLEAR', 'OPENING', 'BANCO_OFF')",30,13,14,92.857,STATUS,16.667,2.445022,11.5308
"('SWEEPER', 'SWEEPER', 'OFFENSIVE_ADV', 'FULL', 'FULL', 'NORMAL', 'FASTER', 'MEC_USED', 'CLEAN', 'CLEAN', 'NEUTRAL', 'NEUTRAL', 'CLEAR', 'CLEAR', 'OPENING', 'BANCO_OFF')",30,3,8,37.500,ATTACK_STRONG,93.333,0.291140,1.3380
"('TANK', 'TANK', 'OFFENSIVE_ADV', 'FULL', 'SAFE', 'NORMAL', 'FASTER', 'MEC_USED', 'CLEAN', 'CLEAN', 'NEUTRAL', 'NEUTRAL', 'CLEAR', 'SET', 'OPENING', 'BANCO_OFF')",30,10,10,100.000,ATTACK_STRONG,26.667,2.101208,8.1760
"('TANK', 'TANK', 'OFFENSIVE_ADV', 'SAFE', 'FULL', 'NORMAL', 'SLOWER', 'MEC_USED', 'CLEAN', 'CLEAN', 'NEUTRAL', 'NEUTRAL', 'CLEAR', 'CLEAR', 'OPENING', 'BANCO_AMBOS')",30,12,14,85.714,FIELD_CONTROL,16.667,2.341276,10.3945
"('TANK', 'TANK', 'OFFENSIVE_ADV', 'FULL', 'SAFE', 'NORMAL', 'FASTER', 'MEC_USED', 'CLEAN', 'CLEAN', 'NEUTRAL', 'NEUTRAL', 'CLEAR', 'CLEAR', 'BRAWL', 'BANCO_OFF')",30,9,11,81.818,ATTACK_STRONG,20.000,2.092785,8.1075
"('TANK', 'TANK', 'DOMINANT', 'FULL', 'FULL', 'NORMAL', 'SLOWER', 'MEC_USED', 'CLEAN', 'CLEAN', 'NEUTRAL', 'NEUTRAL', 'CLEAR', 'CLEAR', 'OPENING', 'BANCO_VAZIO')",30,9,11,81.818,ATTACK_PIVOT,16.667,2.099497,8.1621
"('TANK', 'TANK', 'OFFENSIVE_ADV', 'FULL', 'CRIT', 'NORMAL', 'FASTER', 'MEC_USED', 'CLEAN', 'CLEAN', 'NEUTRAL', 'NEUTRAL', 'CLEAR', 'CLEAR', 'OPENING', 'BANCO_OFF')",30,6,10,60.000,ATTACK_PREDICTIVE,60.000,1.242664,3.4648
"('SWEEPER', 'TANK', 'OFFENSIVE_ADV', 'FULL', 'SAFE', 'NORMAL', 'FASTER', 'MEC_USED', 'CLEAN', 'CLEAN', 'NEUTRAL', 'DEBUFF', 'CLEAR', 'CLEAR', 'OPENING', 'BANCO_OFF')",30,7,8,87.500,ATTACK_STRONG,56.667,1.408590,4.0902
"('TANK', 'TANK', 'VOLATILE', 'FULL', 'FULL', 'NORMAL', 'SLOWER', 'MEC_USED', 'CLEAN', 'CLEAN', 'NEUTRAL', 'NEUTRAL', 'CLEAR', 'CLEAR', 'OPENING', 'BANCO_OFF')",30,11,13,84.615,ATTACK_PREDICTIVE,20.000,2.138995,8.4909
"('TANK', 'TANK', 'OFFENSIVE_ADV', 'FULL', 'FULL', 'NORMAL', 'FASTER', 'MEC_AVAIL', 'CLEAN', 'CLEAN', 'NEUTRAL', 'NEUTRAL', 'CLEAR', 'CLEAR', 'OPENING', 'BANCO_VAZIO')",30,11,13,84.615,ATTACK_STRONG_MEC,16.667,2.217781,9.1869
"('TANK', 'TANK', 'NEUTRAL', 'DANGER', 'FULL', 'NORMAL', 'FASTER', 'MEC_USED', 'CLEAN', 'CLEAN', 'NEUTRAL', 'NEUTRAL', 'CLEAR', 'CLEAR', 'OPENING', 'BANCO_VAZIO')",30,10,10,100.000,ATTACK_PIVOT,23.333,2.164489,8.7102
"('TANK', 'TANK', 'DOMINANT', 'FULL', 'FULL', 'FIELD_THEIRS', 'FASTER', 'MEC_AVAIL', 'CLEAN', 'CLEAN', 'NEUTRAL', 'NEUTRAL', 'CLEAR', 'CLEAR', 'OPENING', 'BANCO_OFF')",30,8,16,50.000,ATTACK_STRONG,56.667,1.435051,4.1999
"('TANK', 'TANK', 'NEUTRAL', 'SAFE', 'DANGER', 'NORMAL', 'SLOWER', 'MEC_USED', 'CLEAN', 'CLEAN', 'NEUTRAL', 'NEUTRAL', 'CLEAR', 'SET', 'RECOVERING', 'BANCO_VAZIO')",30,8,11,72.727,HEAL,56.667,1.454800,4.2836
"('TANK', 'TANK', 'NEUTRAL', 'FULL', 'FULL', 'NORMAL', 'SLOWER', 'MEC_USED', 'AFFLICTED', 'CLEAN', 'NEUTRAL', 'DEBUFF', 'SET', 'SET', 'CLUTCH', 'BANCO_VAZIO')",30,3,4,75.000,HAZARD,76.667,0.638967,1.8945
"('TANK', 'TANK', 'NEUTRAL', 'SAFE', 'SAFE', 'NORMAL', 'FASTER', 'MEC_USED', 'CLEAN', 'CLEAN', 'NEUTRAL', 'NEUTRAL', 'SET', 'SET', 'BRAWL', 'BANCO_VAZIO')",29,7,14,50.000,HEAL,44.828,1.375693,3.9578
"('TANK', 'UTILITY', 'OFFENSIVE_ADV', 'SAFE', 'FULL', 'NORMAL', 'SLOWER', 'MEC_USED', 'CLEAN', 'CLEAN', 'NEUTRAL', 'NEUTRAL', 'CLEAR', 'CLEAR', 'OPENING', 'BANCO_OFF')",29,12,13,92.308,SWITCH_DEFENSIVE,20.690,2.288868,9.8638
"('TANK', 'TANK', 'OFFENSIVE_ADV', 'FULL', 'DANGER', 'FIELD_SHARED', 'FASTER', 'MEC_USED', 'CLEAN', 'CLEAN', 'NEUTRAL', 'NEUTRAL', 'CLEAR', 'CLEAR', 'OPENING', 'BANCO_OFF')",29,11,12,91.667,ATTACK_STRONG,48.276,1.836209,6.2727
"('TANK', 'TANK', 'NEUTRAL', 'FULL', 'SAFE', 'NORMAL', 'SLOWER', 'MEC_USED', 'CLEAN', 'CLEAN', 'NEUTRAL', 'NEUTRAL', 'CLEAR', 'SET', 'OPENING', 'BANCO_OFF')",29,7,12,58.333,SWITCH_DEFENSIVE,48.276,1.405980,4.0795
"('UTILITY', 'TANK', 'VOLATILE', 'FULL', 'FULL', 'NORMAL', 'FASTER', 'MEC_USED', 'CLEAN', 'CLEAN', 'NEUTRAL', 'NEUTRAL', 'CLEAR', 'CLEAR', 'OPENING', 'BANCO_OFF')",29,8,10,80.000,SWITCH_OFFENSIVE,48.276,1.561106,4.7641
"('TANK', 'TANK', 'OFFENSIVE_ADV', 'FULL', 'SAFE', 'NORMAL', 'FASTER', 'MEC_USED', 'AFFLICTED', 'CLEAN', 'NEUTRAL', 'BUFFED', 'SET', 'CLEAR', 'CLUTCH', 'BANCO_VAZIO')",29,3,3,100.000,ATTACK_STRONG,41.379,1.033332,2.8104
"('TANK', 'TANK', 'NEUTRAL', 'FULL', 'FULL', 'NORMAL', 'FASTER', 'MEC_USED', 'CLEAN', 'CLEAN', 'NEUTRAL', 'NEUTRAL', 'CLEAR', 'CLEAR', 'BRAWL', 'BANCO_VAZIO')",29,12,13,92.308,BUFF,20.690,2.270825,9.6874
"('TANK', 'TANK', 'DEFENSIVE_DIS', 'FULL', 'FULL', 'FIELD_SHARED', 'SLOWER', 'MEC_USED', 'CLEAN', 'CLEAN', 'NEUTRAL', 'NEUTRAL', 'CLEAR', 'CLEAR', 'OPENING', 'BANCO_OFF')",29,11,14,78.571,ATTACK_PREDICTIVE,27.586,2.145459,8.5460
"('TANK', 'TANK', 'DEFENSIVE_DIS', 'SAFE', 'FULL', 'NORMAL', 'SLOWER', 'MEC_USED', 'CLEAN', 'CLEAN', 'NEUTRAL', 'NEUTRAL', 'CLEAR', 'CLEAR', 'OPENING', 'BANCO_AMBOS')",29,9,13,69.231,SWITCH_DEFENSIVE,55.172,1.466883,4.3357
"('TANK', 'TANK', 'DOMINANT', 'FULL', 'SAFE', 'NORMAL', 'FASTER', 'MEC_USED', 'CLEAN', 'CLEAN', 'NEUTRAL', 'NEUTRAL', 'CLEAR', 'CLEAR', 'OPENING', 'BANCO_OFF')",29,11,12,91.667,SWITCH_DEFENSIVE,34.483,2.056795,7.8209
"('TANK', 'TANK', 'NEUTRAL', 'SAFE', 'SAFE', 'NORMAL', 'FASTER', 'MEC_USED', 'CLEAN', 'CLEAN', 'NEUTRAL', 'NEUTRAL', 'SET', 'SET', 'CLUTCH', 'BANCO_VAZIO')",29,10,13,76.923,ATTACK_STRONG,27.586,2.002049,7.4042
"('SWEEPER', 'TANK', 'NEUTRAL', 'FULL', 'SAFE', 'NORMAL', 'FASTER', 'MEC_USED', 'CLEAN', 'CLEAN', 'NEUTRAL', 'NEUTRAL', 'CLEAR', 'CLEAR', 'OPENING', 'BANCO_AMBOS')",29,7,7,100.000,SWITCH_DEFENSIVE,55.172,1.398650,4.0497
"('TANK', 'TANK', 'OFFENSIVE_ADV', 'FULL', 'SAFE', 'NORMAL', 'SLOWER', 'MEC_USED', 'CLEAN', 'CLEAN', 'NEUTRAL', 'NEUTRAL', 'SET', 'CLEAR', 'OPENING', 'BANCO_OFF')",29,13,13,100.000,ATTACK_PIVOT,13.793,2.452708,11.6198
"('TANK', 'TANK', 'NEUTRAL', 'FULL', 'FULL', 'NORMAL', 'SLOWER', 'MEC_USED', 'CLEAN', 'CLEAN', 'NEUTRAL', 'NEUTRAL', 'SET', 'CLEAR', 'OPENING', 'BANCO_AMBOS')",29,14,15,93.333,SWITCH_OFFENSIVE,17.241,2.443995,11.5190
"('TANK', 'TANK', 'CRITICAL_DIS', 'FULL', 'FULL', 'NORMAL', 'SLOWER', 'MEC_USED', 'CLEAN', 'CLEAN', 'NEUTRAL', 'NEUTRAL', 'CLEAR', 'CLEAR', 'OPENING', 'BANCO_VAZIO')",29,10,13,76.923,ATTACK_TECH,34.483,1.981619,7.2545
"('TANK', 'TANK', 'NEUTRAL', 'SAFE', 'SAFE', 'NORMAL', 'SLOWER', 'MEC_USED', 'CLEAN', 'CLEAN', 'NEUTRAL', 'NEUTRAL', 'SET', 'CLEAR', 'OPENING', 'BANCO_VAZIO')",29,12,12,100.000,ATTACK_STRONG,17.241,2.286481,9.8403
"('TANK', 'TANK', 'DEFENSIVE_DIS', 'SAFE', 'FULL', 'FIELD_SHARED', 'FASTER', 'MEC_USED', 'CLEAN', 'CLEAN', 'NEUTRAL', 'NEUTRAL', 'CLEAR', 'CLEAR', 'OPENING', 'BANCO_AMBOS')",29,10,11,90.909,ATTACK_PREDICTIVE,24.138,2.060569,7.8504
"('TANK', 'TANK', 'NEUTRAL', 'SAFE', 'SAFE', 'NORMAL', 'SLOWER', 'MEC_USED', 'CLEAN', 'CLEAN', 'NEUTRAL', 'NEUTRAL', 'SET', 'SET', 'BRAWL', 'BANCO_VAZIO')",29,9,14,64.286,STATUS,31.034,1.824940,6.2024
"('TANK', 'TANK', 'NEUTRAL', 'SAFE', 'FULL', 'FIELD_OURS_OFF', 'FASTER', 'MEC_USED', 'CLEAN', 'CLEAN', 'NEUTRAL', 'NEUTRAL', 'CLEAR', 'CLEAR', 'OPENING', 'BANCO_OFF')",29,8,11,72.727,ATTACK_PREDICTIVE,55.172,1.514686,4.5480
"('TANK', 'TANK', 'NEUTRAL', 'FULL', 'FULL', 'NORMAL', 'FASTER', 'MEC_USED', 'CLEAN', 'AFFLICTED', 'NEUTRAL', 'DEBUFF', 'SET', 'SET', 'RECOVERING', 'BANCO_VAZIO')",29,4,9,44.444,STAT_CLEAN,65.517,0.971865,2.6429
"('TANK', 'TANK', 'DOMINANT', 'FULL', 'FULL', 'NORMAL', 'SLOWER', 'MEC_AVAIL', 'CLEAN', 'CLEAN', 'NEUTRAL', 'NEUTRAL', 'CLEAR', 'CLEAR', 'OPENING', 'BANCO_OFF')",29,12,16,75.000,ATTACK_TECH_MEC,17.241,2.288868,9.8638
"('TANK', 'TANK', 'DOMINANT', 'FULL', 'FULL', 'NORMAL', 'FASTER', 'MEC_USED', 'CLEAN', 'CLEAN', 'NEUTRAL', 'NEUTRAL', 'SET', 'CLEAR', 'OPENING', 'BANCO_OFF')",29,12,13,92.308,SWITCH_OFFENSIVE,17.241,2.414235,11.1812
"('TANK', 'TANK', 'NEUTRAL', 'SAFE', 'SAFE', 'NORMAL', 'FASTER', 'MEC_USED', 'CLEAN', 'CLEAN', 'NEUTRAL', 'NEUTRAL', 'CLEAR', 'SET', 'OPENING', 'BANCO_OFF')",29,9,12,75.000,ATTACK_PREDICTIVE,31.034,1.959637,7.0967
"('TANK', 'TANK', 'STALEMATE', 'SAFE', 'FULL', 'NORMAL', 'SLOWER', 'MEC_USED', 'CLEAN', 'CLEAN', 'NEUTRAL', 'NEUTRAL', 'SET', 'SET', 'RECOVERING', 'BANCO_VAZIO')",28,9,11,81.818,STATUS,39.286,1.755165,5.7844
"('TANK', 'TANK', 'OFFENSIVE_ADV', 'FULL', 'FULL', 'FIELD_SHARED', 'SLOWER', 'MEC_AVAIL', 'CLEAN', 'CLEAN', 'NEUTRAL', 'NEUTRAL', 'CLEAR', 'CLEAR', 'OPENING', 'BANCO_OFF')",28,8,18,44.444,ATTACK_STRONG_MEC,53.571,1.547025,4.6975
"('TANK', 'TANK', 'VOLATILE', 'FULL', 'FULL', 'FIELD_OURS_DEF', 'SLOWER', 'MEC_AVAIL', 'CLEAN', 'CLEAN', 'NEUTRAL', 'NEUTRAL', 'CLEAR', 'CLEAR', 'OPENING', 'BANCO_OFF')",28,6,10,60.000,SWITCH_DEFENSIVE,42.857,1.327184,3.7704
"('TANK', 'TANK', 'NEUTRAL', 'FULL', 'DANGER', 'NORMAL', 'FASTER', 'MEC_USED', 'CLEAN', 'CLEAN', 'NEUTRAL', 'NEUTRAL', 'CLEAR', 'CLEAR', 'OPENING', 'BANCO_OFF')",28,10,11,90.909,ATTACK_PREDICTIVE,17.857,2.154255,8.6215
"('TANK', 'TANK', 'OFFENSIVE_DIS', 'FULL', 'FULL', 'NORMAL', 'FASTER', 'MEC_USED', 'CLEAN', 'CLEAN', 'DEBUFF', 'NEUTRAL', 'SET', 'CLEAR', 'CLUTCH', 'BANCO_VAZIO')",28,2,3,66.667,STATUS,96.429,0.154076,1.1666
"('TANK', 'TANK', 'DEFENSIVE_DIS', 'SAFE', 'FULL', 'NORMAL', 'SLOWER', 'MEC_USED', 'CLEAN', 'AFFLICTED', 'NEUTRAL', 'NEUTRAL', 'SET', 'SET', 'CLUTCH', 'BANCO_VAZIO')",28,4,11,36.364,ATTACK_STRONG,75.000,0.801260,2.2283
"('TANK', 'TANK', 'NEUTRAL', 'SAFE', 'FULL', 'FIELD_SHARED', 'SLOWER', 'MEC_USED', 'CLEAN', 'CLEAN', 'NEUTRAL', 'NEUTRAL', 'CLEAR', 'CLEAR', 'OPENING', 'BANCO_VAZIO')",28,11,13,84.615,ATTACK_PIVOT,17.857,2.233949,9.3367
"('TANK', 'TANK', 'OFFENSIVE_ADV', 'FULL', 'FULL', 'FIELD_THEIRS', 'FASTER', 'MEC_AVAIL', 'CLEAN', 'CLEAN', 'NEUTRAL', 'NEUTRAL', 'CLEAR', 'CLEAR', 'OPENING', 'BANCO_AMBOS')",28,9,14,64.286,ATTACK_TECH,39.286,1.567822,4.7962
"('TANK', 'TANK', 'NEUTRAL', 'FULL', 'FULL', 'FIELD_OURS_DEF', 'FASTER', 'MEC_USED', 'CLEAN', 'CLEAN', 'NEUTRAL', 'NEUTRAL', 'CLEAR', 'CLEAR', 'OPENING', 'BANCO_DEF')",28,5,9,55.556,DISRUPTION,28.571,1.517571,4.5611
"('TANK', 'TANK', 'OFFENSIVE_DIS', 'FULL', 'FULL', 'FIELD_OURS_DEF', 'FASTER', 'MEC_USED', 'CLEAN', 'CLEAN', 'NEUTRAL', 'NEUTRAL', 'CLEAR', 'CLEAR', 'OPENING', 'BANCO_OFF')",28,6,6,100.000,SWITCH_DEFENSIVE,35.714,1.587444,4.8912
"('TANK', 'TANK', 'NEUTRAL', 'SAFE', 'FULL', 'NORMAL', 'FASTER', 'MEC_USED', 'CLEAN', 'CLEAN', 'NEUTRAL', 'NEUTRAL', 'SET', 'SET', 'OPENING', 'BANCO_OFF')",28,11,13,84.615,HEAL,32.143,2.124297,8.3670
"('TANK', 'TANK', 'NEUTRAL', 'FULL', 'FULL', 'FIELD_SHARED', 'FASTER', 'MEC_AVAIL', 'CLEAN', 'CLEAN', 'NEUTRAL', 'NEUTRAL', 'CLEAR', 'CLEAR', 'OPENING', 'BANCO_AMBOS')",28,11,22,50.000,ATTACK_PREDICTIVE_MEC,42.857,1.862136,6.4375
"('TANK', 'TANK', 'OFFENSIVE_DIS', 'SAFE', 'FULL', 'NORMAL', 'FASTER', 'MEC_USED', 'CLEAN', 'CLEAN', 'NEUTRAL', 'NEUTRAL', 'CLEAR', 'SET', 'RECOVERING', 'BANCO_VAZIO')",27,10,11,90.909,STATUS,25.926,2.085107,8.0455
"('TANK', 'TANK', 'OFFENSIVE_DIS', 'SAFE', 'SAFE', 'NORMAL', 'SLOWER', 'MEC_USED', 'CLEAN', 'CLEAN', 'NEUTRAL', 'NEUTRAL', 'CLEAR', 'SET', 'RECOVERING', 'BANCO_VAZIO')",27,9,11,81.818,STATUS,33.333,1.959883,7.0985
"('TANK', 'TANK', 'DOMINANT', 'FULL', 'FULL', 'NORMAL', 'SLOWER', 'MEC_USED', 'CLEAN', 'AFFLICTED', 'DEBUFF', 'NEUTRAL', 'SET', 'CLEAR', 'CLUTCH', 'BANCO_VAZIO')",27,3,5,60.000,STAT_CLEAN,81.481,0.571833,1.7715
"('TANK', 'UTILITY', 'STALEMATE', 'FULL', 'FULL', 'NORMAL', 'SLOWER', 'MEC_USED', 'CLEAN', 'CLEAN', 'NEUTRAL', 'NEUTRAL', 'CLEAR', 'CLEAR', 'OPENING', 'BANCO_OFF')",27,10,13,76.923,SWITCH_OFFENSIVE,29.630,1.950454,7.0319
"('TANK', 'TANK', 'DEFENSIVE_DIS', 'FULL', 'FULL', 'FIELD_OURS_OFF', 'FASTER', 'MEC_USED', 'CLEAN', 'CLEAN', 'NEUTRAL', 'NEUTRAL', 'CLEAR', 'CLEAR', 'OPENING', 'BANCO_VAZIO')",27,8,9,88.889,ATTACK_TECH,25.926,1.911695,6.7645
"('TANK', 'SWEEPER', 'OFFENSIVE_ADV', 'FULL', 'FULL', 'FIELD_OURS_OFF', 'SLOWER', 'MEC_USED', 'CLEAN', 'CLEAN', 'NEUTRAL', 'NEUTRAL', 'CLEAR', 'CLEAR', 'OPENING', 'BANCO_OFF')",27,9,9,100.000,SWITCH_OFFENSIVE,29.630,1.973472,7.1956
"('SWEEPER', 'TANK', 'DEFENSIVE_DIS', 'FULL', 'FULL', 'FIELD_THEIRS', 'FASTER', 'MEC_USED', 'CLEAN', 'CLEAN', 'NEUTRAL', 'NEUTRAL', 'CLEAR', 'CLEAR', 'OPENING', 'BANCO_OFF')",27,6,8,75.000,SWITCH_DEFENSIVE,51.852,1.404636,4.0740
"('TANK', 'TANK', 'OFFENSIVE_ADV', 'SAFE', 'FULL', 'NORMAL', 'FASTER', 'MEC_USED', 'CLEAN', 'CLEAN', 'NEUTRAL', 'NEUTRAL', 'CLEAR', 'CLEAR', 'BRAWL', 'BANCO_OFF')",27,8,9,88.889,ATTACK_STRONG,25.926,1.938532,6.9485
"('TANK', 'TANK', 'DEFENSIVE_ADV', 'FULL', 'FULL', 'FIELD_SHARED', 'FASTER', 'MEC_USED', 'CLEAN', 'CLEAN', 'NEUTRAL', 'NEUTRAL', 'CLEAR', 'CLEAR', 'OPENING', 'BANCO_OFF')",27,10,10,100.000,ATTACK_PIVOT,18.519,2.147547,8.5638
"('TANK', 'UTILITY', 'DEFENSIVE_DIS', 'FULL', 'FULL', 'NORMAL', 'SLOWER', 'MEC_USED', 'CLEAN', 'CLEAN', 'NEUTRAL', 'NEUTRAL', 'CLEAR', 'CLEAR', 'OPENING', 'BANCO_OFF')",27,10,11,90.909,ATTACK_PIVOT,40.741,1.920748,6.8261
"('TANK', 'TANK', 'NEUTRAL', 'SAFE', 'FULL', 'NORMAL', 'FASTER', 'MEC_USED', 'CLEAN', 'CLEAN', 'NEUTRAL', 'NEUTRAL', 'CLEAR', 'CLEAR', 'BRAWL', 'BANCO_VAZIO')",27,9,11,81.818,ATTACK_STRONG,25.926,1.941096,6.9664
"('TANK', 'TANK', 'CRITICAL_DIS', 'FULL', 'FULL', 'FIELD_OURS_OFF', 'FASTER', 'MEC_USED', 'CLEAN', 'CLEAN', 'NEUTRAL', 'NEUTRAL', 'CLEAR', 'CLEAR', 'OPENING', 'BANCO_OFF')",27,8,10,80.000,ATTACK_PREDICTIVE,51.852,1.580612,4.8579
"('TANK', 'TANK', 'NEUTRAL', 'FULL', 'FULL', 'NORMAL', 'FASTER', 'MEC_USED', 'CLEAN', 'CLEAN', 'NEUTRAL', 'NEUTRAL', 'SET', 'SET', 'OPENING', 'BANCO_OFF')",27,11,14,78.571,ATTACK_PREDICTIVE,33.333,2.113916,8.2806
"('TANK', 'SWEEPER', 'OFFENSIVE_ADV', 'FULL', 'FULL', 'NORMAL', 'SLOWER', 'MEC_USED', 'CLEAN', 'CLEAN', 'NEUTRAL', 'NEUTRAL', 'CLEAR', 'CLEAR', 'OPENING', 'BANCO_AMBOS')",27,10,12,83.333,SWITCH_OFFENSIVE,22.222,2.118146,8.3157
"('TANK', 'TANK', 'NEUTRAL', 'FULL', 'FULL', 'FIELD_OURS_OFF', 'SLOWER', 'MEC_USED', 'CLEAN', 'CLEAN', 'NEUTRAL', 'NEUTRAL', 'CLEAR', 'CLEAR', 'OPENING', 'BANCO_VAZIO')",27,5,7,71.429,SWITCH_OFFENSIVE,77.778,0.805807,2.2385
"('TANK', 'TANK', 'OFFENSIVE_ADV', 'FULL', 'FULL', 'FIELD_OURS_DEF', 'FASTER', 'MEC_USED', 'CLEAN', 'CLEAN', 'NEUTRAL', 'NEUTRAL', 'CLEAR', 'CLEAR', 'OPENING', 'BANCO_OFF')",27,6,9,66.667,ATTACK_PREDICTIVE,29.630,1.674354,5.3353
"('TANK', 'TANK', 'OFFENSIVE_DIS', 'FULL', 'SAFE', 'FIELD_THEIRS', 'SLOWER', 'MEC_USED', 'CLEAN', 'CLEAN', 'NEUTRAL', 'NEUTRAL', 'CLEAR', 'CLEAR', 'OPENING', 'BANCO_OFF')",27,7,11,63.636,ATTACK_TECH,29.630,1.851404,6.3688
"('TANK', 'TANK', 'NEUTRAL', 'FULL', 'FULL', 'NORMAL', 'FASTER', 'MEC_USED', 'CLEAN', 'CLEAN', 'NEUTRAL', 'NEUTRAL', 'CLEAR', 'SET', 'OPENING', 'BANCO_VAZIO')",27,11,12,91.667,ATTACK_PREDICTIVE,37.037,2.064238,7.8793
"('TANK', 'TANK', 'STALEMATE', 'FULL', 'FULL', 'NORMAL', 'SLOWER', 'MEC_USED', 'AFFLICTED', 'AFFLICTED', 'DEBUFF', 'DEBUFF', 'CLEAR', 'CLEAR', 'RECOVERING', 'BANCO_VAZIO')",27,7,9,77.778,STATUS,59.259,1.325376,3.7636
"('TANK', 'TANK', 'NEUTRAL', 'FULL', 'DANGER', 'NORMAL', 'FASTER', 'MEC_USED', 'AFFLICTED', 'AFFLICTED', 'DEBUFF', 'DEBUFF_DEBUFF', 'CLEAR', 'CLEAR', 'CLUTCH', 'BANCO_VAZIO')",26,3,3,100.000,HAZARD,80.769,0.618977,1.8570
"('TANK', 'TANK', 'OFFENSIVE_ADV', 'SAFE', 'FULL', 'FIELD_SHARED', 'FASTER', 'MEC_AVAIL', 'CLEAN', 'CLEAN', 'NEUTRAL', 'NEUTRAL', 'CLEAR', 'CLEAR', 'OPENING', 'BANCO_OFF')",26,12,18,66.667,ATTACK_STRONG_MEC,15.385,2.364742,10.6413
"('TANK', 'TANK', 'STALEMATE', 'FULL', 'FULL', 'FIELD_SHARED', 'FASTER', 'MEC_USED', 'CLEAN', 'CLEAN', 'NEUTRAL', 'NEUTRAL', 'CLEAR', 'CLEAR', 'OPENING', 'BANCO_AMBOS')",26,2,12,16.667,SWITCH_OFFENSIVE,73.077,0.582492,1.7905
"('TANK', 'TANK', 'NEUTRAL', 'FULL', 'FULL', 'NORMAL', 'FASTER', 'MEC_USED', 'AFFLICTED', 'AFFLICTED', 'DEBUFF', 'NEUTRAL', 'CLEAR', 'CLEAR', 'CLUTCH', 'BANCO_VAZIO')",26,4,6,66.667,ATTACK_STRONG,69.231,0.843587,2.3247
"('TANK', 'TANK', 'OFFENSIVE_ADV', 'FULL', 'DANGER', 'NORMAL', 'SLOWER', 'MEC_USED', 'CLEAN', 'CLEAN', 'NEUTRAL', 'NEUTRAL', 'CLEAR', 'CLEAR', 'OPENING', 'BANCO_OFF')",26,8,14,57.143,ATTACK_PIVOT,34.615,1.761459,5.8209
"('TANK', 'TANK', 'OFFENSIVE_ADV', 'FULL', 'FULL', 'FIELD_THEIRS', 'SLOWER', 'MEC_AVAIL', 'CLEAN', 'CLEAN', 'NEUTRAL', 'NEUTRAL', 'CLEAR', 'CLEAR', 'OPENING', 'BANCO_OFF')",26,2,14,14.286,ATTACK_STRONG_MEC,96.154,0.163024,1.1771
"('TANK', 'TANK', 'NEUTRAL', 'SAFE', 'SAFE', 'FIELD_SHARED', 'FASTER', 'MEC_USED', 'CLEAN', 'CLEAN', 'NEUTRAL', 'NEUTRAL', 'CLEAR', 'CLEAR', 'OPENING', 'BANCO_AMBOS')",26,9,12,75.000,ATTACK_PREDICTIVE,34.615,1.901292,6.6945
"('SWEEPER', 'TANK', 'NEUTRAL', 'SAFE', 'FULL', 'NORMAL', 'FASTER', 'MEC_USED', 'CLEAN', 'CLEAN', 'NEUTRAL', 'NEUTRAL', 'CLEAR', 'CLEAR', 'OPENING', 'BANCO_AMBOS')",26,8,8,100.000,ATTACK_STRONG,46.154,1.664540,5.2832
"('TANK', 'TANK', 'CRITICAL_DIS', 'SAFE', 'FULL', 'NORMAL', 'SLOWER', 'MEC_USED', 'CLEAN', 'CLEAN', 'NEUTRAL', 'NEUTRAL', 'CLEAR', 'CLEAR', 'OPENING', 'BANCO_OFF')",26,11,12,91.667,HEAL,19.231,2.215192,9.1632
"('SWEEPER', 'TANK', 'VOLATILE', 'FULL', 'FULL', 'NORMAL', 'FASTER', 'MEC_USED', 'CLEAN', 'CLEAN', 'NEUTRAL', 'NEUTRAL', 'CLEAR', 'CLEAR', 'OPENING', 'BANCO_AMBOS')",26,6,7,85.714,ATTACK_STRONG,38.462,1.540196,4.6655
"('SWEEPER', 'TANK', 'NEUTRAL', 'FULL', 'FULL', 'NORMAL', 'FASTER', 'MEC_USED', 'CLEAN', 'CLEAN', 'NEUTRAL', 'NEUTRAL', 'CLEAR', 'CLEAR', 'OPENING', 'BANCO_VAZIO')",26,8,9,88.889,SWITCH_OFFENSIVE,42.308,1.743606,5.7179
"('SWEEPER', 'TANK', 'VOLATILE', 'FULL', 'FULL', 'NORMAL', 'FASTER', 'MEC_USED', 'CLEAN', 'CLEAN', 'NEUTRAL', 'NEUTRAL', 'CLEAR', 'CLEAR', 'OPENING', 'BANCO_OFF')",26,7,8,87.500,ATTACK_STRONG,57.692,1.388915,4.0105
"('TANK', 'TANK', 'VOLATILE', 'FULL', 'FULL', 'FIELD_THEIRS', 'FASTER', 'MEC_USED', 'CLEAN', 'CLEAN', 'NEUTRAL', 'NEUTRAL', 'CLEAR', 'CLEAR', 'OPENING', 'BANCO_VAZIO')",26,5,7,71.429,ATTACK_STRONG,76.923,0.847049,2.3328
"('TANK', 'TANK', 'DEFENSIVE_DIS', 'FULL', 'FULL', 'NORMAL', 'SLOWER', 'MEC_USED', 'CLEAN', 'CLEAN', 'NEUTRAL', 'NEUTRAL', 'CLEAR', 'CLEAR', 'CLUTCH', 'BANCO_VAZIO')",26,5,11,45.455,ATTACK_TECH,50.000,1.209031,3.3502
"('TANK', 'UTILITY', 'OFFENSIVE_DIS', 'FULL', 'FULL', 'FIELD_SHARED', 'SLOWER', 'MEC_USED', 'CLEAN', 'CLEAN', 'NEUTRAL', 'NEUTRAL', 'CLEAR', 'CLEAR', 'OPENING', 'BANCO_AMBOS')",26,9,12,75.000,ATTACK_PREDICTIVE,26.923,1.978013,7.2284
"('TANK', 'TANK', 'NEUTRAL', 'SAFE', 'SAFE', 'NORMAL', 'FASTER', 'MEC_USED', 'CLEAN', 'CLEAN', 'NEUTRAL', 'NEUTRAL', 'CLEAR', 'SET', 'OPENING', 'BANCO_VAZIO')",26,7,14,50.000,ATTACK_STRONG,42.308,1.594056,4.9237
"('TANK', 'TANK', 'DEFENSIVE_DIS', 'FULL', 'FULL', 'NORMAL', 'SLOWER', 'MEC_USED', 'CLEAN', 'CLEAN', 'NEUTRAL', 'NEUTRAL', 'CLEAR', 'CLEAR', 'RECOVERING', 'BANCO_VAZIO')",26,10,12,83.333,ATTACK_PIVOT,15.385,2.151466,8.5975
"('TANK', 'TANK', 'STALEMATE', 'FULL', 'FULL', 'NORMAL', 'SLOWER', 'MEC_USED', 'AFFLICTED', 'AFFLICTED', 'DEBUFF', 'DEBUFF', 'CLEAR', 'SET', 'RECOVERING', 'BANCO_VAZIO')",26,4,6,66.667,STAT_CLEAN,61.538,1.011642,2.7501
"('TANK', 'TANK', 'NEUTRAL', 'SAFE', 'SAFE', 'NORMAL', 'FASTER', 'MEC_USED', 'CLEAN', 'CLEAN', 'NEUTRAL', 'NEUTRAL', 'SET', 'SET', 'RECOVERING', 'BANCO_VAZIO')",25,10,12,83.333,HEAL,28.000,2.098573,8.1545
"('SWEEPER', 'SWEEPER', 'NEUTRAL', 'FULL', 'FULL', 'FIELD_THEIRS', 'SLOWER', 'MEC_USED', 'CLEAN', 'CLEAN', 'NEUTRAL', 'NEUTRAL', 'CLEAR', 'CLEAR', 'OPENING', 'BANCO_OFF')",25,8,9,88.889,ATTACK_PIVOT,36.000,1.752347,5.7681
"('TANK', 'TANK', 'OFFENSIVE_ADV', 'SAFE', 'SAFE', 'NORMAL', 'FASTER', 'MEC_USED', 'AFFLICTED', 'CLEAN', 'NEUTRAL', 'NEUTRAL', 'CLEAR', 'CLEAR', 'RECOVERING', 'BANCO_VAZIO')",25,6,7,85.714,ATTACK_PREDICTIVE,32.000,1.579738,4.8537
"('TANK', 'TANK', 'CRITICAL_DIS', 'FULL', 'SAFE', 'NORMAL', 'FASTER', 'MEC_USED', 'AFFLICTED', 'CLEAN', 'NEUTRAL', 'NEUTRAL', 'CLEAR', 'SET', 'RECOVERING', 'BANCO_VAZIO')",25,2,2,100.000,HAZARD,96.000,0.167944,1.1829
"('SWEEPER', 'SWEEPER', 'OFFENSIVE_ADV', 'FULL', 'FULL', 'NORMAL', 'FASTER', 'MEC_USED', 'CLEAN', 'CLEAN', 'NEUTRAL', 'DEBUFF', 'CLEAR', 'CLEAR', 'OPENING', 'BANCO_AMBOS')",25,4,6,66.667,ATTACK_PREDICTIVE,88.000,0.498758,1.6467
"('TANK', 'SWEEPER', 'NEUTRAL', 'FULL', 'FULL', 'FIELD_THEIRS', 'SLOWER', 'MEC_AVAIL', 'CLEAN', 'CLEAN', 'NEUTRAL', 'NEUTRAL', 'CLEAR', 'CLEAR', 'OPENING', 'BANCO_OFF')",25,11,14,78.571,ATTACK_STRONG_MEC,24.000,2.247928,9.4681
"('TANK', 'TANK', 'OFFENSIVE_ADV', 'FULL', 'FULL', 'NORMAL', 'SLOWER', 'MEC_USED', 'CLEAN', 'CLEAN', 'NEUTRAL', 'NEUTRAL', 'CLEAR', 'CLEAR', 'BRAWL', 'BANCO_OFF')",25,5,10,50.000,ATTACK_STRONG,84.000,0.661477,1.9377
"('TANK', 'TANK', 'VOLATILE', 'FULL', 'FULL', 'FIELD_OURS_DEF', 'SLOWER', 'MEC_USED', 'CLEAN', 'CLEAN', 'NEUTRAL', 'NEUTRAL', 'CLEAR', 'CLEAR', 'OPENING', 'BANCO_OFF')",25,6,8,75.000,ATTACK_PREDICTIVE,72.000,1.026905,2.7924
"('TANK', 'TANK', 'NEUTRAL', 'DANGER', 'SAFE', 'NORMAL', 'FASTER', 'MEC_USED', 'CLEAN', 'CLEAN', 'NEUTRAL', 'NEUTRAL', 'CLEAR', 'CLEAR', 'OPENING', 'BANCO_VAZIO')",25,8,9,88.889,HEAL,28.000,1.932218,6.9048
"('SWEEPER', 'SWEEPER', 'NEUTRAL', 'FULL', 'FULL', 'NORMAL', 'FASTER', 'MEC_USED', 'CLEAN', 'CLEAN', 'NEUTRAL', 'NEUTRAL', 'CLEAR', 'CLEAR', 'OPENING', 'BANCO_AMBOS')",25,7,7,100.000,SWITCH_OFFENSIVE,40.000,1.643244,5.1719
"('TANK', 'TANK', 'NEUTRAL', 'FULL', 'FULL', 'NORMAL', 'SLOWER', 'MEC_USED', 'CLEAN', 'CLEAN', 'NEUTRAL', 'NEUTRAL', 'CLEAR', 'SET', 'CLUTCH', 'BANCO_VAZIO')",25,3,10,30.000,ATTACK_STRONG,80.000,0.600483,1.8230
"('TANK', 'TANK', 'VOLATILE', 'SAFE', 'FULL', 'NORMAL', 'FASTER', 'MEC_USED', 'CLEAN', 'CLEAN', 'NEUTRAL', 'NEUTRAL', 'SET', 'CLEAR', 'OPENING', 'BANCO_OFF')",25,8,10,80.000,SWITCH_OFFENSIVE,32.000,1.843405,6.3180
"('TANK', 'TANK', 'NEUTRAL', 'FULL', 'FULL', 'NORMAL', 'SLOWER', 'MEC_USED', 'CLEAN', 'CLEAN', 'NEUTRAL', 'NEUTRAL', 'SET', 'CLEAR', 'RECOVERING', 'BANCO_VAZIO')",25,9,13,69.231,ATTACK_PIVOT,28.000,2.056713,7.8202
"('TANK', 'TANK', 'OFFENSIVE_ADV', 'SAFE', 'DANGER', 'NORMAL', 'FASTER', 'MEC_USED', 'CLEAN', 'CLEAN', 'NEUTRAL', 'NEUTRAL', 'CLEAR', 'CLEAR', 'OPENING', 'BANCO_OFF')",25,12,12,100.000,ATTACK_PREDICTIVE,20.000,2.342470,10.4069
"('TANK', 'TANK', 'OFFENSIVE_DIS', 'FULL', 'SAFE', 'NORMAL', 'FASTER', 'MEC_USED', 'CLEAN', 'CLEAN', 'NEUTRAL', 'NEUTRAL', 'SET', 'CLEAR', 'OPENING', 'BANCO_OFF')",25,10,14,71.429,CLEAN_HAZARD,28.000,1.998493,7.3779
"('SWEEPER', 'TANK', 'OFFENSIVE_ADV', 'FULL', 'FULL', 'NORMAL', 'FASTER', 'MEC_AVAIL', 'CLEAN', 'CLEAN', 'NEUTRAL', 'NEUTRAL', 'CLEAR', 'CLEAR', 'OPENING', 'BANCO_OFF')",24,12,14,85.714,ATTACK_STRONG,29.167,2.220319,9.2103
"('TANK', 'UTILITY', 'DOMINANT', 'FULL', 'FULL', 'FIELD_SHARED', 'SLOWER', 'MEC_USED', 'CLEAN', 'CLEAN', 'NEUTRAL', 'NEUTRAL', 'CLEAR', 'CLEAR', 'OPENING', 'BANCO_AMBOS')",24,3,8,37.500,ATTACK_STRONG,91.667,0.344598,1.4114
"('TANK', 'TANK', 'DOMINANT', 'FULL', 'SAFE', 'FIELD_THEIRS', 'FASTER', 'MEC_USED', 'CLEAN', 'CLEAN', 'NEUTRAL', 'NEUTRAL', 'CLEAR', 'CLEAR', 'OPENING', 'BANCO_OFF')",24,10,11,90.909,ATTACK_STRONG,16.667,2.138333,8.4853
"('SWEEPER', 'TANK', 'NEUTRAL', 'SAFE', 'SAFE', 'NORMAL', 'FASTER', 'MEC_USED', 'CLEAN', 'CLEAN', 'NEUTRAL', 'NEUTRAL', 'CLEAR', 'CLEAR', 'OPENING', 'BANCO_OFF')",24,8,9,88.889,SWITCH_OFFENSIVE,45.833,1.688841,5.4132
"('TANK', 'TANK', 'NEUTRAL', 'SAFE', 'SAFE', 'NORMAL', 'FASTER', 'MEC_USED', 'CLEAN', 'CLEAN', 'NEUTRAL', 'NEUTRAL', 'CLEAR', 'CLEAR', 'RECOVERING', 'BANCO_VAZIO')",24,11,11,100.000,STATUS,20.833,2.221528,9.2214
"('TANK', 'TANK', 'NEUTRAL', 'FULL', 'FULL', 'FIELD_OURS_OFF', 'SLOWER', 'MEC_USED', 'CLEAN', 'CLEAN', 'NEUTRAL', 'NEUTRAL', 'CLEAR', 'CLEAR', 'OPENING', 'BANCO_DEF')",24,6,6,100.000,STATUS,37.500,1.511884,4.5353
"('TANK', 'TANK', 'VOLATILE', 'FULL', 'SAFE', 'FIELD_THEIRS', 'FASTER', 'MEC_USED', 'CLEAN', 'CLEAN', 'NEUTRAL', 'NEUTRAL', 'CLEAR', 'CLEAR', 'OPENING', 'BANCO_OFF')",24,8,8,100.000,ATTACK_TECH,16.667,2.015165,7.5020
"('TANK', 'TANK', 'VOLATILE', 'SAFE', 'FULL', 'NORMAL', 'SLOWER', 'MEC_USED', 'CLEAN', 'CLEAN', 'NEUTRAL', 'NEUTRAL', 'CLEAR', 'CLEAR', 'OPENING', 'BANCO_OFF')",24,10,12,83.333,ATTACK_PREDICTIVE,16.667,2.188452,8.9214
"('TANK', 'TANK', 'OFFENSIVE_ADV', 'SAFE', 'FULL', 'NORMAL', 'SLOWER', 'MEC_USED', 'CLEAN', 'CLEAN', 'NEUTRAL', 'NEUTRAL', 'CLEAR', 'CLEAR', 'RECOVERING', 'BANCO_VAZIO')",24,8,10,80.000,ATTACK_STRONG,29.167,1.849059,6.3538
"('TANK', 'TANK', 'DOMINANT', 'SAFE', 'FULL', 'NORMAL', 'SLOWER', 'MEC_USED', 'CLEAN', 'CLEAN', 'NEUTRAL', 'NEUTRAL', 'CLEAR', 'CLEAR', 'OPENING', 'BANCO_AMBOS')",24,10,12,83.333,SWITCH_DEFENSIVE,20.833,2.127805,8.3964
"('TANK', 'TANK', 'DOMINANT', 'SAFE', 'FULL', 'FIELD_THEIRS', 'SLOWER', 'MEC_USED', 'CLEAN', 'CLEAN', 'NEUTRAL', 'NEUTRAL', 'CLEAR', 'CLEAR', 'OPENING', 'BANCO_OFF')",24,6,10,60.000,ATTACK_PIVOT,37.500,1.567971,4.7969
"('TANK', 'TANK', 'NEUTRAL', 'FULL', 'SAFE', 'NORMAL', 'SLOWER', 'MEC_USED', 'CLEAN', 'CLEAN', 'NEUTRAL', 'NEUTRAL', 'SET', 'SET', 'RECOVERING', 'BANCO_VAZIO')",24,10,12,83.333,ATTACK_PREDICTIVE,20.833,2.117277,8.3085
"('TANK', 'UTILITY', 'VOLATILE', 'FULL', 'FULL', 'NORMAL', 'SLOWER', 'MEC_USED', 'CLEAN', 'CLEAN', 'NEUTRAL', 'NEUTRAL', 'CLEAR', 'CLEAR', 'OPENING', 'BANCO_OFF')",24,7,11,63.636,SWITCH_DEFENSIVE,41.667,1.597417,4.9403
"('TANK', 'TANK', 'NEUTRAL', 'SAFE', 'SAFE', 'NORMAL', 'FASTER', 'MEC_USED', 'AFFLICTED', 'CLEAN', 'NEUTRAL', 'NEUTRAL', 'CLEAR', 'SET', 'RECOVERING', 'BANCO_VAZIO')",24,8,12,66.667,HEAL,50.000,1.567225,4.7933
"('TANK', 'TANK', 'OFFENSIVE_ADV', 'FULL', 'FULL', 'NORMAL', 'FASTER', 'MEC_AVAIL', 'CLEAN', 'CLEAN', 'NEUTRAL', 'NEUTRAL', 'SET', 'CLEAR', 'OPENING', 'BANCO_OFF')",24,12,18,66.667,SWITCH_DEFENSIVE,25.000,2.282174,9.7980
"('TANK', 'TANK', 'STALEMATE', 'CRIT', 'FULL', 'NORMAL', 'SLOWER', 'MEC_USED', 'AFFLICTED', 'AFFLICTED', 'DEBUFF', 'DEBUFF', 'SET', 'CLEAR', 'RECOVERING', 'BANCO_VAZIO')",24,3,3,100.000,STATUS,62.500,0.792375,2.2086
"('TANK', 'TANK', 'CRITICAL_DIS', 'SAFE', 'FULL', 'NORMAL', 'FASTER', 'MEC_USED', 'AFFLICTED', 'AFFLICTED', 'NEUTRAL', 'DEBUFF', 'SET', 'SET', 'CLUTCH', 'BANCO_VAZIO')",24,2,2,100.000,HAZARD,87.500,0.376770,1.4576
"('TANK', 'TANK', 'OFFENSIVE_ADV', 'FULL', 'SAFE', 'NORMAL', 'FASTER', 'MEC_USED', 'CLEAN', 'CLEAN', 'NEUTRAL', 'NEUTRAL', 'CLEAR', 'CLEAR', 'OPENING', 'BANCO_AMBOS')",24,10,10,100.000,ATTACK_STRONG,29.167,2.082993,8.0285
"('TANK', 'TANK', 'NEUTRAL', 'SAFE', 'FULL', 'FIELD_THEIRS', 'SLOWER', 'MEC_USED', 'CLEAN', 'CLEAN', 'NEUTRAL', 'NEUTRAL', 'CLEAR', 'CLEAR', 'OPENING', 'BANCO_VAZIO')",24,11,14,78.571,HEAL,16.667,2.282174,9.7980
"('TANK', 'TANK', 'NEUTRAL', 'SAFE', 'DANGER', 'NORMAL', 'SLOWER', 'MEC_USED', 'CLEAN', 'CLEAN', 'NEUTRAL', 'NEUTRAL', 'CLEAR', 'CLEAR', 'OPENING', 'BANCO_VAZIO')",24,9,10,90.000,ATTACK_PIVOT,20.833,1.998868,7.3807
"('TANK', 'TANK', 'NEUTRAL', 'FULL', 'FULL', 'NORMAL', 'FASTER', 'MEC_USED', 'AFFLICTED', 'AFFLICTED', 'NEUTRAL', 'BUFFED_DEBUFF', 'SET', 'SET', 'CLUTCH', 'BANCO_VAZIO')",23,2,2,100.000,HAZARD,95.652,0.178845,1.1958
"('TANK', 'TANK', 'NEUTRAL', 'FULL', 'DANGER', 'NORMAL', 'SLOWER', 'MEC_USED', 'CLEAN', 'CLEAN', 'NEUTRAL', 'NEUTRAL', 'CLEAR', 'CLEAR', 'CLUTCH', 'BANCO_VAZIO')",23,2,8,25.000,ATTACK_PIVOT,91.304,0.295439,1.3437
"('TANK', 'TANK', 'DEFENSIVE_DIS', 'FULL', 'SAFE', 'NORMAL', 'FASTER', 'MEC_USED', 'AFFLICTED', 'CLEAN', 'NEUTRAL', 'NEUTRAL', 'CLEAR', 'CLEAR', 'CLUTCH', 'BANCO_VAZIO')",23,3,5,60.000,CLEAN_HAZARD,69.565,0.796585,2.2180
"('TANK', 'TANK', 'NEUTRAL', 'FULL', 'SAFE', 'NORMAL', 'SLOWER', 'MEC_USED', 'CLEAN', 'CLEAN', 'NEUTRAL', 'DEBUFF', 'SET', 'SET', 'CLUTCH', 'BANCO_VAZIO')",23,2,8,25.000,ATTACK_STRONG,82.609,0.462037,1.5873
"('TANK', 'TANK', 'NEUTRAL', 'SAFE', 'DANGER', 'NORMAL', 'FASTER', 'MEC_USED', 'CLEAN', 'CLEAN', 'NEUTRAL', 'NEUTRAL', 'CLEAR', 'CLEAR', 'OPENING', 'BANCO_OFF')",23,7,10,70.000,HEAL,39.130,1.604724,4.9765
"('TANK', 'TANK', 'OFFENSIVE_DIS', 'SAFE', 'FULL', 'NORMAL', 'SLOWER', 'MEC_USED', 'CLEAN', 'CLEAN', 'NEUTRAL', 'NEUTRAL', 'SET', 'SET', 'RECOVERING', 'BANCO_VAZIO')",23,10,12,83.333,HEAL,26.087,2.102866,8.1896
"('TANK', 'SWEEPER', 'NEUTRAL', 'FULL', 'FULL', 'FIELD_THEIRS', 'SLOWER', 'MEC_USED', 'CLEAN', 'CLEAN', 'NEUTRAL', 'NEUTRAL', 'CLEAR', 'CLEAR', 'OPENING', 'BANCO_OFF')",23,7,12,58.333,ATTACK_PREDICTIVE,34.783,1.616406,5.0350
"('TANK', 'TANK', 'NEUTRAL', 'SAFE', 'SAFE', 'FIELD_THEIRS', 'SLOWER', 'MEC_USED', 'CLEAN', 'CLEAN', 'NEUTRAL', 'NEUTRAL', 'CLEAR', 'CLEAR', 'OPENING', 'BANCO_VAZIO')",23,9,11,81.818,ATTACK_TECH,34.783,1.930021,6.8897
"('TANK', 'TANK', 'NEUTRAL', 'FULL', 'FULL', 'NORMAL', 'FASTER', 'MEC_USED', 'CLEAN', 'CLEAN', 'NEUTRAL', 'NEUTRAL', 'CLEAR', 'SET', 'OPENING', 'BANCO_OFF')",23,5,12,41.667,ATTACK_STRONG,52.174,1.285572,3.6167
"('TANK', 'TANK', 'NEUTRAL', 'SAFE', 'FULL', 'NORMAL', 'FASTER', 'MEC_USED', 'CLEAN', 'CLEAN', 'NEUTRAL', 'NEUTRAL', 'SET', 'CLEAR', 'CLUTCH', 'BANCO_VAZIO')",23,3,9,33.333,ATTACK_STRONG,56.522,0.902183,2.4650
"('TANK', 'TANK', 'NEUTRAL', 'SAFE', 'SAFE', 'FIELD_SHARED', 'SLOWER', 'MEC_USED', 'CLEAN', 'CLEAN', 'NEUTRAL', 'NEUTRAL', 'CLEAR', 'CLEAR', 'OPENING', 'BANCO_VAZIO')",23,11,13,84.615,HEAL,17.391,2.246163,9.4514
"('SWEEPER', 'TANK', 'NEUTRAL', 'FULL', 'FULL', 'NORMAL', 'FASTER', 'MEC_AVAIL', 'CLEAN', 'CLEAN', 'NEUTRAL', 'NEUTRAL', 'CLEAR', 'CLEAR', 'OPENING', 'BANCO_AMBOS')",23,10,14,71.429,ATTACK_PREDICTIVE_MEC,26.087,2.102866,8.1896
"('TANK', 'TANK', 'OFFENSIVE_DIS', 'FULL', 'FULL', 'NORMAL', 'SLOWER', 'MEC_USED', 'CLEAN', 'CLEAN', 'NEUTRAL', 'NEUTRAL', 'CLEAR', 'SET', 'RECOVERING', 'BANCO_VAZIO')",23,8,10,80.000,STATUS,30.435,1.774477,5.8972
"('TANK', 'TANK', 'DEFENSIVE_ADV', 'FULL', 'FULL', 'NORMAL', 'SLOWER', 'MEC_USED', 'CLEAN', 'CLEAN', 'NEUTRAL', 'NEUTRAL', 'CLEAR', 'CLEAR', 'OPENING', 'BANCO_DEF')",23,9,11,81.818,ATTACK_STRONG,34.783,1.907271,6.7347
"('TANK', 'TANK', 'OFFENSIVE_ADV', 'SAFE', 'SAFE', 'NORMAL', 'FASTER', 'MEC_USED', 'CLEAN', 'CLEAN', 'NEUTRAL', 'NEUTRAL', 'CLEAR', 'SET', 'OPENING', 'BANCO_OFF')",23,5,10,50.000,ATTACK_PREDICTIVE,43.478,1.317077,3.7325
"('TANK', 'TANK', 'OFFENSIVE_DIS', 'FULL', 'SAFE', 'NORMAL', 'SLOWER', 'MEC_USED', 'CLEAN', 'CLEAN', 'NEUTRAL', 'NEUTRAL', 'SET', 'SET', 'RECOVERING', 'BANCO_VAZIO')",23,4,14,28.571,ATTACK_TECH,47.826,1.192870,3.2965
"('TANK', 'TANK', 'DEFENSIVE_ADV', 'FULL', 'FULL', 'NORMAL', 'FASTER', 'MEC_AVAIL', 'CLEAN', 'CLEAN', 'NEUTRAL', 'NEUTRAL', 'CLEAR', 'CLEAR', 'OPENING', 'BANCO_AMBOS')",23,7,16,43.750,SWITCH_OFFENSIVE,65.217,1.226077,3.4078
"('TANK', 'TANK', 'OFFENSIVE_ADV', 'FULL', 'FULL', 'NORMAL', 'SLOWER', 'MEC_USED', 'CLEAN', 'CLEAN', 'NEUTRAL', 'NEUTRAL', 'CLEAR', 'CLEAR', 'OPENING', 'BANCO_VAZIO')",23,9,12,75.000,ATTACK_PIVOT,21.739,2.077106,7.9813
"('TANK', 'TANK', 'DEFENSIVE_DIS', 'FULL', 'SAFE', 'NORMAL', 'FASTER', 'MEC_USED', 'CLEAN', 'CLEAN', 'NEUTRAL', 'NEUTRAL', 'CLEAR', 'CLEAR', 'OPENING', 'BANCO_OFF')",23,9,11,81.818,SWITCH_OFFENSIVE,30.435,1.929538,6.8863
"('TANK', 'TANK', 'DEFENSIVE_ADV', 'FULL', 'SAFE', 'NORMAL', 'SLOWER', 'MEC_USED', 'CLEAN', 'CLEAN', 'NEUTRAL', 'NEUTRAL', 'CLEAR', 'CLEAR', 'OPENING', 'BANCO_OFF')",23,3,12,25.000,ATTACK_STRONG,82.609,0.559834,1.7504
"('SWEEPER', 'SWEEPER', 'OFFENSIVE_ADV', 'FULL', 'FULL', 'FIELD_OURS_OFF', 'FASTER', 'MEC_USED', 'CLEAN', 'CLEAN', 'NEUTRAL', 'NEUTRAL', 'CLEAR', 'CLEAR', 'OPENING', 'BANCO_OFF')",23,7,7,100.000,ATTACK_PIVOT,26.087,1.861771,6.4351
"('TANK', 'TANK', 'NEUTRAL', 'SAFE', 'DANGER', 'NORMAL', 'SLOWER', 'MEC_USED', 'CLEAN', 'CLEAN', 'NEUTRAL', 'NEUTRAL', 'CLEAR', 'CLEAR', 'OPENING', 'BANCO_OFF')",23,9,13,69.231,ATTACK_PREDICTIVE,39.130,1.853795,6.3840
"('TANK', 'TANK', 'NEUTRAL', 'FULL', 'SAFE', 'NORMAL', 'SLOWER', 'MEC_USED', 'CLEAN', 'CLEAN', 'NEUTRAL', 'NEUTRAL', 'SET', 'CLEAR', 'OPENING', 'BANCO_VAZIO')",23,5,14,35.714,ATTACK_STRONG,52.174,1.251058,3.4940
"('TANK', 'TANK', 'DEFENSIVE_DIS', 'SAFE', 'FULL', 'NORMAL', 'FASTER', 'MEC_USED', 'CLEAN', 'CLEAN', 'NEUTRAL', 'NEUTRAL', 'CLEAR', 'CLEAR', 'RECOVERING', 'BANCO_VAZIO')",23,9,11,81.818,HEAL,34.783,1.858761,6.4158
"('TANK', 'TANK', 'CRITICAL_DIS', 'FULL', 'FULL', 'NORMAL', 'SLOWER', 'MEC_USED', 'CLEAN', 'CLEAN', 'NEUTRAL', 'NEUTRAL', 'CLEAR', 'SET', 'RECOVERING', 'BANCO_VAZIO')",23,7,10,70.000,ATTACK_STRONG,34.783,1.715464,5.5593
"('TANK', 'TANK', 'OFFENSIVE_DIS', 'FULL', 'FULL', 'NORMAL', 'FASTER', 'MEC_USED', 'CLEAN', 'CLEAN', 'NEUTRAL', 'NEUTRAL', 'CLEAR', 'SET', 'RECOVERING', 'BANCO_VAZIO')",22,11,12,91.667,ATTACK_TECH,31.818,2.133038,8.4405
"('TANK', 'TANK', 'OFFENSIVE_ADV', 'SAFE', 'FULL', 'NORMAL', 'SLOWER', 'MEC_USED', 'CLEAN', 'CLEAN', 'NEUTRAL', 'NEUTRAL', 'CLEAR', 'SET', 'OPENING', 'BANCO_OFF')",22,9,13,69.231,ATTACK_PIVOT,31.818,1.983228,7.2662
"('TANK', 'TANK', 'OFFENSIVE_ADV', 'SAFE', 'FULL', 'NORMAL', 'FASTER', 'MEC_USED', 'CLEAN', 'CLEAN', 'NEUTRAL', 'NEUTRAL', 'SET', 'SET', 'BRAWL', 'BANCO_OFF')",22,7,10,70.000,HEAL,45.455,1.552605,4.7238
"('TANK', 'TANK', 'OFFENSIVE_ADV', 'SAFE', 'DANGER', 'NORMAL', 'SLOWER', 'MEC_USED', 'CLEAN', 'CLEAN', 'NEUTRAL', 'NEUTRAL', 'CLEAR', 'CLEAR', 'OPENING', 'BANCO_OFF')",22,11,13,84.615,ATTACK_TECH,22.727,2.197370,9.0013
"('TANK', 'UTILITY', 'STALEMATE', 'FULL', 'FULL', 'NORMAL', 'SLOWER', 'MEC_USED', 'CLEAN', 'CLEAN', 'NEUTRAL', 'NEUTRAL', 'CLEAR', 'CLEAR', 'OPENING', 'BANCO_AMBOS')",22,6,9,66.667,ATTACK_PIVOT,40.909,1.373004,3.9472
"('TANK', 'TANK', 'OFFENSIVE_ADV', 'SAFE', 'FULL', 'NORMAL', 'FASTER', 'MEC_USED', 'AFFLICTED', 'CLEAN', 'NEUTRAL', 'NEUTRAL', 'CLEAR', 'CLEAR', 'CLUTCH', 'BANCO_VAZIO')",22,7,10,70.000,SWITCH_OFFENSIVE,40.909,1.625057,5.0787
"('TANK', 'TANK', 'DOMINANT', 'FULL', 'FULL', 'NORMAL', 'SLOWER', 'MEC_USED', 'CLEAN', 'CLEAN', 'NEUTRAL', 'NEUTRAL', 'CLEAR', 'CLEAR', 'OPENING', 'BANCO_DEF')",22,6,11,54.545,ATTACK_STRONG,68.182,1.118618,3.0606
"('TANK', 'TANK', 'NEUTRAL', 'FULL', 'FULL', 'NORMAL', 'SLOWER', 'MEC_USED', 'CLEAN', 'CLEAN', 'NEUTRAL', 'NEUTRAL', 'CLEAR', 'SET', 'OPENING', 'BANCO_AMBOS')",22,3,12,25.000,SWITCH_OFFENSIVE,90.909,0.367649,1.4443
"('TANK', 'TANK', 'NEUTRAL', 'DANGER', 'SAFE', 'NORMAL', 'FASTER', 'MEC_USED', 'CLEAN', 'CLEAN', 'NEUTRAL', 'NEUTRAL', 'SET', 'SET', 'CLUTCH', 'BANCO_VAZIO')",22,10,13,76.923,ATTACK_PIVOT,27.273,2.035260,7.6542
"('TANK', 'SWEEPER', 'DEFENSIVE_ADV', 'FULL', 'FULL', 'NORMAL', 'SLOWER', 'MEC_USED', 'CLEAN', 'CLEAN', 'NEUTRAL', 'NEUTRAL', 'CLEAR', 'CLEAR', 'OPENING', 'BANCO_OFF')",22,7,11,63.636,ATTACK_PREDICTIVE,27.273,1.735639,5.6726
"('TANK', 'TANK', 'OFFENSIVE_ADV', 'SAFE', 'FULL', 'NORMAL', 'FASTER', 'MEC_AVAIL', 'CLEAN', 'CLEAN', 'NEUTRAL', 'NEUTRAL', 'SET', 'CLEAR', 'OPENING', 'BANCO_OFF')",22,13,16,81.250,BUFF_MEC,13.636,2.500138,12.1842
"('SWEEPER', 'TANK', 'CRITICAL_DIS', 'FULL', 'FULL', 'NORMAL', 'FASTER', 'MEC_USED', 'CLEAN', 'CLEAN', 'NEUTRAL', 'NEUTRAL', 'CLEAR', 'CLEAR', 'OPENING', 'BANCO_OFF')",22,5,6,83.333,SWITCH_DEFENSIVE,54.545,1.270761,3.5636
"('TANK', 'TANK', 'OFFENSIVE_ADV', 'SAFE', 'FULL', 'NORMAL', 'SLOWER', 'MEC_USED', 'CLEAN', 'CLEAN', 'NEUTRAL', 'NEUTRAL', 'CLEAR', 'CLEAR', 'OPENING', 'BANCO_VAZIO')",22,10,14,71.429,ATTACK_STRONG,22.727,2.134357,8.4516
"('SWEEPER', 'TANK', 'OFFENSIVE_ADV', 'FULL', 'FULL', 'NORMAL', 'FASTER', 'MEC_AVAIL', 'CLEAN', 'CLEAN', 'NEUTRAL', 'NEUTRAL', 'CLEAR', 'CLEAR', 'OPENING', 'BANCO_AMBOS')",22,5,12,41.667,ATTACK_PIVOT,59.091,1.212756,3.3627
"('SWEEPER', 'TANK', 'OFFENSIVE_ADV', 'FULL', 'SAFE', 'NORMAL', 'FASTER', 'MEC_USED', 'CLEAN', 'CLEAN', 'NEUTRAL', 'NEUTRAL', 'CLEAR', 'CLEAR', 'OPENING', 'BANCO_OFF')",22,8,8,100.000,ATTACK_PREDICTIVE,45.455,1.666333,5.2927
"('TANK', 'TANK', 'OFFENSIVE_DIS', 'FULL', 'FULL', 'NORMAL', 'FASTER', 'MEC_USED', 'CLEAN', 'CLEAN', 'NEUTRAL', 'NEUTRAL', 'SET', 'SET', 'RECOVERING', 'BANCO_VAZIO')",22,8,11,72.727,ATTACK_STRONG,50.000,1.577028,4.8405
"('TANK', 'TANK', 'DOMINANT', 'FULL', 'FULL', 'NORMAL', 'FASTER', 'MEC_AVAIL', 'CLEAN', 'CLEAN', 'NEUTRAL', 'NEUTRAL', 'SET', 'CLEAR', 'OPENING', 'BANCO_AMBOS')",22,7,10,70.000,BUFF_MEC,40.909,1.664287,5.2819
"('TANK', 'UTILITY', 'OFFENSIVE_ADV', 'FULL', 'SAFE', 'NORMAL', 'SLOWER', 'MEC_USED', 'CLEAN', 'CLEAN', 'NEUTRAL', 'NEUTRAL', 'CLEAR', 'CLEAR', 'OPENING', 'BANCO_OFF')",22,10,13,76.923,HEAL,22.727,2.149802,8.5832
"('TANK', 'TANK', 'OFFENSIVE_ADV', 'SAFE', 'FULL', 'NORMAL', 'FASTER', 'MEC_USED', 'CLEAN', 'CLEAN', 'NEUTRAL', 'NEUTRAL', 'CLEAR', 'SET', 'OPENING', 'BANCO_OFF')",22,10,12,83.333,ATTACK_PIVOT,18.182,2.161287,8.6823
"('SWEEPER', 'TANK', 'OFFENSIVE_ADV', 'SAFE', 'FULL', 'NORMAL', 'FASTER', 'MEC_USED', 'CLEAN', 'CLEAN', 'NEUTRAL', 'DEBUFF', 'CLEAR', 'CLEAR', 'OPENING', 'BANCO_OFF')",22,7,9,77.778,ATTACK_PREDICTIVE,45.455,1.642549,5.1683
"('TANK', 'TANK', 'OFFENSIVE_DIS', 'SAFE', 'SAFE', 'NORMAL', 'FASTER', 'MEC_USED', 'CLEAN', 'CLEAN', 'NEUTRAL', 'NEUTRAL', 'SET', 'CLEAR', 'OPENING', 'BANCO_OFF')",22,12,14,85.714,CLEAN_HAZARD,18.182,2.287314,9.8484
"('TANK', 'TANK', 'CRITICAL_DIS', 'FULL', 'FULL', 'FIELD_OURS_OFF', 'FASTER', 'MEC_USED', 'CLEAN', 'CLEAN', 'NEUTRAL', 'NEUTRAL', 'CLEAR', 'CLEAR', 'OPENING', 'BANCO_AMBOS')",22,4,9,44.444,SWITCH_DEFENSIVE,45.455,1.173206,3.2323
"('TANK', 'TANK', 'DEFENSIVE_DIS', 'FULL', 'FULL', 'NORMAL', 'FASTER', 'MEC_USED', 'CLEAN', 'CLEAN', 'NEUTRAL', 'NEUTRAL', 'SET', 'CLEAR', 'OPENING', 'BANCO_OFF')",22,11,13,84.615,ATTACK_TECH,27.273,2.161287,8.6823
"('TANK', 'TANK', 'OFFENSIVE_DIS', 'FULL', 'FULL', 'NORMAL', 'FASTER', 'MEC_USED', 'AFFLICTED', 'AFFLICTED', 'NEUTRAL', 'NEUTRAL', 'CLEAR', 'CLEAR', 'RECOVERING', 'BANCO_OFF')",22,2,2,100.000,SWITCH_OFFENSIVE,95.455,0.184907,1.2031
"('TANK', 'TANK', 'DOMINANT', 'FULL', 'FULL', 'NORMAL', 'SLOWER', 'MEC_USED', 'CLEAN', 'CLEAN', 'NEUTRAL', 'NEUTRAL', 'SET', 'CLEAR', 'OPENING', 'BANCO_AMBOS')",22,11,12,91.667,HAZARD,27.273,2.200516,9.0297
"('TANK', 'TANK', 'NEUTRAL', 'DANGER', 'FULL', 'NORMAL', 'FASTER', 'MEC_USED', 'CLEAN', 'CLEAN', 'NEUTRAL', 'NEUTRAL', 'CLEAR', 'CLEAR', 'OPENING', 'BANCO_OFF')",22,9,10,90.000,SWITCH_DEFENSIVE,27.273,1.960762,7.1047
"('TANK', 'SWEEPER', 'NEUTRAL', 'SAFE', 'FULL', 'NORMAL', 'SLOWER', 'MEC_USED', 'CLEAN', 'CLEAN', 'NEUTRAL', 'NEUTRAL', 'CLEAR', 'CLEAR', 'OPENING', 'BANCO_VAZIO')",22,5,12,41.667,HEAL,59.091,1.212756,3.3627
"('UTILITY', 'TANK', 'DEFENSIVE_DIS', 'FULL', 'FULL', 'NORMAL', 'FASTER', 'MEC_USED', 'CLEAN', 'CLEAN', 'NEUTRAL', 'NEUTRAL', 'CLEAR', 'CLEAR', 'OPENING', 'BANCO_VAZIO')",22,2,5,40.000,ATTACK_STRONG,95.455,0.184907,1.2031
"('TANK', 'TANK', 'CRITICAL_DIS', 'FULL', 'FULL', 'NORMAL', 'FASTER', 'MEC_USED', 'CLEAN', 'CLEAN', 'NEUTRAL', 'NEUTRAL', 'SET', 'CLEAR', 'OPENING', 'BANCO_OFF')",22,10,14,71.429,CLEAN_HAZARD,27.273,2.098274,8.1521
"('TANK', 'TANK', 'OFFENSIVE_ADV', 'FULL', 'FULL', 'NORMAL', 'FASTER', 'MEC_AVAIL', 'CLEAN', 'CLEAN', 'NEUTRAL', 'NEUTRAL', 'SET', 'CLEAR', 'OPENING', 'BANCO_AMBOS')",22,8,14,57.143,HEAL,36.364,1.767761,5.8577
"('TANK', 'TANK', 'DEFENSIVE_DIS', 'FULL', 'SAFE', 'NORMAL', 'SLOWER', 'MEC_USED', 'CLEAN', 'AFFLICTED', 'NEUTRAL', 'NEUTRAL', 'CLEAR', 'CLEAR', 'CLUTCH', 'BANCO_VAZIO')",21,5,8,62.500,ATTACK_STRONG,38.095,1.339661,3.8178
"('TANK', 'TANK', 'NEUTRAL', 'FULL', 'FULL', 'FIELD_SHARED', 'SLOWER', 'MEC_AVAIL', 'CLEAN', 'CLEAN', 'NEUTRAL', 'NEUTRAL', 'CLEAR', 'CLEAR', 'OPENING', 'BANCO_AMBOS')",21,8,16,50.000,FIELD_CONTROL,33.333,1.883954,6.5795
"('TANK', 'TANK', 'DEFENSIVE_ADV', 'FULL', 'FULL', 'FIELD_OURS_DEF', 'FASTER', 'MEC_USED', 'CLEAN', 'CLEAN', 'NEUTRAL', 'NEUTRAL', 'CLEAR', 'CLEAR', 'OPENING', 'BANCO_AMBOS')",21,5,5,100.000,SWITCH_OFFENSIVE,38.095,1.339661,3.8178
"('TANK', 'TANK', 'VOLATILE', 'FULL', 'FULL', 'FIELD_OURS_DEF', 'FASTER', 'MEC_AVAIL', 'CLEAN', 'CLEAN', 'NEUTRAL', 'NEUTRAL', 'CLEAR', 'CLEAR', 'OPENING', 'BANCO_VAZIO')",21,6,6,100.000,SWITCH_DEFENSIVE,28.571,1.662377,5.2718
"('UTILITY', 'TANK', 'DOMINANT', 'FULL', 'FULL', 'FIELD_THEIRS', 'FASTER', 'MEC_AVAIL', 'CLEAN', 'CLEAN', 'NEUTRAL', 'NEUTRAL', 'CLEAR', 'CLEAR', 'OPENING', 'BANCO_OFF')",21,6,12,50.000,ATTACK_STRONG,33.333,1.632783,5.1181
"('TANK', 'TANK', 'OFFENSIVE_DIS', 'FULL', 'FULL', 'NORMAL', 'FASTER', 'MEC_USED', 'CLEAN', 'CLEAN', 'NEUTRAL', 'NEUTRAL', 'CLEAR', 'CLEAR', 'BRAWL', 'BANCO_OFF')",21,9,12,75.000,ATTACK_STRONG,33.333,1.817940,6.1592
"('TANK', 'TANK', 'DEFENSIVE_DIS', 'SAFE', 'FULL', 'NORMAL', 'FASTER', 'MEC_USED', 'CLEAN', 'CLEAN', 'BUFFED', 'NEUTRAL', 'CLEAR', 'CLEAR', 'OPENING', 'BANCO_OFF')",21,7,9,77.778,ATTACK_STRONG,52.381,1.499509,4.4795
"('TANK', 'TANK', 'DEFENSIVE_ADV', 'FULL', 'FULL', 'NORMAL', 'SLOWER', 'MEC_USED', 'CLEAN', 'CLEAN', 'NEUTRAL', 'NEUTRAL', 'CLEAR', 'CLEAR', 'OPENING', 'BANCO_VAZIO')",21,11,11,100.000,ATTACK_STRONG,23.810,2.215406,9.1651
"('UTILITY', 'TANK', 'DOMINANT', 'FULL', 'FULL', 'FIELD_THEIRS', 'SLOWER', 'MEC_USED', 'CLEAN', 'CLEAN', 'NEUTRAL', 'NEUTRAL', 'CLEAR', 'CLEAR', 'OPENING', 'BANCO_AMBOS')",21,7,7,100.000,ATTACK_PIVOT,33.333,1.660996,5.2646
"('TANK', 'TANK', 'NEUTRAL', 'SAFE', 'FULL', 'NORMAL', 'FASTER', 'MEC_USED', 'CLEAN', 'CLEAN', 'NEUTRAL', 'NEUTRAL', 'SET', 'SET', 'RECOVERING', 'BANCO_VAZIO')",21,8,12,66.667,ATTACK_STRONG,23.810,1.967530,7.1530
"('SWEEPER', 'TANK', 'NEUTRAL', 'FULL', 'FULL', 'FIELD_THEIRS', 'FASTER', 'MEC_USED', 'CLEAN', 'CLEAN', 'NEUTRAL', 'NEUTRAL', 'CLEAR', 'CLEAR', 'OPENING', 'BANCO_VAZIO')",21,5,6,83.333,ATTACK_PIVOT,52.381,1.342565,3.8289
"('TANK', 'TANK', 'OFFENSIVE_DIS', 'FULL', 'SAFE', 'FIELD_SHARED', 'SLOWER', 'MEC_USED', 'CLEAN', 'CLEAN', 'NEUTRAL', 'NEUTRAL', 'CLEAR', 'CLEAR', 'OPENING', 'BANCO_OFF')",21,12,14,85.714,DISRUPTION,19.048,2.318368,10.1591
"('TANK', 'SWEEPER', 'CRITICAL_DIS', 'SAFE', 'FULL', 'NORMAL', 'SLOWER', 'MEC_USED', 'CLEAN', 'CLEAN', 'NEUTRAL', 'NEUTRAL', 'CLEAR', 'SET', 'RECOVERING', 'BANCO_VAZIO')",21,6,8,75.000,HEAL,52.381,1.276551,3.5843
"('TANK', 'TANK', 'DEFENSIVE_DIS', 'FULL', 'SAFE', 'NORMAL', 'FASTER', 'MEC_USED', 'CLEAN', 'CLEAN', 'NEUTRAL', 'NEUTRAL', 'CLEAR', 'CLEAR', 'RECOVERING', 'BANCO_VAZIO')",21,9,11,81.818,ATTACK_PREDICTIVE,28.571,1.979562,7.2396
"('TANK', 'TANK', 'NEUTRAL', 'SAFE', 'SAFE', 'NORMAL', 'SLOWER', 'MEC_USED', 'CLEAN', 'CLEAN', 'NEUTRAL', 'NEUTRAL', 'SET', 'SET', 'OPENING', 'BANCO_OFF')",21,8,13,61.538,ATTACK_TECH,33.333,1.748630,5.7467
"('TANK', 'TANK', 'VOLATILE', 'FULL', 'FULL', 'NORMAL', 'FASTER', 'MEC_USED', 'CLEAN', 'CLEAN', 'NEUTRAL', 'NEUTRAL', 'CLEAR', 'CLEAR', 'BRAWL', 'BANCO_OFF')",21,7,13,53.846,ATTACK_STRONG,66.667,1.219137,3.3843
"('SWEEPER', 'SWEEPER', 'OFFENSIVE_ADV', 'FULL', 'FULL', 'FIELD_OURS_OFF', 'FASTER', 'MEC_USED', 'CLEAN', 'CLEAN', 'NEUTRAL', 'NEUTRAL', 'CLEAR', 'CLEAR', 'OPENING', 'BANCO_AMBOS')",21,7,7,100.000,SWITCH_OFFENSIVE,47.619,1.568150,4.7978
"('TANK', 'TANK', 'DEFENSIVE_DIS', 'SAFE', 'FULL', 'NORMAL', 'SLOWER', 'MEC_USED', 'CLEAN', 'CLEAN', 'NEUTRAL', 'NEUTRAL', 'CLEAR', 'CLEAR', 'OPENING', 'BANCO_OFF')",21,6,11,54.545,SWITCH_DEFENSIVE,71.429,1.044187,2.8411
"('TANK', 'TANK', 'DOMINANT', 'SAFE', 'SAFE', 'NORMAL', 'FASTER', 'MEC_USED', 'CLEAN', 'CLEAN', 'NEUTRAL', 'NEUTRAL', 'CLEAR', 'CLEAR', 'OPENING', 'BANCO_OFF')",21,10,10,100.000,ATTACK_STRONG,14.286,2.193785,8.9691
"('TANK', 'TANK', 'DOMINANT', 'FULL', 'FULL', 'NORMAL', 'FASTER', 'MEC_USED', 'CLEAN', 'CLEAN', 'NEUTRAL', 'NEUTRAL', 'CLEAR', 'CLEAR', 'OPENING', 'BANCO_DEF')",21,2,6,33.333,ATTACK_STRONG,95.238,0.191444,1.2110
"('TANK', 'TANK', 'CRITICAL_DIS', 'FULL', 'FULL', 'NORMAL', 'FASTER', 'MEC_USED', 'CLEAN', 'CLEAN', 'NEUTRAL', 'NEUTRAL', 'CLEAR', 'CLEAR', 'OPENING', 'BANCO_VAZIO')",21,6,9,66.667,SWITCH_OFFENSIVE,52.381,1.367481,3.9255
"('TANK', 'TANK', 'NEUTRAL', 'FULL', 'SAFE', 'NORMAL', 'FASTER', 'MEC_USED', 'CLEAN', 'CLEAN', 'NEUTRAL', 'NEUTRAL', 'SET', 'SET', 'RECOVERING', 'BANCO_VAZIO')",21,7,9,77.778,SWITCH_OFFENSIVE,61.905,1.299752,3.6684
"('TANK', 'TANK', 'CRITICAL_DIS', 'FULL', 'FULL', 'FIELD_THEIRS', 'FASTER', 'MEC_USED', 'CLEAN', 'CLEAN', 'NEUTRAL', 'NEUTRAL', 'CLEAR', 'CLEAR', 'OPENING', 'BANCO_AMBOS')",21,8,11,72.727,SWITCH_DEFENSIVE,33.333,1.681235,5.3722
"('TANK', 'TANK', 'DOMINANT', 'FULL', 'FULL', 'FIELD_OURS_OFF', 'SLOWER', 'MEC_USED', 'CLEAN', 'CLEAN', 'NEUTRAL', 'NEUTRAL', 'CLEAR', 'CLEAR', 'OPENING', 'BANCO_OFF')",21,8,11,72.727,STATUS,23.810,1.951350,7.0382
"('UTILITY', 'TANK', 'DOMINANT', 'FULL', 'FULL', 'FIELD_SHARED', 'FASTER', 'MEC_USED', 'CLEAN', 'CLEAN', 'NEUTRAL', 'NEUTRAL', 'CLEAR', 'CLEAR', 'OPENING', 'BANCO_OFF')",21,8,9,88.889,ATTACK_PREDICTIVE,33.333,1.814644,6.1389
"('TANK', 'TANK', 'CRITICAL_DIS', 'FULL', 'FULL', 'NORMAL', 'FASTER', 'MEC_USED', 'AFFLICTED', 'AFFLICTED', 'NEUTRAL', 'DEBUFF', 'CLEAR', 'SET', 'RECOVERING', 'BANCO_VAZIO')",21,2,2,100.000,HAZARD,95.238,0.191444,1.2110
"('TANK', 'TANK', 'NEUTRAL', 'SAFE', 'FULL', 'NORMAL', 'SLOWER', 'MEC_USED', 'CLEAN', 'CLEAN', 'NEUTRAL', 'NEUTRAL', 'CLEAR', 'SET', 'OPENING', 'BANCO_OFF')",21,8,11,72.727,STAT_CLEAN,28.571,1.913548,6.7771
"('TANK', 'TANK', 'OFFENSIVE_ADV', 'FULL', 'SAFE', 'NORMAL', 'SLOWER', 'MEC_USED', 'CLEAN', 'CLEAN', 'NEUTRAL', 'NEUTRAL', 'CLEAR', 'CLEAR', 'OPENING', 'BANCO_AMBOS')",21,7,10,70.000,HEAL,28.571,1.769488,5.8679
"('TANK', 'TANK', 'NEUTRAL', 'FULL', 'FULL', 'NORMAL', 'FASTER', 'MEC_USED', 'CLEAN', 'CLEAN', 'NEUTRAL', 'NEUTRAL', 'SET', 'CLEAR', 'BRAWL', 'BANCO_OFF')",21,6,11,54.545,HEAL,42.857,1.310687,3.7087
"('TANK', 'TANK', 'CRITICAL_DIS', 'FULL', 'SAFE', 'NORMAL', 'FASTER', 'MEC_USED', 'AFFLICTED', 'CLEAN', 'DEBUFF', 'NEUTRAL', 'SET', 'SET', 'CLUTCH', 'BANCO_VAZIO')",20,3,6,50.000,ATTACK_STRONG,60.000,0.823720,2.2790
"('TANK', 'SWEEPER', 'NEUTRAL', 'SAFE', 'SAFE', 'NORMAL', 'SLOWER', 'MEC_USED', 'CLEAN', 'CLEAN', 'NEUTRAL', 'NEUTRAL', 'CLEAR', 'CLEAR', 'OPENING', 'BANCO_OFF')",20,10,12,83.333,SWITCH_DEFENSIVE,35.000,2.011242,7.4726
"('TANK', 'TANK', 'OFFENSIVE_DIS', 'SAFE', 'SAFE', 'NORMAL', 'SLOWER', 'MEC_USED', 'CLEAN', 'CLEAN', 'NEUTRAL', 'NEUTRAL', 'CLEAR', 'CLEAR', 'OPENING', 'BANCO_VAZIO')",20,10,11,90.909,HEAL,20.000,2.137793,8.4807
"('TANK', 'TANK', 'OFFENSIVE_DIS', 'FULL', 'FULL', 'NORMAL', 'SLOWER', 'MEC_USED', 'CLEAN', 'CLEAN', 'NEUTRAL', 'NEUTRAL', 'SET', 'CLEAR', 'OPENING', 'BANCO_VAZIO')",20,9,13,69.231,HEAL,20.000,2.085468,8.0484
"('TANK', 'TANK', 'OFFENSIVE_ADV', 'FULL', 'SAFE', 'NORMAL', 'FASTER', 'MEC_USED', 'AFFLICTED', 'CLEAN', 'NEUTRAL', 'BUFFED', 'CLEAR', 'CLEAR', 'CLUTCH', 'BANCO_VAZIO')",20,3,3,100.000,ATTACK_PIVOT,75.000,0.687436,1.9886
"('TANK', 'SWEEPER', 'NEUTRAL', 'FULL', 'SAFE', 'NORMAL', 'SLOWER', 'MEC_USED', 'CLEAN', 'CLEAN', 'NEUTRAL', 'NEUTRAL', 'CLEAR', 'CLEAR', 'OPENING', 'BANCO_OFF')",20,10,13,76.923,ATTACK_STRONG,20.000,2.180946,8.8547
"('TANK', 'TANK', 'VOLATILE', 'SAFE', 'FULL', 'NORMAL', 'FASTER', 'MEC_USED', 'CLEAN', 'CLEAN', 'NEUTRAL', 'NEUTRAL', 'CLEAR', 'CLEAR', 'OPENING', 'BANCO_AMBOS')",20,11,14,78.571,ATTACK_STRONG,25.000,2.177484,8.8241
"('TANK', 'TANK', 'NEUTRAL', 'FULL', 'FULL', 'NORMAL', 'SLOWER', 'MEC_USED', 'CLEAN', 'CLEAN', 'NEUTRAL', 'NEUTRAL', 'CLEAR', 'CLEAR', 'BRAWL', 'BANCO_OFF')",20,7,13,53.846,ATTACK_TECH,45.000,1.591093,4.9091
"('TANK', 'TANK', 'DEFENSIVE_ADV', 'FULL', 'FULL', 'NORMAL', 'FASTER', 'MEC_USED', 'CLEAN', 'CLEAN', 'NEUTRAL', 'NEUTRAL', 'CLEAR', 'CLEAR', 'OPENING', 'BANCO_OFF')",20,9,11,81.818,ATTACK_PREDICTIVE,20.000,2.042316,7.7084
"('TANK', 'TANK', 'CRITICAL_DIS', 'SAFE', 'FULL', 'NORMAL', 'FASTER', 'MEC_USED', 'CLEAN', 'CLEAN', 'NEUTRAL', 'NEUTRAL', 'CLEAR', 'CLEAR', 'OPENING', 'BANCO_OFF')",20,12,14,85.714,ATTACK_PREDICTIVE,15.000,2.415052,11.1904
"('TANK', 'TANK', 'OFFENSIVE_ADV', 'SAFE', 'FULL', 'FIELD_THEIRS', 'FASTER', 'MEC_USED', 'CLEAN', 'CLEAN', 'NEUTRAL', 'NEUTRAL', 'SET', 'CLEAR', 'OPENING', 'BANCO_OFF')",20,7,12,58.333,ATTACK_STRONG,30.000,1.752424,5.7686
"('TANK', 'TANK', 'DOMINANT', 'FULL', 'FULL', 'NORMAL', 'SLOWER', 'MEC_USED', 'CLEAN', 'CLEAN', 'NEUTRAL', 'NEUTRAL', 'SET', 'CLEAR', 'OPENING', 'BANCO_OFF')",20,7,11,63.636,ATTACK_STRONG,35.000,1.777136,5.9129
"('TANK', 'TANK', 'NEUTRAL', 'SAFE', 'FULL', 'FIELD_OURS_OFF', 'FASTER', 'MEC_USED', 'CLEAN', 'CLEAN', 'NEUTRAL', 'NEUTRAL', 'CLEAR', 'CLEAR', 'OPENING', 'BANCO_AMBOS')",20,7,11,63.636,ATTACK_TECH,45.000,1.608083,4.9932
"('TANK', 'TANK', 'DEFENSIVE_DIS', 'FULL', 'SAFE', 'FIELD_OURS_DEF', 'FASTER', 'MEC_USED', 'CLEAN', 'CLEAN', 'NEUTRAL', 'NEUTRAL', 'CLEAR', 'CLEAR', 'OPENING', 'BANCO_AMBOS')",20,2,8,25.000,SWITCH_DEFENSIVE,80.000,0.500402,1.6494
"('TANK', 'TANK', 'NEUTRAL', 'FULL', 'SAFE', 'NORMAL', 'FASTER', 'MEC_USED', 'AFFLICTED', 'CLEAN', 'NEUTRAL', 'NEUTRAL', 'CLEAR', 'SET', 'RECOVERING', 'BANCO_VAZIO')",20,7,10,70.000,HEAL,25.000,1.847901,6.3465
"('TANK', 'SWEEPER', 'OFFENSIVE_DIS', 'SAFE', 'FULL', 'FIELD_SHARED', 'SLOWER', 'MEC_USED', 'CLEAN', 'CLEAN', 'NEUTRAL', 'NEUTRAL', 'CLEAR', 'CLEAR', 'OPENING', 'BANCO_OFF')",20,3,11,27.273,HEAL,65.000,0.790987,2.2056
"('TANK', 'TANK', 'NEUTRAL', 'FULL', 'DANGER', 'NORMAL', 'FASTER', 'MEC_USED', 'CLEAN', 'CLEAN', 'NEUTRAL', 'NEUTRAL', 'CLEAR', 'CLEAR', 'OPENING', 'BANCO_VAZIO')",20,6,10,60.000,ATTACK_STRONG,50.000,1.445541,4.2441
"('TANK', 'TANK', 'NEUTRAL', 'SAFE', 'FULL', 'NORMAL', 'FASTER', 'MEC_USED', 'CLEAN', 'CLEAN', 'NEUTRAL', 'NEUTRAL', 'CLEAR', 'SET', 'OPENING', 'BANCO_OFF')",20,5,10,50.000,HEAL,70.000,1.009763,2.7449
"('TANK', 'TANK', 'OFFENSIVE_ADV', 'DANGER', 'FULL', 'FIELD_SHARED', 'FASTER', 'MEC_USED', 'CLEAN', 'CLEAN', 'NEUTRAL', 'NEUTRAL', 'CLEAR', 'CLEAR', 'OPENING', 'BANCO_OFF')",20,8,9,88.889,SWITCH_DEFENSIVE,25.000,1.960368,7.1019
"('UTILITY', 'TANK', 'NEUTRAL', 'FULL', 'FULL', 'NORMAL', 'FASTER', 'MEC_USED', 'CLEAN', 'CLEAN', 'NEUTRAL', 'NEUTRAL', 'CLEAR', 'CLEAR', 'OPENING', 'BANCO_AMBOS')",20,9,10,90.000,SWITCH_DEFENSIVE,30.000,2.016154,7.5094
"('TANK', 'SWEEPER', 'VOLATILE', 'FULL', 'FULL', 'FIELD_OURS_OFF', 'SLOWER', 'MEC_USED', 'CLEAN', 'CLEAN', 'NEUTRAL', 'NEUTRAL', 'CLEAR', 'CLEAR', 'OPENING', 'BANCO_OFF')",20,6,6,100.000,SWITCH_DEFENSIVE,50.000,1.428551,4.1727
"('TANK', 'TANK', 'DEFENSIVE_DIS', 'SAFE', 'SAFE', 'NORMAL', 'FASTER', 'MEC_USED', 'CLEAN', 'CLEAN', 'NEUTRAL', 'NEUTRAL', 'CLEAR', 'CLEAR', 'OPENING', 'BANCO_AMBOS')",20,8,10,80.000,ATTACK_TECH,40.000,1.765057,5.8419
"('TANK', 'TANK', 'DEFENSIVE_DIS', 'SAFE', 'FULL', 'NORMAL', 'FASTER', 'MEC_USED', 'CLEAN', 'CLEAN', 'NEUTRAL', 'NEUTRAL', 'SET', 'CLEAR', 'OPENING', 'BANCO_OFF')",20,7,11,63.636,ATTACK_PREDICTIVE,35.000,1.690831,5.4240
"('TANK', 'TANK', 'VOLATILE', 'FULL', 'FULL', 'NORMAL', 'FASTER', 'MEC_USED', 'AFFLICTED', 'CLEAN', 'NEUTRAL', 'NEUTRAL', 'CLEAR', 'CLEAR', 'CLUTCH', 'BANCO_VAZIO')",20,3,3,100.000,SWITCH_DEFENSIVE,80.000,0.639032,1.8946
"('TANK', 'TANK', 'DEFENSIVE_DIS', 'FULL', 'SAFE', 'NORMAL', 'FASTER', 'MEC_USED', 'AFFLICTED', 'AFFLICTED', 'DEBUFF', 'DEBUFF', 'SET', 'SET', 'CLUTCH', 'BANCO_VAZIO')",19,2,2,100.000,STATUS,89.474,0.336496,1.4000
"('TANK', 'TANK', 'CRITICAL_DIS', 'FULL', 'FULL', 'NORMAL', 'SLOWER', 'MEC_USED', 'CLEAN', 'CLEAN', 'NEUTRAL', 'NEUTRAL', 'CLEAR', 'CLEAR', 'CLUTCH', 'BANCO_VAZIO')",19,5,11,45.455,PROTECT,42.105,1.457642,4.2958
"('TANK', 'TANK', 'NEUTRAL', 'FULL', 'CRIT', 'NORMAL', 'SLOWER', 'MEC_USED', 'CLEAN', 'AFFLICTED', 'NEUTRAL', 'DEBUFF', 'CLEAR', 'CLEAR', 'CLUTCH', 'BANCO_VAZIO')",19,3,8,37.500,HEAL,68.421,0.824659,2.2811
"('SWEEPER', 'TANK', 'DOMINANT', 'FULL', 'FULL', 'NORMAL', 'FASTER', 'MEC_USED', 'CLEAN', 'CLEAN', 'NEUTRAL', 'NEUTRAL', 'CLEAR', 'CLEAR', 'OPENING', 'BANCO_OFF')",19,7,7,100.000,ATTACK_TECH,21.053,1.822457,6.1870
"('SWEEPER', 'TANK', 'NEUTRAL', 'FULL', 'SAFE', 'NORMAL', 'FASTER', 'MEC_USED', 'CLEAN', 'CLEAN', 'NEUTRAL', 'NEUTRAL', 'CLEAR', 'CLEAR', 'OPENING', 'BANCO_OFF')",19,5,7,71.429,SWITCH_DEFENSIVE,36.842,1.457058,4.2933
"('TANK', 'TANK', 'NEUTRAL', 'FULL', 'FULL', 'NORMAL', 'SLOWER', 'MEC_USED', 'AFFLICTED', 'CLEAN', 'NEUTRAL', 'NEUTRAL', 'SET', 'SET', 'RECOVERING', 'BANCO_VAZIO')",19,6,8,75.000,ATTACK_STRONG,63.158,1.201559,3.3253
"('TANK', 'TANK', 'NEUTRAL', 'SAFE', 'FULL', 'NORMAL', 'FASTER', 'MEC_USED', 'CLEAN', 'CLEAN', 'NEUTRAL', 'NEUTRAL', 'CLEAR', 'SET', 'RECOVERING', 'BANCO_VAZIO')",19,7,10,70.000,ATTACK_STRONG,31.579,1.812801,6.1276
"('TANK', 'TANK', 'NEUTRAL', 'SAFE', 'DANGER', 'NORMAL', 'SLOWER', 'MEC_USED', 'CLEAN', 'CLEAN', 'NEUTRAL', 'NEUTRAL', 'CLEAR', 'SET', 'OPENING', 'BANCO_OFF')",19,5,14,35.714,ATTACK_PREDICTIVE,63.158,1.128596,3.0913
"('TANK', 'TANK', 'DEFENSIVE_DIS', 'FULL', 'FULL', 'FIELD_SHARED', 'FASTER', 'MEC_AVAIL', 'CLEAN', 'CLEAN', 'NEUTRAL', 'NEUTRAL', 'CLEAR', 'CLEAR', 'OPENING', 'BANCO_AMBOS')",19,7,14,50.000,ATTACK_PREDICTIVE_MEC,36.842,1.689245,5.4154
"('TANK', 'TANK', 'NEUTRAL', 'FULL', 'SAFE', 'NORMAL', 'FASTER', 'MEC_USED', 'CLEAN', 'CLEAN', 'NEUTRAL', 'NEUTRAL', 'CLEAR', 'CLEAR', 'RECOVERING', 'BANCO_VAZIO')",19,9,10,90.000,ATTACK_STRONG,26.316,2.028047,7.5992
"('SWEEPER', 'UTILITY', 'OFFENSIVE_ADV', 'FULL', 'FULL', 'NORMAL', 'FASTER', 'MEC_USED', 'CLEAN', 'CLEAN', 'NEUTRAL', 'NEUTRAL', 'CLEAR', 'CLEAR', 'OPENING', 'BANCO_AMBOS')",19,5,6,83.333,ATTACK_STRONG,31.579,1.503066,4.4955
"('TANK', 'TANK', 'OFFENSIVE_DIS', 'SAFE', 'SAFE', 'NORMAL', 'FASTER', 'MEC_USED', 'CLEAN', 'CLEAN', 'NEUTRAL', 'NEUTRAL', 'SET', 'SET', 'RECOVERING', 'BANCO_VAZIO')",19,9,11,81.818,ATTACK_PIVOT,15.789,2.104653,8.2043
"('TANK', 'TANK', 'NEUTRAL', 'FULL', 'SAFE', 'FIELD_THEIRS', 'SLOWER', 'MEC_USED', 'CLEAN', 'CLEAN', 'NEUTRAL', 'NEUTRAL', 'CLEAR', 'CLEAR', 'OPENING', 'BANCO_VAZIO')",19,8,10,80.000,HEAL,36.842,1.807632,6.0960
"('TANK', 'TANK', 'DEFENSIVE_DIS', 'FULL', 'FULL', 'NORMAL', 'FASTER', 'MEC_USED', 'CLEAN', 'CLEAN', 'NEUTRAL', 'NEUTRAL', 'CLEAR', 'CLEAR', 'OPENING', 'BANCO_DEF')",19,7,10,70.000,HAZARD,26.316,1.777976,5.9179
"('TANK', 'TANK', 'CRITICAL_DIS', 'FULL', 'SAFE', 'NORMAL', 'SLOWER', 'MEC_USED', 'CLEAN', 'CLEAN', 'NEUTRAL', 'NEUTRAL', 'CLEAR', 'CLEAR', 'RECOVERING', 'BANCO_VAZIO')",19,6,9,66.667,ATTACK_STRONG,42.105,1.530605,4.6210
"('TANK', 'TANK', 'NEUTRAL', 'SAFE', 'FULL', 'NORMAL', 'FASTER', 'MEC_USED', 'CLEAN', 'CLEAN', 'NEUTRAL', 'NEUTRAL', 'CLEAR', 'CLEAR', 'BRAWL', 'BANCO_OFF')",19,8,12,66.667,ATTACK_PREDICTIVE,42.105,1.704070,5.4963
"('TANK', 'TANK', 'NEUTRAL', 'FULL', 'FULL', 'FIELD_SHARED', 'FASTER', 'MEC_AVAIL', 'CLEAN', 'CLEAN', 'NEUTRAL', 'NEUTRAL', 'CLEAR', 'CLEAR', 'OPENING', 'BANCO_VAZIO')",19,9,16,56.250,BUFF_MEC,36.842,1.935673,6.9287
"('TANK', 'TANK', 'NEUTRAL', 'FULL', 'FULL', 'NORMAL', 'SLOWER', 'MEC_AVAIL', 'CLEAN', 'CLEAN', 'NEUTRAL', 'NEUTRAL', 'CLEAR', 'CLEAR', 'OPENING', 'BANCO_AMBOS')",19,11,22,50.000,ATTACK_TECH,26.316,2.201512,9.0387
"('TANK', 'TANK', 'OFFENSIVE_ADV', 'FULL', 'DANGER', 'NORMAL', 'FASTER', 'MEC_USED', 'CLEAN', 'CLEAN', 'NEUTRAL', 'NEUTRAL', 'SET', 'CLEAR', 'OPENING', 'BANCO_OFF')",19,7,10,70.000,ATTACK_PREDICTIVE,31.579,1.812801,6.1276
"('TANK', 'TANK', 'NEUTRAL', 'FULL', 'SAFE', 'FIELD_SHARED', 'SLOWER', 'MEC_USED', 'CLEAN', 'CLEAN', 'NEUTRAL', 'NEUTRAL', 'CLEAR', 'CLEAR', 'OPENING', 'BANCO_VAZIO')",19,7,12,58.333,ATTACK_PREDICTIVE,21.053,1.867880,6.4746
"('TANK', 'TANK', 'VOLATILE', 'FULL', 'FULL', 'FIELD_OURS_DEF', 'SLOWER', 'MEC_AVAIL', 'CLEAN', 'CLEAN', 'NEUTRAL', 'NEUTRAL', 'CLEAR', 'CLEAR', 'OPENING', 'BANCO_AMBOS')",19,2,10,20.000,ATTACK_STRONG_MEC,94.737,0.206192,1.2290
"('TANK', 'TANK', 'NEUTRAL', 'CRIT', 'SAFE', 'NORMAL', 'SLOWER', 'MEC_USED', 'CLEAN', 'CLEAN', 'NEUTRAL', 'NEUTRAL', 'SET', 'SET', 'RECOVERING', 'BANCO_VAZIO')",19,8,12,66.667,STATUS,31.579,1.858225,6.4123
"('SWEEPER', 'TANK', 'VOLATILE', 'FULL', 'FULL', 'FIELD_THEIRS', 'FASTER', 'MEC_USED', 'CLEAN', 'CLEAN', 'NEUTRAL', 'NEUTRAL', 'CLEAR', 'CLEAR', 'OPENING', 'BANCO_AMBOS')",19,6,6,100.000,ATTACK_STRONG,26.316,1.632050,5.1143
"('TANK', 'TANK', 'DEFENSIVE_DIS', 'SAFE', 'FULL', 'FIELD_OURS_OFF', 'SLOWER', 'MEC_USED', 'CLEAN', 'CLEAN', 'NEUTRAL', 'NEUTRAL', 'CLEAR', 'CLEAR', 'OPENING', 'BANCO_OFF')",19,4,7,57.143,ATTACK_TECH,52.632,1.148849,3.1546
"('TANK', 'TANK', 'OFFENSIVE_DIS', 'FULL', 'DANGER', 'NORMAL', 'SLOWER', 'MEC_USED', 'CLEAN', 'CLEAN', 'NEUTRAL', 'NEUTRAL', 'CLEAR', 'CLEAR', 'OPENING', 'BANCO_OFF')",19,11,12,91.667,HAZARD,21.053,2.260234,9.5853
"('SWEEPER', 'SWEEPER', 'NEUTRAL', 'FULL', 'FULL', 'NORMAL', 'FASTER', 'MEC_USED', 'CLEAN', 'CLEAN', 'DEBUFF', 'NEUTRAL', 'CLEAR', 'CLEAR', 'OPENING', 'BANCO_OFF')",19,4,5,80.000,SWITCH_OFFENSIVE,73.684,0.853945,2.3489
"('TANK', 'TANK', 'OFFENSIVE_DIS', 'FULL', 'FULL', 'NORMAL', 'FASTER', 'MEC_USED', 'CLEAN', 'CLEAN', 'NEUTRAL', 'NEUTRAL', 'CLEAR', 'CLEAR', 'OPENING', 'BANCO_DEF')",19,7,9,77.778,FIELD_CONTROL,31.579,1.708656,5.5215
"('UTILITY', 'SWEEPER', 'NEUTRAL', 'FULL', 'FULL', 'NORMAL', 'SLOWER', 'MEC_USED', 'CLEAN', 'CLEAN', 'DEBUFF', 'NEUTRAL', 'CLEAR', 'CLEAR', 'OPENING', 'BANCO_OFF')",19,8,8,100.000,FIELD_CONTROL,21.053,1.986267,7.2883
"('TANK', 'UTILITY', 'OFFENSIVE_ADV', 'SAFE', 'SAFE', 'NORMAL', 'SLOWER', 'MEC_USED', 'CLEAN', 'CLEAN', 'NEUTRAL', 'NEUTRAL', 'CLEAR', 'CLEAR', 'OPENING', 'BANCO_OFF')",19,10,11,90.909,ATTACK_PIVOT,21.053,2.187271,8.9109
"('TANK', 'TANK', 'NEUTRAL', 'SAFE', 'DANGER', 'NORMAL', 'FASTER', 'MEC_USED', 'CLEAN', 'CLEAN', 'NEUTRAL', 'NEUTRAL', 'CLEAR', 'CLEAR', 'OPENING', 'BANCO_VAZIO')",19,7,11,63.636,ATTACK_PREDICTIVE,47.368,1.538834,4.6592
"('TANK', 'TANK', 'NEUTRAL', 'SAFE', 'SAFE', 'NORMAL', 'SLOWER', 'MEC_USED', 'CLEAN', 'CLEAN', 'NEUTRAL', 'NEUTRAL', 'SET', 'CLEAR', 'RECOVERING', 'BANCO_VAZIO')",19,7,11,63.636,SWITCH_OFFENSIVE,47.368,1.611797,5.0118
"('TANK', 'TANK', 'NEUTRAL', 'SAFE', 'FULL', 'NORMAL', 'FASTER', 'MEC_USED', 'CLEAN', 'CLEAN', 'NEUTRAL', 'NEUTRAL', 'SET', 'SET', 'CLUTCH', 'BANCO_VAZIO')",19,3,10,30.000,ATTACK_STRONG,89.474,0.409459,1.5060
"('TANK', 'TANK', 'NEUTRAL', 'DANGER', 'FULL', 'NORMAL', 'FASTER', 'MEC_USED', 'AFFLICTED', 'CLEAN', 'NEUTRAL', 'NEUTRAL', 'CLEAR', 'CLEAR', 'CLUTCH', 'BANCO_VAZIO')",18,4,6,66.667,HEAL,55.556,1.119990,3.0648
"('TANK', 'TANK', 'NEUTRAL', 'SAFE', 'FULL', 'NORMAL', 'FASTER', 'MEC_USED', 'CLEAN', 'CLEAN', 'NEUTRAL', 'NEUTRAL', 'SET', 'SET', 'BRAWL', 'BANCO_OFF')",18,5,12,41.667,ATTACK_STRONG,61.111,1.193942,3.3001
"('TANK', 'TANK', 'OFFENSIVE_ADV', 'FULL', 'FULL', 'FIELD_SHARED', 'FASTER', 'MEC_AVAIL', 'CLEAN', 'CLEAN', 'NEUTRAL', 'NEUTRAL', 'SET', 'CLEAR', 'OPENING', 'BANCO_OFF')",18,11,20,55.000,BUFF_MEC,22.222,2.245172,9.4420
"('TANK', 'UTILITY', 'OFFENSIVE_ADV', 'FULL', 'FULL', 'FIELD_SHARED', 'SLOWER', 'MEC_USED', 'CLEAN', 'CLEAN', 'NEUTRAL', 'NEUTRAL', 'CLEAR', 'CLEAR', 'OPENING', 'BANCO_OFF')",18,9,12,75.000,SWITCH_DEFENSIVE,22.222,2.062070,7.8622
"('TANK', 'TANK', 'OFFENSIVE_ADV', 'FULL', 'FULL', 'FIELD_THEIRS', 'SLOWER', 'MEC_AVAIL', 'CLEAN', 'CLEAN', 'NEUTRAL', 'NEUTRAL', 'CLEAR', 'CLEAR', 'OPENING', 'BANCO_AMBOS')",18,6,14,42.857,FIELD_CONTROL,38.889,1.459359,4.3032
"('TANK', 'TANK', 'NEUTRAL', 'SAFE', 'SAFE', 'FIELD_THEIRS', 'SLOWER', 'MEC_USED', 'CLEAN', 'CLEAN', 'NEUTRAL', 'NEUTRAL', 'CLEAR', 'CLEAR', 'OPENING', 'BANCO_OFF')",18,10,13,76.923,ATTACK_PREDICTIVE,16.667,2.216102,9.1715
"('TANK', 'TANK', 'OFFENSIVE_DIS', 'FULL', 'SAFE', 'NORMAL', 'FASTER', 'MEC_USED', 'CLEAN', 'CLEAN', 'NEUTRAL', 'NEUTRAL', 'CLEAR', 'SET', 'RECOVERING', 'BANCO_VAZIO')",18,9,13,69.231,ATTACK_TECH,22.222,2.062070,7.8622
"('UTILITY', 'TANK', 'OFFENSIVE_ADV', 'FULL', 'FULL', 'FIELD_SHARED', 'FASTER', 'MEC_USED', 'CLEAN', 'CLEAN', 'NEUTRAL', 'NEUTRAL', 'CLEAR', 'CLEAR', 'OPENING', 'BANCO_OFF')",18,6,6,100.000,SWITCH_OFFENSIVE,27.778,1.692020,5.4304
"('TANK', 'TANK', 'DOMINANT', 'SAFE', 'FULL', 'NORMAL', 'FASTER', 'MEC_USED', 'CLEAN', 'CLEAN', 'NEUTRAL', 'NEUTRAL', 'SET', 'CLEAR', 'OPENING', 'BANCO_AMBOS')",18,7,9,77.778,ATTACK_PIVOT,27.778,1.816983,6.1533
"('TANK', 'TANK', 'NEUTRAL', 'FULL', 'FULL', 'FIELD_OURS_OFF', 'FASTER', 'MEC_USED', 'CLEAN', 'CLEAN', 'NEUTRAL', 'NEUTRAL', 'CLEAR', 'CLEAR', 'OPENING', 'BANCO_DEF')",18,5,8,62.500,ATTACK_STRONG,55.556,1.164092,3.2030
"('TANK', 'TANK', 'NEUTRAL', 'DANGER', 'SAFE', 'NORMAL', 'SLOWER', 'MEC_USED', 'CLEAN', 'CLEAN', 'NEUTRAL', 'NEUTRAL', 'SET', 'CLEAR', 'OPENING', 'BANCO_OFF')",18,10,13,76.923,ATTACK_STRONG,16.667,2.187033,8.9087
"('TANK', 'TANK', 'DOMINANT', 'FULL', 'SAFE', 'NORMAL', 'FASTER', 'MEC_USED', 'CLEAN', 'CLEAN', 'NEUTRAL', 'NEUTRAL', 'SET', 'CLEAR', 'OPENING', 'BANCO_AMBOS')",18,9,12,75.000,ATTACK_PIVOT,27.778,2.029155,7.6077
"('SWEEPER', 'TANK', 'DOMINANT', 'FULL', 'FULL', 'NORMAL', 'FASTER', 'MEC_AVAIL', 'CLEAN', 'CLEAN', 'NEUTRAL', 'NEUTRAL', 'CLEAR', 'CLEAR', 'OPENING', 'BANCO_OFF')",18,4,14,28.571,ATTACK_PIVOT,66.667,0.925702,2.5236
"('TANK', 'TANK', 'OFFENSIVE_ADV', 'DANGER', 'SAFE', 'NORMAL', 'FASTER', 'MEC_USED', 'CLEAN', 'CLEAN', 'NEUTRAL', 'NEUTRAL', 'CLEAR', 'CLEAR', 'OPENING', 'BANCO_OFF')",18,10,12,83.333,ATTACK_PREDICTIVE,22.222,2.139086,8.4917
"('TANK', 'TANK', 'NEUTRAL', 'SAFE', 'FULL', 'NORMAL', 'FASTER', 'MEC_USED', 'AFFLICTED', 'CLEAN', 'NEUTRAL', 'NEUTRAL', 'CLEAR', 'CLEAR', 'RECOVERING', 'BANCO_VAZIO')",18,8,10,80.000,ATTACK_STRONG,44.444,1.706057,5.5072
"('TANK', 'TANK', 'STALEMATE', 'FULL', 'FULL', 'NORMAL', 'SLOWER', 'MEC_USED', 'CLEAN', 'CLEAN', 'NEUTRAL', 'NEUTRAL', 'CLEAR', 'CLEAR', 'OPENING', 'BANCO_VAZIO')",18,4,8,50.000,STAT_CLEAN,77.778,0.760755,2.1399
"('TANK', 'TANK', 'OFFENSIVE_DIS', 'SAFE', 'DANGER', 'NORMAL', 'FASTER', 'MEC_USED', 'CLEAN', 'CLEAN', 'NEUTRAL', 'NEUTRAL', 'CLEAR', 'CLEAR', 'OPENING', 'BANCO_OFF')",18,7,11,63.636,HEAL,33.333,1.724935,5.6122
"('TANK', 'TANK', 'NEUTRAL', 'FULL', 'FULL', 'FIELD_SHARED', 'FASTER', 'MEC_USED', 'CLEAN', 'CLEAN', 'NEUTRAL', 'NEUTRAL', 'SET', 'CLEAR', 'OPENING', 'BANCO_OFF')",18,9,12,75.000,ATTACK_STRONG,27.778,2.000085,7.3897
"('TANK', 'UTILITY', 'VOLATILE', 'FULL', 'FULL', 'NORMAL', 'SLOWER', 'MEC_AVAIL', 'CLEAN', 'CLEAN', 'NEUTRAL', 'NEUTRAL', 'CLEAR', 'CLEAR', 'OPENING', 'BANCO_OFF')",18,7,8,87.500,ATTACK_STRONG_MEC,33.333,1.692020,5.4304
"('TANK', 'TANK', 'DOMINANT', 'SAFE', 'FULL', 'FIELD_THEIRS', 'FASTER', 'MEC_USED', 'CLEAN', 'CLEAN', 'NEUTRAL', 'NEUTRAL', 'CLEAR', 'CLEAR', 'OPENING', 'BANCO_AMBOS')",18,7,9,77.778,SWITCH_OFFENSIVE,38.889,1.671531,5.3203
"('TANK', 'TANK', 'NEUTRAL', 'FULL', 'FULL', 'NORMAL', 'SLOWER', 'MEC_USED', 'CLEAN', 'CLEAN', 'NEUTRAL', 'NEUTRAL', 'CLEAR', 'CLEAR', 'BRAWL', 'BANCO_VAZIO')",18,10,13,76.923,HAZARD,27.778,2.106171,8.2167
"('TANK', 'TANK', 'OFFENSIVE_DIS', 'SAFE', 'FULL', 'FIELD_SHARED', 'FASTER', 'MEC_USED', 'CLEAN', 'CLEAN', 'NEUTRAL', 'NEUTRAL', 'CLEAR', 'CLEAR', 'OPENING', 'BANCO_AMBOS')",18,4,14,28.571,HEAL,72.222,0.883876,2.4203
"('TANK', 'TANK', 'NEUTRAL', 'FULL', 'FULL', 'NORMAL', 'SLOWER', 'MEC_USED', 'CLEAN', 'CLEAN', 'NEUTRAL', 'NEUTRAL', 'CLEAR', 'SET', 'OPENING', 'BANCO_OFF')",18,10,12,83.333,STAT_CLEAN,22.222,2.139086,8.4917
"('TANK', 'TANK', 'DOMINANT', 'FULL', 'SAFE', 'FIELD_THEIRS', 'FASTER', 'MEC_USED', 'CLEAN', 'CLEAN', 'NEUTRAL', 'NEUTRAL', 'CLEAR', 'CLEAR', 'OPENING', 'BANCO_AMBOS')",18,11,11,100.000,BUFF,27.778,2.212257,9.1363
"('TANK', 'TANK', 'NEUTRAL', 'DANGER', 'SAFE', 'NORMAL', 'SLOWER', 'MEC_USED', 'CLEAN', 'CLEAN', 'NEUTRAL', 'NEUTRAL', 'CLEAR', 'CLEAR', 'OPENING', 'BANCO_VAZIO')",18,10,11,90.909,HEAL,33.333,2.062070,7.8622
"('TANK', 'TANK', 'NEUTRAL', 'SAFE', 'SAFE', 'NORMAL', 'SLOWER', 'MEC_USED', 'CLEAN', 'CLEAN', 'NEUTRAL', 'NEUTRAL', 'CLEAR', 'CLEAR', 'BRAWL', 'BANCO_OFF')",18,10,12,83.333,ATTACK_STRONG,22.222,2.139086,8.4917
"('TANK', 'TANK', 'OFFENSIVE_DIS', 'SAFE', 'FULL', 'NORMAL', 'FASTER', 'MEC_USED', 'CLEAN', 'CLEAN', 'NEUTRAL', 'NEUTRAL', 'SET', 'SET', 'RECOVERING', 'BANCO_VAZIO')",17,7,9,77.778,ATTACK_PIVOT,23.529,1.843861,6.3209
"('TANK', 'UTILITY', 'DEFENSIVE_DIS', 'FULL', 'FULL', 'FIELD_OURS_DEF', 'SLOWER', 'MEC_AVAIL', 'CLEAN', 'CLEAN', 'NEUTRAL', 'NEUTRAL', 'CLEAR', 'CLEAR', 'OPENING', 'BANCO_AMBOS')",17,3,10,30.000,SWITCH_OFFENSIVE,70.588,0.752975,2.1233
"('TANK', 'TANK', 'NEUTRAL', 'FULL', 'SAFE', 'FIELD_OURS_OFF', 'FASTER', 'MEC_USED', 'CLEAN', 'CLEAN', 'NEUTRAL', 'NEUTRAL', 'CLEAR', 'CLEAR', 'OPENING', 'BANCO_OFF')",17,8,10,80.000,SWITCH_DEFENSIVE,41.176,1.756537,5.7923
"('TANK', 'TANK', 'DEFENSIVE_DIS', 'FULL', 'FULL', 'FIELD_SHARED', 'SLOWER', 'MEC_AVAIL', 'CLEAN', 'CLEAN', 'NEUTRAL', 'NEUTRAL', 'CLEAR', 'CLEAR', 'OPENING', 'BANCO_AMBOS')",17,10,14,71.429,SWITCH_OFFENSIVE,29.412,2.084430,8.0400
"('TANK', 'TANK', 'CRITICAL_DIS', 'FULL', 'FULL', 'NORMAL', 'FASTER', 'MEC_USED', 'AFFLICTED', 'CLEAN', 'NEUTRAL', 'DEBUFF', 'SET', 'SET', 'CLUTCH', 'BANCO_VAZIO')",17,4,5,80.000,HAZARD,76.471,0.790235,2.2039
"('TANK', 'TANK', 'OFFENSIVE_ADV', 'FULL', 'DANGER', 'FIELD_THEIRS', 'FASTER', 'MEC_USED', 'CLEAN', 'CLEAN', 'NEUTRAL', 'NEUTRAL', 'CLEAR', 'CLEAR', 'OPENING', 'BANCO_OFF')",17,10,12,83.333,ATTACK_PIVOT,29.412,2.115209,8.2913
"('SWEEPER', 'SWEEPER', 'NEUTRAL', 'FULL', 'FULL', 'NORMAL', 'FASTER', 'MEC_USED', 'CLEAN', 'CLEAN', 'DEBUFF', 'DEBUFF', 'CLEAR', 'CLEAR', 'OPENING', 'BANCO_OFF')",17,6,6,100.000,SWITCH_OFFENSIVE,29.412,1.625929,5.0831
"('TANK', 'TANK', 'OFFENSIVE_DIS', 'SAFE', 'FULL', 'FIELD_SHARED', 'SLOWER', 'MEC_USED', 'CLEAN', 'CLEAN', 'NEUTRAL', 'NEUTRAL', 'CLEAR', 'CLEAR', 'OPENING', 'BANCO_OFF')",17,11,14,78.571,ATTACK_STRONG,17.647,2.313154,10.1062
"('TANK', 'TANK', 'VOLATILE', 'FULL', 'FULL', 'FIELD_SHARED', 'FASTER', 'MEC_AVAIL', 'CLEAN', 'CLEAN', 'NEUTRAL', 'NEUTRAL', 'CLEAR', 'CLEAR', 'OPENING', 'BANCO_OFF')",17,5,11,45.455,ATTACK_PREDICTIVE_MEC,52.941,1.282231,3.6047
"('TANK', 'TANK', 'OFFENSIVE_ADV', 'SAFE', 'FULL', 'NORMAL', 'SLOWER', 'MEC_USED', 'CLEAN', 'CLEAN', 'NEUTRAL', 'NEUTRAL', 'SET', 'SET', 'OPENING', 'BANCO_OFF')",17,12,13,92.308,BUFF,23.529,2.343933,10.4221
"('TANK', 'TANK', 'DEFENSIVE_ADV', 'FULL', 'FULL', 'NORMAL', 'SLOWER', 'MEC_USED', 'CLEAN', 'AFFLICTED', 'NEUTRAL', 'NEUTRAL', 'CLEAR', 'CLEAR', 'CLUTCH', 'BANCO_VAZIO')",17,2,7,28.571,CLEAN_HAZARD,82.353,0.465999,1.5936
"('TANK', 'TANK', 'OFFENSIVE_ADV', 'SAFE', 'SAFE', 'NORMAL', 'FASTER', 'MEC_USED', 'CLEAN', 'CLEAN', 'NEUTRAL', 'NEUTRAL', 'CLEAR', 'CLEAR', 'BRAWL', 'BANCO_OFF')",17,3,10,30.000,ATTACK_STRONG,76.471,0.677909,1.9698
"('TANK', 'UTILITY', 'NEUTRAL', 'FULL', 'FULL', 'FIELD_SHARED', 'SLOWER', 'MEC_USED', 'CLEAN', 'CLEAN', 'NEUTRAL', 'NEUTRAL', 'CLEAR', 'CLEAR', 'OPENING', 'BANCO_OFF')",17,7,10,70.000,SWITCH_OFFENSIVE,35.294,1.711547,5.5375
"('TANK', 'SWEEPER', 'DEFENSIVE_DIS', 'FULL', 'FULL', 'NORMAL', 'SLOWER', 'MEC_AVAIL', 'CLEAN', 'CLEAN', 'NEUTRAL', 'NEUTRAL', 'CLEAR', 'CLEAR', 'OPENING', 'BANCO_OFF')",17,10,14,71.429,ATTACK_STRONG_MEC,17.647,2.231607,9.3148
"('TANK', 'TANK', 'OFFENSIVE_DIS', 'SAFE', 'FULL', 'NORMAL', 'FASTER', 'MEC_USED', 'CLEAN', 'CLEAN', 'NEUTRAL', 'NEUTRAL', 'SET', 'CLEAR', 'CLUTCH', 'BANCO_VAZIO')",17,6,9,66.667,CLEAN_HAZARD,29.412,1.560298,4.7602
"('TANK', 'TANK', 'DEFENSIVE_DIS', 'SAFE', 'FULL', 'NORMAL', 'FASTER', 'MEC_USED', 'CLEAN', 'CLEAN', 'NEUTRAL', 'NEUTRAL', 'CLEAR', 'CLEAR', 'OPENING', 'BANCO_VAZIO')",17,9,10,90.000,SWITCH_DEFENSIVE,23.529,2.037734,7.6732
"('TANK', 'TANK', 'NEUTRAL', 'FULL', 'FULL', 'NORMAL', 'SLOWER', 'MEC_USED', 'AFFLICTED', 'CLEAN', 'DEBUFF', 'DEBUFF', 'SET', 'CLEAR', 'CLUTCH', 'BANCO_VAZIO')",17,3,3,100.000,ATTACK_STRONG,47.059,0.971849,2.6428
"('TANK', 'TANK', 'OFFENSIVE_ADV', 'SAFE', 'DANGER', 'NORMAL', 'SLOWER', 'MEC_USED', 'CLEAN', 'CLEAN', 'NEUTRAL', 'NEUTRAL', 'SET', 'CLEAR', 'OPENING', 'BANCO_OFF')",17,9,10,90.000,ATTACK_PIVOT,17.647,2.088502,8.0728
"('TANK', 'TANK', 'OFFENSIVE_ADV', 'SAFE', 'FULL', 'NORMAL', 'FASTER', 'MEC_USED', 'CLEAN', 'CLEAN', 'NEUTRAL', 'NEUTRAL', 'CLEAR', 'CLEAR', 'OPENING', 'BANCO_VAZIO')",17,9,10,90.000,SWITCH_DEFENSIVE,29.412,2.033662,7.6420
"('TANK', 'TANK', 'OFFENSIVE_ADV', 'DANGER', 'FULL', 'NORMAL', 'FASTER', 'MEC_USED', 'CLEAN', 'CLEAN', 'NEUTRAL', 'NEUTRAL', 'SET', 'CLEAR', 'OPENING', 'BANCO_OFF')",17,7,12,58.333,SWITCH_OFFENSIVE,29.412,1.809010,6.1044
"('TANK', 'TANK', 'OFFENSIVE_ADV', 'FULL', 'FULL', 'NORMAL', 'FASTER', 'MEC_AVAIL', 'CLEAN', 'CLEAN', 'NEUTRAL', 'NEUTRAL', 'CLEAR', 'CLEAR', 'BRAWL', 'BANCO_OFF')",17,8,12,66.667,SWITCH_OFFENSIVE,29.412,1.890557,6.6231
"('TANK', 'TANK', 'NEUTRAL', 'FULL', 'SAFE', 'NORMAL', 'SLOWER', 'MEC_USED', 'CLEAN', 'CLEAN', 'NEUTRAL', 'NEUTRAL', 'SET', 'CLEAR', 'RECOVERING', 'BANCO_VAZIO')",17,5,11,45.455,ATTACK_PIVOT,29.412,1.513603,4.5431
"('TANK', 'SWEEPER', 'OFFENSIVE_ADV', 'FULL', 'FULL', 'FIELD_SHARED', 'SLOWER', 'MEC_AVAIL', 'CLEAN', 'CLEAN', 'NEUTRAL', 'NEUTRAL', 'CLEAR', 'CLEAR', 'OPENING', 'BANCO_OFF')",17,3,14,21.429,ATTACK_STRONG_MEC,82.353,0.578325,1.7830
"('TANK', 'UTILITY', 'NEUTRAL', 'FULL', 'FULL', 'FIELD_OURS_OFF', 'FASTER', 'MEC_USED', 'CLEAN', 'CLEAN', 'NEUTRAL', 'NEUTRAL', 'CLEAR', 'CLEAR', 'OPENING', 'BANCO_AMBOS')",17,6,9,66.667,ATTACK_STRONG,23.529,1.762315,5.8259
"('TANK', 'TANK', 'DEFENSIVE_DIS', 'SAFE', 'FULL', 'FIELD_OURS_DEF', 'FASTER', 'MEC_USED', 'CLEAN', 'CLEAN', 'NEUTRAL', 'NEUTRAL', 'CLEAR', 'CLEAR', 'OPENING', 'BANCO_AMBOS')",17,7,11,63.636,ATTACK_PREDICTIVE,23.529,1.823873,6.1958
"('TANK', 'TANK', 'NEUTRAL', 'CRIT', 'SAFE', 'NORMAL', 'FASTER', 'MEC_USED', 'CLEAN', 'CLEAN', 'NEUTRAL', 'NEUTRAL', 'SET', 'SET', 'RECOVERING', 'BANCO_VAZIO')",17,6,10,60.000,HEAL,52.941,1.425337,4.1593
"('TANK', 'TANK', 'NEUTRAL', 'DANGER', 'FULL', 'NORMAL', 'FASTER', 'MEC_USED', 'CLEAN', 'CLEAN', 'NEUTRAL', 'NEUTRAL', 'SET', 'CLEAR', 'OPENING', 'BANCO_OFF')",17,9,12,75.000,CLEAN_HAZARD,35.294,1.956187,7.0723
"('TANK', 'TANK', 'NEUTRAL', 'FULL', 'FULL', 'NORMAL', 'FASTER', 'MEC_USED', 'CLEAN', 'CLEAN', 'NEUTRAL', 'NEUTRAL', 'SET', 'SET', 'CLUTCH', 'BANCO_VAZIO')",17,3,7,42.857,ATTACK_STRONG,47.059,1.055102,2.8723
"('TANK', 'TANK', 'NEUTRAL', 'FULL', 'FULL', 'NORMAL', 'SLOWER', 'MEC_USED', 'AFFLICTED', 'AFFLICTED', 'BUFFED', 'DEBUFF', 'CLEAR', 'SET', 'CLUTCH', 'BANCO_VAZIO')",17,3,3,100.000,BUFF,58.824,0.958692,2.6083
"('TANK', 'TANK', 'NEUTRAL', 'SAFE', 'SAFE', 'NORMAL', 'FASTER', 'MEC_USED', 'CLEAN', 'CLEAN', 'NEUTRAL', 'NEUTRAL', 'CLEAR', 'CLEAR', 'CLUTCH', 'BANCO_VAZIO')",16,7,10,70.000,SWITCH_OFFENSIVE,37.500,1.688699,5.4124
"('TANK', 'TANK', 'CRITICAL_DIS', 'FULL', 'FULL', 'NORMAL', 'SLOWER', 'MEC_USED', 'CLEAN', 'CLEAN', 'NEUTRAL', 'NEUTRAL', 'SET', 'SET', 'CLUTCH', 'BANCO_VAZIO')",16,4,5,80.000,PROTECT,81.250,0.688567,1.9909
"('TANK', 'TANK', 'OFFENSIVE_ADV', 'SAFE', 'SAFE', 'NORMAL', 'FASTER', 'MEC_USED', 'AFFLICTED', 'CLEAN', 'NEUTRAL', 'NEUTRAL', 'SET', 'SET', 'CLUTCH', 'BANCO_VAZIO')",16,3,9,33.333,ATTACK_PIVOT,75.000,0.702919,2.0196
"('TANK', 'TANK', 'NEUTRAL', 'SAFE', 'CRIT', 'NORMAL', 'SLOWER', 'MEC_USED', 'CLEAN', 'CLEAN', 'DEBUFF', 'NEUTRAL', 'CLEAR', 'CLEAR', 'CLUTCH', 'BANCO_VAZIO')",16,2,4,50.000,ATTACK_PREDICTIVE,81.250,0.482578,1.6202
"('TANK', 'TANK', 'OFFENSIVE_ADV', 'FULL', 'FULL', 'NORMAL', 'FASTER', 'MEC_USED', 'AFFLICTED', 'CLEAN', 'NEUTRAL', 'NEUTRAL', 'CLEAR', 'CLEAR', 'CLUTCH', 'BANCO_VAZIO')",16,6,8,75.000,ATTACK_PREDICTIVE,31.250,1.560700,4.7622
"('TANK', 'TANK', 'OFFENSIVE_DIS', 'FULL', 'FULL', 'NORMAL', 'SLOWER', 'MEC_USED', 'CLEAN', 'CLEAN', 'NEUTRAL', 'NEUTRAL', 'SET', 'SET', 'RECOVERING', 'BANCO_VAZIO')",16,8,12,66.667,ATTACK_TECH,37.500,1.754105,5.7783
"('TANK', 'TANK', 'NEUTRAL', 'FULL', 'SAFE', 'NORMAL', 'SLOWER', 'MEC_USED', 'CLEAN', 'CLEAN', 'NEUTRAL', 'NEUTRAL', 'CLEAR', 'CLEAR', 'BRAWL', 'BANCO_OFF')",16,5,12,41.667,ATTACK_TECH,56.250,1.244017,3.4695
"('SWEEPER', 'SWEEPER', 'OFFENSIVE_ADV', 'FULL', 'FULL', 'FIELD_THEIRS', 'FASTER', 'MEC_USED', 'CLEAN', 'CLEAN', 'NEUTRAL', 'DEBUFF', 'CLEAR', 'CLEAR', 'OPENING', 'BANCO_OFF')",16,5,6,83.333,ATTACK_STRONG,31.250,1.511086,4.5317
"('TANK', 'TANK', 'DEFENSIVE_DIS', 'SAFE', 'FULL', 'NORMAL', 'SLOWER', 'MEC_USED', 'CLEAN', 'CLEAN', 'NEUTRAL', 'NEUTRAL', 'CLEAR', 'CLEAR', 'RECOVERING', 'BANCO_VAZIO')",16,8,12,66.667,ATTACK_STRONG,18.750,1.981333,7.2524
"('SWEEPER', 'TANK', 'DEFENSIVE_DIS', 'FULL', 'FULL', 'FIELD_OURS_OFF', 'FASTER', 'MEC_USED', 'CLEAN', 'CLEAN', 'NEUTRAL', 'NEUTRAL', 'CLEAR', 'CLEAR', 'OPENING', 'BANCO_AMBOS')",16,3,8,37.500,SWITCH_DEFENSIVE,87.500,0.463414,1.5895
"('SWEEPER', 'TANK', 'OFFENSIVE_ADV', 'FULL', 'DANGER', 'NORMAL', 'FASTER', 'MEC_USED', 'CLEAN', 'CLEAN', 'NEUTRAL', 'DEBUFF', 'CLEAR', 'CLEAR', 'OPENING', 'BANCO_OFF')",16,6,8,75.000,ATTACK_PIVOT,56.250,1.363363,3.9093
"('SWEEPER', 'TANK', 'OFFENSIVE_ADV', 'SAFE', 'FULL', 'NORMAL', 'FASTER', 'MEC_USED', 'CLEAN', 'CLEAN', 'NEUTRAL', 'NEUTRAL', 'SET', 'CLEAR', 'OPENING', 'BANCO_OFF')",16,7,9,77.778,SWITCH_OFFENSIVE,31.250,1.803719,6.0722
"('TANK', 'TANK', 'DEFENSIVE_ADV', 'FULL', 'FULL', 'NORMAL', 'FASTER', 'MEC_AVAIL', 'CLEAN', 'CLEAN', 'NEUTRAL', 'NEUTRAL', 'CLEAR', 'CLEAR', 'OPENING', 'BANCO_OFF')",16,10,14,71.429,STATUS,25.000,2.133382,8.4434
"('TANK', 'TANK', 'OFFENSIVE_DIS', 'SAFE', 'FULL', 'NORMAL', 'FASTER', 'MEC_USED', 'AFFLICTED', 'CLEAN', 'NEUTRAL', 'NEUTRAL', 'CLEAR', 'CLEAR', 'RECOVERING', 'BANCO_VAZIO')",16,6,7,85.714,ATTACK_PIVOT,31.250,1.593403,4.9205
"('TANK', 'TANK', 'DEFENSIVE_DIS', 'FULL', 'FULL', 'NORMAL', 'FASTER', 'MEC_USED', 'AFFLICTED', 'AFFLICTED', 'NEUTRAL', 'NEUTRAL', 'CLEAR', 'CLEAR', 'RECOVERING', 'BANCO_VAZIO')",16,4,8,50.000,ATTACK_STRONG,37.500,1.305096,3.6880
"('TANK', 'TANK', 'OFFENSIVE_DIS', 'FULL', 'SAFE', 'NORMAL', 'SLOWER', 'MEC_USED', 'CLEAN', 'CLEAN', 'NEUTRAL', 'NEUTRAL', 'CLEAR', 'CLEAR', 'OPENING', 'BANCO_VAZIO')",16,7,11,63.636,ATTACK_TECH,25.000,1.808046,6.0985
"('TANK', 'TANK', 'DEFENSIVE_DIS', 'FULL', 'FULL', 'NORMAL', 'SLOWER', 'MEC_USED', 'CLEAN', 'CLEAN', 'NEUTRAL', 'NEUTRAL', 'CLEAR', 'CLEAR', 'OPENING', 'BANCO_VAZIO')",16,7,12,58.333,HAZARD,50.000,1.559581,4.7568
"('TANK', 'SWEEPER', 'NEUTRAL', 'SAFE', 'FULL', 'FIELD_OURS_OFF', 'FASTER', 'MEC_USED', 'CLEAN', 'CLEAN', 'NEUTRAL', 'NEUTRAL', 'CLEAR', 'CLEAR', 'OPENING', 'BANCO_OFF')",16,5,9,55.556,HEAL,56.250,1.244017,3.4695
"('TANK', 'TANK', 'NEUTRAL', 'DANGER', 'SAFE', 'NORMAL', 'FASTER', 'MEC_USED', 'CLEAN', 'CLEAN', 'NEUTRAL', 'NEUTRAL', 'SET', 'CLEAR', 'OPENING', 'BANCO_VAZIO')",16,9,10,90.000,ATTACK_STRONG,18.750,2.133382,8.4434
"('TANK', 'TANK', 'CRITICAL_DIS', 'SAFE', 'SAFE', 'NORMAL', 'SLOWER', 'MEC_USED', 'CLEAN', 'CLEAN', 'NEUTRAL', 'NEUTRAL', 'SET', 'SET', 'RECOVERING', 'BANCO_VAZIO')",16,9,11,81.818,PROTECT,37.500,1.927392,6.8716
"('TANK', 'TANK', 'STALEMATE', 'SAFE', 'FULL', 'NORMAL', 'SLOWER', 'MEC_USED', 'CLEAN', 'CLEAN', 'NEUTRAL', 'NEUTRAL', 'SET', 'CLEAR', 'OPENING', 'BANCO_OFF')",16,6,13,46.154,STAT_CLEAN,43.750,1.574679,4.8292
"('TANK', 'SWEEPER', 'OFFENSIVE_DIS', 'FULL', 'FULL', 'FIELD_THEIRS', 'SLOWER', 'MEC_USED', 'CLEAN', 'CLEAN', 'NEUTRAL', 'NEUTRAL', 'CLEAR', 'CLEAR', 'OPENING', 'BANCO_OFF')",16,7,12,58.333,STATUS,31.250,1.749779,5.7533
"('UTILITY', 'SWEEPER', 'DOMINANT', 'FULL', 'FULL', 'NORMAL', 'SLOWER', 'MEC_USED', 'CLEAN', 'CLEAN', 'NEUTRAL', 'NEUTRAL', 'CLEAR', 'CLEAR', 'OPENING', 'BANCO_OFF')",16,1,7,14.286,SWITCH_OFFENSIVE,100.000,-0.000000,1.0000
"('TANK', 'TANK', 'NEUTRAL', 'FULL', 'SAFE', 'NORMAL', 'FASTER', 'MEC_USED', 'CLEAN', 'CLEAN', 'NEUTRAL', 'NEUTRAL', 'SET', 'CLEAR', 'OPENING', 'BANCO_VAZIO')",16,8,13,61.538,ATTACK_PREDICTIVE,31.250,1.890363,6.6218
"('TANK', 'TANK', 'DEFENSIVE_DIS', 'DANGER', 'SAFE', 'NORMAL', 'SLOWER', 'MEC_USED', 'CLEAN', 'CLEAN', 'NEUTRAL', 'NEUTRAL', 'CLEAR', 'CLEAR', 'OPENING', 'BANCO_OFF')",16,6,12,50.000,ATTACK_PREDICTIVE,56.250,1.363363,3.9093
"('TANK', 'TANK', 'DEFENSIVE_ADV', 'FULL', 'FULL', 'NORMAL', 'SLOWER', 'MEC_USED', 'CLEAN', 'AFFLICTED', 'NEUTRAL', 'DEBUFF', 'SET', 'CLEAR', 'CLUTCH', 'BANCO_VAZIO')",16,3,3,100.000,STAT_CLEAN,62.500,0.900256,2.4602
"('TANK', 'UTILITY', 'STALEMATE', 'FULL', 'FULL', 'FIELD_SHARED', 'SLOWER', 'MEC_USED', 'CLEAN', 'CLEAN', 'NEUTRAL', 'NEUTRAL', 'CLEAR', 'CLEAR', 'OPENING', 'BANCO_OFF')",16,7,9,77.778,ATTACK_TECH,43.750,1.661323,5.2663
"('TANK', 'TANK', 'STALEMATE', 'FULL', 'FULL', 'NORMAL', 'SLOWER', 'MEC_USED', 'AFFLICTED', 'CLEAN', 'DEBUFF', 'NEUTRAL', 'CLEAR', 'CLEAR', 'OPENING', 'BANCO_OFF')",16,4,5,80.000,HEAL,43.750,1.162700,3.1986
"('TANK', 'TANK', 'NEUTRAL', 'FULL', 'FULL', 'NORMAL', 'FASTER', 'MEC_USED', 'CLEAN', 'CLEAN', 'NEUTRAL', 'NEUTRAL', 'CLEAR', 'SET', 'RECOVERING', 'BANCO_VAZIO')",15,6,10,60.000,SWITCH_DEFENSIVE,26.667,1.691434,5.4273
"('TANK', 'TANK', 'OFFENSIVE_ADV', 'SAFE', 'SAFE', 'NORMAL', 'FASTER', 'MEC_USED', 'AFFLICTED', 'CLEAN', 'NEUTRAL', 'NEUTRAL', 'CLEAR', 'CLEAR', 'CLUTCH', 'BANCO_VAZIO')",15,4,7,57.143,HEAL,73.333,0.857174,2.3565
"('TANK', 'TANK', 'CRITICAL_DIS', 'FULL', 'FULL', 'NORMAL', 'SLOWER', 'MEC_USED', 'AFFLICTED', 'AFFLICTED', 'DEBUFF', 'BUFFED', 'CLEAR', 'CLEAR', 'CLUTCH', 'BANCO_VAZIO')",15,2,2,100.000,STATUS,93.333,0.244930,1.2775
"('TANK', 'TANK', 'OFFENSIVE_DIS', 'DANGER', 'SAFE', 'NORMAL', 'SLOWER', 'MEC_USED', 'CLEAN', 'CLEAN', 'NEUTRAL', 'NEUTRAL', 'CLEAR', 'SET', 'RECOVERING', 'BANCO_VAZIO')",15,8,11,72.727,SWITCH_OFFENSIVE,40.000,1.806507,6.0891
"('TANK', 'TANK', 'DEFENSIVE_DIS', 'FULL', 'SAFE', 'FIELD_SHARED', 'FASTER', 'MEC_USED', 'CLEAN', 'CLEAN', 'NEUTRAL', 'NEUTRAL', 'CLEAR', 'CLEAR', 'OPENING', 'BANCO_AMBOS')",15,4,8,50.000,SWITCH_DEFENSIVE,46.667,1.171060,3.2254
"('TANK', 'TANK', 'NEUTRAL', 'CRIT', 'FULL', 'NORMAL', 'SLOWER', 'MEC_USED', 'AFFLICTED', 'CLEAN', 'DEBUFF', 'NEUTRAL', 'SET', 'SET', 'CLUTCH', 'BANCO_VAZIO')",15,4,8,50.000,HAZARD,60.000,1.020037,2.7733
"('TANK', 'TANK', 'OFFENSIVE_DIS', 'DANGER', 'SAFE', 'NORMAL', 'FASTER', 'MEC_USED', 'CLEAN', 'CLEAN', 'NEUTRAL', 'NEUTRAL', 'CLEAR', 'CLEAR', 'OPENING', 'BANCO_OFF')",15,8,8,100.000,STATUS,33.333,1.894312,6.6480
"('TANK', 'TANK', 'NEUTRAL', 'FULL', 'FULL', 'NORMAL', 'FASTER', 'MEC_USED', 'AFFLICTED', 'CLEAN', 'DEBUFF', 'NEUTRAL', 'SET', 'SET', 'RECOVERING', 'BANCO_VAZIO')",15,2,6,33.333,HAZARD,86.667,0.392674,1.4809
"('TANK', 'TANK', 'OFFENSIVE_ADV', 'FULL', 'DANGER', 'NORMAL', 'FASTER', 'MEC_AVAIL', 'CLEAN', 'CLEAN', 'NEUTRAL', 'NEUTRAL', 'CLEAR', 'CLEAR', 'OPENING', 'BANCO_OFF')",15,8,9,88.889,ATTACK_STRONG,20.000,1.991346,7.3254
"('TANK', 'TANK', 'DOMINANT', 'FULL', 'SAFE', 'NORMAL', 'FASTER', 'MEC_USED', 'CLEAN', 'CLEAN', 'NEUTRAL', 'NEUTRAL', 'CLEAR', 'CLEAR', 'OPENING', 'BANCO_VAZIO')",15,3,11,27.273,ATTACK_STRONG,73.333,0.729871,2.0748
"('TANK', 'TANK', 'VOLATILE', 'FULL', 'FULL', 'FIELD_OURS_DEF', 'FASTER', 'MEC_USED', 'CLEAN', 'CLEAN', 'NEUTRAL', 'NEUTRAL', 'CLEAR', 'CLEAR', 'OPENING', 'BANCO_AMBOS')",15,4,4,100.000,SWITCH_OFFENSIVE,53.333,1.136917,3.1171
"('TANK', 'TANK', 'DOMINANT', 'SAFE', 'FULL', 'FIELD_SHARED', 'FASTER', 'MEC_USED', 'CLEAN', 'CLEAN', 'NEUTRAL', 'NEUTRAL', 'CLEAR', 'CLEAR', 'OPENING', 'BANCO_AMBOS')",15,6,8,75.000,ATTACK_PIVOT,33.333,1.639706,5.1537
"('TANK', 'TANK', 'STALEMATE', 'FULL', 'SAFE', 'NORMAL', 'SLOWER', 'MEC_USED', 'CLEAN', 'CLEAN', 'NEUTRAL', 'NEUTRAL', 'CLEAR', 'CLEAR', 'OPENING', 'BANCO_OFF')",15,3,11,27.273,ATTACK_STRONG,80.000,0.627705,1.8733
"('TANK', 'TANK', 'NEUTRAL', 'SAFE', 'FULL', 'NORMAL', 'SLOWER', 'MEC_USED', 'AFFLICTED', 'CLEAN', 'DEBUFF', 'NEUTRAL', 'CLEAR', 'CLEAR', 'RECOVERING', 'BANCO_VAZIO')",15,8,11,72.727,SWITCH_DEFENSIVE,20.000,2.026230,7.5854
"('UTILITY', 'UTILITY', 'NEUTRAL', 'FULL', 'FULL', 'NORMAL', 'FASTER', 'MEC_USED', 'CLEAN', 'CLEAN', 'NEUTRAL', 'NEUTRAL', 'CLEAR', 'CLEAR', 'OPENING', 'BANCO_OFF')",15,5,6,83.333,ATTACK_PREDICTIVE,33.333,1.489750,4.4360
"('TANK', 'TANK', 'NEUTRAL', 'SAFE', 'FULL', 'FIELD_THEIRS', 'FASTER', 'MEC_USED', 'CLEAN', 'CLEAN', 'NEUTRAL', 'NEUTRAL', 'CLEAR', 'CLEAR', 'OPENING', 'BANCO_VAZIO')",15,10,10,100.000,ATTACK_PREDICTIVE,13.333,2.245952,9.4494
"('TANK', 'SWEEPER', 'OFFENSIVE_ADV', 'SAFE', 'FULL', 'FIELD_SHARED', 'SLOWER', 'MEC_USED', 'CLEAN', 'CLEAN', 'NEUTRAL', 'NEUTRAL', 'CLEAR', 'CLEAR', 'OPENING', 'BANCO_OFF')",15,10,10,100.000,ATTACK_PIVOT,33.333,2.079151,7.9977
"('TANK', 'TANK', 'STALEMATE', 'FULL', 'FULL', 'NORMAL', 'SLOWER', 'MEC_USED', 'CLEAN', 'CLEAN', 'NEUTRAL', 'NEUTRAL', 'SET', 'SET', 'RECOVERING', 'BANCO_VAZIO')",15,6,11,54.545,STATUS,46.667,1.487817,4.4274
"('TANK', 'TANK', 'DEFENSIVE_ADV', 'FULL', 'SAFE', 'NORMAL', 'FASTER', 'MEC_USED', 'CLEAN', 'CLEAN', 'NEUTRAL', 'NEUTRAL', 'CLEAR', 'CLEAR', 'OPENING', 'BANCO_AMBOS')",15,8,9,88.889,SWITCH_OFFENSIVE,26.667,1.933810,6.9158
"('TANK', 'SWEEPER', 'OFFENSIVE_ADV', 'FULL', 'SAFE', 'FIELD_THEIRS', 'SLOWER', 'MEC_USED', 'CLEAN', 'CLEAN', 'NEUTRAL', 'NEUTRAL', 'CLEAR', 'CLEAR', 'OPENING', 'BANCO_OFF')",15,9,11,81.818,ATTACK_TECH,26.667,2.026230,7.5854
"('TANK', 'TANK', 'NEUTRAL', 'FULL', 'FULL', 'NORMAL', 'SLOWER', 'MEC_USED', 'AFFLICTED', 'AFFLICTED', 'DEBUFF', 'NEUTRAL', 'SET', 'SET', 'CLUTCH', 'BANCO_VAZIO')",15,2,4,50.000,HAZARD,80.000,0.500402,1.6494
"('TANK', 'TANK', 'DEFENSIVE_ADV', 'FULL', 'FULL', 'NORMAL', 'SLOWER', 'MEC_AVAIL', 'CLEAN', 'CLEAN', 'NEUTRAL', 'NEUTRAL', 'CLEAR', 'CLEAR', 'OPENING', 'BANCO_AMBOS')",15,8,16,50.000,ATTACK_TECH_MEC,33.333,1.894312,6.6480
"('TANK', 'TANK', 'DEFENSIVE_DIS', 'CRIT', 'FULL', 'FIELD_THEIRS', 'FASTER', 'MEC_USED', 'CLEAN', 'CLEAN', 'NEUTRAL', 'NEUTRAL', 'CLEAR', 'CLEAR', 'OPENING', 'BANCO_OFF')",15,8,9,88.889,ATTACK_STRONG,26.667,1.933810,6.9158
"('TANK', 'TANK', 'OFFENSIVE_DIS', 'SAFE', 'DANGER', 'NORMAL', 'SLOWER', 'MEC_USED', 'CLEAN', 'CLEAN', 'NEUTRAL', 'NEUTRAL', 'CLEAR', 'CLEAR', 'OPENING', 'BANCO_OFF')",15,9,10,90.000,STAT_CLEAN,20.000,2.083766,8.0347
"('TANK', 'TANK', 'OFFENSIVE_ADV', 'FULL', 'SAFE', 'NORMAL', 'FASTER', 'MEC_USED', 'CLEAN', 'CLEAN', 'NEUTRAL', 'DEBUFF', 'CLEAR', 'CLEAR', 'OPENING', 'BANCO_OFF')",15,9,9,100.000,ATTACK_STRONG,26.667,2.061113,7.8547
"('TANK', 'TANK', 'DEFENSIVE_DIS', 'SAFE', 'SAFE', 'NORMAL', 'SLOWER', 'MEC_USED', 'CLEAN', 'AFFLICTED', 'NEUTRAL', 'NEUTRAL', 'SET', 'SET', 'CLUTCH', 'BANCO_VAZIO')",15,5,8,62.500,HEAL,66.667,1.080574,2.9464
"('TANK', 'TANK', 'OFFENSIVE_ADV', 'SAFE', 'SAFE', 'NORMAL', 'FASTER', 'MEC_AVAIL', 'CLEAN', 'CLEAN', 'NEUTRAL', 'NEUTRAL', 'SET', 'CLEAR', 'OPENING', 'BANCO_OFF')",15,12,20,60.000,ATTACK_STRONG,13.333,2.430791,11.3679
"('TANK', 'TANK', 'VOLATILE', 'SAFE', 'FULL', 'NORMAL', 'FASTER', 'MEC_AVAIL', 'CLEAN', 'CLEAN', 'NEUTRAL', 'NEUTRAL', 'CLEAR', 'CLEAR', 'OPENING', 'BANCO_OFF')",15,9,12,75.000,SWITCH_DEFENSIVE,20.000,2.118649,8.3199
"('SWEEPER', 'TANK', 'OFFENSIVE_ADV', 'FULL', 'FULL', 'NORMAL', 'FASTER', 'MEC_USED', 'CLEAN', 'CLEAN', 'NEUTRAL', 'NEUTRAL', 'CLEAR', 'CLEAR', 'OPENING', 'BANCO_VAZIO')",15,4,6,66.667,ATTACK_STRONG,60.000,1.077573,2.9375
"('TANK', 'TANK', 'NEUTRAL', 'FULL', 'CRIT', 'NORMAL', 'SLOWER', 'MEC_USED', 'CLEAN', 'CLEAN', 'NEUTRAL', 'NEUTRAL', 'CLEAR', 'CLEAR', 'OPENING', 'BANCO_OFF')",15,3,13,23.077,ATTACK_STRONG,80.000,0.627705,1.8733
"('TANK', 'TANK', 'OFFENSIVE_DIS', 'FULL', 'FULL', 'NORMAL', 'SLOWER', 'MEC_USED', 'CLEAN', 'CLEAN', 'NEUTRAL', 'NEUTRAL', 'SET', 'CLEAR', 'CLUTCH', 'BANCO_VAZIO')",15,6,8,75.000,ATTACK_STRONG,46.667,1.522700,4.5846
"('TANK', 'TANK', 'OFFENSIVE_ADV', 'SAFE', 'SAFE', 'NORMAL', 'FASTER', 'MEC_AVAIL', 'CLEAN', 'CLEAN', 'NEUTRAL', 'NEUTRAL', 'CLEAR', 'CLEAR', 'OPENING', 'BANCO_OFF')",15,10,18,55.556,ATTACK_STRONG,13.333,2.245952,9.4494
"('TANK', 'SWEEPER', 'DOMINANT', 'SAFE', 'FULL', 'NORMAL', 'SLOWER', 'MEC_USED', 'CLEAN', 'CLEAN', 'NEUTRAL', 'NEUTRAL', 'CLEAR', 'CLEAR', 'OPENING', 'BANCO_OFF')",15,7,7,100.000,ATTACK_STRONG,33.333,1.801892,6.0611
"('TANK', 'TANK', 'NEUTRAL', 'SAFE', 'FULL', 'NORMAL', 'FASTER', 'MEC_USED', 'CLEAN', 'CLEAN', 'NEUTRAL', 'NEUTRAL', 'SET', 'CLEAR', 'OPENING', 'BANCO_AMBOS')",15,9,13,69.231,ATTACK_STRONG,26.667,2.061113,7.8547
"('SWEEPER', 'UTILITY', 'NEUTRAL', 'FULL', 'FULL', 'FIELD_OURS_OFF', 'FASTER', 'MEC_USED', 'CLEAN', 'CLEAN', 'NEUTRAL', 'NEUTRAL', 'CLEAR', 'CLEAR', 'OPENING', 'BANCO_AMBOS')",15,5,6,83.333,ATTACK_TECH,26.667,1.586785,4.8880
"('TANK', 'TANK', 'OFFENSIVE_ADV', 'FULL', 'FULL', 'NORMAL', 'FASTER', 'MEC_USED', 'CLEAN', 'CLEAN', 'NEUTRAL', 'NEUTRAL', 'SET', 'SET', 'OPENING', 'BANCO_OFF')",15,8,11,72.727,SWITCH_DEFENSIVE,26.667,1.933810,6.9158
"('TANK', 'UTILITY', 'DEFENSIVE_DIS', 'FULL', 'FULL', 'NORMAL', 'FASTER', 'MEC_USED', 'CLEAN', 'CLEAN', 'NEUTRAL', 'NEUTRAL', 'CLEAR', 'CLEAR', 'OPENING', 'BANCO_OFF')",15,4,6,66.667,SWITCH_DEFENSIVE,40.000,1.251989,3.4973
"('TANK', 'TANK', 'NEUTRAL', 'FULL', 'SAFE', 'NORMAL', 'FASTER', 'MEC_USED', 'CLEAN', 'CLEAN', 'NEUTRAL', 'NEUTRAL', 'CLEAR', 'SET', 'OPENING', 'BANCO_OFF')",15,6,9,66.667,ATTACK_PIVOT,40.000,1.586785,4.8880
"('TANK', 'TANK', 'OFFENSIVE_DIS', 'FULL', 'DANGER', 'NORMAL', 'FASTER', 'MEC_USED', 'CLEAN', 'CLEAN', 'NEUTRAL', 'NEUTRAL', 'CLEAR', 'CLEAR', 'OPENING', 'BANCO_OFF')",15,9,13,69.231,SWITCH_DEFENSIVE,26.667,2.061113,7.8547
"('TANK', 'SWEEPER', 'DEFENSIVE_DIS', 'FULL', 'FULL', 'FIELD_THEIRS', 'SLOWER', 'MEC_USED', 'CLEAN', 'CLEAN', 'NEUTRAL', 'NEUTRAL', 'CLEAR', 'CLEAR', 'OPENING', 'BANCO_AMBOS')",15,8,10,80.000,SWITCH_DEFENSIVE,26.667,1.898927,6.6787
"('TANK', 'TANK', 'DOMINANT', 'SAFE', 'FULL', 'FIELD_SHARED', 'FASTER', 'MEC_USED', 'CLEAN', 'CLEAN', 'NEUTRAL', 'NEUTRAL', 'CLEAR', 'CLEAR', 'OPENING', 'BANCO_OFF')",15,5,8,62.500,ATTACK_PIVOT,46.667,1.395397,4.0366
"('TANK', 'TANK', 'OFFENSIVE_ADV', 'DANGER', 'SAFE', 'NORMAL', 'FASTER', 'MEC_USED', 'CLEAN', 'CLEAN', 'NEUTRAL', 'NEUTRAL', 'SET', 'CLEAR', 'OPENING', 'BANCO_OFF')",15,8,11,72.727,HEAL,26.667,1.898927,6.6787
"('TANK', 'TANK', 'NEUTRAL', 'FULL', 'FULL', 'NORMAL', 'SLOWER', 'MEC_USED', 'CLEAN', 'CLEAN', 'DEBUFF', 'NEUTRAL', 'CLEAR', 'SET', 'CLUTCH', 'BANCO_VAZIO')",15,3,3,100.000,HAZARD,66.667,0.860851,2.3652
"('TANK', 'TANK', 'NEUTRAL', 'SAFE', 'FULL', 'NORMAL', 'FASTER', 'MEC_USED', 'AFFLICTED', 'CLEAN', 'NEUTRAL', 'NEUTRAL', 'SET', 'SET', 'RECOVERING', 'BANCO_VAZIO')",15,7,9,77.778,ATTACK_PIVOT,46.667,1.580236,4.8561
"('TANK', 'TANK', 'NEUTRAL', 'SAFE', 'SAFE', 'NORMAL', 'FASTER', 'MEC_USED', 'CLEAN', 'CLEAN', 'NEUTRAL', 'NEUTRAL', 'SET', 'CLEAR', 'OPENING', 'BANCO_AMBOS')",15,7,11,63.636,HEAL,33.333,1.709473,5.5260
"('TANK', 'TANK', 'DEFENSIVE_ADV', 'SAFE', 'FULL', 'NORMAL', 'FASTER', 'MEC_USED', 'CLEAN', 'CLEAN', 'NEUTRAL', 'NEUTRAL', 'CLEAR', 'CLEAR', 'OPENING', 'BANCO_AMBOS')",15,2,11,18.182,ATTACK_PREDICTIVE,86.667,0.392674,1.4809
"('TANK', 'TANK', 'OFFENSIVE_DIS', 'FULL', 'DANGER', 'NORMAL', 'FASTER', 'MEC_USED', 'AFFLICTED', 'CLEAN', 'NEUTRAL', 'NEUTRAL', 'CLEAR', 'CLEAR', 'RECOVERING', 'BANCO_VAZIO')",15,5,5,100.000,CLEAN_HAZARD,40.000,1.401945,4.0631
"('TANK', 'TANK', 'DEFENSIVE_DIS', 'SAFE', 'FULL', 'NORMAL', 'FASTER', 'MEC_USED', 'CLEAN', 'CLEAN', 'NEUTRAL', 'NEUTRAL', 'CLEAR', 'SET', 'OPENING', 'BANCO_OFF')",15,5,8,62.500,ATTACK_PREDICTIVE,46.667,1.263479,3.5377
"('TANK', 'TANK', 'NEUTRAL', 'FULL', 'FULL', 'NORMAL', 'FASTER', 'MEC_USED', 'AFFLICTED', 'AFFLICTED', 'DEBUFF', 'NEUTRAL', 'SET', 'CLEAR', 'CLUTCH', 'BANCO_VAZIO')",14,2,2,100.000,STATUS,57.143,0.682908,1.9796
"('TANK', 'TANK', 'OFFENSIVE_DIS', 'FULL', 'FULL', 'NORMAL', 'SLOWER', 'MEC_USED', 'CLEAN', 'AFFLICTED', 'NEUTRAL', 'NEUTRAL', 'SET', 'SET', 'CLUTCH', 'BANCO_VAZIO')",14,4,9,44.444,ATTACK_TECH,64.286,1.028514,2.7969
"('TANK', 'TANK', 'DEFENSIVE_ADV', 'FULL', 'SAFE', 'NORMAL', 'SLOWER', 'MEC_USED', 'CLEAN', 'AFFLICTED', 'NEUTRAL', 'DEBUFF', 'SET', 'SET', 'CLUTCH', 'BANCO_VAZIO')",14,1,9,11.111,ATTACK_STRONG,100.000,-0.000000,1.0000
"('TANK', 'TANK', 'NEUTRAL', 'FULL', 'FULL', 'NORMAL', 'SLOWER', 'MEC_USED', 'CLEAN', 'CLEAN', 'DEBUFF', 'NEUTRAL', 'CLEAR', 'CLEAR', 'CLUTCH', 'BANCO_VAZIO')",14,3,9,33.333,ATTACK_STRONG,50.000,1.034601,2.8140
"('TANK', 'TANK', 'VOLATILE', 'SAFE', 'FULL', 'FIELD_SHARED', 'FASTER', 'MEC_USED', 'CLEAN', 'CLEAN', 'NEUTRAL', 'NEUTRAL', 'CLEAR', 'CLEAR', 'OPENING', 'BANCO_AMBOS')",14,6,9,66.667,ATTACK_TECH,35.714,1.630799,5.1080
"('TANK', 'UTILITY', 'NEUTRAL', 'FULL', 'FULL', 'NORMAL', 'SLOWER', 'MEC_AVAIL', 'CLEAN', 'CLEAN', 'NEUTRAL', 'NEUTRAL', 'CLEAR', 'CLEAR', 'OPENING', 'BANCO_AMBOS')",14,9,18,50.000,ATTACK_STRONG,28.571,2.044931,7.7286
"('TANK', 'SWEEPER', 'OFFENSIVE_DIS', 'FULL', 'FULL', 'NORMAL', 'SLOWER', 'MEC_USED', 'CLEAN', 'CLEAN', 'NEUTRAL', 'NEUTRAL', 'CLEAR', 'CLEAR', 'OPENING', 'BANCO_AMBOS')",14,8,12,66.667,SWITCH_DEFENSIVE,35.714,1.866216,6.4638
"('TANK', 'TANK', 'OFFENSIVE_ADV', 'FULL', 'FULL', 'NORMAL', 'FASTER', 'MEC_USED', 'AFFLICTED', 'CLEAN', 'NEUTRAL', 'NEUTRAL', 'CLEAR', 'CLEAR', 'OPENING', 'BANCO_OFF')",14,6,9,66.667,HAZARD,28.571,1.648847,5.2010
"('TANK', 'TANK', 'NEUTRAL', 'SAFE', 'SAFE', 'NORMAL', 'SLOWER', 'MEC_USED', 'CLEAN', 'CLEAN', 'NEUTRAL', 'NEUTRAL', 'CLEAR', 'SET', 'OPENING', 'BANCO_VAZIO')",14,7,10,70.000,ATTACK_PREDICTIVE,35.714,1.729820,5.6396
"('TANK', 'TANK', 'OFFENSIVE_DIS', 'SAFE', 'FULL', 'NORMAL', 'FASTER', 'MEC_USED', 'CLEAN', 'CLEAN', 'NEUTRAL', 'NEUTRAL', 'CLEAR', 'CLEAR', 'BRAWL', 'BANCO_OFF')",14,11,14,78.571,STATUS,14.286,2.341994,10.4020
"('SWEEPER', 'UTILITY', 'OFFENSIVE_ADV', 'FULL', 'FULL', 'FIELD_SHARED', 'SLOWER', 'MEC_USED', 'CLEAN', 'CLEAN', 'NEUTRAL', 'DEBUFF', 'CLEAR', 'CLEAR', 'OPENING', 'BANCO_OFF')",14,6,7,85.714,ATTACK_STRONG,28.571,1.710493,5.5317
"('TANK', 'TANK', 'DEFENSIVE_DIS', 'SAFE', 'DANGER', 'NORMAL', 'SLOWER', 'MEC_USED', 'CLEAN', 'CLEAN', 'NEUTRAL', 'NEUTRAL', 'SET', 'SET', 'RECOVERING', 'BANCO_VAZIO')",14,7,13,53.846,HEAL,28.571,1.809514,6.1075
"('TANK', 'TANK', 'OFFENSIVE_DIS', 'SAFE', 'DANGER', 'NORMAL', 'SLOWER', 'MEC_USED', 'CLEAN', 'CLEAN', 'NEUTRAL', 'NEUTRAL', 'SET', 'SET', 'RECOVERING', 'BANCO_VAZIO')",14,6,10,60.000,HEAL,42.857,1.536722,4.6493
"('TANK', 'TANK', 'OFFENSIVE_ADV', 'CRIT', 'FULL', 'NORMAL', 'FASTER', 'MEC_USED', 'CLEAN', 'CLEAN', 'NEUTRAL', 'NEUTRAL', 'CLEAR', 'CLEAR', 'OPENING', 'BANCO_OFF')",14,7,8,87.500,ATTACK_PREDICTIVE,21.429,1.833786,6.2575
"('TANK', 'UTILITY', 'OFFENSIVE_ADV', 'FULL', 'FULL', 'FIELD_OURS_OFF', 'SLOWER', 'MEC_USED', 'CLEAN', 'CLEAN', 'NEUTRAL', 'NEUTRAL', 'CLEAR', 'CLEAR', 'OPENING', 'BANCO_AMBOS')",14,2,9,22.222,ATTACK_PREDICTIVE,92.857,0.257319,1.2935
"('TANK', 'TANK', 'NEUTRAL', 'DANGER', 'SAFE', 'NORMAL', 'FASTER', 'MEC_USED', 'CLEAN', 'CLEAN', 'NEUTRAL', 'NEUTRAL', 'SET', 'SET', 'OPENING', 'BANCO_OFF')",14,6,13,46.154,HEAL,50.000,1.468060,4.3408
"('TANK', 'TANK', 'CRITICAL_DIS', 'SAFE', 'FULL', 'FIELD_SHARED', 'SLOWER', 'MEC_USED', 'CLEAN', 'CLEAN', 'NEUTRAL', 'NEUTRAL', 'CLEAR', 'CLEAR', 'OPENING', 'BANCO_AMBOS')",14,4,12,33.333,SWITCH_OFFENSIVE,50.000,1.170997,3.2252
"('TANK', 'UTILITY', 'NEUTRAL', 'FULL', 'FULL', 'FIELD_OURS_OFF', 'SLOWER', 'MEC_USED', 'CLEAN', 'CLEAN', 'NEUTRAL', 'NEUTRAL', 'CLEAR', 'CLEAR', 'OPENING', 'BANCO_OFF')",14,7,8,87.500,SWITCH_DEFENSIVE,28.571,1.809514,6.1075
"('UTILITY', 'TANK', 'VOLATILE', 'FULL', 'FULL', 'FIELD_THEIRS', 'FASTER', 'MEC_USED', 'CLEAN', 'CLEAN', 'NEUTRAL', 'NEUTRAL', 'CLEAR', 'CLEAR', 'OPENING', 'BANCO_OFF')",14,7,11,63.636,SWITCH_OFFENSIVE,35.714,1.668174,5.3025
"('TANK', 'TANK', 'OFFENSIVE_ADV', 'FULL', 'SAFE', 'FIELD_SHARED', 'FASTER', 'MEC_AVAIL', 'CLEAN', 'CLEAN', 'NEUTRAL', 'NEUTRAL', 'CLEAR', 'CLEAR', 'OPENING', 'BANCO_OFF')",14,8,14,57.143,BUFF,21.429,2.007556,7.4451
"('TANK', 'TANK', 'VOLATILE', 'SAFE', 'SAFE', 'NORMAL', 'SLOWER', 'MEC_USED', 'CLEAN', 'CLEAN', 'NEUTRAL', 'NEUTRAL', 'CLEAR', 'CLEAR', 'OPENING', 'BANCO_OFF')",14,4,11,36.364,ATTACK_STRONG,71.429,0.895333,2.4482
"('TANK', 'UTILITY', 'DOMINANT', 'FULL', 'FULL', 'NORMAL', 'SLOWER', 'MEC_USED', 'CLEAN', 'CLEAN', 'NEUTRAL', 'NEUTRAL', 'CLEAR', 'CLEAR', 'OPENING', 'BANCO_AMBOS')",14,8,10,80.000,SWITCH_OFFENSIVE,35.714,1.866216,6.4638
"('TANK', 'TANK', 'OFFENSIVE_DIS', 'SAFE', 'FULL', 'NORMAL', 'SLOWER', 'MEC_USED', 'CLEAN', 'CLEAN', 'NEUTRAL', 'NEUTRAL', 'CLEAR', 'SET', 'RECOVERING', 'BANCO_VAZIO')",14,5,11,45.455,STATUS,42.857,1.437701,4.2110
"('TANK', 'TANK', 'OFFENSIVE_ADV', 'DANGER', 'FULL', 'NORMAL', 'FASTER', 'MEC_AVAIL', 'CLEAN', 'CLEAN', 'NEUTRAL', 'NEUTRAL', 'CLEAR', 'CLEAR', 'OPENING', 'BANCO_OFF')",14,4,8,50.000,ATTACK_STRONG_MEC,35.714,1.333736,3.7952
"('TANK', 'TANK', 'NEUTRAL', 'SAFE', 'SAFE', 'NORMAL', 'FASTER', 'MEC_USED', 'AFFLICTED', 'CLEAN', 'NEUTRAL', 'NEUTRAL', 'SET', 'SET', 'RECOVERING', 'BANCO_VAZIO')",14,6,11,54.545,HEAL,57.143,1.351784,3.8643
"('TANK', 'SWEEPER', 'NEUTRAL', 'FULL', 'FULL', 'FIELD_SHARED', 'SLOWER', 'MEC_USED', 'CLEAN', 'CLEAN', 'NEUTRAL', 'NEUTRAL', 'CLEAR', 'CLEAR', 'OPENING', 'BANCO_VAZIO')",14,9,9,100.000,DISRUPTION,28.571,2.044931,7.7286
"('TANK', 'TANK', 'OFFENSIVE_DIS', 'FULL', 'FULL', 'NORMAL', 'SLOWER', 'MEC_USED', 'CLEAN', 'CLEAN', 'NEUTRAL', 'NEUTRAL', 'SET', 'CLEAR', 'OPENING', 'BANCO_AMBOS')",14,9,13,69.231,SWITCH_OFFENSIVE,35.714,1.965237,7.1366
"('TANK', 'TANK', 'NEUTRAL', 'SAFE', 'FULL', 'NORMAL', 'SLOWER', 'MEC_USED', 'CLEAN', 'CLEAN', 'NEUTRAL', 'NEUTRAL', 'SET', 'CLEAR', 'BRAWL', 'BANCO_OFF')",14,6,14,42.857,STAT_CLEAN,42.857,1.536722,4.6493
"('TANK', 'UTILITY', 'OFFENSIVE_DIS', 'SAFE', 'FULL', 'NORMAL', 'SLOWER', 'MEC_USED', 'CLEAN', 'CLEAN', 'NEUTRAL', 'NEUTRAL', 'CLEAR', 'CLEAR', 'OPENING', 'BANCO_OFF')",14,8,13,61.538,ATTACK_PIVOT,35.714,1.828841,6.2267
"('TANK', 'TANK', 'DOMINANT', 'FULL', 'SAFE', 'NORMAL', 'SLOWER', 'MEC_USED', 'CLEAN', 'CLEAN', 'NEUTRAL', 'NEUTRAL', 'CLEAR', 'CLEAR', 'OPENING', 'BANCO_OFF')",14,11,14,78.571,BUFF,14.286,2.341994,10.4020
"('TANK', 'TANK', 'OFFENSIVE_ADV', 'FULL', 'FULL', 'NORMAL', 'SLOWER', 'MEC_USED', 'CLEAN', 'CLEAN', 'NEUTRAL', 'NEUTRAL', 'CLEAR', 'SET', 'OPENING', 'BANCO_OFF')",14,7,11,63.636,ATTACK_PREDICTIVE,35.714,1.668174,5.3025
"('TANK', 'TANK', 'DOMINANT', 'SAFE', 'FULL', 'FIELD_THEIRS', 'FASTER', 'MEC_USED', 'CLEAN', 'CLEAN', 'NEUTRAL', 'NEUTRAL', 'CLEAR', 'CLEAR', 'OPENING', 'BANCO_OFF')",14,6,11,54.545,SWITCH_OFFENSIVE,42.857,1.536722,4.6493
"('TANK', 'TANK', 'OFFENSIVE_DIS', 'FULL', 'SAFE', 'NORMAL', 'SLOWER', 'MEC_USED', 'CLEAN', 'CLEAN', 'NEUTRAL', 'NEUTRAL', 'SET', 'CLEAR', 'OPENING', 'BANCO_OFF')",14,7,12,58.333,ATTACK_TECH,28.571,1.747868,5.7423
"('TANK', 'TANK', 'NEUTRAL', 'FULL', 'DANGER', 'NORMAL', 'SLOWER', 'MEC_USED', 'CLEAN', 'CLEAN', 'DEBUFF', 'NEUTRAL', 'CLEAR', 'CLEAR', 'CLUTCH', 'BANCO_VAZIO')",14,1,2,50.000,CLEAN_HAZARD,100.000,-0.000000,1.0000
"('SWEEPER', 'SWEEPER', 'DEFENSIVE_DIS', 'FULL', 'FULL', 'FIELD_THEIRS', 'SLOWER', 'MEC_USED', 'CLEAN', 'CLEAN', 'NEUTRAL', 'NEUTRAL', 'CLEAR', 'CLEAR', 'OPENING', 'BANCO_AMBOS')",14,6,8,75.000,SWITCH_OFFENSIVE,35.714,1.569153,4.8026
"('SWEEPER', 'TANK', 'DEFENSIVE_DIS', 'FULL', 'FULL', 'FIELD_THEIRS', 'FASTER', 'MEC_USED', 'CLEAN', 'CLEAN', 'NEUTRAL', 'NEUTRAL', 'CLEAR', 'CLEAR', 'OPENING', 'BANCO_VAZIO')",14,7,8,87.500,STATUS,21.429,1.871160,6.4958
"('TANK', 'TANK', 'OFFENSIVE_ADV', 'SAFE', 'SAFE', 'NORMAL', 'SLOWER', 'MEC_USED', 'CLEAN', 'CLEAN', 'NEUTRAL', 'NEUTRAL', 'CLEAR', 'SET', 'OPENING', 'BANCO_OFF')",14,5,9,55.556,ATTACK_PREDICTIVE,50.000,1.270018,3.5609
"('TANK', 'TANK', 'NEUTRAL', 'SAFE', 'SAFE', 'NORMAL', 'SLOWER', 'MEC_USED', 'CLEAN', 'AFFLICTED', 'NEUTRAL', 'DEBUFF', 'SET', 'SET', 'CLUTCH', 'BANCO_VAZIO')",14,2,7,28.571,ATTACK_STRONG,92.857,0.257319,1.2935
"('TANK', 'TANK', 'NEUTRAL', 'FULL', 'FULL', 'NORMAL', 'FASTER', 'MEC_USED', 'AFFLICTED', 'AFFLICTED', 'NEUTRAL', 'DEBUFF_DEBUFF', 'SET', 'SET', 'CLUTCH', 'BANCO_VAZIO')",13,2,4,50.000,HAZARD,84.615,0.429323,1.5362
"('TANK', 'TANK', 'OFFENSIVE_DIS', 'DANGER', 'FULL', 'NORMAL', 'FASTER', 'MEC_USED', 'AFFLICTED', 'CLEAN', 'DEBUFF', 'NEUTRAL', 'CLEAR', 'SET', 'CLUTCH', 'BANCO_VAZIO')",13,3,5,60.000,PROTECT,53.846,0.898137,2.4550
"('TANK', 'TANK', 'NEUTRAL', 'FULL', 'SAFE', 'NORMAL', 'SLOWER', 'MEC_USED', 'AFFLICTED', 'CLEAN', 'NEUTRAL', 'NEUTRAL', 'SET', 'SET', 'RECOVERING', 'BANCO_VAZIO')",13,5,5,100.000,STATUS,46.154,1.311431,3.7115
"('TANK', 'TANK', 'DEFENSIVE_ADV', 'FULL', 'FULL', 'NORMAL', 'SLOWER', 'MEC_USED', 'CLEAN', 'AFFLICTED', 'NEUTRAL', 'NEUTRAL', 'SET', 'CLEAR', 'CLUTCH', 'BANCO_VAZIO')",13,4,6,66.667,STATUS,69.231,0.937156,2.5527
"('TANK', 'TANK', 'VOLATILE', 'DANGER', 'SAFE', 'NORMAL', 'FASTER', 'MEC_USED', 'CLEAN', 'CLEAN', 'NEUTRAL', 'NEUTRAL', 'CLEAR', 'CLEAR', 'OPENING', 'BANCO_OFF')",13,7,10,70.000,ATTACK_STRONG,38.462,1.732659,5.6557
"('TANK', 'TANK', 'DEFENSIVE_DIS', 'FULL', 'SAFE', 'NORMAL', 'FASTER', 'MEC_USED', 'CLEAN', 'CLEAN', 'NEUTRAL', 'NEUTRAL', 'CLEAR', 'SET', 'OPENING', 'BANCO_AMBOS')",13,5,10,50.000,ATTACK_STRONG,46.154,1.377820,3.9662
"('TANK', 'TANK', 'CRITICAL_DIS', 'SAFE', 'SAFE', 'NORMAL', 'SLOWER', 'MEC_USED', 'CLEAN', 'CLEAN', 'NEUTRAL', 'NEUTRAL', 'CLEAR', 'SET', 'RECOVERING', 'BANCO_VAZIO')",13,9,11,81.818,ATTACK_STRONG,23.077,2.098147,8.1511
"('TANK', 'SWEEPER', 'DEFENSIVE_DIS', 'FULL', 'FULL', 'FIELD_SHARED', 'SLOWER', 'MEC_AVAIL', 'CLEAN', 'CLEAN', 'NEUTRAL', 'NEUTRAL', 'CLEAR', 'CLEAR', 'OPENING', 'BANCO_AMBOS')",13,8,12,66.667,SWITCH_OFFENSIVE,23.077,1.991509,7.3266
"('TANK', 'TANK', 'VOLATILE', 'SAFE', 'FULL', 'FIELD_SHARED', 'FASTER', 'MEC_USED', 'CLEAN', 'CLEAN', 'NEUTRAL', 'NEUTRAL', 'CLEAR', 'CLEAR', 'OPENING', 'BANCO_OFF')",13,8,10,80.000,SWITCH_OFFENSIVE,30.769,1.925121,6.8560
"('TANK', 'TANK', 'CRITICAL_DIS', 'SAFE', 'FULL', 'NORMAL', 'FASTER', 'MEC_USED', 'AFFLICTED', 'AFFLICTED', 'NEUTRAL', 'DEBUFF', 'SET', 'SET', 'RECOVERING', 'BANCO_VAZIO')",13,4,5,80.000,HEAL,46.154,1.204793,3.3361
"('TANK', 'TANK', 'DEFENSIVE_DIS', 'SAFE', 'SAFE', 'FIELD_OURS_OFF', 'SLOWER', 'MEC_USED', 'CLEAN', 'CLEAN', 'NEUTRAL', 'NEUTRAL', 'CLEAR', 'CLEAR', 'OPENING', 'BANCO_OFF')",13,7,10,70.000,STATUS,23.077,1.804372,6.0762
"('TANK', 'TANK', 'DEFENSIVE_ADV', 'FULL', 'SAFE', 'FIELD_SHARED', 'FASTER', 'MEC_USED', 'CLEAN', 'CLEAN', 'NEUTRAL', 'NEUTRAL', 'CLEAR', 'CLEAR', 'OPENING', 'BANCO_OFF')",13,6,10,60.000,ATTACK_PIVOT,38.462,1.626021,5.0836
"('TANK', 'TANK', 'NEUTRAL', 'FULL', 'FULL', 'NORMAL', 'FASTER', 'MEC_AVAIL', 'CLEAN', 'CLEAN', 'BUFFED', 'NEUTRAL', 'CLEAR', 'CLEAR', 'OPENING', 'BANCO_AMBOS')",13,7,12,58.333,SWITCH_DEFENSIVE,30.769,1.778233,5.9194
"('TANK', 'TANK', 'NEUTRAL', 'FULL', 'SAFE', 'FIELD_OURS_OFF', 'FASTER', 'MEC_USED', 'CLEAN', 'CLEAN', 'NEUTRAL', 'NEUTRAL', 'CLEAR', 'CLEAR', 'OPENING', 'BANCO_VAZIO')",13,7,12,58.333,ATTACK_TECH,38.462,1.692409,5.4326
"('TANK', 'TANK', 'DEFENSIVE_DIS', 'FULL', 'FULL', 'FIELD_THEIRS', 'FASTER', 'MEC_AVAIL', 'CLEAN', 'CLEAN', 'NEUTRAL', 'NEUTRAL', 'CLEAR', 'CLEAR', 'OPENING', 'BANCO_AMBOS')",13,5,12,41.667,SWITCH_DEFENSIVE,46.154,1.377820,3.9662
"('SWEEPER', 'TANK', 'DEFENSIVE_DIS', 'SAFE', 'FULL', 'NORMAL', 'FASTER', 'MEC_USED', 'CLEAN', 'CLEAN', 'NEUTRAL', 'NEUTRAL', 'CLEAR', 'CLEAR', 'OPENING', 'BANCO_AMBOS')",13,5,8,62.500,SWITCH_OFFENSIVE,46.154,1.311431,3.7115
"('TANK', 'TANK', 'NEUTRAL', 'SAFE', 'SAFE', 'NORMAL', 'SLOWER', 'MEC_USED', 'CLEAN', 'CLEAN', 'NEUTRAL', 'NEUTRAL', 'CLEAR', 'CLEAR', 'BRAWL', 'BANCO_VAZIO')",13,8,11,72.727,ATTACK_PIVOT,23.077,1.951260,7.0375
"('TANK', 'TANK', 'NEUTRAL', 'SAFE', 'DANGER', 'NORMAL', 'SLOWER', 'MEC_USED', 'CLEAN', 'CLEAN', 'NEUTRAL', 'NEUTRAL', 'SET', 'CLEAR', 'OPENING', 'BANCO_OFF')",13,8,12,66.667,HEAL,30.769,1.925121,6.8560
"('TANK', 'TANK', 'STALEMATE', 'FULL', 'SAFE', 'NORMAL', 'SLOWER', 'MEC_USED', 'AFFLICTED', 'AFFLICTED', 'DEBUFF', 'DEBUFF', 'SET', 'SET', 'OPENING', 'BANCO_OFF')",13,3,5,60.000,HEAL,69.231,0.790268,2.2040
"('TANK', 'TANK', 'DOMINANT', 'FULL', 'FULL', 'FIELD_OURS_DEF', 'SLOWER', 'MEC_AVAIL', 'CLEAN', 'CLEAN', 'NEUTRAL', 'NEUTRAL', 'CLEAR', 'CLEAR', 'OPENING', 'BANCO_AMBOS')",13,7,12,58.333,SWITCH_DEFENSIVE,38.462,1.692409,5.4326
"('TANK', 'TANK', 'NEUTRAL', 'FULL', 'SAFE', 'NORMAL', 'FASTER', 'MEC_USED', 'CLEAN', 'CLEAN', 'NEUTRAL', 'NEUTRAL', 'SET', 'CLEAR', 'BRAWL', 'BANCO_VAZIO')",13,6,10,60.000,CLEAN_HAZARD,30.769,1.631345,5.1107
"('TANK', 'TANK', 'DOMINANT', 'FULL', 'FULL', 'FIELD_OURS_OFF', 'FASTER', 'MEC_USED', 'CLEAN', 'CLEAN', 'NEUTRAL', 'NEUTRAL', 'CLEAR', 'CLEAR', 'OPENING', 'BANCO_VAZIO')",13,7,9,77.778,BUFF,53.846,1.517152,4.5592
"('TANK', 'SWEEPER', 'VOLATILE', 'FULL', 'FULL', 'FIELD_OURS_DEF', 'SLOWER', 'MEC_AVAIL', 'CLEAN', 'CLEAN', 'NEUTRAL', 'NEUTRAL', 'CLEAR', 'CLEAR', 'OPENING', 'BANCO_OFF')",13,3,12,25.000,ATTACK_STRONG_MEC,84.615,0.535961,1.7091
"('TANK', 'SWEEPER', 'DOMINANT', 'SAFE', 'FULL', 'NORMAL', 'SLOWER', 'MEC_USED', 'CLEAN', 'CLEAN', 'NEUTRAL', 'NEUTRAL', 'CLEAR', 'CLEAR', 'OPENING', 'BANCO_AMBOS')",13,2,11,18.182,ATTACK_STRONG,92.308,0.271189,1.3115
"('TANK', 'TANK', 'DOMINANT', 'FULL', 'FULL', 'FIELD_OURS_OFF', 'SLOWER', 'MEC_USED', 'CLEAN', 'CLEAN', 'NEUTRAL', 'NEUTRAL', 'CLEAR', 'CLEAR', 'OPENING', 'BANCO_AMBOS')",13,2,9,22.222,SWITCH_DEFENSIVE,61.538,0.666278,1.9470
"('TANK', 'TANK', 'NEUTRAL', 'FULL', 'SAFE', 'NORMAL', 'FASTER', 'MEC_AVAIL', 'CLEAN', 'CLEAN', 'NEUTRAL', 'NEUTRAL', 'CLEAR', 'CLEAR', 'OPENING', 'BANCO_OFF')",13,10,16,62.500,ATTACK_STRONG,15.385,2.245035,9.4407
"('TANK', 'TANK', 'NEUTRAL', 'FULL', 'SAFE', 'NORMAL', 'FASTER', 'MEC_USED', 'CLEAN', 'CLEAN', 'NEUTRAL', 'NEUTRAL', 'SET', 'SET', 'BRAWL', 'BANCO_OFF')",13,1,13,7.692,SWITCH_OFFENSIVE,100.000,-0.000000,1.0000
"('TANK', 'TANK', 'NEUTRAL', 'FULL', 'FULL', 'NORMAL', 'SLOWER', 'MEC_USED', 'CLEAN', 'CLEAN', 'NEUTRAL', 'NEUTRAL', 'SET', 'CLEAR', 'BRAWL', 'BANCO_OFF')",13,8,11,72.727,ATTACK_PREDICTIVE,46.154,1.737983,5.6859
"('TANK', 'UTILITY', 'NEUTRAL', 'FULL', 'FULL', 'NORMAL', 'SLOWER', 'MEC_AVAIL', 'CLEAN', 'CLEAN', 'NEUTRAL', 'NEUTRAL', 'CLEAR', 'CLEAR', 'OPENING', 'BANCO_OFF')",13,10,20,50.000,FIELD_CONTROL_MEC,23.077,2.204785,9.0683
"('TANK', 'TANK', 'OFFENSIVE_ADV', 'SAFE', 'SAFE', 'NORMAL', 'SLOWER', 'MEC_USED', 'CLEAN', 'CLEAN', 'NEUTRAL', 'NEUTRAL', 'SET', 'SET', 'OPENING', 'BANCO_OFF')",13,9,13,69.231,HEAL,23.077,2.098147,8.1511
"('SWEEPER', 'TANK', 'OFFENSIVE_ADV', 'FULL', 'FULL', 'NORMAL', 'FASTER', 'MEC_USED', 'CLEAN', 'CLEAN', 'NEUTRAL', 'NEUTRAL', 'CLEAR', 'CLEAR', 'BRAWL', 'BANCO_OFF')",13,2,6,33.333,ATTACK_STRONG,84.615,0.429323,1.5362
"('TANK', 'TANK', 'VOLATILE', 'SAFE', 'SAFE', 'NORMAL', 'FASTER', 'MEC_USED', 'CLEAN', 'CLEAN', 'NEUTRAL', 'NEUTRAL', 'SET', 'CLEAR', 'OPENING', 'BANCO_OFF')",13,9,11,81.818,ATTACK_TECH,23.077,2.098147,8.1511
"('TANK', 'TANK', 'NEUTRAL', 'SAFE', 'SAFE', 'NORMAL', 'SLOWER', 'MEC_AVAIL', 'CLEAN', 'CLEAN', 'NEUTRAL', 'NEUTRAL', 'CLEAR', 'CLEAR', 'OPENING', 'BANCO_OFF')",13,4,18,22.222,ATTACK_PREDICTIVE_MEC,76.923,0.793730,2.2116
"('UTILITY', 'SWEEPER', 'NEUTRAL', 'FULL', 'FULL', 'FIELD_THEIRS', 'SLOWER', 'MEC_USED', 'CLEAN', 'CLEAN', 'NEUTRAL', 'NEUTRAL', 'CLEAR', 'CLEAR', 'OPENING', 'BANCO_OFF')",13,8,10,80.000,SWITCH_OFFENSIVE,30.769,1.884871,6.5855
"('UTILITY', 'TANK', 'DOMINANT', 'FULL', 'FULL', 'FIELD_THEIRS', 'FASTER', 'MEC_USED', 'CLEAN', 'CLEAN', 'NEUTRAL', 'NEUTRAL', 'CLEAR', 'CLEAR', 'OPENING', 'BANCO_AMBOS')",13,4,9,44.444,ATTACK_STRONG,76.923,0.793730,2.2116
"('TANK', 'SWEEPER', 'VOLATILE', 'FULL', 'FULL', 'NORMAL', 'SLOWER', 'MEC_USED', 'CLEAN', 'CLEAN', 'DEBUFF', 'NEUTRAL', 'CLEAR', 'CLEAR', 'OPENING', 'BANCO_OFF')",13,4,5,80.000,SWITCH_DEFENSIVE,38.462,1.220282,3.3881
"('SWEEPER', 'TANK', 'VOLATILE', 'FULL', 'FULL', 'FIELD_THEIRS', 'FASTER', 'MEC_USED', 'CLEAN', 'CLEAN', 'NEUTRAL', 'DEBUFF', 'CLEAR', 'CLEAR', 'OPENING', 'BANCO_AMBOS')",13,3,6,50.000,SWITCH_DEFENSIVE,84.615,0.535961,1.7091
"('TANK', 'TANK', 'CRITICAL_DIS', 'FULL', 'FULL', 'NORMAL', 'FASTER', 'MEC_USED', 'AFFLICTED', 'AFFLICTED', 'NEUTRAL', 'DEBUFF', 'SET', 'CLEAR', 'CLUTCH', 'BANCO_VAZIO')",13,1,3,33.333,HAZARD,100.000,-0.000000,1.0000
"('UTILITY', 'TANK', 'VOLATILE', 'FULL', 'FULL', 'FIELD_OURS_OFF', 'FASTER', 'MEC_USED', 'CLEAN', 'CLEAN', 'NEUTRAL', 'NEUTRAL', 'CLEAR', 'CLEAR', 'OPENING', 'BANCO_OFF')",13,5,6,83.333,ATTACK_PREDICTIVE,38.462,1.412745,4.1072
"('TANK', 'TANK', 'DEFENSIVE_DIS', 'FULL', 'FULL', 'FIELD_SHARED', 'SLOWER', 'MEC_AVAIL', 'CLEAN', 'CLEAN', 'NEUTRAL', 'NEUTRAL', 'CLEAR', 'CLEAR', 'OPENING', 'BANCO_OFF')",13,7,16,43.750,ATTACK_STRONG_MEC,23.077,1.844621,6.3257
"('UTILITY', 'TANK', 'DOMINANT', 'FULL', 'FULL', 'NORMAL', 'FASTER', 'MEC_USED', 'CLEAN', 'CLEAN', 'NEUTRAL', 'NEUTRAL', 'CLEAR', 'CLEAR', 'OPENING', 'BANCO_AMBOS')",13,6,6,100.000,ATTACK_PREDICTIVE,46.154,1.524707,4.5938
"('TANK', 'TANK', 'STALEMATE', 'FULL', 'FULL', 'FIELD_SHARED', 'SLOWER', 'MEC_USED', 'CLEAN', 'CLEAN', 'NEUTRAL', 'NEUTRAL', 'CLEAR', 'CLEAR', 'OPENING', 'BANCO_AMBOS')",13,1,10,10.000,SWITCH_DEFENSIVE,100.000,-0.000000,1.0000
"('TANK', 'UTILITY', 'NEUTRAL', 'SAFE', 'SAFE', 'NORMAL', 'SLOWER', 'MEC_USED', 'CLEAN', 'CLEAN', 'NEUTRAL', 'NEUTRAL', 'CLEAR', 'CLEAR', 'OPENING', 'BANCO_OFF')",13,5,13,38.462,ATTACK_TECH,53.846,1.303876,3.6835
"('TANK', 'TANK', 'NEUTRAL', 'FULL', 'FULL', 'NORMAL', 'FASTER', 'MEC_AVAIL', 'CLEAN', 'CLEAN', 'NEUTRAL', 'NEUTRAL', 'CLEAR', 'CLEAR', 'OPENING', 'BANCO_VAZIO')",13,8,18,44.444,SWITCH_OFFENSIVE,30.769,1.925121,6.8560
"('TANK', 'TANK', 'NEUTRAL', 'SAFE', 'DANGER', 'NORMAL', 'FASTER', 'MEC_USED', 'CLEAN', 'CLEAN', 'NEUTRAL', 'NEUTRAL', 'SET', 'SET', 'CLUTCH', 'BANCO_VAZIO')",13,4,10,40.000,HEAL,53.846,1.090599,2.9761
"('TANK', 'TANK', 'VOLATILE', 'FULL', 'FULL', 'NORMAL', 'FASTER', 'MEC_USED', 'CLEAN', 'CLEAN', 'NEUTRAL', 'NEUTRAL', 'CLEAR', 'SET', 'OPENING', 'BANCO_OFF')",13,1,10,10.000,SWITCH_DEFENSIVE,100.000,-0.000000,1.0000
"('TANK', 'TANK', 'OFFENSIVE_ADV', 'SAFE', 'FULL', 'NORMAL', 'FASTER', 'MEC_USED', 'CLEAN', 'CLEAN', 'NEUTRAL', 'NEUTRAL', 'SET', 'SET', 'OPENING', 'BANCO_OFF')",13,7,12,58.333,HEAL,30.769,1.778233,5.9194
"('TANK', 'TANK', 'CRITICAL_DIS', 'FULL', 'FULL', 'NORMAL', 'SLOWER', 'MEC_USED', 'CLEAN', 'CLEAN', 'NEUTRAL', 'NEUTRAL', 'SET', 'CLEAR', 'OPENING', 'BANCO_AMBOS')",13,3,12,25.000,SWITCH_OFFENSIVE,69.231,0.790268,2.2040
"('TANK', 'TANK', 'DOMINANT', 'SAFE', 'FULL', 'NORMAL', 'FASTER', 'MEC_USED', 'CLEAN', 'CLEAN', 'NEUTRAL', 'NEUTRAL', 'CLEAR', 'CLEAR', 'OPENING', 'BANCO_AMBOS')",13,5,9,55.556,SWITCH_DEFENSIVE,38.462,1.479133,4.3891
"('TANK', 'TANK', 'OFFENSIVE_DIS', 'SAFE', 'FULL', 'FIELD_SHARED', 'SLOWER', 'MEC_USED', 'CLEAN', 'CLEAN', 'NEUTRAL', 'NEUTRAL', 'CLEAR', 'CLEAR', 'OPENING', 'BANCO_VAZIO')",13,7,12,58.333,STATUS,46.154,1.631345,5.1107
"('TANK', 'TANK', 'OFFENSIVE_DIS', 'SAFE', 'SAFE', 'FIELD_THEIRS', 'SLOWER', 'MEC_USED', 'CLEAN', 'CLEAN', 'NEUTRAL', 'NEUTRAL', 'CLEAR', 'CLEAR', 'OPENING', 'BANCO_OFF')",13,7,9,77.778,ATTACK_PREDICTIVE,30.769,1.778233,5.9194
"('UTILITY', 'TANK', 'NEUTRAL', 'FULL', 'FULL', 'FIELD_OURS_OFF', 'FASTER', 'MEC_USED', 'CLEAN', 'CLEAN', 'NEUTRAL', 'NEUTRAL', 'CLEAR', 'CLEAR', 'OPENING', 'BANCO_AMBOS')",13,4,12,33.333,ATTACK_STRONG,53.846,1.156988,3.1803
"('TANK', 'TANK', 'DEFENSIVE_ADV', 'FULL', 'FULL', 'FIELD_SHARED', 'SLOWER', 'MEC_USED', 'CLEAN', 'CLEAN', 'NEUTRAL', 'NEUTRAL', 'CLEAR', 'CLEAR', 'OPENING', 'BANCO_VAZIO')",13,7,9,77.778,SWITCH_DEFENSIVE,30.769,1.778233,5.9194
"('TANK', 'UTILITY', 'VOLATILE', 'FULL', 'FULL', 'FIELD_OURS_OFF', 'SLOWER', 'MEC_USED', 'CLEAN', 'CLEAN', 'NEUTRAL', 'NEUTRAL', 'CLEAR', 'CLEAR', 'OPENING', 'BANCO_AMBOS')",13,3,8,37.500,ATTACK_STRONG,84.615,0.535961,1.7091
"('TANK', 'TANK', 'NEUTRAL', 'FULL', 'DANGER', 'NORMAL', 'SLOWER', 'MEC_USED', 'CLEAN', 'CLEAN', 'NEUTRAL', 'NEUTRAL', 'CLEAR', 'SET', 'RECOVERING', 'BANCO_VAZIO')",13,5,9,55.556,ATTACK_PIVOT,53.846,1.303876,3.6835
"('TANK', 'TANK', 'NEUTRAL', 'SAFE', 'SAFE', 'NORMAL', 'FASTER', 'MEC_USED', 'CLEAN', 'CLEAN', 'NEUTRAL', 'NEUTRAL', 'SET', 'SET', 'OPENING', 'BANCO_VAZIO')",13,8,12,66.667,PHAZE,23.077,1.991509,7.3266
"('TANK', 'TANK', 'DOMINANT', 'FULL', 'FULL', 'FIELD_SHARED', 'FASTER', 'MEC_USED', 'CLEAN', 'CLEAN', 'NEUTRAL', 'NEUTRAL', 'CLEAR', 'CLEAR', 'OPENING', 'BANCO_VAZIO')",13,6,9,66.667,ATTACK_PREDICTIVE,30.769,1.671595,5.3206
"('TANK', 'TANK', 'VOLATILE', 'DANGER', 'FULL', 'NORMAL', 'FASTER', 'MEC_USED', 'CLEAN', 'CLEAN', 'NEUTRAL', 'NEUTRAL', 'SET', 'CLEAR', 'OPENING', 'BANCO_OFF')",13,7,11,63.636,ATTACK_TECH,38.462,1.732659,5.6557
"('TANK', 'TANK', 'NEUTRAL', 'SAFE', 'SAFE', 'NORMAL', 'FASTER', 'MEC_USED', 'AFFLICTED', 'AFFLICTED', 'DEBUFF', 'NEUTRAL', 'CLEAR', 'CLEAR', 'CLUTCH', 'BANCO_VAZIO')",13,2,4,50.000,ATTACK_STRONG,92.308,0.271189,1.3115
"('TANK', 'TANK', 'NEUTRAL', 'FULL', 'FULL', 'NORMAL', 'SLOWER', 'MEC_USED', 'AFFLICTED', 'AFFLICTED', 'NEUTRAL', 'DEBUFF', 'CLEAR', 'SET', 'CLUTCH', 'BANCO_VAZIO')",12,3,8,37.500,HAZARD,83.333,0.566086,1.7614
"('TANK', 'TANK', 'OFFENSIVE_ADV', 'FULL', 'SAFE', 'NORMAL', 'FASTER', 'MEC_USED', 'AFFLICTED', 'CLEAN', 'NEUTRAL', 'NEUTRAL', 'CLEAR', 'CLEAR', 'CLUTCH', 'BANCO_VAZIO')",12,3,8,37.500,ATTACK_PREDICTIVE,75.000,0.721464,2.0574
"('TANK', 'TANK', 'STALEMATE', 'FULL', 'FULL', 'NORMAL', 'SLOWER', 'MEC_USED', 'CLEAN', 'CLEAN', 'NEUTRAL', 'NEUTRAL', 'SET', 'SET', 'OPENING', 'BANCO_OFF')",12,4,7,57.143,ATTACK_TECH,50.000,1.126929,3.0862
"('TANK', 'TANK', 'NEUTRAL', 'FULL', 'SAFE', 'NORMAL', 'FASTER', 'MEC_USED', 'AFFLICTED', 'CLEAN', 'NEUTRAL', 'NEUTRAL', 'CLEAR', 'SET', 'CLUTCH', 'BANCO_VAZIO')",12,4,7,57.143,SWITCH_DEFENSIVE,50.000,1.198849,3.3163
"('TANK', 'TANK', 'DEFENSIVE_ADV', 'FULL', 'FULL', 'NORMAL', 'SLOWER', 'MEC_USED', 'CLEAN', 'AFFLICTED', 'NEUTRAL', 'NEUTRAL', 'SET', 'CLEAR', 'RECOVERING', 'BANCO_VAZIO')",12,5,8,62.500,STAT_CLEAN,58.333,1.234268,3.4359
"('TANK', 'TANK', 'OFFENSIVE_DIS', 'SAFE', 'SAFE', 'FIELD_SHARED', 'SLOWER', 'MEC_USED', 'CLEAN', 'CLEAN', 'NEUTRAL', 'NEUTRAL', 'CLEAR', 'CLEAR', 'OPENING', 'BANCO_OFF')",12,7,11,63.636,ATTACK_PREDICTIVE,25.000,1.863680,6.4474
"('TANK', 'TANK', 'DOMINANT', 'FULL', 'FULL', 'NORMAL', 'SLOWER', 'MEC_USED', 'CLEAN', 'CLEAN', 'NEUTRAL', 'NEUTRAL', 'CLEAR', 'CLEAR', 'BRAWL', 'BANCO_OFF')",12,3,11,27.273,ATTACK_PREDICTIVE,75.000,0.721464,2.0574
"('TANK', 'UTILITY', 'VOLATILE', 'FULL', 'FULL', 'FIELD_SHARED', 'SLOWER', 'MEC_USED', 'CLEAN', 'CLEAN', 'NEUTRAL', 'NEUTRAL', 'CLEAR', 'CLEAR', 'OPENING', 'BANCO_OFF')",12,6,7,85.714,ATTACK_PREDICTIVE,25.000,1.704551,5.4989
"('TANK', 'TANK', 'CRITICAL_DIS', 'SAFE', 'FULL', 'FIELD_THEIRS', 'SLOWER', 'MEC_USED', 'CLEAN', 'CLEAN', 'NEUTRAL', 'NEUTRAL', 'CLEAR', 'CLEAR', 'OPENING', 'BANCO_OFF')",12,7,11,63.636,ATTACK_PIVOT,16.667,1.907284,6.7348
"('TANK', 'SWEEPER', 'DOMINANT', 'FULL', 'FULL', 'NORMAL', 'SLOWER', 'MEC_USED', 'CLEAN', 'CLEAN', 'NEUTRAL', 'NEUTRAL', 'CLEAR', 'CLEAR', 'OPENING', 'BANCO_OFF')",12,3,6,50.000,ATTACK_STRONG,83.333,0.566086,1.7614
"('TANK', 'TANK', 'NEUTRAL', 'SAFE', 'SAFE', 'NORMAL', 'SLOWER', 'MEC_USED', 'CLEAN', 'CLEAN', 'NEUTRAL', 'NEUTRAL', 'SET', 'SET', 'OPENING', 'BANCO_VAZIO')",12,5,11,45.455,ATTACK_PREDICTIVE,50.000,1.314374,3.7224
"('TANK', 'TANK', 'NEUTRAL', 'FULL', 'SAFE', 'FIELD_OURS_OFF', 'SLOWER', 'MEC_USED', 'CLEAN', 'CLEAN', 'NEUTRAL', 'NEUTRAL', 'CLEAR', 'CLEAR', 'OPENING', 'BANCO_OFF')",12,7,9,77.778,ATTACK_STRONG,25.000,1.820076,6.1723
"('TANK', 'TANK', 'DOMINANT', 'FULL', 'SAFE', 'FIELD_THEIRS', 'SLOWER', 'MEC_USED', 'CLEAN', 'CLEAN', 'NEUTRAL', 'NEUTRAL', 'CLEAR', 'CLEAR', 'OPENING', 'BANCO_OFF')",12,8,11,72.727,ATTACK_PIVOT,25.000,1.979205,7.2370
"('TANK', 'TANK', 'OFFENSIVE_ADV', 'SAFE', 'FULL', 'NORMAL', 'SLOWER', 'MEC_USED', 'CLEAN', 'CLEAN', 'NEUTRAL', 'NEUTRAL', 'SET', 'CLEAR', 'BRAWL', 'BANCO_OFF')",12,4,11,36.364,ATTACK_TECH,66.667,0.983088,2.6727
"('TANK', 'TANK', 'NEUTRAL', 'SAFE', 'FULL', 'NORMAL', 'SLOWER', 'MEC_AVAIL', 'CLEAN', 'CLEAN', 'NEUTRAL', 'NEUTRAL', 'CLEAR', 'CLEAR', 'OPENING', 'BANCO_OFF')",12,8,18,44.444,ATTACK_STRONG,25.000,1.979205,7.2370
"('TANK', 'TANK', 'NEUTRAL', 'SAFE', 'FULL', 'NORMAL', 'SLOWER', 'MEC_USED', 'CLEAN', 'CLEAN', 'NEUTRAL', 'NEUTRAL', 'SET', 'SET', 'OPENING', 'BANCO_OFF')",12,5,10,50.000,HEAL,41.667,1.424130,4.1542
"('SWEEPER', 'TANK', 'OFFENSIVE_ADV', 'FULL', 'SAFE', 'FIELD_THEIRS', 'FASTER', 'MEC_USED', 'CLEAN', 'CLEAN', 'NEUTRAL', 'DEBUFF', 'CLEAR', 'CLEAR', 'OPENING', 'BANCO_OFF')",12,4,7,57.143,ATTACK_PREDICTIVE,75.000,0.836988,2.3094
"('TANK', 'TANK', 'DEFENSIVE_ADV', 'FULL', 'FULL', 'NORMAL', 'SLOWER', 'MEC_AVAIL', 'CLEAN', 'CLEAN', 'NEUTRAL', 'NEUTRAL', 'CLEAR', 'CLEAR', 'OPENING', 'BANCO_DEF')",12,7,14,50.000,SWITCH_OFFENSIVE,33.333,1.748155,5.7440
"('TANK', 'SWEEPER', 'DEFENSIVE_ADV', 'FULL', 'FULL', 'NORMAL', 'SLOWER', 'MEC_USED', 'CLEAN', 'CLEAN', 'DEBUFF', 'NEUTRAL', 'CLEAR', 'CLEAR', 'OPENING', 'BANCO_OFF')",12,6,8,75.000,SWITCH_DEFENSIVE,33.333,1.676235,5.3454
"('TANK', 'TANK', 'NEUTRAL', 'DANGER', 'FULL', 'NORMAL', 'SLOWER', 'MEC_USED', 'CLEAN', 'CLEAN', 'NEUTRAL', 'NEUTRAL', 'CLEAR', 'CLEAR', 'OPENING', 'BANCO_OFF')",12,6,13,46.154,STAT_CLEAN,33.333,1.632631,5.1173
"('TANK', 'TANK', 'OFFENSIVE_ADV', 'FULL', 'SAFE', 'FIELD_SHARED', 'FASTER', 'MEC_USED', 'CLEAN', 'CLEAN', 'NEUTRAL', 'NEUTRAL', 'CLEAR', 'CLEAR', 'OPENING', 'BANCO_AMBOS')",12,7,10,70.000,ATTACK_TECH,33.333,1.791759,6.0000
"('UTILITY', 'TANK', 'DEFENSIVE_ADV', 'FULL', 'FULL', 'NORMAL', 'SLOWER', 'MEC_USED', 'CLEAN', 'CLEAN', 'NEUTRAL', 'NEUTRAL', 'CLEAR', 'CLEAR', 'OPENING', 'BANCO_AMBOS')",12,7,8,87.500,SWITCH_DEFENSIVE,33.333,1.748155,5.7440
"('TANK', 'SWEEPER', 'CRITICAL_DIS', 'FULL', 'FULL', 'FIELD_OURS_OFF', 'SLOWER', 'MEC_USED', 'CLEAN', 'CLEAN', 'NEUTRAL', 'NEUTRAL', 'CLEAR', 'CLEAR', 'OPENING', 'BANCO_AMBOS')",12,4,9,44.444,ATTACK_PIVOT,41.667,1.308605,3.7010
"('TANK', 'TANK', 'NEUTRAL', 'SAFE', 'FULL', 'NORMAL', 'FASTER', 'MEC_USED', 'CLEAN', 'CLEAN', 'BUFFED', 'NEUTRAL', 'CLEAR', 'CLEAR', 'OPENING', 'BANCO_OFF')",12,5,10,50.000,SWITCH_OFFENSIVE,41.667,1.424130,4.1542
"('TANK', 'TANK', 'VOLATILE', 'FULL', 'SAFE', 'NORMAL', 'FASTER', 'MEC_USED', 'CLEAN', 'CLEAN', 'NEUTRAL', 'NEUTRAL', 'SET', 'CLEAR', 'OPENING', 'BANCO_OFF')",12,8,11,72.727,SWITCH_DEFENSIVE,25.000,1.979205,7.2370
"('SWEEPER', 'TANK', 'DEFENSIVE_DIS', 'FULL', 'FULL', 'FIELD_OURS_OFF', 'FASTER', 'MEC_USED', 'CLEAN', 'CLEAN', 'NEUTRAL', 'NEUTRAL', 'CLEAR', 'CLEAR', 'OPENING', 'BANCO_OFF')",12,2,8,25.000,ATTACK_STRONG,91.667,0.286836,1.3322
"('TANK', 'TANK', 'NEUTRAL', 'FULL', 'DANGER', 'NORMAL', 'FASTER', 'MEC_USED', 'CLEAN', 'CLEAN', 'NEUTRAL', 'NEUTRAL', 'SET', 'CLEAR', 'OPENING', 'BANCO_OFF')",12,6,11,54.545,ATTACK_STRONG,33.333,1.560710,4.7622
"('TANK', 'TANK', 'OFFENSIVE_DIS', 'SAFE', 'FULL', 'NORMAL', 'SLOWER', 'MEC_USED', 'CLEAN', 'CLEAN', 'NEUTRAL', 'NEUTRAL', 'SET', 'CLEAR', 'OPENING', 'BANCO_VAZIO')",12,9,13,69.231,ATTACK_PREDICTIVE,33.333,2.022809,7.5595
"('SWEEPER', 'UTILITY', 'DEFENSIVE_DIS', 'FULL', 'FULL', 'NORMAL', 'FASTER', 'MEC_USED', 'CLEAN', 'CLEAN', 'NEUTRAL', 'DEBUFF', 'CLEAR', 'CLEAR', 'OPENING', 'BANCO_AMBOS')",12,3,5,60.000,ATTACK_PREDICTIVE,66.667,0.823959,2.2795
"('TANK', 'TANK', 'VOLATILE', 'SAFE', 'DANGER', 'NORMAL', 'FASTER', 'MEC_USED', 'CLEAN', 'CLEAN', 'NEUTRAL', 'NEUTRAL', 'CLEAR', 'CLEAR', 'OPENING', 'BANCO_OFF')",12,4,6,66.667,HEAL,50.000,1.198849,3.3163
"('TANK', 'SWEEPER', 'OFFENSIVE_ADV', 'FULL', 'FULL', 'NORMAL', 'SLOWER', 'MEC_USED', 'CLEAN', 'CLEAN', 'NEUTRAL', 'NEUTRAL', 'CLEAR', 'CLEAR', 'BRAWL', 'BANCO_OFF')",12,8,9,88.889,ATTACK_STRONG,25.000,1.979205,7.2370
"('TANK', 'TANK', 'OFFENSIVE_ADV', 'FULL', 'FULL', 'NORMAL', 'SLOWER', 'MEC_USED', 'CLEAN', 'CLEAN', 'NEUTRAL', 'NEUTRAL', 'SET', 'CLEAR', 'OPENING', 'BANCO_AMBOS')",12,8,12,66.667,SWITCH_DEFENSIVE,25.000,1.979205,7.2370
"('TANK', 'TANK', 'NEUTRAL', 'FULL', 'SAFE', 'NORMAL', 'FASTER', 'MEC_USED', 'CLEAN', 'CLEAN', 'NEUTRAL', 'NEUTRAL', 'SET', 'CLEAR', 'OPENING', 'BANCO_AMBOS')",12,5,9,55.556,CLEAN_HAZARD,33.333,1.473502,4.3645
"('TANK', 'TANK', 'NEUTRAL', 'SAFE', 'FULL', 'NORMAL', 'SLOWER', 'MEC_USED', 'CLEAN', 'CLEAN', 'NEUTRAL', 'NEUTRAL', 'SET', 'CLEAR', 'BRAWL', 'BANCO_VAZIO')",12,6,14,42.857,STATUS,50.000,1.473502,4.3645
"('TANK', 'TANK', 'OFFENSIVE_ADV', 'DANGER', 'FULL', 'NORMAL', 'FASTER', 'MEC_USED', 'CLEAN', 'CLEAN', 'NEUTRAL', 'NEUTRAL', 'CLEAR', 'CLEAR', 'BRAWL', 'BANCO_OFF')",12,1,9,11.111,ATTACK_STRONG,100.000,-0.000000,1.0000
"('TANK', 'TANK', 'OFFENSIVE_ADV', 'DANGER', 'SAFE', 'NORMAL', 'FASTER', 'MEC_AVAIL', 'CLEAN', 'CLEAN', 'NEUTRAL', 'NEUTRAL', 'CLEAR', 'CLEAR', 'OPENING', 'BANCO_OFF')",12,9,18,50.000,ATTACK_TECH,16.667,2.138333,8.4853
"('TANK', 'UTILITY', 'OFFENSIVE_ADV', 'FULL', 'FULL', 'FIELD_THEIRS', 'SLOWER', 'MEC_USED', 'CLEAN', 'CLEAN', 'NEUTRAL', 'NEUTRAL', 'CLEAR', 'CLEAR', 'OPENING', 'BANCO_OFF')",12,6,11,54.545,STATUS,25.000,1.748155,5.7440
"('TANK', 'TANK', 'CRITICAL_DIS', 'FULL', 'FULL', 'NORMAL', 'SLOWER', 'MEC_USED', 'CLEAN', 'CLEAN', 'NEUTRAL', 'NEUTRAL', 'CLEAR', 'CLEAR', 'RECOVERING', 'BANCO_VAZIO')",12,6,8,75.000,HAZARD,41.667,1.583258,4.8708
"('TANK', 'TANK', 'NEUTRAL', 'SAFE', 'FULL', 'FIELD_THEIRS', 'FASTER', 'MEC_USED', 'CLEAN', 'CLEAN', 'NEUTRAL', 'NEUTRAL', 'CLEAR', 'CLEAR', 'OPENING', 'BANCO_AMBOS')",12,6,8,75.000,ATTACK_PREDICTIVE,33.333,1.632631,5.1173
"('TANK', 'TANK', 'OFFENSIVE_ADV', 'SAFE', 'DANGER', 'FIELD_THEIRS', 'FASTER', 'MEC_USED', 'CLEAN', 'CLEAN', 'NEUTRAL', 'NEUTRAL', 'CLEAR', 'CLEAR', 'OPENING', 'BANCO_OFF')",12,6,10,60.000,SWITCH_DEFENSIVE,41.667,1.583258,4.8708
"('TANK', 'TANK', 'OFFENSIVE_DIS', 'FULL', 'SAFE', 'NORMAL', 'FASTER', 'MEC_USED', 'AFFLICTED', 'CLEAN', 'NEUTRAL', 'NEUTRAL', 'CLEAR', 'CLEAR', 'RECOVERING', 'BANCO_VAZIO')",12,3,5,60.000,ATTACK_PIVOT,75.000,0.721464,2.0574
"('TANK', 'TANK', 'OFFENSIVE_DIS', 'FULL', 'FULL', 'NORMAL', 'FASTER', 'MEC_AVAIL', 'CLEAN', 'CLEAN', 'NEUTRAL', 'NEUTRAL', 'CLEAR', 'CLEAR', 'OPENING', 'BANCO_OFF')",12,6,16,37.500,ATTACK_STRONG_MEC,41.667,1.583258,4.8708
"('TANK', 'TANK', 'NEUTRAL', 'CRIT', 'SAFE', 'NORMAL', 'SLOWER', 'MEC_USED', 'CLEAN', 'CLEAN', 'NEUTRAL', 'NEUTRAL', 'CLEAR', 'SET', 'RECOVERING', 'BANCO_VAZIO')",12,7,11,63.636,STAT_CLEAN,33.333,1.791759,6.0000
"('TANK', 'TANK', 'OFFENSIVE_ADV', 'FULL', 'FULL', 'FIELD_OURS_OFF', 'FASTER', 'MEC_USED', 'CLEAN', 'CLEAN', 'NEUTRAL', 'NEUTRAL', 'CLEAR', 'CLEAR', 'OPENING', 'BANCO_DEF')",12,5,7,71.429,ATTACK_PIVOT,50.000,1.357978,3.8883
"('TANK', 'TANK', 'NEUTRAL', 'SAFE', 'FULL', 'NORMAL', 'SLOWER', 'MEC_USED', 'CLEAN', 'CLEAN', 'NEUTRAL', 'NEUTRAL', 'SET', 'SET', 'BRAWL', 'BANCO_VAZIO')",12,6,11,54.545,ATTACK_TECH,50.000,1.473502,4.3645
"('TANK', 'TANK', 'DEFENSIVE_DIS', 'SAFE', 'SAFE', 'NORMAL', 'SLOWER', 'MEC_USED', 'CLEAN', 'CLEAN', 'NEUTRAL', 'NEUTRAL', 'CLEAR', 'CLEAR', 'OPENING', 'BANCO_AMBOS')",12,6,12,50.000,ATTACK_PREDICTIVE,25.000,1.704551,5.4989
"('TANK', 'SWEEPER', 'OFFENSIVE_ADV', 'SAFE', 'FULL', 'NORMAL', 'SLOWER', 'MEC_USED', 'CLEAN', 'CLEAN', 'NEUTRAL', 'NEUTRAL', 'CLEAR', 'CLEAR', 'OPENING', 'BANCO_VAZIO')",12,8,10,80.000,HEAL,33.333,1.907284,6.7348
"('TANK', 'TANK', 'NEUTRAL', 'FULL', 'FULL', 'NORMAL', 'FASTER', 'MEC_AVAIL', 'CLEAN', 'CLEAN', 'NEUTRAL', 'NEUTRAL', 'SET', 'CLEAR', 'OPENING', 'BANCO_OFF')",12,8,18,44.444,ATTACK_STRONG,25.000,1.979205,7.2370
"('TANK', 'TANK', 'NEUTRAL', 'SAFE', 'SAFE', 'NORMAL', 'FASTER', 'MEC_USED', 'CLEAN', 'CLEAN', 'NEUTRAL', 'NEUTRAL', 'SET', 'SET', 'BRAWL', 'BANCO_OFF')",12,2,11,18.182,SWITCH_DEFENSIVE,91.667,0.286836,1.3322
"('SWEEPER', 'TANK', 'OFFENSIVE_ADV', 'FULL', 'FULL', 'FIELD_THEIRS', 'FASTER', 'MEC_AVAIL', 'CLEAN', 'CLEAN', 'NEUTRAL', 'NEUTRAL', 'CLEAR', 'CLEAR', 'OPENING', 'BANCO_OFF')",12,7,12,58.333,SWITCH_DEFENSIVE,25.000,1.820076,6.1723
"('SWEEPER', 'UTILITY', 'NEUTRAL', 'FULL', 'FULL', 'NORMAL', 'FASTER', 'MEC_USED', 'CLEAN', 'CLEAN', 'NEUTRAL', 'DEBUFF', 'CLEAR', 'CLEAR', 'OPENING', 'BANCO_AMBOS')",12,5,7,71.429,ATTACK_PIVOT,50.000,1.357978,3.8883
"('TANK', 'TANK', 'DEFENSIVE_DIS', 'SAFE', 'SAFE', 'NORMAL', 'FASTER', 'MEC_USED', 'CLEAN', 'CLEAN', 'NEUTRAL', 'NEUTRAL', 'CLEAR', 'CLEAR', 'RECOVERING', 'BANCO_VAZIO')",12,4,5,80.000,HEAL,50.000,1.126929,3.0862
"('TANK', 'SWEEPER', 'NEUTRAL', 'FULL', 'SAFE', 'NORMAL', 'SLOWER', 'MEC_USED', 'CLEAN', 'CLEAN', 'NEUTRAL', 'NEUTRAL', 'CLEAR', 'CLEAR', 'OPENING', 'BANCO_VAZIO')",12,8,11,72.727,ATTACK_PREDICTIVE,33.333,1.907284,6.7348
"('TANK', 'TANK', 'OFFENSIVE_DIS', 'SAFE', 'FULL', 'NORMAL', 'FASTER', 'MEC_USED', 'CLEAN', 'CLEAN', 'NEUTRAL', 'NEUTRAL', 'SET', 'SET', 'OPENING', 'BANCO_OFF')",12,7,8,87.500,STATUS,25.000,1.820076,6.1723
"('TANK', 'TANK', 'OFFENSIVE_ADV', 'SAFE', 'FULL', 'FIELD_OURS_OFF', 'FASTER', 'MEC_USED', 'CLEAN', 'CLEAN', 'NEUTRAL', 'NEUTRAL', 'CLEAR', 'CLEAR', 'OPENING', 'BANCO_AMBOS')",12,4,10,40.000,HEAL,66.667,0.983088,2.6727
"('TANK', 'TANK', 'NEUTRAL', 'FULL', 'SAFE', 'NORMAL', 'FASTER', 'MEC_USED', 'AFFLICTED', 'CLEAN', 'NEUTRAL', 'DEBUFF', 'SET', 'SET', 'RECOVERING', 'BANCO_VAZIO')",12,3,4,75.000,STATUS,50.000,1.011404,2.7495
"('TANK', 'TANK', 'NEUTRAL', 'FULL', 'FULL', 'NORMAL', 'SLOWER', 'MEC_USED', 'AFFLICTED', 'AFFLICTED', 'DEBUFF', 'NEUTRAL', 'CLEAR', 'SET', 'CLUTCH', 'BANCO_VAZIO')",12,2,4,50.000,HAZARD,91.667,0.286836,1.3322
"('TANK', 'TANK', 'NEUTRAL', 'FULL', 'SAFE', 'NORMAL', 'SLOWER', 'MEC_USED', 'CLEAN', 'AFFLICTED', 'NEUTRAL', 'NEUTRAL', 'CLEAR', 'SET', 'RECOVERING', 'BANCO_VAZIO')",11,4,10,40.000,STAT_CLEAN,63.636,1.033562,2.8111
"('TANK', 'TANK', 'OFFENSIVE_DIS', 'DANGER', 'SAFE', 'NORMAL', 'FASTER', 'MEC_USED', 'CLEAN', 'CLEAN', 'NEUTRAL', 'NEUTRAL', 'CLEAR', 'SET', 'RECOVERING', 'BANCO_VAZIO')",11,8,12,66.667,FIELD_CONTROL,27.273,1.972247,7.1868
"('TANK', 'TANK', 'VOLATILE', 'FULL', 'SAFE', 'NORMAL', 'FASTER', 'MEC_USED', 'AFFLICTED', 'CLEAN', 'NEUTRAL', 'NEUTRAL', 'CLEAR', 'CLEAR', 'RECOVERING', 'BANCO_VAZIO')",11,3,6,50.000,ATTACK_PIVOT,72.727,0.759547,2.1373
"('TANK', 'TANK', 'NEUTRAL', 'FULL', 'SAFE', 'FIELD_SHARED', 'SLOWER', 'MEC_USED', 'CLEAN', 'CLEAN', 'NEUTRAL', 'NEUTRAL', 'CLEAR', 'CLEAR', 'OPENING', 'BANCO_AMBOS')",11,6,8,75.000,HAZARD,27.273,1.672625,5.3261
"('TANK', 'TANK', 'CRITICAL_DIS', 'SAFE', 'FULL', 'NORMAL', 'FASTER', 'MEC_USED', 'CLEAN', 'CLEAN', 'NEUTRAL', 'NEUTRAL', 'CLEAR', 'SET', 'CLUTCH', 'BANCO_VAZIO')",11,3,6,50.000,HEAL,63.636,0.907535,2.4782
"('TANK', 'TANK', 'DEFENSIVE_DIS', 'SAFE', 'SAFE', 'NORMAL', 'SLOWER', 'MEC_USED', 'CLEAN', 'CLEAN', 'NEUTRAL', 'NEUTRAL', 'CLEAR', 'CLEAR', 'RECOVERING', 'BANCO_VAZIO')",11,9,12,75.000,ATTACK_STRONG,18.182,2.145842,8.5492
"('TANK', 'TANK', 'NEUTRAL', 'SAFE', 'DANGER', 'FIELD_SHARED', 'FASTER', 'MEC_USED', 'CLEAN', 'CLEAN', 'NEUTRAL', 'NEUTRAL', 'CLEAR', 'CLEAR', 'OPENING', 'BANCO_OFF')",11,7,11,63.636,ATTACK_PREDICTIVE,27.273,1.846220,6.3358
"('TANK', 'TANK', 'NEUTRAL', 'DANGER', 'FULL', 'FIELD_SHARED', 'FASTER', 'MEC_USED', 'CLEAN', 'CLEAN', 'NEUTRAL', 'NEUTRAL', 'CLEAR', 'CLEAR', 'OPENING', 'BANCO_OFF')",11,5,7,71.429,SWITCH_DEFENSIVE,36.364,1.468140,4.3412
"('TANK', 'TANK', 'NEUTRAL', 'FULL', 'FULL', 'NORMAL', 'FASTER', 'MEC_USED', 'CLEAN', 'CLEAN', 'NEUTRAL', 'NEUTRAL', 'CLEAR', 'CLEAR', 'CLUTCH', 'BANCO_VAZIO')",11,2,6,33.333,CLEAN_HAZARD,81.818,0.474139,1.6066
"('TANK', 'TANK', 'DOMINANT', 'FULL', 'FULL', 'NORMAL', 'SLOWER', 'MEC_AVAIL', 'CLEAN', 'CLEAN', 'NEUTRAL', 'NEUTRAL', 'CLEAR', 'CLEAR', 'OPENING', 'BANCO_AMBOS')",11,6,17,35.294,ATTACK_TECH_MEC,45.455,1.540306,4.6660
"('SWEEPER', 'TANK', 'NEUTRAL', 'FULL', 'FULL', 'FIELD_OURS_OFF', 'FASTER', 'MEC_USED', 'CLEAN', 'CLEAN', 'NEUTRAL', 'NEUTRAL', 'CLEAR', 'CLEAR', 'OPENING', 'BANCO_OFF')",11,10,11,90.909,SWITCH_OFFENSIVE,18.182,2.271869,9.6975
"('TANK', 'UTILITY', 'OFFENSIVE_ADV', 'FULL', 'FULL', 'NORMAL', 'SLOWER', 'MEC_AVAIL', 'CLEAN', 'CLEAN', 'NEUTRAL', 'NEUTRAL', 'CLEAR', 'CLEAR', 'OPENING', 'BANCO_OFF')",11,10,15,66.667,BUFF_MEC,18.182,2.271869,9.6975
"('TANK', 'TANK', 'OFFENSIVE_DIS', 'SAFE', 'FULL', 'NORMAL', 'SLOWER', 'MEC_USED', 'CLEAN', 'AFFLICTED', 'NEUTRAL', 'NEUTRAL', 'SET', 'SET', 'CLUTCH', 'BANCO_VAZIO')",11,4,4,100.000,HEAL,45.455,1.240684,3.4580
"('TANK', 'UTILITY', 'DOMINANT', 'FULL', 'FULL', 'FIELD_OURS_OFF', 'SLOWER', 'MEC_USED', 'CLEAN', 'CLEAN', 'NEUTRAL', 'NEUTRAL', 'CLEAR', 'CLEAR', 'OPENING', 'BANCO_AMBOS')",11,5,8,62.500,ATTACK_TECH,54.545,1.294545,3.6493
"('TANK', 'TANK', 'NEUTRAL', 'FULL', 'SAFE', 'NORMAL', 'FASTER', 'MEC_AVAIL', 'CLEAN', 'CLEAN', 'NEUTRAL', 'NEUTRAL', 'CLEAR', 'CLEAR', 'OPENING', 'BANCO_AMBOS')",11,7,16,43.750,ATTACK_PREDICTIVE_MEC,27.273,1.846220,6.3358
"('TANK', 'TANK', 'OFFENSIVE_ADV', 'FULL', 'FULL', 'FIELD_SHARED', 'SLOWER', 'MEC_USED', 'CLEAN', 'CLEAN', 'NEUTRAL', 'NEUTRAL', 'SET', 'CLEAR', 'OPENING', 'BANCO_OFF')",11,7,11,63.636,ATTACK_STRONG,27.273,1.798652,6.0415
"('TANK', 'TANK', 'NEUTRAL', 'SAFE', 'SAFE', 'NORMAL', 'SLOWER', 'MEC_USED', 'CLEAN', 'CLEAN', 'NEUTRAL', 'NEUTRAL', 'CLEAR', 'SET', 'CLUTCH', 'BANCO_VAZIO')",11,3,8,37.500,HEAL,63.636,0.859967,2.3631
"('TANK', 'TANK', 'OFFENSIVE_DIS', 'DANGER', 'SAFE', 'NORMAL', 'SLOWER', 'MEC_USED', 'CLEAN', 'CLEAN', 'NEUTRAL', 'NEUTRAL', 'CLEAR', 'CLEAR', 'OPENING', 'BANCO_OFF')",11,6,9,66.667,HEAL,27.273,1.720193,5.5856
"('SWEEPER', 'TANK', 'OFFENSIVE_ADV', 'FULL', 'FULL', 'NORMAL', 'FASTER', 'MEC_USED', 'CLEAN', 'CLEAN', 'NEUTRAL', 'NEUTRAL', 'SET', 'CLEAR', 'OPENING', 'BANCO_OFF')",11,7,10,70.000,ATTACK_PIVOT,36.364,1.767761,5.8577
"('TANK', 'TANK', 'DEFENSIVE_ADV', 'FULL', 'FULL', 'NORMAL', 'FASTER', 'MEC_USED', 'CLEAN', 'CLEAN', 'NEUTRAL', 'NEUTRAL', 'CLEAR', 'CLEAR', 'OPENING', 'BANCO_DEF')",11,5,7,71.429,ATTACK_PREDICTIVE,45.455,1.366711,3.9224
"('TANK', 'TANK', 'DOMINANT', 'FULL', 'FULL', 'FIELD_OURS_OFF', 'FASTER', 'MEC_AVAIL', 'CLEAN', 'CLEAN', 'NEUTRAL', 'NEUTRAL', 'CLEAR', 'CLEAR', 'OPENING', 'BANCO_AMBOS')",11,9,16,56.250,STATUS,18.182,2.145842,8.5492
"('TANK', 'TANK', 'OFFENSIVE_ADV', 'SAFE', 'SAFE', 'NORMAL', 'FASTER', 'MEC_USED', 'CLEAN', 'CLEAN', 'NEUTRAL', 'NEUTRAL', 'CLEAR', 'CLEAR', 'OPENING', 'BANCO_VAZIO')",11,9,12,75.000,ATTACK_PREDICTIVE,18.182,2.145842,8.5492
"('TANK', 'TANK', 'OFFENSIVE_ADV', 'DANGER', 'FULL', 'NORMAL', 'FASTER', 'MEC_USED', 'CLEAN', 'CLEAN', 'NEUTRAL', 'NEUTRAL', 'SET', 'SET', 'OPENING', 'BANCO_OFF')",11,9,11,81.818,ATTACK_STRONG,18.182,2.145842,8.5492
"('SWEEPER', 'SWEEPER', 'STALEMATE', 'FULL', 'FULL', 'NORMAL', 'SLOWER', 'MEC_USED', 'CLEAN', 'CLEAN', 'NEUTRAL', 'NEUTRAL', 'CLEAR', 'CLEAR', 'OPENING', 'BANCO_AMBOS')",11,3,4,75.000,ATTACK_STRONG,63.636,0.859967,2.3631
"('UTILITY', 'TANK', 'DEFENSIVE_DIS', 'FULL', 'FULL', 'FIELD_THEIRS', 'FASTER', 'MEC_USED', 'CLEAN', 'CLEAN', 'NEUTRAL', 'NEUTRAL', 'CLEAR', 'CLEAR', 'OPENING', 'BANCO_AMBOS')",11,6,9,66.667,SWITCH_OFFENSIVE,45.455,1.540306,4.6660
"('TANK', 'TANK', 'OFFENSIVE_DIS', 'SAFE', 'FULL', 'NORMAL', 'FASTER', 'MEC_USED', 'CLEAN', 'CLEAN', 'NEUTRAL', 'NEUTRAL', 'SET', 'CLEAR', 'RECOVERING', 'BANCO_VAZIO')",11,5,10,50.000,FIELD_CONTROL,63.636,1.159589,3.1886
"('TANK', 'TANK', 'OFFENSIVE_DIS', 'SAFE', 'SAFE', 'NORMAL', 'FASTER', 'MEC_USED', 'CLEAN', 'CLEAN', 'NEUTRAL', 'NEUTRAL', 'CLEAR', 'SET', 'CLUTCH', 'BANCO_VAZIO')",11,3,9,33.333,HEAL,54.545,0.916465,2.5004
"('TANK', 'TANK', 'OFFENSIVE_DIS', 'FULL', 'FULL', 'FIELD_SHARED', 'FASTER', 'MEC_USED', 'CLEAN', 'CLEAN', 'NEUTRAL', 'NEUTRAL', 'CLEAR', 'CLEAR', 'OPENING', 'BANCO_DEF')",11,6,11,54.545,ATTACK_STRONG,36.364,1.641735,5.1641
"('SWEEPER', 'TANK', 'NEUTRAL', 'FULL', 'FULL', 'NORMAL', 'FASTER', 'MEC_USED', 'CLEAN', 'CLEAN', 'NEUTRAL', 'NEUTRAL', 'SET', 'CLEAR', 'OPENING', 'BANCO_AMBOS')",11,4,10,40.000,ATTACK_STRONG,72.727,0.885574,2.4244
"('TANK', 'TANK', 'NEUTRAL', 'CRIT', 'SAFE', 'NORMAL', 'SLOWER', 'MEC_USED', 'CLEAN', 'CLEAN', 'NEUTRAL', 'NEUTRAL', 'CLEAR', 'CLEAR', 'OPENING', 'BANCO_OFF')",11,8,12,66.667,ATTACK_STRONG,18.182,2.019815,7.5369
"('TANK', 'TANK', 'NEUTRAL', 'CRIT', 'FULL', 'NORMAL', 'SLOWER', 'MEC_USED', 'CLEAN', 'CLEAN', 'NEUTRAL', 'NEUTRAL', 'CLEAR', 'CLEAR', 'OPENING', 'BANCO_OFF')",11,7,12,58.333,ATTACK_PIVOT,18.182,1.893788,6.6445
"('UTILITY', 'SWEEPER', 'OFFENSIVE_ADV', 'FULL', 'FULL', 'NORMAL', 'SLOWER', 'MEC_USED', 'CLEAN', 'CLEAN', 'NEUTRAL', 'NEUTRAL', 'CLEAR', 'CLEAR', 'OPENING', 'BANCO_OFF')",11,6,9,66.667,FIELD_CONTROL,27.273,1.720193,5.5856
"('TANK', 'TANK', 'NEUTRAL', 'FULL', 'SAFE', 'NORMAL', 'FASTER', 'MEC_USED', 'CLEAN', 'CLEAN', 'NEUTRAL', 'NEUTRAL', 'CLEAR', 'SET', 'RECOVERING', 'BANCO_VAZIO')",11,7,11,63.636,ATTACK_PREDICTIVE,27.273,1.798652,6.0415
"('TANK', 'TANK', 'OFFENSIVE_ADV', 'FULL', 'FULL', 'NORMAL', 'SLOWER', 'MEC_AVAIL', 'CLEAN', 'CLEAN', 'NEUTRAL', 'DEBUFF', 'CLEAR', 'CLEAR', 'OPENING', 'BANCO_OFF')",11,7,10,70.000,ATTACK_STRONG,18.182,1.893788,6.6445
"('TANK', 'TANK', 'DEFENSIVE_DIS', 'FULL', 'FULL', 'NORMAL', 'SLOWER', 'MEC_AVAIL', 'CLEAN', 'CLEAN', 'NEUTRAL', 'NEUTRAL', 'CLEAR', 'CLEAR', 'OPENING', 'BANCO_AMBOS')",11,5,16,31.250,FIELD_CONTROL_MEC,45.455,1.414279,4.1135
"('TANK', 'TANK', 'OFFENSIVE_ADV', 'DANGER', 'SAFE', 'FIELD_THEIRS', 'FASTER', 'MEC_USED', 'CLEAN', 'CLEAN', 'NEUTRAL', 'NEUTRAL', 'CLEAR', 'CLEAR', 'OPENING', 'BANCO_OFF')",11,6,10,60.000,ATTACK_PREDICTIVE,45.455,1.540306,4.6660
"('TANK', 'TANK', 'DEFENSIVE_DIS', 'SAFE', 'FULL', 'FIELD_THEIRS', 'SLOWER', 'MEC_USED', 'CLEAN', 'CLEAN', 'NEUTRAL', 'NEUTRAL', 'CLEAR', 'CLEAR', 'OPENING', 'BANCO_AMBOS')",11,6,11,54.545,ATTACK_TECH,27.273,1.672625,5.3261
"('TANK', 'TANK', 'NEUTRAL', 'SAFE', 'DANGER', 'NORMAL', 'FASTER', 'MEC_USED', 'CLEAN', 'CLEAN', 'NEUTRAL', 'NEUTRAL', 'SET', 'SET', 'OPENING', 'BANCO_OFF')",11,3,10,30.000,ATTACK_PREDICTIVE,72.727,0.759547,2.1373
"('TANK', 'TANK', 'OFFENSIVE_DIS', 'FULL', 'FULL', 'NORMAL', 'FASTER', 'MEC_USED', 'CLEAN', 'CLEAN', 'NEUTRAL', 'NEUTRAL', 'CLEAR', 'SET', 'OPENING', 'BANCO_OFF')",11,6,10,60.000,ATTACK_PREDICTIVE,45.455,1.540306,4.6660
"('TANK', 'SWEEPER', 'DEFENSIVE_ADV', 'FULL', 'FULL', 'NORMAL', 'SLOWER', 'MEC_USED', 'CLEAN', 'CLEAN', 'DEBUFF', 'NEUTRAL', 'CLEAR', 'CLEAR', 'OPENING', 'BANCO_VAZIO')",11,3,5,60.000,ATTACK_PIVOT,72.727,0.759547,2.1373
"('TANK', 'UTILITY', 'OFFENSIVE_DIS', 'FULL', 'FULL', 'FIELD_OURS_DEF', 'FASTER', 'MEC_USED', 'CLEAN', 'CLEAN', 'NEUTRAL', 'NEUTRAL', 'CLEAR', 'CLEAR', 'OPENING', 'BANCO_OFF')",11,3,6,50.000,SWITCH_OFFENSIVE,81.818,0.600166,1.8224
"('TANK', 'TANK', 'DEFENSIVE_DIS', 'SAFE', 'SAFE', 'NORMAL', 'FASTER', 'MEC_USED', 'CLEAN', 'CLEAN', 'NEUTRAL', 'NEUTRAL', 'SET', 'CLEAR', 'OPENING', 'BANCO_OFF')",11,7,8,87.500,CLEAN_HAZARD,27.273,1.846220,6.3358
"('TANK', 'TANK', 'OFFENSIVE_DIS', 'FULL', 'CRIT', 'NORMAL', 'SLOWER', 'MEC_USED', 'CLEAN', 'CLEAN', 'NEUTRAL', 'NEUTRAL', 'CLEAR', 'CLEAR', 'OPENING', 'BANCO_OFF')",11,8,11,72.727,STATUS,27.273,1.972247,7.1868
"('TANK', 'TANK', 'CRITICAL_DIS', 'SAFE', 'FULL', 'FIELD_THEIRS', 'FASTER', 'MEC_USED', 'CLEAN', 'CLEAN', 'NEUTRAL', 'NEUTRAL', 'CLEAR', 'CLEAR', 'OPENING', 'BANCO_OFF')",11,1,12,8.333,SWITCH_DEFENSIVE,100.000,-0.000000,1.0000
"('TANK', 'SWEEPER', 'NEUTRAL', 'FULL', 'FULL', 'NORMAL', 'SLOWER', 'MEC_AVAIL', 'CLEAN', 'CLEAN', 'NEUTRAL', 'NEUTRAL', 'CLEAR', 'CLEAR', 'OPENING', 'BANCO_OFF')",11,6,16,37.500,HEAL,36.364,1.641735,5.1641
"('TANK', 'TANK', 'VOLATILE', 'FULL', 'SAFE', 'NORMAL', 'FASTER', 'MEC_AVAIL', 'CLEAN', 'CLEAN', 'NEUTRAL', 'NEUTRAL', 'CLEAR', 'CLEAR', 'OPENING', 'BANCO_OFF')",11,8,13,61.538,ATTACK_PREDICTIVE,27.273,1.972247,7.1868
"('SWEEPER', 'TANK', 'OFFENSIVE_ADV', 'FULL', 'FULL', 'FIELD_OURS_OFF', 'FASTER', 'MEC_AVAIL', 'CLEAN', 'CLEAN', 'NEUTRAL', 'NEUTRAL', 'CLEAR', 'CLEAR', 'OPENING', 'BANCO_OFF')",11,3,10,30.000,ATTACK_STRONG_MEC,45.455,1.036199,2.8185
"('TANK', 'TANK', 'DEFENSIVE_DIS', 'FULL', 'FULL', 'NORMAL', 'FASTER', 'MEC_USED', 'CLEAN', 'CLEAN', 'NEUTRAL', 'NEUTRAL', 'SET', 'CLEAR', 'OPENING', 'BANCO_AMBOS')",11,6,10,60.000,DISRUPTION,27.273,1.720193,5.5856
"('TANK', 'TANK', 'OFFENSIVE_DIS', 'FULL', 'FULL', 'NORMAL', 'FASTER', 'MEC_USED', 'CLEAN', 'CLEAN', 'NEUTRAL', 'NEUTRAL', 'SET', 'SET', 'OPENING', 'BANCO_OFF')",11,2,5,40.000,HEAL,72.727,0.585953,1.7967
"('TANK', 'TANK', 'NEUTRAL', 'FULL', 'FULL', 'NORMAL', 'SLOWER', 'MEC_USED', 'CLEAN', 'AFFLICTED', 'NEUTRAL', 'DEBUFF', 'SET', 'SET', 'CLUTCH', 'BANCO_VAZIO')",10,3,7,42.857,ATTACK_STRONG,80.000,0.639032,1.8946
"('TANK', 'TANK', 'NEUTRAL', 'FULL', 'CRIT', 'NORMAL', 'FASTER', 'MEC_USED', 'CLEAN', 'AFFLICTED', 'NEUTRAL', 'DEBUFF_DEBUFF', 'CLEAR', 'SET', 'CLUTCH', 'BANCO_VAZIO')",10,2,2,100.000,HAZARD,90.000,0.325083,1.3841
"('TANK', 'TANK', 'NEUTRAL', 'FULL', 'FULL', 'NORMAL', 'SLOWER', 'MEC_USED', 'CLEAN', 'CLEAN', 'NEUTRAL', 'DEBUFF', 'SET', 'SET', 'CLUTCH', 'BANCO_VAZIO')",10,1,1,100.000,ATTACK_STRONG,100.000,-0.000000,1.0000
"('TANK', 'TANK', 'OFFENSIVE_ADV', 'FULL', 'FULL', 'NORMAL', 'FASTER', 'MEC_USED', 'CLEAN', 'CLEAN', 'NEUTRAL', 'NEUTRAL', 'CLEAR', 'CLEAR', 'BRAWL', 'BANCO_VAZIO')",10,7,8,87.500,ATTACK_STRONG,30.000,1.834372,6.2612
"('TANK', 'TANK', 'OFFENSIVE_ADV', 'DANGER', 'FULL', 'NORMAL', 'SLOWER', 'MEC_USED', 'CLEAN', 'CLEAN', 'NEUTRAL', 'NEUTRAL', 'CLEAR', 'CLEAR', 'OPENING', 'BANCO_OFF')",10,8,11,72.727,ATTACK_STRONG,20.000,2.025326,7.5786
"('TANK', 'TANK', 'OFFENSIVE_ADV', 'FULL', 'FULL', 'NORMAL', 'FASTER', 'MEC_USED', 'CLEAN', 'CLEAN', 'NEUTRAL', 'NEUTRAL', 'CLEAR', 'CLEAR', 'RECOVERING', 'BANCO_VAZIO')",10,7,12,58.333,HEAL,20.000,1.886697,6.5975
"('TANK', 'TANK', 'OFFENSIVE_DIS', 'FULL', 'FULL', 'NORMAL', 'FASTER', 'MEC_USED', 'AFFLICTED', 'AFFLICTED', 'DEBUFF', 'NEUTRAL', 'CLEAR', 'SET', 'CLUTCH', 'BANCO_VAZIO')",10,2,2,100.000,ATTACK_STRONG,80.000,0.500402,1.6494
"('TANK', 'TANK', 'DEFENSIVE_DIS', 'FULL', 'FULL', 'FIELD_OURS_OFF', 'SLOWER', 'MEC_USED', 'CLEAN', 'AFFLICTED', 'NEUTRAL', 'NEUTRAL', 'CLEAR', 'CLEAR', 'OPENING', 'BANCO_OFF')",10,5,7,71.429,HAZARD,40.000,1.470808,4.3528
"('TANK', 'TANK', 'OFFENSIVE_DIS', 'SAFE', 'FULL', 'NORMAL', 'SLOWER', 'MEC_USED', 'CLEAN', 'CLEAN', 'NEUTRAL', 'NEUTRAL', 'SET', 'SET', 'BRAWL', 'BANCO_VAZIO')",10,7,9,77.778,STAT_CLEAN,20.000,1.886697,6.5975
"('TANK', 'TANK', 'DOMINANT', 'FULL', 'SAFE', 'NORMAL', 'SLOWER', 'MEC_USED', 'CLEAN', 'CLEAN', 'NEUTRAL', 'NEUTRAL', 'CLEAR', 'CLEAR', 'OPENING', 'BANCO_AMBOS')",10,6,9,66.667,BUFF,30.000,1.695743,5.4507
"('TANK', 'TANK', 'OFFENSIVE_ADV', 'SAFE', 'SAFE', 'NORMAL', 'FASTER', 'MEC_USED', 'CLEAN', 'CLEAN', 'NEUTRAL', 'NEUTRAL', 'CLEAR', 'CLEAR', 'RECOVERING', 'BANCO_VAZIO')",10,6,9,66.667,HEAL,30.000,1.695743,5.4507
"('TANK', 'TANK', 'DEFENSIVE_DIS', 'SAFE', 'SAFE', 'NORMAL', 'FASTER', 'MEC_USED', 'CLEAN', 'CLEAN', 'NEUTRAL', 'NEUTRAL', 'CLEAR', 'SET', 'OPENING', 'BANCO_OFF')",10,3,10,30.000,ATTACK_STRONG,80.000,0.639032,1.8946
"('TANK', 'TANK', 'DOMINANT', 'FULL', 'FULL', 'FIELD_OURS_DEF', 'FASTER', 'MEC_USED', 'CLEAN', 'CLEAN', 'NEUTRAL', 'NEUTRAL', 'CLEAR', 'CLEAR', 'OPENING', 'BANCO_OFF')",10,5,7,71.429,ATTACK_STRONG,30.000,1.504788,4.5032
"('TANK', 'TANK', 'NEUTRAL', 'DANGER', 'FULL', 'NORMAL', 'FASTER', 'MEC_USED', 'CLEAN', 'CLEAN', 'NEUTRAL', 'NEUTRAL', 'CLEAR', 'CLEAR', 'RECOVERING', 'BANCO_VAZIO')",10,7,13,53.846,PHAZE,30.000,1.834372,6.2612
"('SWEEPER', 'SWEEPER', 'NEUTRAL', 'FULL', 'FULL', 'FIELD_SHARED', 'SLOWER', 'MEC_USED', 'CLEAN', 'CLEAN', 'NEUTRAL', 'DEBUFF', 'CLEAR', 'CLEAR', 'OPENING', 'BANCO_OFF')",10,3,7,42.857,SWITCH_OFFENSIVE,50.000,0.943348,2.5686
"('TANK', 'TANK', 'DEFENSIVE_DIS', 'FULL', 'SAFE', 'FIELD_OURS_OFF', 'SLOWER', 'MEC_USED', 'CLEAN', 'CLEAN', 'NEUTRAL', 'NEUTRAL', 'CLEAR', 'CLEAR', 'OPENING', 'BANCO_OFF')",10,4,6,66.667,SWITCH_DEFENSIVE,70.000,0.940448,2.5611
"('TANK', 'TANK', 'CRITICAL_DIS', 'FULL', 'FULL', 'FIELD_OURS_OFF', 'SLOWER', 'MEC_USED', 'CLEAN', 'CLEAN', 'NEUTRAL', 'NEUTRAL', 'CLEAR', 'CLEAR', 'OPENING', 'BANCO_AMBOS')",10,5,10,50.000,SWITCH_DEFENSIVE,40.000,1.470808,4.3528
"('TANK', 'SWEEPER', 'OFFENSIVE_DIS', 'SAFE', 'SAFE', 'NORMAL', 'SLOWER', 'MEC_USED', 'CLEAN', 'AFFLICTED', 'NEUTRAL', 'NEUTRAL', 'CLEAR', 'CLEAR', 'OPENING', 'BANCO_OFF')",10,7,11,63.636,ATTACK_TECH,30.000,1.834372,6.2612
"('TANK', 'TANK', 'CRITICAL_DIS', 'FULL', 'SAFE', 'NORMAL', 'SLOWER', 'MEC_USED', 'CLEAN', 'CLEAN', 'NEUTRAL', 'NEUTRAL', 'CLEAR', 'CLEAR', 'OPENING', 'BANCO_OFF')",10,8,10,80.000,STATUS,20.000,2.025326,7.5786
"('SWEEPER', 'TANK', 'NEUTRAL', 'SAFE', 'SAFE', 'NORMAL', 'FASTER', 'MEC_USED', 'CLEAN', 'CLEAN', 'NEUTRAL', 'NEUTRAL', 'CLEAR', 'CLEAR', 'OPENING', 'BANCO_AMBOS')",10,5,7,71.429,SWITCH_DEFENSIVE,40.000,1.470808,4.3528
"('TANK', 'TANK', 'NEUTRAL', 'FULL', 'FULL', 'NORMAL', 'SLOWER', 'MEC_USED', 'CLEAN', 'CLEAN', 'NEUTRAL', 'NEUTRAL', 'SET', 'CLEAR', 'BRAWL', 'BANCO_VAZIO')",10,6,12,50.000,ATTACK_TECH,40.000,1.609438,5.0000
"('TANK', 'TANK', 'DEFENSIVE_DIS', 'FULL', 'FULL', 'NORMAL', 'FASTER', 'MEC_USED', 'CLEAN', 'CLEAN', 'NEUTRAL', 'NEUTRAL', 'CLEAR', 'CLEAR', 'BRAWL', 'BANCO_OFF')",10,8,10,80.000,ATTACK_TECH,20.000,2.025326,7.5786
"('TANK', 'TANK', 'DEFENSIVE_DIS', 'DANGER', 'FULL', 'NORMAL', 'FASTER', 'MEC_USED', 'CLEAN', 'CLEAN', 'NEUTRAL', 'NEUTRAL', 'CLEAR', 'CLEAR', 'OPENING', 'BANCO_AMBOS')",10,2,6,33.333,SWITCH_OFFENSIVE,90.000,0.325083,1.3841
"('TANK', 'TANK', 'DOMINANT', 'FULL', 'SAFE', 'FIELD_SHARED', 'FASTER', 'MEC_USED', 'CLEAN', 'CLEAN', 'NEUTRAL', 'NEUTRAL', 'CLEAR', 'CLEAR', 'OPENING', 'BANCO_AMBOS')",10,4,8,50.000,ATTACK_STRONG,60.000,1.088900,2.9710
"('TANK', 'TANK', 'VOLATILE', 'FULL', 'FULL', 'NORMAL', 'SLOWER', 'MEC_AVAIL', 'CLEAN', 'CLEAN', 'NEUTRAL', 'NEUTRAL', 'CLEAR', 'CLEAR', 'OPENING', 'BANCO_OFF')",10,7,12,58.333,ATTACK_PREDICTIVE_MEC,40.000,1.748067,5.7435
"('UTILITY', 'TANK', 'NEUTRAL', 'FULL', 'FULL', 'NORMAL', 'SLOWER', 'MEC_USED', 'CLEAN', 'CLEAN', 'NEUTRAL', 'NEUTRAL', 'CLEAR', 'CLEAR', 'OPENING', 'BANCO_OFF')",10,4,9,44.444,SWITCH_DEFENSIVE,50.000,1.168282,3.2165
"('TANK', 'TANK', 'DEFENSIVE_DIS', 'CRIT', 'FULL', 'NORMAL', 'FASTER', 'MEC_USED', 'CLEAN', 'CLEAN', 'NEUTRAL', 'NEUTRAL', 'CLEAR', 'CLEAR', 'OPENING', 'BANCO_OFF')",10,8,9,88.889,ATTACK_TECH,20.000,2.025326,7.5786
"('TANK', 'TANK', 'OFFENSIVE_DIS', 'SAFE', 'SAFE', 'NORMAL', 'SLOWER', 'MEC_USED', 'CLEAN', 'CLEAN', 'NEUTRAL', 'NEUTRAL', 'SET', 'SET', 'CLUTCH', 'BANCO_VAZIO')",10,5,9,55.556,HEAL,60.000,1.227529,3.4128
"('TANK', 'TANK', 'NEUTRAL', 'SAFE', 'FULL', 'NORMAL', 'FASTER', 'MEC_USED', 'AFFLICTED', 'CLEAN', 'NEUTRAL', 'NEUTRAL', 'SET', 'SET', 'CLUTCH', 'BANCO_VAZIO')",10,6,9,66.667,ATTACK_PREDICTIVE,40.000,1.609438,5.0000
"('SWEEPER', 'SWEEPER', 'VOLATILE', 'FULL', 'FULL', 'NORMAL', 'FASTER', 'MEC_USED', 'CLEAN', 'CLEAN', 'NEUTRAL', 'DEBUFF', 'CLEAR', 'CLEAR', 'OPENING', 'BANCO_AMBOS')",10,3,6,50.000,ATTACK_STRONG,60.000,0.950271,2.5864
"('TANK', 'TANK', 'CRITICAL_DIS', 'SAFE', 'FULL', 'NORMAL', 'SLOWER', 'MEC_USED', 'CLEAN', 'CLEAN', 'NEUTRAL', 'NEUTRAL', 'SET', 'SET', 'RECOVERING', 'BANCO_VAZIO')",10,6,12,50.000,SWITCH_DEFENSIVE,30.000,1.695743,5.4507
"('TANK', 'TANK', 'DEFENSIVE_DIS', 'DANGER', 'SAFE', 'NORMAL', 'FASTER', 'MEC_USED', 'CLEAN', 'CLEAN', 'NEUTRAL', 'NEUTRAL', 'CLEAR', 'CLEAR', 'OPENING', 'BANCO_OFF')",10,6,8,75.000,STATUS,30.000,1.695743,5.4507
"('TANK', 'SWEEPER', 'DEFENSIVE_DIS', 'FULL', 'FULL', 'FIELD_OURS_DEF', 'SLOWER', 'MEC_USED', 'CLEAN', 'CLEAN', 'DEBUFF', 'NEUTRAL', 'CLEAR', 'CLEAR', 'OPENING', 'BANCO_AMBOS')",10,4,4,100.000,SWITCH_DEFENSIVE,30.000,1.366159,3.9203
"('SWEEPER', 'TANK', 'DEFENSIVE_ADV', 'FULL', 'FULL', 'NORMAL', 'FASTER', 'MEC_USED', 'CLEAN', 'CLEAN', 'NEUTRAL', 'NEUTRAL', 'CLEAR', 'CLEAR', 'OPENING', 'BANCO_AMBOS')",10,3,6,50.000,SWITCH_DEFENSIVE,70.000,0.801819,2.2296
"('TANK', 'TANK', 'CRITICAL_DIS', 'FULL', 'FULL', 'NORMAL', 'SLOWER', 'MEC_USED', 'CLEAN', 'AFFLICTED', 'NEUTRAL', 'DEBUFF', 'CLEAR', 'SET', 'CLUTCH', 'BANCO_VAZIO')",10,2,2,100.000,PROTECT,90.000,0.325083,1.3841
"('TANK', 'SWEEPER', 'NEUTRAL', 'FULL', 'FULL', 'FIELD_OURS_DEF', 'SLOWER', 'MEC_USED', 'CLEAN', 'CLEAN', 'NEUTRAL', 'NEUTRAL', 'CLEAR', 'CLEAR', 'OPENING', 'BANCO_AMBOS')",10,4,6,66.667,ATTACK_STRONG,40.000,1.193550,3.2988
"('TANK', 'TANK', 'NEUTRAL', 'FULL', 'FULL', 'NORMAL', 'FASTER', 'MEC_USED', 'CLEAN', 'CLEAN', 'NEUTRAL', 'NEUTRAL', 'SET', 'SET', 'RECOVERING', 'BANCO_VAZIO')",10,6,10,60.000,ATTACK_STRONG,30.000,1.695743,5.4507
"('TANK', 'TANK', 'NEUTRAL', 'SAFE', 'SAFE', 'NORMAL', 'SLOWER', 'MEC_USED', 'CLEAN', 'CLEAN', 'NEUTRAL', 'NEUTRAL', 'SET', 'SET', 'OPENING', 'BANCO_AMBOS')",10,4,10,40.000,HEAL,40.000,1.332179,3.7893
"('TANK', 'TANK', 'STALEMATE', 'FULL', 'FULL', 'NORMAL', 'FASTER', 'MEC_USED', 'CLEAN', 'CLEAN', 'NEUTRAL', 'NEUTRAL', 'CLEAR', 'CLEAR', 'OPENING', 'BANCO_OFF')",10,2,10,20.000,SWITCH_DEFENSIVE,90.000,0.325083,1.3841
"('TANK', 'SWEEPER', 'OFFENSIVE_DIS', 'FULL', 'FULL', 'FIELD_THEIRS', 'SLOWER', 'MEC_USED', 'CLEAN', 'CLEAN', 'NEUTRAL', 'NEUTRAL', 'CLEAR', 'CLEAR', 'OPENING', 'BANCO_AMBOS')",10,5,9,55.556,ATTACK_PIVOT,50.000,1.359237,3.8932
"('TANK', 'TANK', 'DOMINANT', 'FULL', 'SAFE', 'FIELD_OURS_OFF', 'FASTER', 'MEC_USED', 'CLEAN', 'CLEAN', 'NEUTRAL', 'NEUTRAL', 'CLEAR', 'CLEAR', 'OPENING', 'BANCO_AMBOS')",10,6,9,66.667,BUFF,50.000,1.497866,4.4721
"('TANK', 'TANK', 'DEFENSIVE_ADV', 'FULL', 'FULL', 'NORMAL', 'FASTER', 'MEC_USED', 'CLEAN', 'CLEAN', 'NEUTRAL', 'NEUTRAL', 'CLEAR', 'CLEAR', 'OPENING', 'BANCO_VAZIO')",10,5,9,55.556,HAZARD,50.000,1.359237,3.8932
"('TANK', 'TANK', 'DEFENSIVE_DIS', 'FULL', 'FULL', 'FIELD_THEIRS', 'FASTER', 'MEC_AVAIL', 'CLEAN', 'CLEAN', 'NEUTRAL', 'NEUTRAL', 'CLEAR', 'CLEAR', 'OPENING', 'BANCO_OFF')",10,6,14,42.857,ATTACK_PREDICTIVE,30.000,1.643418,5.1728
"('TANK', 'TANK', 'DEFENSIVE_ADV', 'FULL', 'FULL', 'FIELD_THEIRS', 'FASTER', 'MEC_USED', 'CLEAN', 'CLEAN', 'NEUTRAL', 'NEUTRAL', 'CLEAR', 'CLEAR', 'OPENING', 'BANCO_AMBOS')",10,6,8,75.000,ATTACK_PREDICTIVE,30.000,1.695743,5.4507
"('TANK', 'TANK', 'NEUTRAL', 'DANGER', 'SAFE', 'NORMAL', 'SLOWER', 'MEC_USED', 'CLEAN', 'CLEAN', 'NEUTRAL', 'NEUTRAL', 'CLEAR', 'CLEAR', 'OPENING', 'BANCO_AMBOS')",10,6,11,54.545,STATUS,30.000,1.695743,5.4507
"('TANK', 'TANK', 'OFFENSIVE_ADV', 'SAFE', 'SAFE', 'FIELD_SHARED', 'FASTER', 'MEC_USED', 'CLEAN', 'CLEAN', 'NEUTRAL', 'NEUTRAL', 'CLEAR', 'CLEAR', 'OPENING', 'BANCO_OFF')",10,7,9,77.778,ATTACK_PIVOT,20.000,1.886697,6.5975
"('TANK', 'TANK', 'NEUTRAL', 'CRIT', 'SAFE', 'NORMAL', 'FASTER', 'MEC_USED', 'CLEAN', 'CLEAN', 'NEUTRAL', 'NEUTRAL', 'CLEAR', 'CLEAR', 'RECOVERING', 'BANCO_VAZIO')",10,5,8,62.500,SWITCH_OFFENSIVE,40.000,1.470808,4.3528
"('TANK', 'TANK', 'DEFENSIVE_DIS', 'DANGER', 'FULL', 'NORMAL', 'FASTER', 'MEC_USED', 'CLEAN', 'CLEAN', 'NEUTRAL', 'NEUTRAL', 'CLEAR', 'CLEAR', 'OPENING', 'BANCO_OFF')",10,9,10,90.000,HEAL,20.000,2.163956,8.7055
"('TANK', 'SWEEPER', 'VOLATILE', 'FULL', 'FULL', 'NORMAL', 'SLOWER', 'MEC_USED', 'CLEAN', 'CLEAN', 'NEUTRAL', 'NEUTRAL', 'CLEAR', 'CLEAR', 'OPENING', 'BANCO_AMBOS')",10,4,7,57.143,SWITCH_DEFENSIVE,50.000,1.168282,3.2165
"('TANK', 'TANK', 'NEUTRAL', 'CRIT', 'FULL', 'NORMAL', 'FASTER', 'MEC_USED', 'CLEAN', 'CLEAN', 'NEUTRAL', 'NEUTRAL', 'CLEAR', 'CLEAR', 'OPENING', 'BANCO_OFF')",10,8,11,72.727,ATTACK_PREDICTIVE,20.000,2.025326,7.5786
"('TANK', 'TANK', 'DEFENSIVE_ADV', 'SAFE', 'SAFE', 'NORMAL', 'SLOWER', 'MEC_USED', 'CLEAN', 'CLEAN', 'NEUTRAL', 'NEUTRAL', 'CLEAR', 'CLEAR', 'OPENING', 'BANCO_AMBOS')",10,3,10,30.000,ATTACK_PIVOT,50.000,1.029653,2.8001
"('TANK', 'TANK', 'NEUTRAL', 'SAFE', 'FULL', 'NORMAL', 'SLOWER', 'MEC_USED', 'CLEAN', 'CLEAN', 'NEUTRAL', 'NEUTRAL', 'SET', 'CLEAR', 'OPENING', 'BANCO_AMBOS')",10,8,12,66.667,STAT_CLEAN,30.000,1.973001,7.1922
"('UTILITY', 'SWEEPER', 'OFFENSIVE_ADV', 'SAFE', 'FULL', 'FIELD_OURS_OFF', 'FASTER', 'MEC_USED', 'CLEAN', 'CLEAN', 'NEUTRAL', 'NEUTRAL', 'CLEAR', 'CLEAR', 'OPENING', 'BANCO_OFF')",10,2,7,28.571,ATTACK_STRONG,50.000,0.693147,2.0000
"('TANK', 'SWEEPER', 'NEUTRAL', 'DANGER', 'FULL', 'NORMAL', 'SLOWER', 'MEC_USED', 'CLEAN', 'CLEAN', 'NEUTRAL', 'NEUTRAL', 'CLEAR', 'CLEAR', 'OPENING', 'BANCO_OFF')",10,10,11,90.909,ATTACK_STRONG,10.000,2.302585,10.0000
"('TANK', 'TANK', 'DEFENSIVE_DIS', 'SAFE', 'FULL', 'NORMAL', 'SLOWER', 'MEC_USED', 'CLEAN', 'CLEAN', 'NEUTRAL', 'NEUTRAL', 'SET', 'CLEAR', 'OPENING', 'BANCO_OFF')",10,5,10,50.000,ATTACK_PREDICTIVE,40.000,1.470808,4.3528
"('TANK', 'TANK', 'OFFENSIVE_DIS', 'SAFE', 'FULL', 'NORMAL', 'FASTER', 'MEC_USED', 'CLEAN', 'CLEAN', 'NEUTRAL', 'NEUTRAL', 'CLEAR', 'SET', 'OPENING', 'BANCO_OFF')",10,7,9,77.778,HEAL,40.000,1.748067,5.7435
"('TANK', 'TANK', 'OFFENSIVE_ADV', 'SAFE', 'SAFE', 'NORMAL', 'SLOWER', 'MEC_USED', 'CLEAN', 'CLEAN', 'NEUTRAL', 'NEUTRAL', 'SET', 'CLEAR', 'BRAWL', 'BANCO_OFF')",10,3,14,21.429,ATTACK_STRONG,60.000,0.897946,2.4546
"('TANK', 'UTILITY', 'CRITICAL_DIS', 'FULL', 'FULL', 'NORMAL', 'SLOWER', 'MEC_AVAIL', 'CLEAN', 'CLEAN', 'NEUTRAL', 'NEUTRAL', 'CLEAR', 'CLEAR', 'OPENING', 'BANCO_AMBOS')",10,5,6,83.333,FIELD_CONTROL_MEC,40.000,1.470808,4.3528
"('TANK', 'TANK', 'OFFENSIVE_ADV', 'FULL', 'FULL', 'FIELD_THEIRS', 'SLOWER', 'MEC_USED', 'CLEAN', 'CLEAN', 'NEUTRAL', 'NEUTRAL', 'SET', 'CLEAR', 'OPENING', 'BANCO_OFF')",10,4,9,44.444,SWITCH_DEFENSIVE,60.000,1.088900,2.9710
"('TANK', 'TANK', 'VOLATILE', 'FULL', 'SAFE', 'NORMAL', 'FASTER', 'MEC_USED', 'CLEAN', 'CLEAN', 'NEUTRAL', 'NEUTRAL', 'CLEAR', 'CLEAR', 'OPENING', 'BANCO_AMBOS')",10,6,10,60.000,SWITCH_OFFENSIVE,40.000,1.609438,5.0000
"('TANK', 'TANK', 'OFFENSIVE_DIS', 'FULL', 'FULL', 'NORMAL', 'FASTER', 'MEC_USED', 'AFFLICTED', 'CLEAN', 'NEUTRAL', 'NEUTRAL', 'CLEAR', 'CLEAR', 'CLUTCH', 'BANCO_OFF')",10,1,6,16.667,SWITCH_DEFENSIVE,100.000,-0.000000,1.0000
"('TANK', 'TANK', 'DEFENSIVE_ADV', 'FULL', 'SAFE', 'NORMAL', 'SLOWER', 'MEC_USED', 'CLEAN', 'CLEAN', 'NEUTRAL', 'NEUTRAL', 'SET', 'SET', 'OPENING', 'BANCO_AMBOS')",10,4,10,40.000,ATTACK_TECH,50.000,1.220607,3.3892
"('TANK', 'TANK', 'DEFENSIVE_DIS', 'FULL', 'FULL', 'NORMAL', 'SLOWER', 'MEC_USED', 'CLEAN', 'CLEAN', 'NEUTRAL', 'NEUTRAL', 'SET', 'CLEAR', 'RECOVERING', 'BANCO_VAZIO')",10,3,9,33.333,ATTACK_STRONG,60.000,0.950271,2.5864
"('TANK', 'TANK', 'OFFENSIVE_DIS', 'SAFE', 'SAFE', 'NORMAL', 'FASTER', 'MEC_USED', 'AFFLICTED', 'CLEAN', 'NEUTRAL', 'NEUTRAL', 'CLEAR', 'CLEAR', 'RECOVERING', 'BANCO_VAZIO')",10,5,8,62.500,ATTACK_PIVOT,40.000,1.470808,4.3528
"('TANK', 'SWEEPER', 'NEUTRAL', 'FULL', 'FULL', 'NORMAL', 'SLOWER', 'MEC_USED', 'CLEAN', 'CLEAN', 'NEUTRAL', 'NEUTRAL', 'CLEAR', 'CLEAR', 'BRAWL', 'BANCO_OFF')",10,4,10,40.000,ATTACK_STRONG,40.000,1.193550,3.2988
"('TANK', 'TANK', 'OFFENSIVE_DIS', 'SAFE', 'FULL', 'NORMAL', 'SLOWER', 'MEC_USED', 'AFFLICTED', 'CLEAN', 'DEBUFF', 'NEUTRAL', 'SET', 'SET', 'RECOVERING', 'BANCO_VAZIO')",10,2,2,100.000,STAT_CLEAN,90.000,0.325083,1.3841
"('TANK', 'TANK', 'NEUTRAL', 'FULL', 'FULL', 'NORMAL', 'FASTER', 'MEC_USED', 'CLEAN', 'CLEAN', 'NEUTRAL', 'DEBUFF', 'SET', 'CLEAR', 'CLUTCH', 'BANCO_VAZIO')",10,2,3,66.667,ATTACK_STRONG,90.000,0.325083,1.3841
"('TANK', 'TANK', 'DEFENSIVE_DIS', 'FULL', 'FULL', 'FIELD_THEIRS', 'SLOWER', 'MEC_USED', 'CLEAN', 'CLEAN', 'NEUTRAL', 'NEUTRAL', 'CLEAR', 'CLEAR', 'RECOVERING', 'BANCO_VAZIO')",10,3,3,100.000,ATTACK_STRONG,40.000,1.054920,2.8717
"('TANK', 'SWEEPER', 'VOLATILE', 'FULL', 'SAFE', 'NORMAL', 'SLOWER', 'MEC_USED', 'CLEAN', 'CLEAN', 'NEUTRAL', 'NEUTRAL', 'CLEAR', 'SET', 'CLUTCH', 'BANCO_VAZIO')",9,4,8,50.000,ATTACK_STRONG,66.667,1.002718,2.7257
"('TANK', 'TANK', 'NEUTRAL', 'FULL', 'FULL', 'NORMAL', 'SLOWER', 'MEC_USED', 'CLEAN', 'CLEAN', 'DEBUFF', 'DEBUFF', 'SET', 'SET', 'CLUTCH', 'BANCO_VAZIO')",9,3,3,100.000,HAZARD,55.556,0.995027,2.7048
"('TANK', 'TANK', 'DEFENSIVE_DIS', 'FULL', 'SAFE', 'NORMAL', 'SLOWER', 'MEC_USED', 'CLEAN', 'AFFLICTED', 'NEUTRAL', 'NEUTRAL', 'SET', 'SET', 'CLUTCH', 'BANCO_VAZIO')",9,5,10,50.000,SWITCH_OFFENSIVE,33.333,1.522955,4.5858
"('TANK', 'TANK', 'DEFENSIVE_ADV', 'SAFE', 'FULL', 'NORMAL', 'SLOWER', 'MEC_USED', 'CLEAN', 'AFFLICTED', 'NEUTRAL', 'DEBUFF', 'SET', 'SET', 'CLUTCH', 'BANCO_VAZIO')",9,2,6,33.333,STAT_CLEAN,55.556,0.686962,1.9877
"('TANK', 'TANK', 'DEFENSIVE_ADV', 'FULL', 'FULL', 'NORMAL', 'FASTER', 'MEC_USED', 'CLEAN', 'AFFLICTED', 'DEBUFF', 'NEUTRAL', 'CLEAR', 'SET', 'RECOVERING', 'BANCO_VAZIO')",9,1,1,100.000,STATUS,100.000,-0.000000,1.0000
"('TANK', 'TANK', 'DEFENSIVE_ADV', 'FULL', 'FULL', 'NORMAL', 'SLOWER', 'MEC_USED', 'CLEAN', 'AFFLICTED', 'DEBUFF', 'NEUTRAL', 'SET', 'SET', 'CLUTCH', 'BANCO_VAZIO')",9,1,1,100.000,HAZARD,100.000,-0.000000,1.0000
"('TANK', 'TANK', 'NEUTRAL', 'CRIT', 'FULL', 'NORMAL', 'FASTER', 'MEC_USED', 'CLEAN', 'CLEAN', 'NEUTRAL', 'NEUTRAL', 'CLEAR', 'CLEAR', 'CLUTCH', 'BANCO_VAZIO')",9,5,7,71.429,SWITCH_OFFENSIVE,44.444,1.427061,4.1664
"('TANK', 'TANK', 'NEUTRAL', 'SAFE', 'FULL', 'NORMAL', 'SLOWER', 'MEC_USED', 'CLEAN', 'CLEAN', 'NEUTRAL', 'NEUTRAL', 'CLEAR', 'CLEAR', 'BRAWL', 'BANCO_OFF')",9,6,10,60.000,STATUS,33.333,1.676988,5.3494
"('TANK', 'TANK', 'DOMINANT', 'FULL', 'SAFE', 'FIELD_SHARED', 'SLOWER', 'MEC_USED', 'CLEAN', 'CLEAN', 'NEUTRAL', 'NEUTRAL', 'CLEAR', 'CLEAR', 'OPENING', 'BANCO_OFF')",9,5,9,55.556,HAZARD,33.333,1.522955,4.5858
"('TANK', 'TANK', 'OFFENSIVE_ADV', 'SAFE', 'SAFE', 'NORMAL', 'SLOWER', 'MEC_USED', 'CLEAN', 'CLEAN', 'NEUTRAL', 'NEUTRAL', 'SET', 'SET', 'BRAWL', 'BANCO_OFF')",9,5,12,41.667,HEAL,33.333,1.522955,4.5858
"('TANK', 'TANK', 'DEFENSIVE_DIS', 'DANGER', 'SAFE', 'FIELD_OURS_OFF', 'SLOWER', 'MEC_USED', 'CLEAN', 'CLEAN', 'NEUTRAL', 'NEUTRAL', 'CLEAR', 'CLEAR', 'OPENING', 'BANCO_OFF')",9,7,9,77.778,ATTACK_STRONG,22.222,1.889159,6.6138
"('TANK', 'SWEEPER', 'OFFENSIVE_DIS', 'FULL', 'FULL', 'FIELD_OURS_DEF', 'SLOWER', 'MEC_USED', 'CLEAN', 'CLEAN', 'NEUTRAL', 'NEUTRAL', 'CLEAR', 'CLEAR', 'OPENING', 'BANCO_OFF')",9,4,6,66.667,SWITCH_OFFENSIVE,44.444,1.214890,3.3699
"('TANK', 'TANK', 'OFFENSIVE_ADV', 'FULL', 'SAFE', 'NORMAL', 'FASTER', 'MEC_USED', 'CLEAN', 'CLEAN', 'NEUTRAL', 'NEUTRAL', 'SET', 'CLEAR', 'OPENING', 'BANCO_AMBOS')",9,5,6,83.333,SWITCH_DEFENSIVE,33.333,1.522955,4.5858
"('TANK', 'TANK', 'OFFENSIVE_DIS', 'FULL', 'FULL', 'NORMAL', 'FASTER', 'MEC_USED', 'AFFLICTED', 'AFFLICTED', 'NEUTRAL', 'DEBUFF', 'CLEAR', 'CLEAR', 'RECOVERING', 'BANCO_VAZIO')",9,2,3,66.667,CLEAN_HAZARD,88.889,0.348832,1.4174
"('UTILITY', 'TANK', 'NEUTRAL', 'FULL', 'SAFE', 'FIELD_SHARED', 'FASTER', 'MEC_USED', 'CLEAN', 'CLEAN', 'NEUTRAL', 'NEUTRAL', 'CLEAR', 'CLEAR', 'OPENING', 'BANCO_OFF')",9,6,8,75.000,ATTACK_STRONG,22.222,1.735126,5.6696
"('TANK', 'TANK', 'OFFENSIVE_ADV', 'FULL', 'FULL', 'FIELD_THEIRS', 'FASTER', 'MEC_USED', 'CLEAN', 'CLEAN', 'NEUTRAL', 'NEUTRAL', 'CLEAR', 'CLEAR', 'BRAWL', 'BANCO_OFF')",9,3,8,37.500,ATTACK_STRONG,77.778,0.683739,1.9813
"('TANK', 'TANK', 'OFFENSIVE_ADV', 'SAFE', 'FULL', 'FIELD_THEIRS', 'FASTER', 'MEC_AVAIL', 'CLEAN', 'CLEAN', 'NEUTRAL', 'NEUTRAL', 'CLEAR', 'CLEAR', 'OPENING', 'BANCO_OFF')",9,6,12,50.000,BUFF_MEC,22.222,1.735126,5.6696
"('TANK', 'SWEEPER', 'OFFENSIVE_ADV', 'SAFE', 'SAFE', 'FIELD_THEIRS', 'SLOWER', 'MEC_USED', 'CLEAN', 'CLEAN', 'NEUTRAL', 'NEUTRAL', 'CLEAR', 'CLEAR', 'OPENING', 'BANCO_OFF')",9,6,11,54.545,HEAL,44.444,1.581094,4.8603
"('TANK', 'TANK', 'NEUTRAL', 'DANGER', 'FULL', 'NORMAL', 'FASTER', 'MEC_USED', 'CLEAN', 'CLEAN', 'NEUTRAL', 'NEUTRAL', 'CLEAR', 'CLEAR', 'CLUTCH', 'BANCO_VAZIO')",9,7,10,70.000,ATTACK_STRONG,22.222,1.889159,6.6138
"('SWEEPER', 'TANK', 'OFFENSIVE_ADV', 'FULL', 'SAFE', 'NORMAL', 'FASTER', 'MEC_USED', 'CLEAN', 'CLEAN', 'NEUTRAL', 'NEUTRAL', 'CLEAR', 'CLEAR', 'OPENING', 'BANCO_AMBOS')",9,5,7,71.429,ATTACK_PREDICTIVE,44.444,1.427061,4.1664
"('TANK', 'TANK', 'OFFENSIVE_ADV', 'FULL', 'FULL', 'FIELD_OURS_DEF', 'FASTER', 'MEC_USED', 'CLEAN', 'CLEAN', 'NEUTRAL', 'NEUTRAL', 'CLEAR', 'CLEAR', 'OPENING', 'BANCO_AMBOS')",9,5,8,62.500,DISRUPTION,33.333,1.464816,4.3267
"('TANK', 'TANK', 'OFFENSIVE_ADV', 'SAFE', 'DANGER', 'NORMAL', 'FASTER', 'MEC_USED', 'CLEAN', 'CLEAN', 'NEUTRAL', 'NEUTRAL', 'SET', 'CLEAR', 'OPENING', 'BANCO_OFF')",9,5,10,50.000,ATTACK_STRONG,22.222,1.581094,4.8603
"('TANK', 'TANK', 'STALEMATE', 'DANGER', 'FULL', 'NORMAL', 'SLOWER', 'MEC_USED', 'CLEAN', 'CLEAN', 'NEUTRAL', 'NEUTRAL', 'SET', 'SET', 'RECOVERING', 'BANCO_VAZIO')",9,5,12,41.667,STAT_CLEAN,44.444,1.427061,4.1664
"('SWEEPER', 'TANK', 'VOLATILE', 'SAFE', 'FULL', 'NORMAL', 'FASTER', 'MEC_USED', 'CLEAN', 'CLEAN', 'NEUTRAL', 'NEUTRAL', 'CLEAR', 'CLEAR', 'OPENING', 'BANCO_OFF')",9,4,6,66.667,SWITCH_DEFENSIVE,66.667,1.002718,2.7257
"('TANK', 'TANK', 'OFFENSIVE_ADV', 'FULL', 'FULL', 'FIELD_SHARED', 'FASTER', 'MEC_USED', 'CLEAN', 'CLEAN', 'NEUTRAL', 'NEUTRAL', 'CLEAR', 'SET', 'OPENING', 'BANCO_OFF')",9,1,8,12.500,ATTACK_PREDICTIVE,100.000,-0.000000,1.0000
"('TANK', 'TANK', 'VOLATILE', 'SAFE', 'FULL', 'FIELD_THEIRS', 'FASTER', 'MEC_USED', 'CLEAN', 'CLEAN', 'NEUTRAL', 'NEUTRAL', 'CLEAR', 'CLEAR', 'OPENING', 'BANCO_OFF')",9,5,9,55.556,ATTACK_PREDICTIVE,44.444,1.427061,4.1664
"('TANK', 'TANK', 'OFFENSIVE_DIS', 'DANGER', 'SAFE', 'NORMAL', 'FASTER', 'MEC_USED', 'CLEAN', 'CLEAN', 'NEUTRAL', 'NEUTRAL', 'SET', 'SET', 'RECOVERING', 'BANCO_VAZIO')",9,5,8,62.500,ATTACK_TECH,33.333,1.464816,4.3267
"('TANK', 'SWEEPER', 'VOLATILE', 'FULL', 'FULL', 'FIELD_OURS_DEF', 'SLOWER', 'MEC_USED', 'CLEAN', 'CLEAN', 'NEUTRAL', 'NEUTRAL', 'CLEAR', 'CLEAR', 'OPENING', 'BANCO_OFF')",9,2,6,33.333,ATTACK_STRONG,88.889,0.348832,1.4174
"('TANK', 'TANK', 'STALEMATE', 'FULL', 'FULL', 'NORMAL', 'SLOWER', 'MEC_USED', 'AFFLICTED', 'CLEAN', 'DEBUFF', 'NEUTRAL', 'SET', 'CLEAR', 'OPENING', 'BANCO_OFF')",9,3,5,60.000,HEAL,44.444,0.964963,2.6247
"('TANK', 'TANK', 'DEFENSIVE_DIS', 'FULL', 'SAFE', 'NORMAL', 'FASTER', 'MEC_USED', 'CLEAN', 'CLEAN', 'NEUTRAL', 'NEUTRAL', 'CLEAR', 'SET', 'OPENING', 'BANCO_OFF')",9,6,11,54.545,ATTACK_PREDICTIVE,44.444,1.581094,4.8603
"('TANK', 'TANK', 'OFFENSIVE_DIS', 'SAFE', 'SAFE', 'NORMAL', 'FASTER', 'MEC_USED', 'CLEAN', 'CLEAN', 'NEUTRAL', 'NEUTRAL', 'CLEAR', 'SET', 'BRAWL', 'BANCO_OFF')",9,5,9,55.556,BUFF,44.444,1.427061,4.1664
"('TANK', 'TANK', 'OFFENSIVE_ADV', 'SAFE', 'FULL', 'FIELD_SHARED', 'FASTER', 'MEC_USED', 'CLEAN', 'CLEAN', 'NEUTRAL', 'NEUTRAL', 'CLEAR', 'CLEAR', 'OPENING', 'BANCO_AMBOS')",9,6,10,60.000,ATTACK_PIVOT,33.333,1.676988,5.3494
"('TANK', 'UTILITY', 'VOLATILE', 'FULL', 'FULL', 'FIELD_OURS_DEF', 'SLOWER', 'MEC_USED', 'CLEAN', 'CLEAN', 'NEUTRAL', 'NEUTRAL', 'CLEAR', 'CLEAR', 'OPENING', 'BANCO_OFF')",9,5,5,100.000,SWITCH_DEFENSIVE,33.333,1.522955,4.5858
"('TANK', 'TANK', 'STALEMATE', 'SAFE', 'FULL', 'NORMAL', 'SLOWER', 'MEC_USED', 'CLEAN', 'CLEAN', 'NEUTRAL', 'NEUTRAL', 'CLEAR', 'CLEAR', 'OPENING', 'BANCO_OFF')",9,3,12,25.000,HEAL,77.778,0.683739,1.9813
"('TANK', 'TANK', 'NEUTRAL', 'DANGER', 'SAFE', 'NORMAL', 'SLOWER', 'MEC_USED', 'CLEAN', 'CLEAN', 'NEUTRAL', 'NEUTRAL', 'CLEAR', 'SET', 'OPENING', 'BANCO_OFF')",9,7,9,77.778,ATTACK_PREDICTIVE,22.222,1.889159,6.6138
"('TANK', 'TANK', 'NEUTRAL', 'DANGER', 'FULL', 'NORMAL', 'SLOWER', 'MEC_USED', 'CLEAN', 'CLEAN', 'NEUTRAL', 'NEUTRAL', 'SET', 'SET', 'RECOVERING', 'BANCO_VAZIO')",9,4,10,40.000,STATUS,33.333,1.310784,3.7091
"('TANK', 'TANK', 'NEUTRAL', 'DANGER', 'SAFE', 'NORMAL', 'FASTER', 'MEC_USED', 'CLEAN', 'CLEAN', 'NEUTRAL', 'NEUTRAL', 'SET', 'CLEAR', 'OPENING', 'BANCO_OFF')",9,8,12,66.667,ATTACK_STRONG,22.222,2.043192,7.7152
"('TANK', 'TANK', 'NEUTRAL', 'FULL', 'SAFE', 'NORMAL', 'SLOWER', 'MEC_USED', 'AFFLICTED', 'CLEAN', 'DEBUFF', 'NEUTRAL', 'SET', 'SET', 'RECOVERING', 'BANCO_VAZIO')",9,3,10,30.000,HEAL,66.667,0.848686,2.3366
"('SWEEPER', 'TANK', 'DOMINANT', 'FULL', 'FULL', 'NORMAL', 'FASTER', 'MEC_AVAIL', 'CLEAN', 'CLEAN', 'NEUTRAL', 'NEUTRAL', 'CLEAR', 'CLEAR', 'OPENING', 'BANCO_AMBOS')",9,2,12,16.667,ATTACK_STRONG_MEC,88.889,0.348832,1.4174
"('TANK', 'TANK', 'OFFENSIVE_ADV', 'SAFE', 'SAFE', 'NORMAL', 'FASTER', 'MEC_USED', 'CLEAN', 'CLEAN', 'NEUTRAL', 'NEUTRAL', 'CLEAR', 'CLEAR', 'OPENING', 'BANCO_AMBOS')",9,5,8,62.500,BUFF,33.333,1.522955,4.5858
"('UTILITY', 'TANK', 'NEUTRAL', 'FULL', 'FULL', 'NORMAL', 'SLOWER', 'MEC_USED', 'CLEAN', 'CLEAN', 'NEUTRAL', 'NEUTRAL', 'CLEAR', 'CLEAR', 'OPENING', 'BANCO_AMBOS')",9,2,6,33.333,SWITCH_OFFENSIVE,88.889,0.348832,1.4174
"('SWEEPER', 'SWEEPER', 'NEUTRAL', 'FULL', 'FULL', 'FIELD_SHARED', 'SLOWER', 'MEC_USED', 'CLEAN', 'CLEAN', 'NEUTRAL', 'NEUTRAL', 'CLEAR', 'CLEAR', 'OPENING', 'BANCO_OFF')",9,3,5,60.000,SWITCH_OFFENSIVE,55.556,0.995027,2.7048
"('TANK', 'TANK', 'NEUTRAL', 'FULL', 'SAFE', 'FIELD_SHARED', 'FASTER', 'MEC_USED', 'CLEAN', 'CLEAN', 'NEUTRAL', 'NEUTRAL', 'SET', 'CLEAR', 'OPENING', 'BANCO_AMBOS')",9,7,10,70.000,ATTACK_TECH,33.333,1.831020,6.2403
"('SWEEPER', 'TANK', 'OFFENSIVE_ADV', 'SAFE', 'SAFE', 'NORMAL', 'FASTER', 'MEC_USED', 'CLEAN', 'CLEAN', 'NEUTRAL', 'NEUTRAL', 'CLEAR', 'CLEAR', 'OPENING', 'BANCO_OFF')",9,4,6,66.667,SWITCH_DEFENSIVE,44.444,1.273028,3.5717
"('TANK', 'TANK', 'NEUTRAL', 'FULL', 'SAFE', 'FIELD_SHARED', 'FASTER', 'MEC_USED', 'CLEAN', 'CLEAN', 'NEUTRAL', 'NEUTRAL', 'CLEAR', 'CLEAR', 'OPENING', 'BANCO_AMBOS')",9,6,9,66.667,ATTACK_TECH,33.333,1.676988,5.3494
"('TANK', 'TANK', 'NEUTRAL', 'SAFE', 'FULL', 'NORMAL', 'FASTER', 'MEC_USED', 'CLEAN', 'CLEAN', 'NEUTRAL', 'NEUTRAL', 'SET', 'CLEAR', 'BRAWL', 'BANCO_OFF')",9,6,10,60.000,ATTACK_STRONG,33.333,1.676988,5.3494
"('TANK', 'TANK', 'OFFENSIVE_ADV', 'SAFE', 'FULL', 'NORMAL', 'SLOWER', 'MEC_USED', 'CLEAN', 'CLEAN', 'NEUTRAL', 'NEUTRAL', 'CLEAR', 'CLEAR', 'BRAWL', 'BANCO_OFF')",9,2,11,18.182,ATTACK_STRONG,88.889,0.348832,1.4174
"('TANK', 'TANK', 'NEUTRAL', 'SAFE', 'FULL', 'NORMAL', 'FASTER', 'MEC_USED', 'AFFLICTED', 'CLEAN', 'NEUTRAL', 'NEUTRAL', 'CLEAR', 'CLEAR', 'OPENING', 'BANCO_OFF')",9,6,9,66.667,ATTACK_STRONG,22.222,1.735126,5.6696
"('TANK', 'TANK', 'VOLATILE', 'FULL', 'FULL', 'NORMAL', 'FASTER', 'MEC_USED', 'CLEAN', 'CLEAN', 'NEUTRAL', 'NEUTRAL', 'CLEAR', 'CLEAR', 'OPENING', 'BANCO_VAZIO')",9,4,8,50.000,ATTACK_STRONG,44.444,1.273028,3.5717
"('TANK', 'TANK', 'NEUTRAL', 'FULL', 'SAFE', 'NORMAL', 'SLOWER', 'MEC_USED', 'CLEAN', 'CLEAN', 'NEUTRAL', 'NEUTRAL', 'CLEAR', 'SET', 'BRAWL', 'BANCO_VAZIO')",9,4,12,33.333,ATTACK_TECH,55.556,1.149060,3.1552
"('TANK', 'TANK', 'NEUTRAL', 'FULL', 'SAFE', 'NORMAL', 'FASTER', 'MEC_USED', 'CLEAN', 'AFFLICTED', 'NEUTRAL', 'DEBUFF', 'SET', 'SET', 'RECOVERING', 'BANCO_VAZIO')",9,5,10,50.000,ATTACK_STRONG,44.444,1.427061,4.1664
"('TANK', 'TANK', 'DEFENSIVE_ADV', 'FULL', 'FULL', 'NORMAL', 'FASTER', 'MEC_USED', 'CLEAN', 'CLEAN', 'NEUTRAL', 'DEBUFF', 'CLEAR', 'SET', 'CLUTCH', 'BANCO_VAZIO')",9,1,3,33.333,ATTACK_PIVOT,100.000,-0.000000,1.0000
"('TANK', 'SWEEPER', 'VOLATILE', 'SAFE', 'FULL', 'NORMAL', 'SLOWER', 'MEC_USED', 'CLEAN', 'CLEAN', 'NEUTRAL', 'NEUTRAL', 'CLEAR', 'CLEAR', 'OPENING', 'BANCO_OFF')",9,6,8,75.000,SWITCH_OFFENSIVE,33.333,1.676988,5.3494
"('TANK', 'TANK', 'VOLATILE', 'SAFE', 'FULL', 'NORMAL', 'FASTER', 'MEC_USED', 'CLEAN', 'CLEAN', 'NEUTRAL', 'NEUTRAL', 'CLEAR', 'SET', 'OPENING', 'BANCO_OFF')",9,4,10,40.000,ATTACK_PREDICTIVE,66.667,1.002718,2.7257
"('TANK', 'TANK', 'NEUTRAL', 'DANGER', 'FULL', 'NORMAL', 'SLOWER', 'MEC_USED', 'CLEAN', 'CLEAN', 'NEUTRAL', 'NEUTRAL', 'SET', 'CLEAR', 'OPENING', 'BANCO_OFF')",9,7,12,58.333,HEAL,22.222,1.889159,6.6138
"('TANK', 'TANK', 'OFFENSIVE_ADV', 'DANGER', 'SAFE', 'NORMAL', 'SLOWER', 'MEC_USED', 'CLEAN', 'CLEAN', 'NEUTRAL', 'NEUTRAL', 'CLEAR', 'CLEAR', 'OPENING', 'BANCO_OFF')",9,4,9,44.444,HEAL,33.333,1.368922,3.9311
"('SWEEPER', 'SWEEPER', 'DEFENSIVE_DIS', 'FULL', 'FULL', 'FIELD_THEIRS', 'SLOWER', 'MEC_USED', 'CLEAN', 'CLEAN', 'NEUTRAL', 'NEUTRAL', 'CLEAR', 'CLEAR', 'OPENING', 'BANCO_OFF')",9,1,5,20.000,ATTACK_STRONG,100.000,-0.000000,1.0000
"('TANK', 'TANK', 'DEFENSIVE_DIS', 'SAFE', 'SAFE', 'FIELD_THEIRS', 'FASTER', 'MEC_USED', 'CLEAN', 'CLEAN', 'NEUTRAL', 'NEUTRAL', 'CLEAR', 'CLEAR', 'OPENING', 'BANCO_OFF')",9,5,9,55.556,ATTACK_STRONG,33.333,1.522955,4.5858
"('TANK', 'TANK', 'NEUTRAL', 'SAFE', 'DANGER', 'NORMAL', 'SLOWER', 'MEC_USED', 'CLEAN', 'CLEAN', 'DEBUFF', 'NEUTRAL', 'CLEAR', 'CLEAR', 'CLUTCH', 'BANCO_VAZIO')",9,2,2,100.000,CLEAN_HAZARD,88.889,0.348832,1.4174
"('TANK', 'TANK', 'NEUTRAL', 'FULL', 'FULL', 'NORMAL', 'SLOWER', 'MEC_USED', 'CLEAN', 'CLEAN', 'NEUTRAL', 'NEUTRAL', 'SET', 'SET', 'OPENING', 'BANCO_AMBOS')",9,5,11,45.455,STATUS,33.333,1.522955,4.5858
"('TANK', 'TANK', 'NEUTRAL', 'SAFE', 'SAFE', 'NORMAL', 'FASTER', 'MEC_USED', 'CLEAN', 'CLEAN', 'NEUTRAL', 'NEUTRAL', 'SET', 'CLEAR', 'BRAWL', 'BANCO_VAZIO')",9,6,10,60.000,CLEAN_HAZARD,33.333,1.676988,5.3494
"('TANK', 'TANK', 'OFFENSIVE_DIS', 'FULL', 'SAFE', 'NORMAL', 'SLOWER', 'MEC_USED', 'CLEAN', 'CLEAN', 'NEUTRAL', 'NEUTRAL', 'SET', 'SET', 'CLUTCH', 'BANCO_VAZIO')",9,2,7,28.571,ATTACK_TECH,88.889,0.348832,1.4174
"('TANK', 'TANK', 'OFFENSIVE_DIS', 'FULL', 'FULL', 'NORMAL', 'SLOWER', 'MEC_USED', 'CLEAN', 'CLEAN', 'NEUTRAL', 'NEUTRAL', 'SET', 'SET', 'OPENING', 'BANCO_OFF')",9,6,10,60.000,SWITCH_OFFENSIVE,33.333,1.676988,5.3494
"('TANK', 'TANK', 'DEFENSIVE_DIS', 'FULL', 'SAFE', 'NORMAL', 'FASTER', 'MEC_USED', 'CLEAN', 'CLEAN', 'NEUTRAL', 'NEUTRAL', 'SET', 'CLEAR', 'OPENING', 'BANCO_OFF')",9,6,10,60.000,SWITCH_OFFENSIVE,33.333,1.676988,5.3494
"('TANK', 'TANK', 'NEUTRAL', 'FULL', 'FULL', 'NORMAL', 'SLOWER', 'MEC_USED', 'AFFLICTED', 'CLEAN', 'DEBUFF', 'DEBUFF', 'SET', 'SET', 'CLUTCH', 'BANCO_VAZIO')",9,2,2,100.000,ATTACK_STRONG,55.556,0.686962,1.9877
"('TANK', 'TANK', 'STALEMATE', 'FULL', 'FULL', 'NORMAL', 'SLOWER', 'MEC_USED', 'CLEAN', 'CLEAN', 'NEUTRAL', 'NEUTRAL', 'CLEAR', 'CLEAR', 'CLUTCH', 'BANCO_VAZIO')",9,4,5,80.000,ATTACK_PIVOT,44.444,1.273028,3.5717
"('TANK', 'TANK', 'OFFENSIVE_DIS', 'CRIT', 'SAFE', 'NORMAL', 'SLOWER', 'MEC_USED', 'CLEAN', 'AFFLICTED', 'NEUTRAL', 'DEBUFF', 'SET', 'SET', 'CLUTCH', 'BANCO_VAZIO')",8,5,8,62.500,HAZARD,50.000,1.386294,4.0000
"('TANK', 'TANK', 'VOLATILE', 'FULL', 'FULL', 'NORMAL', 'FASTER', 'MEC_USED', 'CLEAN', 'AFFLICTED', 'NEUTRAL', 'NEUTRAL', 'SET', 'SET', 'RECOVERING', 'BANCO_VAZIO')",8,2,2,100.000,STAT_CLEAN,62.500,0.661563,1.9378
"('TANK', 'TANK', 'DEFENSIVE_ADV', 'FULL', 'FULL', 'NORMAL', 'SLOWER', 'MEC_USED', 'AFFLICTED', 'CLEAN', 'DEBUFF_DEBUFF', 'NEUTRAL', 'CLEAR', 'SET', 'CLUTCH', 'BANCO_VAZIO')",8,1,3,33.333,ATTACK_PREDICTIVE,100.000,-0.000000,1.0000
"('TANK', 'TANK', 'OFFENSIVE_DIS', 'DANGER', 'FULL', 'NORMAL', 'FASTER', 'MEC_USED', 'CLEAN', 'CLEAN', 'NEUTRAL', 'NEUTRAL', 'CLEAR', 'CLEAR', 'OPENING', 'BANCO_OFF')",8,4,9,44.444,ATTACK_TECH,37.500,1.320888,3.7467
"('TANK', 'TANK', 'OFFENSIVE_DIS', 'CRIT', 'SAFE', 'NORMAL', 'FASTER', 'MEC_USED', 'CLEAN', 'CLEAN', 'NEUTRAL', 'NEUTRAL', 'CLEAR', 'SET', 'RECOVERING', 'BANCO_VAZIO')",8,5,7,71.429,STATUS,25.000,1.559581,4.7568
"('TANK', 'TANK', 'OFFENSIVE_ADV', 'SAFE', 'SAFE', 'NORMAL', 'SLOWER', 'MEC_USED', 'CLEAN', 'CLEAN', 'NEUTRAL', 'NEUTRAL', 'CLEAR', 'CLEAR', 'OPENING', 'BANCO_VAZIO')",8,6,9,66.667,ATTACK_PIVOT,37.500,1.667462,5.2987
"('TANK', 'TANK', 'NEUTRAL', 'FULL', 'DANGER', 'NORMAL', 'FASTER', 'MEC_USED', 'CLEAN', 'CLEAN', 'BUFFED', 'DEBUFF', 'CLEAR', 'SET', 'CLUTCH', 'BANCO_VAZIO')",8,3,3,100.000,HAZARD,50.000,1.039721,2.8284
"('TANK', 'TANK', 'NEUTRAL', 'DANGER', 'SAFE', 'NORMAL', 'FASTER', 'MEC_USED', 'CLEAN', 'CLEAN', 'NEUTRAL', 'NEUTRAL', 'CLEAR', 'CLEAR', 'RECOVERING', 'BANCO_VAZIO')",8,5,9,55.556,ATTACK_STRONG,37.500,1.494175,4.4557
"('TANK', 'UTILITY', 'CRITICAL_DIS', 'FULL', 'FULL', 'FIELD_OURS_DEF', 'SLOWER', 'MEC_USED', 'CLEAN', 'CLEAN', 'NEUTRAL', 'NEUTRAL', 'CLEAR', 'CLEAR', 'OPENING', 'BANCO_AMBOS')",8,4,4,100.000,SWITCH_OFFENSIVE,37.500,1.320888,3.7467
"('TANK', 'TANK', 'OFFENSIVE_DIS', 'SAFE', 'SAFE', 'NORMAL', 'FASTER', 'MEC_USED', 'CLEAN', 'CLEAN', 'NEUTRAL', 'NEUTRAL', 'SET', 'SET', 'BRAWL', 'BANCO_OFF')",8,5,11,45.455,ATTACK_STRONG,25.000,1.559581,4.7568
"('TANK', 'TANK', 'STALEMATE', 'SAFE', 'FULL', 'NORMAL', 'SLOWER', 'MEC_USED', 'CLEAN', 'CLEAN', 'NEUTRAL', 'NEUTRAL', 'CLEAR', 'CLEAR', 'CLUTCH', 'BANCO_VAZIO')",8,3,6,50.000,HEAL,62.500,0.900256,2.4602
"('TANK', 'TANK', 'OFFENSIVE_DIS', 'DANGER', 'FULL', 'NORMAL', 'FASTER', 'MEC_USED', 'CLEAN', 'CLEAN', 'NEUTRAL', 'NEUTRAL', 'CLEAR', 'SET', 'RECOVERING', 'BANCO_VAZIO')",8,7,9,77.778,ATTACK_TECH,25.000,1.906155,6.7272
"('SWEEPER', 'TANK', 'DOMINANT', 'FULL', 'FULL', 'FIELD_SHARED', 'FASTER', 'MEC_USED', 'CLEAN', 'CLEAN', 'NEUTRAL', 'NEUTRAL', 'CLEAR', 'CLEAR', 'OPENING', 'BANCO_AMBOS')",8,1,7,14.286,ATTACK_STRONG,100.000,-0.000000,1.0000
"('TANK', 'TANK', 'OFFENSIVE_ADV', 'SAFE', 'SAFE', 'NORMAL', 'FASTER', 'MEC_USED', 'CLEAN', 'CLEAN', 'NEUTRAL', 'NEUTRAL', 'SET', 'CLEAR', 'BRAWL', 'BANCO_OFF')",8,2,8,25.000,ATTACK_STRONG,75.000,0.562335,1.7548
"('TANK', 'TANK', 'NEUTRAL', 'SAFE', 'SAFE', 'NORMAL', 'FASTER', 'MEC_USED', 'AFFLICTED', 'CLEAN', 'NEUTRAL', 'NEUTRAL', 'CLEAR', 'CLEAR', 'CLUTCH', 'BANCO_VAZIO')",8,3,6,50.000,HEAL,75.000,0.735622,2.0868
"('TANK', 'TANK', 'NEUTRAL', 'FULL', 'FULL', 'NORMAL', 'FASTER', 'MEC_USED', 'AFFLICTED', 'CLEAN', 'NEUTRAL', 'NEUTRAL', 'CLEAR', 'CLEAR', 'CLUTCH', 'BANCO_VAZIO')",8,3,5,60.000,STATUS,50.000,1.039721,2.8284
"('TANK', 'UTILITY', 'VOLATILE', 'FULL', 'FULL', 'FIELD_OURS_OFF', 'FASTER', 'MEC_USED', 'CLEAN', 'CLEAN', 'NEUTRAL', 'NEUTRAL', 'CLEAR', 'CLEAR', 'OPENING', 'BANCO_OFF')",8,3,5,60.000,SWITCH_DEFENSIVE,62.500,0.900256,2.4602
"('TANK', 'TANK', 'NEUTRAL', 'DANGER', 'SAFE', 'NORMAL', 'SLOWER', 'MEC_USED', 'CLEAN', 'CLEAN', 'NEUTRAL', 'NEUTRAL', 'CLEAR', 'SET', 'RECOVERING', 'BANCO_VAZIO')",8,6,10,60.000,HAZARD,37.500,1.667462,5.2987
"('TANK', 'TANK', 'DEFENSIVE_ADV', 'FULL', 'FULL', 'NORMAL', 'SLOWER', 'MEC_USED', 'CLEAN', 'AFFLICTED', 'NEUTRAL', 'DEBUFF', 'CLEAR', 'CLEAR', 'CLUTCH', 'BANCO_VAZIO')",8,2,2,100.000,ATTACK_STRONG,75.000,0.562335,1.7548
"('TANK', 'TANK', 'CRITICAL_DIS', 'FULL', 'FULL', 'FIELD_OURS_OFF', 'SLOWER', 'MEC_USED', 'CLEAN', 'CLEAN', 'NEUTRAL', 'NEUTRAL', 'CLEAR', 'CLEAR', 'OPENING', 'BANCO_OFF')",8,4,6,66.667,ATTACK_STRONG,62.500,1.073543,2.9257
"('TANK', 'TANK', 'NEUTRAL', 'FULL', 'SAFE', 'NORMAL', 'SLOWER', 'MEC_USED', 'CLEAN', 'CLEAN', 'NEUTRAL', 'NEUTRAL', 'SET', 'SET', 'BRAWL', 'BANCO_VAZIO')",8,3,9,33.333,STAT_CLEAN,50.000,0.974315,2.6494
"('UTILITY', 'TANK', 'NEUTRAL', 'FULL', 'FULL', 'FIELD_THEIRS', 'SLOWER', 'MEC_USED', 'CLEAN', 'CLEAN', 'NEUTRAL', 'NEUTRAL', 'CLEAR', 'CLEAR', 'OPENING', 'BANCO_OFF')",8,2,8,25.000,SWITCH_OFFENSIVE,87.500,0.376770,1.4576
"('TANK', 'TANK', 'CRITICAL_DIS', 'FULL', 'FULL', 'NORMAL', 'SLOWER', 'MEC_USED', 'CLEAN', 'CLEAN', 'NEUTRAL', 'NEUTRAL', 'SET', 'SET', 'RECOVERING', 'BANCO_VAZIO')",8,3,7,42.857,SWITCH_OFFENSIVE,62.500,0.900256,2.4602
"('TANK', 'TANK', 'VOLATILE', 'SAFE', 'SAFE', 'FIELD_THEIRS', 'FASTER', 'MEC_USED', 'CLEAN', 'CLEAN', 'NEUTRAL', 'NEUTRAL', 'CLEAR', 'CLEAR', 'OPENING', 'BANCO_OFF')",8,5,8,62.500,HEAL,50.000,1.386294,4.0000
"('TANK', 'TANK', 'OFFENSIVE_ADV', 'FULL', 'SAFE', 'FIELD_OURS_OFF', 'FASTER', 'MEC_AVAIL', 'CLEAN', 'CLEAN', 'NEUTRAL', 'NEUTRAL', 'CLEAR', 'CLEAR', 'OPENING', 'BANCO_OFF')",8,2,10,20.000,ATTACK_STRONG_MEC,87.500,0.376770,1.4576
"('TANK', 'TANK', 'STALEMATE', 'FULL', 'SAFE', 'NORMAL', 'FASTER', 'MEC_USED', 'CLEAN', 'CLEAN', 'DEBUFF', 'NEUTRAL', 'CLEAR', 'CLEAR', 'CLUTCH', 'BANCO_VAZIO')",8,2,3,66.667,ATTACK_PIVOT,87.500,0.376770,1.4576
"('UTILITY', 'TANK', 'OFFENSIVE_DIS', 'FULL', 'FULL', 'NORMAL', 'SLOWER', 'MEC_USED', 'CLEAN', 'CLEAN', 'NEUTRAL', 'NEUTRAL', 'CLEAR', 'CLEAR', 'OPENING', 'BANCO_VAZIO')",8,5,7,71.429,ATTACK_PREDICTIVE,37.500,1.494175,4.4557
"('TANK', 'TANK', 'DEFENSIVE_DIS', 'SAFE', 'FULL', 'FIELD_SHARED', 'FASTER', 'MEC_USED', 'CLEAN', 'CLEAN', 'NEUTRAL', 'NEUTRAL', 'CLEAR', 'CLEAR', 'OPENING', 'BANCO_OFF')",8,6,7,85.714,SWITCH_DEFENSIVE,25.000,1.732868,5.6569
"('UTILITY', 'TANK', 'OFFENSIVE_ADV', 'FULL', 'SAFE', 'FIELD_OURS_OFF', 'FASTER', 'MEC_USED', 'CLEAN', 'CLEAN', 'NEUTRAL', 'NEUTRAL', 'CLEAR', 'CLEAR', 'OPENING', 'BANCO_OFF')",8,1,8,12.500,SWITCH_DEFENSIVE,100.000,-0.000000,1.0000
"('TANK', 'TANK', 'CRITICAL_DIS', 'SAFE', 'FULL', 'NORMAL', 'SLOWER', 'MEC_USED', 'CLEAN', 'CLEAN', 'NEUTRAL', 'NEUTRAL', 'CLEAR', 'SET', 'RECOVERING', 'BANCO_VAZIO')",8,6,9,66.667,ATTACK_TECH,25.000,1.732868,5.6569
"('UTILITY', 'SWEEPER', 'OFFENSIVE_ADV', 'FULL', 'FULL', 'FIELD_OURS_OFF', 'FASTER', 'MEC_USED', 'CLEAN', 'CLEAN', 'NEUTRAL', 'NEUTRAL', 'CLEAR', 'CLEAR', 'OPENING', 'BANCO_OFF')",8,7,9,77.778,ATTACK_PREDICTIVE,25.000,1.906155,6.7272
"('TANK', 'TANK', 'DEFENSIVE_DIS', 'FULL', 'SAFE', 'FIELD_THEIRS', 'SLOWER', 'MEC_USED', 'CLEAN', 'CLEAN', 'NEUTRAL', 'NEUTRAL', 'CLEAR', 'CLEAR', 'OPENING', 'BANCO_OFF')",8,5,10,50.000,HEAL,37.500,1.494175,4.4557
"('TANK', 'TANK', 'OFFENSIVE_DIS', 'DANGER', 'SAFE', 'NORMAL', 'SLOWER', 'MEC_USED', 'CLEAN', 'CLEAN', 'NEUTRAL', 'NEUTRAL', 'SET', 'SET', 'RECOVERING', 'BANCO_VAZIO')",8,5,9,55.556,ATTACK_STRONG,25.000,1.559581,4.7568
"('TANK', 'TANK', 'OFFENSIVE_DIS', 'SAFE', 'FULL', 'NORMAL', 'SLOWER', 'MEC_USED', 'AFFLICTED', 'AFFLICTED', 'NEUTRAL', 'NEUTRAL', 'CLEAR', 'CLEAR', 'RECOVERING', 'BANCO_VAZIO')",8,5,5,100.000,ATTACK_PIVOT,37.500,1.494175,4.4557
"('TANK', 'TANK', 'DEFENSIVE_DIS', 'DANGER', 'FULL', 'NORMAL', 'SLOWER', 'MEC_USED', 'CLEAN', 'CLEAN', 'NEUTRAL', 'NEUTRAL', 'CLEAR', 'CLEAR', 'OPENING', 'BANCO_OFF')",8,6,11,54.545,STAT_CLEAN,37.500,1.667462,5.2987
"('TANK', 'TANK', 'NEUTRAL', 'SAFE', 'FULL', 'NORMAL', 'FASTER', 'MEC_AVAIL', 'CLEAN', 'CLEAN', 'NEUTRAL', 'NEUTRAL', 'SET', 'CLEAR', 'OPENING', 'BANCO_OFF')",8,3,18,16.667,ATTACK_STRONG_MEC,75.000,0.735622,2.0868
"('TANK', 'TANK', 'NEUTRAL', 'SAFE', 'FULL', 'NORMAL', 'FASTER', 'MEC_USED', 'CLEAN', 'CLEAN', 'BUFFED', 'NEUTRAL', 'CLEAR', 'CLEAR', 'OPENING', 'BANCO_AMBOS')",8,2,8,25.000,ATTACK_STRONG,75.000,0.562335,1.7548
"('TANK', 'TANK', 'NEUTRAL', 'SAFE', 'FULL', 'NORMAL', 'SLOWER', 'MEC_USED', 'CLEAN', 'CLEAN', 'NEUTRAL', 'NEUTRAL', 'SET', 'SET', 'OPENING', 'BANCO_AMBOS')",8,6,10,60.000,ATTACK_PREDICTIVE,25.000,1.732868,5.6569
"('TANK', 'TANK', 'DEFENSIVE_DIS', 'SAFE', 'SAFE', 'NORMAL', 'SLOWER', 'MEC_USED', 'CLEAN', 'CLEAN', 'NEUTRAL', 'NEUTRAL', 'CLEAR', 'SET', 'OPENING', 'BANCO_OFF')",8,3,11,27.273,SWITCH_OFFENSIVE,50.000,0.974315,2.6494
"('TANK', 'TANK', 'NEUTRAL', 'SAFE', 'SAFE', 'FIELD_SHARED', 'FASTER', 'MEC_AVAIL', 'CLEAN', 'CLEAN', 'NEUTRAL', 'NEUTRAL', 'CLEAR', 'CLEAR', 'OPENING', 'BANCO_AMBOS')",8,5,10,50.000,SWITCH_DEFENSIVE,37.500,1.494175,4.4557
"('UTILITY', 'UTILITY', 'NEUTRAL', 'FULL', 'FULL', 'NORMAL', 'SLOWER', 'MEC_USED', 'CLEAN', 'CLEAN', 'NEUTRAL', 'NEUTRAL', 'CLEAR', 'CLEAR', 'OPENING', 'BANCO_AMBOS')",8,3,8,37.500,ATTACK_STRONG,75.000,0.735622,2.0868
"('SWEEPER', 'TANK', 'OFFENSIVE_ADV', 'SAFE', 'FULL', 'NORMAL', 'FASTER', 'MEC_USED', 'CLEAN', 'CLEAN', 'NEUTRAL', 'DEBUFF', 'SET', 'CLEAR', 'OPENING', 'BANCO_OFF')",8,5,7,71.429,ATTACK_STRONG,25.000,1.559581,4.7568
"('UTILITY', 'TANK', 'CRITICAL_DIS', 'FULL', 'FULL', 'NORMAL', 'SLOWER', 'MEC_USED', 'CLEAN', 'CLEAN', 'NEUTRAL', 'NEUTRAL', 'CLEAR', 'CLEAR', 'OPENING', 'BANCO_AMBOS')",8,1,6,16.667,FIELD_CONTROL,100.000,-0.000000,1.0000
"('UTILITY', 'TANK', 'OFFENSIVE_ADV', 'SAFE', 'FULL', 'FIELD_SHARED', 'FASTER', 'MEC_USED', 'CLEAN', 'CLEAN', 'NEUTRAL', 'NEUTRAL', 'CLEAR', 'CLEAR', 'OPENING', 'BANCO_OFF')",8,6,8,75.000,ATTACK_STRONG,25.000,1.732868,5.6569
"('TANK', 'TANK', 'DOMINANT', 'SAFE', 'SAFE', 'NORMAL', 'SLOWER', 'MEC_USED', 'CLEAN', 'CLEAN', 'NEUTRAL', 'NEUTRAL', 'CLEAR', 'CLEAR', 'OPENING', 'BANCO_OFF')",8,7,11,63.636,ATTACK_PIVOT,25.000,1.906155,6.7272
"('TANK', 'TANK', 'OFFENSIVE_ADV', 'CRIT', 'FULL', 'FIELD_THEIRS', 'FASTER', 'MEC_USED', 'CLEAN', 'CLEAN', 'NEUTRAL', 'NEUTRAL', 'CLEAR', 'CLEAR', 'OPENING', 'BANCO_OFF')",8,4,8,50.000,SWITCH_OFFENSIVE,62.500,1.073543,2.9257
"('TANK', 'UTILITY', 'OFFENSIVE_DIS', 'FULL', 'SAFE', 'NORMAL', 'SLOWER', 'MEC_USED', 'CLEAN', 'CLEAN', 'NEUTRAL', 'NEUTRAL', 'CLEAR', 'CLEAR', 'OPENING', 'BANCO_OFF')",8,4,10,40.000,SWITCH_OFFENSIVE,37.500,1.320888,3.7467
"('TANK', 'TANK', 'OFFENSIVE_ADV', 'CRIT', 'SAFE', 'NORMAL', 'FASTER', 'MEC_USED', 'CLEAN', 'CLEAN', 'NEUTRAL', 'NEUTRAL', 'CLEAR', 'CLEAR', 'OPENING', 'BANCO_OFF')",8,6,9,66.667,STAT_CLEAN,25.000,1.732868,5.6569
"('TANK', 'TANK', 'OFFENSIVE_ADV', 'FULL', 'SAFE', 'FIELD_OURS_OFF', 'FASTER', 'MEC_USED', 'CLEAN', 'CLEAN', 'NEUTRAL', 'NEUTRAL', 'CLEAR', 'CLEAR', 'OPENING', 'BANCO_OFF')",8,5,9,55.556,ATTACK_STRONG,25.000,1.559581,4.7568
"('TANK', 'TANK', 'NEUTRAL', 'SAFE', 'DANGER', 'NORMAL', 'SLOWER', 'MEC_USED', 'CLEAN', 'CLEAN', 'NEUTRAL', 'NEUTRAL', 'SET', 'SET', 'OPENING', 'BANCO_OFF')",8,3,11,27.273,SWITCH_DEFENSIVE,62.500,0.900256,2.4602
"('TANK', 'SWEEPER', 'OFFENSIVE_ADV', 'DANGER', 'FULL', 'NORMAL', 'SLOWER', 'MEC_USED', 'CLEAN', 'CLEAN', 'NEUTRAL', 'NEUTRAL', 'CLEAR', 'CLEAR', 'OPENING', 'BANCO_OFF')",8,5,8,62.500,HEAL,25.000,1.559581,4.7568
"('TANK', 'TANK', 'DEFENSIVE_ADV', 'SAFE', 'SAFE', 'FIELD_SHARED', 'SLOWER', 'MEC_USED', 'CLEAN', 'CLEAN', 'NEUTRAL', 'NEUTRAL', 'CLEAR', 'CLEAR', 'OPENING', 'BANCO_OFF')",8,5,10,50.000,STATUS,50.000,1.386294,4.0000
"('SWEEPER', 'TANK', 'OFFENSIVE_ADV', 'SAFE', 'SAFE', 'NORMAL', 'FASTER', 'MEC_USED', 'CLEAN', 'CLEAN', 'NEUTRAL', 'DEBUFF', 'CLEAR', 'CLEAR', 'OPENING', 'BANCO_OFF')",8,3,5,60.000,ATTACK_PREDICTIVE,37.500,1.082196,2.9512
"('TANK', 'TANK', 'OFFENSIVE_DIS', 'SAFE', 'FULL', 'NORMAL', 'SLOWER', 'MEC_USED', 'CLEAN', 'CLEAN', 'NEUTRAL', 'NEUTRAL', 'CLEAR', 'SET', 'OPENING', 'BANCO_OFF')",8,5,9,55.556,STATUS,37.500,1.494175,4.4557
"('TANK', 'TANK', 'OFFENSIVE_DIS', 'FULL', 'FULL', 'NORMAL', 'SLOWER', 'MEC_USED', 'CLEAN', 'CLEAN', 'NEUTRAL', 'NEUTRAL', 'CLEAR', 'SET', 'OPENING', 'BANCO_OFF')",8,5,10,50.000,HEAL,50.000,1.386294,4.0000
"('TANK', 'TANK', 'DEFENSIVE_DIS', 'FULL', 'SAFE', 'FIELD_OURS_OFF', 'FASTER', 'MEC_USED', 'CLEAN', 'CLEAN', 'NEUTRAL', 'NEUTRAL', 'CLEAR', 'CLEAR', 'OPENING', 'BANCO_OFF')",8,4,8,50.000,ATTACK_PREDICTIVE,50.000,1.213008,3.3636
"('TANK', 'TANK', 'NEUTRAL', 'FULL', 'SAFE', 'NORMAL', 'FASTER', 'MEC_USED', 'AFFLICTED', 'CLEAN', 'NEUTRAL', 'NEUTRAL', 'SET', 'SET', 'RECOVERING', 'BANCO_VAZIO')",8,3,9,33.333,STATUS,50.000,0.974315,2.6494
"('TANK', 'TANK', 'VOLATILE', 'FULL', 'DANGER', 'NORMAL', 'FASTER', 'MEC_USED', 'CLEAN', 'CLEAN', 'NEUTRAL', 'NEUTRAL', 'CLEAR', 'CLEAR', 'OPENING', 'BANCO_OFF')",8,6,9,66.667,ATTACK_PIVOT,25.000,1.732868,5.6569
"('SWEEPER', 'SWEEPER', 'OFFENSIVE_ADV', 'FULL', 'FULL', 'NORMAL', 'FASTER', 'MEC_USED', 'CLEAN', 'CLEAN', 'DEBUFF', 'NEUTRAL', 'CLEAR', 'CLEAR', 'OPENING', 'BANCO_AMBOS')",8,3,4,75.000,SWITCH_DEFENSIVE,62.500,0.900256,2.4602
"('TANK', 'TANK', 'DEFENSIVE_DIS', 'FULL', 'SAFE', 'NORMAL', 'SLOWER', 'MEC_USED', 'CLEAN', 'CLEAN', 'NEUTRAL', 'NEUTRAL', 'CLEAR', 'CLEAR', 'OPENING', 'BANCO_OFF')",8,4,11,36.364,SWITCH_DEFENSIVE,62.500,1.073543,2.9257
"('TANK', 'TANK', 'STALEMATE', 'FULL', 'FULL', 'NORMAL', 'FASTER', 'MEC_USED', 'CLEAN', 'CLEAN', 'NEUTRAL', 'NEUTRAL', 'CLEAR', 'CLEAR', 'OPENING', 'BANCO_AMBOS')",8,6,10,60.000,FIELD_CONTROL,37.500,1.667462,5.2987
"('TANK', 'TANK', 'CRITICAL_DIS', 'SAFE', 'FULL', 'NORMAL', 'FASTER', 'MEC_USED', 'CLEAN', 'CLEAN', 'NEUTRAL', 'NEUTRAL', 'CLEAR', 'CLEAR', 'BRAWL', 'BANCO_OFF')",8,3,6,50.000,HEAL,75.000,0.735622,2.0868
"('TANK', 'TANK', 'NEUTRAL', 'FULL', 'FULL', 'NORMAL', 'FASTER', 'MEC_AVAIL', 'CLEAN', 'CLEAN', 'NEUTRAL', 'NEUTRAL', 'SET', 'CLEAR', 'OPENING', 'BANCO_AMBOS')",8,5,12,41.667,ATTACK_PREDICTIVE,50.000,1.386294,4.0000
"('TANK', 'TANK', 'OFFENSIVE_ADV', 'FULL', 'SAFE', 'NORMAL', 'FASTER', 'MEC_AVAIL', 'CLEAN', 'CLEAN', 'NEUTRAL', 'NEUTRAL', 'CLEAR', 'CLEAR', 'OPENING', 'BANCO_AMBOS')",8,4,14,28.571,HAZARD,62.500,1.073543,2.9257
"('TANK', 'TANK', 'NEUTRAL', 'FULL', 'FULL', 'FIELD_SHARED', 'SLOWER', 'MEC_USED', 'CLEAN', 'CLEAN', 'NEUTRAL', 'NEUTRAL', 'SET', 'CLEAR', 'OPENING', 'BANCO_OFF')",8,6,11,54.545,BUFF,25.000,1.732868,5.6569
"('TANK', 'TANK', 'NEUTRAL', 'FULL', 'FULL', 'NORMAL', 'SLOWER', 'MEC_USED', 'AFFLICTED', 'CLEAN', 'DEBUFF_DEBUFF', 'BUFFED', 'CLEAR', 'CLEAR', 'RECOVERING', 'BANCO_VAZIO')",8,2,2,100.000,ATTACK_STRONG,62.500,0.661563,1.9378
"('TANK', 'SWEEPER', 'VOLATILE', 'FULL', 'FULL', 'FIELD_THEIRS', 'SLOWER', 'MEC_AVAIL', 'CLEAN', 'CLEAN', 'NEUTRAL', 'NEUTRAL', 'CLEAR', 'CLEAR', 'OPENING', 'BANCO_OFF')",8,4,8,50.000,ATTACK_STRONG,50.000,1.213008,3.3636
"('TANK', 'TANK', 'DEFENSIVE_ADV', 'FULL', 'FULL', 'NORMAL', 'SLOWER', 'MEC_USED', 'CLEAN', 'CLEAN', 'NEUTRAL', 'NEUTRAL', 'SET', 'CLEAR', 'OPENING', 'BANCO_AMBOS')",8,3,12,25.000,ATTACK_TECH,75.000,0.735622,2.0868
"('TANK', 'TANK', 'STALEMATE', 'SAFE', 'FULL', 'NORMAL', 'SLOWER', 'MEC_USED', 'CLEAN', 'CLEAN', 'NEUTRAL', 'NEUTRAL', 'CLEAR', 'SET', 'RECOVERING', 'BANCO_VAZIO')",8,1,1,100.000,PROTECT,100.000,-0.000000,1.0000
"('TANK', 'TANK', 'NEUTRAL', 'FULL', 'FULL', 'NORMAL', 'FASTER', 'MEC_USED', 'CLEAN', 'AFFLICTED', 'NEUTRAL', 'DEBUFF', 'CLEAR', 'SET', 'RECOVERING', 'BANCO_VAZIO')",8,2,3,66.667,STAT_CLEAN,87.500,0.376770,1.4576
"('SWEEPER', 'TANK', 'DEFENSIVE_DIS', 'DANGER', 'FULL', 'NORMAL', 'FASTER', 'MEC_USED', 'CLEAN', 'CLEAN', 'NEUTRAL', 'DEBUFF', 'CLEAR', 'CLEAR', 'RECOVERING', 'BANCO_VAZIO')",7,1,4,25.000,ATTACK_STRONG,100.000,-0.000000,1.0000
"('TANK', 'TANK', 'CRITICAL_DIS', 'FULL', 'CRIT', 'NORMAL', 'FASTER', 'MEC_USED', 'AFFLICTED', 'CLEAN', 'DEBUFF', 'NEUTRAL', 'SET', 'SET', 'CLUTCH', 'BANCO_VAZIO')",7,1,1,100.000,HAZARD,100.000,-0.000000,1.0000
"('TANK', 'TANK', 'DEFENSIVE_DIS', 'FULL', 'SAFE', 'NORMAL', 'FASTER', 'MEC_USED', 'AFFLICTED', 'AFFLICTED', 'NEUTRAL', 'NEUTRAL', 'CLEAR', 'SET', 'CLUTCH', 'BANCO_VAZIO')",7,3,6,50.000,ATTACK_STRONG,71.429,0.796312,2.2173
"('TANK', 'TANK', 'OFFENSIVE_ADV', 'FULL', 'FULL', 'NORMAL', 'FASTER', 'MEC_USED', 'AFFLICTED', 'CLEAN', 'NEUTRAL', 'NEUTRAL', 'CLEAR', 'SET', 'CLUTCH', 'BANCO_OFF')",7,2,7,28.571,ATTACK_STRONG,85.714,0.410116,1.5070
"('TANK', 'TANK', 'DEFENSIVE_ADV', 'FULL', 'SAFE', 'NORMAL', 'SLOWER', 'MEC_USED', 'CLEAN', 'AFFLICTED', 'NEUTRAL', 'NEUTRAL', 'CLEAR', 'CLEAR', 'CLUTCH', 'BANCO_VAZIO')",7,2,3,66.667,CLEAN_HAZARD,85.714,0.410116,1.5070
"('TANK', 'TANK', 'OFFENSIVE_DIS', 'FULL', 'FULL', 'NORMAL', 'SLOWER', 'MEC_USED', 'CLEAN', 'CLEAN', 'NEUTRAL', 'NEUTRAL', 'SET', 'CLEAR', 'RECOVERING', 'BANCO_VAZIO')",7,4,10,40.000,ATTACK_TECH,42.857,1.277034,3.5860
"('TANK', 'TANK', 'NEUTRAL', 'FULL', 'FULL', 'NORMAL', 'SLOWER', 'MEC_USED', 'AFFLICTED', 'CLEAN', 'DEBUFF', 'NEUTRAL', 'CLEAR', 'SET', 'RECOVERING', 'BANCO_VAZIO')",7,5,8,62.500,ATTACK_STRONG,28.571,1.549826,4.7107
"('TANK', 'TANK', 'OFFENSIVE_DIS', 'FULL', 'FULL', 'NORMAL', 'SLOWER', 'MEC_USED', 'CLEAN', 'CLEAN', 'NEUTRAL', 'NEUTRAL', 'SET', 'SET', 'CLUTCH', 'BANCO_VAZIO')",7,2,10,20.000,SWITCH_DEFENSIVE,71.429,0.598270,1.8190
"('TANK', 'TANK', 'NEUTRAL', 'FULL', 'DANGER', 'NORMAL', 'SLOWER', 'MEC_USED', 'CLEAN', 'CLEAN', 'NEUTRAL', 'NEUTRAL', 'CLEAR', 'CLEAR', 'RECOVERING', 'BANCO_VAZIO')",7,6,11,54.545,ATTACK_PIVOT,28.571,1.747868,5.7423
"('TANK', 'TANK', 'NEUTRAL', 'SAFE', 'DANGER', 'NORMAL', 'SLOWER', 'MEC_USED', 'CLEAN', 'CLEAN', 'NEUTRAL', 'NEUTRAL', 'CLEAR', 'CLEAR', 'RECOVERING', 'BANCO_VAZIO')",7,3,9,33.333,ATTACK_STRONG,42.857,1.004242,2.7298
"('TANK', 'TANK', 'OFFENSIVE_ADV', 'FULL', 'SAFE', 'FIELD_SHARED', 'FASTER', 'MEC_USED', 'CLEAN', 'CLEAN', 'NEUTRAL', 'NEUTRAL', 'SET', 'CLEAR', 'OPENING', 'BANCO_OFF')",7,5,9,55.556,BUFF,42.857,1.475076,4.3714
"('TANK', 'TANK', 'OFFENSIVE_DIS', 'SAFE', 'SAFE', 'NORMAL', 'SLOWER', 'MEC_USED', 'CLEAN', 'CLEAN', 'NEUTRAL', 'NEUTRAL', 'SET', 'CLEAR', 'OPENING', 'BANCO_VAZIO')",7,4,9,44.444,ATTACK_TECH,42.857,1.277034,3.5860
"('TANK', 'TANK', 'DEFENSIVE_DIS', 'SAFE', 'FULL', 'NORMAL', 'FASTER', 'MEC_USED', 'CLEAN', 'CLEAN', 'NEUTRAL', 'NEUTRAL', 'SET', 'SET', 'RECOVERING', 'BANCO_VAZIO')",7,4,10,40.000,ATTACK_STRONG,42.857,1.277034,3.5860
"('TANK', 'TANK', 'NEUTRAL', 'SAFE', 'FULL', 'FIELD_SHARED', 'FASTER', 'MEC_USED', 'CLEAN', 'CLEAN', 'NEUTRAL', 'NEUTRAL', 'CLEAR', 'CLEAR', 'OPENING', 'BANCO_VAZIO')",7,4,9,44.444,ATTACK_PREDICTIVE,42.857,1.277034,3.5860
"('TANK', 'SWEEPER', 'OFFENSIVE_ADV', 'FULL', 'FULL', 'FIELD_SHARED', 'SLOWER', 'MEC_USED', 'CLEAN', 'CLEAN', 'NEUTRAL', 'NEUTRAL', 'CLEAR', 'CLEAR', 'OPENING', 'BANCO_AMBOS')",7,1,9,11.111,SWITCH_DEFENSIVE,100.000,-0.000000,1.0000
"('TANK', 'TANK', 'NEUTRAL', 'SAFE', 'DANGER', 'NORMAL', 'FASTER', 'MEC_USED', 'AFFLICTED', 'CLEAN', 'NEUTRAL', 'NEUTRAL', 'CLEAR', 'SET', 'RECOVERING', 'BANCO_VAZIO')",7,3,5,60.000,HEAL,57.143,0.955700,2.6005
"('TANK', 'TANK', 'NEUTRAL', 'SAFE', 'SAFE', 'NORMAL', 'SLOWER', 'MEC_USED', 'CLEAN', 'CLEAN', 'NEUTRAL', 'NEUTRAL', 'SET', 'CLEAR', 'BRAWL', 'BANCO_VAZIO')",7,5,11,45.455,HEAL,28.571,1.549826,4.7107
"('TANK', 'TANK', 'DOMINANT', 'FULL', 'FULL', 'FIELD_SHARED', 'FASTER', 'MEC_AVAIL', 'CLEAN', 'CLEAN', 'NEUTRAL', 'NEUTRAL', 'CLEAR', 'CLEAR', 'OPENING', 'BANCO_OFF')",7,5,11,45.455,ATTACK_STRONG,42.857,1.475076,4.3714
"('TANK', 'TANK', 'OFFENSIVE_ADV', 'SAFE', 'FULL', 'NORMAL', 'FASTER', 'MEC_USED', 'AFFLICTED', 'CLEAN', 'NEUTRAL', 'NEUTRAL', 'SET', 'SET', 'BRAWL', 'BANCO_OFF')",7,4,7,57.143,STATUS,42.857,1.277034,3.5860
"('TANK', 'TANK', 'OFFENSIVE_ADV', 'SAFE', 'FULL', 'FIELD_THEIRS', 'SLOWER', 'MEC_USED', 'CLEAN', 'CLEAN', 'NEUTRAL', 'NEUTRAL', 'CLEAR', 'CLEAR', 'OPENING', 'BANCO_AMBOS')",7,3,10,30.000,ATTACK_PREDICTIVE,71.429,0.796312,2.2173
"('TANK', 'TANK', 'OFFENSIVE_DIS', 'SAFE', 'FULL', 'NORMAL', 'SLOWER', 'MEC_USED', 'CLEAN', 'CLEAN', 'NEUTRAL', 'NEUTRAL', 'SET', 'SET', 'CLUTCH', 'BANCO_VAZIO')",7,5,8,62.500,STATUS,28.571,1.549826,4.7107
"('TANK', 'TANK', 'DEFENSIVE_DIS', 'FULL', 'SAFE', 'NORMAL', 'SLOWER', 'MEC_USED', 'CLEAN', 'CLEAN', 'NEUTRAL', 'NEUTRAL', 'SET', 'SET', 'CLUTCH', 'BANCO_VAZIO')",7,2,6,33.333,ATTACK_STRONG,85.714,0.410116,1.5070
"('TANK', 'TANK', 'CRITICAL_DIS', 'SAFE', 'SAFE', 'NORMAL', 'FASTER', 'MEC_USED', 'CLEAN', 'CLEAN', 'NEUTRAL', 'NEUTRAL', 'SET', 'SET', 'RECOVERING', 'BANCO_VAZIO')",7,5,13,38.462,STATUS,28.571,1.549826,4.7107
"('TANK', 'TANK', 'NEUTRAL', 'DANGER', 'FULL', 'NORMAL', 'SLOWER', 'MEC_USED', 'CLEAN', 'CLEAN', 'NEUTRAL', 'NEUTRAL', 'CLEAR', 'CLEAR', 'CLUTCH', 'BANCO_VAZIO')",7,4,11,36.364,HEAL,42.857,1.277034,3.5860
"('TANK', 'TANK', 'DOMINANT', 'SAFE', 'FULL', 'NORMAL', 'SLOWER', 'MEC_USED', 'CLEAN', 'CLEAN', 'NEUTRAL', 'NEUTRAL', 'CLEAR', 'CLEAR', 'OPENING', 'BANCO_VAZIO')",7,6,12,50.000,HAZARD,28.571,1.747868,5.7423
"('TANK', 'TANK', 'OFFENSIVE_ADV', 'DANGER', 'SAFE', 'NORMAL', 'FASTER', 'MEC_USED', 'AFFLICTED', 'CLEAN', 'NEUTRAL', 'NEUTRAL', 'SET', 'SET', 'CLUTCH', 'BANCO_VAZIO')",7,2,5,40.000,ATTACK_PIVOT,85.714,0.410116,1.5070
"('UTILITY', 'SWEEPER', 'OFFENSIVE_DIS', 'FULL', 'FULL', 'FIELD_OURS_OFF', 'FASTER', 'MEC_AVAIL', 'CLEAN', 'CLEAN', 'NEUTRAL', 'NEUTRAL', 'CLEAR', 'CLEAR', 'OPENING', 'BANCO_OFF')",7,3,4,75.000,SWITCH_DEFENSIVE,71.429,0.796312,2.2173
"('SWEEPER', 'TANK', 'DOMINANT', 'FULL', 'SAFE', 'NORMAL', 'FASTER', 'MEC_USED', 'CLEAN', 'CLEAN', 'NEUTRAL', 'NEUTRAL', 'CLEAR', 'CLEAR', 'OPENING', 'BANCO_AMBOS')",7,4,7,57.143,ATTACK_TECH,42.857,1.277034,3.5860
"('TANK', 'TANK', 'NEUTRAL', 'FULL', 'FULL', 'NORMAL', 'FASTER', 'MEC_USED', 'AFFLICTED', 'CLEAN', 'NEUTRAL', 'NEUTRAL', 'CLEAR', 'SET', 'RECOVERING', 'BANCO_VAZIO')",7,4,4,100.000,ATTACK_STRONG,28.571,1.351784,3.8643
"('TANK', 'SWEEPER', 'DEFENSIVE_DIS', 'FULL', 'FULL', 'FIELD_OURS_DEF', 'SLOWER', 'MEC_AVAIL', 'CLEAN', 'CLEAN', 'NEUTRAL', 'NEUTRAL', 'CLEAR', 'CLEAR', 'OPENING', 'BANCO_OFF')",7,1,6,16.667,ATTACK_STRONG_MEC,100.000,-0.000000,1.0000
"('UTILITY', 'SWEEPER', 'DEFENSIVE_DIS', 'FULL', 'FULL', 'NORMAL', 'FASTER', 'MEC_USED', 'CLEAN', 'CLEAN', 'DEBUFF', 'NEUTRAL', 'CLEAR', 'CLEAR', 'OPENING', 'BANCO_OFF')",7,5,6,83.333,SWITCH_DEFENSIVE,28.571,1.549826,4.7107
"('TANK', 'TANK', 'DOMINANT', 'SAFE', 'FULL', 'NORMAL', 'FASTER', 'MEC_USED', 'CLEAN', 'CLEAN', 'NEUTRAL', 'NEUTRAL', 'SET', 'CLEAR', 'OPENING', 'BANCO_OFF')",7,5,10,50.000,SWITCH_DEFENSIVE,42.857,1.475076,4.3714
"('TANK', 'TANK', 'NEUTRAL', 'FULL', 'SAFE', 'NORMAL', 'SLOWER', 'MEC_USED', 'AFFLICTED', 'CLEAN', 'NEUTRAL', 'DEBUFF', 'SET', 'SET', 'RECOVERING', 'BANCO_VAZIO')",7,1,2,50.000,ATTACK_STRONG,100.000,-0.000000,1.0000
"('TANK', 'TANK', 'OFFENSIVE_ADV', 'FULL', 'FULL', 'FIELD_SHARED', 'FASTER', 'MEC_USED', 'CLEAN', 'CLEAN', 'NEUTRAL', 'NEUTRAL', 'SET', 'CLEAR', 'OPENING', 'BANCO_AMBOS')",7,6,11,54.545,HAZARD,28.571,1.747868,5.7423
"('TANK', 'TANK', 'CRITICAL_DIS', 'SAFE', 'SAFE', 'NORMAL', 'SLOWER', 'MEC_USED', 'CLEAN', 'CLEAN', 'NEUTRAL', 'NEUTRAL', 'CLEAR', 'CLEAR', 'OPENING', 'BANCO_OFF')",7,2,10,20.000,SWITCH_DEFENSIVE,57.143,0.682908,1.9796
"('TANK', 'UTILITY', 'DOMINANT', 'FULL', 'FULL', 'NORMAL', 'SLOWER', 'MEC_AVAIL', 'CLEAN', 'CLEAN', 'NEUTRAL', 'NEUTRAL', 'CLEAR', 'CLEAR', 'OPENING', 'BANCO_OFF')",7,5,12,41.667,ATTACK_PIVOT,28.571,1.549826,4.7107
"('TANK', 'TANK', 'OFFENSIVE_ADV', 'FULL', 'SAFE', 'NORMAL', 'SLOWER', 'MEC_USED', 'CLEAN', 'CLEAN', 'NEUTRAL', 'NEUTRAL', 'CLEAR', 'CLEAR', 'OPENING', 'BANCO_VAZIO')",7,6,10,60.000,ATTACK_PREDICTIVE,28.571,1.747868,5.7423
"('TANK', 'TANK', 'OFFENSIVE_ADV', 'SAFE', 'FULL', 'NORMAL', 'FASTER', 'MEC_USED', 'CLEAN', 'CLEAN', 'NEUTRAL', 'NEUTRAL', 'SET', 'CLEAR', 'BRAWL', 'BANCO_OFF')",7,6,12,50.000,ATTACK_STRONG,28.571,1.747868,5.7423
"('TANK', 'TANK', 'NEUTRAL', 'SAFE', 'SAFE', 'NORMAL', 'FASTER', 'MEC_AVAIL', 'CLEAN', 'CLEAN', 'NEUTRAL', 'NEUTRAL', 'CLEAR', 'CLEAR', 'OPENING', 'BANCO_AMBOS')",7,6,14,42.857,SWITCH_OFFENSIVE,28.571,1.747868,5.7423
"('TANK', 'TANK', 'VOLATILE', 'DANGER', 'FULL', 'NORMAL', 'FASTER', 'MEC_USED', 'CLEAN', 'CLEAN', 'NEUTRAL', 'NEUTRAL', 'CLEAR', 'CLEAR', 'OPENING', 'BANCO_OFF')",7,4,7,57.143,HEAL,42.857,1.277034,3.5860
"('TANK', 'SWEEPER', 'DEFENSIVE_ADV', 'FULL', 'FULL', 'NORMAL', 'SLOWER', 'MEC_USED', 'CLEAN', 'CLEAN', 'NEUTRAL', 'NEUTRAL', 'CLEAR', 'CLEAR', 'OPENING', 'BANCO_AMBOS')",7,5,10,50.000,ATTACK_TECH,28.571,1.549826,4.7107
"('TANK', 'TANK', 'NEUTRAL', 'CRIT', 'FULL', 'NORMAL', 'FASTER', 'MEC_USED', 'CLEAN', 'CLEAN', 'NEUTRAL', 'NEUTRAL', 'SET', 'SET', 'CLUTCH', 'BANCO_VAZIO')",7,5,8,62.500,ATTACK_STRONG,28.571,1.549826,4.7107
"('TANK', 'TANK', 'DEFENSIVE_DIS', 'FULL', 'FULL', 'NORMAL', 'FASTER', 'MEC_USED', 'CLEAN', 'CLEAN', 'NEUTRAL', 'NEUTRAL', 'CLEAR', 'SET', 'OPENING', 'BANCO_OFF')",7,5,8,62.500,ATTACK_PREDICTIVE,28.571,1.549826,4.7107
"('TANK', 'TANK', 'VOLATILE', 'CRIT', 'SAFE', 'NORMAL', 'FASTER', 'MEC_USED', 'CLEAN', 'CLEAN', 'NEUTRAL', 'NEUTRAL', 'CLEAR', 'CLEAR', 'OPENING', 'BANCO_OFF')",7,5,7,71.429,SWITCH_DEFENSIVE,42.857,1.475076,4.3714
"('TANK', 'TANK', 'OFFENSIVE_DIS', 'SAFE', 'SAFE', 'NORMAL', 'FASTER', 'MEC_USED', 'AFFLICTED', 'CLEAN', 'DEBUFF', 'NEUTRAL', 'CLEAR', 'SET', 'RECOVERING', 'BANCO_VAZIO')",7,2,2,100.000,ATTACK_TECH,57.143,0.682908,1.9796
"('TANK', 'SWEEPER', 'NEUTRAL', 'SAFE', 'SAFE', 'NORMAL', 'SLOWER', 'MEC_USED', 'CLEAN', 'CLEAN', 'NEUTRAL', 'NEUTRAL', 'CLEAR', 'CLEAR', 'OPENING', 'BANCO_VAZIO')",7,4,10,40.000,ATTACK_STRONG,42.857,1.277034,3.5860
"('TANK', 'TANK', 'NEUTRAL', 'DANGER', 'FULL', 'FIELD_OURS_OFF', 'FASTER', 'MEC_USED', 'CLEAN', 'CLEAN', 'NEUTRAL', 'NEUTRAL', 'CLEAR', 'CLEAR', 'OPENING', 'BANCO_OFF')",7,5,11,45.455,SWITCH_DEFENSIVE,42.857,1.475076,4.3714
"('TANK', 'TANK', 'DOMINANT', 'FULL', 'FULL', 'FIELD_SHARED', 'SLOWER', 'MEC_AVAIL', 'CLEAN', 'CLEAN', 'NEUTRAL', 'NEUTRAL', 'CLEAR', 'CLEAR', 'OPENING', 'BANCO_OFF')",7,6,14,42.857,SWITCH_OFFENSIVE,28.571,1.747868,5.7423
"('TANK', 'TANK', 'OFFENSIVE_ADV', 'FULL', 'DANGER', 'NORMAL', 'SLOWER', 'MEC_USED', 'CLEAN', 'CLEAN', 'NEUTRAL', 'NEUTRAL', 'SET', 'CLEAR', 'OPENING', 'BANCO_OFF')",7,6,11,54.545,ATTACK_TECH,28.571,1.747868,5.7423
"('TANK', 'TANK', 'NEUTRAL', 'DANGER', 'SAFE', 'NORMAL', 'FASTER', 'MEC_USED', 'CLEAN', 'CLEAN', 'NEUTRAL', 'NEUTRAL', 'CLEAR', 'SET', 'RECOVERING', 'BANCO_VAZIO')",7,5,9,55.556,HEAL,42.857,1.475076,4.3714
"('TANK', 'TANK', 'DEFENSIVE_DIS', 'SAFE', 'FULL', 'FIELD_OURS_OFF', 'FASTER', 'MEC_USED', 'CLEAN', 'CLEAN', 'NEUTRAL', 'NEUTRAL', 'CLEAR', 'CLEAR', 'OPENING', 'BANCO_OFF')",7,3,7,42.857,ATTACK_PREDICTIVE,57.143,0.955700,2.6005
"('TANK', 'TANK', 'OFFENSIVE_ADV', 'FULL', 'FULL', 'FIELD_OURS_OFF', 'FASTER', 'MEC_AVAIL', 'CLEAN', 'CLEAN', 'NEUTRAL', 'NEUTRAL', 'CLEAR', 'CLEAR', 'OPENING', 'BANCO_OFF')",7,1,8,12.500,ATTACK_STRONG_MEC,100.000,-0.000000,1.0000
"('TANK', 'TANK', 'DEFENSIVE_DIS', 'SAFE', 'FULL', 'NORMAL', 'FASTER', 'MEC_AVAIL', 'CLEAN', 'CLEAN', 'NEUTRAL', 'NEUTRAL', 'CLEAR', 'CLEAR', 'OPENING', 'BANCO_AMBOS')",7,6,12,50.000,ATTACK_PREDICTIVE,28.571,1.747868,5.7423
"('TANK', 'UTILITY', 'OFFENSIVE_ADV', 'SAFE', 'FULL', 'FIELD_THEIRS', 'SLOWER', 'MEC_USED', 'CLEAN', 'CLEAN', 'NEUTRAL', 'NEUTRAL', 'CLEAR', 'CLEAR', 'OPENING', 'BANCO_OFF')",7,6,11,54.545,HEAL,28.571,1.747868,5.7423
"('TANK', 'TANK', 'OFFENSIVE_ADV', 'FULL', 'SAFE', 'NORMAL', 'FASTER', 'MEC_AVAIL', 'CLEAN', 'CLEAN', 'NEUTRAL', 'NEUTRAL', 'SET', 'CLEAR', 'OPENING', 'BANCO_OFF')",7,3,8,37.500,ATTACK_PREDICTIVE,42.857,1.004242,2.7298
"('SWEEPER', 'TANK', 'OFFENSIVE_ADV', 'SAFE', 'FULL', 'NORMAL', 'FASTER', 'MEC_USED', 'CLEAN', 'CLEAN', 'NEUTRAL', 'NEUTRAL', 'CLEAR', 'CLEAR', 'BRAWL', 'BANCO_OFF')",7,6,7,85.714,ATTACK_STRONG,28.571,1.747868,5.7423
"('TANK', 'TANK', 'NEUTRAL', 'FULL', 'SAFE', 'FIELD_THEIRS', 'FASTER', 'MEC_USED', 'CLEAN', 'CLEAN', 'NEUTRAL', 'NEUTRAL', 'CLEAR', 'CLEAR', 'OPENING', 'BANCO_OFF')",7,4,5,80.000,SWITCH_DEFENSIVE,42.857,1.277034,3.5860
"('TANK', 'TANK', 'DEFENSIVE_DIS', 'FULL', 'SAFE', 'NORMAL', 'SLOWER', 'MEC_USED', 'CLEAN', 'CLEAN', 'NEUTRAL', 'NEUTRAL', 'CLEAR', 'CLEAR', 'RECOVERING', 'BANCO_VAZIO')",7,6,10,60.000,ATTACK_STRONG,28.571,1.747868,5.7423
"('TANK', 'SWEEPER', 'DEFENSIVE_DIS', 'FULL', 'FULL', 'NORMAL', 'FASTER', 'MEC_USED', 'CLEAN', 'CLEAN', 'BUFFED', 'NEUTRAL', 'CLEAR', 'CLEAR', 'OPENING', 'BANCO_AMBOS')",7,1,6,16.667,ATTACK_TECH,100.000,-0.000000,1.0000
"('TANK', 'TANK', 'NEUTRAL', 'SAFE', 'FULL', 'NORMAL', 'FASTER', 'MEC_USED', 'CLEAN', 'CLEAN', 'NEUTRAL', 'NEUTRAL', 'SET', 'SET', 'OPENING', 'BANCO_AMBOS')",7,3,11,27.273,ATTACK_PREDICTIVE,71.429,0.796312,2.2173
"('TANK', 'TANK', 'NEUTRAL', 'SAFE', 'SAFE', 'NORMAL', 'FASTER', 'MEC_AVAIL', 'CLEAN', 'CLEAN', 'NEUTRAL', 'NEUTRAL', 'CLEAR', 'CLEAR', 'OPENING', 'BANCO_OFF')",7,5,12,41.667,ATTACK_PREDICTIVE_MEC,28.571,1.549826,4.7107
"('TANK', 'TANK', 'VOLATILE', 'SAFE', 'FULL', 'FIELD_THEIRS', 'FASTER', 'MEC_USED', 'CLEAN', 'CLEAN', 'NEUTRAL', 'NEUTRAL', 'CLEAR', 'CLEAR', 'OPENING', 'BANCO_AMBOS')",7,2,6,33.333,SWITCH_OFFENSIVE,85.714,0.410116,1.5070
"('TANK', 'TANK', 'OFFENSIVE_DIS', 'SAFE', 'SAFE', 'NORMAL', 'SLOWER', 'MEC_USED', 'CLEAN', 'CLEAN', 'NEUTRAL', 'NEUTRAL', 'CLEAR', 'SET', 'BRAWL', 'BANCO_OFF')",7,3,9,33.333,HEAL,71.429,0.796312,2.2173
"('TANK', 'TANK', 'NEUTRAL', 'SAFE', 'FULL', 'NORMAL', 'SLOWER', 'MEC_USED', 'CLEAN', 'CLEAN', 'NEUTRAL', 'NEUTRAL', 'CLEAR', 'CLEAR', 'BRAWL', 'BANCO_VAZIO')",7,6,10,60.000,HEAL,28.571,1.747868,5.7423
"('TANK', 'TANK', 'VOLATILE', 'SAFE', 'FULL', 'FIELD_THEIRS', 'SLOWER', 'MEC_USED', 'CLEAN', 'CLEAN', 'NEUTRAL', 'NEUTRAL', 'CLEAR', 'CLEAR', 'OPENING', 'BANCO_OFF')",7,6,8,75.000,SWITCH_DEFENSIVE,28.571,1.747868,5.7423
"('TANK', 'TANK', 'CRITICAL_DIS', 'FULL', 'FULL', 'NORMAL', 'SLOWER', 'MEC_USED', 'CLEAN', 'CLEAN', 'NEUTRAL', 'NEUTRAL', 'SET', 'CLEAR', 'RECOVERING', 'BANCO_VAZIO')",7,5,10,50.000,STATUS,42.857,1.475076,4.3714
"('TANK', 'SWEEPER', 'NEUTRAL', 'FULL', 'FULL', 'NORMAL', 'SLOWER', 'MEC_AVAIL', 'CLEAN', 'CLEAN', 'DEBUFF', 'NEUTRAL', 'CLEAR', 'CLEAR', 'OPENING', 'BANCO_OFF')",7,5,8,62.500,ATTACK_PREDICTIVE_MEC,28.571,1.549826,4.7107
"('TANK', 'TANK', 'CRITICAL_DIS', 'SAFE', 'FULL', 'NORMAL', 'FASTER', 'MEC_USED', 'CLEAN', 'CLEAN', 'NEUTRAL', 'NEUTRAL', 'CLEAR', 'CLEAR', 'OPENING', 'BANCO_AMBOS')",7,3,11,27.273,BUFF,57.143,0.955700,2.6005
"('SWEEPER', 'TANK', 'NEUTRAL', 'FULL', 'SAFE', 'NORMAL', 'FASTER', 'MEC_USED', 'CLEAN', 'CLEAN', 'NEUTRAL', 'NEUTRAL', 'SET', 'CLEAR', 'OPENING', 'BANCO_AMBOS')",7,1,9,11.111,ATTACK_STRONG,100.000,-0.000000,1.0000
"('TANK', 'TANK', 'OFFENSIVE_DIS', 'FULL', 'FULL', 'NORMAL', 'FASTER', 'MEC_USED', 'AFFLICTED', 'AFFLICTED', 'NEUTRAL', 'NEUTRAL', 'CLEAR', 'SET', 'CLUTCH', 'BANCO_VAZIO')",7,3,3,100.000,STATUS,42.857,1.078992,2.9417
"('SWEEPER', 'UTILITY', 'DEFENSIVE_DIS', 'FULL', 'FULL', 'NORMAL', 'FASTER', 'MEC_USED', 'CLEAN', 'CLEAN', 'NEUTRAL', 'NEUTRAL', 'CLEAR', 'CLEAR', 'OPENING', 'BANCO_AMBOS')",7,3,6,50.000,SWITCH_DEFENSIVE,71.429,0.796312,2.2173
"('TANK', 'UTILITY', 'OFFENSIVE_DIS', 'DANGER', 'SAFE', 'NORMAL', 'SLOWER', 'MEC_USED', 'CLEAN', 'CLEAN', 'NEUTRAL', 'BUFFED', 'CLEAR', 'SET', 'RECOVERING', 'BANCO_VAZIO')",7,1,3,33.333,ATTACK_TECH,100.000,-0.000000,1.0000
"('TANK', 'TANK', 'NEUTRAL', 'CRIT', 'SAFE', 'NORMAL', 'FASTER', 'MEC_USED', 'CLEAN', 'CLEAN', 'BUFFED', 'DEBUFF', 'CLEAR', 'SET', 'CLUTCH', 'BANCO_VAZIO')",7,2,2,100.000,BUFF,85.714,0.410116,1.5070
"('TANK', 'TANK', 'STALEMATE', 'DANGER', 'FULL', 'NORMAL', 'SLOWER', 'MEC_USED', 'CLEAN', 'CLEAN', 'NEUTRAL', 'NEUTRAL', 'CLEAR', 'CLEAR', 'CLUTCH', 'BANCO_VAZIO')",6,4,7,57.143,ATTACK_PIVOT,33.333,1.329661,3.7798
"('TANK', 'TANK', 'CRITICAL_DIS', 'FULL', 'FULL', 'FIELD_SHARED', 'FASTER', 'MEC_USED', 'CLEAN', 'CLEAN', 'NEUTRAL', 'NEUTRAL', 'CLEAR', 'SET', 'CLUTCH', 'BANCO_VAZIO')",6,1,2,50.000,ATTACK_PIVOT,100.000,-0.000000,1.0000
"('TANK', 'TANK', 'OFFENSIVE_DIS', 'DANGER', 'FULL', 'NORMAL', 'SLOWER', 'MEC_USED', 'CLEAN', 'AFFLICTED', 'NEUTRAL', 'DEBUFF', 'SET', 'SET', 'RECOVERING', 'BANCO_VAZIO')",6,4,7,57.143,STATUS,33.333,1.329661,3.7798
"('TANK', 'TANK', 'NEUTRAL', 'SAFE', 'SAFE', 'NORMAL', 'SLOWER', 'MEC_USED', 'CLEAN', 'CLEAN', 'NEUTRAL', 'NEUTRAL', 'SET', 'CLEAR', 'OPENING', 'BANCO_AMBOS')",6,5,10,50.000,FIELD_CONTROL,33.333,1.560710,4.7622
"('TANK', 'TANK', 'CRITICAL_DIS', 'FULL', 'DANGER', 'NORMAL', 'FASTER', 'MEC_USED', 'CLEAN', 'AFFLICTED', 'NEUTRAL', 'DEBUFF', 'SET', 'SET', 'RECOVERING', 'BANCO_VAZIO')",6,2,3,66.667,ATTACK_STRONG,50.000,0.693147,2.0000
"('TANK', 'TANK', 'OFFENSIVE_DIS', 'FULL', 'SAFE', 'NORMAL', 'SLOWER', 'MEC_USED', 'CLEAN', 'CLEAN', 'NEUTRAL', 'NEUTRAL', 'CLEAR', 'CLEAR', 'BRAWL', 'BANCO_OFF')",6,3,10,30.000,STATUS,66.667,0.867563,2.3811
"('TANK', 'TANK', 'NEUTRAL', 'SAFE', 'CRIT', 'NORMAL', 'SLOWER', 'MEC_USED', 'CLEAN', 'CLEAN', 'NEUTRAL', 'NEUTRAL', 'SET', 'SET', 'CLUTCH', 'BANCO_VAZIO')",6,2,8,25.000,ATTACK_STRONG,83.333,0.450561,1.5692
"('TANK', 'TANK', 'NEUTRAL', 'SAFE', 'FULL', 'NORMAL', 'FASTER', 'MEC_USED', 'CLEAN', 'AFFLICTED', 'DEBUFF', 'DEBUFF_DEBUFF', 'CLEAR', 'SET', 'RECOVERING', 'BANCO_VAZIO')",6,1,2,50.000,HAZARD,100.000,-0.000000,1.0000
"('TANK', 'TANK', 'DEFENSIVE_DIS', 'SAFE', 'SAFE', 'NORMAL', 'FASTER', 'MEC_USED', 'CLEAN', 'CLEAN', 'NEUTRAL', 'NEUTRAL', 'SET', 'SET', 'CLUTCH', 'BANCO_VAZIO')",6,6,9,66.667,ATTACK_PREDICTIVE,16.667,1.791759,6.0000
"('UTILITY', 'TANK', 'VOLATILE', 'SAFE', 'FULL', 'FIELD_OURS_OFF', 'FASTER', 'MEC_USED', 'CLEAN', 'CLEAN', 'NEUTRAL', 'NEUTRAL', 'CLEAR', 'CLEAR', 'OPENING', 'BANCO_OFF')",6,3,5,60.000,ATTACK_STRONG,66.667,0.867563,2.3811
"('TANK', 'TANK', 'OFFENSIVE_DIS', 'SAFE', 'FULL', 'NORMAL', 'SLOWER', 'MEC_USED', 'CLEAN', 'CLEAN', 'NEUTRAL', 'NEUTRAL', 'SET', 'CLEAR', 'CLUTCH', 'BANCO_VAZIO')",6,5,8,62.500,STATUS,33.333,1.560710,4.7622
"('TANK', 'TANK', 'CRITICAL_DIS', 'FULL', 'SAFE', 'NORMAL', 'FASTER', 'MEC_USED', 'CLEAN', 'CLEAN', 'NEUTRAL', 'NEUTRAL', 'SET', 'SET', 'RECOVERING', 'BANCO_VAZIO')",6,5,12,41.667,HEAL,33.333,1.560710,4.7622
"('UTILITY', 'TANK', 'VOLATILE', 'FULL', 'FULL', 'FIELD_OURS_OFF', 'FASTER', 'MEC_USED', 'CLEAN', 'CLEAN', 'NEUTRAL', 'NEUTRAL', 'CLEAR', 'CLEAR', 'OPENING', 'BANCO_AMBOS')",6,5,6,83.333,SWITCH_DEFENSIVE,33.333,1.560710,4.7622
"('TANK', 'TANK', 'OFFENSIVE_ADV', 'DANGER', 'FULL', 'NORMAL', 'FASTER', 'MEC_USED', 'AFFLICTED', 'CLEAN', 'NEUTRAL', 'NEUTRAL', 'CLEAR', 'CLEAR', 'OPENING', 'BANCO_OFF')",6,2,7,28.571,HEAL,66.667,0.636514,1.8899
"('TANK', 'TANK', 'OFFENSIVE_ADV', 'SAFE', 'SAFE', 'NORMAL', 'SLOWER', 'MEC_USED', 'CLEAN', 'CLEAN', 'NEUTRAL', 'NEUTRAL', 'CLEAR', 'CLEAR', 'RECOVERING', 'BANCO_VAZIO')",6,5,9,55.556,ATTACK_STRONG,33.333,1.560710,4.7622
"('TANK', 'TANK', 'OFFENSIVE_DIS', 'SAFE', 'SAFE', 'NORMAL', 'SLOWER', 'MEC_USED', 'CLEAN', 'CLEAN', 'NEUTRAL', 'NEUTRAL', 'CLEAR', 'CLEAR', 'RECOVERING', 'BANCO_VAZIO')",6,5,7,71.429,SWITCH_DEFENSIVE,33.333,1.560710,4.7622
"('SWEEPER', 'TANK', 'NEUTRAL', 'DANGER', 'FULL', 'NORMAL', 'FASTER', 'MEC_USED', 'CLEAN', 'CLEAN', 'NEUTRAL', 'NEUTRAL', 'CLEAR', 'CLEAR', 'OPENING', 'BANCO_OFF')",6,5,7,71.429,SWITCH_OFFENSIVE,33.333,1.560710,4.7622
"('TANK', 'TANK', 'NEUTRAL', 'FULL', 'CRIT', 'NORMAL', 'SLOWER', 'MEC_USED', 'CLEAN', 'CLEAN', 'NEUTRAL', 'NEUTRAL', 'SET', 'SET', 'RECOVERING', 'BANCO_VAZIO')",6,3,8,37.500,STATUS,50.000,1.011404,2.7495
"('TANK', 'TANK', 'OFFENSIVE_DIS', 'SAFE', 'FULL', 'NORMAL', 'SLOWER', 'MEC_USED', 'CLEAN', 'CLEAN', 'NEUTRAL', 'NEUTRAL', 'SET', 'SET', 'OPENING', 'BANCO_OFF')",6,5,12,41.667,ATTACK_PIVOT,33.333,1.560710,4.7622
"('TANK', 'TANK', 'OFFENSIVE_ADV', 'SAFE', 'DANGER', 'NORMAL', 'FASTER', 'MEC_USED', 'AFFLICTED', 'CLEAN', 'NEUTRAL', 'NEUTRAL', 'SET', 'SET', 'RECOVERING', 'BANCO_VAZIO')",6,2,7,28.571,ATTACK_PREDICTIVE,83.333,0.450561,1.5692
"('TANK', 'TANK', 'NEUTRAL', 'FULL', 'SAFE', 'NORMAL', 'FASTER', 'MEC_USED', 'CLEAN', 'CLEAN', 'NEUTRAL', 'NEUTRAL', 'CLEAR', 'CLEAR', 'BRAWL', 'BANCO_VAZIO')",6,6,8,75.000,ATTACK_STRONG,16.667,1.791759,6.0000
"('TANK', 'TANK', 'OFFENSIVE_ADV', 'FULL', 'FULL', 'NORMAL', 'FASTER', 'MEC_USED', 'CLEAN', 'CLEAN', 'NEUTRAL', 'NEUTRAL', 'SET', 'CLEAR', 'BRAWL', 'BANCO_OFF')",6,4,5,80.000,ATTACK_STRONG,33.333,1.329661,3.7798
"('TANK', 'TANK', 'OFFENSIVE_ADV', 'FULL', 'SAFE', 'NORMAL', 'FASTER', 'MEC_USED', 'CLEAN', 'CLEAN', 'NEUTRAL', 'NEUTRAL', 'CLEAR', 'CLEAR', 'RECOVERING', 'BANCO_VAZIO')",6,5,7,71.429,ATTACK_TECH,33.333,1.560710,4.7622
"('TANK', 'TANK', 'NEUTRAL', 'DANGER', 'FULL', 'NORMAL', 'SLOWER', 'MEC_USED', 'CLEAN', 'CLEAN', 'NEUTRAL', 'NEUTRAL', 'CLEAR', 'CLEAR', 'RECOVERING', 'BANCO_VAZIO')",6,4,8,50.000,ATTACK_PIVOT,33.333,1.329661,3.7798
"('TANK', 'TANK', 'DEFENSIVE_DIS', 'DANGER', 'FULL', 'FIELD_THEIRS', 'FASTER', 'MEC_USED', 'CLEAN', 'CLEAN', 'NEUTRAL', 'NEUTRAL', 'CLEAR', 'CLEAR', 'OPENING', 'BANCO_OFF')",6,4,7,57.143,ATTACK_PREDICTIVE,33.333,1.329661,3.7798
"('TANK', 'TANK', 'VOLATILE', 'CRIT', 'SAFE', 'FIELD_THEIRS', 'FASTER', 'MEC_USED', 'CLEAN', 'CLEAN', 'NEUTRAL', 'NEUTRAL', 'CLEAR', 'CLEAR', 'OPENING', 'BANCO_OFF')",6,3,10,30.000,ATTACK_STRONG,66.667,0.867563,2.3811
"('TANK', 'TANK', 'OFFENSIVE_ADV', 'FULL', 'SAFE', 'FIELD_THEIRS', 'SLOWER', 'MEC_USED', 'CLEAN', 'CLEAN', 'NEUTRAL', 'NEUTRAL', 'SET', 'CLEAR', 'OPENING', 'BANCO_OFF')",6,6,11,54.545,ATTACK_PIVOT,16.667,1.791759,6.0000
"('TANK', 'TANK', 'OFFENSIVE_DIS', 'FULL', 'FULL', 'NORMAL', 'SLOWER', 'MEC_USED', 'CLEAN', 'CLEAN', 'DEBUFF', 'NEUTRAL', 'SET', 'SET', 'RECOVERING', 'BANCO_VAZIO')",6,2,2,100.000,ATTACK_PIVOT,66.667,0.636514,1.8899
"('TANK', 'TANK', 'DOMINANT', 'SAFE', 'FULL', 'FIELD_THEIRS', 'FASTER', 'MEC_AVAIL', 'CLEAN', 'CLEAN', 'NEUTRAL', 'DEBUFF', 'CLEAR', 'CLEAR', 'OPENING', 'BANCO_OFF')",6,4,10,40.000,ATTACK_PREDICTIVE_MEC,33.333,1.329661,3.7798
"('TANK', 'SWEEPER', 'DEFENSIVE_DIS', 'FULL', 'FULL', 'NORMAL', 'SLOWER', 'MEC_AVAIL', 'CLEAN', 'CLEAN', 'DEBUFF', 'NEUTRAL', 'CLEAR', 'CLEAR', 'OPENING', 'BANCO_OFF')",6,5,14,35.714,HAZARD,33.333,1.560710,4.7622
"('TANK', 'TANK', 'CRITICAL_DIS', 'SAFE', 'SAFE', 'NORMAL', 'FASTER', 'MEC_USED', 'CLEAN', 'CLEAN', 'NEUTRAL', 'NEUTRAL', 'SET', 'CLEAR', 'RECOVERING', 'BANCO_VAZIO')",6,6,9,66.667,ATTACK_PREDICTIVE,16.667,1.791759,6.0000
"('TANK', 'TANK', 'NEUTRAL', 'FULL', 'SAFE', 'NORMAL', 'FASTER', 'MEC_USED', 'CLEAN', 'CLEAN', 'NEUTRAL', 'NEUTRAL', 'CLEAR', 'SET', 'OPENING', 'BANCO_VAZIO')",6,6,12,50.000,ATTACK_PREDICTIVE,16.667,1.791759,6.0000
"('TANK', 'TANK', 'DEFENSIVE_DIS', 'FULL', 'SAFE', 'NORMAL', 'SLOWER', 'MEC_USED', 'CLEAN', 'CLEAN', 'NEUTRAL', 'NEUTRAL', 'CLEAR', 'SET', 'RECOVERING', 'BANCO_VAZIO')",6,4,10,40.000,HAZARD,50.000,1.242453,3.4641
"('TANK', 'TANK', 'NEUTRAL', 'SAFE', 'CRIT', 'NORMAL', 'SLOWER', 'MEC_USED', 'CLEAN', 'CLEAN', 'NEUTRAL', 'NEUTRAL', 'SET', 'SET', 'RECOVERING', 'BANCO_VAZIO')",6,6,10,60.000,ATTACK_STRONG,16.667,1.791759,6.0000
"('TANK', 'TANK', 'OFFENSIVE_DIS', 'FULL', 'FULL', 'NORMAL', 'FASTER', 'MEC_USED', 'CLEAN', 'CLEAN', 'NEUTRAL', 'NEUTRAL', 'CLEAR', 'CLEAR', 'OPENING', 'BANCO_VAZIO')",6,6,9,66.667,ATTACK_STRONG,16.667,1.791759,6.0000
"('UTILITY', 'TANK', 'OFFENSIVE_ADV', 'FULL', 'FULL', 'NORMAL', 'SLOWER', 'MEC_USED', 'CLEAN', 'CLEAN', 'NEUTRAL', 'NEUTRAL', 'CLEAR', 'CLEAR', 'OPENING', 'BANCO_AMBOS')",6,5,8,62.500,ATTACK_STRONG,33.333,1.560710,4.7622
"('TANK', 'TANK', 'OFFENSIVE_ADV', 'FULL', 'FULL', 'FIELD_OURS_OFF', 'FASTER', 'MEC_USED', 'CLEAN', 'CLEAN', 'NEUTRAL', 'NEUTRAL', 'SET', 'CLEAR', 'OPENING', 'BANCO_OFF')",6,4,10,40.000,BUFF,33.333,1.329661,3.7798
"('TANK', 'TANK', 'DEFENSIVE_DIS', 'SAFE', 'FULL', 'FIELD_SHARED', 'SLOWER', 'MEC_USED', 'CLEAN', 'CLEAN', 'NEUTRAL', 'NEUTRAL', 'CLEAR', 'CLEAR', 'OPENING', 'BANCO_OFF')",6,5,11,45.455,HEAL,33.333,1.560710,4.7622
"('TANK', 'TANK', 'VOLATILE', 'FULL', 'FULL', 'FIELD_OURS_DEF', 'FASTER', 'MEC_AVAIL', 'CLEAN', 'CLEAN', 'NEUTRAL', 'NEUTRAL', 'CLEAR', 'CLEAR', 'OPENING', 'BANCO_AMBOS')",6,4,10,40.000,ATTACK_PREDICTIVE,33.333,1.329661,3.7798
"('TANK', 'UTILITY', 'OFFENSIVE_ADV', 'FULL', 'FULL', 'FIELD_SHARED', 'SLOWER', 'MEC_USED', 'CLEAN', 'CLEAN', 'NEUTRAL', 'NEUTRAL', 'CLEAR', 'CLEAR', 'OPENING', 'BANCO_AMBOS')",6,4,7,57.143,ATTACK_STRONG,33.333,1.329661,3.7798
"('TANK', 'UTILITY', 'DEFENSIVE_DIS', 'FULL', 'FULL', 'NORMAL', 'FASTER', 'MEC_AVAIL', 'CLEAN', 'CLEAN', 'NEUTRAL', 'NEUTRAL', 'CLEAR', 'CLEAR', 'OPENING', 'BANCO_AMBOS')",6,5,12,41.667,ATTACK_TECH,33.333,1.560710,4.7622
"('SWEEPER', 'TANK', 'OFFENSIVE_ADV', 'DANGER', 'FULL', 'NORMAL', 'FASTER', 'MEC_USED', 'CLEAN', 'CLEAN', 'NEUTRAL', 'NEUTRAL', 'CLEAR', 'CLEAR', 'OPENING', 'BANCO_OFF')",6,4,6,66.667,ATTACK_TECH,33.333,1.329661,3.7798
"('TANK', 'UTILITY', 'NEUTRAL', 'FULL', 'FULL', 'FIELD_OURS_OFF', 'SLOWER', 'MEC_USED', 'CLEAN', 'CLEAN', 'NEUTRAL', 'NEUTRAL', 'CLEAR', 'CLEAR', 'OPENING', 'BANCO_AMBOS')",6,1,6,16.667,STATUS,100.000,-0.000000,1.0000
"('UTILITY', 'TANK', 'NEUTRAL', 'FULL', 'FULL', 'NORMAL', 'FASTER', 'MEC_USED', 'CLEAN', 'CLEAN', 'NEUTRAL', 'NEUTRAL', 'CLEAR', 'CLEAR', 'OPENING', 'BANCO_VAZIO')",6,5,9,55.556,ATTACK_TECH,33.333,1.560710,4.7622
"('TANK', 'TANK', 'NEUTRAL', 'FULL', 'FULL', 'NORMAL', 'FASTER', 'MEC_USED', 'CLEAN', 'CLEAN', 'BUFFED', 'NEUTRAL', 'CLEAR', 'CLEAR', 'OPENING', 'BANCO_AMBOS')",6,2,7,28.571,ATTACK_STRONG,66.667,0.636514,1.8899
"('TANK', 'SWEEPER', 'DEFENSIVE_DIS', 'SAFE', 'FULL', 'NORMAL', 'SLOWER', 'MEC_USED', 'CLEAN', 'CLEAN', 'DEBUFF', 'NEUTRAL', 'CLEAR', 'CLEAR', 'OPENING', 'BANCO_OFF')",6,3,7,42.857,ATTACK_STRONG,66.667,0.867563,2.3811
"('SWEEPER', 'SWEEPER', 'NEUTRAL', 'FULL', 'FULL', 'FIELD_OURS_OFF', 'FASTER', 'MEC_USED', 'CLEAN', 'CLEAN', 'NEUTRAL', 'NEUTRAL', 'CLEAR', 'CLEAR', 'OPENING', 'BANCO_OFF')",6,6,10,60.000,ATTACK_PREDICTIVE,16.667,1.791759,6.0000
"('TANK', 'TANK', 'OFFENSIVE_ADV', 'FULL', 'SAFE', 'NORMAL', 'SLOWER', 'MEC_USED', 'CLEAN', 'CLEAN', 'NEUTRAL', 'NEUTRAL', 'CLEAR', 'CLEAR', 'BRAWL', 'BANCO_OFF')",6,2,9,22.222,ATTACK_STRONG,83.333,0.450561,1.5692
"('TANK', 'SWEEPER', 'DEFENSIVE_ADV', 'FULL', 'FULL', 'FIELD_SHARED', 'SLOWER', 'MEC_USED', 'CLEAN', 'CLEAN', 'NEUTRAL', 'NEUTRAL', 'CLEAR', 'CLEAR', 'OPENING', 'BANCO_OFF')",6,4,9,44.444,ATTACK_PREDICTIVE,33.333,1.329661,3.7798
"('TANK', 'TANK', 'DEFENSIVE_DIS', 'FULL', 'FULL', 'NORMAL', 'SLOWER', 'MEC_USED', 'CLEAN', 'CLEAN', 'NEUTRAL', 'NEUTRAL', 'CLEAR', 'SET', 'OPENING', 'BANCO_OFF')",6,2,10,20.000,SWITCH_DEFENSIVE,83.333,0.450561,1.5692
"('TANK', 'TANK', 'CRITICAL_DIS', 'SAFE', 'FULL', 'FIELD_SHARED', 'SLOWER', 'MEC_USED', 'CLEAN', 'CLEAN', 'NEUTRAL', 'NEUTRAL', 'CLEAR', 'CLEAR', 'OPENING', 'BANCO_OFF')",6,3,10,30.000,SWITCH_DEFENSIVE,66.667,0.867563,2.3811
"('TANK', 'TANK', 'NEUTRAL', 'DANGER', 'DANGER', 'NORMAL', 'FASTER', 'MEC_USED', 'CLEAN', 'CLEAN', 'NEUTRAL', 'NEUTRAL', 'CLEAR', 'CLEAR', 'OPENING', 'BANCO_OFF')",6,4,9,44.444,ATTACK_TECH,33.333,1.329661,3.7798
"('TANK', 'TANK', 'OFFENSIVE_ADV', 'FULL', 'CRIT', 'FIELD_THEIRS', 'FASTER', 'MEC_USED', 'CLEAN', 'CLEAN', 'NEUTRAL', 'NEUTRAL', 'CLEAR', 'CLEAR', 'OPENING', 'BANCO_OFF')",6,4,6,66.667,ATTACK_PREDICTIVE,33.333,1.329661,3.7798
"('TANK', 'SWEEPER', 'OFFENSIVE_DIS', 'SAFE', 'FULL', 'NORMAL', 'SLOWER', 'MEC_USED', 'CLEAN', 'CLEAN', 'NEUTRAL', 'NEUTRAL', 'CLEAR', 'CLEAR', 'RECOVERING', 'BANCO_VAZIO')",6,5,12,41.667,STAT_CLEAN,33.333,1.560710,4.7622
"('TANK', 'TANK', 'DEFENSIVE_DIS', 'SAFE', 'SAFE', 'NORMAL', 'SLOWER', 'MEC_USED', 'CLEAN', 'CLEAN', 'NEUTRAL', 'NEUTRAL', 'CLEAR', 'SET', 'RECOVERING', 'BANCO_VAZIO')",6,5,10,50.000,DISRUPTION,33.333,1.560710,4.7622
"('TANK', 'TANK', 'NEUTRAL', 'FULL', 'FULL', 'NORMAL', 'SLOWER', 'MEC_USED', 'AFFLICTED', 'CLEAN', 'DEBUFF', 'NEUTRAL', 'SET', 'SET', 'RECOVERING', 'BANCO_VAZIO')",6,4,6,66.667,STAT_CLEAN,50.000,1.242453,3.4641
"('TANK', 'TANK', 'NEUTRAL', 'DANGER', 'FULL', 'NORMAL', 'FASTER', 'MEC_USED', 'AFFLICTED', 'CLEAN', 'NEUTRAL', 'NEUTRAL', 'SET', 'SET', 'RECOVERING', 'BANCO_VAZIO')",6,3,8,37.500,HEAL,66.667,0.867563,2.3811
"('TANK', 'TANK', 'OFFENSIVE_ADV', 'SAFE', 'SAFE', 'NORMAL', 'FASTER', 'MEC_USED', 'CLEAN', 'CLEAN', 'NEUTRAL', 'NEUTRAL', 'SET', 'CLEAR', 'OPENING', 'BANCO_AMBOS')",6,6,9,66.667,ATTACK_STRONG,16.667,1.791759,6.0000
"('TANK', 'TANK', 'NEUTRAL', 'DANGER', 'FULL', 'NORMAL', 'FASTER', 'MEC_USED', 'CLEAN', 'CLEAN', 'NEUTRAL', 'NEUTRAL', 'SET', 'SET', 'CLUTCH', 'BANCO_VAZIO')",6,5,9,55.556,HEAL,33.333,1.560710,4.7622
"('TANK', 'TANK', 'DOMINANT', 'SAFE', 'FULL', 'NORMAL', 'FASTER', 'MEC_USED', 'CLEAN', 'CLEAN', 'NEUTRAL', 'NEUTRAL', 'CLEAR', 'CLEAR', 'OPENING', 'BANCO_VAZIO')",6,4,7,57.143,HEAL,50.000,1.242453,3.4641
"('UTILITY', 'SWEEPER', 'VOLATILE', 'FULL', 'FULL', 'NORMAL', 'FASTER', 'MEC_USED', 'CLEAN', 'CLEAN', 'DEBUFF', 'NEUTRAL', 'CLEAR', 'CLEAR', 'OPENING', 'BANCO_OFF')",6,2,5,40.000,ATTACK_STRONG,50.000,0.693147,2.0000
"('TANK', 'TANK', 'NEUTRAL', 'SAFE', 'SAFE', 'NORMAL', 'FASTER', 'MEC_USED', 'CLEAN', 'CLEAN', 'NEUTRAL', 'NEUTRAL', 'SET', 'CLEAR', 'BRAWL', 'BANCO_OFF')",6,5,9,55.556,HEAL,33.333,1.560710,4.7622
"('UTILITY', 'TANK', 'OFFENSIVE_ADV', 'FULL', 'FULL', 'FIELD_OURS_OFF', 'FASTER', 'MEC_USED', 'CLEAN', 'CLEAN', 'NEUTRAL', 'NEUTRAL', 'CLEAR', 'CLEAR', 'OPENING', 'BANCO_OFF')",6,1,6,16.667,ATTACK_STRONG,100.000,-0.000000,1.0000
"('TANK', 'SWEEPER', 'NEUTRAL', 'FULL', 'FULL', 'NORMAL', 'SLOWER', 'MEC_USED', 'CLEAN', 'CLEAN', 'NEUTRAL', 'DEBUFF', 'CLEAR', 'CLEAR', 'OPENING', 'BANCO_OFF')",6,4,8,50.000,ATTACK_PIVOT,33.333,1.329661,3.7798
"('TANK', 'SWEEPER', 'NEUTRAL', 'SAFE', 'FULL', 'NORMAL', 'SLOWER', 'MEC_USED', 'CLEAN', 'CLEAN', 'NEUTRAL', 'NEUTRAL', 'CLEAR', 'SET', 'OPENING', 'BANCO_OFF')",6,4,12,33.333,STATUS,33.333,1.329661,3.7798
"('TANK', 'TANK', 'OFFENSIVE_ADV', 'FULL', 'SAFE', 'FIELD_THEIRS', 'FASTER', 'MEC_USED', 'CLEAN', 'CLEAN', 'NEUTRAL', 'NEUTRAL', 'SET', 'CLEAR', 'OPENING', 'BANCO_OFF')",6,6,10,60.000,BUFF,16.667,1.791759,6.0000
"('TANK', 'TANK', 'NEUTRAL', 'DANGER', 'SAFE', 'FIELD_SHARED', 'FASTER', 'MEC_USED', 'CLEAN', 'CLEAN', 'NEUTRAL', 'NEUTRAL', 'CLEAR', 'CLEAR', 'OPENING', 'BANCO_OFF')",6,6,6,100.000,ATTACK_STRONG,16.667,1.791759,6.0000
"('TANK', 'TANK', 'OFFENSIVE_ADV', 'SAFE', 'DANGER', 'NORMAL', 'FASTER', 'MEC_USED', 'CLEAN', 'CLEAN', 'NEUTRAL', 'NEUTRAL', 'SET', 'SET', 'OPENING', 'BANCO_OFF')",6,3,10,30.000,STATUS,66.667,0.867563,2.3811
"('TANK', 'SWEEPER', 'DEFENSIVE_DIS', 'FULL', 'FULL', 'FIELD_OURS_OFF', 'SLOWER', 'MEC_USED', 'CLEAN', 'CLEAN', 'NEUTRAL', 'NEUTRAL', 'CLEAR', 'CLEAR', 'OPENING', 'BANCO_AMBOS')",6,5,7,71.429,SWITCH_DEFENSIVE,33.333,1.560710,4.7622
"('UTILITY', 'SWEEPER', 'DEFENSIVE_DIS', 'FULL', 'FULL', 'NORMAL', 'SLOWER', 'MEC_USED', 'CLEAN', 'CLEAN', 'NEUTRAL', 'NEUTRAL', 'CLEAR', 'CLEAR', 'OPENING', 'BANCO_AMBOS')",6,3,5,60.000,ATTACK_PIVOT,66.667,0.867563,2.3811
"('TANK', 'TANK', 'NEUTRAL', 'CRIT', 'FULL', 'NORMAL', 'SLOWER', 'MEC_USED', 'CLEAN', 'AFFLICTED', 'NEUTRAL', 'NEUTRAL', 'CLEAR', 'CLEAR', 'CLUTCH', 'BANCO_VAZIO')",6,1,1,100.000,CLEAN_HAZARD,100.000,-0.000000,1.0000
"('TANK', 'TANK', 'NEUTRAL', 'SAFE', 'FULL', 'NORMAL', 'SLOWER', 'MEC_USED', 'CLEAN', 'AFFLICTED', 'NEUTRAL', 'NEUTRAL', 'CLEAR', 'CLEAR', 'OPENING', 'BANCO_OFF')",6,4,8,50.000,ATTACK_STRONG,50.000,1.242453,3.4641
"('TANK', 'TANK', 'NEUTRAL', 'DANGER', 'FULL', 'NORMAL', 'SLOWER', 'MEC_USED', 'CLEAN', 'CLEAN', 'NEUTRAL', 'NEUTRAL', 'CLEAR', 'CLEAR', 'OPENING', 'BANCO_VAZIO')",6,2,9,22.222,HEAL,66.667,0.636514,1.8899
"('TANK', 'TANK', 'OFFENSIVE_DIS', 'FULL', 'FULL', 'NORMAL', 'SLOWER', 'MEC_USED', 'CLEAN', 'CLEAN', 'NEUTRAL', 'NEUTRAL', 'CLEAR', 'CLEAR', 'BRAWL', 'BANCO_OFF')",6,3,6,50.000,STATUS,50.000,1.011404,2.7495
"('SWEEPER', 'TANK', 'OFFENSIVE_ADV', 'SAFE', 'SAFE', 'NORMAL', 'FASTER', 'MEC_USED', 'CLEAN', 'CLEAN', 'NEUTRAL', 'NEUTRAL', 'SET', 'CLEAR', 'OPENING', 'BANCO_OFF')",6,4,7,57.143,ATTACK_PIVOT,33.333,1.329661,3.7798
"('TANK', 'TANK', 'DEFENSIVE_ADV', 'SAFE', 'FULL', 'NORMAL', 'SLOWER', 'MEC_USED', 'CLEAN', 'CLEAN', 'NEUTRAL', 'NEUTRAL', 'CLEAR', 'CLEAR', 'OPENING', 'BANCO_OFF')",6,3,8,37.500,ATTACK_PIVOT,50.000,1.011404,2.7495
"('TANK', 'TANK', 'NEUTRAL', 'SAFE', 'FULL', 'FIELD_SHARED', 'SLOWER', 'MEC_USED', 'CLEAN', 'CLEAN', 'NEUTRAL', 'NEUTRAL', 'CLEAR', 'CLEAR', 'OPENING', 'BANCO_AMBOS')",6,2,11,18.182,SWITCH_OFFENSIVE,83.333,0.450561,1.5692
"('TANK', 'TANK', 'NEUTRAL', 'SAFE', 'FULL', 'NORMAL', 'FASTER', 'MEC_USED', 'AFFLICTED', 'CLEAN', 'NEUTRAL', 'NEUTRAL', 'SET', 'CLEAR', 'OPENING', 'BANCO_OFF')",6,6,8,75.000,ATTACK_STRONG,16.667,1.791759,6.0000
"('TANK', 'TANK', 'CRITICAL_DIS', 'FULL', 'SAFE', 'NORMAL', 'SLOWER', 'MEC_USED', 'CLEAN', 'CLEAN', 'NEUTRAL', 'NEUTRAL', 'CLEAR', 'SET', 'RECOVERING', 'BANCO_VAZIO')",6,4,7,57.143,ATTACK_STRONG,50.000,1.242453,3.4641
"('UTILITY', 'TANK', 'CRITICAL_DIS', 'FULL', 'FULL', 'FIELD_THEIRS', 'FASTER', 'MEC_USED', 'CLEAN', 'CLEAN', 'NEUTRAL', 'NEUTRAL', 'CLEAR', 'CLEAR', 'OPENING', 'BANCO_AMBOS')",6,4,8,50.000,BUFF,33.333,1.329661,3.7798
"('TANK', 'TANK', 'OFFENSIVE_DIS', 'CRIT', 'SAFE', 'NORMAL', 'FASTER', 'MEC_USED', 'CLEAN', 'CLEAN', 'NEUTRAL', 'NEUTRAL', 'CLEAR', 'CLEAR', 'OPENING', 'BANCO_OFF')",6,5,11,45.455,HEAL,33.333,1.560710,4.7622
"('TANK', 'TANK', 'NEUTRAL', 'DANGER', 'FULL', 'FIELD_SHARED', 'SLOWER', 'MEC_USED', 'CLEAN', 'CLEAN', 'NEUTRAL', 'NEUTRAL', 'CLEAR', 'CLEAR', 'OPENING', 'BANCO_OFF')",6,4,9,44.444,ATTACK_PREDICTIVE,50.000,1.242453,3.4641
"('TANK', 'TANK', 'NEUTRAL', 'SAFE', 'DANGER', 'NORMAL', 'SLOWER', 'MEC_USED', 'CLEAN', 'CLEAN', 'NEUTRAL', 'NEUTRAL', 'SET', 'CLEAR', 'OPENING', 'BANCO_VAZIO')",6,2,9,22.222,ATTACK_STRONG,83.333,0.450561,1.5692
"('TANK', 'TANK', 'NEUTRAL', 'SAFE', 'DANGER', 'NORMAL', 'SLOWER', 'MEC_USED', 'CLEAN', 'CLEAN', 'NEUTRAL', 'NEUTRAL', 'SET', 'CLEAR', 'BRAWL', 'BANCO_VAZIO')",6,2,12,16.667,ATTACK_PREDICTIVE,66.667,0.636514,1.8899
"('TANK', 'TANK', 'DEFENSIVE_DIS', 'CRIT', 'FULL', 'NORMAL', 'SLOWER', 'MEC_USED', 'CLEAN', 'CLEAN', 'NEUTRAL', 'NEUTRAL', 'CLEAR', 'CLEAR', 'OPENING', 'BANCO_OFF')",6,3,9,33.333,ATTACK_PREDICTIVE,50.000,1.011404,2.7495
"('TANK', 'TANK', 'DEFENSIVE_DIS', 'DANGER', 'SAFE', 'NORMAL', 'FASTER', 'MEC_USED', 'CLEAN', 'CLEAN', 'NEUTRAL', 'NEUTRAL', 'SET', 'SET', 'BRAWL', 'BANCO_OFF')",6,3,8,37.500,ATTACK_STRONG,66.667,0.867563,2.3811
"('TANK', 'SWEEPER', 'OFFENSIVE_ADV', 'FULL', 'FULL', 'NORMAL', 'SLOWER', 'MEC_USED', 'CLEAN', 'CLEAN', 'NEUTRAL', 'DEBUFF', 'CLEAR', 'CLEAR', 'OPENING', 'BANCO_OFF')",6,5,10,50.000,FIELD_CONTROL,33.333,1.560710,4.7622
"('TANK', 'TANK', 'NEUTRAL', 'FULL', 'DANGER', 'NORMAL', 'SLOWER', 'MEC_USED', 'CLEAN', 'CLEAN', 'NEUTRAL', 'NEUTRAL', 'SET', 'CLEAR', 'BRAWL', 'BANCO_VAZIO')",6,5,13,38.462,HAZARD,33.333,1.560710,4.7622
"('TANK', 'TANK', 'DEFENSIVE_DIS', 'SAFE', 'FULL', 'FIELD_THEIRS', 'FASTER', 'MEC_USED', 'CLEAN', 'CLEAN', 'NEUTRAL', 'NEUTRAL', 'CLEAR', 'CLEAR', 'OPENING', 'BANCO_AMBOS')",6,6,9,66.667,ATTACK_STRONG,16.667,1.791759,6.0000
"('TANK', 'TANK', 'OFFENSIVE_DIS', 'SAFE', 'FULL', 'NORMAL', 'FASTER', 'MEC_USED', 'AFFLICTED', 'CLEAN', 'DEBUFF', 'NEUTRAL', 'CLEAR', 'CLEAR', 'CLUTCH', 'BANCO_VAZIO')",6,3,5,60.000,SWITCH_OFFENSIVE,50.000,1.011404,2.7495
"('SWEEPER', 'TANK', 'OFFENSIVE_ADV', 'FULL', 'FULL', 'FIELD_SHARED', 'FASTER', 'MEC_USED', 'CLEAN', 'CLEAN', 'NEUTRAL', 'DEBUFF', 'SET', 'CLEAR', 'OPENING', 'BANCO_OFF')",6,4,7,57.143,ATTACK_STRONG,33.333,1.329661,3.7798
"('TANK', 'TANK', 'OFFENSIVE_DIS', 'SAFE', 'DANGER', 'NORMAL', 'SLOWER', 'MEC_USED', 'CLEAN', 'CLEAN', 'NEUTRAL', 'NEUTRAL', 'CLEAR', 'SET', 'RECOVERING', 'BANCO_VAZIO')",6,4,8,50.000,STATUS,33.333,1.329661,3.7798
"('TANK', 'TANK', 'CRITICAL_DIS', 'SAFE', 'FULL', 'FIELD_OURS_OFF', 'FASTER', 'MEC_USED', 'CLEAN', 'CLEAN', 'NEUTRAL', 'NEUTRAL', 'CLEAR', 'CLEAR', 'OPENING', 'BANCO_OFF')",6,5,7,71.429,SWITCH_OFFENSIVE,33.333,1.560710,4.7622
"('TANK', 'SWEEPER', 'CRITICAL_DIS', 'FULL', 'FULL', 'NORMAL', 'SLOWER', 'MEC_USED', 'CLEAN', 'CLEAN', 'DEBUFF', 'NEUTRAL', 'CLEAR', 'CLEAR', 'OPENING', 'BANCO_OFF')",6,4,4,100.000,SWITCH_OFFENSIVE,50.000,1.242453,3.4641
"('TANK', 'SWEEPER', 'OFFENSIVE_DIS', 'FULL', 'FULL', 'NORMAL', 'SLOWER', 'MEC_USED', 'CLEAN', 'CLEAN', 'BUFFED', 'BUFFED', 'CLEAR', 'SET', 'RECOVERING', 'BANCO_VAZIO')",5,2,3,66.667,BUFF,80.000,0.500402,1.6494
"('TANK', 'TANK', 'DEFENSIVE_ADV', 'SAFE', 'FULL', 'NORMAL', 'SLOWER', 'MEC_USED', 'CLEAN', 'AFFLICTED', 'NEUTRAL', 'DEBUFF', 'SET', 'CLEAR', 'RECOVERING', 'BANCO_VAZIO')",5,2,3,66.667,ATTACK_STRONG,60.000,0.673012,1.9601
"('TANK', 'TANK', 'NEUTRAL', 'SAFE', 'SAFE', 'NORMAL', 'FASTER', 'MEC_USED', 'CLEAN', 'CLEAN', 'NEUTRAL', 'NEUTRAL', 'SET', 'CLEAR', 'CLUTCH', 'BANCO_VAZIO')",5,2,8,25.000,ATTACK_PREDICTIVE,80.000,0.500402,1.6494
"('TANK', 'TANK', 'CRITICAL_DIS', 'SAFE', 'FULL', 'NORMAL', 'FASTER', 'MEC_USED', 'CLEAN', 'CLEAN', 'NEUTRAL', 'NEUTRAL', 'SET', 'SET', 'RECOVERING', 'BANCO_VAZIO')",5,5,10,50.000,ATTACK_STRONG,20.000,1.609438,5.0000
"('TANK', 'TANK', 'VOLATILE', 'DANGER', 'FULL', 'NORMAL', 'FASTER', 'MEC_USED', 'CLEAN', 'CLEAN', 'NEUTRAL', 'NEUTRAL', 'SET', 'CLEAR', 'RECOVERING', 'BANCO_VAZIO')",5,4,10,40.000,SWITCH_DEFENSIVE,40.000,1.332179,3.7893
"('SWEEPER', 'TANK', 'DEFENSIVE_DIS', 'FULL', 'FULL', 'NORMAL', 'FASTER', 'MEC_USED', 'CLEAN', 'CLEAN', 'BUFFED', 'NEUTRAL', 'CLEAR', 'CLEAR', 'OPENING', 'BANCO_AMBOS')",5,2,4,50.000,ATTACK_STRONG,80.000,0.500402,1.6494
"('TANK', 'SWEEPER', 'VOLATILE', 'FULL', 'FULL', 'FIELD_SHARED', 'SLOWER', 'MEC_USED', 'CLEAN', 'CLEAN', 'NEUTRAL', 'NEUTRAL', 'CLEAR', 'CLEAR', 'OPENING', 'BANCO_AMBOS')",5,1,4,25.000,ATTACK_STRONG,100.000,-0.000000,1.0000
"('TANK', 'SWEEPER', 'OFFENSIVE_DIS', 'FULL', 'FULL', 'NORMAL', 'SLOWER', 'MEC_USED', 'CLEAN', 'CLEAN', 'NEUTRAL', 'NEUTRAL', 'CLEAR', 'CLEAR', 'RECOVERING', 'BANCO_VAZIO')",5,4,8,50.000,SWITCH_OFFENSIVE,40.000,1.332179,3.7893
"('SWEEPER', 'SWEEPER', 'DOMINANT', 'FULL', 'FULL', 'FIELD_THEIRS', 'SLOWER', 'MEC_USED', 'CLEAN', 'CLEAN', 'NEUTRAL', 'NEUTRAL', 'CLEAR', 'CLEAR', 'OPENING', 'BANCO_AMBOS')",5,2,7,28.571,ATTACK_PREDICTIVE,80.000,0.500402,1.6494
"('TANK', 'TANK', 'NEUTRAL', 'DANGER', 'SAFE', 'NORMAL', 'SLOWER', 'MEC_USED', 'CLEAN', 'CLEAN', 'NEUTRAL', 'NEUTRAL', 'SET', 'CLEAR', 'OPENING', 'BANCO_VAZIO')",5,5,10,50.000,ATTACK_STRONG,20.000,1.609438,5.0000
"('TANK', 'TANK', 'OFFENSIVE_ADV', 'DANGER', 'DANGER', 'NORMAL', 'FASTER', 'MEC_USED', 'CLEAN', 'CLEAN', 'NEUTRAL', 'NEUTRAL', 'CLEAR', 'CLEAR', 'OPENING', 'BANCO_OFF')",5,2,8,25.000,SWITCH_OFFENSIVE,80.000,0.500402,1.6494
"('SWEEPER', 'TANK', 'DEFENSIVE_ADV', 'SAFE', 'FULL', 'NORMAL', 'FASTER', 'MEC_USED', 'CLEAN', 'CLEAN', 'NEUTRAL', 'NEUTRAL', 'CLEAR', 'CLEAR', 'OPENING', 'BANCO_AMBOS')",5,3,5,60.000,SWITCH_DEFENSIVE,60.000,0.950271,2.5864
"('TANK', 'TANK', 'NEUTRAL', 'CRIT', 'FULL', 'NORMAL', 'FASTER', 'MEC_USED', 'CLEAN', 'CLEAN', 'NEUTRAL', 'NEUTRAL', 'CLEAR', 'CLEAR', 'RECOVERING', 'BANCO_VAZIO')",5,5,7,71.429,ATTACK_PIVOT,20.000,1.609438,5.0000
"('TANK', 'TANK', 'OFFENSIVE_DIS', 'FULL', 'FULL', 'FIELD_OURS_OFF', 'SLOWER', 'MEC_USED', 'CLEAN', 'CLEAN', 'NEUTRAL', 'NEUTRAL', 'CLEAR', 'CLEAR', 'OPENING', 'BANCO_OFF')",5,1,8,12.500,ATTACK_TECH,100.000,-0.000000,1.0000
"('TANK', 'TANK', 'NEUTRAL', 'SAFE', 'FULL', 'NORMAL', 'SLOWER', 'MEC_USED', 'AFFLICTED', 'CLEAN', 'DEBUFF', 'NEUTRAL', 'CLEAR', 'SET', 'RECOVERING', 'BANCO_VAZIO')",5,5,9,55.556,ATTACK_TECH,20.000,1.609438,5.0000
"('SWEEPER', 'TANK', 'OFFENSIVE_ADV', 'FULL', 'CRIT', 'NORMAL', 'FASTER', 'MEC_USED', 'CLEAN', 'CLEAN', 'NEUTRAL', 'DEBUFF', 'CLEAR', 'CLEAR', 'OPENING', 'BANCO_OFF')",5,3,6,50.000,ATTACK_PIVOT,40.000,1.054920,2.8717
"('TANK', 'TANK', 'VOLATILE', 'FULL', 'FULL', 'NORMAL', 'FASTER', 'MEC_USED', 'AFFLICTED', 'CLEAN', 'NEUTRAL', 'NEUTRAL', 'CLEAR', 'SET', 'RECOVERING', 'BANCO_VAZIO')",5,2,3,66.667,ATTACK_STRONG,60.000,0.673012,1.9601
"('TANK', 'TANK', 'VOLATILE', 'FULL', 'FULL', 'FIELD_SHARED', 'FASTER', 'MEC_AVAIL', 'CLEAN', 'CLEAN', 'NEUTRAL', 'NEUTRAL', 'CLEAR', 'CLEAR', 'OPENING', 'BANCO_AMBOS')",5,3,11,27.273,BUFF,40.000,1.054920,2.8717
"('TANK', 'TANK', 'OFFENSIVE_ADV', 'FULL', 'SAFE', 'NORMAL', 'FASTER', 'MEC_USED', 'CLEAN', 'CLEAN', 'NEUTRAL', 'NEUTRAL', 'SET', 'SET', 'BRAWL', 'BANCO_OFF')",5,2,8,25.000,ATTACK_STRONG,80.000,0.500402,1.6494
"('TANK', 'TANK', 'DEFENSIVE_DIS', 'FULL', 'FULL', 'FIELD_OURS_DEF', 'FASTER', 'MEC_AVAIL', 'CLEAN', 'CLEAN', 'NEUTRAL', 'NEUTRAL', 'CLEAR', 'CLEAR', 'OPENING', 'BANCO_OFF')",5,4,12,33.333,ATTACK_STRONG,40.000,1.332179,3.7893
"('TANK', 'TANK', 'NEUTRAL', 'SAFE', 'DANGER', 'NORMAL', 'FASTER', 'MEC_USED', 'CLEAN', 'CLEAN', 'NEUTRAL', 'NEUTRAL', 'SET', 'CLEAR', 'OPENING', 'BANCO_OFF')",5,3,8,37.500,CLEAN_HAZARD,60.000,0.950271,2.5864
"('TANK', 'SWEEPER', 'OFFENSIVE_ADV', 'SAFE', 'FULL', 'NORMAL', 'SLOWER', 'MEC_AVAIL', 'CLEAN', 'CLEAN', 'NEUTRAL', 'NEUTRAL', 'CLEAR', 'CLEAR', 'OPENING', 'BANCO_OFF')",5,4,12,33.333,HEAL,40.000,1.332179,3.7893
"('TANK', 'TANK', 'OFFENSIVE_DIS', 'FULL', 'FULL', 'NORMAL', 'SLOWER', 'MEC_USED', 'CLEAN', 'CLEAN', 'NEUTRAL', 'NEUTRAL', 'CLEAR', 'CLEAR', 'BRAWL', 'BANCO_VAZIO')",5,5,7,71.429,ATTACK_PIVOT,20.000,1.609438,5.0000
"('UTILITY', 'TANK', 'NEUTRAL', 'FULL', 'SAFE', 'NORMAL', 'FASTER', 'MEC_USED', 'CLEAN', 'CLEAN', 'NEUTRAL', 'NEUTRAL', 'CLEAR', 'CLEAR', 'OPENING', 'BANCO_OFF')",5,3,7,42.857,SWITCH_OFFENSIVE,60.000,0.950271,2.5864
"('TANK', 'TANK', 'OFFENSIVE_DIS', 'FULL', 'FULL', 'NORMAL', 'SLOWER', 'MEC_USED', 'AFFLICTED', 'AFFLICTED', 'NEUTRAL', 'NEUTRAL', 'CLEAR', 'CLEAR', 'BRAWL', 'BANCO_OFF')",5,2,2,100.000,SWITCH_OFFENSIVE,60.000,0.673012,1.9601
"('TANK', 'TANK', 'OFFENSIVE_DIS', 'SAFE', 'FULL', 'NORMAL', 'FASTER', 'MEC_USED', 'CLEAN', 'CLEAN', 'NEUTRAL', 'NEUTRAL', 'SET', 'CLEAR', 'BRAWL', 'BANCO_OFF')",5,4,9,44.444,ATTACK_STRONG,40.000,1.332179,3.7893
"('TANK', 'SWEEPER', 'OFFENSIVE_ADV', 'FULL', 'FULL', 'FIELD_OURS_DEF', 'FASTER', 'MEC_USED', 'CLEAN', 'CLEAN', 'DEBUFF', 'NEUTRAL', 'CLEAR', 'CLEAR', 'OPENING', 'BANCO_OFF')",5,1,5,20.000,ATTACK_STRONG,100.000,-0.000000,1.0000
"('SWEEPER', 'TANK', 'NEUTRAL', 'SAFE', 'FULL', 'NORMAL', 'FASTER', 'MEC_USED', 'CLEAN', 'CLEAN', 'NEUTRAL', 'DEBUFF', 'CLEAR', 'CLEAR', 'OPENING', 'BANCO_OFF')",5,3,8,37.500,ATTACK_PREDICTIVE,60.000,0.950271,2.5864
"('TANK', 'TANK', 'NEUTRAL', 'FULL', 'FULL', 'NORMAL', 'SLOWER', 'MEC_USED', 'CLEAN', 'AFFLICTED', 'NEUTRAL', 'NEUTRAL', 'CLEAR', 'CLEAR', 'OPENING', 'BANCO_VAZIO')",5,3,9,33.333,ATTACK_STRONG,40.000,1.054920,2.8717
"('TANK', 'TANK', 'DEFENSIVE_DIS', 'DANGER', 'SAFE', 'NORMAL', 'SLOWER', 'MEC_USED', 'CLEAN', 'AFFLICTED', 'NEUTRAL', 'NEUTRAL', 'SET', 'SET', 'CLUTCH', 'BANCO_VAZIO')",5,1,8,12.500,ATTACK_STRONG,100.000,-0.000000,1.0000
"('TANK', 'TANK', 'DEFENSIVE_DIS', 'SAFE', 'FULL', 'NORMAL', 'SLOWER', 'MEC_USED', 'CLEAN', 'CLEAN', 'NEUTRAL', 'NEUTRAL', 'CLEAR', 'SET', 'OPENING', 'BANCO_OFF')",5,3,10,30.000,ATTACK_PREDICTIVE,40.000,1.054920,2.8717
"('TANK', 'TANK', 'NEUTRAL', 'FULL', 'SAFE', 'NORMAL', 'SLOWER', 'MEC_USED', 'CLEAN', 'AFFLICTED', 'NEUTRAL', 'DEBUFF', 'SET', 'CLEAR', 'CLUTCH', 'BANCO_VAZIO')",5,1,7,14.286,ATTACK_STRONG,100.000,-0.000000,1.0000
"('TANK', 'TANK', 'NEUTRAL', 'SAFE', 'SAFE', 'NORMAL', 'SLOWER', 'MEC_USED', 'CLEAN', 'CLEAN', 'NEUTRAL', 'NEUTRAL', 'CLEAR', 'CLEAR', 'CLUTCH', 'BANCO_VAZIO')",5,1,7,14.286,HEAL,100.000,-0.000000,1.0000
"('TANK', 'TANK', 'DEFENSIVE_DIS', 'CRIT', 'FULL', 'NORMAL', 'FASTER', 'MEC_USED', 'CLEAN', 'CLEAN', 'NEUTRAL', 'NEUTRAL', 'CLEAR', 'CLEAR', 'OPENING', 'BANCO_AMBOS')",5,4,8,50.000,ATTACK_PREDICTIVE,40.000,1.332179,3.7893
"('TANK', 'TANK', 'OFFENSIVE_DIS', 'FULL', 'FULL', 'NORMAL', 'SLOWER', 'MEC_USED', 'CLEAN', 'CLEAN', 'NEUTRAL', 'NEUTRAL', 'SET', 'CLEAR', 'BRAWL', 'BANCO_OFF')",5,2,9,22.222,ATTACK_PREDICTIVE,60.000,0.673012,1.9601
"('UTILITY', 'SWEEPER', 'NEUTRAL', 'FULL', 'FULL', 'NORMAL', 'SLOWER', 'MEC_USED', 'CLEAN', 'CLEAN', 'NEUTRAL', 'NEUTRAL', 'CLEAR', 'CLEAR', 'OPENING', 'BANCO_AMBOS')",5,2,8,25.000,BUFF,60.000,0.673012,1.9601
"('TANK', 'UTILITY', 'NEUTRAL', 'FULL', 'SAFE', 'NORMAL', 'SLOWER', 'MEC_USED', 'CLEAN', 'CLEAN', 'NEUTRAL', 'NEUTRAL', 'CLEAR', 'CLEAR', 'OPENING', 'BANCO_OFF')",5,4,8,50.000,ATTACK_TECH,40.000,1.332179,3.7893
"('SWEEPER', 'TANK', 'NEUTRAL', 'SAFE', 'FULL', 'FIELD_OURS_OFF', 'FASTER', 'MEC_USED', 'CLEAN', 'CLEAN', 'NEUTRAL', 'NEUTRAL', 'CLEAR', 'CLEAR', 'OPENING', 'BANCO_AMBOS')",5,2,9,22.222,ATTACK_PREDICTIVE,60.000,0.673012,1.9601
"('TANK', 'TANK', 'NEUTRAL', 'SAFE', 'DANGER', 'NORMAL', 'FASTER', 'MEC_USED', 'CLEAN', 'CLEAN', 'NEUTRAL', 'NEUTRAL', 'CLEAR', 'SET', 'OPENING', 'BANCO_VAZIO')",5,4,9,44.444,ATTACK_PREDICTIVE,40.000,1.332179,3.7893
"('TANK', 'TANK', 'OFFENSIVE_DIS', 'FULL', 'FULL', 'NORMAL', 'FASTER', 'MEC_USED', 'CLEAN', 'CLEAN', 'NEUTRAL', 'NEUTRAL', 'CLEAR', 'CLEAR', 'BRAWL', 'BANCO_VAZIO')",5,4,8,50.000,SWITCH_DEFENSIVE,40.000,1.332179,3.7893
"('TANK', 'SWEEPER', 'OFFENSIVE_DIS', 'FULL', 'FULL', 'FIELD_THEIRS', 'SLOWER', 'MEC_USED', 'CLEAN', 'CLEAN', 'NEUTRAL', 'NEUTRAL', 'CLEAR', 'CLEAR', 'OPENING', 'BANCO_VAZIO')",5,4,9,44.444,SWITCH_OFFENSIVE,40.000,1.332179,3.7893
"('SWEEPER', 'TANK', 'VOLATILE', 'FULL', 'FULL', 'FIELD_OURS_OFF', 'FASTER', 'MEC_AVAIL', 'CLEAN', 'CLEAN', 'NEUTRAL', 'NEUTRAL', 'CLEAR', 'CLEAR', 'OPENING', 'BANCO_OFF')",5,1,8,12.500,ATTACK_STRONG_MEC,100.000,-0.000000,1.0000
"('SWEEPER', 'TANK', 'OFFENSIVE_ADV', 'FULL', 'SAFE', 'NORMAL', 'FASTER', 'MEC_USED', 'CLEAN', 'CLEAN', 'NEUTRAL', 'DEBUFF', 'SET', 'CLEAR', 'OPENING', 'BANCO_OFF')",5,4,7,57.143,SWITCH_DEFENSIVE,40.000,1.332179,3.7893
"('TANK', 'TANK', 'DEFENSIVE_DIS', 'DANGER', 'FULL', 'NORMAL', 'SLOWER', 'MEC_USED', 'CLEAN', 'AFFLICTED', 'NEUTRAL', 'NEUTRAL', 'SET', 'SET', 'CLUTCH', 'BANCO_VAZIO')",5,2,8,25.000,HEAL,80.000,0.500402,1.6494
"('TANK', 'TANK', 'NEUTRAL', 'SAFE', 'FULL', 'FIELD_SHARED', 'FASTER', 'MEC_AVAIL', 'CLEAN', 'CLEAN', 'NEUTRAL', 'NEUTRAL', 'CLEAR', 'CLEAR', 'OPENING', 'BANCO_OFF')",5,2,10,20.000,ATTACK_STRONG_MEC,80.000,0.500402,1.6494
"('TANK', 'TANK', 'STALEMATE', 'FULL', 'FULL', 'FIELD_SHARED', 'SLOWER', 'MEC_USED', 'CLEAN', 'AFFLICTED', 'NEUTRAL', 'NEUTRAL', 'CLEAR', 'CLEAR', 'OPENING', 'BANCO_OFF')",5,4,7,57.143,HAZARD,40.000,1.332179,3.7893
"('SWEEPER', 'SWEEPER', 'NEUTRAL', 'FULL', 'FULL', 'FIELD_OURS_OFF', 'FASTER', 'MEC_USED', 'CLEAN', 'CLEAN', 'NEUTRAL', 'NEUTRAL', 'CLEAR', 'CLEAR', 'OPENING', 'BANCO_AMBOS')",5,1,7,14.286,SWITCH_OFFENSIVE,100.000,-0.000000,1.0000
"('TANK', 'TANK', 'OFFENSIVE_ADV', 'FULL', 'CRIT', 'NORMAL', 'SLOWER', 'MEC_USED', 'CLEAN', 'CLEAN', 'NEUTRAL', 'NEUTRAL', 'CLEAR', 'CLEAR', 'OPENING', 'BANCO_OFF')",5,5,10,50.000,ATTACK_STRONG,20.000,1.609438,5.0000
"('TANK', 'TANK', 'DEFENSIVE_DIS', 'FULL', 'FULL', 'NORMAL', 'SLOWER', 'MEC_USED', 'CLEAN', 'CLEAN', 'NEUTRAL', 'NEUTRAL', 'SET', 'SET', 'RECOVERING', 'BANCO_VAZIO')",5,4,7,57.143,STAT_CLEAN,40.000,1.332179,3.7893
"('TANK', 'TANK', 'OFFENSIVE_ADV', 'FULL', 'FULL', 'FIELD_SHARED', 'FASTER', 'MEC_AVAIL', 'CLEAN', 'CLEAN', 'NEUTRAL', 'NEUTRAL', 'SET', 'CLEAR', 'OPENING', 'BANCO_AMBOS')",5,4,10,40.000,ATTACK_PREDICTIVE,40.000,1.332179,3.7893
"('TANK', 'TANK', 'DOMINANT', 'FULL', 'FULL', 'FIELD_THEIRS', 'FASTER', 'MEC_USED', 'CLEAN', 'CLEAN', 'NEUTRAL', 'NEUTRAL', 'SET', 'CLEAR', 'OPENING', 'BANCO_AMBOS')",5,5,11,45.455,ATTACK_PIVOT,20.000,1.609438,5.0000
"('TANK', 'TANK', 'NEUTRAL', 'CRIT', 'SAFE', 'NORMAL', 'FASTER', 'MEC_USED', 'CLEAN', 'CLEAN', 'NEUTRAL', 'NEUTRAL', 'SET', 'SET', 'CLUTCH', 'BANCO_VAZIO')",5,3,10,30.000,SWITCH_OFFENSIVE,60.000,0.950271,2.5864
"('SWEEPER', 'TANK', 'VOLATILE', 'FULL', 'FULL', 'NORMAL', 'FASTER', 'MEC_USED', 'CLEAN', 'CLEAN', 'NEUTRAL', 'DEBUFF', 'CLEAR', 'CLEAR', 'OPENING', 'BANCO_AMBOS')",5,4,6,66.667,SWITCH_DEFENSIVE,40.000,1.332179,3.7893
"('TANK', 'UTILITY', 'OFFENSIVE_ADV', 'FULL', 'FULL', 'FIELD_OURS_OFF', 'SLOWER', 'MEC_USED', 'CLEAN', 'CLEAN', 'NEUTRAL', 'NEUTRAL', 'CLEAR', 'CLEAR', 'OPENING', 'BANCO_OFF')",5,2,8,25.000,ATTACK_TECH,80.000,0.500402,1.6494
"('TANK', 'TANK', 'NEUTRAL', 'SAFE', 'FULL', 'NORMAL', 'SLOWER', 'MEC_USED', 'CLEAN', 'CLEAN', 'NEUTRAL', 'NEUTRAL', 'SET', 'CLEAR', 'RECOVERING', 'BANCO_VAZIO')",5,5,13,38.462,ATTACK_TECH,20.000,1.609438,5.0000
"('SWEEPER', 'TANK', 'CRITICAL_DIS', 'FULL', 'FULL', 'FIELD_THEIRS', 'FASTER', 'MEC_USED', 'CLEAN', 'CLEAN', 'NEUTRAL', 'NEUTRAL', 'CLEAR', 'CLEAR', 'OPENING', 'BANCO_AMBOS')",5,3,5,60.000,SWITCH_DEFENSIVE,60.000,0.950271,2.5864
"('TANK', 'TANK', 'OFFENSIVE_ADV', 'SAFE', 'FULL', 'NORMAL', 'FASTER', 'MEC_USED', 'AFFLICTED', 'CLEAN', 'NEUTRAL', 'NEUTRAL', 'CLEAR', 'CLEAR', 'OPENING', 'BANCO_OFF')",5,2,7,28.571,HEAL,80.000,0.500402,1.6494
"('TANK', 'TANK', 'DEFENSIVE_DIS', 'SAFE', 'SAFE', 'NORMAL', 'FASTER', 'MEC_USED', 'CLEAN', 'CLEAN', 'NEUTRAL', 'NEUTRAL', 'CLEAR', 'CLEAR', 'OPENING', 'BANCO_VAZIO')",5,4,7,57.143,STATUS,40.000,1.332179,3.7893
"('TANK', 'TANK', 'OFFENSIVE_ADV', 'SAFE', 'DANGER', 'NORMAL', 'FASTER', 'MEC_USED', 'CLEAN', 'CLEAN', 'NEUTRAL', 'NEUTRAL', 'CLEAR', 'SET', 'OPENING', 'BANCO_OFF')",5,3,7,42.857,ATTACK_PREDICTIVE,60.000,0.950271,2.5864
"('TANK', 'TANK', 'OFFENSIVE_DIS', 'SAFE', 'FULL', 'FIELD_SHARED', 'FASTER', 'MEC_USED', 'CLEAN', 'CLEAN', 'NEUTRAL', 'NEUTRAL', 'CLEAR', 'CLEAR', 'OPENING', 'BANCO_OFF')",5,1,7,14.286,HEAL,100.000,-0.000000,1.0000
"('TANK', 'TANK', 'NEUTRAL', 'FULL', 'SAFE', 'FIELD_SHARED', 'SLOWER', 'MEC_USED', 'CLEAN', 'CLEAN', 'NEUTRAL', 'NEUTRAL', 'CLEAR', 'SET', 'OPENING', 'BANCO_OFF')",5,4,8,50.000,ATTACK_PREDICTIVE,40.000,1.332179,3.7893
"('TANK', 'TANK', 'OFFENSIVE_DIS', 'FULL', 'SAFE', 'FIELD_SHARED', 'SLOWER', 'MEC_USED', 'CLEAN', 'CLEAN', 'NEUTRAL', 'NEUTRAL', 'CLEAR', 'CLEAR', 'OPENING', 'BANCO_VAZIO')",5,4,8,50.000,SWITCH_OFFENSIVE,40.000,1.332179,3.7893
"('SWEEPER', 'TANK', 'DOMINANT', 'FULL', 'FULL', 'FIELD_SHARED', 'FASTER', 'MEC_USED', 'CLEAN', 'CLEAN', 'NEUTRAL', 'NEUTRAL', 'CLEAR', 'CLEAR', 'OPENING', 'BANCO_OFF')",5,1,8,12.500,ATTACK_STRONG,100.000,-0.000000,1.0000
"('TANK', 'TANK', 'NEUTRAL', 'FULL', 'FULL', 'FIELD_OURS_OFF', 'FASTER', 'MEC_AVAIL', 'CLEAN', 'CLEAN', 'NEUTRAL', 'NEUTRAL', 'CLEAR', 'CLEAR', 'OPENING', 'BANCO_VAZIO')",5,2,10,20.000,BUFF,80.000,0.500402,1.6494
"('TANK', 'TANK', 'OFFENSIVE_ADV', 'FULL', 'SAFE', 'NORMAL', 'SLOWER', 'MEC_USED', 'CLEAN', 'CLEAN', 'NEUTRAL', 'NEUTRAL', 'CLEAR', 'SET', 'OPENING', 'BANCO_OFF')",5,3,10,30.000,ATTACK_PREDICTIVE,60.000,0.950271,2.5864
"('TANK', 'TANK', 'DEFENSIVE_DIS', 'SAFE', 'FULL', 'FIELD_OURS_OFF', 'SLOWER', 'MEC_USED', 'CLEAN', 'CLEAN', 'NEUTRAL', 'NEUTRAL', 'CLEAR', 'CLEAR', 'OPENING', 'BANCO_AMBOS')",5,1,9,11.111,SWITCH_DEFENSIVE,100.000,-0.000000,1.0000
"('TANK', 'TANK', 'OFFENSIVE_ADV', 'FULL', 'SAFE', 'NORMAL', 'FASTER', 'MEC_USED', 'CLEAN', 'CLEAN', 'NEUTRAL', 'NEUTRAL', 'CLEAR', 'CLEAR', 'OPENING', 'BANCO_VAZIO')",5,4,5,80.000,ATTACK_PIVOT,40.000,1.332179,3.7893
"('UTILITY', 'TANK', 'OFFENSIVE_ADV', 'FULL', 'FULL', 'NORMAL', 'FASTER', 'MEC_USED', 'CLEAN', 'CLEAN', 'NEUTRAL', 'NEUTRAL', 'CLEAR', 'CLEAR', 'OPENING', 'BANCO_DEF')",5,2,8,25.000,ATTACK_STRONG,80.000,0.500402,1.6494
"('TANK', 'TANK', 'DEFENSIVE_ADV', 'SAFE', 'FULL', 'NORMAL', 'SLOWER', 'MEC_USED', 'CLEAN', 'CLEAN', 'NEUTRAL', 'NEUTRAL', 'SET', 'CLEAR', 'OPENING', 'BANCO_AMBOS')",5,2,11,18.182,HEAL,60.000,0.673012,1.9601
"('TANK', 'UTILITY', 'OFFENSIVE_ADV', 'SAFE', 'FULL', 'FIELD_SHARED', 'SLOWER', 'MEC_USED', 'CLEAN', 'CLEAN', 'NEUTRAL', 'NEUTRAL', 'CLEAR', 'CLEAR', 'OPENING', 'BANCO_OFF')",5,4,8,50.000,BUFF,40.000,1.332179,3.7893
"('TANK', 'TANK', 'NEUTRAL', 'SAFE', 'SAFE', 'NORMAL', 'FASTER', 'MEC_USED', 'CLEAN', 'CLEAN', 'NEUTRAL', 'NEUTRAL', 'SET', 'SET', 'OPENING', 'BANCO_AMBOS')",5,3,8,37.500,ATTACK_PREDICTIVE,40.000,1.054920,2.8717
"('TANK', 'SWEEPER', 'VOLATILE', 'FULL', 'FULL', 'FIELD_OURS_DEF', 'SLOWER', 'MEC_AVAIL', 'CLEAN', 'CLEAN', 'DEBUFF', 'NEUTRAL', 'CLEAR', 'CLEAR', 'OPENING', 'BANCO_OFF')",5,1,6,16.667,ATTACK_STRONG,100.000,-0.000000,1.0000
"('TANK', 'TANK', 'DEFENSIVE_ADV', 'SAFE', 'SAFE', 'NORMAL', 'SLOWER', 'MEC_USED', 'CLEAN', 'CLEAN', 'NEUTRAL', 'NEUTRAL', 'CLEAR', 'CLEAR', 'OPENING', 'BANCO_OFF')",5,2,9,22.222,ATTACK_PREDICTIVE,80.000,0.500402,1.6494
"('TANK', 'SWEEPER', 'VOLATILE', 'FULL', 'FULL', 'FIELD_THEIRS', 'SLOWER', 'MEC_USED', 'CLEAN', 'CLEAN', 'NEUTRAL', 'NEUTRAL', 'CLEAR', 'CLEAR', 'OPENING', 'BANCO_OFF')",5,4,10,40.000,SWITCH_OFFENSIVE,40.000,1.332179,3.7893
"('TANK', 'TANK', 'NEUTRAL', 'SAFE', 'SAFE', 'NORMAL', 'SLOWER', 'MEC_USED', 'CLEAN', 'CLEAN', 'NEUTRAL', 'NEUTRAL', 'CLEAR', 'SET', 'OPENING', 'BANCO_AMBOS')",5,3,8,37.500,ATTACK_STRONG,40.000,1.054920,2.8717
"('TANK', 'TANK', 'VOLATILE', 'DANGER', 'FULL', 'NORMAL', 'FASTER', 'MEC_USED', 'CLEAN', 'CLEAN', 'NEUTRAL', 'NEUTRAL', 'CLEAR', 'SET', 'RECOVERING', 'BANCO_VAZIO')",5,1,1,100.000,ATTACK_PIVOT,100.000,-0.000000,1.0000
"('TANK', 'TANK', 'OFFENSIVE_ADV', 'CRIT', 'SAFE', 'NORMAL', 'FASTER', 'MEC_USED', 'CLEAN', 'CLEAN', 'NEUTRAL', 'NEUTRAL', 'SET', 'CLEAR', 'OPENING', 'BANCO_OFF')",5,5,8,62.500,ATTACK_PREDICTIVE,20.000,1.609438,5.0000
"('TANK', 'TANK', 'OFFENSIVE_ADV', 'FULL', 'SAFE', 'FIELD_SHARED', 'FASTER', 'MEC_USED', 'CLEAN', 'CLEAN', 'NEUTRAL', 'DEBUFF', 'CLEAR', 'CLEAR', 'OPENING', 'BANCO_OFF')",5,2,7,28.571,HEAL,80.000,0.500402,1.6494
"('TANK', 'UTILITY', 'NEUTRAL', 'FULL', 'SAFE', 'NORMAL', 'SLOWER', 'MEC_USED', 'AFFLICTED', 'CLEAN', 'NEUTRAL', 'NEUTRAL', 'CLEAR', 'CLEAR', 'RECOVERING', 'BANCO_VAZIO')",4,2,2,100.000,STATUS,75.000,0.562335,1.7548
"('TANK', 'UTILITY', 'NEUTRAL', 'FULL', 'FULL', 'NORMAL', 'SLOWER', 'MEC_USED', 'AFFLICTED', 'CLEAN', 'NEUTRAL', 'NEUTRAL', 'CLEAR', 'CLEAR', 'CLUTCH', 'BANCO_VAZIO')",4,3,3,100.000,CLEAN_HAZARD,50.000,1.039721,2.8284
"('TANK', 'TANK', 'NEUTRAL', 'FULL', 'DANGER', 'FIELD_THEIRS', 'SLOWER', 'MEC_USED', 'CLEAN', 'CLEAN', 'NEUTRAL', 'NEUTRAL', 'SET', 'SET', 'RECOVERING', 'BANCO_VAZIO')",4,2,8,25.000,ATTACK_STRONG,75.000,0.562335,1.7548
"('TANK', 'TANK', 'OFFENSIVE_ADV', 'FULL', 'DANGER', 'NORMAL', 'FASTER', 'MEC_USED', 'AFFLICTED', 'CLEAN', 'NEUTRAL', 'BUFFED', 'CLEAR', 'CLEAR', 'CLUTCH', 'BANCO_VAZIO')",4,1,3,33.333,ATTACK_PREDICTIVE,100.000,-0.000000,1.0000
"('TANK', 'TANK', 'OFFENSIVE_DIS', 'FULL', 'SAFE', 'NORMAL', 'SLOWER', 'MEC_USED', 'CLEAN', 'CLEAN', 'DEBUFF', 'NEUTRAL', 'SET', 'SET', 'CLUTCH', 'BANCO_VAZIO')",4,3,6,50.000,SWITCH_OFFENSIVE,50.000,1.039721,2.8284
"('SWEEPER', 'TANK', 'NEUTRAL', 'SAFE', 'FULL', 'NORMAL', 'FASTER', 'MEC_USED', 'CLEAN', 'AFFLICTED', 'NEUTRAL', 'DEBUFF', 'SET', 'CLEAR', 'CLUTCH', 'BANCO_VAZIO')",4,3,7,42.857,ATTACK_STRONG,50.000,1.039721,2.8284
"('TANK', 'TANK', 'STALEMATE', 'FULL', 'FULL', 'NORMAL', 'SLOWER', 'MEC_USED', 'AFFLICTED', 'AFFLICTED', 'NEUTRAL', 'NEUTRAL', 'CLEAR', 'CLEAR', 'RECOVERING', 'BANCO_VAZIO')",4,1,6,16.667,ATTACK_PREDICTIVE,100.000,-0.000000,1.0000
"('TANK', 'SWEEPER', 'DOMINANT', 'FULL', 'FULL', 'NORMAL', 'SLOWER', 'MEC_AVAIL', 'CLEAN', 'CLEAN', 'NEUTRAL', 'NEUTRAL', 'CLEAR', 'CLEAR', 'OPENING', 'BANCO_AMBOS')",4,4,7,57.143,ATTACK_STRONG,25.000,1.386294,4.0000
"('TANK', 'TANK', 'DEFENSIVE_DIS', 'FULL', 'SAFE', 'FIELD_THEIRS', 'FASTER', 'MEC_USED', 'CLEAN', 'CLEAN', 'NEUTRAL', 'NEUTRAL', 'CLEAR', 'CLEAR', 'OPENING', 'BANCO_OFF')",4,3,7,42.857,STATUS,50.000,1.039721,2.8284
"('TANK', 'TANK', 'NEUTRAL', 'FULL', 'FULL', 'NORMAL', 'FASTER', 'MEC_USED', 'CLEAN', 'CLEAN', 'NEUTRAL', 'NEUTRAL', 'SET', 'CLEAR', 'BRAWL', 'BANCO_VAZIO')",4,4,10,40.000,ATTACK_STRONG,25.000,1.386294,4.0000
"('TANK', 'TANK', 'OFFENSIVE_DIS', 'SAFE', 'DANGER', 'NORMAL', 'FASTER', 'MEC_USED', 'CLEAN', 'CLEAN', 'NEUTRAL', 'NEUTRAL', 'CLEAR', 'SET', 'RECOVERING', 'BANCO_VAZIO')",4,3,11,27.273,SWITCH_DEFENSIVE,50.000,1.039721,2.8284
"('UTILITY', 'TANK', 'OFFENSIVE_ADV', 'SAFE', 'FULL', 'NORMAL', 'FASTER', 'MEC_USED', 'CLEAN', 'CLEAN', 'DEBUFF', 'NEUTRAL', 'CLEAR', 'CLEAR', 'CLUTCH', 'BANCO_VAZIO')",4,1,1,100.000,ATTACK_STRONG,100.000,-0.000000,1.0000
"('TANK', 'TANK', 'NEUTRAL', 'DANGER', 'FULL', 'NORMAL', 'SLOWER', 'MEC_USED', 'CLEAN', 'CLEAN', 'NEUTRAL', 'NEUTRAL', 'CLEAR', 'SET', 'RECOVERING', 'BANCO_VAZIO')",4,4,9,44.444,ATTACK_STRONG,25.000,1.386294,4.0000
"('TANK', 'TANK', 'NEUTRAL', 'SAFE', 'CRIT', 'NORMAL', 'SLOWER', 'MEC_USED', 'CLEAN', 'CLEAN', 'NEUTRAL', 'NEUTRAL', 'CLEAR', 'CLEAR', 'RECOVERING', 'BANCO_VAZIO')",4,1,5,20.000,ATTACK_STRONG,100.000,-0.000000,1.0000
"('TANK', 'TANK', 'VOLATILE', 'FULL', 'FULL', 'FIELD_SHARED', 'FASTER', 'MEC_USED', 'CLEAN', 'CLEAN', 'NEUTRAL', 'NEUTRAL', 'CLEAR', 'SET', 'OPENING', 'BANCO_OFF')",4,2,7,28.571,ATTACK_STRONG,75.000,0.562335,1.7548
"('TANK', 'TANK', 'NEUTRAL', 'FULL', 'FULL', 'NORMAL', 'FASTER', 'MEC_USED', 'AFFLICTED', 'CLEAN', 'NEUTRAL', 'NEUTRAL', 'CLEAR', 'CLEAR', 'OPENING', 'BANCO_OFF')",4,3,7,42.857,SWITCH_DEFENSIVE,50.000,1.039721,2.8284
"('TANK', 'TANK', 'CRITICAL_DIS', 'SAFE', 'FULL', 'NORMAL', 'SLOWER', 'MEC_USED', 'CLEAN', 'CLEAN', 'NEUTRAL', 'NEUTRAL', 'SET', 'CLEAR', 'OPENING', 'BANCO_AMBOS')",4,4,10,40.000,STATUS,25.000,1.386294,4.0000
"('TANK', 'TANK', 'NEUTRAL', 'SAFE', 'SAFE', 'NORMAL', 'SLOWER', 'MEC_USED', 'CLEAN', 'CLEAN', 'NEUTRAL', 'NEUTRAL', 'SET', 'CLEAR', 'BRAWL', 'BANCO_OFF')",4,4,11,36.364,ATTACK_PREDICTIVE,25.000,1.386294,4.0000
"('TANK', 'SWEEPER', 'OFFENSIVE_ADV', 'FULL', 'FULL', 'NORMAL', 'SLOWER', 'MEC_AVAIL', 'CLEAN', 'CLEAN', 'NEUTRAL', 'BUFFED', 'CLEAR', 'CLEAR', 'OPENING', 'BANCO_OFF')",4,2,10,20.000,ATTACK_STRONG_MEC,75.000,0.562335,1.7548
"('TANK', 'TANK', 'NEUTRAL', 'SAFE', 'FULL', 'NORMAL', 'SLOWER', 'MEC_USED', 'CLEAN', 'CLEAN', 'NEUTRAL', 'NEUTRAL', 'CLEAR', 'SET', 'CLUTCH', 'BANCO_VAZIO')",4,3,9,33.333,ATTACK_PIVOT,50.000,1.039721,2.8284
"('TANK', 'TANK', 'OFFENSIVE_ADV', 'SAFE', 'SAFE', 'NORMAL', 'FASTER', 'MEC_USED', 'AFFLICTED', 'CLEAN', 'NEUTRAL', 'NEUTRAL', 'CLEAR', 'SET', 'RECOVERING', 'BANCO_VAZIO')",4,4,5,80.000,ATTACK_STRONG,25.000,1.386294,4.0000
"('TANK', 'TANK', 'NEUTRAL', 'FULL', 'SAFE', 'NORMAL', 'SLOWER', 'MEC_USED', 'CLEAN', 'CLEAN', 'NEUTRAL', 'NEUTRAL', 'SET', 'CLEAR', 'BRAWL', 'BANCO_OFF')",4,2,9,22.222,CLEAN_HAZARD,50.000,0.693147,2.0000
"('TANK', 'TANK', 'OFFENSIVE_DIS', 'SAFE', 'SAFE', 'NORMAL', 'FASTER', 'MEC_USED', 'CLEAN', 'CLEAN', 'NEUTRAL', 'NEUTRAL', 'SET', 'SET', 'OPENING', 'BANCO_OFF')",4,3,9,33.333,STAT_CLEAN,50.000,1.039721,2.8284
"('TANK', 'TANK', 'OFFENSIVE_DIS', 'FULL', 'SAFE', 'NORMAL', 'SLOWER', 'MEC_USED', 'CLEAN', 'CLEAN', 'NEUTRAL', 'NEUTRAL', 'CLEAR', 'SET', 'OPENING', 'BANCO_OFF')",4,1,10,10.000,ATTACK_TECH,100.000,-0.000000,1.0000
"('TANK', 'TANK', 'OFFENSIVE_ADV', 'SAFE', 'FULL', 'NORMAL', 'FASTER', 'MEC_USED', 'CLEAN', 'CLEAN', 'NEUTRAL', 'NEUTRAL', 'CLEAR', 'CLEAR', 'RECOVERING', 'BANCO_VAZIO')",4,4,6,66.667,ATTACK_TECH,25.000,1.386294,4.0000
"('TANK', 'SWEEPER', 'OFFENSIVE_ADV', 'FULL', 'FULL', 'NORMAL', 'SLOWER', 'MEC_USED', 'CLEAN', 'CLEAN', 'NEUTRAL', 'NEUTRAL', 'CLEAR', 'CLEAR', 'OPENING', 'BANCO_VAZIO')",4,4,10,40.000,ATTACK_PIVOT,25.000,1.386294,4.0000
"('TANK', 'TANK', 'DEFENSIVE_DIS', 'SAFE', 'SAFE', 'NORMAL', 'SLOWER', 'MEC_USED', 'CLEAN', 'CLEAN', 'NEUTRAL', 'NEUTRAL', 'CLEAR', 'CLEAR', 'CLUTCH', 'BANCO_VAZIO')",4,2,7,28.571,HEAL,75.000,0.562335,1.7548
"('TANK', 'TANK', 'NEUTRAL', 'DANGER', 'SAFE', 'NORMAL', 'SLOWER', 'MEC_USED', 'CLEAN', 'CLEAN', 'NEUTRAL', 'NEUTRAL', 'CLEAR', 'CLEAR', 'RECOVERING', 'BANCO_VAZIO')",4,4,9,44.444,ATTACK_PREDICTIVE,25.000,1.386294,4.0000
"('TANK', 'TANK', 'VOLATILE', 'FULL', 'FULL', 'FIELD_OURS_DEF', 'SLOWER', 'MEC_USED', 'CLEAN', 'CLEAN', 'NEUTRAL', 'NEUTRAL', 'CLEAR', 'CLEAR', 'OPENING', 'BANCO_DEF')",4,1,4,25.000,ATTACK_PREDICTIVE,100.000,-0.000000,1.0000
"('TANK', 'TANK', 'NEUTRAL', 'SAFE', 'SAFE', 'NORMAL', 'FASTER', 'MEC_USED', 'CLEAN', 'CLEAN', 'NEUTRAL', 'NEUTRAL', 'CLEAR', 'SET', 'BRAWL', 'BANCO_VAZIO')",4,3,9,33.333,ATTACK_STRONG,50.000,1.039721,2.8284
"('TANK', 'TANK', 'VOLATILE', 'DANGER', 'SAFE', 'NORMAL', 'SLOWER', 'MEC_USED', 'CLEAN', 'CLEAN', 'NEUTRAL', 'NEUTRAL', 'CLEAR', 'CLEAR', 'OPENING', 'BANCO_OFF')",4,3,10,30.000,HEAL,50.000,1.039721,2.8284
"('TANK', 'TANK', 'NEUTRAL', 'CRIT', 'SAFE', 'NORMAL', 'FASTER', 'MEC_USED', 'CLEAN', 'CLEAN', 'NEUTRAL', 'NEUTRAL', 'CLEAR', 'CLEAR', 'OPENING', 'BANCO_VAZIO')",4,3,8,37.500,ATTACK_TECH,50.000,1.039721,2.8284
"('TANK', 'TANK', 'NEUTRAL', 'SAFE', 'FULL', 'NORMAL', 'FASTER', 'MEC_USED', 'CLEAN', 'CLEAN', 'NEUTRAL', 'NEUTRAL', 'SET', 'CLEAR', 'BRAWL', 'BANCO_VAZIO')",4,3,7,42.857,HEAL,50.000,1.039721,2.8284
"('TANK', 'TANK', 'NEUTRAL', 'SAFE', 'SAFE', 'NORMAL', 'FASTER', 'MEC_USED', 'CLEAN', 'CLEAN', 'BUFFED', 'NEUTRAL', 'CLEAR', 'CLEAR', 'OPENING', 'BANCO_OFF')",4,3,8,37.500,ATTACK_STRONG,50.000,1.039721,2.8284
"('TANK', 'SWEEPER', 'OFFENSIVE_DIS', 'FULL', 'FULL', 'NORMAL', 'SLOWER', 'MEC_USED', 'CLEAN', 'CLEAN', 'NEUTRAL', 'NEUTRAL', 'CLEAR', 'CLEAR', 'OPENING', 'BANCO_VAZIO')",4,2,6,33.333,ATTACK_TECH,75.000,0.562335,1.7548
"('TANK', 'SWEEPER', 'OFFENSIVE_DIS', 'FULL', 'FULL', 'NORMAL', 'SLOWER', 'MEC_USED', 'CLEAN', 'CLEAN', 'NEUTRAL', 'NEUTRAL', 'CLEAR', 'CLEAR', 'BRAWL', 'BANCO_OFF')",4,4,8,50.000,ATTACK_TECH,25.000,1.386294,4.0000
"('TANK', 'TANK', 'OFFENSIVE_DIS', 'SAFE', 'SAFE', 'NORMAL', 'FASTER', 'MEC_USED', 'CLEAN', 'CLEAN', 'NEUTRAL', 'NEUTRAL', 'SET', 'CLEAR', 'OPENING', 'BANCO_VAZIO')",4,3,7,42.857,ATTACK_TECH,50.000,1.039721,2.8284
"('TANK', 'TANK', 'NEUTRAL', 'SAFE', 'FULL', 'FIELD_THEIRS', 'SLOWER', 'MEC_USED', 'CLEAN', 'CLEAN', 'NEUTRAL', 'NEUTRAL', 'SET', 'CLEAR', 'OPENING', 'BANCO_OFF')",4,3,11,27.273,HEAL,50.000,1.039721,2.8284
"('TANK', 'TANK', 'DEFENSIVE_DIS', 'FULL', 'SAFE', 'NORMAL', 'SLOWER', 'MEC_USED', 'CLEAN', 'CLEAN', 'NEUTRAL', 'NEUTRAL', 'SET', 'SET', 'RECOVERING', 'BANCO_VAZIO')",4,4,10,40.000,ATTACK_TECH,25.000,1.386294,4.0000
"('TANK', 'TANK', 'VOLATILE', 'SAFE', 'FULL', 'NORMAL', 'FASTER', 'MEC_USED', 'CLEAN', 'CLEAN', 'NEUTRAL', 'NEUTRAL', 'SET', 'CLEAR', 'BRAWL', 'BANCO_OFF')",4,2,6,33.333,ATTACK_STRONG,75.000,0.562335,1.7548
"('TANK', 'TANK', 'OFFENSIVE_DIS', 'SAFE', 'CRIT', 'NORMAL', 'SLOWER', 'MEC_USED', 'CLEAN', 'CLEAN', 'NEUTRAL', 'NEUTRAL', 'CLEAR', 'CLEAR', 'OPENING', 'BANCO_OFF')",4,3,7,42.857,STATUS,50.000,1.039721,2.8284
"('TANK', 'TANK', 'CRITICAL_DIS', 'SAFE', 'FULL', 'FIELD_SHARED', 'FASTER', 'MEC_USED', 'CLEAN', 'CLEAN', 'NEUTRAL', 'NEUTRAL', 'CLEAR', 'CLEAR', 'OPENING', 'BANCO_OFF')",4,4,8,50.000,ATTACK_STRONG,25.000,1.386294,4.0000
"('TANK', 'TANK', 'OFFENSIVE_DIS', 'CRIT', 'SAFE', 'NORMAL', 'SLOWER', 'MEC_USED', 'CLEAN', 'CLEAN', 'NEUTRAL', 'NEUTRAL', 'SET', 'SET', 'RECOVERING', 'BANCO_VAZIO')",4,2,5,40.000,HEAL,75.000,0.562335,1.7548
"('TANK', 'TANK', 'DOMINANT', 'SAFE', 'FULL', 'FIELD_SHARED', 'SLOWER', 'MEC_USED', 'CLEAN', 'CLEAN', 'NEUTRAL', 'NEUTRAL', 'CLEAR', 'CLEAR', 'OPENING', 'BANCO_OFF')",4,4,9,44.444,ATTACK_STRONG,25.000,1.386294,4.0000
"('TANK', 'TANK', 'DEFENSIVE_ADV', 'SAFE', 'FULL', 'NORMAL', 'SLOWER', 'MEC_USED', 'CLEAN', 'AFFLICTED', 'NEUTRAL', 'NEUTRAL', 'CLEAR', 'CLEAR', 'RECOVERING', 'BANCO_VAZIO')",4,2,7,28.571,ATTACK_STRONG,50.000,0.693147,2.0000
"('TANK', 'TANK', 'NEUTRAL', 'FULL', 'DANGER', 'NORMAL', 'SLOWER', 'MEC_USED', 'CLEAN', 'CLEAN', 'NEUTRAL', 'NEUTRAL', 'SET', 'SET', 'CLUTCH', 'BANCO_VAZIO')",4,3,9,33.333,ATTACK_PREDICTIVE,50.000,1.039721,2.8284
"('TANK', 'TANK', 'NEUTRAL', 'FULL', 'FULL', 'NORMAL', 'FASTER', 'MEC_AVAIL', 'CLEAN', 'CLEAN', 'NEUTRAL', 'DEBUFF', 'CLEAR', 'CLEAR', 'OPENING', 'BANCO_OFF')",4,4,10,40.000,ATTACK_STRONG,25.000,1.386294,4.0000
"('SWEEPER', 'TANK', 'NEUTRAL', 'FULL', 'SAFE', 'FIELD_SHARED', 'FASTER', 'MEC_USED', 'CLEAN', 'CLEAN', 'NEUTRAL', 'NEUTRAL', 'CLEAR', 'CLEAR', 'OPENING', 'BANCO_OFF')",4,3,6,50.000,ATTACK_PIVOT,50.000,1.039721,2.8284
"('TANK', 'TANK', 'OFFENSIVE_ADV', 'CRIT', 'FULL', 'NORMAL', 'SLOWER', 'MEC_USED', 'CLEAN', 'CLEAN', 'NEUTRAL', 'NEUTRAL', 'CLEAR', 'CLEAR', 'OPENING', 'BANCO_OFF')",4,4,10,40.000,ATTACK_TECH,25.000,1.386294,4.0000
"('TANK', 'TANK', 'OFFENSIVE_ADV', 'CRIT', 'SAFE', 'NORMAL', 'FASTER', 'MEC_USED', 'CLEAN', 'CLEAN', 'NEUTRAL', 'NEUTRAL', 'CLEAR', 'SET', 'OPENING', 'BANCO_OFF')",4,2,9,22.222,ATTACK_STRONG,50.000,0.693147,2.0000
"('TANK', 'TANK', 'VOLATILE', 'SAFE', 'FULL', 'NORMAL', 'FASTER', 'MEC_USED', 'CLEAN', 'CLEAN', 'NEUTRAL', 'NEUTRAL', 'SET', 'SET', 'OPENING', 'BANCO_OFF')",4,3,6,50.000,ATTACK_STRONG,50.000,1.039721,2.8284
"('TANK', 'TANK', 'NEUTRAL', 'DANGER', 'DANGER', 'FIELD_SHARED', 'FASTER', 'MEC_USED', 'CLEAN', 'CLEAN', 'NEUTRAL', 'NEUTRAL', 'CLEAR', 'CLEAR', 'OPENING', 'BANCO_OFF')",4,3,6,50.000,ATTACK_STRONG,50.000,1.039721,2.8284
"('TANK', 'TANK', 'NEUTRAL', 'DANGER', 'FULL', 'NORMAL', 'FASTER', 'MEC_USED', 'CLEAN', 'CLEAN', 'NEUTRAL', 'NEUTRAL', 'CLEAR', 'CLEAR', 'OPENING', 'BANCO_AMBOS')",4,3,10,30.000,ATTACK_TECH,50.000,1.039721,2.8284
"('TANK', 'TANK', 'NEUTRAL', 'FULL', 'CRIT', 'NORMAL', 'FASTER', 'MEC_USED', 'CLEAN', 'CLEAN', 'NEUTRAL', 'NEUTRAL', 'CLEAR', 'CLEAR', 'RECOVERING', 'BANCO_VAZIO')",4,4,9,44.444,ATTACK_STRONG,25.000,1.386294,4.0000
"('TANK', 'TANK', 'NEUTRAL', 'FULL', 'FULL', 'FIELD_SHARED', 'FASTER', 'MEC_USED', 'CLEAN', 'CLEAN', 'NEUTRAL', 'NEUTRAL', 'SET', 'CLEAR', 'OPENING', 'BANCO_AMBOS')",4,4,9,44.444,ATTACK_TECH,25.000,1.386294,4.0000
"('TANK', 'TANK', 'NEUTRAL', 'FULL', 'DANGER', 'FIELD_SHARED', 'FASTER', 'MEC_USED', 'CLEAN', 'CLEAN', 'NEUTRAL', 'NEUTRAL', 'CLEAR', 'CLEAR', 'OPENING', 'BANCO_OFF')",4,2,7,28.571,ATTACK_PREDICTIVE,75.000,0.562335,1.7548
"('SWEEPER', 'SWEEPER', 'NEUTRAL', 'FULL', 'FULL', 'NORMAL', 'FASTER', 'MEC_USED', 'CLEAN', 'CLEAN', 'NEUTRAL', 'DEBUFF', 'CLEAR', 'CLEAR', 'OPENING', 'BANCO_OFF')",4,2,5,40.000,ATTACK_PREDICTIVE,75.000,0.562335,1.7548
"('TANK', 'TANK', 'NEUTRAL', 'FULL', 'SAFE', 'FIELD_SHARED', 'FASTER', 'MEC_AVAIL', 'CLEAN', 'CLEAN', 'NEUTRAL', 'NEUTRAL', 'CLEAR', 'CLEAR', 'OPENING', 'BANCO_OFF')",4,3,10,30.000,ATTACK_STRONG_MEC,50.000,1.039721,2.8284
"('TANK', 'TANK', 'OFFENSIVE_ADV', 'FULL', 'FULL', 'NORMAL', 'FASTER', 'MEC_USED', 'CLEAN', 'CLEAN', 'BUFFED', 'NEUTRAL', 'SET', 'CLEAR', 'OPENING', 'BANCO_OFF')",4,2,7,28.571,ATTACK_STRONG,75.000,0.562335,1.7548
"('TANK', 'TANK', 'DOMINANT', 'FULL', 'FULL', 'FIELD_SHARED', 'SLOWER', 'MEC_USED', 'CLEAN', 'CLEAN', 'NEUTRAL', 'NEUTRAL', 'SET', 'CLEAR', 'OPENING', 'BANCO_OFF')",4,3,10,30.000,SWITCH_DEFENSIVE,50.000,1.039721,2.8284
"('TANK', 'TANK', 'DEFENSIVE_ADV', 'SAFE', 'FULL', 'NORMAL', 'SLOWER', 'MEC_USED', 'CLEAN', 'AFFLICTED', 'NEUTRAL', 'NEUTRAL', 'SET', 'CLEAR', 'CLUTCH', 'BANCO_VAZIO')",4,2,5,40.000,HEAL,75.000,0.562335,1.7548
"('TANK', 'TANK', 'NEUTRAL', 'CRIT', 'SAFE', 'NORMAL', 'SLOWER', 'MEC_USED', 'CLEAN', 'CLEAN', 'NEUTRAL', 'NEUTRAL', 'SET', 'SET', 'CLUTCH', 'BANCO_VAZIO')",4,2,8,25.000,SWITCH_OFFENSIVE,75.000,0.562335,1.7548
"('TANK', 'TANK', 'NEUTRAL', 'SAFE', 'FULL', 'NORMAL', 'FASTER', 'MEC_USED', 'CLEAN', 'CLEAN', 'NEUTRAL', 'NEUTRAL', 'SET', 'SET', 'OPENING', 'BANCO_VAZIO')",4,3,9,33.333,ATTACK_PIVOT,50.000,1.039721,2.8284
"('SWEEPER', 'TANK', 'OFFENSIVE_ADV', 'FULL', 'FULL', 'FIELD_SHARED', 'FASTER', 'MEC_AVAIL', 'CLEAN', 'CLEAN', 'NEUTRAL', 'NEUTRAL', 'CLEAR', 'CLEAR', 'OPENING', 'BANCO_OFF')",4,3,8,37.500,BUFF,50.000,1.039721,2.8284
"('TANK', 'TANK', 'OFFENSIVE_ADV', 'FULL', 'FULL', 'NORMAL', 'SLOWER', 'MEC_USED', 'CLEAN', 'CLEAN', 'NEUTRAL', 'DEBUFF', 'CLEAR', 'CLEAR', 'OPENING', 'BANCO_OFF')",4,4,11,36.364,BUFF,25.000,1.386294,4.0000
"('TANK', 'SWEEPER', 'DOMINANT', 'FULL', 'FULL', 'FIELD_THEIRS', 'SLOWER', 'MEC_USED', 'CLEAN', 'CLEAN', 'NEUTRAL', 'NEUTRAL', 'CLEAR', 'CLEAR', 'OPENING', 'BANCO_OFF')",4,2,7,28.571,ATTACK_TECH,75.000,0.562335,1.7548
"('TANK', 'SWEEPER', 'OFFENSIVE_ADV', 'DANGER', 'SAFE', 'NORMAL', 'SLOWER', 'MEC_USED', 'CLEAN', 'CLEAN', 'NEUTRAL', 'NEUTRAL', 'CLEAR', 'CLEAR', 'OPENING', 'BANCO_OFF')",4,3,8,37.500,ATTACK_TECH,50.000,1.039721,2.8284
"('TANK', 'TANK', 'NEUTRAL', 'DANGER', 'DANGER', 'NORMAL', 'SLOWER', 'MEC_USED', 'CLEAN', 'CLEAN', 'NEUTRAL', 'NEUTRAL', 'SET', 'SET', 'RECOVERING', 'BANCO_VAZIO')",4,2,8,25.000,HEAL,75.000,0.562335,1.7548
"('TANK', 'TANK', 'VOLATILE', 'SAFE', 'SAFE', 'NORMAL', 'FASTER', 'MEC_USED', 'CLEAN', 'CLEAN', 'NEUTRAL', 'NEUTRAL', 'SET', 'SET', 'OPENING', 'BANCO_OFF')",4,3,8,37.500,ATTACK_PREDICTIVE,50.000,1.039721,2.8284
"('TANK', 'TANK', 'VOLATILE', 'SAFE', 'SAFE', 'NORMAL', 'FASTER', 'MEC_USED', 'CLEAN', 'CLEAN', 'NEUTRAL', 'NEUTRAL', 'SET', 'CLEAR', 'BRAWL', 'BANCO_OFF')",4,3,4,75.000,SWITCH_DEFENSIVE,50.000,1.039721,2.8284
"('TANK', 'TANK', 'OFFENSIVE_ADV', 'SAFE', 'CRIT', 'NORMAL', 'FASTER', 'MEC_USED', 'CLEAN', 'CLEAN', 'NEUTRAL', 'NEUTRAL', 'CLEAR', 'CLEAR', 'OPENING', 'BANCO_OFF')",4,3,7,42.857,STATUS,50.000,1.039721,2.8284
"('TANK', 'SWEEPER', 'DEFENSIVE_DIS', 'SAFE', 'FULL', 'NORMAL', 'SLOWER', 'MEC_USED', 'CLEAN', 'CLEAN', 'NEUTRAL', 'NEUTRAL', 'CLEAR', 'CLEAR', 'OPENING', 'BANCO_AMBOS')",4,3,9,33.333,SWITCH_OFFENSIVE,50.000,1.039721,2.8284
"('TANK', 'TANK', 'CRITICAL_DIS', 'SAFE', 'FULL', 'NORMAL', 'FASTER', 'MEC_USED', 'CLEAN', 'CLEAN', 'NEUTRAL', 'NEUTRAL', 'SET', 'CLEAR', 'OPENING', 'BANCO_VAZIO')",4,2,8,25.000,SWITCH_DEFENSIVE,75.000,0.562335,1.7548
"('TANK', 'TANK', 'OFFENSIVE_DIS', 'DANGER', 'DANGER', 'NORMAL', 'SLOWER', 'MEC_USED', 'CLEAN', 'CLEAN', 'NEUTRAL', 'NEUTRAL', 'CLEAR', 'SET', 'RECOVERING', 'BANCO_VAZIO')",4,1,7,14.286,HEAL,100.000,-0.000000,1.0000
"('TANK', 'TANK', 'NEUTRAL', 'SAFE', 'DANGER', 'NORMAL', 'SLOWER', 'MEC_USED', 'CLEAN', 'CLEAN', 'NEUTRAL', 'NEUTRAL', 'SET', 'SET', 'BRAWL', 'BANCO_VAZIO')",4,1,10,10.000,SWITCH_OFFENSIVE,100.000,-0.000000,1.0000
"('TANK', 'TANK', 'CRITICAL_DIS', 'FULL', 'FULL', 'NORMAL', 'FASTER', 'MEC_USED', 'AFFLICTED', 'CLEAN', 'DEBUFF', 'NEUTRAL', 'CLEAR', 'CLEAR', 'CLUTCH', 'BANCO_VAZIO')",4,2,4,50.000,SWITCH_DEFENSIVE,75.000,0.562335,1.7548
"('TANK', 'TANK', 'VOLATILE', 'SAFE', 'FULL', 'FIELD_SHARED', 'SLOWER', 'MEC_USED', 'CLEAN', 'CLEAN', 'NEUTRAL', 'NEUTRAL', 'CLEAR', 'CLEAR', 'OPENING', 'BANCO_OFF')",4,1,9,11.111,SWITCH_DEFENSIVE,100.000,-0.000000,1.0000
"('TANK', 'UTILITY', 'VOLATILE', 'FULL', 'FULL', 'FIELD_OURS_DEF', 'SLOWER', 'MEC_AVAIL', 'CLEAN', 'CLEAN', 'NEUTRAL', 'NEUTRAL', 'CLEAR', 'CLEAR', 'OPENING', 'BANCO_VAZIO')",4,2,6,33.333,ATTACK_PREDICTIVE_MEC,75.000,0.562335,1.7548
"('UTILITY', 'TANK', 'NEUTRAL', 'SAFE', 'FULL', 'NORMAL', 'FASTER', 'MEC_USED', 'CLEAN', 'CLEAN', 'NEUTRAL', 'NEUTRAL', 'CLEAR', 'CLEAR', 'OPENING', 'BANCO_OFF')",4,4,8,50.000,ATTACK_PREDICTIVE,25.000,1.386294,4.0000
"('TANK', 'TANK', 'NEUTRAL', 'SAFE', 'FULL', 'FIELD_SHARED', 'FASTER', 'MEC_USED', 'CLEAN', 'CLEAN', 'NEUTRAL', 'NEUTRAL', 'SET', 'CLEAR', 'OPENING', 'BANCO_OFF')",4,2,9,22.222,ATTACK_PIVOT,50.000,0.693147,2.0000
"('TANK', 'TANK', 'NEUTRAL', 'FULL', 'FULL', 'NORMAL', 'FASTER', 'MEC_USED', 'CLEAN', 'CLEAN', 'NEUTRAL', 'NEUTRAL', 'CLEAR', 'SET', 'OPENING', 'BANCO_AMBOS')",4,2,8,25.000,SWITCH_OFFENSIVE,75.000,0.562335,1.7548
"('TANK', 'TANK', 'OFFENSIVE_DIS', 'SAFE', 'SAFE', 'FIELD_SHARED', 'SLOWER', 'MEC_USED', 'CLEAN', 'CLEAN', 'NEUTRAL', 'NEUTRAL', 'CLEAR', 'CLEAR', 'OPENING', 'BANCO_VAZIO')",4,3,8,37.500,ATTACK_TECH,50.000,1.039721,2.8284
"('TANK', 'TANK', 'OFFENSIVE_DIS', 'FULL', 'SAFE', 'NORMAL', 'SLOWER', 'MEC_USED', 'CLEAN', 'CLEAN', 'NEUTRAL', 'NEUTRAL', 'SET', 'SET', 'OPENING', 'BANCO_OFF')",4,4,9,44.444,ATTACK_PIVOT,25.000,1.386294,4.0000
"('SWEEPER', 'TANK', 'DOMINANT', 'FULL', 'FULL', 'NORMAL', 'FASTER', 'MEC_USED', 'CLEAN', 'CLEAN', 'NEUTRAL', 'NEUTRAL', 'SET', 'CLEAR', 'OPENING', 'BANCO_AMBOS')",4,3,7,42.857,BUFF,50.000,1.039721,2.8284
"('TANK', 'TANK', 'DEFENSIVE_DIS', 'FULL', 'SAFE', 'FIELD_OURS_OFF', 'SLOWER', 'MEC_USED', 'CLEAN', 'CLEAN', 'NEUTRAL', 'NEUTRAL', 'CLEAR', 'CLEAR', 'OPENING', 'BANCO_AMBOS')",4,4,7,57.143,ATTACK_STRONG,25.000,1.386294,4.0000
"('TANK', 'UTILITY', 'NEUTRAL', 'FULL', 'FULL', 'NORMAL', 'SLOWER', 'MEC_USED', 'CLEAN', 'CLEAN', 'NEUTRAL', 'NEUTRAL', 'CLEAR', 'CLEAR', 'OPENING', 'BANCO_VAZIO')",4,3,9,33.333,HAZARD,50.000,1.039721,2.8284
"('TANK', 'TANK', 'NEUTRAL', 'FULL', 'FULL', 'FIELD_OURS_OFF', 'FASTER', 'MEC_USED', 'CLEAN', 'CLEAN', 'NEUTRAL', 'NEUTRAL', 'CLEAR', 'CLEAR', 'OPENING', 'BANCO_VAZIO')",4,3,7,42.857,STATUS,50.000,1.039721,2.8284
"('TANK', 'TANK', 'VOLATILE', 'SAFE', 'SAFE', 'NORMAL', 'SLOWER', 'MEC_USED', 'CLEAN', 'CLEAN', 'NEUTRAL', 'NEUTRAL', 'CLEAR', 'CLEAR', 'OPENING', 'BANCO_AMBOS')",4,3,8,37.500,ATTACK_PIVOT,50.000,1.039721,2.8284
"('TANK', 'SWEEPER', 'OFFENSIVE_ADV', 'FULL', 'FULL', 'FIELD_THEIRS', 'SLOWER', 'MEC_USED', 'CLEAN', 'CLEAN', 'NEUTRAL', 'NEUTRAL', 'CLEAR', 'CLEAR', 'OPENING', 'BANCO_VAZIO')",4,3,6,50.000,SWITCH_OFFENSIVE,50.000,1.039721,2.8284
"('TANK', 'TANK', 'OFFENSIVE_DIS', 'SAFE', 'SAFE', 'NORMAL', 'FASTER', 'MEC_AVAIL', 'CLEAN', 'CLEAN', 'NEUTRAL', 'NEUTRAL', 'CLEAR', 'CLEAR', 'OPENING', 'BANCO_OFF')",4,1,8,12.500,HEAL_MEC,100.000,-0.000000,1.0000
"('SWEEPER', 'TANK', 'OFFENSIVE_ADV', 'SAFE', 'FULL', 'NORMAL', 'FASTER', 'MEC_AVAIL', 'CLEAN', 'CLEAN', 'NEUTRAL', 'NEUTRAL', 'CLEAR', 'CLEAR', 'OPENING', 'BANCO_OFF')",4,3,10,30.000,ATTACK_STRONG,50.000,1.039721,2.8284
"('TANK', 'TANK', 'NEUTRAL', 'FULL', 'SAFE', 'NORMAL', 'FASTER', 'MEC_USED', 'CLEAN', 'CLEAN', 'NEUTRAL', 'DEBUFF', 'SET', 'CLEAR', 'CLUTCH', 'BANCO_VAZIO')",4,1,3,33.333,ATTACK_STRONG,100.000,-0.000000,1.0000
"('TANK', 'SWEEPER', 'NEUTRAL', 'SAFE', 'FULL', 'FIELD_THEIRS', 'SLOWER', 'MEC_USED', 'CLEAN', 'CLEAN', 'NEUTRAL', 'NEUTRAL', 'CLEAR', 'CLEAR', 'OPENING', 'BANCO_OFF')",4,2,5,40.000,HEAL,75.000,0.562335,1.7548
"('TANK', 'TANK', 'OFFENSIVE_DIS', 'SAFE', 'SAFE', 'NORMAL', 'FASTER', 'MEC_USED', 'CLEAN', 'CLEAN', 'NEUTRAL', 'NEUTRAL', 'CLEAR', 'CLEAR', 'OPENING', 'BANCO_VAZIO')",4,4,10,40.000,ATTACK_TECH,25.000,1.386294,4.0000
"('TANK', 'TANK', 'OFFENSIVE_ADV', 'SAFE', 'SAFE', 'NORMAL', 'SLOWER', 'MEC_USED', 'CLEAN', 'CLEAN', 'NEUTRAL', 'NEUTRAL', 'SET', 'CLEAR', 'OPENING', 'BANCO_VAZIO')",4,4,11,36.364,ATTACK_PIVOT,25.000,1.386294,4.0000
"('TANK', 'TANK', 'NEUTRAL', 'SAFE', 'FULL', 'NORMAL', 'FASTER', 'MEC_USED', 'AFFLICTED', 'CLEAN', 'DEBUFF', 'NEUTRAL', 'CLEAR', 'SET', 'CLUTCH', 'BANCO_VAZIO')",3,3,3,100.000,ATTACK_STRONG,33.333,1.098612,3.0000
"('TANK', 'TANK', 'OFFENSIVE_ADV', 'SAFE', 'SAFE', 'NORMAL', 'FASTER', 'MEC_USED', 'AFFLICTED', 'CLEAN', 'NEUTRAL', 'NEUTRAL', 'SET', 'CLEAR', 'CLUTCH', 'BANCO_VAZIO')",3,1,5,20.000,ATTACK_PREDICTIVE,100.000,-0.000000,1.0000
"('TANK', 'TANK', 'CRITICAL_DIS', 'FULL', 'FULL', 'NORMAL', 'FASTER', 'MEC_USED', 'CLEAN', 'CLEAN', 'NEUTRAL', 'NEUTRAL', 'CLEAR', 'SET', 'CLUTCH', 'BANCO_VAZIO')",3,2,4,50.000,SWITCH_OFFENSIVE,66.667,0.636514,1.8899
"('TANK', 'TANK', 'OFFENSIVE_ADV', 'FULL', 'FULL', 'FIELD_OURS_DEF', 'SLOWER', 'MEC_USED', 'CLEAN', 'CLEAN', 'NEUTRAL', 'NEUTRAL', 'CLEAR', 'CLEAR', 'OPENING', 'BANCO_OFF')",3,2,7,28.571,ATTACK_PREDICTIVE,66.667,0.636514,1.8899
"('TANK', 'TANK', 'DEFENSIVE_DIS', 'DANGER', 'SAFE', 'NORMAL', 'FASTER', 'MEC_USED', 'CLEAN', 'CLEAN', 'NEUTRAL', 'NEUTRAL', 'CLEAR', 'SET', 'RECOVERING', 'BANCO_VAZIO')",3,3,7,42.857,ATTACK_PREDICTIVE,33.333,1.098612,3.0000
"('TANK', 'TANK', 'VOLATILE', 'FULL', 'FULL', 'FIELD_THEIRS', 'FASTER', 'MEC_AVAIL', 'CLEAN', 'CLEAN', 'NEUTRAL', 'NEUTRAL', 'CLEAR', 'CLEAR', 'OPENING', 'BANCO_VAZIO')",3,1,8,12.500,ATTACK_STRONG_MEC,100.000,-0.000000,1.0000
"('TANK', 'TANK', 'NEUTRAL', 'SAFE', 'DANGER', 'NORMAL', 'FASTER', 'MEC_USED', 'CLEAN', 'CLEAN', 'NEUTRAL', 'NEUTRAL', 'SET', 'SET', 'RECOVERING', 'BANCO_VAZIO')",3,1,7,14.286,ATTACK_STRONG,100.000,-0.000000,1.0000
"('TANK', 'TANK', 'DEFENSIVE_DIS', 'FULL', 'SAFE', 'NORMAL', 'SLOWER', 'MEC_USED', 'CLEAN', 'AFFLICTED', 'NEUTRAL', 'NEUTRAL', 'SET', 'SET', 'RECOVERING', 'BANCO_VAZIO')",3,3,4,75.000,ATTACK_STRONG,33.333,1.098612,3.0000
"('SWEEPER', 'UTILITY', 'OFFENSIVE_ADV', 'FULL', 'FULL', 'FIELD_OURS_OFF', 'FASTER', 'MEC_USED', 'CLEAN', 'CLEAN', 'NEUTRAL', 'NEUTRAL', 'CLEAR', 'CLEAR', 'OPENING', 'BANCO_AMBOS')",3,2,7,28.571,ATTACK_TECH,66.667,0.636514,1.8899
"('TANK', 'TANK', 'DEFENSIVE_DIS', 'SAFE', 'SAFE', 'NORMAL', 'SLOWER', 'MEC_USED', 'CLEAN', 'AFFLICTED', 'NEUTRAL', 'NEUTRAL', 'CLEAR', 'CLEAR', 'CLUTCH', 'BANCO_VAZIO')",3,2,6,33.333,ATTACK_STRONG,66.667,0.636514,1.8899
"('TANK', 'TANK', 'NEUTRAL', 'SAFE', 'DANGER', 'NORMAL', 'FASTER', 'MEC_USED', 'CLEAN', 'CLEAN', 'NEUTRAL', 'NEUTRAL', 'SET', 'CLEAR', 'OPENING', 'BANCO_VAZIO')",3,3,7,42.857,ATTACK_PIVOT,33.333,1.098612,3.0000
"('SWEEPER', 'TANK', 'NEUTRAL', 'FULL', 'FULL', 'NORMAL', 'FASTER', 'MEC_USED', 'CLEAN', 'CLEAN', 'NEUTRAL', 'NEUTRAL', 'CLEAR', 'CLEAR', 'BRAWL', 'BANCO_OFF')",3,2,6,33.333,ATTACK_PREDICTIVE,66.667,0.636514,1.8899
"('TANK', 'TANK', 'NEUTRAL', 'FULL', 'FULL', 'NORMAL', 'SLOWER', 'MEC_USED', 'AFFLICTED', 'CLEAN', 'DEBUFF', 'NEUTRAL', 'CLEAR', 'CLEAR', 'CLUTCH', 'BANCO_VAZIO')",3,1,7,14.286,SWITCH_OFFENSIVE,100.000,-0.000000,1.0000
"('TANK', 'TANK', 'NEUTRAL', 'SAFE', 'SAFE', 'NORMAL', 'SLOWER', 'MEC_USED', 'AFFLICTED', 'CLEAN', 'DEBUFF', 'NEUTRAL', 'SET', 'SET', 'RECOVERING', 'BANCO_VAZIO')",3,2,6,33.333,HEAL,66.667,0.636514,1.8899
"('TANK', 'TANK', 'NEUTRAL', 'DANGER', 'SAFE', 'NORMAL', 'FASTER', 'MEC_AVAIL', 'CLEAN', 'CLEAN', 'NEUTRAL', 'NEUTRAL', 'SET', 'SET', 'CLUTCH', 'BANCO_VAZIO')",3,3,10,30.000,ATTACK_PREDICTIVE,33.333,1.098612,3.0000
"('TANK', 'SWEEPER', 'NEUTRAL', 'SAFE', 'FULL', 'NORMAL', 'SLOWER', 'MEC_USED', 'CLEAN', 'CLEAN', 'NEUTRAL', 'NEUTRAL', 'CLEAR', 'CLEAR', 'RECOVERING', 'BANCO_VAZIO')",3,3,8,37.500,ATTACK_TECH,33.333,1.098612,3.0000
"('TANK', 'TANK', 'OFFENSIVE_DIS', 'FULL', 'SAFE', 'NORMAL', 'SLOWER', 'MEC_USED', 'CLEAN', 'CLEAN', 'NEUTRAL', 'NEUTRAL', 'SET', 'CLEAR', 'CLUTCH', 'BANCO_VAZIO')",3,2,5,40.000,STATUS,66.667,0.636514,1.8899
"('TANK', 'TANK', 'OFFENSIVE_ADV', 'FULL', 'FULL', 'NORMAL', 'FASTER', 'MEC_USED', 'CLEAN', 'CLEAN', 'NEUTRAL', 'NEUTRAL', 'CLEAR', 'SET', 'RECOVERING', 'BANCO_VAZIO')",3,2,5,40.000,ATTACK_STRONG,66.667,0.636514,1.8899
"('TANK', 'TANK', 'VOLATILE', 'FULL', 'FULL', 'NORMAL', 'SLOWER', 'MEC_USED', 'CLEAN', 'AFFLICTED', 'NEUTRAL', 'NEUTRAL', 'SET', 'SET', 'CLUTCH', 'BANCO_VAZIO')",3,1,2,50.000,ATTACK_STRONG,100.000,-0.000000,1.0000
"('TANK', 'TANK', 'OFFENSIVE_DIS', 'FULL', 'FULL', 'NORMAL', 'FASTER', 'MEC_USED', 'AFFLICTED', 'AFFLICTED', 'NEUTRAL', 'DEBUFF', 'CLEAR', 'CLEAR', 'CLUTCH', 'BANCO_VAZIO')",3,1,4,25.000,STATUS,100.000,-0.000000,1.0000
"('TANK', 'TANK', 'DEFENSIVE_ADV', 'FULL', 'SAFE', 'NORMAL', 'SLOWER', 'MEC_USED', 'CLEAN', 'CLEAN', 'NEUTRAL', 'NEUTRAL', 'CLEAR', 'CLEAR', 'OPENING', 'BANCO_VAZIO')",3,2,7,28.571,ATTACK_TECH,66.667,0.636514,1.8899
"('TANK', 'TANK', 'OFFENSIVE_DIS', 'FULL', 'CRIT', 'NORMAL', 'FASTER', 'MEC_USED', 'CLEAN', 'AFFLICTED', 'NEUTRAL', 'DEBUFF', 'SET', 'SET', 'RECOVERING', 'BANCO_VAZIO')",3,1,2,50.000,STAT_CLEAN,100.000,-0.000000,1.0000
"('TANK', 'TANK', 'OFFENSIVE_ADV', 'SAFE', 'SAFE', 'NORMAL', 'FASTER', 'MEC_USED', 'AFFLICTED', 'CLEAN', 'NEUTRAL', 'NEUTRAL', 'SET', 'SET', 'BRAWL', 'BANCO_OFF')",3,2,7,28.571,HEAL,66.667,0.636514,1.8899
"('TANK', 'TANK', 'DEFENSIVE_DIS', 'SAFE', 'SAFE', 'FIELD_SHARED', 'FASTER', 'MEC_USED', 'CLEAN', 'CLEAN', 'NEUTRAL', 'NEUTRAL', 'CLEAR', 'CLEAR', 'OPENING', 'BANCO_OFF')",3,3,8,37.500,ATTACK_STRONG,33.333,1.098612,3.0000
"('TANK', 'SWEEPER', 'OFFENSIVE_ADV', 'FULL', 'FULL', 'NORMAL', 'SLOWER', 'MEC_USED', 'CLEAN', 'CLEAN', 'DEBUFF', 'NEUTRAL', 'CLEAR', 'CLEAR', 'OPENING', 'BANCO_OFF')",3,2,5,40.000,FIELD_CONTROL,66.667,0.636514,1.8899
"('TANK', 'TANK', 'DEFENSIVE_DIS', 'SAFE', 'DANGER', 'NORMAL', 'SLOWER', 'MEC_USED', 'CLEAN', 'CLEAN', 'NEUTRAL', 'NEUTRAL', 'CLEAR', 'SET', 'RECOVERING', 'BANCO_VAZIO')",3,3,8,37.500,ATTACK_PREDICTIVE,33.333,1.098612,3.0000
"('TANK', 'TANK', 'STALEMATE', 'FULL', 'DANGER', 'NORMAL', 'FASTER', 'MEC_USED', 'CLEAN', 'CLEAN', 'DEBUFF', 'NEUTRAL', 'CLEAR', 'CLEAR', 'CLUTCH', 'BANCO_VAZIO')",3,1,3,33.333,ATTACK_PREDICTIVE,100.000,-0.000000,1.0000
"('TANK', 'SWEEPER', 'VOLATILE', 'FULL', 'FULL', 'FIELD_OURS_DEF', 'SLOWER', 'MEC_USED', 'CLEAN', 'CLEAN', 'NEUTRAL', 'NEUTRAL', 'CLEAR', 'CLEAR', 'OPENING', 'BANCO_AMBOS')",3,2,4,50.000,ATTACK_PREDICTIVE,66.667,0.636514,1.8899
"('TANK', 'TANK', 'OFFENSIVE_DIS', 'SAFE', 'FULL', 'NORMAL', 'FASTER', 'MEC_USED', 'CLEAN', 'AFFLICTED', 'NEUTRAL', 'DEBUFF', 'CLEAR', 'CLEAR', 'RECOVERING', 'BANCO_VAZIO')",3,2,3,66.667,STATUS,66.667,0.636514,1.8899
"('TANK', 'TANK', 'NEUTRAL', 'FULL', 'SAFE', 'NORMAL', 'SLOWER', 'MEC_USED', 'CLEAN', 'AFFLICTED', 'NEUTRAL', 'DEBUFF', 'CLEAR', 'SET', 'CLUTCH', 'BANCO_VAZIO')",3,1,3,33.333,STAT_CLEAN,100.000,-0.000000,1.0000
"('TANK', 'TANK', 'OFFENSIVE_ADV', 'SAFE', 'SAFE', 'FIELD_OURS_OFF', 'FASTER', 'MEC_USED', 'CLEAN', 'CLEAN', 'NEUTRAL', 'NEUTRAL', 'CLEAR', 'CLEAR', 'OPENING', 'BANCO_OFF')",3,3,8,37.500,ATTACK_STRONG,33.333,1.098612,3.0000
"('TANK', 'TANK', 'NEUTRAL', 'SAFE', 'FULL', 'NORMAL', 'SLOWER', 'MEC_USED', 'CLEAN', 'CLEAN', 'NEUTRAL', 'NEUTRAL', 'SET', 'CLEAR', 'CLUTCH', 'BANCO_VAZIO')",3,2,9,22.222,ATTACK_TECH,66.667,0.636514,1.8899
"('TANK', 'TANK', 'VOLATILE', 'SAFE', 'SAFE', 'FIELD_OURS_OFF', 'SLOWER', 'MEC_USED', 'CLEAN', 'CLEAN', 'NEUTRAL', 'NEUTRAL', 'CLEAR', 'CLEAR', 'OPENING', 'BANCO_AMBOS')",3,2,6,33.333,SWITCH_OFFENSIVE,66.667,0.636514,1.8899
"('TANK', 'TANK', 'DEFENSIVE_DIS', 'FULL', 'FULL', 'NORMAL', 'SLOWER', 'MEC_USED', 'CLEAN', 'CLEAN', 'NEUTRAL', 'NEUTRAL', 'SET', 'CLEAR', 'OPENING', 'BANCO_OFF')",3,3,7,42.857,ATTACK_STRONG,33.333,1.098612,3.0000
"('TANK', 'TANK', 'CRITICAL_DIS', 'SAFE', 'FULL', 'NORMAL', 'SLOWER', 'MEC_USED', 'CLEAN', 'CLEAN', 'NEUTRAL', 'NEUTRAL', 'CLEAR', 'CLEAR', 'RECOVERING', 'BANCO_VAZIO')",3,3,6,50.000,ATTACK_PIVOT,33.333,1.098612,3.0000
"('TANK', 'TANK', 'CRITICAL_DIS', 'FULL', 'SAFE', 'NORMAL', 'SLOWER', 'MEC_USED', 'CLEAN', 'CLEAN', 'NEUTRAL', 'NEUTRAL', 'SET', 'SET', 'RECOVERING', 'BANCO_VAZIO')",3,3,5,60.000,ATTACK_TECH,33.333,1.098612,3.0000
"('TANK', 'TANK', 'OFFENSIVE_ADV', 'SAFE', 'FULL', 'NORMAL', 'FASTER', 'MEC_USED', 'CLEAN', 'CLEAN', 'BUFFED', 'NEUTRAL', 'SET', 'CLEAR', 'OPENING', 'BANCO_OFF')",3,3,6,50.000,ATTACK_STRONG,33.333,1.098612,3.0000
"('TANK', 'TANK', 'CRITICAL_DIS', 'FULL', 'FULL', 'FIELD_THEIRS', 'SLOWER', 'MEC_USED', 'CLEAN', 'CLEAN', 'NEUTRAL', 'NEUTRAL', 'CLEAR', 'CLEAR', 'OPENING', 'BANCO_VAZIO')",3,2,4,50.000,SWITCH_DEFENSIVE,66.667,0.636514,1.8899
"('SWEEPER', 'TANK', 'DEFENSIVE_DIS', 'FULL', 'DANGER', 'FIELD_THEIRS', 'SLOWER', 'MEC_USED', 'CLEAN', 'CLEAN', 'NEUTRAL', 'NEUTRAL', 'CLEAR', 'CLEAR', 'OPENING', 'BANCO_AMBOS')",3,1,3,33.333,ATTACK_STRONG,100.000,-0.000000,1.0000
"('TANK', 'TANK', 'DOMINANT', 'FULL', 'FULL', 'FIELD_THEIRS', 'SLOWER', 'MEC_USED', 'CLEAN', 'CLEAN', 'NEUTRAL', 'NEUTRAL', 'SET', 'CLEAR', 'OPENING', 'BANCO_OFF')",3,3,10,30.000,ATTACK_STRONG,33.333,1.098612,3.0000
"('TANK', 'TANK', 'NEUTRAL', 'FULL', 'DANGER', 'NORMAL', 'SLOWER', 'MEC_USED', 'CLEAN', 'AFFLICTED', 'NEUTRAL', 'DEBUFF', 'SET', 'SET', 'CLUTCH', 'BANCO_VAZIO')",3,1,3,33.333,ATTACK_STRONG,100.000,-0.000000,1.0000
"('TANK', 'TANK', 'NEUTRAL', 'SAFE', 'SAFE', 'NORMAL', 'FASTER', 'MEC_USED', 'CLEAN', 'CLEAN', 'NEUTRAL', 'NEUTRAL', 'SET', 'CLEAR', 'RECOVERING', 'BANCO_VAZIO')",3,3,8,37.500,ATTACK_PIVOT,33.333,1.098612,3.0000
"('TANK', 'SWEEPER', 'OFFENSIVE_ADV', 'FULL', 'FULL', 'FIELD_OURS_OFF', 'SLOWER', 'MEC_USED', 'CLEAN', 'CLEAN', 'DEBUFF', 'NEUTRAL', 'CLEAR', 'CLEAR', 'OPENING', 'BANCO_AMBOS')",3,2,8,25.000,SWITCH_DEFENSIVE,66.667,0.636514,1.8899
"('TANK', 'TANK', 'DEFENSIVE_ADV', 'FULL', 'SAFE', 'NORMAL', 'SLOWER', 'MEC_USED', 'CLEAN', 'CLEAN', 'NEUTRAL', 'NEUTRAL', 'CLEAR', 'CLEAR', 'OPENING', 'BANCO_AMBOS')",3,3,10,30.000,ATTACK_STRONG,33.333,1.098612,3.0000
"('SWEEPER', 'TANK', 'OFFENSIVE_ADV', 'SAFE', 'FULL', 'NORMAL', 'FASTER', 'MEC_USED', 'CLEAN', 'CLEAN', 'NEUTRAL', 'NEUTRAL', 'CLEAR', 'CLEAR', 'OPENING', 'BANCO_AMBOS')",3,3,7,42.857,ATTACK_PIVOT,33.333,1.098612,3.0000
"('TANK', 'TANK', 'VOLATILE', 'FULL', 'SAFE', 'NORMAL', 'SLOWER', 'MEC_USED', 'CLEAN', 'CLEAN', 'NEUTRAL', 'NEUTRAL', 'CLEAR', 'CLEAR', 'OPENING', 'BANCO_OFF')",3,3,7,42.857,ATTACK_TECH,33.333,1.098612,3.0000
"('TANK', 'TANK', 'OFFENSIVE_ADV', 'FULL', 'SAFE', 'NORMAL', 'FASTER', 'MEC_AVAIL', 'CLEAN', 'CLEAN', 'NEUTRAL', 'NEUTRAL', 'CLEAR', 'CLEAR', 'BRAWL', 'BANCO_OFF')",3,3,10,30.000,ATTACK_PREDICTIVE,33.333,1.098612,3.0000
"('TANK', 'UTILITY', 'NEUTRAL', 'FULL', 'FULL', 'FIELD_THEIRS', 'SLOWER', 'MEC_USED', 'CLEAN', 'CLEAN', 'NEUTRAL', 'NEUTRAL', 'CLEAR', 'CLEAR', 'OPENING', 'BANCO_AMBOS')",3,1,8,12.500,SWITCH_OFFENSIVE,100.000,-0.000000,1.0000
"('SWEEPER', 'TANK', 'NEUTRAL', 'DANGER', 'FULL', 'NORMAL', 'FASTER', 'MEC_USED', 'CLEAN', 'CLEAN', 'NEUTRAL', 'NEUTRAL', 'CLEAR', 'CLEAR', 'OPENING', 'BANCO_AMBOS')",3,3,8,37.500,ATTACK_PREDICTIVE,33.333,1.098612,3.0000
"('TANK', 'TANK', 'NEUTRAL', 'FULL', 'SAFE', 'NORMAL', 'FASTER', 'MEC_USED', 'CLEAN', 'CLEAN', 'NEUTRAL', 'NEUTRAL', 'CLEAR', 'CLEAR', 'BRAWL', 'BANCO_OFF')",3,2,7,28.571,STATUS,66.667,0.636514,1.8899
"('TANK', 'SWEEPER', 'NEUTRAL', 'FULL', 'DANGER', 'NORMAL', 'SLOWER', 'MEC_USED', 'CLEAN', 'CLEAN', 'NEUTRAL', 'NEUTRAL', 'CLEAR', 'CLEAR', 'OPENING', 'BANCO_OFF')",3,1,7,14.286,ATTACK_STRONG,100.000,-0.000000,1.0000
"('TANK', 'TANK', 'NEUTRAL', 'CRIT', 'FULL', 'NORMAL', 'FASTER', 'MEC_USED', 'CLEAN', 'CLEAN', 'NEUTRAL', 'NEUTRAL', 'SET', 'SET', 'RECOVERING', 'BANCO_VAZIO')",3,3,7,42.857,ATTACK_TECH,33.333,1.098612,3.0000
"('TANK', 'TANK', 'CRITICAL_DIS', 'SAFE', 'FULL', 'FIELD_THEIRS', 'SLOWER', 'MEC_USED', 'CLEAN', 'CLEAN', 'NEUTRAL', 'NEUTRAL', 'CLEAR', 'CLEAR', 'OPENING', 'BANCO_AMBOS')",3,1,8,12.500,SWITCH_DEFENSIVE,100.000,-0.000000,1.0000
"('TANK', 'TANK', 'OFFENSIVE_DIS', 'SAFE', 'FULL', 'NORMAL', 'FASTER', 'MEC_USED', 'CLEAN', 'CLEAN', 'NEUTRAL', 'NEUTRAL', 'CLEAR', 'CLEAR', 'OPENING', 'BANCO_AMBOS')",3,1,7,14.286,SWITCH_OFFENSIVE,100.000,-0.000000,1.0000
"('TANK', 'TANK', 'NEUTRAL', 'CRIT', 'SAFE', 'NORMAL', 'FASTER', 'MEC_USED', 'CLEAN', 'CLEAN', 'NEUTRAL', 'NEUTRAL', 'SET', 'CLEAR', 'OPENING', 'BANCO_VAZIO')",3,3,8,37.500,ATTACK_PREDICTIVE,33.333,1.098612,3.0000
"('TANK', 'TANK', 'DEFENSIVE_DIS', 'FULL', 'SAFE', 'FIELD_THEIRS', 'FASTER', 'MEC_USED', 'CLEAN', 'CLEAN', 'NEUTRAL', 'NEUTRAL', 'CLEAR', 'CLEAR', 'OPENING', 'BANCO_AMBOS')",3,3,8,37.500,ATTACK_STRONG,33.333,1.098612,3.0000
"('TANK', 'TANK', 'NEUTRAL', 'SAFE', 'SAFE', 'NORMAL', 'SLOWER', 'MEC_USED', 'CLEAN', 'AFFLICTED', 'NEUTRAL', 'NEUTRAL', 'CLEAR', 'CLEAR', 'OPENING', 'BANCO_OFF')",3,3,7,42.857,ATTACK_PREDICTIVE,33.333,1.098612,3.0000
"('TANK', 'TANK', 'OFFENSIVE_DIS', 'SAFE', 'FULL', 'NORMAL', 'FASTER', 'MEC_USED', 'CLEAN', 'CLEAN', 'NEUTRAL', 'NEUTRAL', 'SET', 'SET', 'OPENING', 'BANCO_VAZIO')",3,2,7,28.571,PHAZE,66.667,0.636514,1.8899
"('TANK', 'TANK', 'NEUTRAL', 'SAFE', 'FULL', 'NORMAL', 'FASTER', 'MEC_AVAIL', 'CLEAN', 'CLEAN', 'NEUTRAL', 'DEBUFF', 'CLEAR', 'CLEAR', 'OPENING', 'BANCO_OFF')",3,3,8,37.500,ATTACK_STRONG,33.333,1.098612,3.0000
"('SWEEPER', 'TANK', 'CRITICAL_DIS', 'FULL', 'FULL', 'FIELD_SHARED', 'FASTER', 'MEC_USED', 'CLEAN', 'CLEAN', 'NEUTRAL', 'NEUTRAL', 'CLEAR', 'CLEAR', 'OPENING', 'BANCO_AMBOS')",3,3,6,50.000,ATTACK_PREDICTIVE,33.333,1.098612,3.0000
"('TANK', 'TANK', 'DEFENSIVE_ADV', 'FULL', 'FULL', 'FIELD_THEIRS', 'SLOWER', 'MEC_USED', 'CLEAN', 'CLEAN', 'NEUTRAL', 'NEUTRAL', 'CLEAR', 'CLEAR', 'OPENING', 'BANCO_OFF')",3,3,9,33.333,ATTACK_PREDICTIVE,33.333,1.098612,3.0000
"('UTILITY', 'UTILITY', 'STALEMATE', 'FULL', 'FULL', 'FIELD_OURS_OFF', 'FASTER', 'MEC_USED', 'CLEAN', 'CLEAN', 'NEUTRAL', 'NEUTRAL', 'CLEAR', 'CLEAR', 'OPENING', 'BANCO_OFF')",3,2,7,28.571,HEAL,66.667,0.636514,1.8899
"('TANK', 'TANK', 'NEUTRAL', 'FULL', 'FULL', 'NORMAL', 'FASTER', 'MEC_USED', 'CLEAN', 'CLEAN', 'BUFFED', 'NEUTRAL', 'CLEAR', 'CLEAR', 'OPENING', 'BANCO_OFF')",3,1,5,20.000,SWITCH_DEFENSIVE,100.000,-0.000000,1.0000
"('TANK', 'TANK', 'DEFENSIVE_DIS', 'SAFE', 'FULL', 'NORMAL', 'FASTER', 'MEC_USED', 'CLEAN', 'CLEAN', 'NEUTRAL', 'NEUTRAL', 'CLEAR', 'CLEAR', 'BRAWL', 'BANCO_OFF')",3,2,6,33.333,ATTACK_TECH,66.667,0.636514,1.8899
"('TANK', 'TANK', 'NEUTRAL', 'SAFE', 'CRIT', 'NORMAL', 'SLOWER', 'MEC_USED', 'CLEAN', 'CLEAN', 'NEUTRAL', 'NEUTRAL', 'CLEAR', 'CLEAR', 'OPENING', 'BANCO_VAZIO')",3,2,8,25.000,HEAL,66.667,0.636514,1.8899
"('UTILITY', 'SWEEPER', 'NEUTRAL', 'FULL', 'FULL', 'FIELD_THEIRS', 'SLOWER', 'MEC_USED', 'CLEAN', 'CLEAN', 'NEUTRAL', 'NEUTRAL', 'CLEAR', 'CLEAR', 'OPENING', 'BANCO_AMBOS')",3,1,6,16.667,ATTACK_PREDICTIVE,100.000,-0.000000,1.0000
"('UTILITY', 'UTILITY', 'OFFENSIVE_ADV', 'FULL', 'FULL', 'NORMAL', 'FASTER', 'MEC_USED', 'CLEAN', 'CLEAN', 'NEUTRAL', 'NEUTRAL', 'CLEAR', 'CLEAR', 'OPENING', 'BANCO_OFF')",3,1,5,20.000,SWITCH_DEFENSIVE,100.000,-0.000000,1.0000
"('TANK', 'TANK', 'NEUTRAL', 'SAFE', 'FULL', 'NORMAL', 'FASTER', 'MEC_USED', 'CLEAN', 'CLEAN', 'NEUTRAL', 'NEUTRAL', 'CLEAR', 'SET', 'OPENING', 'BANCO_VAZIO')",3,3,8,37.500,BUFF,33.333,1.098612,3.0000
"('TANK', 'TANK', 'OFFENSIVE_DIS', 'FULL', 'FULL', 'NORMAL', 'FASTER', 'MEC_USED', 'AFFLICTED', 'AFFLICTED', 'NEUTRAL', 'NEUTRAL', 'CLEAR', 'CLEAR', 'OPENING', 'BANCO_OFF')",3,2,3,66.667,HEAL,66.667,0.636514,1.8899
"('TANK', 'TANK', 'DEFENSIVE_DIS', 'FULL', 'SAFE', 'NORMAL', 'SLOWER', 'MEC_USED', 'CLEAN', 'CLEAN', 'NEUTRAL', 'NEUTRAL', 'CLEAR', 'CLEAR', 'OPENING', 'BANCO_AMBOS')",3,2,9,22.222,SWITCH_OFFENSIVE,66.667,0.636514,1.8899
"('TANK', 'TANK', 'OFFENSIVE_DIS', 'SAFE', 'FULL', 'NORMAL', 'FASTER', 'MEC_USED', 'CLEAN', 'CLEAN', 'NEUTRAL', 'NEUTRAL', 'CLEAR', 'CLEAR', 'RECOVERING', 'BANCO_VAZIO')",3,2,8,25.000,STATUS,66.667,0.636514,1.8899
"('TANK', 'TANK', 'DOMINANT', 'SAFE', 'SAFE', 'NORMAL', 'FASTER', 'MEC_USED', 'CLEAN', 'CLEAN', 'NEUTRAL', 'NEUTRAL', 'SET', 'CLEAR', 'OPENING', 'BANCO_OFF')",3,3,10,30.000,ATTACK_PIVOT,33.333,1.098612,3.0000
"('TANK', 'SWEEPER', 'OFFENSIVE_ADV', 'DANGER', 'FULL', 'FIELD_THEIRS', 'SLOWER', 'MEC_USED', 'CLEAN', 'CLEAN', 'NEUTRAL', 'NEUTRAL', 'CLEAR', 'CLEAR', 'OPENING', 'BANCO_OFF')",3,3,6,50.000,ATTACK_TECH,33.333,1.098612,3.0000
"('TANK', 'TANK', 'OFFENSIVE_DIS', 'SAFE', 'FULL', 'NORMAL', 'SLOWER', 'MEC_USED', 'AFFLICTED', 'AFFLICTED', 'NEUTRAL', 'NEUTRAL', 'CLEAR', 'CLEAR', 'CLUTCH', 'BANCO_VAZIO')",3,3,6,50.000,ATTACK_PIVOT,33.333,1.098612,3.0000
"('SWEEPER', 'SWEEPER', 'VOLATILE', 'FULL', 'FULL', 'FIELD_OURS_OFF', 'FASTER', 'MEC_USED', 'CLEAN', 'CLEAN', 'DEBUFF', 'NEUTRAL', 'CLEAR', 'CLEAR', 'OPENING', 'BANCO_OFF')",3,1,5,20.000,SWITCH_OFFENSIVE,100.000,-0.000000,1.0000
"('TANK', 'TANK', 'VOLATILE', 'FULL', 'FULL', 'NORMAL', 'FASTER', 'MEC_USED', 'CLEAN', 'CLEAN', 'NEUTRAL', 'NEUTRAL', 'SET', 'SET', 'OPENING', 'BANCO_OFF')",3,3,6,50.000,ATTACK_STRONG,33.333,1.098612,3.0000
"('TANK', 'SWEEPER', 'NEUTRAL', 'SAFE', 'DANGER', 'NORMAL', 'SLOWER', 'MEC_USED', 'CLEAN', 'CLEAN', 'NEUTRAL', 'NEUTRAL', 'CLEAR', 'CLEAR', 'OPENING', 'BANCO_OFF')",3,3,8,37.500,DISRUPTION,33.333,1.098612,3.0000
"('TANK', 'TANK', 'VOLATILE', 'FULL', 'FULL', 'FIELD_SHARED', 'FASTER', 'MEC_USED', 'CLEAN', 'CLEAN', 'NEUTRAL', 'NEUTRAL', 'SET', 'CLEAR', 'OPENING', 'BANCO_OFF')",3,3,8,37.500,STATUS,33.333,1.098612,3.0000
"('TANK', 'TANK', 'NEUTRAL', 'FULL', 'FULL', 'FIELD_SHARED', 'SLOWER', 'MEC_USED', 'CLEAN', 'AFFLICTED', 'NEUTRAL', 'NEUTRAL', 'CLEAR', 'CLEAR', 'OPENING', 'BANCO_OFF')",3,3,6,50.000,ATTACK_STRONG,33.333,1.098612,3.0000
"('TANK', 'TANK', 'VOLATILE', 'DANGER', 'FULL', 'NORMAL', 'SLOWER', 'MEC_USED', 'CLEAN', 'CLEAN', 'NEUTRAL', 'NEUTRAL', 'SET', 'CLEAR', 'OPENING', 'BANCO_OFF')",3,3,9,33.333,ATTACK_STRONG,33.333,1.098612,3.0000
"('TANK', 'TANK', 'NEUTRAL', 'FULL', 'FULL', 'FIELD_OURS_DEF', 'FASTER', 'MEC_USED', 'CLEAN', 'CLEAN', 'NEUTRAL', 'NEUTRAL', 'CLEAR', 'CLEAR', 'OPENING', 'BANCO_VAZIO')",3,2,6,33.333,BARRIER,66.667,0.636514,1.8899
"('TANK', 'SWEEPER', 'DEFENSIVE_DIS', 'FULL', 'FULL', 'NORMAL', 'SLOWER', 'MEC_USED', 'CLEAN', 'CLEAN', 'NEUTRAL', 'NEUTRAL', 'CLEAR', 'CLEAR', 'RECOVERING', 'BANCO_VAZIO')",3,3,8,37.500,ATTACK_STRONG,33.333,1.098612,3.0000
"('TANK', 'TANK', 'OFFENSIVE_DIS', 'FULL', 'SAFE', 'NORMAL', 'FASTER', 'MEC_USED', 'CLEAN', 'CLEAN', 'NEUTRAL', 'NEUTRAL', 'SET', 'SET', 'RECOVERING', 'BANCO_VAZIO')",3,2,3,66.667,ATTACK_TECH,66.667,0.636514,1.8899
"('TANK', 'TANK', 'VOLATILE', 'SAFE', 'FULL', 'NORMAL', 'SLOWER', 'MEC_USED', 'CLEAN', 'CLEAN', 'NEUTRAL', 'NEUTRAL', 'CLEAR', 'CLEAR', 'OPENING', 'BANCO_AMBOS')",3,3,8,37.500,BUFF,33.333,1.098612,3.0000
"('TANK', 'TANK', 'NEUTRAL', 'SAFE', 'FULL', 'FIELD_SHARED', 'SLOWER', 'MEC_USED', 'CLEAN', 'CLEAN', 'NEUTRAL', 'NEUTRAL', 'SET', 'CLEAR', 'OPENING', 'BANCO_OFF')",3,2,4,50.000,HEAL,66.667,0.636514,1.8899
"('TANK', 'TANK', 'DEFENSIVE_DIS', 'FULL', 'SAFE', 'FIELD_SHARED', 'FASTER', 'MEC_USED', 'CLEAN', 'CLEAN', 'NEUTRAL', 'NEUTRAL', 'CLEAR', 'CLEAR', 'OPENING', 'BANCO_OFF')",3,2,6,33.333,SWITCH_OFFENSIVE,66.667,0.636514,1.8899
"('TANK', 'UTILITY', 'NEUTRAL', 'FULL', 'FULL', 'FIELD_SHARED', 'SLOWER', 'MEC_USED', 'CLEAN', 'CLEAN', 'NEUTRAL', 'NEUTRAL', 'CLEAR', 'CLEAR', 'OPENING', 'BANCO_AMBOS')",3,3,8,37.500,BUFF,33.333,1.098612,3.0000
"('TANK', 'TANK', 'DOMINANT', 'SAFE', 'SAFE', 'FIELD_THEIRS', 'FASTER', 'MEC_USED', 'CLEAN', 'CLEAN', 'NEUTRAL', 'NEUTRAL', 'CLEAR', 'CLEAR', 'OPENING', 'BANCO_OFF')",3,2,6,33.333,ATTACK_PREDICTIVE,66.667,0.636514,1.8899
"('UTILITY', 'TANK', 'DEFENSIVE_DIS', 'FULL', 'FULL', 'FIELD_SHARED', 'FASTER', 'MEC_USED', 'CLEAN', 'CLEAN', 'NEUTRAL', 'NEUTRAL', 'CLEAR', 'CLEAR', 'OPENING', 'BANCO_AMBOS')",3,3,8,37.500,ATTACK_TECH,33.333,1.098612,3.0000
"('TANK', 'TANK', 'DEFENSIVE_DIS', 'DANGER', 'SAFE', 'NORMAL', 'SLOWER', 'MEC_USED', 'CLEAN', 'CLEAN', 'NEUTRAL', 'NEUTRAL', 'SET', 'CLEAR', 'RECOVERING', 'BANCO_VAZIO')",3,1,7,14.286,ATTACK_PIVOT,100.000,-0.000000,1.0000
"('TANK', 'TANK', 'NEUTRAL', 'FULL', 'SAFE', 'FIELD_SHARED', 'SLOWER', 'MEC_USED', 'CLEAN', 'CLEAN', 'NEUTRAL', 'NEUTRAL', 'SET', 'CLEAR', 'OPENING', 'BANCO_OFF')",3,3,8,37.500,ATTACK_PREDICTIVE,33.333,1.098612,3.0000
"('TANK', 'TANK', 'CRITICAL_DIS', 'SAFE', 'SAFE', 'NORMAL', 'FASTER', 'MEC_USED', 'CLEAN', 'CLEAN', 'NEUTRAL', 'NEUTRAL', 'CLEAR', 'CLEAR', 'OPENING', 'BANCO_OFF')",3,2,7,28.571,SWITCH_OFFENSIVE,66.667,0.636514,1.8899
"('TANK', 'TANK', 'OFFENSIVE_DIS', 'FULL', 'DANGER', 'NORMAL', 'SLOWER', 'MEC_USED', 'CLEAN', 'CLEAN', 'NEUTRAL', 'NEUTRAL', 'CLEAR', 'SET', 'RECOVERING', 'BANCO_VAZIO')",3,1,3,33.333,ATTACK_TECH,100.000,-0.000000,1.0000
"('TANK', 'TANK', 'VOLATILE', 'DANGER', 'FULL', 'NORMAL', 'SLOWER', 'MEC_USED', 'CLEAN', 'CLEAN', 'NEUTRAL', 'NEUTRAL', 'CLEAR', 'CLEAR', 'OPENING', 'BANCO_OFF')",3,3,8,37.500,HEAL,33.333,1.098612,3.0000
"('TANK', 'TANK', 'OFFENSIVE_DIS', 'SAFE', 'FULL', 'NORMAL', 'SLOWER', 'MEC_USED', 'CLEAN', 'CLEAN', 'NEUTRAL', 'NEUTRAL', 'SET', 'CLEAR', 'BRAWL', 'BANCO_VAZIO')",3,3,11,27.273,ATTACK_PREDICTIVE,33.333,1.098612,3.0000
"('SWEEPER', 'TANK', 'DEFENSIVE_DIS', 'FULL', 'FULL', 'FIELD_OURS_OFF', 'FASTER', 'MEC_AVAIL', 'CLEAN', 'CLEAN', 'NEUTRAL', 'NEUTRAL', 'CLEAR', 'CLEAR', 'OPENING', 'BANCO_OFF')",3,2,8,25.000,ATTACK_STRONG_MEC,66.667,0.636514,1.8899
"('SWEEPER', 'TANK', 'NEUTRAL', 'DANGER', 'SAFE', 'NORMAL', 'FASTER', 'MEC_USED', 'CLEAN', 'CLEAN', 'NEUTRAL', 'NEUTRAL', 'CLEAR', 'CLEAR', 'OPENING', 'BANCO_OFF')",3,1,3,33.333,SWITCH_DEFENSIVE,100.000,-0.000000,1.0000
"('TANK', 'TANK', 'NEUTRAL', 'FULL', 'FULL', 'FIELD_OURS_OFF', 'FASTER', 'MEC_USED', 'CLEAN', 'CLEAN', 'NEUTRAL', 'NEUTRAL', 'SET', 'CLEAR', 'OPENING', 'BANCO_AMBOS')",3,3,9,33.333,ATTACK_STRONG,33.333,1.098612,3.0000
"('TANK', 'TANK', 'NEUTRAL', 'SAFE', 'FULL', 'NORMAL', 'FASTER', 'MEC_USED', 'AFFLICTED', 'CLEAN', 'DEBUFF', 'NEUTRAL', 'SET', 'SET', 'CLUTCH', 'BANCO_VAZIO')",3,1,3,33.333,ATTACK_PIVOT,100.000,-0.000000,1.0000
"('TANK', 'TANK', 'OFFENSIVE_DIS', 'SAFE', 'FULL', 'NORMAL', 'FASTER', 'MEC_USED', 'AFFLICTED', 'CLEAN', 'NEUTRAL', 'NEUTRAL', 'SET', 'CLEAR', 'RECOVERING', 'BANCO_VAZIO')",3,2,2,100.000,STATUS,66.667,0.636514,1.8899
"('TANK', 'TANK', 'OFFENSIVE_DIS', 'FULL', 'FULL', 'NORMAL', 'FASTER', 'MEC_USED', 'AFFLICTED', 'CLEAN', 'NEUTRAL', 'NEUTRAL', 'SET', 'SET', 'CLUTCH', 'BANCO_VAZIO')",3,2,5,40.000,ATTACK_PIVOT,66.667,0.636514,1.8899
"('TANK', 'TANK', 'OFFENSIVE_DIS', 'FULL', 'SAFE', 'NORMAL', 'FASTER', 'MEC_USED', 'AFFLICTED', 'AFFLICTED', 'NEUTRAL', 'DEBUFF', 'SET', 'SET', 'CLUTCH', 'BANCO_VAZIO')",2,1,2,50.000,STAT_CLEAN,100.000,-0.000000,1.0000
"('TANK', 'UTILITY', 'STALEMATE', 'SAFE', 'SAFE', 'NORMAL', 'SLOWER', 'MEC_USED', 'CLEAN', 'CLEAN', 'DEBUFF', 'NEUTRAL', 'SET', 'SET', 'RECOVERING', 'BANCO_VAZIO')",2,1,1,100.000,PROTECT,100.000,-0.000000,1.0000
"('TANK', 'TANK', 'DEFENSIVE_ADV', 'DANGER', 'FULL', 'NORMAL', 'SLOWER', 'MEC_USED', 'CLEAN', 'AFFLICTED', 'NEUTRAL', 'NEUTRAL', 'SET', 'SET', 'RECOVERING', 'BANCO_VAZIO')",2,2,3,66.667,ATTACK_STRONG,50.000,0.693147,2.0000
"('TANK', 'TANK', 'NEUTRAL', 'FULL', 'FULL', 'NORMAL', 'FASTER', 'MEC_USED', 'CLEAN', 'CLEAN', 'NEUTRAL', 'DEBUFF', 'CLEAR', 'SET', 'RECOVERING', 'BANCO_VAZIO')",2,1,2,50.000,ATTACK_STRONG,100.000,-0.000000,1.0000
"('TANK', 'TANK', 'NEUTRAL', 'SAFE', 'FULL', 'NORMAL', 'FASTER', 'MEC_USED', 'CLEAN', 'AFFLICTED', 'DEBUFF', 'DEBUFF_DEBUFF', 'SET', 'CLEAR', 'CLUTCH', 'BANCO_VAZIO')",2,1,5,20.000,ATTACK_STRONG,100.000,-0.000000,1.0000
"('TANK', 'TANK', 'DEFENSIVE_ADV', 'SAFE', 'FULL', 'NORMAL', 'FASTER', 'MEC_USED', 'AFFLICTED', 'CLEAN', 'DEBUFF', 'NEUTRAL', 'SET', 'SET', 'CLUTCH', 'BANCO_VAZIO')",2,2,4,50.000,STAT_CLEAN,50.000,0.693147,2.0000
"('TANK', 'TANK', 'OFFENSIVE_ADV', 'SAFE', 'FULL', 'NORMAL', 'FASTER', 'MEC_USED', 'AFFLICTED', 'CLEAN', 'NEUTRAL', 'NEUTRAL', 'CLEAR', 'CLEAR', 'RECOVERING', 'BANCO_VAZIO')",2,2,5,40.000,ATTACK_PIVOT,50.000,0.693147,2.0000
"('TANK', 'TANK', 'DEFENSIVE_ADV', 'FULL', 'SAFE', 'NORMAL', 'SLOWER', 'MEC_USED', 'AFFLICTED', 'AFFLICTED', 'DEBUFF', 'DEBUFF', 'SET', 'CLEAR', 'CLUTCH', 'BANCO_VAZIO')",2,1,1,100.000,STAT_CLEAN,100.000,-0.000000,1.0000
"('TANK', 'TANK', 'OFFENSIVE_DIS', 'FULL', 'CRIT', 'NORMAL', 'FASTER', 'MEC_USED', 'AFFLICTED', 'CLEAN', 'NEUTRAL', 'NEUTRAL', 'CLEAR', 'CLEAR', 'RECOVERING', 'BANCO_VAZIO')",2,1,4,25.000,ATTACK_STRONG,100.000,-0.000000,1.0000
"('TANK', 'TANK', 'NEUTRAL', 'SAFE', 'CRIT', 'NORMAL', 'FASTER', 'MEC_USED', 'CLEAN', 'CLEAN', 'NEUTRAL', 'NEUTRAL', 'SET', 'SET', 'RECOVERING', 'BANCO_VAZIO')",2,2,6,33.333,ATTACK_STRONG,50.000,0.693147,2.0000
"('UTILITY', 'TANK', 'CRITICAL_DIS', 'FULL', 'FULL', 'FIELD_SHARED', 'FASTER', 'MEC_AVAIL', 'CLEAN', 'CLEAN', 'NEUTRAL', 'NEUTRAL', 'CLEAR', 'CLEAR', 'OPENING', 'BANCO_AMBOS')",2,1,6,16.667,SWITCH_OFFENSIVE,100.000,-0.000000,1.0000
"('TANK', 'TANK', 'VOLATILE', 'FULL', 'FULL', 'NORMAL', 'SLOWER', 'MEC_USED', 'CLEAN', 'AFFLICTED', 'NEUTRAL', 'NEUTRAL', 'CLEAR', 'SET', 'RECOVERING', 'BANCO_VAZIO')",2,1,4,25.000,ATTACK_STRONG,100.000,-0.000000,1.0000
"('SWEEPER', 'TANK', 'DEFENSIVE_DIS', 'SAFE', 'FULL', 'NORMAL', 'FASTER', 'MEC_USED', 'CLEAN', 'CLEAN', 'NEUTRAL', 'NEUTRAL', 'CLEAR', 'SET', 'CLUTCH', 'BANCO_VAZIO')",2,2,6,33.333,ATTACK_PREDICTIVE,50.000,0.693147,2.0000
"('SWEEPER', 'UTILITY', 'DEFENSIVE_ADV', 'FULL', 'FULL', 'FIELD_SHARED', 'SLOWER', 'MEC_USED', 'CLEAN', 'CLEAN', 'NEUTRAL', 'NEUTRAL', 'CLEAR', 'CLEAR', 'OPENING', 'BANCO_AMBOS')",2,2,3,66.667,ATTACK_STRONG,50.000,0.693147,2.0000
"('TANK', 'TANK', 'NEUTRAL', 'DANGER', 'FULL', 'NORMAL', 'SLOWER', 'MEC_USED', 'CLEAN', 'CLEAN', 'NEUTRAL', 'NEUTRAL', 'SET', 'SET', 'CLUTCH', 'BANCO_VAZIO')",2,2,6,33.333,ATTACK_TECH,50.000,0.693147,2.0000
"('TANK', 'SWEEPER', 'DEFENSIVE_DIS', 'FULL', 'SAFE', 'NORMAL', 'SLOWER', 'MEC_USED', 'CLEAN', 'CLEAN', 'NEUTRAL', 'NEUTRAL', 'CLEAR', 'CLEAR', 'RECOVERING', 'BANCO_VAZIO')",2,2,6,33.333,ATTACK_TECH,50.000,0.693147,2.0000
"('TANK', 'TANK', 'OFFENSIVE_DIS', 'FULL', 'SAFE', 'NORMAL', 'SLOWER', 'MEC_USED', 'CLEAN', 'AFFLICTED', 'NEUTRAL', 'NEUTRAL', 'CLEAR', 'SET', 'CLUTCH', 'BANCO_VAZIO')",2,1,2,50.000,ATTACK_TECH,100.000,-0.000000,1.0000
"('TANK', 'SWEEPER', 'OFFENSIVE_ADV', 'SAFE', 'DANGER', 'NORMAL', 'SLOWER', 'MEC_USED', 'CLEAN', 'CLEAN', 'NEUTRAL', 'NEUTRAL', 'CLEAR', 'CLEAR', 'RECOVERING', 'BANCO_VAZIO')",2,1,4,25.000,ATTACK_PREDICTIVE,100.000,-0.000000,1.0000
"('TANK', 'TANK', 'NEUTRAL', 'SAFE', 'DANGER', 'NORMAL', 'SLOWER', 'MEC_USED', 'CLEAN', 'CLEAN', 'NEUTRAL', 'NEUTRAL', 'SET', 'SET', 'CLUTCH', 'BANCO_VAZIO')",2,2,5,40.000,ATTACK_PREDICTIVE,50.000,0.693147,2.0000
"('TANK', 'TANK', 'NEUTRAL', 'DANGER', 'FULL', 'NORMAL', 'FASTER', 'MEC_AVAIL', 'CLEAN', 'CLEAN', 'NEUTRAL', 'NEUTRAL', 'CLEAR', 'CLEAR', 'OPENING', 'BANCO_OFF')",2,2,8,25.000,HAZARD,50.000,0.693147,2.0000
"('TANK', 'TANK', 'OFFENSIVE_ADV', 'CRIT', 'FULL', 'NORMAL', 'FASTER', 'MEC_USED', 'CLEAN', 'CLEAN', 'NEUTRAL', 'NEUTRAL', 'SET', 'CLEAR', 'OPENING', 'BANCO_OFF')",2,2,6,33.333,ATTACK_PREDICTIVE,50.000,0.693147,2.0000
"('TANK', 'UTILITY', 'OFFENSIVE_DIS', 'FULL', 'SAFE', 'NORMAL', 'SLOWER', 'MEC_USED', 'CLEAN', 'CLEAN', 'NEUTRAL', 'BUFFED', 'CLEAR', 'SET', 'RECOVERING', 'BANCO_VAZIO')",2,2,5,40.000,ATTACK_TECH,50.000,0.693147,2.0000
"('UTILITY', 'TANK', 'OFFENSIVE_DIS', 'FULL', 'FULL', 'NORMAL', 'FASTER', 'MEC_USED', 'CLEAN', 'CLEAN', 'NEUTRAL', 'NEUTRAL', 'CLEAR', 'CLEAR', 'OPENING', 'BANCO_OFF')",2,1,6,16.667,ATTACK_PIVOT,100.000,-0.000000,1.0000
"('TANK', 'TANK', 'NEUTRAL', 'FULL', 'DANGER', 'NORMAL', 'FASTER', 'MEC_AVAIL', 'CLEAN', 'CLEAN', 'NEUTRAL', 'NEUTRAL', 'CLEAR', 'CLEAR', 'OPENING', 'BANCO_OFF')",2,2,7,28.571,ATTACK_PREDICTIVE_MEC,50.000,0.693147,2.0000
"('TANK', 'TANK', 'CRITICAL_DIS', 'FULL', 'FULL', 'NORMAL', 'SLOWER', 'MEC_USED', 'CLEAN', 'CLEAN', 'NEUTRAL', 'NEUTRAL', 'CLEAR', 'SET', 'CLUTCH', 'BANCO_VAZIO')",2,1,3,33.333,HEAL,100.000,-0.000000,1.0000
"('TANK', 'TANK', 'OFFENSIVE_ADV', 'FULL', 'SAFE', 'NORMAL', 'SLOWER', 'MEC_USED', 'CLEAN', 'CLEAN', 'NEUTRAL', 'NEUTRAL', 'CLEAR', 'CLEAR', 'RECOVERING', 'BANCO_VAZIO')",2,2,5,40.000,ATTACK_STRONG,50.000,0.693147,2.0000
"('TANK', 'TANK', 'NEUTRAL', 'CRIT', 'FULL', 'NORMAL', 'FASTER', 'MEC_USED', 'CLEAN', 'CLEAN', 'NEUTRAL', 'NEUTRAL', 'CLEAR', 'SET', 'RECOVERING', 'BANCO_VAZIO')",2,2,6,33.333,ATTACK_PREDICTIVE,50.000,0.693147,2.0000
"('TANK', 'TANK', 'OFFENSIVE_ADV', 'FULL', 'CRIT', 'NORMAL', 'FASTER', 'MEC_USED', 'CLEAN', 'CLEAN', 'NEUTRAL', 'NEUTRAL', 'SET', 'CLEAR', 'OPENING', 'BANCO_OFF')",2,2,8,25.000,HEAL,50.000,0.693147,2.0000
"('TANK', 'SWEEPER', 'OFFENSIVE_ADV', 'SAFE', 'FULL', 'NORMAL', 'SLOWER', 'MEC_USED', 'CLEAN', 'CLEAN', 'NEUTRAL', 'NEUTRAL', 'CLEAR', 'CLEAR', 'BRAWL', 'BANCO_OFF')",2,2,8,25.000,ATTACK_STRONG,50.000,0.693147,2.0000
"('UTILITY', 'SWEEPER', 'VOLATILE', 'FULL', 'FULL', 'NORMAL', 'FASTER', 'MEC_AVAIL', 'CLEAN', 'CLEAN', 'DEBUFF', 'NEUTRAL', 'CLEAR', 'CLEAR', 'OPENING', 'BANCO_VAZIO')",2,2,6,33.333,ATTACK_STRONG_MEC,50.000,0.693147,2.0000
"('UTILITY', 'TANK', 'NEUTRAL', 'FULL', 'FULL', 'NORMAL', 'SLOWER', 'MEC_USED', 'CLEAN', 'CLEAN', 'NEUTRAL', 'NEUTRAL', 'CLEAR', 'CLEAR', 'OPENING', 'BANCO_DEF')",2,1,6,16.667,SWITCH_DEFENSIVE,100.000,-0.000000,1.0000
"('TANK', 'UTILITY', 'DEFENSIVE_DIS', 'FULL', 'FULL', 'FIELD_SHARED', 'SLOWER', 'MEC_USED', 'CLEAN', 'CLEAN', 'NEUTRAL', 'NEUTRAL', 'CLEAR', 'CLEAR', 'OPENING', 'BANCO_OFF')",2,2,6,33.333,ATTACK_PREDICTIVE,50.000,0.693147,2.0000
"('SWEEPER', 'TANK', 'NEUTRAL', 'FULL', 'FULL', 'NORMAL', 'FASTER', 'MEC_AVAIL', 'CLEAN', 'CLEAN', 'NEUTRAL', 'NEUTRAL', 'CLEAR', 'CLEAR', 'OPENING', 'BANCO_OFF')",2,2,12,16.667,ATTACK_TECH,50.000,0.693147,2.0000
"('TANK', 'TANK', 'NEUTRAL', 'CRIT', 'SAFE', 'NORMAL', 'SLOWER', 'MEC_USED', 'CLEAN', 'CLEAN', 'NEUTRAL', 'NEUTRAL', 'CLEAR', 'CLEAR', 'RECOVERING', 'BANCO_VAZIO')",2,2,5,40.000,ATTACK_TECH,50.000,0.693147,2.0000
"('TANK', 'TANK', 'NEUTRAL', 'SAFE', 'FULL', 'NORMAL', 'FASTER', 'MEC_USED', 'CLEAN', 'CLEAN', 'NEUTRAL', 'NEUTRAL', 'CLEAR', 'CLEAR', 'OPENING', 'BANCO_DEF')",2,2,6,33.333,ATTACK_PIVOT,50.000,0.693147,2.0000
"('TANK', 'TANK', 'OFFENSIVE_DIS', 'FULL', 'FULL', 'NORMAL', 'FASTER', 'MEC_USED', 'AFFLICTED', 'CLEAN', 'NEUTRAL', 'NEUTRAL', 'CLEAR', 'CLEAR', 'OPENING', 'BANCO_AMBOS')",2,2,8,25.000,ATTACK_STRONG,50.000,0.693147,2.0000
"('TANK', 'TANK', 'NEUTRAL', 'DANGER', 'SAFE', 'NORMAL', 'FASTER', 'MEC_USED', 'CLEAN', 'CLEAN', 'NEUTRAL', 'NEUTRAL', 'SET', 'SET', 'BRAWL', 'BANCO_OFF')",2,1,6,16.667,ATTACK_STRONG,100.000,-0.000000,1.0000
"('TANK', 'SWEEPER', 'NEUTRAL', 'SAFE', 'FULL', 'FIELD_SHARED', 'SLOWER', 'MEC_USED', 'CLEAN', 'CLEAN', 'NEUTRAL', 'NEUTRAL', 'CLEAR', 'CLEAR', 'OPENING', 'BANCO_OFF')",2,2,6,33.333,ATTACK_TECH,50.000,0.693147,2.0000
"('TANK', 'TANK', 'NEUTRAL', 'FULL', 'FULL', 'FIELD_OURS_DEF', 'FASTER', 'MEC_USED', 'CLEAN', 'CLEAN', 'NEUTRAL', 'NEUTRAL', 'CLEAR', 'CLEAR', 'OPENING', 'BANCO_AMBOS')",2,2,6,33.333,ATTACK_PREDICTIVE,50.000,0.693147,2.0000
"('TANK', 'TANK', 'OFFENSIVE_ADV', 'SAFE', 'FULL', 'NORMAL', 'SLOWER', 'MEC_USED', 'CLEAN', 'CLEAN', 'NEUTRAL', 'NEUTRAL', 'SET', 'SET', 'BRAWL', 'BANCO_OFF')",2,2,8,25.000,STATUS,50.000,0.693147,2.0000
"('TANK', 'TANK', 'DEFENSIVE_DIS', 'FULL', 'FULL', 'FIELD_OURS_DEF', 'SLOWER', 'MEC_USED', 'CLEAN', 'CLEAN', 'NEUTRAL', 'NEUTRAL', 'CLEAR', 'CLEAR', 'OPENING', 'BANCO_DEF')",2,1,4,25.000,SWITCH_OFFENSIVE,100.000,-0.000000,1.0000
"('SWEEPER', 'TANK', 'VOLATILE', 'FULL', 'FULL', 'FIELD_OURS_OFF', 'FASTER', 'MEC_USED', 'CLEAN', 'CLEAN', 'NEUTRAL', 'NEUTRAL', 'CLEAR', 'CLEAR', 'OPENING', 'BANCO_OFF')",2,2,5,40.000,ATTACK_STRONG,50.000,0.693147,2.0000
"('TANK', 'TANK', 'OFFENSIVE_ADV', 'SAFE', 'FULL', 'FIELD_OURS_OFF', 'SLOWER', 'MEC_USED', 'CLEAN', 'CLEAN', 'NEUTRAL', 'NEUTRAL', 'CLEAR', 'CLEAR', 'OPENING', 'BANCO_OFF')",2,2,9,22.222,ATTACK_PREDICTIVE,50.000,0.693147,2.0000
"('TANK', 'TANK', 'CRITICAL_DIS', 'SAFE', 'FULL', 'NORMAL', 'FASTER', 'MEC_USED', 'CLEAN', 'CLEAN', 'NEUTRAL', 'NEUTRAL', 'SET', 'CLEAR', 'OPENING', 'BANCO_OFF')",2,2,6,33.333,BUFF,50.000,0.693147,2.0000
"('TANK', 'TANK', 'OFFENSIVE_ADV', 'FULL', 'FULL', 'NORMAL', 'SLOWER', 'MEC_USED', 'CLEAN', 'AFFLICTED', 'NEUTRAL', 'NEUTRAL', 'CLEAR', 'CLEAR', 'OPENING', 'BANCO_OFF')",2,2,7,28.571,SWITCH_DEFENSIVE,50.000,0.693147,2.0000
"('TANK', 'TANK', 'NEUTRAL', 'CRIT', 'SAFE', 'NORMAL', 'FASTER', 'MEC_USED', 'CLEAN', 'CLEAN', 'NEUTRAL', 'NEUTRAL', 'CLEAR', 'SET', 'RECOVERING', 'BANCO_VAZIO')",2,2,3,66.667,ATTACK_STRONG,50.000,0.693147,2.0000
"('TANK', 'TANK', 'DEFENSIVE_DIS', 'FULL', 'FULL', 'NORMAL', 'SLOWER', 'MEC_USED', 'CLEAN', 'CLEAN', 'NEUTRAL', 'NEUTRAL', 'CLEAR', 'SET', 'RECOVERING', 'BANCO_VAZIO')",2,2,2,100.000,ATTACK_TECH,50.000,0.693147,2.0000
"('TANK', 'SWEEPER', 'OFFENSIVE_DIS', 'SAFE', 'SAFE', 'NORMAL', 'SLOWER', 'MEC_USED', 'CLEAN', 'CLEAN', 'NEUTRAL', 'NEUTRAL', 'CLEAR', 'SET', 'RECOVERING', 'BANCO_VAZIO')",2,1,5,20.000,STATUS,100.000,-0.000000,1.0000
"('TANK', 'TANK', 'VOLATILE', 'FULL', 'FULL', 'NORMAL', 'FASTER', 'MEC_AVAIL', 'CLEAN', 'CLEAN', 'NEUTRAL', 'NEUTRAL', 'SET', 'CLEAR', 'OPENING', 'BANCO_OFF')",2,1,6,16.667,ATTACK_STRONG_MEC,100.000,-0.000000,1.0000
"('UTILITY', 'TANK', 'DEFENSIVE_DIS', 'FULL', 'FULL', 'FIELD_SHARED', 'FASTER', 'MEC_USED', 'CLEAN', 'CLEAN', 'NEUTRAL', 'NEUTRAL', 'CLEAR', 'CLEAR', 'OPENING', 'BANCO_OFF')",2,2,7,28.571,ATTACK_TECH,50.000,0.693147,2.0000
"('TANK', 'TANK', 'DEFENSIVE_DIS', 'FULL', 'FULL', 'FIELD_THEIRS', 'SLOWER', 'MEC_USED', 'CLEAN', 'CLEAN', 'NEUTRAL', 'NEUTRAL', 'CLEAR', 'CLEAR', 'OPENING', 'BANCO_VAZIO')",2,1,4,25.000,ATTACK_TECH,100.000,-0.000000,1.0000
"('TANK', 'TANK', 'NEUTRAL', 'SAFE', 'FULL', 'FIELD_SHARED', 'SLOWER', 'MEC_USED', 'CLEAN', 'CLEAN', 'NEUTRAL', 'NEUTRAL', 'CLEAR', 'SET', 'OPENING', 'BANCO_OFF')",2,2,9,22.222,STATUS,50.000,0.693147,2.0000
"('TANK', 'TANK', 'NEUTRAL', 'FULL', 'FULL', 'FIELD_SHARED', 'FASTER', 'MEC_USED', 'CLEAN', 'CLEAN', 'NEUTRAL', 'NEUTRAL', 'CLEAR', 'SET', 'OPENING', 'BANCO_AMBOS')",2,1,6,16.667,ATTACK_STRONG,100.000,-0.000000,1.0000
"('TANK', 'TANK', 'NEUTRAL', 'FULL', 'FULL', 'NORMAL', 'SLOWER', 'MEC_USED', 'CLEAN', 'AFFLICTED', 'NEUTRAL', 'NEUTRAL', 'CLEAR', 'CLEAR', 'OPENING', 'BANCO_OFF')",2,2,4,50.000,ATTACK_TECH,50.000,0.693147,2.0000
"('TANK', 'TANK', 'NEUTRAL', 'FULL', 'FULL', 'NORMAL', 'SLOWER', 'MEC_USED', 'CLEAN', 'CLEAN', 'NEUTRAL', 'NEUTRAL', 'CLEAR', 'CLEAR', 'BRAWL', 'BANCO_AMBOS')",2,1,6,16.667,SWITCH_DEFENSIVE,100.000,-0.000000,1.0000
"('TANK', 'TANK', 'OFFENSIVE_ADV', 'SAFE', 'SAFE', 'NORMAL', 'SLOWER', 'MEC_USED', 'CLEAN', 'CLEAN', 'NEUTRAL', 'NEUTRAL', 'CLEAR', 'CLEAR', 'BRAWL', 'BANCO_OFF')",2,2,7,28.571,ATTACK_TECH,50.000,0.693147,2.0000
"('SWEEPER', 'TANK', 'NEUTRAL', 'FULL', 'SAFE', 'NORMAL', 'FASTER', 'MEC_USED', 'CLEAN', 'CLEAN', 'NEUTRAL', 'DEBUFF', 'CLEAR', 'CLEAR', 'OPENING', 'BANCO_OFF')",2,2,6,33.333,ATTACK_PREDICTIVE,50.000,0.693147,2.0000
"('TANK', 'TANK', 'NEUTRAL', 'FULL', 'DANGER', 'NORMAL', 'FASTER', 'MEC_USED', 'CLEAN', 'CLEAN', 'NEUTRAL', 'NEUTRAL', 'CLEAR', 'SET', 'RECOVERING', 'BANCO_VAZIO')",2,1,8,12.500,ATTACK_STRONG,100.000,-0.000000,1.0000
"('TANK', 'TANK', 'OFFENSIVE_DIS', 'SAFE', 'FULL', 'FIELD_THEIRS', 'SLOWER', 'MEC_USED', 'CLEAN', 'CLEAN', 'NEUTRAL', 'NEUTRAL', 'CLEAR', 'CLEAR', 'OPENING', 'BANCO_OFF')",2,2,7,28.571,ATTACK_PIVOT,50.000,0.693147,2.0000
"('TANK', 'TANK', 'NEUTRAL', 'SAFE', 'SAFE', 'NORMAL', 'FASTER', 'MEC_USED', 'AFFLICTED', 'CLEAN', 'NEUTRAL', 'NEUTRAL', 'CLEAR', 'SET', 'CLUTCH', 'BANCO_VAZIO')",2,2,3,66.667,ATTACK_STRONG,50.000,0.693147,2.0000
"('TANK', 'TANK', 'NEUTRAL', 'CRIT', 'SAFE', 'NORMAL', 'FASTER', 'MEC_USED', 'CLEAN', 'CLEAN', 'NEUTRAL', 'NEUTRAL', 'SET', 'SET', 'BRAWL', 'BANCO_VAZIO')",2,1,6,16.667,BUFF,100.000,-0.000000,1.0000
"('TANK', 'TANK', 'NEUTRAL', 'FULL', 'SAFE', 'NORMAL', 'FASTER', 'MEC_USED', 'AFFLICTED', 'AFFLICTED', 'DEBUFF', 'NEUTRAL', 'CLEAR', 'CLEAR', 'CLUTCH', 'BANCO_VAZIO')",2,1,1,100.000,ATTACK_STRONG,100.000,-0.000000,1.0000
"('TANK', 'SWEEPER', 'DEFENSIVE_DIS', 'SAFE', 'FULL', 'NORMAL', 'SLOWER', 'MEC_USED', 'CLEAN', 'CLEAN', 'NEUTRAL', 'NEUTRAL', 'CLEAR', 'CLEAR', 'OPENING', 'BANCO_OFF')",2,1,3,33.333,SWITCH_OFFENSIVE,100.000,-0.000000,1.0000
"('TANK', 'SWEEPER', 'NEUTRAL', 'FULL', 'FULL', 'NORMAL', 'SLOWER', 'MEC_USED', 'CLEAN', 'CLEAN', 'NEUTRAL', 'NEUTRAL', 'CLEAR', 'CLEAR', 'RECOVERING', 'BANCO_VAZIO')",2,1,5,20.000,STAT_CLEAN,100.000,-0.000000,1.0000
"('TANK', 'TANK', 'OFFENSIVE_ADV', 'SAFE', 'FULL', 'FIELD_SHARED', 'FASTER', 'MEC_USED', 'CLEAN', 'CLEAN', 'NEUTRAL', 'NEUTRAL', 'SET', 'CLEAR', 'OPENING', 'BANCO_OFF')",2,2,5,40.000,ATTACK_STRONG,50.000,0.693147,2.0000
"('TANK', 'TANK', 'NEUTRAL', 'FULL', 'SAFE', 'NORMAL', 'SLOWER', 'MEC_USED', 'CLEAN', 'CLEAN', 'NEUTRAL', 'NEUTRAL', 'CLEAR', 'CLEAR', 'BRAWL', 'BANCO_VAZIO')",2,2,7,28.571,ATTACK_TECH,50.000,0.693147,2.0000
"('TANK', 'TANK', 'DEFENSIVE_DIS', 'SAFE', 'FULL', 'FIELD_SHARED', 'SLOWER', 'MEC_USED', 'CLEAN', 'CLEAN', 'NEUTRAL', 'NEUTRAL', 'CLEAR', 'CLEAR', 'OPENING', 'BANCO_AMBOS')",2,2,6,33.333,ATTACK_PREDICTIVE,50.000,0.693147,2.0000
"('TANK', 'SWEEPER', 'NEUTRAL', 'FULL', 'FULL', 'FIELD_OURS_OFF', 'FASTER', 'MEC_AVAIL', 'CLEAN', 'CLEAN', 'NEUTRAL', 'NEUTRAL', 'CLEAR', 'CLEAR', 'OPENING', 'BANCO_OFF')",2,1,6,16.667,ATTACK_PREDICTIVE_MEC,100.000,-0.000000,1.0000
"('TANK', 'TANK', 'NEUTRAL', 'FULL', 'SAFE', 'NORMAL', 'SLOWER', 'MEC_USED', 'AFFLICTED', 'CLEAN', 'DEBUFF', 'NEUTRAL', 'SET', 'SET', 'CLUTCH', 'BANCO_VAZIO')",2,1,2,50.000,HAZARD,100.000,-0.000000,1.0000
"('TANK', 'TANK', 'NEUTRAL', 'FULL', 'FULL', 'NORMAL', 'FASTER', 'MEC_AVAIL', 'CLEAN', 'CLEAN', 'NEUTRAL', 'NEUTRAL', 'CLEAR', 'SET', 'OPENING', 'BANCO_AMBOS')",2,1,6,16.667,ATTACK_STRONG_MEC,100.000,-0.000000,1.0000
"('TANK', 'TANK', 'OFFENSIVE_DIS', 'FULL', 'FULL', 'FIELD_SHARED', 'FASTER', 'MEC_USED', 'AFFLICTED', 'CLEAN', 'NEUTRAL', 'NEUTRAL', 'CLEAR', 'CLEAR', 'OPENING', 'BANCO_AMBOS')",2,2,5,40.000,HAZARD,50.000,0.693147,2.0000
"('TANK', 'TANK', 'OFFENSIVE_ADV', 'DANGER', 'SAFE', 'FIELD_SHARED', 'SLOWER', 'MEC_USED', 'CLEAN', 'CLEAN', 'NEUTRAL', 'NEUTRAL', 'CLEAR', 'CLEAR', 'OPENING', 'BANCO_OFF')",2,2,6,33.333,ATTACK_PIVOT,50.000,0.693147,2.0000
"('TANK', 'UTILITY', 'CRITICAL_DIS', 'FULL', 'FULL', 'FIELD_OURS_DEF', 'SLOWER', 'MEC_AVAIL', 'CLEAN', 'CLEAN', 'NEUTRAL', 'NEUTRAL', 'CLEAR', 'CLEAR', 'OPENING', 'BANCO_AMBOS')",2,2,6,33.333,ATTACK_STRONG_MEC,50.000,0.693147,2.0000
"('TANK', 'TANK', 'OFFENSIVE_ADV', 'DANGER', 'FULL', 'NORMAL', 'FASTER', 'MEC_USED', 'CLEAN', 'CLEAN', 'NEUTRAL', 'NEUTRAL', 'SET', 'SET', 'BRAWL', 'BANCO_OFF')",2,2,7,28.571,HEAL,50.000,0.693147,2.0000
"('TANK', 'TANK', 'OFFENSIVE_ADV', 'FULL', 'FULL', 'FIELD_THEIRS', 'FASTER', 'MEC_USED', 'CLEAN', 'CLEAN', 'NEUTRAL', 'DEBUFF', 'CLEAR', 'CLEAR', 'OPENING', 'BANCO_OFF')",2,2,6,33.333,ATTACK_PREDICTIVE,50.000,0.693147,2.0000
"('TANK', 'TANK', 'OFFENSIVE_DIS', 'FULL', 'FULL', 'NORMAL', 'FASTER', 'MEC_USED', 'CLEAN', 'CLEAN', 'NEUTRAL', 'NEUTRAL', 'SET', 'CLEAR', 'BRAWL', 'BANCO_OFF')",2,2,6,33.333,STATUS,50.000,0.693147,2.0000
"('TANK', 'TANK', 'DOMINANT', 'FULL', 'FULL', 'FIELD_SHARED', 'SLOWER', 'MEC_USED', 'CLEAN', 'CLEAN', 'NEUTRAL', 'NEUTRAL', 'CLEAR', 'CLEAR', 'OPENING', 'BANCO_VAZIO')",2,2,6,33.333,ATTACK_STRONG,50.000,0.693147,2.0000
"('TANK', 'TANK', 'NEUTRAL', 'FULL', 'FULL', 'NORMAL', 'FASTER', 'MEC_USED', 'AFFLICTED', 'CLEAN', 'NEUTRAL', 'NEUTRAL', 'CLEAR', 'CLEAR', 'OPENING', 'BANCO_VAZIO')",2,1,5,20.000,ATTACK_STRONG,100.000,-0.000000,1.0000
"('TANK', 'TANK', 'DEFENSIVE_DIS', 'DANGER', 'FULL', 'NORMAL', 'FASTER', 'MEC_USED', 'CLEAN', 'CLEAN', 'NEUTRAL', 'NEUTRAL', 'SET', 'CLEAR', 'OPENING', 'BANCO_OFF')",2,2,5,40.000,ATTACK_PREDICTIVE,50.000,0.693147,2.0000
"('SWEEPER', 'UTILITY', 'NEUTRAL', 'FULL', 'FULL', 'NORMAL', 'SLOWER', 'MEC_USED', 'CLEAN', 'CLEAN', 'NEUTRAL', 'NEUTRAL', 'CLEAR', 'CLEAR', 'OPENING', 'BANCO_AMBOS')",2,2,7,28.571,ATTACK_TECH,50.000,0.693147,2.0000
"('TANK', 'TANK', 'DOMINANT', 'FULL', 'SAFE', 'NORMAL', 'FASTER', 'MEC_AVAIL', 'CLEAN', 'CLEAN', 'NEUTRAL', 'NEUTRAL', 'CLEAR', 'CLEAR', 'OPENING', 'BANCO_OFF')",2,2,9,22.222,ATTACK_PREDICTIVE_MEC,50.000,0.693147,2.0000
"('TANK', 'TANK', 'DOMINANT', 'FULL', 'FULL', 'FIELD_OURS_DEF', 'FASTER', 'MEC_AVAIL', 'CLEAN', 'CLEAN', 'NEUTRAL', 'NEUTRAL', 'CLEAR', 'CLEAR', 'OPENING', 'BANCO_AMBOS')",2,1,10,10.000,ATTACK_STRONG_MEC,100.000,-0.000000,1.0000
"('TANK', 'TANK', 'OFFENSIVE_ADV', 'FULL', 'FULL', 'NORMAL', 'FASTER', 'MEC_USED', 'CLEAN', 'CLEAN', 'NEUTRAL', 'NEUTRAL', 'SET', 'SET', 'OPENING', 'BANCO_AMBOS')",2,2,4,50.000,ATTACK_STRONG,50.000,0.693147,2.0000
"('TANK', 'TANK', 'NEUTRAL', 'FULL', 'SAFE', 'FIELD_THEIRS', 'SLOWER', 'MEC_USED', 'CLEAN', 'CLEAN', 'NEUTRAL', 'NEUTRAL', 'CLEAR', 'CLEAR', 'OPENING', 'BANCO_OFF')",2,2,7,28.571,BUFF,50.000,0.693147,2.0000
"('TANK', 'TANK', 'OFFENSIVE_ADV', 'FULL', 'FULL', 'NORMAL', 'FASTER', 'MEC_USED', 'AFFLICTED', 'CLEAN', 'NEUTRAL', 'NEUTRAL', 'SET', 'CLEAR', 'OPENING', 'BANCO_OFF')",2,1,4,25.000,CLEAN_HAZARD,100.000,-0.000000,1.0000
"('TANK', 'TANK', 'DEFENSIVE_ADV', 'SAFE', 'FULL', 'NORMAL', 'SLOWER', 'MEC_USED', 'CLEAN', 'CLEAN', 'NEUTRAL', 'NEUTRAL', 'CLEAR', 'CLEAR', 'OPENING', 'BANCO_AMBOS')",2,1,8,12.500,SWITCH_DEFENSIVE,100.000,-0.000000,1.0000
"('TANK', 'TANK', 'OFFENSIVE_DIS', 'FULL', 'DANGER', 'NORMAL', 'SLOWER', 'MEC_USED', 'CLEAN', 'CLEAN', 'NEUTRAL', 'NEUTRAL', 'SET', 'SET', 'RECOVERING', 'BANCO_VAZIO')",2,1,5,20.000,ATTACK_TECH,100.000,-0.000000,1.0000
"('TANK', 'TANK', 'VOLATILE', 'DANGER', 'FULL', 'NORMAL', 'FASTER', 'MEC_USED', 'CLEAN', 'CLEAN', 'NEUTRAL', 'NEUTRAL', 'CLEAR', 'SET', 'OPENING', 'BANCO_OFF')",2,2,5,40.000,ATTACK_PIVOT,50.000,0.693147,2.0000
"('TANK', 'TANK', 'NEUTRAL', 'SAFE', 'FULL', 'NORMAL', 'SLOWER', 'MEC_USED', 'CLEAN', 'CLEAN', 'NEUTRAL', 'NEUTRAL', 'SET', 'SET', 'BRAWL', 'BANCO_OFF')",2,2,6,33.333,STAT_CLEAN,50.000,0.693147,2.0000
"('TANK', 'TANK', 'NEUTRAL', 'DANGER', 'DANGER', 'NORMAL', 'SLOWER', 'MEC_USED', 'CLEAN', 'CLEAN', 'NEUTRAL', 'NEUTRAL', 'CLEAR', 'CLEAR', 'OPENING', 'BANCO_VAZIO')",2,1,6,16.667,ATTACK_PREDICTIVE,100.000,-0.000000,1.0000
"('TANK', 'TANK', 'OFFENSIVE_ADV', 'SAFE', 'FULL', 'NORMAL', 'FASTER', 'MEC_AVAIL', 'CLEAN', 'CLEAN', 'NEUTRAL', 'NEUTRAL', 'CLEAR', 'CLEAR', 'BRAWL', 'BANCO_OFF')",2,1,10,10.000,ATTACK_STRONG_MEC,100.000,-0.000000,1.0000
"('TANK', 'TANK', 'DEFENSIVE_DIS', 'SAFE', 'SAFE', 'NORMAL', 'FASTER', 'MEC_USED', 'CLEAN', 'CLEAN', 'NEUTRAL', 'NEUTRAL', 'SET', 'CLEAR', 'BRAWL', 'BANCO_OFF')",2,2,10,20.000,ATTACK_PIVOT,50.000,0.693147,2.0000
"('TANK', 'TANK', 'NEUTRAL', 'SAFE', 'FULL', 'NORMAL', 'SLOWER', 'MEC_USED', 'CLEAN', 'CLEAN', 'NEUTRAL', 'NEUTRAL', 'CLEAR', 'SET', 'OPENING', 'BANCO_AMBOS')",2,1,5,20.000,STATUS,100.000,-0.000000,1.0000
"('UTILITY', 'TANK', 'OFFENSIVE_ADV', 'SAFE', 'FULL', 'FIELD_OURS_OFF', 'FASTER', 'MEC_USED', 'CLEAN', 'CLEAN', 'NEUTRAL', 'NEUTRAL', 'CLEAR', 'CLEAR', 'OPENING', 'BANCO_AMBOS')",2,2,3,66.667,ATTACK_STRONG,50.000,0.693147,2.0000
"('TANK', 'TANK', 'DEFENSIVE_DIS', 'FULL', 'FULL', 'FIELD_OURS_DEF', 'SLOWER', 'MEC_AVAIL', 'CLEAN', 'CLEAN', 'NEUTRAL', 'NEUTRAL', 'CLEAR', 'CLEAR', 'OPENING', 'BANCO_OFF')",2,1,6,16.667,ATTACK_PREDICTIVE_MEC,100.000,-0.000000,1.0000
"('SWEEPER', 'TANK', 'OFFENSIVE_ADV', 'FULL', 'FULL', 'FIELD_THEIRS', 'FASTER', 'MEC_USED', 'CLEAN', 'CLEAN', 'NEUTRAL', 'DEBUFF', 'CLEAR', 'CLEAR', 'OPENING', 'BANCO_DEF')",2,1,5,20.000,ATTACK_STRONG,100.000,-0.000000,1.0000
"('TANK', 'TANK', 'VOLATILE', 'DANGER', 'FULL', 'FIELD_SHARED', 'FASTER', 'MEC_USED', 'CLEAN', 'CLEAN', 'NEUTRAL', 'NEUTRAL', 'CLEAR', 'CLEAR', 'OPENING', 'BANCO_OFF')",2,2,8,25.000,ATTACK_PIVOT,50.000,0.693147,2.0000
"('TANK', 'TANK', 'CRITICAL_DIS', 'SAFE', 'FULL', 'FIELD_OURS_DEF', 'FASTER', 'MEC_USED', 'CLEAN', 'CLEAN', 'NEUTRAL', 'NEUTRAL', 'CLEAR', 'CLEAR', 'OPENING', 'BANCO_OFF')",2,2,6,33.333,STATUS,50.000,0.693147,2.0000
"('TANK', 'TANK', 'NEUTRAL', 'FULL', 'SAFE', 'NORMAL', 'SLOWER', 'MEC_USED', 'CLEAN', 'CLEAN', 'NEUTRAL', 'NEUTRAL', 'SET', 'SET', 'OPENING', 'BANCO_OFF')",2,1,6,16.667,STATUS,100.000,-0.000000,1.0000
"('SWEEPER', 'SWEEPER', 'VOLATILE', 'FULL', 'FULL', 'FIELD_OURS_OFF', 'FASTER', 'MEC_USED', 'CLEAN', 'CLEAN', 'DEBUFF', 'NEUTRAL', 'CLEAR', 'CLEAR', 'OPENING', 'BANCO_VAZIO')",2,1,5,20.000,SWITCH_DEFENSIVE,100.000,-0.000000,1.0000
"('TANK', 'TANK', 'NEUTRAL', 'CRIT', 'SAFE', 'NORMAL', 'SLOWER', 'MEC_USED', 'CLEAN', 'CLEAN', 'NEUTRAL', 'NEUTRAL', 'CLEAR', 'CLEAR', 'OPENING', 'BANCO_VAZIO')",2,2,7,28.571,ATTACK_TECH,50.000,0.693147,2.0000
"('TANK', 'SWEEPER', 'DOMINANT', 'FULL', 'FULL', 'FIELD_OURS_OFF', 'SLOWER', 'MEC_USED', 'CLEAN', 'CLEAN', 'NEUTRAL', 'NEUTRAL', 'CLEAR', 'CLEAR', 'OPENING', 'BANCO_OFF')",2,1,6,16.667,DISRUPTION,100.000,-0.000000,1.0000
"('TANK', 'TANK', 'NEUTRAL', 'SAFE', 'SAFE', 'NORMAL', 'FASTER', 'MEC_AVAIL', 'CLEAN', 'CLEAN', 'NEUTRAL', 'NEUTRAL', 'SET', 'CLEAR', 'OPENING', 'BANCO_OFF')",2,2,10,20.000,ATTACK_PREDICTIVE_MEC,50.000,0.693147,2.0000
"('TANK', 'TANK', 'OFFENSIVE_ADV', 'FULL', 'FULL', 'NORMAL', 'SLOWER', 'MEC_AVAIL', 'CLEAN', 'CLEAN', 'NEUTRAL', 'NEUTRAL', 'CLEAR', 'CLEAR', 'OPENING', 'BANCO_AMBOS')",2,2,10,20.000,FIELD_CONTROL,50.000,0.693147,2.0000
"('TANK', 'TANK', 'NEUTRAL', 'DANGER', 'FULL', 'NORMAL', 'FASTER', 'MEC_USED', 'CLEAN', 'CLEAN', 'NEUTRAL', 'NEUTRAL', 'CLEAR', 'CLEAR', 'BRAWL', 'BANCO_OFF')",2,2,4,50.000,ATTACK_STRONG,50.000,0.693147,2.0000
"('TANK', 'TANK', 'DEFENSIVE_DIS', 'DANGER', 'SAFE', 'NORMAL', 'SLOWER', 'MEC_USED', 'CLEAN', 'CLEAN', 'NEUTRAL', 'NEUTRAL', 'CLEAR', 'CLEAR', 'OPENING', 'BANCO_VAZIO')",2,1,4,25.000,HEAL,100.000,-0.000000,1.0000
"('TANK', 'TANK', 'CRITICAL_DIS', 'FULL', 'SAFE', 'NORMAL', 'FASTER', 'MEC_USED', 'CLEAN', 'CLEAN', 'NEUTRAL', 'NEUTRAL', 'CLEAR', 'SET', 'RECOVERING', 'BANCO_VAZIO')",2,2,5,40.000,ATTACK_PREDICTIVE,50.000,0.693147,2.0000
"('TANK', 'SWEEPER', 'NEUTRAL', 'FULL', 'SAFE', 'FIELD_SHARED', 'SLOWER', 'MEC_USED', 'CLEAN', 'CLEAN', 'NEUTRAL', 'NEUTRAL', 'CLEAR', 'CLEAR', 'OPENING', 'BANCO_OFF')",2,2,7,28.571,ATTACK_TECH,50.000,0.693147,2.0000
"('SWEEPER', 'SWEEPER', 'OFFENSIVE_ADV', 'FULL', 'FULL', 'NORMAL', 'SLOWER', 'MEC_AVAIL', 'CLEAN', 'CLEAN', 'NEUTRAL', 'NEUTRAL', 'CLEAR', 'CLEAR', 'OPENING', 'BANCO_OFF')",2,2,8,25.000,ATTACK_PREDICTIVE,50.000,0.693147,2.0000
"('TANK', 'TANK', 'OFFENSIVE_ADV', 'FULL', 'SAFE', 'NORMAL', 'FASTER', 'MEC_USED', 'CLEAN', 'CLEAN', 'NEUTRAL', 'NEUTRAL', 'SET', 'SET', 'OPENING', 'BANCO_OFF')",2,1,7,14.286,SWITCH_OFFENSIVE,100.000,-0.000000,1.0000
"('TANK', 'TANK', 'NEUTRAL', 'SAFE', 'SAFE', 'NORMAL', 'SLOWER', 'MEC_USED', 'CLEAN', 'CLEAN', 'NEUTRAL', 'NEUTRAL', 'SET', 'SET', 'BRAWL', 'BANCO_OFF')",2,1,6,16.667,HEAL,100.000,-0.000000,1.0000
"('TANK', 'SWEEPER', 'NEUTRAL', 'FULL', 'FULL', 'NORMAL', 'SLOWER', 'MEC_USED', 'CLEAN', 'CLEAN', 'DEBUFF', 'NEUTRAL', 'CLEAR', 'CLEAR', 'OPENING', 'BANCO_VAZIO')",2,1,5,20.000,SWITCH_OFFENSIVE,100.000,-0.000000,1.0000
"('TANK', 'TANK', 'NEUTRAL', 'FULL', 'SAFE', 'NORMAL', 'SLOWER', 'MEC_USED', 'CLEAN', 'CLEAN', 'NEUTRAL', 'NEUTRAL', 'SET', 'CLEAR', 'OPENING', 'BANCO_AMBOS')",2,2,5,40.000,STATUS,50.000,0.693147,2.0000
"('TANK', 'TANK', 'NEUTRAL', 'SAFE', 'FULL', 'NORMAL', 'FASTER', 'MEC_USED', 'AFFLICTED', 'CLEAN', 'NEUTRAL', 'NEUTRAL', 'CLEAR', 'SET', 'CLUTCH', 'BANCO_VAZIO')",2,1,1,100.000,ATTACK_STRONG,100.000,-0.000000,1.0000
"('TANK', 'SWEEPER', 'DOMINANT', 'FULL', 'FULL', 'FIELD_OURS_DEF', 'SLOWER', 'MEC_USED', 'CLEAN', 'CLEAN', 'NEUTRAL', 'NEUTRAL', 'CLEAR', 'CLEAR', 'OPENING', 'BANCO_OFF')",2,1,4,25.000,SWITCH_DEFENSIVE,100.000,-0.000000,1.0000
"('TANK', 'TANK', 'NEUTRAL', 'SAFE', 'SAFE', 'NORMAL', 'FASTER', 'MEC_USED', 'CLEAN', 'CLEAN', 'NEUTRAL', 'NEUTRAL', 'CLEAR', 'CLEAR', 'BRAWL', 'BANCO_VAZIO')",2,1,7,14.286,PROTECT,100.000,-0.000000,1.0000
"('TANK', 'TANK', 'NEUTRAL', 'FULL', 'SAFE', 'NORMAL', 'SLOWER', 'MEC_USED', 'CLEAN', 'CLEAN', 'NEUTRAL', 'NEUTRAL', 'CLEAR', 'CLEAR', 'CLUTCH', 'BANCO_VAZIO')",2,1,6,16.667,ATTACK_STRONG,100.000,-0.000000,1.0000
"('TANK', 'SWEEPER', 'OFFENSIVE_DIS', 'FULL', 'FULL', 'NORMAL', 'SLOWER', 'MEC_USED', 'AFFLICTED', 'CLEAN', 'BUFFED', 'BUFFED', 'CLEAR', 'SET', 'RECOVERING', 'BANCO_VAZIO')",1,1,1,100.000,ATTACK_STRONG,100.000,-0.000000,1.0000
"('TANK', 'TANK', 'OFFENSIVE_DIS', 'FULL', 'SAFE', 'NORMAL', 'SLOWER', 'MEC_USED', 'CLEAN', 'CLEAN', 'BUFFED', 'NEUTRAL', 'CLEAR', 'SET', 'RECOVERING', 'BANCO_VAZIO')",1,1,2,50.000,BUFF,100.000,-0.000000,1.0000
"('TANK', 'TANK', 'DEFENSIVE_ADV', 'DANGER', 'FULL', 'NORMAL', 'SLOWER', 'MEC_USED', 'CLEAN', 'AFFLICTED', 'DEBUFF', 'NEUTRAL', 'SET', 'CLEAR', 'CLUTCH', 'BANCO_VAZIO')",1,1,2,50.000,STATUS,100.000,-0.000000,1.0000
"('TANK', 'TANK', 'OFFENSIVE_DIS', 'FULL', 'FULL', 'NORMAL', 'SLOWER', 'MEC_USED', 'AFFLICTED', 'AFFLICTED', 'DEBUFF', 'NEUTRAL', 'CLEAR', 'CLEAR', 'RECOVERING', 'BANCO_VAZIO')",1,1,2,50.000,CLEAN_HAZARD,100.000,-0.000000,1.0000
"('TANK', 'TANK', 'OFFENSIVE_DIS', 'SAFE', 'FULL', 'NORMAL', 'FASTER', 'MEC_USED', 'AFFLICTED', 'CLEAN', 'NEUTRAL', 'NEUTRAL', 'CLEAR', 'SET', 'RECOVERING', 'BANCO_VAZIO')",1,1,3,33.333,STATUS,100.000,-0.000000,1.0000
"('TANK', 'TANK', 'CRITICAL_DIS', 'FULL', 'SAFE', 'NORMAL', 'FASTER', 'MEC_USED', 'AFFLICTED', 'AFFLICTED', 'NEUTRAL', 'DEBUFF', 'CLEAR', 'SET', 'CLUTCH', 'BANCO_VAZIO')",1,1,1,100.000,ATTACK_STRONG,100.000,-0.000000,1.0000
"('SWEEPER', 'TANK', 'NEUTRAL', 'SAFE', 'SAFE', 'NORMAL', 'FASTER', 'MEC_USED', 'CLEAN', 'CLEAN', 'NEUTRAL', 'NEUTRAL', 'CLEAR', 'CLEAR', 'OPENING', 'BANCO_VAZIO')",1,1,5,20.000,SWITCH_OFFENSIVE,100.000,-0.000000,1.0000
"('TANK', 'TANK', 'OFFENSIVE_ADV', 'FULL', 'FULL', 'FIELD_THEIRS', 'FASTER', 'MEC_USED', 'AFFLICTED', 'CLEAN', 'NEUTRAL', 'NEUTRAL', 'CLEAR', 'CLEAR', 'OPENING', 'BANCO_AMBOS')",1,1,5,20.000,ATTACK_STRONG,100.000,-0.000000,1.0000
"('TANK', 'TANK', 'DEFENSIVE_ADV', 'FULL', 'SAFE', 'NORMAL', 'SLOWER', 'MEC_USED', 'CLEAN', 'AFFLICTED', 'NEUTRAL', 'NEUTRAL', 'SET', 'SET', 'CLUTCH', 'BANCO_VAZIO')",1,1,5,20.000,ATTACK_STRONG,100.000,-0.000000,1.0000
"('TANK', 'TANK', 'DEFENSIVE_DIS', 'FULL', 'SAFE', 'NORMAL', 'FASTER', 'MEC_USED', 'AFFLICTED', 'AFFLICTED', 'NEUTRAL', 'NEUTRAL', 'CLEAR', 'CLEAR', 'RECOVERING', 'BANCO_VAZIO')",1,1,1,100.000,ATTACK_STRONG,100.000,-0.000000,1.0000
"('TANK', 'TANK', 'CRITICAL_DIS', 'FULL', 'SAFE', 'NORMAL', 'FASTER', 'MEC_USED', 'AFFLICTED', 'CLEAN', 'NEUTRAL', 'NEUTRAL', 'SET', 'SET', 'RECOVERING', 'BANCO_VAZIO')",1,1,2,50.000,ATTACK_STRONG,100.000,-0.000000,1.0000
"('TANK', 'TANK', 'OFFENSIVE_DIS', 'FULL', 'FULL', 'NORMAL', 'FASTER', 'MEC_USED', 'CLEAN', 'CLEAN', 'NEUTRAL', 'NEUTRAL', 'SET', 'SET', 'BRAWL', 'BANCO_OFF')",1,1,4,25.000,SWITCH_DEFENSIVE,100.000,-0.000000,1.0000
"('TANK', 'TANK', 'NEUTRAL', 'FULL', 'FULL', 'FIELD_SHARED', 'SLOWER', 'MEC_USED', 'CLEAN', 'CLEAN', 'NEUTRAL', 'NEUTRAL', 'SET', 'CLEAR', 'OPENING', 'BANCO_VAZIO')",1,1,6,16.667,CLEAN_HAZARD,100.000,-0.000000,1.0000
"('TANK', 'TANK', 'NEUTRAL', 'FULL', 'FULL', 'NORMAL', 'FASTER', 'MEC_USED', 'CLEAN', 'CLEAN', 'BUFFED', 'NEUTRAL', 'CLEAR', 'CLEAR', 'CLUTCH', 'BANCO_VAZIO')",1,1,6,16.667,ATTACK_STRONG,100.000,-0.000000,1.0000
"('TANK', 'TANK', 'VOLATILE', 'FULL', 'FULL', 'NORMAL', 'FASTER', 'MEC_USED', 'CLEAN', 'CLEAN', 'NEUTRAL', 'NEUTRAL', 'CLEAR', 'SET', 'BRAWL', 'BANCO_OFF')",1,1,3,33.333,ATTACK_STRONG,100.000,-0.000000,1.0000
"('TANK', 'TANK', 'NEUTRAL', 'FULL', 'FULL', 'NORMAL', 'FASTER', 'MEC_AVAIL', 'CLEAN', 'CLEAN', 'NEUTRAL', 'NEUTRAL', 'CLEAR', 'CLEAR', 'RECOVERING', 'BANCO_OFF')",1,1,4,25.000,SWITCH_DEFENSIVE,100.000,-0.000000,1.0000
"('TANK', 'TANK', 'DEFENSIVE_DIS', 'CRIT', 'SAFE', 'NORMAL', 'FASTER', 'MEC_USED', 'CLEAN', 'CLEAN', 'NEUTRAL', 'NEUTRAL', 'CLEAR', 'CLEAR', 'OPENING', 'BANCO_OFF')",1,1,4,25.000,SWITCH_OFFENSIVE,100.000,-0.000000,1.0000
"('TANK', 'TANK', 'VOLATILE', 'SAFE', 'SAFE', 'NORMAL', 'FASTER', 'MEC_USED', 'CLEAN', 'CLEAN', 'NEUTRAL', 'NEUTRAL', 'CLEAR', 'SET', 'OPENING', 'BANCO_OFF')",1,1,4,25.000,ATTACK_PREDICTIVE,100.000,-0.000000,1.0000
"('TANK', 'TANK', 'NEUTRAL', 'FULL', 'CRIT', 'NORMAL', 'SLOWER', 'MEC_USED', 'CLEAN', 'CLEAN', 'NEUTRAL', 'NEUTRAL', 'CLEAR', 'SET', 'RECOVERING', 'BANCO_VAZIO')",1,1,1,100.000,STATUS,100.000,-0.000000,1.0000
"('TANK', 'TANK', 'NEUTRAL', 'SAFE', 'SAFE', 'NORMAL', 'SLOWER', 'MEC_USED', 'CLEAN', 'CLEAN', 'NEUTRAL', 'NEUTRAL', 'CLEAR', 'SET', 'BRAWL', 'BANCO_VAZIO')",1,1,5,20.000,SWITCH_OFFENSIVE,100.000,-0.000000,1.0000
"('TANK', 'TANK', 'NEUTRAL', 'DANGER', 'CRIT', 'NORMAL', 'FASTER', 'MEC_USED', 'CLEAN', 'CLEAN', 'NEUTRAL', 'NEUTRAL', 'SET', 'SET', 'RECOVERING', 'BANCO_VAZIO')",1,1,4,25.000,STATUS,100.000,-0.000000,1.0000
"('TANK', 'SWEEPER', 'NEUTRAL', 'CRIT', 'FULL', 'NORMAL', 'SLOWER', 'MEC_USED', 'CLEAN', 'CLEAN', 'NEUTRAL', 'NEUTRAL', 'CLEAR', 'CLEAR', 'OPENING', 'BANCO_OFF')",1,1,5,20.000,SWITCH_OFFENSIVE,100.000,-0.000000,1.0000
"('TANK', 'TANK', 'OFFENSIVE_DIS', 'FULL', 'FULL', 'NORMAL', 'FASTER', 'MEC_USED', 'CLEAN', 'CLEAN', 'NEUTRAL', 'NEUTRAL', 'SET', 'SET', 'OPENING', 'BANCO_VAZIO')",1,1,4,25.000,SWITCH_DEFENSIVE,100.000,-0.000000,1.0000
"('TANK', 'TANK', 'OFFENSIVE_DIS', 'SAFE', 'SAFE', 'NORMAL', 'SLOWER', 'MEC_USED', 'CLEAN', 'CLEAN', 'NEUTRAL', 'NEUTRAL', 'SET', 'CLEAR', 'BRAWL', 'BANCO_VAZIO')",1,1,5,20.000,HEAL,100.000,-0.000000,1.0000
"('TANK', 'UTILITY', 'NEUTRAL', 'CRIT', 'SAFE', 'NORMAL', 'SLOWER', 'MEC_USED', 'CLEAN', 'CLEAN', 'NEUTRAL', 'BUFFED', 'CLEAR', 'SET', 'RECOVERING', 'BANCO_VAZIO')",1,1,3,33.333,ATTACK_PREDICTIVE,100.000,-0.000000,1.0000
"('TANK', 'SWEEPER', 'OFFENSIVE_DIS', 'FULL', 'FULL', 'NORMAL', 'SLOWER', 'MEC_USED', 'CLEAN', 'CLEAN', 'DEBUFF', 'NEUTRAL', 'CLEAR', 'CLEAR', 'OPENING', 'BANCO_OFF')",1,1,4,25.000,FIELD_CONTROL,100.000,-0.000000,1.0000
"('TANK', 'TANK', 'DEFENSIVE_DIS', 'SAFE', 'SAFE', 'NORMAL', 'FASTER', 'MEC_USED', 'CLEAN', 'CLEAN', 'NEUTRAL', 'NEUTRAL', 'CLEAR', 'SET', 'RECOVERING', 'BANCO_VAZIO')",1,1,2,50.000,ATTACK_STRONG,100.000,-0.000000,1.0000
"('TANK', 'TANK', 'NEUTRAL', 'FULL', 'FULL', 'NORMAL', 'SLOWER', 'MEC_USED', 'CLEAN', 'AFFLICTED', 'DEBUFF', 'NEUTRAL', 'SET', 'SET', 'CLUTCH', 'BANCO_VAZIO')",1,1,2,50.000,ATTACK_STRONG,100.000,-0.000000,1.0000
"('TANK', 'SWEEPER', 'OFFENSIVE_ADV', 'DANGER', 'FULL', 'NORMAL', 'SLOWER', 'MEC_USED', 'CLEAN', 'CLEAN', 'NEUTRAL', 'NEUTRAL', 'CLEAR', 'CLEAR', 'OPENING', 'BANCO_VAZIO')",1,1,5,20.000,STATUS,100.000,-0.000000,1.0000
"('TANK', 'TANK', 'VOLATILE', 'SAFE', 'SAFE', 'FIELD_OURS_DEF', 'FASTER', 'MEC_USED', 'CLEAN', 'CLEAN', 'NEUTRAL', 'NEUTRAL', 'CLEAR', 'CLEAR', 'OPENING', 'BANCO_OFF')",1,1,4,25.000,ATTACK_PREDICTIVE,100.000,-0.000000,1.0000
"('TANK', 'TANK', 'DEFENSIVE_ADV', 'SAFE', 'SAFE', 'NORMAL', 'SLOWER', 'MEC_USED', 'CLEAN', 'CLEAN', 'NEUTRAL', 'NEUTRAL', 'CLEAR', 'SET', 'RECOVERING', 'BANCO_VAZIO')",1,1,5,20.000,ATTACK_STRONG,100.000,-0.000000,1.0000
"('TANK', 'TANK', 'OFFENSIVE_ADV', 'FULL', 'FULL', 'NORMAL', 'FASTER', 'MEC_USED', 'AFFLICTED', 'CLEAN', 'NEUTRAL', 'NEUTRAL', 'CLEAR', 'CLEAR', 'OPENING', 'BANCO_AMBOS')",1,1,4,25.000,ATTACK_PIVOT,100.000,-0.000000,1.0000
"('TANK', 'TANK', 'NEUTRAL', 'SAFE', 'FULL', 'NORMAL', 'FASTER', 'MEC_USED', 'AFFLICTED', 'CLEAN', 'DEBUFF', 'NEUTRAL', 'CLEAR', 'CLEAR', 'RECOVERING', 'BANCO_VAZIO')",1,1,4,25.000,BUFF,100.000,-0.000000,1.0000
"('TANK', 'TANK', 'NEUTRAL', 'FULL', 'SAFE', 'NORMAL', 'SLOWER', 'MEC_USED', 'CLEAN', 'AFFLICTED', 'NEUTRAL', 'DEBUFF', 'CLEAR', 'CLEAR', 'RECOVERING', 'BANCO_VAZIO')",1,1,5,20.000,ATTACK_PREDICTIVE,100.000,-0.000000,1.0000
"('TANK', 'TANK', 'OFFENSIVE_DIS', 'SAFE', 'DANGER', 'NORMAL', 'SLOWER', 'MEC_USED', 'CLEAN', 'CLEAN', 'NEUTRAL', 'NEUTRAL', 'CLEAR', 'SET', 'OPENING', 'BANCO_OFF')",1,1,7,14.286,ATTACK_TECH,100.000,-0.000000,1.0000
"('TANK', 'TANK', 'DEFENSIVE_ADV', 'FULL', 'SAFE', 'NORMAL', 'SLOWER', 'MEC_USED', 'CLEAN', 'CLEAN', 'NEUTRAL', 'NEUTRAL', 'CLEAR', 'SET', 'OPENING', 'BANCO_OFF')",1,1,4,25.000,DISRUPTION,100.000,-0.000000,1.0000
"('TANK', 'SWEEPER', 'DEFENSIVE_DIS', 'FULL', 'FULL', 'FIELD_THEIRS', 'SLOWER', 'MEC_AVAIL', 'CLEAN', 'CLEAN', 'NEUTRAL', 'NEUTRAL', 'CLEAR', 'CLEAR', 'OPENING', 'BANCO_OFF')",1,1,8,12.500,ATTACK_TECH,100.000,-0.000000,1.0000
"('TANK', 'SWEEPER', 'OFFENSIVE_DIS', 'DANGER', 'SAFE', 'NORMAL', 'SLOWER', 'MEC_USED', 'CLEAN', 'CLEAN', 'NEUTRAL', 'NEUTRAL', 'CLEAR', 'CLEAR', 'OPENING', 'BANCO_OFF')",1,1,4,25.000,SWITCH_DEFENSIVE,100.000,-0.000000,1.0000
"('TANK', 'TANK', 'OFFENSIVE_ADV', 'DANGER', 'SAFE', 'NORMAL', 'FASTER', 'MEC_USED', 'CLEAN', 'CLEAN', 'NEUTRAL', 'NEUTRAL', 'SET', 'SET', 'BRAWL', 'BANCO_OFF')",1,1,6,16.667,HEAL,100.000,-0.000000,1.0000
"('TANK', 'TANK', 'OFFENSIVE_ADV', 'FULL', 'DANGER', 'NORMAL', 'FASTER', 'MEC_USED', 'CLEAN', 'CLEAN', 'NEUTRAL', 'NEUTRAL', 'CLEAR', 'CLEAR', 'OPENING', 'BANCO_VAZIO')",1,1,5,20.000,ATTACK_PIVOT,100.000,-0.000000,1.0000
"('TANK', 'TANK', 'NEUTRAL', 'DANGER', 'FULL', 'NORMAL', 'FASTER', 'MEC_USED', 'CLEAN', 'CLEAN', 'NEUTRAL', 'NEUTRAL', 'SET', 'CLEAR', 'CLUTCH', 'BANCO_VAZIO')",1,1,5,20.000,SWITCH_DEFENSIVE,100.000,-0.000000,1.0000
"('TANK', 'TANK', 'OFFENSIVE_ADV', 'FULL', 'FULL', 'NORMAL', 'FASTER', 'MEC_USED', 'AFFLICTED', 'CLEAN', 'NEUTRAL', 'NEUTRAL', 'SET', 'CLEAR', 'CLUTCH', 'BANCO_VAZIO')",1,1,5,20.000,SWITCH_OFFENSIVE,100.000,-0.000000,1.0000
"('TANK', 'TANK', 'OFFENSIVE_ADV', 'FULL', 'FULL', 'NORMAL', 'SLOWER', 'MEC_USED', 'CLEAN', 'CLEAN', 'NEUTRAL', 'NEUTRAL', 'SET', 'CLEAR', 'BRAWL', 'BANCO_OFF')",1,1,5,20.000,STATUS,100.000,-0.000000,1.0000
"('TANK', 'TANK', 'DEFENSIVE_DIS', 'SAFE', 'FULL', 'NORMAL', 'FASTER', 'MEC_USED', 'CLEAN', 'CLEAN', 'NEUTRAL', 'NEUTRAL', 'CLEAR', 'SET', 'OPENING', 'BANCO_AMBOS')",1,1,3,33.333,SWITCH_OFFENSIVE,100.000,-0.000000,1.0000
"('TANK', 'TANK', 'NEUTRAL', 'DANGER', 'SAFE', 'NORMAL', 'FASTER', 'MEC_USED', 'AFFLICTED', 'CLEAN', 'NEUTRAL', 'NEUTRAL', 'SET', 'SET', 'RECOVERING', 'BANCO_VAZIO')",1,1,3,33.333,ATTACK_STRONG,100.000,-0.000000,1.0000
"('TANK', 'SWEEPER', 'DOMINANT', 'FULL', 'FULL', 'FIELD_THEIRS', 'SLOWER', 'MEC_AVAIL', 'CLEAN', 'CLEAN', 'NEUTRAL', 'NEUTRAL', 'CLEAR', 'CLEAR', 'OPENING', 'BANCO_OFF')",1,1,8,12.500,ATTACK_STRONG_MEC,100.000,-0.000000,1.0000
"('TANK', 'TANK', 'STALEMATE', 'SAFE', 'SAFE', 'NORMAL', 'SLOWER', 'MEC_USED', 'CLEAN', 'CLEAN', 'NEUTRAL', 'NEUTRAL', 'SET', 'SET', 'RECOVERING', 'BANCO_VAZIO')",1,1,1,100.000,PROTECT,100.000,-0.000000,1.0000
"('TANK', 'TANK', 'OFFENSIVE_DIS', 'SAFE', 'SAFE', 'NORMAL', 'FASTER', 'MEC_USED', 'CLEAN', 'CLEAN', 'NEUTRAL', 'NEUTRAL', 'CLEAR', 'SET', 'RECOVERING', 'BANCO_OFF')",1,1,6,16.667,HAZARD,100.000,-0.000000,1.0000
"('TANK', 'TANK', 'NEUTRAL', 'CRIT', 'SAFE', 'NORMAL', 'FASTER', 'MEC_USED', 'CLEAN', 'CLEAN', 'NEUTRAL', 'NEUTRAL', 'SET', 'CLEAR', 'RECOVERING', 'BANCO_VAZIO')",1,1,4,25.000,SWITCH_OFFENSIVE,100.000,-0.000000,1.0000
"('TANK', 'TANK', 'OFFENSIVE_DIS', 'FULL', 'FULL', 'FIELD_SHARED', 'FASTER', 'MEC_USED', 'AFFLICTED', 'AFFLICTED', 'NEUTRAL', 'NEUTRAL', 'CLEAR', 'CLEAR', 'OPENING', 'BANCO_OFF')",1,1,3,33.333,ATTACK_PIVOT,100.000,-0.000000,1.0000
"('TANK', 'TANK', 'VOLATILE', 'CRIT', 'FULL', 'FIELD_THEIRS', 'SLOWER', 'MEC_USED', 'CLEAN', 'CLEAN', 'NEUTRAL', 'NEUTRAL', 'CLEAR', 'CLEAR', 'OPENING', 'BANCO_OFF')",1,1,4,25.000,ATTACK_PREDICTIVE,100.000,-0.000000,1.0000
"('TANK', 'TANK', 'DEFENSIVE_DIS', 'DANGER', 'SAFE', 'NORMAL', 'SLOWER', 'MEC_USED', 'CLEAN', 'CLEAN', 'NEUTRAL', 'NEUTRAL', 'CLEAR', 'CLEAR', 'RECOVERING', 'BANCO_VAZIO')",1,1,4,25.000,PROTECT,100.000,-0.000000,1.0000
"('TANK', 'SWEEPER', 'OFFENSIVE_ADV', 'FULL', 'FULL', 'FIELD_THEIRS', 'SLOWER', 'MEC_USED', 'CLEAN', 'CLEAN', 'NEUTRAL', 'BUFFED', 'CLEAR', 'CLEAR', 'OPENING', 'BANCO_OFF')",1,1,5,20.000,ATTACK_PREDICTIVE,100.000,-0.000000,1.0000
"('UTILITY', 'SWEEPER', 'NEUTRAL', 'SAFE', 'FULL', 'FIELD_OURS_OFF', 'FASTER', 'MEC_USED', 'CLEAN', 'CLEAN', 'NEUTRAL', 'NEUTRAL', 'CLEAR', 'CLEAR', 'OPENING', 'BANCO_OFF')",1,1,4,25.000,ATTACK_STRONG,100.000,-0.000000,1.0000
"('TANK', 'TANK', 'NEUTRAL', 'DANGER', 'SAFE', 'NORMAL', 'SLOWER', 'MEC_USED', 'CLEAN', 'CLEAN', 'NEUTRAL', 'NEUTRAL', 'SET', 'SET', 'OPENING', 'BANCO_OFF')",1,1,3,33.333,ATTACK_STRONG,100.000,-0.000000,1.0000
"('SWEEPER', 'TANK', 'NEUTRAL', 'FULL', 'FULL', 'NORMAL', 'FASTER', 'MEC_USED', 'CLEAN', 'CLEAN', 'NEUTRAL', 'NEUTRAL', 'SET', 'CLEAR', 'OPENING', 'BANCO_OFF')",1,1,2,50.000,SWITCH_DEFENSIVE,100.000,-0.000000,1.0000
"('TANK', 'TANK', 'OFFENSIVE_ADV', 'FULL', 'CRIT', 'FIELD_SHARED', 'FASTER', 'MEC_USED', 'CLEAN', 'CLEAN', 'NEUTRAL', 'NEUTRAL', 'CLEAR', 'CLEAR', 'OPENING', 'BANCO_OFF')",1,1,5,20.000,BUFF,100.000,-0.000000,1.0000
"('SWEEPER', 'SWEEPER', 'OFFENSIVE_ADV', 'FULL', 'FULL', 'NORMAL', 'FASTER', 'MEC_USED', 'CLEAN', 'CLEAN', 'NEUTRAL', 'DEBUFF', 'CLEAR', 'CLEAR', 'OPENING', 'BANCO_OFF')",1,1,5,20.000,ATTACK_STRONG,100.000,-0.000000,1.0000
"('TANK', 'TANK', 'OFFENSIVE_DIS', 'SAFE', 'FULL', 'NORMAL', 'SLOWER', 'MEC_USED', 'CLEAN', 'CLEAN', 'NEUTRAL', 'NEUTRAL', 'CLEAR', 'CLEAR', 'OPENING', 'BANCO_AMBOS')",1,1,4,25.000,SWITCH_DEFENSIVE,100.000,-0.000000,1.0000
"('SWEEPER', 'TANK', 'VOLATILE', 'FULL', 'SAFE', 'NORMAL', 'FASTER', 'MEC_USED', 'CLEAN', 'CLEAN', 'NEUTRAL', 'NEUTRAL', 'CLEAR', 'CLEAR', 'OPENING', 'BANCO_OFF')",1,1,3,33.333,SWITCH_OFFENSIVE,100.000,-0.000000,1.0000
"('TANK', 'TANK', 'VOLATILE', 'SAFE', 'SAFE', 'FIELD_SHARED', 'FASTER', 'MEC_USED', 'CLEAN', 'CLEAN', 'NEUTRAL', 'NEUTRAL', 'CLEAR', 'CLEAR', 'OPENING', 'BANCO_OFF')",1,1,5,20.000,ATTACK_TECH,100.000,-0.000000,1.0000
"('TANK', 'TANK', 'DEFENSIVE_DIS', 'FULL', 'SAFE', 'NORMAL', 'FASTER', 'MEC_USED', 'CLEAN', 'CLEAN', 'NEUTRAL', 'NEUTRAL', 'CLEAR', 'CLEAR', 'OPENING', 'BANCO_VAZIO')",1,1,5,20.000,ATTACK_PREDICTIVE,100.000,-0.000000,1.0000
"('TANK', 'TANK', 'NEUTRAL', 'SAFE', 'FULL', 'NORMAL', 'FASTER', 'MEC_AVAIL', 'CLEAN', 'CLEAN', 'BUFFED', 'NEUTRAL', 'CLEAR', 'CLEAR', 'OPENING', 'BANCO_AMBOS')",1,1,8,12.500,ATTACK_PREDICTIVE_MEC,100.000,-0.000000,1.0000
"('TANK', 'TANK', 'NEUTRAL', 'FULL', 'SAFE', 'NORMAL', 'SLOWER', 'MEC_USED', 'AFFLICTED', 'CLEAN', 'NEUTRAL', 'DEBUFF', 'SET', 'SET', 'CLUTCH', 'BANCO_VAZIO')",1,1,2,50.000,ATTACK_STRONG,100.000,-0.000000,1.0000
"('TANK', 'TANK', 'NEUTRAL', 'FULL', 'SAFE', 'NORMAL', 'SLOWER', 'MEC_USED', 'CLEAN', 'CLEAN', 'NEUTRAL', 'NEUTRAL', 'SET', 'SET', 'OPENING', 'BANCO_VAZIO')",1,1,5,20.000,CLEAN_HAZARD,100.000,-0.000000,1.0000
"('TANK', 'TANK', 'OFFENSIVE_ADV', 'FULL', 'FULL', 'FIELD_SHARED', 'FASTER', 'MEC_USED', 'AFFLICTED', 'CLEAN', 'NEUTRAL', 'NEUTRAL', 'CLEAR', 'CLEAR', 'OPENING', 'BANCO_OFF')",1,1,6,16.667,HEAL,100.000,-0.000000,1.0000
"('TANK', 'TANK', 'VOLATILE', 'FULL', 'FULL', 'FIELD_SHARED', 'SLOWER', 'MEC_USED', 'CLEAN', 'CLEAN', 'NEUTRAL', 'NEUTRAL', 'CLEAR', 'CLEAR', 'OPENING', 'BANCO_OFF')",1,1,4,25.000,ATTACK_STRONG,100.000,-0.000000,1.0000
"('TANK', 'TANK', 'OFFENSIVE_DIS', 'DANGER', 'SAFE', 'NORMAL', 'SLOWER', 'MEC_USED', 'CLEAN', 'CLEAN', 'NEUTRAL', 'NEUTRAL', 'CLEAR', 'CLEAR', 'RECOVERING', 'BANCO_VAZIO')",1,1,1,100.000,ATTACK_TECH,100.000,-0.000000,1.0000
"('TANK', 'TANK', 'OFFENSIVE_DIS', 'SAFE', 'FULL', 'NORMAL', 'SLOWER', 'MEC_USED', 'CLEAN', 'CLEAN', 'NEUTRAL', 'NEUTRAL', 'SET', 'CLEAR', 'BRAWL', 'BANCO_OFF')",1,1,6,16.667,ATTACK_TECH,100.000,-0.000000,1.0000
"('TANK', 'TANK', 'OFFENSIVE_DIS', 'SAFE', 'DANGER', 'NORMAL', 'SLOWER', 'MEC_USED', 'CLEAN', 'CLEAN', 'NEUTRAL', 'NEUTRAL', 'SET', 'CLEAR', 'RECOVERING', 'BANCO_VAZIO')",1,1,4,25.000,FIELD_CONTROL,100.000,-0.000000,1.0000
"('TANK', 'TANK', 'VOLATILE', 'FULL', 'SAFE', 'FIELD_OURS_DEF', 'FASTER', 'MEC_USED', 'CLEAN', 'CLEAN', 'NEUTRAL', 'NEUTRAL', 'CLEAR', 'CLEAR', 'OPENING', 'BANCO_OFF')",1,1,4,25.000,SWITCH_OFFENSIVE,100.000,-0.000000,1.0000
"('TANK', 'TANK', 'NEUTRAL', 'FULL', 'FULL', 'FIELD_THEIRS', 'SLOWER', 'MEC_AVAIL', 'CLEAN', 'CLEAN', 'NEUTRAL', 'NEUTRAL', 'CLEAR', 'CLEAR', 'OPENING', 'BANCO_VAZIO')",1,1,8,12.500,ATTACK_STRONG_MEC,100.000,-0.000000,1.0000
"('TANK', 'TANK', 'NEUTRAL', 'CRIT', 'FULL', 'NORMAL', 'FASTER', 'MEC_USED', 'CLEAN', 'CLEAN', 'NEUTRAL', 'NEUTRAL', 'CLEAR', 'CLEAR', 'BRAWL', 'BANCO_VAZIO')",1,1,2,50.000,SWITCH_DEFENSIVE,100.000,-0.000000,1.0000
"('TANK', 'TANK', 'OFFENSIVE_ADV', 'SAFE', 'SAFE', 'NORMAL', 'SLOWER', 'MEC_USED', 'CLEAN', 'CLEAN', 'NEUTRAL', 'NEUTRAL', 'SET', 'SET', 'RECOVERING', 'BANCO_VAZIO')",1,1,3,33.333,HAZARD,100.000,-0.000000,1.0000
"('TANK', 'TANK', 'OFFENSIVE_ADV', 'FULL', 'FULL', 'NORMAL', 'FASTER', 'MEC_USED', 'CLEAN', 'CLEAN', 'NEUTRAL', 'NEUTRAL', 'CLEAR', 'CLEAR', 'BRAWL', 'BANCO_AMBOS')",1,1,2,50.000,SWITCH_DEFENSIVE,100.000,-0.000000,1.0000
"('TANK', 'TANK', 'NEUTRAL', 'SAFE', 'SAFE', 'NORMAL', 'FASTER', 'MEC_USED', 'AFFLICTED', 'CLEAN', 'NEUTRAL', 'NEUTRAL', 'CLEAR', 'CLEAR', 'OPENING', 'BANCO_OFF')",1,1,7,14.286,SWITCH_DEFENSIVE,100.000,-0.000000,1.0000
"('TANK', 'TANK', 'OFFENSIVE_ADV', 'SAFE', 'FULL', 'NORMAL', 'FASTER', 'MEC_USED', 'CLEAN', 'CLEAN', 'NEUTRAL', 'NEUTRAL', 'CLEAR', 'CLEAR', 'BRAWL', 'BANCO_VAZIO')",1,1,3,33.333,PHAZE,100.000,-0.000000,1.0000
"('TANK', 'TANK', 'NEUTRAL', 'DANGER', 'SAFE', 'NORMAL', 'SLOWER', 'MEC_USED', 'CLEAN', 'CLEAN', 'NEUTRAL', 'NEUTRAL', 'CLEAR', 'SET', 'OPENING', 'BANCO_VAZIO')",1,1,6,16.667,ATTACK_TECH,100.000,-0.000000,1.0000
"('TANK', 'TANK', 'NEUTRAL', 'SAFE', 'CRIT', 'NORMAL', 'SLOWER', 'MEC_USED', 'CLEAN', 'CLEAN', 'NEUTRAL', 'NEUTRAL', 'CLEAR', 'SET', 'RECOVERING', 'BANCO_VAZIO')",1,1,3,33.333,ATTACK_TECH,100.000,-0.000000,1.0000
"('TANK', 'TANK', 'NEUTRAL', 'FULL', 'CRIT', 'NORMAL', 'SLOWER', 'MEC_USED', 'CLEAN', 'CLEAN', 'NEUTRAL', 'NEUTRAL', 'CLEAR', 'CLEAR', 'OPENING', 'BANCO_VAZIO')",1,1,5,20.000,STATUS,100.000,-0.000000,1.0000
"('TANK', 'TANK', 'OFFENSIVE_DIS', 'FULL', 'SAFE', 'NORMAL', 'SLOWER', 'MEC_USED', 'CLEAN', 'CLEAN', 'NEUTRAL', 'NEUTRAL', 'SET', 'CLEAR', 'RECOVERING', 'BANCO_VAZIO')",1,1,6,16.667,ATTACK_PREDICTIVE,100.000,-0.000000,1.0000
"('TANK', 'TANK', 'OFFENSIVE_ADV', 'SAFE', 'DANGER', 'NORMAL', 'FASTER', 'MEC_USED', 'AFFLICTED', 'CLEAN', 'NEUTRAL', 'NEUTRAL', 'SET', 'SET', 'CLUTCH', 'BANCO_VAZIO')",1,1,4,25.000,ATTACK_STRONG,100.000,-0.000000,1.0000
"('TANK', 'TANK', 'DEFENSIVE_DIS', 'FULL', 'SAFE', 'NORMAL', 'FASTER', 'MEC_USED', 'AFFLICTED', 'CLEAN', 'NEUTRAL', 'NEUTRAL', 'SET', 'SET', 'CLUTCH', 'BANCO_VAZIO')",1,1,2,50.000,HAZARD,100.000,-0.000000,1.0000
"('TANK', 'TANK', 'OFFENSIVE_DIS', 'FULL', 'FULL', 'NORMAL', 'SLOWER', 'MEC_USED', 'CLEAN', 'CLEAN', 'NEUTRAL', 'NEUTRAL', 'CLEAR', 'CLEAR', 'OPENING', 'BANCO_DEF')",1,1,4,25.000,SWITCH_DEFENSIVE,100.000,-0.000000,1.0000
"('TANK', 'SWEEPER', 'NEUTRAL', 'SAFE', 'SAFE', 'NORMAL', 'SLOWER', 'MEC_USED', 'CLEAN', 'CLEAN', 'NEUTRAL', 'NEUTRAL', 'CLEAR', 'SET', 'OPENING', 'BANCO_OFF')",1,1,4,25.000,SWITCH_OFFENSIVE,100.000,-0.000000,1.0000
"('TANK', 'UTILITY', 'NEUTRAL', 'FULL', 'SAFE', 'FIELD_SHARED', 'SLOWER', 'MEC_USED', 'CLEAN', 'CLEAN', 'NEUTRAL', 'NEUTRAL', 'CLEAR', 'CLEAR', 'OPENING', 'BANCO_OFF')",1,1,4,25.000,ATTACK_PIVOT,100.000,-0.000000,1.0000
"('TANK', 'TANK', 'OFFENSIVE_ADV', 'SAFE', 'SAFE', 'NORMAL', 'SLOWER', 'MEC_USED', 'CLEAN', 'CLEAN', 'NEUTRAL', 'NEUTRAL', 'CLEAR', 'CLEAR', 'OPENING', 'BANCO_AMBOS')",1,1,6,16.667,ATTACK_STRONG,100.000,-0.000000,1.0000
"('TANK', 'TANK', 'OFFENSIVE_DIS', 'FULL', 'SAFE', 'NORMAL', 'FASTER', 'MEC_USED', 'CLEAN', 'CLEAN', 'NEUTRAL', 'NEUTRAL', 'CLEAR', 'CLEAR', 'RECOVERING', 'BANCO_VAZIO')",1,1,4,25.000,SWITCH_DEFENSIVE,100.000,-0.000000,1.0000
"('TANK', 'TANK', 'OFFENSIVE_DIS', 'FULL', 'SAFE', 'NORMAL', 'FASTER', 'MEC_USED', 'CLEAN', 'CLEAN', 'NEUTRAL', 'NEUTRAL', 'SET', 'SET', 'OPENING', 'BANCO_OFF')",1,1,4,25.000,BARRIER,100.000,-0.000000,1.0000
"('TANK', 'TANK', 'NEUTRAL', 'SAFE', 'SAFE', 'NORMAL', 'FASTER', 'MEC_USED', 'CLEAN', 'AFFLICTED', 'NEUTRAL', 'DEBUFF', 'CLEAR', 'CLEAR', 'OPENING', 'BANCO_OFF')",1,1,5,20.000,ATTACK_STRONG,100.000,-0.000000,1.0000
"('TANK', 'TANK', 'OFFENSIVE_DIS', 'FULL', 'FULL', 'NORMAL', 'SLOWER', 'MEC_USED', 'CLEAN', 'CLEAN', 'NEUTRAL', 'NEUTRAL', 'CLEAR', 'CLEAR', 'RECOVERING', 'BANCO_OFF')",1,1,5,20.000,SWITCH_DEFENSIVE,100.000,-0.000000,1.0000
"('TANK', 'TANK', 'NEUTRAL', 'FULL', 'SAFE', 'FIELD_OURS_OFF', 'FASTER', 'MEC_USED', 'CLEAN', 'CLEAN', 'NEUTRAL', 'NEUTRAL', 'CLEAR', 'CLEAR', 'OPENING', 'BANCO_AMBOS')",1,1,5,20.000,ATTACK_PREDICTIVE,100.000,-0.000000,1.0000
"('SWEEPER', 'TANK', 'NEUTRAL', 'SAFE', 'FULL', 'FIELD_OURS_OFF', 'FASTER', 'MEC_USED', 'CLEAN', 'CLEAN', 'NEUTRAL', 'NEUTRAL', 'CLEAR', 'CLEAR', 'OPENING', 'BANCO_OFF')",1,1,4,25.000,ATTACK_PREDICTIVE,100.000,-0.000000,1.0000
"('SWEEPER', 'TANK', 'NEUTRAL', 'SAFE', 'FULL', 'FIELD_SHARED', 'FASTER', 'MEC_USED', 'CLEAN', 'CLEAN', 'NEUTRAL', 'NEUTRAL', 'CLEAR', 'CLEAR', 'OPENING', 'BANCO_AMBOS')",1,1,7,14.286,HEAL,100.000,-0.000000,1.0000
"('SWEEPER', 'SWEEPER', 'NEUTRAL', 'FULL', 'FULL', 'FIELD_SHARED', 'FASTER', 'MEC_USED', 'CLEAN', 'CLEAN', 'NEUTRAL', 'NEUTRAL', 'CLEAR', 'CLEAR', 'OPENING', 'BANCO_OFF')",1,1,5,20.000,SWITCH_DEFENSIVE,100.000,-0.000000,1.0000
"('TANK', 'TANK', 'NEUTRAL', 'SAFE', 'SAFE', 'NORMAL', 'SLOWER', 'MEC_USED', 'CLEAN', 'AFFLICTED', 'NEUTRAL', 'NEUTRAL', 'SET', 'SET', 'CLUTCH', 'BANCO_VAZIO')",1,1,3,33.333,ATTACK_STRONG,100.000,-0.000000,1.0000
"('TANK', 'SWEEPER', 'OFFENSIVE_ADV', 'FULL', 'FULL', 'NORMAL', 'SLOWER', 'MEC_USED', 'CLEAN', 'CLEAN', 'NEUTRAL', 'BUFFED', 'CLEAR', 'CLEAR', 'OPENING', 'BANCO_OFF')",1,1,5,20.000,SWITCH_DEFENSIVE,100.000,-0.000000,1.0000
"('TANK', 'TANK', 'OFFENSIVE_DIS', 'FULL', 'FULL', 'NORMAL', 'FASTER', 'MEC_USED', 'CLEAN', 'CLEAN', 'NEUTRAL', 'NEUTRAL', 'SET', 'CLEAR', 'RECOVERING', 'BANCO_VAZIO')",1,1,6,16.667,FIELD_CONTROL,100.000,-0.000000,1.0000
"('TANK', 'TANK', 'OFFENSIVE_ADV', 'SAFE', 'FULL', 'FIELD_THEIRS', 'SLOWER', 'MEC_USED', 'CLEAN', 'CLEAN', 'NEUTRAL', 'NEUTRAL', 'SET', 'CLEAR', 'OPENING', 'BANCO_OFF')",1,1,4,25.000,SWITCH_DEFENSIVE,100.000,-0.000000,1.0000
"('TANK', 'TANK', 'DEFENSIVE_DIS', 'FULL', 'SAFE', 'FIELD_OURS_OFF', 'FASTER', 'MEC_USED', 'CLEAN', 'CLEAN', 'NEUTRAL', 'NEUTRAL', 'CLEAR', 'CLEAR', 'OPENING', 'BANCO_AMBOS')",1,1,3,33.333,SWITCH_DEFENSIVE,100.000,-0.000000,1.0000
"('UTILITY', 'TANK', 'VOLATILE', 'DANGER', 'FULL', 'NORMAL', 'FASTER', 'MEC_USED', 'CLEAN', 'AFFLICTED', 'NEUTRAL', 'NEUTRAL', 'CLEAR', 'CLEAR', 'CLUTCH', 'BANCO_VAZIO')",1,1,4,25.000,SWITCH_DEFENSIVE,100.000,-0.000000,1.0000
"('SWEEPER', 'TANK', 'OFFENSIVE_ADV', 'FULL', 'DANGER', 'NORMAL', 'FASTER', 'MEC_USED', 'CLEAN', 'CLEAN', 'NEUTRAL', 'NEUTRAL', 'CLEAR', 'CLEAR', 'OPENING', 'BANCO_OFF')",1,1,4,25.000,SWITCH_DEFENSIVE,100.000,-0.000000,1.0000
"('TANK', 'TANK', 'DEFENSIVE_ADV', 'FULL', 'FULL', 'NORMAL', 'SLOWER', 'MEC_AVAIL', 'CLEAN', 'CLEAN', 'NEUTRAL', 'NEUTRAL', 'CLEAR', 'CLEAR', 'OPENING', 'BANCO_VAZIO')",1,1,6,16.667,HAZARD_MEC,100.000,-0.000000,1.0000
"('TANK', 'SWEEPER', 'NEUTRAL', 'SAFE', 'SAFE', 'NORMAL', 'SLOWER', 'MEC_USED', 'CLEAN', 'CLEAN', 'NEUTRAL', 'NEUTRAL', 'CLEAR', 'CLEAR', 'RECOVERING', 'BANCO_VAZIO')",1,1,6,16.667,ATTACK_PREDICTIVE,100.000,-0.000000,1.0000
"('TANK', 'TANK', 'NEUTRAL', 'FULL', 'FULL', 'NORMAL', 'SLOWER', 'MEC_USED', 'CLEAN', 'CLEAN', 'NEUTRAL', 'NEUTRAL', 'CLEAR', 'CLEAR', 'RECOVERING', 'BANCO_OFF')",1,1,5,20.000,ATTACK_STRONG,100.000,-0.000000,1.0000
"('TANK', 'TANK', 'DEFENSIVE_DIS', 'SAFE', 'FULL', 'NORMAL', 'FASTER', 'MEC_USED', 'CLEAN', 'CLEAN', 'NEUTRAL', 'NEUTRAL', 'CLEAR', 'CLEAR', 'CLUTCH', 'BANCO_VAZIO')",1,1,3,33.333,STATUS,100.000,-0.000000,1.0000
"('TANK', 'TANK', 'NEUTRAL', 'FULL', 'SAFE', 'FIELD_THEIRS', 'FASTER', 'MEC_USED', 'CLEAN', 'CLEAN', 'NEUTRAL', 'NEUTRAL', 'CLEAR', 'CLEAR', 'OPENING', 'BANCO_VAZIO')",1,1,5,20.000,STATUS,100.000,-0.000000,1.0000
"('TANK', 'TANK', 'OFFENSIVE_DIS', 'SAFE', 'CRIT', 'NORMAL', 'SLOWER', 'MEC_USED', 'CLEAN', 'CLEAN', 'NEUTRAL', 'NEUTRAL', 'CLEAR', 'SET', 'RECOVERING', 'BANCO_VAZIO')",1,1,4,25.000,ATTACK_TECH,100.000,-0.000000,1.0000
"('TANK', 'TANK', 'NEUTRAL', 'SAFE', 'FULL', 'NORMAL', 'FASTER', 'MEC_AVAIL', 'CLEAN', 'CLEAN', 'NEUTRAL', 'NEUTRAL', 'CLEAR', 'CLEAR', 'OPENING', 'BANCO_VAZIO')",1,1,8,12.500,HAZARD_MEC,100.000,-0.000000,1.0000
"('TANK', 'TANK', 'DEFENSIVE_DIS', 'FULL', 'FULL', 'NORMAL', 'FASTER', 'MEC_USED', 'AFFLICTED', 'CLEAN', 'NEUTRAL', 'NEUTRAL', 'CLEAR', 'CLEAR', 'OPENING', 'BANCO_AMBOS')",1,1,5,20.000,STATUS,100.000,-0.000000,1.0000
"('TANK', 'TANK', 'OFFENSIVE_DIS', 'SAFE', 'FULL', 'NORMAL', 'FASTER', 'MEC_USED', 'CLEAN', 'CLEAN', 'NEUTRAL', 'NEUTRAL', 'SET', 'CLEAR', 'OPENING', 'BANCO_VAZIO')",1,1,6,16.667,HEAL,100.000,-0.000000,1.0000
"('TANK', 'TANK', 'OFFENSIVE_DIS', 'DANGER', 'FULL', 'NORMAL', 'SLOWER', 'MEC_USED', 'CLEAN', 'CLEAN', 'NEUTRAL', 'NEUTRAL', 'CLEAR', 'CLEAR', 'OPENING', 'BANCO_OFF')",1,1,5,20.000,SWITCH_OFFENSIVE,100.000,-0.000000,1.0000
"('TANK', 'TANK', 'NEUTRAL', 'SAFE', 'SAFE', 'FIELD_SHARED', 'FASTER', 'MEC_USED', 'CLEAN', 'CLEAN', 'NEUTRAL', 'NEUTRAL', 'SET', 'CLEAR', 'OPENING', 'BANCO_AMBOS')",1,1,7,14.286,ATTACK_STRONG,100.000,-0.000000,1.0000
"('TANK', 'TANK', 'DOMINANT', 'FULL', 'SAFE', 'NORMAL', 'FASTER', 'MEC_USED', 'CLEAN', 'CLEAN', 'NEUTRAL', 'NEUTRAL', 'CLEAR', 'SET', 'OPENING', 'BANCO_OFF')",1,1,5,20.000,SWITCH_DEFENSIVE,100.000,-0.000000,1.0000
"('TANK', 'TANK', 'VOLATILE', 'CRIT', 'FULL', 'NORMAL', 'FASTER', 'MEC_USED', 'CLEAN', 'CLEAN', 'NEUTRAL', 'NEUTRAL', 'CLEAR', 'CLEAR', 'OPENING', 'BANCO_OFF')",1,1,4,25.000,SWITCH_DEFENSIVE,100.000,-0.000000,1.0000
"('UTILITY', 'UTILITY', 'OFFENSIVE_ADV', 'FULL', 'FULL', 'NORMAL', 'SLOWER', 'MEC_USED', 'CLEAN', 'CLEAN', 'NEUTRAL', 'NEUTRAL', 'CLEAR', 'CLEAR', 'OPENING', 'BANCO_OFF')",1,1,6,16.667,FIELD_CONTROL,100.000,-0.000000,1.0000
"('TANK', 'TANK', 'DEFENSIVE_DIS', 'SAFE', 'FULL', 'NORMAL', 'SLOWER', 'MEC_USED', 'CLEAN', 'CLEAN', 'NEUTRAL', 'NEUTRAL', 'SET', 'SET', 'OPENING', 'BANCO_OFF')",1,1,6,16.667,ATTACK_TECH,100.000,-0.000000,1.0000
"('TANK', 'TANK', 'NEUTRAL', 'DANGER', 'DANGER', 'NORMAL', 'FASTER', 'MEC_USED', 'CLEAN', 'CLEAN', 'NEUTRAL', 'NEUTRAL', 'SET', 'CLEAR', 'OPENING', 'BANCO_OFF')",1,1,6,16.667,CLEAN_HAZARD,100.000,-0.000000,1.0000
"('SWEEPER', 'UTILITY', 'OFFENSIVE_ADV', 'FULL', 'FULL', 'FIELD_THEIRS', 'SLOWER', 'MEC_USED', 'CLEAN', 'CLEAN', 'NEUTRAL', 'NEUTRAL', 'CLEAR', 'CLEAR', 'OPENING', 'BANCO_OFF')",1,1,5,20.000,BUFF,100.000,-0.000000,1.0000
"('SWEEPER', 'SWEEPER', 'VOLATILE', 'FULL', 'FULL', 'NORMAL', 'FASTER', 'MEC_AVAIL', 'CLEAN', 'CLEAN', 'DEBUFF', 'NEUTRAL', 'CLEAR', 'CLEAR', 'OPENING', 'BANCO_OFF')",1,1,6,16.667,ATTACK_PREDICTIVE,100.000,-0.000000,1.0000
"('TANK', 'TANK', 'VOLATILE', 'DANGER', 'CRIT', 'FIELD_SHARED', 'FASTER', 'MEC_USED', 'CLEAN', 'CLEAN', 'NEUTRAL', 'NEUTRAL', 'CLEAR', 'CLEAR', 'OPENING', 'BANCO_OFF')",1,1,3,33.333,ATTACK_STRONG,100.000,-0.000000,1.0000
"('TANK', 'TANK', 'OFFENSIVE_ADV', 'SAFE', 'DANGER', 'NORMAL', 'FASTER', 'MEC_USED', 'CLEAN', 'CLEAN', 'NEUTRAL', 'NEUTRAL', 'SET', 'CLEAR', 'BRAWL', 'BANCO_OFF')",1,1,4,25.000,ATTACK_PREDICTIVE,100.000,-0.000000,1.0000
"('SWEEPER', 'SWEEPER', 'DOMINANT', 'FULL', 'FULL', 'NORMAL', 'FASTER', 'MEC_USED', 'CLEAN', 'CLEAN', 'NEUTRAL', 'DEBUFF', 'CLEAR', 'CLEAR', 'OPENING', 'BANCO_DEF')",1,1,5,20.000,ATTACK_STRONG,100.000,-0.000000,1.0000
"('TANK', 'TANK', 'NEUTRAL', 'FULL', 'FULL', 'NORMAL', 'FASTER', 'MEC_USED', 'AFFLICTED', 'CLEAN', 'NEUTRAL', 'NEUTRAL', 'SET', 'SET', 'OPENING', 'BANCO_OFF')",1,1,6,16.667,STATUS,100.000,-0.000000,1.0000
"('TANK', 'UTILITY', 'NEUTRAL', 'FULL', 'FULL', 'NORMAL', 'SLOWER', 'MEC_USED', 'CLEAN', 'CLEAN', 'NEUTRAL', 'NEUTRAL', 'CLEAR', 'SET', 'OPENING', 'BANCO_OFF')",1,1,5,20.000,ATTACK_STRONG,100.000,-0.000000,1.0000
"('TANK', 'TANK', 'OFFENSIVE_ADV', 'DANGER', 'SAFE', 'NORMAL', 'FASTER', 'MEC_USED', 'CLEAN', 'CLEAN', 'NEUTRAL', 'NEUTRAL', 'SET', 'CLEAR', 'BRAWL', 'BANCO_OFF')",1,1,6,16.667,HEAL,100.000,-0.000000,1.0000
"('TANK', 'TANK', 'OFFENSIVE_ADV', 'FULL', 'FULL', 'NORMAL', 'SLOWER', 'MEC_USED', 'CLEAN', 'CLEAN', 'NEUTRAL', 'NEUTRAL', 'CLEAR', 'CLEAR', 'CLUTCH', 'BANCO_VAZIO')",1,1,3,33.333,ATTACK_STRONG,100.000,-0.000000,1.0000
"('TANK', 'TANK', 'OFFENSIVE_ADV', 'FULL', 'FULL', 'NORMAL', 'FASTER', 'MEC_USED', 'CLEAN', 'CLEAN', 'NEUTRAL', 'NEUTRAL', 'SET', 'CLEAR', 'OPENING', 'BANCO_VAZIO')",1,1,6,16.667,ATTACK_PIVOT,100.000,-0.000000,1.0000
"('TANK', 'TANK', 'OFFENSIVE_DIS', 'DANGER', 'DANGER', 'NORMAL', 'SLOWER', 'MEC_USED', 'CLEAN', 'CLEAN', 'NEUTRAL', 'NEUTRAL', 'SET', 'SET', 'RECOVERING', 'BANCO_VAZIO')",1,1,4,25.000,DISRUPTION,100.000,-0.000000,1.0000
"('TANK', 'TANK', 'OFFENSIVE_ADV', 'FULL', 'SAFE', 'FIELD_SHARED', 'FASTER', 'MEC_USED', 'AFFLICTED', 'CLEAN', 'NEUTRAL', 'NEUTRAL', 'CLEAR', 'CLEAR', 'OPENING', 'BANCO_OFF')",1,1,4,25.000,STATUS,100.000,-0.000000,1.0000
"('SWEEPER', 'TANK', 'DEFENSIVE_DIS', 'FULL', 'FULL', 'FIELD_SHARED', 'FASTER', 'MEC_AVAIL', 'CLEAN', 'CLEAN', 'NEUTRAL', 'NEUTRAL', 'CLEAR', 'CLEAR', 'OPENING', 'BANCO_AMBOS')",1,1,10,10.000,ATTACK_PREDICTIVE,100.000,-0.000000,1.0000
"('SWEEPER', 'TANK', 'NEUTRAL', 'SAFE', 'SAFE', 'NORMAL', 'FASTER', 'MEC_USED', 'CLEAN', 'CLEAN', 'NEUTRAL', 'NEUTRAL', 'SET', 'CLEAR', 'OPENING', 'BANCO_OFF')",1,1,3,33.333,SWITCH_OFFENSIVE,100.000,-0.000000,1.0000
"('SWEEPER', 'TANK', 'NEUTRAL', 'FULL', 'SAFE', 'NORMAL', 'FASTER', 'MEC_USED', 'CLEAN', 'CLEAN', 'NEUTRAL', 'NEUTRAL', 'SET', 'CLEAR', 'OPENING', 'BANCO_OFF')",1,1,3,33.333,SWITCH_OFFENSIVE,100.000,-0.000000,1.0000
"('TANK', 'TANK', 'DEFENSIVE_ADV', 'FULL', 'FULL', 'NORMAL', 'SLOWER', 'MEC_USED', 'CLEAN', 'CLEAN', 'NEUTRAL', 'NEUTRAL', 'CLEAR', 'CLEAR', 'BRAWL', 'BANCO_OFF')",1,1,5,20.000,ATTACK_TECH,100.000,-0.000000,1.0000
"('TANK', 'TANK', 'VOLATILE', 'FULL', 'FULL', 'NORMAL', 'SLOWER', 'MEC_USED', 'AFFLICTED', 'AFFLICTED', 'DEBUFF', 'NEUTRAL', 'CLEAR', 'CLEAR', 'CLUTCH', 'BANCO_VAZIO')",1,1,5,20.000,SWITCH_OFFENSIVE,100.000,-0.000000,1.0000
"('TANK', 'TANK', 'DEFENSIVE_DIS', 'CRIT', 'SAFE', 'NORMAL', 'SLOWER', 'MEC_USED', 'CLEAN', 'CLEAN', 'NEUTRAL', 'NEUTRAL', 'CLEAR', 'SET', 'RECOVERING', 'BANCO_VAZIO')",1,1,4,25.000,ATTACK_PREDICTIVE,100.000,-0.000000,1.0000
"('TANK', 'UTILITY', 'VOLATILE', 'SAFE', 'FULL', 'FIELD_SHARED', 'SLOWER', 'MEC_USED', 'CLEAN', 'CLEAN', 'NEUTRAL', 'NEUTRAL', 'CLEAR', 'CLEAR', 'OPENING', 'BANCO_OFF')",1,1,4,25.000,ATTACK_PREDICTIVE,100.000,-0.000000,1.0000
"('TANK', 'TANK', 'OFFENSIVE_ADV', 'SAFE', 'DANGER', 'NORMAL', 'SLOWER', 'MEC_USED', 'CLEAN', 'CLEAN', 'NEUTRAL', 'NEUTRAL', 'SET', 'SET', 'RECOVERING', 'BANCO_VAZIO')",1,1,5,20.000,ATTACK_STRONG,100.000,-0.000000,1.0000
"('TANK', 'TANK', 'DEFENSIVE_DIS', 'FULL', 'DANGER', 'NORMAL', 'SLOWER', 'MEC_USED', 'CLEAN', 'CLEAN', 'NEUTRAL', 'NEUTRAL', 'CLEAR', 'CLEAR', 'OPENING', 'BANCO_OFF')",1,1,5,20.000,ATTACK_PREDICTIVE,100.000,-0.000000,1.0000
"('TANK', 'TANK', 'DEFENSIVE_DIS', 'SAFE', 'DANGER', 'NORMAL', 'SLOWER', 'MEC_USED', 'CLEAN', 'CLEAN', 'NEUTRAL', 'NEUTRAL', 'CLEAR', 'CLEAR', 'OPENING', 'BANCO_OFF')",1,1,7,14.286,ATTACK_PREDICTIVE,100.000,-0.000000,1.0000
"('UTILITY', 'SWEEPER', 'OFFENSIVE_ADV', 'FULL', 'FULL', 'NORMAL', 'FASTER', 'MEC_USED', 'CLEAN', 'CLEAN', 'NEUTRAL', 'NEUTRAL', 'CLEAR', 'CLEAR', 'OPENING', 'BANCO_OFF')",1,1,6,16.667,SWITCH_DEFENSIVE,100.000,-0.000000,1.0000
"('TANK', 'TANK', 'DOMINANT', 'SAFE', 'FULL', 'NORMAL', 'SLOWER', 'MEC_USED', 'CLEAN', 'CLEAN', 'NEUTRAL', 'NEUTRAL', 'CLEAR', 'CLEAR', 'BRAWL', 'BANCO_OFF')",1,1,5,20.000,ATTACK_PREDICTIVE,100.000,-0.000000,1.0000
"('SWEEPER', 'TANK', 'VOLATILE', 'FULL', 'SAFE', 'FIELD_OURS_OFF', 'FASTER', 'MEC_USED', 'CLEAN', 'CLEAN', 'NEUTRAL', 'NEUTRAL', 'CLEAR', 'CLEAR', 'OPENING', 'BANCO_AMBOS')",1,1,4,25.000,ATTACK_STRONG,100.000,-0.000000,1.0000
"('TANK', 'TANK', 'DEFENSIVE_DIS', 'SAFE', 'SAFE', 'NORMAL', 'SLOWER', 'MEC_USED', 'CLEAN', 'CLEAN', 'NEUTRAL', 'NEUTRAL', 'SET', 'CLEAR', 'RECOVERING', 'BANCO_VAZIO')",1,1,7,14.286,PROTECT,100.000,-0.000000,1.0000
"('TANK', 'TANK', 'CRITICAL_DIS', 'SAFE', 'FULL', 'FIELD_SHARED', 'FASTER', 'MEC_USED', 'CLEAN', 'CLEAN', 'NEUTRAL', 'NEUTRAL', 'CLEAR', 'CLEAR', 'OPENING', 'BANCO_AMBOS')",1,1,3,33.333,SWITCH_OFFENSIVE,100.000,-0.000000,1.0000
"('TANK', 'SWEEPER', 'NEUTRAL', 'DANGER', 'SAFE', 'NORMAL', 'SLOWER', 'MEC_USED', 'CLEAN', 'CLEAN', 'NEUTRAL', 'NEUTRAL', 'CLEAR', 'CLEAR', 'OPENING', 'BANCO_OFF')",1,1,4,25.000,STATUS,100.000,-0.000000,1.0000
"('SWEEPER', 'TANK', 'OFFENSIVE_ADV', 'SAFE', 'SAFE', 'FIELD_THEIRS', 'FASTER', 'MEC_USED', 'CLEAN', 'CLEAN', 'NEUTRAL', 'DEBUFF', 'CLEAR', 'CLEAR', 'OPENING', 'BANCO_OFF')",1,1,6,16.667,ATTACK_PIVOT,100.000,-0.000000,1.0000
"('TANK', 'TANK', 'OFFENSIVE_ADV', 'CRIT', 'FULL', 'NORMAL', 'FASTER', 'MEC_USED', 'CLEAN', 'CLEAN', 'NEUTRAL', 'NEUTRAL', 'CLEAR', 'CLEAR', 'CLUTCH', 'BANCO_VAZIO')",1,1,2,50.000,ATTACK_STRONG,100.000,-0.000000,1.0000
"('TANK', 'TANK', 'OFFENSIVE_ADV', 'DANGER', 'DANGER', 'FIELD_SHARED', 'FASTER', 'MEC_USED', 'CLEAN', 'CLEAN', 'NEUTRAL', 'NEUTRAL', 'CLEAR', 'CLEAR', 'OPENING', 'BANCO_OFF')",1,1,3,33.333,ATTACK_STRONG,100.000,-0.000000,1.0000
"('TANK', 'TANK', 'NEUTRAL', 'CRIT', 'SAFE', 'FIELD_SHARED', 'FASTER', 'MEC_USED', 'CLEAN', 'CLEAN', 'NEUTRAL', 'NEUTRAL', 'CLEAR', 'CLEAR', 'OPENING', 'BANCO_OFF')",1,1,3,33.333,ATTACK_STRONG,100.000,-0.000000,1.0000
