Estado,Decisoes_Medidas,Acoes_Escolhidas,Acoes_Validas_Vistas,Cobertura_Acoes_pct,Acao_Dominante,Dominante_pct,Entropia,Acoes_Efetivas
"('TANK', 'TANK', 'OFFENSIVE_ADV', 'FULL', 'FULL', 'NORMAL', 'FASTER', 'MEC_USED', 'CLEAN', 'CLEAN', 'NEUTRAL', 'NEUTRAL', 'CLEAR', 'CLEAR', 'OPENING', 'BANCO_OFF')",667,16,16,100.000,ATTACK_STRONG,12.294,2.509571,12.2997
"('TANK', 'TANK', 'OFFENSIVE_ADV', 'FULL', 'FULL', 'FIELD_THEIRS', 'FASTER', 'MEC_USED', 'CLEAN', 'CLEAN', 'NEUTRAL', 'NEUTRAL', 'CLEAR', 'CLEAR', 'OPENING', 'BANCO_OFF')",659,14,14,100.000,HEAL,15.933,2.429307,11.3510
"('TANK', 'TANK', 'OFFENSIVE_DIS', 'FULL', 'FULL', 'NORMAL', 'SLOWER', 'MEC_USED', 'AFFLICTED', 'AFFLICTED', 'NEUTRAL', 'NEUTRAL', 'CLEAR', 'CLEAR', 'CLUTCH', 'BANCO_VAZIO')",596,8,8,100.000,CLEAN_HAZARD,30.201,1.584883,4.8787
"('TANK', 'TANK', 'OFFENSIVE_ADV', 'FULL', 'FULL', 'FIELD_SHARED', 'FASTER', 'MEC_USED', 'CLEAN', 'CLEAN', 'NEUTRAL', 'NEUTRAL', 'CLEAR', 'CLEAR', 'OPENING', 'BANCO_OFF')",589,13,13,100.000,ATTACK_STRONG,41.426,1.969994,7.1706
"('TANK', 'TANK', 'NEUTRAL', 'FULL', 'FULL', 'NORMAL', 'SLOWER', 'MEC_USED', 'CLEAN', 'CLEAN', 'NEUTRAL', 'NEUTRAL', 'CLEAR', 'CLEAR', 'OPENING', 'BANCO_AMBOS')",493,17,17,100.000,HEAL,15.416,2.569820,13.0635
"('TANK', 'TANK', 'NEUTRAL', 'FULL', 'FULL', 'NORMAL', 'SLOWER', 'MEC_USED', 'CLEAN', 'CLEAN', 'NEUTRAL', 'NEUTRAL', 'CLEAR', 'CLEAR', 'OPENING', 'BANCO_OFF')",487,15,15,100.000,HEAL,12.320,2.581252,13.2137
"('TANK', 'TANK', 'OFFENSIVE_ADV', 'FULL', 'FULL', 'NORMAL', 'FASTER', 'MEC_USED', 'CLEAN', 'CLEAN', 'NEUTRAL', 'NEUTRAL', 'CLEAR', 'CLEAR', 'OPENING', 'BANCO_AMBOS')",451,14,14,100.000,ATTACK_STRONG,13.747,2.526267,12.5067
"('TANK', 'TANK', 'OFFENSIVE_ADV', 'FULL', 'FULL', 'NORMAL', 'SLOWER', 'MEC_USED', 'CLEAN', 'CLEAN', 'NEUTRAL', 'NEUTRAL', 'CLEAR', 'CLEAR', 'OPENING', 'BANCO_OFF')",409,16,16,100.000,FIELD_CONTROL,15.159,2.550331,12.8113
"('TANK', 'TANK', 'NEUTRAL', 'FULL', 'FULL', 'NORMAL', 'FASTER', 'MEC_USED', 'CLEAN', 'CLEAN', 'NEUTRAL', 'NEUTRAL', 'CLEAR', 'CLEAR', 'OPENING', 'BANCO_AMBOS')",405,16,17,94.118,ATTACK_PIVOT,14.074,2.599645,13.4590
"('TANK', 'TANK', 'OFFENSIVE_DIS', 'FULL', 'FULL', 'NORMAL', 'FASTER', 'MEC_USED', 'AFFLICTED', 'AFFLICTED', 'NEUTRAL', 'NEUTRAL', 'CLEAR', 'CLEAR', 'CLUTCH', 'BANCO_VAZIO')",389,5,7,71.429,STATUS,38.560,1.237534,3.4471
"('TANK', 'TANK', 'NEUTRAL', 'FULL', 'FULL', 'FIELD_SHARED', 'FASTER', 'MEC_USED', 'CLEAN', 'CLEAN', 'NEUTRAL', 'NEUTRAL', 'CLEAR', 'CLEAR', 'OPENING', 'BANCO_OFF')",389,14,14,100.000,SWITCH_DEFENSIVE,12.853,2.447695,11.5617
"('TANK', 'TANK', 'OFFENSIVE_ADV', 'FULL', 'FULL', 'FIELD_THEIRS', 'SLOWER', 'MEC_USED', 'CLEAN', 'CLEAN', 'NEUTRAL', 'NEUTRAL', 'CLEAR', 'CLEAR', 'OPENING', 'BANCO_OFF')",388,15,15,100.000,ATTACK_STRONG,14.175,2.568511,13.0464
"('TANK', 'TANK', 'NEUTRAL', 'SAFE', 'FULL', 'NORMAL', 'SLOWER', 'MEC_USED', 'AFFLICTED', 'AFFLICTED', 'DEBUFF', 'DEBUFF', 'SET', 'CLEAR', 'CLUTCH', 'BANCO_VAZIO')",385,7,8,87.500,SWITCH_OFFENSIVE,97.662,0.151466,1.1635
"('SWEEPER', 'TANK', 'NEUTRAL', 'FULL', 'FULL', 'NORMAL', 'FASTER', 'MEC_USED', 'CLEAN', 'CLEAN', 'NEUTRAL', 'NEUTRAL', 'CLEAR', 'CLEAR', 'OPENING', 'BANCO_AMBOS')",385,10,10,100.000,SWITCH_OFFENSIVE,28.312,2.025920,7.5831
"('TANK', 'TANK', 'NEUTRAL', 'FULL', 'FULL', 'NORMAL', 'FASTER', 'MEC_USED', 'CLEAN', 'CLEAN', 'NEUTRAL', 'NEUTRAL', 'CLEAR', 'CLEAR', 'OPENING', 'BANCO_OFF')",383,17,17,100.000,HEAL,14.360,2.594340,13.3878
"('TANK', 'TANK', 'VOLATILE', 'FULL', 'FULL', 'FIELD_THEIRS', 'FASTER', 'MEC_USED', 'CLEAN', 'CLEAN', 'NEUTRAL', 'NEUTRAL', 'CLEAR', 'CLEAR', 'OPENING', 'BANCO_OFF')",380,15,15,100.000,SWITCH_OFFENSIVE,17.895,2.247147,9.4607
"('TANK', 'TANK', 'OFFENSIVE_ADV', 'FULL', 'FULL', 'FIELD_SHARED', 'SLOWER', 'MEC_USED', 'CLEAN', 'CLEAN', 'NEUTRAL', 'NEUTRAL', 'CLEAR', 'CLEAR', 'OPENING', 'BANCO_OFF')",370,15,15,100.000,SWITCH_DEFENSIVE,22.432,2.211210,9.1268
"('TANK', 'TANK', 'DOMINANT', 'FULL', 'FULL', 'FIELD_THEIRS', 'FASTER', 'MEC_USED', 'CLEAN', 'CLEAN', 'NEUTRAL', 'NEUTRAL', 'CLEAR', 'CLEAR', 'OPENING', 'BANCO_AMBOS')",370,14,14,100.000,ATTACK_STRONG,32.703,2.180501,8.8507
"('TANK', 'TANK', 'NEUTRAL', 'FULL', 'FULL', 'FIELD_SHARED', 'FASTER', 'MEC_AVAIL', 'CLEAN', 'CLEAN', 'NEUTRAL', 'NEUTRAL', 'CLEAR', 'CLEAR', 'OPENING', 'BANCO_OFF')",368,23,24,95.833,HAZARD_MEC,29.076,2.184067,8.8824
"('TANK', 'TANK', 'OFFENSIVE_ADV', 'FULL', 'FULL', 'FIELD_SHARED', 'FASTER', 'MEC_USED', 'CLEAN', 'CLEAN', 'NEUTRAL', 'NEUTRAL', 'CLEAR', 'CLEAR', 'OPENING', 'BANCO_AMBOS')",350,15,15,100.000,SWITCH_DEFENSIVE,14.286,2.449715,11.5850
"('TANK', 'TANK', 'OFFENSIVE_ADV', 'FULL', 'FULL', 'NORMAL', 'SLOWER', 'MEC_USED', 'CLEAN', 'CLEAN', 'NEUTRAL', 'NEUTRAL', 'CLEAR', 'CLEAR', 'OPENING', 'BANCO_AMBOS')",337,14,14,100.000,SWITCH_OFFENSIVE,14.837,2.431310,11.3738
"('TANK', 'TANK', 'NEUTRAL', 'FULL', 'FULL', 'FIELD_OURS_OFF', 'FASTER', 'MEC_USED', 'CLEAN', 'CLEAN', 'NEUTRAL', 'NEUTRAL', 'CLEAR', 'CLEAR', 'OPENING', 'BANCO_AMBOS')",335,13,13,100.000,DISRUPTION,14.328,2.390054,10.9141
"('TANK', 'TANK', 'OFFENSIVE_ADV', 'FULL', 'FULL', 'FIELD_OURS_OFF', 'SLOWER', 'MEC_USED', 'CLEAN', 'CLEAN', 'NEUTRAL', 'NEUTRAL', 'CLEAR', 'CLEAR', 'OPENING', 'BANCO_OFF')",332,12,12,100.000,SWITCH_OFFENSIVE,12.651,2.314541,10.1203
"('TANK', 'TANK', 'DEFENSIVE_DIS', 'FULL', 'FULL', 'FIELD_THEIRS', 'FASTER', 'MEC_USED', 'CLEAN', 'CLEAN', 'NEUTRAL', 'NEUTRAL', 'CLEAR', 'CLEAR', 'OPENING', 'BANCO_OFF')",323,13,14,92.857,BARRIER,21.362,2.255700,9.5420
"('TANK', 'TANK', 'DEFENSIVE_DIS', 'FULL', 'FULL', 'NORMAL', 'FASTER', 'MEC_USED', 'CLEAN', 'CLEAN', 'NEUTRAL', 'NEUTRAL', 'CLEAR', 'CLEAR', 'OPENING', 'BANCO_OFF')",322,15,15,100.000,HEAL,14.907,2.503532,12.2256
"('TANK', 'TANK', 'VOLATILE', 'FULL', 'FULL', 'FIELD_OURS_OFF', 'SLOWER', 'MEC_USED', 'CLEAN', 'CLEAN', 'NEUTRAL', 'NEUTRAL', 'CLEAR', 'CLEAR', 'OPENING', 'BANCO_OFF')",321,11,11,100.000,HEAL,14.019,2.221567,9.2218
"('TANK', 'TANK', 'CRITICAL_DIS', 'FULL', 'FULL', 'NORMAL', 'FASTER', 'MEC_USED', 'AFFLICTED', 'CLEAN', 'NEUTRAL', 'NEUTRAL', 'SET', 'SET', 'CLUTCH', 'BANCO_VAZIO')",316,6,7,85.714,HAZARD,49.684,1.213988,3.3669
"('TANK', 'TANK', 'OFFENSIVE_DIS', 'FULL', 'FULL', 'NORMAL', 'SLOWER', 'MEC_USED', 'CLEAN', 'CLEAN', 'NEUTRAL', 'NEUTRAL', 'CLEAR', 'CLEAR', 'OPENING', 'BANCO_OFF')",313,15,15,100.000,SWITCH_DEFENSIVE,10.863,2.625240,13.8079
"('TANK', 'TANK', 'VOLATILE', 'FULL', 'FULL', 'NORMAL', 'FASTER', 'MEC_USED', 'CLEAN', 'CLEAN', 'NEUTRAL', 'NEUTRAL', 'CLEAR', 'CLEAR', 'OPENING', 'BANCO_OFF')",298,15,15,100.000,ATTACK_STRONG,24.161,2.431512,11.3761
"('TANK', 'TANK', 'DEFENSIVE_DIS', 'FULL', 'FULL', 'FIELD_SHARED', 'FASTER', 'MEC_USED', 'CLEAN', 'CLEAN', 'NEUTRAL', 'NEUTRAL', 'CLEAR', 'CLEAR', 'OPENING', 'BANCO_AMBOS')",296,14,15,93.333,SWITCH_DEFENSIVE,15.203,2.431108,11.3715
"('TANK', 'TANK', 'NEUTRAL', 'FULL', 'FULL', 'NORMAL', 'FASTER', 'MEC_USED', 'CLEAN', 'CLEAN', 'NEUTRAL', 'NEUTRAL', 'CLEAR', 'CLEAR', 'OPENING', 'BANCO_VAZIO')",295,17,17,100.000,ATTACK_TECH,19.661,2.492186,12.0877
"('TANK', 'TANK', 'CRITICAL_DIS', 'FULL', 'FULL', 'NORMAL', 'SLOWER', 'MEC_USED', 'CLEAN', 'CLEAN', 'NEUTRAL', 'NEUTRAL', 'CLEAR', 'CLEAR', 'OPENING', 'BANCO_AMBOS')",290,16,16,100.000,ATTACK_PIVOT,10.345,2.707749,14.9955
"('TANK', 'TANK', 'STALEMATE', 'FULL', 'FULL', 'NORMAL', 'SLOWER', 'MEC_USED', 'CLEAN', 'CLEAN', 'NEUTRAL', 'NEUTRAL', 'CLEAR', 'CLEAR', 'OPENING', 'BANCO_AMBOS')",289,13,13,100.000,ATTACK_TECH,41.522,1.941602,6.9699
"('TANK', 'TANK', 'NEUTRAL', 'FULL', 'FULL', 'FIELD_THEIRS', 'SLOWER', 'MEC_USED', 'CLEAN', 'CLEAN', 'NEUTRAL', 'NEUTRAL', 'CLEAR', 'CLEAR', 'OPENING', 'BANCO_AMBOS')",286,15,15,100.000,FIELD_CONTROL,30.769,2.204851,9.0689
"('SWEEPER', 'TANK', 'OFFENSIVE_ADV', 'FULL', 'FULL', 'FIELD_THEIRS', 'FASTER', 'MEC_USED', 'CLEAN', 'CLEAN', 'NEUTRAL', 'NEUTRAL', 'CLEAR', 'CLEAR', 'OPENING', 'BANCO_AMBOS')",278,9,9,100.000,HAZARD,28.777,1.839647,6.2943
"('TANK', 'TANK', 'OFFENSIVE_ADV', 'FULL', 'SAFE', 'NORMAL', 'FASTER', 'MEC_USED', 'CLEAN', 'CLEAN', 'NEUTRAL', 'NEUTRAL', 'CLEAR', 'CLEAR', 'OPENING', 'BANCO_OFF')",275,14,14,100.000,ATTACK_STRONG,23.636,2.333761,10.3167
"('TANK', 'TANK', 'NEUTRAL', 'FULL', 'FULL', 'NORMAL', 'FASTER', 'MEC_AVAIL', 'CLEAN', 'CLEAN', 'NEUTRAL', 'NEUTRAL', 'CLEAR', 'CLEAR', 'OPENING', 'BANCO_AMBOS')",268,24,26,92.308,BUFF_MEC,12.313,2.868178,17.6049
"('TANK', 'TANK', 'OFFENSIVE_DIS', 'FULL', 'FULL', 'NORMAL', 'FASTER', 'MEC_USED', 'CLEAN', 'CLEAN', 'NEUTRAL', 'NEUTRAL', 'CLEAR', 'CLEAR', 'OPENING', 'BANCO_OFF')",268,17,17,100.000,HEAL,10.821,2.687172,14.6901
"('TANK', 'TANK', 'DEFENSIVE_DIS', 'FULL', 'FULL', 'NORMAL', 'FASTER', 'MEC_USED', 'CLEAN', 'CLEAN', 'NEUTRAL', 'NEUTRAL', 'CLEAR', 'CLEAR', 'OPENING', 'BANCO_AMBOS')",264,14,14,100.000,STATUS,18.182,2.352432,10.5111
"('TANK', 'TANK', 'STALEMATE', 'FULL', 'FULL', 'NORMAL', 'SLOWER', 'MEC_USED', 'CLEAN', 'CLEAN', 'NEUTRAL', 'NEUTRAL', 'CLEAR', 'CLEAR', 'OPENING', 'BANCO_OFF')",259,15,15,100.000,ATTACK_TECH,15.444,2.469611,11.8179
"('SWEEPER', 'TANK', 'OFFENSIVE_ADV', 'FULL', 'FULL', 'NORMAL', 'FASTER', 'MEC_USED', 'CLEAN', 'CLEAN', 'NEUTRAL', 'NEUTRAL', 'CLEAR', 'CLEAR', 'OPENING', 'BANCO_OFF')",255,10,10,100.000,ATTACK_STRONG,27.843,2.053451,7.7948
"('TANK', 'TANK', 'DOMINANT', 'FULL', 'FULL', 'FIELD_SHARED', 'FASTER', 'MEC_USED', 'CLEAN', 'CLEAN', 'NEUTRAL', 'NEUTRAL', 'CLEAR', 'CLEAR', 'OPENING', 'BANCO_OFF')",255,13,13,100.000,ATTACK_PIVOT,14.510,2.407486,11.1060
"('TANK', 'TANK', 'NEUTRAL', 'SAFE', 'FULL', 'NORMAL', 'FASTER', 'MEC_USED', 'CLEAN', 'CLEAN', 'NEUTRAL', 'NEUTRAL', 'CLEAR', 'CLEAR', 'OPENING', 'BANCO_OFF')",253,17,17,100.000,HEAL,30.435,2.388091,10.8927
"('TANK', 'TANK', 'OFFENSIVE_ADV', 'SAFE', 'FULL', 'NORMAL', 'FASTER', 'MEC_USED', 'CLEAN', 'CLEAN', 'NEUTRAL', 'NEUTRAL', 'CLEAR', 'CLEAR', 'OPENING', 'BANCO_OFF')",250,15,15,100.000,ATTACK_STRONG,14.400,2.470812,11.8320
"('SWEEPER', 'TANK', 'NEUTRAL', 'FULL', 'FULL', 'FIELD_SHARED', 'FASTER', 'MEC_USED', 'CLEAN', 'CLEAN', 'NEUTRAL', 'NEUTRAL', 'CLEAR', 'CLEAR', 'OPENING', 'BANCO_OFF')",250,12,12,100.000,SWITCH_DEFENSIVE,17.600,2.215084,9.1622
"('TANK', 'TANK', 'NEUTRAL', 'FULL', 'FULL', 'FIELD_THEIRS', 'SLOWER', 'MEC_USED', 'CLEAN', 'CLEAN', 'NEUTRAL', 'NEUTRAL', 'CLEAR', 'CLEAR', 'OPENING', 'BANCO_OFF')",250,16,16,100.000,ATTACK_PIVOT,13.600,2.603927,13.5167
"('TANK', 'TANK', 'NEUTRAL', 'FULL', 'FULL', 'NORMAL', 'SLOWER', 'MEC_USED', 'CLEAN', 'CLEAN', 'NEUTRAL', 'NEUTRAL', 'CLEAR', 'CLEAR', 'OPENING', 'BANCO_VAZIO')",247,14,14,100.000,HEAL,19.433,2.456561,11.6646
"('TANK', 'TANK', 'STALEMATE', 'SAFE', 'FULL', 'NORMAL', 'SLOWER', 'MEC_USED', 'AFFLICTED', 'AFFLICTED', 'DEBUFF', 'DEBUFF', 'SET', 'CLEAR', 'CLUTCH', 'BANCO_VAZIO')",246,5,6,83.333,SWITCH_DEFENSIVE,95.122,0.259770,1.2966
"('TANK', 'TANK', 'OFFENSIVE_ADV', 'FULL', 'FULL', 'FIELD_OURS_OFF', 'FASTER', 'MEC_USED', 'CLEAN', 'CLEAN', 'NEUTRAL', 'NEUTRAL', 'CLEAR', 'CLEAR', 'OPENING', 'BANCO_AMBOS')",243,13,13,100.000,ATTACK_PIVOT,17.695,2.310832,10.0828
"('TANK', 'TANK', 'CRITICAL_DIS', 'FULL', 'FULL', 'NORMAL', 'FASTER', 'MEC_USED', 'CLEAN', 'CLEAN', 'NEUTRAL', 'NEUTRAL', 'CLEAR', 'CLEAR', 'OPENING', 'BANCO_OFF')",243,15,15,100.000,SWITCH_DEFENSIVE,18.930,2.464232,11.7544
"('TANK', 'TANK', 'OFFENSIVE_DIS', 'FULL', 'FULL', 'FIELD_SHARED', 'SLOWER', 'MEC_USED', 'CLEAN', 'CLEAN', 'NEUTRAL', 'NEUTRAL', 'CLEAR', 'CLEAR', 'OPENING', 'BANCO_OFF')",242,15,16,93.750,ATTACK_STRONG,20.661,2.534701,12.6127
"('TANK', 'TANK', 'OFFENSIVE_ADV', 'FULL', 'FULL', 'FIELD_OURS_OFF', 'FASTER', 'MEC_USED', 'CLEAN', 'CLEAN', 'NEUTRAL', 'NEUTRAL', 'CLEAR', 'CLEAR', 'OPENING', 'BANCO_OFF')",240,14,14,100.000,HEAL,18.750,2.408280,11.1148
"('TANK', 'TANK', 'OFFENSIVE_ADV', 'FULL', 'FULL', 'FIELD_SHARED', 'FASTER', 'MEC_AVAIL', 'CLEAN', 'CLEAN', 'NEUTRAL', 'NEUTRAL', 'CLEAR', 'CLEAR', 'OPENING', 'BANCO_OFF')",233,18,22,81.818,BUFF,15.880,2.476539,11.9000
"('TANK', 'SWEEPER', 'OFFENSIVE_ADV', 'FULL', 'FULL', 'NORMAL', 'SLOWER', 'MEC_USED', 'CLEAN', 'CLEAN', 'NEUTRAL', 'NEUTRAL', 'CLEAR', 'CLEAR', 'OPENING', 'BANCO_OFF')",232,16,16,100.000,ATTACK_PIVOT,13.362,2.569339,13.0572
"('TANK', 'TANK', 'DOMINANT', 'FULL', 'FULL', 'NORMAL', 'FASTER', 'MEC_USED', 'CLEAN', 'CLEAN', 'NEUTRAL', 'NEUTRAL', 'CLEAR', 'CLEAR', 'OPENING', 'BANCO_AMBOS')",232,14,14,100.000,ATTACK_PIVOT,15.948,2.366575,10.6608
"('TANK', 'TANK', 'NEUTRAL', 'FULL', 'FULL', 'FIELD_SHARED', 'FASTER', 'MEC_USED', 'CLEAN', 'CLEAN', 'NEUTRAL', 'NEUTRAL', 'CLEAR', 'CLEAR', 'OPENING', 'BANCO_AMBOS')",231,15,15,100.000,HEAL,13.420,2.549124,12.7959
"('TANK', 'TANK', 'DEFENSIVE_DIS', 'FULL', 'FULL', 'FIELD_THEIRS', 'FASTER', 'MEC_USED', 'CLEAN', 'CLEAN', 'NEUTRAL', 'NEUTRAL', 'CLEAR', 'CLEAR', 'OPENING', 'BANCO_AMBOS')",224,13,13,100.000,SWITCH_DEFENSIVE,14.286,2.413517,11.1732
"('TANK', 'TANK', 'OFFENSIVE_DIS', 'FULL', 'FULL', 'NORMAL', 'FASTER', 'MEC_USED', 'CLEAN', 'CLEAN', 'NEUTRAL', 'NEUTRAL', 'CLEAR', 'CLEAR', 'OPENING', 'BANCO_AMBOS')",224,17,17,100.000,ATTACK_PIVOT,12.054,2.627087,13.8334
"('TANK', 'TANK', 'OFFENSIVE_ADV', 'FULL', 'FULL', 'NORMAL', 'FASTER', 'MEC_AVAIL', 'CLEAN', 'CLEAN', 'NEUTRAL', 'NEUTRAL', 'CLEAR', 'CLEAR', 'OPENING', 'BANCO_OFF')",218,20,20,100.000,ATTACK_STRONG_MEC,14.679,2.559036,12.9233
"('TANK', 'TANK', 'NEUTRAL', 'FULL', 'FULL', 'NORMAL', 'FASTER', 'MEC_USED', 'CLEAN', 'CLEAN', 'NEUTRAL', 'NEUTRAL', 'SET', 'CLEAR', 'OPENING', 'BANCO_OFF')",217,17,17,100.000,HEAL,21.659,2.424477,11.2963
"('TANK', 'TANK', 'NEUTRAL', 'FULL', 'FULL', 'FIELD_OURS_OFF', 'SLOWER', 'MEC_USED', 'CLEAN', 'CLEAN', 'NEUTRAL', 'NEUTRAL', 'CLEAR', 'CLEAR', 'OPENING', 'BANCO_AMBOS')",214,11,11,100.000,ATTACK_PIVOT,19.626,2.183692,8.8790
"('TANK', 'TANK', 'NEUTRAL', 'SAFE', 'SAFE', 'NORMAL', 'SLOWER', 'MEC_USED', 'CLEAN', 'CLEAN', 'NEUTRAL', 'NEUTRAL', 'CLEAR', 'CLEAR', 'OPENING', 'BANCO_OFF')",212,15,15,100.000,ATTACK_TECH,15.094,2.496463,12.1395
"('TANK', 'TANK', 'NEUTRAL', 'FULL', 'FULL', 'FIELD_THEIRS', 'FASTER', 'MEC_USED', 'CLEAN', 'CLEAN', 'NEUTRAL', 'NEUTRAL', 'CLEAR', 'CLEAR', 'OPENING', 'BANCO_OFF')",212,14,14,100.000,BARRIER,18.396,2.463247,11.7429
"('TANK', 'TANK', 'DEFENSIVE_DIS', 'FULL', 'FULL', 'NORMAL', 'SLOWER', 'MEC_USED', 'CLEAN', 'CLEAN', 'NEUTRAL', 'NEUTRAL', 'CLEAR', 'CLEAR', 'OPENING', 'BANCO_AMBOS')",207,14,14,100.000,HEAL,19.807,2.402125,11.0466
"('SWEEPER', 'TANK', 'OFFENSIVE_ADV', 'FULL', 'FULL', 'NORMAL', 'FASTER', 'MEC_USED', 'CLEAN', 'CLEAN', 'NEUTRAL', 'DEBUFF', 'CLEAR', 'CLEAR', 'OPENING', 'BANCO_AMBOS')",203,7,7,100.000,ATTACK_STRONG,47.783,1.519137,4.5683
"('TANK', 'TANK', 'NEUTRAL', 'SAFE', 'FULL', 'NORMAL', 'SLOWER', 'MEC_USED', 'CLEAN', 'CLEAN', 'NEUTRAL', 'NEUTRAL', 'CLEAR', 'CLEAR', 'OPENING', 'BANCO_OFF')",200,15,15,100.000,STATUS,14.500,2.579088,13.1851
"('TANK', 'TANK', 'NEUTRAL', 'FULL', 'SAFE', 'NORMAL', 'SLOWER', 'MEC_USED', 'CLEAN', 'CLEAN', 'NEUTRAL', 'NEUTRAL', 'CLEAR', 'CLEAR', 'OPENING', 'BANCO_OFF')",199,14,14,100.000,HAZARD,12.563,2.553412,12.8509
"('TANK', 'TANK', 'OFFENSIVE_DIS', 'FULL', 'FULL', 'NORMAL', 'SLOWER', 'MEC_USED', 'CLEAN', 'CLEAN', 'NEUTRAL', 'NEUTRAL', 'CLEAR', 'CLEAR', 'OPENING', 'BANCO_AMBOS')",197,16,16,100.000,HEAL,15.228,2.575081,13.1324
"('TANK', 'TANK', 'DEFENSIVE_ADV', 'FULL', 'FULL', 'NORMAL', 'SLOWER', 'MEC_USED', 'CLEAN', 'CLEAN', 'NEUTRAL', 'NEUTRAL', 'CLEAR', 'CLEAR', 'OPENING', 'BANCO_AMBOS')",197,14,14,100.000,STAT_CLEAN,18.782,2.429263,11.3505
"('TANK', 'TANK', 'OFFENSIVE_ADV', 'FULL', 'FULL', 'NORMAL', 'FASTER', 'MEC_AVAIL', 'CLEAN', 'CLEAN', 'NEUTRAL', 'NEUTRAL', 'CLEAR', 'CLEAR', 'OPENING', 'BANCO_AMBOS')",197,17,20,85.000,ATTACK_PIVOT_MEC,15.736,2.463278,11.7432
"('TANK', 'TANK', 'NEUTRAL', 'FULL', 'SAFE', 'NORMAL', 'SLOWER', 'MEC_USED', 'CLEAN', 'CLEAN', 'NEUTRAL', 'NEUTRAL', 'CLEAR', 'CLEAR', 'OPENING', 'BANCO_VAZIO')",197,14,14,100.000,ATTACK_PIVOT,17.259,2.431748,11.3788
"('TANK', 'TANK', 'DEFENSIVE_DIS', 'FULL', 'FULL', 'FIELD_OURS_OFF', 'FASTER', 'MEC_USED', 'CLEAN', 'CLEAN', 'NEUTRAL', 'NEUTRAL', 'CLEAR', 'CLEAR', 'OPENING', 'BANCO_AMBOS')",195,12,13,92.308,ATTACK_TECH,30.256,2.030055,7.6145
"('SWEEPER', 'TANK', 'OFFENSIVE_ADV', 'FULL', 'FULL', 'NORMAL', 'FASTER', 'MEC_USED', 'CLEAN', 'CLEAN', 'NEUTRAL', 'NEUTRAL', 'CLEAR', 'CLEAR', 'OPENING', 'BANCO_AMBOS')",193,10,10,100.000,ATTACK_STRONG,24.352,2.076893,7.9796
"('TANK', 'TANK', 'NEUTRAL', 'FULL', 'FULL', 'NORMAL', 'FASTER', 'MEC_AVAIL', 'CLEAN', 'CLEAN', 'NEUTRAL', 'NEUTRAL', 'CLEAR', 'CLEAR', 'OPENING', 'BANCO_OFF')",192,23,24,95.833,BUFF,13.542,2.858477,17.4349
"('SWEEPER', 'TANK', 'NEUTRAL', 'FULL', 'FULL', 'FIELD_SHARED', 'FASTER', 'MEC_USED', 'CLEAN', 'CLEAN', 'NEUTRAL', 'NEUTRAL', 'CLEAR', 'CLEAR', 'OPENING', 'BANCO_AMBOS')",192,11,12,91.667,SWITCH_OFFENSIVE,20.833,2.096708,8.1393
"('TANK', 'TANK', 'DOMINANT', 'FULL', 'FULL', 'FIELD_SHARED', 'FASTER', 'MEC_USED', 'CLEAN', 'CLEAN', 'NEUTRAL', 'NEUTRAL', 'CLEAR', 'CLEAR', 'OPENING', 'BANCO_AMBOS')",189,11,11,100.000,ATTACK_STRONG,14.286,2.314176,10.1166
"('SWEEPER', 'TANK', 'NEUTRAL', 'FULL', 'FULL', 'NORMAL', 'FASTER', 'MEC_USED', 'CLEAN', 'CLEAN', 'NEUTRAL', 'NEUTRAL', 'CLEAR', 'CLEAR', 'OPENING', 'BANCO_OFF')",189,10,10,100.000,ATTACK_STRONG,21.164,2.146378,8.5538
"('TANK', 'TANK', 'CRITICAL_DIS', 'FULL', 'FULL', 'FIELD_SHARED', 'SLOWER', 'MEC_USED', 'CLEAN', 'CLEAN', 'NEUTRAL', 'NEUTRAL', 'CLEAR', 'CLEAR', 'OPENING', 'BANCO_AMBOS')",189,15,15,100.000,STATUS,26.984,2.350090,10.4865
"('SWEEPER', 'TANK', 'OFFENSIVE_ADV', 'FULL', 'FULL', 'FIELD_THEIRS', 'FASTER', 'MEC_USED', 'CLEAN', 'CLEAN', 'NEUTRAL', 'DEBUFF', 'CLEAR', 'CLEAR', 'OPENING', 'BANCO_AMBOS')",186,7,7,100.000,CLEAN_HAZARD,42.473,1.601327,4.9596
"('TANK', 'TANK', 'DEFENSIVE_DIS', 'FULL', 'FULL', 'NORMAL', 'SLOWER', 'MEC_USED', 'CLEAN', 'CLEAN', 'NEUTRAL', 'NEUTRAL', 'CLEAR', 'CLEAR', 'OPENING', 'BANCO_OFF')",185,14,14,100.000,ATTACK_STRONG,14.595,2.557139,12.8989
"('TANK', 'TANK', 'DOMINANT', 'FULL', 'FULL', 'NORMAL', 'SLOWER', 'MEC_USED', 'CLEAN', 'CLEAN', 'NEUTRAL', 'NEUTRAL', 'CLEAR', 'CLEAR', 'OPENING', 'BANCO_OFF')",185,14,14,100.000,HEAL,24.324,2.397409,10.9947
"('TANK', 'TANK', 'NEUTRAL', 'FULL', 'FULL', 'FIELD_OURS_OFF', 'FASTER', 'MEC_USED', 'CLEAN', 'CLEAN', 'NEUTRAL', 'NEUTRAL', 'CLEAR', 'CLEAR', 'OPENING', 'BANCO_OFF')",184,14,14,100.000,ATTACK_TECH,21.196,2.386741,10.8780
"('TANK', 'TANK', 'NEUTRAL', 'SAFE', 'SAFE', 'NORMAL', 'FASTER', 'MEC_USED', 'CLEAN', 'CLEAN', 'NEUTRAL', 'NEUTRAL', 'CLEAR', 'CLEAR', 'OPENING', 'BANCO_OFF')",184,17,17,100.000,CLEAN_HAZARD,16.848,2.498462,12.1638
"('TANK', 'TANK', 'OFFENSIVE_ADV', 'FULL', 'FULL', 'FIELD_SHARED', 'SLOWER', 'MEC_USED', 'CLEAN', 'CLEAN', 'NEUTRAL', 'NEUTRAL', 'CLEAR', 'CLEAR', 'OPENING', 'BANCO_AMBOS')",183,15,15,100.000,ATTACK_STRONG,26.230,2.322197,10.1980
"('TANK', 'TANK', 'NEUTRAL', 'FULL', 'FULL', 'FIELD_SHARED', 'SLOWER', 'MEC_USED', 'CLEAN', 'CLEAN', 'NEUTRAL', 'NEUTRAL', 'CLEAR', 'CLEAR', 'OPENING', 'BANCO_OFF')",181,15,15,100.000,ATTACK_STRONG,19.890,2.460341,11.7088
"('TANK', 'TANK', 'NEUTRAL', 'FULL', 'FULL', 'FIELD_SHARED', 'SLOWER', 'MEC_USED', 'CLEAN', 'CLEAN', 'NEUTRAL', 'NEUTRAL', 'CLEAR', 'CLEAR', 'OPENING', 'BANCO_AMBOS')",181,15,15,100.000,ATTACK_TECH,16.575,2.484009,11.9892
"('TANK', 'TANK', 'OFFENSIVE_ADV', 'FULL', 'FULL', 'NORMAL', 'FASTER', 'MEC_USED', 'CLEAN', 'CLEAN', 'NEUTRAL', 'NEUTRAL', 'SET', 'CLEAR', 'OPENING', 'BANCO_OFF')",180,15,15,100.000,CLEAN_HAZARD,22.222,2.345248,10.4359
"('TANK', 'TANK', 'OFFENSIVE_DIS', 'FULL', 'FULL', 'FIELD_THEIRS', 'SLOWER', 'MEC_USED', 'CLEAN', 'CLEAN', 'NEUTRAL', 'NEUTRAL', 'CLEAR', 'CLEAR', 'OPENING', 'BANCO_OFF')",179,15,15,100.000,HEAL,20.112,2.408034,11.1121
"('TANK', 'TANK', 'VOLATILE', 'FULL', 'FULL', 'FIELD_SHARED', 'FASTER', 'MEC_USED', 'CLEAN', 'CLEAN', 'NEUTRAL', 'NEUTRAL', 'CLEAR', 'CLEAR', 'OPENING', 'BANCO_AMBOS')",178,13,13,100.000,ATTACK_STRONG,28.090,2.150947,8.5930
"('TANK', 'TANK', 'CRITICAL_DIS', 'FULL', 'FULL', 'NORMAL', 'FASTER', 'MEC_USED', 'AFFLICTED', 'AFFLICTED', 'DEBUFF', 'DEBUFF', 'SET', 'SET', 'CLUTCH', 'BANCO_VAZIO')",177,4,4,100.000,STATUS,49.718,0.932299,2.5403
"('SWEEPER', 'TANK', 'OFFENSIVE_ADV', 'FULL', 'FULL', 'FIELD_SHARED', 'FASTER', 'MEC_USED', 'CLEAN', 'CLEAN', 'NEUTRAL', 'NEUTRAL', 'CLEAR', 'CLEAR', 'OPENING', 'BANCO_OFF')",176,9,9,100.000,HEAL,21.023,1.975527,7.2104
"('TANK', 'TANK', 'CRITICAL_DIS', 'FULL', 'FULL', 'FIELD_THEIRS', 'FASTER', 'MEC_USED', 'CLEAN', 'CLEAN', 'NEUTRAL', 'NEUTRAL', 'CLEAR', 'CLEAR', 'OPENING', 'BANCO_VAZIO')",173,12,12,100.000,BARRIER,19.653,2.239710,9.3906
"('TANK', 'TANK', 'VOLATILE', 'FULL', 'FULL', 'NORMAL', 'FASTER', 'MEC_USED', 'CLEAN', 'CLEAN', 'NEUTRAL', 'NEUTRAL', 'CLEAR', 'CLEAR', 'OPENING', 'BANCO_AMBOS')",169,15,15,100.000,SWITCH_OFFENSIVE,15.385,2.376522,10.7674
"('TANK', 'TANK', 'OFFENSIVE_ADV', 'FULL', 'FULL', 'FIELD_THEIRS', 'FASTER', 'MEC_AVAIL', 'CLEAN', 'CLEAN', 'NEUTRAL', 'NEUTRAL', 'CLEAR', 'CLEAR', 'OPENING', 'BANCO_OFF')",168,16,16,100.000,STATUS_MEC,10.714,2.641386,14.0326
"('TANK', 'TANK', 'OFFENSIVE_ADV', 'SAFE', 'FULL', 'FIELD_THEIRS', 'FASTER', 'MEC_USED', 'CLEAN', 'CLEAN', 'NEUTRAL', 'NEUTRAL', 'CLEAR', 'CLEAR', 'OPENING', 'BANCO_OFF')",168,12,12,100.000,ATTACK_PIVOT,13.690,2.404132,11.0688
"('TANK', 'TANK', 'OFFENSIVE_ADV', 'SAFE', 'SAFE', 'NORMAL', 'FASTER', 'MEC_USED', 'CLEAN', 'CLEAN', 'NEUTRAL', 'NEUTRAL', 'CLEAR', 'CLEAR', 'OPENING', 'BANCO_OFF')",168,15,15,100.000,HEAL,20.833,2.302771,10.0019
"('TANK', 'TANK', 'NEUTRAL', 'FULL', 'SAFE', 'NORMAL', 'FASTER', 'MEC_USED', 'CLEAN', 'CLEAN', 'NEUTRAL', 'NEUTRAL', 'CLEAR', 'CLEAR', 'OPENING', 'BANCO_OFF')",168,17,17,100.000,CLEAN_HAZARD,14.881,2.553960,12.8579
"('TANK', 'TANK', 'NEUTRAL', 'SAFE', 'SAFE', 'NORMAL', 'FASTER', 'MEC_USED', 'CLEAN', 'CLEAN', 'NEUTRAL', 'NEUTRAL', 'CLEAR', 'CLEAR', 'OPENING', 'BANCO_VAZIO')",167,15,15,100.000,HEAL,17.964,2.441962,11.4956
"('TANK', 'TANK', 'VOLATILE', 'FULL', 'FULL', 'FIELD_THEIRS', 'SLOWER', 'MEC_USED', 'CLEAN', 'CLEAN', 'NEUTRAL', 'NEUTRAL', 'CLEAR', 'CLEAR', 'OPENING', 'BANCO_AMBOS')",167,14,14,100.000,SWITCH_OFFENSIVE,15.569,2.409761,11.1313
"('TANK', 'TANK', 'CRITICAL_DIS', 'FULL', 'FULL', 'NORMAL', 'SLOWER', 'MEC_USED', 'CLEAN', 'CLEAN', 'NEUTRAL', 'NEUTRAL', 'CLEAR', 'CLEAR', 'OPENING', 'BANCO_OFF')",164,15,15,100.000,ATTACK_TECH,20.732,2.424574,11.2974
"('TANK', 'TANK', 'NEUTRAL', 'SAFE', 'FULL', 'NORMAL', 'FASTER', 'MEC_USED', 'CLEAN', 'CLEAN', 'NEUTRAL', 'NEUTRAL', 'CLEAR', 'CLEAR', 'OPENING', 'BANCO_VAZIO')",162,16,17,94.118,HEAL,27.160,2.407824,11.1098
"('TANK', 'TANK', 'DOMINANT', 'FULL', 'FULL', 'NORMAL', 'FASTER', 'MEC_USED', 'CLEAN', 'CLEAN', 'NEUTRAL', 'NEUTRAL', 'CLEAR', 'CLEAR', 'OPENING', 'BANCO_OFF')",161,14,14,100.000,ATTACK_PIVOT,15.528,2.436766,11.4360
"('TANK', 'TANK', 'DEFENSIVE_DIS', 'FULL', 'FULL', 'FIELD_OURS_DEF', 'FASTER', 'MEC_USED', 'CLEAN', 'CLEAN', 'NEUTRAL', 'NEUTRAL', 'CLEAR', 'CLEAR', 'OPENING', 'BANCO_AMBOS')",160,8,9,88.889,ATTACK_STRONG,25.000,1.746002,5.7316
"('TANK', 'TANK', 'OFFENSIVE_ADV', 'SAFE', 'FULL', 'NORMAL', 'SLOWER', 'MEC_USED', 'CLEAN', 'CLEAN', 'NEUTRAL', 'NEUTRAL', 'CLEAR', 'CLEAR', 'OPENING', 'BANCO_OFF')",160,15,15,100.000,SWITCH_OFFENSIVE,17.500,2.474978,11.8814
"('TANK', 'TANK', 'VOLATILE', 'FULL', 'FULL', 'FIELD_THEIRS', 'FASTER', 'MEC_AVAIL', 'CLEAN', 'CLEAN', 'NEUTRAL', 'NEUTRAL', 'CLEAR', 'CLEAR', 'OPENING', 'BANCO_OFF')",159,15,16,93.750,ATTACK_STRONG_MEC,28.931,2.259967,9.5828
"('TANK', 'TANK', 'VOLATILE', 'FULL', 'FULL', 'FIELD_THEIRS', 'FASTER', 'MEC_USED', 'CLEAN', 'CLEAN', 'NEUTRAL', 'NEUTRAL', 'CLEAR', 'CLEAR', 'OPENING', 'BANCO_AMBOS')",156,13,13,100.000,SWITCH_OFFENSIVE,16.026,2.384928,10.8583
"('UTILITY', 'TANK', 'DOMINANT', 'FULL', 'FULL', 'FIELD_THEIRS', 'FASTER', 'MEC_USED', 'CLEAN', 'CLEAN', 'NEUTRAL', 'NEUTRAL', 'CLEAR', 'CLEAR', 'OPENING', 'BANCO_OFF')",155,7,7,100.000,SWITCH_OFFENSIVE,26.452,1.565406,4.7846
"('TANK', 'TANK', 'OFFENSIVE_ADV', 'FULL', 'FULL', 'FIELD_THEIRS', 'FASTER', 'MEC_USED', 'CLEAN', 'CLEAN', 'NEUTRAL', 'NEUTRAL', 'CLEAR', 'CLEAR', 'OPENING', 'BANCO_AMBOS')",154,13,13,100.000,SWITCH_OFFENSIVE,22.078,2.338044,10.3610
"('SWEEPER', 'TANK', 'NEUTRAL', 'FULL', 'FULL', 'FIELD_OURS_OFF', 'FASTER', 'MEC_USED', 'CLEAN', 'CLEAN', 'NEUTRAL', 'NEUTRAL', 'CLEAR', 'CLEAR', 'OPENING', 'BANCO_AMBOS')",154,10,10,100.000,ATTACK_STRONG,29.870,1.835450,6.2680
"('TANK', 'TANK', 'NEUTRAL', 'SAFE', 'SAFE', 'NORMAL', 'SLOWER', 'MEC_USED', 'CLEAN', 'CLEAN', 'NEUTRAL', 'NEUTRAL', 'CLEAR', 'CLEAR', 'OPENING', 'BANCO_VAZIO')",154,14,14,100.000,HEAL,39.610,2.136847,8.4727
"('TANK', 'TANK', 'DOMINANT', 'FULL', 'FULL', 'NORMAL', 'SLOWER', 'MEC_USED', 'CLEAN', 'CLEAN', 'NEUTRAL', 'NEUTRAL', 'CLEAR', 'CLEAR', 'OPENING', 'BANCO_AMBOS')",153,14,14,100.000,ATTACK_PIVOT,17.647,2.457661,11.6775
"('TANK', 'SWEEPER', 'CRITICAL_DIS', 'FULL', 'FULL', 'FIELD_THEIRS', 'SLOWER', 'MEC_USED', 'CLEAN', 'CLEAN', 'NEUTRAL', 'NEUTRAL', 'CLEAR', 'CLEAR', 'OPENING', 'BANCO_OFF')",152,15,15,100.000,BARRIER,32.237,2.195763,8.9869
"('TANK', 'TANK', 'OFFENSIVE_DIS', 'SAFE', 'FULL', 'NORMAL', 'FASTER', 'MEC_USED', 'CLEAN', 'CLEAN', 'NEUTRAL', 'NEUTRAL', 'CLEAR', 'CLEAR', 'OPENING', 'BANCO_OFF')",151,16,16,100.000,CLEAN_HAZARD,17.881,2.566245,13.0169
"('SWEEPER', 'TANK', 'DOMINANT', 'FULL', 'FULL', 'FIELD_THEIRS', 'FASTER', 'MEC_USED', 'CLEAN', 'CLEAN', 'NEUTRAL', 'NEUTRAL', 'CLEAR', 'CLEAR', 'OPENING', 'BANCO_AMBOS')",150,10,10,100.000,ATTACK_STRONG,35.333,1.981048,7.2503
"('TANK', 'TANK', 'DEFENSIVE_ADV', 'FULL', 'FULL', 'FIELD_SHARED', 'FASTER', 'MEC_USED', 'CLEAN', 'CLEAN', 'NEUTRAL', 'NEUTRAL', 'CLEAR', 'CLEAR', 'OPENING', 'BANCO_AMBOS')",149,14,14,100.000,ATTACK_PIVOT,18.792,2.370844,10.7064
"('SWEEPER', 'TANK', 'DEFENSIVE_DIS', 'FULL', 'FULL', 'NORMAL', 'FASTER', 'MEC_USED', 'CLEAN', 'CLEAN', 'NEUTRAL', 'NEUTRAL', 'CLEAR', 'CLEAR', 'OPENING', 'BANCO_AMBOS')",149,10,10,100.000,SWITCH_DEFENSIVE,18.792,2.160895,8.6789
"('SWEEPER', 'TANK', 'DOMINANT', 'FULL', 'FULL', 'NORMAL', 'FASTER', 'MEC_USED', 'CLEAN', 'CLEAN', 'NEUTRAL', 'NEUTRAL', 'CLEAR', 'CLEAR', 'OPENING', 'BANCO_AMBOS')",148,10,10,100.000,HAZARD,37.162,1.908231,6.7412
"('TANK', 'TANK', 'OFFENSIVE_ADV', 'FULL', 'FULL', 'FIELD_THEIRS', 'SLOWER', 'MEC_USED', 'CLEAN', 'CLEAN', 'NEUTRAL', 'NEUTRAL', 'CLEAR', 'CLEAR', 'OPENING', 'BANCO_AMBOS')",148,14,14,100.000,ATTACK_STRONG,18.919,2.267332,9.6536
"('TANK', 'TANK', 'NEUTRAL', 'SAFE', 'FULL', 'NORMAL', 'FASTER', 'MEC_USED', 'CLEAN', 'CLEAN', 'NEUTRAL', 'NEUTRAL', 'CLEAR', 'CLEAR', 'OPENING', 'BANCO_AMBOS')",148,16,17,94.118,ATTACK_STRONG,14.189,2.503473,12.2249
"('TANK', 'TANK', 'DOMINANT', 'FULL', 'FULL', 'FIELD_THEIRS', 'SLOWER', 'MEC_USED', 'CLEAN', 'CLEAN', 'NEUTRAL', 'NEUTRAL', 'CLEAR', 'CLEAR', 'OPENING', 'BANCO_AMBOS')",147,13,14,92.857,ATTACK_PIVOT,19.728,2.305222,10.0264
"('TANK', 'TANK', 'NEUTRAL', 'SAFE', 'FULL', 'NORMAL', 'FASTER', 'MEC_USED', 'CLEAN', 'CLEAN', 'NEUTRAL', 'NEUTRAL', 'SET', 'CLEAR', 'OPENING', 'BANCO_OFF')",147,17,17,100.000,CLEAN_HAZARD,18.367,2.539345,12.6714
"('TANK', 'TANK', 'NEUTRAL', 'FULL', 'FULL', 'FIELD_THEIRS', 'FASTER', 'MEC_USED', 'CLEAN', 'CLEAN', 'NEUTRAL', 'NEUTRAL', 'CLEAR', 'CLEAR', 'OPENING', 'BANCO_AMBOS')",147,13,14,92.857,PROTECT,26.531,2.210066,9.1163
"('TANK', 'TANK', 'VOLATILE', 'FULL', 'FULL', 'FIELD_THEIRS', 'SLOWER', 'MEC_USED', 'CLEAN', 'CLEAN', 'NEUTRAL', 'NEUTRAL', 'CLEAR', 'CLEAR', 'OPENING', 'BANCO_OFF')",147,14,15,93.333,ATTACK_STRONG,39.456,2.083882,8.0356
"('UTILITY', 'TANK', 'OFFENSIVE_ADV', 'FULL', 'FULL', 'NORMAL', 'FASTER', 'MEC_USED', 'CLEAN', 'CLEAN', 'NEUTRAL', 'NEUTRAL', 'CLEAR', 'CLEAR', 'OPENING', 'BANCO_AMBOS')",146,9,9,100.000,ATTACK_STRONG,47.945,1.570057,4.8069
"('TANK', 'TANK', 'DEFENSIVE_DIS', 'SAFE', 'FULL', 'NORMAL', 'FASTER', 'MEC_USED', 'CLEAN', 'CLEAN', 'NEUTRAL', 'NEUTRAL', 'CLEAR', 'CLEAR', 'OPENING', 'BANCO_OFF')",146,16,16,100.000,HEAL,30.822,2.360342,10.5946
"('TANK', 'TANK', 'OFFENSIVE_ADV', 'FULL', 'FULL', 'NORMAL', 'FASTER', 'MEC_USED', 'CLEAN', 'CLEAN', 'NEUTRAL', 'NEUTRAL', 'SET', 'CLEAR', 'OPENING', 'BANCO_AMBOS')",146,13,13,100.000,CLEAN_HAZARD,53.425,1.769662,5.8689
"('TANK', 'TANK', 'DEFENSIVE_DIS', 'FULL', 'FULL', 'FIELD_SHARED', 'SLOWER', 'MEC_USED', 'CLEAN', 'CLEAN', 'NEUTRAL', 'NEUTRAL', 'CLEAR', 'CLEAR', 'OPENING', 'BANCO_AMBOS')",144,15,15,100.000,ATTACK_STRONG,20.139,2.403501,11.0618
"('TANK', 'SWEEPER', 'CRITICAL_DIS', 'FULL', 'FULL', 'FIELD_THEIRS', 'SLOWER', 'MEC_USED', 'CLEAN', 'CLEAN', 'NEUTRAL', 'NEUTRAL', 'CLEAR', 'CLEAR', 'OPENING', 'BANCO_AMBOS')",144,11,12,91.667,STATUS,16.667,2.195304,8.9827
"('TANK', 'TANK', 'DEFENSIVE_DIS', 'FULL', 'FULL', 'FIELD_SHARED', 'FASTER', 'MEC_USED', 'CLEAN', 'CLEAN', 'NEUTRAL', 'NEUTRAL', 'CLEAR', 'CLEAR', 'OPENING', 'BANCO_OFF')",144,13,14,92.857,ATTACK_STRONG,19.444,2.324574,10.2223
"('TANK', 'TANK', 'VOLATILE', 'FULL', 'FULL', 'NORMAL', 'FASTER', 'MEC_AVAIL', 'CLEAN', 'CLEAN', 'NEUTRAL', 'NEUTRAL', 'CLEAR', 'CLEAR', 'OPENING', 'BANCO_OFF')",143,18,18,100.000,ATTACK_STRONG,17.483,2.702767,14.9210
"('TANK', 'TANK', 'OFFENSIVE_ADV', 'FULL', 'SAFE', 'NORMAL', 'SLOWER', 'MEC_USED', 'CLEAN', 'CLEAN', 'NEUTRAL', 'NEUTRAL', 'CLEAR', 'CLEAR', 'OPENING', 'BANCO_OFF')",143,14,14,100.000,STATUS,18.182,2.484811,11.9989
"('TANK', 'UTILITY', 'OFFENSIVE_ADV', 'FULL', 'FULL', 'NORMAL', 'SLOWER', 'MEC_USED', 'CLEAN', 'CLEAN', 'NEUTRAL', 'NEUTRAL', 'CLEAR', 'CLEAR', 'OPENING', 'BANCO_OFF')",143,13,13,100.000,SWITCH_DEFENSIVE,13.986,2.450288,11.5917
"('SWEEPER', 'TANK', 'OFFENSIVE_ADV', 'FULL', 'FULL', 'NORMAL', 'FASTER', 'MEC_USED', 'CLEAN', 'CLEAN', 'NEUTRAL', 'DEBUFF', 'CLEAR', 'CLEAR', 'OPENING', 'BANCO_OFF')",143,9,9,100.000,CLEAN_HAZARD,31.469,1.884330,6.5819
"('TANK', 'TANK', 'OFFENSIVE_DIS', 'FULL', 'FULL', 'NORMAL', 'FASTER', 'MEC_USED', 'CLEAN', 'CLEAN', 'NEUTRAL', 'NEUTRAL', 'SET', 'CLEAR', 'OPENING', 'BANCO_OFF')",143,17,17,100.000,STATUS,23.077,2.496725,12.1427
"('TANK', 'TANK', 'OFFENSIVE_DIS', 'SAFE', 'FULL', 'NORMAL', 'FASTER', 'MEC_USED', 'CLEAN', 'CLEAN', 'NEUTRAL', 'NEUTRAL', 'SET', 'CLEAR', 'OPENING', 'BANCO_OFF')",143,16,16,100.000,CLEAN_HAZARD,34.965,2.013232,7.4875
"('TANK', 'TANK', 'NEUTRAL', 'FULL', 'FULL', 'FIELD_SHARED', 'FASTER', 'MEC_USED', 'CLEAN', 'CLEAN', 'NEUTRAL', 'NEUTRAL', 'CLEAR', 'CLEAR', 'OPENING', 'BANCO_VAZIO')",142,15,15,100.000,HEAL,19.718,2.426824,11.3229
"('TANK', 'SWEEPER', 'OFFENSIVE_DIS', 'FULL', 'FULL', 'NORMAL', 'SLOWER', 'MEC_USED', 'CLEAN', 'CLEAN', 'NEUTRAL', 'NEUTRAL', 'CLEAR', 'CLEAR', 'OPENING', 'BANCO_OFF')",140,15,15,100.000,PROTECT,30.714,2.343232,10.4148
"('TANK', 'TANK', 'DEFENSIVE_ADV', 'FULL', 'FULL', 'NORMAL', 'SLOWER', 'MEC_USED', 'CLEAN', 'CLEAN', 'NEUTRAL', 'NEUTRAL', 'CLEAR', 'CLEAR', 'OPENING', 'BANCO_OFF')",139,14,14,100.000,SWITCH_OFFENSIVE,23.741,2.316711,10.1423
"('TANK', 'TANK', 'OFFENSIVE_DIS', 'FULL', 'FULL', 'FIELD_THEIRS', 'FASTER', 'MEC_USED', 'CLEAN', 'CLEAN', 'NEUTRAL', 'NEUTRAL', 'CLEAR', 'CLEAR', 'OPENING', 'BANCO_AMBOS')",139,16,16,100.000,HEAL_STATUS,13.669,2.631964,13.9010
"('TANK', 'TANK', 'DOMINANT', 'FULL', 'FULL', 'FIELD_THEIRS', 'FASTER', 'MEC_AVAIL', 'CLEAN', 'CLEAN', 'NEUTRAL', 'NEUTRAL', 'CLEAR', 'CLEAR', 'OPENING', 'BANCO_AMBOS')",139,16,16,100.000,ATTACK_STRONG_MEC,20.863,2.484620,11.9966
"('TANK', 'TANK', 'DEFENSIVE_DIS', 'SAFE', 'FULL', 'NORMAL', 'FASTER', 'MEC_USED', 'CLEAN', 'CLEAN', 'NEUTRAL', 'NEUTRAL', 'CLEAR', 'CLEAR', 'OPENING', 'BANCO_AMBOS')",138,15,15,100.000,ATTACK_STRONG,24.638,2.369114,10.6879
"('TANK', 'TANK', 'OFFENSIVE_ADV', 'SAFE', 'FULL', 'NORMAL', 'FASTER', 'MEC_AVAIL', 'CLEAN', 'CLEAN', 'NEUTRAL', 'NEUTRAL', 'CLEAR', 'CLEAR', 'OPENING', 'BANCO_OFF')",138,19,22,86.364,ATTACK_STRONG,15.217,2.643854,14.0673
"('TANK', 'TANK', 'NEUTRAL', 'SAFE', 'FULL', 'NORMAL', 'SLOWER', 'MEC_USED', 'CLEAN', 'CLEAN', 'NEUTRAL', 'NEUTRAL', 'CLEAR', 'CLEAR', 'OPENING', 'BANCO_AMBOS')",138,16,16,100.000,HEAL,17.391,2.539027,12.6673
"('TANK', 'TANK', 'DOMINANT', 'FULL', 'FULL', 'FIELD_SHARED', 'SLOWER', 'MEC_USED', 'CLEAN', 'CLEAN', 'NEUTRAL', 'NEUTRAL', 'CLEAR', 'CLEAR', 'OPENING', 'BANCO_AMBOS')",135,11,11,100.000,SWITCH_DEFENSIVE,16.296,2.324076,10.2172
"('TANK', 'SWEEPER', 'DEFENSIVE_DIS', 'FULL', 'FULL', 'NORMAL', 'SLOWER', 'MEC_USED', 'CLEAN', 'CLEAN', 'NEUTRAL', 'NEUTRAL', 'CLEAR', 'CLEAR', 'OPENING', 'BANCO_AMBOS')",135,14,15,93.333,SWITCH_DEFENSIVE,18.519,2.455160,11.6483
"('TANK', 'TANK', 'OFFENSIVE_DIS', 'SAFE', 'FULL', 'NORMAL', 'FASTER', 'MEC_USED', 'AFFLICTED', 'AFFLICTED', 'DEBUFF', 'DEBUFF', 'SET', 'CLEAR', 'CLUTCH', 'BANCO_DEF')",134,3,4,75.000,SWITCH_DEFENSIVE,97.015,0.151009,1.1630
"('TANK', 'TANK', 'OFFENSIVE_DIS', 'FULL', 'FULL', 'NORMAL', 'SLOWER', 'MEC_USED', 'CLEAN', 'CLEAN', 'NEUTRAL', 'NEUTRAL', 'CLEAR', 'CLEAR', 'OPENING', 'BANCO_VAZIO')",134,15,15,100.000,STATUS,36.567,2.134952,8.4566
"('TANK', 'TANK', 'OFFENSIVE_DIS', 'SAFE', 'FULL', 'NORMAL', 'SLOWER', 'MEC_USED', 'CLEAN', 'CLEAN', 'NEUTRAL', 'NEUTRAL', 'CLEAR', 'CLEAR', 'OPENING', 'BANCO_OFF')",134,15,15,100.000,ATTACK_TECH,9.701,2.669612,14.4344
"('TANK', 'TANK', 'DEFENSIVE_DIS', 'FULL', 'FULL', 'FIELD_OURS_DEF', 'FASTER', 'MEC_AVAIL', 'CLEAN', 'CLEAN', 'NEUTRAL', 'NEUTRAL', 'CLEAR', 'CLEAR', 'OPENING', 'BANCO_AMBOS')",133,10,10,100.000,ATTACK_STRONG_MEC,28.571,2.066311,7.8956
"('TANK', 'TANK', 'VOLATILE', 'FULL', 'FULL', 'FIELD_OURS_OFF', 'FASTER', 'MEC_USED', 'CLEAN', 'CLEAN', 'NEUTRAL', 'NEUTRAL', 'CLEAR', 'CLEAR', 'OPENING', 'BANCO_OFF')",133,13,13,100.000,PROTECT,13.534,2.380499,10.8103
"('TANK', 'TANK', 'CRITICAL_DIS', 'FULL', 'FULL', 'FIELD_THEIRS', 'SLOWER', 'MEC_USED', 'CLEAN', 'CLEAN', 'NEUTRAL', 'NEUTRAL', 'CLEAR', 'CLEAR', 'OPENING', 'BANCO_AMBOS')",133,16,16,100.000,STATUS,17.293,2.518082,12.4048
"('TANK', 'TANK', 'NEUTRAL', 'FULL', 'SAFE', 'NORMAL', 'FASTER', 'MEC_USED', 'CLEAN', 'CLEAN', 'NEUTRAL', 'NEUTRAL', 'SET', 'CLEAR', 'OPENING', 'BANCO_OFF')",132,15,16,93.750,CLEAN_HAZARD,19.697,2.450787,11.5975
"('TANK', 'TANK', 'OFFENSIVE_ADV', 'FULL', 'SAFE', 'FIELD_THEIRS', 'FASTER', 'MEC_USED', 'CLEAN', 'CLEAN', 'NEUTRAL', 'NEUTRAL', 'CLEAR', 'CLEAR', 'OPENING', 'BANCO_OFF')",130,13,13,100.000,ATTACK_STRONG,16.154,2.383101,10.8385
"('TANK', 'TANK', 'DEFENSIVE_DIS', 'FULL', 'FULL', 'NORMAL', 'SLOWER', 'MEC_USED', 'CLEAN', 'AFFLICTED', 'NEUTRAL', 'NEUTRAL', 'CLEAR', 'CLEAR', 'CLUTCH', 'BANCO_VAZIO')",130,4,7,57.143,STATUS,57.692,0.836035,2.3072
"('TANK', 'TANK', 'NEUTRAL', 'FULL', 'SAFE', 'NORMAL', 'FASTER', 'MEC_USED', 'CLEAN', 'CLEAN', 'NEUTRAL', 'NEUTRAL', 'CLEAR', 'CLEAR', 'OPENING', 'BANCO_VAZIO')",129,14,15,93.333,ATTACK_TECH,17.829,2.424946,11.3016
"('UTILITY', 'TANK', 'OFFENSIVE_ADV', 'FULL', 'FULL', 'FIELD_THEIRS', 'FASTER', 'MEC_USED', 'CLEAN', 'CLEAN', 'NEUTRAL', 'NEUTRAL', 'CLEAR', 'CLEAR', 'OPENING', 'BANCO_OFF')",128,10,11,90.909,HAZARD,21.875,2.199700,9.0223
"('TANK', 'TANK', 'VOLATILE', 'FULL', 'FULL', 'FIELD_SHARED', 'FASTER', 'MEC_USED', 'CLEAN', 'CLEAN', 'NEUTRAL', 'NEUTRAL', 'CLEAR', 'CLEAR', 'OPENING', 'BANCO_OFF')",128,14,14,100.000,ATTACK_STRONG,21.094,2.406627,11.0965
"('UTILITY', 'TANK', 'DOMINANT', 'FULL', 'FULL', 'NORMAL', 'FASTER', 'MEC_USED', 'CLEAN', 'CLEAN', 'NEUTRAL', 'NEUTRAL', 'CLEAR', 'CLEAR', 'OPENING', 'BANCO_OFF')",128,11,11,100.000,SWITCH_DEFENSIVE,28.906,2.035844,7.6587
"('TANK', 'UTILITY', 'NEUTRAL', 'FULL', 'FULL', 'NORMAL', 'SLOWER', 'MEC_USED', 'CLEAN', 'CLEAN', 'NEUTRAL', 'NEUTRAL', 'CLEAR', 'CLEAR', 'OPENING', 'BANCO_OFF')",127,15,16,93.750,ATTACK_PIVOT,20.472,2.488892,12.0479
"('TANK', 'TANK', 'NEUTRAL', 'FULL', 'FULL', 'FIELD_THEIRS', 'FASTER', 'MEC_AVAIL', 'CLEAN', 'CLEAN', 'NEUTRAL', 'NEUTRAL', 'CLEAR', 'CLEAR', 'OPENING', 'BANCO_AMBOS')",126,18,20,90.000,ATTACK_TECH_MEC,11.111,2.636382,13.9626
"('TANK', 'TANK', 'OFFENSIVE_DIS', 'FULL', 'FULL', 'FIELD_SHARED', 'SLOWER', 'MEC_USED', 'CLEAN', 'CLEAN', 'NEUTRAL', 'NEUTRAL', 'CLEAR', 'CLEAR', 'OPENING', 'BANCO_AMBOS')",126,15,15,100.000,HEAL,14.286,2.549326,12.7985
"('TANK', 'TANK', 'OFFENSIVE_ADV', 'FULL', 'FULL', 'NORMAL', 'SLOWER', 'MEC_USED', 'CLEAN', 'CLEAN', 'NEUTRAL', 'NEUTRAL', 'SET', 'CLEAR', 'OPENING', 'BANCO_OFF')",126,16,16,100.000,HEAL,16.667,2.503199,12.2215
"('TANK', 'TANK', 'DOMINANT', 'FULL', 'FULL', 'FIELD_THEIRS', 'FASTER', 'MEC_USED', 'CLEAN', 'CLEAN', 'NEUTRAL', 'NEUTRAL', 'CLEAR', 'CLEAR', 'OPENING', 'BANCO_OFF')",125,10,11,90.909,ATTACK_STRONG,20.000,2.182124,8.8651
"('TANK', 'TANK', 'OFFENSIVE_ADV', 'SAFE', 'FULL', 'NORMAL', 'FASTER', 'MEC_USED', 'CLEAN', 'CLEAN', 'NEUTRAL', 'NEUTRAL', 'SET', 'CLEAR', 'OPENING', 'BANCO_OFF')",125,15,15,100.000,STATUS,16.000,2.467399,11.7917
"('TANK', 'TANK', 'DEFENSIVE_DIS', 'FULL', 'FULL', 'FIELD_OURS_DEF', 'FASTER', 'MEC_USED', 'CLEAN', 'CLEAN', 'NEUTRAL', 'NEUTRAL', 'CLEAR', 'CLEAR', 'OPENING', 'BANCO_OFF')",122,12,12,100.000,SWITCH_OFFENSIVE,22.951,2.255656,9.5415
"('TANK', 'TANK', 'DEFENSIVE_ADV', 'FULL', 'FULL', 'NORMAL', 'FASTER', 'MEC_USED', 'CLEAN', 'CLEAN', 'NEUTRAL', 'NEUTRAL', 'CLEAR', 'CLEAR', 'OPENING', 'BANCO_AMBOS')",121,14,14,100.000,CLEAN_HAZARD,19.835,2.392083,10.9362
"('TANK', 'TANK', 'NEUTRAL', 'FULL', 'FULL', 'NORMAL', 'SLOWER', 'MEC_USED', 'CLEAN', 'CLEAN', 'NEUTRAL', 'NEUTRAL', 'SET', 'CLEAR', 'OPENING', 'BANCO_OFF')",121,14,14,100.000,HEAL,16.529,2.472296,11.8496
"('TANK', 'TANK', 'NEUTRAL', 'FULL', 'FULL', 'FIELD_OURS_OFF', 'SLOWER', 'MEC_USED', 'CLEAN', 'CLEAN', 'NEUTRAL', 'NEUTRAL', 'CLEAR', 'CLEAR', 'OPENING', 'BANCO_OFF')",121,12,12,100.000,HEAL,38.017,2.075868,7.9715
"('TANK', 'TANK', 'STALEMATE', 'FULL', 'FULL', 'NORMAL', 'SLOWER', 'MEC_USED', 'CLEAN', 'CLEAN', 'NEUTRAL', 'NEUTRAL', 'SET', 'CLEAR', 'OPENING', 'BANCO_OFF')",121,13,13,100.000,STAT_CLEAN,53.719,1.785085,5.9601
"('UTILITY', 'TANK', 'DEFENSIVE_DIS', 'FULL', 'FULL', 'NORMAL', 'FASTER', 'MEC_USED', 'CLEAN', 'CLEAN', 'NEUTRAL', 'NEUTRAL', 'CLEAR', 'CLEAR', 'OPENING', 'BANCO_OFF')",120,10,10,100.000,SWITCH_DEFENSIVE,19.167,2.148646,8.5732
"('TANK', 'TANK', 'DEFENSIVE_DIS', 'FULL', 'FULL', 'FIELD_OURS_DEF', 'SLOWER', 'MEC_USED', 'CLEAN', 'CLEAN', 'NEUTRAL', 'NEUTRAL', 'CLEAR', 'CLEAR', 'OPENING', 'BANCO_OFF')",120,8,8,100.000,ATTACK_STRONG,40.000,1.507992,4.5177
"('TANK', 'TANK', 'OFFENSIVE_ADV', 'SAFE', 'FULL', 'FIELD_THEIRS', 'SLOWER', 'MEC_USED', 'CLEAN', 'CLEAN', 'NEUTRAL', 'NEUTRAL', 'CLEAR', 'CLEAR', 'OPENING', 'BANCO_OFF')",119,14,14,100.000,ATTACK_TECH,16.807,2.440516,11.4790
"('TANK', 'TANK', 'NEUTRAL', 'SAFE', 'SAFE', 'NORMAL', 'FASTER', 'MEC_USED', 'CLEAN', 'CLEAN', 'NEUTRAL', 'NEUTRAL', 'CLEAR', 'CLEAR', 'OPENING', 'BANCO_AMBOS')",119,15,15,100.000,HEAL,18.487,2.479676,11.9374
"('SWEEPER', 'TANK', 'OFFENSIVE_ADV', 'FULL', 'FULL', 'FIELD_OURS_OFF', 'FASTER', 'MEC_USED', 'CLEAN', 'CLEAN', 'NEUTRAL', 'NEUTRAL', 'CLEAR', 'CLEAR', 'OPENING', 'BANCO_AMBOS')",119,11,12,91.667,ATTACK_PIVOT,32.773,1.886407,6.5956
"('TANK', 'TANK', 'DOMINANT', 'FULL', 'FULL', 'FIELD_THEIRS', 'SLOWER', 'MEC_USED', 'CLEAN', 'CLEAN', 'NEUTRAL', 'NEUTRAL', 'CLEAR', 'CLEAR', 'OPENING', 'BANCO_OFF')",119,14,14,100.000,SWITCH_DEFENSIVE,15.966,2.493633,12.1052
"('TANK', 'SWEEPER', 'NEUTRAL', 'FULL', 'FULL', 'FIELD_SHARED', 'SLOWER', 'MEC_USED', 'CLEAN', 'CLEAN', 'NEUTRAL', 'NEUTRAL', 'CLEAR', 'CLEAR', 'OPENING', 'BANCO_AMBOS')",119,15,15,100.000,SWITCH_OFFENSIVE,23.529,2.421856,11.2667
"('SWEEPER', 'TANK', 'DOMINANT', 'FULL', 'FULL', 'FIELD_OURS_OFF', 'FASTER', 'MEC_USED', 'CLEAN', 'CLEAN', 'NEUTRAL', 'NEUTRAL', 'CLEAR', 'CLEAR', 'OPENING', 'BANCO_OFF')",119,10,10,100.000,HEAL,35.294,1.865850,6.4614
"('TANK', 'TANK', 'OFFENSIVE_ADV', 'SAFE', 'FULL', 'FIELD_SHARED', 'SLOWER', 'MEC_USED', 'CLEAN', 'CLEAN', 'NEUTRAL', 'NEUTRAL', 'CLEAR', 'CLEAR', 'OPENING', 'BANCO_OFF')",118,14,15,93.333,HAZARD,16.949,2.422505,11.2741
"('TANK', 'TANK', 'DEFENSIVE_DIS', 'FULL', 'FULL', 'FIELD_THEIRS', 'SLOWER', 'MEC_USED', 'CLEAN', 'CLEAN', 'NEUTRAL', 'NEUTRAL', 'CLEAR', 'CLEAR', 'OPENING', 'BANCO_AMBOS')",118,15,15,100.000,CLEAN_HAZARD,11.864,2.543118,12.7193
"('TANK', 'TANK', 'DEFENSIVE_DIS', 'FULL', 'FULL', 'NORMAL', 'FASTER', 'MEC_USED', 'CLEAN', 'CLEAN', 'NEUTRAL', 'NEUTRAL', 'CLEAR', 'CLEAR', 'OPENING', 'BANCO_VAZIO')",118,14,14,100.000,PROTECT,16.949,2.356551,10.5545
"('TANK', 'UTILITY', 'OFFENSIVE_DIS', 'FULL', 'FULL', 'NORMAL', 'SLOWER', 'MEC_USED', 'CLEAN', 'CLEAN', 'NEUTRAL', 'NEUTRAL', 'CLEAR', 'CLEAR', 'OPENING', 'BANCO_AMBOS')",118,14,14,100.000,CLEAN_HAZARD,36.441,2.086654,8.0579
"('TANK', 'SWEEPER', 'OFFENSIVE_ADV', 'SAFE', 'FULL', 'NORMAL', 'SLOWER', 'MEC_USED', 'CLEAN', 'CLEAN', 'NEUTRAL', 'NEUTRAL', 'CLEAR', 'CLEAR', 'OPENING', 'BANCO_OFF')",117,16,16,100.000,FIELD_CONTROL,12.821,2.587152,13.2919
"('TANK', 'TANK', 'OFFENSIVE_DIS', 'SAFE', 'SAFE', 'NORMAL', 'SLOWER', 'MEC_USED', 'CLEAN', 'CLEAN', 'NEUTRAL', 'NEUTRAL', 'CLEAR', 'CLEAR', 'OPENING', 'BANCO_OFF')",117,15,15,100.000,HAZARD,17.949,2.545029,12.7436
"('TANK', 'SWEEPER', 'NEUTRAL', 'FULL', 'FULL', 'NORMAL', 'SLOWER', 'MEC_USED', 'CLEAN', 'CLEAN', 'NEUTRAL', 'NEUTRAL', 'CLEAR', 'CLEAR', 'OPENING', 'BANCO_OFF')",117,14,16,87.500,HEAL,15.385,2.483174,11.9792
"('TANK', 'SWEEPER', 'DEFENSIVE_DIS', 'FULL', 'FULL', 'FIELD_OURS_DEF', 'SLOWER', 'MEC_USED', 'CLEAN', 'CLEAN', 'NEUTRAL', 'NEUTRAL', 'CLEAR', 'CLEAR', 'OPENING', 'BANCO_OFF')",116,7,9,77.778,ATTACK_STRONG,70.690,0.971995,2.6432
"('TANK', 'TANK', 'DEFENSIVE_DIS', 'FULL', 'FULL', 'FIELD_OURS_OFF', 'SLOWER', 'MEC_USED', 'CLEAN', 'CLEAN', 'NEUTRAL', 'NEUTRAL', 'CLEAR', 'CLEAR', 'OPENING', 'BANCO_OFF')",116,13,13,100.000,STATUS,20.690,2.234130,9.3384
"('TANK', 'TANK', 'OFFENSIVE_ADV', 'FULL', 'FULL', 'NORMAL', 'FASTER', 'MEC_USED', 'CLEAN', 'CLEAN', 'NEUTRAL', 'NEUTRAL', 'CLEAR', 'CLEAR', 'BRAWL', 'BANCO_OFF')",116,12,13,92.308,SWITCH_OFFENSIVE,23.276,2.206496,9.0838
"('TANK', 'UTILITY', 'OFFENSIVE_ADV', 'FULL', 'FULL', 'NORMAL', 'SLOWER', 'MEC_USED', 'CLEAN', 'CLEAN', 'NEUTRAL', 'NEUTRAL', 'CLEAR', 'CLEAR', 'OPENING', 'BANCO_AMBOS')",115,10,12,83.333,SWITCH_DEFENSIVE,42.609,1.821887,6.1835
"('SWEEPER', 'TANK', 'OFFENSIVE_ADV', 'FULL', 'FULL', 'FIELD_THEIRS', 'FASTER', 'MEC_USED', 'CLEAN', 'CLEAN', 'NEUTRAL', 'NEUTRAL', 'CLEAR', 'CLEAR', 'OPENING', 'BANCO_OFF')",115,10,10,100.000,ATTACK_STRONG,33.043,1.997278,7.3690
"('TANK', 'TANK', 'OFFENSIVE_DIS', 'FULL', 'FULL', 'NORMAL', 'FASTER', 'MEC_USED', 'CLEAN', 'CLEAN', 'NEUTRAL', 'NEUTRAL', 'SET', 'SET', 'CLUTCH', 'BANCO_VAZIO')",115,7,10,70.000,STATUS,46.957,1.267140,3.5507
"('TANK', 'SWEEPER', 'OFFENSIVE_ADV', 'FULL', 'FULL', 'FIELD_THEIRS', 'SLOWER', 'MEC_USED', 'CLEAN', 'CLEAN', 'NEUTRAL', 'NEUTRAL', 'CLEAR', 'CLEAR', 'OPENING', 'BANCO_OFF')",114,15,15,100.000,DISRUPTION,16.667,2.501293,12.1983
"('TANK', 'TANK', 'NEUTRAL', 'FULL', 'FULL', 'NORMAL', 'FASTER', 'MEC_USED', 'CLEAN', 'CLEAN', 'NEUTRAL', 'NEUTRAL', 'CLEAR', 'CLEAR', 'OPENING', 'BANCO_DEF')",114,16,16,100.000,HEAL,19.298,2.444032,11.5194
"('TANK', 'TANK', 'DEFENSIVE_DIS', 'SAFE', 'FULL', 'NORMAL', 'SLOWER', 'MEC_USED', 'CLEAN', 'CLEAN', 'NEUTRAL', 'NEUTRAL', 'CLEAR', 'CLEAR', 'OPENING', 'BANCO_OFF')",113,14,14,100.000,HEAL,12.389,2.556498,12.8906
"('TANK', 'TANK', 'DEFENSIVE_DIS', 'SAFE', 'FULL', 'FIELD_THEIRS', 'FASTER', 'MEC_USED', 'CLEAN', 'CLEAN', 'NEUTRAL', 'NEUTRAL', 'CLEAR', 'CLEAR', 'OPENING', 'BANCO_OFF')",113,12,14,85.714,BARRIER,15.929,2.360282,10.5939
"('TANK', 'TANK', 'DEFENSIVE_DIS', 'FULL', 'FULL', 'FIELD_OURS_OFF', 'FASTER', 'MEC_USED', 'CLEAN', 'CLEAN', 'NEUTRAL', 'NEUTRAL', 'CLEAR', 'CLEAR', 'OPENING', 'BANCO_OFF')",112,12,13,92.308,ATTACK_PIVOT,26.786,2.201140,9.0353
"('TANK', 'SWEEPER', 'NEUTRAL', 'FULL', 'FULL', 'NORMAL', 'SLOWER', 'MEC_USED', 'CLEAN', 'CLEAN', 'NEUTRAL', 'NEUTRAL', 'CLEAR', 'CLEAR', 'OPENING', 'BANCO_AMBOS')",112,13,16,81.250,STATUS,31.250,2.092203,8.1027
"('TANK', 'TANK', 'DOMINANT', 'FULL', 'FULL', 'FIELD_SHARED', 'SLOWER', 'MEC_USED', 'CLEAN', 'CLEAN', 'NEUTRAL', 'NEUTRAL', 'CLEAR', 'CLEAR', 'OPENING', 'BANCO_OFF')",111,13,14,92.857,HAZARD,29.730,2.214802,9.1596
"('TANK', 'SWEEPER', 'OFFENSIVE_ADV', 'FULL', 'FULL', 'FIELD_SHARED', 'SLOWER', 'MEC_USED', 'CLEAN', 'CLEAN', 'NEUTRAL', 'NEUTRAL', 'CLEAR', 'CLEAR', 'OPENING', 'BANCO_OFF')",111,14,14,100.000,HAZARD,27.928,2.336674,10.3468
"('TANK', 'TANK', 'STALEMATE', 'FULL', 'FULL', 'FIELD_SHARED', 'SLOWER', 'MEC_USED', 'CLEAN', 'CLEAN', 'NEUTRAL', 'NEUTRAL', 'CLEAR', 'CLEAR', 'OPENING', 'BANCO_OFF')",111,14,14,100.000,STATUS,17.117,2.402281,11.0484
"('TANK', 'TANK', 'CRITICAL_DIS', 'FULL', 'FULL', 'FIELD_THEIRS', 'FASTER', 'MEC_USED', 'CLEAN', 'CLEAN', 'NEUTRAL', 'NEUTRAL', 'CLEAR', 'CLEAR', 'OPENING', 'BANCO_OFF')",111,13,13,100.000,BARRIER,18.018,2.434366,11.4086
"('TANK', 'TANK', 'NEUTRAL', 'SAFE', 'FULL', 'FIELD_SHARED', 'FASTER', 'MEC_USED', 'CLEAN', 'CLEAN', 'NEUTRAL', 'NEUTRAL', 'CLEAR', 'CLEAR', 'OPENING', 'BANCO_AMBOS')",111,15,15,100.000,HEAL,18.018,2.451346,11.6039
"('TANK', 'TANK', 'OFFENSIVE_ADV', 'FULL', 'FULL', 'FIELD_OURS_OFF', 'SLOWER', 'MEC_USED', 'CLEAN', 'CLEAN', 'NEUTRAL', 'NEUTRAL', 'CLEAR', 'CLEAR', 'OPENING', 'BANCO_AMBOS')",111,12,14,85.714,ATTACK_PIVOT,39.640,1.937599,6.9421
"('TANK', 'TANK', 'OFFENSIVE_ADV', 'DANGER', 'FULL', 'NORMAL', 'FASTER', 'MEC_USED', 'CLEAN', 'CLEAN', 'NEUTRAL', 'NEUTRAL', 'CLEAR', 'CLEAR', 'OPENING', 'BANCO_OFF')",110,15,15,100.000,SWITCH_DEFENSIVE,12.727,2.494325,12.1136
"('TANK', 'TANK', 'NEUTRAL', 'SAFE', 'SAFE', 'FIELD_SHARED', 'SLOWER', 'MEC_USED', 'CLEAN', 'CLEAN', 'NEUTRAL', 'NEUTRAL', 'CLEAR', 'CLEAR', 'OPENING', 'BANCO_OFF')",110,14,15,93.333,ATTACK_TECH,16.364,2.447676,11.5614
"('TANK', 'TANK', 'CRITICAL_DIS', 'FULL', 'FULL', 'NORMAL', 'FASTER', 'MEC_USED', 'CLEAN', 'CLEAN', 'NEUTRAL', 'NEUTRAL', 'CLEAR', 'CLEAR', 'OPENING', 'BANCO_AMBOS')",110,13,14,92.857,SWITCH_DEFENSIVE,16.364,2.376791,10.7703
"('TANK', 'SWEEPER', 'DEFENSIVE_DIS', 'FULL', 'FULL', 'FIELD_OURS_OFF', 'SLOWER', 'MEC_USED', 'CLEAN', 'CLEAN', 'DEBUFF', 'NEUTRAL', 'CLEAR', 'CLEAR', 'OPENING', 'BANCO_OFF')",110,8,8,100.000,ATTACK_PIVOT,34.545,1.889270,6.6145
"('TANK', 'TANK', 'NEUTRAL', 'FULL', 'FULL', 'NORMAL', 'SLOWER', 'MEC_USED', 'CLEAN', 'CLEAN', 'NEUTRAL', 'NEUTRAL', 'SET', 'CLEAR', 'OPENING', 'BANCO_AMBOS')",110,14,14,100.000,STAT_CLEAN,27.273,2.300488,9.9791
"('TANK', 'TANK', 'NEUTRAL', 'FULL', 'FULL', 'FIELD_SHARED', 'SLOWER', 'MEC_USED', 'CLEAN', 'CLEAN', 'NEUTRAL', 'NEUTRAL', 'CLEAR', 'CLEAR', 'OPENING', 'BANCO_VAZIO')",109,15,15,100.000,SWITCH_DEFENSIVE,14.679,2.572629,13.1002
"('TANK', 'TANK', 'OFFENSIVE_DIS', 'FULL', 'FULL', 'NORMAL', 'SLOWER', 'MEC_USED', 'CLEAN', 'CLEAN', 'NEUTRAL', 'NEUTRAL', 'CLEAR', 'CLEAR', 'RECOVERING', 'BANCO_VAZIO')",109,13,14,92.857,STAT_CLEAN,60.550,1.572484,4.8186
"('TANK', 'UTILITY', 'DEFENSIVE_DIS', 'FULL', 'FULL', 'NORMAL', 'SLOWER', 'MEC_USED', 'CLEAN', 'CLEAN', 'NEUTRAL', 'NEUTRAL', 'CLEAR', 'CLEAR', 'OPENING', 'BANCO_AMBOS')",108,15,16,93.750,ATTACK_TECH,17.593,2.507038,12.2685
"('TANK', 'TANK', 'NEUTRAL', 'FULL', 'SAFE', 'FIELD_SHARED', 'SLOWER', 'MEC_USED', 'CLEAN', 'CLEAN', 'NEUTRAL', 'NEUTRAL', 'CLEAR', 'CLEAR', 'OPENING', 'BANCO_OFF')",108,16,16,100.000,ATTACK_STRONG,14.815,2.510103,12.3062
"('TANK', 'SWEEPER', 'NEUTRAL', 'FULL', 'FULL', 'FIELD_OURS_OFF', 'SLOWER', 'MEC_USED', 'CLEAN', 'CLEAN', 'NEUTRAL', 'NEUTRAL', 'CLEAR', 'CLEAR', 'OPENING', 'BANCO_AMBOS')",108,12,12,100.000,ATTACK_TECH,12.963,2.376499,10.7671
"('TANK', 'TANK', 'DEFENSIVE_ADV', 'FULL', 'FULL', 'FIELD_SHARED', 'SLOWER', 'MEC_USED', 'CLEAN', 'CLEAN', 'NEUTRAL', 'NEUTRAL', 'CLEAR', 'CLEAR', 'OPENING', 'BANCO_AMBOS')",107,11,11,100.000,ATTACK_STRONG,17.757,2.278972,9.7666
"('SWEEPER', 'TANK', 'NEUTRAL', 'FULL', 'FULL', 'NORMAL', 'FASTER', 'MEC_USED', 'CLEAN', 'CLEAN', 'NEUTRAL', 'DEBUFF', 'CLEAR', 'CLEAR', 'OPENING', 'BANCO_AMBOS')",107,7,7,100.000,CLEAN_HAZARD,33.645,1.583613,4.8725
"('TANK', 'TANK', 'NEUTRAL', 'SAFE', 'FULL', 'NORMAL', 'SLOWER', 'MEC_USED', 'CLEAN', 'CLEAN', 'NEUTRAL', 'NEUTRAL', 'CLEAR', 'CLEAR', 'OPENING', 'BANCO_VAZIO')",107,14,14,100.000,STATUS,14.953,2.449495,11.5825
"('TANK', 'TANK', 'NEUTRAL', 'FULL', 'FULL', 'NORMAL', 'SLOWER', 'MEC_USED', 'CLEAN', 'CLEAN', 'NEUTRAL', 'NEUTRAL', 'CLEAR', 'CLEAR', 'RECOVERING', 'BANCO_VAZIO')",107,14,14,100.000,ATTACK_TECH,12.150,2.529251,12.5441
"('SWEEPER', 'TANK', 'OFFENSIVE_ADV', 'SAFE', 'FULL', 'NORMAL', 'FASTER', 'MEC_USED', 'CLEAN', 'CLEAN', 'NEUTRAL', 'NEUTRAL', 'CLEAR', 'CLEAR', 'OPENING', 'BANCO_OFF')",107,10,10,100.000,ATTACK_STRONG,16.822,2.161331,8.6827
"('TANK', 'TANK', 'NEUTRAL', 'FULL', 'FULL', 'NORMAL', 'FASTER', 'MEC_USED', 'CLEAN', 'CLEAN', 'NEUTRAL', 'NEUTRAL', 'SET', 'CLEAR', 'OPENING', 'BANCO_AMBOS')",107,14,16,87.500,ATTACK_STRONG,16.822,2.422916,11.2787
"('TANK', 'TANK', 'VOLATILE', 'FULL', 'FULL', 'FIELD_THEIRS', 'FASTER', 'MEC_AVAIL', 'CLEAN', 'CLEAN', 'NEUTRAL', 'NEUTRAL', 'CLEAR', 'CLEAR', 'OPENING', 'BANCO_AMBOS')",106,14,14,100.000,ATTACK_STRONG_MEC,30.189,2.252535,9.5118
"('TANK', 'TANK', 'OFFENSIVE_DIS', 'SAFE', 'SAFE', 'NORMAL', 'FASTER', 'MEC_USED', 'CLEAN', 'CLEAN', 'NEUTRAL', 'NEUTRAL', 'CLEAR', 'CLEAR', 'OPENING', 'BANCO_OFF')",106,16,16,100.000,HEAL,18.868,2.548435,12.7871
"('TANK', 'TANK', 'NEUTRAL', 'FULL', 'FULL', 'NORMAL', 'SLOWER', 'MEC_USED', 'CLEAN', 'CLEAN', 'NEUTRAL', 'NEUTRAL', 'CLEAR', 'CLEAR', 'BRAWL', 'BANCO_OFF')",106,14,14,100.000,STAT_CLEAN,29.245,2.322923,10.2055
"('TANK', 'TANK', 'NEUTRAL', 'SAFE', 'FULL', 'NORMAL', 'SLOWER', 'MEC_USED', 'CLEAN', 'CLEAN', 'NEUTRAL', 'NEUTRAL', 'SET', 'CLEAR', 'OPENING', 'BANCO_OFF')",105,15,15,100.000,STAT_CLEAN,20.952,2.488213,12.0397
"('TANK', 'TANK', 'NEUTRAL', 'FULL', 'FULL', 'NORMAL', 'SLOWER', 'MEC_AVAIL', 'CLEAN', 'CLEAN', 'NEUTRAL', 'NEUTRAL', 'CLEAR', 'CLEAR', 'OPENING', 'BANCO_OFF')",105,18,18,100.000,SWITCH_OFFENSIVE,15.238,2.593438,13.3757
"('SWEEPER', 'TANK', 'DEFENSIVE_DIS', 'FULL', 'FULL', 'FIELD_THEIRS', 'FASTER', 'MEC_USED', 'CLEAN', 'CLEAN', 'NEUTRAL', 'NEUTRAL', 'CLEAR', 'CLEAR', 'OPENING', 'BANCO_AMBOS')",104,9,9,100.000,SWITCH_OFFENSIVE,34.615,1.811865,6.1219
"('TANK', 'TANK', 'DEFENSIVE_DIS', 'FULL', 'FULL', 'FIELD_SHARED', 'SLOWER', 'MEC_USED', 'CLEAN', 'CLEAN', 'NEUTRAL', 'NEUTRAL', 'CLEAR', 'CLEAR', 'OPENING', 'BANCO_OFF')",104,14,14,100.000,SWITCH_DEFENSIVE,14.423,2.498227,12.1609
"('SWEEPER', 'TANK', 'OFFENSIVE_ADV', 'FULL', 'FULL', 'FIELD_THEIRS', 'FASTER', 'MEC_USED', 'CLEAN', 'CLEAN', 'NEUTRAL', 'DEBUFF', 'CLEAR', 'CLEAR', 'OPENING', 'BANCO_OFF')",104,7,7,100.000,ATTACK_STRONG,25.962,1.823396,6.1929
"('TANK', 'TANK', 'NEUTRAL', 'SAFE', 'FULL', 'FIELD_SHARED', 'FASTER', 'MEC_USED', 'CLEAN', 'CLEAN', 'NEUTRAL', 'NEUTRAL', 'CLEAR', 'CLEAR', 'OPENING', 'BANCO_OFF')",104,14,14,100.000,HEAL,16.346,2.427723,11.3330
"('TANK', 'TANK', 'CRITICAL_DIS', 'FULL', 'FULL', 'NORMAL', 'FASTER', 'MEC_USED', 'CLEAN', 'CLEAN', 'NEUTRAL', 'NEUTRAL', 'CLEAR', 'CLEAR', 'CLUTCH', 'BANCO_VAZIO')",103,8,10,80.000,CLEAN_HAZARD,51.456,1.333168,3.7930
"('TANK', 'TANK', 'DEFENSIVE_DIS', 'FULL', 'FULL', 'FIELD_OURS_OFF', 'SLOWER', 'MEC_USED', 'CLEAN', 'CLEAN', 'NEUTRAL', 'NEUTRAL', 'CLEAR', 'CLEAR', 'OPENING', 'BANCO_AMBOS')",103,14,14,100.000,CLEAN_HAZARD,25.243,2.340281,10.3842
"('TANK', 'TANK', 'VOLATILE', 'FULL', 'SAFE', 'NORMAL', 'FASTER', 'MEC_USED', 'CLEAN', 'CLEAN', 'NEUTRAL', 'NEUTRAL', 'CLEAR', 'CLEAR', 'OPENING', 'BANCO_OFF')",103,15,15,100.000,SWITCH_OFFENSIVE,13.592,2.531221,12.5688
"('TANK', 'TANK', 'NEUTRAL', 'SAFE', 'SAFE', 'NORMAL', 'FASTER', 'MEC_USED', 'CLEAN', 'CLEAN', 'NEUTRAL', 'NEUTRAL', 'SET', 'CLEAR', 'OPENING', 'BANCO_OFF')",103,16,17,94.118,HEAL,37.864,2.172298,8.7784
"('TANK', 'TANK', 'DOMINANT', 'FULL', 'FULL', 'FIELD_OURS_OFF', 'FASTER', 'MEC_USED', 'CLEAN', 'CLEAN', 'NEUTRAL', 'NEUTRAL', 'CLEAR', 'CLEAR', 'OPENING', 'BANCO_AMBOS')",103,12,12,100.000,STATUS,18.447,2.331889,10.2974
"('TANK', 'TANK', 'NEUTRAL', 'SAFE', 'FULL', 'NORMAL', 'SLOWER', 'MEC_USED', 'CLEAN', 'CLEAN', 'NEUTRAL', 'NEUTRAL', 'CLEAR', 'CLEAR', 'RECOVERING', 'BANCO_VAZIO')",102,13,13,100.000,STAT_CLEAN,26.471,2.166791,8.7302
"('TANK', 'TANK', 'OFFENSIVE_ADV', 'FULL', 'SAFE', 'NORMAL', 'FASTER', 'MEC_USED', 'CLEAN', 'CLEAN', 'NEUTRAL', 'NEUTRAL', 'SET', 'CLEAR', 'OPENING', 'BANCO_OFF')",102,13,13,100.000,CLEAN_HAZARD,32.353,2.221714,9.2231
"('TANK', 'SWEEPER', 'OFFENSIVE_DIS', 'SAFE', 'FULL', 'NORMAL', 'SLOWER', 'MEC_USED', 'CLEAN', 'CLEAN', 'NEUTRAL', 'NEUTRAL', 'CLEAR', 'CLEAR', 'OPENING', 'BANCO_OFF')",101,15,15,100.000,CLEAN_HAZARD,22.772,2.344316,10.4261
"('TANK', 'TANK', 'NEUTRAL', 'FULL', 'FULL', 'FIELD_THEIRS', 'FASTER', 'MEC_USED', 'CLEAN', 'CLEAN', 'NEUTRAL', 'NEUTRAL', 'CLEAR', 'CLEAR', 'OPENING', 'BANCO_VAZIO')",101,12,12,100.000,ATTACK_TECH,25.743,2.133802,8.4469
"('TANK', 'TANK', 'CRITICAL_DIS', 'FULL', 'FULL', 'FIELD_OURS_DEF', 'FASTER', 'MEC_USED', 'CLEAN', 'CLEAN', 'NEUTRAL', 'NEUTRAL', 'CLEAR', 'CLEAR', 'OPENING', 'BANCO_OFF')",101,8,8,100.000,SWITCH_OFFENSIVE,32.673,1.740264,5.6988
"('TANK', 'TANK', 'OFFENSIVE_DIS', 'FULL', 'FULL', 'NORMAL', 'FASTER', 'MEC_USED', 'CLEAN', 'CLEAN', 'NEUTRAL', 'NEUTRAL', 'SET', 'CLEAR', 'CLUTCH', 'BANCO_VAZIO')",100,7,10,70.000,STATUS,47.000,1.211478,3.3584
"('TANK', 'TANK', 'NEUTRAL', 'FULL', 'FULL', 'FIELD_THEIRS', 'FASTER', 'MEC_AVAIL', 'CLEAN', 'CLEAN', 'NEUTRAL', 'NEUTRAL', 'CLEAR', 'CLEAR', 'OPENING', 'BANCO_OFF')",100,15,16,93.750,ATTACK_STRONG_MEC,13.000,2.562902,12.9734
"('TANK', 'TANK', 'OFFENSIVE_DIS', 'FULL', 'FULL', 'FIELD_THEIRS', 'FASTER', 'MEC_USED', 'CLEAN', 'CLEAN', 'NEUTRAL', 'NEUTRAL', 'CLEAR', 'CLEAR', 'OPENING', 'BANCO_OFF')",100,15,15,100.000,PROTECT,21.000,2.467278,11.7903
"('TANK', 'TANK', 'NEUTRAL', 'FULL', 'FULL', 'FIELD_THEIRS', 'SLOWER', 'MEC_USED', 'CLEAN', 'CLEAN', 'NEUTRAL', 'NEUTRAL', 'CLEAR', 'CLEAR', 'OPENING', 'BANCO_VAZIO')",100,12,12,100.000,PROTECT,26.000,2.300148,9.9757
"('TANK', 'TANK', 'NEUTRAL', 'FULL', 'SAFE', 'NORMAL', 'SLOWER', 'MEC_USED', 'CLEAN', 'CLEAN', 'NEUTRAL', 'NEUTRAL', 'CLEAR', 'CLEAR', 'OPENING', 'BANCO_AMBOS')",100,14,14,100.000,PROTECT,22.000,2.393026,10.9466
"('SWEEPER', 'TANK', 'OFFENSIVE_ADV', 'FULL', 'FULL', 'FIELD_SHARED', 'FASTER', 'MEC_USED', 'CLEAN', 'CLEAN', 'NEUTRAL', 'NEUTRAL', 'CLEAR', 'CLEAR', 'OPENING', 'BANCO_AMBOS')",100,9,9,100.000,SWITCH_DEFENSIVE,26.000,2.017906,7.5226
"('SWEEPER', 'UTILITY', 'OFFENSIVE_ADV', 'FULL', 'FULL', 'NORMAL', 'FASTER', 'MEC_USED', 'CLEAN', 'CLEAN', 'NEUTRAL', 'NEUTRAL', 'CLEAR', 'CLEAR', 'OPENING', 'BANCO_OFF')",100,8,8,100.000,ATTACK_PIVOT,26.000,1.922207,6.8360
"('TANK', 'TANK', 'NEUTRAL', 'SAFE', 'FULL', 'FIELD_THEIRS', 'FASTER', 'MEC_USED', 'CLEAN', 'CLEAN', 'NEUTRAL', 'NEUTRAL', 'CLEAR', 'CLEAR', 'OPENING', 'BANCO_OFF')",100,15,15,100.000,HEAL,20.000,2.455504,11.6523
"('TANK', 'SWEEPER', 'OFFENSIVE_DIS', 'SAFE', 'SAFE', 'NORMAL', 'SLOWER', 'MEC_USED', 'CLEAN', 'CLEAN', 'NEUTRAL', 'NEUTRAL', 'CLEAR', 'CLEAR', 'OPENING', 'BANCO_OFF')",100,16,16,100.000,PROTECT,21.000,2.415812,11.1989
"('TANK', 'TANK', 'DOMINANT', 'FULL', 'FULL', 'NORMAL', 'FASTER', 'MEC_USED', 'CLEAN', 'CLEAN', 'NEUTRAL', 'NEUTRAL', 'SET', 'CLEAR', 'OPENING', 'BANCO_AMBOS')",100,12,13,92.308,CLEAN_HAZARD,47.000,1.883663,6.5776
"('TANK', 'TANK', 'CRITICAL_DIS', 'SAFE', 'FULL', 'NORMAL', 'SLOWER', 'MEC_USED', 'CLEAN', 'CLEAN', 'NEUTRAL', 'NEUTRAL', 'CLEAR', 'CLEAR', 'OPENING', 'BANCO_AMBOS')",99,15,15,100.000,SWITCH_OFFENSIVE,25.253,2.289986,9.8748
"('TANK', 'TANK', 'OFFENSIVE_ADV', 'SAFE', 'FULL', 'FIELD_SHARED', 'FASTER', 'MEC_USED', 'CLEAN', 'CLEAN', 'NEUTRAL', 'NEUTRAL', 'CLEAR', 'CLEAR', 'OPENING', 'BANCO_OFF')",99,13,13,100.000,HEAL,19.192,2.327522,10.2525
"('TANK', 'TANK', 'DEFENSIVE_DIS', 'FULL', 'SAFE', 'NORMAL', 'FASTER', 'MEC_USED', 'CLEAN', 'CLEAN', 'NEUTRAL', 'NEUTRAL', 'CLEAR', 'CLEAR', 'OPENING', 'BANCO_OFF')",98,16,16,100.000,STATUS,14.286,2.527586,12.5232
"('TANK', 'TANK', 'DOMINANT', 'FULL', 'FULL', 'NORMAL', 'FASTER', 'MEC_AVAIL', 'CLEAN', 'CLEAN', 'NEUTRAL', 'NEUTRAL', 'CLEAR', 'CLEAR', 'OPENING', 'BANCO_AMBOS')",98,17,22,77.273,ATTACK_STRONG_MEC,22.449,2.492611,12.0928
"('TANK', 'TANK', 'DEFENSIVE_DIS', 'FULL', 'SAFE', 'NORMAL', 'FASTER', 'MEC_USED', 'CLEAN', 'CLEAN', 'NEUTRAL', 'NEUTRAL', 'CLEAR', 'CLEAR', 'OPENING', 'BANCO_AMBOS')",98,13,13,100.000,ATTACK_STRONG,17.347,2.323841,10.2148
"('TANK', 'TANK', 'NEUTRAL', 'FULL', 'DANGER', 'NORMAL', 'SLOWER', 'MEC_USED', 'CLEAN', 'CLEAN', 'NEUTRAL', 'NEUTRAL', 'CLEAR', 'CLEAR', 'OPENING', 'BANCO_OFF')",97,14,14,100.000,CLEAN_HAZARD,22.680,2.316938,10.1446
"('TANK', 'TANK', 'DEFENSIVE_ADV', 'FULL', 'FULL', 'FIELD_SHARED', 'SLOWER', 'MEC_USED', 'CLEAN', 'CLEAN', 'NEUTRAL', 'NEUTRAL', 'CLEAR', 'CLEAR', 'OPENING', 'BANCO_OFF')",97,11,11,100.000,STATUS,30.928,2.098583,8.1546
"('TANK', 'TANK', 'VOLATILE', 'SAFE', 'FULL', 'NORMAL', 'FASTER', 'MEC_USED', 'CLEAN', 'CLEAN', 'NEUTRAL', 'NEUTRAL', 'CLEAR', 'CLEAR', 'OPENING', 'BANCO_OFF')",97,14,15,93.333,SWITCH_OFFENSIVE,18.557,2.359907,10.5900
"('TANK', 'TANK', 'DEFENSIVE_DIS', 'SAFE', 'SAFE', 'NORMAL', 'FASTER', 'MEC_USED', 'CLEAN', 'CLEAN', 'NEUTRAL', 'NEUTRAL', 'CLEAR', 'CLEAR', 'OPENING', 'BANCO_AMBOS')",97,13,13,100.000,HEAL,24.742,2.158483,8.6580
"('TANK', 'TANK', 'DOMINANT', 'FULL', 'FULL', 'NORMAL', 'FASTER', 'MEC_USED', 'CLEAN', 'CLEAN', 'NEUTRAL', 'NEUTRAL', 'CLEAR', 'CLEAR', 'OPENING', 'BANCO_VAZIO')",96,11,12,91.667,ATTACK_PIVOT,20.833,2.204107,9.0622
"('TANK', 'TANK', 'OFFENSIVE_ADV', 'FULL', 'SAFE', 'NORMAL', 'FASTER', 'MEC_AVAIL', 'CLEAN', 'CLEAN', 'NEUTRAL', 'NEUTRAL', 'CLEAR', 'CLEAR', 'OPENING', 'BANCO_OFF')",96,16,20,80.000,ATTACK_STRONG_MEC,18.750,2.393499,10.9517
"('TANK', 'TANK', 'CRITICAL_DIS', 'FULL', 'FULL', 'FIELD_SHARED', 'SLOWER', 'MEC_USED', 'CLEAN', 'CLEAN', 'NEUTRAL', 'NEUTRAL', 'CLEAR', 'CLEAR', 'OPENING', 'BANCO_OFF')",95,14,14,100.000,HEAL,18.947,2.400387,11.0274
"('TANK', 'TANK', 'NEUTRAL', 'FULL', 'SAFE', 'NORMAL', 'FASTER', 'MEC_USED', 'CLEAN', 'CLEAN', 'NEUTRAL', 'NEUTRAL', 'CLEAR', 'CLEAR', 'OPENING', 'BANCO_AMBOS')",95,15,16,93.750,SWITCH_OFFENSIVE,13.684,2.525580,12.4981
"('TANK', 'SWEEPER', 'CRITICAL_DIS', 'FULL', 'FULL', 'NORMAL', 'SLOWER', 'MEC_USED', 'CLEAN', 'CLEAN', 'NEUTRAL', 'NEUTRAL', 'CLEAR', 'CLEAR', 'OPENING', 'BANCO_AMBOS')",95,14,14,100.000,CLEAN_HAZARD,12.632,2.573971,13.1178
"('SWEEPER', 'TANK', 'NEUTRAL', 'FULL', 'FULL', 'FIELD_THEIRS', 'FASTER', 'MEC_USED', 'CLEAN', 'CLEAN', 'NEUTRAL', 'NEUTRAL', 'CLEAR', 'CLEAR', 'OPENING', 'BANCO_AMBOS')",94,10,10,100.000,ATTACK_TECH,28.723,1.910411,6.7559
"('TANK', 'TANK', 'DEFENSIVE_DIS', 'FULL', 'FULL', 'NORMAL', 'FASTER', 'MEC_AVAIL', 'CLEAN', 'CLEAN', 'NEUTRAL', 'NEUTRAL', 'CLEAR', 'CLEAR', 'OPENING', 'BANCO_AMBOS')",93,17,20,85.000,ATTACK_TECH_MEC,15.054,2.632468,13.9080
"('TANK', 'TANK', 'OFFENSIVE_DIS', 'FULL', 'FULL', 'FIELD_SHARED', 'SLOWER', 'MEC_USED', 'CLEAN', 'CLEAN', 'NEUTRAL', 'NEUTRAL', 'CLEAR', 'CLEAR', 'OPENING', 'BANCO_VAZIO')",93,15,15,100.000,ATTACK_PIVOT,13.978,2.503925,12.2304
"('TANK', 'TANK', 'OFFENSIVE_ADV', 'FULL', 'DANGER', 'NORMAL', 'FASTER', 'MEC_USED', 'CLEAN', 'CLEAN', 'NEUTRAL', 'NEUTRAL', 'CLEAR', 'CLEAR', 'OPENING', 'BANCO_OFF')",92,13,13,100.000,ATTACK_STRONG,16.304,2.414644,11.1858
"('TANK', 'TANK', 'VOLATILE', 'FULL', 'FULL', 'NORMAL', 'FASTER', 'MEC_AVAIL', 'CLEAN', 'CLEAN', 'NEUTRAL', 'NEUTRAL', 'CLEAR', 'CLEAR', 'OPENING', 'BANCO_AMBOS')",92,15,18,83.333,HEAL_MEC,19.565,2.280008,9.7768
"('TANK', 'UTILITY', 'NEUTRAL', 'FULL', 'FULL', 'NORMAL', 'SLOWER', 'MEC_USED', 'CLEAN', 'CLEAN', 'NEUTRAL', 'NEUTRAL', 'CLEAR', 'CLEAR', 'OPENING', 'BANCO_AMBOS')",92,14,14,100.000,PROTECT,19.565,2.429616,11.3545
"('TANK', 'TANK', 'NEUTRAL', 'FULL', 'FULL', 'NORMAL', 'SLOWER', 'MEC_USED', 'CLEAN', 'CLEAN', 'NEUTRAL', 'NEUTRAL', 'CLEAR', 'CLEAR', 'OPENING', 'BANCO_DEF')",92,14,14,100.000,FIELD_CONTROL,14.130,2.472293,11.8496
"('TANK', 'TANK', 'VOLATILE', 'FULL', 'FULL', 'NORMAL', 'FASTER', 'MEC_USED', 'CLEAN', 'CLEAN', 'NEUTRAL', 'NEUTRAL', 'SET', 'CLEAR', 'OPENING', 'BANCO_OFF')",92,15,15,100.000,CLEAN_HAZARD,28.261,2.379771,10.8024
"('TANK', 'TANK', 'OFFENSIVE_ADV', 'FULL', 'FULL', 'NORMAL', 'FASTER', 'MEC_USED', 'CLEAN', 'CLEAN', 'NEUTRAL', 'NEUTRAL', 'CLEAR', 'CLEAR', 'OPENING', 'BANCO_VAZIO')",91,14,14,100.000,ATTACK_PIVOT,20.879,2.341798,10.3999
"('TANK', 'TANK', 'DEFENSIVE_DIS', 'FULL', 'FULL', 'FIELD_THEIRS', 'SLOWER', 'MEC_USED', 'CLEAN', 'CLEAN', 'NEUTRAL', 'NEUTRAL', 'CLEAR', 'CLEAR', 'OPENING', 'BANCO_OFF')",91,13,14,92.857,STATUS,19.780,2.314647,10.1213
"('TANK', 'TANK', 'OFFENSIVE_ADV', 'SAFE', 'FULL', 'NORMAL', 'FASTER', 'MEC_USED', 'CLEAN', 'CLEAN', 'NEUTRAL', 'NEUTRAL', 'CLEAR', 'CLEAR', 'BRAWL', 'BANCO_OFF')",91,14,14,100.000,SWITCH_DEFENSIVE,16.484,2.397413,10.9947
"('TANK', 'TANK', 'OFFENSIVE_DIS', 'FULL', 'SAFE', 'NORMAL', 'SLOWER', 'MEC_USED', 'CLEAN', 'CLEAN', 'NEUTRAL', 'NEUTRAL', 'CLEAR', 'CLEAR', 'OPENING', 'BANCO_OFF')",91,14,14,100.000,HAZARD,19.780,2.510652,12.3130
"('TANK', 'TANK', 'NEUTRAL', 'SAFE', 'FULL', 'NORMAL', 'FASTER', 'MEC_USED', 'CLEAN', 'CLEAN', 'NEUTRAL', 'NEUTRAL', 'SET', 'CLEAR', 'OPENING', 'BANCO_AMBOS')",91,14,14,100.000,HEAL,18.681,2.488508,12.0433
"('TANK', 'TANK', 'OFFENSIVE_ADV', 'FULL', 'FULL', 'NORMAL', 'FASTER', 'MEC_USED', 'CLEAN', 'CLEAN', 'NEUTRAL', 'NEUTRAL', 'CLEAR', 'SET', 'OPENING', 'BANCO_OFF')",90,14,14,100.000,ATTACK_STRONG,34.444,2.155917,8.6358
"('TANK', 'TANK', 'NEUTRAL', 'FULL', 'FULL', 'NORMAL', 'SLOWER', 'MEC_USED', 'CLEAN', 'CLEAN', 'NEUTRAL', 'NEUTRAL', 'CLEAR', 'CLEAR', 'CLUTCH', 'BANCO_VAZIO')",90,11,13,84.615,ATTACK_PIVOT,42.222,1.733813,5.6622
"('TANK', 'TANK', 'NEUTRAL', 'SAFE', 'SAFE', 'NORMAL', 'SLOWER', 'MEC_USED', 'CLEAN', 'CLEAN', 'NEUTRAL', 'NEUTRAL', 'SET', 'CLEAR', 'OPENING', 'BANCO_OFF')",89,14,14,100.000,CLEAN_HAZARD,13.483,2.457599,11.6767
"('TANK', 'SWEEPER', 'DEFENSIVE_DIS', 'FULL', 'FULL', 'FIELD_SHARED', 'SLOWER', 'MEC_USED', 'CLEAN', 'CLEAN', 'NEUTRAL', 'NEUTRAL', 'CLEAR', 'CLEAR', 'OPENING', 'BANCO_OFF')",89,13,13,100.000,SWITCH_OFFENSIVE,25.843,2.234907,9.3456
"('SWEEPER', 'TANK', 'NEUTRAL', 'FULL', 'FULL', 'NORMAL', 'FASTER', 'MEC_USED', 'CLEAN', 'CLEAN', 'NEUTRAL', 'DEBUFF', 'CLEAR', 'CLEAR', 'OPENING', 'BANCO_OFF')",89,7,9,77.778,CLEAN_HAZARD,21.348,1.764017,5.8358
"('TANK', 'TANK', 'VOLATILE', 'FULL', 'FULL', 'FIELD_OURS_OFF', 'SLOWER', 'MEC_USED', 'CLEAN', 'CLEAN', 'NEUTRAL', 'NEUTRAL', 'CLEAR', 'CLEAR', 'OPENING', 'BANCO_AMBOS')",89,10,11,90.909,STATUS,23.596,2.084703,8.0422
"('SWEEPER', 'TANK', 'OFFENSIVE_ADV', 'FULL', 'FULL', 'FIELD_OURS_OFF', 'FASTER', 'MEC_USED', 'CLEAN', 'CLEAN', 'NEUTRAL', 'NEUTRAL', 'CLEAR', 'CLEAR', 'OPENING', 'BANCO_OFF')",88,11,12,91.667,ATTACK_STRONG,28.409,1.991691,7.3279
"('TANK', 'TANK', 'OFFENSIVE_ADV', 'SAFE', 'FULL', 'NORMAL', 'FASTER', 'MEC_USED', 'CLEAN', 'CLEAN', 'NEUTRAL', 'NEUTRAL', 'CLEAR', 'CLEAR', 'OPENING', 'BANCO_AMBOS')",88,13,13,100.000,ATTACK_STRONG,26.136,2.281808,9.7944
"('TANK', 'TANK', 'OFFENSIVE_DIS', 'FULL', 'SAFE', 'NORMAL', 'FASTER', 'MEC_USED', 'CLEAN', 'CLEAN', 'NEUTRAL', 'NEUTRAL', 'CLEAR', 'CLEAR', 'OPENING', 'BANCO_OFF')",88,16,16,100.000,ATTACK_TECH,17.045,2.594631,13.3916
"('TANK', 'TANK', 'NEUTRAL', 'SAFE', 'FULL', 'NORMAL', 'FASTER', 'MEC_USED', 'CLEAN', 'CLEAN', 'NEUTRAL', 'NEUTRAL', 'CLEAR', 'CLEAR', 'RECOVERING', 'BANCO_VAZIO')",88,15,16,93.750,ATTACK_PIVOT,35.227,2.182328,8.8669
"('SWEEPER', 'TANK', 'NEUTRAL', 'SAFE', 'FULL', 'NORMAL', 'FASTER', 'MEC_USED', 'CLEAN', 'CLEAN', 'NEUTRAL', 'NEUTRAL', 'CLEAR', 'CLEAR', 'OPENING', 'BANCO_AMBOS')",88,9,10,90.000,ATTACK_STRONG,19.318,2.040447,7.6940
"('TANK', 'TANK', 'NEUTRAL', 'FULL', 'FULL', 'NORMAL', 'FASTER', 'MEC_USED', 'CLEAN', 'CLEAN', 'NEUTRAL', 'NEUTRAL', 'CLEAR', 'CLEAR', 'BRAWL', 'BANCO_OFF')",88,16,16,100.000,BUFF,14.773,2.513093,12.3431
"('TANK', 'TANK', 'NEUTRAL', 'DANGER', 'SAFE', 'NORMAL', 'SLOWER', 'MEC_USED', 'CLEAN', 'CLEAN', 'NEUTRAL', 'NEUTRAL', 'CLEAR', 'CLEAR', 'OPENING', 'BANCO_OFF')",87,14,14,100.000,STAT_CLEAN,12.644,2.561057,12.9495
"('TANK', 'TANK', 'NEUTRAL', 'FULL', 'FULL', 'NORMAL', 'FASTER', 'MEC_USED', 'CLEAN', 'CLEAN', 'NEUTRAL', 'NEUTRAL', 'CLEAR', 'CLEAR', 'BRAWL', 'BANCO_VAZIO')",87,13,14,92.857,HEAL,21.839,2.274567,9.7237
"('TANK', 'UTILITY', 'DEFENSIVE_DIS', 'FULL', 'FULL', 'FIELD_OURS_DEF', 'SLOWER', 'MEC_USED', 'CLEAN', 'CLEAN', 'NEUTRAL', 'NEUTRAL', 'CLEAR', 'CLEAR', 'OPENING', 'BANCO_AMBOS')",87,8,8,100.000,ATTACK_STRONG,40.230,1.320124,3.7439
"('TANK', 'TANK', 'OFFENSIVE_ADV', 'FULL', 'FULL', 'NORMAL', 'FASTER', 'MEC_AVAIL', 'CLEAN', 'CLEAN', 'NEUTRAL', 'NEUTRAL', 'CLEAR', 'CLEAR', 'OPENING', 'BANCO_DEF')",86,16,16,100.000,ATTACK_STRONG,18.605,2.363237,10.6253
"('TANK', 'SWEEPER', 'NEUTRAL', 'FULL', 'FULL', 'NORMAL', 'SLOWER', 'MEC_USED', 'CLEAN', 'CLEAN', 'DEBUFF', 'NEUTRAL', 'CLEAR', 'CLEAR', 'OPENING', 'BANCO_OFF')",86,14,14,100.000,ATTACK_TECH,24.419,2.235734,9.3533
"('SWEEPER', 'TANK', 'DEFENSIVE_DIS', 'FULL', 'FULL', 'NORMAL', 'FASTER', 'MEC_USED', 'CLEAN', 'CLEAN', 'NEUTRAL', 'NEUTRAL', 'CLEAR', 'CLEAR', 'OPENING', 'BANCO_OFF')",86,10,10,100.000,SWITCH_DEFENSIVE,29.070,1.961875,7.1127
"('TANK', 'TANK', 'VOLATILE', 'FULL', 'FULL', 'FIELD_OURS_OFF', 'FASTER', 'MEC_USED', 'CLEAN', 'CLEAN', 'NEUTRAL', 'NEUTRAL', 'CLEAR', 'CLEAR', 'OPENING', 'BANCO_AMBOS')",86,13,14,92.857,ATTACK_TECH,23.256,2.289125,9.8663
"('TANK', 'SWEEPER', 'DEFENSIVE_DIS', 'FULL', 'FULL', 'FIELD_SHARED', 'SLOWER', 'MEC_USED', 'CLEAN', 'CLEAN', 'NEUTRAL', 'NEUTRAL', 'CLEAR', 'CLEAR', 'OPENING', 'BANCO_AMBOS')",86,12,13,92.308,ATTACK_TECH,37.209,1.838814,6.2891
"('TANK', 'TANK', 'NEUTRAL', 'FULL', 'FULL', 'NORMAL', 'SLOWER', 'MEC_USED', 'AFFLICTED', 'AFFLICTED', 'NEUTRAL', 'NEUTRAL', 'CLEAR', 'SET', 'CLUTCH', 'BANCO_VAZIO')",86,1,7,14.286,HAZARD,100.000,-0.000000,1.0000
"('UTILITY', 'TANK', 'DEFENSIVE_DIS', 'FULL', 'FULL', 'NORMAL', 'FASTER', 'MEC_USED', 'CLEAN', 'CLEAN', 'NEUTRAL', 'NEUTRAL', 'CLEAR', 'CLEAR', 'OPENING', 'BANCO_AMBOS')",85,10,10,100.000,SWITCH_OFFENSIVE,23.529,1.972313,7.1873
"('TANK', 'TANK', 'NEUTRAL', 'SAFE', 'DANGER', 'NORMAL', 'FASTER', 'MEC_USED', 'CLEAN', 'CLEAN', 'NEUTRAL', 'NEUTRAL', 'CLEAR', 'CLEAR', 'OPENING', 'BANCO_OFF')",85,12,12,100.000,HEAL,41.176,1.846956,6.3405
"('TANK', 'TANK', 'OFFENSIVE_ADV', 'SAFE', 'SAFE', 'NORMAL', 'SLOWER', 'MEC_USED', 'CLEAN', 'CLEAN', 'NEUTRAL', 'NEUTRAL', 'CLEAR', 'CLEAR', 'OPENING', 'BANCO_OFF')",84,14,15,93.333,ATTACK_STRONG,11.905,2.591691,13.3523
"('TANK', 'TANK', 'OFFENSIVE_DIS', 'FULL', 'FULL', 'FIELD_SHARED', 'FASTER', 'MEC_USED', 'CLEAN', 'CLEAN', 'NEUTRAL', 'NEUTRAL', 'CLEAR', 'CLEAR', 'OPENING', 'BANCO_AMBOS')",84,16,17,94.118,BARRIER,20.238,2.508901,12.2914
"('TANK', 'TANK', 'CRITICAL_DIS', 'FULL', 'FULL', 'FIELD_OURS_DEF', 'FASTER', 'MEC_USED', 'CLEAN', 'CLEAN', 'NEUTRAL', 'NEUTRAL', 'CLEAR', 'CLEAR', 'OPENING', 'BANCO_VAZIO')",83,9,9,100.000,BARRIER,24.096,1.872043,6.5016
"('TANK', 'TANK', 'OFFENSIVE_DIS', 'FULL', 'FULL', 'NORMAL', 'SLOWER', 'MEC_USED', 'AFFLICTED', 'AFFLICTED', 'NEUTRAL', 'NEUTRAL', 'CLEAR', 'CLEAR', 'RECOVERING', 'BANCO_VAZIO')",83,6,9,66.667,CLEAN_HAZARD,66.265,0.990651,2.6930
"('UTILITY', 'TANK', 'VOLATILE', 'FULL', 'FULL', 'FIELD_THEIRS', 'FASTER', 'MEC_USED', 'CLEAN', 'CLEAN', 'NEUTRAL', 'NEUTRAL', 'CLEAR', 'CLEAR', 'OPENING', 'BANCO_AMBOS')",83,9,10,90.000,SWITCH_DEFENSIVE,36.145,1.880510,6.5568
"('TANK', 'UTILITY', 'DEFENSIVE_ADV', 'FULL', 'FULL', 'NORMAL', 'SLOWER', 'MEC_USED', 'CLEAN', 'CLEAN', 'NEUTRAL', 'NEUTRAL', 'CLEAR', 'CLEAR', 'OPENING', 'BANCO_AMBOS')",83,11,12,91.667,HEAL,37.349,1.970181,7.1720
"('TANK', 'TANK', 'VOLATILE', 'FULL', 'FULL', 'FIELD_OURS_DEF', 'SLOWER', 'MEC_USED', 'CLEAN', 'CLEAN', 'NEUTRAL', 'NEUTRAL', 'CLEAR', 'CLEAR', 'OPENING', 'BANCO_OFF')",83,10,11,90.909,ATTACK_STRONG,37.349,1.615083,5.0283
"('UTILITY', 'TANK', 'NEUTRAL', 'FULL', 'FULL', 'NORMAL', 'FASTER', 'MEC_USED', 'CLEAN', 'CLEAN', 'NEUTRAL', 'NEUTRAL', 'CLEAR', 'CLEAR', 'OPENING', 'BANCO_OFF')",83,11,11,100.000,ATTACK_STRONG,15.663,2.192894,8.9611
"('UTILITY', 'TANK', 'VOLATILE', 'FULL', 'FULL', 'NORMAL', 'FASTER', 'MEC_USED', 'CLEAN', 'CLEAN', 'NEUTRAL', 'NEUTRAL', 'CLEAR', 'CLEAR', 'OPENING', 'BANCO_AMBOS')",83,10,11,90.909,ATTACK_PIVOT,26.506,1.915181,6.7882
"('TANK', 'TANK', 'NEUTRAL', 'SAFE', 'FULL', 'FIELD_SHARED', 'SLOWER', 'MEC_USED', 'CLEAN', 'CLEAN', 'NEUTRAL', 'NEUTRAL', 'CLEAR', 'CLEAR', 'OPENING', 'BANCO_OFF')",82,15,15,100.000,ATTACK_TECH,19.512,2.406219,11.0919
"('UTILITY', 'TANK', 'NEUTRAL', 'FULL', 'FULL', 'FIELD_THEIRS', 'FASTER', 'MEC_USED', 'CLEAN', 'CLEAN', 'NEUTRAL', 'NEUTRAL', 'CLEAR', 'CLEAR', 'OPENING', 'BANCO_AMBOS')",82,10,10,100.000,SWITCH_OFFENSIVE,18.293,2.110317,8.2509
"('TANK', 'SWEEPER', 'OFFENSIVE_ADV', 'FULL', 'FULL', 'NORMAL', 'SLOWER', 'MEC_USED', 'CLEAN', 'CLEAN', 'NEUTRAL', 'NEUTRAL', 'CLEAR', 'CLEAR', 'OPENING', 'BANCO_AMBOS')",82,11,14,78.571,CLEAN_HAZARD,17.073,2.176598,8.8163
"('TANK', 'TANK', 'OFFENSIVE_ADV', 'SAFE', 'FULL', 'NORMAL', 'SLOWER', 'MEC_USED', 'CLEAN', 'CLEAN', 'NEUTRAL', 'NEUTRAL', 'SET', 'CLEAR', 'OPENING', 'BANCO_OFF')",82,15,15,100.000,HEAL,23.171,2.485940,12.0124
"('TANK', 'SWEEPER', 'DOMINANT', 'FULL', 'FULL', 'NORMAL', 'SLOWER', 'MEC_USED', 'CLEAN', 'CLEAN', 'NEUTRAL', 'NEUTRAL', 'CLEAR', 'CLEAR', 'OPENING', 'BANCO_AMBOS')",82,12,13,92.308,ATTACK_PIVOT,41.463,1.959629,7.0967
"('TANK', 'TANK', 'DEFENSIVE_DIS', 'FULL', 'FULL', 'NORMAL', 'FASTER', 'MEC_USED', 'CLEAN', 'CLEAN', 'NEUTRAL', 'NEUTRAL', 'SET', 'CLEAR', 'OPENING', 'BANCO_OFF')",82,15,16,93.750,HEAL,23.171,2.395967,10.9788
"('TANK', 'TANK', 'CRITICAL_DIS', 'FULL', 'FULL', 'NORMAL', 'FASTER', 'MEC_USED', 'AFFLICTED', 'CLEAN', 'NEUTRAL', 'NEUTRAL', 'CLEAR', 'SET', 'CLUTCH', 'BANCO_VAZIO')",82,4,4,100.000,HAZARD,75.610,0.785622,2.1938
"('TANK', 'TANK', 'CRITICAL_DIS', 'FULL', 'FULL', 'FIELD_SHARED', 'FASTER', 'MEC_USED', 'CLEAN', 'CLEAN', 'NEUTRAL', 'NEUTRAL', 'CLEAR', 'CLEAR', 'OPENING', 'BANCO_AMBOS')",81,10,14,71.429,SWITCH_OFFENSIVE,35.802,1.789051,5.9838
"('TANK', 'SWEEPER', 'NEUTRAL', 'SAFE', 'FULL', 'NORMAL', 'SLOWER', 'MEC_USED', 'CLEAN', 'CLEAN', 'NEUTRAL', 'NEUTRAL', 'CLEAR', 'CLEAR', 'OPENING', 'BANCO_OFF')",81,14,15,93.333,CLEAN_HAZARD,27.160,2.268265,9.6626
"('TANK', 'TANK', 'NEUTRAL', 'SAFE', 'SAFE', 'NORMAL', 'SLOWER', 'MEC_USED', 'CLEAN', 'CLEAN', 'NEUTRAL', 'NEUTRAL', 'CLEAR', 'CLEAR', 'OPENING', 'BANCO_AMBOS')",81,11,14,78.571,SWITCH_DEFENSIVE,35.802,1.762011,5.8241
"('TANK', 'TANK', 'NEUTRAL', 'SAFE', 'SAFE', 'NORMAL', 'SLOWER', 'MEC_USED', 'CLEAN', 'CLEAN', 'NEUTRAL', 'NEUTRAL', 'CLEAR', 'CLEAR', 'RECOVERING', 'BANCO_VAZIO')",81,15,15,100.000,HEAL,14.815,2.468163,11.8007
"('TANK', 'TANK', 'OFFENSIVE_ADV', 'FULL', 'FULL', 'NORMAL', 'SLOWER', 'MEC_AVAIL', 'CLEAN', 'CLEAN', 'NEUTRAL', 'NEUTRAL', 'CLEAR', 'CLEAR', 'OPENING', 'BANCO_OFF')",80,14,20,70.000,ATTACK_STRONG,12.500,2.524422,12.4837
"('TANK', 'TANK', 'NEUTRAL', 'FULL', 'FULL', 'NORMAL', 'FASTER', 'MEC_USED', 'CLEAN', 'CLEAN', 'NEUTRAL', 'NEUTRAL', 'CLEAR', 'CLEAR', 'RECOVERING', 'BANCO_VAZIO')",79,15,15,100.000,ATTACK_STRONG,16.456,2.516548,12.3858
"('TANK', 'TANK', 'DEFENSIVE_DIS', 'SAFE', 'SAFE', 'NORMAL', 'SLOWER', 'MEC_USED', 'CLEAN', 'CLEAN', 'NEUTRAL', 'NEUTRAL', 'CLEAR', 'CLEAR', 'OPENING', 'BANCO_OFF')",79,14,14,100.000,HEAL,27.848,2.289382,9.8688
"('TANK', 'TANK', 'OFFENSIVE_ADV', 'FULL', 'SAFE', 'FIELD_SHARED', 'FASTER', 'MEC_USED', 'CLEAN', 'CLEAN', 'NEUTRAL', 'NEUTRAL', 'CLEAR', 'CLEAR', 'OPENING', 'BANCO_OFF')",79,12,12,100.000,DISRUPTION,21.519,2.284601,9.8218
"('TANK', 'UTILITY', 'NEUTRAL', 'FULL', 'SAFE', 'NORMAL', 'SLOWER', 'MEC_USED', 'CLEAN', 'CLEAN', 'NEUTRAL', 'NEUTRAL', 'CLEAR', 'CLEAR', 'OPENING', 'BANCO_OFF')",79,13,14,92.857,STAT_CLEAN,41.772,2.022761,7.5592
"('TANK', 'TANK', 'CRITICAL_DIS', 'FULL', 'FULL', 'NORMAL', 'FASTER', 'MEC_USED', 'CLEAN', 'CLEAN', 'NEUTRAL', 'NEUTRAL', 'SET', 'SET', 'RECOVERING', 'BANCO_VAZIO')",79,7,9,77.778,HAZARD,73.418,0.983539,2.6739
"('TANK', 'TANK', 'OFFENSIVE_ADV', 'SAFE', 'SAFE', 'NORMAL', 'FASTER', 'MEC_USED', 'CLEAN', 'CLEAN', 'NEUTRAL', 'NEUTRAL', 'SET', 'CLEAR', 'OPENING', 'BANCO_OFF')",78,11,13,84.615,ATTACK_STRONG,20.513,2.272421,9.7029
"('TANK', 'SWEEPER', 'OFFENSIVE_ADV', 'FULL', 'FULL', 'NORMAL', 'SLOWER', 'MEC_AVAIL', 'CLEAN', 'CLEAN', 'NEUTRAL', 'NEUTRAL', 'CLEAR', 'CLEAR', 'OPENING', 'BANCO_OFF')",78,19,22,86.364,HEAL_MEC,41.026,2.241951,9.4117
"('TANK', 'SWEEPER', 'NEUTRAL', 'FULL', 'FULL', 'FIELD_SHARED', 'SLOWER', 'MEC_USED', 'CLEAN', 'CLEAN', 'NEUTRAL', 'NEUTRAL', 'CLEAR', 'CLEAR', 'OPENING', 'BANCO_OFF')",78,13,13,100.000,ATTACK_TECH,16.667,2.405966,11.0891
"('TANK', 'SWEEPER', 'NEUTRAL', 'FULL', 'FULL', 'NORMAL', 'SLOWER', 'MEC_AVAIL', 'CLEAN', 'CLEAN', 'NEUTRAL', 'NEUTRAL', 'CLEAR', 'CLEAR', 'OPENING', 'BANCO_AMBOS')",78,19,24,79.167,BUFF_MEC,15.385,2.684421,14.6497
"('SWEEPER', 'TANK', 'OFFENSIVE_ADV', 'FULL', 'FULL', 'FIELD_SHARED', 'FASTER', 'MEC_USED', 'CLEAN', 'CLEAN', 'NEUTRAL', 'DEBUFF', 'CLEAR', 'CLEAR', 'OPENING', 'BANCO_OFF')",77,7,7,100.000,ATTACK_PIVOT,22.078,1.891971,6.6324
"('TANK', 'TANK', 'DEFENSIVE_DIS', 'FULL', 'FULL', 'NORMAL', 'SLOWER', 'MEC_USED', 'CLEAN', 'AFFLICTED', 'NEUTRAL', 'NEUTRAL', 'SET', 'SET', 'CLUTCH', 'BANCO_VAZIO')",77,7,9,77.778,STATUS,37.662,1.588191,4.8949
"('SWEEPER', 'TANK', 'CRITICAL_DIS', 'FULL', 'FULL', 'NORMAL', 'FASTER', 'MEC_USED', 'CLEAN', 'CLEAN', 'NEUTRAL', 'NEUTRAL', 'CLEAR', 'CLEAR', 'OPENING', 'BANCO_AMBOS')",77,7,8,87.500,HAZARD,28.571,1.679202,5.3613
"('TANK', 'TANK', 'DOMINANT', 'SAFE', 'FULL', 'NORMAL', 'SLOWER', 'MEC_USED', 'CLEAN', 'CLEAN', 'NEUTRAL', 'NEUTRAL', 'CLEAR', 'CLEAR', 'OPENING', 'BANCO_OFF')",77,13,13,100.000,SWITCH_OFFENSIVE,16.883,2.364030,10.6337
"('SWEEPER', 'TANK', 'NEUTRAL', 'FULL', 'FULL', 'FIELD_THEIRS', 'FASTER', 'MEC_AVAIL', 'CLEAN', 'CLEAN', 'NEUTRAL', 'NEUTRAL', 'CLEAR', 'CLEAR', 'OPENING', 'BANCO_AMBOS')",76,9,10,90.000,SWITCH_DEFENSIVE,26.316,1.861580,6.4339
"('TANK', 'UTILITY', 'CRITICAL_DIS', 'FULL', 'FULL', 'NORMAL', 'SLOWER', 'MEC_USED', 'CLEAN', 'CLEAN', 'NEUTRAL', 'NEUTRAL', 'CLEAR', 'CLEAR', 'OPENING', 'BANCO_AMBOS')",76,13,14,92.857,HEAL_STATUS,38.158,1.728309,5.6311
"('TANK', 'SWEEPER', 'DEFENSIVE_DIS', 'FULL', 'FULL', 'FIELD_THEIRS', 'SLOWER', 'MEC_USED', 'CLEAN', 'CLEAN', 'NEUTRAL', 'NEUTRAL', 'CLEAR', 'CLEAR', 'OPENING', 'BANCO_OFF')",76,13,15,86.667,SWITCH_OFFENSIVE,17.105,2.325610,10.2329
"('TANK', 'TANK', 'DEFENSIVE_DIS', 'SAFE', 'FULL', 'FIELD_SHARED', 'FASTER', 'MEC_USED', 'CLEAN', 'CLEAN', 'NEUTRAL', 'NEUTRAL', 'CLEAR', 'CLEAR', 'OPENING', 'BANCO_AMBOS')",76,16,16,100.000,BARRIER,17.105,2.572101,13.0933
"('TANK', 'TANK', 'STALEMATE', 'FULL', 'FULL', 'NORMAL', 'SLOWER', 'MEC_USED', 'AFFLICTED', 'CLEAN', 'DEBUFF', 'NEUTRAL', 'CLEAR', 'CLEAR', 'OPENING', 'BANCO_OFF')",76,4,7,57.143,HEAL,69.737,0.804453,2.2355
"('TANK', 'TANK', 'VOLATILE', 'FULL', 'FULL', 'FIELD_OURS_DEF', 'SLOWER', 'MEC_USED', 'CLEAN', 'CLEAN', 'NEUTRAL', 'NEUTRAL', 'CLEAR', 'CLEAR', 'OPENING', 'BANCO_AMBOS')",75,3,6,50.000,ATTACK_STRONG,97.333,0.141441,1.1519
"('TANK', 'TANK', 'VOLATILE', 'FULL', 'FULL', 'FIELD_OURS_DEF', 'FASTER', 'MEC_AVAIL', 'CLEAN', 'CLEAN', 'NEUTRAL', 'NEUTRAL', 'CLEAR', 'CLEAR', 'OPENING', 'BANCO_OFF')",75,10,10,100.000,ATTACK_STRONG_MEC,56.000,1.487360,4.4254
"('TANK', 'TANK', 'NEUTRAL', 'DANGER', 'FULL', 'NORMAL', 'SLOWER', 'MEC_USED', 'CLEAN', 'CLEAN', 'NEUTRAL', 'NEUTRAL', 'CLEAR', 'CLEAR', 'OPENING', 'BANCO_OFF')",75,14,15,93.333,STAT_CLEAN,17.333,2.467609,11.7942
"('TANK', 'TANK', 'OFFENSIVE_DIS', 'FULL', 'FULL', 'NORMAL', 'FASTER', 'MEC_USED', 'CLEAN', 'CLEAN', 'NEUTRAL', 'NEUTRAL', 'SET', 'CLEAR', 'OPENING', 'BANCO_AMBOS')",75,12,16,75.000,STAT_CLEAN,29.333,1.929738,6.8877
"('TANK', 'TANK', 'NEUTRAL', 'SAFE', 'FULL', 'NORMAL', 'SLOWER', 'MEC_USED', 'CLEAN', 'CLEAN', 'NEUTRAL', 'NEUTRAL', 'SET', 'CLEAR', 'BRAWL', 'BANCO_VAZIO')",75,12,13,92.308,STAT_CLEAN,53.333,1.760685,5.8164
"('TANK', 'TANK', 'NEUTRAL', 'SAFE', 'FULL', 'NORMAL', 'FASTER', 'MEC_USED', 'CLEAN', 'CLEAN', 'NEUTRAL', 'NEUTRAL', 'SET', 'CLEAR', 'OPENING', 'BANCO_VAZIO')",74,14,15,93.333,CLEAN_HAZARD,17.568,2.395633,10.9751
"('TANK', 'TANK', 'OFFENSIVE_DIS', 'FULL', 'FULL', 'NORMAL', 'SLOWER', 'MEC_USED', 'AFFLICTED', 'AFFLICTED', 'NEUTRAL', 'NEUTRAL', 'CLEAR', 'CLEAR', 'CLUTCH', 'BANCO_OFF')",74,5,6,83.333,STATUS,83.784,0.637646,1.8920
"('TANK', 'SWEEPER', 'VOLATILE', 'FULL', 'FULL', 'NORMAL', 'SLOWER', 'MEC_USED', 'CLEAN', 'CLEAN', 'NEUTRAL', 'NEUTRAL', 'CLEAR', 'CLEAR', 'OPENING', 'BANCO_OFF')",74,11,14,78.571,CLEAN_HAZARD,27.027,2.136705,8.4715
"('TANK', 'TANK', 'NEUTRAL', 'SAFE', 'SAFE', 'FIELD_SHARED', 'FASTER', 'MEC_USED', 'CLEAN', 'CLEAN', 'NEUTRAL', 'NEUTRAL', 'CLEAR', 'CLEAR', 'OPENING', 'BANCO_OFF')",73,14,14,100.000,HEAL,23.288,2.351886,10.5054
"('UTILITY', 'TANK', 'VOLATILE', 'FULL', 'FULL', 'NORMAL', 'FASTER', 'MEC_USED', 'CLEAN', 'CLEAN', 'NEUTRAL', 'NEUTRAL', 'CLEAR', 'CLEAR', 'OPENING', 'BANCO_OFF')",73,10,11,90.909,SWITCH_DEFENSIVE,24.658,2.016460,7.5117
"('TANK', 'TANK', 'NEUTRAL', 'SAFE', 'DANGER', 'NORMAL', 'SLOWER', 'MEC_USED', 'CLEAN', 'CLEAN', 'NEUTRAL', 'NEUTRAL', 'CLEAR', 'CLEAR', 'OPENING', 'BANCO_OFF')",73,13,14,92.857,HEAL,21.918,2.321804,10.1940
"('TANK', 'TANK', 'NEUTRAL', 'SAFE', 'SAFE', 'NORMAL', 'FASTER', 'MEC_USED', 'CLEAN', 'CLEAN', 'NEUTRAL', 'NEUTRAL', 'CLEAR', 'CLEAR', 'RECOVERING', 'BANCO_VAZIO')",73,14,14,100.000,ATTACK_STRONG,17.808,2.356421,10.5531
"('TANK', 'TANK', 'NEUTRAL', 'FULL', 'FULL', 'NORMAL', 'SLOWER', 'MEC_USED', 'AFFLICTED', 'AFFLICTED', 'NEUTRAL', 'DEBUFF', 'CLEAR', 'SET', 'CLUTCH', 'BANCO_VAZIO')",73,2,6,33.333,HAZARD,98.630,0.072378,1.0751
"('TANK', 'TANK', 'OFFENSIVE_ADV', 'FULL', 'SAFE', 'FIELD_SHARED', 'SLOWER', 'MEC_USED', 'CLEAN', 'CLEAN', 'NEUTRAL', 'NEUTRAL', 'CLEAR', 'CLEAR', 'OPENING', 'BANCO_OFF')",72,13,13,100.000,ATTACK_STRONG,19.444,2.356878,10.5579
"('TANK', 'TANK', 'DOMINANT', 'FULL', 'FULL', 'NORMAL', 'FASTER', 'MEC_AVAIL', 'CLEAN', 'CLEAN', 'NEUTRAL', 'NEUTRAL', 'CLEAR', 'CLEAR', 'OPENING', 'BANCO_OFF')",72,16,16,100.000,ATTACK_STRONG_MEC,19.444,2.451314,11.6036
"('TANK', 'TANK', 'DEFENSIVE_DIS', 'FULL', 'SAFE', 'FIELD_THEIRS', 'FASTER', 'MEC_USED', 'CLEAN', 'CLEAN', 'NEUTRAL', 'NEUTRAL', 'CLEAR', 'CLEAR', 'OPENING', 'BANCO_AMBOS')",72,13,13,100.000,SWITCH_DEFENSIVE,16.667,2.397195,10.9923
"('TANK', 'TANK', 'NEUTRAL', 'FULL', 'DANGER', 'NORMAL', 'FASTER', 'MEC_USED', 'CLEAN', 'CLEAN', 'NEUTRAL', 'NEUTRAL', 'CLEAR', 'CLEAR', 'OPENING', 'BANCO_OFF')",72,12,15,80.000,HEAL,48.611,1.851964,6.3723
"('TANK', 'TANK', 'DEFENSIVE_DIS', 'SAFE', 'SAFE', 'NORMAL', 'SLOWER', 'MEC_USED', 'CLEAN', 'CLEAN', 'NEUTRAL', 'NEUTRAL', 'CLEAR', 'CLEAR', 'OPENING', 'BANCO_AMBOS')",72,11,14,78.571,HEAL,40.278,1.926321,6.8642
"('TANK', 'TANK', 'NEUTRAL', 'FULL', 'FULL', 'NORMAL', 'FASTER', 'MEC_USED', 'AFFLICTED', 'CLEAN', 'NEUTRAL', 'NEUTRAL', 'CLEAR', 'CLEAR', 'CLUTCH', 'BANCO_VAZIO')",71,8,12,66.667,STATUS,42.254,1.565587,4.7855
"('TANK', 'TANK', 'NEUTRAL', 'SAFE', 'FULL', 'FIELD_THEIRS', 'SLOWER', 'MEC_USED', 'CLEAN', 'CLEAN', 'NEUTRAL', 'NEUTRAL', 'CLEAR', 'CLEAR', 'OPENING', 'BANCO_OFF')",71,16,16,100.000,ATTACK_PIVOT,12.676,2.657763,14.2643
"('TANK', 'TANK', 'OFFENSIVE_DIS', 'SAFE', 'FULL', 'NORMAL', 'FASTER', 'MEC_USED', 'CLEAN', 'CLEAN', 'NEUTRAL', 'NEUTRAL', 'SET', 'CLEAR', 'OPENING', 'BANCO_VAZIO')",71,9,10,90.000,ATTACK_STRONG,33.803,1.665280,5.2872
"('TANK', 'TANK', 'NEUTRAL', 'FULL', 'SAFE', 'FIELD_SHARED', 'FASTER', 'MEC_USED', 'CLEAN', 'CLEAN', 'NEUTRAL', 'NEUTRAL', 'CLEAR', 'CLEAR', 'OPENING', 'BANCO_OFF')",71,12,13,92.308,HEAL,21.127,2.294179,9.9163
"('TANK', 'TANK', 'NEUTRAL', 'FULL', 'FULL', 'FIELD_SHARED', 'FASTER', 'MEC_AVAIL', 'CLEAN', 'CLEAN', 'NEUTRAL', 'NEUTRAL', 'CLEAR', 'CLEAR', 'OPENING', 'BANCO_AMBOS')",71,18,20,90.000,HAZARD_MEC,16.901,2.600702,13.4732
"('TANK', 'TANK', 'DOMINANT', 'FULL', 'SAFE', 'FIELD_THEIRS', 'FASTER', 'MEC_USED', 'CLEAN', 'CLEAN', 'NEUTRAL', 'NEUTRAL', 'CLEAR', 'CLEAR', 'OPENING', 'BANCO_AMBOS')",71,12,13,92.308,ATTACK_PIVOT,21.127,2.245317,9.4434
"('TANK', 'TANK', 'DEFENSIVE_DIS', 'FULL', 'FULL', 'NORMAL', 'FASTER', 'MEC_AVAIL', 'CLEAN', 'CLEAN', 'NEUTRAL', 'NEUTRAL', 'CLEAR', 'CLEAR', 'OPENING', 'BANCO_OFF')",71,20,20,100.000,SWITCH_DEFENSIVE,9.859,2.861108,17.4809
"('TANK', 'TANK', 'NEUTRAL', 'FULL', 'FULL', 'NORMAL', 'SLOWER', 'MEC_USED', 'CLEAN', 'CLEAN', 'NEUTRAL', 'NEUTRAL', 'CLEAR', 'SET', 'CLUTCH', 'BANCO_VAZIO')",71,4,14,28.571,HEAL,70.423,0.755439,2.1285
"('TANK', 'TANK', 'DEFENSIVE_DIS', 'FULL', 'SAFE', 'NORMAL', 'SLOWER', 'MEC_USED', 'CLEAN', 'CLEAN', 'NEUTRAL', 'NEUTRAL', 'CLEAR', 'CLEAR', 'OPENING', 'BANCO_OFF')",71,13,13,100.000,SWITCH_DEFENSIVE,22.535,2.163870,8.7048
"('TANK', 'TANK', 'NEUTRAL', 'FULL', 'SAFE', 'NORMAL', 'SLOWER', 'MEC_USED', 'CLEAN', 'CLEAN', 'NEUTRAL', 'NEUTRAL', 'SET', 'CLEAR', 'OPENING', 'BANCO_OFF')",70,15,15,100.000,SWITCH_OFFENSIVE,14.286,2.581685,13.2194
"('TANK', 'TANK', 'NEUTRAL', 'FULL', 'SAFE', 'NORMAL', 'SLOWER', 'MEC_USED', 'CLEAN', 'CLEAN', 'NEUTRAL', 'NEUTRAL', 'CLEAR', 'CLEAR', 'RECOVERING', 'BANCO_VAZIO')",70,14,14,100.000,CLEAN_HAZARD,20.000,2.466243,11.7781
"('TANK', 'TANK', 'OFFENSIVE_ADV', 'SAFE', 'DANGER', 'NORMAL', 'FASTER', 'MEC_USED', 'CLEAN', 'CLEAN', 'NEUTRAL', 'NEUTRAL', 'CLEAR', 'CLEAR', 'OPENING', 'BANCO_OFF')",70,12,14,85.714,ATTACK_STRONG,31.429,2.041887,7.7051
"('TANK', 'TANK', 'NEUTRAL', 'DANGER', 'FULL', 'NORMAL', 'FASTER', 'MEC_USED', 'CLEAN', 'CLEAN', 'NEUTRAL', 'NEUTRAL', 'CLEAR', 'CLEAR', 'OPENING', 'BANCO_OFF')",70,14,14,100.000,HEAL,17.143,2.462217,11.7308
"('SWEEPER', 'TANK', 'NEUTRAL', 'FULL', 'SAFE', 'NORMAL', 'FASTER', 'MEC_USED', 'CLEAN', 'CLEAN', 'NEUTRAL', 'NEUTRAL', 'CLEAR', 'CLEAR', 'OPENING', 'BANCO_AMBOS')",70,10,10,100.000,SWITCH_OFFENSIVE,27.143,2.042902,7.7130
"('TANK', 'TANK', 'CRITICAL_DIS', 'FULL', 'FULL', 'FIELD_THEIRS', 'SLOWER', 'MEC_USED', 'CLEAN', 'CLEAN', 'NEUTRAL', 'NEUTRAL', 'CLEAR', 'CLEAR', 'OPENING', 'BANCO_OFF')",70,13,13,100.000,BARRIER,20.000,2.366391,10.6589
"('TANK', 'TANK', 'DEFENSIVE_ADV', 'FULL', 'FULL', 'NORMAL', 'FASTER', 'MEC_USED', 'CLEAN', 'CLEAN', 'NEUTRAL', 'NEUTRAL', 'CLEAR', 'CLEAR', 'OPENING', 'BANCO_OFF')",70,14,14,100.000,HEAL,17.143,2.432062,11.3823
"('TANK', 'TANK', 'NEUTRAL', 'SAFE', 'DANGER', 'NORMAL', 'SLOWER', 'MEC_USED', 'CLEAN', 'CLEAN', 'NEUTRAL', 'NEUTRAL', 'CLEAR', 'CLEAR', 'OPENING', 'BANCO_VAZIO')",70,9,14,64.286,HEAL,50.000,1.694275,5.4427
"('TANK', 'TANK', 'OFFENSIVE_DIS', 'FULL', 'FULL', 'NORMAL', 'FASTER', 'MEC_USED', 'AFFLICTED', 'CLEAN', 'NEUTRAL', 'NEUTRAL', 'CLEAR', 'CLEAR', 'RECOVERING', 'BANCO_VAZIO')",69,9,11,81.818,CLEAN_HAZARD,31.884,1.848371,6.3495
"('SWEEPER', 'TANK', 'VOLATILE', 'FULL', 'FULL', 'NORMAL', 'FASTER', 'MEC_USED', 'CLEAN', 'CLEAN', 'NEUTRAL', 'NEUTRAL', 'CLEAR', 'CLEAR', 'OPENING', 'BANCO_OFF')",69,10,10,100.000,SWITCH_DEFENSIVE,24.638,2.179841,8.8449
"('TANK', 'TANK', 'OFFENSIVE_DIS', 'FULL', 'FULL', 'NORMAL', 'SLOWER', 'MEC_USED', 'CLEAN', 'CLEAN', 'NEUTRAL', 'NEUTRAL', 'SET', 'CLEAR', 'OPENING', 'BANCO_OFF')",69,15,15,100.000,STAT_CLEAN,13.043,2.563162,12.9768
"('TANK', 'TANK', 'NEUTRAL', 'SAFE', 'SAFE', 'NORMAL', 'FASTER', 'MEC_USED', 'CLEAN', 'CLEAN', 'NEUTRAL', 'NEUTRAL', 'SET', 'CLEAR', 'OPENING', 'BANCO_VAZIO')",69,14,14,100.000,HEAL,33.333,2.220740,9.2141
"('TANK', 'TANK', 'NEUTRAL', 'FULL', 'FULL', 'NORMAL', 'SLOWER', 'MEC_USED', 'CLEAN', 'CLEAN', 'NEUTRAL', 'NEUTRAL', 'CLEAR', 'CLEAR', 'BRAWL', 'BANCO_VAZIO')",69,13,14,92.857,HEAL,24.638,2.273921,9.7174
"('UTILITY', 'TANK', 'OFFENSIVE_ADV', 'FULL', 'FULL', 'NORMAL', 'FASTER', 'MEC_USED', 'CLEAN', 'CLEAN', 'NEUTRAL', 'NEUTRAL', 'CLEAR', 'CLEAR', 'OPENING', 'BANCO_OFF')",69,11,11,100.000,ATTACK_STRONG,33.333,2.063771,7.8756
"('TANK', 'TANK', 'DEFENSIVE_ADV', 'FULL', 'SAFE', 'NORMAL', 'SLOWER', 'MEC_USED', 'CLEAN', 'CLEAN', 'NEUTRAL', 'NEUTRAL', 'CLEAR', 'CLEAR', 'OPENING', 'BANCO_OFF')",69,13,14,92.857,ATTACK_STRONG,26.087,2.237361,9.3686
"('TANK', 'TANK', 'DEFENSIVE_DIS', 'SAFE', 'SAFE', 'NORMAL', 'FASTER', 'MEC_USED', 'CLEAN', 'CLEAN', 'NEUTRAL', 'NEUTRAL', 'CLEAR', 'CLEAR', 'OPENING', 'BANCO_OFF')",69,13,14,92.857,SWITCH_OFFENSIVE,13.043,2.511734,12.3263
"('TANK', 'TANK', 'CRITICAL_DIS', 'FULL', 'FULL', 'NORMAL', 'FASTER', 'MEC_USED', 'AFFLICTED', 'AFFLICTED', 'NEUTRAL', 'DEBUFF', 'SET', 'SET', 'CLUTCH', 'BANCO_VAZIO')",69,5,6,83.333,HEAL,53.623,1.165570,3.2078
"('TANK', 'TANK', 'OFFENSIVE_ADV', 'FULL', 'FULL', 'NORMAL', 'SLOWER', 'MEC_USED', 'CLEAN', 'CLEAN', 'NEUTRAL', 'NEUTRAL', 'CLEAR', 'CLEAR', 'OPENING', 'BANCO_VAZIO')",68,12,13,92.308,PROTECT,26.471,2.206555,9.0844
"('TANK', 'SWEEPER', 'OFFENSIVE_ADV', 'SAFE', 'FULL', 'FIELD_THEIRS', 'SLOWER', 'MEC_USED', 'CLEAN', 'CLEAN', 'NEUTRAL', 'NEUTRAL', 'CLEAR', 'CLEAR', 'OPENING', 'BANCO_OFF')",68,14,14,100.000,ATTACK_STRONG,25.000,2.264105,9.6225
"('TANK', 'TANK', 'NEUTRAL', 'FULL', 'SAFE', 'FIELD_SHARED', 'FASTER', 'MEC_USED', 'CLEAN', 'CLEAN', 'NEUTRAL', 'NEUTRAL', 'CLEAR', 'CLEAR', 'OPENING', 'BANCO_VAZIO')",68,14,14,100.000,STATUS,17.647,2.442607,11.5030
"('TANK', 'TANK', 'OFFENSIVE_ADV', 'SAFE', 'FULL', 'FIELD_OURS_OFF', 'FASTER', 'MEC_USED', 'CLEAN', 'CLEAN', 'NEUTRAL', 'NEUTRAL', 'CLEAR', 'CLEAR', 'OPENING', 'BANCO_OFF')",68,13,13,100.000,PROTECT,16.176,2.353244,10.5196
"('SWEEPER', 'UTILITY', 'OFFENSIVE_ADV', 'FULL', 'FULL', 'FIELD_OURS_OFF', 'FASTER', 'MEC_USED', 'CLEAN', 'CLEAN', 'NEUTRAL', 'NEUTRAL', 'CLEAR', 'CLEAR', 'OPENING', 'BANCO_OFF')",68,10,12,83.333,ATTACK_STRONG,63.235,1.366812,3.9228
"('TANK', 'TANK', 'NEUTRAL', 'FULL', 'FULL', 'NORMAL', 'FASTER', 'MEC_USED', 'AFFLICTED', 'CLEAN', 'NEUTRAL', 'DEBUFF', 'SET', 'SET', 'CLUTCH', 'BANCO_VAZIO')",68,1,4,25.000,HAZARD,100.000,-0.000000,1.0000
"('TANK', 'TANK', 'VOLATILE', 'FULL', 'FULL', 'FIELD_OURS_DEF', 'FASTER', 'MEC_USED', 'CLEAN', 'CLEAN', 'NEUTRAL', 'NEUTRAL', 'CLEAR', 'CLEAR', 'OPENING', 'BANCO_AMBOS')",67,7,7,100.000,SWITCH_DEFENSIVE,35.821,1.646281,5.1877
"('TANK', 'TANK', 'OFFENSIVE_DIS', 'SAFE', 'FULL', 'NORMAL', 'FASTER', 'MEC_USED', 'CLEAN', 'CLEAN', 'NEUTRAL', 'NEUTRAL', 'CLEAR', 'CLEAR', 'OPENING', 'BANCO_AMBOS')",67,15,15,100.000,CLEAN_HAZARD,23.881,2.466515,11.7813
"('TANK', 'TANK', 'NEUTRAL', 'SAFE', 'FULL', 'NORMAL', 'FASTER', 'MEC_AVAIL', 'CLEAN', 'CLEAN', 'NEUTRAL', 'NEUTRAL', 'CLEAR', 'CLEAR', 'OPENING', 'BANCO_AMBOS')",67,16,22,72.727,HEAL,19.403,2.418369,11.2275
"('TANK', 'TANK', 'NEUTRAL', 'FULL', 'FULL', 'FIELD_SHARED', 'FASTER', 'MEC_USED', 'CLEAN', 'CLEAN', 'NEUTRAL', 'NEUTRAL', 'SET', 'CLEAR', 'OPENING', 'BANCO_OFF')",67,14,14,100.000,HEAL,23.881,2.378007,10.7834
"('TANK', 'TANK', 'OFFENSIVE_ADV', 'DANGER', 'FULL', 'FIELD_THEIRS', 'FASTER', 'MEC_USED', 'CLEAN', 'CLEAN', 'NEUTRAL', 'NEUTRAL', 'CLEAR', 'CLEAR', 'OPENING', 'BANCO_OFF')",67,11,11,100.000,ATTACK_STRONG,26.866,2.107587,8.2284
"('TANK', 'TANK', 'DOMINANT', 'FULL', 'FULL', 'FIELD_SHARED', 'FASTER', 'MEC_AVAIL', 'CLEAN', 'CLEAN', 'NEUTRAL', 'NEUTRAL', 'CLEAR', 'CLEAR', 'OPENING', 'BANCO_AMBOS')",67,13,14,92.857,ATTACK_STRONG,14.925,2.368205,10.6782
"('UTILITY', 'TANK', 'OFFENSIVE_ADV', 'FULL', 'FULL', 'FIELD_THEIRS', 'SLOWER', 'MEC_USED', 'CLEAN', 'CLEAN', 'NEUTRAL', 'NEUTRAL', 'CLEAR', 'CLEAR', 'OPENING', 'BANCO_AMBOS')",67,9,9,100.000,ATTACK_PIVOT,35.821,1.810220,6.1118
"('TANK', 'TANK', 'OFFENSIVE_DIS', 'FULL', 'FULL', 'NORMAL', 'SLOWER', 'MEC_USED', 'CLEAN', 'CLEAN', 'NEUTRAL', 'NEUTRAL', 'CLEAR', 'CLEAR', 'BRAWL', 'BANCO_OFF')",67,12,13,92.308,STATUS,19.403,2.281609,9.7924
"('TANK', 'TANK', 'DOMINANT', 'FULL', 'FULL', 'NORMAL', 'SLOWER', 'MEC_USED', 'CLEAN', 'CLEAN', 'NEUTRAL', 'NEUTRAL', 'CLEAR', 'CLEAR', 'OPENING', 'BANCO_DEF')",67,10,12,83.333,FIELD_CONTROL,25.373,2.063854,7.8763
"('SWEEPER', 'TANK', 'NEUTRAL', 'SAFE', 'FULL', 'NORMAL', 'FASTER', 'MEC_USED', 'CLEAN', 'CLEAN', 'NEUTRAL', 'NEUTRAL', 'CLEAR', 'CLEAR', 'OPENING', 'BANCO_OFF')",67,10,10,100.000,ATTACK_STRONG,16.418,2.194521,8.9757
"('TANK', 'SWEEPER', 'CRITICAL_DIS', 'FULL', 'FULL', 'NORMAL', 'SLOWER', 'MEC_USED', 'CLEAN', 'CLEAN', 'NEUTRAL', 'NEUTRAL', 'CLEAR', 'CLEAR', 'OPENING', 'BANCO_OFF')",67,16,16,100.000,SWITCH_OFFENSIVE,20.896,2.468056,11.7995
"('TANK', 'TANK', 'OFFENSIVE_ADV', 'SAFE', 'FULL', 'NORMAL', 'FASTER', 'MEC_USED', 'CLEAN', 'CLEAN', 'NEUTRAL', 'NEUTRAL', 'SET', 'CLEAR', 'BRAWL', 'BANCO_OFF')",67,11,12,91.667,CLEAN_HAZARD,22.388,2.132823,8.4387
"('TANK', 'UTILITY', 'OFFENSIVE_DIS', 'FULL', 'FULL', 'NORMAL', 'SLOWER', 'MEC_USED', 'CLEAN', 'CLEAN', 'NEUTRAL', 'NEUTRAL', 'CLEAR', 'CLEAR', 'OPENING', 'BANCO_OFF')",66,15,16,93.750,ATTACK_TECH,12.121,2.535115,12.6179
"('UTILITY', 'TANK', 'NEUTRAL', 'FULL', 'FULL', 'NORMAL', 'FASTER', 'MEC_USED', 'CLEAN', 'CLEAN', 'NEUTRAL', 'NEUTRAL', 'CLEAR', 'CLEAR', 'OPENING', 'BANCO_AMBOS')",66,10,10,100.000,ATTACK_STRONG,18.182,2.190308,8.9380
"('TANK', 'TANK', 'DEFENSIVE_ADV', 'FULL', 'FULL', 'FIELD_SHARED', 'FASTER', 'MEC_USED', 'CLEAN', 'CLEAN', 'NEUTRAL', 'NEUTRAL', 'CLEAR', 'CLEAR', 'OPENING', 'BANCO_OFF')",66,11,12,91.667,SWITCH_OFFENSIVE,16.667,2.309530,10.0697
"('SWEEPER', 'SWEEPER', 'OFFENSIVE_ADV', 'FULL', 'FULL', 'NORMAL', 'FASTER', 'MEC_USED', 'CLEAN', 'CLEAN', 'NEUTRAL', 'NEUTRAL', 'CLEAR', 'CLEAR', 'OPENING', 'BANCO_OFF')",66,9,10,90.000,CLEAN_HAZARD,37.879,1.732882,5.6569
"('TANK', 'TANK', 'CRITICAL_DIS', 'SAFE', 'FULL', 'NORMAL', 'SLOWER', 'MEC_USED', 'CLEAN', 'CLEAN', 'NEUTRAL', 'NEUTRAL', 'CLEAR', 'CLEAR', 'OPENING', 'BANCO_OFF')",66,13,15,86.667,STATUS,21.212,2.206561,9.0844
"('TANK', 'TANK', 'NEUTRAL', 'FULL', 'FULL', 'FIELD_OURS_DEF', 'FASTER', 'MEC_USED', 'CLEAN', 'CLEAN', 'NEUTRAL', 'NEUTRAL', 'CLEAR', 'CLEAR', 'OPENING', 'BANCO_DEF')",66,8,8,100.000,BARRIER,37.879,1.725332,5.6144
"('UTILITY', 'TANK', 'OFFENSIVE_ADV', 'FULL', 'FULL', 'FIELD_THEIRS', 'FASTER', 'MEC_USED', 'CLEAN', 'CLEAN', 'NEUTRAL', 'NEUTRAL', 'CLEAR', 'CLEAR', 'OPENING', 'BANCO_AMBOS')",66,10,11,90.909,ATTACK_STRONG,48.485,1.733453,5.6602
"('TANK', 'TANK', 'OFFENSIVE_ADV', 'FULL', 'FULL', 'FIELD_SHARED', 'FASTER', 'MEC_USED', 'CLEAN', 'CLEAN', 'NEUTRAL', 'NEUTRAL', 'SET', 'CLEAR', 'OPENING', 'BANCO_OFF')",66,12,13,92.308,SWITCH_OFFENSIVE,15.152,2.321880,10.1948
"('TANK', 'TANK', 'NEUTRAL', 'FULL', 'DANGER', 'NORMAL', 'SLOWER', 'MEC_USED', 'CLEAN', 'CLEAN', 'NEUTRAL', 'NEUTRAL', 'CLEAR', 'CLEAR', 'OPENING', 'BANCO_VAZIO')",66,14,14,100.000,ATTACK_PIVOT,15.152,2.444319,11.5227
"('TANK', 'TANK', 'DEFENSIVE_DIS', 'FULL', 'SAFE', 'NORMAL', 'SLOWER', 'MEC_USED', 'CLEAN', 'CLEAN', 'NEUTRAL', 'NEUTRAL', 'CLEAR', 'CLEAR', 'OPENING', 'BANCO_AMBOS')",66,12,14,85.714,ATTACK_STRONG,19.697,2.311932,10.0939
"('UTILITY', 'TANK', 'DEFENSIVE_DIS', 'FULL', 'FULL', 'NORMAL', 'FASTER', 'MEC_AVAIL', 'CLEAN', 'CLEAN', 'NEUTRAL', 'NEUTRAL', 'CLEAR', 'CLEAR', 'OPENING', 'BANCO_AMBOS')",65,9,12,75.000,SWITCH_DEFENSIVE,33.846,1.764593,5.8392
"('TANK', 'TANK', 'STALEMATE', 'FULL', 'FULL', 'FIELD_SHARED', 'FASTER', 'MEC_USED', 'CLEAN', 'CLEAN', 'NEUTRAL', 'NEUTRAL', 'CLEAR', 'CLEAR', 'OPENING', 'BANCO_AMBOS')",65,13,14,92.857,DISRUPTION,27.692,2.248700,9.4754
"('TANK', 'SWEEPER', 'OFFENSIVE_ADV', 'FULL', 'FULL', 'FIELD_OURS_OFF', 'SLOWER', 'MEC_USED', 'CLEAN', 'CLEAN', 'NEUTRAL', 'NEUTRAL', 'CLEAR', 'CLEAR', 'OPENING', 'BANCO_OFF')",65,11,12,91.667,PROTECT,18.462,2.276440,9.7419
"('TANK', 'SWEEPER', 'NEUTRAL', 'FULL', 'FULL', 'FIELD_THEIRS', 'SLOWER', 'MEC_AVAIL', 'CLEAN', 'CLEAN', 'NEUTRAL', 'NEUTRAL', 'CLEAR', 'CLEAR', 'OPENING', 'BANCO_OFF')",65,15,18,83.333,FIELD_CONTROL_MEC,18.462,2.450597,11.5953
"('TANK', 'SWEEPER', 'NEUTRAL', 'FULL', 'FULL', 'NORMAL', 'SLOWER', 'MEC_USED', 'CLEAN', 'CLEAN', 'NEUTRAL', 'NEUTRAL', 'CLEAR', 'CLEAR', 'OPENING', 'BANCO_VAZIO')",65,13,14,92.857,PROTECT,29.231,2.156645,8.6421
"('TANK', 'TANK', 'OFFENSIVE_ADV', 'FULL', 'FULL', 'FIELD_OURS_DEF', 'FASTER', 'MEC_USED', 'CLEAN', 'CLEAN', 'NEUTRAL', 'NEUTRAL', 'CLEAR', 'CLEAR', 'OPENING', 'BANCO_OFF')",65,9,10,90.000,ATTACK_STRONG,21.538,1.928229,6.8773
"('TANK', 'UTILITY', 'NEUTRAL', 'SAFE', 'FULL', 'NORMAL', 'SLOWER', 'MEC_USED', 'CLEAN', 'CLEAN', 'NEUTRAL', 'NEUTRAL', 'CLEAR', 'CLEAR', 'OPENING', 'BANCO_OFF')",65,14,14,100.000,STAT_CLEAN,30.769,2.111388,8.2597
"('TANK', 'TANK', 'NEUTRAL', 'SAFE', 'FULL', 'NORMAL', 'SLOWER', 'MEC_USED', 'CLEAN', 'CLEAN', 'NEUTRAL', 'NEUTRAL', 'SET', 'CLEAR', 'OPENING', 'BANCO_AMBOS')",64,11,14,78.571,STAT_CLEAN,34.375,1.991287,7.3250
"('TANK', 'TANK', 'OFFENSIVE_ADV', 'FULL', 'FULL', 'NORMAL', 'FASTER', 'MEC_AVAIL', 'CLEAN', 'CLEAN', 'NEUTRAL', 'NEUTRAL', 'CLEAR', 'CLEAR', 'OPENING', 'BANCO_VAZIO')",64,17,18,94.444,ATTACK_STRONG_MEC,25.000,2.525970,12.5030
"('TANK', 'TANK', 'OFFENSIVE_DIS', 'FULL', 'FULL', 'FIELD_THEIRS', 'SLOWER', 'MEC_USED', 'CLEAN', 'CLEAN', 'NEUTRAL', 'NEUTRAL', 'CLEAR', 'CLEAR', 'OPENING', 'BANCO_AMBOS')",64,10,12,83.333,ATTACK_TECH,39.062,1.853440,6.3817
"('TANK', 'TANK', 'NEUTRAL', 'SAFE', 'FULL', 'NORMAL', 'FASTER', 'MEC_USED', 'CLEAN', 'CLEAN', 'NEUTRAL', 'NEUTRAL', 'CLEAR', 'CLEAR', 'BRAWL', 'BANCO_OFF')",64,16,16,100.000,CLEAN_HAZARD,18.750,2.454173,11.6368
"('TANK', 'TANK', 'NEUTRAL', 'FULL', 'FULL', 'NORMAL', 'FASTER', 'MEC_USED', 'CLEAN', 'CLEAN', 'NEUTRAL', 'NEUTRAL', 'SET', 'CLEAR', 'BRAWL', 'BANCO_OFF')",64,14,15,93.333,STATUS,20.312,2.338204,10.3626
"('TANK', 'TANK', 'VOLATILE', 'FULL', 'FULL', 'FIELD_OURS_DEF', 'FASTER', 'MEC_USED', 'CLEAN', 'CLEAN', 'NEUTRAL', 'NEUTRAL', 'CLEAR', 'CLEAR', 'OPENING', 'BANCO_OFF')",64,10,11,90.909,ATTACK_STRONG,31.250,1.697616,5.4609
"('TANK', 'TANK', 'DEFENSIVE_ADV', 'FULL', 'FULL', 'NORMAL', 'SLOWER', 'MEC_USED', 'AFFLICTED', 'AFFLICTED', 'DEBUFF', 'DEBUFF', 'SET', 'SET', 'CLUTCH', 'BANCO_VAZIO')",64,6,7,85.714,STAT_CLEAN,59.375,1.129872,3.0953
"('TANK', 'TANK', 'DEFENSIVE_ADV', 'FULL', 'FULL', 'NORMAL', 'SLOWER', 'MEC_USED', 'CLEAN', 'AFFLICTED', 'NEUTRAL', 'DEBUFF', 'SET', 'SET', 'CLUTCH', 'BANCO_VAZIO')",64,3,7,42.857,STAT_CLEAN,64.062,0.717330,2.0490
"('TANK', 'TANK', 'OFFENSIVE_DIS', 'SAFE', 'FULL', 'NORMAL', 'SLOWER', 'MEC_USED', 'AFFLICTED', 'CLEAN', 'DEBUFF', 'NEUTRAL', 'SET', 'SET', 'RECOVERING', 'BANCO_VAZIO')",63,10,12,83.333,HAZARD,57.143,1.316941,3.7320
"('TANK', 'TANK', 'NEUTRAL', 'SAFE', 'FULL', 'NORMAL', 'FASTER', 'MEC_USED', 'CLEAN', 'CLEAN', 'NEUTRAL', 'NEUTRAL', 'CLEAR', 'CLEAR', 'BRAWL', 'BANCO_VAZIO')",63,14,14,100.000,CLEAN_HAZARD,15.873,2.407816,11.1097
"('SWEEPER', 'TANK', 'OFFENSIVE_ADV', 'FULL', 'SAFE', 'NORMAL', 'FASTER', 'MEC_USED', 'CLEAN', 'CLEAN', 'NEUTRAL', 'NEUTRAL', 'CLEAR', 'CLEAR', 'OPENING', 'BANCO_OFF')",63,10,10,100.000,ATTACK_STRONG,33.333,1.979150,7.2366
"('SWEEPER', 'TANK', 'CRITICAL_DIS', 'FULL', 'FULL', 'NORMAL', 'FASTER', 'MEC_USED', 'CLEAN', 'CLEAN', 'NEUTRAL', 'NEUTRAL', 'CLEAR', 'CLEAR', 'OPENING', 'BANCO_OFF')",63,8,8,100.000,SWITCH_OFFENSIVE,22.222,1.916282,6.7956
"('SWEEPER', 'TANK', 'VOLATILE', 'FULL', 'FULL', 'FIELD_THEIRS', 'FASTER', 'MEC_USED', 'CLEAN', 'CLEAN', 'NEUTRAL', 'NEUTRAL', 'CLEAR', 'CLEAR', 'OPENING', 'BANCO_OFF')",63,9,10,90.000,CLEAN_HAZARD,36.508,1.841695,6.3072
"('TANK', 'TANK', 'NEUTRAL', 'FULL', 'FULL', 'NORMAL', 'SLOWER', 'MEC_USED', 'CLEAN', 'CLEAN', 'NEUTRAL', 'NEUTRAL', 'CLEAR', 'SET', 'BRAWL', 'BANCO_VAZIO')",63,6,11,54.545,STAT_CLEAN,77.778,0.817786,2.2655
"('TANK', 'TANK', 'OFFENSIVE_ADV', 'FULL', 'FULL', 'NORMAL', 'SLOWER', 'MEC_USED', 'CLEAN', 'CLEAN', 'NEUTRAL', 'NEUTRAL', 'CLEAR', 'CLEAR', 'BRAWL', 'BANCO_OFF')",62,12,14,85.714,ATTACK_PIVOT,17.742,2.322114,10.1972
"('TANK', 'TANK', 'VOLATILE', 'FULL', 'FULL', 'NORMAL', 'SLOWER', 'MEC_USED', 'CLEAN', 'CLEAN', 'NEUTRAL', 'NEUTRAL', 'CLEAR', 'CLEAR', 'OPENING', 'BANCO_OFF')",62,14,15,93.333,ATTACK_STRONG,17.742,2.337743,10.3578
"('TANK', 'TANK', 'DEFENSIVE_DIS', 'FULL', 'SAFE', 'FIELD_SHARED', 'FASTER', 'MEC_USED', 'CLEAN', 'CLEAN', 'NEUTRAL', 'NEUTRAL', 'CLEAR', 'CLEAR', 'OPENING', 'BANCO_AMBOS')",62,10,12,83.333,SWITCH_OFFENSIVE,32.258,1.891753,6.6310
"('SWEEPER', 'TANK', 'OFFENSIVE_ADV', 'FULL', 'FULL', 'NORMAL', 'FASTER', 'MEC_AVAIL', 'CLEAN', 'CLEAN', 'NEUTRAL', 'NEUTRAL', 'CLEAR', 'CLEAR', 'OPENING', 'BANCO_AMBOS')",62,11,12,91.667,SWITCH_DEFENSIVE,20.968,2.100927,8.1737
"('TANK', 'TANK', 'DEFENSIVE_DIS', 'FULL', 'FULL', 'FIELD_OURS_DEF', 'FASTER', 'MEC_USED', 'CLEAN', 'CLEAN', 'NEUTRAL', 'NEUTRAL', 'CLEAR', 'CLEAR', 'OPENING', 'BANCO_DEF')",62,4,6,66.667,ATTACK_STRONG,54.839,1.075163,2.9305
"('TANK', 'TANK', 'OFFENSIVE_ADV', 'FULL', 'FULL', 'FIELD_THEIRS', 'FASTER', 'MEC_USED', 'CLEAN', 'CLEAN', 'NEUTRAL', 'NEUTRAL', 'SET', 'CLEAR', 'OPENING', 'BANCO_OFF')",62,14,14,100.000,HEAL,24.194,2.381643,10.8227
"('SWEEPER', 'TANK', 'DOMINANT', 'FULL', 'FULL', 'FIELD_OURS_OFF', 'FASTER', 'MEC_USED', 'CLEAN', 'CLEAN', 'NEUTRAL', 'NEUTRAL', 'CLEAR', 'CLEAR', 'OPENING', 'BANCO_AMBOS')",62,8,8,100.000,ATTACK_STRONG,33.871,1.642610,5.1686
"('TANK', 'TANK', 'DEFENSIVE_DIS', 'SAFE', 'FULL', 'NORMAL', 'FASTER', 'MEC_USED', 'CLEAN', 'CLEAN', 'NEUTRAL', 'NEUTRAL', 'CLEAR', 'CLEAR', 'RECOVERING', 'BANCO_VAZIO')",62,13,15,86.667,ATTACK_TECH,22.581,2.246292,9.4526
"('TANK', 'TANK', 'OFFENSIVE_ADV', 'FULL', 'CRIT', 'NORMAL', 'FASTER', 'MEC_USED', 'CLEAN', 'CLEAN', 'NEUTRAL', 'NEUTRAL', 'CLEAR', 'CLEAR', 'OPENING', 'BANCO_OFF')",62,12,12,100.000,ATTACK_STRONG,24.194,2.142573,8.5213
"('TANK', 'TANK', 'OFFENSIVE_ADV', 'FULL', 'SAFE', 'FIELD_THEIRS', 'SLOWER', 'MEC_USED', 'CLEAN', 'CLEAN', 'NEUTRAL', 'NEUTRAL', 'CLEAR', 'CLEAR', 'OPENING', 'BANCO_OFF')",61,13,13,100.000,HEAL,16.393,2.471221,11.8369
"('TANK', 'UTILITY', 'DEFENSIVE_DIS', 'FULL', 'FULL', 'FIELD_OURS_OFF', 'SLOWER', 'MEC_USED', 'CLEAN', 'CLEAN', 'NEUTRAL', 'NEUTRAL', 'CLEAR', 'CLEAR', 'OPENING', 'BANCO_AMBOS')",61,11,12,91.667,CLEAN_HAZARD,34.426,1.899518,6.6827
"('TANK', 'TANK', 'VOLATILE', 'SAFE', 'SAFE', 'NORMAL', 'FASTER', 'MEC_USED', 'CLEAN', 'CLEAN', 'NEUTRAL', 'NEUTRAL', 'CLEAR', 'CLEAR', 'OPENING', 'BANCO_OFF')",61,13,13,100.000,HEAL,29.508,2.168485,8.7450
"('TANK', 'TANK', 'NEUTRAL', 'FULL', 'FULL', 'NORMAL', 'FASTER', 'MEC_USED', 'CLEAN', 'CLEAN', 'NEUTRAL', 'NEUTRAL', 'SET', 'CLEAR', 'OPENING', 'BANCO_VAZIO')",61,13,13,100.000,HEAL,26.230,2.268955,9.6693
"('TANK', 'TANK', 'DEFENSIVE_ADV', 'FULL', 'SAFE', 'NORMAL', 'SLOWER', 'MEC_USED', 'CLEAN', 'CLEAN', 'NEUTRAL', 'NEUTRAL', 'CLEAR', 'CLEAR', 'OPENING', 'BANCO_AMBOS')",60,12,14,85.714,HEAL,45.000,1.885577,6.5902
"('TANK', 'TANK', 'OFFENSIVE_ADV', 'SAFE', 'SAFE', 'NORMAL', 'SLOWER', 'MEC_USED', 'CLEAN', 'CLEAN', 'NEUTRAL', 'NEUTRAL', 'SET', 'CLEAR', 'OPENING', 'BANCO_OFF')",60,14,15,93.333,STATUS,18.333,2.448911,11.5757
"('TANK', 'SWEEPER', 'DOMINANT', 'FULL', 'FULL', 'NORMAL', 'SLOWER', 'MEC_USED', 'CLEAN', 'CLEAN', 'NEUTRAL', 'NEUTRAL', 'CLEAR', 'CLEAR', 'OPENING', 'BANCO_OFF')",60,14,14,100.000,ATTACK_PIVOT,25.000,2.193772,8.9690
"('TANK', 'SWEEPER', 'OFFENSIVE_ADV', 'FULL', 'FULL', 'FIELD_SHARED', 'SLOWER', 'MEC_USED', 'CLEAN', 'CLEAN', 'NEUTRAL', 'NEUTRAL', 'CLEAR', 'CLEAR', 'OPENING', 'BANCO_AMBOS')",60,13,13,100.000,ATTACK_PIVOT,21.667,2.325969,10.2366
"('TANK', 'SWEEPER', 'NEUTRAL', 'FULL', 'FULL', 'FIELD_THEIRS', 'SLOWER', 'MEC_USED', 'CLEAN', 'CLEAN', 'NEUTRAL', 'NEUTRAL', 'CLEAR', 'CLEAR', 'OPENING', 'BANCO_OFF')",60,14,15,93.333,SWITCH_OFFENSIVE,16.667,2.421030,11.2575
"('TANK', 'TANK', 'NEUTRAL', 'FULL', 'FULL', 'FIELD_THEIRS', 'SLOWER', 'MEC_AVAIL', 'CLEAN', 'CLEAN', 'NEUTRAL', 'NEUTRAL', 'CLEAR', 'CLEAR', 'OPENING', 'BANCO_OFF')",60,15,18,83.333,HEAL,18.333,2.333838,10.3175
"('TANK', 'TANK', 'NEUTRAL', 'FULL', 'FULL', 'NORMAL', 'FASTER', 'MEC_USED', 'AFFLICTED', 'CLEAN', 'NEUTRAL', 'NEUTRAL', 'CLEAR', 'CLEAR', 'RECOVERING', 'BANCO_VAZIO')",60,11,13,84.615,STATUS,36.667,1.977923,7.2277
"('TANK', 'TANK', 'NEUTRAL', 'FULL', 'FULL', 'NORMAL', 'SLOWER', 'MEC_USED', 'AFFLICTED', 'AFFLICTED', 'DEBUFF_DEBUFF', 'DEBUFF_DEBUFF', 'SET', 'SET', 'CLUTCH', 'BANCO_VAZIO')",60,2,2,100.000,STATUS,56.667,0.684232,1.9822
"('TANK', 'TANK', 'OFFENSIVE_ADV', 'SAFE', 'SAFE', 'FIELD_THEIRS', 'FASTER', 'MEC_USED', 'CLEAN', 'CLEAN', 'NEUTRAL', 'NEUTRAL', 'CLEAR', 'CLEAR', 'OPENING', 'BANCO_OFF')",59,12,12,100.000,SWITCH_DEFENSIVE,23.729,2.245418,9.4444
"('TANK', 'TANK', 'OFFENSIVE_DIS', 'FULL', 'FULL', 'FIELD_SHARED', 'FASTER', 'MEC_USED', 'CLEAN', 'CLEAN', 'NEUTRAL', 'NEUTRAL', 'CLEAR', 'CLEAR', 'OPENING', 'BANCO_OFF')",59,14,14,100.000,HEAL,16.949,2.431452,11.3754
"('TANK', 'TANK', 'NEUTRAL', 'SAFE', 'FULL', 'NORMAL', 'SLOWER', 'MEC_USED', 'CLEAN', 'CLEAN', 'NEUTRAL', 'NEUTRAL', 'CLEAR', 'CLEAR', 'BRAWL', 'BANCO_OFF')",59,14,14,100.000,ATTACK_TECH,16.949,2.500277,12.1859
"('SWEEPER', 'TANK', 'NEUTRAL', 'FULL', 'FULL', 'FIELD_THEIRS', 'FASTER', 'MEC_USED', 'CLEAN', 'CLEAN', 'NEUTRAL', 'NEUTRAL', 'CLEAR', 'CLEAR', 'OPENING', 'BANCO_OFF')",59,10,10,100.000,ATTACK_STRONG,30.508,1.956477,7.0744
"('SWEEPER', 'TANK', 'VOLATILE', 'FULL', 'FULL', 'FIELD_THEIRS', 'FASTER', 'MEC_USED', 'CLEAN', 'CLEAN', 'NEUTRAL', 'NEUTRAL', 'CLEAR', 'CLEAR', 'OPENING', 'BANCO_AMBOS')",59,10,10,100.000,HAZARD,27.119,2.029092,7.6072
"('TANK', 'TANK', 'OFFENSIVE_ADV', 'SAFE', 'FULL', 'NORMAL', 'SLOWER', 'MEC_USED', 'CLEAN', 'CLEAN', 'NEUTRAL', 'NEUTRAL', 'CLEAR', 'CLEAR', 'BRAWL', 'BANCO_OFF')",59,13,15,86.667,ATTACK_STRONG,30.508,2.159618,8.6678
"('TANK', 'TANK', 'NEUTRAL', 'FULL', 'SAFE', 'NORMAL', 'SLOWER', 'MEC_USED', 'CLEAN', 'CLEAN', 'NEUTRAL', 'NEUTRAL', 'SET', 'CLEAR', 'OPENING', 'BANCO_VAZIO')",59,13,13,100.000,HAZARD,18.644,2.376895,10.7714
"('TANK', 'TANK', 'NEUTRAL', 'SAFE', 'FULL', 'FIELD_OURS_OFF', 'FASTER', 'MEC_USED', 'CLEAN', 'CLEAN', 'NEUTRAL', 'NEUTRAL', 'CLEAR', 'CLEAR', 'OPENING', 'BANCO_OFF')",59,13,13,100.000,SWITCH_DEFENSIVE,15.254,2.395674,10.9756
"('TANK', 'UTILITY', 'NEUTRAL', 'SAFE', 'SAFE', 'NORMAL', 'SLOWER', 'MEC_USED', 'CLEAN', 'CLEAN', 'NEUTRAL', 'NEUTRAL', 'CLEAR', 'CLEAR', 'OPENING', 'BANCO_OFF')",59,10,13,76.923,HEAL,44.068,1.864749,6.4543
"('TANK', 'TANK', 'STALEMATE', 'FULL', 'FULL', 'NORMAL', 'SLOWER', 'MEC_USED', 'CLEAN', 'CLEAN', 'NEUTRAL', 'NEUTRAL', 'SET', 'SET', 'CLUTCH', 'BANCO_VAZIO')",59,3,6,50.000,HAZARD,50.847,0.856482,2.3549
"('TANK', 'TANK', 'NEUTRAL', 'FULL', 'FULL', 'FIELD_OURS_OFF', 'FASTER', 'MEC_USED', 'CLEAN', 'CLEAN', 'NEUTRAL', 'NEUTRAL', 'CLEAR', 'CLEAR', 'OPENING', 'BANCO_DEF')",58,10,12,83.333,ATTACK_PIVOT,29.310,1.917015,6.8006
"('TANK', 'TANK', 'OFFENSIVE_ADV', 'FULL', 'SAFE', 'NORMAL', 'FASTER', 'MEC_USED', 'CLEAN', 'CLEAN', 'NEUTRAL', 'NEUTRAL', 'CLEAR', 'CLEAR', 'OPENING', 'BANCO_AMBOS')",58,12,13,92.308,ATTACK_STRONG,24.138,2.178968,8.8372
"('TANK', 'TANK', 'DEFENSIVE_DIS', 'SAFE', 'FULL', 'FIELD_SHARED', 'FASTER', 'MEC_USED', 'CLEAN', 'CLEAN', 'NEUTRAL', 'NEUTRAL', 'CLEAR', 'CLEAR', 'OPENING', 'BANCO_OFF')",58,14,15,93.333,ATTACK_PIVOT,17.241,2.371406,10.7124
"('TANK', 'SWEEPER', 'OFFENSIVE_DIS', 'FULL', 'FULL', 'NORMAL', 'SLOWER', 'MEC_USED', 'CLEAN', 'CLEAN', 'NEUTRAL', 'NEUTRAL', 'CLEAR', 'CLEAR', 'OPENING', 'BANCO_AMBOS')",58,13,17,76.471,HEAL,32.759,2.105045,8.2075
"('TANK', 'TANK', 'DOMINANT', 'FULL', 'FULL', 'FIELD_OURS_DEF', 'FASTER', 'MEC_USED', 'CLEAN', 'CLEAN', 'NEUTRAL', 'NEUTRAL', 'CLEAR', 'CLEAR', 'OPENING', 'BANCO_AMBOS')",58,4,5,80.000,ATTACK_STRONG,67.241,0.808260,2.2440
"('SWEEPER', 'UTILITY', 'CRITICAL_DIS', 'FULL', 'FULL', 'NORMAL', 'FASTER', 'MEC_USED', 'CLEAN', 'CLEAN', 'NEUTRAL', 'NEUTRAL', 'CLEAR', 'CLEAR', 'OPENING', 'BANCO_AMBOS')",58,4,4,100.000,SWITCH_DEFENSIVE,37.931,1.291494,3.6382
"('SWEEPER', 'TANK', 'OFFENSIVE_ADV', 'FULL', 'FULL', 'NORMAL', 'FASTER', 'MEC_AVAIL', 'CLEAN', 'CLEAN', 'NEUTRAL', 'NEUTRAL', 'CLEAR', 'CLEAR', 'OPENING', 'BANCO_OFF')",58,7,12,58.333,ATTACK_STRONG,46.552,1.449646,4.2616
"('SWEEPER', 'TANK', 'OFFENSIVE_ADV', 'SAFE', 'FULL', 'NORMAL', 'FASTER', 'MEC_USED', 'CLEAN', 'CLEAN', 'NEUTRAL', 'NEUTRAL', 'CLEAR', 'CLEAR', 'OPENING', 'BANCO_AMBOS')",58,9,9,100.000,SWITCH_DEFENSIVE,41.379,1.720121,5.5852
"('TANK', 'TANK', 'OFFENSIVE_ADV', 'FULL', 'FULL', 'FIELD_SHARED', 'FASTER', 'MEC_AVAIL', 'CLEAN', 'CLEAN', 'NEUTRAL', 'NEUTRAL', 'CLEAR', 'CLEAR', 'OPENING', 'BANCO_AMBOS')",58,14,16,87.500,ATTACK_STRONG_MEC,29.310,2.231850,9.3171
"('TANK', 'TANK', 'DEFENSIVE_DIS', 'FULL', 'SAFE', 'NORMAL', 'SLOWER', 'MEC_USED', 'CLEAN', 'CLEAN', 'NEUTRAL', 'NEUTRAL', 'CLEAR', 'CLEAR', 'RECOVERING', 'BANCO_VAZIO')",58,14,14,100.000,HEAL,53.448,1.820211,6.1732
"('TANK', 'TANK', 'DEFENSIVE_DIS', 'FULL', 'FULL', 'FIELD_SHARED', 'FASTER', 'MEC_USED', 'CLEAN', 'CLEAN', 'NEUTRAL', 'NEUTRAL', 'CLEAR', 'CLEAR', 'OPENING', 'BANCO_VAZIO')",58,10,10,100.000,ATTACK_PIVOT,17.241,2.167199,8.7338
"('TANK', 'TANK', 'OFFENSIVE_DIS', 'FULL', 'FULL', 'NORMAL', 'FASTER', 'MEC_USED', 'CLEAN', 'CLEAN', 'NEUTRAL', 'NEUTRAL', 'SET', 'SET', 'OPENING', 'BANCO_AMBOS')",58,7,13,53.846,ATTACK_STRONG,39.655,1.395294,4.0362
"('TANK', 'TANK', 'DOMINANT', 'FULL', 'FULL', 'FIELD_THEIRS', 'FASTER', 'MEC_AVAIL', 'CLEAN', 'CLEAN', 'NEUTRAL', 'NEUTRAL', 'CLEAR', 'CLEAR', 'OPENING', 'BANCO_OFF')",57,13,14,92.857,ATTACK_STRONG,24.561,2.201759,9.0409
"('TANK', 'TANK', 'OFFENSIVE_ADV', 'SAFE', 'SAFE', 'NORMAL', 'FASTER', 'MEC_AVAIL', 'CLEAN', 'CLEAN', 'NEUTRAL', 'NEUTRAL', 'CLEAR', 'CLEAR', 'OPENING', 'BANCO_OFF')",57,15,20,75.000,HEAL,17.544,2.483130,11.9787
"('TANK', 'TANK', 'NEUTRAL', 'SAFE', 'FULL', 'NORMAL', 'SLOWER', 'MEC_USED', 'CLEAN', 'CLEAN', 'NEUTRAL', 'NEUTRAL', 'SET', 'CLEAR', 'RECOVERING', 'BANCO_VAZIO')",57,14,14,100.000,STAT_CLEAN,26.316,2.390594,10.9200
"('TANK', 'TANK', 'NEUTRAL', 'SAFE', 'FULL', 'FIELD_THEIRS', 'SLOWER', 'MEC_USED', 'CLEAN', 'CLEAN', 'NEUTRAL', 'NEUTRAL', 'CLEAR', 'CLEAR', 'OPENING', 'BANCO_VAZIO')",57,13,13,100.000,FIELD_CONTROL,14.035,2.475955,11.8931
"('TANK', 'TANK', 'NEUTRAL', 'SAFE', 'FULL', 'NORMAL', 'FASTER', 'MEC_USED', 'CLEAN', 'CLEAN', 'NEUTRAL', 'NEUTRAL', 'SET', 'SET', 'OPENING', 'BANCO_OFF')",57,13,14,92.857,ATTACK_TECH,22.807,2.318035,10.1557
"('TANK', 'TANK', 'VOLATILE', 'SAFE', 'FULL', 'NORMAL', 'SLOWER', 'MEC_USED', 'CLEAN', 'CLEAN', 'NEUTRAL', 'NEUTRAL', 'CLEAR', 'CLEAR', 'OPENING', 'BANCO_OFF')",57,12,14,85.714,ATTACK_TECH,19.298,2.295527,9.9297
"('TANK', 'TANK', 'NEUTRAL', 'SAFE', 'SAFE', 'FIELD_SHARED', 'FASTER', 'MEC_USED', 'CLEAN', 'CLEAN', 'NEUTRAL', 'NEUTRAL', 'CLEAR', 'CLEAR', 'OPENING', 'BANCO_AMBOS')",57,12,12,100.000,BARRIER,28.070,2.135552,8.4617
"('TANK', 'TANK', 'DOMINANT', 'FULL', 'FULL', 'FIELD_OURS_DEF', 'SLOWER', 'MEC_USED', 'CLEAN', 'CLEAN', 'NEUTRAL', 'NEUTRAL', 'CLEAR', 'CLEAR', 'OPENING', 'BANCO_AMBOS')",57,3,3,100.000,ATTACK_STRONG,63.158,0.909708,2.4836
"('TANK', 'TANK', 'NEUTRAL', 'FULL', 'FULL', 'NORMAL', 'FASTER', 'MEC_USED', 'AFFLICTED', 'CLEAN', 'NEUTRAL', 'NEUTRAL', 'SET', 'CLEAR', 'OPENING', 'BANCO_OFF')",57,8,10,80.000,CLEAN_HAZARD,56.140,1.519948,4.5720
"('TANK', 'SWEEPER', 'NEUTRAL', 'FULL', 'FULL', 'FIELD_SHARED', 'SLOWER', 'MEC_USED', 'CLEAN', 'CLEAN', 'NEUTRAL', 'NEUTRAL', 'CLEAR', 'CLEAR', 'OPENING', 'BANCO_VAZIO')",57,13,13,100.000,ATTACK_PIVOT,17.544,2.336585,10.3458
"('TANK', 'UTILITY', 'NEUTRAL', 'FULL', 'FULL', 'FIELD_OURS_OFF', 'FASTER', 'MEC_USED', 'CLEAN', 'CLEAN', 'NEUTRAL', 'NEUTRAL', 'CLEAR', 'CLEAR', 'OPENING', 'BANCO_AMBOS')",57,11,12,91.667,STATUS,31.579,2.073123,7.9496
"('TANK', 'TANK', 'DOMINANT', 'FULL', 'SAFE', 'NORMAL', 'FASTER', 'MEC_USED', 'CLEAN', 'CLEAN', 'NEUTRAL', 'NEUTRAL', 'CLEAR', 'CLEAR', 'OPENING', 'BANCO_AMBOS')",56,12,14,85.714,SWITCH_DEFENSIVE,19.643,2.322763,10.2038
"('TANK', 'UTILITY', 'OFFENSIVE_ADV', 'SAFE', 'FULL', 'NORMAL', 'SLOWER', 'MEC_USED', 'CLEAN', 'CLEAN', 'NEUTRAL', 'NEUTRAL', 'CLEAR', 'CLEAR', 'OPENING', 'BANCO_OFF')",56,13,13,100.000,STATUS,21.429,2.350138,10.4870
"('SWEEPER', 'TANK', 'NEUTRAL', 'FULL', 'FULL', 'NORMAL', 'FASTER', 'MEC_USED', 'CLEAN', 'CLEAN', 'NEUTRAL', 'NEUTRAL', 'CLEAR', 'CLEAR', 'OPENING', 'BANCO_VAZIO')",56,9,10,90.000,SWITCH_OFFENSIVE,26.786,2.003166,7.4125
"('TANK', 'TANK', 'OFFENSIVE_ADV', 'DANGER', 'SAFE', 'NORMAL', 'FASTER', 'MEC_USED', 'CLEAN', 'CLEAN', 'NEUTRAL', 'NEUTRAL', 'CLEAR', 'CLEAR', 'OPENING', 'BANCO_OFF')",56,11,11,100.000,BUFF,16.071,2.300229,9.9765
"('TANK', 'SWEEPER', 'OFFENSIVE_DIS', 'FULL', 'FULL', 'FIELD_SHARED', 'SLOWER', 'MEC_USED', 'CLEAN', 'CLEAN', 'NEUTRAL', 'NEUTRAL', 'CLEAR', 'CLEAR', 'OPENING', 'BANCO_OFF')",56,15,15,100.000,PROTECT,16.071,2.505255,12.2467
"('TANK', 'TANK', 'DEFENSIVE_ADV', 'FULL', 'FULL', 'NORMAL', 'FASTER', 'MEC_USED', 'CLEAN', 'CLEAN', 'NEUTRAL', 'NEUTRAL', 'SET', 'CLEAR', 'OPENING', 'BANCO_AMBOS')",56,12,12,100.000,CLEAN_HAZARD,42.857,1.957562,7.0820
"('TANK', 'TANK', 'OFFENSIVE_ADV', 'FULL', 'FULL', 'NORMAL', 'FASTER', 'MEC_AVAIL', 'CLEAN', 'CLEAN', 'NEUTRAL', 'NEUTRAL', 'SET', 'CLEAR', 'OPENING', 'BANCO_AMBOS')",55,14,16,87.500,ATTACK_STRONG,30.909,2.259996,9.5830
"('TANK', 'TANK', 'NEUTRAL', 'SAFE', 'SAFE', 'NORMAL', 'FASTER', 'MEC_USED', 'CLEAN', 'CLEAN', 'NEUTRAL', 'NEUTRAL', 'SET', 'CLEAR', 'OPENING', 'BANCO_AMBOS')",55,14,15,93.333,SWITCH_DEFENSIVE,29.091,2.253529,9.5213
"('TANK', 'TANK', 'DEFENSIVE_DIS', 'SAFE', 'SAFE', 'NORMAL', 'SLOWER', 'MEC_USED', 'CLEAN', 'CLEAN', 'NEUTRAL', 'NEUTRAL', 'CLEAR', 'CLEAR', 'RECOVERING', 'BANCO_VAZIO')",55,14,15,93.333,SWITCH_OFFENSIVE,20.000,2.435793,11.4249
"('TANK', 'TANK', 'OFFENSIVE_DIS', 'SAFE', 'FULL', 'NORMAL', 'SLOWER', 'MEC_USED', 'CLEAN', 'CLEAN', 'NEUTRAL', 'NEUTRAL', 'SET', 'CLEAR', 'OPENING', 'BANCO_OFF')",55,13,14,92.857,STAT_CLEAN,25.455,2.303245,10.0066
"('TANK', 'SWEEPER', 'VOLATILE', 'FULL', 'FULL', 'NORMAL', 'SLOWER', 'MEC_USED', 'CLEAN', 'CLEAN', 'NEUTRAL', 'NEUTRAL', 'CLEAR', 'CLEAR', 'OPENING', 'BANCO_AMBOS')",55,12,13,92.308,SWITCH_DEFENSIVE,21.818,2.220192,9.2091
"('TANK', 'TANK', 'VOLATILE', 'FULL', 'FULL', 'FIELD_THEIRS', 'FASTER', 'MEC_USED', 'CLEAN', 'CLEAN', 'NEUTRAL', 'NEUTRAL', 'CLEAR', 'CLEAR', 'OPENING', 'BANCO_VAZIO')",55,6,10,60.000,ATTACK_STRONG,89.091,0.514870,1.6734
"('TANK', 'TANK', 'VOLATILE', 'FULL', 'FULL', 'FIELD_OURS_DEF', 'SLOWER', 'MEC_AVAIL', 'CLEAN', 'CLEAN', 'NEUTRAL', 'NEUTRAL', 'CLEAR', 'CLEAR', 'OPENING', 'BANCO_OFF')",55,7,10,70.000,HAZARD_MEC,27.273,1.714334,5.5530
"('TANK', 'TANK', 'VOLATILE', 'FULL', 'FULL', 'NORMAL', 'SLOWER', 'MEC_USED', 'CLEAN', 'CLEAN', 'NEUTRAL', 'NEUTRAL', 'CLEAR', 'CLEAR', 'OPENING', 'BANCO_AMBOS')",55,11,13,84.615,SWITCH_DEFENSIVE,23.636,2.145321,8.5448
"('TANK', 'TANK', 'DOMINANT', 'SAFE', 'FULL', 'NORMAL', 'FASTER', 'MEC_USED', 'CLEAN', 'CLEAN', 'NEUTRAL', 'NEUTRAL', 'CLEAR', 'CLEAR', 'OPENING', 'BANCO_AMBOS')",55,12,14,85.714,ATTACK_PIVOT,23.636,2.118985,8.3227
"('TANK', 'TANK', 'DEFENSIVE_ADV', 'SAFE', 'SAFE', 'NORMAL', 'SLOWER', 'MEC_USED', 'CLEAN', 'CLEAN', 'NEUTRAL', 'NEUTRAL', 'CLEAR', 'CLEAR', 'OPENING', 'BANCO_OFF')",55,12,12,100.000,ATTACK_TECH,18.182,2.247711,9.4660
"('TANK', 'TANK', 'OFFENSIVE_ADV', 'FULL', 'SAFE', 'NORMAL', 'FASTER', 'MEC_USED', 'CLEAN', 'CLEAN', 'NEUTRAL', 'DEBUFF', 'CLEAR', 'CLEAR', 'OPENING', 'BANCO_OFF')",55,12,12,100.000,ATTACK_TECH,30.909,2.092922,8.1086
"('TANK', 'TANK', 'DEFENSIVE_DIS', 'SAFE', 'FULL', 'NORMAL', 'FASTER', 'MEC_USED', 'CLEAN', 'CLEAN', 'BUFFED', 'NEUTRAL', 'CLEAR', 'CLEAR', 'OPENING', 'BANCO_OFF')",55,8,8,100.000,BUFF,25.455,1.870052,6.4886
"('SWEEPER', 'SWEEPER', 'NEUTRAL', 'FULL', 'FULL', 'FIELD_THEIRS', 'SLOWER', 'MEC_USED', 'CLEAN', 'CLEAN', 'NEUTRAL', 'NEUTRAL', 'CLEAR', 'CLEAR', 'OPENING', 'BANCO_OFF')",55,11,11,100.000,ATTACK_PIVOT,23.636,2.168651,8.7465
"('TANK', 'UTILITY', 'STALEMATE', 'FULL', 'FULL', 'FIELD_SHARED', 'SLOWER', 'MEC_USED', 'CLEAN', 'CLEAN', 'NEUTRAL', 'NEUTRAL', 'CLEAR', 'CLEAR', 'OPENING', 'BANCO_OFF')",55,10,13,76.923,ATTACK_TECH,34.545,1.989184,7.3096
"('TANK', 'TANK', 'NEUTRAL', 'DANGER', 'FULL', 'NORMAL', 'FASTER', 'MEC_USED', 'CLEAN', 'CLEAN', 'NEUTRAL', 'NEUTRAL', 'CLEAR', 'CLEAR', 'RECOVERING', 'BANCO_VAZIO')",55,14,14,100.000,CLEAN_HAZARD,29.091,2.315239,10.1273
"('TANK', 'TANK', 'NEUTRAL', 'FULL', 'FULL', 'NORMAL', 'FASTER', 'MEC_USED', 'AFFLICTED', 'CLEAN', 'DEBUFF', 'DEBUFF', 'SET', 'SET', 'CLUTCH', 'BANCO_VAZIO')",54,4,4,100.000,HAZARD,68.519,0.762600,2.1438
"('TANK', 'SWEEPER', 'OFFENSIVE_ADV', 'SAFE', 'SAFE', 'NORMAL', 'SLOWER', 'MEC_USED', 'CLEAN', 'CLEAN', 'NEUTRAL', 'NEUTRAL', 'CLEAR', 'CLEAR', 'OPENING', 'BANCO_OFF')",54,13,14,92.857,HEAL,18.519,2.438680,11.4579
"('TANK', 'TANK', 'DEFENSIVE_DIS', 'FULL', 'FULL', 'NORMAL', 'FASTER', 'MEC_USED', 'CLEAN', 'CLEAN', 'NEUTRAL', 'NEUTRAL', 'SET', 'CLEAR', 'OPENING', 'BANCO_AMBOS')",54,13,14,92.857,HEAL,35.185,2.063938,7.8769
"('TANK', 'UTILITY', 'DEFENSIVE_DIS', 'FULL', 'FULL', 'NORMAL', 'SLOWER', 'MEC_USED', 'CLEAN', 'CLEAN', 'NEUTRAL', 'NEUTRAL', 'CLEAR', 'CLEAR', 'OPENING', 'BANCO_OFF')",54,13,13,100.000,ATTACK_PIVOT,37.037,1.996410,7.3626
"('TANK', 'TANK', 'OFFENSIVE_DIS', 'SAFE', 'FULL', 'NORMAL', 'SLOWER', 'MEC_USED', 'CLEAN', 'CLEAN', 'NEUTRAL', 'NEUTRAL', 'CLEAR', 'CLEAR', 'OPENING', 'BANCO_AMBOS')",54,15,16,93.750,FIELD_CONTROL,25.926,2.398184,11.0032
"('TANK', 'SWEEPER', 'NEUTRAL', 'FULL', 'FULL', 'FIELD_OURS_OFF', 'SLOWER', 'MEC_USED', 'CLEAN', 'CLEAN', 'NEUTRAL', 'NEUTRAL', 'CLEAR', 'CLEAR', 'OPENING', 'BANCO_OFF')",54,12,13,92.308,ATTACK_STRONG,31.481,2.071085,7.9334
"('TANK', 'TANK', 'NEUTRAL', 'SAFE', 'SAFE', 'NORMAL', 'SLOWER', 'MEC_USED', 'CLEAN', 'CLEAN', 'NEUTRAL', 'NEUTRAL', 'CLEAR', 'SET', 'OPENING', 'BANCO_OFF')",54,9,13,69.231,ATTACK_STRONG,31.481,1.702601,5.4882
"('TANK', 'TANK', 'NEUTRAL', 'SAFE', 'FULL', 'FIELD_SHARED', 'SLOWER', 'MEC_USED', 'CLEAN', 'CLEAN', 'NEUTRAL', 'NEUTRAL', 'CLEAR', 'CLEAR', 'OPENING', 'BANCO_AMBOS')",54,15,16,93.750,ATTACK_TECH,29.630,2.238099,9.3755
"('TANK', 'TANK', 'OFFENSIVE_ADV', 'SAFE', 'SAFE', 'NORMAL', 'FASTER', 'MEC_USED', 'CLEAN', 'CLEAN', 'NEUTRAL', 'NEUTRAL', 'CLEAR', 'CLEAR', 'OPENING', 'BANCO_VAZIO')",54,12,13,92.308,HEAL,44.444,1.935789,6.9295
"('TANK', 'TANK', 'CRITICAL_DIS', 'SAFE', 'FULL', 'NORMAL', 'SLOWER', 'MEC_USED', 'CLEAN', 'CLEAN', 'NEUTRAL', 'NEUTRAL', 'CLEAR', 'CLEAR', 'RECOVERING', 'BANCO_VAZIO')",54,13,14,92.857,ATTACK_PIVOT,51.852,1.792282,6.0031
"('TANK', 'SWEEPER', 'NEUTRAL', 'FULL', 'SAFE', 'NORMAL', 'SLOWER', 'MEC_USED', 'CLEAN', 'CLEAN', 'NEUTRAL', 'NEUTRAL', 'CLEAR', 'CLEAR', 'OPENING', 'BANCO_OFF')",54,11,12,91.667,ATTACK_STRONG,29.630,2.092474,8.1049
"('TANK', 'TANK', 'OFFENSIVE_ADV', 'FULL', 'FULL', 'NORMAL', 'FASTER', 'MEC_AVAIL', 'CLEAN', 'CLEAN', 'NEUTRAL', 'NEUTRAL', 'SET', 'CLEAR', 'OPENING', 'BANCO_OFF')",54,15,16,93.750,ATTACK_STRONG_MEC,14.815,2.512918,12.3409
"('TANK', 'TANK', 'OFFENSIVE_ADV', 'SAFE', 'FULL', 'NORMAL', 'SLOWER', 'MEC_USED', 'CLEAN', 'CLEAN', 'NEUTRAL', 'NEUTRAL', 'CLEAR', 'CLEAR', 'OPENING', 'BANCO_AMBOS')",54,13,13,100.000,CLEAN_HAZARD,24.074,2.268519,9.6651
"('TANK', 'UTILITY', 'OFFENSIVE_DIS', 'FULL', 'FULL', 'FIELD_SHARED', 'SLOWER', 'MEC_USED', 'CLEAN', 'CLEAN', 'NEUTRAL', 'NEUTRAL', 'CLEAR', 'CLEAR', 'OPENING', 'BANCO_AMBOS')",54,14,15,93.333,SWITCH_DEFENSIVE,16.667,2.365421,10.6485
"('TANK', 'TANK', 'NEUTRAL', 'SAFE', 'FULL', 'NORMAL', 'SLOWER', 'MEC_USED', 'CLEAN', 'CLEAN', 'NEUTRAL', 'NEUTRAL', 'CLEAR', 'CLEAR', 'BRAWL', 'BANCO_VAZIO')",54,10,13,76.923,HEAL,31.481,1.842134,6.3100
"('TANK', 'TANK', 'NEUTRAL', 'SAFE', 'SAFE', 'NORMAL', 'FASTER', 'MEC_USED', 'CLEAN', 'CLEAN', 'NEUTRAL', 'NEUTRAL', 'CLEAR', 'SET', 'OPENING', 'BANCO_VAZIO')",53,14,17,82.353,ATTACK_TECH,22.642,2.265746,9.6383
"('TANK', 'TANK', 'NEUTRAL', 'FULL', 'FULL', 'NORMAL', 'SLOWER', 'MEC_USED', 'CLEAN', 'CLEAN', 'NEUTRAL', 'NEUTRAL', 'SET', 'CLEAR', 'BRAWL', 'BANCO_OFF')",53,12,12,100.000,HEAL,20.755,2.346069,10.4444
"('TANK', 'TANK', 'DOMINANT', 'SAFE', 'FULL', 'NORMAL', 'SLOWER', 'MEC_USED', 'CLEAN', 'CLEAN', 'NEUTRAL', 'NEUTRAL', 'CLEAR', 'CLEAR', 'OPENING', 'BANCO_AMBOS')",53,13,13,100.000,ATTACK_STRONG,22.642,2.284075,9.8166
"('TANK', 'TANK', 'OFFENSIVE_DIS', 'FULL', 'FULL', 'NORMAL', 'SLOWER', 'MEC_USED', 'CLEAN', 'CLEAN', 'NEUTRAL', 'NEUTRAL', 'SET', 'CLEAR', 'OPENING', 'BANCO_AMBOS')",53,15,15,100.000,HAZARD,13.208,2.605177,13.5336
"('TANK', 'TANK', 'OFFENSIVE_ADV', 'FULL', 'FULL', 'NORMAL', 'FASTER', 'MEC_USED', 'CLEAN', 'CLEAN', 'NEUTRAL', 'DEBUFF', 'CLEAR', 'CLEAR', 'OPENING', 'BANCO_OFF')",53,11,11,100.000,ATTACK_TECH,35.849,1.903996,6.7127
"('TANK', 'SWEEPER', 'OFFENSIVE_DIS', 'FULL', 'SAFE', 'NORMAL', 'SLOWER', 'MEC_USED', 'CLEAN', 'CLEAN', 'NEUTRAL', 'NEUTRAL', 'CLEAR', 'CLEAR', 'OPENING', 'BANCO_OFF')",53,12,13,92.308,HEAL_STATUS,28.302,2.190508,8.9398
"('TANK', 'TANK', 'DEFENSIVE_ADV', 'FULL', 'FULL', 'NORMAL', 'SLOWER', 'MEC_USED', 'CLEAN', 'CLEAN', 'NEUTRAL', 'NEUTRAL', 'CLEAR', 'CLEAR', 'OPENING', 'BANCO_DEF')",53,12,12,100.000,HEAL,20.755,2.271398,9.6929
"('TANK', 'TANK', 'CRITICAL_DIS', 'SAFE', 'FULL', 'NORMAL', 'FASTER', 'MEC_USED', 'CLEAN', 'CLEAN', 'NEUTRAL', 'NEUTRAL', 'CLEAR', 'CLEAR', 'OPENING', 'BANCO_AMBOS')",53,12,13,92.308,SWITCH_DEFENSIVE,22.642,2.143722,8.5311
"('TANK', 'TANK', 'CRITICAL_DIS', 'FULL', 'FULL', 'NORMAL', 'SLOWER', 'MEC_USED', 'CLEAN', 'CLEAN', 'NEUTRAL', 'NEUTRAL', 'CLEAR', 'CLEAR', 'RECOVERING', 'BANCO_VAZIO')",53,12,14,85.714,ATTACK_STRONG,20.755,2.214530,9.1571
"('UTILITY', 'TANK', 'DOMINANT', 'FULL', 'FULL', 'FIELD_THEIRS', 'FASTER', 'MEC_AVAIL', 'CLEAN', 'CLEAN', 'NEUTRAL', 'NEUTRAL', 'CLEAR', 'CLEAR', 'OPENING', 'BANCO_OFF')",53,7,8,87.500,ATTACK_STRONG_MEC,26.415,1.690094,5.4200
"('TANK', 'TANK', 'DOMINANT', 'FULL', 'SAFE', 'FIELD_THEIRS', 'SLOWER', 'MEC_USED', 'CLEAN', 'CLEAN', 'NEUTRAL', 'NEUTRAL', 'CLEAR', 'CLEAR', 'OPENING', 'BANCO_OFF')",53,12,12,100.000,SWITCH_OFFENSIVE,16.981,2.269946,9.6789
"('TANK', 'TANK', 'NEUTRAL', 'FULL', 'SAFE', 'NORMAL', 'SLOWER', 'MEC_USED', 'CLEAN', 'CLEAN', 'NEUTRAL', 'NEUTRAL', 'CLEAR', 'CLEAR', 'BRAWL', 'BANCO_VAZIO')",53,11,14,78.571,ATTACK_TECH,16.981,2.167723,8.7384
"('SWEEPER', 'TANK', 'NEUTRAL', 'FULL', 'FULL', 'NORMAL', 'FASTER', 'MEC_USED', 'CLEAN', 'CLEAN', 'NEUTRAL', 'NEUTRAL', 'SET', 'CLEAR', 'OPENING', 'BANCO_OFF')",53,10,10,100.000,CLEAN_HAZARD,54.717,1.607629,4.9910
"('TANK', 'TANK', 'DEFENSIVE_DIS', 'FULL', 'FULL', 'NORMAL', 'SLOWER', 'MEC_USED', 'CLEAN', 'CLEAN', 'NEUTRAL', 'NEUTRAL', 'CLEAR', 'CLEAR', 'RECOVERING', 'BANCO_VAZIO')",52,14,15,93.333,ATTACK_STRONG,26.923,2.303904,10.0132
"('TANK', 'TANK', 'OFFENSIVE_DIS', 'SAFE', 'SAFE', 'NORMAL', 'FASTER', 'MEC_USED', 'CLEAN', 'CLEAN', 'NEUTRAL', 'NEUTRAL', 'SET', 'CLEAR', 'OPENING', 'BANCO_OFF')",52,15,16,93.750,HEAL,26.923,2.363971,10.6331
"('SWEEPER', 'SWEEPER', 'OFFENSIVE_ADV', 'FULL', 'FULL', 'FIELD_OURS_OFF', 'FASTER', 'MEC_USED', 'CLEAN', 'CLEAN', 'NEUTRAL', 'NEUTRAL', 'CLEAR', 'CLEAR', 'OPENING', 'BANCO_AMBOS')",52,7,7,100.000,ATTACK_STRONG,32.692,1.816378,6.1495
"('SWEEPER', 'TANK', 'DOMINANT', 'CRIT', 'FULL', 'NORMAL', 'FASTER', 'MEC_USED', 'CLEAN', 'CLEAN', 'BUFFED', 'NEUTRAL', 'SET', 'CLEAR', 'CLUTCH', 'BANCO_VAZIO')",52,3,5,60.000,BUFF,55.769,0.982524,2.6712
"('TANK', 'TANK', 'OFFENSIVE_ADV', 'SAFE', 'SAFE', 'FIELD_SHARED', 'SLOWER', 'MEC_USED', 'CLEAN', 'CLEAN', 'NEUTRAL', 'NEUTRAL', 'CLEAR', 'CLEAR', 'OPENING', 'BANCO_OFF')",52,13,13,100.000,SWITCH_OFFENSIVE,17.308,2.366205,10.6569
"('TANK', 'TANK', 'DEFENSIVE_DIS', 'FULL', 'FULL', 'NORMAL', 'SLOWER', 'MEC_AVAIL', 'CLEAN', 'CLEAN', 'NEUTRAL', 'NEUTRAL', 'CLEAR', 'CLEAR', 'OPENING', 'BANCO_OFF')",52,17,20,85.000,FIELD_CONTROL_MEC,19.231,2.610226,13.6021
"('UTILITY', 'SWEEPER', 'NEUTRAL', 'FULL', 'FULL', 'NORMAL', 'SLOWER', 'MEC_USED', 'CLEAN', 'CLEAN', 'DEBUFF', 'NEUTRAL', 'CLEAR', 'CLEAR', 'OPENING', 'BANCO_OFF')",52,8,8,100.000,SWITCH_OFFENSIVE,26.923,1.860252,6.4254
"('TANK', 'TANK', 'OFFENSIVE_ADV', 'FULL', 'SAFE', 'NORMAL', 'FASTER', 'MEC_USED', 'CLEAN', 'CLEAN', 'NEUTRAL', 'NEUTRAL', 'CLEAR', 'CLEAR', 'OPENING', 'BANCO_VAZIO')",52,13,13,100.000,ATTACK_STRONG,19.231,2.318610,10.1615
"('SWEEPER', 'TANK', 'NEUTRAL', 'FULL', 'FULL', 'NORMAL', 'FASTER', 'MEC_USED', 'CLEAN', 'CLEAN', 'NEUTRAL', 'NEUTRAL', 'CLEAR', 'CLEAR', 'OPENING', 'BANCO_DEF')",52,8,9,88.889,SWITCH_DEFENSIVE,28.846,1.931573,6.9004
"('TANK', 'TANK', 'OFFENSIVE_ADV', 'FULL', 'DANGER', 'NORMAL', 'SLOWER', 'MEC_USED', 'CLEAN', 'CLEAN', 'NEUTRAL', 'NEUTRAL', 'CLEAR', 'CLEAR', 'OPENING', 'BANCO_OFF')",52,12,15,80.000,ATTACK_STRONG,28.846,2.076514,7.9766
"('TANK', 'TANK', 'NEUTRAL', 'SAFE', 'SAFE', 'NORMAL', 'FASTER', 'MEC_USED', 'CLEAN', 'CLEAN', 'NEUTRAL', 'NEUTRAL', 'CLEAR', 'CLEAR', 'BRAWL', 'BANCO_VAZIO')",52,14,14,100.000,ATTACK_TECH,26.923,2.367843,10.6743
"('TANK', 'TANK', 'OFFENSIVE_ADV', 'FULL', 'FULL', 'FIELD_THEIRS', 'SLOWER', 'MEC_AVAIL', 'CLEAN', 'CLEAN', 'NEUTRAL', 'NEUTRAL', 'CLEAR', 'CLEAR', 'OPENING', 'BANCO_AMBOS')",51,13,16,81.250,FIELD_CONTROL,29.412,2.244989,9.4403
"('TANK', 'TANK', 'NEUTRAL', 'SAFE', 'SAFE', 'NORMAL', 'SLOWER', 'MEC_USED', 'CLEAN', 'CLEAN', 'NEUTRAL', 'NEUTRAL', 'SET', 'SET', 'RECOVERING', 'BANCO_VAZIO')",51,14,14,100.000,ATTACK_TECH,25.490,2.217376,9.1832
"('TANK', 'TANK', 'DEFENSIVE_DIS', 'FULL', 'FULL', 'FIELD_OURS_DEF', 'SLOWER', 'MEC_USED', 'CLEAN', 'CLEAN', 'NEUTRAL', 'NEUTRAL', 'CLEAR', 'CLEAR', 'OPENING', 'BANCO_AMBOS')",51,7,8,87.500,ATTACK_STRONG,43.137,1.356795,3.8837
"('TANK', 'TANK', 'CRITICAL_DIS', 'FULL', 'SAFE', 'NORMAL', 'SLOWER', 'MEC_USED', 'CLEAN', 'CLEAN', 'NEUTRAL', 'NEUTRAL', 'CLEAR', 'CLEAR', 'RECOVERING', 'BANCO_VAZIO')",51,11,12,91.667,ATTACK_STRONG,27.451,2.124294,8.3670
"('SWEEPER', 'TANK', 'VOLATILE', 'FULL', 'FULL', 'FIELD_THEIRS', 'FASTER', 'MEC_USED', 'CLEAN', 'CLEAN', 'NEUTRAL', 'DEBUFF', 'CLEAR', 'CLEAR', 'OPENING', 'BANCO_OFF')",51,8,8,100.000,SWITCH_OFFENSIVE,27.451,1.873932,6.5139
"('TANK', 'TANK', 'OFFENSIVE_DIS', 'FULL', 'FULL', 'NORMAL', 'FASTER', 'MEC_USED', 'AFFLICTED', 'CLEAN', 'NEUTRAL', 'NEUTRAL', 'CLEAR', 'CLEAR', 'CLUTCH', 'BANCO_VAZIO')",51,5,8,62.500,HEAL,54.902,1.160475,3.1914
"('TANK', 'SWEEPER', 'NEUTRAL', 'SAFE', 'SAFE', 'NORMAL', 'SLOWER', 'MEC_USED', 'CLEAN', 'CLEAN', 'NEUTRAL', 'NEUTRAL', 'CLEAR', 'CLEAR', 'OPENING', 'BANCO_OFF')",51,14,14,100.000,ATTACK_STRONG,25.490,2.284023,9.8161
"('TANK', 'TANK', 'OFFENSIVE_DIS', 'FULL', 'FULL', 'FIELD_OURS_DEF', 'FASTER', 'MEC_USED', 'CLEAN', 'CLEAN', 'NEUTRAL', 'NEUTRAL', 'CLEAR', 'CLEAR', 'OPENING', 'BANCO_OFF')",51,10,10,100.000,SWITCH_DEFENSIVE,47.059,1.718741,5.5775
"('TANK', 'TANK', 'OFFENSIVE_DIS', 'FULL', 'FULL', 'NORMAL', 'SLOWER', 'MEC_USED', 'CLEAN', 'CLEAN', 'NEUTRAL', 'NEUTRAL', 'CLEAR', 'CLEAR', 'BRAWL', 'BANCO_VAZIO')",51,10,13,76.923,HEAL_STATUS,37.255,1.959874,7.0984
"('TANK', 'TANK', 'DOMINANT', 'FULL', 'FULL', 'FIELD_OURS_OFF', 'SLOWER', 'MEC_USED', 'CLEAN', 'CLEAN', 'NEUTRAL', 'NEUTRAL', 'CLEAR', 'CLEAR', 'OPENING', 'BANCO_OFF')",51,10,10,100.000,STATUS,33.333,1.976192,7.2152
"('TANK', 'TANK', 'NEUTRAL', 'DANGER', 'SAFE', 'NORMAL', 'FASTER', 'MEC_USED', 'CLEAN', 'CLEAN', 'NEUTRAL', 'NEUTRAL', 'CLEAR', 'CLEAR', 'RECOVERING', 'BANCO_VAZIO')",51,12,14,85.714,HEAL,23.529,2.131743,8.4295
"('UTILITY', 'TANK', 'NEUTRAL', 'FULL', 'FULL', 'NORMAL', 'SLOWER', 'MEC_USED', 'CLEAN', 'CLEAN', 'NEUTRAL', 'NEUTRAL', 'CLEAR', 'CLEAR', 'OPENING', 'BANCO_OFF')",51,7,8,87.500,FIELD_CONTROL,39.216,1.648489,5.1991
"('TANK', 'TANK', 'OFFENSIVE_DIS', 'SAFE', 'FULL', 'NORMAL', 'SLOWER', 'MEC_USED', 'CLEAN', 'CLEAN', 'NEUTRAL', 'NEUTRAL', 'SET', 'CLEAR', 'OPENING', 'BANCO_VAZIO')",51,13,14,92.857,PROTECT,27.451,2.317378,10.1490
"('TANK', 'TANK', 'CRITICAL_DIS', 'FULL', 'FULL', 'FIELD_OURS_OFF', 'FASTER', 'MEC_USED', 'CLEAN', 'CLEAN', 'NEUTRAL', 'NEUTRAL', 'CLEAR', 'CLEAR', 'OPENING', 'BANCO_OFF')",51,11,12,91.667,DISRUPTION,25.490,2.027335,7.5938
"('TANK', 'TANK', 'OFFENSIVE_DIS', 'FULL', 'FULL', 'NORMAL', 'FASTER', 'MEC_USED', 'AFFLICTED', 'AFFLICTED', 'NEUTRAL', 'NEUTRAL', 'CLEAR', 'CLEAR', 'DOMINATING', 'BANCO_VAZIO')",50,5,7,71.429,STATUS,86.000,0.594213,1.8116
"('TANK', 'TANK', 'DEFENSIVE_DIS', 'SAFE', 'FULL', 'NORMAL', 'FASTER', 'MEC_USED', 'CLEAN', 'CLEAN', 'NEUTRAL', 'NEUTRAL', 'SET', 'CLEAR', 'OPENING', 'BANCO_OFF')",50,15,15,100.000,HEAL,22.000,2.410769,11.1425
"('TANK', 'TANK', 'DEFENSIVE_DIS', 'SAFE', 'FULL', 'NORMAL', 'SLOWER', 'MEC_USED', 'CLEAN', 'AFFLICTED', 'NEUTRAL', 'NEUTRAL', 'SET', 'SET', 'CLUTCH', 'BANCO_VAZIO')",50,8,9,88.889,STATUS,48.000,1.615102,5.0284
"('TANK', 'UTILITY', 'NEUTRAL', 'FULL', 'FULL', 'FIELD_SHARED', 'SLOWER', 'MEC_USED', 'CLEAN', 'CLEAN', 'NEUTRAL', 'NEUTRAL', 'CLEAR', 'CLEAR', 'OPENING', 'BANCO_OFF')",50,11,11,100.000,CLEAN_HAZARD,30.000,2.148205,8.5695
"('UTILITY', 'TANK', 'DEFENSIVE_ADV', 'FULL', 'FULL', 'NORMAL', 'FASTER', 'MEC_USED', 'CLEAN', 'CLEAN', 'NEUTRAL', 'NEUTRAL', 'CLEAR', 'CLEAR', 'OPENING', 'BANCO_OFF')",50,9,10,90.000,ATTACK_STRONG,16.000,2.152901,8.6098
"('SWEEPER', 'SWEEPER', 'OFFENSIVE_ADV', 'FULL', 'FULL', 'FIELD_OURS_OFF', 'FASTER', 'MEC_USED', 'CLEAN', 'CLEAN', 'NEUTRAL', 'NEUTRAL', 'CLEAR', 'CLEAR', 'OPENING', 'BANCO_OFF')",50,9,11,81.818,ATTACK_PIVOT,26.000,1.943578,6.9837
"('TANK', 'TANK', 'OFFENSIVE_DIS', 'SAFE', 'SAFE', 'NORMAL', 'SLOWER', 'MEC_USED', 'CLEAN', 'CLEAN', 'NEUTRAL', 'NEUTRAL', 'SET', 'SET', 'RECOVERING', 'BANCO_VAZIO')",50,13,14,92.857,ATTACK_TECH,24.000,2.159117,8.6635
"('TANK', 'UTILITY', 'OFFENSIVE_DIS', 'SAFE', 'FULL', 'NORMAL', 'SLOWER', 'MEC_USED', 'CLEAN', 'CLEAN', 'NEUTRAL', 'NEUTRAL', 'CLEAR', 'CLEAR', 'OPENING', 'BANCO_OFF')",50,13,15,86.667,ATTACK_TECH,16.000,2.476047,11.8941
"('TANK', 'TANK', 'NEUTRAL', 'FULL', 'SAFE', 'NORMAL', 'SLOWER', 'MEC_USED', 'CLEAN', 'CLEAN', 'NEUTRAL', 'NEUTRAL', 'SET', 'CLEAR', 'OPENING', 'BANCO_AMBOS')",50,11,14,78.571,STAT_CLEAN,24.000,2.134033,8.4489
"('TANK', 'TANK', 'NEUTRAL', 'SAFE', 'SAFE', 'NORMAL', 'FASTER', 'MEC_USED', 'CLEAN', 'CLEAN', 'NEUTRAL', 'NEUTRAL', 'SET', 'CLEAR', 'BRAWL', 'BANCO_OFF')",50,10,15,66.667,STATUS,30.000,1.915188,6.7882
"('TANK', 'SWEEPER', 'OFFENSIVE_ADV', 'DANGER', 'FULL', 'NORMAL', 'SLOWER', 'MEC_USED', 'CLEAN', 'CLEAN', 'NEUTRAL', 'NEUTRAL', 'CLEAR', 'CLEAR', 'OPENING', 'BANCO_OFF')",50,13,15,86.667,SWITCH_DEFENSIVE,28.000,2.246999,9.4593
"('TANK', 'TANK', 'DOMINANT', 'SAFE', 'FULL', 'NORMAL', 'FASTER', 'MEC_USED', 'CLEAN', 'CLEAN', 'NEUTRAL', 'NEUTRAL', 'CLEAR', 'CLEAR', 'OPENING', 'BANCO_OFF')",50,12,13,92.308,ATTACK_PIVOT,16.000,2.291850,9.8932
"('TANK', 'TANK', 'DEFENSIVE_DIS', 'FULL', 'FULL', 'NORMAL', 'SLOWER', 'MEC_USED', 'CLEAN', 'CLEAN', 'NEUTRAL', 'NEUTRAL', 'CLEAR', 'CLEAR', 'OPENING', 'BANCO_VAZIO')",50,12,13,92.308,STAT_CLEAN,34.000,1.950957,7.0354
"('TANK', 'TANK', 'OFFENSIVE_ADV', 'FULL', 'FULL', 'FIELD_THEIRS', 'FASTER', 'MEC_AVAIL', 'CLEAN', 'CLEAN', 'NEUTRAL', 'NEUTRAL', 'CLEAR', 'CLEAR', 'OPENING', 'BANCO_AMBOS')",50,14,14,100.000,ATTACK_PIVOT_MEC,22.000,2.428030,11.3365
"('TANK', 'TANK', 'OFFENSIVE_DIS', 'FULL', 'FULL', 'NORMAL', 'SLOWER', 'MEC_USED', 'AFFLICTED', 'AFFLICTED', 'NEUTRAL', 'NEUTRAL', 'CLEAR', 'SET', 'CLUTCH', 'BANCO_VAZIO')",50,2,9,22.222,HEAL,98.000,0.098039,1.1030
"('TANK', 'TANK', 'NEUTRAL', 'SAFE', 'FULL', 'NORMAL', 'FASTER', 'MEC_USED', 'CLEAN', 'CLEAN', 'NEUTRAL', 'NEUTRAL', 'CLEAR', 'CLEAR', 'BRAWL', 'BANCO_AMBOS')",50,13,14,92.857,HEAL,46.000,1.859184,6.4185
"('TANK', 'TANK', 'DEFENSIVE_DIS', 'SAFE', 'SAFE', 'NORMAL', 'FASTER', 'MEC_USED', 'CLEAN', 'CLEAN', 'NEUTRAL', 'NEUTRAL', 'CLEAR', 'CLEAR', 'RECOVERING', 'BANCO_VAZIO')",49,14,15,93.333,CLEAN_HAZARD,22.449,2.347472,10.4591
"('TANK', 'TANK', 'DEFENSIVE_ADV', 'FULL', 'FULL', 'NORMAL', 'SLOWER', 'MEC_USED', 'AFFLICTED', 'AFFLICTED', 'DEBUFF', 'NEUTRAL', 'SET', 'CLEAR', 'CLUTCH', 'BANCO_VAZIO')",49,2,2,100.000,STAT_CLEAN,95.918,0.170530,1.1859
"('TANK', 'TANK', 'DOMINANT', 'FULL', 'SAFE', 'NORMAL', 'FASTER', 'MEC_USED', 'CLEAN', 'CLEAN', 'NEUTRAL', 'NEUTRAL', 'CLEAR', 'CLEAR', 'OPENING', 'BANCO_OFF')",49,13,14,92.857,SWITCH_DEFENSIVE,14.286,2.436072,11.4281
"('TANK', 'TANK', 'OFFENSIVE_DIS', 'SAFE', 'FULL', 'NORMAL', 'SLOWER', 'MEC_USED', 'CLEAN', 'CLEAN', 'NEUTRAL', 'NEUTRAL', 'CLEAR', 'CLEAR', 'BRAWL', 'BANCO_OFF')",49,14,15,93.333,STAT_CLEAN,18.367,2.473303,11.8616
"('TANK', 'UTILITY', 'OFFENSIVE_ADV', 'FULL', 'FULL', 'FIELD_THEIRS', 'SLOWER', 'MEC_USED', 'CLEAN', 'CLEAN', 'NEUTRAL', 'NEUTRAL', 'CLEAR', 'CLEAR', 'OPENING', 'BANCO_OFF')",49,13,14,92.857,SWITCH_DEFENSIVE,18.367,2.301774,9.9919
"('TANK', 'TANK', 'NEUTRAL', 'FULL', 'FULL', 'NORMAL', 'SLOWER', 'MEC_USED', 'CLEAN', 'CLEAN', 'NEUTRAL', 'NEUTRAL', 'SET', 'CLEAR', 'BRAWL', 'BANCO_VAZIO')",49,12,14,85.714,STAT_CLEAN,36.735,1.936412,6.9338
"('TANK', 'TANK', 'OFFENSIVE_ADV', 'FULL', 'FULL', 'NORMAL', 'SLOWER', 'MEC_USED', 'CLEAN', 'CLEAN', 'NEUTRAL', 'NEUTRAL', 'SET', 'CLEAR', 'OPENING', 'BANCO_AMBOS')",49,15,15,100.000,SWITCH_OFFENSIVE,30.612,2.242731,9.4190
"('TANK', 'TANK', 'DEFENSIVE_DIS', 'FULL', 'FULL', 'FIELD_THEIRS', 'FASTER', 'MEC_AVAIL', 'CLEAN', 'CLEAN', 'NEUTRAL', 'NEUTRAL', 'CLEAR', 'CLEAR', 'OPENING', 'BANCO_OFF')",49,10,12,83.333,SWITCH_DEFENSIVE,24.490,1.991218,7.3244
"('TANK', 'TANK', 'CRITICAL_DIS', 'SAFE', 'FULL', 'NORMAL', 'FASTER', 'MEC_USED', 'CLEAN', 'CLEAN', 'NEUTRAL', 'NEUTRAL', 'CLEAR', 'CLEAR', 'OPENING', 'BANCO_OFF')",49,15,16,93.750,CLEAN_HAZARD,14.286,2.591953,13.3558
"('TANK', 'TANK', 'STALEMATE', 'FULL', 'FULL', 'NORMAL', 'SLOWER', 'MEC_USED', 'AFFLICTED', 'AFFLICTED', 'DEBUFF', 'DEBUFF', 'CLEAR', 'CLEAR', 'OPENING', 'BANCO_OFF')",49,4,6,66.667,STAT_CLEAN,81.633,0.649000,1.9136
"('TANK', 'TANK', 'DEFENSIVE_ADV', 'FULL', 'FULL', 'NORMAL', 'SLOWER', 'MEC_USED', 'AFFLICTED', 'AFFLICTED', 'DEBUFF', 'NEUTRAL', 'SET', 'SET', 'CLUTCH', 'BANCO_VAZIO')",49,5,7,71.429,STATUS,87.755,0.523913,1.6886
"('TANK', 'TANK', 'STALEMATE', 'FULL', 'FULL', 'NORMAL', 'FASTER', 'MEC_USED', 'AFFLICTED', 'AFFLICTED', 'DEBUFF', 'DEBUFF', 'CLEAR', 'SET', 'RECOVERING', 'BANCO_VAZIO')",48,4,4,100.000,STAT_CLEAN,81.250,0.669145,1.9526
"('TANK', 'TANK', 'DEFENSIVE_DIS', 'FULL', 'FULL', 'NORMAL', 'FASTER', 'MEC_USED', 'CLEAN', 'AFFLICTED', 'NEUTRAL', 'DEBUFF', 'CLEAR', 'CLEAR', 'CLUTCH', 'BANCO_VAZIO')",48,7,10,70.000,STATUS,77.083,0.863815,2.3722
"('TANK', 'TANK', 'NEUTRAL', 'FULL', 'FULL', 'NORMAL', 'SLOWER', 'MEC_USED', 'AFFLICTED', 'AFFLICTED', 'NEUTRAL', 'DEBUFF', 'CLEAR', 'CLEAR', 'CLUTCH', 'BANCO_VAZIO')",48,2,6,33.333,HAZARD,79.167,0.511740,1.6682
"('UTILITY', 'TANK', 'OFFENSIVE_ADV', 'FULL', 'FULL', 'FIELD_OURS_OFF', 'FASTER', 'MEC_USED', 'CLEAN', 'CLEAN', 'NEUTRAL', 'NEUTRAL', 'CLEAR', 'CLEAR', 'OPENING', 'BANCO_OFF')",48,9,10,90.000,ATTACK_STRONG,45.833,1.712458,5.5426
"('SWEEPER', 'TANK', 'OFFENSIVE_ADV', 'FULL', 'SAFE', 'NORMAL', 'FASTER', 'MEC_USED', 'CLEAN', 'CLEAN', 'NEUTRAL', 'DEBUFF', 'CLEAR', 'CLEAR', 'OPENING', 'BANCO_OFF')",48,10,10,100.000,CLEAN_HAZARD,20.833,2.067432,7.9045
"('TANK', 'TANK', 'NEUTRAL', 'DANGER', 'SAFE', 'NORMAL', 'FASTER', 'MEC_USED', 'CLEAN', 'CLEAN', 'NEUTRAL', 'NEUTRAL', 'CLEAR', 'CLEAR', 'OPENING', 'BANCO_OFF')",48,12,13,92.308,DISRUPTION,12.500,2.429333,11.3513
"('TANK', 'TANK', 'DEFENSIVE_DIS', 'SAFE', 'FULL', 'NORMAL', 'SLOWER', 'MEC_USED', 'CLEAN', 'CLEAN', 'NEUTRAL', 'NEUTRAL', 'CLEAR', 'CLEAR', 'RECOVERING', 'BANCO_VAZIO')",48,14,15,93.333,ATTACK_STRONG,16.667,2.434224,11.4070
"('TANK', 'TANK', 'DEFENSIVE_ADV', 'FULL', 'SAFE', 'FIELD_SHARED', 'SLOWER', 'MEC_USED', 'CLEAN', 'CLEAN', 'NEUTRAL', 'NEUTRAL', 'CLEAR', 'CLEAR', 'OPENING', 'BANCO_OFF')",48,10,10,100.000,ATTACK_TECH,33.333,2.035525,7.6563
"('TANK', 'TANK', 'NEUTRAL', 'SAFE', 'FULL', 'NORMAL', 'FASTER', 'MEC_USED', 'CLEAN', 'CLEAN', 'NEUTRAL', 'NEUTRAL', 'SET', 'CLEAR', 'RECOVERING', 'BANCO_VAZIO')",48,13,14,92.857,ATTACK_STRONG,18.750,2.298147,9.9557
"('SWEEPER', 'TANK', 'NEUTRAL', 'FULL', 'SAFE', 'NORMAL', 'FASTER', 'MEC_USED', 'CLEAN', 'CLEAN', 'NEUTRAL', 'NEUTRAL', 'CLEAR', 'CLEAR', 'OPENING', 'BANCO_OFF')",48,9,9,100.000,SWITCH_OFFENSIVE,27.083,1.931190,6.8977
"('TANK', 'SWEEPER', 'VOLATILE', 'FULL', 'FULL', 'NORMAL', 'SLOWER', 'MEC_USED', 'CLEAN', 'CLEAN', 'DEBUFF', 'NEUTRAL', 'CLEAR', 'CLEAR', 'OPENING', 'BANCO_OFF')",48,8,11,72.727,STATUS,29.167,1.747693,5.7413
"('TANK', 'TANK', 'OFFENSIVE_DIS', 'SAFE', 'SAFE', 'NORMAL', 'SLOWER', 'MEC_USED', 'CLEAN', 'CLEAN', 'NEUTRAL', 'NEUTRAL', 'CLEAR', 'CLEAR', 'RECOVERING', 'BANCO_VAZIO')",48,12,14,85.714,SWITCH_OFFENSIVE,18.750,2.283385,9.8098
"('SWEEPER', 'TANK', 'DEFENSIVE_DIS', 'FULL', 'FULL', 'FIELD_OURS_OFF', 'FASTER', 'MEC_USED', 'CLEAN', 'CLEAN', 'NEUTRAL', 'NEUTRAL', 'CLEAR', 'CLEAR', 'OPENING', 'BANCO_AMBOS')",48,6,6,100.000,SWITCH_OFFENSIVE,29.167,1.673393,5.3302
"('TANK', 'SWEEPER', 'VOLATILE', 'FULL', 'FULL', 'FIELD_OURS_OFF', 'SLOWER', 'MEC_USED', 'CLEAN', 'CLEAN', 'NEUTRAL', 'NEUTRAL', 'CLEAR', 'CLEAR', 'OPENING', 'BANCO_OFF')",48,8,8,100.000,CLEAN_HAZARD,35.417,1.824602,6.2003
"('TANK', 'TANK', 'DEFENSIVE_DIS', 'DANGER', 'FULL', 'NORMAL', 'FASTER', 'MEC_USED', 'CLEAN', 'CLEAN', 'NEUTRAL', 'NEUTRAL', 'CLEAR', 'CLEAR', 'OPENING', 'BANCO_OFF')",48,13,13,100.000,SWITCH_OFFENSIVE,20.833,2.266343,9.6441
"('SWEEPER', 'TANK', 'NEUTRAL', 'SAFE', 'SAFE', 'NORMAL', 'FASTER', 'MEC_USED', 'CLEAN', 'CLEAN', 'NEUTRAL', 'NEUTRAL', 'CLEAR', 'CLEAR', 'OPENING', 'BANCO_AMBOS')",47,10,10,100.000,ATTACK_STRONG,17.021,2.130122,8.4159
"('TANK', 'TANK', 'NEUTRAL', 'SAFE', 'SAFE', 'NORMAL', 'SLOWER', 'MEC_USED', 'CLEAN', 'CLEAN', 'NEUTRAL', 'NEUTRAL', 'SET', 'CLEAR', 'OPENING', 'BANCO_VAZIO')",47,13,14,92.857,HEAL,21.277,2.364378,10.6374
"('TANK', 'TANK', 'DEFENSIVE_ADV', 'FULL', 'FULL', 'NORMAL', 'FASTER', 'MEC_AVAIL', 'CLEAN', 'CLEAN', 'NEUTRAL', 'NEUTRAL', 'CLEAR', 'CLEAR', 'OPENING', 'BANCO_AMBOS')",47,14,16,87.500,SWITCH_DEFENSIVE,31.915,2.244582,9.4365
"('SWEEPER', 'SWEEPER', 'OFFENSIVE_ADV', 'FULL', 'FULL', 'NORMAL', 'FASTER', 'MEC_USED', 'CLEAN', 'CLEAN', 'NEUTRAL', 'DEBUFF', 'CLEAR', 'CLEAR', 'OPENING', 'BANCO_AMBOS')",47,5,6,83.333,ATTACK_STRONG,34.043,1.482945,4.4059
"('TANK', 'SWEEPER', 'DEFENSIVE_DIS', 'FULL', 'FULL', 'FIELD_THEIRS', 'SLOWER', 'MEC_USED', 'CLEAN', 'CLEAN', 'NEUTRAL', 'NEUTRAL', 'CLEAR', 'CLEAR', 'OPENING', 'BANCO_AMBOS')",47,11,13,84.615,SWITCH_DEFENSIVE,27.660,2.089748,8.0829
"('TANK', 'TANK', 'NEUTRAL', 'FULL', 'FULL', 'NORMAL', 'FASTER', 'MEC_USED', 'CLEAN', 'CLEAN', 'NEUTRAL', 'NEUTRAL', 'CLEAR', 'SET', 'CLUTCH', 'BANCO_VAZIO')",47,8,11,72.727,HEAL,78.723,0.907890,2.4791
"('SWEEPER', 'TANK', 'NEUTRAL', 'FULL', 'FULL', 'FIELD_OURS_OFF', 'FASTER', 'MEC_USED', 'CLEAN', 'CLEAN', 'NEUTRAL', 'NEUTRAL', 'CLEAR', 'CLEAR', 'OPENING', 'BANCO_OFF')",47,11,11,100.000,ATTACK_PIVOT,21.277,2.164798,8.7128
"('TANK', 'TANK', 'NEUTRAL', 'FULL', 'SAFE', 'NORMAL', 'FASTER', 'MEC_USED', 'CLEAN', 'CLEAN', 'NEUTRAL', 'NEUTRAL', 'CLEAR', 'CLEAR', 'RECOVERING', 'BANCO_VAZIO')",47,13,13,100.000,ATTACK_STRONG,19.149,2.383873,10.8468
"('UTILITY', 'TANK', 'NEUTRAL', 'FULL', 'FULL', 'FIELD_THEIRS', 'SLOWER', 'MEC_USED', 'CLEAN', 'CLEAN', 'NEUTRAL', 'NEUTRAL', 'CLEAR', 'CLEAR', 'OPENING', 'BANCO_AMBOS')",47,7,9,77.778,ATTACK_STRONG,29.787,1.660150,5.2601
"('TANK', 'TANK', 'STALEMATE', 'FULL', 'FULL', 'NORMAL', 'FASTER', 'MEC_USED', 'CLEAN', 'CLEAN', 'NEUTRAL', 'NEUTRAL', 'CLEAR', 'CLEAR', 'OPENING', 'BANCO_OFF')",47,11,12,91.667,BUFF,23.404,2.132997,8.4401
"('TANK', 'TANK', 'DEFENSIVE_DIS', 'DANGER', 'SAFE', 'NORMAL', 'FASTER', 'MEC_USED', 'CLEAN', 'CLEAN', 'NEUTRAL', 'NEUTRAL', 'CLEAR', 'CLEAR', 'OPENING', 'BANCO_OFF')",47,15,16,93.750,ATTACK_PIVOT,19.149,2.473318,11.8617
"('TANK', 'TANK', 'NEUTRAL', 'SAFE', 'FULL', 'FIELD_OURS_OFF', 'FASTER', 'MEC_USED', 'CLEAN', 'CLEAN', 'NEUTRAL', 'NEUTRAL', 'CLEAR', 'CLEAR', 'OPENING', 'BANCO_AMBOS')",47,10,13,76.923,ATTACK_TECH,17.021,2.182265,8.8664
"('TANK', 'TANK', 'OFFENSIVE_ADV', 'FULL', 'FULL', 'FIELD_THEIRS', 'SLOWER', 'MEC_AVAIL', 'CLEAN', 'CLEAN', 'NEUTRAL', 'NEUTRAL', 'CLEAR', 'CLEAR', 'OPENING', 'BANCO_OFF')",47,11,14,78.571,HEAL_MEC,36.170,1.798692,6.0417
"('TANK', 'TANK', 'CRITICAL_DIS', 'FULL', 'FULL', 'NORMAL', 'SLOWER', 'MEC_USED', 'CLEAN', 'CLEAN', 'NEUTRAL', 'NEUTRAL', 'SET', 'CLEAR', 'OPENING', 'BANCO_AMBOS')",47,13,14,92.857,ATTACK_PIVOT,27.660,2.127946,8.3976
"('TANK', 'TANK', 'NEUTRAL', 'SAFE', 'FULL', 'NORMAL', 'SLOWER', 'MEC_USED', 'CLEAN', 'CLEAN', 'NEUTRAL', 'NEUTRAL', 'SET', 'CLEAR', 'OPENING', 'BANCO_VAZIO')",47,13,14,92.857,HEAL,12.766,2.435635,11.4231
"('TANK', 'TANK', 'OFFENSIVE_DIS', 'SAFE', 'FULL', 'NORMAL', 'SLOWER', 'MEC_USED', 'CLEAN', 'CLEAN', 'NEUTRAL', 'NEUTRAL', 'CLEAR', 'CLEAR', 'RECOVERING', 'BANCO_VAZIO')",46,14,15,93.333,SWITCH_OFFENSIVE,19.565,2.472284,11.8495
"('TANK', 'TANK', 'NEUTRAL', 'FULL', 'FULL', 'NORMAL', 'SLOWER', 'MEC_USED', 'CLEAN', 'CLEAN', 'NEUTRAL', 'NEUTRAL', 'SET', 'CLEAR', 'OPENING', 'BANCO_VAZIO')",46,15,15,100.000,STAT_CLEAN,15.217,2.517153,12.3933
"('TANK', 'TANK', 'NEUTRAL', 'FULL', 'FULL', 'NORMAL', 'SLOWER', 'MEC_USED', 'CLEAN', 'CLEAN', 'NEUTRAL', 'NEUTRAL', 'SET', 'SET', 'CLUTCH', 'BANCO_VAZIO')",46,8,13,61.538,HEAL,30.435,1.729146,5.6358
"('TANK', 'SWEEPER', 'DEFENSIVE_DIS', 'FULL', 'FULL', 'NORMAL', 'SLOWER', 'MEC_USED', 'CLEAN', 'CLEAN', 'NEUTRAL', 'NEUTRAL', 'CLEAR', 'CLEAR', 'OPENING', 'BANCO_OFF')",46,16,16,100.000,HEAL,13.043,2.617086,13.6958
"('TANK', 'TANK', 'NEUTRAL', 'FULL', 'FULL', 'NORMAL', 'FASTER', 'MEC_USED', 'AFFLICTED', 'AFFLICTED', 'NEUTRAL', 'NEUTRAL', 'SET', 'CLEAR', 'CLUTCH', 'BANCO_VAZIO')",46,4,7,57.143,STATUS,91.304,0.385850,1.4709
"('TANK', 'TANK', 'DEFENSIVE_DIS', 'SAFE', 'FULL', 'NORMAL', 'FASTER', 'MEC_USED', 'CLEAN', 'CLEAN', 'NEUTRAL', 'NEUTRAL', 'CLEAR', 'CLEAR', 'OPENING', 'BANCO_VAZIO')",46,11,13,84.615,SWITCH_DEFENSIVE,21.739,2.170633,8.7638
"('TANK', 'TANK', 'DEFENSIVE_DIS', 'FULL', 'FULL', 'FIELD_THEIRS', 'FASTER', 'MEC_USED', 'CLEAN', 'CLEAN', 'NEUTRAL', 'NEUTRAL', 'CLEAR', 'CLEAR', 'OPENING', 'BANCO_VAZIO')",46,10,11,90.909,ATTACK_TECH,19.565,2.017118,7.5166
"('TANK', 'TANK', 'DEFENSIVE_ADV', 'SAFE', 'FULL', 'NORMAL', 'SLOWER', 'MEC_USED', 'CLEAN', 'CLEAN', 'NEUTRAL', 'NEUTRAL', 'CLEAR', 'CLEAR', 'OPENING', 'BANCO_OFF')",46,13,14,92.857,CLEAN_HAZARD,17.391,2.389850,10.9119
"('TANK', 'TANK', 'OFFENSIVE_ADV', 'SAFE', 'SAFE', 'NORMAL', 'SLOWER', 'MEC_USED', 'CLEAN', 'CLEAN', 'NEUTRAL', 'NEUTRAL', 'CLEAR', 'CLEAR', 'BRAWL', 'BANCO_OFF')",46,14,15,93.333,ATTACK_PIVOT,19.565,2.413515,11.1732
"('TANK', 'TANK', 'NEUTRAL', 'FULL', 'FULL', 'NORMAL', 'SLOWER', 'MEC_USED', 'CLEAN', 'CLEAN', 'NEUTRAL', 'NEUTRAL', 'CLEAR', 'SET', 'RECOVERING', 'BANCO_VAZIO')",46,9,12,75.000,HAZARD,41.304,1.605698,4.9813
"('TANK', 'TANK', 'CRITICAL_DIS', 'FULL', 'FULL', 'NORMAL', 'FASTER', 'MEC_USED', 'AFFLICTED', 'AFFLICTED', 'DEBUFF', 'DEBUFF', 'CLEAR', 'SET', 'CLUTCH', 'BANCO_VAZIO')",46,3,3,100.000,HAZARD,52.174,0.991350,2.6949
"('TANK', 'TANK', 'NEUTRAL', 'FULL', 'SAFE', 'NORMAL', 'SLOWER', 'MEC_USED', 'CLEAN', 'CLEAN', 'NEUTRAL', 'NEUTRAL', 'SET', 'CLEAR', 'BRAWL', 'BANCO_OFF')",45,14,14,100.000,PROTECT,24.444,2.378398,10.7876
"('UTILITY', 'TANK', 'DEFENSIVE_ADV', 'FULL', 'FULL', 'NORMAL', 'FASTER', 'MEC_USED', 'CLEAN', 'CLEAN', 'NEUTRAL', 'NEUTRAL', 'CLEAR', 'CLEAR', 'OPENING', 'BANCO_AMBOS')",45,9,11,81.818,ATTACK_STRONG,48.889,1.649840,5.2061
"('TANK', 'TANK', 'OFFENSIVE_DIS', 'FULL', 'DANGER', 'NORMAL', 'SLOWER', 'MEC_USED', 'CLEAN', 'CLEAN', 'NEUTRAL', 'NEUTRAL', 'CLEAR', 'CLEAR', 'OPENING', 'BANCO_OFF')",45,12,14,85.714,BUFF,17.778,2.317612,10.1514
"('SWEEPER', 'UTILITY', 'OFFENSIVE_ADV', 'FULL', 'FULL', 'NORMAL', 'FASTER', 'MEC_USED', 'CLEAN', 'CLEAN', 'NEUTRAL', 'NEUTRAL', 'CLEAR', 'CLEAR', 'OPENING', 'BANCO_AMBOS')",45,6,7,85.714,SWITCH_DEFENSIVE,33.333,1.501980,4.4906
"('TANK', 'TANK', 'OFFENSIVE_ADV', 'SAFE', 'FULL', 'FIELD_SHARED', 'FASTER', 'MEC_USED', 'CLEAN', 'CLEAN', 'NEUTRAL', 'NEUTRAL', 'SET', 'CLEAR', 'OPENING', 'BANCO_OFF')",45,10,11,90.909,SWITCH_DEFENSIVE,24.444,2.157781,8.6519
"('TANK', 'SWEEPER', 'OFFENSIVE_DIS', 'SAFE', 'DANGER', 'NORMAL', 'SLOWER', 'MEC_USED', 'CLEAN', 'CLEAN', 'NEUTRAL', 'NEUTRAL', 'CLEAR', 'CLEAR', 'OPENING', 'BANCO_OFF')",45,11,14,78.571,ATTACK_TECH,40.000,1.825686,6.2071
"('TANK', 'TANK', 'OFFENSIVE_ADV', 'CRIT', 'FULL', 'NORMAL', 'FASTER', 'MEC_USED', 'CLEAN', 'CLEAN', 'NEUTRAL', 'NEUTRAL', 'CLEAR', 'CLEAR', 'OPENING', 'BANCO_OFF')",45,11,12,91.667,ATTACK_STRONG,22.222,2.268025,9.6603
"('UTILITY', 'SWEEPER', 'VOLATILE', 'FULL', 'FULL', 'NORMAL', 'FASTER', 'MEC_USED', 'CLEAN', 'CLEAN', 'DEBUFF', 'NEUTRAL', 'CLEAR', 'CLEAR', 'OPENING', 'BANCO_OFF')",45,5,5,100.000,ATTACK_STRONG,44.444,1.272115,3.5684
"('TANK', 'UTILITY', 'DOMINANT', 'FULL', 'FULL', 'FIELD_SHARED', 'SLOWER', 'MEC_USED', 'CLEAN', 'CLEAN', 'NEUTRAL', 'NEUTRAL', 'CLEAR', 'CLEAR', 'OPENING', 'BANCO_OFF')",45,11,11,100.000,HEAL,20.000,2.283772,9.8136
"('TANK', 'TANK', 'NEUTRAL', 'FULL', 'FULL', 'FIELD_SHARED', 'SLOWER', 'MEC_AVAIL', 'CLEAN', 'CLEAN', 'NEUTRAL', 'NEUTRAL', 'CLEAR', 'CLEAR', 'OPENING', 'BANCO_AMBOS')",45,13,22,59.091,ATTACK_STRONG_MEC,20.000,2.294399,9.9185
"('TANK', 'SWEEPER', 'OFFENSIVE_ADV', 'FULL', 'SAFE', 'NORMAL', 'SLOWER', 'MEC_USED', 'CLEAN', 'CLEAN', 'NEUTRAL', 'NEUTRAL', 'CLEAR', 'CLEAR', 'OPENING', 'BANCO_OFF')",45,15,16,93.750,ATTACK_STRONG,20.000,2.480239,11.9441
"('SWEEPER', 'SWEEPER', 'NEUTRAL', 'FULL', 'FULL', 'FIELD_SHARED', 'SLOWER', 'MEC_USED', 'CLEAN', 'CLEAN', 'NEUTRAL', 'NEUTRAL', 'CLEAR', 'CLEAR', 'OPENING', 'BANCO_OFF')",45,8,10,80.000,ATTACK_STRONG,28.889,1.777569,5.9155
"('TANK', 'TANK', 'VOLATILE', 'SAFE', 'FULL', 'NORMAL', 'FASTER', 'MEC_USED', 'CLEAN', 'CLEAN', 'NEUTRAL', 'NEUTRAL', 'SET', 'CLEAR', 'OPENING', 'BANCO_OFF')",45,11,13,84.615,ATTACK_TECH,31.111,1.981743,7.2554
"('TANK', 'TANK', 'NEUTRAL', 'FULL', 'SAFE', 'NORMAL', 'FASTER', 'MEC_USED', 'CLEAN', 'CLEAN', 'NEUTRAL', 'NEUTRAL', 'SET', 'CLEAR', 'OPENING', 'BANCO_AMBOS')",45,13,14,92.857,CLEAN_HAZARD,20.000,2.346923,10.4534
"('TANK', 'TANK', 'DEFENSIVE_DIS', 'DANGER', 'DANGER', 'FIELD_SHARED', 'FASTER', 'MEC_USED', 'CLEAN', 'CLEAN', 'NEUTRAL', 'NEUTRAL', 'CLEAR', 'CLEAR', 'OPENING', 'BANCO_OFF')",45,7,8,87.500,HAZARD,66.667,1.068946,2.9123
"('TANK', 'TANK', 'NEUTRAL', 'SAFE', 'DANGER', 'NORMAL', 'FASTER', 'MEC_USED', 'CLEAN', 'CLEAN', 'NEUTRAL', 'NEUTRAL', 'CLEAR', 'CLEAR', 'OPENING', 'BANCO_VAZIO')",45,12,13,92.308,ATTACK_TECH,24.444,2.257354,9.5578
"('TANK', 'TANK', 'NEUTRAL', 'FULL', 'FULL', 'NORMAL', 'FASTER', 'MEC_USED', 'AFFLICTED', 'CLEAN', 'NEUTRAL', 'NEUTRAL', 'CLEAR', 'SET', 'CLUTCH', 'BANCO_VAZIO')",45,4,10,40.000,HAZARD,77.778,0.707888,2.0297
"('TANK', 'TANK', 'NEUTRAL', 'SAFE', 'FULL', 'NORMAL', 'FASTER', 'MEC_USED', 'AFFLICTED', 'CLEAN', 'NEUTRAL', 'NEUTRAL', 'SET', 'SET', 'CLUTCH', 'BANCO_VAZIO')",45,9,12,75.000,HEAL,24.444,1.950042,7.0290
"('TANK', 'TANK', 'OFFENSIVE_ADV', 'DANGER', 'FULL', 'NORMAL', 'FASTER', 'MEC_USED', 'CLEAN', 'CLEAN', 'NEUTRAL', 'NEUTRAL', 'CLEAR', 'CLEAR', 'BRAWL', 'BANCO_OFF')",44,12,12,100.000,ATTACK_STRONG,18.182,2.280405,9.7806
"('TANK', 'TANK', 'OFFENSIVE_ADV', 'DANGER', 'FULL', 'FIELD_SHARED', 'FASTER', 'MEC_USED', 'CLEAN', 'CLEAN', 'NEUTRAL', 'NEUTRAL', 'CLEAR', 'CLEAR', 'OPENING', 'BANCO_OFF')",44,12,13,92.308,ATTACK_PIVOT,20.455,2.304080,10.0150
"('TANK', 'TANK', 'OFFENSIVE_ADV', 'FULL', 'FULL', 'NORMAL', 'SLOWER', 'MEC_USED', 'CLEAN', 'CLEAN', 'NEUTRAL', 'NEUTRAL', 'SET', 'CLEAR', 'BRAWL', 'BANCO_OFF')",44,13,13,100.000,HAZARD,15.909,2.363540,10.6285
"('TANK', 'TANK', 'OFFENSIVE_ADV', 'SAFE', 'SAFE', 'FIELD_SHARED', 'FASTER', 'MEC_USED', 'CLEAN', 'CLEAN', 'NEUTRAL', 'NEUTRAL', 'CLEAR', 'CLEAR', 'OPENING', 'BANCO_OFF')",44,11,12,91.667,ATTACK_STRONG,15.909,2.269791,9.6774
"('TANK', 'TANK', 'NEUTRAL', 'SAFE', 'SAFE', 'NORMAL', 'SLOWER', 'MEC_USED', 'CLEAN', 'CLEAN', 'NEUTRAL', 'NEUTRAL', 'SET', 'CLEAR', 'RECOVERING', 'BANCO_VAZIO')",44,12,14,85.714,HEAL,22.727,2.185226,8.8927
"('TANK', 'TANK', 'DEFENSIVE_DIS', 'FULL', 'FULL', 'NORMAL', 'FASTER', 'MEC_USED', 'CLEAN', 'CLEAN', 'NEUTRAL', 'NEUTRAL', 'CLEAR', 'CLEAR', 'RECOVERING', 'BANCO_VAZIO')",44,15,15,100.000,CLEAN_HAZARD,18.182,2.446827,11.5516
"('SWEEPER', 'TANK', 'OFFENSIVE_ADV', 'FULL', 'FULL', 'NORMAL', 'FASTER', 'MEC_USED', 'CLEAN', 'CLEAN', 'NEUTRAL', 'DEBUFF', 'SET', 'CLEAR', 'OPENING', 'BANCO_OFF')",44,7,7,100.000,SWITCH_OFFENSIVE,20.455,1.892261,6.6344
"('TANK', 'TANK', 'STALEMATE', 'SAFE', 'FULL', 'NORMAL', 'SLOWER', 'MEC_USED', 'CLEAN', 'CLEAN', 'NEUTRAL', 'NEUTRAL', 'CLEAR', 'CLEAR', 'OPENING', 'BANCO_OFF')",44,13,15,86.667,ATTACK_TECH,31.818,2.152653,8.6077
"('TANK', 'TANK', 'OFFENSIVE_ADV', 'FULL', 'FULL', 'NORMAL', 'FASTER', 'MEC_USED', 'AFFLICTED', 'CLEAN', 'NEUTRAL', 'NEUTRAL', 'CLEAR', 'CLEAR', 'OPENING', 'BANCO_AMBOS')",44,3,8,37.500,SWITCH_DEFENSIVE,65.909,0.725136,2.0650
"('TANK', 'TANK', 'VOLATILE', 'FULL', 'SAFE', 'NORMAL', 'FASTER', 'MEC_USED', 'CLEAN', 'CLEAN', 'NEUTRAL', 'NEUTRAL', 'SET', 'CLEAR', 'OPENING', 'BANCO_OFF')",44,13,13,100.000,CLEAN_HAZARD,18.182,2.290572,9.8806
"('SWEEPER', 'SWEEPER', 'NEUTRAL', 'FULL', 'FULL', 'NORMAL', 'FASTER', 'MEC_USED', 'CLEAN', 'CLEAN', 'DEBUFF', 'NEUTRAL', 'CLEAR', 'CLEAR', 'OPENING', 'BANCO_OFF')",44,6,6,100.000,SWITCH_DEFENSIVE,38.636,1.563021,4.7732
"('TANK', 'TANK', 'NEUTRAL', 'SAFE', 'SAFE', 'NORMAL', 'FASTER', 'MEC_USED', 'CLEAN', 'CLEAN', 'NEUTRAL', 'NEUTRAL', 'SET', 'SET', 'OPENING', 'BANCO_OFF')",44,13,13,100.000,SWITCH_OFFENSIVE,22.727,2.305103,10.0252
"('TANK', 'TANK', 'NEUTRAL', 'SAFE', 'SAFE', 'NORMAL', 'SLOWER', 'MEC_USED', 'CLEAN', 'CLEAN', 'NEUTRAL', 'NEUTRAL', 'CLEAR', 'CLEAR', 'BRAWL', 'BANCO_OFF')",44,13,14,92.857,ATTACK_TECH,15.909,2.388645,10.8987
"('SWEEPER', 'TANK', 'OFFENSIVE_ADV', 'FULL', 'FULL', 'NORMAL', 'FASTER', 'MEC_USED', 'CLEAN', 'CLEAN', 'NEUTRAL', 'NEUTRAL', 'SET', 'CLEAR', 'OPENING', 'BANCO_OFF')",44,9,9,100.000,CLEAN_HAZARD,29.545,2.014387,7.4961
"('TANK', 'TANK', 'VOLATILE', 'SAFE', 'FULL', 'FIELD_SHARED', 'FASTER', 'MEC_USED', 'CLEAN', 'CLEAN', 'NEUTRAL', 'NEUTRAL', 'CLEAR', 'CLEAR', 'OPENING', 'BANCO_OFF')",44,14,14,100.000,ATTACK_STRONG,18.182,2.445254,11.5335
"('TANK', 'TANK', 'DEFENSIVE_DIS', 'CRIT', 'FULL', 'NORMAL', 'FASTER', 'MEC_USED', 'CLEAN', 'CLEAN', 'NEUTRAL', 'NEUTRAL', 'CLEAR', 'CLEAR', 'OPENING', 'BANCO_OFF')",44,13,15,86.667,ATTACK_PIVOT,20.455,2.339756,10.3787
"('TANK', 'TANK', 'NEUTRAL', 'FULL', 'FULL', 'NORMAL', 'FASTER', 'MEC_USED', 'CLEAN', 'CLEAN', 'NEUTRAL', 'NEUTRAL', 'SET', 'SET', 'OPENING', 'BANCO_AMBOS')",44,11,13,84.615,STAT_CLEAN,27.273,2.113719,8.2790
"('TANK', 'TANK', 'NEUTRAL', 'SAFE', 'FULL', 'NORMAL', 'FASTER', 'MEC_USED', 'CLEAN', 'CLEAN', 'NEUTRAL', 'NEUTRAL', 'SET', 'SET', 'BRAWL', 'BANCO_OFF')",44,12,14,85.714,HEAL,45.455,1.823614,6.1942
"('TANK', 'TANK', 'CRITICAL_DIS', 'FULL', 'FULL', 'NORMAL', 'FASTER', 'MEC_USED', 'AFFLICTED', 'CLEAN', 'NEUTRAL', 'NEUTRAL', 'SET', 'SET', 'RECOVERING', 'BANCO_VAZIO')",43,3,7,42.857,HAZARD,95.349,0.220352,1.2465
"('TANK', 'TANK', 'OFFENSIVE_DIS', 'SAFE', 'FULL', 'NORMAL', 'FASTER', 'MEC_USED', 'CLEAN', 'CLEAN', 'NEUTRAL', 'NEUTRAL', 'SET', 'CLEAR', 'OPENING', 'BANCO_AMBOS')",43,13,14,92.857,ATTACK_TECH,16.279,2.321405,10.1900
"('TANK', 'TANK', 'NEUTRAL', 'FULL', 'FULL', 'NORMAL', 'FASTER', 'MEC_USED', 'CLEAN', 'CLEAN', 'NEUTRAL', 'NEUTRAL', 'CLEAR', 'SET', 'OPENING', 'BANCO_OFF')",43,12,13,92.308,HAZARD,18.605,2.320355,10.1793
"('TANK', 'SWEEPER', 'DOMINANT', 'FULL', 'FULL', 'FIELD_OURS_DEF', 'SLOWER', 'MEC_USED', 'CLEAN', 'CLEAN', 'NEUTRAL', 'NEUTRAL', 'CLEAR', 'CLEAR', 'OPENING', 'BANCO_OFF')",43,7,8,87.500,ATTACK_STRONG,32.558,1.564138,4.7786
"('TANK', 'TANK', 'DEFENSIVE_ADV', 'FULL', 'FULL', 'FIELD_THEIRS', 'FASTER', 'MEC_USED', 'CLEAN', 'CLEAN', 'NEUTRAL', 'NEUTRAL', 'CLEAR', 'CLEAR', 'OPENING', 'BANCO_OFF')",43,9,9,100.000,ATTACK_STRONG,34.884,1.922147,6.8356
"('TANK', 'TANK', 'OFFENSIVE_DIS', 'SAFE', 'FULL', 'NORMAL', 'FASTER', 'MEC_USED', 'CLEAN', 'CLEAN', 'NEUTRAL', 'NEUTRAL', 'CLEAR', 'CLEAR', 'BRAWL', 'BANCO_OFF')",43,13,14,92.857,ATTACK_TECH,23.256,2.284638,9.8221
"('TANK', 'TANK', 'NEUTRAL', 'FULL', 'SAFE', 'NORMAL', 'SLOWER', 'MEC_USED', 'CLEAN', 'CLEAN', 'NEUTRAL', 'NEUTRAL', 'CLEAR', 'CLEAR', 'BRAWL', 'BANCO_OFF')",43,11,14,78.571,HEAL,18.605,2.215477,9.1658
"('TANK', 'TANK', 'CRITICAL_DIS', 'SAFE', 'FULL', 'FIELD_SHARED', 'SLOWER', 'MEC_USED', 'CLEAN', 'CLEAN', 'NEUTRAL', 'NEUTRAL', 'CLEAR', 'CLEAR', 'OPENING', 'BANCO_OFF')",43,13,14,92.857,ATTACK_STRONG,20.930,2.342452,10.4067
"('TANK', 'TANK', 'DOMINANT', 'SAFE', 'SAFE', 'NORMAL', 'FASTER', 'MEC_USED', 'CLEAN', 'CLEAN', 'NEUTRAL', 'NEUTRAL', 'CLEAR', 'CLEAR', 'OPENING', 'BANCO_OFF')",43,11,12,91.667,ATTACK_STRONG,23.256,2.170134,8.7595
"('TANK', 'TANK', 'DOMINANT', 'FULL', 'FULL', 'NORMAL', 'SLOWER', 'MEC_AVAIL', 'CLEAN', 'CLEAN', 'NEUTRAL', 'NEUTRAL', 'CLEAR', 'CLEAR', 'OPENING', 'BANCO_OFF')",43,14,16,87.500,ATTACK_STRONG_MEC,25.581,2.363897,10.6323
"('TANK', 'TANK', 'NEUTRAL', 'SAFE', 'FULL', 'NORMAL', 'FASTER', 'MEC_USED', 'CLEAN', 'CLEAN', 'NEUTRAL', 'NEUTRAL', 'CLEAR', 'SET', 'OPENING', 'BANCO_OFF')",43,11,14,78.571,ATTACK_STRONG,20.930,2.188483,8.9217
"('TANK', 'TANK', 'DOMINANT', 'FULL', 'FULL', 'NORMAL', 'FASTER', 'MEC_USED', 'CLEAN', 'CLEAN', 'NEUTRAL', 'NEUTRAL', 'CLEAR', 'CLEAR', 'OPENING', 'BANCO_DEF')",43,9,9,100.000,ATTACK_PIVOT,27.907,1.939101,6.9525
"('TANK', 'TANK', 'VOLATILE', 'SAFE', 'FULL', 'NORMAL', 'FASTER', 'MEC_USED', 'CLEAN', 'CLEAN', 'NEUTRAL', 'NEUTRAL', 'CLEAR', 'CLEAR', 'OPENING', 'BANCO_AMBOS')",43,9,11,81.818,ATTACK_STRONG,39.535,1.778531,5.9212
"('TANK', 'SWEEPER', 'OFFENSIVE_ADV', 'FULL', 'FULL', 'NORMAL', 'SLOWER', 'MEC_USED', 'CLEAN', 'CLEAN', 'NEUTRAL', 'NEUTRAL', 'CLEAR', 'CLEAR', 'BRAWL', 'BANCO_OFF')",43,14,15,93.333,SWITCH_DEFENSIVE,20.930,2.374275,10.7432
"('TANK', 'TANK', 'NEUTRAL', 'FULL', 'SAFE', 'NORMAL', 'SLOWER', 'MEC_USED', 'CLEAN', 'CLEAN', 'NEUTRAL', 'NEUTRAL', 'SET', 'SET', 'RECOVERING', 'BANCO_VAZIO')",43,10,12,83.333,HAZARD,27.907,2.030201,7.6156
"('TANK', 'TANK', 'DEFENSIVE_ADV', 'FULL', 'SAFE', 'FIELD_SHARED', 'FASTER', 'MEC_USED', 'CLEAN', 'CLEAN', 'NEUTRAL', 'NEUTRAL', 'CLEAR', 'CLEAR', 'OPENING', 'BANCO_OFF')",43,10,11,90.909,ATTACK_PIVOT,20.930,2.043349,7.7164
"('SWEEPER', 'SWEEPER', 'OFFENSIVE_ADV', 'FULL', 'FULL', 'FIELD_THEIRS', 'SLOWER', 'MEC_USED', 'CLEAN', 'CLEAN', 'NEUTRAL', 'NEUTRAL', 'CLEAR', 'CLEAR', 'OPENING', 'BANCO_OFF')",43,9,9,100.000,ATTACK_STRONG,18.605,2.021366,7.5486
"('TANK', 'TANK', 'NEUTRAL', 'CRIT', 'FULL', 'NORMAL', 'FASTER', 'MEC_USED', 'CLEAN', 'CLEAN', 'NEUTRAL', 'NEUTRAL', 'CLEAR', 'CLEAR', 'RECOVERING', 'BANCO_VAZIO')",43,10,10,100.000,HEAL,25.581,1.993201,7.3390
"('TANK', 'TANK', 'DEFENSIVE_DIS', 'FULL', 'FULL', 'NORMAL', 'FASTER', 'MEC_USED', 'AFFLICTED', 'CLEAN', 'NEUTRAL', 'NEUTRAL', 'CLEAR', 'CLEAR', 'CLUTCH', 'BANCO_VAZIO')",43,5,7,71.429,ATTACK_PIVOT,55.814,1.106796,3.0247
"('TANK', 'TANK', 'OFFENSIVE_ADV', 'FULL', 'SAFE', 'NORMAL', 'SLOWER', 'MEC_USED', 'CLEAN', 'CLEAN', 'NEUTRAL', 'NEUTRAL', 'SET', 'CLEAR', 'OPENING', 'BANCO_OFF')",43,13,13,100.000,ATTACK_STRONG,20.930,2.344062,10.4235
"('TANK', 'TANK', 'DEFENSIVE_DIS', 'FULL', 'SAFE', 'FIELD_OURS_DEF', 'FASTER', 'MEC_USED', 'CLEAN', 'CLEAN', 'NEUTRAL', 'NEUTRAL', 'CLEAR', 'CLEAR', 'OPENING', 'BANCO_AMBOS')",43,4,6,66.667,ATTACK_STRONG,51.163,1.073871,2.9267
"('TANK', 'TANK', 'DOMINANT', 'SAFE', 'FULL', 'NORMAL', 'FASTER', 'MEC_USED', 'CLEAN', 'CLEAN', 'NEUTRAL', 'NEUTRAL', 'SET', 'CLEAR', 'OPENING', 'BANCO_AMBOS')",43,9,12,75.000,ATTACK_STRONG,30.233,1.883476,6.5763
"('TANK', 'UTILITY', 'STALEMATE', 'FULL', 'FULL', 'NORMAL', 'SLOWER', 'MEC_USED', 'CLEAN', 'CLEAN', 'NEUTRAL', 'NEUTRAL', 'CLEAR', 'CLEAR', 'OPENING', 'BANCO_OFF')",43,9,14,64.286,ATTACK_TECH,51.163,1.514247,4.5460
"('SWEEPER', 'UTILITY', 'OFFENSIVE_ADV', 'FULL', 'FULL', 'FIELD_OURS_OFF', 'FASTER', 'MEC_USED', 'CLEAN', 'CLEAN', 'NEUTRAL', 'NEUTRAL', 'CLEAR', 'CLEAR', 'OPENING', 'BANCO_AMBOS')",43,8,9,88.889,HEAL,34.884,1.743840,5.7193
"('SWEEPER', 'SWEEPER', 'NEUTRAL', 'FULL', 'FULL', 'NORMAL', 'FASTER', 'MEC_USED', 'CLEAN', 'CLEAN', 'NEUTRAL', 'NEUTRAL', 'CLEAR', 'CLEAR', 'OPENING', 'BANCO_AMBOS')",43,8,9,88.889,SWITCH_OFFENSIVE,32.558,1.713703,5.5495
"('TANK', 'TANK', 'OFFENSIVE_ADV', 'SAFE', 'SAFE', 'NORMAL', 'FASTER', 'MEC_USED', 'CLEAN', 'CLEAN', 'NEUTRAL', 'NEUTRAL', 'SET', 'CLEAR', 'BRAWL', 'BANCO_OFF')",43,12,12,100.000,HEAL,30.233,2.226199,9.2646
"('TANK', 'TANK', 'CRITICAL_DIS', 'SAFE', 'SAFE', 'NORMAL', 'SLOWER', 'MEC_USED', 'CLEAN', 'CLEAN', 'NEUTRAL', 'NEUTRAL', 'CLEAR', 'CLEAR', 'OPENING', 'BANCO_AMBOS')",43,8,15,53.333,SWITCH_DEFENSIVE,72.093,1.100001,3.0042
"('SWEEPER', 'SWEEPER', 'OFFENSIVE_ADV', 'FULL', 'FULL', 'FIELD_THEIRS', 'FASTER', 'MEC_USED', 'CLEAN', 'CLEAN', 'NEUTRAL', 'DEBUFF', 'CLEAR', 'CLEAR', 'OPENING', 'BANCO_AMBOS')",43,2,5,40.000,ATTACK_STRONG,95.349,0.188113,1.2070
"('UTILITY', 'TANK', 'OFFENSIVE_ADV', 'FULL', 'FULL', 'FIELD_SHARED', 'FASTER', 'MEC_USED', 'CLEAN', 'CLEAN', 'NEUTRAL', 'NEUTRAL', 'CLEAR', 'CLEAR', 'OPENING', 'BANCO_OFF')",42,10,10,100.000,SWITCH_DEFENSIVE,19.048,2.181018,8.8553
"('TANK', 'TANK', 'OFFENSIVE_DIS', 'SAFE', 'FULL', 'FIELD_SHARED', 'SLOWER', 'MEC_USED', 'CLEAN', 'CLEAN', 'NEUTRAL', 'NEUTRAL', 'CLEAR', 'CLEAR', 'OPENING', 'BANCO_OFF')",42,14,15,93.333,SWITCH_DEFENSIVE,14.286,2.547124,12.7703
"('TANK', 'TANK', 'OFFENSIVE_ADV', 'SAFE', 'FULL', 'FIELD_SHARED', 'FASTER', 'MEC_USED', 'CLEAN', 'CLEAN', 'NEUTRAL', 'NEUTRAL', 'CLEAR', 'CLEAR', 'OPENING', 'BANCO_AMBOS')",42,11,12,91.667,SWITCH_DEFENSIVE,45.238,1.885640,6.5906
"('TANK', 'TANK', 'STALEMATE', 'FULL', 'SAFE', 'NORMAL', 'SLOWER', 'MEC_USED', 'CLEAN', 'CLEAN', 'NEUTRAL', 'NEUTRAL', 'CLEAR', 'CLEAR', 'OPENING', 'BANCO_OFF')",42,10,14,71.429,SWITCH_DEFENSIVE,19.048,2.104884,8.2062
"('SWEEPER', 'SWEEPER', 'NEUTRAL', 'FULL', 'FULL', 'FIELD_OURS_OFF', 'FASTER', 'MEC_USED', 'CLEAN', 'CLEAN', 'NEUTRAL', 'NEUTRAL', 'CLEAR', 'CLEAR', 'OPENING', 'BANCO_AMBOS')",42,9,9,100.000,ATTACK_PIVOT,33.333,1.919036,6.8144
"('UTILITY', 'SWEEPER', 'OFFENSIVE_ADV', 'FULL', 'FULL', 'NORMAL', 'SLOWER', 'MEC_USED', 'CLEAN', 'CLEAN', 'NEUTRAL', 'NEUTRAL', 'CLEAR', 'CLEAR', 'OPENING', 'BANCO_OFF')",42,8,8,100.000,BUFF,26.190,1.875668,6.5252
"('TANK', 'TANK', 'NEUTRAL', 'FULL', 'FULL', 'FIELD_SHARED', 'SLOWER', 'MEC_USED', 'CLEAN', 'CLEAN', 'NEUTRAL', 'NEUTRAL', 'SET', 'CLEAR', 'OPENING', 'BANCO_OFF')",42,12,13,92.308,ATTACK_STRONG,14.286,2.355524,10.5437
"('TANK', 'TANK', 'DEFENSIVE_DIS', 'FULL', 'FULL', 'NORMAL', 'FASTER', 'MEC_USED', 'CLEAN', 'CLEAN', 'NEUTRAL', 'NEUTRAL', 'CLEAR', 'CLEAR', 'BRAWL', 'BANCO_OFF')",42,14,15,93.333,STATUS,19.048,2.404667,11.0747
"('TANK', 'TANK', 'VOLATILE', 'FULL', 'FULL', 'FIELD_OURS_DEF', 'FASTER', 'MEC_AVAIL', 'CLEAN', 'CLEAN', 'NEUTRAL', 'NEUTRAL', 'CLEAR', 'CLEAR', 'OPENING', 'BANCO_VAZIO')",42,8,8,100.000,ATTACK_STRONG_MEC,47.619,1.563473,4.7754
"('TANK', 'TANK', 'NEUTRAL', 'FULL', 'FULL', 'NORMAL', 'SLOWER', 'MEC_USED', 'CLEAN', 'CLEAN', 'NEUTRAL', 'NEUTRAL', 'CLEAR', 'SET', 'OPENING', 'BANCO_OFF')",42,6,13,46.154,HEAL,71.429,1.019270,2.7712
"('TANK', 'TANK', 'OFFENSIVE_ADV', 'SAFE', 'SAFE', 'FIELD_THEIRS', 'SLOWER', 'MEC_USED', 'CLEAN', 'CLEAN', 'NEUTRAL', 'NEUTRAL', 'CLEAR', 'CLEAR', 'OPENING', 'BANCO_OFF')",42,13,13,100.000,HEAL,16.667,2.385766,10.8674
"('TANK', 'TANK', 'OFFENSIVE_ADV', 'FULL', 'FULL', 'NORMAL', 'FASTER', 'MEC_USED', 'CLEAN', 'CLEAN', 'NEUTRAL', 'NEUTRAL', 'SET', 'CLEAR', 'BRAWL', 'BANCO_OFF')",42,8,11,72.727,CLEAN_HAZARD,33.333,1.855742,6.3964
"('TANK', 'TANK', 'VOLATILE', 'SAFE', 'FULL', 'NORMAL', 'FASTER', 'MEC_USED', 'CLEAN', 'CLEAN', 'NEUTRAL', 'NEUTRAL', 'CLEAR', 'CLEAR', 'BRAWL', 'BANCO_OFF')",42,11,12,91.667,SWITCH_OFFENSIVE,28.571,2.159130,8.6636
"('TANK', 'TANK', 'CRITICAL_DIS', 'SAFE', 'FULL', 'FIELD_SHARED', 'SLOWER', 'MEC_USED', 'CLEAN', 'CLEAN', 'NEUTRAL', 'NEUTRAL', 'CLEAR', 'CLEAR', 'OPENING', 'BANCO_AMBOS')",42,11,15,73.333,ATTACK_PIVOT,23.810,2.174735,8.7998
"('TANK', 'TANK', 'NEUTRAL', 'SAFE', 'SAFE', 'NORMAL', 'SLOWER', 'MEC_USED', 'CLEAN', 'CLEAN', 'NEUTRAL', 'NEUTRAL', 'CLEAR', 'SET', 'RECOVERING', 'BANCO_VAZIO')",42,13,15,86.667,STAT_CLEAN,33.333,2.133214,8.4420
"('SWEEPER', 'TANK', 'DEFENSIVE_DIS', 'SAFE', 'FULL', 'NORMAL', 'FASTER', 'MEC_USED', 'CLEAN', 'CLEAN', 'NEUTRAL', 'NEUTRAL', 'CLEAR', 'CLEAR', 'OPENING', 'BANCO_AMBOS')",42,6,6,100.000,SWITCH_OFFENSIVE,52.381,1.213160,3.3641
"('UTILITY', 'TANK', 'CRITICAL_DIS', 'FULL', 'FULL', 'NORMAL', 'SLOWER', 'MEC_USED', 'CLEAN', 'CLEAN', 'NEUTRAL', 'NEUTRAL', 'CLEAR', 'CLEAR', 'OPENING', 'BANCO_AMBOS')",42,6,8,75.000,ATTACK_STRONG,28.571,1.646957,5.1912
"('TANK', 'TANK', 'OFFENSIVE_DIS', 'FULL', 'FULL', 'NORMAL', 'FASTER', 'MEC_USED', 'CLEAN', 'CLEAN', 'NEUTRAL', 'NEUTRAL', 'CLEAR', 'CLEAR', 'BRAWL', 'BANCO_OFF')",42,14,15,93.333,SWITCH_DEFENSIVE,21.429,2.441661,11.4921
"('TANK', 'TANK', 'DEFENSIVE_DIS', 'FULL', 'FULL', 'NORMAL', 'FASTER', 'MEC_USED', 'CLEAN', 'AFFLICTED', 'NEUTRAL', 'NEUTRAL', 'CLEAR', 'CLEAR', 'CLUTCH', 'BANCO_VAZIO')",42,5,9,55.556,SWITCH_OFFENSIVE,69.048,0.996426,2.7086
"('SWEEPER', 'TANK', 'OFFENSIVE_ADV', 'FULL', 'FULL', 'FIELD_THEIRS', 'FASTER', 'MEC_AVAIL', 'CLEAN', 'CLEAN', 'NEUTRAL', 'NEUTRAL', 'CLEAR', 'CLEAR', 'OPENING', 'BANCO_AMBOS')",42,7,10,70.000,ATTACK_STRONG_MEC,45.238,1.474562,4.3691
"('TANK', 'TANK', 'OFFENSIVE_DIS', 'SAFE', 'FULL', 'FIELD_SHARED', 'FASTER', 'MEC_USED', 'CLEAN', 'CLEAN', 'NEUTRAL', 'NEUTRAL', 'CLEAR', 'CLEAR', 'OPENING', 'BANCO_AMBOS')",42,13,16,81.250,HEAL,21.429,2.228867,9.2893
"('TANK', 'TANK', 'NEUTRAL', 'SAFE', 'SAFE', 'NORMAL', 'SLOWER', 'MEC_USED', 'CLEAN', 'CLEAN', 'NEUTRAL', 'NEUTRAL', 'CLEAR', 'CLEAR', 'BRAWL', 'BANCO_VAZIO')",42,13,14,92.857,ATTACK_TECH,21.429,2.275671,9.7344
"('TANK', 'TANK', 'DOMINANT', 'FULL', 'FULL', 'NORMAL', 'FASTER', 'MEC_USED', 'CLEAN', 'CLEAN', 'NEUTRAL', 'NEUTRAL', 'SET', 'CLEAR', 'OPENING', 'BANCO_DEF')",42,7,8,87.500,CLEAN_HAZARD,73.810,1.005018,2.7320
"('TANK', 'TANK', 'DEFENSIVE_ADV', 'FULL', 'FULL', 'NORMAL', 'SLOWER', 'MEC_USED', 'CLEAN', 'AFFLICTED', 'NEUTRAL', 'NEUTRAL', 'SET', 'CLEAR', 'CLUTCH', 'BANCO_VAZIO')",42,2,4,50.000,STATUS,95.238,0.191444,1.2110
"('TANK', 'TANK', 'OFFENSIVE_DIS', 'FULL', 'FULL', 'NORMAL', 'SLOWER', 'MEC_USED', 'CLEAN', 'CLEAN', 'NEUTRAL', 'NEUTRAL', 'SET', 'CLEAR', 'OPENING', 'BANCO_VAZIO')",41,12,13,92.308,ATTACK_STRONG,17.073,2.335295,10.3325
"('TANK', 'TANK', 'DEFENSIVE_DIS', 'FULL', 'FULL', 'NORMAL', 'SLOWER', 'MEC_USED', 'CLEAN', 'CLEAN', 'NEUTRAL', 'NEUTRAL', 'SET', 'CLEAR', 'OPENING', 'BANCO_OFF')",41,14,14,100.000,STATUS,26.829,2.381231,10.8182
"('TANK', 'TANK', 'NEUTRAL', 'DANGER', 'SAFE', 'NORMAL', 'FASTER', 'MEC_USED', 'CLEAN', 'CLEAN', 'NEUTRAL', 'NEUTRAL', 'CLEAR', 'CLEAR', 'OPENING', 'BANCO_VAZIO')",41,10,12,83.333,HEAL,19.512,2.085141,8.0457
"('TANK', 'UTILITY', 'DOMINANT', 'FULL', 'FULL', 'FIELD_OURS_OFF', 'SLOWER', 'MEC_USED', 'CLEAN', 'CLEAN', 'NEUTRAL', 'NEUTRAL', 'CLEAR', 'CLEAR', 'OPENING', 'BANCO_AMBOS')",41,7,11,63.636,CLEAN_HAZARD,29.268,1.690126,5.4202
"('TANK', 'TANK', 'NEUTRAL', 'FULL', 'CRIT', 'NORMAL', 'SLOWER', 'MEC_USED', 'CLEAN', 'CLEAN', 'NEUTRAL', 'NEUTRAL', 'CLEAR', 'CLEAR', 'OPENING', 'BANCO_OFF')",41,14,14,100.000,ATTACK_STRONG,31.707,2.251704,9.5039
"('TANK', 'TANK', 'NEUTRAL', 'FULL', 'SAFE', 'NORMAL', 'SLOWER', 'MEC_USED', 'CLEAN', 'CLEAN', 'NEUTRAL', 'NEUTRAL', 'SET', 'SET', 'CLUTCH', 'BANCO_VAZIO')",41,10,13,76.923,ATTACK_TECH,39.024,1.759509,5.8096
"('TANK', 'TANK', 'OFFENSIVE_ADV', 'SAFE', 'CRIT', 'NORMAL', 'FASTER', 'MEC_USED', 'CLEAN', 'CLEAN', 'NEUTRAL', 'NEUTRAL', 'CLEAR', 'CLEAR', 'OPENING', 'BANCO_OFF')",41,13,13,100.000,ATTACK_STRONG,41.463,2.073744,7.9545
"('SWEEPER', 'TANK', 'OFFENSIVE_ADV', 'SAFE', 'FULL', 'FIELD_SHARED', 'FASTER', 'MEC_USED', 'CLEAN', 'CLEAN', 'NEUTRAL', 'NEUTRAL', 'CLEAR', 'CLEAR', 'OPENING', 'BANCO_OFF')",41,10,10,100.000,SWITCH_OFFENSIVE,31.707,2.012233,7.4800
"('TANK', 'TANK', 'OFFENSIVE_ADV', 'FULL', 'SAFE', 'NORMAL', 'FASTER', 'MEC_USED', 'CLEAN', 'CLEAN', 'NEUTRAL', 'NEUTRAL', 'SET', 'CLEAR', 'OPENING', 'BANCO_AMBOS')",41,11,12,91.667,CLEAN_HAZARD,31.707,2.078169,7.9898
"('TANK', 'TANK', 'DEFENSIVE_DIS', 'SAFE', 'FULL', 'FIELD_SHARED', 'SLOWER', 'MEC_USED', 'CLEAN', 'CLEAN', 'NEUTRAL', 'NEUTRAL', 'CLEAR', 'CLEAR', 'OPENING', 'BANCO_OFF')",41,11,12,91.667,SWITCH_DEFENSIVE,17.073,2.221096,9.2174
"('TANK', 'TANK', 'OFFENSIVE_DIS', 'SAFE', 'FULL', 'NORMAL', 'FASTER', 'MEC_USED', 'CLEAN', 'CLEAN', 'NEUTRAL', 'NEUTRAL', 'SET', 'SET', 'CLUTCH', 'BANCO_VAZIO')",41,5,12,41.667,STATUS,60.976,0.937566,2.5538
"('SWEEPER', 'TANK', 'DEFENSIVE_DIS', 'FULL', 'FULL', 'FIELD_THEIRS', 'FASTER', 'MEC_USED', 'CLEAN', 'CLEAN', 'NEUTRAL', 'NEUTRAL', 'CLEAR', 'CLEAR', 'OPENING', 'BANCO_OFF')",41,9,9,100.000,SWITCH_OFFENSIVE,41.463,1.830897,6.2395
"('TANK', 'TANK', 'OFFENSIVE_ADV', 'FULL', 'FULL', 'FIELD_OURS_OFF', 'FASTER', 'MEC_USED', 'CLEAN', 'CLEAN', 'NEUTRAL', 'NEUTRAL', 'CLEAR', 'CLEAR', 'OPENING', 'BANCO_DEF')",41,6,7,85.714,ATTACK_STRONG,39.024,1.527889,4.6084
"('UTILITY', 'TANK', 'VOLATILE', 'FULL', 'FULL', 'FIELD_OURS_OFF', 'FASTER', 'MEC_USED', 'CLEAN', 'CLEAN', 'NEUTRAL', 'NEUTRAL', 'CLEAR', 'CLEAR', 'OPENING', 'BANCO_OFF')",41,7,9,77.778,ATTACK_STRONG,31.707,1.720416,5.5869
"('UTILITY', 'TANK', 'NEUTRAL', 'FULL', 'FULL', 'FIELD_OURS_OFF', 'FASTER', 'MEC_USED', 'CLEAN', 'CLEAN', 'NEUTRAL', 'NEUTRAL', 'CLEAR', 'CLEAR', 'OPENING', 'BANCO_AMBOS')",40,11,14,78.571,SWITCH_DEFENSIVE,22.500,2.167587,8.7372
"('TANK', 'TANK', 'NEUTRAL', 'SAFE', 'FULL', 'FIELD_THEIRS', 'SLOWER', 'MEC_USED', 'CLEAN', 'CLEAN', 'NEUTRAL', 'NEUTRAL', 'SET', 'CLEAR', 'OPENING', 'BANCO_OFF')",40,15,15,100.000,HEAL,25.000,2.458652,11.6890
"('TANK', 'SWEEPER', 'OFFENSIVE_ADV', 'FULL', 'FULL', 'FIELD_OURS_OFF', 'SLOWER', 'MEC_USED', 'CLEAN', 'CLEAN', 'NEUTRAL', 'NEUTRAL', 'CLEAR', 'CLEAR', 'OPENING', 'BANCO_AMBOS')",40,8,8,100.000,ATTACK_STRONG,47.500,1.638546,5.1477
"('TANK', 'SWEEPER', 'OFFENSIVE_ADV', 'FULL', 'FULL', 'FIELD_THEIRS', 'SLOWER', 'MEC_USED', 'CLEAN', 'CLEAN', 'NEUTRAL', 'NEUTRAL', 'CLEAR', 'CLEAR', 'OPENING', 'BANCO_AMBOS')",40,13,14,92.857,HEAL,17.500,2.340874,10.3903
"('TANK', 'TANK', 'NEUTRAL', 'SAFE', 'FULL', 'NORMAL', 'FASTER', 'MEC_USED', 'CLEAN', 'CLEAN', 'NEUTRAL', 'NEUTRAL', 'SET', 'CLEAR', 'BRAWL', 'BANCO_VAZIO')",40,13,16,81.250,SWITCH_OFFENSIVE,20.000,2.372347,10.7225
"('SWEEPER', 'TANK', 'NEUTRAL', 'FULL', 'FULL', 'NORMAL', 'FASTER', 'MEC_AVAIL', 'CLEAN', 'CLEAN', 'NEUTRAL', 'NEUTRAL', 'CLEAR', 'CLEAR', 'OPENING', 'BANCO_AMBOS')",40,12,12,100.000,SWITCH_OFFENSIVE,17.500,2.326062,10.2375
"('TANK', 'TANK', 'NEUTRAL', 'DANGER', 'FULL', 'NORMAL', 'FASTER', 'MEC_USED', 'CLEAN', 'CLEAN', 'NEUTRAL', 'NEUTRAL', 'CLEAR', 'CLEAR', 'OPENING', 'BANCO_VAZIO')",40,12,15,80.000,CLEAN_HAZARD,20.000,2.248252,9.4712
"('TANK', 'TANK', 'VOLATILE', 'FULL', 'SAFE', 'FIELD_THEIRS', 'FASTER', 'MEC_USED', 'CLEAN', 'CLEAN', 'NEUTRAL', 'NEUTRAL', 'CLEAR', 'CLEAR', 'OPENING', 'BANCO_OFF')",40,11,12,91.667,ATTACK_TECH,17.500,2.227682,9.2783
"('SWEEPER', 'TANK', 'OFFENSIVE_ADV', 'FULL', 'FULL', 'FIELD_OURS_OFF', 'FASTER', 'MEC_AVAIL', 'CLEAN', 'CLEAN', 'NEUTRAL', 'NEUTRAL', 'CLEAR', 'CLEAR', 'OPENING', 'BANCO_OFF')",40,13,14,92.857,ATTACK_STRONG_MEC,40.000,2.062162,7.8629
"('TANK', 'TANK', 'DEFENSIVE_ADV', 'FULL', 'FULL', 'NORMAL', 'SLOWER', 'MEC_USED', 'CLEAN', 'CLEAN', 'NEUTRAL', 'NEUTRAL', 'CLEAR', 'CLEAR', 'OPENING', 'BANCO_VAZIO')",40,11,12,91.667,HEAL,32.500,2.025672,7.5812
"('TANK', 'TANK', 'OFFENSIVE_ADV', 'DANGER', 'FULL', 'NORMAL', 'FASTER', 'MEC_USED', 'CLEAN', 'CLEAN', 'NEUTRAL', 'NEUTRAL', 'SET', 'CLEAR', 'OPENING', 'BANCO_OFF')",40,12,13,92.308,SWITCH_OFFENSIVE,27.500,2.219705,9.2046
"('TANK', 'TANK', 'OFFENSIVE_ADV', 'FULL', 'FULL', 'FIELD_SHARED', 'FASTER', 'MEC_AVAIL', 'CLEAN', 'CLEAN', 'NEUTRAL', 'NEUTRAL', 'SET', 'CLEAR', 'OPENING', 'BANCO_OFF')",40,13,16,81.250,BUFF_MEC,22.500,2.247127,9.4605
"('TANK', 'TANK', 'STALEMATE', 'FULL', 'FULL', 'FIELD_SHARED', 'SLOWER', 'MEC_USED', 'CLEAN', 'CLEAN', 'NEUTRAL', 'NEUTRAL', 'CLEAR', 'CLEAR', 'OPENING', 'BANCO_AMBOS')",40,12,13,92.308,SWITCH_DEFENSIVE,25.000,2.298446,9.9587
"('SWEEPER', 'TANK', 'DEFENSIVE_ADV', 'FULL', 'FULL', 'NORMAL', 'FASTER', 'MEC_USED', 'CLEAN', 'CLEAN', 'NEUTRAL', 'NEUTRAL', 'CLEAR', 'CLEAR', 'OPENING', 'BANCO_AMBOS')",40,7,7,100.000,ATTACK_STRONG,42.500,1.620508,5.0557
"('TANK', 'TANK', 'NEUTRAL', 'SAFE', 'SAFE', 'FIELD_THEIRS', 'SLOWER', 'MEC_USED', 'CLEAN', 'CLEAN', 'NEUTRAL', 'NEUTRAL', 'CLEAR', 'CLEAR', 'OPENING', 'BANCO_OFF')",40,12,15,80.000,STATUS,35.000,2.130474,8.4189
"('TANK', 'TANK', 'OFFENSIVE_ADV', 'FULL', 'CRIT', 'FIELD_THEIRS', 'FASTER', 'MEC_USED', 'CLEAN', 'CLEAN', 'NEUTRAL', 'NEUTRAL', 'CLEAR', 'CLEAR', 'OPENING', 'BANCO_OFF')",40,10,12,83.333,ATTACK_STRONG,35.000,1.913310,6.7755
"('TANK', 'TANK', 'OFFENSIVE_ADV', 'FULL', 'FULL', 'NORMAL', 'FASTER', 'MEC_USED', 'CLEAN', 'CLEAN', 'NEUTRAL', 'NEUTRAL', 'CLEAR', 'CLEAR', 'RECOVERING', 'BANCO_VAZIO')",40,10,12,83.333,ATTACK_STRONG,35.000,1.937341,6.9403
"('TANK', 'TANK', 'NEUTRAL', 'FULL', 'SAFE', 'FIELD_THEIRS', 'SLOWER', 'MEC_USED', 'CLEAN', 'CLEAN', 'NEUTRAL', 'NEUTRAL', 'CLEAR', 'CLEAR', 'OPENING', 'BANCO_OFF')",40,12,12,100.000,ATTACK_STRONG,15.000,2.361444,10.6063
"('TANK', 'TANK', 'DEFENSIVE_DIS', 'SAFE', 'FULL', 'NORMAL', 'SLOWER', 'MEC_USED', 'CLEAN', 'CLEAN', 'NEUTRAL', 'NEUTRAL', 'SET', 'CLEAR', 'RECOVERING', 'BANCO_VAZIO')",40,12,13,92.308,HEAL,15.000,2.367761,10.6735
"('TANK', 'TANK', 'NEUTRAL', 'SAFE', 'DANGER', 'NORMAL', 'FASTER', 'MEC_USED', 'CLEAN', 'CLEAN', 'NEUTRAL', 'NEUTRAL', 'SET', 'CLEAR', 'OPENING', 'BANCO_OFF')",40,13,14,92.857,CLEAN_HAZARD,25.000,2.316562,10.1407
"('TANK', 'TANK', 'VOLATILE', 'FULL', 'FULL', 'NORMAL', 'FASTER', 'MEC_USED', 'CLEAN', 'CLEAN', 'NEUTRAL', 'NEUTRAL', 'CLEAR', 'CLEAR', 'BRAWL', 'BANCO_OFF')",40,11,12,91.667,ATTACK_STRONG,30.000,2.069932,7.9243
"('TANK', 'TANK', 'OFFENSIVE_ADV', 'FULL', 'SAFE', 'FIELD_THEIRS', 'FASTER', 'MEC_AVAIL', 'CLEAN', 'CLEAN', 'NEUTRAL', 'NEUTRAL', 'CLEAR', 'CLEAR', 'OPENING', 'BANCO_OFF')",40,13,16,81.250,HEAL_MEC,27.500,2.282256,9.7988
"('TANK', 'TANK', 'NEUTRAL', 'FULL', 'SAFE', 'FIELD_SHARED', 'SLOWER', 'MEC_USED', 'CLEAN', 'CLEAN', 'NEUTRAL', 'NEUTRAL', 'CLEAR', 'CLEAR', 'OPENING', 'BANCO_VAZIO')",40,13,14,92.857,HEAL,32.500,2.213771,9.1502
"('TANK', 'TANK', 'DOMINANT', 'FULL', 'FULL', 'NORMAL', 'FASTER', 'MEC_USED', 'CLEAN', 'CLEAN', 'NEUTRAL', 'NEUTRAL', 'SET', 'CLEAR', 'OPENING', 'BANCO_OFF')",40,14,14,100.000,HEAL,15.000,2.488276,12.0405
"('TANK', 'TANK', 'DEFENSIVE_DIS', 'SAFE', 'FULL', 'NORMAL', 'SLOWER', 'MEC_USED', 'CLEAN', 'CLEAN', 'NEUTRAL', 'NEUTRAL', 'CLEAR', 'CLEAR', 'OPENING', 'BANCO_AMBOS')",40,13,14,92.857,SWITCH_OFFENSIVE,25.000,2.218629,9.1947
"('TANK', 'TANK', 'OFFENSIVE_ADV', 'SAFE', 'FULL', 'NORMAL', 'FASTER', 'MEC_USED', 'CLEAN', 'CLEAN', 'NEUTRAL', 'NEUTRAL', 'SET', 'CLEAR', 'OPENING', 'BANCO_AMBOS')",40,9,11,81.818,HEAL,40.000,1.845723,6.3327
"('TANK', 'TANK', 'NEUTRAL', 'FULL', 'FULL', 'NORMAL', 'FASTER', 'MEC_USED', 'AFFLICTED', 'AFFLICTED', 'DEBUFF', 'BUFFED', 'SET', 'CLEAR', 'CLUTCH', 'BANCO_VAZIO')",39,3,3,100.000,STATUS,66.667,0.842261,2.3216
"('TANK', 'TANK', 'NEUTRAL', 'FULL', 'FULL', 'NORMAL', 'SLOWER', 'MEC_USED', 'AFFLICTED', 'CLEAN', 'DEBUFF_DEBUFF', 'DEBUFF', 'SET', 'SET', 'CLUTCH', 'BANCO_VAZIO')",39,4,4,100.000,HAZARD,84.615,0.584924,1.7949
"('TANK', 'TANK', 'NEUTRAL', 'SAFE', 'FULL', 'NORMAL', 'SLOWER', 'MEC_USED', 'CLEAN', 'CLEAN', 'NEUTRAL', 'NEUTRAL', 'SET', 'CLEAR', 'BRAWL', 'BANCO_OFF')",39,14,15,93.333,ATTACK_STRONG,20.513,2.450293,11.5917
"('SWEEPER', 'UTILITY', 'NEUTRAL', 'FULL', 'FULL', 'NORMAL', 'FASTER', 'MEC_USED', 'CLEAN', 'CLEAN', 'NEUTRAL', 'DEBUFF', 'CLEAR', 'CLEAR', 'OPENING', 'BANCO_AMBOS')",39,5,7,71.429,ATTACK_STRONG,66.667,1.043275,2.8385
"('TANK', 'TANK', 'DEFENSIVE_ADV', 'FULL', 'SAFE', 'NORMAL', 'FASTER', 'MEC_USED', 'CLEAN', 'CLEAN', 'NEUTRAL', 'NEUTRAL', 'CLEAR', 'CLEAR', 'OPENING', 'BANCO_AMBOS')",39,13,14,92.857,CLEAN_HAZARD,20.513,2.357072,10.5600
"('TANK', 'TANK', 'OFFENSIVE_DIS', 'SAFE', 'SAFE', 'FIELD_THEIRS', 'SLOWER', 'MEC_USED', 'CLEAN', 'CLEAN', 'NEUTRAL', 'NEUTRAL', 'CLEAR', 'CLEAR', 'OPENING', 'BANCO_OFF')",39,12,13,92.308,ATTACK_TECH,25.641,2.085264,8.0467
"('TANK', 'TANK', 'DEFENSIVE_DIS', 'FULL', 'FULL', 'NORMAL', 'SLOWER', 'MEC_USED', 'CLEAN', 'CLEAN', 'NEUTRAL', 'NEUTRAL', 'SET', 'CLEAR', 'RECOVERING', 'BANCO_VAZIO')",39,11,12,91.667,PROTECT,43.590,1.855131,6.3925
"('SWEEPER', 'TANK', 'OFFENSIVE_ADV', 'SAFE', 'FULL', 'NORMAL', 'FASTER', 'MEC_USED', 'CLEAN', 'CLEAN', 'NEUTRAL', 'NEUTRAL', 'SET', 'CLEAR', 'OPENING', 'BANCO_OFF')",39,10,10,100.000,ATTACK_PIVOT,20.513,2.141737,8.5142
"('UTILITY', 'TANK', 'NEUTRAL', 'FULL', 'FULL', 'FIELD_THEIRS', 'SLOWER', 'MEC_USED', 'CLEAN', 'CLEAN', 'NEUTRAL', 'NEUTRAL', 'CLEAR', 'CLEAR', 'OPENING', 'BANCO_OFF')",39,8,8,100.000,SWITCH_DEFENSIVE,25.641,1.765350,5.8436
"('TANK', 'TANK', 'DOMINANT', 'SAFE', 'FULL', 'NORMAL', 'FASTER', 'MEC_USED', 'CLEAN', 'CLEAN', 'NEUTRAL', 'NEUTRAL', 'SET', 'CLEAR', 'OPENING', 'BANCO_OFF')",39,11,13,84.615,ATTACK_PIVOT,20.513,2.243955,9.4306
"('TANK', 'TANK', 'DOMINANT', 'FULL', 'SAFE', 'FIELD_SHARED', 'FASTER', 'MEC_USED', 'CLEAN', 'CLEAN', 'NEUTRAL', 'NEUTRAL', 'CLEAR', 'CLEAR', 'OPENING', 'BANCO_OFF')",39,11,11,100.000,STATUS,15.385,2.303406,10.0082
"('TANK', 'TANK', 'NEUTRAL', 'SAFE', 'SAFE', 'NORMAL', 'SLOWER', 'MEC_USED', 'CLEAN', 'CLEAN', 'NEUTRAL', 'NEUTRAL', 'SET', 'CLEAR', 'BRAWL', 'BANCO_VAZIO')",39,12,14,85.714,STATUS,17.949,2.236733,9.3627
"('TANK', 'TANK', 'OFFENSIVE_ADV', 'FULL', 'FULL', 'NORMAL', 'FASTER', 'MEC_USED', 'AFFLICTED', 'CLEAN', 'NEUTRAL', 'NEUTRAL', 'CLEAR', 'CLEAR', 'CLUTCH', 'BANCO_VAZIO')",39,1,6,16.667,ATTACK_PIVOT,100.000,-0.000000,1.0000
"('TANK', 'TANK', 'OFFENSIVE_ADV', 'FULL', 'DANGER', 'FIELD_THEIRS', 'FASTER', 'MEC_USED', 'CLEAN', 'CLEAN', 'NEUTRAL', 'NEUTRAL', 'CLEAR', 'CLEAR', 'OPENING', 'BANCO_OFF')",39,9,11,81.818,ATTACK_STRONG,48.718,1.660814,5.2636
"('SWEEPER', 'TANK', 'NEUTRAL', 'SAFE', 'SAFE', 'NORMAL', 'FASTER', 'MEC_USED', 'CLEAN', 'CLEAN', 'NEUTRAL', 'NEUTRAL', 'CLEAR', 'CLEAR', 'OPENING', 'BANCO_OFF')",39,10,10,100.000,SWITCH_OFFENSIVE,25.641,2.042780,7.7120
"('UTILITY', 'TANK', 'DOMINANT', 'FULL', 'FULL', 'NORMAL', 'FASTER', 'MEC_USED', 'CLEAN', 'CLEAN', 'NEUTRAL', 'NEUTRAL', 'CLEAR', 'CLEAR', 'OPENING', 'BANCO_AMBOS')",39,9,9,100.000,ATTACK_PIVOT,33.333,1.828197,6.2227
"('TANK', 'TANK', 'NEUTRAL', 'FULL', 'SAFE', 'NORMAL', 'FASTER', 'MEC_AVAIL', 'CLEAN', 'CLEAN', 'NEUTRAL', 'NEUTRAL', 'CLEAR', 'CLEAR', 'OPENING', 'BANCO_OFF')",39,11,18,61.111,ATTACK_STRONG,38.462,2.026434,7.5870
"('UTILITY', 'SWEEPER', 'OFFENSIVE_ADV', 'FULL', 'FULL', 'FIELD_OURS_OFF', 'FASTER', 'MEC_USED', 'CLEAN', 'CLEAN', 'NEUTRAL', 'NEUTRAL', 'CLEAR', 'CLEAR', 'OPENING', 'BANCO_OFF')",39,10,11,90.909,ATTACK_STRONG,25.641,2.095292,8.1278
"('TANK', 'TANK', 'NEUTRAL', 'FULL', 'FULL', 'NORMAL', 'FASTER', 'MEC_USED', 'AFFLICTED', 'CLEAN', 'NEUTRAL', 'NEUTRAL', 'CLEAR', 'CLEAR', 'OPENING', 'BANCO_OFF')",39,8,11,72.727,STATUS,46.154,1.649466,5.2042
"('TANK', 'TANK', 'NEUTRAL', 'SAFE', 'FULL', 'NORMAL', 'FASTER', 'MEC_USED', 'CLEAN', 'CLEAN', 'BUFFED', 'NEUTRAL', 'CLEAR', 'CLEAR', 'OPENING', 'BANCO_OFF')",39,8,9,88.889,ATTACK_TECH,46.154,1.556244,4.7410
"('TANK', 'TANK', 'NEUTRAL', 'FULL', 'SAFE', 'NORMAL', 'SLOWER', 'MEC_USED', 'CLEAN', 'CLEAN', 'NEUTRAL', 'NEUTRAL', 'CLEAR', 'SET', 'RECOVERING', 'BANCO_VAZIO')",39,10,12,83.333,STATUS,35.897,1.987167,7.2948
"('TANK', 'TANK', 'OFFENSIVE_ADV', 'DANGER', 'FULL', 'NORMAL', 'FASTER', 'MEC_AVAIL', 'CLEAN', 'CLEAN', 'NEUTRAL', 'NEUTRAL', 'CLEAR', 'CLEAR', 'OPENING', 'BANCO_OFF')",39,14,14,100.000,ATTACK_STRONG,17.949,2.426105,11.3147
"('TANK', 'TANK', 'OFFENSIVE_ADV', 'SAFE', 'FULL', 'NORMAL', 'SLOWER', 'MEC_USED', 'CLEAN', 'CLEAN', 'NEUTRAL', 'NEUTRAL', 'CLEAR', 'CLEAR', 'RECOVERING', 'BANCO_VAZIO')",39,12,13,92.308,HEAL,38.462,2.053268,7.7933
"('TANK', 'TANK', 'CRITICAL_DIS', 'FULL', 'FULL', 'NORMAL', 'FASTER', 'MEC_USED', 'AFFLICTED', 'AFFLICTED', 'DEBUFF', 'DEBUFF', 'CLEAR', 'SET', 'RECOVERING', 'BANCO_VAZIO')",39,3,4,75.000,HAZARD,92.308,0.320152,1.3773
"('SWEEPER', 'TANK', 'DOMINANT', 'SAFE', 'FULL', 'NORMAL', 'FASTER', 'MEC_USED', 'CLEAN', 'CLEAN', 'NEUTRAL', 'NEUTRAL', 'SET', 'CLEAR', 'OPENING', 'BANCO_AMBOS')",39,4,6,66.667,CLEAN_HAZARD,79.487,0.720706,2.0559
"('TANK', 'TANK', 'NEUTRAL', 'SAFE', 'FULL', 'NORMAL', 'SLOWER', 'MEC_USED', 'AFFLICTED', 'CLEAN', 'DEBUFF', 'NEUTRAL', 'SET', 'CLEAR', 'CLUTCH', 'BANCO_VAZIO')",38,8,10,80.000,STATUS,42.105,1.473705,4.3654
"('TANK', 'TANK', 'CRITICAL_DIS', 'FULL', 'FULL', 'NORMAL', 'SLOWER', 'MEC_USED', 'CLEAN', 'CLEAN', 'NEUTRAL', 'NEUTRAL', 'CLEAR', 'CLEAR', 'OPENING', 'BANCO_VAZIO')",38,10,12,83.333,PROTECT,31.579,1.924539,6.8520
"('TANK', 'TANK', 'NEUTRAL', 'SAFE', 'SAFE', 'NORMAL', 'SLOWER', 'MEC_USED', 'CLEAN', 'CLEAN', 'NEUTRAL', 'NEUTRAL', 'SET', 'CLEAR', 'BRAWL', 'BANCO_OFF')",38,14,15,93.333,SWITCH_OFFENSIVE,13.158,2.500013,12.1826
"('TANK', 'TANK', 'OFFENSIVE_DIS', 'SAFE', 'DANGER', 'NORMAL', 'SLOWER', 'MEC_USED', 'CLEAN', 'CLEAN', 'NEUTRAL', 'NEUTRAL', 'CLEAR', 'CLEAR', 'OPENING', 'BANCO_OFF')",38,11,13,84.615,ATTACK_PIVOT,26.316,2.185921,8.8988
"('TANK', 'TANK', 'DOMINANT', 'FULL', 'FULL', 'FIELD_SHARED', 'FASTER', 'MEC_USED', 'CLEAN', 'CLEAN', 'NEUTRAL', 'NEUTRAL', 'SET', 'CLEAR', 'OPENING', 'BANCO_OFF')",38,10,12,83.333,ATTACK_PIVOT,28.947,2.026595,7.5882
"('TANK', 'TANK', 'DOMINANT', 'FULL', 'FULL', 'NORMAL', 'FASTER', 'MEC_AVAIL', 'CLEAN', 'CLEAN', 'NEUTRAL', 'NEUTRAL', 'SET', 'CLEAR', 'OPENING', 'BANCO_AMBOS')",38,11,12,91.667,HAZARD_MEC,36.842,1.973684,7.1971
"('UTILITY', 'TANK', 'VOLATILE', 'FULL', 'FULL', 'FIELD_THEIRS', 'FASTER', 'MEC_USED', 'CLEAN', 'CLEAN', 'NEUTRAL', 'NEUTRAL', 'CLEAR', 'CLEAR', 'OPENING', 'BANCO_OFF')",38,10,11,90.909,ATTACK_STRONG,31.579,2.025041,7.5764
"('TANK', 'TANK', 'OFFENSIVE_ADV', 'FULL', 'FULL', 'FIELD_SHARED', 'SLOWER', 'MEC_USED', 'CLEAN', 'CLEAN', 'NEUTRAL', 'NEUTRAL', 'SET', 'CLEAR', 'OPENING', 'BANCO_OFF')",38,12,13,92.308,ATTACK_STRONG,15.789,2.342139,10.4035
"('TANK', 'TANK', 'NEUTRAL', 'FULL', 'FULL', 'NORMAL', 'SLOWER', 'MEC_AVAIL', 'CLEAN', 'CLEAN', 'NEUTRAL', 'NEUTRAL', 'CLEAR', 'CLEAR', 'OPENING', 'BANCO_AMBOS')",38,18,24,75.000,ATTACK_STRONG_MEC,15.789,2.663822,14.3510
"('UTILITY', 'SWEEPER', 'NEUTRAL', 'FULL', 'FULL', 'NORMAL', 'SLOWER', 'MEC_USED', 'CLEAN', 'CLEAN', 'NEUTRAL', 'NEUTRAL', 'CLEAR', 'CLEAR', 'OPENING', 'BANCO_AMBOS')",38,10,11,90.909,ATTACK_STRONG,23.684,2.075763,7.9706
"('SWEEPER', 'TANK', 'DOMINANT', 'FULL', 'FULL', 'NORMAL', 'FASTER', 'MEC_USED', 'CLEAN', 'CLEAN', 'NEUTRAL', 'NEUTRAL', 'CLEAR', 'CLEAR', 'OPENING', 'BANCO_OFF')",38,9,9,100.000,SWITCH_DEFENSIVE,21.053,2.023640,7.5658
"('TANK', 'TANK', 'OFFENSIVE_DIS', 'SAFE', 'FULL', 'NORMAL', 'SLOWER', 'MEC_USED', 'CLEAN', 'CLEAN', 'NEUTRAL', 'NEUTRAL', 'CLEAR', 'CLEAR', 'OPENING', 'BANCO_VAZIO')",38,11,15,73.333,DISRUPTION,23.684,2.140842,8.5066
"('TANK', 'TANK', 'OFFENSIVE_DIS', 'DANGER', 'FULL', 'NORMAL', 'SLOWER', 'MEC_USED', 'CLEAN', 'CLEAN', 'NEUTRAL', 'NEUTRAL', 'CLEAR', 'CLEAR', 'OPENING', 'BANCO_OFF')",38,15,15,100.000,SWITCH_OFFENSIVE,15.789,2.547258,12.7720
"('TANK', 'TANK', 'OFFENSIVE_ADV', 'FULL', 'FULL', 'FIELD_SHARED', 'FASTER', 'MEC_USED', 'CLEAN', 'CLEAN', 'NEUTRAL', 'NEUTRAL', 'SET', 'CLEAR', 'OPENING', 'BANCO_AMBOS')",38,11,12,91.667,ATTACK_STRONG,26.316,2.105545,8.2116
"('TANK', 'TANK', 'DOMINANT', 'FULL', 'FULL', 'FIELD_SHARED', 'FASTER', 'MEC_USED', 'CLEAN', 'CLEAN', 'NEUTRAL', 'NEUTRAL', 'SET', 'CLEAR', 'OPENING', 'BANCO_AMBOS')",38,10,11,90.909,CLEAN_HAZARD,13.158,2.261176,9.5944
"('TANK', 'TANK', 'DEFENSIVE_DIS', 'FULL', 'FULL', 'NORMAL', 'FASTER', 'MEC_USED', 'CLEAN', 'CLEAN', 'NEUTRAL', 'NEUTRAL', 'CLEAR', 'CLEAR', 'OPENING', 'BANCO_DEF')",38,9,11,81.818,SWITCH_DEFENSIVE,31.579,1.977796,7.2268
"('TANK', 'TANK', 'NEUTRAL', 'FULL', 'FULL', 'FIELD_SHARED', 'FASTER', 'MEC_USED', 'CLEAN', 'CLEAN', 'NEUTRAL', 'NEUTRAL', 'SET', 'CLEAR', 'OPENING', 'BANCO_AMBOS')",38,11,12,91.667,HEAL,36.842,2.076771,7.9787
"('TANK', 'SWEEPER', 'DEFENSIVE_DIS', 'SAFE', 'FULL', 'NORMAL', 'SLOWER', 'MEC_USED', 'CLEAN', 'CLEAN', 'NEUTRAL', 'NEUTRAL', 'CLEAR', 'CLEAR', 'OPENING', 'BANCO_OFF')",38,11,13,84.615,ATTACK_STRONG,26.316,2.144611,8.5387
"('TANK', 'TANK', 'CRITICAL_DIS', 'FULL', 'SAFE', 'NORMAL', 'SLOWER', 'MEC_USED', 'CLEAN', 'CLEAN', 'NEUTRAL', 'NEUTRAL', 'CLEAR', 'CLEAR', 'OPENING', 'BANCO_OFF')",38,10,11,90.909,HEAL,34.211,1.907261,6.7346
"('TANK', 'TANK', 'CRITICAL_DIS', 'FULL', 'FULL', 'NORMAL', 'FASTER', 'MEC_USED', 'CLEAN', 'CLEAN', 'NEUTRAL', 'NEUTRAL', 'SET', 'CLEAR', 'RECOVERING', 'BANCO_VAZIO')",38,9,11,81.818,ATTACK_STRONG,42.105,1.576029,4.8357
"('SWEEPER', 'SWEEPER', 'NEUTRAL', 'FULL', 'FULL', 'NORMAL', 'FASTER', 'MEC_USED', 'CLEAN', 'CLEAN', 'DEBUFF', 'DEBUFF', 'CLEAR', 'CLEAR', 'OPENING', 'BANCO_OFF')",38,6,6,100.000,ATTACK_PIVOT,21.053,1.746617,5.7352
"('TANK', 'TANK', 'CRITICAL_DIS', 'FULL', 'FULL', 'NORMAL', 'SLOWER', 'MEC_USED', 'CLEAN', 'CLEAN', 'NEUTRAL', 'NEUTRAL', 'SET', 'SET', 'CLUTCH', 'BANCO_VAZIO')",38,5,7,71.429,PROTECT,78.947,0.770023,2.1598
"('TANK', 'TANK', 'CRITICAL_DIS', 'FULL', 'FULL', 'NORMAL', 'FASTER', 'MEC_USED', 'AFFLICTED', 'AFFLICTED', 'NEUTRAL', 'DEBUFF', 'SET', 'SET', 'RECOVERING', 'BANCO_VAZIO')",38,1,2,50.000,HAZARD,100.000,-0.000000,1.0000
"('TANK', 'TANK', 'DEFENSIVE_ADV', 'FULL', 'FULL', 'NORMAL', 'FASTER', 'MEC_USED', 'CLEAN', 'CLEAN', 'NEUTRAL', 'DEBUFF', 'SET', 'SET', 'CLUTCH', 'BANCO_VAZIO')",37,3,3,100.000,HEAL,56.757,0.927160,2.5273
"('TANK', 'TANK', 'DEFENSIVE_DIS', 'FULL', 'SAFE', 'NORMAL', 'SLOWER', 'MEC_USED', 'CLEAN', 'AFFLICTED', 'NEUTRAL', 'NEUTRAL', 'SET', 'SET', 'CLUTCH', 'BANCO_VAZIO')",37,4,11,36.364,ATTACK_STRONG,75.676,0.721104,2.0567
"('TANK', 'TANK', 'OFFENSIVE_ADV', 'CRIT', 'SAFE', 'NORMAL', 'FASTER', 'MEC_USED', 'CLEAN', 'CLEAN', 'NEUTRAL', 'NEUTRAL', 'CLEAR', 'CLEAR', 'OPENING', 'BANCO_OFF')",37,12,12,100.000,ATTACK_STRONG,16.216,2.286384,9.8393
"('TANK', 'TANK', 'NEUTRAL', 'SAFE', 'FULL', 'NORMAL', 'SLOWER', 'MEC_USED', 'CLEAN', 'CLEAN', 'NEUTRAL', 'NEUTRAL', 'CLEAR', 'SET', 'OPENING', 'BANCO_OFF')",37,12,13,92.308,ATTACK_STRONG,18.919,2.306571,10.0399
"('TANK', 'TANK', 'OFFENSIVE_ADV', 'FULL', 'SAFE', 'NORMAL', 'FASTER', 'MEC_USED', 'CLEAN', 'CLEAN', 'NEUTRAL', 'NEUTRAL', 'CLEAR', 'SET', 'OPENING', 'BANCO_OFF')",37,9,11,81.818,ATTACK_STRONG,59.459,1.367388,3.9251
"('TANK', 'TANK', 'OFFENSIVE_DIS', 'FULL', 'SAFE', 'FIELD_THEIRS', 'SLOWER', 'MEC_USED', 'CLEAN', 'CLEAN', 'NEUTRAL', 'NEUTRAL', 'CLEAR', 'CLEAR', 'OPENING', 'BANCO_OFF')",37,12,12,100.000,HEAL_STATUS,29.730,2.162091,8.6893
"('SWEEPER', 'TANK', 'OFFENSIVE_ADV', 'SAFE', 'FULL', 'NORMAL', 'FASTER', 'MEC_USED', 'CLEAN', 'CLEAN', 'NEUTRAL', 'DEBUFF', 'SET', 'CLEAR', 'OPENING', 'BANCO_OFF')",37,6,7,85.714,CLEAN_HAZARD,24.324,1.739169,5.6926
"('UTILITY', 'TANK', 'DOMINANT', 'FULL', 'FULL', 'FIELD_SHARED', 'FASTER', 'MEC_USED', 'CLEAN', 'CLEAN', 'NEUTRAL', 'NEUTRAL', 'CLEAR', 'CLEAR', 'OPENING', 'BANCO_OFF')",37,9,10,90.000,SWITCH_DEFENSIVE,40.541,1.796221,6.0268
"('TANK', 'TANK', 'NEUTRAL', 'FULL', 'SAFE', 'NORMAL', 'SLOWER', 'MEC_USED', 'CLEAN', 'CLEAN', 'NEUTRAL', 'NEUTRAL', 'SET', 'CLEAR', 'RECOVERING', 'BANCO_VAZIO')",37,10,13,76.923,ATTACK_STRONG,27.027,2.051612,7.7804
"('TANK', 'TANK', 'OFFENSIVE_ADV', 'SAFE', 'SAFE', 'NORMAL', 'SLOWER', 'MEC_USED', 'CLEAN', 'CLEAN', 'NEUTRAL', 'NEUTRAL', 'SET', 'CLEAR', 'BRAWL', 'BANCO_OFF')",37,10,13,76.923,HEAL,40.541,1.883427,6.5760
"('SWEEPER', 'TANK', 'VOLATILE', 'FULL', 'FULL', 'FIELD_THEIRS', 'FASTER', 'MEC_USED', 'CLEAN', 'CLEAN', 'NEUTRAL', 'DEBUFF', 'CLEAR', 'CLEAR', 'OPENING', 'BANCO_AMBOS')",37,6,6,100.000,ATTACK_PIVOT,40.541,1.473640,4.3651
"('TANK', 'TANK', 'NEUTRAL', 'FULL', 'DANGER', 'NORMAL', 'FASTER', 'MEC_USED', 'CLEAN', 'CLEAN', 'NEUTRAL', 'NEUTRAL', 'CLEAR', 'CLEAR', 'OPENING', 'BANCO_VAZIO')",37,12,15,80.000,CLEAN_HAZARD,27.027,2.189995,8.9352
"('TANK', 'SWEEPER', 'DEFENSIVE_ADV', 'FULL', 'FULL', 'NORMAL', 'SLOWER', 'MEC_USED', 'CLEAN', 'CLEAN', 'NEUTRAL', 'NEUTRAL', 'CLEAR', 'CLEAR', 'OPENING', 'BANCO_OFF')",37,11,12,91.667,ATTACK_PIVOT,29.730,1.996209,7.3611
"('TANK', 'TANK', 'OFFENSIVE_ADV', 'SAFE', 'SAFE', 'NORMAL', 'FASTER', 'MEC_USED', 'CLEAN', 'CLEAN', 'NEUTRAL', 'NEUTRAL', 'CLEAR', 'CLEAR', 'OPENING', 'BANCO_AMBOS')",37,13,13,100.000,ATTACK_TECH,27.027,2.309226,10.0666
"('TANK', 'TANK', 'OFFENSIVE_DIS', 'FULL', 'SAFE', 'NORMAL', 'SLOWER', 'MEC_USED', 'CLEAN', 'CLEAN', 'NEUTRAL', 'NEUTRAL', 'SET', 'CLEAR', 'OPENING', 'BANCO_OFF')",37,13,15,86.667,STATUS,24.324,2.277071,9.7481
"('TANK', 'TANK', 'STALEMATE', 'FULL', 'FULL', 'NORMAL', 'FASTER', 'MEC_USED', 'CLEAN', 'CLEAN', 'NEUTRAL', 'NEUTRAL', 'CLEAR', 'CLEAR', 'OPENING', 'BANCO_AMBOS')",37,11,12,91.667,SWITCH_OFFENSIVE,18.919,2.285117,9.8268
"('TANK', 'TANK', 'NEUTRAL', 'DANGER', 'FULL', 'NORMAL', 'FASTER', 'MEC_USED', 'CLEAN', 'CLEAN', 'NEUTRAL', 'NEUTRAL', 'CLEAR', 'CLEAR', 'OPENING', 'BANCO_AMBOS')",37,11,12,91.667,ATTACK_STRONG,18.919,2.203353,9.0553
"('TANK', 'TANK', 'NEUTRAL', 'FULL', 'FULL', 'FIELD_OURS_OFF', 'SLOWER', 'MEC_USED', 'CLEAN', 'CLEAN', 'NEUTRAL', 'NEUTRAL', 'CLEAR', 'CLEAR', 'OPENING', 'BANCO_VAZIO')",37,6,10,60.000,ATTACK_TECH,83.784,0.696326,2.0064
"('TANK', 'TANK', 'DEFENSIVE_ADV', 'FULL', 'FULL', 'NORMAL', 'FASTER', 'MEC_USED', 'CLEAN', 'CLEAN', 'NEUTRAL', 'NEUTRAL', 'CLEAR', 'CLEAR', 'OPENING', 'BANCO_VAZIO')",37,12,12,100.000,CLEAN_HAZARD,16.216,2.318410,10.1595
"('TANK', 'TANK', 'DEFENSIVE_ADV', 'SAFE', 'SAFE', 'NORMAL', 'SLOWER', 'MEC_USED', 'CLEAN', 'CLEAN', 'NEUTRAL', 'NEUTRAL', 'CLEAR', 'CLEAR', 'OPENING', 'BANCO_AMBOS')",37,8,13,61.538,ATTACK_PIVOT,56.757,1.463975,4.3231
"('TANK', 'TANK', 'NEUTRAL', 'SAFE', 'FULL', 'FIELD_SHARED', 'FASTER', 'MEC_USED', 'CLEAN', 'CLEAN', 'NEUTRAL', 'NEUTRAL', 'CLEAR', 'CLEAR', 'OPENING', 'BANCO_VAZIO')",37,11,13,84.615,DISRUPTION,24.324,2.147569,8.5640
"('TANK', 'TANK', 'DEFENSIVE_DIS', 'FULL', 'FULL', 'FIELD_SHARED', 'FASTER', 'MEC_AVAIL', 'CLEAN', 'CLEAN', 'NEUTRAL', 'NEUTRAL', 'CLEAR', 'CLEAR', 'OPENING', 'BANCO_AMBOS')",37,13,16,81.250,ATTACK_STRONG_MEC,18.919,2.284333,9.8191
"('TANK', 'TANK', 'OFFENSIVE_ADV', 'FULL', 'SAFE', 'FIELD_OURS_OFF', 'FASTER', 'MEC_USED', 'CLEAN', 'CLEAN', 'NEUTRAL', 'NEUTRAL', 'CLEAR', 'CLEAR', 'OPENING', 'BANCO_OFF')",37,12,12,100.000,STATUS,16.216,2.309226,10.0666
"('TANK', 'TANK', 'NEUTRAL', 'SAFE', 'FULL', 'FIELD_THEIRS', 'FASTER', 'MEC_USED', 'CLEAN', 'CLEAN', 'NEUTRAL', 'NEUTRAL', 'CLEAR', 'CLEAR', 'OPENING', 'BANCO_VAZIO')",37,10,10,100.000,HEAL,37.838,1.892862,6.6383
"('TANK', 'TANK', 'DEFENSIVE_DIS', 'SAFE', 'SAFE', 'NORMAL', 'SLOWER', 'MEC_USED', 'CLEAN', 'CLEAN', 'NEUTRAL', 'NEUTRAL', 'SET', 'SET', 'RECOVERING', 'BANCO_VAZIO')",37,11,13,84.615,STAT_CLEAN,32.432,1.997216,7.3685
"('TANK', 'TANK', 'NEUTRAL', 'CRIT', 'FULL', 'NORMAL', 'SLOWER', 'MEC_USED', 'CLEAN', 'CLEAN', 'NEUTRAL', 'NEUTRAL', 'CLEAR', 'CLEAR', 'OPENING', 'BANCO_OFF')",37,13,15,86.667,ATTACK_TECH,21.622,2.285417,9.8298
"('TANK', 'TANK', 'CRITICAL_DIS', 'FULL', 'SAFE', 'NORMAL', 'FASTER', 'MEC_USED', 'AFFLICTED', 'CLEAN', 'NEUTRAL', 'NEUTRAL', 'SET', 'SET', 'CLUTCH', 'BANCO_VAZIO')",37,4,4,100.000,STATUS,48.649,1.123758,3.0764
"('TANK', 'TANK', 'DEFENSIVE_ADV', 'FULL', 'FULL', 'NORMAL', 'SLOWER', 'MEC_USED', 'AFFLICTED', 'AFFLICTED', 'DEBUFF', 'DEBUFF', 'SET', 'CLEAR', 'CLUTCH', 'BANCO_VAZIO')",36,2,3,66.667,HEAL,97.222,0.126931,1.1353
"('TANK', 'TANK', 'NEUTRAL', 'SAFE', 'FULL', 'NORMAL', 'SLOWER', 'MEC_AVAIL', 'AFFLICTED', 'AFFLICTED', 'DEBUFF', 'NEUTRAL', 'CLEAR', 'CLEAR', 'CLUTCH', 'BANCO_OFF')",36,3,6,50.000,ATTACK_STRONG_MEC,63.889,0.751984,2.1212
"('TANK', 'TANK', 'OFFENSIVE_ADV', 'FULL', 'FULL', 'NORMAL', 'SLOWER', 'MEC_USED', 'CLEAN', 'CLEAN', 'NEUTRAL', 'NEUTRAL', 'CLEAR', 'CLEAR', 'RECOVERING', 'BANCO_VAZIO')",36,13,13,100.000,ATTACK_TECH,22.222,2.353677,10.5242
"('UTILITY', 'TANK', 'NEUTRAL', 'FULL', 'FULL', 'NORMAL', 'SLOWER', 'MEC_USED', 'CLEAN', 'CLEAN', 'NEUTRAL', 'NEUTRAL', 'CLEAR', 'CLEAR', 'OPENING', 'BANCO_AMBOS')",36,5,6,83.333,ATTACK_STRONG,38.889,1.485392,4.4167
"('TANK', 'TANK', 'DOMINANT', 'SAFE', 'FULL', 'FIELD_THEIRS', 'FASTER', 'MEC_USED', 'CLEAN', 'CLEAN', 'NEUTRAL', 'NEUTRAL', 'CLEAR', 'CLEAR', 'OPENING', 'BANCO_AMBOS')",36,8,10,80.000,ATTACK_STRONG,30.556,1.899983,6.6858
"('TANK', 'TANK', 'OFFENSIVE_DIS', 'DANGER', 'SAFE', 'NORMAL', 'FASTER', 'MEC_USED', 'CLEAN', 'CLEAN', 'NEUTRAL', 'NEUTRAL', 'CLEAR', 'CLEAR', 'OPENING', 'BANCO_OFF')",36,13,14,92.857,HEAL,19.444,2.241329,9.4058
"('TANK', 'SWEEPER', 'DEFENSIVE_DIS', 'FULL', 'FULL', 'NORMAL', 'SLOWER', 'MEC_AVAIL', 'CLEAN', 'CLEAN', 'NEUTRAL', 'NEUTRAL', 'CLEAR', 'CLEAR', 'OPENING', 'BANCO_OFF')",36,15,20,75.000,ATTACK_STRONG,19.444,2.545413,12.7485
"('TANK', 'TANK', 'NEUTRAL', 'SAFE', 'SAFE', 'NORMAL', 'FASTER', 'MEC_USED', 'CLEAN', 'CLEAN', 'NEUTRAL', 'NEUTRAL', 'CLEAR', 'CLEAR', 'BRAWL', 'BANCO_OFF')",36,12,14,85.714,ATTACK_STRONG,19.444,2.188286,8.9199
"('TANK', 'TANK', 'VOLATILE', 'FULL', 'FULL', 'FIELD_OURS_DEF', 'SLOWER', 'MEC_AVAIL', 'CLEAN', 'CLEAN', 'NEUTRAL', 'NEUTRAL', 'CLEAR', 'CLEAR', 'OPENING', 'BANCO_AMBOS')",36,3,10,30.000,HAZARD_MEC,94.444,0.253067,1.2880
"('TANK', 'TANK', 'OFFENSIVE_DIS', 'FULL', 'FULL', 'NORMAL', 'FASTER', 'MEC_USED', 'CLEAN', 'CLEAN', 'NEUTRAL', 'NEUTRAL', 'CLEAR', 'CLEAR', 'OPENING', 'BANCO_DEF')",36,10,12,83.333,SWITCH_DEFENSIVE,27.778,2.077102,7.9813
"('TANK', 'TANK', 'NEUTRAL', 'DANGER', 'SAFE', 'NORMAL', 'SLOWER', 'MEC_USED', 'CLEAN', 'CLEAN', 'NEUTRAL', 'NEUTRAL', 'CLEAR', 'CLEAR', 'OPENING', 'BANCO_AMBOS')",36,13,15,86.667,HEAL,25.000,2.282927,9.8053
"('TANK', 'UTILITY', 'VOLATILE', 'FULL', 'FULL', 'NORMAL', 'SLOWER', 'MEC_AVAIL', 'CLEAN', 'CLEAN', 'NEUTRAL', 'NEUTRAL', 'CLEAR', 'CLEAR', 'OPENING', 'BANCO_OFF')",36,15,18,83.333,HEAL,16.667,2.480564,11.9480
"('TANK', 'TANK', 'DOMINANT', 'FULL', 'FULL', 'FIELD_SHARED', 'FASTER', 'MEC_AVAIL', 'CLEAN', 'CLEAN', 'NEUTRAL', 'NEUTRAL', 'CLEAR', 'CLEAR', 'OPENING', 'BANCO_OFF')",36,12,16,75.000,STATUS_MEC,16.667,2.322685,10.2030
"('SWEEPER', 'TANK', 'DOMINANT', 'SAFE', 'FULL', 'NORMAL', 'FASTER', 'MEC_USED', 'CLEAN', 'CLEAN', 'NEUTRAL', 'NEUTRAL', 'CLEAR', 'CLEAR', 'OPENING', 'BANCO_AMBOS')",36,9,10,90.000,ATTACK_STRONG,33.333,1.914747,6.7852
"('TANK', 'TANK', 'CRITICAL_DIS', 'FULL', 'FULL', 'FIELD_THEIRS', 'FASTER', 'MEC_USED', 'CLEAN', 'CLEAN', 'NEUTRAL', 'NEUTRAL', 'CLEAR', 'CLEAR', 'OPENING', 'BANCO_AMBOS')",36,9,13,69.231,SWITCH_OFFENSIVE,27.778,1.980899,7.2493
"('TANK', 'TANK', 'NEUTRAL', 'SAFE', 'SAFE', 'NORMAL', 'FASTER', 'MEC_USED', 'CLEAN', 'CLEAN', 'NEUTRAL', 'NEUTRAL', 'SET', 'SET', 'BRAWL', 'BANCO_OFF')",36,8,13,61.538,HEAL,38.889,1.748239,5.7445
"('UTILITY', 'TANK', 'DOMINANT', 'SAFE', 'FULL', 'NORMAL', 'FASTER', 'MEC_USED', 'CLEAN', 'CLEAN', 'NEUTRAL', 'NEUTRAL', 'CLEAR', 'CLEAR', 'OPENING', 'BANCO_OFF')",36,7,10,70.000,ATTACK_STRONG,69.444,1.049562,2.8564
"('SWEEPER', 'TANK', 'VOLATILE', 'FULL', 'FULL', 'FIELD_SHARED', 'FASTER', 'MEC_USED', 'CLEAN', 'CLEAN', 'NEUTRAL', 'NEUTRAL', 'CLEAR', 'CLEAR', 'OPENING', 'BANCO_OFF')",36,8,8,100.000,SWITCH_DEFENSIVE,38.889,1.632270,5.1155
"('SWEEPER', 'TANK', 'OFFENSIVE_ADV', 'SAFE', 'SAFE', 'NORMAL', 'FASTER', 'MEC_USED', 'CLEAN', 'CLEAN', 'NEUTRAL', 'NEUTRAL', 'SET', 'CLEAR', 'OPENING', 'BANCO_OFF')",36,9,9,100.000,ATTACK_STRONG,22.222,2.115610,8.2946
"('TANK', 'TANK', 'NEUTRAL', 'DANGER', 'SAFE', 'NORMAL', 'SLOWER', 'MEC_USED', 'CLEAN', 'CLEAN', 'NEUTRAL', 'NEUTRAL', 'CLEAR', 'CLEAR', 'RECOVERING', 'BANCO_VAZIO')",36,14,14,100.000,ATTACK_STRONG,13.889,2.476718,11.9021
"('TANK', 'TANK', 'NEUTRAL', 'SAFE', 'SAFE', 'NORMAL', 'SLOWER', 'MEC_USED', 'CLEAN', 'CLEAN', 'NEUTRAL', 'NEUTRAL', 'CLEAR', 'SET', 'CLUTCH', 'BANCO_VAZIO')",36,6,13,46.154,HAZARD,58.333,1.275949,3.5821
"('TANK', 'TANK', 'NEUTRAL', 'FULL', 'FULL', 'NORMAL', 'FASTER', 'MEC_USED', 'CLEAN', 'CLEAN', 'NEUTRAL', 'NEUTRAL', 'SET', 'CLEAR', 'RECOVERING', 'BANCO_VAZIO')",36,12,13,92.308,ATTACK_PIVOT,25.000,2.189453,8.9303
"('TANK', 'TANK', 'CRITICAL_DIS', 'FULL', 'FULL', 'FIELD_SHARED', 'FASTER', 'MEC_USED', 'CLEAN', 'CLEAN', 'NEUTRAL', 'NEUTRAL', 'CLEAR', 'CLEAR', 'OPENING', 'BANCO_OFF')",36,8,13,61.538,DISRUPTION,33.333,1.791398,5.9978
"('TANK', 'TANK', 'NEUTRAL', 'FULL', 'FULL', 'NORMAL', 'SLOWER', 'MEC_USED', 'AFFLICTED', 'AFFLICTED', 'NEUTRAL', 'NEUTRAL', 'CLEAR', 'CLEAR', 'CLUTCH', 'BANCO_VAZIO')",36,3,8,37.500,STATUS,83.333,0.525655,1.6916
"('TANK', 'TANK', 'STALEMATE', 'SAFE', 'FULL', 'NORMAL', 'SLOWER', 'MEC_USED', 'AFFLICTED', 'AFFLICTED', 'DEBUFF', 'DEBUFF', 'SET', 'CLEAR', 'RECOVERING', 'BANCO_VAZIO')",36,3,5,60.000,STAT_CLEAN,63.889,0.809088,2.2459
"('TANK', 'TANK', 'OFFENSIVE_ADV', 'DANGER', 'SAFE', 'NORMAL', 'FASTER', 'MEC_USED', 'CLEAN', 'CLEAN', 'NEUTRAL', 'NEUTRAL', 'SET', 'CLEAR', 'OPENING', 'BANCO_OFF')",36,12,12,100.000,CLEAN_HAZARD,27.778,2.190703,8.9415
"('TANK', 'TANK', 'NEUTRAL', 'SAFE', 'FULL', 'NORMAL', 'SLOWER', 'MEC_USED', 'CLEAN', 'CLEAN', 'NEUTRAL', 'NEUTRAL', 'CLEAR', 'SET', 'BRAWL', 'BANCO_VAZIO')",36,3,11,27.273,ATTACK_TECH,63.889,0.809088,2.2459
"('TANK', 'TANK', 'OFFENSIVE_ADV', 'SAFE', 'FULL', 'NORMAL', 'SLOWER', 'MEC_USED', 'CLEAN', 'CLEAN', 'NEUTRAL', 'NEUTRAL', 'SET', 'CLEAR', 'BRAWL', 'BANCO_OFF')",35,12,13,92.308,ATTACK_TECH,20.000,2.299248,9.9667
"('TANK', 'TANK', 'NEUTRAL', 'SAFE', 'CRIT', 'NORMAL', 'SLOWER', 'MEC_USED', 'CLEAN', 'CLEAN', 'NEUTRAL', 'NEUTRAL', 'CLEAR', 'CLEAR', 'OPENING', 'BANCO_VAZIO')",35,13,14,92.857,ATTACK_PIVOT,28.571,2.283149,9.8075
"('TANK', 'TANK', 'VOLATILE', 'FULL', 'FULL', 'FIELD_SHARED', 'FASTER', 'MEC_AVAIL', 'CLEAN', 'CLEAN', 'NEUTRAL', 'NEUTRAL', 'CLEAR', 'CLEAR', 'OPENING', 'BANCO_AMBOS')",35,9,16,56.250,ATTACK_STRONG_MEC,54.286,1.568585,4.7999
"('TANK', 'TANK', 'NEUTRAL', 'FULL', 'FULL', 'NORMAL', 'FASTER', 'MEC_USED', 'AFFLICTED', 'CLEAN', 'NEUTRAL', 'NEUTRAL', 'CLEAR', 'CLEAR', 'OPENING', 'BANCO_AMBOS')",35,8,12,66.667,ATTACK_STRONG,28.571,1.923867,6.8474
"('TANK', 'TANK', 'VOLATILE', 'CRIT', 'DANGER', 'NORMAL', 'FASTER', 'MEC_USED', 'CLEAN', 'CLEAN', 'NEUTRAL', 'NEUTRAL', 'CLEAR', 'CLEAR', 'OPENING', 'BANCO_OFF')",35,11,11,100.000,ATTACK_STRONG,25.714,2.087085,8.0614
"('TANK', 'TANK', 'NEUTRAL', 'SAFE', 'SAFE', 'NORMAL', 'SLOWER', 'MEC_USED', 'CLEAN', 'CLEAN', 'NEUTRAL', 'NEUTRAL', 'SET', 'SET', 'OPENING', 'BANCO_OFF')",35,12,13,92.308,ATTACK_STRONG,31.429,2.123139,8.3573
"('TANK', 'TANK', 'NEUTRAL', 'SAFE', 'FULL', 'NORMAL', 'SLOWER', 'MEC_USED', 'CLEAN', 'CLEAN', 'NEUTRAL', 'NEUTRAL', 'SET', 'SET', 'RECOVERING', 'BANCO_VAZIO')",35,12,13,92.308,HAZARD,40.000,2.034133,7.6456
"('TANK', 'TANK', 'NEUTRAL', 'CRIT', 'SAFE', 'NORMAL', 'SLOWER', 'MEC_USED', 'CLEAN', 'CLEAN', 'NEUTRAL', 'NEUTRAL', 'CLEAR', 'CLEAR', 'OPENING', 'BANCO_OFF')",35,12,14,85.714,ATTACK_STRONG,17.143,2.341663,10.3985
"('TANK', 'TANK', 'OFFENSIVE_ADV', 'SAFE', 'FULL', 'FIELD_SHARED', 'FASTER', 'MEC_AVAIL', 'CLEAN', 'CLEAN', 'NEUTRAL', 'NEUTRAL', 'CLEAR', 'CLEAR', 'OPENING', 'BANCO_OFF')",35,12,16,75.000,ATTACK_STRONG,20.000,2.256833,9.5528
"('TANK', 'TANK', 'DEFENSIVE_DIS', 'SAFE', 'SAFE', 'NORMAL', 'FASTER', 'MEC_USED', 'CLEAN', 'CLEAN', 'NEUTRAL', 'NEUTRAL', 'SET', 'CLEAR', 'OPENING', 'BANCO_OFF')",35,11,13,84.615,STATUS,17.143,2.188982,8.9261
"('TANK', 'TANK', 'OFFENSIVE_DIS', 'SAFE', 'FULL', 'FIELD_THEIRS', 'SLOWER', 'MEC_USED', 'CLEAN', 'CLEAN', 'NEUTRAL', 'NEUTRAL', 'CLEAR', 'CLEAR', 'OPENING', 'BANCO_OFF')",35,13,13,100.000,HEAL,20.000,2.353806,10.5256
"('TANK', 'TANK', 'OFFENSIVE_ADV', 'SAFE', 'FULL', 'NORMAL', 'FASTER', 'MEC_AVAIL', 'CLEAN', 'CLEAN', 'NEUTRAL', 'NEUTRAL', 'SET', 'CLEAR', 'OPENING', 'BANCO_OFF')",35,14,18,77.778,BUFF,14.286,2.513069,12.3427
"('TANK', 'TANK', 'DEFENSIVE_ADV', 'SAFE', 'FULL', 'NORMAL', 'SLOWER', 'MEC_USED', 'CLEAN', 'CLEAN', 'NEUTRAL', 'NEUTRAL', 'CLEAR', 'CLEAR', 'OPENING', 'BANCO_AMBOS')",35,8,14,57.143,ATTACK_TECH,40.000,1.617857,5.0423
"('TANK', 'TANK', 'OFFENSIVE_ADV', 'DANGER', 'FULL', 'NORMAL', 'FASTER', 'MEC_USED', 'CLEAN', 'CLEAN', 'NEUTRAL', 'NEUTRAL', 'SET', 'CLEAR', 'BRAWL', 'BANCO_OFF')",35,9,10,90.000,CLEAN_HAZARD,17.143,2.126693,8.3871
"('TANK', 'SWEEPER', 'OFFENSIVE_DIS', 'FULL', 'FULL', 'FIELD_THEIRS', 'SLOWER', 'MEC_USED', 'CLEAN', 'CLEAN', 'NEUTRAL', 'NEUTRAL', 'CLEAR', 'CLEAR', 'OPENING', 'BANCO_OFF')",35,12,14,85.714,PROTECT,20.000,2.201126,9.0352
"('SWEEPER', 'TANK', 'OFFENSIVE_ADV', 'SAFE', 'FULL', 'NORMAL', 'FASTER', 'MEC_USED', 'CLEAN', 'CLEAN', 'NEUTRAL', 'DEBUFF', 'CLEAR', 'CLEAR', 'OPENING', 'BANCO_OFF')",35,9,9,100.000,CLEAN_HAZARD,34.286,1.800117,6.0504
"('TANK', 'TANK', 'DEFENSIVE_DIS', 'CRIT', 'FULL', 'NORMAL', 'FASTER', 'MEC_USED', 'CLEAN', 'CLEAN', 'NEUTRAL', 'NEUTRAL', 'CLEAR', 'CLEAR', 'RECOVERING', 'BANCO_VAZIO')",35,13,14,92.857,ATTACK_TECH,14.286,2.488410,12.0421
"('TANK', 'TANK', 'DEFENSIVE_DIS', 'DANGER', 'FULL', 'NORMAL', 'SLOWER', 'MEC_USED', 'CLEAN', 'AFFLICTED', 'NEUTRAL', 'NEUTRAL', 'SET', 'SET', 'CLUTCH', 'BANCO_VAZIO')",35,5,9,55.556,STAT_CLEAN,77.143,0.824512,2.2808
"('TANK', 'TANK', 'NEUTRAL', 'CRIT', 'SAFE', 'NORMAL', 'FASTER', 'MEC_USED', 'CLEAN', 'CLEAN', 'NEUTRAL', 'NEUTRAL', 'CLEAR', 'CLEAR', 'RECOVERING', 'BANCO_VAZIO')",35,14,15,93.333,CLEAN_HAZARD,20.000,2.378465,10.7883
"('TANK', 'TANK', 'DEFENSIVE_ADV', 'FULL', 'FULL', 'FIELD_SHARED', 'SLOWER', 'MEC_USED', 'CLEAN', 'CLEAN', 'NEUTRAL', 'NEUTRAL', 'CLEAR', 'CLEAR', 'OPENING', 'BANCO_VAZIO')",35,9,11,81.818,STATUS,31.429,1.755489,5.7863
"('TANK', 'TANK', 'NEUTRAL', 'FULL', 'FULL', 'NORMAL', 'SLOWER', 'MEC_USED', 'CLEAN', 'CLEAN', 'NEUTRAL', 'NEUTRAL', 'CLEAR', 'SET', 'OPENING', 'BANCO_AMBOS')",35,12,13,92.308,HEAL,22.857,2.161835,8.6871
"('TANK', 'TANK', 'NEUTRAL', 'DANGER', 'FULL', 'NORMAL', 'FASTER', 'MEC_USED', 'CLEAN', 'CLEAN', 'NEUTRAL', 'NEUTRAL', 'CLEAR', 'SET', 'CLUTCH', 'BANCO_VAZIO')",35,4,12,33.333,SWITCH_DEFENSIVE,71.429,0.780850,2.1833
"('TANK', 'TANK', 'DEFENSIVE_ADV', 'SAFE', 'FULL', 'NORMAL', 'FASTER', 'MEC_USED', 'CLEAN', 'CLEAN', 'NEUTRAL', 'NEUTRAL', 'CLEAR', 'CLEAR', 'OPENING', 'BANCO_AMBOS')",35,6,11,54.545,SWITCH_OFFENSIVE,45.714,1.402056,4.0635
"('TANK', 'TANK', 'DEFENSIVE_DIS', 'FULL', 'SAFE', 'NORMAL', 'SLOWER', 'MEC_USED', 'CLEAN', 'AFFLICTED', 'NEUTRAL', 'NEUTRAL', 'SET', 'SET', 'RECOVERING', 'BANCO_VAZIO')",35,2,10,20.000,ATTACK_STRONG,97.143,0.129741,1.1385
"('TANK', 'TANK', 'NEUTRAL', 'FULL', 'DANGER', 'NORMAL', 'SLOWER', 'MEC_USED', 'CLEAN', 'CLEAN', 'NEUTRAL', 'NEUTRAL', 'CLEAR', 'CLEAR', 'RECOVERING', 'BANCO_VAZIO')",34,12,12,100.000,ATTACK_STRONG,17.647,2.218780,9.1961
"('TANK', 'TANK', 'NEUTRAL', 'DANGER', 'FULL', 'NORMAL', 'FASTER', 'MEC_USED', 'CLEAN', 'CLEAN', 'NEUTRAL', 'NEUTRAL', 'CLEAR', 'CLEAR', 'BRAWL', 'BANCO_OFF')",34,11,14,78.571,CLEAN_HAZARD,20.588,2.213855,9.1509
"('TANK', 'TANK', 'STALEMATE', 'DANGER', 'FULL', 'NORMAL', 'SLOWER', 'MEC_USED', 'AFFLICTED', 'AFFLICTED', 'DEBUFF', 'DEBUFF', 'SET', 'SET', 'CLUTCH', 'BANCO_VAZIO')",34,4,6,66.667,STATUS,79.412,0.672396,1.9589
"('TANK', 'TANK', 'CRITICAL_DIS', 'FULL', 'SAFE', 'NORMAL', 'SLOWER', 'MEC_USED', 'CLEAN', 'CLEAN', 'NEUTRAL', 'NEUTRAL', 'CLEAR', 'SET', 'RECOVERING', 'BANCO_VAZIO')",34,10,12,83.333,STATUS,38.235,1.994806,7.3508
"('TANK', 'UTILITY', 'OFFENSIVE_ADV', 'FULL', 'FULL', 'FIELD_SHARED', 'SLOWER', 'MEC_USED', 'CLEAN', 'CLEAN', 'NEUTRAL', 'NEUTRAL', 'CLEAR', 'CLEAR', 'OPENING', 'BANCO_OFF')",34,11,13,84.615,BUFF,26.471,2.180042,8.8467
"('TANK', 'TANK', 'NEUTRAL', 'FULL', 'FULL', 'NORMAL', 'FASTER', 'MEC_USED', 'CLEAN', 'CLEAN', 'NEUTRAL', 'NEUTRAL', 'SET', 'SET', 'OPENING', 'BANCO_OFF')",34,11,15,73.333,ATTACK_STRONG,23.529,2.142629,8.5218
"('TANK', 'TANK', 'OFFENSIVE_ADV', 'CRIT', 'FULL', 'NORMAL', 'FASTER', 'MEC_USED', 'CLEAN', 'CLEAN', 'NEUTRAL', 'NEUTRAL', 'CLEAR', 'CLEAR', 'BRAWL', 'BANCO_OFF')",34,11,12,91.667,ATTACK_STRONG,14.706,2.230098,9.3008
"('TANK', 'TANK', 'NEUTRAL', 'SAFE', 'FULL', 'NORMAL', 'FASTER', 'MEC_USED', 'CLEAN', 'CLEAN', 'NEUTRAL', 'NEUTRAL', 'CLEAR', 'CLEAR', 'CLUTCH', 'BANCO_VAZIO')",34,11,13,84.615,ATTACK_STRONG,47.059,1.821837,6.1832
"('TANK', 'TANK', 'VOLATILE', 'SAFE', 'FULL', 'FIELD_SHARED', 'FASTER', 'MEC_USED', 'CLEAN', 'CLEAN', 'NEUTRAL', 'NEUTRAL', 'CLEAR', 'CLEAR', 'OPENING', 'BANCO_AMBOS')",34,8,10,80.000,ATTACK_TECH,50.000,1.548921,4.7064
"('TANK', 'TANK', 'NEUTRAL', 'FULL', 'FULL', 'NORMAL', 'FASTER', 'MEC_USED', 'CLEAN', 'CLEAN', 'NEUTRAL', 'NEUTRAL', 'SET', 'SET', 'BRAWL', 'BANCO_OFF')",34,10,13,76.923,ATTACK_STRONG,35.294,1.932513,6.9068
"('TANK', 'TANK', 'DEFENSIVE_DIS', 'DANGER', 'FULL', 'FIELD_THEIRS', 'FASTER', 'MEC_USED', 'CLEAN', 'CLEAN', 'NEUTRAL', 'NEUTRAL', 'CLEAR', 'CLEAR', 'OPENING', 'BANCO_OFF')",34,11,15,73.333,SWITCH_DEFENSIVE,32.353,2.082807,8.0270
"('TANK', 'TANK', 'DEFENSIVE_DIS', 'SAFE', 'SAFE', 'FIELD_SHARED', 'SLOWER', 'MEC_USED', 'CLEAN', 'CLEAN', 'NEUTRAL', 'NEUTRAL', 'CLEAR', 'CLEAR', 'OPENING', 'BANCO_OFF')",34,12,13,92.308,STATUS,26.471,2.187147,8.9098
"('TANK', 'TANK', 'DEFENSIVE_DIS', 'SAFE', 'FULL', 'FIELD_OURS_OFF', 'SLOWER', 'MEC_USED', 'CLEAN', 'CLEAN', 'NEUTRAL', 'NEUTRAL', 'CLEAR', 'CLEAR', 'OPENING', 'BANCO_OFF')",34,10,11,90.909,CLEAN_HAZARD,29.412,2.010841,7.4696
"('TANK', 'TANK', 'NEUTRAL', 'SAFE', 'FULL', 'NORMAL', 'FASTER', 'MEC_USED', 'CLEAN', 'CLEAN', 'NEUTRAL', 'NEUTRAL', 'SET', 'CLEAR', 'BRAWL', 'BANCO_OFF')",34,11,12,91.667,CLEAN_HAZARD,26.471,2.188001,8.9174
"('TANK', 'TANK', 'CRITICAL_DIS', 'FULL', 'FULL', 'NORMAL', 'FASTER', 'MEC_USED', 'CLEAN', 'CLEAN', 'NEUTRAL', 'NEUTRAL', 'CLEAR', 'CLEAR', 'OPENING', 'BANCO_VAZIO')",34,7,9,77.778,SWITCH_OFFENSIVE,47.059,1.545565,4.6906
"('TANK', 'TANK', 'OFFENSIVE_ADV', 'FULL', 'FULL', 'FIELD_SHARED', 'SLOWER', 'MEC_AVAIL', 'CLEAN', 'CLEAN', 'NEUTRAL', 'NEUTRAL', 'CLEAR', 'CLEAR', 'OPENING', 'BANCO_OFF')",34,8,24,33.333,ATTACK_STRONG_MEC,44.118,1.474296,4.3680
"('TANK', 'TANK', 'OFFENSIVE_DIS', 'DANGER', 'FULL', 'NORMAL', 'FASTER', 'MEC_USED', 'CLEAN', 'CLEAN', 'NEUTRAL', 'NEUTRAL', 'CLEAR', 'CLEAR', 'OPENING', 'BANCO_OFF')",34,14,14,100.000,ATTACK_PIVOT,20.588,2.381020,10.8159
"('TANK', 'TANK', 'NEUTRAL', 'FULL', 'SAFE', 'NORMAL', 'FASTER', 'MEC_USED', 'CLEAN', 'CLEAN', 'NEUTRAL', 'NEUTRAL', 'SET', 'CLEAR', 'BRAWL', 'BANCO_OFF')",34,9,12,75.000,HEAL,38.235,1.860456,6.4267
"('TANK', 'TANK', 'DOMINANT', 'FULL', 'FULL', 'FIELD_OURS_DEF', 'SLOWER', 'MEC_AVAIL', 'CLEAN', 'CLEAN', 'NEUTRAL', 'NEUTRAL', 'CLEAR', 'CLEAR', 'OPENING', 'BANCO_AMBOS')",34,7,10,70.000,BUFF_MEC,50.000,1.467374,4.3378
"('TANK', 'TANK', 'OFFENSIVE_DIS', 'SAFE', 'SAFE', 'NORMAL', 'SLOWER', 'MEC_USED', 'CLEAN', 'CLEAN', 'BUFFED', 'NEUTRAL', 'CLEAR', 'CLEAR', 'OPENING', 'BANCO_OFF')",34,3,6,50.000,BUFF,94.118,0.264491,1.3028
"('TANK', 'TANK', 'OFFENSIVE_ADV', 'FULL', 'SAFE', 'FIELD_SHARED', 'FASTER', 'MEC_USED', 'CLEAN', 'CLEAN', 'NEUTRAL', 'NEUTRAL', 'CLEAR', 'CLEAR', 'OPENING', 'BANCO_AMBOS')",34,11,13,84.615,ATTACK_STRONG,29.412,2.107778,8.2299
"('TANK', 'TANK', 'NEUTRAL', 'FULL', 'SAFE', 'NORMAL', 'FASTER', 'MEC_USED', 'CLEAN', 'CLEAN', 'NEUTRAL', 'NEUTRAL', 'CLEAR', 'CLEAR', 'BRAWL', 'BANCO_OFF')",34,13,13,100.000,HAZARD,14.706,2.478810,11.9271
"('TANK', 'TANK', 'DEFENSIVE_ADV', 'FULL', 'FULL', 'NORMAL', 'SLOWER', 'MEC_USED', 'AFFLICTED', 'CLEAN', 'BUFFED', 'NEUTRAL', 'SET', 'SET', 'CLUTCH', 'BANCO_VAZIO')",34,3,3,100.000,BUFF,52.941,0.801436,2.2287
"('TANK', 'TANK', 'STALEMATE', 'FULL', 'FULL', 'NORMAL', 'SLOWER', 'MEC_USED', 'CLEAN', 'CLEAN', 'NEUTRAL', 'NEUTRAL', 'CLEAR', 'SET', 'CLUTCH', 'BANCO_VAZIO')",34,3,9,33.333,HAZARD,94.118,0.264491,1.3028
"('TANK', 'TANK', 'NEUTRAL', 'SAFE', 'FULL', 'NORMAL', 'FASTER', 'MEC_USED', 'AFFLICTED', 'AFFLICTED', 'DEBUFF', 'NEUTRAL', 'CLEAR', 'CLEAR', 'CLUTCH', 'BANCO_VAZIO')",33,4,4,100.000,CLEAN_HAZARD,36.364,1.325523,3.7642
"('TANK', 'TANK', 'OFFENSIVE_ADV', 'FULL', 'FULL', 'NORMAL', 'FASTER', 'MEC_USED', 'CLEAN', 'CLEAN', 'NEUTRAL', 'NEUTRAL', 'SET', 'SET', 'OPENING', 'BANCO_OFF')",33,12,13,92.308,HEAL,21.212,2.288209,9.8573
"('TANK', 'TANK', 'DOMINANT', 'FULL', 'SAFE', 'NORMAL', 'SLOWER', 'MEC_USED', 'CLEAN', 'CLEAN', 'NEUTRAL', 'NEUTRAL', 'CLEAR', 'CLEAR', 'OPENING', 'BANCO_OFF')",33,11,13,84.615,HAZARD,21.212,2.164280,8.7083
"('TANK', 'TANK', 'NEUTRAL', 'SAFE', 'CRIT', 'NORMAL', 'SLOWER', 'MEC_USED', 'CLEAN', 'CLEAN', 'NEUTRAL', 'NEUTRAL', 'CLEAR', 'CLEAR', 'OPENING', 'BANCO_OFF')",33,11,13,84.615,HAZARD,33.333,2.033266,7.6390
"('TANK', 'UTILITY', 'DOMINANT', 'FULL', 'FULL', 'FIELD_SHARED', 'SLOWER', 'MEC_USED', 'CLEAN', 'CLEAN', 'NEUTRAL', 'NEUTRAL', 'CLEAR', 'CLEAR', 'OPENING', 'BANCO_AMBOS')",33,6,9,66.667,CLEAN_HAZARD,48.485,1.309125,3.7029
"('TANK', 'UTILITY', 'OFFENSIVE_DIS', 'FULL', 'FULL', 'FIELD_OURS_DEF', 'FASTER', 'MEC_USED', 'CLEAN', 'CLEAN', 'NEUTRAL', 'NEUTRAL', 'CLEAR', 'CLEAR', 'OPENING', 'BANCO_OFF')",33,6,6,100.000,DISRUPTION,60.606,1.244967,3.4728
"('TANK', 'TANK', 'CRITICAL_DIS', 'SAFE', 'SAFE', 'NORMAL', 'SLOWER', 'MEC_USED', 'CLEAN', 'CLEAN', 'NEUTRAL', 'NEUTRAL', 'CLEAR', 'CLEAR', 'OPENING', 'BANCO_OFF')",33,11,14,78.571,STATUS,18.182,2.225122,9.2546
"('SWEEPER', 'TANK', 'DEFENSIVE_DIS', 'FULL', 'FULL', 'NORMAL', 'FASTER', 'MEC_USED', 'CLEAN', 'CLEAN', 'BUFFED', 'NEUTRAL', 'CLEAR', 'CLEAR', 'OPENING', 'BANCO_AMBOS')",33,1,5,20.000,ATTACK_STRONG,100.000,-0.000000,1.0000
"('TANK', 'UTILITY', 'NEUTRAL', 'FULL', 'FULL', 'NORMAL', 'SLOWER', 'MEC_USED', 'CLEAN', 'CLEAN', 'NEUTRAL', 'NEUTRAL', 'CLEAR', 'CLEAR', 'OPENING', 'BANCO_VAZIO')",33,9,11,81.818,STATUS,39.394,1.834524,6.2622
"('TANK', 'TANK', 'NEUTRAL', 'DANGER', 'DANGER', 'NORMAL', 'FASTER', 'MEC_USED', 'CLEAN', 'CLEAN', 'NEUTRAL', 'NEUTRAL', 'CLEAR', 'CLEAR', 'OPENING', 'BANCO_OFF')",33,9,12,75.000,ATTACK_STRONG,27.273,1.805033,6.0802
"('SWEEPER', 'TANK', 'OFFENSIVE_ADV', 'FULL', 'SAFE', 'FIELD_SHARED', 'FASTER', 'MEC_USED', 'CLEAN', 'CLEAN', 'NEUTRAL', 'DEBUFF', 'CLEAR', 'CLEAR', 'OPENING', 'BANCO_OFF')",33,7,7,100.000,ATTACK_PIVOT,33.333,1.715691,5.5605
"('TANK', 'UTILITY', 'DOMINANT', 'FULL', 'FULL', 'NORMAL', 'SLOWER', 'MEC_USED', 'CLEAN', 'CLEAN', 'NEUTRAL', 'NEUTRAL', 'CLEAR', 'CLEAR', 'OPENING', 'BANCO_AMBOS')",33,10,11,90.909,STATUS,21.212,2.170382,8.7616
"('TANK', 'TANK', 'OFFENSIVE_ADV', 'FULL', 'FULL', 'NORMAL', 'FASTER', 'MEC_AVAIL', 'CLEAN', 'CLEAN', 'NEUTRAL', 'NEUTRAL', 'CLEAR', 'CLEAR', 'BRAWL', 'BANCO_OFF')",33,10,20,50.000,ATTACK_STRONG_MEC,45.455,1.753812,5.7766
"('TANK', 'TANK', 'NEUTRAL', 'SAFE', 'SAFE', 'NORMAL', 'FASTER', 'MEC_USED', 'CLEAN', 'CLEAN', 'NEUTRAL', 'NEUTRAL', 'CLEAR', 'CLEAR', 'OPENING', 'BANCO_DEF')",33,10,13,76.923,HEAL,30.303,1.987369,7.2963
"('TANK', 'TANK', 'VOLATILE', 'FULL', 'FULL', 'FIELD_SHARED', 'SLOWER', 'MEC_USED', 'CLEAN', 'CLEAN', 'NEUTRAL', 'NEUTRAL', 'CLEAR', 'CLEAR', 'OPENING', 'BANCO_OFF')",33,12,12,100.000,ATTACK_PIVOT,27.273,2.175456,8.8062
"('TANK', 'TANK', 'OFFENSIVE_ADV', 'SAFE', 'DANGER', 'NORMAL', 'SLOWER', 'MEC_USED', 'CLEAN', 'CLEAN', 'NEUTRAL', 'NEUTRAL', 'CLEAR', 'CLEAR', 'OPENING', 'BANCO_OFF')",33,12,13,92.308,SWITCH_DEFENSIVE,33.333,2.135237,8.4591
"('TANK', 'TANK', 'OFFENSIVE_ADV', 'SAFE', 'DANGER', 'NORMAL', 'SLOWER', 'MEC_USED', 'CLEAN', 'CLEAN', 'NEUTRAL', 'NEUTRAL', 'SET', 'CLEAR', 'OPENING', 'BANCO_OFF')",33,12,14,85.714,ATTACK_TECH,24.242,2.298843,9.9626
"('TANK', 'TANK', 'DEFENSIVE_DIS', 'CRIT', 'FULL', 'NORMAL', 'SLOWER', 'MEC_USED', 'CLEAN', 'CLEAN', 'NEUTRAL', 'NEUTRAL', 'CLEAR', 'CLEAR', 'OPENING', 'BANCO_OFF')",33,11,14,78.571,ATTACK_TECH,27.273,2.099638,8.1632
"('TANK', 'TANK', 'DEFENSIVE_DIS', 'SAFE', 'FULL', 'FIELD_THEIRS', 'SLOWER', 'MEC_USED', 'CLEAN', 'CLEAN', 'NEUTRAL', 'NEUTRAL', 'CLEAR', 'CLEAR', 'OPENING', 'BANCO_AMBOS')",33,13,13,100.000,ATTACK_PIVOT,21.212,2.328121,10.2586
"('TANK', 'TANK', 'NEUTRAL', 'FULL', 'DANGER', 'NORMAL', 'FASTER', 'MEC_USED', 'CLEAN', 'CLEAN', 'NEUTRAL', 'NEUTRAL', 'SET', 'CLEAR', 'OPENING', 'BANCO_OFF')",33,12,14,85.714,STATUS,27.273,2.251275,9.4998
"('TANK', 'TANK', 'NEUTRAL', 'FULL', 'FULL', 'FIELD_OURS_OFF', 'SLOWER', 'MEC_USED', 'CLEAN', 'CLEAN', 'NEUTRAL', 'NEUTRAL', 'CLEAR', 'CLEAR', 'OPENING', 'BANCO_DEF')",33,8,8,100.000,ATTACK_PIVOT,21.212,1.941505,6.9692
"('TANK', 'TANK', 'DEFENSIVE_DIS', 'DANGER', 'FULL', 'NORMAL', 'FASTER', 'MEC_USED', 'CLEAN', 'CLEAN', 'NEUTRAL', 'NEUTRAL', 'CLEAR', 'CLEAR', 'OPENING', 'BANCO_AMBOS')",33,10,12,83.333,HEAL,30.303,1.942720,6.9777
"('TANK', 'TANK', 'NEUTRAL', 'SAFE', 'FULL', 'NORMAL', 'SLOWER', 'MEC_USED', 'CLEAN', 'CLEAN', 'NEUTRAL', 'NEUTRAL', 'SET', 'SET', 'OPENING', 'BANCO_OFF')",33,13,15,86.667,FIELD_CONTROL,15.152,2.430971,11.3699
"('TANK', 'TANK', 'OFFENSIVE_ADV', 'SAFE', 'DANGER', 'NORMAL', 'FASTER', 'MEC_USED', 'CLEAN', 'CLEAN', 'NEUTRAL', 'NEUTRAL', 'SET', 'CLEAR', 'OPENING', 'BANCO_OFF')",33,11,13,84.615,ATTACK_STRONG,21.212,2.222145,9.2271
"('UTILITY', 'TANK', 'OFFENSIVE_DIS', 'FULL', 'FULL', 'NORMAL', 'SLOWER', 'MEC_USED', 'AFFLICTED', 'CLEAN', 'DEBUFF', 'NEUTRAL', 'SET', 'CLEAR', 'RECOVERING', 'BANCO_VAZIO')",33,2,4,50.000,ATTACK_STRONG,93.939,0.228632,1.2569
"('TANK', 'TANK', 'STALEMATE', 'FULL', 'FULL', 'NORMAL', 'SLOWER', 'MEC_USED', 'CLEAN', 'CLEAN', 'NEUTRAL', 'NEUTRAL', 'CLEAR', 'CLEAR', 'DOMINATING', 'BANCO_OFF')",32,5,11,45.455,STATUS,56.250,1.167992,3.2155
"('TANK', 'TANK', 'NEUTRAL', 'FULL', 'FULL', 'FIELD_OURS_DEF', 'FASTER', 'MEC_USED', 'CLEAN', 'CLEAN', 'NEUTRAL', 'NEUTRAL', 'CLEAR', 'CLEAR', 'OPENING', 'BANCO_AMBOS')",32,8,9,88.889,BARRIER,31.250,1.838239,6.2855
"('TANK', 'UTILITY', 'VOLATILE', 'FULL', 'FULL', 'NORMAL', 'SLOWER', 'MEC_USED', 'CLEAN', 'CLEAN', 'NEUTRAL', 'NEUTRAL', 'CLEAR', 'CLEAR', 'OPENING', 'BANCO_OFF')",32,10,13,76.923,SWITCH_DEFENSIVE,50.000,1.681650,5.3744
"('UTILITY', 'SWEEPER', 'NEUTRAL', 'FULL', 'FULL', 'FIELD_THEIRS', 'SLOWER', 'MEC_USED', 'CLEAN', 'CLEAN', 'NEUTRAL', 'NEUTRAL', 'CLEAR', 'CLEAR', 'OPENING', 'BANCO_OFF')",32,7,9,77.778,HEAL,56.250,1.433655,4.1940
"('TANK', 'TANK', 'NEUTRAL', 'FULL', 'FULL', 'NORMAL', 'SLOWER', 'MEC_USED', 'CLEAN', 'CLEAN', 'NEUTRAL', 'NEUTRAL', 'CLEAR', 'CLEAR', 'BRAWL', 'BANCO_AMBOS')",32,9,15,60.000,HAZARD,25.000,2.055194,7.8084
"('TANK', 'UTILITY', 'OFFENSIVE_DIS', 'FULL', 'FULL', 'FIELD_THEIRS', 'SLOWER', 'MEC_USED', 'CLEAN', 'CLEAN', 'NEUTRAL', 'NEUTRAL', 'CLEAR', 'CLEAR', 'OPENING', 'BANCO_OFF')",32,14,15,93.333,ATTACK_TECH,15.625,2.515381,12.3713
"('SWEEPER', 'TANK', 'NEUTRAL', 'FULL', 'FULL', 'NORMAL', 'FASTER', 'MEC_USED', 'CLEAN', 'CLEAN', 'NEUTRAL', 'NEUTRAL', 'SET', 'CLEAR', 'OPENING', 'BANCO_AMBOS')",32,8,8,100.000,CLEAN_HAZARD,25.000,1.890363,6.6218
"('SWEEPER', 'TANK', 'DOMINANT', 'FULL', 'FULL', 'NORMAL', 'FASTER', 'MEC_AVAIL', 'CLEAN', 'CLEAN', 'NEUTRAL', 'NEUTRAL', 'CLEAR', 'CLEAR', 'OPENING', 'BANCO_OFF')",32,10,12,83.333,ATTACK_STRONG_MEC,34.375,1.833852,6.2579
"('TANK', 'TANK', 'DEFENSIVE_DIS', 'SAFE', 'FULL', 'NORMAL', 'FASTER', 'MEC_USED', 'CLEAN', 'CLEAN', 'NEUTRAL', 'NEUTRAL', 'CLEAR', 'CLEAR', 'BRAWL', 'BANCO_OFF')",32,14,15,93.333,SWITCH_OFFENSIVE,15.625,2.504763,12.2407
"('UTILITY', 'TANK', 'DEFENSIVE_DIS', 'FULL', 'FULL', 'FIELD_THEIRS', 'FASTER', 'MEC_USED', 'CLEAN', 'CLEAN', 'NEUTRAL', 'NEUTRAL', 'CLEAR', 'CLEAR', 'OPENING', 'BANCO_AMBOS')",32,8,10,80.000,ATTACK_PIVOT,46.875,1.491725,4.4448
"('TANK', 'TANK', 'DEFENSIVE_DIS', 'SAFE', 'FULL', 'FIELD_OURS_OFF', 'FASTER', 'MEC_USED', 'CLEAN', 'CLEAN', 'NEUTRAL', 'NEUTRAL', 'CLEAR', 'CLEAR', 'OPENING', 'BANCO_OFF')",32,11,12,91.667,ATTACK_STRONG,25.000,2.097609,8.1467
"('TANK', 'TANK', 'NEUTRAL', 'FULL', 'FULL', 'FIELD_OURS_OFF', 'FASTER', 'MEC_USED', 'CLEAN', 'CLEAN', 'NEUTRAL', 'NEUTRAL', 'CLEAR', 'CLEAR', 'OPENING', 'BANCO_VAZIO')",32,13,13,100.000,DISRUPTION,21.875,2.355376,10.5421
"('TANK', 'TANK', 'NEUTRAL', 'FULL', 'SAFE', 'NORMAL', 'SLOWER', 'MEC_USED', 'CLEAN', 'CLEAN', 'NEUTRAL', 'NEUTRAL', 'CLEAR', 'SET', 'OPENING', 'BANCO_OFF')",32,10,14,71.429,FIELD_CONTROL,28.125,2.148886,8.5753
"('TANK', 'UTILITY', 'DEFENSIVE_DIS', 'FULL', 'FULL', 'NORMAL', 'FASTER', 'MEC_USED', 'CLEAN', 'CLEAN', 'NEUTRAL', 'NEUTRAL', 'CLEAR', 'CLEAR', 'OPENING', 'BANCO_OFF')",32,6,8,75.000,ATTACK_STRONG,37.500,1.659566,5.2570
"('TANK', 'TANK', 'NEUTRAL', 'DANGER', 'FULL', 'FIELD_SHARED', 'FASTER', 'MEC_USED', 'CLEAN', 'CLEAN', 'NEUTRAL', 'NEUTRAL', 'CLEAR', 'CLEAR', 'OPENING', 'BANCO_OFF')",32,12,13,92.308,ATTACK_STRONG,15.625,2.323580,10.2122
"('TANK', 'TANK', 'OFFENSIVE_DIS', 'FULL', 'FULL', 'NORMAL', 'FASTER', 'MEC_USED', 'AFFLICTED', 'AFFLICTED', 'DEBUFF', 'DEBUFF', 'CLEAR', 'CLEAR', 'CLUTCH', 'BANCO_VAZIO')",32,4,6,66.667,CLEAN_HAZARD,75.000,0.746241,2.1091
"('SWEEPER', 'TANK', 'NEUTRAL', 'FULL', 'FULL', 'FIELD_THEIRS', 'FASTER', 'MEC_USED', 'CLEAN', 'CLEAN', 'NEUTRAL', 'NEUTRAL', 'CLEAR', 'CLEAR', 'OPENING', 'BANCO_VAZIO')",32,5,6,83.333,ATTACK_STRONG,25.000,1.580819,4.8589
"('TANK', 'TANK', 'DOMINANT', 'FULL', 'FULL', 'NORMAL', 'SLOWER', 'MEC_USED', 'CLEAN', 'CLEAN', 'NEUTRAL', 'NEUTRAL', 'SET', 'CLEAR', 'OPENING', 'BANCO_OFF')",32,13,14,92.857,FIELD_CONTROL,18.750,2.342094,10.4030
"('TANK', 'TANK', 'NEUTRAL', 'FULL', 'FULL', 'NORMAL', 'FASTER', 'MEC_AVAIL', 'CLEAN', 'CLEAN', 'NEUTRAL', 'NEUTRAL', 'CLEAR', 'CLEAR', 'BRAWL', 'BANCO_OFF')",32,10,16,62.500,HEAL_MEC,34.375,1.915609,6.7911
"('TANK', 'UTILITY', 'OFFENSIVE_ADV', 'FULL', 'FULL', 'FIELD_OURS_OFF', 'SLOWER', 'MEC_USED', 'CLEAN', 'CLEAN', 'NEUTRAL', 'NEUTRAL', 'CLEAR', 'CLEAR', 'OPENING', 'BANCO_AMBOS')",32,8,9,88.889,ATTACK_PIVOT,40.625,1.705424,5.5037
"('TANK', 'TANK', 'STALEMATE', 'FULL', 'FULL', 'NORMAL', 'SLOWER', 'MEC_USED', 'AFFLICTED', 'AFFLICTED', 'DEBUFF', 'DEBUFF', 'CLEAR', 'SET', 'RECOVERING', 'BANCO_VAZIO')",32,4,8,50.000,HAZARD,87.500,0.506735,1.6599
"('TANK', 'SWEEPER', 'OFFENSIVE_DIS', 'SAFE', 'FULL', 'NORMAL', 'SLOWER', 'MEC_USED', 'CLEAN', 'CLEAN', 'NEUTRAL', 'NEUTRAL', 'CLEAR', 'CLEAR', 'BRAWL', 'BANCO_OFF')",32,12,14,85.714,CLEAN_HAZARD,25.000,2.230644,9.3059
"('TANK', 'TANK', 'DOMINANT', 'SAFE', 'FULL', 'NORMAL', 'FASTER', 'MEC_AVAIL', 'CLEAN', 'CLEAN', 'NEUTRAL', 'NEUTRAL', 'CLEAR', 'CLEAR', 'OPENING', 'BANCO_OFF')",32,9,12,75.000,STATUS_MEC,25.000,1.987065,7.2941
"('TANK', 'TANK', 'NEUTRAL', 'SAFE', 'SAFE', 'FIELD_SHARED', 'FASTER', 'MEC_USED', 'CLEAN', 'CLEAN', 'NEUTRAL', 'NEUTRAL', 'CLEAR', 'CLEAR', 'OPENING', 'BANCO_VAZIO')",32,11,12,91.667,HEAL,18.750,2.239100,9.3849
"('TANK', 'TANK', 'NEUTRAL', 'FULL', 'SAFE', 'FIELD_OURS_OFF', 'SLOWER', 'MEC_USED', 'CLEAN', 'CLEAN', 'NEUTRAL', 'NEUTRAL', 'CLEAR', 'CLEAR', 'OPENING', 'BANCO_OFF')",32,8,10,80.000,ATTACK_STRONG,37.500,1.775343,5.9023
"('TANK', 'TANK', 'NEUTRAL', 'SAFE', 'DANGER', 'NORMAL', 'SLOWER', 'MEC_USED', 'CLEAN', 'CLEAN', 'NEUTRAL', 'NEUTRAL', 'SET', 'CLEAR', 'OPENING', 'BANCO_OFF')",32,13,14,92.857,PROTECT,25.000,2.227574,9.2773
"('TANK', 'TANK', 'NEUTRAL', 'FULL', 'FULL', 'NORMAL', 'FASTER', 'MEC_AVAIL', 'CLEAN', 'CLEAN', 'NEUTRAL', 'NEUTRAL', 'SET', 'CLEAR', 'OPENING', 'BANCO_AMBOS')",32,14,22,63.636,BUFF,15.625,2.526000,12.5034
"('TANK', 'TANK', 'DEFENSIVE_DIS', 'FULL', 'SAFE', 'NORMAL', 'FASTER', 'MEC_USED', 'CLEAN', 'CLEAN', 'NEUTRAL', 'NEUTRAL', 'SET', 'CLEAR', 'OPENING', 'BANCO_AMBOS')",32,10,15,66.667,HEAL,50.000,1.689546,5.4170
"('TANK', 'TANK', 'DOMINANT', 'SAFE', 'FULL', 'FIELD_THEIRS', 'SLOWER', 'MEC_USED', 'CLEAN', 'CLEAN', 'NEUTRAL', 'NEUTRAL', 'CLEAR', 'CLEAR', 'OPENING', 'BANCO_OFF')",32,10,10,100.000,HEAL,28.125,2.130372,8.4180
"('TANK', 'TANK', 'NEUTRAL', 'DANGER', 'FULL', 'NORMAL', 'FASTER', 'MEC_USED', 'AFFLICTED', 'CLEAN', 'NEUTRAL', 'NEUTRAL', 'CLEAR', 'CLEAR', 'RECOVERING', 'BANCO_VAZIO')",32,10,12,83.333,STATUS,56.250,1.606942,4.9875
"('TANK', 'TANK', 'NEUTRAL', 'SAFE', 'SAFE', 'NORMAL', 'SLOWER', 'MEC_USED', 'CLEAN', 'CLEAN', 'NEUTRAL', 'NEUTRAL', 'SET', 'SET', 'BRAWL', 'BANCO_VAZIO')",32,6,13,46.154,STATUS,50.000,1.211843,3.3597
"('UTILITY', 'TANK', 'DOMINANT', 'FULL', 'FULL', 'FIELD_THEIRS', 'SLOWER', 'MEC_USED', 'CLEAN', 'CLEAN', 'NEUTRAL', 'NEUTRAL', 'CLEAR', 'CLEAR', 'OPENING', 'BANCO_AMBOS')",32,4,6,66.667,BUFF,37.500,1.293071,3.6440
"('TANK', 'TANK', 'STALEMATE', 'FULL', 'FULL', 'NORMAL', 'SLOWER', 'MEC_USED', 'CLEAN', 'CLEAN', 'NEUTRAL', 'NEUTRAL', 'CLEAR', 'CLEAR', 'CLUTCH', 'BANCO_VAZIO')",32,5,7,71.429,HAZARD,68.750,0.986175,2.6810
"('TANK', 'TANK', 'NEUTRAL', 'SAFE', 'CRIT', 'NORMAL', 'SLOWER', 'MEC_USED', 'CLEAN', 'CLEAN', 'NEUTRAL', 'NEUTRAL', 'SET', 'SET', 'RECOVERING', 'BANCO_VAZIO')",32,6,12,50.000,ATTACK_STRONG,56.250,1.233398,3.4329
"('SWEEPER', 'TANK', 'OFFENSIVE_ADV', 'FULL', 'FULL', 'NORMAL', 'FASTER', 'MEC_USED', 'CLEAN', 'CLEAN', 'NEUTRAL', 'NEUTRAL', 'CLEAR', 'CLEAR', 'RECOVERING', 'BANCO_VAZIO')",32,4,5,80.000,STATUS,90.625,0.414124,1.5130
"('TANK', 'SWEEPER', 'OFFENSIVE_ADV', 'FULL', 'FULL', 'NORMAL', 'SLOWER', 'MEC_USED', 'CLEAN', 'CLEAN', 'DEBUFF', 'NEUTRAL', 'CLEAR', 'CLEAR', 'OPENING', 'BANCO_OFF')",31,10,10,100.000,ATTACK_TECH,16.129,2.193389,8.9655
"('TANK', 'SWEEPER', 'OFFENSIVE_DIS', 'SAFE', 'FULL', 'FIELD_THEIRS', 'SLOWER', 'MEC_USED', 'CLEAN', 'CLEAN', 'NEUTRAL', 'NEUTRAL', 'CLEAR', 'CLEAR', 'OPENING', 'BANCO_OFF')",31,14,16,87.500,BARRIER,19.355,2.444248,11.5219
"('TANK', 'TANK', 'NEUTRAL', 'CRIT', 'SAFE', 'NORMAL', 'SLOWER', 'MEC_USED', 'CLEAN', 'CLEAN', 'NEUTRAL', 'NEUTRAL', 'SET', 'SET', 'RECOVERING', 'BANCO_VAZIO')",31,11,13,84.615,ATTACK_STRONG,32.258,2.059232,7.8399
"('TANK', 'SWEEPER', 'NEUTRAL', 'FULL', 'FULL', 'NORMAL', 'SLOWER', 'MEC_USED', 'CLEAN', 'CLEAN', 'NEUTRAL', 'DEBUFF', 'CLEAR', 'CLEAR', 'OPENING', 'BANCO_OFF')",31,12,12,100.000,ATTACK_STRONG,22.581,2.228444,9.2854
"('SWEEPER', 'TANK', 'OFFENSIVE_ADV', 'SAFE', 'SAFE', 'NORMAL', 'FASTER', 'MEC_USED', 'CLEAN', 'CLEAN', 'NEUTRAL', 'NEUTRAL', 'CLEAR', 'CLEAR', 'OPENING', 'BANCO_OFF')",31,8,8,100.000,ATTACK_STRONG,29.032,1.761625,5.8219
"('TANK', 'TANK', 'VOLATILE', 'FULL', 'SAFE', 'NORMAL', 'SLOWER', 'MEC_USED', 'CLEAN', 'CLEAN', 'NEUTRAL', 'NEUTRAL', 'CLEAR', 'CLEAR', 'OPENING', 'BANCO_OFF')",31,9,13,69.231,ATTACK_STRONG,45.161,1.699607,5.4718
"('TANK', 'TANK', 'OFFENSIVE_DIS', 'FULL', 'SAFE', 'NORMAL', 'SLOWER', 'MEC_USED', 'CLEAN', 'CLEAN', 'NEUTRAL', 'NEUTRAL', 'CLEAR', 'CLEAR', 'RECOVERING', 'BANCO_VAZIO')",31,8,10,80.000,ATTACK_TECH,32.258,1.760843,5.8173
"('TANK', 'SWEEPER', 'DOMINANT', 'SAFE', 'FULL', 'NORMAL', 'SLOWER', 'MEC_USED', 'CLEAN', 'CLEAN', 'NEUTRAL', 'NEUTRAL', 'CLEAR', 'CLEAR', 'OPENING', 'BANCO_OFF')",31,8,11,72.727,ATTACK_STRONG,54.839,1.427180,4.1669
"('TANK', 'SWEEPER', 'OFFENSIVE_ADV', 'SAFE', 'FULL', 'FIELD_SHARED', 'SLOWER', 'MEC_USED', 'CLEAN', 'CLEAN', 'NEUTRAL', 'NEUTRAL', 'CLEAR', 'CLEAR', 'OPENING', 'BANCO_OFF')",31,13,14,92.857,HEAL,25.806,2.263138,9.6132
"('SWEEPER', 'SWEEPER', 'OFFENSIVE_ADV', 'FULL', 'FULL', 'FIELD_THEIRS', 'FASTER', 'MEC_USED', 'CLEAN', 'CLEAN', 'NEUTRAL', 'DEBUFF', 'CLEAR', 'CLEAR', 'OPENING', 'BANCO_OFF')",31,6,6,100.000,ATTACK_STRONG,58.065,1.308515,3.7007
"('TANK', 'TANK', 'DEFENSIVE_DIS', 'FULL', 'FULL', 'FIELD_OURS_OFF', 'FASTER', 'MEC_USED', 'CLEAN', 'CLEAN', 'NEUTRAL', 'NEUTRAL', 'CLEAR', 'CLEAR', 'OPENING', 'BANCO_VAZIO')",31,8,10,80.000,ATTACK_PIVOT,51.613,1.421624,4.1438
"('TANK', 'TANK', 'OFFENSIVE_ADV', 'SAFE', 'FULL', 'NORMAL', 'FASTER', 'MEC_USED', 'CLEAN', 'CLEAN', 'NEUTRAL', 'NEUTRAL', 'CLEAR', 'SET', 'OPENING', 'BANCO_OFF')",31,9,12,75.000,HAZARD,41.935,1.796704,6.0297
"('TANK', 'TANK', 'CRITICAL_DIS', 'SAFE', 'SAFE', 'NORMAL', 'SLOWER', 'MEC_USED', 'CLEAN', 'CLEAN', 'NEUTRAL', 'NEUTRAL', 'CLEAR', 'CLEAR', 'RECOVERING', 'BANCO_VAZIO')",31,11,13,84.615,PROTECT,19.355,2.285060,9.8263
"('TANK', 'TANK', 'DEFENSIVE_DIS', 'FULL', 'FULL', 'NORMAL', 'SLOWER', 'MEC_USED', 'CLEAN', 'CLEAN', 'NEUTRAL', 'NEUTRAL', 'CLEAR', 'CLEAR', 'BRAWL', 'BANCO_OFF')",31,11,14,78.571,ATTACK_STRONG,19.355,2.153136,8.6118
"('TANK', 'TANK', 'DOMINANT', 'FULL', 'FULL', 'NORMAL', 'SLOWER', 'MEC_AVAIL', 'CLEAN', 'CLEAN', 'NEUTRAL', 'NEUTRAL', 'CLEAR', 'CLEAR', 'OPENING', 'BANCO_AMBOS')",31,12,16,75.000,FIELD_CONTROL,19.355,2.312901,10.1037
"('SWEEPER', 'TANK', 'VOLATILE', 'FULL', 'FULL', 'NORMAL', 'FASTER', 'MEC_USED', 'CLEAN', 'CLEAN', 'NEUTRAL', 'NEUTRAL', 'CLEAR', 'CLEAR', 'OPENING', 'BANCO_AMBOS')",31,9,10,90.000,SWITCH_DEFENSIVE,19.355,2.114912,8.2889
"('TANK', 'TANK', 'VOLATILE', 'FULL', 'FULL', 'NORMAL', 'FASTER', 'MEC_USED', 'AFFLICTED', 'CLEAN', 'NEUTRAL', 'NEUTRAL', 'SET', 'CLEAR', 'CLUTCH', 'BANCO_VAZIO')",31,4,6,66.667,ATTACK_PIVOT,58.065,1.092712,2.9824
"('TANK', 'TANK', 'VOLATILE', 'FULL', 'FULL', 'NORMAL', 'FASTER', 'MEC_USED', 'CLEAN', 'CLEAN', 'NEUTRAL', 'NEUTRAL', 'SET', 'CLEAR', 'OPENING', 'BANCO_AMBOS')",31,11,12,91.667,ATTACK_TECH,12.903,2.326969,10.2468
"('SWEEPER', 'TANK', 'NEUTRAL', 'SAFE', 'FULL', 'FIELD_OURS_OFF', 'FASTER', 'MEC_USED', 'CLEAN', 'CLEAN', 'NEUTRAL', 'NEUTRAL', 'CLEAR', 'CLEAR', 'OPENING', 'BANCO_OFF')",31,9,11,81.818,SWITCH_OFFENSIVE,29.032,1.884821,6.5852
"('TANK', 'TANK', 'NEUTRAL', 'FULL', 'FULL', 'NORMAL', 'FASTER', 'MEC_USED', 'CLEAN', 'CLEAN', 'BUFFED', 'NEUTRAL', 'CLEAR', 'CLEAR', 'OPENING', 'BANCO_AMBOS')",31,9,10,90.000,ATTACK_STRONG,29.032,1.968341,7.1588
"('TANK', 'TANK', 'NEUTRAL', 'SAFE', 'FULL', 'NORMAL', 'FASTER', 'MEC_USED', 'CLEAN', 'CLEAN', 'BUFFED', 'NEUTRAL', 'CLEAR', 'CLEAR', 'OPENING', 'BANCO_AMBOS')",31,3,8,37.500,ATTACK_STRONG,58.065,0.860122,2.3634
"('TANK', 'TANK', 'OFFENSIVE_DIS', 'SAFE', 'FULL', 'NORMAL', 'FASTER', 'MEC_USED', 'AFFLICTED', 'CLEAN', 'NEUTRAL', 'NEUTRAL', 'CLEAR', 'CLEAR', 'CLUTCH', 'BANCO_VAZIO')",31,7,8,87.500,STATUS,51.613,1.475072,4.3713
"('TANK', 'TANK', 'DEFENSIVE_ADV', 'FULL', 'FULL', 'NORMAL', 'FASTER', 'MEC_USED', 'CLEAN', 'CLEAN', 'NEUTRAL', 'NEUTRAL', 'CLEAR', 'CLEAR', 'OPENING', 'BANCO_DEF')",31,9,11,81.818,HEAL,32.258,1.767701,5.8574
"('SWEEPER', 'TANK', 'VOLATILE', 'FULL', 'FULL', 'FIELD_OURS_OFF', 'FASTER', 'MEC_USED', 'CLEAN', 'CLEAN', 'NEUTRAL', 'NEUTRAL', 'CLEAR', 'CLEAR', 'OPENING', 'BANCO_OFF')",31,8,8,100.000,ATTACK_PIVOT,32.258,1.774038,5.8946
"('TANK', 'UTILITY', 'OFFENSIVE_ADV', 'SAFE', 'FULL', 'FIELD_THEIRS', 'SLOWER', 'MEC_USED', 'CLEAN', 'CLEAN', 'NEUTRAL', 'NEUTRAL', 'CLEAR', 'CLEAR', 'OPENING', 'BANCO_OFF')",31,11,12,91.667,ATTACK_TECH,16.129,2.310668,10.0812
"('TANK', 'UTILITY', 'NEUTRAL', 'SAFE', 'DANGER', 'NORMAL', 'SLOWER', 'MEC_USED', 'CLEAN', 'CLEAN', 'NEUTRAL', 'NEUTRAL', 'CLEAR', 'CLEAR', 'OPENING', 'BANCO_OFF')",31,7,11,63.636,STAT_CLEAN,77.419,0.928839,2.5316
"('TANK', 'TANK', 'NEUTRAL', 'FULL', 'SAFE', 'NORMAL', 'FASTER', 'MEC_USED', 'CLEAN', 'CLEAN', 'NEUTRAL', 'NEUTRAL', 'SET', 'SET', 'OPENING', 'BANCO_OFF')",31,13,13,100.000,ATTACK_STRONG,19.355,2.301939,9.9935
"('TANK', 'TANK', 'NEUTRAL', 'FULL', 'FULL', 'NORMAL', 'FASTER', 'MEC_USED', 'AFFLICTED', 'CLEAN', 'NEUTRAL', 'NEUTRAL', 'SET', 'CLEAR', 'OPENING', 'BANCO_AMBOS')",31,6,11,54.545,CLEAN_HAZARD,77.419,0.867241,2.3803
"('UTILITY', 'TANK', 'VOLATILE', 'FULL', 'FULL', 'FIELD_OURS_OFF', 'FASTER', 'MEC_USED', 'CLEAN', 'CLEAN', 'NEUTRAL', 'NEUTRAL', 'CLEAR', 'CLEAR', 'OPENING', 'BANCO_AMBOS')",30,6,7,85.714,ATTACK_STRONG,26.667,1.654244,5.2291
"('TANK', 'TANK', 'DEFENSIVE_DIS', 'DANGER', 'SAFE', 'NORMAL', 'FASTER', 'MEC_USED', 'CLEAN', 'CLEAN', 'NEUTRAL', 'NEUTRAL', 'CLEAR', 'CLEAR', 'RECOVERING', 'BANCO_VAZIO')",30,10,11,90.909,HEAL,36.667,1.915127,6.7878
"('TANK', 'TANK', 'NEUTRAL', 'SAFE', 'FULL', 'FIELD_SHARED', 'FASTER', 'MEC_AVAIL', 'CLEAN', 'CLEAN', 'NEUTRAL', 'NEUTRAL', 'CLEAR', 'CLEAR', 'OPENING', 'BANCO_AMBOS')",30,12,18,66.667,STATUS_MEC,20.000,2.354910,10.5372
"('TANK', 'SWEEPER', 'NEUTRAL', 'SAFE', 'FULL', 'NORMAL', 'SLOWER', 'MEC_USED', 'CLEAN', 'CLEAN', 'NEUTRAL', 'NEUTRAL', 'CLEAR', 'CLEAR', 'OPENING', 'BANCO_AMBOS')",30,13,14,92.857,ATTACK_TECH,20.000,2.358718,10.5774
"('TANK', 'TANK', 'NEUTRAL', 'SAFE', 'FULL', 'NORMAL', 'SLOWER', 'MEC_USED', 'AFFLICTED', 'AFFLICTED', 'DEBUFF', 'NEUTRAL', 'SET', 'CLEAR', 'CLUTCH', 'BANCO_VAZIO')",30,4,4,100.000,STATUS,83.333,0.626381,1.8708
"('TANK', 'TANK', 'OFFENSIVE_DIS', 'DANGER', 'SAFE', 'NORMAL', 'SLOWER', 'MEC_USED', 'CLEAN', 'CLEAN', 'NEUTRAL', 'NEUTRAL', 'CLEAR', 'CLEAR', 'OPENING', 'BANCO_OFF')",30,9,13,69.231,STATUS,23.333,2.040994,7.6983
"('SWEEPER', 'UTILITY', 'DEFENSIVE_DIS', 'FULL', 'FULL', 'NORMAL', 'FASTER', 'MEC_USED', 'CLEAN', 'CLEAN', 'NEUTRAL', 'NEUTRAL', 'CLEAR', 'CLEAR', 'OPENING', 'BANCO_AMBOS')",30,8,8,100.000,SWITCH_DEFENSIVE,36.667,1.594562,4.9262
"('TANK', 'TANK', 'DEFENSIVE_ADV', 'FULL', 'SAFE', 'NORMAL', 'SLOWER', 'MEC_USED', 'CLEAN', 'CLEAN', 'NEUTRAL', 'NEUTRAL', 'CLEAR', 'CLEAR', 'OPENING', 'BANCO_VAZIO')",30,9,12,75.000,PROTECT,30.000,1.959367,7.0948
"('TANK', 'TANK', 'DOMINANT', 'FULL', 'FULL', 'NORMAL', 'SLOWER', 'MEC_USED', 'CLEAN', 'CLEAN', 'NEUTRAL', 'NEUTRAL', 'SET', 'CLEAR', 'OPENING', 'BANCO_AMBOS')",30,13,15,86.667,BUFF,20.000,2.308700,10.0613
"('TANK', 'TANK', 'NEUTRAL', 'FULL', 'DANGER', 'FIELD_SHARED', 'FASTER', 'MEC_USED', 'CLEAN', 'CLEAN', 'NEUTRAL', 'NEUTRAL', 'CLEAR', 'CLEAR', 'OPENING', 'BANCO_OFF')",30,10,12,83.333,HEAL,20.000,2.187512,8.9130
"('SWEEPER', 'TANK', 'OFFENSIVE_ADV', 'DANGER', 'FULL', 'NORMAL', 'FASTER', 'MEC_USED', 'CLEAN', 'CLEAN', 'NEUTRAL', 'NEUTRAL', 'CLEAR', 'CLEAR', 'OPENING', 'BANCO_OFF')",30,10,10,100.000,ATTACK_PIVOT,26.667,2.017807,7.5218
"('TANK', 'TANK', 'NEUTRAL', 'DANGER', 'DANGER', 'NORMAL', 'SLOWER', 'MEC_USED', 'CLEAN', 'CLEAN', 'NEUTRAL', 'NEUTRAL', 'CLEAR', 'CLEAR', 'OPENING', 'BANCO_OFF')",30,12,14,85.714,CLEAN_HAZARD,16.667,2.370044,10.6979
"('TANK', 'TANK', 'OFFENSIVE_ADV', 'FULL', 'SAFE', 'NORMAL', 'FASTER', 'MEC_USED', 'CLEAN', 'CLEAN', 'NEUTRAL', 'NEUTRAL', 'CLEAR', 'CLEAR', 'BRAWL', 'BANCO_OFF')",30,11,11,100.000,ATTACK_STRONG,16.667,2.229107,9.2916
"('TANK', 'TANK', 'NEUTRAL', 'FULL', 'SAFE', 'NORMAL', 'FASTER', 'MEC_USED', 'CLEAN', 'CLEAN', 'NEUTRAL', 'NEUTRAL', 'SET', 'CLEAR', 'OPENING', 'BANCO_VAZIO')",30,10,12,83.333,CLEAN_HAZARD,23.333,2.155470,8.6319
"('TANK', 'TANK', 'DEFENSIVE_DIS', 'FULL', 'SAFE', 'FIELD_OURS_OFF', 'SLOWER', 'MEC_USED', 'CLEAN', 'CLEAN', 'NEUTRAL', 'NEUTRAL', 'CLEAR', 'CLEAR', 'OPENING', 'BANCO_OFF')",30,9,10,90.000,SWITCH_DEFENSIVE,20.000,2.075344,7.9673
"('TANK', 'UTILITY', 'STALEMATE', 'FULL', 'FULL', 'NORMAL', 'SLOWER', 'MEC_USED', 'CLEAN', 'CLEAN', 'NEUTRAL', 'NEUTRAL', 'CLEAR', 'CLEAR', 'OPENING', 'BANCO_AMBOS')",30,10,11,90.909,ATTACK_STRONG,20.000,2.130573,8.4197
"('TANK', 'TANK', 'VOLATILE', 'SAFE', 'FULL', 'NORMAL', 'FASTER', 'MEC_AVAIL', 'CLEAN', 'CLEAN', 'NEUTRAL', 'NEUTRAL', 'CLEAR', 'CLEAR', 'OPENING', 'BANCO_OFF')",30,10,18,55.556,HEAL_MEC,23.333,2.043301,7.7160
"('TANK', 'TANK', 'OFFENSIVE_ADV', 'DANGER', 'FULL', 'NORMAL', 'SLOWER', 'MEC_USED', 'CLEAN', 'CLEAN', 'NEUTRAL', 'NEUTRAL', 'CLEAR', 'CLEAR', 'OPENING', 'BANCO_OFF')",30,11,12,91.667,HEAL,26.667,2.101208,8.1760
"('TANK', 'TANK', 'NEUTRAL', 'CRIT', 'SAFE', 'NORMAL', 'SLOWER', 'MEC_USED', 'CLEAN', 'CLEAN', 'NEUTRAL', 'NEUTRAL', 'CLEAR', 'CLEAR', 'RECOVERING', 'BANCO_VAZIO')",30,13,14,92.857,ATTACK_TECH,20.000,2.418561,11.2297
"('TANK', 'TANK', 'NEUTRAL', 'SAFE', 'FULL', 'NORMAL', 'SLOWER', 'MEC_USED', 'CLEAN', 'CLEAN', 'BUFFED', 'NEUTRAL', 'CLEAR', 'CLEAR', 'OPENING', 'BANCO_OFF')",30,8,9,88.889,STATUS,26.667,1.803233,6.0692
"('TANK', 'TANK', 'OFFENSIVE_DIS', 'SAFE', 'FULL', 'NORMAL', 'FASTER', 'MEC_USED', 'CLEAN', 'CLEAN', 'NEUTRAL', 'NEUTRAL', 'SET', 'SET', 'RECOVERING', 'BANCO_VAZIO')",30,10,13,76.923,STATUS,36.667,1.930261,6.8913
"('TANK', 'SWEEPER', 'VOLATILE', 'FULL', 'FULL', 'FIELD_OURS_DEF', 'SLOWER', 'MEC_AVAIL', 'CLEAN', 'CLEAN', 'NEUTRAL', 'NEUTRAL', 'CLEAR', 'CLEAR', 'OPENING', 'BANCO_OFF')",30,10,10,100.000,ATTACK_TECH_MEC,33.333,1.980617,7.2472
"('TANK', 'TANK', 'NEUTRAL', 'DANGER', 'FULL', 'NORMAL', 'SLOWER', 'MEC_USED', 'CLEAN', 'CLEAN', 'NEUTRAL', 'NEUTRAL', 'CLEAR', 'CLEAR', 'RECOVERING', 'BANCO_VAZIO')",30,12,12,100.000,ATTACK_TECH,16.667,2.358718,10.5774
"('TANK', 'TANK', 'DEFENSIVE_DIS', 'SAFE', 'FULL', 'NORMAL', 'FASTER', 'MEC_USED', 'CLEAN', 'CLEAN', 'NEUTRAL', 'NEUTRAL', 'SET', 'CLEAR', 'OPENING', 'BANCO_AMBOS')",30,11,14,78.571,SWITCH_DEFENSIVE,26.667,2.176186,8.8126
"('TANK', 'SWEEPER', 'CRITICAL_DIS', 'FULL', 'SAFE', 'FIELD_THEIRS', 'SLOWER', 'MEC_USED', 'CLEAN', 'CLEAN', 'NEUTRAL', 'NEUTRAL', 'CLEAR', 'CLEAR', 'OPENING', 'BANCO_AMBOS')",30,9,9,100.000,HEAL,30.000,1.939618,6.9561
"('TANK', 'SWEEPER', 'OFFENSIVE_DIS', 'SAFE', 'FULL', 'FIELD_SHARED', 'SLOWER', 'MEC_USED', 'CLEAN', 'CLEAN', 'NEUTRAL', 'NEUTRAL', 'CLEAR', 'CLEAR', 'OPENING', 'BANCO_OFF')",30,9,14,64.286,ATTACK_PIVOT,50.000,1.671379,5.3195
"('TANK', 'TANK', 'NEUTRAL', 'FULL', 'SAFE', 'NORMAL', 'SLOWER', 'MEC_USED', 'CLEAN', 'CLEAN', 'NEUTRAL', 'NEUTRAL', 'SET', 'SET', 'BRAWL', 'BANCO_VAZIO')",30,6,12,50.000,ATTACK_TECH,70.000,1.001792,2.7232
"('TANK', 'TANK', 'NEUTRAL', 'SAFE', 'FULL', 'NORMAL', 'FASTER', 'MEC_USED', 'CLEAN', 'CLEAN', 'BUFFED', 'NEUTRAL', 'SET', 'CLEAR', 'OPENING', 'BANCO_OFF')",30,7,7,100.000,HEAL,46.667,1.609005,4.9978
"('SWEEPER', 'TANK', 'NEUTRAL', 'SAFE', 'FULL', 'NORMAL', 'FASTER', 'MEC_USED', 'CLEAN', 'CLEAN', 'NEUTRAL', 'NEUTRAL', 'SET', 'CLEAR', 'OPENING', 'BANCO_AMBOS')",30,7,8,87.500,ATTACK_STRONG,26.667,1.812252,6.1242
"('TANK', 'SWEEPER', 'VOLATILE', 'SAFE', 'FULL', 'NORMAL', 'SLOWER', 'MEC_USED', 'CLEAN', 'CLEAN', 'NEUTRAL', 'NEUTRAL', 'CLEAR', 'CLEAR', 'OPENING', 'BANCO_OFF')",30,10,14,71.429,CLEAN_HAZARD,33.333,1.949541,7.0255
"('SWEEPER', 'TANK', 'OFFENSIVE_ADV', 'SAFE', 'SAFE', 'NORMAL', 'FASTER', 'MEC_USED', 'CLEAN', 'CLEAN', 'NEUTRAL', 'DEBUFF', 'CLEAR', 'CLEAR', 'OPENING', 'BANCO_OFF')",30,7,7,100.000,CLEAN_HAZARD,23.333,1.821271,6.1797
"('TANK', 'TANK', 'DOMINANT', 'FULL', 'FULL', 'FIELD_SHARED', 'FASTER', 'MEC_USED', 'CLEAN', 'CLEAN', 'NEUTRAL', 'NEUTRAL', 'CLEAR', 'CLEAR', 'OPENING', 'BANCO_VAZIO')",30,8,9,88.889,ATTACK_PIVOT,36.667,1.840149,6.2975
"('TANK', 'TANK', 'DEFENSIVE_DIS', 'FULL', 'SAFE', 'NORMAL', 'SLOWER', 'MEC_USED', 'CLEAN', 'CLEAN', 'NEUTRAL', 'NEUTRAL', 'CLEAR', 'CLEAR', 'OPENING', 'BANCO_VAZIO')",30,9,14,64.286,PROTECT,30.000,1.846602,6.3382
"('TANK', 'TANK', 'NEUTRAL', 'FULL', 'FULL', 'NORMAL', 'FASTER', 'MEC_USED', 'AFFLICTED', 'AFFLICTED', 'DEBUFF', 'NEUTRAL', 'SET', 'CLEAR', 'CLUTCH', 'BANCO_VAZIO')",30,2,3,66.667,CLEAN_HAZARD,63.333,0.657158,1.9293
"('TANK', 'TANK', 'DEFENSIVE_DIS', 'FULL', 'SAFE', 'NORMAL', 'FASTER', 'MEC_USED', 'CLEAN', 'CLEAN', 'NEUTRAL', 'NEUTRAL', 'CLEAR', 'CLEAR', 'OPENING', 'BANCO_VAZIO')",30,10,13,76.923,HEAL,23.333,1.978683,7.2332
"('TANK', 'TANK', 'OFFENSIVE_DIS', 'FULL', 'FULL', 'NORMAL', 'FASTER', 'MEC_USED', 'AFFLICTED', 'AFFLICTED', 'NEUTRAL', 'NEUTRAL', 'SET', 'CLEAR', 'CLUTCH', 'BANCO_VAZIO')",29,6,8,75.000,HEAL,79.310,0.832721,2.2996
"('TANK', 'TANK', 'NEUTRAL', 'DANGER', 'SAFE', 'NORMAL', 'FASTER', 'MEC_USED', 'CLEAN', 'CLEAN', 'NEUTRAL', 'NEUTRAL', 'SET', 'CLEAR', 'OPENING', 'BANCO_OFF')",29,11,14,78.571,ATTACK_STRONG,20.690,2.225409,9.2573
"('TANK', 'SWEEPER', 'NEUTRAL', 'SAFE', 'FULL', 'FIELD_THEIRS', 'SLOWER', 'MEC_USED', 'CLEAN', 'CLEAN', 'NEUTRAL', 'NEUTRAL', 'CLEAR', 'CLEAR', 'OPENING', 'BANCO_OFF')",29,12,13,92.308,HEAL,17.241,2.336672,10.3467
"('TANK', 'TANK', 'VOLATILE', 'DANGER', 'FULL', 'NORMAL', 'FASTER', 'MEC_USED', 'CLEAN', 'CLEAN', 'NEUTRAL', 'NEUTRAL', 'CLEAR', 'CLEAR', 'OPENING', 'BANCO_OFF')",29,11,11,100.000,SWITCH_DEFENSIVE,20.690,2.273212,9.7105
"('TANK', 'TANK', 'OFFENSIVE_ADV', 'SAFE', 'FULL', 'NORMAL', 'FASTER', 'MEC_USED', 'CLEAN', 'CLEAN', 'NEUTRAL', 'NEUTRAL', 'SET', 'SET', 'OPENING', 'BANCO_OFF')",29,9,11,81.818,HEAL,27.586,1.857639,6.4086
"('TANK', 'SWEEPER', 'DOMINANT', 'SAFE', 'FULL', 'NORMAL', 'SLOWER', 'MEC_USED', 'CLEAN', 'CLEAN', 'NEUTRAL', 'NEUTRAL', 'CLEAR', 'CLEAR', 'OPENING', 'BANCO_AMBOS')",29,9,11,81.818,ATTACK_STRONG,48.276,1.692799,5.4347
"('TANK', 'TANK', 'OFFENSIVE_ADV', 'SAFE', 'FULL', 'FIELD_THEIRS', 'FASTER', 'MEC_AVAIL', 'CLEAN', 'CLEAN', 'NEUTRAL', 'NEUTRAL', 'CLEAR', 'CLEAR', 'OPENING', 'BANCO_OFF')",29,11,16,68.750,ATTACK_STRONG_MEC,24.138,2.156176,8.6380
"('TANK', 'TANK', 'OFFENSIVE_ADV', 'FULL', 'SAFE', 'FIELD_SHARED', 'FASTER', 'MEC_AVAIL', 'CLEAN', 'CLEAN', 'NEUTRAL', 'NEUTRAL', 'CLEAR', 'CLEAR', 'OPENING', 'BANCO_OFF')",29,11,16,68.750,ATTACK_STRONG_MEC,24.138,2.183549,8.8778
"('TANK', 'SWEEPER', 'OFFENSIVE_DIS', 'FULL', 'FULL', 'FIELD_THEIRS', 'SLOWER', 'MEC_USED', 'CLEAN', 'CLEAN', 'NEUTRAL', 'NEUTRAL', 'CLEAR', 'CLEAR', 'OPENING', 'BANCO_AMBOS')",29,9,11,81.818,HEAL,17.241,2.118703,8.3203
"('TANK', 'TANK', 'OFFENSIVE_DIS', 'FULL', 'DANGER', 'NORMAL', 'FASTER', 'MEC_USED', 'CLEAN', 'CLEAN', 'NEUTRAL', 'NEUTRAL', 'CLEAR', 'CLEAR', 'OPENING', 'BANCO_OFF')",29,11,14,78.571,STATUS,34.483,2.056795,7.8209
"('TANK', 'TANK', 'NEUTRAL', 'CRIT', 'FULL', 'NORMAL', 'FASTER', 'MEC_USED', 'CLEAN', 'CLEAN', 'NEUTRAL', 'NEUTRAL', 'CLEAR', 'CLEAR', 'OPENING', 'BANCO_OFF')",29,14,15,93.333,ATTACK_TECH,10.345,2.578075,13.1718
"('TANK', 'TANK', 'NEUTRAL', 'FULL', 'SAFE', 'FIELD_OURS_OFF', 'FASTER', 'MEC_USED', 'CLEAN', 'CLEAN', 'NEUTRAL', 'NEUTRAL', 'CLEAR', 'CLEAR', 'OPENING', 'BANCO_OFF')",29,10,13,76.923,ATTACK_TECH,34.483,1.856252,6.3997
"('TANK', 'TANK', 'STALEMATE', 'SAFE', 'FULL', 'NORMAL', 'SLOWER', 'MEC_USED', 'CLEAN', 'CLEAN', 'NEUTRAL', 'NEUTRAL', 'CLEAR', 'CLEAR', 'OPENING', 'BANCO_AMBOS')",29,12,13,92.308,ATTACK_STRONG,17.241,2.316242,10.1375
"('TANK', 'TANK', 'NEUTRAL', 'DANGER', 'FULL', 'NORMAL', 'SLOWER', 'MEC_USED', 'CLEAN', 'CLEAN', 'NEUTRAL', 'NEUTRAL', 'CLEAR', 'CLEAR', 'OPENING', 'BANCO_AMBOS')",29,13,16,81.250,SWITCH_DEFENSIVE,17.241,2.462038,11.7287
"('TANK', 'TANK', 'DEFENSIVE_DIS', 'FULL', 'SAFE', 'FIELD_SHARED', 'FASTER', 'MEC_USED', 'CLEAN', 'CLEAN', 'NEUTRAL', 'NEUTRAL', 'CLEAR', 'CLEAR', 'OPENING', 'BANCO_OFF')",29,11,11,100.000,SWITCH_OFFENSIVE,44.828,1.894585,6.6498
"('TANK', 'TANK', 'NEUTRAL', 'SAFE', 'FULL', 'FIELD_SHARED', 'SLOWER', 'MEC_USED', 'CLEAN', 'CLEAN', 'NEUTRAL', 'NEUTRAL', 'CLEAR', 'CLEAR', 'OPENING', 'BANCO_VAZIO')",29,11,14,78.571,HEAL,20.690,2.223022,9.2352
"('TANK', 'TANK', 'DEFENSIVE_DIS', 'FULL', 'SAFE', 'FIELD_OURS_OFF', 'SLOWER', 'MEC_USED', 'CLEAN', 'CLEAN', 'NEUTRAL', 'NEUTRAL', 'CLEAR', 'CLEAR', 'OPENING', 'BANCO_AMBOS')",29,5,11,45.455,HEAL,37.931,1.358892,3.8919
"('TANK', 'TANK', 'DEFENSIVE_DIS', 'DANGER', 'FULL', 'NORMAL', 'SLOWER', 'MEC_USED', 'CLEAN', 'CLEAN', 'NEUTRAL', 'NEUTRAL', 'CLEAR', 'CLEAR', 'OPENING', 'BANCO_OFF')",29,10,12,83.333,STAT_CLEAN,20.690,2.207366,9.0917
"('UTILITY', 'TANK', 'OFFENSIVE_ADV', 'FULL', 'FULL', 'NORMAL', 'SLOWER', 'MEC_USED', 'CLEAN', 'CLEAN', 'NEUTRAL', 'NEUTRAL', 'CLEAR', 'CLEAR', 'OPENING', 'BANCO_AMBOS')",29,4,8,50.000,BUFF,65.517,0.999239,2.7162
"('SWEEPER', 'TANK', 'VOLATILE', 'SAFE', 'FULL', 'NORMAL', 'FASTER', 'MEC_USED', 'CLEAN', 'CLEAN', 'NEUTRAL', 'NEUTRAL', 'CLEAR', 'CLEAR', 'OPENING', 'BANCO_OFF')",29,6,7,85.714,SWITCH_DEFENSIVE,31.034,1.618688,5.0465
"('TANK', 'TANK', 'VOLATILE', 'SAFE', 'SAFE', 'NORMAL', 'FASTER', 'MEC_USED', 'CLEAN', 'CLEAN', 'NEUTRAL', 'NEUTRAL', 'SET', 'CLEAR', 'OPENING', 'BANCO_OFF')",29,12,14,85.714,SWITCH_DEFENSIVE,20.690,2.232352,9.3218
"('TANK', 'TANK', 'NEUTRAL', 'FULL', 'SAFE', 'NORMAL', 'FASTER', 'MEC_USED', 'CLEAN', 'CLEAN', 'NEUTRAL', 'NEUTRAL', 'CLEAR', 'CLEAR', 'BRAWL', 'BANCO_VAZIO')",29,11,14,78.571,STATUS,27.586,2.047465,7.7482
"('TANK', 'TANK', 'OFFENSIVE_DIS', 'FULL', 'SAFE', 'NORMAL', 'FASTER', 'MEC_USED', 'CLEAN', 'CLEAN', 'NEUTRAL', 'NEUTRAL', 'SET', 'CLEAR', 'OPENING', 'BANCO_OFF')",29,13,14,92.857,HAZARD,17.241,2.384475,10.8534
"('TANK', 'TANK', 'NEUTRAL', 'DANGER', 'FULL', 'NORMAL', 'FASTER', 'MEC_USED', 'CLEAN', 'CLEAN', 'NEUTRAL', 'NEUTRAL', 'SET', 'CLEAR', 'BRAWL', 'BANCO_OFF')",29,11,14,78.571,SWITCH_OFFENSIVE,24.138,2.222022,9.2260
"('TANK', 'TANK', 'NEUTRAL', 'SAFE', 'SAFE', 'NORMAL', 'FASTER', 'MEC_AVAIL', 'CLEAN', 'CLEAN', 'NEUTRAL', 'NEUTRAL', 'CLEAR', 'CLEAR', 'OPENING', 'BANCO_OFF')",29,11,16,68.750,HEAL_MEC,34.483,2.038752,7.6810
"('TANK', 'TANK', 'OFFENSIVE_ADV', 'SAFE', 'FULL', 'NORMAL', 'FASTER', 'MEC_USED', 'CLEAN', 'CLEAN', 'NEUTRAL', 'NEUTRAL', 'CLEAR', 'CLEAR', 'OPENING', 'BANCO_VAZIO')",29,11,14,78.571,ATTACK_STRONG,17.241,2.270825,9.6874
"('UTILITY', 'TANK', 'NEUTRAL', 'FULL', 'FULL', 'NORMAL', 'FASTER', 'MEC_USED', 'CLEAN', 'CLEAN', 'NEUTRAL', 'NEUTRAL', 'CLEAR', 'CLEAR', 'OPENING', 'BANCO_VAZIO')",29,8,9,88.889,ATTACK_PIVOT,24.138,1.905442,6.7224
"('TANK', 'TANK', 'CRITICAL_DIS', 'FULL', 'FULL', 'NORMAL', 'SLOWER', 'MEC_USED', 'CLEAN', 'CLEAN', 'NEUTRAL', 'NEUTRAL', 'CLEAR', 'SET', 'RECOVERING', 'BANCO_VAZIO')",29,9,10,90.000,HAZARD,34.483,1.729951,5.6404
"('TANK', 'TANK', 'OFFENSIVE_DIS', 'FULL', 'FULL', 'NORMAL', 'FASTER', 'MEC_USED', 'AFFLICTED', 'CLEAN', 'NEUTRAL', 'NEUTRAL', 'CLEAR', 'SET', 'CLUTCH', 'BANCO_VAZIO')",29,6,8,75.000,HEAL,31.034,1.490317,4.4385
"('TANK', 'TANK', 'NEUTRAL', 'SAFE', 'DANGER', 'NORMAL', 'FASTER', 'MEC_USED', 'CLEAN', 'CLEAN', 'NEUTRAL', 'NEUTRAL', 'CLEAR', 'CLEAR', 'OPENING', 'BANCO_AMBOS')",29,8,13,61.538,HEAL,41.379,1.643057,5.1710
"('TANK', 'TANK', 'NEUTRAL', 'SAFE', 'FULL', 'NORMAL', 'FASTER', 'MEC_USED', 'CLEAN', 'CLEAN', 'NEUTRAL', 'NEUTRAL', 'SET', 'SET', 'OPENING', 'BANCO_AMBOS')",29,8,12,66.667,HEAL,48.276,1.561106,4.7641
"('TANK', 'TANK', 'DEFENSIVE_DIS', 'FULL', 'SAFE', 'NORMAL', 'SLOWER', 'MEC_USED', 'CLEAN', 'CLEAN', 'NEUTRAL', 'NEUTRAL', 'SET', 'CLEAR', 'CLUTCH', 'BANCO_VAZIO')",29,4,10,40.000,HEAL,75.862,0.783351,2.1888
"('TANK', 'TANK', 'NEUTRAL', 'FULL', 'FULL', 'NORMAL', 'FASTER', 'MEC_USED', 'AFFLICTED', 'AFFLICTED', 'NEUTRAL', 'BUFFED_DEBUFF', 'SET', 'CLEAR', 'CLUTCH', 'BANCO_VAZIO')",29,3,3,100.000,STATUS,51.724,0.890540,2.4364
"('TANK', 'TANK', 'STALEMATE', 'FULL', 'FULL', 'NORMAL', 'SLOWER', 'MEC_USED', 'CLEAN', 'CLEAN', 'NEUTRAL', 'NEUTRAL', 'SET', 'CLEAR', 'OPENING', 'BANCO_AMBOS')",28,10,13,76.923,HAZARD,21.429,2.125904,8.3805
"('TANK', 'TANK', 'NEUTRAL', 'FULL', 'FULL', 'NORMAL', 'FASTER', 'MEC_USED', 'CLEAN', 'CLEAN', 'BUFFED', 'NEUTRAL', 'SET', 'SET', 'CLUTCH', 'BANCO_VAZIO')",28,4,7,57.143,HAZARD,75.000,0.813396,2.2556
"('TANK', 'TANK', 'NEUTRAL', 'SAFE', 'SAFE', 'FIELD_SHARED', 'SLOWER', 'MEC_USED', 'CLEAN', 'CLEAN', 'NEUTRAL', 'NEUTRAL', 'CLEAR', 'CLEAR', 'OPENING', 'BANCO_VAZIO')",28,11,14,78.571,STATUS,25.000,2.127341,8.3925
"('TANK', 'SWEEPER', 'NEUTRAL', 'FULL', 'FULL', 'FIELD_OURS_DEF', 'SLOWER', 'MEC_USED', 'CLEAN', 'CLEAN', 'NEUTRAL', 'NEUTRAL', 'CLEAR', 'CLEAR', 'OPENING', 'BANCO_AMBOS')",28,5,5,100.000,SWITCH_OFFENSIVE,46.429,1.330480,3.7829
"('TANK', 'TANK', 'NEUTRAL', 'SAFE', 'SAFE', 'NORMAL', 'SLOWER', 'MEC_USED', 'CLEAN', 'CLEAN', 'NEUTRAL', 'NEUTRAL', 'SET', 'SET', 'CLUTCH', 'BANCO_VAZIO')",28,12,13,92.308,STATUS,42.857,1.970181,7.1720
"('TANK', 'TANK', 'OFFENSIVE_DIS', 'FULL', 'SAFE', 'NORMAL', 'FASTER', 'MEC_USED', 'AFFLICTED', 'CLEAN', 'NEUTRAL', 'NEUTRAL', 'CLEAR', 'CLEAR', 'RECOVERING', 'BANCO_VAZIO')",28,6,7,85.714,ATTACK_PIVOT,53.571,1.330296,3.7822
"('TANK', 'UTILITY', 'VOLATILE', 'FULL', 'FULL', 'FIELD_SHARED', 'SLOWER', 'MEC_USED', 'CLEAN', 'CLEAN', 'NEUTRAL', 'NEUTRAL', 'CLEAR', 'CLEAR', 'OPENING', 'BANCO_OFF')",28,9,10,90.000,ATTACK_PIVOT,28.571,1.967709,7.1543
"('TANK', 'TANK', 'OFFENSIVE_DIS', 'SAFE', 'FULL', 'NORMAL', 'SLOWER', 'MEC_USED', 'CLEAN', 'CLEAN', 'NEUTRAL', 'NEUTRAL', 'SET', 'CLEAR', 'BRAWL', 'BANCO_OFF')",28,9,13,69.231,ATTACK_STRONG,28.571,2.038379,7.6782
"('TANK', 'TANK', 'DEFENSIVE_ADV', 'FULL', 'FULL', 'FIELD_OURS_DEF', 'FASTER', 'MEC_USED', 'CLEAN', 'CLEAN', 'NEUTRAL', 'NEUTRAL', 'CLEAR', 'CLEAR', 'OPENING', 'BANCO_AMBOS')",28,4,5,80.000,ATTACK_STRONG,50.000,1.108383,3.0295
"('TANK', 'TANK', 'DOMINANT', 'FULL', 'FULL', 'FIELD_OURS_OFF', 'FASTER', 'MEC_USED', 'CLEAN', 'CLEAN', 'NEUTRAL', 'NEUTRAL', 'CLEAR', 'CLEAR', 'OPENING', 'BANCO_OFF')",28,10,12,83.333,PROTECT,32.143,2.013140,7.4868
"('TANK', 'TANK', 'VOLATILE', 'FULL', 'FULL', 'NORMAL', 'SLOWER', 'MEC_USED', 'CLEAN', 'CLEAN', 'NEUTRAL', 'NEUTRAL', 'SET', 'CLEAR', 'OPENING', 'BANCO_OFF')",28,13,14,92.857,ATTACK_TECH,14.286,2.434463,11.4097
"('TANK', 'TANK', 'NEUTRAL', 'DANGER', 'FULL', 'NORMAL', 'FASTER', 'MEC_USED', 'CLEAN', 'CLEAN', 'NEUTRAL', 'NEUTRAL', 'CLEAR', 'SET', 'RECOVERING', 'BANCO_VAZIO')",28,12,13,92.308,ATTACK_STRONG,17.857,2.345106,10.4344
"('TANK', 'TANK', 'NEUTRAL', 'SAFE', 'SAFE', 'NORMAL', 'SLOWER', 'MEC_USED', 'CLEAN', 'CLEAN', 'NEUTRAL', 'NEUTRAL', 'SET', 'CLEAR', 'OPENING', 'BANCO_AMBOS')",28,13,15,86.667,ATTACK_STRONG,14.286,2.422328,11.2721
"('UTILITY', 'TANK', 'CRITICAL_DIS', 'FULL', 'FULL', 'FIELD_SHARED', 'FASTER', 'MEC_AVAIL', 'CLEAN', 'CLEAN', 'NEUTRAL', 'NEUTRAL', 'CLEAR', 'CLEAR', 'OPENING', 'BANCO_AMBOS')",28,5,8,62.500,HEAL,25.000,1.586408,4.8862
"('TANK', 'TANK', 'NEUTRAL', 'SAFE', 'FULL', 'NORMAL', 'FASTER', 'MEC_USED', 'AFFLICTED', 'CLEAN', 'NEUTRAL', 'NEUTRAL', 'CLEAR', 'CLEAR', 'RECOVERING', 'BANCO_VAZIO')",28,9,11,81.818,CLEAN_HAZARD,21.429,2.048043,7.7527
"('TANK', 'UTILITY', 'DEFENSIVE_DIS', 'FULL', 'FULL', 'FIELD_SHARED', 'SLOWER', 'MEC_USED', 'CLEAN', 'CLEAN', 'NEUTRAL', 'NEUTRAL', 'CLEAR', 'CLEAR', 'OPENING', 'BANCO_OFF')",28,10,12,83.333,SWITCH_DEFENSIVE,21.429,2.116241,8.2999
"('TANK', 'TANK', 'OFFENSIVE_ADV', 'FULL', 'FULL', 'FIELD_THEIRS', 'SLOWER', 'MEC_USED', 'CLEAN', 'CLEAN', 'NEUTRAL', 'NEUTRAL', 'SET', 'CLEAR', 'OPENING', 'BANCO_OFF')",28,11,11,100.000,HEAL,14.286,2.292484,9.8995
"('TANK', 'TANK', 'OFFENSIVE_DIS', 'SAFE', 'SAFE', 'NORMAL', 'SLOWER', 'MEC_USED', 'CLEAN', 'CLEAN', 'NEUTRAL', 'NEUTRAL', 'CLEAR', 'SET', 'RECOVERING', 'BANCO_VAZIO')",28,9,13,69.231,HAZARD,39.286,1.845559,6.3316
"('TANK', 'TANK', 'DEFENSIVE_DIS', 'FULL', 'FULL', 'FIELD_SHARED', 'SLOWER', 'MEC_AVAIL', 'CLEAN', 'CLEAN', 'NEUTRAL', 'NEUTRAL', 'CLEAR', 'CLEAR', 'OPENING', 'BANCO_AMBOS')",28,10,14,71.429,ATTACK_TECH,17.857,2.163279,8.6996
"('TANK', 'SWEEPER', 'NEUTRAL', 'DANGER', 'FULL', 'NORMAL', 'SLOWER', 'MEC_USED', 'CLEAN', 'CLEAN', 'NEUTRAL', 'NEUTRAL', 'CLEAR', 'CLEAR', 'OPENING', 'BANCO_OFF')",28,13,13,100.000,ATTACK_STRONG,10.714,2.514797,12.3641
"('TANK', 'TANK', 'NEUTRAL', 'DANGER', 'SAFE', 'NORMAL', 'FASTER', 'MEC_USED', 'CLEAN', 'CLEAN', 'NEUTRAL', 'NEUTRAL', 'CLEAR', 'CLEAR', 'OPENING', 'BANCO_AMBOS')",28,10,14,71.429,CLEAN_HAZARD,28.571,2.007556,7.4451
"('SWEEPER', 'TANK', 'OFFENSIVE_ADV', 'FULL', 'FULL', 'FIELD_THEIRS', 'FASTER', 'MEC_AVAIL', 'CLEAN', 'CLEAN', 'NEUTRAL', 'NEUTRAL', 'CLEAR', 'CLEAR', 'OPENING', 'BANCO_OFF')",28,8,10,80.000,ATTACK_STRONG_MEC,25.000,1.905667,6.7239
"('TANK', 'TANK', 'NEUTRAL', 'SAFE', 'CRIT', 'NORMAL', 'SLOWER', 'MEC_USED', 'CLEAN', 'CLEAN', 'NEUTRAL', 'NEUTRAL', 'SET', 'CLEAR', 'OPENING', 'BANCO_OFF')",28,12,14,85.714,STATUS,25.000,2.232913,9.3270
"('TANK', 'TANK', 'NEUTRAL', 'SAFE', 'DANGER', 'FIELD_SHARED', 'FASTER', 'MEC_USED', 'CLEAN', 'CLEAN', 'NEUTRAL', 'NEUTRAL', 'CLEAR', 'CLEAR', 'OPENING', 'BANCO_OFF')",28,10,12,83.333,HAZARD,32.143,1.864609,6.4534
"('TANK', 'TANK', 'OFFENSIVE_ADV', 'SAFE', 'FULL', 'NORMAL', 'SLOWER', 'MEC_USED', 'CLEAN', 'CLEAN', 'NEUTRAL', 'NEUTRAL', 'SET', 'SET', 'OPENING', 'BANCO_OFF')",28,10,13,76.923,HAZARD,35.714,1.909175,6.7475
"('TANK', 'TANK', 'OFFENSIVE_ADV', 'SAFE', 'SAFE', 'FIELD_OURS_OFF', 'FASTER', 'MEC_USED', 'CLEAN', 'CLEAN', 'NEUTRAL', 'NEUTRAL', 'CLEAR', 'CLEAR', 'OPENING', 'BANCO_OFF')",28,10,11,90.909,PROTECT,21.429,2.078866,7.9954
"('SWEEPER', 'TANK', 'OFFENSIVE_ADV', 'SAFE', 'SAFE', 'NORMAL', 'FASTER', 'MEC_USED', 'CLEAN', 'CLEAN', 'NEUTRAL', 'DEBUFF', 'SET', 'CLEAR', 'OPENING', 'BANCO_OFF')",28,7,7,100.000,ATTACK_STRONG,32.143,1.736840,5.6794
"('TANK', 'TANK', 'DEFENSIVE_DIS', 'SAFE', 'SAFE', 'FIELD_SHARED', 'FASTER', 'MEC_USED', 'CLEAN', 'CLEAN', 'NEUTRAL', 'NEUTRAL', 'CLEAR', 'CLEAR', 'OPENING', 'BANCO_OFF')",28,10,13,76.923,ATTACK_STRONG,39.286,1.907205,6.7342
"('TANK', 'TANK', 'NEUTRAL', 'FULL', 'CRIT', 'NORMAL', 'FASTER', 'MEC_USED', 'CLEAN', 'CLEAN', 'NEUTRAL', 'NEUTRAL', 'CLEAR', 'CLEAR', 'OPENING', 'BANCO_OFF')",28,10,12,83.333,ATTACK_PIVOT,17.857,2.144592,8.5386
"('TANK', 'TANK', 'VOLATILE', 'SAFE', 'FULL', 'NORMAL', 'SLOWER', 'MEC_USED', 'CLEAN', 'CLEAN', 'NEUTRAL', 'NEUTRAL', 'SET', 'CLEAR', 'OPENING', 'BANCO_OFF')",28,12,12,100.000,STATUS,14.286,2.384953,10.8586
"('TANK', 'TANK', 'CRITICAL_DIS', 'FULL', 'SAFE', 'NORMAL', 'SLOWER', 'MEC_USED', 'CLEAN', 'CLEAN', 'NEUTRAL', 'NEUTRAL', 'CLEAR', 'CLEAR', 'OPENING', 'BANCO_AMBOS')",28,2,13,15.385,SWITCH_DEFENSIVE,85.714,0.410116,1.5070
"('TANK', 'TANK', 'NEUTRAL', 'DANGER', 'FULL', 'NORMAL', 'SLOWER', 'MEC_USED', 'CLEAN', 'CLEAN', 'NEUTRAL', 'NEUTRAL', 'CLEAR', 'CLEAR', 'BRAWL', 'BANCO_OFF')",28,10,15,66.667,STATUS,42.857,1.821650,6.1820
"('TANK', 'TANK', 'NEUTRAL', 'FULL', 'FULL', 'NORMAL', 'FASTER', 'MEC_USED', 'AFFLICTED', 'CLEAN', 'NEUTRAL', 'DEBUFF', 'SET', 'CLEAR', 'CLUTCH', 'BANCO_VAZIO')",28,2,4,50.000,HAZARD,53.571,0.690594,1.9949
"('TANK', 'TANK', 'DOMINANT', 'FULL', 'SAFE', 'FIELD_THEIRS', 'FASTER', 'MEC_USED', 'CLEAN', 'CLEAN', 'NEUTRAL', 'NEUTRAL', 'CLEAR', 'CLEAR', 'OPENING', 'BANCO_OFF')",28,10,10,100.000,ATTACK_TECH,17.857,2.156727,8.6428
"('TANK', 'TANK', 'NEUTRAL', 'FULL', 'SAFE', 'NORMAL', 'FASTER', 'MEC_USED', 'AFFLICTED', 'CLEAN', 'NEUTRAL', 'NEUTRAL', 'SET', 'CLEAR', 'OPENING', 'BANCO_OFF')",28,8,11,72.727,CLEAN_HAZARD,60.714,1.395310,4.0362
"('TANK', 'TANK', 'DEFENSIVE_DIS', 'FULL', 'SAFE', 'NORMAL', 'FASTER', 'MEC_USED', 'CLEAN', 'CLEAN', 'NEUTRAL', 'NEUTRAL', 'SET', 'CLEAR', 'OPENING', 'BANCO_OFF')",28,11,12,91.667,ATTACK_TECH,32.143,2.112161,8.2661
"('SWEEPER', 'TANK', 'DEFENSIVE_DIS', 'FULL', 'FULL', 'FIELD_OURS_OFF', 'FASTER', 'MEC_USED', 'CLEAN', 'CLEAN', 'NEUTRAL', 'NEUTRAL', 'CLEAR', 'CLEAR', 'OPENING', 'BANCO_OFF')",28,11,11,100.000,HEAL,25.000,2.143556,8.5297
"('TANK', 'TANK', 'OFFENSIVE_DIS', 'FULL', 'SAFE', 'NORMAL', 'FASTER', 'MEC_USED', 'AFFLICTED', 'CLEAN', 'NEUTRAL', 'NEUTRAL', 'CLEAR', 'CLEAR', 'OPENING', 'BANCO_OFF')",28,4,8,50.000,CLEAN_HAZARD,75.000,0.801260,2.2283
"('SWEEPER', 'TANK', 'OFFENSIVE_ADV', 'FULL', 'DANGER', 'NORMAL', 'FASTER', 'MEC_USED', 'CLEAN', 'CLEAN', 'NEUTRAL', 'DEBUFF', 'CLEAR', 'CLEAR', 'OPENING', 'BANCO_OFF')",27,8,9,88.889,SWITCH_DEFENSIVE,37.037,1.744251,5.7216
"('TANK', 'TANK', 'NEUTRAL', 'SAFE', 'SAFE', 'NORMAL', 'FASTER', 'MEC_USED', 'CLEAN', 'CLEAN', 'NEUTRAL', 'NEUTRAL', 'SET', 'SET', 'RECOVERING', 'BANCO_VAZIO')",27,9,13,69.231,BUFF,22.222,1.998642,7.3790
"('TANK', 'TANK', 'OFFENSIVE_DIS', 'SAFE', 'SAFE', 'NORMAL', 'SLOWER', 'MEC_USED', 'CLEAN', 'CLEAN', 'NEUTRAL', 'NEUTRAL', 'SET', 'CLEAR', 'OPENING', 'BANCO_OFF')",27,12,13,92.308,HEAL,22.222,2.306707,10.0413
"('TANK', 'TANK', 'DEFENSIVE_DIS', 'FULL', 'SAFE', 'NORMAL', 'FASTER', 'MEC_USED', 'CLEAN', 'CLEAN', 'NEUTRAL', 'NEUTRAL', 'CLEAR', 'CLEAR', 'RECOVERING', 'BANCO_VAZIO')",27,10,12,83.333,ATTACK_STRONG,18.519,2.179512,8.8420
"('UTILITY', 'TANK', 'NEUTRAL', 'FULL', 'FULL', 'NORMAL', 'FASTER', 'MEC_USED', 'CLEAN', 'CLEAN', 'NEUTRAL', 'NEUTRAL', 'SET', 'CLEAR', 'OPENING', 'BANCO_OFF')",27,10,10,100.000,CLEAN_HAZARD,18.519,2.147547,8.5638
"('TANK', 'TANK', 'OFFENSIVE_DIS', 'FULL', 'FULL', 'NORMAL', 'FASTER', 'MEC_USED', 'CLEAN', 'CLEAN', 'NEUTRAL', 'NEUTRAL', 'SET', 'CLEAR', 'BRAWL', 'BANCO_OFF')",27,10,13,76.923,STATUS,25.926,2.104487,8.2029
"('TANK', 'TANK', 'DEFENSIVE_DIS', 'CRIT', 'FULL', 'FIELD_THEIRS', 'FASTER', 'MEC_USED', 'CLEAN', 'CLEAN', 'NEUTRAL', 'NEUTRAL', 'CLEAR', 'CLEAR', 'OPENING', 'BANCO_OFF')",27,12,13,92.308,SWITCH_OFFENSIVE,18.519,2.342903,10.4114
"('TANK', 'TANK', 'OFFENSIVE_DIS', 'SAFE', 'FULL', 'NORMAL', 'SLOWER', 'MEC_USED', 'CLEAN', 'CLEAN', 'BUFFED', 'NEUTRAL', 'CLEAR', 'CLEAR', 'OPENING', 'BANCO_OFF')",27,7,8,87.500,ATTACK_STRONG,51.852,1.497303,4.4696
"('TANK', 'TANK', 'DOMINANT', 'FULL', 'SAFE', 'FIELD_SHARED', 'FASTER', 'MEC_USED', 'CLEAN', 'CLEAN', 'NEUTRAL', 'NEUTRAL', 'CLEAR', 'CLEAR', 'OPENING', 'BANCO_AMBOS')",27,9,11,81.818,ATTACK_STRONG,44.444,1.793265,6.0090
"('TANK', 'TANK', 'NEUTRAL', 'FULL', 'FULL', 'NORMAL', 'SLOWER', 'MEC_USED', 'CLEAN', 'CLEAN', 'NEUTRAL', 'NEUTRAL', 'SET', 'CLEAR', 'RECOVERING', 'BANCO_VAZIO')",27,11,14,78.571,ATTACK_STRONG,18.519,2.230856,9.3078
"('TANK', 'TANK', 'OFFENSIVE_DIS', 'SAFE', 'DANGER', 'NORMAL', 'FASTER', 'MEC_USED', 'CLEAN', 'CLEAN', 'NEUTRAL', 'NEUTRAL', 'CLEAR', 'CLEAR', 'OPENING', 'BANCO_OFF')",27,11,13,84.615,SWITCH_DEFENSIVE,18.519,2.252800,9.5143
"('TANK', 'TANK', 'OFFENSIVE_ADV', 'FULL', 'FULL', 'NORMAL', 'FASTER', 'MEC_USED', 'AFFLICTED', 'CLEAN', 'NEUTRAL', 'NEUTRAL', 'SET', 'CLEAR', 'OPENING', 'BANCO_OFF')",27,9,10,90.000,ATTACK_PIVOT,22.222,2.060008,7.8460
"('TANK', 'TANK', 'OFFENSIVE_DIS', 'FULL', 'SAFE', 'NORMAL', 'SLOWER', 'MEC_USED', 'CLEAN', 'CLEAN', 'NEUTRAL', 'NEUTRAL', 'CLEAR', 'SET', 'RECOVERING', 'BANCO_VAZIO')",27,12,13,92.308,ATTACK_STRONG,22.222,2.262158,9.6038
"('TANK', 'TANK', 'NEUTRAL', 'FULL', 'FULL', 'NORMAL', 'FASTER', 'MEC_USED', 'CLEAN', 'CLEAN', 'NEUTRAL', 'NEUTRAL', 'CLEAR', 'CLEAR', 'BRAWL', 'BANCO_AMBOS')",27,10,13,76.923,HEAL,25.926,2.072522,7.9448
"('TANK', 'SWEEPER', 'OFFENSIVE_ADV', 'SAFE', 'FULL', 'NORMAL', 'SLOWER', 'MEC_USED', 'CLEAN', 'CLEAN', 'NEUTRAL', 'NEUTRAL', 'CLEAR', 'CLEAR', 'BRAWL', 'BANCO_OFF')",27,12,12,100.000,BUFF,14.815,2.416190,11.2031
"('TANK', 'TANK', 'CRITICAL_DIS', 'FULL', 'FULL', 'FIELD_OURS_OFF', 'SLOWER', 'MEC_USED', 'CLEAN', 'CLEAN', 'NEUTRAL', 'NEUTRAL', 'CLEAR', 'CLEAR', 'OPENING', 'BANCO_OFF')",27,11,13,84.615,STATUS,14.815,2.300917,9.9833
"('TANK', 'TANK', 'OFFENSIVE_ADV', 'FULL', 'SAFE', 'NORMAL', 'SLOWER', 'MEC_USED', 'CLEAN', 'CLEAN', 'NEUTRAL', 'NEUTRAL', 'CLEAR', 'CLEAR', 'OPENING', 'BANCO_AMBOS')",27,11,12,91.667,ATTACK_PIVOT,18.519,2.272179,9.7005
"('UTILITY', 'TANK', 'OFFENSIVE_ADV', 'FULL', 'FULL', 'NORMAL', 'FASTER', 'MEC_USED', 'CLEAN', 'CLEAN', 'NEUTRAL', 'NEUTRAL', 'CLEAR', 'CLEAR', 'OPENING', 'BANCO_DEF')",27,7,8,87.500,ATTACK_STRONG,25.926,1.770248,5.8723
"('TANK', 'TANK', 'DEFENSIVE_DIS', 'SAFE', 'SAFE', 'FIELD_OURS_OFF', 'SLOWER', 'MEC_USED', 'CLEAN', 'CLEAN', 'NEUTRAL', 'NEUTRAL', 'CLEAR', 'CLEAR', 'OPENING', 'BANCO_OFF')",27,9,11,81.818,SWITCH_OFFENSIVE,25.926,1.892316,6.6347
"('TANK', 'SWEEPER', 'OFFENSIVE_ADV', 'SAFE', 'FULL', 'NORMAL', 'SLOWER', 'MEC_AVAIL', 'CLEAN', 'CLEAN', 'NEUTRAL', 'NEUTRAL', 'CLEAR', 'CLEAR', 'OPENING', 'BANCO_OFF')",27,16,24,66.667,BUFF,14.815,2.640947,14.0265
"('TANK', 'TANK', 'NEUTRAL', 'SAFE', 'SAFE', 'FIELD_THEIRS', 'SLOWER', 'MEC_USED', 'CLEAN', 'CLEAN', 'NEUTRAL', 'NEUTRAL', 'CLEAR', 'CLEAR', 'OPENING', 'BANCO_VAZIO')",27,10,11,90.909,FIELD_CONTROL,25.926,2.136452,8.4693
"('TANK', 'TANK', 'OFFENSIVE_ADV', 'FULL', 'FULL', 'FIELD_SHARED', 'FASTER', 'MEC_USED', 'CLEAN', 'CLEAN', 'NEUTRAL', 'DEBUFF', 'CLEAR', 'CLEAR', 'OPENING', 'BANCO_OFF')",27,7,9,77.778,SWITCH_DEFENSIVE,37.037,1.570176,4.8075
"('SWEEPER', 'TANK', 'OFFENSIVE_ADV', 'SAFE', 'FULL', 'NORMAL', 'FASTER', 'MEC_USED', 'CLEAN', 'CLEAN', 'NEUTRAL', 'NEUTRAL', 'CLEAR', 'CLEAR', 'BRAWL', 'BANCO_OFF')",27,8,10,80.000,SWITCH_OFFENSIVE,25.926,1.950454,7.0319
"('TANK', 'TANK', 'NEUTRAL', 'SAFE', 'FULL', 'NORMAL', 'FASTER', 'MEC_USED', 'AFFLICTED', 'CLEAN', 'NEUTRAL', 'NEUTRAL', 'CLEAR', 'CLEAR', 'CLUTCH', 'BANCO_VAZIO')",27,8,8,100.000,HEAL,37.037,1.785574,5.9630
"('TANK', 'TANK', 'NEUTRAL', 'SAFE', 'SAFE', 'NORMAL', 'SLOWER', 'MEC_USED', 'CLEAN', 'CLEAN', 'NEUTRAL', 'NEUTRAL', 'SET', 'CLEAR', 'CLUTCH', 'BANCO_VAZIO')",27,6,13,46.154,ATTACK_STRONG,66.667,1.112201,3.0410
"('TANK', 'TANK', 'DOMINANT', 'SAFE', 'FULL', 'NORMAL', 'FASTER', 'MEC_AVAIL', 'CLEAN', 'CLEAN', 'NEUTRAL', 'NEUTRAL', 'SET', 'CLEAR', 'OPENING', 'BANCO_OFF')",27,10,14,71.429,STATUS,18.519,2.179512,8.8420
"('TANK', 'TANK', 'OFFENSIVE_ADV', 'FULL', 'SAFE', 'FIELD_SHARED', 'FASTER', 'MEC_USED', 'CLEAN', 'CLEAN', 'NEUTRAL', 'DEBUFF', 'CLEAR', 'CLEAR', 'OPENING', 'BANCO_OFF')",27,9,13,69.231,ATTACK_STRONG,22.222,1.944734,6.9918
"('TANK', 'TANK', 'VOLATILE', 'FULL', 'SAFE', 'FIELD_SHARED', 'FASTER', 'MEC_USED', 'CLEAN', 'CLEAN', 'NEUTRAL', 'NEUTRAL', 'CLEAR', 'CLEAR', 'OPENING', 'BANCO_OFF')",27,10,13,76.923,ATTACK_TECH,22.222,2.150111,8.5858
"('TANK', 'TANK', 'OFFENSIVE_DIS', 'FULL', 'FULL', 'NORMAL', 'FASTER', 'MEC_USED', 'AFFLICTED', 'CLEAN', 'NEUTRAL', 'NEUTRAL', 'CLEAR', 'CLEAR', 'OPENING', 'BANCO_OFF')",27,8,10,80.000,SWITCH_DEFENSIVE,40.741,1.609044,4.9980
"('TANK', 'TANK', 'NEUTRAL', 'CRIT', 'SAFE', 'NORMAL', 'FASTER', 'MEC_USED', 'CLEAN', 'CLEAN', 'NEUTRAL', 'NEUTRAL', 'CLEAR', 'CLEAR', 'OPENING', 'BANCO_OFF')",27,10,12,83.333,ATTACK_PIVOT,37.037,1.942170,6.9739
"('SWEEPER', 'TANK', 'NEUTRAL', 'FULL', 'SAFE', 'FIELD_OURS_OFF', 'FASTER', 'MEC_USED', 'CLEAN', 'CLEAN', 'NEUTRAL', 'NEUTRAL', 'CLEAR', 'CLEAR', 'OPENING', 'BANCO_AMBOS')",27,5,6,83.333,ATTACK_STRONG,81.481,0.725865,2.0665
"('TANK', 'TANK', 'OFFENSIVE_DIS', 'SAFE', 'FULL', 'NORMAL', 'FASTER', 'MEC_USED', 'AFFLICTED', 'CLEAN', 'NEUTRAL', 'NEUTRAL', 'CLEAR', 'SET', 'CLUTCH', 'BANCO_VAZIO')",26,5,9,55.556,ATTACK_PIVOT,26.923,1.473124,4.3628
"('TANK', 'TANK', 'OFFENSIVE_DIS', 'FULL', 'FULL', 'NORMAL', 'FASTER', 'MEC_USED', 'AFFLICTED', 'AFFLICTED', 'DEBUFF', 'NEUTRAL', 'SET', 'SET', 'CLUTCH', 'BANCO_VAZIO')",26,2,3,66.667,HEAL,76.923,0.540204,1.7164
"('TANK', 'TANK', 'VOLATILE', 'DANGER', 'FULL', 'NORMAL', 'FASTER', 'MEC_USED', 'CLEAN', 'CLEAN', 'NEUTRAL', 'NEUTRAL', 'CLEAR', 'CLEAR', 'OPENING', 'BANCO_AMBOS')",26,9,12,75.000,HEAL,30.769,1.968722,7.1615
"('TANK', 'TANK', 'NEUTRAL', 'SAFE', 'FULL', 'NORMAL', 'FASTER', 'MEC_USED', 'CLEAN', 'CLEAN', 'NEUTRAL', 'NEUTRAL', 'CLEAR', 'CLEAR', 'OPENING', 'BANCO_DEF')",26,11,12,91.667,HEAL,30.769,2.131341,8.4262
"('UTILITY', 'TANK', 'NEUTRAL', 'SAFE', 'FULL', 'NORMAL', 'FASTER', 'MEC_USED', 'CLEAN', 'CLEAN', 'NEUTRAL', 'NEUTRAL', 'CLEAR', 'CLEAR', 'OPENING', 'BANCO_OFF')",26,9,9,100.000,ATTACK_PIVOT,34.615,1.847972,6.3469
"('SWEEPER', 'SWEEPER', 'OFFENSIVE_ADV', 'FULL', 'FULL', 'NORMAL', 'FASTER', 'MEC_USED', 'CLEAN', 'CLEAN', 'DEBUFF', 'NEUTRAL', 'CLEAR', 'CLEAR', 'OPENING', 'BANCO_AMBOS')",26,4,4,100.000,HAZARD,50.000,1.122518,3.0726
"('TANK', 'TANK', 'CRITICAL_DIS', 'FULL', 'FULL', 'FIELD_OURS_OFF', 'FASTER', 'MEC_USED', 'CLEAN', 'CLEAN', 'NEUTRAL', 'NEUTRAL', 'CLEAR', 'CLEAR', 'OPENING', 'BANCO_AMBOS')",26,5,8,62.500,SWITCH_OFFENSIVE,69.231,0.990475,2.6925
"('TANK', 'TANK', 'NEUTRAL', 'CRIT', 'DANGER', 'NORMAL', 'SLOWER', 'MEC_USED', 'CLEAN', 'CLEAN', 'NEUTRAL', 'NEUTRAL', 'CLEAR', 'CLEAR', 'OPENING', 'BANCO_OFF')",26,10,14,71.429,SWITCH_DEFENSIVE,46.154,1.804372,6.0762
"('TANK', 'TANK', 'OFFENSIVE_ADV', 'CRIT', 'FULL', 'NORMAL', 'FASTER', 'MEC_USED', 'CLEAN', 'CLEAN', 'NEUTRAL', 'NEUTRAL', 'SET', 'CLEAR', 'BRAWL', 'BANCO_OFF')",26,12,13,92.308,ATTACK_STRONG,15.385,2.364742,10.6413
"('TANK', 'TANK', 'OFFENSIVE_DIS', 'SAFE', 'FULL', 'NORMAL', 'FASTER', 'MEC_USED', 'CLEAN', 'CLEAN', 'NEUTRAL', 'NEUTRAL', 'SET', 'CLEAR', 'BRAWL', 'BANCO_OFF')",26,11,13,84.615,HAZARD,23.077,2.230924,9.3085
"('TANK', 'TANK', 'NEUTRAL', 'CRIT', 'FULL', 'NORMAL', 'SLOWER', 'MEC_USED', 'CLEAN', 'CLEAN', 'NEUTRAL', 'NEUTRAL', 'CLEAR', 'CLEAR', 'RECOVERING', 'BANCO_VAZIO')",26,14,15,93.333,SWITCH_DEFENSIVE,15.385,2.524700,12.4871
"('TANK', 'TANK', 'NEUTRAL', 'SAFE', 'SAFE', 'NORMAL', 'FASTER', 'MEC_USED', 'CLEAN', 'CLEAN', 'NEUTRAL', 'NEUTRAL', 'SET', 'SET', 'CLUTCH', 'BANCO_VAZIO')",26,5,11,45.455,ATTACK_STRONG,53.846,1.186404,3.2753
"('TANK', 'TANK', 'OFFENSIVE_ADV', 'DANGER', 'DANGER', 'NORMAL', 'FASTER', 'MEC_USED', 'CLEAN', 'CLEAN', 'NEUTRAL', 'NEUTRAL', 'CLEAR', 'CLEAR', 'OPENING', 'BANCO_OFF')",26,11,12,91.667,BUFF,19.231,2.205474,9.0746
"('UTILITY', 'UTILITY', 'NEUTRAL', 'FULL', 'FULL', 'NORMAL', 'SLOWER', 'MEC_USED', 'CLEAN', 'CLEAN', 'NEUTRAL', 'NEUTRAL', 'CLEAR', 'CLEAR', 'OPENING', 'BANCO_AMBOS')",26,6,8,75.000,SWITCH_OFFENSIVE,34.615,1.550846,4.7155
"('TANK', 'TANK', 'CRITICAL_DIS', 'FULL', 'FULL', 'FIELD_OURS_OFF', 'SLOWER', 'MEC_USED', 'CLEAN', 'CLEAN', 'NEUTRAL', 'NEUTRAL', 'CLEAR', 'CLEAR', 'OPENING', 'BANCO_AMBOS')",26,11,11,100.000,STAT_CLEAN,19.231,2.228261,9.2837
"('TANK', 'TANK', 'NEUTRAL', 'FULL', 'FULL', 'NORMAL', 'FASTER', 'MEC_USED', 'CLEAN', 'CLEAN', 'NEUTRAL', 'NEUTRAL', 'CLEAR', 'CLEAR', 'CLUTCH', 'BANCO_VAZIO')",26,6,13,46.154,HEAL,42.308,1.304674,3.6865
"('TANK', 'TANK', 'OFFENSIVE_DIS', 'FULL', 'FULL', 'NORMAL', 'SLOWER', 'MEC_USED', 'AFFLICTED', 'CLEAN', 'NEUTRAL', 'NEUTRAL', 'CLEAR', 'CLEAR', 'CLUTCH', 'BANCO_VAZIO')",26,4,7,57.143,CLEAN_HAZARD,80.769,0.692421,1.9985
"('TANK', 'TANK', 'DOMINANT', 'FULL', 'SAFE', 'FIELD_SHARED', 'FASTER', 'MEC_USED', 'CLEAN', 'CLEAN', 'NEUTRAL', 'NEUTRAL', 'SET', 'CLEAR', 'OPENING', 'BANCO_OFF')",26,9,12,75.000,ATTACK_STRONG,19.231,2.085767,8.0508
"('TANK', 'TANK', 'OFFENSIVE_ADV', 'SAFE', 'FULL', 'NORMAL', 'SLOWER', 'MEC_USED', 'CLEAN', 'CLEAN', 'NEUTRAL', 'NEUTRAL', 'CLEAR', 'CLEAR', 'OPENING', 'BANCO_VAZIO')",26,12,13,92.308,ATTACK_TECH,15.385,2.344618,10.4293
"('TANK', 'SWEEPER', 'OFFENSIVE_ADV', 'FULL', 'FULL', 'NORMAL', 'SLOWER', 'MEC_AVAIL', 'CLEAN', 'CLEAN', 'NEUTRAL', 'NEUTRAL', 'CLEAR', 'CLEAR', 'OPENING', 'BANCO_AMBOS')",26,1,16,6.250,ATTACK_STRONG_MEC,100.000,-0.000000,1.0000
"('SWEEPER', 'TANK', 'DOMINANT', 'FULL', 'FULL', 'NORMAL', 'FASTER', 'MEC_USED', 'CLEAN', 'CLEAN', 'NEUTRAL', 'NEUTRAL', 'SET', 'CLEAR', 'OPENING', 'BANCO_AMBOS')",26,7,9,77.778,ATTACK_STRONG,26.923,1.763622,5.8335
"('TANK', 'TANK', 'OFFENSIVE_ADV', 'FULL', 'FULL', 'FIELD_OURS_OFF', 'FASTER', 'MEC_AVAIL', 'CLEAN', 'CLEAN', 'NEUTRAL', 'NEUTRAL', 'CLEAR', 'CLEAR', 'OPENING', 'BANCO_OFF')",26,12,16,75.000,ATTACK_PIVOT_MEC,19.231,2.268511,9.6650
"('TANK', 'TANK', 'NEUTRAL', 'FULL', 'FULL', 'NORMAL', 'FASTER', 'MEC_AVAIL', 'CLEAN', 'CLEAN', 'BUFFED', 'NEUTRAL', 'CLEAR', 'CLEAR', 'OPENING', 'BANCO_AMBOS')",26,8,10,80.000,ATTACK_STRONG_MEC,69.231,1.203751,3.3326
"('TANK', 'TANK', 'NEUTRAL', 'FULL', 'FULL', 'NORMAL', 'FASTER', 'MEC_USED', 'AFFLICTED', 'CLEAN', 'NEUTRAL', 'NEUTRAL', 'SET', 'CLEAR', 'RECOVERING', 'BANCO_VAZIO')",26,8,10,80.000,CLEAN_HAZARD,46.154,1.664540,5.2832
"('TANK', 'TANK', 'NEUTRAL', 'SAFE', 'FULL', 'NORMAL', 'SLOWER', 'MEC_USED', 'CLEAN', 'CLEAN', 'NEUTRAL', 'NEUTRAL', 'CLEAR', 'SET', 'CLUTCH', 'BANCO_VAZIO')",26,4,12,33.333,ATTACK_STRONG,76.923,0.740411,2.0968
"('TANK', 'TANK', 'NEUTRAL', 'FULL', 'SAFE', 'NORMAL', 'SLOWER', 'MEC_USED', 'CLEAN', 'CLEAN', 'NEUTRAL', 'NEUTRAL', 'CLEAR', 'SET', 'CLUTCH', 'BANCO_VAZIO')",26,2,12,16.667,ATTACK_STRONG,76.923,0.540204,1.7164
"('TANK', 'UTILITY', 'NEUTRAL', 'FULL', 'FULL', 'NORMAL', 'SLOWER', 'MEC_AVAIL', 'CLEAN', 'CLEAN', 'NEUTRAL', 'NEUTRAL', 'CLEAR', 'CLEAR', 'OPENING', 'BANCO_AMBOS')",26,13,20,65.000,FIELD_CONTROL_MEC,23.077,2.397937,11.0005
"('TANK', 'TANK', 'OFFENSIVE_DIS', 'FULL', 'FULL', 'FIELD_OURS_OFF', 'SLOWER', 'MEC_USED', 'CLEAN', 'CLEAN', 'NEUTRAL', 'NEUTRAL', 'CLEAR', 'CLEAR', 'OPENING', 'BANCO_OFF')",26,12,12,100.000,ATTACK_STRONG,15.385,2.331548,10.2939
"('TANK', 'TANK', 'OFFENSIVE_DIS', 'SAFE', 'SAFE', 'NORMAL', 'FASTER', 'MEC_USED', 'CLEAN', 'CLEAN', 'NEUTRAL', 'NEUTRAL', 'SET', 'SET', 'RECOVERING', 'BANCO_VAZIO')",26,8,13,61.538,ATTACK_PIVOT,46.154,1.533999,4.6367
"('TANK', 'TANK', 'VOLATILE', 'FULL', 'FULL', 'NORMAL', 'FASTER', 'MEC_USED', 'CLEAN', 'CLEAN', 'NEUTRAL', 'NEUTRAL', 'CLEAR', 'CLEAR', 'OPENING', 'BANCO_VAZIO')",26,8,11,72.727,ATTACK_STRONG,53.846,1.517152,4.5592
"('TANK', 'TANK', 'OFFENSIVE_ADV', 'SAFE', 'FULL', 'NORMAL', 'FASTER', 'MEC_USED', 'CLEAN', 'CLEAN', 'NEUTRAL', 'NEUTRAL', 'CLEAR', 'CLEAR', 'BRAWL', 'BANCO_VAZIO')",26,7,9,77.778,ATTACK_STRONG,26.923,1.740834,5.7021
"('TANK', 'TANK', 'NEUTRAL', 'SAFE', 'FULL', 'NORMAL', 'FASTER', 'MEC_USED', 'CLEAN', 'AFFLICTED', 'NEUTRAL', 'NEUTRAL', 'CLEAR', 'CLEAR', 'CLUTCH', 'BANCO_VAZIO')",26,5,9,55.556,SWITCH_OFFENSIVE,80.769,0.745740,2.1080
"('TANK', 'SWEEPER', 'DEFENSIVE_ADV', 'FULL', 'FULL', 'NORMAL', 'SLOWER', 'MEC_USED', 'CLEAN', 'CLEAN', 'DEBUFF', 'NEUTRAL', 'CLEAR', 'CLEAR', 'OPENING', 'BANCO_OFF')",26,6,9,66.667,ATTACK_STRONG,34.615,1.600387,4.9549
"('TANK', 'TANK', 'DEFENSIVE_DIS', 'FULL', 'FULL', 'NORMAL', 'SLOWER', 'MEC_USED', 'CLEAN', 'CLEAN', 'NEUTRAL', 'NEUTRAL', 'CLEAR', 'CLEAR', 'CLUTCH', 'BANCO_VAZIO')",26,8,12,66.667,ATTACK_PIVOT,61.538,1.391931,4.0226
"('TANK', 'TANK', 'STALEMATE', 'SAFE', 'FULL', 'NORMAL', 'SLOWER', 'MEC_USED', 'AFFLICTED', 'AFFLICTED', 'DEBUFF', 'DEBUFF', 'SET', 'SET', 'RECOVERING', 'BANCO_VAZIO')",26,4,4,100.000,STATUS,61.538,1.029105,2.7986
"('TANK', 'TANK', 'DEFENSIVE_DIS', 'FULL', 'SAFE', 'FIELD_THEIRS', 'FASTER', 'MEC_USED', 'CLEAN', 'CLEAN', 'NEUTRAL', 'NEUTRAL', 'CLEAR', 'CLEAR', 'OPENING', 'BANCO_OFF')",26,8,11,72.727,SWITCH_DEFENSIVE,26.923,1.947482,7.0110
"('TANK', 'TANK', 'NEUTRAL', 'SAFE', 'SAFE', 'NORMAL', 'FASTER', 'MEC_USED', 'AFFLICTED', 'CLEAN', 'NEUTRAL', 'NEUTRAL', 'SET', 'SET', 'RECOVERING', 'BANCO_VAZIO')",26,7,11,63.636,HAZARD,53.846,1.400795,4.0584
"('TANK', 'TANK', 'OFFENSIVE_ADV', 'SAFE', 'FULL', 'NORMAL', 'FASTER', 'MEC_USED', 'AFFLICTED', 'CLEAN', 'NEUTRAL', 'NEUTRAL', 'SET', 'CLEAR', 'OPENING', 'BANCO_OFF')",26,8,9,88.889,CLEAN_HAZARD,19.231,2.022041,7.5537
"('SWEEPER', 'TANK', 'NEUTRAL', 'FULL', 'FULL', 'NORMAL', 'FASTER', 'MEC_USED', 'CLEAN', 'CLEAN', 'NEUTRAL', 'NEUTRAL', 'CLEAR', 'CLEAR', 'RECOVERING', 'BANCO_VAZIO')",26,6,8,75.000,ATTACK_STRONG,46.154,1.407236,4.0846
"('TANK', 'TANK', 'NEUTRAL', 'FULL', 'FULL', 'FIELD_THEIRS', 'SLOWER', 'MEC_USED', 'CLEAN', 'CLEAN', 'NEUTRAL', 'NEUTRAL', 'SET', 'CLEAR', 'OPENING', 'BANCO_OFF')",26,10,14,71.429,FIELD_CONTROL,26.923,2.084651,8.0418
"('TANK', 'TANK', 'DEFENSIVE_ADV', 'FULL', 'SAFE', 'NORMAL', 'FASTER', 'MEC_USED', 'CLEAN', 'CLEAN', 'NEUTRAL', 'NEUTRAL', 'CLEAR', 'CLEAR', 'OPENING', 'BANCO_OFF')",26,9,12,75.000,CLEAN_HAZARD,19.231,2.118961,8.3225
"('TANK', 'TANK', 'NEUTRAL', 'FULL', 'SAFE', 'NORMAL', 'FASTER', 'MEC_USED', 'CLEAN', 'CLEAN', 'NEUTRAL', 'NEUTRAL', 'CLEAR', 'CLEAR', 'OPENING', 'BANCO_DEF')",26,8,10,80.000,SWITCH_OFFENSIVE,42.308,1.700694,5.4777
"('TANK', 'TANK', 'NEUTRAL', 'SAFE', 'SAFE', 'NORMAL', 'FASTER', 'MEC_USED', 'CLEAN', 'CLEAN', 'BUFFED', 'NEUTRAL', 'CLEAR', 'CLEAR', 'OPENING', 'BANCO_OFF')",26,5,7,71.429,ATTACK_STRONG,34.615,1.538465,4.6574
"('TANK', 'TANK', 'OFFENSIVE_ADV', 'SAFE', 'FULL', 'FIELD_THEIRS', 'FASTER', 'MEC_USED', 'CLEAN', 'CLEAN', 'NEUTRAL', 'NEUTRAL', 'SET', 'CLEAR', 'OPENING', 'BANCO_OFF')",26,10,10,100.000,ATTACK_TECH,19.231,2.139086,8.4917
"('TANK', 'TANK', 'OFFENSIVE_ADV', 'FULL', 'FULL', 'NORMAL', 'FASTER', 'MEC_USED', 'AFFLICTED', 'CLEAN', 'NEUTRAL', 'NEUTRAL', 'CLEAR', 'CLEAR', 'OPENING', 'BANCO_OFF')",26,9,9,100.000,STATUS,23.077,2.001916,7.4032
"('TANK', 'UTILITY', 'OFFENSIVE_ADV', 'FULL', 'FULL', 'FIELD_OURS_OFF', 'SLOWER', 'MEC_USED', 'CLEAN', 'CLEAN', 'NEUTRAL', 'NEUTRAL', 'CLEAR', 'CLEAR', 'OPENING', 'BANCO_OFF')",26,9,11,81.818,ATTACK_PIVOT,42.308,1.817050,6.1537
"('TANK', 'TANK', 'DEFENSIVE_ADV', 'FULL', 'FULL', 'NORMAL', 'SLOWER', 'MEC_USED', 'CLEAN', 'CLEAN', 'NEUTRAL', 'NEUTRAL', 'CLEAR', 'CLEAR', 'BRAWL', 'BANCO_OFF')",26,13,13,100.000,CLEAN_HAZARD,23.077,2.364742,10.6413
"('TANK', 'TANK', 'DEFENSIVE_DIS', 'SAFE', 'FULL', 'NORMAL', 'FASTER', 'MEC_USED', 'CLEAN', 'CLEAN', 'NEUTRAL', 'NEUTRAL', 'SET', 'CLEAR', 'RECOVERING', 'BANCO_VAZIO')",26,10,13,76.923,ATTACK_STRONG,19.231,2.105892,8.2144
"('TANK', 'TANK', 'OFFENSIVE_DIS', 'FULL', 'FULL', 'NORMAL', 'SLOWER', 'MEC_USED', 'CLEAN', 'CLEAN', 'NEUTRAL', 'NEUTRAL', 'SET', 'CLEAR', 'BRAWL', 'BANCO_OFF')",26,11,14,78.571,STAT_CLEAN,30.769,2.118272,8.3168
"('TANK', 'TANK', 'NEUTRAL', 'DANGER', 'SAFE', 'NORMAL', 'SLOWER', 'MEC_USED', 'CLEAN', 'CLEAN', 'NEUTRAL', 'NEUTRAL', 'SET', 'CLEAR', 'BRAWL', 'BANCO_VAZIO')",26,12,13,92.308,STATUS,30.769,2.204785,9.0683
"('TANK', 'TANK', 'CRITICAL_DIS', 'FULL', 'DANGER', 'NORMAL', 'FASTER', 'MEC_USED', 'AFFLICTED', 'AFFLICTED', 'NEUTRAL', 'DEBUFF', 'SET', 'SET', 'CLUTCH', 'BANCO_VAZIO')",25,1,6,16.667,HAZARD,100.000,-0.000000,1.0000
"('TANK', 'TANK', 'VOLATILE', 'DANGER', 'FULL', 'NORMAL', 'FASTER', 'MEC_USED', 'CLEAN', 'CLEAN', 'NEUTRAL', 'NEUTRAL', 'CLEAR', 'CLEAR', 'BRAWL', 'BANCO_OFF')",25,10,11,90.909,ATTACK_STRONG,20.000,2.168777,8.7476
"('TANK', 'TANK', 'DEFENSIVE_DIS', 'DANGER', 'FULL', 'NORMAL', 'FASTER', 'MEC_USED', 'CLEAN', 'CLEAN', 'NEUTRAL', 'NEUTRAL', 'CLEAR', 'CLEAR', 'RECOVERING', 'BANCO_VAZIO')",25,13,13,100.000,CLEAN_HAZARD,20.000,2.411514,11.1508
"('TANK', 'TANK', 'STALEMATE', 'FULL', 'SAFE', 'NORMAL', 'SLOWER', 'MEC_USED', 'CLEAN', 'CLEAN', 'NEUTRAL', 'NEUTRAL', 'SET', 'CLEAR', 'RECOVERING', 'BANCO_VAZIO')",25,7,9,77.778,STAT_CLEAN,64.000,1.222612,3.3960
"('TANK', 'TANK', 'NEUTRAL', 'FULL', 'FULL', 'NORMAL', 'SLOWER', 'MEC_USED', 'CLEAN', 'CLEAN', 'NEUTRAL', 'NEUTRAL', 'SET', 'SET', 'RECOVERING', 'BANCO_VAZIO')",25,6,13,46.154,ATTACK_STRONG,60.000,1.295857,3.6541
"('TANK', 'TANK', 'DOMINANT', 'SAFE', 'SAFE', 'NORMAL', 'SLOWER', 'MEC_USED', 'CLEAN', 'CLEAN', 'NEUTRAL', 'NEUTRAL', 'CLEAR', 'CLEAR', 'OPENING', 'BANCO_OFF')",25,10,11,90.909,SWITCH_OFFENSIVE,32.000,2.033459,7.6405
"('TANK', 'TANK', 'NEUTRAL', 'DANGER', 'FULL', 'NORMAL', 'SLOWER', 'MEC_USED', 'CLEAN', 'CLEAN', 'NEUTRAL', 'NEUTRAL', 'SET', 'CLEAR', 'RECOVERING', 'BANCO_VAZIO')",25,12,15,80.000,ATTACK_STRONG,12.000,2.393353,10.9501
"('TANK', 'TANK', 'OFFENSIVE_DIS', 'SAFE', 'FULL', 'NORMAL', 'FASTER', 'MEC_USED', 'AFFLICTED', 'CLEAN', 'NEUTRAL', 'NEUTRAL', 'CLEAR', 'CLEAR', 'RECOVERING', 'BANCO_VAZIO')",25,8,9,88.889,CLEAN_HAZARD,24.000,1.970669,7.1755
"('TANK', 'TANK', 'OFFENSIVE_DIS', 'SAFE', 'SAFE', 'NORMAL', 'SLOWER', 'MEC_USED', 'CLEAN', 'CLEAN', 'NEUTRAL', 'NEUTRAL', 'SET', 'CLEAR', 'BRAWL', 'BANCO_OFF')",25,10,13,76.923,ATTACK_PIVOT,20.000,2.145078,8.5427
"('TANK', 'TANK', 'OFFENSIVE_DIS', 'SAFE', 'FULL', 'NORMAL', 'FASTER', 'MEC_USED', 'CLEAN', 'CLEAN', 'NEUTRAL', 'NEUTRAL', 'SET', 'CLEAR', 'RECOVERING', 'BANCO_VAZIO')",25,12,14,85.714,STAT_CLEAN,36.000,2.129686,8.4122
"('TANK', 'TANK', 'NEUTRAL', 'FULL', 'FULL', 'FIELD_SHARED', 'SLOWER', 'MEC_USED', 'CLEAN', 'CLEAN', 'NEUTRAL', 'NEUTRAL', 'SET', 'CLEAR', 'OPENING', 'BANCO_AMBOS')",25,14,14,100.000,ATTACK_STRONG,16.000,2.477073,11.9064
"('TANK', 'TANK', 'OFFENSIVE_DIS', 'DANGER', 'FULL', 'NORMAL', 'FASTER', 'MEC_USED', 'CLEAN', 'CLEAN', 'NEUTRAL', 'NEUTRAL', 'SET', 'CLEAR', 'OPENING', 'BANCO_OFF')",25,14,15,93.333,STATUS,24.000,2.435213,11.4183
"('TANK', 'UTILITY', 'OFFENSIVE_ADV', 'FULL', 'SAFE', 'NORMAL', 'SLOWER', 'MEC_USED', 'CLEAN', 'CLEAN', 'NEUTRAL', 'NEUTRAL', 'CLEAR', 'CLEAR', 'OPENING', 'BANCO_OFF')",25,11,13,84.615,CLEAN_HAZARD,20.000,2.224229,9.2464
"('TANK', 'SWEEPER', 'DEFENSIVE_DIS', 'FULL', 'FULL', 'FIELD_OURS_DEF', 'SLOWER', 'MEC_AVAIL', 'CLEAN', 'CLEAN', 'NEUTRAL', 'NEUTRAL', 'CLEAR', 'CLEAR', 'OPENING', 'BANCO_OFF')",25,5,6,83.333,ATTACK_STRONG_MEC,56.000,1.241938,3.4623
"('TANK', 'TANK', 'NEUTRAL', 'SAFE', 'FULL', 'NORMAL', 'FASTER', 'MEC_AVAIL', 'CLEAN', 'CLEAN', 'NEUTRAL', 'NEUTRAL', 'CLEAR', 'CLEAR', 'OPENING', 'BANCO_OFF')",25,13,18,72.222,SWITCH_OFFENSIVE,28.000,2.285859,9.8341
"('TANK', 'TANK', 'DEFENSIVE_ADV', 'FULL', 'FULL', 'NORMAL', 'SLOWER', 'MEC_USED', 'CLEAN', 'CLEAN', 'NEUTRAL', 'NEUTRAL', 'SET', 'CLEAR', 'OPENING', 'BANCO_AMBOS')",25,8,13,61.538,ATTACK_TECH,36.000,1.661213,5.2657
"('TANK', 'TANK', 'NEUTRAL', 'FULL', 'SAFE', 'NORMAL', 'SLOWER', 'MEC_USED', 'CLEAN', 'AFFLICTED', 'NEUTRAL', 'NEUTRAL', 'SET', 'SET', 'RECOVERING', 'BANCO_VAZIO')",25,6,10,60.000,STATUS,60.000,1.240405,3.4570
"('SWEEPER', 'TANK', 'NEUTRAL', 'SAFE', 'FULL', 'NORMAL', 'FASTER', 'MEC_USED', 'CLEAN', 'CLEAN', 'NEUTRAL', 'NEUTRAL', 'CLEAR', 'CLEAR', 'OPENING', 'BANCO_VAZIO')",25,10,10,100.000,ATTACK_TECH,20.000,2.131486,8.4274
"('TANK', 'UTILITY', 'VOLATILE', 'FULL', 'FULL', 'FIELD_OURS_OFF', 'SLOWER', 'MEC_USED', 'CLEAN', 'CLEAN', 'NEUTRAL', 'NEUTRAL', 'CLEAR', 'CLEAR', 'OPENING', 'BANCO_AMBOS')",25,9,11,81.818,HAZARD,36.000,1.907879,6.7388
"('TANK', 'TANK', 'OFFENSIVE_DIS', 'SAFE', 'SAFE', 'FIELD_SHARED', 'SLOWER', 'MEC_USED', 'CLEAN', 'CLEAN', 'NEUTRAL', 'NEUTRAL', 'CLEAR', 'CLEAR', 'OPENING', 'BANCO_OFF')",25,8,13,61.538,ATTACK_TECH,36.000,1.796976,6.0314
"('UTILITY', 'SWEEPER', 'NEUTRAL', 'FULL', 'FULL', 'FIELD_THEIRS', 'SLOWER', 'MEC_USED', 'CLEAN', 'CLEAN', 'NEUTRAL', 'NEUTRAL', 'CLEAR', 'CLEAR', 'OPENING', 'BANCO_AMBOS')",25,4,9,44.444,ATTACK_STRONG,80.000,0.711386,2.0368
"('TANK', 'UTILITY', 'OFFENSIVE_ADV', 'SAFE', 'SAFE', 'FIELD_THEIRS', 'SLOWER', 'MEC_USED', 'CLEAN', 'CLEAN', 'NEUTRAL', 'NEUTRAL', 'CLEAR', 'CLEAR', 'OPENING', 'BANCO_AMBOS')",25,7,7,100.000,HEAL,36.000,1.752347,5.7681
"('TANK', 'TANK', 'NEUTRAL', 'SAFE', 'CRIT', 'NORMAL', 'FASTER', 'MEC_USED', 'CLEAN', 'CLEAN', 'NEUTRAL', 'NEUTRAL', 'CLEAR', 'CLEAR', 'OPENING', 'BANCO_OFF')",25,7,13,53.846,HEAL,56.000,1.408293,4.0890
"('TANK', 'TANK', 'OFFENSIVE_DIS', 'FULL', 'FULL', 'FIELD_SHARED', 'FASTER', 'MEC_USED', 'AFFLICTED', 'CLEAN', 'NEUTRAL', 'NEUTRAL', 'CLEAR', 'CLEAR', 'OPENING', 'BANCO_AMBOS')",25,9,9,100.000,ATTACK_STRONG,24.000,2.060642,7.8510
"('TANK', 'TANK', 'DEFENSIVE_DIS', 'SAFE', 'FULL', 'FIELD_SHARED', 'SLOWER', 'MEC_USED', 'CLEAN', 'CLEAN', 'NEUTRAL', 'NEUTRAL', 'CLEAR', 'CLEAR', 'OPENING', 'BANCO_AMBOS')",25,7,14,50.000,SWITCH_OFFENSIVE,60.000,1.316787,3.7314
"('TANK', 'TANK', 'OFFENSIVE_ADV', 'FULL', 'FULL', 'NORMAL', 'SLOWER', 'MEC_USED', 'AFFLICTED', 'CLEAN', 'NEUTRAL', 'NEUTRAL', 'CLEAR', 'CLEAR', 'CLUTCH', 'BANCO_VAZIO')",25,4,6,66.667,CLEAN_HAZARD,60.000,1.094980,2.9891
"('TANK', 'TANK', 'OFFENSIVE_ADV', 'FULL', 'DANGER', 'FIELD_SHARED', 'FASTER', 'MEC_USED', 'CLEAN', 'CLEAN', 'NEUTRAL', 'NEUTRAL', 'CLEAR', 'CLEAR', 'OPENING', 'BANCO_OFF')",25,8,11,72.727,SWITCH_OFFENSIVE,32.000,1.843405,6.3180
"('SWEEPER', 'SWEEPER', 'DEFENSIVE_DIS', 'FULL', 'FULL', 'FIELD_THEIRS', 'SLOWER', 'MEC_USED', 'CLEAN', 'CLEAN', 'NEUTRAL', 'NEUTRAL', 'CLEAR', 'CLEAR', 'OPENING', 'BANCO_OFF')",25,4,5,80.000,HAZARD,76.000,0.793817,2.2118
"('TANK', 'TANK', 'NEUTRAL', 'FULL', 'SAFE', 'NORMAL', 'SLOWER', 'MEC_USED', 'CLEAN', 'CLEAN', 'NEUTRAL', 'NEUTRAL', 'CLEAR', 'CLEAR', 'OPENING', 'BANCO_DEF')",25,11,14,78.571,STATUS,20.000,2.200530,9.0298
"('TANK', 'TANK', 'DEFENSIVE_DIS', 'FULL', 'SAFE', 'NORMAL', 'SLOWER', 'MEC_USED', 'CLEAN', 'CLEAN', 'NEUTRAL', 'NEUTRAL', 'SET', 'CLEAR', 'OPENING', 'BANCO_OFF')",25,9,14,64.286,ATTACK_STRONG,28.000,2.001262,7.3984
"('TANK', 'TANK', 'OFFENSIVE_DIS', 'FULL', 'SAFE', 'FIELD_SHARED', 'SLOWER', 'MEC_USED', 'CLEAN', 'CLEAN', 'NEUTRAL', 'NEUTRAL', 'CLEAR', 'CLEAR', 'OPENING', 'BANCO_OFF')",25,13,13,100.000,ATTACK_STRONG,20.000,2.411514,11.1508
"('TANK', 'TANK', 'CRITICAL_DIS', 'SAFE', 'FULL', 'FIELD_SHARED', 'FASTER', 'MEC_USED', 'CLEAN', 'CLEAN', 'NEUTRAL', 'NEUTRAL', 'CLEAR', 'CLEAR', 'OPENING', 'BANCO_OFF')",25,13,14,92.857,ATTACK_PIVOT,16.000,2.435213,11.4183
"('TANK', 'TANK', 'OFFENSIVE_DIS', 'FULL', 'FULL', 'NORMAL', 'FASTER', 'MEC_USED', 'CLEAN', 'CLEAN', 'NEUTRAL', 'NEUTRAL', 'CLEAR', 'CLEAR', 'RECOVERING', 'BANCO_VAZIO')",25,13,14,92.857,ATTACK_TECH,16.000,2.442551,11.5023
"('TANK', 'TANK', 'NEUTRAL', 'FULL', 'SAFE', 'NORMAL', 'FASTER', 'MEC_USED', 'AFFLICTED', 'CLEAN', 'NEUTRAL', 'NEUTRAL', 'CLEAR', 'CLEAR', 'OPENING', 'BANCO_OFF')",25,8,11,72.727,SWITCH_DEFENSIVE,44.000,1.654629,5.2311
"('TANK', 'SWEEPER', 'OFFENSIVE_ADV', 'FULL', 'FULL', 'FIELD_SHARED', 'SLOWER', 'MEC_AVAIL', 'CLEAN', 'CLEAN', 'NEUTRAL', 'NEUTRAL', 'CLEAR', 'CLEAR', 'OPENING', 'BANCO_OFF')",25,8,14,57.143,ATTACK_STRONG,48.000,1.540647,4.6676
"('TANK', 'TANK', 'STALEMATE', 'SAFE', 'SAFE', 'NORMAL', 'SLOWER', 'MEC_USED', 'CLEAN', 'CLEAN', 'NEUTRAL', 'NEUTRAL', 'CLEAR', 'CLEAR', 'OPENING', 'BANCO_OFF')",25,8,11,72.727,ATTACK_TECH,40.000,1.812368,6.1249
"('TANK', 'TANK', 'NEUTRAL', 'FULL', 'FULL', 'FIELD_SHARED', 'FASTER', 'MEC_AVAIL', 'CLEAN', 'CLEAN', 'NEUTRAL', 'NEUTRAL', 'CLEAR', 'CLEAR', 'OPENING', 'BANCO_VAZIO')",25,12,20,60.000,ATTACK_STRONG_MEC,24.000,2.224229,9.2464
"('TANK', 'TANK', 'DEFENSIVE_DIS', 'FULL', 'FULL', 'NORMAL', 'SLOWER', 'MEC_AVAIL', 'CLEAN', 'CLEAN', 'NEUTRAL', 'NEUTRAL', 'CLEAR', 'CLEAR', 'OPENING', 'BANCO_AMBOS')",25,12,18,66.667,BUFF,16.000,2.358831,10.5786
"('TANK', 'TANK', 'OFFENSIVE_ADV', 'FULL', 'DANGER', 'NORMAL', 'FASTER', 'MEC_USED', 'CLEAN', 'CLEAN', 'NEUTRAL', 'NEUTRAL', 'SET', 'CLEAR', 'OPENING', 'BANCO_OFF')",25,10,11,90.909,SWITCH_OFFENSIVE,20.000,2.203299,9.0548
"('TANK', 'UTILITY', 'DEFENSIVE_DIS', 'FULL', 'FULL', 'FIELD_OURS_DEF', 'SLOWER', 'MEC_AVAIL', 'CLEAN', 'CLEAN', 'NEUTRAL', 'NEUTRAL', 'CLEAR', 'CLEAR', 'OPENING', 'BANCO_AMBOS')",25,7,12,58.333,SWITCH_DEFENSIVE,48.000,1.464265,4.3244
"('TANK', 'TANK', 'NEUTRAL', 'FULL', 'FULL', 'NORMAL', 'FASTER', 'MEC_USED', 'CLEAN', 'CLEAN', 'NEUTRAL', 'NEUTRAL', 'CLEAR', 'SET', 'OPENING', 'BANCO_VAZIO')",25,8,14,57.143,SWITCH_DEFENSIVE,44.000,1.733780,5.6620
"('TANK', 'TANK', 'DOMINANT', 'FULL', 'FULL', 'FIELD_OURS_DEF', 'FASTER', 'MEC_USED', 'CLEAN', 'CLEAN', 'NEUTRAL', 'NEUTRAL', 'CLEAR', 'CLEAR', 'OPENING', 'BANCO_OFF')",25,8,8,100.000,SWITCH_DEFENSIVE,56.000,1.498267,4.4739
"('TANK', 'TANK', 'NEUTRAL', 'SAFE', 'DANGER', 'NORMAL', 'FASTER', 'MEC_USED', 'CLEAN', 'CLEAN', 'NEUTRAL', 'NEUTRAL', 'CLEAR', 'SET', 'OPENING', 'BANCO_VAZIO')",25,7,13,53.846,HEAL,64.000,1.257134,3.5153
"('TANK', 'TANK', 'NEUTRAL', 'FULL', 'SAFE', 'NORMAL', 'FASTER', 'MEC_USED', 'CLEAN', 'CLEAN', 'NEUTRAL', 'NEUTRAL', 'CLEAR', 'SET', 'OPENING', 'BANCO_OFF')",25,4,13,30.769,ATTACK_STRONG,84.000,0.606025,1.8331
"('TANK', 'TANK', 'NEUTRAL', 'FULL', 'SAFE', 'NORMAL', 'SLOWER', 'MEC_USED', 'CLEAN', 'CLEAN', 'NEUTRAL', 'NEUTRAL', 'CLEAR', 'CLEAR', 'CLUTCH', 'BANCO_VAZIO')",25,8,11,72.727,STATUS,32.000,1.769792,5.8696
"('TANK', 'TANK', 'STALEMATE', 'FULL', 'SAFE', 'NORMAL', 'SLOWER', 'MEC_USED', 'AFFLICTED', 'AFFLICTED', 'DEBUFF', 'DEBUFF', 'CLEAR', 'CLEAR', 'OPENING', 'BANCO_OFF')",25,5,6,83.333,HEAL,40.000,1.355162,3.8774
"('TANK', 'TANK', 'OFFENSIVE_ADV', 'FULL', 'FULL', 'NORMAL', 'SLOWER', 'MEC_USED', 'CLEAN', 'CLEAN', 'NEUTRAL', 'NEUTRAL', 'CLEAR', 'CLEAR', 'OPENING', 'BANCO_DEF')",25,8,10,80.000,HEAL,28.000,1.800385,6.0520
"('TANK', 'TANK', 'OFFENSIVE_DIS', 'FULL', 'FULL', 'NORMAL', 'FASTER', 'MEC_USED', 'CLEAN', 'CLEAN', 'NEUTRAL', 'NEUTRAL', 'SET', 'SET', 'RECOVERING', 'BANCO_VAZIO')",25,6,11,54.545,STATUS,52.000,1.219681,3.3861
"('TANK', 'SWEEPER', 'OFFENSIVE_ADV', 'FULL', 'FULL', 'NORMAL', 'SLOWER', 'MEC_USED', 'CLEAN', 'CLEAN', 'NEUTRAL', 'NEUTRAL', 'CLEAR', 'CLEAR', 'OPENING', 'BANCO_VAZIO')",25,10,13,76.923,ATTACK_PIVOT,20.000,2.176115,8.8120
"('TANK', 'TANK', 'OFFENSIVE_ADV', 'FULL', 'SAFE', 'NORMAL', 'FASTER', 'MEC_USED', 'CLEAN', 'CLEAN', 'NEUTRAL', 'NEUTRAL', 'SET', 'CLEAR', 'BRAWL', 'BANCO_OFF')",25,7,10,70.000,CLEAN_HAZARD,76.000,0.981102,2.6674
"('SWEEPER', 'TANK', 'NEUTRAL', 'CRIT', 'FULL', 'NORMAL', 'FASTER', 'MEC_USED', 'CLEAN', 'AFFLICTED', 'NEUTRAL', 'DEBUFF', 'CLEAR', 'CLEAR', 'CLUTCH', 'BANCO_VAZIO')",25,3,5,60.000,ATTACK_PIVOT,92.000,0.334221,1.3969
"('TANK', 'TANK', 'VOLATILE', 'FULL', 'FULL', 'NORMAL', 'FASTER', 'MEC_USED', 'CLEAN', 'CLEAN', 'NEUTRAL', 'NEUTRAL', 'SET', 'SET', 'DOMINATING', 'BANCO_DEF')",25,2,6,33.333,STAT_CLEAN,92.000,0.278769,1.3215
"('TANK', 'TANK', 'STALEMATE', 'FULL', 'FULL', 'NORMAL', 'SLOWER', 'MEC_USED', 'AFFLICTED', 'CLEAN', 'DEBUFF', 'NEUTRAL', 'CLEAR', 'CLEAR', 'RECOVERING', 'BANCO_VAZIO')",25,3,4,75.000,SWITCH_DEFENSIVE,72.000,0.707786,2.0295
"('TANK', 'TANK', 'OFFENSIVE_DIS', 'FULL', 'FULL', 'NORMAL', 'FASTER', 'MEC_USED', 'AFFLICTED', 'CLEAN', 'NEUTRAL', 'NEUTRAL', 'CLEAR', 'CLEAR', 'OPENING', 'BANCO_AMBOS')",24,7,9,77.778,HEAL,50.000,1.531265,4.6240
"('TANK', 'TANK', 'NEUTRAL', 'SAFE', 'FULL', 'NORMAL', 'SLOWER', 'MEC_USED', 'CLEAN', 'CLEAN', 'NEUTRAL', 'NEUTRAL', 'SET', 'SET', 'CLUTCH', 'BANCO_VAZIO')",24,7,12,58.333,ATTACK_STRONG,70.833,1.113432,3.0448
"('TANK', 'TANK', 'OFFENSIVE_DIS', 'DANGER', 'SAFE', 'NORMAL', 'SLOWER', 'MEC_USED', 'CLEAN', 'CLEAN', 'NEUTRAL', 'NEUTRAL', 'CLEAR', 'CLEAR', 'RECOVERING', 'BANCO_VAZIO')",24,9,14,64.286,ATTACK_STRONG,16.667,2.130689,8.4207
"('TANK', 'SWEEPER', 'NEUTRAL', 'SAFE', 'FULL', 'FIELD_SHARED', 'SLOWER', 'MEC_USED', 'CLEAN', 'CLEAN', 'NEUTRAL', 'NEUTRAL', 'CLEAR', 'CLEAR', 'OPENING', 'BANCO_OFF')",24,12,13,92.308,ATTACK_STRONG,16.667,2.325778,10.2346
"('TANK', 'TANK', 'NEUTRAL', 'FULL', 'SAFE', 'FIELD_THEIRS', 'SLOWER', 'MEC_USED', 'CLEAN', 'CLEAN', 'NEUTRAL', 'NEUTRAL', 'CLEAR', 'CLEAR', 'OPENING', 'BANCO_VAZIO')",24,6,9,66.667,SWITCH_DEFENSIVE,33.333,1.610829,5.0070
"('TANK', 'TANK', 'DEFENSIVE_DIS', 'SAFE', 'SAFE', 'NORMAL', 'SLOWER', 'MEC_USED', 'CLEAN', 'CLEAN', 'NEUTRAL', 'NEUTRAL', 'SET', 'CLEAR', 'RECOVERING', 'BANCO_VAZIO')",24,11,12,91.667,STATUS,20.833,2.221528,9.2214
"('TANK', 'TANK', 'OFFENSIVE_ADV', 'FULL', 'FULL', 'NORMAL', 'FASTER', 'MEC_USED', 'CLEAN', 'CLEAN', 'NEUTRAL', 'NEUTRAL', 'SET', 'SET', 'OPENING', 'BANCO_AMBOS')",24,11,13,84.615,HAZARD,20.833,2.221528,9.2214
"('TANK', 'TANK', 'OFFENSIVE_DIS', 'SAFE', 'FULL', 'NORMAL', 'SLOWER', 'MEC_USED', 'CLEAN', 'CLEAN', 'NEUTRAL', 'NEUTRAL', 'CLEAR', 'SET', 'RECOVERING', 'BANCO_VAZIO')",24,10,13,76.923,HAZARD,25.000,2.084201,8.0382
"('TANK', 'TANK', 'NEUTRAL', 'DANGER', 'SAFE', 'NORMAL', 'SLOWER', 'MEC_USED', 'CLEAN', 'CLEAN', 'NEUTRAL', 'NEUTRAL', 'CLEAR', 'CLEAR', 'OPENING', 'BANCO_VAZIO')",24,12,14,85.714,SWITCH_OFFENSIVE,20.833,2.322894,10.2052
"('TANK', 'SWEEPER', 'NEUTRAL', 'FULL', 'FULL', 'NORMAL', 'SLOWER', 'MEC_USED', 'CLEAN', 'CLEAN', 'NEUTRAL', 'NEUTRAL', 'CLEAR', 'CLEAR', 'BRAWL', 'BANCO_OFF')",24,10,12,83.333,SWITCH_DEFENSIVE,20.833,2.163765,8.7038
"('TANK', 'TANK', 'DEFENSIVE_DIS', 'SAFE', 'FULL', 'NORMAL', 'SLOWER', 'MEC_USED', 'CLEAN', 'CLEAN', 'NEUTRAL', 'NEUTRAL', 'SET', 'CLEAR', 'OPENING', 'BANCO_OFF')",24,9,15,60.000,ATTACK_PIVOT,16.667,2.108887,8.2391
"('TANK', 'TANK', 'NEUTRAL', 'SAFE', 'SAFE', 'NORMAL', 'FASTER', 'MEC_USED', 'AFFLICTED', 'CLEAN', 'NEUTRAL', 'NEUTRAL', 'CLEAR', 'CLEAR', 'OPENING', 'BANCO_OFF')",24,10,13,76.923,HEAL,33.333,1.791759,6.0000
"('TANK', 'TANK', 'NEUTRAL', 'FULL', 'FULL', 'NORMAL', 'SLOWER', 'MEC_USED', 'CLEAN', 'CLEAN', 'NEUTRAL', 'NEUTRAL', 'SET', 'SET', 'OPENING', 'BANCO_AMBOS')",24,7,12,58.333,HEAL,33.333,1.664498,5.2830
"('TANK', 'TANK', 'OFFENSIVE_ADV', 'SAFE', 'SAFE', 'NORMAL', 'FASTER', 'MEC_USED', 'CLEAN', 'CLEAN', 'NEUTRAL', 'NEUTRAL', 'SET', 'SET', 'OPENING', 'BANCO_OFF')",24,10,12,83.333,SWITCH_OFFENSIVE,29.167,2.126597,8.3863
"('TANK', 'TANK', 'NEUTRAL', 'DANGER', 'SAFE', 'NORMAL', 'FASTER', 'MEC_USED', 'CLEAN', 'CLEAN', 'NEUTRAL', 'NEUTRAL', 'CLEAR', 'CLEAR', 'BRAWL', 'BANCO_OFF')",24,8,14,57.143,HEAL,45.833,1.606392,4.9848
"('TANK', 'TANK', 'DOMINANT', 'FULL', 'SAFE', 'NORMAL', 'FASTER', 'MEC_USED', 'CLEAN', 'CLEAN', 'NEUTRAL', 'NEUTRAL', 'SET', 'CLEAR', 'OPENING', 'BANCO_AMBOS')",24,11,13,84.615,ATTACK_PIVOT,20.833,2.257488,9.5590
"('TANK', 'TANK', 'DOMINANT', 'FULL', 'SAFE', 'NORMAL', 'FASTER', 'MEC_USED', 'CLEAN', 'CLEAN', 'NEUTRAL', 'NEUTRAL', 'CLEAR', 'CLEAR', 'OPENING', 'BANCO_VAZIO')",24,9,12,75.000,PROTECT,29.167,1.942782,6.9781
"('TANK', 'TANK', 'NEUTRAL', 'FULL', 'SAFE', 'NORMAL', 'FASTER', 'MEC_USED', 'CLEAN', 'AFFLICTED', 'NEUTRAL', 'DEBUFF', 'CLEAR', 'CLEAR', 'OPENING', 'BANCO_OFF')",24,9,12,75.000,HEAL,45.833,1.746603,5.7351
"('TANK', 'TANK', 'NEUTRAL', 'SAFE', 'SAFE', 'NORMAL', 'FASTER', 'MEC_USED', 'CLEAN', 'CLEAN', 'NEUTRAL', 'NEUTRAL', 'CLEAR', 'SET', 'OPENING', 'BANCO_OFF')",24,10,13,76.923,HAZARD,20.833,2.103119,8.1917
"('TANK', 'SWEEPER', 'NEUTRAL', 'SAFE', 'SAFE', 'NORMAL', 'SLOWER', 'MEC_USED', 'CLEAN', 'CLEAN', 'NEUTRAL', 'NEUTRAL', 'CLEAR', 'CLEAR', 'OPENING', 'BANCO_VAZIO')",24,7,13,53.846,ATTACK_TECH,37.500,1.591449,4.9109
"('TANK', 'TANK', 'CRITICAL_DIS', 'SAFE', 'FULL', 'FIELD_OURS_OFF', 'FASTER', 'MEC_USED', 'CLEAN', 'CLEAN', 'NEUTRAL', 'NEUTRAL', 'CLEAR', 'CLEAR', 'OPENING', 'BANCO_OFF')",24,8,11,72.727,SWITCH_OFFENSIVE,45.833,1.674683,5.3371
"('TANK', 'TANK', 'DOMINANT', 'SAFE', 'FULL', 'FIELD_SHARED', 'FASTER', 'MEC_USED', 'CLEAN', 'CLEAN', 'NEUTRAL', 'NEUTRAL', 'CLEAR', 'CLEAR', 'OPENING', 'BANCO_AMBOS')",24,8,11,72.727,ATTACK_PIVOT,25.000,1.921442,6.8308
"('TANK', 'TANK', 'DEFENSIVE_DIS', 'SAFE', 'FULL', 'FIELD_OURS_OFF', 'FASTER', 'MEC_USED', 'CLEAN', 'CLEAN', 'NEUTRAL', 'NEUTRAL', 'CLEAR', 'CLEAR', 'OPENING', 'BANCO_AMBOS')",24,8,10,80.000,SWITCH_DEFENSIVE,29.167,1.873746,6.5126
"('TANK', 'TANK', 'DEFENSIVE_ADV', 'FULL', 'FULL', 'NORMAL', 'FASTER', 'MEC_AVAIL', 'CLEAN', 'CLEAN', 'NEUTRAL', 'NEUTRAL', 'CLEAR', 'CLEAR', 'OPENING', 'BANCO_OFF')",24,8,10,80.000,ATTACK_STRONG_MEC,37.500,1.671013,5.3176
"('TANK', 'TANK', 'VOLATILE', 'FULL', 'DANGER', 'NORMAL', 'FASTER', 'MEC_USED', 'CLEAN', 'CLEAN', 'NEUTRAL', 'NEUTRAL', 'CLEAR', 'CLEAR', 'OPENING', 'BANCO_OFF')",24,9,13,69.231,ATTACK_STRONG,25.000,1.971561,7.1819
"('TANK', 'TANK', 'OFFENSIVE_ADV', 'FULL', 'FULL', 'FIELD_SHARED', 'FASTER', 'MEC_USED', 'CLEAN', 'CLEAN', 'NEUTRAL', 'NEUTRAL', 'CLEAR', 'CLEAR', 'BRAWL', 'BANCO_OFF')",24,8,10,80.000,ATTACK_STRONG,29.167,1.931508,6.8999
"('TANK', 'TANK', 'NEUTRAL', 'SAFE', 'FULL', 'NORMAL', 'FASTER', 'MEC_USED', 'CLEAN', 'CLEAN', 'NEUTRAL', 'NEUTRAL', 'CLEAR', 'SET', 'CLUTCH', 'BANCO_VAZIO')",24,4,10,40.000,SWITCH_DEFENSIVE,50.000,1.152361,3.1657
"('TANK', 'SWEEPER', 'DEFENSIVE_ADV', 'FULL', 'FULL', 'FIELD_SHARED', 'SLOWER', 'MEC_USED', 'CLEAN', 'CLEAN', 'NEUTRAL', 'NEUTRAL', 'CLEAR', 'CLEAR', 'OPENING', 'BANCO_OFF')",24,9,9,100.000,ATTACK_STRONG,29.167,1.917350,6.8029
"('TANK', 'TANK', 'DEFENSIVE_DIS', 'DANGER', 'SAFE', 'NORMAL', 'SLOWER', 'MEC_USED', 'CLEAN', 'CLEAN', 'NEUTRAL', 'NEUTRAL', 'CLEAR', 'CLEAR', 'OPENING', 'BANCO_OFF')",24,8,13,61.538,SWITCH_DEFENSIVE,25.000,1.889112,6.6135
"('TANK', 'UTILITY', 'OFFENSIVE_ADV', 'FULL', 'SAFE', 'FIELD_SHARED', 'SLOWER', 'MEC_USED', 'CLEAN', 'CLEAN', 'NEUTRAL', 'NEUTRAL', 'CLEAR', 'CLEAR', 'OPENING', 'BANCO_OFF')",24,10,12,83.333,ATTACK_PIVOT,20.833,2.081317,8.0150
"('TANK', 'TANK', 'STALEMATE', 'SAFE', 'FULL', 'NORMAL', 'FASTER', 'MEC_USED', 'CLEAN', 'CLEAN', 'NEUTRAL', 'NEUTRAL', 'CLEAR', 'CLEAR', 'OPENING', 'BANCO_OFF')",24,7,13,53.846,SWITCH_DEFENSIVE,41.667,1.630493,5.1064
"('TANK', 'TANK', 'OFFENSIVE_ADV', 'CRIT', 'FULL', 'FIELD_THEIRS', 'FASTER', 'MEC_USED', 'CLEAN', 'CLEAN', 'NEUTRAL', 'NEUTRAL', 'CLEAR', 'CLEAR', 'OPENING', 'BANCO_OFF')",24,10,11,90.909,ATTACK_STRONG,16.667,2.224412,9.2480
"('TANK', 'TANK', 'OFFENSIVE_DIS', 'SAFE', 'FULL', 'FIELD_SHARED', 'SLOWER', 'MEC_USED', 'CLEAN', 'CLEAN', 'NEUTRAL', 'NEUTRAL', 'CLEAR', 'CLEAR', 'OPENING', 'BANCO_AMBOS')",24,10,13,76.923,HAZARD,16.667,2.224412,9.2480
"('TANK', 'TANK', 'NEUTRAL', 'SAFE', 'FULL', 'NORMAL', 'SLOWER', 'MEC_USED', 'CLEAN', 'CLEAN', 'NEUTRAL', 'NEUTRAL', 'CLEAR', 'CLEAR', 'CLUTCH', 'BANCO_VAZIO')",24,8,14,57.143,HEAL,62.500,1.369998,3.9353
"('SWEEPER', 'SWEEPER', 'VOLATILE', 'FULL', 'FULL', 'FIELD_OURS_OFF', 'FASTER', 'MEC_USED', 'CLEAN', 'CLEAN', 'DEBUFF', 'NEUTRAL', 'CLEAR', 'CLEAR', 'OPENING', 'BANCO_OFF')",24,5,5,100.000,ATTACK_STRONG,45.833,1.411304,4.1013
"('TANK', 'TANK', 'DOMINANT', 'FULL', 'FULL', 'NORMAL', 'SLOWER', 'MEC_USED', 'CLEAN', 'CLEAN', 'NEUTRAL', 'NEUTRAL', 'CLEAR', 'CLEAR', 'OPENING', 'BANCO_VAZIO')",24,10,13,76.923,ATTACK_STRONG,25.000,2.144848,8.5407
"('TANK', 'SWEEPER', 'OFFENSIVE_ADV', 'FULL', 'FULL', 'FIELD_THEIRS', 'SLOWER', 'MEC_USED', 'CLEAN', 'CLEAN', 'NEUTRAL', 'NEUTRAL', 'CLEAR', 'CLEAR', 'OPENING', 'BANCO_VAZIO')",24,8,11,72.727,ATTACK_STRONG,29.167,1.790089,5.9900
"('TANK', 'TANK', 'DEFENSIVE_DIS', 'FULL', 'FULL', 'FIELD_OURS_OFF', 'SLOWER', 'MEC_USED', 'CLEAN', 'AFFLICTED', 'NEUTRAL', 'NEUTRAL', 'CLEAR', 'CLEAR', 'OPENING', 'BANCO_OFF')",24,7,8,87.500,SWITCH_DEFENSIVE,41.667,1.594532,4.9260
"('TANK', 'TANK', 'CRITICAL_DIS', 'FULL', 'FULL', 'FIELD_SHARED', 'SLOWER', 'MEC_USED', 'CLEAN', 'CLEAN', 'NEUTRAL', 'NEUTRAL', 'SET', 'CLEAR', 'OPENING', 'BANCO_AMBOS')",24,11,14,78.571,DISRUPTION,20.833,2.160881,8.6788
"('TANK', 'TANK', 'VOLATILE', 'SAFE', 'DANGER', 'NORMAL', 'FASTER', 'MEC_USED', 'CLEAN', 'CLEAN', 'NEUTRAL', 'NEUTRAL', 'CLEAR', 'CLEAR', 'OPENING', 'BANCO_OFF')",24,11,15,73.333,SWITCH_OFFENSIVE,29.167,2.101910,8.1818
"('TANK', 'TANK', 'DEFENSIVE_DIS', 'FULL', 'FULL', 'NORMAL', 'FASTER', 'MEC_USED', 'CLEAN', 'CLEAN', 'NEUTRAL', 'NEUTRAL', 'SET', 'CLEAR', 'OPENING', 'BANCO_VAZIO')",24,8,11,72.727,HEAL,29.167,1.931508,6.8999
"('TANK', 'TANK', 'VOLATILE', 'SAFE', 'SAFE', 'FIELD_THEIRS', 'FASTER', 'MEC_USED', 'CLEAN', 'CLEAN', 'NEUTRAL', 'NEUTRAL', 'CLEAR', 'CLEAR', 'OPENING', 'BANCO_OFF')",24,9,12,75.000,HEAL,25.000,2.026439,7.5870
"('TANK', 'TANK', 'OFFENSIVE_DIS', 'FULL', 'FULL', 'NORMAL', 'SLOWER', 'MEC_AVAIL', 'CLEAN', 'CLEAN', 'NEUTRAL', 'NEUTRAL', 'CLEAR', 'CLEAR', 'OPENING', 'BANCO_OFF')",24,6,20,30.000,FIELD_CONTROL_MEC,45.833,1.395937,4.0388
"('TANK', 'TANK', 'DEFENSIVE_DIS', 'FULL', 'FULL', 'NORMAL', 'SLOWER', 'MEC_USED', 'CLEAN', 'CLEAN', 'NEUTRAL', 'NEUTRAL', 'CLEAR', 'SET', 'CLUTCH', 'BANCO_VAZIO')",24,3,10,30.000,SWITCH_OFFENSIVE,83.333,0.544284,1.7234
"('TANK', 'TANK', 'VOLATILE', 'SAFE', 'FULL', 'NORMAL', 'SLOWER', 'MEC_USED', 'AFFLICTED', 'AFFLICTED', 'DEBUFF', 'NEUTRAL', 'CLEAR', 'CLEAR', 'CLUTCH', 'BANCO_VAZIO')",24,3,6,50.000,SWITCH_OFFENSIVE,91.667,0.344598,1.4114
"('TANK', 'TANK', 'STALEMATE', 'CRIT', 'FULL', 'NORMAL', 'SLOWER', 'MEC_USED', 'AFFLICTED', 'AFFLICTED', 'DEBUFF', 'DEBUFF', 'SET', 'CLEAR', 'RECOVERING', 'BANCO_VAZIO')",24,2,3,66.667,STAT_CLEAN,91.667,0.286836,1.3322
"('TANK', 'TANK', 'NEUTRAL', 'SAFE', 'FULL', 'NORMAL', 'FASTER', 'MEC_AVAIL', 'CLEAN', 'CLEAN', 'BUFFED', 'NEUTRAL', 'CLEAR', 'CLEAR', 'OPENING', 'BANCO_OFF')",24,5,10,50.000,HEAL,66.667,1.040850,2.8316
"('TANK', 'TANK', 'STALEMATE', 'FULL', 'FULL', 'NORMAL', 'SLOWER', 'MEC_USED', 'AFFLICTED', 'CLEAN', 'DEBUFF', 'NEUTRAL', 'CLEAR', 'SET', 'RECOVERING', 'BANCO_VAZIO')",24,6,10,60.000,HEAL,33.333,1.538908,4.6595
"('TANK', 'TANK', 'STALEMATE', 'FULL', 'FULL', 'NORMAL', 'FASTER', 'MEC_USED', 'CLEAN', 'CLEAN', 'NEUTRAL', 'NEUTRAL', 'SET', 'CLEAR', 'OPENING', 'BANCO_AMBOS')",24,5,9,55.556,STAT_CLEAN,70.833,0.976106,2.6541
"('TANK', 'TANK', 'DEFENSIVE_DIS', 'FULL', 'FULL', 'NORMAL', 'SLOWER', 'MEC_USED', 'AFFLICTED', 'AFFLICTED', 'DEBUFF', 'NEUTRAL', 'CLEAR', 'CLEAR', 'CLUTCH', 'BANCO_VAZIO')",24,2,5,40.000,STATUS,95.833,0.173205,1.1891
"('TANK', 'TANK', 'OFFENSIVE_ADV', 'SAFE', 'FULL', 'NORMAL', 'SLOWER', 'MEC_USED', 'CLEAN', 'CLEAN', 'NEUTRAL', 'NEUTRAL', 'CLEAR', 'SET', 'RECOVERING', 'BANCO_VAZIO')",23,10,12,83.333,ATTACK_STRONG,21.739,2.137380,8.4772
"('TANK', 'TANK', 'OFFENSIVE_ADV', 'FULL', 'CRIT', 'NORMAL', 'SLOWER', 'MEC_USED', 'CLEAN', 'CLEAN', 'NEUTRAL', 'NEUTRAL', 'CLEAR', 'CLEAR', 'OPENING', 'BANCO_OFF')",23,12,14,85.714,ATTACK_STRONG,34.783,2.171116,8.7681
"('TANK', 'TANK', 'VOLATILE', 'CRIT', 'FULL', 'NORMAL', 'FASTER', 'MEC_USED', 'CLEAN', 'CLEAN', 'NEUTRAL', 'NEUTRAL', 'CLEAR', 'CLEAR', 'OPENING', 'BANCO_OFF')",23,8,11,72.727,ATTACK_STRONG,17.391,2.042592,7.7106
"('TANK', 'TANK', 'DEFENSIVE_DIS', 'FULL', 'SAFE', 'NORMAL', 'SLOWER', 'MEC_USED', 'CLEAN', 'CLEAN', 'NEUTRAL', 'NEUTRAL', 'SET', 'CLEAR', 'RECOVERING', 'BANCO_VAZIO')",23,11,12,91.667,HEAL,21.739,2.280677,9.7833
"('TANK', 'TANK', 'VOLATILE', 'FULL', 'FULL', 'FIELD_SHARED', 'FASTER', 'MEC_AVAIL', 'CLEAN', 'CLEAN', 'NEUTRAL', 'NEUTRAL', 'CLEAR', 'CLEAR', 'OPENING', 'BANCO_OFF')",23,10,12,83.333,SWITCH_DEFENSIVE,26.087,2.054356,7.8018
"('TANK', 'TANK', 'DOMINANT', 'FULL', 'FULL', 'FIELD_OURS_OFF', 'SLOWER', 'MEC_USED', 'CLEAN', 'CLEAN', 'NEUTRAL', 'NEUTRAL', 'CLEAR', 'CLEAR', 'OPENING', 'BANCO_AMBOS')",23,5,10,50.000,CLEAN_HAZARD,65.217,1.019497,2.7718
"('TANK', 'TANK', 'OFFENSIVE_ADV', 'CRIT', 'FULL', 'NORMAL', 'FASTER', 'MEC_USED', 'CLEAN', 'CLEAN', 'NEUTRAL', 'NEUTRAL', 'SET', 'CLEAR', 'OPENING', 'BANCO_OFF')",23,11,11,100.000,STATUS,17.391,2.306437,10.0386
"('TANK', 'TANK', 'DEFENSIVE_ADV', 'DANGER', 'FULL', 'NORMAL', 'FASTER', 'MEC_USED', 'CLEAN', 'CLEAN', 'NEUTRAL', 'DEBUFF', 'SET', 'SET', 'CLUTCH', 'BANCO_VAZIO')",23,3,4,75.000,ATTACK_STRONG,73.913,0.691502,1.9967
"('TANK', 'TANK', 'OFFENSIVE_DIS', 'SAFE', 'FULL', 'NORMAL', 'SLOWER', 'MEC_USED', 'CLEAN', 'CLEAN', 'NEUTRAL', 'NEUTRAL', 'SET', 'CLEAR', 'RECOVERING', 'BANCO_VAZIO')",23,11,12,91.667,ATTACK_STRONG,17.391,2.268913,9.6689
"('TANK', 'TANK', 'VOLATILE', 'SAFE', 'FULL', 'NORMAL', 'FASTER', 'MEC_USED', 'CLEAN', 'CLEAN', 'NEUTRAL', 'NEUTRAL', 'SET', 'CLEAR', 'BRAWL', 'BANCO_OFF')",23,8,9,88.889,ATTACK_STRONG,26.087,1.876545,6.5309
"('TANK', 'UTILITY', 'NEUTRAL', 'FULL', 'FULL', 'FIELD_OURS_OFF', 'SLOWER', 'MEC_USED', 'CLEAN', 'CLEAN', 'NEUTRAL', 'NEUTRAL', 'CLEAR', 'CLEAR', 'OPENING', 'BANCO_OFF')",23,12,12,100.000,HAZARD,17.391,2.351937,10.5059
"('TANK', 'SWEEPER', 'OFFENSIVE_DIS', 'FULL', 'FULL', 'NORMAL', 'SLOWER', 'MEC_USED', 'CLEAN', 'CLEAN', 'DEBUFF', 'NEUTRAL', 'CLEAR', 'CLEAR', 'OPENING', 'BANCO_AMBOS')",23,4,6,66.667,SWITCH_OFFENSIVE,65.217,0.959223,2.6097
"('TANK', 'TANK', 'OFFENSIVE_ADV', 'FULL', 'FULL', 'NORMAL', 'FASTER', 'MEC_USED', 'CLEAN', 'CLEAN', 'NEUTRAL', 'NEUTRAL', 'CLEAR', 'CLEAR', 'BRAWL', 'BANCO_AMBOS')",23,8,11,72.727,STATUS,34.783,1.699429,5.4708
"('TANK', 'TANK', 'OFFENSIVE_ADV', 'SAFE', 'FULL', 'NORMAL', 'FASTER', 'MEC_USED', 'CLEAN', 'CLEAN', 'NEUTRAL', 'NEUTRAL', 'CLEAR', 'CLEAR', 'RECOVERING', 'BANCO_VAZIO')",23,7,9,77.778,ATTACK_STRONG,21.739,1.896285,6.6611
"('SWEEPER', 'TANK', 'OFFENSIVE_ADV', 'FULL', 'FULL', 'NORMAL', 'FASTER', 'MEC_USED', 'CLEAN', 'CLEAN', 'NEUTRAL', 'NEUTRAL', 'CLEAR', 'CLEAR', 'BRAWL', 'BANCO_OFF')",23,8,9,88.889,SWITCH_DEFENSIVE,26.087,1.944795,6.9922
"('TANK', 'TANK', 'DEFENSIVE_DIS', 'SAFE', 'FULL', 'NORMAL', 'FASTER', 'MEC_USED', 'CLEAN', 'CLEAN', 'NEUTRAL', 'NEUTRAL', 'SET', 'CLEAR', 'OPENING', 'BANCO_VAZIO')",23,11,12,91.667,SWITCH_OFFENSIVE,17.391,2.283687,9.8128
"('TANK', 'TANK', 'DEFENSIVE_DIS', 'FULL', 'SAFE', 'FIELD_THEIRS', 'SLOWER', 'MEC_USED', 'CLEAN', 'CLEAN', 'NEUTRAL', 'NEUTRAL', 'CLEAR', 'CLEAR', 'OPENING', 'BANCO_OFF')",23,8,11,72.727,HEAL,39.130,1.808295,6.1000
"('TANK', 'TANK', 'VOLATILE', 'SAFE', 'SAFE', 'NORMAL', 'SLOWER', 'MEC_USED', 'CLEAN', 'CLEAN', 'NEUTRAL', 'NEUTRAL', 'CLEAR', 'CLEAR', 'OPENING', 'BANCO_OFF')",23,7,13,53.846,SWITCH_DEFENSIVE,34.783,1.616406,5.0350
"('TANK', 'TANK', 'NEUTRAL', 'SAFE', 'DANGER', 'NORMAL', 'SLOWER', 'MEC_USED', 'CLEAN', 'CLEAN', 'NEUTRAL', 'NEUTRAL', 'CLEAR', 'CLEAR', 'RECOVERING', 'BANCO_VAZIO')",23,10,11,90.909,CLEAN_HAZARD,26.087,2.054356,7.8018
"('TANK', 'TANK', 'CRITICAL_DIS', 'FULL', 'FULL', 'NORMAL', 'FASTER', 'MEC_USED', 'CLEAN', 'CLEAN', 'NEUTRAL', 'NEUTRAL', 'SET', 'CLEAR', 'OPENING', 'BANCO_OFF')",23,11,14,78.571,STATUS,17.391,2.231389,9.3128
"('TANK', 'TANK', 'OFFENSIVE_ADV', 'DANGER', 'SAFE', 'NORMAL', 'SLOWER', 'MEC_USED', 'CLEAN', 'CLEAN', 'NEUTRAL', 'NEUTRAL', 'CLEAR', 'CLEAR', 'OPENING', 'BANCO_OFF')",23,10,12,83.333,HAZARD,21.739,2.152154,8.6034
"('SWEEPER', 'UTILITY', 'DEFENSIVE_DIS', 'FULL', 'FULL', 'NORMAL', 'FASTER', 'MEC_USED', 'CLEAN', 'CLEAN', 'NEUTRAL', 'DEBUFF', 'CLEAR', 'CLEAR', 'OPENING', 'BANCO_AMBOS')",23,1,5,20.000,ATTACK_PIVOT,100.000,-0.000000,1.0000
"('TANK', 'TANK', 'DOMINANT', 'SAFE', 'FULL', 'FIELD_THEIRS', 'FASTER', 'MEC_AVAIL', 'CLEAN', 'CLEAN', 'NEUTRAL', 'DEBUFF', 'CLEAR', 'CLEAR', 'OPENING', 'BANCO_OFF')",23,7,8,87.500,ATTACK_STRONG_MEC,26.087,1.876545,6.5309
"('TANK', 'TANK', 'DOMINANT', 'SAFE', 'FULL', 'FIELD_SHARED', 'FASTER', 'MEC_USED', 'CLEAN', 'CLEAN', 'NEUTRAL', 'NEUTRAL', 'CLEAR', 'CLEAR', 'OPENING', 'BANCO_OFF')",23,7,8,87.500,SWITCH_DEFENSIVE,39.130,1.540180,4.6654
"('TANK', 'TANK', 'VOLATILE', 'CRIT', 'SAFE', 'NORMAL', 'FASTER', 'MEC_USED', 'CLEAN', 'CLEAN', 'NEUTRAL', 'NEUTRAL', 'CLEAR', 'CLEAR', 'OPENING', 'BANCO_OFF')",23,10,12,83.333,ATTACK_STRONG,30.435,2.012562,7.4825
"('TANK', 'SWEEPER', 'NEUTRAL', 'SAFE', 'FULL', 'NORMAL', 'SLOWER', 'MEC_USED', 'CLEAN', 'CLEAN', 'NEUTRAL', 'NEUTRAL', 'CLEAR', 'CLEAR', 'BRAWL', 'BANCO_OFF')",23,10,12,83.333,STAT_CLEAN,30.435,2.038321,7.6777
"('TANK', 'TANK', 'DEFENSIVE_DIS', 'DANGER', 'SAFE', 'FIELD_THEIRS', 'FASTER', 'MEC_USED', 'CLEAN', 'CLEAN', 'NEUTRAL', 'NEUTRAL', 'CLEAR', 'CLEAR', 'OPENING', 'BANCO_OFF')",23,10,13,76.923,SWITCH_OFFENSIVE,21.739,2.137380,8.4772
"('TANK', 'UTILITY', 'OFFENSIVE_DIS', 'FULL', 'SAFE', 'NORMAL', 'SLOWER', 'MEC_USED', 'CLEAN', 'CLEAN', 'NEUTRAL', 'BUFFED', 'CLEAR', 'CLEAR', 'RECOVERING', 'BANCO_VAZIO')",23,7,10,70.000,HEAL,43.478,1.411086,4.1004
"('TANK', 'SWEEPER', 'DEFENSIVE_DIS', 'FULL', 'FULL', 'FIELD_SHARED', 'SLOWER', 'MEC_AVAIL', 'CLEAN', 'CLEAN', 'NEUTRAL', 'NEUTRAL', 'CLEAR', 'CLEAR', 'OPENING', 'BANCO_AMBOS')",23,8,14,57.143,ATTACK_STRONG_MEC,34.783,1.824247,6.1981
"('TANK', 'TANK', 'NEUTRAL', 'FULL', 'SAFE', 'FIELD_SHARED', 'FASTER', 'MEC_USED', 'CLEAN', 'CLEAN', 'NEUTRAL', 'NEUTRAL', 'CLEAR', 'CLEAR', 'OPENING', 'BANCO_AMBOS')",23,4,9,44.444,SWITCH_OFFENSIVE,43.478,1.192259,3.2945
"('UTILITY', 'TANK', 'DOMINANT', 'FULL', 'FULL', 'FIELD_THEIRS', 'FASTER', 'MEC_USED', 'CLEAN', 'CLEAN', 'NEUTRAL', 'NEUTRAL', 'CLEAR', 'CLEAR', 'OPENING', 'BANCO_AMBOS')",23,6,9,66.667,ATTACK_STRONG,69.565,1.086190,2.9630
"('TANK', 'TANK', 'DEFENSIVE_DIS', 'SAFE', 'SAFE', 'FIELD_THEIRS', 'FASTER', 'MEC_USED', 'CLEAN', 'CLEAN', 'NEUTRAL', 'NEUTRAL', 'CLEAR', 'CLEAR', 'OPENING', 'BANCO_OFF')",23,10,13,76.923,SWITCH_OFFENSIVE,26.087,2.065342,7.8880
"('TANK', 'TANK', 'CRITICAL_DIS', 'FULL', 'SAFE', 'NORMAL', 'FASTER', 'MEC_USED', 'AFFLICTED', 'CLEAN', 'NEUTRAL', 'NEUTRAL', 'CLEAR', 'SET', 'CLUTCH', 'BANCO_VAZIO')",23,2,4,50.000,BUFF,91.304,0.295439,1.3437
"('TANK', 'SWEEPER', 'NEUTRAL', 'FULL', 'SAFE', 'NORMAL', 'SLOWER', 'MEC_USED', 'CLEAN', 'CLEAN', 'NEUTRAL', 'NEUTRAL', 'CLEAR', 'CLEAR', 'OPENING', 'BANCO_VAZIO')",23,6,13,46.154,HEAL,60.870,1.265267,3.5440
"('TANK', 'UTILITY', 'DOMINANT', 'FULL', 'FULL', 'FIELD_THEIRS', 'SLOWER', 'MEC_AVAIL', 'CLEAN', 'CLEAN', 'NEUTRAL', 'NEUTRAL', 'CLEAR', 'CLEAR', 'OPENING', 'BANCO_AMBOS')",23,9,10,90.000,ATTACK_STRONG_MEC,17.391,2.088092,8.0695
"('TANK', 'TANK', 'NEUTRAL', 'FULL', 'FULL', 'FIELD_SHARED', 'SLOWER', 'MEC_USED', 'CLEAN', 'CLEAN', 'NEUTRAL', 'NEUTRAL', 'CLEAR', 'CLEAR', 'BRAWL', 'BANCO_OFF')",23,9,16,56.250,STATUS,21.739,2.077106,7.9813
"('TANK', 'TANK', 'NEUTRAL', 'FULL', 'FULL', 'NORMAL', 'FASTER', 'MEC_USED', 'CLEAN', 'CLEAN', 'NEUTRAL', 'NEUTRAL', 'SET', 'CLEAR', 'BRAWL', 'BANCO_VAZIO')",23,9,11,81.818,SWITCH_DEFENSIVE,30.435,1.992822,7.3362
"('TANK', 'SWEEPER', 'OFFENSIVE_DIS', 'SAFE', 'SAFE', 'NORMAL', 'SLOWER', 'MEC_USED', 'CLEAN', 'CLEAN', 'NEUTRAL', 'NEUTRAL', 'CLEAR', 'CLEAR', 'BRAWL', 'BANCO_OFF')",23,5,11,45.455,STAT_CLEAN,56.522,1.192565,3.2955
"('TANK', 'TANK', 'STALEMATE', 'SAFE', 'FULL', 'NORMAL', 'SLOWER', 'MEC_USED', 'AFFLICTED', 'AFFLICTED', 'DEBUFF', 'DEBUFF', 'CLEAR', 'CLEAR', 'RECOVERING', 'BANCO_VAZIO')",23,2,3,66.667,STATUS,95.652,0.178845,1.1958
"('SWEEPER', 'TANK', 'DEFENSIVE_ADV', 'CRIT', 'FULL', 'NORMAL', 'FASTER', 'MEC_USED', 'CLEAN', 'CLEAN', 'NEUTRAL', 'DEBUFF', 'SET', 'CLEAR', 'CLUTCH', 'BANCO_VAZIO')",23,2,5,40.000,CLEAN_HAZARD,95.652,0.178845,1.1958
"('TANK', 'TANK', 'NEUTRAL', 'DANGER', 'SAFE', 'NORMAL', 'SLOWER', 'MEC_USED', 'CLEAN', 'CLEAN', 'NEUTRAL', 'NEUTRAL', 'SET', 'SET', 'RECOVERING', 'BANCO_VAZIO')",22,10,13,76.923,ATTACK_TECH,22.727,2.149802,8.5832
"('TANK', 'TANK', 'NEUTRAL', 'SAFE', 'FULL', 'NORMAL', 'FASTER', 'MEC_USED', 'AFFLICTED', 'CLEAN', 'DEBUFF', 'NEUTRAL', 'CLEAR', 'CLEAR', 'OPENING', 'BANCO_VAZIO')",22,9,10,90.000,HEAL,50.000,1.679271,5.3616
"('TANK', 'TANK', 'NEUTRAL', 'SAFE', 'DANGER', 'NORMAL', 'FASTER', 'MEC_USED', 'CLEAN', 'CLEAN', 'NEUTRAL', 'NEUTRAL', 'CLEAR', 'CLEAR', 'RECOVERING', 'BANCO_VAZIO')",22,8,11,72.727,ATTACK_STRONG,27.273,1.924679,6.8529
"('TANK', 'SWEEPER', 'NEUTRAL', 'SAFE', 'FULL', 'NORMAL', 'SLOWER', 'MEC_USED', 'CLEAN', 'CLEAN', 'NEUTRAL', 'NEUTRAL', 'CLEAR', 'CLEAR', 'OPENING', 'BANCO_VAZIO')",22,10,13,76.923,ATTACK_TECH,40.909,1.940124,6.9596
"('TANK', 'TANK', 'OFFENSIVE_ADV', 'FULL', 'DANGER', 'NORMAL', 'FASTER', 'MEC_AVAIL', 'CLEAN', 'CLEAN', 'NEUTRAL', 'NEUTRAL', 'CLEAR', 'CLEAR', 'OPENING', 'BANCO_OFF')",22,9,18,50.000,HEAL,31.818,1.857201,6.4058
"('SWEEPER', 'TANK', 'OFFENSIVE_ADV', 'FULL', 'FULL', 'FIELD_SHARED', 'FASTER', 'MEC_AVAIL', 'CLEAN', 'CLEAN', 'NEUTRAL', 'NEUTRAL', 'CLEAR', 'CLEAR', 'OPENING', 'BANCO_OFF')",22,11,14,78.571,ATTACK_STRONG_MEC,31.818,2.133038,8.4405
"('TANK', 'TANK', 'DEFENSIVE_DIS', 'SAFE', 'FULL', 'NORMAL', 'FASTER', 'MEC_AVAIL', 'CLEAN', 'CLEAN', 'NEUTRAL', 'NEUTRAL', 'CLEAR', 'CLEAR', 'OPENING', 'BANCO_OFF')",22,10,16,62.500,STATUS_MEC,36.364,2.019815,7.5369
"('TANK', 'SWEEPER', 'VOLATILE', 'FULL', 'FULL', 'FIELD_THEIRS', 'SLOWER', 'MEC_USED', 'CLEAN', 'CLEAN', 'NEUTRAL', 'NEUTRAL', 'CLEAR', 'CLEAR', 'OPENING', 'BANCO_AMBOS')",22,9,11,81.818,SWITCH_DEFENSIVE,18.182,2.074490,7.9605
"('TANK', 'TANK', 'OFFENSIVE_ADV', 'SAFE', 'FULL', 'FIELD_SHARED', 'SLOWER', 'MEC_USED', 'CLEAN', 'CLEAN', 'NEUTRAL', 'NEUTRAL', 'SET', 'CLEAR', 'OPENING', 'BANCO_OFF')",22,9,12,75.000,ATTACK_STRONG,27.273,2.026922,7.5907
"('TANK', 'TANK', 'NEUTRAL', 'CRIT', 'FULL', 'NORMAL', 'SLOWER', 'MEC_USED', 'CLEAN', 'CLEAN', 'NEUTRAL', 'NEUTRAL', 'CLEAR', 'CLEAR', 'BRAWL', 'BANCO_OFF')",22,9,12,75.000,STAT_CLEAN,22.727,2.047559,7.7490
"('TANK', 'TANK', 'DOMINANT', 'FULL', 'SAFE', 'FIELD_OURS_OFF', 'FASTER', 'MEC_USED', 'CLEAN', 'CLEAN', 'NEUTRAL', 'NEUTRAL', 'CLEAR', 'CLEAR', 'OPENING', 'BANCO_AMBOS')",22,9,10,90.000,SWITCH_OFFENSIVE,22.727,2.071343,7.9355
"('TANK', 'TANK', 'NEUTRAL', 'DANGER', 'SAFE', 'FIELD_SHARED', 'FASTER', 'MEC_USED', 'CLEAN', 'CLEAN', 'NEUTRAL', 'NEUTRAL', 'CLEAR', 'CLEAR', 'OPENING', 'BANCO_OFF')",22,12,14,85.714,ATTACK_STRONG,22.727,2.260383,9.5868
"('TANK', 'TANK', 'NEUTRAL', 'SAFE', 'CRIT', 'NORMAL', 'FASTER', 'MEC_USED', 'CLEAN', 'CLEAN', 'NEUTRAL', 'NEUTRAL', 'CLEAR', 'CLEAR', 'OPENING', 'BANCO_VAZIO')",22,11,13,84.615,ATTACK_STRONG,22.727,2.221154,9.2180
"('SWEEPER', 'TANK', 'OFFENSIVE_ADV', 'FULL', 'SAFE', 'NORMAL', 'FASTER', 'MEC_USED', 'CLEAN', 'CLEAN', 'NEUTRAL', 'NEUTRAL', 'CLEAR', 'CLEAR', 'OPENING', 'BANCO_AMBOS')",22,6,9,66.667,ATTACK_STRONG,27.273,1.708708,5.5218
"('TANK', 'TANK', 'DEFENSIVE_DIS', 'FULL', 'SAFE', 'FIELD_OURS_OFF', 'FASTER', 'MEC_USED', 'CLEAN', 'CLEAN', 'NEUTRAL', 'NEUTRAL', 'CLEAR', 'CLEAR', 'OPENING', 'BANCO_OFF')",22,11,12,91.667,SWITCH_OFFENSIVE,22.727,2.236599,9.3614
"('TANK', 'TANK', 'DEFENSIVE_ADV', 'SAFE', 'SAFE', 'NORMAL', 'SLOWER', 'MEC_USED', 'CLEAN', 'CLEAN', 'NEUTRAL', 'NEUTRAL', 'SET', 'CLEAR', 'OPENING', 'BANCO_OFF')",22,8,12,66.667,ATTACK_STRONG,36.364,1.578721,4.8488
"('TANK', 'TANK', 'OFFENSIVE_DIS', 'SAFE', 'FULL', 'NORMAL', 'FASTER', 'MEC_USED', 'CLEAN', 'CLEAN', 'NEUTRAL', 'NEUTRAL', 'CLEAR', 'CLEAR', 'RECOVERING', 'BANCO_VAZIO')",22,9,14,64.286,PROTECT,22.727,2.086789,8.0590
"('TANK', 'TANK', 'NEUTRAL', 'FULL', 'SAFE', 'NORMAL', 'SLOWER', 'MEC_USED', 'CLEAN', 'CLEAN', 'NEUTRAL', 'NEUTRAL', 'SET', 'CLEAR', 'BRAWL', 'BANCO_VAZIO')",22,10,12,83.333,ATTACK_STRONG,18.182,2.161287,8.6823
"('SWEEPER', 'TANK', 'OFFENSIVE_ADV', 'DANGER', 'FULL', 'NORMAL', 'FASTER', 'MEC_USED', 'CLEAN', 'CLEAN', 'NEUTRAL', 'NEUTRAL', 'CLEAR', 'CLEAR', 'OPENING', 'BANCO_AMBOS')",22,7,8,87.500,ATTACK_TECH,36.364,1.720193,5.5856
"('TANK', 'TANK', 'VOLATILE', 'FULL', 'FULL', 'NORMAL', 'SLOWER', 'MEC_AVAIL', 'CLEAN', 'CLEAN', 'NEUTRAL', 'NEUTRAL', 'CLEAR', 'CLEAR', 'OPENING', 'BANCO_OFF')",22,7,16,43.750,ATTACK_STRONG_MEC,40.909,1.510011,4.5268
"('TANK', 'TANK', 'DEFENSIVE_ADV', 'FULL', 'FULL', 'NORMAL', 'SLOWER', 'MEC_AVAIL', 'CLEAN', 'CLEAN', 'NEUTRAL', 'NEUTRAL', 'CLEAR', 'CLEAR', 'OPENING', 'BANCO_AMBOS')",22,9,16,56.250,FIELD_CONTROL_MEC,27.273,2.011476,7.4743
"('TANK', 'TANK', 'DOMINANT', 'FULL', 'FULL', 'FIELD_THEIRS', 'FASTER', 'MEC_USED', 'CLEAN', 'CLEAN', 'NEUTRAL', 'NEUTRAL', 'CLEAR', 'CLEAR', 'OPENING', 'BANCO_VAZIO')",22,9,9,100.000,ATTACK_STRONG,22.727,2.047559,7.7490
"('TANK', 'TANK', 'OFFENSIVE_ADV', 'SAFE', 'FULL', 'NORMAL', 'FASTER', 'MEC_USED', 'CLEAN', 'CLEAN', 'NEUTRAL', 'NEUTRAL', 'SET', 'CLEAR', 'DOMINATING', 'BANCO_OFF')",22,4,11,36.364,ATTACK_STRONG,68.182,0.878863,2.4082
"('TANK', 'TANK', 'OFFENSIVE_ADV', 'SAFE', 'DANGER', 'FIELD_THEIRS', 'FASTER', 'MEC_USED', 'CLEAN', 'CLEAN', 'NEUTRAL', 'NEUTRAL', 'CLEAR', 'CLEAR', 'OPENING', 'BANCO_OFF')",22,11,11,100.000,BUFF,22.727,2.212815,9.1414
"('TANK', 'TANK', 'VOLATILE', 'SAFE', 'FULL', 'NORMAL', 'FASTER', 'MEC_USED', 'CLEAN', 'CLEAN', 'NEUTRAL', 'NEUTRAL', 'SET', 'SET', 'OPENING', 'BANCO_OFF')",22,9,14,64.286,DISRUPTION,27.273,2.011476,7.4743
"('TANK', 'TANK', 'DEFENSIVE_DIS', 'SAFE', 'SAFE', 'NORMAL', 'SLOWER', 'MEC_USED', 'CLEAN', 'CLEAN', 'NEUTRAL', 'NEUTRAL', 'SET', 'CLEAR', 'OPENING', 'BANCO_OFF')",22,12,13,92.308,ATTACK_TECH,27.273,2.263530,9.6170
"('TANK', 'SWEEPER', 'DEFENSIVE_ADV', 'FULL', 'FULL', 'NORMAL', 'SLOWER', 'MEC_USED', 'CLEAN', 'CLEAN', 'NEUTRAL', 'NEUTRAL', 'CLEAR', 'CLEAR', 'OPENING', 'BANCO_AMBOS')",22,9,12,75.000,CLEAN_HAZARD,31.818,1.917068,6.8010
"('TANK', 'TANK', 'VOLATILE', 'FULL', 'FULL', 'NORMAL', 'FASTER', 'MEC_USED', 'CLEAN', 'CLEAN', 'NEUTRAL', 'NEUTRAL', 'CLEAR', 'SET', 'OPENING', 'BANCO_OFF')",22,6,11,54.545,SWITCH_DEFENSIVE,68.182,1.118618,3.0606
"('TANK', 'TANK', 'NEUTRAL', 'FULL', 'SAFE', 'NORMAL', 'FASTER', 'MEC_USED', 'CLEAN', 'CLEAN', 'NEUTRAL', 'NEUTRAL', 'CLEAR', 'SET', 'OPENING', 'BANCO_VAZIO')",22,7,10,70.000,SWITCH_DEFENSIVE,22.727,1.858519,6.4142
"('TANK', 'TANK', 'DEFENSIVE_ADV', 'FULL', 'FULL', 'FIELD_THEIRS', 'SLOWER', 'MEC_USED', 'CLEAN', 'CLEAN', 'NEUTRAL', 'NEUTRAL', 'CLEAR', 'CLEAR', 'OPENING', 'BANCO_OFF')",22,8,11,72.727,ATTACK_PIVOT,27.273,1.897749,6.6709
"('TANK', 'TANK', 'DOMINANT', 'FULL', 'FULL', 'NORMAL', 'FASTER', 'MEC_USED', 'CLEAN', 'CLEAN', 'NEUTRAL', 'NEUTRAL', 'SET', 'SET', 'OPENING', 'BANCO_OFF')",22,10,12,83.333,HEAL,36.364,1.972247,7.1868
"('TANK', 'TANK', 'NEUTRAL', 'FULL', 'SAFE', 'FIELD_SHARED', 'FASTER', 'MEC_USED', 'CLEAN', 'CLEAN', 'NEUTRAL', 'NEUTRAL', 'SET', 'CLEAR', 'OPENING', 'BANCO_OFF')",22,12,13,92.308,ATTACK_PIVOT,18.182,2.350327,10.4890
"('TANK', 'TANK', 'NEUTRAL', 'SAFE', 'FULL', 'FIELD_THEIRS', 'FASTER', 'MEC_USED', 'CLEAN', 'CLEAN', 'NEUTRAL', 'NEUTRAL', 'CLEAR', 'CLEAR', 'OPENING', 'BANCO_AMBOS')",22,8,10,80.000,ATTACK_TECH,22.727,1.960762,7.1047
"('TANK', 'SWEEPER', 'VOLATILE', 'FULL', 'FULL', 'FIELD_THEIRS', 'SLOWER', 'MEC_AVAIL', 'CLEAN', 'CLEAN', 'NEUTRAL', 'NEUTRAL', 'CLEAR', 'CLEAR', 'OPENING', 'BANCO_OFF')",22,7,12,58.333,BUFF_MEC,40.909,1.436017,4.2039
"('TANK', 'TANK', 'NEUTRAL', 'FULL', 'FULL', 'NORMAL', 'FASTER', 'MEC_USED', 'CLEAN', 'CLEAN', 'NEUTRAL', 'NEUTRAL', 'SET', 'SET', 'CLUTCH', 'BANCO_VAZIO')",22,6,11,54.545,STATUS,31.818,1.554433,4.7324
"('TANK', 'TANK', 'OFFENSIVE_ADV', 'SAFE', 'SAFE', 'NORMAL', 'FASTER', 'MEC_USED', 'CLEAN', 'CLEAN', 'NEUTRAL', 'NEUTRAL', 'CLEAR', 'CLEAR', 'BRAWL', 'BANCO_OFF')",22,7,9,77.778,CLEAN_HAZARD,31.818,1.778742,5.9224
"('TANK', 'TANK', 'OFFENSIVE_ADV', 'FULL', 'SAFE', 'NORMAL', 'SLOWER', 'MEC_USED', 'CLEAN', 'CLEAN', 'NEUTRAL', 'NEUTRAL', 'SET', 'CLEAR', 'BRAWL', 'BANCO_OFF')",22,8,11,72.727,ATTACK_TECH,36.364,1.652715,5.2211
"('TANK', 'TANK', 'OFFENSIVE_ADV', 'FULL', 'FULL', 'NORMAL', 'FASTER', 'MEC_USED', 'CLEAN', 'CLEAN', 'NEUTRAL', 'NEUTRAL', 'SET', 'CLEAR', 'OPENING', 'BANCO_VAZIO')",22,6,8,75.000,CLEAN_HAZARD,45.455,1.516522,4.5563
"('TANK', 'SWEEPER', 'DOMINANT', 'FULL', 'FULL', 'FIELD_THEIRS', 'SLOWER', 'MEC_AVAIL', 'CLEAN', 'CLEAN', 'NEUTRAL', 'NEUTRAL', 'CLEAR', 'CLEAR', 'OPENING', 'BANCO_OFF')",22,10,14,71.429,BUFF_MEC,22.727,2.134357,8.4516
"('SWEEPER', 'SWEEPER', 'DEFENSIVE_DIS', 'FULL', 'FULL', 'FIELD_THEIRS', 'SLOWER', 'MEC_USED', 'CLEAN', 'CLEAN', 'NEUTRAL', 'NEUTRAL', 'CLEAR', 'CLEAR', 'OPENING', 'BANCO_AMBOS')",22,5,7,71.429,ATTACK_STRONG,36.364,1.365897,3.9192
"('TANK', 'TANK', 'NEUTRAL', 'DANGER', 'SAFE', 'NORMAL', 'FASTER', 'MEC_USED', 'CLEAN', 'CLEAN', 'NEUTRAL', 'NEUTRAL', 'CLEAR', 'CLEAR', 'BRAWL', 'BANCO_VAZIO')",22,9,13,69.231,ATTACK_STRONG,31.818,1.789723,5.9878
"('TANK', 'TANK', 'DEFENSIVE_DIS', 'SAFE', 'SAFE', 'NORMAL', 'SLOWER', 'MEC_USED', 'CLEAN', 'CLEAN', 'NEUTRAL', 'NEUTRAL', 'CLEAR', 'CLEAR', 'OPENING', 'BANCO_VAZIO')",22,10,13,76.923,ATTACK_PIVOT,22.727,2.134357,8.4516
"('TANK', 'TANK', 'DEFENSIVE_DIS', 'SAFE', 'FULL', 'FIELD_THEIRS', 'FASTER', 'MEC_USED', 'CLEAN', 'CLEAN', 'NEUTRAL', 'NEUTRAL', 'CLEAR', 'CLEAR', 'OPENING', 'BANCO_AMBOS')",22,5,10,50.000,HEAL,72.727,0.924804,2.5214
"('TANK', 'TANK', 'VOLATILE', 'DANGER', 'SAFE', 'NORMAL', 'FASTER', 'MEC_USED', 'CLEAN', 'CLEAN', 'NEUTRAL', 'NEUTRAL', 'CLEAR', 'CLEAR', 'OPENING', 'BANCO_OFF')",22,8,12,66.667,CLEAN_HAZARD,40.909,1.676586,5.3473
"('TANK', 'TANK', 'DOMINANT', 'FULL', 'SAFE', 'NORMAL', 'SLOWER', 'MEC_USED', 'CLEAN', 'CLEAN', 'NEUTRAL', 'NEUTRAL', 'CLEAR', 'CLEAR', 'OPENING', 'BANCO_AMBOS')",22,10,12,83.333,SWITCH_DEFENSIVE,18.182,2.224300,9.2470
"('TANK', 'TANK', 'NEUTRAL', 'SAFE', 'FULL', 'NORMAL', 'SLOWER', 'MEC_USED', 'AFFLICTED', 'CLEAN', 'DEBUFF', 'NEUTRAL', 'CLEAR', 'CLEAR', 'RECOVERING', 'BANCO_VAZIO')",22,6,11,54.545,CLEAN_HAZARD,45.455,1.362246,3.9050
"('TANK', 'TANK', 'DEFENSIVE_DIS', 'CRIT', 'FULL', 'NORMAL', 'FASTER', 'MEC_USED', 'CLEAN', 'CLEAN', 'NEUTRAL', 'NEUTRAL', 'SET', 'CLEAR', 'RECOVERING', 'BANCO_VAZIO')",22,5,11,45.455,STATUS,68.182,0.992591,2.6982
"('TANK', 'TANK', 'NEUTRAL', 'SAFE', 'DANGER', 'NORMAL', 'FASTER', 'MEC_USED', 'CLEAN', 'CLEAN', 'NEUTRAL', 'NEUTRAL', 'SET', 'CLEAR', 'BRAWL', 'BANCO_OFF')",22,6,10,60.000,CLEAN_HAZARD,77.273,0.901741,2.4639
"('TANK', 'TANK', 'DEFENSIVE_ADV', 'FULL', 'FULL', 'NORMAL', 'FASTER', 'MEC_USED', 'AFFLICTED', 'CLEAN', 'DEBUFF', 'NEUTRAL', 'SET', 'SET', 'CLUTCH', 'BANCO_VAZIO')",22,4,5,80.000,SWITCH_OFFENSIVE,86.364,0.548118,1.7300
"('TANK', 'TANK', 'NEUTRAL', 'DANGER', 'FULL', 'NORMAL', 'FASTER', 'MEC_USED', 'CLEAN', 'CLEAN', 'NEUTRAL', 'NEUTRAL', 'CLEAR', 'CLEAR', 'CLUTCH', 'BANCO_VAZIO')",22,4,10,40.000,SWITCH_OFFENSIVE,72.727,0.861790,2.3674
"('SWEEPER', 'TANK', 'NEUTRAL', 'FULL', 'FULL', 'NORMAL', 'FASTER', 'MEC_USED', 'CLEAN', 'AFFLICTED', 'NEUTRAL', 'NEUTRAL', 'CLEAR', 'CLEAR', 'OPENING', 'BANCO_OFF')",22,6,7,85.714,STATUS,50.000,1.466447,4.3338
"('TANK', 'UTILITY', 'DEFENSIVE_DIS', 'FULL', 'SAFE', 'NORMAL', 'SLOWER', 'MEC_USED', 'CLEAN', 'CLEAN', 'NEUTRAL', 'BUFFED', 'CLEAR', 'SET', 'RECOVERING', 'BANCO_VAZIO')",22,7,10,70.000,HAZARD,63.636,1.285616,3.6169
"('TANK', 'TANK', 'NEUTRAL', 'FULL', 'SAFE', 'NORMAL', 'SLOWER', 'MEC_USED', 'CLEAN', 'AFFLICTED', 'NEUTRAL', 'NEUTRAL', 'CLEAR', 'SET', 'CLUTCH', 'BANCO_VAZIO')",21,6,12,50.000,HAZARD,42.857,1.310687,3.7087
"('TANK', 'TANK', 'VOLATILE', 'FULL', 'FULL', 'NORMAL', 'SLOWER', 'MEC_USED', 'AFFLICTED', 'AFFLICTED', 'DEBUFF', 'NEUTRAL', 'CLEAR', 'CLEAR', 'CLUTCH', 'BANCO_VAZIO')",21,3,7,42.857,SWITCH_DEFENSIVE,80.952,0.594024,1.8113
"('TANK', 'TANK', 'NEUTRAL', 'FULL', 'FULL', 'NORMAL', 'SLOWER', 'MEC_USED', 'CLEAN', 'CLEAN', 'NEUTRAL', 'NEUTRAL', 'SET', 'SET', 'BRAWL', 'BANCO_OFF')",21,6,12,50.000,ATTACK_TECH,28.571,1.571446,4.8136
"('TANK', 'TANK', 'OFFENSIVE_DIS', 'FULL', 'SAFE', 'NORMAL', 'FASTER', 'MEC_USED', 'AFFLICTED', 'CLEAN', 'NEUTRAL', 'NEUTRAL', 'CLEAR', 'CLEAR', 'CLUTCH', 'BANCO_VAZIO')",21,2,10,20.000,HEAL,61.905,0.664528,1.9436
"('TANK', 'TANK', 'NEUTRAL', 'DANGER', 'FULL', 'NORMAL', 'FASTER', 'MEC_USED', 'CLEAN', 'CLEAN', 'NEUTRAL', 'NEUTRAL', 'SET', 'CLEAR', 'OPENING', 'BANCO_AMBOS')",21,12,14,85.714,CLEAN_HAZARD,19.048,2.359466,10.5853
"('TANK', 'TANK', 'OFFENSIVE_DIS', 'SAFE', 'SAFE', 'NORMAL', 'SLOWER', 'MEC_USED', 'CLEAN', 'CLEAN', 'NEUTRAL', 'NEUTRAL', 'SET', 'CLEAR', 'RECOVERING', 'BANCO_VAZIO')",21,11,12,91.667,SWITCH_DEFENSIVE,28.571,2.202521,9.0478
"('TANK', 'TANK', 'DEFENSIVE_DIS', 'FULL', 'FULL', 'NORMAL', 'SLOWER', 'MEC_USED', 'CLEAN', 'AFFLICTED', 'NEUTRAL', 'NEUTRAL', 'SET', 'CLEAR', 'RECOVERING', 'BANCO_VAZIO')",21,6,10,60.000,STATUS,42.857,1.524909,4.5947
"('SWEEPER', 'TANK', 'NEUTRAL', 'DANGER', 'FULL', 'NORMAL', 'FASTER', 'MEC_USED', 'CLEAN', 'CLEAN', 'NEUTRAL', 'NEUTRAL', 'CLEAR', 'CLEAR', 'OPENING', 'BANCO_AMBOS')",21,8,8,100.000,SWITCH_DEFENSIVE,33.333,1.842857,6.3146
"('TANK', 'TANK', 'NEUTRAL', 'FULL', 'FULL', 'NORMAL', 'FASTER', 'MEC_USED', 'AFFLICTED', 'AFFLICTED', 'DEBUFF', 'NEUTRAL', 'CLEAR', 'CLEAR', 'CLUTCH', 'BANCO_VAZIO')",21,4,4,100.000,STATUS,52.381,1.119606,3.0636
"('UTILITY', 'TANK', 'OFFENSIVE_ADV', 'FULL', 'FULL', 'NORMAL', 'FASTER', 'MEC_USED', 'CLEAN', 'CLEAN', 'NEUTRAL', 'NEUTRAL', 'SET', 'CLEAR', 'OPENING', 'BANCO_OFF')",21,8,9,88.889,ATTACK_STRONG,23.810,1.951350,7.0382
"('TANK', 'TANK', 'OFFENSIVE_ADV', 'FULL', 'FULL', 'NORMAL', 'SLOWER', 'MEC_AVAIL', 'CLEAN', 'CLEAN', 'NEUTRAL', 'NEUTRAL', 'CLEAR', 'CLEAR', 'OPENING', 'BANCO_AMBOS')",21,7,12,58.333,FIELD_CONTROL_MEC,23.810,1.860419,6.4264
"('TANK', 'TANK', 'OFFENSIVE_ADV', 'DANGER', 'SAFE', 'NORMAL', 'FASTER', 'MEC_USED', 'CLEAN', 'CLEAN', 'NEUTRAL', 'NEUTRAL', 'CLEAR', 'CLEAR', 'RECOVERING', 'BANCO_VAZIO')",21,7,9,77.778,ATTACK_PIVOT,33.333,1.685912,5.3974
"('TANK', 'TANK', 'VOLATILE', 'FULL', 'SAFE', 'NORMAL', 'FASTER', 'MEC_AVAIL', 'CLEAN', 'CLEAN', 'NEUTRAL', 'NEUTRAL', 'CLEAR', 'CLEAR', 'OPENING', 'BANCO_OFF')",21,10,16,62.500,ATTACK_STRONG_MEC,47.619,1.816025,6.1474
"('TANK', 'TANK', 'DEFENSIVE_DIS', 'SAFE', 'SAFE', 'NORMAL', 'FASTER', 'MEC_USED', 'CLEAN', 'CLEAN', 'NEUTRAL', 'NEUTRAL', 'SET', 'CLEAR', 'RECOVERING', 'BANCO_VAZIO')",21,10,10,100.000,ATTACK_STRONG,28.571,2.017364,7.5185
"('SWEEPER', 'TANK', 'OFFENSIVE_ADV', 'FULL', 'FULL', 'FIELD_SHARED', 'FASTER', 'MEC_USED', 'CLEAN', 'CLEAN', 'NEUTRAL', 'DEBUFF', 'SET', 'CLEAR', 'OPENING', 'BANCO_OFF')",21,7,7,100.000,CLEAN_HAZARD,28.571,1.806437,6.0887
"('TANK', 'TANK', 'NEUTRAL', 'FULL', 'SAFE', 'FIELD_THEIRS', 'FASTER', 'MEC_USED', 'CLEAN', 'CLEAN', 'NEUTRAL', 'NEUTRAL', 'CLEAR', 'CLEAR', 'OPENING', 'BANCO_VAZIO')",21,9,11,81.818,ATTACK_STRONG,38.095,1.897368,6.6683
"('TANK', 'TANK', 'NEUTRAL', 'DANGER', 'DANGER', 'FIELD_SHARED', 'FASTER', 'MEC_USED', 'CLEAN', 'CLEAN', 'NEUTRAL', 'NEUTRAL', 'CLEAR', 'CLEAR', 'OPENING', 'BANCO_OFF')",21,7,11,63.636,SWITCH_DEFENSIVE,28.571,1.700178,5.4749
"('TANK', 'TANK', 'NEUTRAL', 'FULL', 'SAFE', 'NORMAL', 'SLOWER', 'MEC_USED', 'CLEAN', 'CLEAN', 'NEUTRAL', 'NEUTRAL', 'CLEAR', 'SET', 'OPENING', 'BANCO_VAZIO')",21,3,12,25.000,ATTACK_STRONG,57.143,0.832408,2.2988
"('TANK', 'TANK', 'DEFENSIVE_DIS', 'DANGER', 'SAFE', 'NORMAL', 'FASTER', 'MEC_USED', 'CLEAN', 'CLEAN', 'NEUTRAL', 'NEUTRAL', 'CLEAR', 'CLEAR', 'OPENING', 'BANCO_AMBOS')",21,10,13,76.923,SWITCH_DEFENSIVE,38.095,1.963382,7.1234
"('TANK', 'TANK', 'OFFENSIVE_ADV', 'SAFE', 'FULL', 'FIELD_THEIRS', 'SLOWER', 'MEC_USED', 'CLEAN', 'CLEAN', 'NEUTRAL', 'NEUTRAL', 'CLEAR', 'CLEAR', 'OPENING', 'BANCO_AMBOS')",21,9,13,69.231,ATTACK_TECH,33.333,1.880658,6.5578
"('TANK', 'TANK', 'OFFENSIVE_ADV', 'DANGER', 'FULL', 'NORMAL', 'FASTER', 'MEC_USED', 'CLEAN', 'CLEAN', 'NEUTRAL', 'NEUTRAL', 'CLEAR', 'CLEAR', 'OPENING', 'BANCO_AMBOS')",21,8,11,72.727,HEAL,38.095,1.806437,6.0887
"('TANK', 'TANK', 'DOMINANT', 'FULL', 'SAFE', 'FIELD_SHARED', 'SLOWER', 'MEC_USED', 'CLEAN', 'CLEAN', 'NEUTRAL', 'NEUTRAL', 'CLEAR', 'CLEAR', 'OPENING', 'BANCO_OFF')",21,8,10,80.000,ATTACK_PIVOT,23.810,1.910252,6.7548
"('TANK', 'TANK', 'NEUTRAL', 'CRIT', 'DANGER', 'NORMAL', 'FASTER', 'MEC_USED', 'CLEAN', 'CLEAN', 'NEUTRAL', 'NEUTRAL', 'CLEAR', 'CLEAR', 'RECOVERING', 'BANCO_VAZIO')",21,11,12,91.667,ATTACK_STRONG,23.810,2.240322,9.3964
"('TANK', 'TANK', 'NEUTRAL', 'SAFE', 'SAFE', 'NORMAL', 'FASTER', 'MEC_USED', 'CLEAN', 'CLEAN', 'NEUTRAL', 'DEBUFF', 'CLEAR', 'CLEAR', 'OPENING', 'BANCO_OFF')",21,9,11,81.818,SWITCH_OFFENSIVE,33.333,1.880658,6.5578
"('TANK', 'SWEEPER', 'DEFENSIVE_DIS', 'FULL', 'FULL', 'NORMAL', 'SLOWER', 'MEC_AVAIL', 'CLEAN', 'CLEAN', 'DEBUFF', 'NEUTRAL', 'CLEAR', 'CLEAR', 'OPENING', 'BANCO_OFF')",21,9,12,75.000,FIELD_CONTROL,19.048,2.070493,7.9287
"('TANK', 'TANK', 'OFFENSIVE_ADV', 'SAFE', 'FULL', 'NORMAL', 'FASTER', 'MEC_AVAIL', 'CLEAN', 'CLEAN', 'NEUTRAL', 'NEUTRAL', 'CLEAR', 'CLEAR', 'OPENING', 'BANCO_AMBOS')",21,9,14,64.286,ATTACK_STRONG,19.048,2.070493,7.9287
"('SWEEPER', 'TANK', 'OFFENSIVE_ADV', 'SAFE', 'FULL', 'NORMAL', 'FASTER', 'MEC_USED', 'CLEAN', 'CLEAN', 'NEUTRAL', 'NEUTRAL', 'SET', 'CLEAR', 'OPENING', 'BANCO_AMBOS')",21,9,9,100.000,ATTACK_STRONG,28.571,1.954646,7.0614
"('TANK', 'TANK', 'NEUTRAL', 'SAFE', 'DANGER', 'NORMAL', 'SLOWER', 'MEC_USED', 'CLEAN', 'CLEAN', 'NEUTRAL', 'NEUTRAL', 'SET', 'CLEAR', 'BRAWL', 'BANCO_OFF')",21,5,12,41.667,SWITCH_OFFENSIVE,33.333,1.525672,4.5982
"('TANK', 'TANK', 'DEFENSIVE_DIS', 'FULL', 'SAFE', 'NORMAL', 'SLOWER', 'MEC_USED', 'CLEAN', 'CLEAN', 'NEUTRAL', 'NEUTRAL', 'SET', 'SET', 'RECOVERING', 'BANCO_VAZIO')",21,6,11,54.545,ATTACK_TECH,38.095,1.542381,4.6757
"('TANK', 'TANK', 'OFFENSIVE_DIS', 'DANGER', 'FULL', 'NORMAL', 'SLOWER', 'MEC_USED', 'CLEAN', 'CLEAN', 'NEUTRAL', 'NEUTRAL', 'CLEAR', 'CLEAR', 'RECOVERING', 'BANCO_VAZIO')",21,11,12,91.667,PROTECT,23.810,2.240322,9.3964
"('TANK', 'TANK', 'DEFENSIVE_DIS', 'CRIT', 'SAFE', 'FIELD_OURS_OFF', 'SLOWER', 'MEC_USED', 'CLEAN', 'CLEAN', 'NEUTRAL', 'NEUTRAL', 'CLEAR', 'CLEAR', 'OPENING', 'BANCO_OFF')",21,6,9,66.667,CLEAN_HAZARD,28.571,1.674409,5.3356
"('TANK', 'UTILITY', 'VOLATILE', 'SAFE', 'FULL', 'NORMAL', 'SLOWER', 'MEC_USED', 'CLEAN', 'CLEAN', 'NEUTRAL', 'NEUTRAL', 'CLEAR', 'CLEAR', 'OPENING', 'BANCO_OFF')",21,12,13,92.308,ATTACK_STRONG,19.048,2.334549,10.3248
"('UTILITY', 'TANK', 'NEUTRAL', 'FULL', 'FULL', 'FIELD_SHARED', 'FASTER', 'MEC_USED', 'CLEAN', 'CLEAN', 'NEUTRAL', 'NEUTRAL', 'CLEAR', 'CLEAR', 'OPENING', 'BANCO_OFF')",21,8,9,88.889,ATTACK_STRONG,28.571,1.872451,6.5042
"('SWEEPER', 'TANK', 'NEUTRAL', 'FULL', 'SAFE', 'FIELD_SHARED', 'FASTER', 'MEC_USED', 'CLEAN', 'CLEAN', 'NEUTRAL', 'NEUTRAL', 'CLEAR', 'CLEAR', 'OPENING', 'BANCO_OFF')",21,8,11,72.727,ATTACK_PIVOT,23.810,1.951350,7.0382
"('TANK', 'TANK', 'NEUTRAL', 'FULL', 'FULL', 'NORMAL', 'SLOWER', 'MEC_USED', 'AFFLICTED', 'CLEAN', 'DEBUFF', 'NEUTRAL', 'SET', 'SET', 'CLUTCH', 'BANCO_VAZIO')",21,6,10,60.000,HAZARD,52.381,1.276551,3.5843
"('TANK', 'TANK', 'NEUTRAL', 'DANGER', 'FULL', 'NORMAL', 'FASTER', 'MEC_USED', 'CLEAN', 'CLEAN', 'NEUTRAL', 'NEUTRAL', 'CLEAR', 'CLEAR', 'BRAWL', 'BANCO_VAZIO')",21,11,12,91.667,ATTACK_STRONG,23.810,2.215406,9.1651
"('TANK', 'TANK', 'OFFENSIVE_ADV', 'DANGER', 'SAFE', 'NORMAL', 'FASTER', 'MEC_AVAIL', 'CLEAN', 'CLEAN', 'NEUTRAL', 'NEUTRAL', 'CLEAR', 'CLEAR', 'OPENING', 'BANCO_OFF')",21,12,18,66.667,SWITCH_DEFENSIVE,19.048,2.309633,10.0707
"('TANK', 'TANK', 'DEFENSIVE_ADV', 'FULL', 'FULL', 'NORMAL', 'SLOWER', 'MEC_USED', 'CLEAN', 'AFFLICTED', 'DEBUFF', 'NEUTRAL', 'SET', 'SET', 'CLUTCH', 'BANCO_VAZIO')",21,1,1,100.000,HAZARD,100.000,-0.000000,1.0000
"('TANK', 'TANK', 'OFFENSIVE_DIS', 'FULL', 'FULL', 'NORMAL', 'FASTER', 'MEC_USED', 'AFFLICTED', 'CLEAN', 'NEUTRAL', 'NEUTRAL', 'SET', 'CLEAR', 'OPENING', 'BANCO_OFF')",21,8,10,80.000,CLEAN_HAZARD,38.095,1.737127,5.6810
"('TANK', 'TANK', 'OFFENSIVE_DIS', 'FULL', 'FULL', 'NORMAL', 'FASTER', 'MEC_USED', 'AFFLICTED', 'CLEAN', 'NEUTRAL', 'NEUTRAL', 'CLEAR', 'SET', 'RECOVERING', 'BANCO_VAZIO')",21,5,8,62.500,HEAL,61.905,1.126627,3.0852
"('TANK', 'TANK', 'DEFENSIVE_DIS', 'SAFE', 'SAFE', 'NORMAL', 'FASTER', 'MEC_USED', 'CLEAN', 'CLEAN', 'NEUTRAL', 'NEUTRAL', 'CLEAR', 'CLEAR', 'OPENING', 'BANCO_VAZIO')",21,9,11,81.818,HEAL,28.571,2.020660,7.5433
"('TANK', 'UTILITY', 'NEUTRAL', 'FULL', 'FULL', 'NORMAL', 'SLOWER', 'MEC_AVAIL', 'CLEAN', 'CLEAN', 'NEUTRAL', 'NEUTRAL', 'CLEAR', 'CLEAR', 'OPENING', 'BANCO_OFF')",21,12,16,75.000,ATTACK_STRONG,23.810,2.306336,10.0376
"('TANK', 'SWEEPER', 'NEUTRAL', 'FULL', 'FULL', 'NORMAL', 'SLOWER', 'MEC_AVAIL', 'CLEAN', 'CLEAN', 'NEUTRAL', 'NEUTRAL', 'CLEAR', 'CLEAR', 'OPENING', 'BANCO_OFF')",21,13,22,59.091,ATTACK_STRONG,19.048,2.425480,11.3077
"('TANK', 'TANK', 'OFFENSIVE_DIS', 'CRIT', 'SAFE', 'NORMAL', 'SLOWER', 'MEC_USED', 'CLEAN', 'CLEAN', 'NEUTRAL', 'NEUTRAL', 'CLEAR', 'CLEAR', 'OPENING', 'BANCO_OFF')",21,11,13,84.615,STATUS,19.048,2.268535,9.6652
"('TANK', 'TANK', 'DEFENSIVE_DIS', 'FULL', 'FULL', 'FIELD_SHARED', 'FASTER', 'MEC_USED', 'CLEAN', 'CLEAN', 'NEUTRAL', 'NEUTRAL', 'CLEAR', 'SET', 'OPENING', 'BANCO_AMBOS')",21,2,12,16.667,SWITCH_OFFENSIVE,95.238,0.191444,1.2110
"('TANK', 'TANK', 'CRITICAL_DIS', 'SAFE', 'FULL', 'FIELD_THEIRS', 'SLOWER', 'MEC_USED', 'CLEAN', 'CLEAN', 'NEUTRAL', 'NEUTRAL', 'CLEAR', 'CLEAR', 'OPENING', 'BANCO_AMBOS')",21,9,13,69.231,PROTECT,28.571,1.888632,6.6103
"('SWEEPER', 'SWEEPER', 'DOMINANT', 'FULL', 'FULL', 'FIELD_OURS_OFF', 'FASTER', 'MEC_AVAIL', 'CLEAN', 'CLEAN', 'NEUTRAL', 'NEUTRAL', 'CLEAR', 'CLEAR', 'OPENING', 'BANCO_OFF')",21,5,6,83.333,HAZARD_MEC,38.095,1.489251,4.4338
"('TANK', 'TANK', 'NEUTRAL', 'FULL', 'FULL', 'NORMAL', 'FASTER', 'MEC_USED', 'AFFLICTED', 'CLEAN', 'NEUTRAL', 'NEUTRAL', 'SET', 'SET', 'CLUTCH', 'BANCO_VAZIO')",21,4,9,44.444,ATTACK_STRONG,61.905,0.944765,2.5722
"('TANK', 'TANK', 'STALEMATE', 'FULL', 'FULL', 'NORMAL', 'SLOWER', 'MEC_USED', 'AFFLICTED', 'AFFLICTED', 'DEBUFF', 'DEBUFF', 'SET', 'CLEAR', 'OPENING', 'BANCO_OFF')",21,5,6,83.333,HEAL,52.381,1.210537,3.3553
"('TANK', 'TANK', 'OFFENSIVE_DIS', 'FULL', 'FULL', 'NORMAL', 'SLOWER', 'MEC_USED', 'CLEAN', 'CLEAN', 'NEUTRAL', 'NEUTRAL', 'CLEAR', 'SET', 'CLUTCH', 'BANCO_VAZIO')",20,4,10,40.000,HEAL,55.000,1.122372,3.0721
"('TANK', 'TANK', 'DEFENSIVE_DIS', 'FULL', 'FULL', 'NORMAL', 'SLOWER', 'MEC_USED', 'CLEAN', 'AFFLICTED', 'NEUTRAL', 'NEUTRAL', 'CLEAR', 'SET', 'CLUTCH', 'BANCO_VAZIO')",20,5,9,55.556,PROTECT,50.000,1.350064,3.8577
"('TANK', 'TANK', 'NEUTRAL', 'SAFE', 'SAFE', 'NORMAL', 'FASTER', 'MEC_USED', 'AFFLICTED', 'CLEAN', 'NEUTRAL', 'NEUTRAL', 'CLEAR', 'CLEAR', 'OPENING', 'BANCO_VAZIO')",20,9,11,81.818,CLEAN_HAZARD,30.000,2.016154,7.5094
"('TANK', 'TANK', 'OFFENSIVE_DIS', 'SAFE', 'SAFE', 'NORMAL', 'FASTER', 'MEC_USED', 'CLEAN', 'CLEAN', 'NEUTRAL', 'NEUTRAL', 'CLEAR', 'SET', 'RECOVERING', 'BANCO_VAZIO')",20,7,12,58.333,STATUS,30.000,1.726261,5.6196
"('TANK', 'TANK', 'STALEMATE', 'FULL', 'SAFE', 'FIELD_SHARED', 'SLOWER', 'MEC_USED', 'CLEAN', 'CLEAN', 'NEUTRAL', 'NEUTRAL', 'CLEAR', 'CLEAR', 'OPENING', 'BANCO_OFF')",20,8,12,66.667,CLEAN_HAZARD,45.000,1.660408,5.2615
"('TANK', 'TANK', 'NEUTRAL', 'SAFE', 'SAFE', 'FIELD_OURS_OFF', 'FASTER', 'MEC_USED', 'CLEAN', 'CLEAN', 'NEUTRAL', 'NEUTRAL', 'CLEAR', 'CLEAR', 'OPENING', 'BANCO_OFF')",20,10,11,90.909,CLEAN_HAZARD,25.000,2.082007,8.0206
"('TANK', 'TANK', 'VOLATILE', 'DANGER', 'FULL', 'NORMAL', 'SLOWER', 'MEC_USED', 'CLEAN', 'CLEAN', 'NEUTRAL', 'NEUTRAL', 'CLEAR', 'CLEAR', 'OPENING', 'BANCO_OFF')",20,12,14,85.714,ATTACK_PIVOT,15.000,2.388890,10.9014
"('TANK', 'TANK', 'DEFENSIVE_DIS', 'FULL', 'SAFE', 'NORMAL', 'SLOWER', 'MEC_USED', 'CLEAN', 'AFFLICTED', 'NEUTRAL', 'NEUTRAL', 'SET', 'CLEAR', 'RECOVERING', 'BANCO_VAZIO')",20,6,9,66.667,STAT_CLEAN,50.000,1.372766,3.9462
"('TANK', 'SWEEPER', 'DEFENSIVE_DIS', 'FULL', 'FULL', 'FIELD_OURS_OFF', 'SLOWER', 'MEC_USED', 'CLEAN', 'CLEAN', 'NEUTRAL', 'NEUTRAL', 'CLEAR', 'CLEAR', 'OPENING', 'BANCO_AMBOS')",20,9,9,100.000,SWITCH_DEFENSIVE,35.000,1.842990,6.3154
"('TANK', 'TANK', 'NEUTRAL', 'CRIT', 'FULL', 'NORMAL', 'FASTER', 'MEC_USED', 'CLEAN', 'CLEAN', 'NEUTRAL', 'NEUTRAL', 'CLEAR', 'CLEAR', 'OPENING', 'BANCO_AMBOS')",20,10,12,83.333,SWITCH_OFFENSIVE,30.000,2.059306,7.8405
"('SWEEPER', 'UTILITY', 'NEUTRAL', 'FULL', 'FULL', 'FIELD_OURS_OFF', 'FASTER', 'MEC_USED', 'CLEAN', 'CLEAN', 'NEUTRAL', 'NEUTRAL', 'CLEAR', 'CLEAR', 'OPENING', 'BANCO_AMBOS')",20,5,7,71.429,HEAL,35.000,1.374776,3.9542
"('TANK', 'TANK', 'NEUTRAL', 'FULL', 'SAFE', 'FIELD_SHARED', 'SLOWER', 'MEC_USED', 'CLEAN', 'CLEAN', 'NEUTRAL', 'NEUTRAL', 'SET', 'CLEAR', 'OPENING', 'BANCO_OFF')",20,11,12,91.667,SWITCH_OFFENSIVE,20.000,2.250260,9.4902
"('TANK', 'TANK', 'DEFENSIVE_DIS', 'CRIT', 'SAFE', 'NORMAL', 'FASTER', 'MEC_USED', 'CLEAN', 'CLEAN', 'NEUTRAL', 'NEUTRAL', 'CLEAR', 'CLEAR', 'OPENING', 'BANCO_OFF')",20,10,14,71.429,HEAL,40.000,1.956012,7.0711
"('TANK', 'TANK', 'NEUTRAL', 'FULL', 'FULL', 'NORMAL', 'SLOWER', 'MEC_USED', 'CLEAN', 'CLEAN', 'BUFFED', 'NEUTRAL', 'CLEAR', 'CLEAR', 'OPENING', 'BANCO_OFF')",20,6,9,66.667,ATTACK_TECH,45.000,1.465992,4.3318
"('SWEEPER', 'TANK', 'NEUTRAL', 'SAFE', 'FULL', 'FIELD_OURS_OFF', 'FASTER', 'MEC_USED', 'CLEAN', 'CLEAN', 'NEUTRAL', 'NEUTRAL', 'CLEAR', 'CLEAR', 'OPENING', 'BANCO_AMBOS')",20,9,11,81.818,ATTACK_STRONG,30.000,1.973001,7.1922
"('TANK', 'TANK', 'OFFENSIVE_ADV', 'SAFE', 'FULL', 'NORMAL', 'SLOWER', 'MEC_USED', 'CLEAN', 'CLEAN', 'NEUTRAL', 'NEUTRAL', 'CLEAR', 'SET', 'OPENING', 'BANCO_OFF')",20,7,11,63.636,SWITCH_DEFENSIVE,35.000,1.704360,5.4979
"('TANK', 'TANK', 'DEFENSIVE_DIS', 'SAFE', 'DANGER', 'NORMAL', 'FASTER', 'MEC_USED', 'CLEAN', 'CLEAN', 'NEUTRAL', 'NEUTRAL', 'CLEAR', 'CLEAR', 'RECOVERING', 'BANCO_VAZIO')",20,9,11,81.818,ATTACK_STRONG,50.000,1.705810,5.5058
"('TANK', 'TANK', 'NEUTRAL', 'FULL', 'FULL', 'NORMAL', 'FASTER', 'MEC_USED', 'CLEAN', 'CLEAN', 'BUFFED', 'NEUTRAL', 'SET', 'CLEAR', 'OPENING', 'BANCO_OFF')",20,4,5,80.000,ATTACK_STRONG,50.000,1.207974,3.3467
"('TANK', 'TANK', 'NEUTRAL', 'DANGER', 'FULL', 'NORMAL', 'FASTER', 'MEC_USED', 'CLEAN', 'CLEAN', 'NEUTRAL', 'NEUTRAL', 'SET', 'CLEAR', 'RECOVERING', 'BANCO_VAZIO')",20,8,11,72.727,STATUS,20.000,1.973001,7.1922
"('TANK', 'TANK', 'OFFENSIVE_ADV', 'FULL', 'FULL', 'FIELD_OURS_DEF', 'FASTER', 'MEC_USED', 'CLEAN', 'CLEAN', 'NEUTRAL', 'NEUTRAL', 'CLEAR', 'CLEAR', 'OPENING', 'BANCO_AMBOS')",20,5,6,83.333,DISRUPTION,60.000,1.102429,3.0115
"('TANK', 'TANK', 'CRITICAL_DIS', 'SAFE', 'SAFE', 'NORMAL', 'FASTER', 'MEC_USED', 'CLEAN', 'CLEAN', 'NEUTRAL', 'NEUTRAL', 'CLEAR', 'CLEAR', 'RECOVERING', 'BANCO_VAZIO')",20,10,13,76.923,SWITCH_OFFENSIVE,25.000,2.151322,8.5962
"('TANK', 'TANK', 'DEFENSIVE_ADV', 'FULL', 'SAFE', 'FIELD_SHARED', 'FASTER', 'MEC_USED', 'CLEAN', 'CLEAN', 'NEUTRAL', 'NEUTRAL', 'CLEAR', 'CLEAR', 'OPENING', 'BANCO_AMBOS')",20,7,10,70.000,ATTACK_PIVOT,25.000,1.775125,5.9010
"('TANK', 'SWEEPER', 'CRITICAL_DIS', 'FULL', 'FULL', 'FIELD_OURS_OFF', 'SLOWER', 'MEC_USED', 'CLEAN', 'CLEAN', 'NEUTRAL', 'NEUTRAL', 'CLEAR', 'CLEAR', 'OPENING', 'BANCO_AMBOS')",20,8,9,88.889,SWITCH_OFFENSIVE,25.000,1.917216,6.8020
"('TANK', 'UTILITY', 'CRITICAL_DIS', 'SAFE', 'SAFE', 'NORMAL', 'SLOWER', 'MEC_USED', 'CLEAN', 'CLEAN', 'NEUTRAL', 'NEUTRAL', 'CLEAR', 'CLEAR', 'OPENING', 'BANCO_OFF')",20,1,11,9.091,SWITCH_DEFENSIVE,100.000,-0.000000,1.0000
"('SWEEPER', 'UTILITY', 'OFFENSIVE_ADV', 'FULL', 'FULL', 'FIELD_SHARED', 'SLOWER', 'MEC_USED', 'CLEAN', 'CLEAN', 'NEUTRAL', 'DEBUFF', 'CLEAR', 'CLEAR', 'OPENING', 'BANCO_OFF')",20,6,7,85.714,ATTACK_STRONG,45.000,1.465992,4.3318
"('TANK', 'TANK', 'DEFENSIVE_DIS', 'DANGER', 'FULL', 'NORMAL', 'SLOWER', 'MEC_USED', 'CLEAN', 'CLEAN', 'NEUTRAL', 'NEUTRAL', 'CLEAR', 'CLEAR', 'RECOVERING', 'BANCO_VAZIO')",20,11,14,78.571,HEAL,25.000,2.194474,8.9753
"('TANK', 'TANK', 'OFFENSIVE_DIS', 'SAFE', 'FULL', 'NORMAL', 'SLOWER', 'MEC_USED', 'CLEAN', 'CLEAN', 'NEUTRAL', 'NEUTRAL', 'SET', 'SET', 'RECOVERING', 'BANCO_VAZIO')",20,11,12,91.667,ATTACK_TECH,20.000,2.276423,9.7418
"('TANK', 'TANK', 'OFFENSIVE_ADV', 'SAFE', 'SAFE', 'FIELD_THEIRS', 'FASTER', 'MEC_AVAIL', 'CLEAN', 'CLEAN', 'NEUTRAL', 'NEUTRAL', 'CLEAR', 'CLEAR', 'OPENING', 'BANCO_OFF')",20,10,18,55.556,ATTACK_STRONG_MEC,35.000,2.011242,7.4726
"('TANK', 'TANK', 'NEUTRAL', 'FULL', 'SAFE', 'NORMAL', 'FASTER', 'MEC_USED', 'CLEAN', 'CLEAN', 'NEUTRAL', 'DEBUFF', 'CLEAR', 'CLEAR', 'OPENING', 'BANCO_OFF')",20,12,12,100.000,ATTACK_TECH,15.000,2.388890,10.9014
"('SWEEPER', 'TANK', 'OFFENSIVE_ADV', 'SAFE', 'FULL', 'FIELD_OURS_OFF', 'FASTER', 'MEC_USED', 'CLEAN', 'CLEAN', 'NEUTRAL', 'NEUTRAL', 'CLEAR', 'CLEAR', 'OPENING', 'BANCO_OFF')",20,9,12,75.000,ATTACK_STRONG,25.000,1.986530,7.2902
"('TANK', 'TANK', 'DEFENSIVE_DIS', 'SAFE', 'FULL', 'NORMAL', 'FASTER', 'MEC_USED', 'CLEAN', 'CLEAN', 'NEUTRAL', 'NEUTRAL', 'CLEAR', 'CLEAR', 'BRAWL', 'BANCO_VAZIO')",20,11,12,91.667,CLEAN_HAZARD,25.000,2.220637,9.2132
"('TANK', 'TANK', 'NEUTRAL', 'SAFE', 'FULL', 'NORMAL', 'SLOWER', 'MEC_USED', 'CLEAN', 'CLEAN', 'NEUTRAL', 'NEUTRAL', 'CLEAR', 'SET', 'RECOVERING', 'BANCO_VAZIO')",20,8,13,61.538,HAZARD,50.000,1.610333,5.0045
"('TANK', 'TANK', 'DEFENSIVE_ADV', 'FULL', 'DANGER', 'FIELD_SHARED', 'SLOWER', 'MEC_USED', 'CLEAN', 'CLEAN', 'NEUTRAL', 'NEUTRAL', 'CLEAR', 'CLEAR', 'OPENING', 'BANCO_OFF')",20,5,10,50.000,HAZARD,65.000,1.094409,2.9874
"('TANK', 'TANK', 'OFFENSIVE_ADV', 'DANGER', 'FULL', 'NORMAL', 'SLOWER', 'MEC_USED', 'CLEAN', 'CLEAN', 'NEUTRAL', 'NEUTRAL', 'SET', 'CLEAR', 'OPENING', 'BANCO_OFF')",20,13,14,92.857,HEAL_STATUS,20.000,2.441215,11.4870
"('TANK', 'TANK', 'NEUTRAL', 'SAFE', 'SAFE', 'NORMAL', 'FASTER', 'MEC_USED', 'CLEAN', 'CLEAN', 'NEUTRAL', 'NEUTRAL', 'SET', 'CLEAR', 'RECOVERING', 'BANCO_VAZIO')",20,11,12,91.667,STATUS,25.000,2.220637,9.2132
"('TANK', 'TANK', 'NEUTRAL', 'SAFE', 'FULL', 'NORMAL', 'FASTER', 'MEC_USED', 'AFFLICTED', 'CLEAN', 'DEBUFF', 'NEUTRAL', 'CLEAR', 'CLEAR', 'RECOVERING', 'BANCO_VAZIO')",20,8,9,88.889,CLEAN_HAZARD,25.000,1.960368,7.1019
"('TANK', 'TANK', 'NEUTRAL', 'SAFE', 'SAFE', 'NORMAL', 'SLOWER', 'MEC_USED', 'CLEAN', 'CLEAN', 'NEUTRAL', 'NEUTRAL', 'SET', 'SET', 'BRAWL', 'BANCO_AMBOS')",20,5,10,50.000,ATTACK_TECH,55.000,1.261002,3.5290
"('TANK', 'TANK', 'NEUTRAL', 'SAFE', 'FULL', 'NORMAL', 'SLOWER', 'MEC_USED', 'CLEAN', 'CLEAN', 'NEUTRAL', 'NEUTRAL', 'SET', 'SET', 'BRAWL', 'BANCO_VAZIO')",20,5,12,41.667,HAZARD,45.000,1.175205,3.2388
"('UTILITY', 'TANK', 'NEUTRAL', 'SAFE', 'FULL', 'NORMAL', 'FASTER', 'MEC_USED', 'CLEAN', 'CLEAN', 'NEUTRAL', 'NEUTRAL', 'CLEAR', 'CLEAR', 'OPENING', 'BANCO_AMBOS')",20,8,9,88.889,HEAL,40.000,1.692281,5.4319
"('TANK', 'TANK', 'DEFENSIVE_DIS', 'DANGER', 'DANGER', 'NORMAL', 'FASTER', 'MEC_USED', 'CLEAN', 'CLEAN', 'NEUTRAL', 'NEUTRAL', 'CLEAR', 'CLEAR', 'OPENING', 'BANCO_OFF')",20,9,12,75.000,ATTACK_STRONG,20.000,2.025326,7.5786
"('TANK', 'TANK', 'DEFENSIVE_DIS', 'SAFE', 'SAFE', 'NORMAL', 'FASTER', 'MEC_USED', 'CLEAN', 'CLEAN', 'NEUTRAL', 'NEUTRAL', 'SET', 'SET', 'RECOVERING', 'BANCO_VAZIO')",20,6,9,66.667,HEAL,75.000,0.964695,2.6240
"('TANK', 'TANK', 'OFFENSIVE_ADV', 'SAFE', 'SAFE', 'NORMAL', 'FASTER', 'MEC_USED', 'CLEAN', 'CLEAN', 'NEUTRAL', 'NEUTRAL', 'SET', 'CLEAR', 'OPENING', 'BANCO_AMBOS')",20,8,11,72.727,HEAL,45.000,1.703560,5.4935
"('SWEEPER', 'TANK', 'OFFENSIVE_ADV', 'FULL', 'SAFE', 'FIELD_THEIRS', 'FASTER', 'MEC_USED', 'CLEAN', 'CLEAN', 'NEUTRAL', 'NEUTRAL', 'CLEAR', 'CLEAR', 'OPENING', 'BANCO_OFF')",20,9,9,100.000,CLEAN_HAZARD,25.000,2.012693,7.4834
"('TANK', 'TANK', 'DOMINANT', 'FULL', 'FULL', 'FIELD_SHARED', 'SLOWER', 'MEC_USED', 'CLEAN', 'CLEAN', 'NEUTRAL', 'NEUTRAL', 'CLEAR', 'CLEAR', 'OPENING', 'BANCO_VAZIO')",20,7,9,77.778,ATTACK_TECH,55.000,1.442783,4.2325
"('UTILITY', 'TANK', 'DEFENSIVE_ADV', 'FULL', 'FULL', 'FIELD_SHARED', 'FASTER', 'MEC_USED', 'CLEAN', 'CLEAN', 'NEUTRAL', 'NEUTRAL', 'CLEAR', 'CLEAR', 'OPENING', 'BANCO_AMBOS')",20,8,8,100.000,ATTACK_PIVOT,25.000,1.887592,6.6034
"('TANK', 'TANK', 'OFFENSIVE_ADV', 'FULL', 'FULL', 'NORMAL', 'SLOWER', 'MEC_USED', 'CLEAN', 'CLEAN', 'NEUTRAL', 'NEUTRAL', 'CLEAR', 'SET', 'OPENING', 'BANCO_OFF')",20,10,13,76.923,CLEAN_HAZARD,25.000,2.082007,8.0206
"('TANK', 'TANK', 'OFFENSIVE_DIS', 'SAFE', 'SAFE', 'NORMAL', 'FASTER', 'MEC_USED', 'CLEAN', 'CLEAN', 'NEUTRAL', 'NEUTRAL', 'SET', 'SET', 'OPENING', 'BANCO_OFF')",20,9,12,75.000,STATUS,25.000,2.012693,7.4834
"('TANK', 'TANK', 'DEFENSIVE_DIS', 'SAFE', 'SAFE', 'NORMAL', 'SLOWER', 'MEC_USED', 'CLEAN', 'AFFLICTED', 'NEUTRAL', 'NEUTRAL', 'SET', 'SET', 'CLUTCH', 'BANCO_VAZIO')",20,4,6,66.667,STATUS,75.000,0.826065,2.2843
"('TANK', 'TANK', 'NEUTRAL', 'FULL', 'SAFE', 'NORMAL', 'FASTER', 'MEC_USED', 'AFFLICTED', 'CLEAN', 'NEUTRAL', 'NEUTRAL', 'SET', 'SET', 'CLUTCH', 'BANCO_VAZIO')",20,4,11,36.364,ATTACK_PIVOT,45.000,1.018230,2.7683
"('TANK', 'TANK', 'OFFENSIVE_DIS', 'SAFE', 'SAFE', 'NORMAL', 'SLOWER', 'MEC_USED', 'CLEAN', 'CLEAN', 'NEUTRAL', 'NEUTRAL', 'CLEAR', 'CLEAR', 'OPENING', 'BANCO_AMBOS')",20,8,13,61.538,HEAL,55.000,1.538260,4.6565
"('TANK', 'TANK', 'NEUTRAL', 'FULL', 'FULL', 'NORMAL', 'FASTER', 'MEC_USED', 'AFFLICTED', 'AFFLICTED', 'NEUTRAL', 'BUFFED_DEBUFF', 'CLEAR', 'CLEAR', 'CLUTCH', 'BANCO_VAZIO')",20,1,2,50.000,STATUS,100.000,-0.000000,1.0000
"('TANK', 'TANK', 'NEUTRAL', 'FULL', 'FULL', 'NORMAL', 'FASTER', 'MEC_USED', 'AFFLICTED', 'AFFLICTED', 'NEUTRAL', 'DEBUFF_DEBUFF', 'CLEAR', 'SET', 'CLUTCH', 'BANCO_VAZIO')",19,2,3,66.667,HAZARD,94.737,0.206192,1.2290
"('SWEEPER', 'TANK', 'OFFENSIVE_ADV', 'DANGER', 'SAFE', 'NORMAL', 'FASTER', 'MEC_USED', 'CLEAN', 'CLEAN', 'NEUTRAL', 'NEUTRAL', 'CLEAR', 'CLEAR', 'OPENING', 'BANCO_OFF')",19,6,6,100.000,SWITCH_DEFENSIVE,26.316,1.659589,5.2572
"('SWEEPER', 'TANK', 'DOMINANT', 'FULL', 'FULL', 'NORMAL', 'FASTER', 'MEC_AVAIL', 'CLEAN', 'CLEAN', 'NEUTRAL', 'NEUTRAL', 'CLEAR', 'CLEAR', 'OPENING', 'BANCO_AMBOS')",19,10,12,83.333,BUFF_MEC,26.316,2.083126,8.0295
"('TANK', 'UTILITY', 'DEFENSIVE_ADV', 'FULL', 'FULL', 'NORMAL', 'SLOWER', 'MEC_USED', 'CLEAN', 'CLEAN', 'NEUTRAL', 'NEUTRAL', 'CLEAR', 'CLEAR', 'OPENING', 'BANCO_VAZIO')",19,8,12,66.667,CLEAN_HAZARD,21.053,2.013806,7.4918
"('TANK', 'TANK', 'VOLATILE', 'SAFE', 'FULL', 'FIELD_OURS_OFF', 'FASTER', 'MEC_USED', 'CLEAN', 'CLEAN', 'NEUTRAL', 'NEUTRAL', 'CLEAR', 'CLEAR', 'OPENING', 'BANCO_OFF')",19,6,11,54.545,ATTACK_STRONG,36.842,1.557560,4.7472
"('SWEEPER', 'TANK', 'OFFENSIVE_ADV', 'FULL', 'FULL', 'NORMAL', 'FASTER', 'MEC_USED', 'CLEAN', 'CLEAN', 'NEUTRAL', 'NEUTRAL', 'SET', 'CLEAR', 'OPENING', 'BANCO_AMBOS')",19,9,9,100.000,ATTACK_STRONG,21.053,2.041345,7.7010
"('TANK', 'TANK', 'OFFENSIVE_DIS', 'FULL', 'SAFE', 'NORMAL', 'SLOWER', 'MEC_USED', 'CLEAN', 'CLEAN', 'NEUTRAL', 'NEUTRAL', 'CLEAR', 'CLEAR', 'OPENING', 'BANCO_VAZIO')",19,7,14,50.000,HEAL,31.579,1.736195,5.6757
"('TANK', 'TANK', 'DEFENSIVE_DIS', 'DANGER', 'SAFE', 'NORMAL', 'FASTER', 'MEC_USED', 'CLEAN', 'CLEAN', 'NEUTRAL', 'NEUTRAL', 'SET', 'CLEAR', 'RECOVERING', 'BANCO_VAZIO')",19,9,11,81.818,SWITCH_DEFENSIVE,21.053,2.086769,8.0588
"('TANK', 'TANK', 'VOLATILE', 'FULL', 'CRIT', 'NORMAL', 'FASTER', 'MEC_USED', 'CLEAN', 'CLEAN', 'NEUTRAL', 'NEUTRAL', 'CLEAR', 'CLEAR', 'OPENING', 'BANCO_OFF')",19,8,12,66.667,ATTACK_STRONG,26.316,1.878478,6.5435
"('TANK', 'TANK', 'NEUTRAL', 'CRIT', 'SAFE', 'NORMAL', 'FASTER', 'MEC_USED', 'CLEAN', 'CLEAN', 'NEUTRAL', 'NEUTRAL', 'SET', 'CLEAR', 'RECOVERING', 'BANCO_VAZIO')",19,11,13,84.615,BUFF,15.789,2.278118,9.7583
"('TANK', 'SWEEPER', 'OFFENSIVE_ADV', 'FULL', 'FULL', 'FIELD_THEIRS', 'SLOWER', 'MEC_USED', 'CLEAN', 'CLEAN', 'NEUTRAL', 'BUFFED', 'CLEAR', 'CLEAR', 'OPENING', 'BANCO_OFF')",19,8,8,100.000,ATTACK_STRONG,47.368,1.657220,5.2447
"('TANK', 'TANK', 'NEUTRAL', 'FULL', 'SAFE', 'NORMAL', 'SLOWER', 'MEC_USED', 'CLEAN', 'AFFLICTED', 'NEUTRAL', 'DEBUFF', 'SET', 'SET', 'CLUTCH', 'BANCO_VAZIO')",19,2,9,22.222,ATTACK_STRONG,78.947,0.514653,1.6731
"('TANK', 'TANK', 'NEUTRAL', 'FULL', 'FULL', 'NORMAL', 'SLOWER', 'MEC_USED', 'CLEAN', 'CLEAN', 'NEUTRAL', 'NEUTRAL', 'SET', 'SET', 'OPENING', 'BANCO_OFF')",19,10,13,76.923,STAT_CLEAN,26.316,2.101010,8.1744
"('TANK', 'TANK', 'OFFENSIVE_ADV', 'DANGER', 'FULL', 'NORMAL', 'FASTER', 'MEC_USED', 'CLEAN', 'CLEAN', 'NEUTRAL', 'NEUTRAL', 'CLEAR', 'CLEAR', 'RECOVERING', 'BANCO_VAZIO')",19,12,12,100.000,ATTACK_STRONG,21.053,2.305657,10.0308
"('TANK', 'TANK', 'OFFENSIVE_ADV', 'SAFE', 'SAFE', 'NORMAL', 'SLOWER', 'MEC_USED', 'CLEAN', 'CLEAN', 'NEUTRAL', 'NEUTRAL', 'CLEAR', 'CLEAR', 'OPENING', 'BANCO_AMBOS')",19,12,12,100.000,SWITCH_OFFENSIVE,15.789,2.406160,11.0913
"('TANK', 'TANK', 'OFFENSIVE_DIS', 'SAFE', 'SAFE', 'NORMAL', 'SLOWER', 'MEC_USED', 'CLEAN', 'CLEAN', 'NEUTRAL', 'NEUTRAL', 'CLEAR', 'CLEAR', 'OPENING', 'BANCO_VAZIO')",19,11,14,78.571,CLEAN_HAZARD,26.316,2.229051,9.2910
"('TANK', 'TANK', 'NEUTRAL', 'SAFE', 'SAFE', 'NORMAL', 'FASTER', 'MEC_USED', 'CLEAN', 'CLEAN', 'NEUTRAL', 'NEUTRAL', 'CLEAR', 'SET', 'RECOVERING', 'BANCO_VAZIO')",19,10,11,90.909,SWITCH_OFFENSIVE,26.316,2.156088,8.6373
"('TANK', 'TANK', 'NEUTRAL', 'SAFE', 'FULL', 'NORMAL', 'SLOWER', 'MEC_USED', 'AFFLICTED', 'CLEAN', 'DEBUFF', 'NEUTRAL', 'CLEAR', 'SET', 'RECOVERING', 'BANCO_VAZIO')",19,8,10,80.000,ATTACK_PIVOT,36.842,1.731026,5.6464
"('TANK', 'TANK', 'NEUTRAL', 'FULL', 'FULL', 'NORMAL', 'SLOWER', 'MEC_USED', 'CLEAN', 'AFFLICTED', 'NEUTRAL', 'NEUTRAL', 'CLEAR', 'CLEAR', 'OPENING', 'BANCO_OFF')",19,8,12,66.667,STATUS,21.053,1.958727,7.0903
"('SWEEPER', 'TANK', 'DEFENSIVE_ADV', 'FULL', 'FULL', 'FIELD_SHARED', 'FASTER', 'MEC_AVAIL', 'CLEAN', 'CLEAN', 'NEUTRAL', 'NEUTRAL', 'CLEAR', 'CLEAR', 'OPENING', 'BANCO_AMBOS')",19,7,10,70.000,ATTACK_STRONG,31.579,1.739839,5.6964
"('TANK', 'TANK', 'CRITICAL_DIS', 'FULL', 'FULL', 'NORMAL', 'SLOWER', 'MEC_USED', 'CLEAN', 'CLEAN', 'NEUTRAL', 'NEUTRAL', 'SET', 'CLEAR', 'OPENING', 'BANCO_OFF')",19,7,13,53.846,ATTACK_STRONG,47.368,1.611797,5.0118
"('TANK', 'SWEEPER', 'OFFENSIVE_ADV', 'DANGER', 'FULL', 'FIELD_THEIRS', 'SLOWER', 'MEC_USED', 'CLEAN', 'CLEAN', 'NEUTRAL', 'NEUTRAL', 'CLEAR', 'CLEAR', 'OPENING', 'BANCO_OFF')",19,10,12,83.333,PROTECT,21.053,2.141848,8.5152
"('TANK', 'TANK', 'NEUTRAL', 'FULL', 'FULL', 'NORMAL', 'FASTER', 'MEC_USED', 'CLEAN', 'CLEAN', 'NEUTRAL', 'NEUTRAL', 'CLEAR', 'SET', 'OPENING', 'BANCO_AMBOS')",19,7,13,53.846,SWITCH_DEFENSIVE,36.842,1.588743,4.8976
"('TANK', 'SWEEPER', 'CRITICAL_DIS', 'SAFE', 'FULL', 'NORMAL', 'SLOWER', 'MEC_USED', 'CLEAN', 'CLEAN', 'NEUTRAL', 'NEUTRAL', 'CLEAR', 'CLEAR', 'OPENING', 'BANCO_OFF')",19,7,11,63.636,ATTACK_PIVOT,36.842,1.689245,5.4154
"('SWEEPER', 'SWEEPER', 'DEFENSIVE_DIS', 'FULL', 'FULL', 'NORMAL', 'FASTER', 'MEC_USED', 'CLEAN', 'CLEAN', 'NEUTRAL', 'NEUTRAL', 'CLEAR', 'CLEAR', 'OPENING', 'BANCO_AMBOS')",19,7,8,87.500,HAZARD,47.368,1.556718,4.7432
"('TANK', 'TANK', 'DEFENSIVE_ADV', 'SAFE', 'FULL', 'NORMAL', 'SLOWER', 'MEC_USED', 'CLEAN', 'CLEAN', 'NEUTRAL', 'NEUTRAL', 'SET', 'CLEAR', 'OPENING', 'BANCO_OFF')",19,10,13,76.923,HEAL,26.316,2.128549,8.4027
"('TANK', 'TANK', 'OFFENSIVE_ADV', 'FULL', 'SAFE', 'NORMAL', 'FASTER', 'MEC_AVAIL', 'CLEAN', 'CLEAN', 'NEUTRAL', 'NEUTRAL', 'CLEAR', 'CLEAR', 'OPENING', 'BANCO_AMBOS')",19,7,20,35.000,HAZARD_MEC,42.105,1.603568,4.9707
"('TANK', 'TANK', 'NEUTRAL', 'FULL', 'FULL', 'NORMAL', 'FASTER', 'MEC_USED', 'CLEAN', 'CLEAN', 'NEUTRAL', 'DEBUFF', 'CLEAR', 'SET', 'RECOVERING', 'BANCO_VAZIO')",19,1,2,50.000,HAZARD,100.000,-0.000000,1.0000
"('TANK', 'TANK', 'NEUTRAL', 'CRIT', 'FULL', 'NORMAL', 'FASTER', 'MEC_USED', 'CLEAN', 'CLEAN', 'NEUTRAL', 'NEUTRAL', 'CLEAR', 'CLEAR', 'BRAWL', 'BANCO_OFF')",19,13,14,92.857,HAZARD,15.789,2.451583,11.6067
"('TANK', 'TANK', 'DEFENSIVE_ADV', 'FULL', 'FULL', 'FIELD_OURS_DEF', 'FASTER', 'MEC_USED', 'CLEAN', 'CLEAN', 'NEUTRAL', 'NEUTRAL', 'CLEAR', 'CLEAR', 'OPENING', 'BANCO_OFF')",19,3,8,37.500,ATTACK_STRONG,84.211,0.536665,1.7103
"('TANK', 'TANK', 'OFFENSIVE_ADV', 'SAFE', 'CRIT', 'NORMAL', 'SLOWER', 'MEC_USED', 'CLEAN', 'CLEAN', 'NEUTRAL', 'NEUTRAL', 'CLEAR', 'CLEAR', 'OPENING', 'BANCO_OFF')",19,8,12,66.667,HEAL,26.316,1.955084,7.0645
"('TANK', 'TANK', 'DEFENSIVE_DIS', 'CRIT', 'SAFE', 'NORMAL', 'SLOWER', 'MEC_USED', 'CLEAN', 'CLEAN', 'NEUTRAL', 'NEUTRAL', 'CLEAR', 'CLEAR', 'RECOVERING', 'BANCO_VAZIO')",19,10,14,71.429,HEAL,31.579,2.059229,7.8399
"('TANK', 'TANK', 'OFFENSIVE_DIS', 'SAFE', 'FULL', 'FIELD_SHARED', 'FASTER', 'MEC_USED', 'CLEAN', 'CLEAN', 'NEUTRAL', 'NEUTRAL', 'CLEAR', 'CLEAR', 'OPENING', 'BANCO_OFF')",19,9,13,69.231,HEAL,21.053,2.041345,7.7010
"('TANK', 'TANK', 'DEFENSIVE_ADV', 'SAFE', 'FULL', 'NORMAL', 'SLOWER', 'MEC_USED', 'CLEAN', 'CLEAN', 'NEUTRAL', 'NEUTRAL', 'CLEAR', 'CLEAR', 'BRAWL', 'BANCO_OFF')",19,7,11,63.636,ATTACK_TECH,26.316,1.809158,6.1053
"('TANK', 'TANK', 'NEUTRAL', 'SAFE', 'SAFE', 'NORMAL', 'SLOWER', 'MEC_USED', 'CLEAN', 'CLEAN', 'NEUTRAL', 'NEUTRAL', 'SET', 'SET', 'BRAWL', 'BANCO_OFF')",19,4,12,33.333,SWITCH_OFFENSIVE,73.684,0.826405,2.2851
"('TANK', 'SWEEPER', 'OFFENSIVE_ADV', 'FULL', 'FULL', 'FIELD_THEIRS', 'SLOWER', 'MEC_USED', 'AFFLICTED', 'CLEAN', 'NEUTRAL', 'NEUTRAL', 'CLEAR', 'CLEAR', 'OPENING', 'BANCO_OFF')",19,7,9,77.778,SWITCH_OFFENSIVE,36.842,1.588743,4.8976
"('TANK', 'TANK', 'NEUTRAL', 'SAFE', 'SAFE', 'NORMAL', 'SLOWER', 'MEC_USED', 'AFFLICTED', 'CLEAN', 'DEBUFF', 'NEUTRAL', 'SET', 'SET', 'RECOVERING', 'BANCO_VAZIO')",19,4,8,50.000,HEAL,84.211,0.609627,1.8397
"('SWEEPER', 'TANK', 'DOMINANT', 'FULL', 'FULL', 'FIELD_SHARED', 'FASTER', 'MEC_USED', 'CLEAN', 'CLEAN', 'NEUTRAL', 'NEUTRAL', 'CLEAR', 'CLEAR', 'OPENING', 'BANCO_AMBOS')",19,6,10,60.000,ATTACK_STRONG,31.579,1.635693,5.1330
"('TANK', 'TANK', 'OFFENSIVE_DIS', 'FULL', 'SAFE', 'NORMAL', 'SLOWER', 'MEC_USED', 'CLEAN', 'CLEAN', 'NEUTRAL', 'NEUTRAL', 'CLEAR', 'SET', 'OPENING', 'BANCO_OFF')",19,2,12,16.667,STATUS,89.474,0.336496,1.4000
"('TANK', 'TANK', 'OFFENSIVE_DIS', 'SAFE', 'SAFE', 'FIELD_THEIRS', 'FASTER', 'MEC_USED', 'CLEAN', 'CLEAN', 'NEUTRAL', 'NEUTRAL', 'CLEAR', 'CLEAR', 'OPENING', 'BANCO_OFF')",19,10,13,76.923,PROTECT,26.316,2.128549,8.4027
"('TANK', 'TANK', 'DEFENSIVE_DIS', 'CRIT', 'FULL', 'NORMAL', 'FASTER', 'MEC_USED', 'CLEAN', 'CLEAN', 'NEUTRAL', 'NEUTRAL', 'CLEAR', 'CLEAR', 'OPENING', 'BANCO_AMBOS')",19,9,13,69.231,SWITCH_DEFENSIVE,31.579,1.986267,7.2883
"('TANK', 'TANK', 'NEUTRAL', 'SAFE', 'FULL', 'FIELD_THEIRS', 'SLOWER', 'MEC_USED', 'CLEAN', 'CLEAN', 'NEUTRAL', 'NEUTRAL', 'CLEAR', 'CLEAR', 'OPENING', 'BANCO_AMBOS')",19,9,12,75.000,SWITCH_DEFENSIVE,36.842,1.908134,6.7405
"('TANK', 'TANK', 'NEUTRAL', 'SAFE', 'SAFE', 'NORMAL', 'FASTER', 'MEC_USED', 'AFFLICTED', 'CLEAN', 'NEUTRAL', 'NEUTRAL', 'SET', 'SET', 'CLUTCH', 'BANCO_VAZIO')",19,5,10,50.000,HEAL,63.158,1.083173,2.9540
"('UTILITY', 'TANK', 'VOLATILE', 'SAFE', 'FULL', 'FIELD_OURS_OFF', 'FASTER', 'MEC_USED', 'CLEAN', 'CLEAN', 'NEUTRAL', 'NEUTRAL', 'CLEAR', 'CLEAR', 'OPENING', 'BANCO_OFF')",19,5,5,100.000,ATTACK_STRONG,21.053,1.603568,4.9707
"('TANK', 'TANK', 'DEFENSIVE_DIS', 'FULL', 'SAFE', 'NORMAL', 'SLOWER', 'MEC_USED', 'CLEAN', 'CLEAN', 'NEUTRAL', 'NEUTRAL', 'CLEAR', 'SET', 'RECOVERING', 'BANCO_VAZIO')",19,6,12,50.000,STATUS,36.842,1.588743,4.8976
"('TANK', 'TANK', 'CRITICAL_DIS', 'SAFE', 'SAFE', 'NORMAL', 'FASTER', 'MEC_USED', 'CLEAN', 'CLEAN', 'NEUTRAL', 'NEUTRAL', 'SET', 'SET', 'RECOVERING', 'BANCO_VAZIO')",19,7,10,70.000,ATTACK_STRONG,26.316,1.791274,5.9971
"('TANK', 'TANK', 'NEUTRAL', 'SAFE', 'FULL', 'NORMAL', 'SLOWER', 'MEC_USED', 'CLEAN', 'CLEAN', 'NEUTRAL', 'NEUTRAL', 'CLEAR', 'CLEAR', 'OPENING', 'BANCO_DEF')",19,8,11,72.727,SWITCH_DEFENSIVE,31.579,1.885764,6.5914
"('TANK', 'TANK', 'OFFENSIVE_DIS', 'FULL', 'FULL', 'NORMAL', 'FASTER', 'MEC_USED', 'AFFLICTED', 'AFFLICTED', 'NEUTRAL', 'NEUTRAL', 'CLEAR', 'CLEAR', 'CLUTCH', 'BANCO_OFF')",19,2,5,40.000,SWITCH_OFFENSIVE,94.737,0.206192,1.2290
"('TANK', 'TANK', 'OFFENSIVE_DIS', 'FULL', 'SAFE', 'NORMAL', 'FASTER', 'MEC_USED', 'CLEAN', 'CLEAN', 'NEUTRAL', 'NEUTRAL', 'CLEAR', 'CLEAR', 'BRAWL', 'BANCO_OFF')",19,10,11,90.909,HEAL,21.053,2.187271,8.9109
"('TANK', 'TANK', 'NEUTRAL', 'FULL', 'SAFE', 'NORMAL', 'SLOWER', 'MEC_USED', 'CLEAN', 'CLEAN', 'NEUTRAL', 'NEUTRAL', 'CLEAR', 'SET', 'BRAWL', 'BANCO_OFF')",19,2,10,20.000,HEAL,78.947,0.514653,1.6731
"('TANK', 'TANK', 'OFFENSIVE_ADV', 'FULL', 'FULL', 'NORMAL', 'SLOWER', 'MEC_USED', 'CLEAN', 'CLEAN', 'NEUTRAL', 'NEUTRAL', 'CLEAR', 'SET', 'RECOVERING', 'BANCO_VAZIO')",18,8,11,72.727,ATTACK_STRONG,33.333,1.878967,6.5467
"('TANK', 'TANK', 'NEUTRAL', 'FULL', 'CRIT', 'NORMAL', 'FASTER', 'MEC_USED', 'AFFLICTED', 'CLEAN', 'NEUTRAL', 'NEUTRAL', 'CLEAR', 'CLEAR', 'CLUTCH', 'BANCO_VAZIO')",18,2,7,28.571,CLEAN_HAZARD,88.889,0.348832,1.4174
"('TANK', 'TANK', 'NEUTRAL', 'FULL', 'FULL', 'NORMAL', 'SLOWER', 'MEC_USED', 'AFFLICTED', 'CLEAN', 'DEBUFF', 'BUFFED', 'SET', 'SET', 'CLUTCH', 'BANCO_VAZIO')",18,2,8,25.000,HAZARD,66.667,0.636514,1.8899
"('TANK', 'TANK', 'DEFENSIVE_ADV', 'FULL', 'FULL', 'NORMAL', 'SLOWER', 'MEC_USED', 'CLEAN', 'AFFLICTED', 'NEUTRAL', 'DEBUFF', 'CLEAR', 'CLEAR', 'RECOVERING', 'BANCO_VAZIO')",18,4,4,100.000,HEAL,61.111,0.977925,2.6589
"('TANK', 'TANK', 'DOMINANT', 'FULL', 'FULL', 'FIELD_OURS_OFF', 'FASTER', 'MEC_AVAIL', 'CLEAN', 'CLEAN', 'NEUTRAL', 'NEUTRAL', 'CLEAR', 'CLEAR', 'OPENING', 'BANCO_AMBOS')",18,9,16,56.250,ATTACK_STRONG_MEC,27.778,2.029155,7.6077
"('TANK', 'TANK', 'NEUTRAL', 'FULL', 'SAFE', 'NORMAL', 'SLOWER', 'MEC_USED', 'CLEAN', 'CLEAN', 'NEUTRAL', 'NEUTRAL', 'SET', 'SET', 'OPENING', 'BANCO_OFF')",18,7,12,58.333,STATUS,33.333,1.724935,5.6122
"('TANK', 'TANK', 'CRITICAL_DIS', 'SAFE', 'FULL', 'NORMAL', 'SLOWER', 'MEC_USED', 'CLEAN', 'CLEAN', 'NEUTRAL', 'NEUTRAL', 'SET', 'CLEAR', 'RECOVERING', 'BANCO_VAZIO')",18,7,12,58.333,ATTACK_PIVOT,33.333,1.772882,5.8878
"('TANK', 'TANK', 'DEFENSIVE_DIS', 'FULL', 'FULL', 'FIELD_SHARED', 'FASTER', 'MEC_USED', 'CLEAN', 'CLEAN', 'NEUTRAL', 'NEUTRAL', 'SET', 'CLEAR', 'OPENING', 'BANCO_OFF')",18,7,13,53.846,SWITCH_OFFENSIVE,66.667,1.233767,3.4341
"('TANK', 'TANK', 'DEFENSIVE_DIS', 'FULL', 'FULL', 'NORMAL', 'FASTER', 'MEC_USED', 'CLEAN', 'CLEAN', 'NEUTRAL', 'NEUTRAL', 'CLEAR', 'SET', 'OPENING', 'BANCO_AMBOS')",18,7,9,77.778,ATTACK_STRONG,38.889,1.690408,5.4217
"('TANK', 'TANK', 'NEUTRAL', 'CRIT', 'SAFE', 'NORMAL', 'FASTER', 'MEC_USED', 'CLEAN', 'CLEAN', 'NEUTRAL', 'NEUTRAL', 'SET', 'SET', 'CLUTCH', 'BANCO_VAZIO')",18,4,12,33.333,ATTACK_STRONG,33.333,1.248799,3.4862
"('TANK', 'TANK', 'NEUTRAL', 'FULL', 'CRIT', 'NORMAL', 'SLOWER', 'MEC_USED', 'CLEAN', 'CLEAN', 'NEUTRAL', 'NEUTRAL', 'CLEAR', 'CLEAR', 'OPENING', 'BANCO_VAZIO')",18,4,14,28.571,ATTACK_STRONG,66.667,0.925702,2.5236
"('SWEEPER', 'TANK', 'CRITICAL_DIS', 'FULL', 'FULL', 'FIELD_THEIRS', 'FASTER', 'MEC_USED', 'CLEAN', 'CLEAN', 'NEUTRAL', 'NEUTRAL', 'CLEAR', 'CLEAR', 'OPENING', 'BANCO_AMBOS')",18,5,5,100.000,SWITCH_OFFENSIVE,50.000,1.329661,3.7798
"('TANK', 'TANK', 'NEUTRAL', 'DANGER', 'SAFE', 'NORMAL', 'SLOWER', 'MEC_USED', 'CLEAN', 'CLEAN', 'NEUTRAL', 'NEUTRAL', 'SET', 'CLEAR', 'RECOVERING', 'BANCO_VAZIO')",18,12,14,85.714,PROTECT,16.667,2.399204,11.0144
"('TANK', 'SWEEPER', 'NEUTRAL', 'SAFE', 'DANGER', 'NORMAL', 'SLOWER', 'MEC_USED', 'CLEAN', 'CLEAN', 'NEUTRAL', 'NEUTRAL', 'CLEAR', 'CLEAR', 'OPENING', 'BANCO_OFF')",18,5,14,35.714,ATTACK_PIVOT,66.667,1.079735,2.9439
"('TANK', 'TANK', 'NEUTRAL', 'FULL', 'FULL', 'NORMAL', 'FASTER', 'MEC_AVAIL', 'CLEAN', 'CLEAN', 'NEUTRAL', 'NEUTRAL', 'CLEAR', 'CLEAR', 'OPENING', 'BANCO_VAZIO')",18,10,16,62.500,BUFF,16.667,2.216102,9.1715
"('SWEEPER', 'TANK', 'NEUTRAL', 'SAFE', 'FULL', 'FIELD_SHARED', 'FASTER', 'MEC_USED', 'CLEAN', 'CLEAN', 'NEUTRAL', 'NEUTRAL', 'CLEAR', 'CLEAR', 'OPENING', 'BANCO_OFF')",18,9,10,90.000,ATTACK_PIVOT,27.778,2.000085,7.3897
"('TANK', 'TANK', 'DOMINANT', 'FULL', 'SAFE', 'NORMAL', 'SLOWER', 'MEC_USED', 'CLEAN', 'CLEAN', 'NEUTRAL', 'NEUTRAL', 'CLEAR', 'CLEAR', 'OPENING', 'BANCO_VAZIO')",18,8,9,88.889,ATTACK_STRONG,27.778,1.904191,6.7140
"('TANK', 'SWEEPER', 'OFFENSIVE_ADV', 'SAFE', 'FULL', 'NORMAL', 'SLOWER', 'MEC_USED', 'CLEAN', 'CLEAN', 'NEUTRAL', 'DEBUFF', 'CLEAR', 'CLEAR', 'OPENING', 'BANCO_OFF')",18,9,10,90.000,HEAL,22.222,2.062070,7.8622
"('TANK', 'TANK', 'NEUTRAL', 'SAFE', 'DANGER', 'NORMAL', 'FASTER', 'MEC_USED', 'CLEAN', 'CLEAN', 'NEUTRAL', 'NEUTRAL', 'SET', 'CLEAR', 'OPENING', 'BANCO_VAZIO')",18,10,14,71.429,CLEAN_HAZARD,16.667,2.245172,9.4420
"('TANK', 'TANK', 'CRITICAL_DIS', 'FULL', 'FULL', 'NORMAL', 'SLOWER', 'MEC_USED', 'CLEAN', 'CLEAN', 'NEUTRAL', 'NEUTRAL', 'SET', 'SET', 'OPENING', 'BANCO_OFF')",18,6,11,54.545,SWITCH_DEFENSIVE,66.667,1.156751,3.1796
"('TANK', 'TANK', 'OFFENSIVE_ADV', 'FULL', 'SAFE', 'FIELD_SHARED', 'FASTER', 'MEC_USED', 'AFFLICTED', 'CLEAN', 'NEUTRAL', 'NEUTRAL', 'CLEAR', 'CLEAR', 'OPENING', 'BANCO_OFF')",18,9,10,90.000,HEAL,27.778,2.029155,7.6077
"('TANK', 'TANK', 'OFFENSIVE_DIS', 'SAFE', 'DANGER', 'NORMAL', 'SLOWER', 'MEC_USED', 'CLEAN', 'CLEAN', 'NEUTRAL', 'NEUTRAL', 'CLEAR', 'CLEAR', 'RECOVERING', 'BANCO_VAZIO')",18,9,14,64.286,ATTACK_TECH,16.667,2.139086,8.4917
"('TANK', 'TANK', 'OFFENSIVE_ADV', 'FULL', 'SAFE', 'FIELD_SHARED', 'FASTER', 'MEC_USED', 'CLEAN', 'CLEAN', 'NEUTRAL', 'NEUTRAL', 'SET', 'CLEAR', 'OPENING', 'BANCO_OFF')",18,10,11,90.909,SWITCH_DEFENSIVE,33.333,2.033000,7.6370
"('SWEEPER', 'TANK', 'NEUTRAL', 'DANGER', 'FULL', 'NORMAL', 'FASTER', 'MEC_USED', 'CLEAN', 'CLEAN', 'NEUTRAL', 'NEUTRAL', 'CLEAR', 'CLEAR', 'BRAWL', 'BANCO_OFF')",18,9,9,100.000,ATTACK_STRONG,22.222,2.091139,8.0941
"('TANK', 'TANK', 'DEFENSIVE_DIS', 'FULL', 'SAFE', 'NORMAL', 'SLOWER', 'MEC_USED', 'CLEAN', 'AFFLICTED', 'NEUTRAL', 'NEUTRAL', 'CLEAR', 'SET', 'CLUTCH', 'BANCO_VAZIO')",18,4,9,44.444,HAZARD,44.444,1.132416,3.1031
"('SWEEPER', 'TANK', 'DEFENSIVE_DIS', 'FULL', 'SAFE', 'NORMAL', 'FASTER', 'MEC_USED', 'CLEAN', 'CLEAN', 'NEUTRAL', 'NEUTRAL', 'CLEAR', 'CLEAR', 'OPENING', 'BANCO_AMBOS')",18,2,9,22.222,SWITCH_OFFENSIVE,94.444,0.214559,1.2393
"('TANK', 'TANK', 'VOLATILE', 'FULL', 'FULL', 'NORMAL', 'FASTER', 'MEC_USED', 'CLEAN', 'CLEAN', 'NEUTRAL', 'NEUTRAL', 'CLEAR', 'CLEAR', 'RECOVERING', 'BANCO_VAZIO')",18,8,12,66.667,STATUS,22.222,1.955984,7.0709
"('SWEEPER', 'TANK', 'DEFENSIVE_DIS', 'FULL', 'FULL', 'FIELD_THEIRS', 'FASTER', 'MEC_USED', 'CLEAN', 'CLEAN', 'NEUTRAL', 'NEUTRAL', 'CLEAR', 'CLEAR', 'OPENING', 'BANCO_VAZIO')",18,9,10,90.000,ATTACK_STRONG,50.000,1.714743,5.5552
"('TANK', 'TANK', 'OFFENSIVE_DIS', 'FULL', 'FULL', 'NORMAL', 'FASTER', 'MEC_USED', 'CLEAN', 'CLEAN', 'NEUTRAL', 'NEUTRAL', 'CLEAR', 'CLEAR', 'OPENING', 'BANCO_VAZIO')",18,9,12,75.000,HAZARD,27.778,2.029155,7.6077
"('TANK', 'TANK', 'DEFENSIVE_ADV', 'FULL', 'FULL', 'NORMAL', 'SLOWER', 'MEC_USED', 'CLEAN', 'AFFLICTED', 'NEUTRAL', 'NEUTRAL', 'SET', 'CLEAR', 'RECOVERING', 'BANCO_VAZIO')",18,3,4,75.000,STAT_CLEAN,55.556,0.854415,2.3500
"('TANK', 'TANK', 'NEUTRAL', 'SAFE', 'FULL', 'NORMAL', 'FASTER', 'MEC_USED', 'CLEAN', 'CLEAN', 'NEUTRAL', 'NEUTRAL', 'CLEAR', 'SET', 'RECOVERING', 'BANCO_VAZIO')",18,10,11,90.909,HEAL,22.222,2.120208,8.3329
"('TANK', 'TANK', 'NEUTRAL', 'DANGER', 'DANGER', 'NORMAL', 'FASTER', 'MEC_USED', 'CLEAN', 'CLEAN', 'NEUTRAL', 'NEUTRAL', 'CLEAR', 'CLEAR', 'OPENING', 'BANCO_VAZIO')",18,7,13,53.846,CLEAN_HAZARD,33.333,1.724935,5.6122
"('TANK', 'TANK', 'DEFENSIVE_ADV', 'FULL', 'FULL', 'NORMAL', 'SLOWER', 'MEC_AVAIL', 'CLEAN', 'CLEAN', 'NEUTRAL', 'NEUTRAL', 'CLEAR', 'CLEAR', 'OPENING', 'BANCO_OFF')",18,10,14,71.429,ATTACK_TECH_MEC,16.667,2.216102,9.1715
"('UTILITY', 'UTILITY', 'STALEMATE', 'FULL', 'FULL', 'FIELD_OURS_OFF', 'FASTER', 'MEC_USED', 'CLEAN', 'CLEAN', 'NEUTRAL', 'NEUTRAL', 'CLEAR', 'CLEAR', 'OPENING', 'BANCO_OFF')",18,6,7,85.714,SWITCH_OFFENSIVE,27.778,1.673142,5.3289
"('TANK', 'TANK', 'DEFENSIVE_DIS', 'SAFE', 'SAFE', 'NORMAL', 'FASTER', 'MEC_USED', 'CLEAN', 'CLEAN', 'NEUTRAL', 'NEUTRAL', 'SET', 'CLEAR', 'OPENING', 'BANCO_VAZIO')",18,10,12,83.333,SWITCH_DEFENSIVE,22.222,2.168155,8.7421
"('TANK', 'TANK', 'DOMINANT', 'SAFE', 'SAFE', 'NORMAL', 'FASTER', 'MEC_USED', 'CLEAN', 'CLEAN', 'NEUTRAL', 'NEUTRAL', 'CLEAR', 'CLEAR', 'OPENING', 'BANCO_AMBOS')",18,9,12,75.000,ATTACK_STRONG,50.000,1.714743,5.5552
"('TANK', 'TANK', 'OFFENSIVE_ADV', 'FULL', 'FULL', 'NORMAL', 'FASTER', 'MEC_USED', 'CLEAN', 'CLEAN', 'NEUTRAL', 'NEUTRAL', 'CLEAR', 'CLEAR', 'RECOVERING', 'BANCO_OFF')",18,8,11,72.727,ATTACK_STRONG,22.222,1.985053,7.2794
"('TANK', 'TANK', 'OFFENSIVE_DIS', 'FULL', 'FULL', 'FIELD_SHARED', 'SLOWER', 'MEC_USED', 'CLEAN', 'CLEAN', 'NEUTRAL', 'NEUTRAL', 'SET', 'CLEAR', 'OPENING', 'BANCO_OFF')",18,11,13,84.615,ATTACK_STRONG,16.667,2.293119,9.9058
"('TANK', 'SWEEPER', 'OFFENSIVE_ADV', 'FULL', 'FULL', 'NORMAL', 'SLOWER', 'MEC_USED', 'CLEAN', 'CLEAN', 'NEUTRAL', 'BUFFED', 'CLEAR', 'CLEAR', 'OPENING', 'BANCO_OFF')",18,11,12,91.667,ATTACK_PIVOT,16.667,2.293119,9.9058
"('TANK', 'TANK', 'OFFENSIVE_DIS', 'SAFE', 'SAFE', 'NORMAL', 'SLOWER', 'MEC_USED', 'CLEAN', 'CLEAN', 'NEUTRAL', 'NEUTRAL', 'SET', 'CLEAR', 'OPENING', 'BANCO_VAZIO')",18,9,11,81.818,SWITCH_DEFENSIVE,22.222,2.091139,8.0941
"('TANK', 'TANK', 'DEFENSIVE_ADV', 'FULL', 'FULL', 'FIELD_SHARED', 'FASTER', 'MEC_AVAIL', 'CLEAN', 'CLEAN', 'NEUTRAL', 'NEUTRAL', 'CLEAR', 'CLEAR', 'OPENING', 'BANCO_AMBOS')",18,6,10,60.000,ATTACK_STRONG,27.778,1.692020,5.4304
"('TANK', 'TANK', 'OFFENSIVE_ADV', 'FULL', 'CRIT', 'NORMAL', 'FASTER', 'MEC_AVAIL', 'CLEAN', 'CLEAN', 'NEUTRAL', 'NEUTRAL', 'CLEAR', 'CLEAR', 'OPENING', 'BANCO_OFF')",18,8,10,80.000,SWITCH_DEFENSIVE,44.444,1.735126,5.6696
"('TANK', 'TANK', 'NEUTRAL', 'FULL', 'SAFE', 'FIELD_OURS_OFF', 'SLOWER', 'MEC_USED', 'CLEAN', 'CLEAN', 'NEUTRAL', 'NEUTRAL', 'CLEAR', 'CLEAR', 'OPENING', 'BANCO_VAZIO')",18,3,8,37.500,CLEAN_HAZARD,83.333,0.556647,1.7448
"('TANK', 'TANK', 'NEUTRAL', 'SAFE', 'SAFE', 'NORMAL', 'FASTER', 'MEC_AVAIL', 'CLEAN', 'CLEAN', 'NEUTRAL', 'NEUTRAL', 'SET', 'CLEAR', 'OPENING', 'BANCO_OFF')",18,6,10,60.000,HEAL_MEC,44.444,1.475008,4.3711
"('TANK', 'SWEEPER', 'OFFENSIVE_ADV', 'SAFE', 'SAFE', 'FIELD_THEIRS', 'SLOWER', 'MEC_USED', 'CLEAN', 'CLEAN', 'NEUTRAL', 'NEUTRAL', 'CLEAR', 'CLEAR', 'OPENING', 'BANCO_OFF')",18,10,12,83.333,HAZARD,38.889,1.979596,7.2398
"('TANK', 'TANK', 'OFFENSIVE_ADV', 'FULL', 'FULL', 'NORMAL', 'SLOWER', 'MEC_USED', 'CLEAN', 'CLEAN', 'NEUTRAL', 'NEUTRAL', 'CLEAR', 'CLEAR', 'BRAWL', 'BANCO_VAZIO')",18,3,13,23.077,ATTACK_STRONG,88.889,0.425848,1.5309
"('TANK', 'TANK', 'NEUTRAL', 'FULL', 'FULL', 'NORMAL', 'FASTER', 'MEC_AVAIL', 'CLEAN', 'CLEAN', 'NEUTRAL', 'NEUTRAL', 'SET', 'CLEAR', 'OPENING', 'BANCO_OFF')",18,12,22,54.545,ATTACK_STRONG_MEC,16.667,2.370135,10.6988
"('TANK', 'SWEEPER', 'DOMINANT', 'FULL', 'FULL', 'FIELD_THEIRS', 'SLOWER', 'MEC_USED', 'CLEAN', 'CLEAN', 'NEUTRAL', 'NEUTRAL', 'CLEAR', 'CLEAR', 'OPENING', 'BANCO_OFF')",18,7,9,77.778,SWITCH_DEFENSIVE,50.000,1.531641,4.6258
"('UTILITY', 'UTILITY', 'NEUTRAL', 'FULL', 'FULL', 'NORMAL', 'FASTER', 'MEC_USED', 'CLEAN', 'CLEAN', 'NEUTRAL', 'NEUTRAL', 'CLEAR', 'CLEAR', 'OPENING', 'BANCO_OFF')",18,4,4,100.000,ATTACK_STRONG,55.556,1.119990,3.0648
"('UTILITY', 'TANK', 'DOMINANT', 'FULL', 'FULL', 'FIELD_SHARED', 'FASTER', 'MEC_USED', 'CLEAN', 'CLEAN', 'NEUTRAL', 'NEUTRAL', 'CLEAR', 'CLEAR', 'OPENING', 'BANCO_AMBOS')",18,6,7,85.714,SWITCH_DEFENSIVE,38.889,1.503461,4.4972
"('TANK', 'SWEEPER', 'NEUTRAL', 'SAFE', 'FULL', 'NORMAL', 'SLOWER', 'MEC_USED', 'CLEAN', 'CLEAN', 'NEUTRAL', 'NEUTRAL', 'CLEAR', 'CLEAR', 'RECOVERING', 'BANCO_VAZIO')",18,5,9,55.556,HEAL,66.667,1.079735,2.9439
"('TANK', 'TANK', 'DEFENSIVE_DIS', 'FULL', 'FULL', 'NORMAL', 'FASTER', 'MEC_USED', 'CLEAN', 'CLEAN', 'NEUTRAL', 'NEUTRAL', 'CLEAR', 'CLEAR', 'BRAWL', 'BANCO_VAZIO')",18,7,11,63.636,SWITCH_OFFENSIVE,27.778,1.798106,6.0382
"('TANK', 'TANK', 'NEUTRAL', 'SAFE', 'FULL', 'NORMAL', 'SLOWER', 'MEC_USED', 'CLEAN', 'AFFLICTED', 'NEUTRAL', 'NEUTRAL', 'CLEAR', 'CLEAR', 'OPENING', 'BANCO_OFF')",18,8,11,72.727,ATTACK_TECH,38.889,1.796494,6.0285
"('TANK', 'UTILITY', 'OFFENSIVE_ADV', 'SAFE', 'SAFE', 'NORMAL', 'SLOWER', 'MEC_USED', 'CLEAN', 'CLEAN', 'NEUTRAL', 'NEUTRAL', 'CLEAR', 'CLEAR', 'OPENING', 'BANCO_OFF')",18,9,13,69.231,ATTACK_STRONG,22.222,2.062070,7.8622
"('TANK', 'TANK', 'DEFENSIVE_DIS', 'DANGER', 'FULL', 'FIELD_SHARED', 'FASTER', 'MEC_USED', 'CLEAN', 'CLEAN', 'NEUTRAL', 'NEUTRAL', 'CLEAR', 'CLEAR', 'OPENING', 'BANCO_OFF')",18,6,8,75.000,SWITCH_OFFENSIVE,38.889,1.532530,4.6299
"('UTILITY', 'TANK', 'OFFENSIVE_DIS', 'FULL', 'FULL', 'NORMAL', 'SLOWER', 'MEC_USED', 'CLEAN', 'CLEAN', 'NEUTRAL', 'NEUTRAL', 'CLEAR', 'CLEAR', 'OPENING', 'BANCO_VAZIO')",18,5,6,83.333,ATTACK_PIVOT,55.556,1.226076,3.4078
"('TANK', 'TANK', 'NEUTRAL', 'SAFE', 'FULL', 'NORMAL', 'FASTER', 'MEC_USED', 'CLEAN', 'CLEAN', 'NEUTRAL', 'NEUTRAL', 'CLEAR', 'CLEAR', 'DOMINATING', 'BANCO_OFF')",18,2,9,22.222,ATTACK_STRONG,88.889,0.348832,1.4174
"('TANK', 'TANK', 'NEUTRAL', 'DANGER', 'FULL', 'FIELD_SHARED', 'SLOWER', 'MEC_USED', 'CLEAN', 'CLEAN', 'NEUTRAL', 'NEUTRAL', 'CLEAR', 'CLEAR', 'OPENING', 'BANCO_OFF')",18,8,12,66.667,ATTACK_TECH,38.889,1.767425,5.8558
"('TANK', 'TANK', 'OFFENSIVE_DIS', 'SAFE', 'CRIT', 'NORMAL', 'SLOWER', 'MEC_USED', 'CLEAN', 'CLEAN', 'NEUTRAL', 'NEUTRAL', 'CLEAR', 'CLEAR', 'OPENING', 'BANCO_OFF')",18,9,13,69.231,STATUS,44.444,1.812143,6.1236
"('TANK', 'TANK', 'NEUTRAL', 'DANGER', 'SAFE', 'NORMAL', 'FASTER', 'MEC_USED', 'CLEAN', 'CLEAN', 'NEUTRAL', 'NEUTRAL', 'SET', 'CLEAR', 'OPENING', 'BANCO_VAZIO')",18,11,12,91.667,ATTACK_STRONG,16.667,2.293119,9.9058
"('TANK', 'TANK', 'NEUTRAL', 'FULL', 'SAFE', 'FIELD_SHARED', 'FASTER', 'MEC_AVAIL', 'CLEAN', 'CLEAN', 'NEUTRAL', 'NEUTRAL', 'CLEAR', 'CLEAR', 'OPENING', 'BANCO_OFF')",18,11,16,68.750,ATTACK_STRONG,16.667,2.293119,9.9058
"('SWEEPER', 'TANK', 'NEUTRAL', 'FULL', 'FULL', 'NORMAL', 'FASTER', 'MEC_USED', 'CLEAN', 'CLEAN', 'NEUTRAL', 'NEUTRAL', 'CLEAR', 'CLEAR', 'BRAWL', 'BANCO_OFF')",18,9,10,90.000,CLEAN_HAZARD,22.222,2.091139,8.0941
"('TANK', 'TANK', 'VOLATILE', 'DANGER', 'DANGER', 'NORMAL', 'FASTER', 'MEC_USED', 'CLEAN', 'CLEAN', 'NEUTRAL', 'NEUTRAL', 'CLEAR', 'CLEAR', 'OPENING', 'BANCO_OFF')",18,10,12,83.333,CLEAN_HAZARD,22.222,2.139086,8.4917
"('TANK', 'TANK', 'DEFENSIVE_DIS', 'FULL', 'FULL', 'NORMAL', 'FASTER', 'MEC_USED', 'CLEAN', 'CLEAN', 'NEUTRAL', 'NEUTRAL', 'CLEAR', 'SET', 'OPENING', 'BANCO_OFF')",18,7,12,58.333,DISRUPTION,38.889,1.671531,5.3203
"('TANK', 'TANK', 'DEFENSIVE_ADV', 'SAFE', 'FULL', 'NORMAL', 'SLOWER', 'MEC_USED', 'CLEAN', 'CLEAN', 'NEUTRAL', 'NEUTRAL', 'CLEAR', 'SET', 'RECOVERING', 'BANCO_VAZIO')",18,2,9,22.222,HAZARD,94.444,0.214559,1.2393
"('TANK', 'SWEEPER', 'OFFENSIVE_ADV', 'SAFE', 'FULL', 'NORMAL', 'SLOWER', 'MEC_USED', 'CLEAN', 'CLEAN', 'NEUTRAL', 'NEUTRAL', 'CLEAR', 'CLEAR', 'OPENING', 'BANCO_AMBOS')",18,9,10,90.000,HEAL,44.444,1.783073,5.9481
"('TANK', 'TANK', 'DEFENSIVE_DIS', 'SAFE', 'SAFE', 'FIELD_SHARED', 'FASTER', 'MEC_USED', 'CLEAN', 'CLEAN', 'NEUTRAL', 'NEUTRAL', 'CLEAR', 'CLEAR', 'OPENING', 'BANCO_AMBOS')",18,5,12,41.667,SWITCH_DEFENSIVE,61.111,1.164873,3.2055
"('TANK', 'TANK', 'STALEMATE', 'FULL', 'FULL', 'NORMAL', 'SLOWER', 'MEC_USED', 'CLEAN', 'CLEAN', 'NEUTRAL', 'NEUTRAL', 'CLEAR', 'SET', 'RECOVERING', 'BANCO_VAZIO')",18,5,9,55.556,HEAL,33.333,1.435747,4.2028
"('TANK', 'TANK', 'OFFENSIVE_ADV', 'FULL', 'SAFE', 'NORMAL', 'SLOWER', 'MEC_USED', 'CLEAN', 'CLEAN', 'NEUTRAL', 'NEUTRAL', 'CLEAR', 'CLEAR', 'BRAWL', 'BANCO_OFF')",18,10,12,83.333,ATTACK_TECH,27.778,2.058224,7.8320
"('TANK', 'SWEEPER', 'CRITICAL_DIS', 'SAFE', 'FULL', 'NORMAL', 'SLOWER', 'MEC_USED', 'CLEAN', 'CLEAN', 'NEUTRAL', 'NEUTRAL', 'CLEAR', 'CLEAR', 'OPENING', 'BANCO_AMBOS')",18,9,13,69.231,STATUS,33.333,1.926915,6.8683
"('TANK', 'TANK', 'OFFENSIVE_DIS', 'FULL', 'SAFE', 'NORMAL', 'SLOWER', 'MEC_USED', 'CLEAN', 'CLEAN', 'NEUTRAL', 'NEUTRAL', 'CLEAR', 'CLEAR', 'BRAWL', 'BANCO_OFF')",18,6,11,54.545,ATTACK_STRONG,61.111,1.270959,3.5643
"('TANK', 'TANK', 'OFFENSIVE_DIS', 'SAFE', 'FULL', 'NORMAL', 'FASTER', 'MEC_USED', 'CLEAN', 'CLEAN', 'NEUTRAL', 'NEUTRAL', 'CLEAR', 'SET', 'OPENING', 'BANCO_OFF')",18,8,12,66.667,HEAL,38.889,1.825564,6.2063
"('TANK', 'TANK', 'DOMINANT', 'SAFE', 'FULL', 'FIELD_THEIRS', 'FASTER', 'MEC_USED', 'CLEAN', 'CLEAN', 'NEUTRAL', 'NEUTRAL', 'CLEAR', 'CLEAR', 'OPENING', 'BANCO_OFF')",18,7,10,70.000,ATTACK_STRONG,33.333,1.801951,6.0615
"('TANK', 'TANK', 'NEUTRAL', 'SAFE', 'FULL', 'NORMAL', 'FASTER', 'MEC_USED', 'AFFLICTED', 'CLEAN', 'DEBUFF', 'NEUTRAL', 'SET', 'SET', 'CLUTCH', 'BANCO_VAZIO')",18,4,9,44.444,SWITCH_OFFENSIVE,50.000,1.223576,3.3993
"('TANK', 'TANK', 'DEFENSIVE_DIS', 'FULL', 'SAFE', 'NORMAL', 'FASTER', 'MEC_USED', 'CLEAN', 'CLEAN', 'NEUTRAL', 'NEUTRAL', 'CLEAR', 'SET', 'CLUTCH', 'BANCO_VAZIO')",17,6,11,54.545,PROTECT,41.176,1.562664,4.7715
"('TANK', 'TANK', 'STALEMATE', 'FULL', 'FULL', 'NORMAL', 'FASTER', 'MEC_USED', 'CLEAN', 'CLEAN', 'NEUTRAL', 'NEUTRAL', 'CLEAR', 'CLEAR', 'CLUTCH', 'BANCO_VAZIO')",17,4,9,44.444,ATTACK_STRONG,58.824,1.071018,2.9183
"('TANK', 'TANK', 'OFFENSIVE_DIS', 'FULL', 'FULL', 'NORMAL', 'FASTER', 'MEC_USED', 'AFFLICTED', 'AFFLICTED', 'NEUTRAL', 'NEUTRAL', 'SET', 'CLEAR', 'RECOVERING', 'BANCO_VAZIO')",17,4,4,100.000,STATUS,64.706,1.006215,2.7352
"('TANK', 'TANK', 'DEFENSIVE_DIS', 'SAFE', 'FULL', 'FIELD_OURS_DEF', 'FASTER', 'MEC_USED', 'CLEAN', 'CLEAN', 'NEUTRAL', 'NEUTRAL', 'CLEAR', 'CLEAR', 'OPENING', 'BANCO_OFF')",17,8,10,80.000,ATTACK_STRONG,29.412,1.921336,6.8301
"('TANK', 'TANK', 'DEFENSIVE_DIS', 'SAFE', 'FULL', 'NORMAL', 'SLOWER', 'MEC_USED', 'CLEAN', 'AFFLICTED', 'NEUTRAL', 'NEUTRAL', 'CLEAR', 'CLEAR', 'CLUTCH', 'BANCO_VAZIO')",17,6,8,75.000,STATUS,41.176,1.477045,4.3800
"('TANK', 'TANK', 'VOLATILE', 'SAFE', 'FULL', 'NORMAL', 'SLOWER', 'MEC_USED', 'CLEAN', 'CLEAN', 'NEUTRAL', 'NEUTRAL', 'CLEAR', 'CLEAR', 'OPENING', 'BANCO_AMBOS')",17,10,14,71.429,STAT_CLEAN,23.529,2.180840,8.8537
"('TANK', 'TANK', 'OFFENSIVE_ADV', 'FULL', 'DANGER', 'NORMAL', 'FASTER', 'MEC_USED', 'CLEAN', 'CLEAN', 'NEUTRAL', 'NEUTRAL', 'CLEAR', 'CLEAR', 'BRAWL', 'BANCO_OFF')",17,2,10,20.000,ATTACK_STRONG,94.118,0.223718,1.2507
"('SWEEPER', 'TANK', 'VOLATILE', 'FULL', 'FULL', 'FIELD_OURS_OFF', 'FASTER', 'MEC_AVAIL', 'CLEAN', 'CLEAN', 'NEUTRAL', 'NEUTRAL', 'CLEAR', 'CLEAR', 'OPENING', 'BANCO_OFF')",17,7,12,58.333,ATTACK_STRONG_MEC,41.176,1.624223,5.0745
"('TANK', 'TANK', 'VOLATILE', 'DANGER', 'FULL', 'FIELD_SHARED', 'FASTER', 'MEC_USED', 'CLEAN', 'CLEAN', 'NEUTRAL', 'NEUTRAL', 'CLEAR', 'CLEAR', 'OPENING', 'BANCO_OFF')",17,8,10,80.000,BUFF,29.412,1.804938,6.0796
"('TANK', 'SWEEPER', 'VOLATILE', 'FULL', 'FULL', 'NORMAL', 'SLOWER', 'MEC_USED', 'CLEAN', 'CLEAN', 'NEUTRAL', 'NEUTRAL', 'CLEAR', 'CLEAR', 'RECOVERING', 'BANCO_VAZIO')",17,9,12,75.000,STAT_CLEAN,23.529,2.068513,7.9131
"('TANK', 'TANK', 'CRITICAL_DIS', 'SAFE', 'FULL', 'NORMAL', 'SLOWER', 'MEC_USED', 'CLEAN', 'CLEAN', 'NEUTRAL', 'NEUTRAL', 'SET', 'CLEAR', 'OPENING', 'BANCO_OFF')",17,4,14,28.571,SWITCH_OFFENSIVE,70.588,0.916068,2.4994
"('TANK', 'SWEEPER', 'OFFENSIVE_DIS', 'FULL', 'DANGER', 'NORMAL', 'SLOWER', 'MEC_USED', 'CLEAN', 'CLEAN', 'NEUTRAL', 'NEUTRAL', 'CLEAR', 'CLEAR', 'OPENING', 'BANCO_OFF')",17,9,12,75.000,ATTACK_TECH,29.412,1.952116,7.0436
"('TANK', 'UTILITY', 'DOMINANT', 'FULL', 'FULL', 'NORMAL', 'SLOWER', 'MEC_USED', 'CLEAN', 'CLEAN', 'NEUTRAL', 'NEUTRAL', 'CLEAR', 'CLEAR', 'OPENING', 'BANCO_OFF')",17,8,10,80.000,HEAL,35.294,1.813082,6.1293
"('TANK', 'TANK', 'OFFENSIVE_DIS', 'SAFE', 'FULL', 'NORMAL', 'FASTER', 'MEC_USED', 'CLEAN', 'CLEAN', 'NEUTRAL', 'NEUTRAL', 'SET', 'SET', 'OPENING', 'BANCO_OFF')",17,9,13,69.231,HEAL,23.529,2.017746,7.5214
"('TANK', 'TANK', 'NEUTRAL', 'SAFE', 'SAFE', 'NORMAL', 'FASTER', 'MEC_USED', 'AFFLICTED', 'CLEAN', 'NEUTRAL', 'NEUTRAL', 'CLEAR', 'CLEAR', 'CLUTCH', 'BANCO_VAZIO')",17,4,8,50.000,HEAL,64.706,1.006215,2.7352
"('TANK', 'TANK', 'DEFENSIVE_DIS', 'DANGER', 'FULL', 'FIELD_SHARED', 'FASTER', 'MEC_USED', 'CLEAN', 'CLEAN', 'NEUTRAL', 'NEUTRAL', 'CLEAR', 'CLEAR', 'OPENING', 'BANCO_AMBOS')",17,7,11,63.636,HEAL,23.529,1.823873,6.1958
"('TANK', 'TANK', 'NEUTRAL', 'FULL', 'FULL', 'NORMAL', 'FASTER', 'MEC_USED', 'CLEAN', 'CLEAN', 'NEUTRAL', 'NEUTRAL', 'CLEAR', 'SET', 'BRAWL', 'BANCO_OFF')",17,11,14,78.571,BUFF,17.647,2.282374,9.7999
"('TANK', 'TANK', 'OFFENSIVE_DIS', 'FULL', 'SAFE', 'NORMAL', 'SLOWER', 'MEC_USED', 'CLEAN', 'CLEAN', 'NEUTRAL', 'NEUTRAL', 'SET', 'SET', 'RECOVERING', 'BANCO_VAZIO')",17,7,9,77.778,HAZARD,52.941,1.506883,4.5126
"('TANK', 'TANK', 'VOLATILE', 'SAFE', 'FULL', 'FIELD_THEIRS', 'FASTER', 'MEC_USED', 'CLEAN', 'CLEAN', 'NEUTRAL', 'NEUTRAL', 'CLEAR', 'CLEAR', 'OPENING', 'BANCO_AMBOS')",17,6,8,75.000,HEAL,29.412,1.641845,5.1647
"('TANK', 'TANK', 'DOMINANT', 'FULL', 'FULL', 'FIELD_OURS_OFF', 'FASTER', 'MEC_USED', 'CLEAN', 'CLEAN', 'NEUTRAL', 'NEUTRAL', 'CLEAR', 'CLEAR', 'OPENING', 'BANCO_VAZIO')",17,8,9,88.889,ATTACK_STRONG,23.529,1.905420,6.7222
"('TANK', 'TANK', 'DEFENSIVE_ADV', 'FULL', 'FULL', 'NORMAL', 'SLOWER', 'MEC_USED', 'CLEAN', 'CLEAN', 'NEUTRAL', 'NEUTRAL', 'SET', 'CLEAR', 'OPENING', 'BANCO_VAZIO')",17,11,12,91.667,ATTACK_TECH,23.529,2.231607,9.3148
"('TANK', 'TANK', 'CRITICAL_DIS', 'SAFE', 'FULL', 'NORMAL', 'FASTER', 'MEC_USED', 'CLEAN', 'CLEAN', 'NEUTRAL', 'NEUTRAL', 'SET', 'CLEAR', 'RECOVERING', 'BANCO_VAZIO')",17,8,12,66.667,ATTACK_PIVOT,29.412,1.839790,6.2952
"('TANK', 'TANK', 'STALEMATE', 'FULL', 'FULL', 'FIELD_SHARED', 'SLOWER', 'MEC_USED', 'CLEAN', 'AFFLICTED', 'NEUTRAL', 'NEUTRAL', 'CLEAR', 'CLEAR', 'OPENING', 'BANCO_OFF')",17,10,10,100.000,ATTACK_PIVOT,17.647,2.200828,9.0325
"('TANK', 'TANK', 'NEUTRAL', 'CRIT', 'FULL', 'NORMAL', 'FASTER', 'MEC_USED', 'CLEAN', 'CLEAN', 'NEUTRAL', 'NEUTRAL', 'SET', 'CLEAR', 'CLUTCH', 'BANCO_VAZIO')",17,7,10,70.000,ATTACK_STRONG,29.412,1.809010,6.1044
"('TANK', 'TANK', 'NEUTRAL', 'DANGER', 'SAFE', 'NORMAL', 'FASTER', 'MEC_USED', 'CLEAN', 'CLEAN', 'NEUTRAL', 'NEUTRAL', 'SET', 'SET', 'RECOVERING', 'BANCO_VAZIO')",17,8,11,72.727,ATTACK_STRONG,17.647,2.006955,7.4406
"('TANK', 'TANK', 'NEUTRAL', 'DANGER', 'FULL', 'NORMAL', 'FASTER', 'MEC_USED', 'CLEAN', 'CLEAN', 'NEUTRAL', 'NEUTRAL', 'SET', 'SET', 'OPENING', 'BANCO_OFF')",17,7,10,70.000,HEAL,41.176,1.674990,5.3387
"('TANK', 'TANK', 'OFFENSIVE_ADV', 'FULL', 'DANGER', 'FIELD_SHARED', 'SLOWER', 'MEC_USED', 'CLEAN', 'CLEAN', 'NEUTRAL', 'NEUTRAL', 'CLEAR', 'CLEAR', 'OPENING', 'BANCO_OFF')",17,9,14,64.286,ATTACK_PIVOT,29.412,2.002883,7.4104
"('TANK', 'TANK', 'NEUTRAL', 'CRIT', 'FULL', 'NORMAL', 'FASTER', 'MEC_USED', 'CLEAN', 'CLEAN', 'NEUTRAL', 'NEUTRAL', 'SET', 'CLEAR', 'RECOVERING', 'BANCO_VAZIO')",17,10,11,90.909,ATTACK_STRONG,23.529,2.119281,8.3251
"('TANK', 'TANK', 'NEUTRAL', 'DANGER', 'SAFE', 'NORMAL', 'SLOWER', 'MEC_USED', 'CLEAN', 'CLEAN', 'NEUTRAL', 'NEUTRAL', 'CLEAR', 'SET', 'RECOVERING', 'BANCO_VAZIO')",17,9,12,75.000,SWITCH_DEFENSIVE,29.412,2.002883,7.4104
"('TANK', 'TANK', 'OFFENSIVE_DIS', 'FULL', 'SAFE', 'NORMAL', 'FASTER', 'MEC_USED', 'CLEAN', 'CLEAN', 'NEUTRAL', 'NEUTRAL', 'CLEAR', 'CLEAR', 'RECOVERING', 'BANCO_VAZIO')",17,10,11,90.909,ATTACK_STRONG,17.647,2.200828,9.0325
"('TANK', 'TANK', 'CRITICAL_DIS', 'FULL', 'SAFE', 'NORMAL', 'SLOWER', 'MEC_USED', 'CLEAN', 'CLEAN', 'NEUTRAL', 'NEUTRAL', 'SET', 'SET', 'RECOVERING', 'BANCO_VAZIO')",17,4,12,33.333,ATTACK_STRONG,76.471,0.790235,2.2039
"('TANK', 'SWEEPER', 'DEFENSIVE_DIS', 'SAFE', 'SAFE', 'NORMAL', 'SLOWER', 'MEC_USED', 'CLEAN', 'CLEAN', 'NEUTRAL', 'NEUTRAL', 'CLEAR', 'CLEAR', 'OPENING', 'BANCO_OFF')",17,8,11,72.727,DISRUPTION,29.412,1.921336,6.8301
"('TANK', 'SWEEPER', 'NEUTRAL', 'SAFE', 'FULL', 'NORMAL', 'SLOWER', 'MEC_USED', 'CLEAN', 'CLEAN', 'NEUTRAL', 'NEUTRAL', 'CLEAR', 'SET', 'OPENING', 'BANCO_OFF')",17,7,13,53.846,SWITCH_DEFENSIVE,23.529,1.843861,6.3209
"('TANK', 'TANK', 'NEUTRAL', 'FULL', 'SAFE', 'NORMAL', 'SLOWER', 'MEC_USED', 'AFFLICTED', 'CLEAN', 'DEBUFF', 'NEUTRAL', 'SET', 'SET', 'RECOVERING', 'BANCO_VAZIO')",17,5,8,62.500,HEAL,70.588,0.997615,2.7118
"('TANK', 'UTILITY', 'NEUTRAL', 'FULL', 'FULL', 'FIELD_SHARED', 'SLOWER', 'MEC_USED', 'CLEAN', 'CLEAN', 'NEUTRAL', 'NEUTRAL', 'CLEAR', 'CLEAR', 'OPENING', 'BANCO_VAZIO')",17,4,11,36.364,HEAL,64.706,1.006215,2.7352
"('UTILITY', 'UTILITY', 'DEFENSIVE_DIS', 'FULL', 'FULL', 'NORMAL', 'SLOWER', 'MEC_USED', 'CLEAN', 'CLEAN', 'NEUTRAL', 'NEUTRAL', 'CLEAR', 'CLEAR', 'OPENING', 'BANCO_AMBOS')",17,7,8,87.500,CLEAN_HAZARD,47.059,1.610012,5.0029
"('TANK', 'TANK', 'NEUTRAL', 'CRIT', 'FULL', 'NORMAL', 'FASTER', 'MEC_USED', 'CLEAN', 'CLEAN', 'NEUTRAL', 'NEUTRAL', 'CLEAR', 'CLEAR', 'OPENING', 'BANCO_VAZIO')",17,9,10,90.000,HEAL,29.412,2.002883,7.4104
"('TANK', 'TANK', 'NEUTRAL', 'SAFE', 'FULL', 'NORMAL', 'SLOWER', 'MEC_USED', 'CLEAN', 'CLEAN', 'NEUTRAL', 'NEUTRAL', 'SET', 'SET', 'BRAWL', 'BANCO_OFF')",17,7,13,53.846,HEAL,23.529,1.793094,6.0080
"('TANK', 'TANK', 'DEFENSIVE_DIS', 'SAFE', 'SAFE', 'NORMAL', 'SLOWER', 'MEC_USED', 'CLEAN', 'CLEAN', 'NEUTRAL', 'NEUTRAL', 'CLEAR', 'SET', 'RECOVERING', 'BANCO_VAZIO')",17,7,11,63.636,PROTECT,29.412,1.789022,5.9836
"('TANK', 'SWEEPER', 'STALEMATE', 'FULL', 'FULL', 'FIELD_SHARED', 'SLOWER', 'MEC_USED', 'CLEAN', 'CLEAN', 'NEUTRAL', 'NEUTRAL', 'CLEAR', 'CLEAR', 'OPENING', 'BANCO_OFF')",17,6,11,54.545,ATTACK_PIVOT,52.941,1.343790,3.8335
"('TANK', 'TANK', 'DEFENSIVE_DIS', 'SAFE', 'DANGER', 'NORMAL', 'SLOWER', 'MEC_USED', 'CLEAN', 'CLEAN', 'NEUTRAL', 'NEUTRAL', 'CLEAR', 'CLEAR', 'OPENING', 'BANCO_OFF')",17,5,9,55.556,ATTACK_TECH,41.176,1.430350,4.1802
"('TANK', 'TANK', 'CRITICAL_DIS', 'FULL', 'FULL', 'NORMAL', 'SLOWER', 'MEC_USED', 'CLEAN', 'CLEAN', 'NEUTRAL', 'NEUTRAL', 'CLEAR', 'CLEAR', 'BRAWL', 'BANCO_OFF')",17,6,12,50.000,ATTACK_TECH,70.588,1.079162,2.9422
"('TANK', 'TANK', 'VOLATILE', 'FULL', 'SAFE', 'NORMAL', 'FASTER', 'MEC_AVAIL', 'CLEAN', 'CLEAN', 'NEUTRAL', 'NEUTRAL', 'SET', 'CLEAR', 'OPENING', 'BANCO_OFF')",17,10,16,62.500,HAZARD,17.647,2.200828,9.0325
"('TANK', 'TANK', 'OFFENSIVE_ADV', 'SAFE', 'SAFE', 'NORMAL', 'SLOWER', 'MEC_USED', 'CLEAN', 'CLEAN', 'NEUTRAL', 'NEUTRAL', 'SET', 'SET', 'OPENING', 'BANCO_OFF')",17,4,13,30.769,SWITCH_OFFENSIVE,47.059,1.140720,3.1290
"('TANK', 'TANK', 'DOMINANT', 'FULL', 'SAFE', 'NORMAL', 'FASTER', 'MEC_USED', 'CLEAN', 'CLEAN', 'NEUTRAL', 'NEUTRAL', 'SET', 'CLEAR', 'OPENING', 'BANCO_OFF')",17,9,12,75.000,ATTACK_PIVOT,17.647,2.119281,8.3251
"('TANK', 'TANK', 'DEFENSIVE_DIS', 'SAFE', 'FULL', 'FIELD_OURS_DEF', 'FASTER', 'MEC_USED', 'CLEAN', 'CLEAN', 'NEUTRAL', 'NEUTRAL', 'CLEAR', 'CLEAR', 'OPENING', 'BANCO_AMBOS')",17,4,7,57.143,HAZARD,35.294,1.293022,3.6438
"('TANK', 'TANK', 'NEUTRAL', 'DANGER', 'DANGER', 'NORMAL', 'FASTER', 'MEC_USED', 'CLEAN', 'CLEAN', 'NEUTRAL', 'NEUTRAL', 'CLEAR', 'SET', 'OPENING', 'BANCO_OFF')",17,5,9,55.556,HAZARD,64.706,1.087761,2.9676
"('TANK', 'TANK', 'DEFENSIVE_DIS', 'FULL', 'FULL', 'FIELD_THEIRS', 'FASTER', 'MEC_AVAIL', 'CLEAN', 'CLEAN', 'NEUTRAL', 'NEUTRAL', 'CLEAR', 'CLEAR', 'OPENING', 'BANCO_AMBOS')",17,6,10,60.000,BUFF,35.294,1.630001,5.1039
"('TANK', 'TANK', 'DEFENSIVE_DIS', 'DANGER', 'SAFE', 'NORMAL', 'SLOWER', 'MEC_USED', 'CLEAN', 'CLEAN', 'NEUTRAL', 'NEUTRAL', 'CLEAR', 'CLEAR', 'RECOVERING', 'BANCO_VAZIO')",17,10,12,83.333,HEAL_STATUS,17.647,2.231607,9.3148
"('TANK', 'TANK', 'NEUTRAL', 'DANGER', 'FULL', 'NORMAL', 'SLOWER', 'MEC_USED', 'CLEAN', 'CLEAN', 'NEUTRAL', 'NEUTRAL', 'CLEAR', 'CLEAR', 'OPENING', 'BANCO_VAZIO')",17,9,13,69.231,CLEAN_HAZARD,17.647,2.088502,8.0728
"('TANK', 'TANK', 'STALEMATE', 'FULL', 'SAFE', 'NORMAL', 'SLOWER', 'MEC_USED', 'CLEAN', 'CLEAN', 'NEUTRAL', 'NEUTRAL', 'SET', 'CLEAR', 'OPENING', 'BANCO_OFF')",17,7,13,53.846,HEAL,29.412,1.789022,5.9836
"('TANK', 'TANK', 'OFFENSIVE_ADV', 'FULL', 'FULL', 'NORMAL', 'SLOWER', 'MEC_USED', 'CLEAN', 'CLEAN', 'NEUTRAL', 'NEUTRAL', 'CLEAR', 'CLEAR', 'RECOVERING', 'BANCO_OFF')",17,9,11,81.818,ATTACK_TECH,23.529,2.068513,7.9131
"('TANK', 'TANK', 'NEUTRAL', 'FULL', 'DANGER', 'NORMAL', 'FASTER', 'MEC_USED', 'AFFLICTED', 'CLEAN', 'NEUTRAL', 'NEUTRAL', 'CLEAR', 'CLEAR', 'RECOVERING', 'BANCO_VAZIO')",17,3,7,42.857,CLEAN_HAZARD,41.176,1.073384,2.9253
"('SWEEPER', 'TANK', 'OFFENSIVE_ADV', 'FULL', 'SAFE', 'FIELD_OURS_OFF', 'FASTER', 'MEC_USED', 'CLEAN', 'CLEAN', 'NEUTRAL', 'NEUTRAL', 'CLEAR', 'CLEAR', 'OPENING', 'BANCO_OFF')",17,8,10,80.000,ATTACK_PIVOT,29.412,1.839790,6.2952
"('TANK', 'TANK', 'DEFENSIVE_DIS', 'CRIT', 'SAFE', 'FIELD_THEIRS', 'FASTER', 'MEC_USED', 'CLEAN', 'CLEAN', 'NEUTRAL', 'NEUTRAL', 'CLEAR', 'CLEAR', 'OPENING', 'BANCO_OFF')",17,7,11,63.636,SWITCH_OFFENSIVE,29.412,1.758243,5.8022
"('TANK', 'TANK', 'DEFENSIVE_ADV', 'SAFE', 'FULL', 'NORMAL', 'FASTER', 'MEC_USED', 'CLEAN', 'CLEAN', 'NEUTRAL', 'NEUTRAL', 'SET', 'CLEAR', 'OPENING', 'BANCO_AMBOS')",17,4,12,33.333,CLEAN_HAZARD,58.824,1.005387,2.7330
"('TANK', 'TANK', 'NEUTRAL', 'FULL', 'FULL', 'NORMAL', 'FASTER', 'MEC_USED', 'CLEAN', 'AFFLICTED', 'NEUTRAL', 'DEBUFF', 'SET', 'CLEAR', 'RECOVERING', 'BANCO_VAZIO')",17,4,6,66.667,ATTACK_STRONG,35.294,1.254099,3.5047
"('TANK', 'TANK', 'CRITICAL_DIS', 'FULL', 'FULL', 'NORMAL', 'FASTER', 'MEC_USED', 'CLEAN', 'CLEAN', 'BUFFED', 'NEUTRAL', 'SET', 'CLEAR', 'RECOVERING', 'BANCO_VAZIO')",17,3,5,60.000,BUFF,58.824,0.846366,2.3312
"('TANK', 'TANK', 'OFFENSIVE_DIS', 'FULL', 'FULL', 'NORMAL', 'SLOWER', 'MEC_USED', 'CLEAN', 'AFFLICTED', 'NEUTRAL', 'DEBUFF', 'SET', 'SET', 'CLUTCH', 'BANCO_VAZIO')",17,2,3,66.667,STAT_CLEAN,88.235,0.362211,1.4365
"('TANK', 'TANK', 'CRITICAL_DIS', 'FULL', 'DANGER', 'NORMAL', 'FASTER', 'MEC_USED', 'AFFLICTED', 'CLEAN', 'NEUTRAL', 'NEUTRAL', 'CLEAR', 'SET', 'CLUTCH', 'BANCO_VAZIO')",16,3,4,75.000,HAZARD,87.500,0.463414,1.5895
"('TANK', 'TANK', 'OFFENSIVE_DIS', 'FULL', 'FULL', 'NORMAL', 'SLOWER', 'MEC_USED', 'AFFLICTED', 'AFFLICTED', 'NEUTRAL', 'NEUTRAL', 'CLEAR', 'CLEAR', 'BRAWL', 'BANCO_OFF')",16,2,6,33.333,CLEAN_HAZARD,93.750,0.233792,1.2634
"('TANK', 'TANK', 'OFFENSIVE_ADV', 'FULL', 'SAFE', 'NORMAL', 'FASTER', 'MEC_USED', 'AFFLICTED', 'CLEAN', 'NEUTRAL', 'NEUTRAL', 'CLEAR', 'CLEAR', 'CLUTCH', 'BANCO_VAZIO')",16,4,8,50.000,ATTACK_PIVOT,43.750,1.228106,3.4148
"('TANK', 'TANK', 'DEFENSIVE_DIS', 'DANGER', 'FULL', 'NORMAL', 'FASTER', 'MEC_USED', 'CLEAN', 'CLEAN', 'NEUTRAL', 'NEUTRAL', 'SET', 'CLEAR', 'RECOVERING', 'BANCO_VAZIO')",16,10,13,76.923,PROTECT,25.000,2.133382,8.4434
"('TANK', 'TANK', 'DEFENSIVE_DIS', 'FULL', 'SAFE', 'NORMAL', 'SLOWER', 'MEC_USED', 'CLEAN', 'AFFLICTED', 'NEUTRAL', 'NEUTRAL', 'CLEAR', 'CLEAR', 'CLUTCH', 'BANCO_VAZIO')",16,2,8,25.000,STATUS,93.750,0.233792,1.2634
"('TANK', 'TANK', 'NEUTRAL', 'SAFE', 'SAFE', 'FIELD_SHARED', 'FASTER', 'MEC_AVAIL', 'CLEAN', 'CLEAN', 'NEUTRAL', 'NEUTRAL', 'CLEAR', 'CLEAR', 'OPENING', 'BANCO_AMBOS')",16,8,14,57.143,STATUS_MEC,18.750,2.014036,7.4935
"('TANK', 'TANK', 'OFFENSIVE_DIS', 'FULL', 'FULL', 'NORMAL', 'FASTER', 'MEC_USED', 'CLEAN', 'CLEAN', 'NEUTRAL', 'NEUTRAL', 'SET', 'CLEAR', 'OPENING', 'BANCO_VAZIO')",16,9,11,81.818,PROTECT,25.000,2.046739,7.7426
"('TANK', 'TANK', 'DEFENSIVE_ADV', 'FULL', 'FULL', 'NORMAL', 'SLOWER', 'MEC_USED', 'AFFLICTED', 'AFFLICTED', 'DEBUFF_DEBUFF', 'NEUTRAL', 'SET', 'CLEAR', 'CLUTCH', 'BANCO_VAZIO')",16,2,3,66.667,PROTECT,87.500,0.376770,1.4576
"('TANK', 'SWEEPER', 'OFFENSIVE_ADV', 'FULL', 'FULL', 'FIELD_OURS_OFF', 'SLOWER', 'MEC_USED', 'CLEAN', 'CLEAN', 'DEBUFF', 'NEUTRAL', 'CLEAR', 'CLEAR', 'OPENING', 'BANCO_AMBOS')",16,5,9,55.556,HEAL,43.750,1.401393,4.0609
"('TANK', 'TANK', 'OFFENSIVE_ADV', 'SAFE', 'SAFE', 'NORMAL', 'SLOWER', 'MEC_USED', 'CLEAN', 'CLEAN', 'NEUTRAL', 'NEUTRAL', 'CLEAR', 'CLEAR', 'RECOVERING', 'BANCO_VAZIO')",16,8,12,66.667,ATTACK_STRONG,25.000,1.960095,7.1000
"('TANK', 'TANK', 'NEUTRAL', 'FULL', 'FULL', 'FIELD_OURS_DEF', 'FASTER', 'MEC_USED', 'CLEAN', 'CLEAN', 'NEUTRAL', 'NEUTRAL', 'CLEAR', 'CLEAR', 'OPENING', 'BANCO_VAZIO')",16,10,11,90.909,ATTACK_STRONG,18.750,2.220025,9.2076
"('UTILITY', 'TANK', 'DEFENSIVE_DIS', 'FULL', 'FULL', 'FIELD_SHARED', 'FASTER', 'MEC_USED', 'CLEAN', 'CLEAN', 'NEUTRAL', 'NEUTRAL', 'CLEAR', 'CLEAR', 'OPENING', 'BANCO_AMBOS')",16,7,8,87.500,SWITCH_OFFENSIVE,25.000,1.873452,6.5107
"('TANK', 'TANK', 'NEUTRAL', 'DANGER', 'FULL', 'NORMAL', 'SLOWER', 'MEC_USED', 'CLEAN', 'CLEAN', 'NEUTRAL', 'NEUTRAL', 'SET', 'CLEAR', 'OPENING', 'BANCO_OFF')",16,9,15,60.000,HEAL,18.750,2.100679,8.1717
"('TANK', 'TANK', 'OFFENSIVE_ADV', 'FULL', 'SAFE', 'NORMAL', 'FASTER', 'MEC_AVAIL', 'CLEAN', 'CLEAN', 'NEUTRAL', 'NEUTRAL', 'SET', 'CLEAR', 'OPENING', 'BANCO_OFF')",16,8,14,57.143,ATTACK_STRONG_MEC,25.000,1.873452,6.5107
"('TANK', 'TANK', 'NEUTRAL', 'SAFE', 'FULL', 'FIELD_SHARED', 'FASTER', 'MEC_USED', 'CLEAN', 'CLEAN', 'NEUTRAL', 'NEUTRAL', 'CLEAR', 'CLEAR', 'BRAWL', 'BANCO_OFF')",16,7,10,70.000,SWITCH_DEFENSIVE,31.250,1.803719,6.0722
"('UTILITY', 'SWEEPER', 'DOMINANT', 'FULL', 'FULL', 'NORMAL', 'SLOWER', 'MEC_USED', 'CLEAN', 'CLEAN', 'NEUTRAL', 'NEUTRAL', 'CLEAR', 'CLEAR', 'OPENING', 'BANCO_AMBOS')",16,6,9,66.667,HAZARD,56.250,1.330660,3.7835
"('TANK', 'TANK', 'DEFENSIVE_DIS', 'FULL', 'FULL', 'FIELD_SHARED', 'SLOWER', 'MEC_AVAIL', 'CLEAN', 'CLEAN', 'NEUTRAL', 'NEUTRAL', 'CLEAR', 'CLEAR', 'OPENING', 'BANCO_OFF')",16,11,18,61.111,ATTACK_STRONG,18.750,2.306669,10.0409
"('TANK', 'TANK', 'NEUTRAL', 'FULL', 'SAFE', 'FIELD_SHARED', 'SLOWER', 'MEC_USED', 'CLEAN', 'CLEAN', 'NEUTRAL', 'NEUTRAL', 'CLEAR', 'CLEAR', 'OPENING', 'BANCO_AMBOS')",16,7,11,63.636,STATUS,37.500,1.721402,5.5924
"('TANK', 'SWEEPER', 'OFFENSIVE_ADV', 'FULL', 'FULL', 'FIELD_OURS_OFF', 'SLOWER', 'MEC_USED', 'CLEAN', 'CLEAN', 'DEBUFF', 'NEUTRAL', 'CLEAR', 'CLEAR', 'OPENING', 'BANCO_OFF')",16,1,7,14.286,ATTACK_STRONG,100.000,-0.000000,1.0000
"('UTILITY', 'SWEEPER', 'DOMINANT', 'FULL', 'FULL', 'FIELD_THEIRS', 'SLOWER', 'MEC_USED', 'CLEAN', 'CLEAN', 'NEUTRAL', 'NEUTRAL', 'CLEAR', 'CLEAR', 'OPENING', 'BANCO_OFF')",16,7,9,77.778,CLEAN_HAZARD,25.000,1.786808,5.9704
"('TANK', 'TANK', 'NEUTRAL', 'FULL', 'SAFE', 'FIELD_OURS_OFF', 'FASTER', 'MEC_USED', 'CLEAN', 'CLEAN', 'NEUTRAL', 'NEUTRAL', 'CLEAR', 'CLEAR', 'OPENING', 'BANCO_AMBOS')",16,10,12,83.333,ATTACK_STRONG,25.000,2.133382,8.4434
"('SWEEPER', 'TANK', 'NEUTRAL', 'CRIT', 'FULL', 'NORMAL', 'FASTER', 'MEC_USED', 'CLEAN', 'CLEAN', 'NEUTRAL', 'NEUTRAL', 'CLEAR', 'CLEAR', 'OPENING', 'BANCO_OFF')",16,7,8,87.500,SWITCH_OFFENSIVE,50.000,1.559581,4.7568
"('UTILITY', 'TANK', 'NEUTRAL', 'FULL', 'FULL', 'NORMAL', 'FASTER', 'MEC_AVAIL', 'CLEAN', 'CLEAN', 'NEUTRAL', 'NEUTRAL', 'CLEAR', 'CLEAR', 'OPENING', 'BANCO_OFF')",16,9,14,64.286,ATTACK_STRONG,18.750,2.133382,8.4434
"('TANK', 'TANK', 'DEFENSIVE_ADV', 'FULL', 'FULL', 'FIELD_OURS_DEF', 'SLOWER', 'MEC_USED', 'CLEAN', 'CLEAN', 'NEUTRAL', 'NEUTRAL', 'CLEAR', 'CLEAR', 'OPENING', 'BANCO_AMBOS')",16,4,6,66.667,SWITCH_OFFENSIVE,37.500,1.305096,3.6880
"('TANK', 'TANK', 'DEFENSIVE_DIS', 'FULL', 'FULL', 'NORMAL', 'SLOWER', 'MEC_USED', 'CLEAN', 'CLEAN', 'NEUTRAL', 'NEUTRAL', 'CLEAR', 'SET', 'OPENING', 'BANCO_OFF')",16,8,13,61.538,HAZARD,31.250,1.836422,6.2741
"('TANK', 'TANK', 'DEFENSIVE_DIS', 'SAFE', 'DANGER', 'NORMAL', 'SLOWER', 'MEC_USED', 'CLEAN', 'CLEAN', 'NEUTRAL', 'NEUTRAL', 'CLEAR', 'CLEAR', 'RECOVERING', 'BANCO_VAZIO')",16,6,12,50.000,ATTACK_STRONG,31.250,1.630433,5.1061
"('TANK', 'SWEEPER', 'DOMINANT', 'FULL', 'FULL', 'NORMAL', 'SLOWER', 'MEC_AVAIL', 'CLEAN', 'CLEAN', 'NEUTRAL', 'NEUTRAL', 'CLEAR', 'CLEAR', 'OPENING', 'BANCO_AMBOS')",16,7,12,58.333,FIELD_CONTROL,31.250,1.803719,6.0722
"('TANK', 'SWEEPER', 'DOMINANT', 'FULL', 'FULL', 'FIELD_OURS_DEF', 'SLOWER', 'MEC_AVAIL', 'CLEAN', 'CLEAN', 'NEUTRAL', 'NEUTRAL', 'CLEAR', 'CLEAR', 'OPENING', 'BANCO_AMBOS')",16,7,10,70.000,SWITCH_DEFENSIVE,43.750,1.661323,5.2663
"('TANK', 'TANK', 'NEUTRAL', 'SAFE', 'SAFE', 'NORMAL', 'FASTER', 'MEC_USED', 'CLEAN', 'AFFLICTED', 'NEUTRAL', 'DEBUFF', 'CLEAR', 'CLEAR', 'OPENING', 'BANCO_OFF')",16,6,10,60.000,ATTACK_STRONG,31.250,1.593403,4.9205
"('UTILITY', 'SWEEPER', 'DOMINANT', 'FULL', 'FULL', 'NORMAL', 'SLOWER', 'MEC_USED', 'CLEAN', 'CLEAN', 'NEUTRAL', 'NEUTRAL', 'CLEAR', 'CLEAR', 'OPENING', 'BANCO_OFF')",16,6,7,85.714,ATTACK_STRONG,31.250,1.630433,5.1061
"('TANK', 'TANK', 'NEUTRAL', 'SAFE', 'SAFE', 'NORMAL', 'SLOWER', 'MEC_USED', 'CLEAN', 'AFFLICTED', 'NEUTRAL', 'DEBUFF', 'SET', 'SET', 'CLUTCH', 'BANCO_VAZIO')",16,1,8,12.500,ATTACK_STRONG,100.000,-0.000000,1.0000
"('SWEEPER', 'TANK', 'NEUTRAL', 'SAFE', 'FULL', 'NORMAL', 'FASTER', 'MEC_USED', 'CLEAN', 'CLEAN', 'NEUTRAL', 'NEUTRAL', 'CLEAR', 'CLEAR', 'BRAWL', 'BANCO_OFF')",16,7,10,70.000,BUFF,37.500,1.688699,5.4124
"('SWEEPER', 'UTILITY', 'OFFENSIVE_ADV', 'FULL', 'FULL', 'NORMAL', 'FASTER', 'MEC_USED', 'CLEAN', 'CLEAN', 'NEUTRAL', 'DEBUFF', 'CLEAR', 'CLEAR', 'OPENING', 'BANCO_OFF')",16,6,6,100.000,CLEAN_HAZARD,37.500,1.634759,5.1282
"('TANK', 'TANK', 'OFFENSIVE_ADV', 'FULL', 'FULL', 'FIELD_THEIRS', 'SLOWER', 'MEC_USED', 'CLEAN', 'CLEAN', 'NEUTRAL', 'NEUTRAL', 'CLEAR', 'CLEAR', 'BRAWL', 'BANCO_OFF')",16,9,14,64.286,ATTACK_PIVOT,25.000,1.992798,7.3360
"('TANK', 'TANK', 'OFFENSIVE_ADV', 'FULL', 'FULL', 'FIELD_SHARED', 'FASTER', 'MEC_USED', 'CLEAN', 'CLEAN', 'NEUTRAL', 'NEUTRAL', 'CLEAR', 'SET', 'OPENING', 'BANCO_OFF')",16,7,10,70.000,ATTACK_TECH,31.250,1.771016,5.8768
"('TANK', 'TANK', 'DEFENSIVE_DIS', 'CRIT', 'FULL', 'NORMAL', 'SLOWER', 'MEC_USED', 'CLEAN', 'CLEAN', 'NEUTRAL', 'NEUTRAL', 'CLEAR', 'CLEAR', 'RECOVERING', 'BANCO_VAZIO')",16,10,13,76.923,ATTACK_STRONG,25.000,2.166085,8.7241
"('SWEEPER', 'TANK', 'NEUTRAL', 'FULL', 'SAFE', 'NORMAL', 'FASTER', 'MEC_USED', 'CLEAN', 'CLEAN', 'NEUTRAL', 'NEUTRAL', 'SET', 'CLEAR', 'OPENING', 'BANCO_OFF')",16,8,9,88.889,ATTACK_STRONG,18.750,1.981333,7.2524
"('TANK', 'TANK', 'NEUTRAL', 'SAFE', 'CRIT', 'NORMAL', 'SLOWER', 'MEC_USED', 'CLEAN', 'CLEAN', 'NEUTRAL', 'NEUTRAL', 'SET', 'CLEAR', 'RECOVERING', 'BANCO_VAZIO')",16,9,10,90.000,ATTACK_STRONG,31.250,1.923066,6.8419
"('SWEEPER', 'TANK', 'DEFENSIVE_DIS', 'FULL', 'FULL', 'NORMAL', 'FASTER', 'MEC_USED', 'CLEAN', 'CLEAN', 'NEUTRAL', 'NEUTRAL', 'CLEAR', 'CLEAR', 'OPENING', 'BANCO_VAZIO')",16,7,8,87.500,ATTACK_STRONG,25.000,1.786808,5.9704
"('TANK', 'TANK', 'NEUTRAL', 'FULL', 'FULL', 'NORMAL', 'FASTER', 'MEC_USED', 'AFFLICTED', 'AFFLICTED', 'DEBUFF', 'DEBUFF_DEBUFF', 'SET', 'SET', 'CLUTCH', 'BANCO_VAZIO')",16,3,4,75.000,HEAL,75.000,0.702919,2.0196
"('TANK', 'SWEEPER', 'OFFENSIVE_DIS', 'FULL', 'FULL', 'NORMAL', 'SLOWER', 'MEC_USED', 'CLEAN', 'CLEAN', 'NEUTRAL', 'NEUTRAL', 'CLEAR', 'CLEAR', 'OPENING', 'BANCO_VAZIO')",16,10,13,76.923,HEAL_STATUS,25.000,2.166085,8.7241
"('TANK', 'TANK', 'CRITICAL_DIS', 'SAFE', 'FULL', 'FIELD_THEIRS', 'SLOWER', 'MEC_USED', 'CLEAN', 'CLEAN', 'NEUTRAL', 'NEUTRAL', 'CLEAR', 'CLEAR', 'OPENING', 'BANCO_OFF')",16,8,14,57.143,HEAL,37.500,1.808046,6.0985
"('TANK', 'SWEEPER', 'OFFENSIVE_ADV', 'FULL', 'FULL', 'NORMAL', 'SLOWER', 'MEC_USED', 'CLEAN', 'CLEAN', 'NEUTRAL', 'NEUTRAL', 'CLEAR', 'CLEAR', 'RECOVERING', 'BANCO_VAZIO')",16,6,14,42.857,STAT_CLEAN,37.500,1.580819,4.8589
"('TANK', 'SWEEPER', 'VOLATILE', 'FULL', 'FULL', 'FIELD_THEIRS', 'SLOWER', 'MEC_USED', 'CLEAN', 'CLEAN', 'NEUTRAL', 'NEUTRAL', 'CLEAR', 'CLEAR', 'OPENING', 'BANCO_OFF')",16,7,12,58.333,BUFF,37.500,1.597730,4.9418
"('UTILITY', 'TANK', 'DEFENSIVE_ADV', 'FULL', 'FULL', 'NORMAL', 'SLOWER', 'MEC_USED', 'CLEAN', 'CLEAN', 'NEUTRAL', 'NEUTRAL', 'CLEAR', 'CLEAR', 'OPENING', 'BANCO_AMBOS')",16,7,8,87.500,ATTACK_STRONG,43.750,1.628620,5.0968
"('TANK', 'TANK', 'NEUTRAL', 'FULL', 'DANGER', 'NORMAL', 'SLOWER', 'MEC_USED', 'CLEAN', 'CLEAN', 'NEUTRAL', 'NEUTRAL', 'CLEAR', 'CLEAR', 'OPENING', 'BANCO_AMBOS')",16,7,12,58.333,HEAL,43.750,1.628620,5.0968
"('TANK', 'TANK', 'DOMINANT', 'SAFE', 'FULL', 'FIELD_SHARED', 'SLOWER', 'MEC_USED', 'CLEAN', 'CLEAN', 'NEUTRAL', 'NEUTRAL', 'CLEAR', 'CLEAR', 'OPENING', 'BANCO_OFF')",16,9,11,81.818,HEAL,25.000,2.079442,8.0000
"('TANK', 'TANK', 'DEFENSIVE_ADV', 'FULL', 'SAFE', 'NORMAL', 'FASTER', 'MEC_USED', 'CLEAN', 'CLEAN', 'NEUTRAL', 'NEUTRAL', 'SET', 'CLEAR', 'OPENING', 'BANCO_AMBOS')",16,8,12,66.667,DISRUPTION,31.250,1.923066,6.8419
"('TANK', 'TANK', 'NEUTRAL', 'FULL', 'SAFE', 'FIELD_OURS_OFF', 'SLOWER', 'MEC_USED', 'CLEAN', 'CLEAN', 'NEUTRAL', 'NEUTRAL', 'CLEAR', 'CLEAR', 'OPENING', 'BANCO_AMBOS')",16,3,10,30.000,ATTACK_TECH,50.000,0.881532,2.4146
"('TANK', 'TANK', 'DEFENSIVE_DIS', 'FULL', 'DANGER', 'NORMAL', 'SLOWER', 'MEC_USED', 'CLEAN', 'CLEAN', 'NEUTRAL', 'NEUTRAL', 'SET', 'CLEAR', 'OPENING', 'BANCO_OFF')",16,6,11,54.545,STATUS,43.750,1.418304,4.1301
"('TANK', 'TANK', 'NEUTRAL', 'DANGER', 'FULL', 'NORMAL', 'SLOWER', 'MEC_USED', 'CLEAN', 'CLEAN', 'NEUTRAL', 'NEUTRAL', 'SET', 'CLEAR', 'BRAWL', 'BANCO_OFF')",16,7,13,53.846,HAZARD,31.250,1.803719,6.0722
"('TANK', 'SWEEPER', 'VOLATILE', 'FULL', 'FULL', 'FIELD_OURS_DEF', 'SLOWER', 'MEC_USED', 'CLEAN', 'CLEAN', 'NEUTRAL', 'NEUTRAL', 'CLEAR', 'CLEAR', 'OPENING', 'BANCO_OFF')",16,1,7,14.286,ATTACK_STRONG,100.000,-0.000000,1.0000
"('TANK', 'TANK', 'NEUTRAL', 'FULL', 'FULL', 'FIELD_THEIRS', 'SLOWER', 'MEC_AVAIL', 'CLEAN', 'CLEAN', 'NEUTRAL', 'NEUTRAL', 'CLEAR', 'CLEAR', 'OPENING', 'BANCO_VAZIO')",16,7,16,43.750,HEAL,37.500,1.754105,5.7783
"('TANK', 'TANK', 'OFFENSIVE_ADV', 'FULL', 'SAFE', 'FIELD_THEIRS', 'FASTER', 'MEC_USED', 'CLEAN', 'CLEAN', 'NEUTRAL', 'NEUTRAL', 'SET', 'CLEAR', 'OPENING', 'BANCO_OFF')",16,7,12,58.333,STATUS,25.000,1.840749,6.3013
"('TANK', 'TANK', 'OFFENSIVE_ADV', 'SAFE', 'FULL', 'FIELD_OURS_OFF', 'SLOWER', 'MEC_USED', 'CLEAN', 'CLEAN', 'NEUTRAL', 'NEUTRAL', 'CLEAR', 'CLEAR', 'OPENING', 'BANCO_OFF')",16,6,10,60.000,HAZARD,31.250,1.560700,4.7622
"('TANK', 'TANK', 'DEFENSIVE_ADV', 'FULL', 'FULL', 'NORMAL', 'SLOWER', 'MEC_USED', 'CLEAN', 'AFFLICTED', 'DEBUFF', 'NEUTRAL', 'SET', 'CLEAR', 'CLUTCH', 'BANCO_VAZIO')",16,3,3,100.000,STATUS,87.500,0.463414,1.5895
"('TANK', 'TANK', 'VOLATILE', 'SAFE', 'FULL', 'NORMAL', 'FASTER', 'MEC_USED', 'CLEAN', 'CLEAN', 'NEUTRAL', 'NEUTRAL', 'SET', 'CLEAR', 'RECOVERING', 'BANCO_VAZIO')",16,8,9,88.889,HEAL,25.000,1.960095,7.1000
"('SWEEPER', 'TANK', 'NEUTRAL', 'SAFE', 'FULL', 'FIELD_SHARED', 'FASTER', 'MEC_USED', 'CLEAN', 'CLEAN', 'NEUTRAL', 'NEUTRAL', 'CLEAR', 'CLEAR', 'OPENING', 'BANCO_AMBOS')",16,6,8,75.000,ATTACK_STRONG,25.000,1.721402,5.5924
"('TANK', 'TANK', 'CRITICAL_DIS', 'FULL', 'FULL', 'NORMAL', 'FASTER', 'MEC_USED', 'CLEAN', 'CLEAN', 'NEUTRAL', 'NEUTRAL', 'SET', 'CLEAR', 'BRAWL', 'BANCO_OFF')",16,5,13,38.462,HEAL,68.750,1.037392,2.8218
"('SWEEPER', 'SWEEPER', 'OFFENSIVE_ADV', 'FULL', 'FULL', 'NORMAL', 'SLOWER', 'MEC_AVAIL', 'CLEAN', 'CLEAN', 'NEUTRAL', 'NEUTRAL', 'CLEAR', 'CLEAR', 'OPENING', 'BANCO_OFF')",16,6,6,100.000,ATTACK_STRONG,37.500,1.634759,5.1282
"('TANK', 'TANK', 'OFFENSIVE_ADV', 'FULL', 'DANGER', 'NORMAL', 'SLOWER', 'MEC_USED', 'CLEAN', 'CLEAN', 'NEUTRAL', 'NEUTRAL', 'SET', 'CLEAR', 'OPENING', 'BANCO_OFF')",16,8,12,66.667,SWITCH_DEFENSIVE,25.000,1.927392,6.8716
"('TANK', 'TANK', 'NEUTRAL', 'SAFE', 'FULL', 'NORMAL', 'FASTER', 'MEC_USED', 'CLEAN', 'CLEAN', 'NEUTRAL', 'NEUTRAL', 'SET', 'SET', 'CLUTCH', 'BANCO_VAZIO')",16,3,9,33.333,ATTACK_STRONG,43.750,0.983274,2.6732
"('TANK', 'TANK', 'VOLATILE', 'CRIT', 'FULL', 'NORMAL', 'FASTER', 'MEC_USED', 'CLEAN', 'CLEAN', 'NEUTRAL', 'NEUTRAL', 'SET', 'CLEAR', 'OPENING', 'BANCO_OFF')",16,8,12,66.667,SWITCH_OFFENSIVE,37.500,1.840749,6.3013
"('TANK', 'TANK', 'OFFENSIVE_ADV', 'FULL', 'FULL', 'FIELD_SHARED', 'FASTER', 'MEC_USED', 'CLEAN', 'CLEAN', 'NEUTRAL', 'NEUTRAL', 'CLEAR', 'CLEAR', 'OPENING', 'BANCO_VAZIO')",16,7,10,70.000,HEAL,37.500,1.721402,5.5924
"('SWEEPER', 'TANK', 'OFFENSIVE_ADV', 'FULL', 'FULL', 'FIELD_THEIRS', 'FASTER', 'MEC_USED', 'CLEAN', 'CLEAN', 'NEUTRAL', 'DEBUFF', 'CLEAR', 'CLEAR', 'OPENING', 'BANCO_DEF')",16,1,5,20.000,ATTACK_STRONG,100.000,-0.000000,1.0000
"('TANK', 'TANK', 'NEUTRAL', 'SAFE', 'SAFE', 'NORMAL', 'SLOWER', 'MEC_USED', 'CLEAN', 'AFFLICTED', 'NEUTRAL', 'NEUTRAL', 'SET', 'SET', 'CLUTCH', 'BANCO_VAZIO')",16,2,9,22.222,ATTACK_STRONG,75.000,0.562335,1.7548
"('TANK', 'SWEEPER', 'OFFENSIVE_DIS', 'SAFE', 'FULL', 'NORMAL', 'SLOWER', 'MEC_USED', 'CLEAN', 'CLEAN', 'NEUTRAL', 'NEUTRAL', 'CLEAR', 'CLEAR', 'OPENING', 'BANCO_VAZIO')",16,9,14,64.286,CLEAN_HAZARD,25.000,2.046739,7.7426
"('SWEEPER', 'SWEEPER', 'NEUTRAL', 'FULL', 'FULL', 'FIELD_SHARED', 'SLOWER', 'MEC_AVAIL', 'CLEAN', 'CLEAN', 'NEUTRAL', 'NEUTRAL', 'CLEAR', 'CLEAR', 'OPENING', 'BANCO_AMBOS')",16,5,6,83.333,ATTACK_STRONG,43.750,1.422630,4.1480
"('TANK', 'TANK', 'OFFENSIVE_ADV', 'SAFE', 'CRIT', 'FIELD_SHARED', 'FASTER', 'MEC_USED', 'CLEAN', 'CLEAN', 'NEUTRAL', 'NEUTRAL', 'CLEAR', 'CLEAR', 'OPENING', 'BANCO_OFF')",16,5,9,55.556,SWITCH_DEFENSIVE,56.250,1.244017,3.4695
"('TANK', 'TANK', 'NEUTRAL', 'SAFE', 'FULL', 'FIELD_SHARED', 'FASTER', 'MEC_USED', 'CLEAN', 'CLEAN', 'NEUTRAL', 'NEUTRAL', 'SET', 'CLEAR', 'OPENING', 'BANCO_AMBOS')",16,7,11,63.636,HEAL,37.500,1.688699,5.4124
"('SWEEPER', 'TANK', 'NEUTRAL', 'SAFE', 'SAFE', 'NORMAL', 'FASTER', 'MEC_USED', 'CLEAN', 'CLEAN', 'NEUTRAL', 'NEUTRAL', 'SET', 'CLEAR', 'OPENING', 'BANCO_AMBOS')",16,5,9,55.556,SWITCH_OFFENSIVE,56.250,1.276720,3.5849
"('UTILITY', 'SWEEPER', 'DOMINANT', 'FULL', 'FULL', 'NORMAL', 'FASTER', 'MEC_USED', 'CLEAN', 'CLEAN', 'NEUTRAL', 'NEUTRAL', 'CLEAR', 'CLEAR', 'OPENING', 'BANCO_OFF')",16,4,6,66.667,SWITCH_OFFENSIVE,37.500,1.251156,3.4944
"('TANK', 'SWEEPER', 'DOMINANT', 'FULL', 'SAFE', 'NORMAL', 'SLOWER', 'MEC_USED', 'CLEAN', 'CLEAN', 'NEUTRAL', 'NEUTRAL', 'CLEAR', 'CLEAR', 'OPENING', 'BANCO_OFF')",16,6,11,54.545,ATTACK_STRONG,37.500,1.548116,4.7026
"('SWEEPER', 'TANK', 'CRITICAL_DIS', 'FULL', 'FULL', 'FIELD_SHARED', 'FASTER', 'MEC_USED', 'CLEAN', 'CLEAN', 'NEUTRAL', 'NEUTRAL', 'CLEAR', 'CLEAR', 'OPENING', 'BANCO_AMBOS')",16,7,7,100.000,ATTACK_TECH,25.000,1.819511,6.1688
"('TANK', 'TANK', 'NEUTRAL', 'DANGER', 'FULL', 'NORMAL', 'FASTER', 'MEC_USED', 'CLEAN', 'CLEAN', 'NEUTRAL', 'NEUTRAL', 'SET', 'CLEAR', 'OPENING', 'BANCO_OFF')",16,9,11,81.818,ATTACK_STRONG,18.750,2.100679,8.1717
"('TANK', 'TANK', 'CRITICAL_DIS', 'SAFE', 'FULL', 'NORMAL', 'FASTER', 'MEC_USED', 'CLEAN', 'CLEAN', 'NEUTRAL', 'NEUTRAL', 'SET', 'SET', 'RECOVERING', 'BANCO_VAZIO')",16,3,9,33.333,HEAL,56.250,0.984087,2.6754
"('TANK', 'TANK', 'OFFENSIVE_ADV', 'SAFE', 'SAFE', 'NORMAL', 'FASTER', 'MEC_USED', 'AFFLICTED', 'CLEAN', 'NEUTRAL', 'NEUTRAL', 'CLEAR', 'CLEAR', 'CLUTCH', 'BANCO_VAZIO')",16,3,9,33.333,ATTACK_STRONG,50.000,1.039721,2.8284
"('TANK', 'TANK', 'DEFENSIVE_DIS', 'SAFE', 'SAFE', 'FIELD_OURS_OFF', 'SLOWER', 'MEC_USED', 'CLEAN', 'CLEAN', 'NEUTRAL', 'NEUTRAL', 'CLEAR', 'CLEAR', 'OPENING', 'BANCO_AMBOS')",16,4,8,50.000,HAZARD,50.000,1.060958,2.8891
"('TANK', 'TANK', 'CRITICAL_DIS', 'FULL', 'FULL', 'NORMAL', 'FASTER', 'MEC_USED', 'AFFLICTED', 'CLEAN', 'DEBUFF', 'NEUTRAL', 'SET', 'SET', 'CLUTCH', 'BANCO_VAZIO')",15,3,4,75.000,STATUS,46.667,0.891867,2.4397
"('TANK', 'TANK', 'CRITICAL_DIS', 'FULL', 'SAFE', 'NORMAL', 'SLOWER', 'MEC_USED', 'CLEAN', 'AFFLICTED', 'NEUTRAL', 'NEUTRAL', 'CLEAR', 'SET', 'RECOVERING', 'BANCO_VAZIO')",15,5,8,62.500,STAT_CLEAN,33.333,1.489750,4.4360
"('TANK', 'TANK', 'DEFENSIVE_ADV', 'FULL', 'FULL', 'NORMAL', 'SLOWER', 'MEC_USED', 'CLEAN', 'AFFLICTED', 'NEUTRAL', 'DEBUFF', 'CLEAR', 'SET', 'RECOVERING', 'BANCO_VAZIO')",15,2,4,50.000,HEAL,86.667,0.392674,1.4809
"('TANK', 'TANK', 'DEFENSIVE_DIS', 'FULL', 'DANGER', 'NORMAL', 'SLOWER', 'MEC_USED', 'CLEAN', 'CLEAN', 'NEUTRAL', 'NEUTRAL', 'CLEAR', 'CLEAR', 'OPENING', 'BANCO_OFF')",15,4,12,33.333,ATTACK_STRONG,73.333,0.857174,2.3565
"('TANK', 'TANK', 'NEUTRAL', 'SAFE', 'FULL', 'FIELD_OURS_OFF', 'FASTER', 'MEC_USED', 'CLEAN', 'CLEAN', 'NEUTRAL', 'NEUTRAL', 'SET', 'CLEAR', 'OPENING', 'BANCO_AMBOS')",15,10,12,83.333,ATTACK_PIVOT,20.000,2.176186,8.8126
"('TANK', 'TANK', 'NEUTRAL', 'SAFE', 'SAFE', 'NORMAL', 'FASTER', 'MEC_USED', 'CLEAN', 'CLEAN', 'NEUTRAL', 'NEUTRAL', 'CLEAR', 'CLEAR', 'CLUTCH', 'BANCO_VAZIO')",15,4,10,40.000,STATUS,40.000,1.270028,3.5610
"('TANK', 'TANK', 'DEFENSIVE_DIS', 'FULL', 'SAFE', 'FIELD_OURS_DEF', 'FASTER', 'MEC_USED', 'CLEAN', 'CLEAN', 'NEUTRAL', 'NEUTRAL', 'CLEAR', 'CLEAR', 'OPENING', 'BANCO_OFF')",15,8,12,66.667,SWITCH_OFFENSIVE,26.667,1.933810,6.9158
"('TANK', 'TANK', 'OFFENSIVE_ADV', 'FULL', 'FULL', 'FIELD_THEIRS', 'FASTER', 'MEC_USED', 'CLEAN', 'CLEAN', 'NEUTRAL', 'NEUTRAL', 'CLEAR', 'CLEAR', 'OPENING', 'BANCO_VAZIO')",15,10,11,90.909,ATTACK_STRONG,20.000,2.211069,9.1255
"('TANK', 'TANK', 'OFFENSIVE_DIS', 'SAFE', 'SAFE', 'NORMAL', 'SLOWER', 'MEC_USED', 'CLEAN', 'CLEAN', 'NEUTRAL', 'NEUTRAL', 'SET', 'SET', 'BRAWL', 'BANCO_OFF')",15,4,10,40.000,HAZARD,53.333,1.194453,3.3018
"('TANK', 'TANK', 'DEFENSIVE_DIS', 'SAFE', 'FULL', 'NORMAL', 'SLOWER', 'MEC_USED', 'CLEAN', 'CLEAN', 'NEUTRAL', 'NEUTRAL', 'CLEAR', 'CLEAR', 'CLUTCH', 'BANCO_VAZIO')",15,5,13,38.462,ATTACK_TECH,46.667,1.337861,3.8109
"('TANK', 'SWEEPER', 'DEFENSIVE_ADV', 'FULL', 'FULL', 'NORMAL', 'SLOWER', 'MEC_USED', 'CLEAN', 'CLEAN', 'DEBUFF', 'NEUTRAL', 'CLEAR', 'CLEAR', 'OPENING', 'BANCO_VAZIO')",15,6,6,100.000,CLEAN_HAZARD,26.667,1.714088,5.5516
"('SWEEPER', 'TANK', 'NEUTRAL', 'FULL', 'FULL', 'FIELD_SHARED', 'FASTER', 'MEC_USED', 'CLEAN', 'CLEAN', 'NEUTRAL', 'DEBUFF', 'CLEAR', 'CLEAR', 'OPENING', 'BANCO_OFF')",15,7,9,77.778,ATTACK_STRONG,33.333,1.767009,5.8533
"('UTILITY', 'TANK', 'CRITICAL_DIS', 'FULL', 'FULL', 'FIELD_THEIRS', 'FASTER', 'MEC_USED', 'CLEAN', 'CLEAN', 'NEUTRAL', 'NEUTRAL', 'CLEAR', 'CLEAR', 'OPENING', 'BANCO_AMBOS')",15,7,9,77.778,BUFF,33.333,1.801892,6.0611
"('TANK', 'TANK', 'VOLATILE', 'FULL', 'FULL', 'FIELD_SHARED', 'FASTER', 'MEC_USED', 'CLEAN', 'CLEAN', 'NEUTRAL', 'NEUTRAL', 'SET', 'CLEAR', 'OPENING', 'BANCO_OFF')",15,9,11,81.818,SWITCH_DEFENSIVE,26.667,2.026230,7.5854
"('TANK', 'TANK', 'VOLATILE', 'CRIT', 'FULL', 'NORMAL', 'FASTER', 'MEC_USED', 'CLEAN', 'CLEAN', 'NEUTRAL', 'NEUTRAL', 'SET', 'CLEAR', 'RECOVERING', 'BANCO_VAZIO')",15,7,8,87.500,ATTACK_PIVOT,40.000,1.679204,5.3613
"('TANK', 'TANK', 'DOMINANT', 'FULL', 'FULL', 'FIELD_THEIRS', 'SLOWER', 'MEC_USED', 'CLEAN', 'CLEAN', 'NEUTRAL', 'NEUTRAL', 'SET', 'CLEAR', 'OPENING', 'BANCO_OFF')",15,9,11,81.818,ATTACK_TECH,20.000,2.118649,8.3199
"('TANK', 'TANK', 'NEUTRAL', 'CRIT', 'FULL', 'NORMAL', 'FASTER', 'MEC_USED', 'CLEAN', 'CLEAN', 'NEUTRAL', 'NEUTRAL', 'CLEAR', 'CLEAR', 'BRAWL', 'BANCO_VAZIO')",15,9,10,90.000,ATTACK_PIVOT,20.000,2.048883,7.7592
"('TANK', 'TANK', 'CRITICAL_DIS', 'FULL', 'FULL', 'NORMAL', 'FASTER', 'MEC_USED', 'CLEAN', 'CLEAN', 'NEUTRAL', 'NEUTRAL', 'SET', 'CLEAR', 'OPENING', 'BANCO_AMBOS')",15,8,11,72.727,HEAL,26.667,1.968693,7.1613
"('TANK', 'UTILITY', 'CRITICAL_DIS', 'FULL', 'FULL', 'FIELD_OURS_DEF', 'SLOWER', 'MEC_USED', 'CLEAN', 'CLEAN', 'NEUTRAL', 'NEUTRAL', 'CLEAR', 'CLEAR', 'OPENING', 'BANCO_AMBOS')",15,4,4,100.000,ATTACK_STRONG,60.000,1.020037,2.7733
"('TANK', 'SWEEPER', 'NEUTRAL', 'SAFE', 'FULL', 'NORMAL', 'SLOWER', 'MEC_USED', 'CLEAN', 'CLEAN', 'NEUTRAL', 'NEUTRAL', 'CLEAR', 'CLEAR', 'BRAWL', 'BANCO_VAZIO')",15,9,12,75.000,SWITCH_DEFENSIVE,26.667,2.061113,7.8547
"('TANK', 'TANK', 'OFFENSIVE_ADV', 'DANGER', 'FULL', 'NORMAL', 'FASTER', 'MEC_USED', 'CLEAN', 'CLEAN', 'NEUTRAL', 'NEUTRAL', 'CLEAR', 'CLEAR', 'BRAWL', 'BANCO_VAZIO')",15,9,10,90.000,SWITCH_DEFENSIVE,33.333,1.951848,7.0417
"('TANK', 'TANK', 'DOMINANT', 'FULL', 'FULL', 'FIELD_SHARED', 'SLOWER', 'MEC_USED', 'CLEAN', 'CLEAN', 'NEUTRAL', 'NEUTRAL', 'SET', 'CLEAR', 'OPENING', 'BANCO_OFF')",15,8,12,66.667,ATTACK_TECH,20.000,1.991346,7.3254
"('TANK', 'TANK', 'NEUTRAL', 'DANGER', 'FULL', 'NORMAL', 'FASTER', 'MEC_USED', 'CLEAN', 'CLEAN', 'NEUTRAL', 'NEUTRAL', 'SET', 'CLEAR', 'OPENING', 'BANCO_VAZIO')",15,9,10,90.000,ATTACK_STRONG,13.333,2.153532,8.6152
"('TANK', 'TANK', 'OFFENSIVE_ADV', 'SAFE', 'DANGER', 'NORMAL', 'FASTER', 'MEC_USED', 'CLEAN', 'CLEAN', 'NEUTRAL', 'NEUTRAL', 'CLEAR', 'SET', 'OPENING', 'BANCO_OFF')",15,7,10,70.000,HEAL,53.333,1.506595,4.5113
"('TANK', 'TANK', 'CRITICAL_DIS', 'SAFE', 'FULL', 'NORMAL', 'SLOWER', 'MEC_USED', 'CLEAN', 'CLEAN', 'NEUTRAL', 'NEUTRAL', 'SET', 'SET', 'OPENING', 'BANCO_OFF')",15,9,13,69.231,STATUS,33.333,1.986732,7.2917
"('TANK', 'TANK', 'DEFENSIVE_ADV', 'FULL', 'FULL', 'NORMAL', 'SLOWER', 'MEC_USED', 'CLEAN', 'CLEAN', 'NEUTRAL', 'NEUTRAL', 'CLEAR', 'CLEAR', 'BRAWL', 'BANCO_VAZIO')",15,5,11,45.455,HEAL,33.333,1.489750,4.4360
"('TANK', 'TANK', 'NEUTRAL', 'FULL', 'FULL', 'NORMAL', 'SLOWER', 'MEC_USED', 'CLEAN', 'CLEAN', 'NEUTRAL', 'NEUTRAL', 'SET', 'CLEAR', 'BRAWL', 'BANCO_AMBOS')",15,8,14,57.143,HAZARD,26.667,1.968693,7.1613
"('TANK', 'SWEEPER', 'OFFENSIVE_ADV', 'FULL', 'FULL', 'FIELD_OURS_DEF', 'FASTER', 'MEC_USED', 'CLEAN', 'CLEAN', 'DEBUFF', 'NEUTRAL', 'CLEAR', 'CLEAR', 'OPENING', 'BANCO_OFF')",15,2,6,33.333,ATTACK_STRONG,93.333,0.244930,1.2775
"('TANK', 'TANK', 'OFFENSIVE_ADV', 'FULL', 'SAFE', 'NORMAL', 'SLOWER', 'MEC_USED', 'CLEAN', 'CLEAN', 'NEUTRAL', 'NEUTRAL', 'CLEAR', 'CLEAR', 'RECOVERING', 'BANCO_VAZIO')",15,9,11,81.818,ATTACK_STRONG,33.333,1.986732,7.2917
"('TANK', 'SWEEPER', 'OFFENSIVE_ADV', 'FULL', 'SAFE', 'FIELD_THEIRS', 'SLOWER', 'MEC_USED', 'CLEAN', 'CLEAN', 'NEUTRAL', 'NEUTRAL', 'CLEAR', 'CLEAR', 'OPENING', 'BANCO_OFF')",15,6,11,54.545,HEAL,40.000,1.551901,4.7204
"('TANK', 'TANK', 'OFFENSIVE_DIS', 'FULL', 'FULL', 'NORMAL', 'SLOWER', 'MEC_USED', 'CLEAN', 'CLEAN', 'NEUTRAL', 'NEUTRAL', 'CLEAR', 'SET', 'OPENING', 'BANCO_OFF')",15,9,12,75.000,HEAL,20.000,2.118649,8.3199
"('TANK', 'TANK', 'NEUTRAL', 'SAFE', 'SAFE', 'NORMAL', 'SLOWER', 'MEC_USED', 'CLEAN', 'CLEAN', 'NEUTRAL', 'NEUTRAL', 'SET', 'SET', 'OPENING', 'BANCO_VAZIO')",15,10,13,76.923,ATTACK_STRONG,20.000,2.211069,9.1255
"('TANK', 'TANK', 'VOLATILE', 'SAFE', 'SAFE', 'NORMAL', 'FASTER', 'MEC_USED', 'CLEAN', 'CLEAN', 'NEUTRAL', 'NEUTRAL', 'SET', 'SET', 'OPENING', 'BANCO_OFF')",15,8,11,72.727,ATTACK_STRONG,33.333,1.894312,6.6480
"('TANK', 'TANK', 'DEFENSIVE_DIS', 'SAFE', 'SAFE', 'NORMAL', 'SLOWER', 'MEC_USED', 'CLEAN', 'CLEAN', 'NEUTRAL', 'NEUTRAL', 'CLEAR', 'CLEAR', 'BRAWL', 'BANCO_OFF')",15,8,11,72.727,ATTACK_STRONG,46.667,1.707539,5.5154
"('TANK', 'TANK', 'NEUTRAL', 'FULL', 'FULL', 'NORMAL', 'FASTER', 'MEC_USED', 'CLEAN', 'CLEAN', 'BUFFED', 'NEUTRAL', 'CLEAR', 'CLEAR', 'OPENING', 'BANCO_OFF')",15,8,8,100.000,BUFF,20.000,1.991346,7.3254
"('TANK', 'TANK', 'VOLATILE', 'SAFE', 'SAFE', 'FIELD_SHARED', 'FASTER', 'MEC_USED', 'CLEAN', 'CLEAN', 'NEUTRAL', 'NEUTRAL', 'CLEAR', 'CLEAR', 'OPENING', 'BANCO_OFF')",15,6,11,54.545,SWITCH_DEFENSIVE,26.667,1.714088,5.5516
"('TANK', 'TANK', 'NEUTRAL', 'SAFE', 'SAFE', 'NORMAL', 'FASTER', 'MEC_USED', 'CLEAN', 'CLEAN', 'NEUTRAL', 'NEUTRAL', 'SET', 'CLEAR', 'BRAWL', 'BANCO_VAZIO')",15,8,11,72.727,SWITCH_DEFENSIVE,40.000,1.806507,6.0891
"('TANK', 'SWEEPER', 'NEUTRAL', 'FULL', 'FULL', 'NORMAL', 'SLOWER', 'MEC_USED', 'CLEAN', 'CLEAN', 'NEUTRAL', 'NEUTRAL', 'CLEAR', 'CLEAR', 'BRAWL', 'BANCO_VAZIO')",15,10,14,71.429,ATTACK_TECH,13.333,2.245952,9.4494
"('TANK', 'TANK', 'DEFENSIVE_DIS', 'SAFE', 'FULL', 'NORMAL', 'SLOWER', 'MEC_USED', 'CLEAN', 'CLEAN', 'NEUTRAL', 'NEUTRAL', 'CLEAR', 'CLEAR', 'BRAWL', 'BANCO_VAZIO')",15,8,12,66.667,CLEAN_HAZARD,20.000,1.956463,7.0743
"('TANK', 'TANK', 'CRITICAL_DIS', 'SAFE', 'SAFE', 'NORMAL', 'SLOWER', 'MEC_USED', 'CLEAN', 'CLEAN', 'NEUTRAL', 'NEUTRAL', 'SET', 'CLEAR', 'RECOVERING', 'BANCO_VAZIO')",15,9,13,69.231,CLEAN_HAZARD,20.000,2.083766,8.0347
"('TANK', 'TANK', 'NEUTRAL', 'SAFE', 'CRIT', 'NORMAL', 'FASTER', 'MEC_USED', 'CLEAN', 'CLEAN', 'NEUTRAL', 'NEUTRAL', 'CLEAR', 'CLEAR', 'RECOVERING', 'BANCO_VAZIO')",15,9,11,81.818,ATTACK_STRONG,26.667,2.026230,7.5854
"('TANK', 'TANK', 'NEUTRAL', 'DANGER', 'FULL', 'FIELD_SHARED', 'FASTER', 'MEC_USED', 'CLEAN', 'CLEAN', 'NEUTRAL', 'NEUTRAL', 'CLEAR', 'CLEAR', 'OPENING', 'BANCO_AMBOS')",15,9,14,64.286,ATTACK_TECH,40.000,1.898927,6.6787
"('UTILITY', 'UTILITY', 'OFFENSIVE_ADV', 'FULL', 'FULL', 'FIELD_THEIRS', 'SLOWER', 'MEC_USED', 'CLEAN', 'CLEAN', 'NEUTRAL', 'NEUTRAL', 'CLEAR', 'CLEAR', 'OPENING', 'BANCO_OFF')",15,6,9,66.667,HAZARD,46.667,1.522700,4.5846
"('TANK', 'TANK', 'OFFENSIVE_ADV', 'SAFE', 'FULL', 'NORMAL', 'FASTER', 'MEC_AVAIL', 'CLEAN', 'CLEAN', 'NEUTRAL', 'NEUTRAL', 'CLEAR', 'CLEAR', 'OPENING', 'BANCO_VAZIO')",15,9,14,64.286,SWITCH_DEFENSIVE,20.000,2.118649,8.3199
"('TANK', 'TANK', 'DEFENSIVE_DIS', 'SAFE', 'FULL', 'NORMAL', 'FASTER', 'MEC_USED', 'CLEAN', 'CLEAN', 'NEUTRAL', 'NEUTRAL', 'CLEAR', 'CLEAR', 'CLUTCH', 'BANCO_VAZIO')",15,4,12,33.333,ATTACK_TECH,40.000,1.251989,3.4973
"('UTILITY', 'TANK', 'OFFENSIVE_ADV', 'FULL', 'SAFE', 'NORMAL', 'FASTER', 'MEC_USED', 'CLEAN', 'CLEAN', 'NEUTRAL', 'NEUTRAL', 'CLEAR', 'CLEAR', 'OPENING', 'BANCO_OFF')",15,9,10,90.000,ATTACK_PIVOT,20.000,2.083766,8.0347
"('TANK', 'TANK', 'OFFENSIVE_ADV', 'FULL', 'FULL', 'FIELD_SHARED', 'FASTER', 'MEC_AVAIL', 'CLEAN', 'CLEAN', 'NEUTRAL', 'NEUTRAL', 'SET', 'CLEAR', 'OPENING', 'BANCO_AMBOS')",15,6,10,60.000,BUFF,33.333,1.639706,5.1537
"('TANK', 'TANK', 'OFFENSIVE_ADV', 'CRIT', 'SAFE', 'NORMAL', 'FASTER', 'MEC_USED', 'CLEAN', 'CLEAN', 'NEUTRAL', 'NEUTRAL', 'SET', 'CLEAR', 'OPENING', 'BANCO_OFF')",15,7,9,77.778,ATTACK_STRONG,33.333,1.732126,5.6527
"('TANK', 'TANK', 'NEUTRAL', 'SAFE', 'FULL', 'NORMAL', 'FASTER', 'MEC_AVAIL', 'CLEAN', 'CLEAN', 'NEUTRAL', 'NEUTRAL', 'SET', 'CLEAR', 'OPENING', 'BANCO_OFF')",15,10,16,62.500,ATTACK_STRONG_MEC,20.000,2.211069,9.1255
"('TANK', 'SWEEPER', 'DEFENSIVE_DIS', 'SAFE', 'FULL', 'NORMAL', 'SLOWER', 'MEC_USED', 'CLEAN', 'CLEAN', 'NEUTRAL', 'NEUTRAL', 'CLEAR', 'CLEAR', 'OPENING', 'BANCO_AMBOS')",15,6,12,50.000,SWITCH_OFFENSIVE,46.667,1.522700,4.5846
"('TANK', 'TANK', 'VOLATILE', 'SAFE', 'FULL', 'FIELD_SHARED', 'SLOWER', 'MEC_USED', 'CLEAN', 'CLEAN', 'NEUTRAL', 'NEUTRAL', 'CLEAR', 'CLEAR', 'OPENING', 'BANCO_OFF')",15,9,12,75.000,HEAL,33.333,1.986732,7.2917
"('TANK', 'TANK', 'NEUTRAL', 'DANGER', 'SAFE', 'NORMAL', 'FASTER', 'MEC_USED', 'CLEAN', 'CLEAN', 'NEUTRAL', 'NEUTRAL', 'SET', 'SET', 'OPENING', 'BANCO_OFF')",15,11,14,78.571,BARRIER,26.667,2.245952,9.4494
"('TANK', 'TANK', 'OFFENSIVE_ADV', 'SAFE', 'FULL', 'FIELD_OURS_OFF', 'FASTER', 'MEC_AVAIL', 'CLEAN', 'CLEAN', 'NEUTRAL', 'NEUTRAL', 'CLEAR', 'CLEAR', 'OPENING', 'BANCO_OFF')",15,6,14,42.857,ATTACK_STRONG_MEC,60.000,1.297296,3.6594
"('TANK', 'TANK', 'OFFENSIVE_ADV', 'CRIT', 'FULL', 'NORMAL', 'FASTER', 'MEC_AVAIL', 'CLEAN', 'CLEAN', 'NEUTRAL', 'NEUTRAL', 'CLEAR', 'CLEAR', 'OPENING', 'BANCO_OFF')",15,9,14,64.286,STATUS,33.333,1.986732,7.2917
"('TANK', 'TANK', 'VOLATILE', 'SAFE', 'FULL', 'FIELD_THEIRS', 'SLOWER', 'MEC_USED', 'CLEAN', 'CLEAN', 'NEUTRAL', 'NEUTRAL', 'CLEAR', 'CLEAR', 'OPENING', 'BANCO_AMBOS')",15,3,9,33.333,SWITCH_OFFENSIVE,80.000,0.627705,1.8733
"('TANK', 'SWEEPER', 'DEFENSIVE_DIS', 'FULL', 'FULL', 'NORMAL', 'SLOWER', 'MEC_USED', 'CLEAN', 'CLEAN', 'NEUTRAL', 'NEUTRAL', 'CLEAR', 'CLEAR', 'RECOVERING', 'BANCO_VAZIO')",15,8,13,61.538,ATTACK_STRONG,26.667,1.968693,7.1613
"('TANK', 'TANK', 'OFFENSIVE_ADV', 'SAFE', 'SAFE', 'NORMAL', 'FASTER', 'MEC_USED', 'CLEAN', 'CLEAN', 'NEUTRAL', 'DEBUFF', 'CLEAR', 'CLEAR', 'OPENING', 'BANCO_OFF')",15,7,10,70.000,HAZARD,33.333,1.767009,5.8533
"('TANK', 'UTILITY', 'NEUTRAL', 'FULL', 'DANGER', 'NORMAL', 'SLOWER', 'MEC_USED', 'CLEAN', 'CLEAN', 'NEUTRAL', 'NEUTRAL', 'CLEAR', 'CLEAR', 'OPENING', 'BANCO_OFF')",15,6,12,50.000,ATTACK_PIVOT,33.333,1.582170,4.8655
"('TANK', 'TANK', 'NEUTRAL', 'DANGER', 'SAFE', 'NORMAL', 'SLOWER', 'MEC_USED', 'CLEAN', 'CLEAN', 'NEUTRAL', 'NEUTRAL', 'CLEAR', 'SET', 'OPENING', 'BANCO_OFF')",15,9,12,75.000,CLEAN_HAZARD,20.000,2.118649,8.3199
"('TANK', 'TANK', 'NEUTRAL', 'DANGER', 'DANGER', 'NORMAL', 'SLOWER', 'MEC_USED', 'CLEAN', 'CLEAN', 'NEUTRAL', 'NEUTRAL', 'CLEAR', 'SET', 'OPENING', 'BANCO_OFF')",15,6,12,50.000,ATTACK_TECH,33.333,1.639706,5.1537
"('TANK', 'TANK', 'NEUTRAL', 'FULL', 'SAFE', 'NORMAL', 'SLOWER', 'MEC_AVAIL', 'CLEAN', 'CLEAN', 'NEUTRAL', 'NEUTRAL', 'CLEAR', 'CLEAR', 'OPENING', 'BANCO_OFF')",15,6,14,42.857,ATTACK_TECH_MEC,33.333,1.639706,5.1537
"('TANK', 'TANK', 'NEUTRAL', 'SAFE', 'FULL', 'NORMAL', 'FASTER', 'MEC_AVAIL', 'CLEAN', 'CLEAN', 'NEUTRAL', 'NEUTRAL', 'CLEAR', 'CLEAR', 'BRAWL', 'BANCO_OFF')",15,7,12,58.333,HEAL,53.333,1.506595,4.5113
"('TANK', 'TANK', 'OFFENSIVE_DIS', 'DANGER', 'FULL', 'NORMAL', 'FASTER', 'MEC_USED', 'CLEAN', 'CLEAN', 'NEUTRAL', 'NEUTRAL', 'SET', 'CLEAR', 'BRAWL', 'BANCO_OFF')",15,8,14,57.143,HEAL,20.000,1.991346,7.3254
"('TANK', 'TANK', 'VOLATILE', 'SAFE', 'SAFE', 'NORMAL', 'FASTER', 'MEC_USED', 'CLEAN', 'CLEAN', 'NEUTRAL', 'NEUTRAL', 'CLEAR', 'CLEAR', 'OPENING', 'BANCO_AMBOS')",15,7,10,70.000,HEAL,53.333,1.506595,4.5113
"('TANK', 'TANK', 'OFFENSIVE_ADV', 'SAFE', 'FULL', 'NORMAL', 'FASTER', 'MEC_AVAIL', 'CLEAN', 'CLEAN', 'NEUTRAL', 'NEUTRAL', 'CLEAR', 'CLEAR', 'BRAWL', 'BANCO_OFF')",15,2,14,14.286,ATTACK_STRONG,53.333,0.690923,1.9956
"('TANK', 'TANK', 'NEUTRAL', 'CRIT', 'SAFE', 'NORMAL', 'FASTER', 'MEC_USED', 'CLEAN', 'CLEAN', 'NEUTRAL', 'NEUTRAL', 'CLEAR', 'SET', 'RECOVERING', 'BANCO_VAZIO')",15,9,12,75.000,ATTACK_PIVOT,20.000,2.083766,8.0347
"('TANK', 'TANK', 'NEUTRAL', 'FULL', 'CRIT', 'NORMAL', 'FASTER', 'MEC_USED', 'CLEAN', 'CLEAN', 'NEUTRAL', 'NEUTRAL', 'SET', 'CLEAR', 'OPENING', 'BANCO_OFF')",15,10,10,100.000,SWITCH_OFFENSIVE,20.000,2.211069,9.1255
"('TANK', 'TANK', 'NEUTRAL', 'FULL', 'FULL', 'FIELD_SHARED', 'FASTER', 'MEC_USED', 'CLEAN', 'CLEAN', 'NEUTRAL', 'NEUTRAL', 'CLEAR', 'CLEAR', 'OPENING', 'BANCO_DEF')",15,6,10,60.000,ATTACK_PIVOT,46.667,1.487817,4.4274
"('TANK', 'SWEEPER', 'DEFENSIVE_DIS', 'DANGER', 'FULL', 'NORMAL', 'SLOWER', 'MEC_USED', 'CLEAN', 'CLEAN', 'NEUTRAL', 'NEUTRAL', 'CLEAR', 'CLEAR', 'OPENING', 'BANCO_OFF')",15,8,12,66.667,STATUS,26.667,1.933810,6.9158
"('SWEEPER', 'TANK', 'OFFENSIVE_ADV', 'FULL', 'SAFE', 'FIELD_THEIRS', 'FASTER', 'MEC_USED', 'CLEAN', 'CLEAN', 'NEUTRAL', 'DEBUFF', 'CLEAR', 'CLEAR', 'OPENING', 'BANCO_OFF')",15,2,6,33.333,ATTACK_PIVOT,66.667,0.636514,1.8899
"('TANK', 'TANK', 'NEUTRAL', 'FULL', 'SAFE', 'NORMAL', 'FASTER', 'MEC_USED', 'CLEAN', 'CLEAN', 'NEUTRAL', 'NEUTRAL', 'SET', 'CLEAR', 'BRAWL', 'BANCO_VAZIO')",15,3,11,27.273,ATTACK_STRONG,73.333,0.764754,2.1485
"('TANK', 'TANK', 'OFFENSIVE_DIS', 'SAFE', 'FULL', 'NORMAL', 'SLOWER', 'MEC_USED', 'CLEAN', 'AFFLICTED', 'NEUTRAL', 'NEUTRAL', 'SET', 'SET', 'CLUTCH', 'BANCO_VAZIO')",15,5,8,62.500,HEAL,33.333,1.450252,4.2642
"('TANK', 'TANK', 'STALEMATE', 'FULL', 'FULL', 'NORMAL', 'SLOWER', 'MEC_USED', 'CLEAN', 'CLEAN', 'NEUTRAL', 'NEUTRAL', 'SET', 'SET', 'OPENING', 'BANCO_OFF')",15,4,9,44.444,HAZARD,66.667,0.953271,2.5942
"('TANK', 'TANK', 'NEUTRAL', 'DANGER', 'FULL', 'NORMAL', 'FASTER', 'MEC_USED', 'CLEAN', 'CLEAN', 'NEUTRAL', 'NEUTRAL', 'SET', 'CLEAR', 'BRAWL', 'BANCO_VAZIO')",15,9,11,81.818,STATUS,20.000,2.083766,8.0347
"('TANK', 'TANK', 'NEUTRAL', 'FULL', 'SAFE', 'NORMAL', 'FASTER', 'MEC_USED', 'AFFLICTED', 'CLEAN', 'BUFFED', 'NEUTRAL', 'SET', 'SET', 'CLUTCH', 'BANCO_VAZIO')",15,2,2,100.000,HAZARD,86.667,0.392674,1.4809
"('TANK', 'TANK', 'OFFENSIVE_DIS', 'SAFE', 'SAFE', 'NORMAL', 'SLOWER', 'MEC_USED', 'CLEAN', 'CLEAN', 'NEUTRAL', 'NEUTRAL', 'SET', 'CLEAR', 'CLUTCH', 'BANCO_VAZIO')",15,4,11,36.364,ATTACK_STRONG,33.333,1.322950,3.7545
"('TANK', 'TANK', 'NEUTRAL', 'DANGER', 'SAFE', 'NORMAL', 'SLOWER', 'MEC_USED', 'CLEAN', 'CLEAN', 'NEUTRAL', 'NEUTRAL', 'SET', 'SET', 'CLUTCH', 'BANCO_VAZIO')",14,5,11,45.455,HEAL,64.286,1.127535,3.0880
"('TANK', 'TANK', 'NEUTRAL', 'FULL', 'SAFE', 'FIELD_THEIRS', 'FASTER', 'MEC_USED', 'CLEAN', 'CLEAN', 'NEUTRAL', 'NEUTRAL', 'CLEAR', 'CLEAR', 'OPENING', 'BANCO_OFF')",14,8,8,100.000,SWITCH_OFFENSIVE,21.429,2.007556,7.4451
"('TANK', 'TANK', 'NEUTRAL', 'DANGER', 'SAFE', 'NORMAL', 'SLOWER', 'MEC_USED', 'CLEAN', 'CLEAN', 'NEUTRAL', 'NEUTRAL', 'SET', 'CLEAR', 'OPENING', 'BANCO_OFF')",14,11,14,78.571,HEAL,21.429,2.304619,10.0204
"('TANK', 'TANK', 'CRITICAL_DIS', 'DANGER', 'FULL', 'NORMAL', 'SLOWER', 'MEC_USED', 'CLEAN', 'CLEAN', 'NEUTRAL', 'NEUTRAL', 'CLEAR', 'CLEAR', 'RECOVERING', 'BANCO_VAZIO')",14,7,10,70.000,HEAL,35.714,1.668174,5.3025
"('TANK', 'TANK', 'OFFENSIVE_ADV', 'SAFE', 'SAFE', 'NORMAL', 'FASTER', 'MEC_USED', 'CLEAN', 'CLEAN', 'NEUTRAL', 'NEUTRAL', 'CLEAR', 'SET', 'OPENING', 'BANCO_OFF')",14,6,11,54.545,HAZARD,28.571,1.673118,5.3288
"('TANK', 'TANK', 'OFFENSIVE_ADV', 'SAFE', 'SAFE', 'NORMAL', 'FASTER', 'MEC_USED', 'CLEAN', 'CLEAN', 'NEUTRAL', 'NEUTRAL', 'CLEAR', 'CLEAR', 'RECOVERING', 'BANCO_VAZIO')",14,7,9,77.778,CLEAN_HAZARD,28.571,1.809514,6.1075
"('TANK', 'TANK', 'VOLATILE', 'FULL', 'FULL', 'NORMAL', 'SLOWER', 'MEC_USED', 'CLEAN', 'CLEAN', 'NEUTRAL', 'NEUTRAL', 'CLEAR', 'CLEAR', 'RECOVERING', 'BANCO_VAZIO')",14,8,10,80.000,ATTACK_TECH,28.571,1.945910,7.0000
"('TANK', 'TANK', 'DEFENSIVE_ADV', 'FULL', 'SAFE', 'NORMAL', 'SLOWER', 'MEC_USED', 'CLEAN', 'CLEAN', 'NEUTRAL', 'NEUTRAL', 'CLEAR', 'SET', 'OPENING', 'BANCO_VAZIO')",14,4,11,36.364,STATUS,50.000,1.170997,3.2252
"('TANK', 'UTILITY', 'NEUTRAL', 'SAFE', 'SAFE', 'NORMAL', 'SLOWER', 'MEC_USED', 'CLEAN', 'CLEAN', 'NEUTRAL', 'NEUTRAL', 'CLEAR', 'CLEAR', 'OPENING', 'BANCO_VAZIO')",14,9,11,81.818,STATUS,21.429,2.106577,8.2201
"('SWEEPER', 'UTILITY', 'OFFENSIVE_ADV', 'FULL', 'FULL', 'NORMAL', 'FASTER', 'MEC_AVAIL', 'CLEAN', 'CLEAN', 'NEUTRAL', 'NEUTRAL', 'CLEAR', 'CLEAR', 'OPENING', 'BANCO_OFF')",14,4,10,40.000,SWITCH_OFFENSIVE,57.143,1.116367,3.0537
"('TANK', 'TANK', 'OFFENSIVE_DIS', 'CRIT', 'SAFE', 'NORMAL', 'SLOWER', 'MEC_USED', 'CLEAN', 'CLEAN', 'NEUTRAL', 'NEUTRAL', 'CLEAR', 'CLEAR', 'RECOVERING', 'BANCO_VAZIO')",14,10,12,83.333,PROTECT,21.429,2.205598,9.0757
"('TANK', 'TANK', 'OFFENSIVE_DIS', 'SAFE', 'FULL', 'NORMAL', 'SLOWER', 'MEC_USED', 'CLEAN', 'CLEAN', 'NEUTRAL', 'NEUTRAL', 'CLEAR', 'SET', 'OPENING', 'BANCO_OFF')",14,8,12,66.667,STATUS,21.429,2.007556,7.4451
"('TANK', 'TANK', 'OFFENSIVE_DIS', 'SAFE', 'FULL', 'NORMAL', 'SLOWER', 'MEC_USED', 'CLEAN', 'CLEAN', 'NEUTRAL', 'NEUTRAL', 'SET', 'CLEAR', 'OPENING', 'BANCO_AMBOS')",14,6,12,50.000,STAT_CLEAN,28.571,1.611472,5.0102
"('UTILITY', 'TANK', 'DOMINANT', 'FULL', 'FULL', 'NORMAL', 'FASTER', 'MEC_USED', 'CLEAN', 'CLEAN', 'NEUTRAL', 'NEUTRAL', 'SET', 'CLEAR', 'OPENING', 'BANCO_OFF')",14,6,7,85.714,ATTACK_STRONG,28.571,1.673118,5.3288
"('SWEEPER', 'TANK', 'OFFENSIVE_ADV', 'FULL', 'CRIT', 'NORMAL', 'FASTER', 'MEC_USED', 'CLEAN', 'CLEAN', 'NEUTRAL', 'DEBUFF', 'CLEAR', 'CLEAR', 'OPENING', 'BANCO_OFF')",14,7,7,100.000,CLEAN_HAZARD,28.571,1.747868,5.7423
"('TANK', 'TANK', 'NEUTRAL', 'SAFE', 'FULL', 'NORMAL', 'FASTER', 'MEC_USED', 'AFFLICTED', 'CLEAN', 'NEUTRAL', 'NEUTRAL', 'CLEAR', 'CLEAR', 'OPENING', 'BANCO_OFF')",14,7,11,63.636,STATUS,35.714,1.767195,5.8544
"('TANK', 'TANK', 'OFFENSIVE_ADV', 'DANGER', 'SAFE', 'NORMAL', 'FASTER', 'MEC_USED', 'CLEAN', 'CLEAN', 'NEUTRAL', 'NEUTRAL', 'CLEAR', 'SET', 'OPENING', 'BANCO_OFF')",14,8,12,66.667,ATTACK_STRONG,28.571,1.846889,6.3401
"('TANK', 'TANK', 'OFFENSIVE_ADV', 'CRIT', 'SAFE', 'NORMAL', 'FASTER', 'MEC_USED', 'CLEAN', 'CLEAN', 'NEUTRAL', 'NEUTRAL', 'CLEAR', 'CLEAR', 'RECOVERING', 'BANCO_VAZIO')",14,7,9,77.778,ATTACK_STRONG,28.571,1.809514,6.1075
"('TANK', 'SWEEPER', 'OFFENSIVE_ADV', 'FULL', 'FULL', 'NORMAL', 'SLOWER', 'MEC_AVAIL', 'CLEAN', 'CLEAN', 'NEUTRAL', 'BUFFED', 'CLEAR', 'CLEAR', 'OPENING', 'BANCO_OFF')",14,9,16,56.250,ATTACK_STRONG_MEC,14.286,2.143952,8.5331
"('TANK', 'TANK', 'NEUTRAL', 'FULL', 'FULL', 'NORMAL', 'SLOWER', 'MEC_USED', 'CLEAN', 'CLEAN', 'NEUTRAL', 'NEUTRAL', 'SET', 'CLEAR', 'DOMINATING', 'BANCO_AMBOS')",14,3,12,25.000,HEAL,71.429,0.758937,2.1360
"('SWEEPER', 'TANK', 'OFFENSIVE_ADV', 'FULL', 'FULL', 'NORMAL', 'FASTER', 'MEC_USED', 'CLEAN', 'CLEAN', 'NEUTRAL', 'NEUTRAL', 'CLEAR', 'CLEAR', 'OPENING', 'BANCO_VAZIO')",14,4,6,66.667,CLEAN_HAZARD,35.714,1.333736,3.7952
"('SWEEPER', 'TANK', 'NEUTRAL', 'DANGER', 'SAFE', 'NORMAL', 'FASTER', 'MEC_USED', 'CLEAN', 'CLEAN', 'NEUTRAL', 'NEUTRAL', 'CLEAR', 'CLEAR', 'OPENING', 'BANCO_OFF')",14,7,9,77.778,ATTACK_STRONG,28.571,1.846889,6.3401
"('TANK', 'SWEEPER', 'OFFENSIVE_ADV', 'SAFE', 'FULL', 'NORMAL', 'SLOWER', 'MEC_USED', 'CLEAN', 'CLEAN', 'NEUTRAL', 'NEUTRAL', 'CLEAR', 'CLEAR', 'OPENING', 'BANCO_VAZIO')",14,7,8,87.500,ATTACK_STRONG,21.429,1.871160,6.4958
"('TANK', 'TANK', 'OFFENSIVE_ADV', 'SAFE', 'FULL', 'FIELD_OURS_OFF', 'FASTER', 'MEC_USED', 'CLEAN', 'CLEAN', 'NEUTRAL', 'NEUTRAL', 'CLEAR', 'CLEAR', 'OPENING', 'BANCO_AMBOS')",14,9,12,75.000,ATTACK_STRONG,21.429,2.106577,8.2201
"('UTILITY', 'TANK', 'OFFENSIVE_ADV', 'FULL', 'FULL', 'FIELD_OURS_OFF', 'FASTER', 'MEC_USED', 'CLEAN', 'CLEAN', 'NEUTRAL', 'NEUTRAL', 'CLEAR', 'CLEAR', 'OPENING', 'BANCO_AMBOS')",14,7,7,100.000,ATTACK_STRONG,42.857,1.673118,5.3288
"('TANK', 'TANK', 'CRITICAL_DIS', 'DANGER', 'FULL', 'NORMAL', 'SLOWER', 'MEC_USED', 'CLEAN', 'CLEAN', 'NEUTRAL', 'NEUTRAL', 'CLEAR', 'CLEAR', 'OPENING', 'BANCO_AMBOS')",14,4,13,30.769,SWITCH_DEFENSIVE,71.429,0.895333,2.4482
"('TANK', 'TANK', 'DEFENSIVE_ADV', 'SAFE', 'SAFE', 'NORMAL', 'FASTER', 'MEC_USED', 'CLEAN', 'CLEAN', 'NEUTRAL', 'NEUTRAL', 'CLEAR', 'CLEAR', 'OPENING', 'BANCO_AMBOS')",14,5,10,50.000,HEAL,42.857,1.437701,4.2110
"('TANK', 'UTILITY', 'VOLATILE', 'FULL', 'FULL', 'FIELD_OURS_OFF', 'FASTER', 'MEC_USED', 'CLEAN', 'CLEAN', 'NEUTRAL', 'NEUTRAL', 'CLEAR', 'CLEAR', 'OPENING', 'BANCO_OFF')",14,3,4,75.000,SWITCH_DEFENSIVE,85.714,0.509137,1.6639
"('TANK', 'TANK', 'OFFENSIVE_DIS', 'FULL', 'CRIT', 'NORMAL', 'SLOWER', 'MEC_USED', 'CLEAN', 'CLEAN', 'NEUTRAL', 'NEUTRAL', 'CLEAR', 'CLEAR', 'OPENING', 'BANCO_OFF')",14,8,12,66.667,STATUS,21.429,1.970181,7.1720
"('TANK', 'TANK', 'NEUTRAL', 'FULL', 'FULL', 'NORMAL', 'FASTER', 'MEC_USED', 'AFFLICTED', 'AFFLICTED', 'DEBUFF', 'DEBUFF', 'SET', 'SET', 'CLUTCH', 'BANCO_VAZIO')",14,2,2,100.000,HAZARD,92.857,0.257319,1.2935
"('SWEEPER', 'SWEEPER', 'STALEMATE', 'FULL', 'FULL', 'NORMAL', 'SLOWER', 'MEC_USED', 'CLEAN', 'CLEAN', 'NEUTRAL', 'NEUTRAL', 'CLEAR', 'CLEAR', 'OPENING', 'BANCO_AMBOS')",14,4,4,100.000,HAZARD,71.429,0.895333,2.4482
"('TANK', 'TANK', 'NEUTRAL', 'SAFE', 'DANGER', 'NORMAL', 'SLOWER', 'MEC_USED', 'CLEAN', 'CLEAN', 'NEUTRAL', 'NEUTRAL', 'SET', 'SET', 'RECOVERING', 'BANCO_VAZIO')",14,7,10,70.000,STATUS,28.571,1.809514,6.1075
"('TANK', 'UTILITY', 'DEFENSIVE_ADV', 'FULL', 'FULL', 'FIELD_OURS_OFF', 'SLOWER', 'MEC_USED', 'CLEAN', 'CLEAN', 'NEUTRAL', 'NEUTRAL', 'CLEAR', 'CLEAR', 'OPENING', 'BANCO_DEF')",14,8,9,88.889,ATTACK_TECH,21.429,1.970181,7.1720
"('TANK', 'TANK', 'DEFENSIVE_DIS', 'FULL', 'SAFE', 'FIELD_THEIRS', 'SLOWER', 'MEC_USED', 'CLEAN', 'CLEAN', 'NEUTRAL', 'NEUTRAL', 'CLEAR', 'CLEAR', 'OPENING', 'BANCO_AMBOS')",14,3,12,25.000,SWITCH_DEFENSIVE,85.714,0.509137,1.6639
"('TANK', 'SWEEPER', 'NEUTRAL', 'FULL', 'DANGER', 'NORMAL', 'SLOWER', 'MEC_USED', 'CLEAN', 'CLEAN', 'NEUTRAL', 'NEUTRAL', 'CLEAR', 'CLEAR', 'OPENING', 'BANCO_OFF')",14,7,12,58.333,PROTECT,21.429,1.908535,6.7432
"('TANK', 'TANK', 'CRITICAL_DIS', 'FULL', 'FULL', 'NORMAL', 'SLOWER', 'MEC_USED', 'CLEAN', 'CLEAN', 'NEUTRAL', 'NEUTRAL', 'SET', 'CLEAR', 'CLUTCH', 'BANCO_VAZIO')",14,2,8,25.000,HAZARD,85.714,0.410116,1.5070
"('TANK', 'TANK', 'CRITICAL_DIS', 'DANGER', 'SAFE', 'NORMAL', 'FASTER', 'MEC_USED', 'CLEAN', 'CLEAN', 'NEUTRAL', 'NEUTRAL', 'CLEAR', 'SET', 'RECOVERING', 'BANCO_VAZIO')",14,5,10,50.000,DISRUPTION,64.286,1.127535,3.0880
"('TANK', 'TANK', 'STALEMATE', 'SAFE', 'FULL', 'NORMAL', 'SLOWER', 'MEC_USED', 'CLEAN', 'CLEAN', 'NEUTRAL', 'NEUTRAL', 'SET', 'CLEAR', 'OPENING', 'BANCO_OFF')",14,8,11,72.727,ATTACK_TECH,28.571,1.908535,6.7432
"('TANK', 'TANK', 'NEUTRAL', 'FULL', 'FULL', 'NORMAL', 'FASTER', 'MEC_USED', 'CLEAN', 'CLEAN', 'BUFFED', 'NEUTRAL', 'SET', 'CLEAR', 'OPENING', 'BANCO_AMBOS')",14,7,8,87.500,HEAL,42.857,1.635743,5.1333
"('SWEEPER', 'TANK', 'VOLATILE', 'FULL', 'SAFE', 'FIELD_OURS_OFF', 'FASTER', 'MEC_USED', 'CLEAN', 'CLEAN', 'NEUTRAL', 'NEUTRAL', 'CLEAR', 'CLEAR', 'OPENING', 'BANCO_AMBOS')",14,6,6,100.000,SWITCH_DEFENSIVE,28.571,1.710493,5.5317
"('TANK', 'SWEEPER', 'DEFENSIVE_DIS', 'FULL', 'FULL', 'FIELD_OURS_DEF', 'SLOWER', 'MEC_USED', 'CLEAN', 'CLEAN', 'DEBUFF', 'NEUTRAL', 'CLEAR', 'CLEAR', 'OPENING', 'BANCO_AMBOS')",14,3,3,100.000,SWITCH_DEFENSIVE,35.714,1.093375,2.9843
"('TANK', 'TANK', 'NEUTRAL', 'SAFE', 'DANGER', 'NORMAL', 'SLOWER', 'MEC_USED', 'CLEAN', 'CLEAN', 'NEUTRAL', 'NEUTRAL', 'CLEAR', 'CLEAR', 'BRAWL', 'BANCO_OFF')",14,4,11,36.364,ATTACK_STRONG,57.143,1.054721,2.8712
"('TANK', 'TANK', 'NEUTRAL', 'FULL', 'SAFE', 'NORMAL', 'SLOWER', 'MEC_USED', 'CLEAN', 'CLEAN', 'NEUTRAL', 'NEUTRAL', 'SET', 'SET', 'OPENING', 'BANCO_AMBOS')",14,6,13,46.154,ATTACK_PIVOT,35.714,1.569153,4.8026
"('TANK', 'TANK', 'NEUTRAL', 'FULL', 'FULL', 'FIELD_THEIRS', 'SLOWER', 'MEC_USED', 'CLEAN', 'CLEAN', 'NEUTRAL', 'NEUTRAL', 'SET', 'CLEAR', 'OPENING', 'BANCO_AMBOS')",14,7,12,58.333,STATUS,42.857,1.673118,5.3288
"('TANK', 'TANK', 'OFFENSIVE_ADV', 'SAFE', 'FULL', 'NORMAL', 'FASTER', 'MEC_USED', 'CLEAN', 'CLEAN', 'NEUTRAL', 'NEUTRAL', 'CLEAR', 'CLEAR', 'DOMINATING', 'BANCO_OFF')",14,5,12,41.667,ATTACK_STRONG,64.286,1.127535,3.0880
"('SWEEPER', 'TANK', 'OFFENSIVE_ADV', 'DANGER', 'FULL', 'FIELD_OURS_OFF', 'FASTER', 'MEC_USED', 'CLEAN', 'CLEAN', 'NEUTRAL', 'NEUTRAL', 'CLEAR', 'CLEAR', 'OPENING', 'BANCO_OFF')",14,6,9,66.667,ATTACK_PIVOT,42.857,1.536722,4.6493
"('TANK', 'UTILITY', 'OFFENSIVE_ADV', 'FULL', 'FULL', 'NORMAL', 'SLOWER', 'MEC_USED', 'CLEAN', 'CLEAN', 'NEUTRAL', 'NEUTRAL', 'SET', 'CLEAR', 'OPENING', 'BANCO_OFF')",14,8,13,61.538,ATTACK_STRONG,21.429,2.007556,7.4451
"('TANK', 'TANK', 'DEFENSIVE_DIS', 'SAFE', 'SAFE', 'NORMAL', 'FASTER', 'MEC_USED', 'CLEAN', 'CLEAN', 'NEUTRAL', 'NEUTRAL', 'CLEAR', 'SET', 'OPENING', 'BANCO_AMBOS')",14,3,11,27.273,SWITCH_DEFENSIVE,85.714,0.509137,1.6639
"('TANK', 'TANK', 'OFFENSIVE_ADV', 'FULL', 'SAFE', 'NORMAL', 'SLOWER', 'MEC_USED', 'CLEAN', 'CLEAN', 'NEUTRAL', 'NEUTRAL', 'CLEAR', 'CLEAR', 'OPENING', 'BANCO_VAZIO')",14,5,12,41.667,ATTACK_STRONG,42.857,1.376055,3.9593
"('TANK', 'TANK', 'OFFENSIVE_DIS', 'SAFE', 'FULL', 'NORMAL', 'SLOWER', 'MEC_USED', 'CLEAN', 'CLEAN', 'NEUTRAL', 'NEUTRAL', 'SET', 'SET', 'OPENING', 'BANCO_OFF')",14,6,12,50.000,ATTACK_STRONG,28.571,1.611472,5.0102
"('TANK', 'TANK', 'DEFENSIVE_ADV', 'SAFE', 'SAFE', 'NORMAL', 'FASTER', 'MEC_USED', 'CLEAN', 'CLEAN', 'NEUTRAL', 'NEUTRAL', 'SET', 'CLEAR', 'OPENING', 'BANCO_AMBOS')",14,6,12,50.000,PROTECT,28.571,1.673118,5.3288
"('TANK', 'TANK', 'VOLATILE', 'FULL', 'SAFE', 'NORMAL', 'FASTER', 'MEC_USED', 'CLEAN', 'CLEAN', 'NEUTRAL', 'NEUTRAL', 'CLEAR', 'CLEAR', 'BRAWL', 'BANCO_OFF')",14,8,12,66.667,ATTACK_STRONG,14.286,2.044931,7.7286
"('TANK', 'TANK', 'DEFENSIVE_ADV', 'FULL', 'FULL', 'FIELD_OURS_DEF', 'FASTER', 'MEC_AVAIL', 'CLEAN', 'CLEAN', 'NEUTRAL', 'NEUTRAL', 'CLEAR', 'CLEAR', 'OPENING', 'BANCO_AMBOS')",14,5,6,83.333,SWITCH_OFFENSIVE,42.857,1.437701,4.2110
"('TANK', 'TANK', 'CRITICAL_DIS', 'DANGER', 'FULL', 'NORMAL', 'FASTER', 'MEC_USED', 'CLEAN', 'CLEAN', 'NEUTRAL', 'NEUTRAL', 'CLEAR', 'CLEAR', 'RECOVERING', 'BANCO_VAZIO')",14,7,11,63.636,CLEAN_HAZARD,35.714,1.668174,5.3025
"('TANK', 'TANK', 'OFFENSIVE_ADV', 'SAFE', 'FULL', 'FIELD_THEIRS', 'SLOWER', 'MEC_USED', 'CLEAN', 'CLEAN', 'NEUTRAL', 'NEUTRAL', 'SET', 'CLEAR', 'OPENING', 'BANCO_OFF')",14,8,12,66.667,ATTACK_STRONG,50.000,1.666102,5.2915
"('TANK', 'UTILITY', 'DEFENSIVE_DIS', 'SAFE', 'FULL', 'NORMAL', 'SLOWER', 'MEC_USED', 'CLEAN', 'CLEAN', 'NEUTRAL', 'NEUTRAL', 'CLEAR', 'CLEAR', 'OPENING', 'BANCO_OFF')",14,9,12,75.000,DISRUPTION,21.429,2.106577,8.2201
"('TANK', 'TANK', 'VOLATILE', 'FULL', 'FULL', 'FIELD_OURS_DEF', 'SLOWER', 'MEC_USED', 'CLEAN', 'CLEAN', 'NEUTRAL', 'NEUTRAL', 'CLEAR', 'CLEAR', 'OPENING', 'BANCO_DEF')",14,2,3,66.667,ATTACK_STRONG,85.714,0.410116,1.5070
"('TANK', 'SWEEPER', 'DOMINANT', 'SAFE', 'FULL', 'FIELD_OURS_DEF', 'SLOWER', 'MEC_USED', 'CLEAN', 'CLEAN', 'NEUTRAL', 'NEUTRAL', 'SET', 'CLEAR', 'OPENING', 'BANCO_OFF')",14,3,4,75.000,SWITCH_DEFENSIVE,42.857,1.060944,2.8891
"('TANK', 'TANK', 'DEFENSIVE_DIS', 'DANGER', 'DANGER', 'NORMAL', 'SLOWER', 'MEC_USED', 'CLEAN', 'CLEAN', 'NEUTRAL', 'NEUTRAL', 'CLEAR', 'CLEAR', 'OPENING', 'BANCO_OFF')",14,6,12,50.000,SWITCH_DEFENSIVE,35.714,1.569153,4.8026
"('TANK', 'TANK', 'NEUTRAL', 'FULL', 'SAFE', 'NORMAL', 'FASTER', 'MEC_USED', 'CLEAN', 'CLEAN', 'NEUTRAL', 'NEUTRAL', 'SET', 'SET', 'BRAWL', 'BANCO_OFF')",14,8,12,66.667,ATTACK_STRONG,21.429,2.007556,7.4451
"('UTILITY', 'TANK', 'NEUTRAL', 'FULL', 'SAFE', 'FIELD_SHARED', 'FASTER', 'MEC_USED', 'CLEAN', 'CLEAN', 'NEUTRAL', 'NEUTRAL', 'CLEAR', 'CLEAR', 'OPENING', 'BANCO_OFF')",14,6,9,66.667,STATUS,28.571,1.611472,5.0102
"('TANK', 'TANK', 'NEUTRAL', 'SAFE', 'SAFE', 'NORMAL', 'SLOWER', 'MEC_USED', 'CLEAN', 'CLEAN', 'BUFFED', 'NEUTRAL', 'CLEAR', 'CLEAR', 'OPENING', 'BANCO_OFF')",14,2,8,25.000,BUFF,92.857,0.257319,1.2935
"('SWEEPER', 'TANK', 'OFFENSIVE_ADV', 'SAFE', 'FULL', 'FIELD_THEIRS', 'FASTER', 'MEC_USED', 'CLEAN', 'CLEAN', 'NEUTRAL', 'DEBUFF', 'CLEAR', 'CLEAR', 'OPENING', 'BANCO_OFF')",14,6,7,85.714,STATUS,28.571,1.710493,5.5317
"('SWEEPER', 'TANK', 'VOLATILE', 'SAFE', 'FULL', 'FIELD_THEIRS', 'FASTER', 'MEC_USED', 'CLEAN', 'CLEAN', 'NEUTRAL', 'NEUTRAL', 'CLEAR', 'CLEAR', 'OPENING', 'BANCO_OFF')",14,5,7,71.429,ATTACK_TECH,28.571,1.574097,4.8264
"('TANK', 'TANK', 'NEUTRAL', 'FULL', 'SAFE', 'NORMAL', 'SLOWER', 'MEC_USED', 'CLEAN', 'AFFLICTED', 'NEUTRAL', 'DEBUFF', 'CLEAR', 'CLEAR', 'CLUTCH', 'BANCO_VAZIO')",14,3,8,37.500,STATUS,71.429,0.796312,2.2173
"('TANK', 'TANK', 'VOLATILE', 'SAFE', 'FULL', 'FIELD_THEIRS', 'SLOWER', 'MEC_USED', 'CLEAN', 'CLEAN', 'NEUTRAL', 'NEUTRAL', 'CLEAR', 'CLEAR', 'OPENING', 'BANCO_OFF')",14,7,11,63.636,ATTACK_STRONG,50.000,1.567081,4.7926
"('TANK', 'TANK', 'OFFENSIVE_DIS', 'SAFE', 'SAFE', 'NORMAL', 'SLOWER', 'MEC_USED', 'CLEAN', 'CLEAN', 'NEUTRAL', 'NEUTRAL', 'CLEAR', 'CLEAR', 'BRAWL', 'BANCO_OFF')",14,6,13,46.154,ATTACK_STRONG,28.571,1.710493,5.5317
"('UTILITY', 'TANK', 'DEFENSIVE_DIS', 'SAFE', 'FULL', 'NORMAL', 'FASTER', 'MEC_USED', 'CLEAN', 'CLEAN', 'NEUTRAL', 'NEUTRAL', 'CLEAR', 'CLEAR', 'OPENING', 'BANCO_OFF')",14,5,10,50.000,SWITCH_DEFENSIVE,35.714,1.494403,4.4567
"('TANK', 'TANK', 'NEUTRAL', 'FULL', 'DANGER', 'NORMAL', 'SLOWER', 'MEC_USED', 'CLEAN', 'CLEAN', 'NEUTRAL', 'NEUTRAL', 'SET', 'CLEAR', 'RECOVERING', 'BANCO_VAZIO')",14,4,9,44.444,PROTECT,57.143,1.054721,2.8712
"('TANK', 'TANK', 'DEFENSIVE_ADV', 'FULL', 'FULL', 'NORMAL', 'SLOWER', 'MEC_USED', 'CLEAN', 'CLEAN', 'NEUTRAL', 'NEUTRAL', 'SET', 'CLEAR', 'OPENING', 'BANCO_OFF')",14,9,11,81.818,ATTACK_PIVOT,21.429,2.106577,8.2201
"('TANK', 'SWEEPER', 'OFFENSIVE_DIS', 'DANGER', 'SAFE', 'NORMAL', 'SLOWER', 'MEC_USED', 'CLEAN', 'CLEAN', 'NEUTRAL', 'NEUTRAL', 'CLEAR', 'CLEAR', 'OPENING', 'BANCO_OFF')",14,7,11,63.636,HEAL,28.571,1.747868,5.7423
"('TANK', 'TANK', 'DEFENSIVE_DIS', 'FULL', 'SAFE', 'NORMAL', 'SLOWER', 'MEC_USED', 'CLEAN', 'CLEAN', 'NEUTRAL', 'NEUTRAL', 'CLEAR', 'SET', 'CLUTCH', 'BANCO_VAZIO')",14,3,10,30.000,HEAL,64.286,0.892118,2.4403
"('TANK', 'TANK', 'NEUTRAL', 'SAFE', 'SAFE', 'NORMAL', 'SLOWER', 'MEC_USED', 'CLEAN', 'CLEAN', 'NEUTRAL', 'NEUTRAL', 'CLEAR', 'SET', 'BRAWL', 'BANCO_OFF')",14,1,11,9.091,SWITCH_DEFENSIVE,100.000,-0.000000,1.0000
"('TANK', 'TANK', 'NEUTRAL', 'FULL', 'FULL', 'NORMAL', 'FASTER', 'MEC_USED', 'CLEAN', 'CLEAN', 'NEUTRAL', 'NEUTRAL', 'SET', 'CLEAR', 'OPENING', 'BANCO_DEF')",14,6,10,60.000,CLEAN_HAZARD,28.571,1.673118,5.3288
"('TANK', 'SWEEPER', 'OFFENSIVE_DIS', 'FULL', 'FULL', 'FIELD_THEIRS', 'SLOWER', 'MEC_USED', 'CLEAN', 'CLEAN', 'NEUTRAL', 'NEUTRAL', 'CLEAR', 'CLEAR', 'OPENING', 'BANCO_VAZIO')",14,6,8,75.000,SWITCH_DEFENSIVE,35.714,1.630799,5.1080
"('TANK', 'TANK', 'DEFENSIVE_ADV', 'CRIT', 'FULL', 'NORMAL', 'FASTER', 'MEC_USED', 'CLEAN', 'AFFLICTED', 'NEUTRAL', 'NEUTRAL', 'CLEAR', 'CLEAR', 'CLUTCH', 'BANCO_VAZIO')",14,3,4,75.000,CLEAN_HAZARD,85.714,0.509137,1.6639
"('TANK', 'TANK', 'OFFENSIVE_ADV', 'FULL', 'CRIT', 'FIELD_SHARED', 'FASTER', 'MEC_USED', 'CLEAN', 'CLEAN', 'NEUTRAL', 'NEUTRAL', 'CLEAR', 'CLEAR', 'OPENING', 'BANCO_OFF')",14,6,11,54.545,ATTACK_STRONG,42.857,1.574097,4.8264
"('TANK', 'TANK', 'DEFENSIVE_ADV', 'SAFE', 'FULL', 'NORMAL', 'FASTER', 'MEC_AVAIL', 'CLEAN', 'CLEAN', 'NEUTRAL', 'NEUTRAL', 'CLEAR', 'CLEAR', 'OPENING', 'BANCO_AMBOS')",14,4,12,33.333,BUFF_MEC,57.143,1.054721,2.8712
"('TANK', 'TANK', 'DOMINANT', 'FULL', 'DANGER', 'NORMAL', 'FASTER', 'MEC_USED', 'CLEAN', 'CLEAN', 'NEUTRAL', 'NEUTRAL', 'CLEAR', 'CLEAR', 'OPENING', 'BANCO_OFF')",14,11,13,84.615,BUFF,14.286,2.341994,10.4020
"('TANK', 'TANK', 'NEUTRAL', 'FULL', 'FULL', 'NORMAL', 'SLOWER', 'MEC_USED', 'CLEAN', 'AFFLICTED', 'NEUTRAL', 'NEUTRAL', 'SET', 'SET', 'CLUTCH', 'BANCO_VAZIO')",14,2,7,28.571,SWITCH_OFFENSIVE,64.286,0.651757,1.9189
"('TANK', 'UTILITY', 'NEUTRAL', 'FULL', 'FULL', 'NORMAL', 'SLOWER', 'MEC_USED', 'CLEAN', 'CLEAN', 'NEUTRAL', 'NEUTRAL', 'CLEAR', 'CLEAR', 'BRAWL', 'BANCO_OFF')",14,5,12,41.667,ATTACK_TECH,57.143,1.215388,3.3716
"('TANK', 'TANK', 'DEFENSIVE_ADV', 'FULL', 'FULL', 'NORMAL', 'FASTER', 'MEC_USED', 'CLEAN', 'CLEAN', 'NEUTRAL', 'NEUTRAL', 'SET', 'CLEAR', 'OPENING', 'BANCO_OFF')",14,4,10,40.000,STAT_CLEAN,42.857,1.103263,3.0140
"('TANK', 'TANK', 'OFFENSIVE_DIS', 'FULL', 'SAFE', 'NORMAL', 'SLOWER', 'MEC_USED', 'CLEAN', 'CLEAN', 'NEUTRAL', 'NEUTRAL', 'CLEAR', 'CLEAR', 'BRAWL', 'BANCO_VAZIO')",14,3,9,33.333,STATUS,50.000,0.898205,2.4552
"('TANK', 'TANK', 'DEFENSIVE_DIS', 'FULL', 'DANGER', 'NORMAL', 'FASTER', 'MEC_USED', 'CLEAN', 'CLEAN', 'NEUTRAL', 'NEUTRAL', 'CLEAR', 'CLEAR', 'OPENING', 'BANCO_OFF')",14,4,10,40.000,FIELD_CONTROL,57.143,1.116367,3.0537
"('TANK', 'TANK', 'STALEMATE', 'SAFE', 'FULL', 'NORMAL', 'FASTER', 'MEC_USED', 'CLEAN', 'CLEAN', 'NEUTRAL', 'NEUTRAL', 'SET', 'CLEAR', 'OPENING', 'BANCO_OFF')",14,2,8,25.000,ATTACK_TECH,92.857,0.257319,1.2935
"('TANK', 'TANK', 'CRITICAL_DIS', 'SAFE', 'SAFE', 'NORMAL', 'SLOWER', 'MEC_USED', 'CLEAN', 'CLEAN', 'NEUTRAL', 'NEUTRAL', 'CLEAR', 'CLEAR', 'OPENING', 'BANCO_VAZIO')",14,3,10,30.000,HEAL,85.714,0.509137,1.6639
"('SWEEPER', 'TANK', 'DOMINANT', 'SAFE', 'SAFE', 'NORMAL', 'FASTER', 'MEC_USED', 'CLEAN', 'CLEAN', 'NEUTRAL', 'NEUTRAL', 'CLEAR', 'CLEAR', 'CLUTCH', 'BANCO_VAZIO')",13,2,3,66.667,ATTACK_STRONG,92.308,0.271189,1.3115
"('TANK', 'TANK', 'DEFENSIVE_DIS', 'SAFE', 'FULL', 'NORMAL', 'FASTER', 'MEC_USED', 'CLEAN', 'AFFLICTED', 'NEUTRAL', 'DEBUFF', 'CLEAR', 'CLEAR', 'RECOVERING', 'BANCO_VAZIO')",13,3,4,75.000,ATTACK_STRONG,69.231,0.790268,2.2040
"('TANK', 'TANK', 'STALEMATE', 'FULL', 'FULL', 'NORMAL', 'SLOWER', 'MEC_USED', 'CLEAN', 'CLEAN', 'NEUTRAL', 'NEUTRAL', 'SET', 'CLEAR', 'RECOVERING', 'BANCO_VAZIO')",13,8,11,72.727,ATTACK_STRONG,23.077,1.951260,7.0375
"('TANK', 'TANK', 'OFFENSIVE_DIS', 'DANGER', 'FULL', 'NORMAL', 'FASTER', 'MEC_USED', 'CLEAN', 'CLEAN', 'NEUTRAL', 'NEUTRAL', 'SET', 'CLEAR', 'OPENING', 'BANCO_VAZIO')",13,9,12,75.000,STAT_CLEAN,30.769,2.031759,7.6275
"('TANK', 'TANK', 'OFFENSIVE_ADV', 'SAFE', 'FULL', 'NORMAL', 'FASTER', 'MEC_USED', 'CLEAN', 'CLEAN', 'NEUTRAL', 'NEUTRAL', 'SET', 'CLEAR', 'BRAWL', 'BANCO_VAZIO')",13,10,12,83.333,ATTACK_TECH,15.385,2.245035,9.4407
"('TANK', 'TANK', 'NEUTRAL', 'DANGER', 'SAFE', 'NORMAL', 'FASTER', 'MEC_USED', 'CLEAN', 'CLEAN', 'NEUTRAL', 'NEUTRAL', 'SET', 'CLEAR', 'RECOVERING', 'BANCO_VAZIO')",13,9,11,81.818,ATTACK_PIVOT,23.077,2.057898,7.8295
"('TANK', 'TANK', 'NEUTRAL', 'SAFE', 'SAFE', 'NORMAL', 'FASTER', 'MEC_USED', 'CLEAN', 'CLEAN', 'NEUTRAL', 'NEUTRAL', 'SET', 'SET', 'BRAWL', 'BANCO_VAZIO')",13,4,10,40.000,ATTACK_TECH,38.462,1.265857,3.5461
"('TANK', 'TANK', 'NEUTRAL', 'FULL', 'SAFE', 'NORMAL', 'SLOWER', 'MEC_USED', 'CLEAN', 'CLEAN', 'NEUTRAL', 'NEUTRAL', 'SET', 'CLEAR', 'CLUTCH', 'BANCO_VAZIO')",13,5,12,41.667,ATTACK_STRONG,46.154,1.311431,3.7115
"('TANK', 'TANK', 'DEFENSIVE_DIS', 'SAFE', 'FULL', 'NORMAL', 'SLOWER', 'MEC_USED', 'CLEAN', 'CLEAN', 'NEUTRAL', 'NEUTRAL', 'CLEAR', 'CLEAR', 'OPENING', 'BANCO_VAZIO')",13,6,12,50.000,HEAL,46.154,1.484458,4.4126
"('TANK', 'TANK', 'DOMINANT', 'FULL', 'SAFE', 'NORMAL', 'FASTER', 'MEC_AVAIL', 'CLEAN', 'CLEAN', 'NEUTRAL', 'NEUTRAL', 'CLEAR', 'CLEAR', 'OPENING', 'BANCO_AMBOS')",13,6,12,50.000,ATTACK_STRONG_MEC,38.462,1.585771,4.8831
"('TANK', 'TANK', 'NEUTRAL', 'CRIT', 'SAFE', 'NORMAL', 'FASTER', 'MEC_USED', 'CLEAN', 'CLEAN', 'NEUTRAL', 'NEUTRAL', 'SET', 'CLEAR', 'OPENING', 'BANCO_OFF')",13,7,11,63.636,ATTACK_STRONG,46.154,1.631345,5.1107
"('TANK', 'TANK', 'VOLATILE', 'SAFE', 'SAFE', 'NORMAL', 'SLOWER', 'MEC_USED', 'CLEAN', 'CLEAN', 'NEUTRAL', 'NEUTRAL', 'SET', 'CLEAR', 'OPENING', 'BANCO_OFF')",13,5,11,45.455,SWITCH_DEFENSIVE,69.231,1.043794,2.8400
"('TANK', 'TANK', 'NEUTRAL', 'SAFE', 'FULL', 'NORMAL', 'FASTER', 'MEC_USED', 'CLEAN', 'CLEAN', 'NEUTRAL', 'NEUTRAL', 'CLEAR', 'SET', 'OPENING', 'BANCO_VAZIO')",13,7,12,58.333,CLEAN_HAZARD,30.769,1.778233,5.9194
"('TANK', 'TANK', 'NEUTRAL', 'DANGER', 'FULL', 'FIELD_THEIRS', 'SLOWER', 'MEC_USED', 'CLEAN', 'CLEAN', 'NEUTRAL', 'NEUTRAL', 'CLEAR', 'CLEAR', 'OPENING', 'BANCO_OFF')",13,7,10,70.000,STATUS,23.077,1.884871,6.5855
"('TANK', 'UTILITY', 'OFFENSIVE_DIS', 'FULL', 'SAFE', 'NORMAL', 'SLOWER', 'MEC_USED', 'AFFLICTED', 'CLEAN', 'NEUTRAL', 'BUFFED', 'CLEAR', 'CLEAR', 'RECOVERING', 'BANCO_VAZIO')",13,4,5,80.000,CLEAN_HAZARD,76.923,0.793730,2.2116
"('TANK', 'TANK', 'VOLATILE', 'SAFE', 'FULL', 'NORMAL', 'FASTER', 'MEC_USED', 'CLEAN', 'CLEAN', 'NEUTRAL', 'NEUTRAL', 'CLEAR', 'CLEAR', 'RECOVERING', 'BANCO_VAZIO')",13,7,11,63.636,ATTACK_STRONG,30.769,1.778233,5.9194
"('TANK', 'SWEEPER', 'OFFENSIVE_ADV', 'FULL', 'DANGER', 'NORMAL', 'SLOWER', 'MEC_USED', 'CLEAN', 'CLEAN', 'NEUTRAL', 'NEUTRAL', 'CLEAR', 'CLEAR', 'OPENING', 'BANCO_OFF')",13,8,12,66.667,DISRUPTION,30.769,1.925121,6.8560
"('TANK', 'TANK', 'DOMINANT', 'FULL', 'FULL', 'FIELD_SHARED', 'SLOWER', 'MEC_AVAIL', 'CLEAN', 'CLEAN', 'NEUTRAL', 'NEUTRAL', 'CLEAR', 'CLEAR', 'OPENING', 'BANCO_OFF')",13,9,14,64.286,HEAL_MEC,23.077,2.057898,7.8295
"('TANK', 'TANK', 'NEUTRAL', 'FULL', 'CRIT', 'NORMAL', 'FASTER', 'MEC_USED', 'CLEAN', 'CLEAN', 'NEUTRAL', 'NEUTRAL', 'CLEAR', 'CLEAR', 'OPENING', 'BANCO_VAZIO')",13,8,10,80.000,SWITCH_OFFENSIVE,23.077,1.991509,7.3266
"('TANK', 'TANK', 'OFFENSIVE_ADV', 'SAFE', 'DANGER', 'NORMAL', 'SLOWER', 'MEC_USED', 'CLEAN', 'CLEAN', 'NEUTRAL', 'NEUTRAL', 'SET', 'CLEAR', 'BRAWL', 'BANCO_OFF')",13,4,12,33.333,SWITCH_DEFENSIVE,69.231,0.937156,2.5527
"('TANK', 'SWEEPER', 'OFFENSIVE_ADV', 'FULL', 'FULL', 'NORMAL', 'SLOWER', 'MEC_USED', 'CLEAN', 'CLEAN', 'NEUTRAL', 'NEUTRAL', 'SET', 'CLEAR', 'OPENING', 'BANCO_OFF')",13,12,15,80.000,ATTACK_PIVOT,15.385,2.458311,11.6851
"('SWEEPER', 'TANK', 'DOMINANT', 'FULL', 'FULL', 'FIELD_OURS_OFF', 'FASTER', 'MEC_AVAIL', 'CLEAN', 'CLEAN', 'NEUTRAL', 'NEUTRAL', 'CLEAR', 'CLEAR', 'OPENING', 'BANCO_AMBOS')",13,7,12,58.333,ATTACK_STRONG_MEC,30.769,1.778233,5.9194
"('TANK', 'TANK', 'OFFENSIVE_DIS', 'FULL', 'SAFE', 'NORMAL', 'FASTER', 'MEC_USED', 'CLEAN', 'CLEAN', 'NEUTRAL', 'NEUTRAL', 'CLEAR', 'CLEAR', 'OPENING', 'BANCO_VAZIO')",13,8,11,72.727,HEAL,38.462,1.839297,6.2921
"('TANK', 'TANK', 'NEUTRAL', 'SAFE', 'SAFE', 'NORMAL', 'SLOWER', 'MEC_USED', 'CLEAN', 'CLEAN', 'NEUTRAL', 'NEUTRAL', 'CLEAR', 'SET', 'OPENING', 'BANCO_VAZIO')",13,7,11,63.636,STATUS,38.462,1.692409,5.4326
"('TANK', 'TANK', 'NEUTRAL', 'FULL', 'SAFE', 'NORMAL', 'SLOWER', 'MEC_USED', 'CLEAN', 'CLEAN', 'NEUTRAL', 'BUFFED', 'CLEAR', 'CLEAR', 'OPENING', 'BANCO_VAZIO')",13,5,11,45.455,STAT_CLEAN,38.462,1.479133,4.3891
"('TANK', 'TANK', 'DEFENSIVE_ADV', 'FULL', 'FULL', 'FIELD_THEIRS', 'FASTER', 'MEC_AVAIL', 'CLEAN', 'CLEAN', 'NEUTRAL', 'NEUTRAL', 'CLEAR', 'CLEAR', 'OPENING', 'BANCO_AMBOS')",13,8,10,80.000,SWITCH_OFFENSIVE,23.077,1.991509,7.3266
"('TANK', 'SWEEPER', 'OFFENSIVE_ADV', 'DANGER', 'FULL', 'FIELD_SHARED', 'SLOWER', 'MEC_USED', 'CLEAN', 'CLEAN', 'NEUTRAL', 'NEUTRAL', 'CLEAR', 'CLEAR', 'OPENING', 'BANCO_OFF')",13,6,10,60.000,HAZARD,46.154,1.524707,4.5938
"('TANK', 'TANK', 'DOMINANT', 'SAFE', 'SAFE', 'NORMAL', 'FASTER', 'MEC_USED', 'CLEAN', 'CLEAN', 'NEUTRAL', 'NEUTRAL', 'SET', 'CLEAR', 'OPENING', 'BANCO_OFF')",13,5,10,50.000,ATTACK_STRONG,30.769,1.458319,4.2987
"('TANK', 'TANK', 'NEUTRAL', 'SAFE', 'FULL', 'NORMAL', 'FASTER', 'MEC_USED', 'CLEAN', 'CLEAN', 'NEUTRAL', 'NEUTRAL', 'SET', 'SET', 'RECOVERING', 'BANCO_VAZIO')",13,8,12,66.667,STATUS,30.769,1.925121,6.8560
"('TANK', 'TANK', 'NEUTRAL', 'SAFE', 'FULL', 'NORMAL', 'SLOWER', 'MEC_USED', 'CLEAN', 'CLEAN', 'NEUTRAL', 'NEUTRAL', 'CLEAR', 'CLEAR', 'BRAWL', 'BANCO_AMBOS')",13,3,14,21.429,ATTACK_STRONG,84.615,0.535961,1.7091
"('TANK', 'TANK', 'OFFENSIVE_DIS', 'SAFE', 'DANGER', 'NORMAL', 'SLOWER', 'MEC_USED', 'CLEAN', 'CLEAN', 'NEUTRAL', 'NEUTRAL', 'SET', 'SET', 'RECOVERING', 'BANCO_VAZIO')",13,3,9,33.333,ATTACK_TECH,84.615,0.535961,1.7091
"('TANK', 'TANK', 'NEUTRAL', 'SAFE', 'SAFE', 'NORMAL', 'SLOWER', 'MEC_USED', 'CLEAN', 'CLEAN', 'NEUTRAL', 'NEUTRAL', 'CLEAR', 'SET', 'BRAWL', 'BANCO_VAZIO')",13,3,11,27.273,ATTACK_TECH,53.846,0.983961,2.6750
"('TANK', 'TANK', 'OFFENSIVE_ADV', 'SAFE', 'FULL', 'NORMAL', 'FASTER', 'MEC_USED', 'CLEAN', 'CLEAN', 'NEUTRAL', 'NEUTRAL', 'SET', 'SET', 'BRAWL', 'BANCO_OFF')",13,7,10,70.000,ATTACK_STRONG,23.077,1.804372,6.0762
"('TANK', 'TANK', 'DEFENSIVE_DIS', 'SAFE', 'FULL', 'NORMAL', 'SLOWER', 'MEC_USED', 'CLEAN', 'CLEAN', 'NEUTRAL', 'NEUTRAL', 'SET', 'CLEAR', 'BRAWL', 'BANCO_OFF')",13,5,11,45.455,HEAL,46.154,1.311431,3.7115
"('TANK', 'TANK', 'OFFENSIVE_DIS', 'DANGER', 'SAFE', 'NORMAL', 'SLOWER', 'MEC_USED', 'CLEAN', 'CLEAN', 'NEUTRAL', 'NEUTRAL', 'SET', 'SET', 'RECOVERING', 'BANCO_VAZIO')",13,6,8,75.000,HEAL,30.769,1.671595,5.3206
"('TANK', 'TANK', 'DEFENSIVE_DIS', 'FULL', 'FULL', 'NORMAL', 'FASTER', 'MEC_USED', 'AFFLICTED', 'CLEAN', 'NEUTRAL', 'NEUTRAL', 'CLEAR', 'CLEAR', 'OPENING', 'BANCO_AMBOS')",13,1,10,10.000,SWITCH_DEFENSIVE,100.000,-0.000000,1.0000
"('TANK', 'TANK', 'NEUTRAL', 'SAFE', 'FULL', 'NORMAL', 'FASTER', 'MEC_USED', 'AFFLICTED', 'CLEAN', 'NEUTRAL', 'NEUTRAL', 'CLEAR', 'CLEAR', 'OPENING', 'BANCO_VAZIO')",13,6,10,60.000,HEAL,61.538,1.285293,3.6157
"('TANK', 'TANK', 'OFFENSIVE_ADV', 'SAFE', 'SAFE', 'NORMAL', 'FASTER', 'MEC_USED', 'CLEAN', 'CLEAN', 'NEUTRAL', 'NEUTRAL', 'CLEAR', 'CLEAR', 'BRAWL', 'BANCO_VAZIO')",13,3,11,27.273,CLEAN_HAZARD,69.231,0.790268,2.2040
"('TANK', 'SWEEPER', 'OFFENSIVE_DIS', 'DANGER', 'FULL', 'NORMAL', 'SLOWER', 'MEC_USED', 'CLEAN', 'CLEAN', 'NEUTRAL', 'NEUTRAL', 'CLEAR', 'CLEAR', 'OPENING', 'BANCO_OFF')",13,8,14,57.143,HEAL,23.077,1.951260,7.0375
"('TANK', 'TANK', 'NEUTRAL', 'FULL', 'DANGER', 'NORMAL', 'SLOWER', 'MEC_USED', 'CLEAN', 'CLEAN', 'NEUTRAL', 'NEUTRAL', 'SET', 'CLEAR', 'OPENING', 'BANCO_OFF')",13,6,11,54.545,STAT_CLEAN,23.077,1.737983,5.6859
"('TANK', 'TANK', 'DEFENSIVE_DIS', 'FULL', 'DANGER', 'NORMAL', 'FASTER', 'MEC_USED', 'CLEAN', 'CLEAN', 'NEUTRAL', 'NEUTRAL', 'SET', 'CLEAR', 'OPENING', 'BANCO_OFF')",13,6,11,54.545,HEAL,53.846,1.410514,4.0981
"('TANK', 'SWEEPER', 'DEFENSIVE_DIS', 'FULL', 'SAFE', 'FIELD_THEIRS', 'SLOWER', 'MEC_USED', 'CLEAN', 'CLEAN', 'NEUTRAL', 'NEUTRAL', 'CLEAR', 'CLEAR', 'OPENING', 'BANCO_AMBOS')",13,5,11,45.455,ATTACK_PIVOT,30.769,1.498569,4.4753
"('TANK', 'TANK', 'NEUTRAL', 'DANGER', 'CRIT', 'NORMAL', 'SLOWER', 'MEC_USED', 'CLEAN', 'CLEAN', 'NEUTRAL', 'NEUTRAL', 'CLEAR', 'CLEAR', 'OPENING', 'BANCO_OFF')",13,7,12,58.333,HAZARD,30.769,1.778233,5.9194
"('TANK', 'SWEEPER', 'VOLATILE', 'FULL', 'FULL', 'FIELD_SHARED', 'SLOWER', 'MEC_USED', 'CLEAN', 'CLEAN', 'NEUTRAL', 'NEUTRAL', 'CLEAR', 'CLEAR', 'OPENING', 'BANCO_AMBOS')",13,2,9,22.222,ATTACK_STRONG,92.308,0.271189,1.3115
"('TANK', 'TANK', 'NEUTRAL', 'FULL', 'FULL', 'NORMAL', 'FASTER', 'MEC_USED', 'CLEAN', 'CLEAN', 'NEUTRAL', 'NEUTRAL', 'SET', 'SET', 'DOMINATING', 'BANCO_VAZIO')",13,2,11,18.182,ATTACK_STRONG,76.923,0.540204,1.7164
"('UTILITY', 'TANK', 'DEFENSIVE_DIS', 'FULL', 'FULL', 'FIELD_SHARED', 'FASTER', 'MEC_USED', 'CLEAN', 'CLEAN', 'NEUTRAL', 'NEUTRAL', 'CLEAR', 'CLEAR', 'OPENING', 'BANCO_OFF')",13,8,10,80.000,CLEAN_HAZARD,23.077,1.991509,7.3266
"('TANK', 'UTILITY', 'OFFENSIVE_DIS', 'FULL', 'FULL', 'FIELD_THEIRS', 'SLOWER', 'MEC_USED', 'CLEAN', 'CLEAN', 'NEUTRAL', 'NEUTRAL', 'CLEAR', 'CLEAR', 'OPENING', 'BANCO_AMBOS')",13,7,9,77.778,SWITCH_DEFENSIVE,23.077,1.884871,6.5855
"('TANK', 'SWEEPER', 'OFFENSIVE_ADV', 'SAFE', 'CRIT', 'NORMAL', 'SLOWER', 'MEC_USED', 'CLEAN', 'CLEAN', 'NEUTRAL', 'NEUTRAL', 'CLEAR', 'CLEAR', 'OPENING', 'BANCO_OFF')",13,7,11,63.636,STATUS,30.769,1.778233,5.9194
"('TANK', 'TANK', 'OFFENSIVE_ADV', 'FULL', 'FULL', 'NORMAL', 'FASTER', 'MEC_USED', 'AFFLICTED', 'CLEAN', 'NEUTRAL', 'NEUTRAL', 'CLEAR', 'SET', 'CLUTCH', 'BANCO_VAZIO')",13,2,5,40.000,ATTACK_PIVOT,76.923,0.540204,1.7164
"('TANK', 'TANK', 'NEUTRAL', 'FULL', 'SAFE', 'NORMAL', 'FASTER', 'MEC_USED', 'AFFLICTED', 'CLEAN', 'NEUTRAL', 'NEUTRAL', 'CLEAR', 'CLEAR', 'OPENING', 'BANCO_VAZIO')",13,7,10,70.000,CLEAN_HAZARD,46.154,1.631345,5.1107
"('TANK', 'SWEEPER', 'DEFENSIVE_DIS', 'FULL', 'SAFE', 'NORMAL', 'SLOWER', 'MEC_USED', 'CLEAN', 'CLEAN', 'NEUTRAL', 'NEUTRAL', 'CLEAR', 'CLEAR', 'OPENING', 'BANCO_OFF')",13,6,10,60.000,HEAL,53.846,1.410514,4.0981
"('TANK', 'UTILITY', 'DEFENSIVE_DIS', 'FULL', 'FULL', 'FIELD_OURS_DEF', 'SLOWER', 'MEC_USED', 'CLEAN', 'CLEAN', 'NEUTRAL', 'NEUTRAL', 'CLEAR', 'CLEAR', 'OPENING', 'BANCO_OFF')",13,6,6,100.000,ATTACK_STRONG,30.769,1.631345,5.1107
"('TANK', 'TANK', 'DEFENSIVE_DIS', 'SAFE', 'FULL', 'NORMAL', 'SLOWER', 'MEC_USED', 'CLEAN', 'CLEAN', 'NEUTRAL', 'NEUTRAL', 'CLEAR', 'CLEAR', 'BRAWL', 'BANCO_OFF')",13,5,13,38.462,ATTACK_STRONG,46.154,1.311431,3.7115
"('TANK', 'UTILITY', 'OFFENSIVE_DIS', 'SAFE', 'SAFE', 'NORMAL', 'SLOWER', 'MEC_USED', 'CLEAN', 'CLEAN', 'NEUTRAL', 'NEUTRAL', 'CLEAR', 'CLEAR', 'OPENING', 'BANCO_AMBOS')",13,3,8,37.500,HEAL,84.615,0.535961,1.7091
"('TANK', 'TANK', 'DEFENSIVE_DIS', 'CRIT', 'SAFE', 'NORMAL', 'FASTER', 'MEC_USED', 'CLEAN', 'CLEAN', 'NEUTRAL', 'NEUTRAL', 'CLEAR', 'CLEAR', 'RECOVERING', 'BANCO_VAZIO')",13,8,11,72.727,ATTACK_STRONG,15.385,2.031759,7.6275
"('TANK', 'SWEEPER', 'OFFENSIVE_DIS', 'FULL', 'FULL', 'FIELD_OURS_DEF', 'SLOWER', 'MEC_USED', 'CLEAN', 'CLEAN', 'NEUTRAL', 'NEUTRAL', 'CLEAR', 'CLEAR', 'OPENING', 'BANCO_OFF')",13,5,8,62.500,SWITCH_OFFENSIVE,46.154,1.377820,3.9662
"('TANK', 'TANK', 'VOLATILE', 'FULL', 'SAFE', 'FIELD_SHARED', 'FASTER', 'MEC_USED', 'CLEAN', 'CLEAN', 'NEUTRAL', 'NEUTRAL', 'CLEAR', 'CLEAR', 'OPENING', 'BANCO_AMBOS')",13,4,9,44.444,ATTACK_STRONG,61.538,1.031767,2.8060
"('TANK', 'TANK', 'OFFENSIVE_DIS', 'CRIT', 'SAFE', 'NORMAL', 'SLOWER', 'MEC_USED', 'CLEAN', 'CLEAN', 'NEUTRAL', 'NEUTRAL', 'SET', 'SET', 'RECOVERING', 'BANCO_VAZIO')",13,7,8,87.500,STATUS,30.769,1.778233,5.9194
"('TANK', 'TANK', 'DOMINANT', 'FULL', 'FULL', 'FIELD_OURS_DEF', 'SLOWER', 'MEC_USED', 'CLEAN', 'CLEAN', 'NEUTRAL', 'NEUTRAL', 'CLEAR', 'CLEAR', 'OPENING', 'BANCO_OFF')",13,3,3,100.000,SWITCH_DEFENSIVE,69.231,0.830518,2.2945
"('TANK', 'TANK', 'OFFENSIVE_DIS', 'SAFE', 'SAFE', 'NORMAL', 'FASTER', 'MEC_USED', 'CLEAN', 'AFFLICTED', 'NEUTRAL', 'DEBUFF', 'SET', 'SET', 'OPENING', 'BANCO_OFF')",13,3,7,42.857,HAZARD,84.615,0.535961,1.7091
"('TANK', 'TANK', 'NEUTRAL', 'SAFE', 'SAFE', 'FIELD_THEIRS', 'SLOWER', 'MEC_USED', 'CLEAN', 'CLEAN', 'NEUTRAL', 'NEUTRAL', 'SET', 'CLEAR', 'OPENING', 'BANCO_OFF')",13,7,13,53.846,SWITCH_DEFENSIVE,30.769,1.778233,5.9194
"('TANK', 'TANK', 'OFFENSIVE_ADV', 'FULL', 'FULL', 'FIELD_OURS_DEF', 'SLOWER', 'MEC_USED', 'CLEAN', 'CLEAN', 'NEUTRAL', 'NEUTRAL', 'CLEAR', 'CLEAR', 'OPENING', 'BANCO_OFF')",13,6,9,66.667,HAZARD,38.462,1.626021,5.0836
"('TANK', 'TANK', 'DEFENSIVE_DIS', 'FULL', 'FULL', 'NORMAL', 'FASTER', 'MEC_USED', 'CLEAN', 'CLEAN', 'BUFFED', 'NEUTRAL', 'CLEAR', 'CLEAR', 'OPENING', 'BANCO_AMBOS')",13,3,8,37.500,SWITCH_DEFENSIVE,53.846,0.898137,2.4550
"('TANK', 'SWEEPER', 'NEUTRAL', 'FULL', 'FULL', 'FIELD_OURS_OFF', 'SLOWER', 'MEC_USED', 'CLEAN', 'CLEAN', 'NEUTRAL', 'NEUTRAL', 'CLEAR', 'CLEAR', 'OPENING', 'BANCO_DEF')",13,4,8,50.000,ATTACK_STRONG,53.846,1.090599,2.9761
"('TANK', 'TANK', 'VOLATILE', 'FULL', 'SAFE', 'NORMAL', 'FASTER', 'MEC_USED', 'CLEAN', 'CLEAN', 'NEUTRAL', 'NEUTRAL', 'CLEAR', 'CLEAR', 'OPENING', 'BANCO_AMBOS')",13,7,10,70.000,PROTECT,30.769,1.778233,5.9194
"('TANK', 'TANK', 'DEFENSIVE_DIS', 'FULL', 'FULL', 'NORMAL', 'SLOWER', 'MEC_USED', 'CLEAN', 'CLEAN', 'NEUTRAL', 'NEUTRAL', 'CLEAR', 'SET', 'RECOVERING', 'BANCO_VAZIO')",13,8,13,61.538,STAT_CLEAN,23.077,1.951260,7.0375
"('TANK', 'UTILITY', 'NEUTRAL', 'FULL', 'FULL', 'FIELD_SHARED', 'SLOWER', 'MEC_USED', 'CLEAN', 'CLEAN', 'NEUTRAL', 'NEUTRAL', 'CLEAR', 'CLEAR', 'OPENING', 'BANCO_AMBOS')",13,9,12,75.000,ATTACK_PIVOT,23.077,2.098147,8.1511
"('SWEEPER', 'TANK', 'NEUTRAL', 'SAFE', 'SAFE', 'FIELD_OURS_OFF', 'FASTER', 'MEC_USED', 'CLEAN', 'CLEAN', 'NEUTRAL', 'NEUTRAL', 'CLEAR', 'CLEAR', 'OPENING', 'BANCO_AMBOS')",13,6,7,85.714,HEAL,46.154,1.484458,4.4126
"('TANK', 'TANK', 'CRITICAL_DIS', 'FULL', 'SAFE', 'NORMAL', 'SLOWER', 'MEC_USED', 'CLEAN', 'CLEAN', 'NEUTRAL', 'NEUTRAL', 'SET', 'CLEAR', 'OPENING', 'BANCO_AMBOS')",13,4,10,40.000,DISRUPTION,61.538,1.072017,2.9213
"('TANK', 'SWEEPER', 'OFFENSIVE_DIS', 'SAFE', 'FULL', 'NORMAL', 'SLOWER', 'MEC_USED', 'CLEAN', 'CLEAN', 'NEUTRAL', 'NEUTRAL', 'CLEAR', 'CLEAR', 'RECOVERING', 'BANCO_VAZIO')",13,4,7,57.143,HEAL,61.538,1.072017,2.9213
"('TANK', 'TANK', 'DEFENSIVE_DIS', 'FULL', 'FULL', 'NORMAL', 'SLOWER', 'MEC_USED', 'CLEAN', 'CLEAN', 'NEUTRAL', 'NEUTRAL', 'SET', 'CLEAR', 'OPENING', 'BANCO_AMBOS')",13,10,14,71.429,SWITCH_OFFENSIVE,23.077,2.204785,9.0683
"('TANK', 'TANK', 'NEUTRAL', 'SAFE', 'DANGER', 'NORMAL', 'FASTER', 'MEC_USED', 'AFFLICTED', 'CLEAN', 'NEUTRAL', 'NEUTRAL', 'SET', 'SET', 'RECOVERING', 'BANCO_VAZIO')",13,3,10,30.000,ATTACK_STRONG,84.615,0.535961,1.7091
"('TANK', 'TANK', 'OFFENSIVE_DIS', 'SAFE', 'CRIT', 'NORMAL', 'FASTER', 'MEC_USED', 'CLEAN', 'CLEAN', 'NEUTRAL', 'NEUTRAL', 'CLEAR', 'CLEAR', 'OPENING', 'BANCO_OFF')",13,6,14,42.857,STATUS,53.846,1.410514,4.0981
"('TANK', 'TANK', 'OFFENSIVE_DIS', 'DANGER', 'SAFE', 'NORMAL', 'FASTER', 'MEC_USED', 'CLEAN', 'CLEAN', 'NEUTRAL', 'NEUTRAL', 'SET', 'CLEAR', 'OPENING', 'BANCO_OFF')",13,6,12,50.000,STAT_CLEAN,30.769,1.631345,5.1107
"('TANK', 'TANK', 'NEUTRAL', 'CRIT', 'FULL', 'NORMAL', 'FASTER', 'MEC_USED', 'CLEAN', 'CLEAN', 'NEUTRAL', 'NEUTRAL', 'CLEAR', 'CLEAR', 'CLUTCH', 'BANCO_VAZIO')",13,7,10,70.000,STATUS,23.077,1.844621,6.3257
"('TANK', 'TANK', 'OFFENSIVE_DIS', 'FULL', 'FULL', 'FIELD_THEIRS', 'FASTER', 'MEC_USED', 'CLEAN', 'CLEAN', 'NEUTRAL', 'NEUTRAL', 'CLEAR', 'CLEAR', 'OPENING', 'BANCO_VAZIO')",13,8,11,72.727,HAZARD,23.077,1.951260,7.0375
"('TANK', 'TANK', 'NEUTRAL', 'SAFE', 'DANGER', 'NORMAL', 'SLOWER', 'MEC_USED', 'CLEAN', 'CLEAN', 'NEUTRAL', 'NEUTRAL', 'CLEAR', 'SET', 'OPENING', 'BANCO_OFF')",13,5,11,45.455,HAZARD,46.154,1.377820,3.9662
"('TANK', 'TANK', 'VOLATILE', 'SAFE', 'FULL', 'NORMAL', 'FASTER', 'MEC_AVAIL', 'CLEAN', 'CLEAN', 'NEUTRAL', 'NEUTRAL', 'SET', 'CLEAR', 'OPENING', 'BANCO_OFF')",13,4,14,28.571,HEAL,69.231,0.937156,2.5527
"('UTILITY', 'TANK', 'OFFENSIVE_ADV', 'SAFE', 'FULL', 'FIELD_SHARED', 'FASTER', 'MEC_USED', 'CLEAN', 'CLEAN', 'NEUTRAL', 'NEUTRAL', 'CLEAR', 'CLEAR', 'OPENING', 'BANCO_OFF')",13,8,9,88.889,STATUS,23.077,1.951260,7.0375
"('TANK', 'TANK', 'NEUTRAL', 'SAFE', 'FULL', 'FIELD_SHARED', 'FASTER', 'MEC_USED', 'CLEAN', 'CLEAN', 'BUFFED', 'NEUTRAL', 'CLEAR', 'CLEAR', 'OPENING', 'BANCO_OFF')",13,5,7,71.429,ATTACK_STRONG,46.154,1.311431,3.7115
"('TANK', 'TANK', 'OFFENSIVE_ADV', 'FULL', 'CRIT', 'NORMAL', 'SLOWER', 'MEC_USED', 'CLEAN', 'CLEAN', 'NEUTRAL', 'NEUTRAL', 'SET', 'SET', 'RECOVERING', 'BANCO_VAZIO')",13,2,6,33.333,HAZARD,92.308,0.271189,1.3115
"('TANK', 'TANK', 'OFFENSIVE_ADV', 'FULL', 'SAFE', 'NORMAL', 'FASTER', 'MEC_USED', 'CLEAN', 'CLEAN', 'NEUTRAL', 'NEUTRAL', 'CLEAR', 'CLEAR', 'RECOVERING', 'BANCO_VAZIO')",13,9,11,81.818,ATTACK_STRONG,15.385,2.138397,8.4858
"('UTILITY', 'SWEEPER', 'OFFENSIVE_DIS', 'FULL', 'FULL', 'FIELD_OURS_OFF', 'FASTER', 'MEC_AVAIL', 'CLEAN', 'CLEAN', 'NEUTRAL', 'NEUTRAL', 'CLEAR', 'CLEAR', 'OPENING', 'BANCO_OFF')",13,5,6,83.333,FIELD_CONTROL_MEC,30.769,1.524707,4.5938
"('TANK', 'UTILITY', 'OFFENSIVE_DIS', 'FULL', 'SAFE', 'NORMAL', 'SLOWER', 'MEC_USED', 'CLEAN', 'CLEAN', 'NEUTRAL', 'NEUTRAL', 'CLEAR', 'CLEAR', 'OPENING', 'BANCO_OFF')",13,2,11,18.182,SWITCH_OFFENSIVE,92.308,0.271189,1.3115
"('TANK', 'UTILITY', 'OFFENSIVE_ADV', 'FULL', 'FULL', 'NORMAL', 'SLOWER', 'MEC_USED', 'AFFLICTED', 'CLEAN', 'NEUTRAL', 'NEUTRAL', 'CLEAR', 'CLEAR', 'OPENING', 'BANCO_AMBOS')",13,6,10,60.000,ATTACK_STRONG,38.462,1.585771,4.8831
"('TANK', 'TANK', 'OFFENSIVE_DIS', 'SAFE', 'FULL', 'NORMAL', 'FASTER', 'MEC_USED', 'CLEAN', 'CLEAN', 'NEUTRAL', 'NEUTRAL', 'SET', 'CLEAR', 'BRAWL', 'BANCO_VAZIO')",13,7,9,77.778,STAT_CLEAN,46.154,1.631345,5.1107
"('TANK', 'TANK', 'NEUTRAL', 'DANGER', 'FULL', 'NORMAL', 'FASTER', 'MEC_USED', 'CLEAN', 'CLEAN', 'NEUTRAL', 'NEUTRAL', 'CLEAR', 'SET', 'OPENING', 'BANCO_OFF')",13,7,10,70.000,STATUS,30.769,1.778233,5.9194
"('TANK', 'TANK', 'NEUTRAL', 'SAFE', 'FULL', 'NORMAL', 'SLOWER', 'MEC_USED', 'CLEAN', 'AFFLICTED', 'NEUTRAL', 'NEUTRAL', 'SET', 'SET', 'CLUTCH', 'BANCO_VAZIO')",13,3,7,42.857,HAZARD,84.615,0.535961,1.7091
"('TANK', 'TANK', 'NEUTRAL', 'SAFE', 'FULL', 'NORMAL', 'SLOWER', 'MEC_USED', 'CLEAN', 'CLEAN', 'NEUTRAL', 'NEUTRAL', 'SET', 'CLEAR', 'DOMINATING', 'BANCO_OFF')",13,1,10,10.000,SWITCH_OFFENSIVE,100.000,-0.000000,1.0000
"('TANK', 'TANK', 'OFFENSIVE_DIS', 'SAFE', 'FULL', 'NORMAL', 'SLOWER', 'MEC_USED', 'CLEAN', 'CLEAN', 'NEUTRAL', 'NEUTRAL', 'SET', 'CLEAR', 'CLUTCH', 'BANCO_VAZIO')",13,4,11,36.364,STATUS,61.538,1.031767,2.8060
"('SWEEPER', 'TANK', 'NEUTRAL', 'FULL', 'FULL', 'NORMAL', 'FASTER', 'MEC_USED', 'CLEAN', 'CLEAN', 'BUFFED', 'NEUTRAL', 'SET', 'CLEAR', 'OPENING', 'BANCO_OFF')",13,5,6,83.333,BUFF,53.846,1.303876,3.6835
"('TANK', 'TANK', 'OFFENSIVE_ADV', 'SAFE', 'DANGER', 'FIELD_THEIRS', 'SLOWER', 'MEC_USED', 'CLEAN', 'CLEAN', 'NEUTRAL', 'NEUTRAL', 'CLEAR', 'CLEAR', 'OPENING', 'BANCO_OFF')",13,7,10,70.000,ATTACK_STRONG,23.077,1.804372,6.0762
"('TANK', 'TANK', 'DEFENSIVE_DIS', 'FULL', 'SAFE', 'NORMAL', 'SLOWER', 'MEC_USED', 'CLEAN', 'AFFLICTED', 'NEUTRAL', 'DEBUFF', 'SET', 'SET', 'RECOVERING', 'BANCO_VAZIO')",13,2,3,66.667,HEAL,92.308,0.271189,1.3115
"('TANK', 'TANK', 'DEFENSIVE_ADV', 'FULL', 'SAFE', 'NORMAL', 'SLOWER', 'MEC_USED', 'AFFLICTED', 'AFFLICTED', 'DEBUFF', 'DEBUFF', 'SET', 'SET', 'CLUTCH', 'BANCO_VAZIO')",13,4,6,66.667,HEAL,53.846,1.090599,2.9761
"('TANK', 'TANK', 'OFFENSIVE_ADV', 'FULL', 'FULL', 'NORMAL', 'SLOWER', 'MEC_USED', 'CLEAN', 'CLEAN', 'NEUTRAL', 'NEUTRAL', 'CLEAR', 'SET', 'CLUTCH', 'BANCO_VAZIO')",12,3,11,27.273,ATTACK_STRONG,41.667,1.077556,2.9375
"('TANK', 'TANK', 'CRITICAL_DIS', 'FULL', 'FULL', 'NORMAL', 'SLOWER', 'MEC_USED', 'CLEAN', 'CLEAN', 'NEUTRAL', 'DEBUFF', 'SET', 'SET', 'CLUTCH', 'BANCO_VAZIO')",12,4,7,57.143,HAZARD,66.667,0.983088,2.6727
"('TANK', 'TANK', 'DEFENSIVE_ADV', 'FULL', 'FULL', 'NORMAL', 'SLOWER', 'MEC_USED', 'CLEAN', 'AFFLICTED', 'NEUTRAL', 'NEUTRAL', 'CLEAR', 'CLEAR', 'RECOVERING', 'BANCO_VAZIO')",12,5,8,62.500,STATUS,58.333,1.234268,3.4359
"('TANK', 'TANK', 'DEFENSIVE_ADV', 'FULL', 'FULL', 'NORMAL', 'SLOWER', 'MEC_USED', 'CLEAN', 'CLEAN', 'NEUTRAL', 'NEUTRAL', 'CLEAR', 'CLEAR', 'RECOVERING', 'BANCO_VAZIO')",12,7,12,58.333,CLEAN_HAZARD,25.000,1.863680,6.4474
"('TANK', 'TANK', 'NEUTRAL', 'SAFE', 'DANGER', 'FIELD_SHARED', 'SLOWER', 'MEC_USED', 'CLEAN', 'CLEAN', 'NEUTRAL', 'NEUTRAL', 'CLEAR', 'CLEAR', 'OPENING', 'BANCO_OFF')",12,6,10,60.000,STATUS,25.000,1.748155,5.7440
"('TANK', 'TANK', 'NEUTRAL', 'SAFE', 'FULL', 'FIELD_SHARED', 'FASTER', 'MEC_AVAIL', 'CLEAN', 'CLEAN', 'NEUTRAL', 'NEUTRAL', 'CLEAR', 'CLEAR', 'OPENING', 'BANCO_OFF')",12,7,12,58.333,SWITCH_DEFENSIVE,33.333,1.791759,6.0000
"('TANK', 'TANK', 'DOMINANT', 'FULL', 'FULL', 'FIELD_THEIRS', 'SLOWER', 'MEC_AVAIL', 'CLEAN', 'CLEAN', 'NEUTRAL', 'NEUTRAL', 'CLEAR', 'CLEAR', 'OPENING', 'BANCO_AMBOS')",12,7,10,70.000,FIELD_CONTROL,33.333,1.791759,6.0000
"('TANK', 'SWEEPER', 'CRITICAL_DIS', 'SAFE', 'FULL', 'FIELD_THEIRS', 'SLOWER', 'MEC_USED', 'CLEAN', 'CLEAN', 'NEUTRAL', 'NEUTRAL', 'CLEAR', 'CLEAR', 'OPENING', 'BANCO_OFF')",12,7,13,53.846,SWITCH_OFFENSIVE,41.667,1.698783,5.4673
"('TANK', 'TANK', 'OFFENSIVE_ADV', 'DANGER', 'FULL', 'NORMAL', 'FASTER', 'MEC_USED', 'CLEAN', 'CLEAN', 'NEUTRAL', 'NEUTRAL', 'CLEAR', 'SET', 'OPENING', 'BANCO_OFF')",12,7,12,58.333,SWITCH_OFFENSIVE,41.667,1.698783,5.4673
"('TANK', 'TANK', 'NEUTRAL', 'SAFE', 'SAFE', 'NORMAL', 'FASTER', 'MEC_USED', 'AFFLICTED', 'CLEAN', 'NEUTRAL', 'NEUTRAL', 'CLEAR', 'SET', 'RECOVERING', 'BANCO_VAZIO')",12,3,9,33.333,HEAL,58.333,0.959615,2.6107
"('TANK', 'TANK', 'OFFENSIVE_DIS', 'SAFE', 'FULL', 'NORMAL', 'SLOWER', 'MEC_USED', 'CLEAN', 'CLEAN', 'NEUTRAL', 'NEUTRAL', 'CLEAR', 'CLEAR', 'BRAWL', 'BANCO_VAZIO')",12,7,12,58.333,ATTACK_TECH,25.000,1.863680,6.4474
"('TANK', 'UTILITY', 'OFFENSIVE_ADV', 'FULL', 'FULL', 'NORMAL', 'FASTER', 'MEC_USED', 'CLEAN', 'CLEAN', 'NEUTRAL', 'NEUTRAL', 'CLEAR', 'CLEAR', 'OPENING', 'BANCO_VAZIO')",12,1,5,20.000,ATTACK_STRONG,100.000,-0.000000,1.0000
"('TANK', 'TANK', 'DOMINANT', 'FULL', 'FULL', 'FIELD_THEIRS', 'FASTER', 'MEC_USED', 'CLEAN', 'CLEAN', 'NEUTRAL', 'NEUTRAL', 'SET', 'CLEAR', 'OPENING', 'BANCO_AMBOS')",12,7,12,58.333,ATTACK_STRONG,16.667,1.907284,6.7348
"('TANK', 'TANK', 'CRITICAL_DIS', 'SAFE', 'FULL', 'NORMAL', 'SLOWER', 'MEC_USED', 'CLEAN', 'CLEAN', 'NEUTRAL', 'NEUTRAL', 'CLEAR', 'SET', 'OPENING', 'BANCO_OFF')",12,2,9,22.222,SWITCH_OFFENSIVE,58.333,0.679193,1.9723
"('TANK', 'TANK', 'DEFENSIVE_DIS', 'CRIT', 'SAFE', 'FIELD_THEIRS', 'FASTER', 'MEC_USED', 'CLEAN', 'CLEAN', 'NEUTRAL', 'NEUTRAL', 'CLEAR', 'CLEAR', 'OPENING', 'BANCO_AMBOS')",12,5,6,83.333,ATTACK_PIVOT,58.333,1.234268,3.4359
"('TANK', 'SWEEPER', 'OFFENSIVE_ADV', 'SAFE', 'FULL', 'NORMAL', 'SLOWER', 'MEC_USED', 'CLEAN', 'CLEAN', 'NEUTRAL', 'NEUTRAL', 'SET', 'CLEAR', 'OPENING', 'BANCO_OFF')",12,10,12,83.333,SWITCH_DEFENSIVE,25.000,2.210254,9.1180
"('TANK', 'TANK', 'OFFENSIVE_DIS', 'SAFE', 'FULL', 'NORMAL', 'SLOWER', 'MEC_USED', 'CLEAN', 'CLEAN', 'NEUTRAL', 'NEUTRAL', 'SET', 'SET', 'BRAWL', 'BANCO_OFF')",12,6,11,54.545,STATUS,33.333,1.632631,5.1173
"('TANK', 'TANK', 'DEFENSIVE_DIS', 'FULL', 'DANGER', 'NORMAL', 'SLOWER', 'MEC_USED', 'CLEAN', 'CLEAN', 'NEUTRAL', 'NEUTRAL', 'CLEAR', 'CLEAR', 'RECOVERING', 'BANCO_VAZIO')",12,5,12,41.667,PROTECT,41.667,1.352209,3.8660
"('TANK', 'TANK', 'NEUTRAL', 'SAFE', 'CRIT', 'NORMAL', 'FASTER', 'MEC_USED', 'CLEAN', 'CLEAN', 'NEUTRAL', 'NEUTRAL', 'SET', 'CLEAR', 'OPENING', 'BANCO_OFF')",12,6,12,50.000,CLEAN_HAZARD,41.667,1.583258,4.8708
"('TANK', 'TANK', 'NEUTRAL', 'FULL', 'SAFE', 'FIELD_OURS_OFF', 'FASTER', 'MEC_USED', 'CLEAN', 'CLEAN', 'NEUTRAL', 'NEUTRAL', 'CLEAR', 'CLEAR', 'OPENING', 'BANCO_VAZIO')",12,5,9,55.556,ATTACK_TECH,33.333,1.445186,4.2426
"('TANK', 'TANK', 'OFFENSIVE_DIS', 'SAFE', 'SAFE', 'NORMAL', 'FASTER', 'MEC_USED', 'CLEAN', 'CLEAN', 'NEUTRAL', 'NEUTRAL', 'SET', 'CLEAR', 'BRAWL', 'BANCO_OFF')",12,5,13,38.462,SWITCH_DEFENSIVE,58.333,1.234268,3.4359
"('TANK', 'TANK', 'NEUTRAL', 'CRIT', 'SAFE', 'NORMAL', 'SLOWER', 'MEC_USED', 'CLEAN', 'CLEAN', 'NEUTRAL', 'NEUTRAL', 'CLEAR', 'CLEAR', 'OPENING', 'BANCO_VAZIO')",12,9,11,81.818,STATUS,16.667,2.138333,8.4853
"('SWEEPER', 'TANK', 'OFFENSIVE_ADV', 'SAFE', 'FULL', 'NORMAL', 'FASTER', 'MEC_AVAIL', 'CLEAN', 'CLEAN', 'NEUTRAL', 'NEUTRAL', 'CLEAR', 'CLEAR', 'OPENING', 'BANCO_OFF')",12,7,10,70.000,ATTACK_STRONG,25.000,1.820076,6.1723
"('TANK', 'TANK', 'OFFENSIVE_ADV', 'FULL', 'FULL', 'FIELD_SHARED', 'FASTER', 'MEC_USED', 'AFFLICTED', 'CLEAN', 'NEUTRAL', 'NEUTRAL', 'CLEAR', 'CLEAR', 'OPENING', 'BANCO_OFF')",12,7,11,63.636,CLEAN_HAZARD,25.000,1.863680,6.4474
"('TANK', 'TANK', 'NEUTRAL', 'SAFE', 'FULL', 'NORMAL', 'FASTER', 'MEC_USED', 'CLEAN', 'CLEAN', 'NEUTRAL', 'NEUTRAL', 'CLEAR', 'SET', 'BRAWL', 'BANCO_VAZIO')",12,7,12,58.333,SWITCH_DEFENSIVE,33.333,1.791759,6.0000
"('TANK', 'TANK', 'NEUTRAL', 'DANGER', 'FULL', 'NORMAL', 'FASTER', 'MEC_USED', 'AFFLICTED', 'CLEAN', 'NEUTRAL', 'NEUTRAL', 'SET', 'SET', 'CLUTCH', 'BANCO_VAZIO')",12,3,9,33.333,STATUS,50.000,1.011404,2.7495
"('TANK', 'TANK', 'NEUTRAL', 'FULL', 'FULL', 'NORMAL', 'SLOWER', 'MEC_USED', 'AFFLICTED', 'CLEAN', 'DEBUFF', 'DEBUFF', 'SET', 'SET', 'CLUTCH', 'BANCO_VAZIO')",12,4,6,66.667,HAZARD,41.667,1.236685,3.4442
"('TANK', 'TANK', 'CRITICAL_DIS', 'DANGER', 'FULL', 'NORMAL', 'SLOWER', 'MEC_USED', 'CLEAN', 'CLEAN', 'NEUTRAL', 'NEUTRAL', 'CLEAR', 'CLEAR', 'OPENING', 'BANCO_OFF')",12,8,12,66.667,ATTACK_PIVOT,16.667,2.022809,7.5595
"('TANK', 'TANK', 'OFFENSIVE_DIS', 'CRIT', 'FULL', 'NORMAL', 'FASTER', 'MEC_USED', 'CLEAN', 'CLEAN', 'NEUTRAL', 'NEUTRAL', 'CLEAR', 'CLEAR', 'OPENING', 'BANCO_OFF')",12,9,14,64.286,ATTACK_STRONG,16.667,2.138333,8.4853
"('TANK', 'TANK', 'DEFENSIVE_DIS', 'DANGER', 'FULL', 'NORMAL', 'SLOWER', 'MEC_USED', 'CLEAN', 'CLEAN', 'NEUTRAL', 'NEUTRAL', 'CLEAR', 'CLEAR', 'OPENING', 'BANCO_AMBOS')",12,7,11,63.636,HEAL,50.000,1.589027,4.8990
"('TANK', 'TANK', 'NEUTRAL', 'SAFE', 'FULL', 'NORMAL', 'FASTER', 'MEC_USED', 'AFFLICTED', 'CLEAN', 'NEUTRAL', 'NEUTRAL', 'SET', 'CLEAR', 'RECOVERING', 'BANCO_VAZIO')",12,8,12,66.667,ATTACK_PIVOT,33.333,1.907284,6.7348
"('TANK', 'TANK', 'NEUTRAL', 'SAFE', 'DANGER', 'NORMAL', 'SLOWER', 'MEC_USED', 'CLEAN', 'CLEAN', 'NEUTRAL', 'NEUTRAL', 'SET', 'CLEAR', 'BRAWL', 'BANCO_VAZIO')",12,10,13,76.923,ATTACK_TECH,16.667,2.253858,9.5244
"('SWEEPER', 'TANK', 'OFFENSIVE_ADV', 'FULL', 'SAFE', 'NORMAL', 'FASTER', 'MEC_USED', 'CLEAN', 'CLEAN', 'NEUTRAL', 'DEBUFF', 'SET', 'CLEAR', 'OPENING', 'BANCO_OFF')",12,5,7,71.429,CLEAN_HAZARD,33.333,1.445186,4.2426
"('TANK', 'UTILITY', 'OFFENSIVE_DIS', 'SAFE', 'SAFE', 'NORMAL', 'SLOWER', 'MEC_USED', 'CLEAN', 'CLEAN', 'NEUTRAL', 'NEUTRAL', 'CLEAR', 'CLEAR', 'OPENING', 'BANCO_OFF')",12,5,12,41.667,STATUS,41.667,1.352209,3.8660
"('TANK', 'SWEEPER', 'DEFENSIVE_DIS', 'SAFE', 'FULL', 'NORMAL', 'SLOWER', 'MEC_USED', 'CLEAN', 'CLEAN', 'DEBUFF', 'NEUTRAL', 'CLEAR', 'CLEAR', 'OPENING', 'BANCO_OFF')",12,6,11,54.545,SWITCH_OFFENSIVE,50.000,1.473502,4.3645
"('TANK', 'TANK', 'OFFENSIVE_ADV', 'FULL', 'FULL', 'FIELD_SHARED', 'SLOWER', 'MEC_USED', 'CLEAN', 'CLEAN', 'NEUTRAL', 'NEUTRAL', 'CLEAR', 'CLEAR', 'BRAWL', 'BANCO_OFF')",12,8,12,66.667,DISRUPTION,25.000,1.979205,7.2370
"('TANK', 'TANK', 'NEUTRAL', 'FULL', 'FULL', 'FIELD_THEIRS', 'SLOWER', 'MEC_AVAIL', 'CLEAN', 'CLEAN', 'NEUTRAL', 'NEUTRAL', 'CLEAR', 'CLEAR', 'OPENING', 'BANCO_AMBOS')",12,7,20,35.000,SWITCH_DEFENSIVE,33.333,1.791759,6.0000
"('SWEEPER', 'TANK', 'DEFENSIVE_ADV', 'FULL', 'FULL', 'NORMAL', 'FASTER', 'MEC_USED', 'CLEAN', 'CLEAN', 'NEUTRAL', 'NEUTRAL', 'CLEAR', 'CLEAR', 'OPENING', 'BANCO_OFF')",12,6,7,85.714,ATTACK_TECH,33.333,1.560710,4.7622
"('TANK', 'TANK', 'NEUTRAL', 'SAFE', 'FULL', 'NORMAL', 'SLOWER', 'MEC_USED', 'CLEAN', 'CLEAN', 'NEUTRAL', 'NEUTRAL', 'CLEAR', 'SET', 'OPENING', 'BANCO_AMBOS')",12,4,12,33.333,SWITCH_OFFENSIVE,50.000,1.242453,3.4641
"('TANK', 'SWEEPER', 'OFFENSIVE_ADV', 'SAFE', 'DANGER', 'NORMAL', 'SLOWER', 'MEC_USED', 'CLEAN', 'CLEAN', 'NEUTRAL', 'NEUTRAL', 'CLEAR', 'CLEAR', 'OPENING', 'BANCO_OFF')",12,7,10,70.000,HEAL,41.667,1.698783,5.4673
"('TANK', 'SWEEPER', 'NEUTRAL', 'SAFE', 'FULL', 'NORMAL', 'SLOWER', 'MEC_AVAIL', 'CLEAN', 'CLEAN', 'NEUTRAL', 'NEUTRAL', 'CLEAR', 'CLEAR', 'OPENING', 'BANCO_OFF')",12,10,18,55.556,HEAL,16.667,2.253858,9.5244
"('TANK', 'TANK', 'NEUTRAL', 'FULL', 'FULL', 'NORMAL', 'SLOWER', 'MEC_USED', 'CLEAN', 'CLEAN', 'NEUTRAL', 'NEUTRAL', 'SET', 'SET', 'BRAWL', 'BANCO_VAZIO')",12,4,11,36.364,HEAL,66.667,0.983088,2.6727
"('TANK', 'TANK', 'DEFENSIVE_DIS', 'FULL', 'SAFE', 'NORMAL', 'FASTER', 'MEC_USED', 'CLEAN', 'CLEAN', 'NEUTRAL', 'NEUTRAL', 'SET', 'CLEAR', 'RECOVERING', 'BANCO_VAZIO')",12,8,12,66.667,CLEAN_HAZARD,41.667,1.814308,6.1368
"('SWEEPER', 'TANK', 'VOLATILE', 'FULL', 'FULL', 'FIELD_OURS_OFF', 'FASTER', 'MEC_USED', 'CLEAN', 'CLEAN', 'NEUTRAL', 'NEUTRAL', 'CLEAR', 'CLEAR', 'OPENING', 'BANCO_AMBOS')",12,3,6,50.000,SWITCH_DEFENSIVE,83.333,0.566086,1.7614
"('SWEEPER', 'SWEEPER', 'NEUTRAL', 'FULL', 'FULL', 'NORMAL', 'FASTER', 'MEC_USED', 'CLEAN', 'CLEAN', 'NEUTRAL', 'DEBUFF', 'CLEAR', 'CLEAR', 'OPENING', 'BANCO_OFF')",12,4,5,80.000,ATTACK_STRONG,50.000,1.198849,3.3163
"('TANK', 'UTILITY', 'NEUTRAL', 'FULL', 'FULL', 'FIELD_THEIRS', 'SLOWER', 'MEC_USED', 'CLEAN', 'CLEAN', 'NEUTRAL', 'NEUTRAL', 'CLEAR', 'CLEAR', 'OPENING', 'BANCO_OFF')",12,9,13,69.231,ATTACK_STRONG,25.000,2.094729,8.1232
"('TANK', 'TANK', 'OFFENSIVE_DIS', 'DANGER', 'SAFE', 'NORMAL', 'FASTER', 'MEC_USED', 'CLEAN', 'CLEAN', 'NEUTRAL', 'NEUTRAL', 'SET', 'SET', 'RECOVERING', 'BANCO_VAZIO')",12,8,11,72.727,DISRUPTION,25.000,1.979205,7.2370
"('TANK', 'SWEEPER', 'DOMINANT', 'FULL', 'FULL', 'FIELD_THEIRS', 'SLOWER', 'MEC_USED', 'CLEAN', 'CLEAN', 'NEUTRAL', 'NEUTRAL', 'CLEAR', 'CLEAR', 'OPENING', 'BANCO_AMBOS')",12,7,9,77.778,ATTACK_STRONG,25.000,1.863680,6.4474
"('UTILITY', 'SWEEPER', 'OFFENSIVE_ADV', 'FULL', 'FULL', 'NORMAL', 'FASTER', 'MEC_USED', 'CLEAN', 'CLEAN', 'NEUTRAL', 'NEUTRAL', 'CLEAR', 'CLEAR', 'OPENING', 'BANCO_OFF')",12,6,7,85.714,ATTACK_TECH,33.333,1.676235,5.3454
"('UTILITY', 'TANK', 'OFFENSIVE_ADV', 'SAFE', 'FULL', 'FIELD_OURS_OFF', 'FASTER', 'MEC_USED', 'CLEAN', 'CLEAN', 'NEUTRAL', 'NEUTRAL', 'CLEAR', 'CLEAR', 'OPENING', 'BANCO_OFF')",12,7,9,77.778,ATTACK_STRONG,41.667,1.698783,5.4673
"('TANK', 'UTILITY', 'VOLATILE', 'FULL', 'FULL', 'FIELD_OURS_DEF', 'SLOWER', 'MEC_AVAIL', 'CLEAN', 'CLEAN', 'NEUTRAL', 'NEUTRAL', 'CLEAR', 'CLEAR', 'OPENING', 'BANCO_VAZIO')",12,4,4,100.000,SWITCH_OFFENSIVE,41.667,1.308605,3.7010
"('TANK', 'TANK', 'VOLATILE', 'DANGER', 'FULL', 'NORMAL', 'FASTER', 'MEC_USED', 'CLEAN', 'CLEAN', 'NEUTRAL', 'NEUTRAL', 'SET', 'CLEAR', 'OPENING', 'BANCO_OFF')",12,7,10,70.000,HEAL_STATUS,33.333,1.791759,6.0000
"('TANK', 'TANK', 'NEUTRAL', 'FULL', 'FULL', 'NORMAL', 'SLOWER', 'MEC_USED', 'CLEAN', 'CLEAN', 'NEUTRAL', 'NEUTRAL', 'CLEAR', 'SET', 'BRAWL', 'BANCO_OFF')",12,2,11,18.182,SWITCH_OFFENSIVE,75.000,0.562335,1.7548
"('TANK', 'TANK', 'NEUTRAL', 'DANGER', 'FULL', 'FIELD_OURS_OFF', 'FASTER', 'MEC_USED', 'CLEAN', 'CLEAN', 'NEUTRAL', 'NEUTRAL', 'CLEAR', 'CLEAR', 'OPENING', 'BANCO_OFF')",12,7,11,63.636,HEAL,33.333,1.748155,5.7440
"('TANK', 'TANK', 'OFFENSIVE_ADV', 'FULL', 'FULL', 'FIELD_SHARED', 'SLOWER', 'MEC_AVAIL', 'CLEAN', 'CLEAN', 'NEUTRAL', 'NEUTRAL', 'CLEAR', 'CLEAR', 'OPENING', 'BANCO_AMBOS')",12,4,14,28.571,HEAL,58.333,1.118743,3.0610
"('TANK', 'TANK', 'OFFENSIVE_ADV', 'SAFE', 'DANGER', 'NORMAL', 'SLOWER', 'MEC_USED', 'CLEAN', 'CLEAN', 'NEUTRAL', 'NEUTRAL', 'CLEAR', 'CLEAR', 'BRAWL', 'BANCO_OFF')",12,5,12,41.667,HEAL,66.667,1.098612,3.0000
"('SWEEPER', 'TANK', 'OFFENSIVE_ADV', 'SAFE', 'FULL', 'NORMAL', 'FASTER', 'MEC_USED', 'CLEAN', 'CLEAN', 'NEUTRAL', 'NEUTRAL', 'SET', 'CLEAR', 'BRAWL', 'BANCO_OFF')",12,8,8,100.000,ATTACK_TECH,25.000,1.979205,7.2370
"('SWEEPER', 'TANK', 'DOMINANT', 'FULL', 'SAFE', 'NORMAL', 'FASTER', 'MEC_USED', 'CLEAN', 'CLEAN', 'NEUTRAL', 'NEUTRAL', 'CLEAR', 'CLEAR', 'OPENING', 'BANCO_AMBOS')",12,6,7,85.714,ATTACK_STRONG,33.333,1.632631,5.1173
"('SWEEPER', 'SWEEPER', 'VOLATILE', 'FULL', 'FULL', 'NORMAL', 'FASTER', 'MEC_AVAIL', 'CLEAN', 'CLEAN', 'DEBUFF', 'NEUTRAL', 'CLEAR', 'CLEAR', 'OPENING', 'BANCO_OFF')",12,3,6,50.000,ATTACK_STRONG_MEC,75.000,0.721464,2.0574
"('TANK', 'TANK', 'OFFENSIVE_ADV', 'FULL', 'DANGER', 'NORMAL', 'FASTER', 'MEC_USED', 'CLEAN', 'CLEAN', 'NEUTRAL', 'NEUTRAL', 'CLEAR', 'CLEAR', 'RECOVERING', 'BANCO_VAZIO')",12,7,11,63.636,ATTACK_STRONG,25.000,1.863680,6.4474
"('TANK', 'TANK', 'NEUTRAL', 'DANGER', 'FULL', 'NORMAL', 'FASTER', 'MEC_AVAIL', 'CLEAN', 'CLEAN', 'NEUTRAL', 'NEUTRAL', 'CLEAR', 'CLEAR', 'OPENING', 'BANCO_OFF')",12,7,16,43.750,HEAL_MEC,33.333,1.791759,6.0000
"('TANK', 'TANK', 'DEFENSIVE_DIS', 'FULL', 'FULL', 'NORMAL', 'FASTER', 'MEC_USED', 'CLEAN', 'CLEAN', 'BUFFED', 'NEUTRAL', 'CLEAR', 'CLEAR', 'OPENING', 'BANCO_OFF')",12,4,9,44.444,BUFF,66.667,0.983088,2.6727
"('TANK', 'TANK', 'VOLATILE', 'SAFE', 'FULL', 'FIELD_THEIRS', 'FASTER', 'MEC_USED', 'CLEAN', 'CLEAN', 'NEUTRAL', 'NEUTRAL', 'CLEAR', 'CLEAR', 'OPENING', 'BANCO_OFF')",12,8,11,72.727,HEAL,33.333,1.907284,6.7348
"('TANK', 'TANK', 'DEFENSIVE_DIS', 'FULL', 'SAFE', 'FIELD_SHARED', 'SLOWER', 'MEC_USED', 'CLEAN', 'CLEAN', 'NEUTRAL', 'NEUTRAL', 'CLEAR', 'CLEAR', 'OPENING', 'BANCO_OFF')",12,5,10,50.000,SWITCH_DEFENSIVE,58.333,1.234268,3.4359
"('TANK', 'TANK', 'NEUTRAL', 'FULL', 'FULL', 'NORMAL', 'FASTER', 'MEC_USED', 'AFFLICTED', 'CLEAN', 'NEUTRAL', 'NEUTRAL', 'CLEAR', 'CLEAR', 'OPENING', 'BANCO_VAZIO')",12,6,10,60.000,CLEAN_HAZARD,41.667,1.539654,4.6630
"('TANK', 'TANK', 'CRITICAL_DIS', 'FULL', 'SAFE', 'NORMAL', 'FASTER', 'MEC_USED', 'CLEAN', 'CLEAN', 'NEUTRAL', 'NEUTRAL', 'SET', 'CLEAR', 'BRAWL', 'BANCO_OFF')",12,4,12,33.333,SWITCH_DEFENSIVE,50.000,1.126929,3.0862
"('TANK', 'TANK', 'NEUTRAL', 'SAFE', 'FULL', 'NORMAL', 'SLOWER', 'MEC_USED', 'CLEAN', 'CLEAN', 'NEUTRAL', 'NEUTRAL', 'SET', 'CLEAR', 'OPENING', 'BANCO_DEF')",12,6,10,60.000,STAT_CLEAN,33.333,1.676235,5.3454
"('TANK', 'TANK', 'DEFENSIVE_ADV', 'SAFE', 'FULL', 'FIELD_SHARED', 'SLOWER', 'MEC_USED', 'CLEAN', 'CLEAN', 'NEUTRAL', 'NEUTRAL', 'CLEAR', 'CLEAR', 'OPENING', 'BANCO_OFF')",12,6,9,66.667,STATUS,25.000,1.704551,5.4989
"('TANK', 'UTILITY', 'OFFENSIVE_ADV', 'FULL', 'DANGER', 'NORMAL', 'SLOWER', 'MEC_USED', 'CLEAN', 'CLEAN', 'NEUTRAL', 'NEUTRAL', 'CLEAR', 'CLEAR', 'OPENING', 'BANCO_OFF')",12,5,11,45.455,ATTACK_STRONG,58.333,1.234268,3.4359
"('TANK', 'TANK', 'VOLATILE', 'SAFE', 'FULL', 'NORMAL', 'FASTER', 'MEC_USED', 'CLEAN', 'CLEAN', 'NEUTRAL', 'NEUTRAL', 'CLEAR', 'SET', 'OPENING', 'BANCO_OFF')",12,8,9,88.889,ATTACK_STRONG,25.000,1.979205,7.2370
"('TANK', 'TANK', 'NEUTRAL', 'DANGER', 'FULL', 'NORMAL', 'SLOWER', 'MEC_USED', 'CLEAN', 'CLEAN', 'NEUTRAL', 'NEUTRAL', 'SET', 'CLEAR', 'BRAWL', 'BANCO_VAZIO')",12,8,12,66.667,SWITCH_OFFENSIVE,25.000,1.979205,7.2370
"('TANK', 'TANK', 'NEUTRAL', 'DANGER', 'SAFE', 'NORMAL', 'SLOWER', 'MEC_USED', 'CLEAN', 'CLEAN', 'NEUTRAL', 'NEUTRAL', 'SET', 'SET', 'OPENING', 'BANCO_OFF')",12,6,11,54.545,STAT_CLEAN,25.000,1.748155,5.7440
"('UTILITY', 'SWEEPER', 'DOMINANT', 'FULL', 'FULL', 'FIELD_THEIRS', 'SLOWER', 'MEC_USED', 'CLEAN', 'CLEAN', 'NEUTRAL', 'NEUTRAL', 'CLEAR', 'CLEAR', 'OPENING', 'BANCO_AMBOS')",12,4,7,57.143,SWITCH_DEFENSIVE,41.667,1.236685,3.4442
"('SWEEPER', 'TANK', 'OFFENSIVE_ADV', 'FULL', 'SAFE', 'NORMAL', 'FASTER', 'MEC_USED', 'CLEAN', 'CLEAN', 'NEUTRAL', 'NEUTRAL', 'SET', 'CLEAR', 'OPENING', 'BANCO_OFF')",12,7,9,77.778,ATTACK_TECH,25.000,1.863680,6.4474
"('TANK', 'SWEEPER', 'DEFENSIVE_DIS', 'SAFE', 'FULL', 'FIELD_SHARED', 'SLOWER', 'MEC_USED', 'CLEAN', 'CLEAN', 'NEUTRAL', 'NEUTRAL', 'CLEAR', 'CLEAR', 'OPENING', 'BANCO_OFF')",12,6,12,50.000,ATTACK_TECH,41.667,1.583258,4.8708
"('TANK', 'TANK', 'OFFENSIVE_ADV', 'FULL', 'FULL', 'NORMAL', 'SLOWER', 'MEC_USED', 'CLEAN', 'CLEAN', 'NEUTRAL', 'NEUTRAL', 'SET', 'SET', 'OPENING', 'BANCO_OFF')",12,8,12,66.667,SWITCH_OFFENSIVE,25.000,1.979205,7.2370
"('TANK', 'TANK', 'VOLATILE', 'FULL', 'FULL', 'NORMAL', 'FASTER', 'MEC_AVAIL', 'CLEAN', 'CLEAN', 'BUFFED', 'NEUTRAL', 'CLEAR', 'CLEAR', 'OPENING', 'BANCO_AMBOS')",12,2,8,25.000,SWITCH_DEFENSIVE,83.333,0.450561,1.5692
"('TANK', 'TANK', 'NEUTRAL', 'SAFE', 'SAFE', 'NORMAL', 'FASTER', 'MEC_USED', 'AFFLICTED', 'CLEAN', 'NEUTRAL', 'NEUTRAL', 'CLEAR', 'CLEAR', 'RECOVERING', 'BANCO_VAZIO')",12,7,10,70.000,STATUS,41.667,1.698783,5.4673
"('TANK', 'TANK', 'NEUTRAL', 'SAFE', 'SAFE', 'FIELD_SHARED', 'FASTER', 'MEC_USED', 'CLEAN', 'CLEAN', 'NEUTRAL', 'NEUTRAL', 'SET', 'CLEAR', 'OPENING', 'BANCO_OFF')",12,6,9,66.667,ATTACK_STRONG,33.333,1.632631,5.1173
"('TANK', 'TANK', 'NEUTRAL', 'SAFE', 'FULL', 'NORMAL', 'SLOWER', 'MEC_USED', 'AFFLICTED', 'CLEAN', 'DEBUFF', 'NEUTRAL', 'SET', 'SET', 'RECOVERING', 'BANCO_VAZIO')",12,5,9,55.556,STAT_CLEAN,41.667,1.424130,4.1542
"('TANK', 'TANK', 'CRITICAL_DIS', 'FULL', 'FULL', 'NORMAL', 'FASTER', 'MEC_USED', 'CLEAN', 'CLEAN', 'NEUTRAL', 'NEUTRAL', 'CLEAR', 'CLEAR', 'BRAWL', 'BANCO_OFF')",12,8,14,57.143,HEAL,33.333,1.907284,6.7348
"('TANK', 'TANK', 'NEUTRAL', 'SAFE', 'FULL', 'NORMAL', 'SLOWER', 'MEC_USED', 'AFFLICTED', 'AFFLICTED', 'DEBUFF', 'NEUTRAL', 'CLEAR', 'CLEAR', 'CLUTCH', 'BANCO_VAZIO')",12,2,7,28.571,SWITCH_DEFENSIVE,66.667,0.636514,1.8899
"('TANK', 'TANK', 'OFFENSIVE_DIS', 'SAFE', 'FULL', 'NORMAL', 'SLOWER', 'MEC_USED', 'CLEAN', 'CLEAN', 'NEUTRAL', 'NEUTRAL', 'SET', 'CLEAR', 'BRAWL', 'BANCO_VAZIO')",12,10,13,76.923,STATUS,16.667,2.253858,9.5244
"('TANK', 'TANK', 'OFFENSIVE_ADV', 'SAFE', 'FULL', 'NORMAL', 'FASTER', 'MEC_USED', 'CLEAN', 'CLEAN', 'NEUTRAL', 'DEBUFF', 'CLEAR', 'CLEAR', 'OPENING', 'BANCO_OFF')",12,5,9,55.556,ATTACK_PIVOT,41.667,1.424130,4.1542
"('TANK', 'TANK', 'CRITICAL_DIS', 'DANGER', 'SAFE', 'NORMAL', 'SLOWER', 'MEC_USED', 'CLEAN', 'CLEAN', 'NEUTRAL', 'NEUTRAL', 'CLEAR', 'CLEAR', 'OPENING', 'BANCO_OFF')",12,7,10,70.000,PROTECT,33.333,1.791759,6.0000
"('TANK', 'TANK', 'DEFENSIVE_DIS', 'FULL', 'FULL', 'FIELD_OURS_DEF', 'FASTER', 'MEC_AVAIL', 'CLEAN', 'CLEAN', 'NEUTRAL', 'NEUTRAL', 'CLEAR', 'CLEAR', 'OPENING', 'BANCO_OFF')",12,6,6,100.000,SWITCH_DEFENSIVE,33.333,1.632631,5.1173
"('TANK', 'SWEEPER', 'NEUTRAL', 'SAFE', 'SAFE', 'NORMAL', 'SLOWER', 'MEC_USED', 'CLEAN', 'CLEAN', 'DEBUFF', 'NEUTRAL', 'CLEAR', 'CLEAR', 'OPENING', 'BANCO_OFF')",12,7,10,70.000,SWITCH_OFFENSIVE,33.333,1.791759,6.0000
"('TANK', 'UTILITY', 'DEFENSIVE_DIS', 'FULL', 'FULL', 'NORMAL', 'SLOWER', 'MEC_USED', 'CLEAN', 'CLEAN', 'NEUTRAL', 'NEUTRAL', 'CLEAR', 'CLEAR', 'RECOVERING', 'BANCO_VAZIO')",12,7,11,63.636,HEAL,33.333,1.748155,5.7440
"('TANK', 'TANK', 'OFFENSIVE_ADV', 'SAFE', 'FULL', 'NORMAL', 'SLOWER', 'MEC_USED', 'CLEAN', 'CLEAN', 'NEUTRAL', 'NEUTRAL', 'SET', 'SET', 'BRAWL', 'BANCO_OFF')",12,7,12,58.333,ATTACK_STRONG,33.333,1.748155,5.7440
"('SWEEPER', 'TANK', 'NEUTRAL', 'FULL', 'FULL', 'NORMAL', 'FASTER', 'MEC_AVAIL', 'CLEAN', 'CLEAN', 'NEUTRAL', 'NEUTRAL', 'CLEAR', 'CLEAR', 'OPENING', 'BANCO_DEF')",12,6,8,75.000,SWITCH_OFFENSIVE,33.333,1.632631,5.1173
"('TANK', 'SWEEPER', 'NEUTRAL', 'FULL', 'FULL', 'NORMAL', 'FASTER', 'MEC_USED', 'CLEAN', 'CLEAN', 'DEBUFF', 'NEUTRAL', 'CLEAR', 'CLEAR', 'OPENING', 'BANCO_VAZIO')",12,3,4,75.000,ATTACK_PIVOT,41.667,1.077556,2.9375
"('UTILITY', 'TANK', 'OFFENSIVE_ADV', 'SAFE', 'FULL', 'FIELD_THEIRS', 'FASTER', 'MEC_USED', 'CLEAN', 'CLEAN', 'NEUTRAL', 'NEUTRAL', 'CLEAR', 'CLEAR', 'OPENING', 'BANCO_OFF')",12,8,10,80.000,BUFF,25.000,1.979205,7.2370
"('TANK', 'TANK', 'DOMINANT', 'FULL', 'FULL', 'NORMAL', 'SLOWER', 'MEC_USED', 'CLEAN', 'CLEAN', 'NEUTRAL', 'NEUTRAL', 'CLEAR', 'CLEAR', 'BRAWL', 'BANCO_OFF')",12,8,12,66.667,ATTACK_STRONG,25.000,1.979205,7.2370
"('TANK', 'TANK', 'VOLATILE', 'SAFE', 'FULL', 'FIELD_OURS_DEF', 'FASTER', 'MEC_USED', 'CLEAN', 'CLEAN', 'NEUTRAL', 'NEUTRAL', 'CLEAR', 'CLEAR', 'OPENING', 'BANCO_OFF')",12,6,9,66.667,ATTACK_STRONG,41.667,1.583258,4.8708
"('UTILITY', 'TANK', 'DOMINANT', 'FULL', 'FULL', 'FIELD_THEIRS', 'FASTER', 'MEC_AVAIL', 'CLEAN', 'CLEAN', 'NEUTRAL', 'NEUTRAL', 'CLEAR', 'CLEAR', 'OPENING', 'BANCO_DEF')",12,4,4,100.000,ATTACK_STRONG_MEC,33.333,1.357978,3.8883
"('TANK', 'TANK', 'DEFENSIVE_DIS', 'DANGER', 'SAFE', 'FIELD_SHARED', 'FASTER', 'MEC_USED', 'CLEAN', 'CLEAN', 'NEUTRAL', 'NEUTRAL', 'CLEAR', 'CLEAR', 'OPENING', 'BANCO_AMBOS')",12,6,10,60.000,DISRUPTION,50.000,1.473502,4.3645
"('TANK', 'TANK', 'DEFENSIVE_DIS', 'SAFE', 'FULL', 'NORMAL', 'FASTER', 'MEC_USED', 'CLEAN', 'CLEAN', 'NEUTRAL', 'NEUTRAL', 'SET', 'CLEAR', 'BRAWL', 'BANCO_OFF')",12,5,8,62.500,STATUS,50.000,1.357978,3.8883
"('TANK', 'SWEEPER', 'NEUTRAL', 'FULL', 'FULL', 'NORMAL', 'SLOWER', 'MEC_USED', 'CLEAN', 'CLEAN', 'DEBUFF', 'NEUTRAL', 'CLEAR', 'CLEAR', 'OPENING', 'BANCO_VAZIO')",12,3,5,60.000,PROTECT,83.333,0.566086,1.7614
"('UTILITY', 'TANK', 'OFFENSIVE_ADV', 'FULL', 'FULL', 'NORMAL', 'FASTER', 'MEC_USED', 'CLEAN', 'CLEAN', 'NEUTRAL', 'NEUTRAL', 'CLEAR', 'CLEAR', 'BRAWL', 'BANCO_OFF')",12,6,8,75.000,ATTACK_STRONG,41.667,1.583258,4.8708
"('TANK', 'TANK', 'OFFENSIVE_DIS', 'FULL', 'FULL', 'FIELD_SHARED', 'FASTER', 'MEC_USED', 'CLEAN', 'CLEAN', 'NEUTRAL', 'NEUTRAL', 'CLEAR', 'CLEAR', 'OPENING', 'BANCO_DEF')",12,4,11,36.364,ATTACK_STRONG,66.667,0.983088,2.6727
"('TANK', 'TANK', 'NEUTRAL', 'FULL', 'FULL', 'NORMAL', 'SLOWER', 'MEC_USED', 'CLEAN', 'CLEAN', 'NEUTRAL', 'NEUTRAL', 'SET', 'CLEAR', 'CLUTCH', 'BANCO_VAZIO')",12,7,11,63.636,SWITCH_OFFENSIVE,33.333,1.791759,6.0000
"('TANK', 'TANK', 'CRITICAL_DIS', 'FULL', 'FULL', 'NORMAL', 'FASTER', 'MEC_USED', 'AFFLICTED', 'CLEAN', 'NEUTRAL', 'NEUTRAL', 'SET', 'SET', 'CLUTCH', 'BANCO_DEF')",12,1,5,20.000,SWITCH_OFFENSIVE,100.000,-0.000000,1.0000
"('TANK', 'TANK', 'NEUTRAL', 'FULL', 'FULL', 'NORMAL', 'FASTER', 'MEC_USED', 'AFFLICTED', 'CLEAN', 'DEBUFF', 'NEUTRAL', 'SET', 'SET', 'CLUTCH', 'BANCO_VAZIO')",12,5,10,50.000,HAZARD,41.667,1.424130,4.1542
"('TANK', 'TANK', 'DEFENSIVE_DIS', 'FULL', 'FULL', 'NORMAL', 'FASTER', 'MEC_USED', 'AFFLICTED', 'CLEAN', 'DEBUFF', 'NEUTRAL', 'CLEAR', 'SET', 'CLUTCH', 'BANCO_VAZIO')",12,1,1,100.000,BUFF,100.000,-0.000000,1.0000
"('TANK', 'TANK', 'OFFENSIVE_DIS', 'FULL', 'CRIT', 'NORMAL', 'FASTER', 'MEC_USED', 'AFFLICTED', 'CLEAN', 'NEUTRAL', 'NEUTRAL', 'CLEAR', 'CLEAR', 'RECOVERING', 'BANCO_VAZIO')",12,3,5,60.000,CLEAN_HAZARD,83.333,0.566086,1.7614
"('TANK', 'TANK', 'DEFENSIVE_ADV', 'FULL', 'FULL', 'FIELD_SHARED', 'FASTER', 'MEC_USED', 'CLEAN', 'CLEAN', 'NEUTRAL', 'NEUTRAL', 'CLEAR', 'CLEAR', 'OPENING', 'BANCO_VAZIO')",12,6,9,66.667,ATTACK_STRONG,25.000,1.704551,5.4989
"('TANK', 'TANK', 'DOMINANT', 'SAFE', 'DANGER', 'NORMAL', 'SLOWER', 'MEC_USED', 'CLEAN', 'CLEAN', 'NEUTRAL', 'NEUTRAL', 'CLEAR', 'CLEAR', 'OPENING', 'BANCO_OFF')",12,4,11,36.364,ATTACK_STRONG,41.667,1.143708,3.1384
"('TANK', 'TANK', 'OFFENSIVE_DIS', 'FULL', 'DANGER', 'NORMAL', 'FASTER', 'MEC_USED', 'AFFLICTED', 'AFFLICTED', 'DEBUFF', 'BUFFED_DEBUFF', 'CLEAR', 'CLEAR', 'CLUTCH', 'BANCO_VAZIO')",12,2,2,100.000,STATUS,91.667,0.286836,1.3322
"('TANK', 'TANK', 'NEUTRAL', 'FULL', 'FULL', 'NORMAL', 'FASTER', 'MEC_USED', 'AFFLICTED', 'AFFLICTED', 'NEUTRAL', 'BUFFED_DEBUFF', 'CLEAR', 'SET', 'CLUTCH', 'BANCO_VAZIO')",11,2,2,100.000,HAZARD,90.909,0.304636,1.3561
"('TANK', 'TANK', 'OFFENSIVE_DIS', 'SAFE', 'FULL', 'NORMAL', 'FASTER', 'MEC_USED', 'CLEAN', 'CLEAN', 'NEUTRAL', 'NEUTRAL', 'CLEAR', 'SET', 'RECOVERING', 'BANCO_VAZIO')",11,6,11,54.545,HEAL,45.455,1.540306,4.6660
"('TANK', 'TANK', 'NEUTRAL', 'DANGER', 'SAFE', 'NORMAL', 'FASTER', 'MEC_USED', 'CLEAN', 'CLEAN', 'NEUTRAL', 'NEUTRAL', 'SET', 'SET', 'CLUTCH', 'BANCO_VAZIO')",11,6,8,75.000,ATTACK_STRONG,36.364,1.641735,5.1641
"('TANK', 'TANK', 'NEUTRAL', 'FULL', 'FULL', 'FIELD_OURS_OFF', 'FASTER', 'MEC_USED', 'CLEAN', 'CLEAN', 'NEUTRAL', 'NEUTRAL', 'SET', 'CLEAR', 'OPENING', 'BANCO_AMBOS')",11,10,13,76.923,BUFF,18.182,2.271869,9.6975
"('TANK', 'TANK', 'NEUTRAL', 'FULL', 'SAFE', 'NORMAL', 'FASTER', 'MEC_USED', 'AFFLICTED', 'CLEAN', 'NEUTRAL', 'NEUTRAL', 'CLEAR', 'CLEAR', 'CLUTCH', 'BANCO_VAZIO')",11,2,7,28.571,ATTACK_STRONG,90.909,0.304636,1.3561
"('TANK', 'TANK', 'CRITICAL_DIS', 'SAFE', 'SAFE', 'NORMAL', 'FASTER', 'MEC_USED', 'CLEAN', 'CLEAN', 'NEUTRAL', 'NEUTRAL', 'SET', 'CLEAR', 'OPENING', 'BANCO_OFF')",11,8,11,72.727,ATTACK_TECH,18.182,2.019815,7.5369
"('TANK', 'TANK', 'OFFENSIVE_ADV', 'DANGER', 'FULL', 'NORMAL', 'FASTER', 'MEC_USED', 'CLEAN', 'CLEAN', 'NEUTRAL', 'NEUTRAL', 'SET', 'CLEAR', 'BRAWL', 'BANCO_VAZIO')",11,6,8,75.000,ATTACK_STRONG,18.182,1.767761,5.8577
"('TANK', 'TANK', 'OFFENSIVE_ADV', 'SAFE', 'FULL', 'NORMAL', 'SLOWER', 'MEC_USED', 'CLEAN', 'CLEAN', 'NEUTRAL', 'NEUTRAL', 'CLEAR', 'CLEAR', 'BRAWL', 'BANCO_AMBOS')",11,7,12,58.333,FIELD_CONTROL,36.364,1.767761,5.8577
"('TANK', 'TANK', 'VOLATILE', 'SAFE', 'FULL', 'NORMAL', 'SLOWER', 'MEC_USED', 'CLEAN', 'CLEAN', 'NEUTRAL', 'NEUTRAL', 'CLEAR', 'CLEAR', 'RECOVERING', 'BANCO_VAZIO')",11,5,9,55.556,ATTACK_TECH,36.364,1.468140,4.3412
"('UTILITY', 'TANK', 'DEFENSIVE_DIS', 'FULL', 'FULL', 'FIELD_OURS_OFF', 'FASTER', 'MEC_USED', 'CLEAN', 'CLEAN', 'NEUTRAL', 'NEUTRAL', 'CLEAR', 'CLEAR', 'OPENING', 'BANCO_OFF')",11,5,7,71.429,SWITCH_DEFENSIVE,36.364,1.389681,4.0136
"('TANK', 'TANK', 'STALEMATE', 'FULL', 'FULL', 'NORMAL', 'SLOWER', 'MEC_USED', 'AFFLICTED', 'AFFLICTED', 'DEBUFF', 'DEBUFF', 'CLEAR', 'CLEAR', 'CLUTCH', 'BANCO_VAZIO')",11,3,7,42.857,HAZARD,81.818,0.600166,1.8224
"('TANK', 'TANK', 'NEUTRAL', 'DANGER', 'DANGER', 'NORMAL', 'FASTER', 'MEC_USED', 'CLEAN', 'CLEAN', 'NEUTRAL', 'NEUTRAL', 'CLEAR', 'CLEAR', 'RECOVERING', 'BANCO_VAZIO')",11,7,10,70.000,ATTACK_STRONG,27.273,1.846220,6.3358
"('TANK', 'TANK', 'VOLATILE', 'FULL', 'SAFE', 'NORMAL', 'FASTER', 'MEC_USED', 'CLEAN', 'CLEAN', 'NEUTRAL', 'NEUTRAL', 'CLEAR', 'SET', 'OPENING', 'BANCO_OFF')",11,7,11,63.636,BUFF,27.273,1.798652,6.0415
"('TANK', 'TANK', 'OFFENSIVE_ADV', 'SAFE', 'FULL', 'FIELD_THEIRS', 'FASTER', 'MEC_USED', 'CLEAN', 'CLEAN', 'NEUTRAL', 'NEUTRAL', 'CLEAR', 'CLEAR', 'BRAWL', 'BANCO_OFF')",11,8,10,80.000,STATUS,27.273,1.972247,7.1868
"('TANK', 'TANK', 'NEUTRAL', 'FULL', 'DANGER', 'NORMAL', 'FASTER', 'MEC_USED', 'CLEAN', 'CLEAN', 'NEUTRAL', 'NEUTRAL', 'CLEAR', 'SET', 'OPENING', 'BANCO_OFF')",11,6,13,46.154,HEAL,27.273,1.672625,5.3261
"('TANK', 'TANK', 'OFFENSIVE_DIS', 'SAFE', 'SAFE', 'NORMAL', 'SLOWER', 'MEC_USED', 'CLEAN', 'CLEAN', 'NEUTRAL', 'NEUTRAL', 'CLEAR', 'SET', 'OPENING', 'BANCO_OFF')",11,5,9,55.556,STAT_CLEAN,36.364,1.468140,4.3412
"('TANK', 'TANK', 'NEUTRAL', 'DANGER', 'FULL', 'NORMAL', 'SLOWER', 'MEC_USED', 'CLEAN', 'CLEAN', 'NEUTRAL', 'NEUTRAL', 'CLEAR', 'CLEAR', 'BRAWL', 'BANCO_VAZIO')",11,8,12,66.667,SWITCH_OFFENSIVE,27.273,1.972247,7.1868
"('TANK', 'TANK', 'OFFENSIVE_DIS', 'FULL', 'FULL', 'NORMAL', 'FASTER', 'MEC_USED', 'AFFLICTED', 'AFFLICTED', 'NEUTRAL', 'NEUTRAL', 'CLEAR', 'CLEAR', 'DOMINATING', 'BANCO_OFF')",11,2,6,33.333,ATTACK_STRONG,54.545,0.689009,1.9917
"('SWEEPER', 'SWEEPER', 'OFFENSIVE_ADV', 'SAFE', 'FULL', 'NORMAL', 'FASTER', 'MEC_USED', 'CLEAN', 'CLEAN', 'NEUTRAL', 'DEBUFF', 'CLEAR', 'CLEAR', 'OPENING', 'BANCO_OFF')",11,6,7,85.714,CLEAN_HAZARD,36.364,1.641735,5.1641
"('TANK', 'TANK', 'NEUTRAL', 'FULL', 'FULL', 'NORMAL', 'FASTER', 'MEC_USED', 'CLEAN', 'CLEAN', 'NEUTRAL', 'NEUTRAL', 'SET', 'CLEAR', 'DOMINATING', 'BANCO_OFF')",11,4,11,36.364,HEAL,45.455,1.162226,3.1970
"('UTILITY', 'TANK', 'DEFENSIVE_ADV', 'FULL', 'FULL', 'FIELD_SHARED', 'FASTER', 'MEC_USED', 'CLEAN', 'CLEAN', 'NEUTRAL', 'NEUTRAL', 'CLEAR', 'CLEAR', 'OPENING', 'BANCO_VAZIO')",11,6,7,85.714,ATTACK_PIVOT,27.273,1.672625,5.3261
"('TANK', 'TANK', 'DEFENSIVE_DIS', 'DANGER', 'SAFE', 'NORMAL', 'SLOWER', 'MEC_USED', 'CLEAN', 'CLEAN', 'NEUTRAL', 'NEUTRAL', 'SET', 'CLEAR', 'RECOVERING', 'BANCO_VAZIO')",11,6,10,60.000,ATTACK_STRONG,27.273,1.720193,5.5856
"('TANK', 'UTILITY', 'OFFENSIVE_ADV', 'SAFE', 'FULL', 'NORMAL', 'SLOWER', 'MEC_USED', 'CLEAN', 'CLEAN', 'NEUTRAL', 'NEUTRAL', 'SET', 'CLEAR', 'OPENING', 'BANCO_OFF')",11,6,12,50.000,HEAL,36.364,1.641735,5.1641
"('UTILITY', 'TANK', 'OFFENSIVE_ADV', 'SAFE', 'FULL', 'NORMAL', 'FASTER', 'MEC_USED', 'CLEAN', 'CLEAN', 'NEUTRAL', 'NEUTRAL', 'CLEAR', 'CLEAR', 'OPENING', 'BANCO_AMBOS')",11,7,8,87.500,ATTACK_PIVOT,27.273,1.846220,6.3358
"('SWEEPER', 'SWEEPER', 'DEFENSIVE_DIS', 'FULL', 'FULL', 'NORMAL', 'SLOWER', 'MEC_USED', 'CLEAN', 'CLEAN', 'NEUTRAL', 'NEUTRAL', 'CLEAR', 'CLEAR', 'OPENING', 'BANCO_AMBOS')",11,5,6,83.333,SWITCH_OFFENSIVE,36.364,1.468140,4.3412
"('TANK', 'TANK', 'CRITICAL_DIS', 'FULL', 'FULL', 'NORMAL', 'SLOWER', 'MEC_USED', 'CLEAN', 'CLEAN', 'NEUTRAL', 'NEUTRAL', 'SET', 'SET', 'OPENING', 'BANCO_AMBOS')",11,6,9,66.667,ATTACK_STRONG,27.273,1.672625,5.3261
"('TANK', 'TANK', 'DEFENSIVE_DIS', 'CRIT', 'DANGER', 'NORMAL', 'FASTER', 'MEC_USED', 'CLEAN', 'CLEAN', 'NEUTRAL', 'NEUTRAL', 'CLEAR', 'CLEAR', 'OPENING', 'BANCO_OFF')",11,5,10,50.000,HEAL,36.364,1.468140,4.3412
"('TANK', 'TANK', 'NEUTRAL', 'SAFE', 'FULL', 'NORMAL', 'SLOWER', 'MEC_USED', 'CLEAN', 'CLEAN', 'NEUTRAL', 'NEUTRAL', 'CLEAR', 'SET', 'BRAWL', 'BANCO_OFF')",11,5,11,45.455,HAZARD,36.364,1.468140,4.3412
"('TANK', 'TANK', 'NEUTRAL', 'FULL', 'SAFE', 'FIELD_THEIRS', 'SLOWER', 'MEC_USED', 'CLEAN', 'CLEAN', 'NEUTRAL', 'NEUTRAL', 'CLEAR', 'CLEAR', 'OPENING', 'BANCO_AMBOS')",11,5,12,41.667,ATTACK_TECH,54.545,1.294545,3.6493
"('TANK', 'TANK', 'NEUTRAL', 'CRIT', 'DANGER', 'NORMAL', 'FASTER', 'MEC_USED', 'CLEAN', 'CLEAN', 'NEUTRAL', 'NEUTRAL', 'CLEAR', 'CLEAR', 'OPENING', 'BANCO_OFF')",11,5,10,50.000,ATTACK_STRONG,63.636,1.159589,3.1886
"('TANK', 'SWEEPER', 'VOLATILE', 'FULL', 'FULL', 'NORMAL', 'FASTER', 'MEC_USED', 'CLEAN', 'CLEAN', 'NEUTRAL', 'NEUTRAL', 'CLEAR', 'CLEAR', 'OPENING', 'BANCO_AMBOS')",11,3,6,50.000,SWITCH_OFFENSIVE,54.545,0.916465,2.5004
"('TANK', 'TANK', 'CRITICAL_DIS', 'FULL', 'SAFE', 'NORMAL', 'FASTER', 'MEC_USED', 'CLEAN', 'CLEAN', 'NEUTRAL', 'NEUTRAL', 'CLEAR', 'CLEAR', 'OPENING', 'BANCO_OFF')",11,6,13,46.154,SWITCH_DEFENSIVE,36.364,1.641735,5.1641
"('TANK', 'UTILITY', 'DOMINANT', 'FULL', 'FULL', 'NORMAL', 'SLOWER', 'MEC_AVAIL', 'CLEAN', 'CLEAN', 'NEUTRAL', 'NEUTRAL', 'CLEAR', 'CLEAR', 'OPENING', 'BANCO_OFF')",11,4,12,33.333,ATTACK_STRONG_MEC,54.545,1.120950,3.0678
"('TANK', 'TANK', 'OFFENSIVE_ADV', 'SAFE', 'DANGER', 'NORMAL', 'FASTER', 'MEC_USED', 'CLEAN', 'CLEAN', 'NEUTRAL', 'NEUTRAL', 'CLEAR', 'CLEAR', 'BRAWL', 'BANCO_OFF')",11,6,12,50.000,CLEAN_HAZARD,36.364,1.594167,4.9242
"('TANK', 'TANK', 'DOMINANT', 'FULL', 'SAFE', 'NORMAL', 'FASTER', 'MEC_AVAIL', 'CLEAN', 'CLEAN', 'NEUTRAL', 'NEUTRAL', 'CLEAR', 'CLEAR', 'OPENING', 'BANCO_OFF')",11,6,12,50.000,ATTACK_STRONG,27.273,1.672625,5.3261
"('UTILITY', 'TANK', 'CRITICAL_DIS', 'FULL', 'FULL', 'FIELD_SHARED', 'FASTER', 'MEC_USED', 'CLEAN', 'CLEAN', 'NEUTRAL', 'NEUTRAL', 'CLEAR', 'CLEAR', 'OPENING', 'BANCO_OFF')",11,3,4,75.000,SWITCH_OFFENSIVE,63.636,0.907535,2.4782
"('TANK', 'UTILITY', 'NEUTRAL', 'FULL', 'FULL', 'FIELD_OURS_OFF', 'SLOWER', 'MEC_USED', 'CLEAN', 'CLEAN', 'NEUTRAL', 'NEUTRAL', 'CLEAR', 'CLEAR', 'OPENING', 'BANCO_AMBOS')",11,5,8,62.500,SWITCH_DEFENSIVE,36.364,1.515708,4.5526
"('TANK', 'SWEEPER', 'OFFENSIVE_ADV', 'FULL', 'FULL', 'NORMAL', 'SLOWER', 'MEC_USED', 'CLEAN', 'CLEAN', 'NEUTRAL', 'NEUTRAL', 'CLEAR', 'CLEAR', 'BRAWL', 'BANCO_VAZIO')",11,6,9,66.667,CLEAN_HAZARD,36.364,1.641735,5.1641
"('TANK', 'TANK', 'NEUTRAL', 'FULL', 'FULL', 'NORMAL', 'SLOWER', 'MEC_USED', 'CLEAN', 'CLEAN', 'NEUTRAL', 'NEUTRAL', 'SET', 'CLEAR', 'OPENING', 'BANCO_DEF')",11,5,10,50.000,ATTACK_TECH,36.364,1.468140,4.3412
"('TANK', 'TANK', 'OFFENSIVE_DIS', 'SAFE', 'SAFE', 'NORMAL', 'FASTER', 'MEC_USED', 'CLEAN', 'CLEAN', 'NEUTRAL', 'NEUTRAL', 'SET', 'SET', 'BRAWL', 'BANCO_OFF')",11,5,9,55.556,STAT_CLEAN,36.364,1.468140,4.3412
"('TANK', 'TANK', 'OFFENSIVE_ADV', 'FULL', 'FULL', 'NORMAL', 'FASTER', 'MEC_USED', 'CLEAN', 'CLEAN', 'NEUTRAL', 'NEUTRAL', 'CLEAR', 'CLEAR', 'BRAWL', 'BANCO_VAZIO')",11,4,10,40.000,ATTACK_STRONG,63.636,1.033562,2.8111
"('SWEEPER', 'TANK', 'NEUTRAL', 'SAFE', 'FULL', 'NORMAL', 'FASTER', 'MEC_USED', 'CLEAN', 'CLEAN', 'NEUTRAL', 'DEBUFF', 'CLEAR', 'CLEAR', 'OPENING', 'BANCO_OFF')",11,3,7,42.857,ATTACK_STRONG,45.455,1.036199,2.8185
"('TANK', 'SWEEPER', 'OFFENSIVE_ADV', 'DANGER', 'DANGER', 'NORMAL', 'SLOWER', 'MEC_USED', 'CLEAN', 'CLEAN', 'NEUTRAL', 'NEUTRAL', 'CLEAR', 'CLEAR', 'OPENING', 'BANCO_AMBOS')",11,7,8,87.500,ATTACK_PIVOT,18.182,1.893788,6.6445
"('SWEEPER', 'TANK', 'NEUTRAL', 'FULL', 'FULL', 'NORMAL', 'FASTER', 'MEC_USED', 'CLEAN', 'CLEAN', 'DEBUFF', 'NEUTRAL', 'CLEAR', 'CLEAR', 'OPENING', 'BANCO_OFF')",11,3,3,100.000,SWITCH_DEFENSIVE,36.364,1.090060,2.9745
"('TANK', 'TANK', 'VOLATILE', 'FULL', 'FULL', 'NORMAL', 'SLOWER', 'MEC_USED', 'CLEAN', 'CLEAN', 'NEUTRAL', 'NEUTRAL', 'CLEAR', 'CLEAR', 'BRAWL', 'BANCO_OFF')",11,7,12,58.333,ATTACK_TECH,27.273,1.846220,6.3358
"('TANK', 'TANK', 'OFFENSIVE_ADV', 'FULL', 'SAFE', 'NORMAL', 'FASTER', 'MEC_AVAIL', 'CLEAN', 'CLEAN', 'NEUTRAL', 'NEUTRAL', 'CLEAR', 'CLEAR', 'BRAWL', 'BANCO_OFF')",11,7,14,50.000,HAZARD_MEC,27.273,1.846220,6.3358
"('TANK', 'TANK', 'DEFENSIVE_DIS', 'SAFE', 'SAFE', 'FIELD_THEIRS', 'SLOWER', 'MEC_USED', 'CLEAN', 'CLEAN', 'NEUTRAL', 'NEUTRAL', 'CLEAR', 'CLEAR', 'OPENING', 'BANCO_OFF')",11,4,9,44.444,STATUS,54.545,1.120950,3.0678
"('TANK', 'TANK', 'DEFENSIVE_DIS', 'FULL', 'FULL', 'NORMAL', 'FASTER', 'MEC_USED', 'CLEAN', 'CLEAN', 'NEUTRAL', 'NEUTRAL', 'CLEAR', 'CLEAR', 'CLUTCH', 'BANCO_VAZIO')",11,4,10,40.000,STAT_CLEAN,45.455,1.162226,3.1970
"('TANK', 'TANK', 'DEFENSIVE_DIS', 'FULL', 'SAFE', 'NORMAL', 'FASTER', 'MEC_USED', 'AFFLICTED', 'AFFLICTED', 'NEUTRAL', 'NEUTRAL', 'CLEAR', 'CLEAR', 'RECOVERING', 'BANCO_VAZIO')",11,3,8,37.500,CLEAN_HAZARD,72.727,0.759547,2.1373
"('TANK', 'TANK', 'VOLATILE', 'CRIT', 'SAFE', 'FIELD_THEIRS', 'FASTER', 'MEC_USED', 'CLEAN', 'CLEAN', 'NEUTRAL', 'NEUTRAL', 'CLEAR', 'CLEAR', 'OPENING', 'BANCO_OFF')",11,6,10,60.000,SWITCH_DEFENSIVE,27.273,1.720193,5.5856
"('TANK', 'SWEEPER', 'DOMINANT', 'FULL', 'FULL', 'FIELD_SHARED', 'SLOWER', 'MEC_USED', 'CLEAN', 'CLEAN', 'NEUTRAL', 'NEUTRAL', 'CLEAR', 'CLEAR', 'OPENING', 'BANCO_OFF')",11,7,10,70.000,ATTACK_STRONG,27.273,1.798652,6.0415
"('TANK', 'SWEEPER', 'DEFENSIVE_DIS', 'FULL', 'FULL', 'NORMAL', 'SLOWER', 'MEC_USED', 'CLEAN', 'CLEAN', 'DEBUFF', 'NEUTRAL', 'CLEAR', 'CLEAR', 'OPENING', 'BANCO_OFF')",11,7,11,63.636,HAZARD,27.273,1.846220,6.3358
"('TANK', 'TANK', 'NEUTRAL', 'FULL', 'FULL', 'FIELD_SHARED', 'SLOWER', 'MEC_USED', 'CLEAN', 'AFFLICTED', 'NEUTRAL', 'NEUTRAL', 'CLEAR', 'CLEAR', 'OPENING', 'BANCO_OFF')",11,9,11,81.818,ATTACK_PIVOT,18.182,2.145842,8.5492
"('TANK', 'TANK', 'NEUTRAL', 'FULL', 'FULL', 'NORMAL', 'FASTER', 'MEC_USED', 'CLEAN', 'CLEAN', 'NEUTRAL', 'DEBUFF', 'CLEAR', 'CLEAR', 'OPENING', 'BANCO_OFF')",11,9,13,69.231,HAZARD,18.182,2.145842,8.5492
"('TANK', 'TANK', 'NEUTRAL', 'FULL', 'SAFE', 'NORMAL', 'FASTER', 'MEC_USED', 'AFFLICTED', 'CLEAN', 'NEUTRAL', 'NEUTRAL', 'CLEAR', 'CLEAR', 'RECOVERING', 'BANCO_VAZIO')",11,2,6,33.333,CLEAN_HAZARD,54.545,0.689009,1.9917
"('TANK', 'TANK', 'NEUTRAL', 'SAFE', 'SAFE', 'FIELD_OURS_OFF', 'FASTER', 'MEC_USED', 'CLEAN', 'CLEAN', 'NEUTRAL', 'NEUTRAL', 'CLEAR', 'CLEAR', 'OPENING', 'BANCO_AMBOS')",11,4,10,40.000,ATTACK_TECH,45.455,1.162226,3.1970
"('TANK', 'TANK', 'OFFENSIVE_DIS', 'SAFE', 'FULL', 'NORMAL', 'SLOWER', 'MEC_USED', 'CLEAN', 'CLEAN', 'NEUTRAL', 'NEUTRAL', 'CLEAR', 'SET', 'CLUTCH', 'BANCO_VAZIO')",11,1,6,16.667,SWITCH_DEFENSIVE,100.000,-0.000000,1.0000
"('SWEEPER', 'TANK', 'OFFENSIVE_ADV', 'FULL', 'SAFE', 'NORMAL', 'FASTER', 'MEC_USED', 'CLEAN', 'CLEAN', 'NEUTRAL', 'DEBUFF', 'CLEAR', 'CLEAR', 'OPENING', 'BANCO_AMBOS')",11,5,7,71.429,ATTACK_PIVOT,45.455,1.366711,3.9224
"('UTILITY', 'SWEEPER', 'DEFENSIVE_DIS', 'FULL', 'FULL', 'NORMAL', 'FASTER', 'MEC_USED', 'CLEAN', 'CLEAN', 'DEBUFF', 'NEUTRAL', 'CLEAR', 'CLEAR', 'OPENING', 'BANCO_OFF')",11,3,5,60.000,SWITCH_DEFENSIVE,72.727,0.759547,2.1373
"('TANK', 'UTILITY', 'DEFENSIVE_DIS', 'FULL', 'FULL', 'FIELD_OURS_DEF', 'FASTER', 'MEC_USED', 'CLEAN', 'CLEAN', 'NEUTRAL', 'NEUTRAL', 'CLEAR', 'CLEAR', 'OPENING', 'BANCO_AMBOS')",11,4,4,100.000,ATTACK_STRONG,63.636,1.033562,2.8111
"('TANK', 'TANK', 'OFFENSIVE_ADV', 'FULL', 'FULL', 'NORMAL', 'FASTER', 'MEC_USED', 'AFFLICTED', 'CLEAN', 'NEUTRAL', 'NEUTRAL', 'SET', 'CLEAR', 'CLUTCH', 'BANCO_OFF')",11,2,6,33.333,STATUS,54.545,0.689009,1.9917
"('TANK', 'TANK', 'OFFENSIVE_ADV', 'SAFE', 'CRIT', 'NORMAL', 'FASTER', 'MEC_USED', 'CLEAN', 'CLEAN', 'NEUTRAL', 'NEUTRAL', 'CLEAR', 'CLEAR', 'BRAWL', 'BANCO_OFF')",11,2,8,25.000,ATTACK_STRONG,81.818,0.474139,1.6066
"('SWEEPER', 'UTILITY', 'DEFENSIVE_DIS', 'FULL', 'FULL', 'NORMAL', 'SLOWER', 'MEC_USED', 'CLEAN', 'CLEAN', 'NEUTRAL', 'NEUTRAL', 'CLEAR', 'CLEAR', 'OPENING', 'BANCO_AMBOS')",11,3,5,60.000,ATTACK_STRONG,45.455,0.934770,2.5466
"('TANK', 'TANK', 'NEUTRAL', 'SAFE', 'FULL', 'NORMAL', 'FASTER', 'MEC_AVAIL', 'CLEAN', 'CLEAN', 'NEUTRAL', 'NEUTRAL', 'CLEAR', 'CLEAR', 'OPENING', 'BANCO_VAZIO')",11,9,18,50.000,STATUS_MEC,18.182,2.145842,8.5492
"('TANK', 'TANK', 'OFFENSIVE_ADV', 'FULL', 'FULL', 'FIELD_OURS_OFF', 'FASTER', 'MEC_USED', 'CLEAN', 'CLEAN', 'NEUTRAL', 'NEUTRAL', 'SET', 'CLEAR', 'OPENING', 'BANCO_OFF')",11,5,9,55.556,ATTACK_TECH,36.364,1.515708,4.5526
"('TANK', 'TANK', 'OFFENSIVE_ADV', 'SAFE', 'DANGER', 'FIELD_SHARED', 'SLOWER', 'MEC_USED', 'CLEAN', 'CLEAN', 'NEUTRAL', 'NEUTRAL', 'CLEAR', 'CLEAR', 'OPENING', 'BANCO_OFF')",11,5,11,45.455,ATTACK_STRONG,36.364,1.389681,4.0136
"('SWEEPER', 'UTILITY', 'OFFENSIVE_ADV', 'FULL', 'FULL', 'FIELD_SHARED', 'FASTER', 'MEC_USED', 'CLEAN', 'CLEAN', 'NEUTRAL', 'NEUTRAL', 'CLEAR', 'CLEAR', 'OPENING', 'BANCO_AMBOS')",11,4,5,80.000,ATTACK_STRONG,27.273,1.373004,3.9472
"('UTILITY', 'TANK', 'OFFENSIVE_DIS', 'FULL', 'FULL', 'FIELD_THEIRS', 'SLOWER', 'MEC_USED', 'CLEAN', 'CLEAN', 'NEUTRAL', 'NEUTRAL', 'CLEAR', 'CLEAR', 'OPENING', 'BANCO_OFF')",11,5,6,83.333,SWITCH_OFFENSIVE,36.364,1.515708,4.5526
"('TANK', 'TANK', 'OFFENSIVE_DIS', 'SAFE', 'FULL', 'NORMAL', 'FASTER', 'MEC_USED', 'CLEAN', 'AFFLICTED', 'NEUTRAL', 'DEBUFF', 'SET', 'CLEAR', 'OPENING', 'BANCO_OFF')",11,5,11,45.455,STAT_CLEAN,63.636,1.159589,3.1886
"('TANK', 'UTILITY', 'NEUTRAL', 'DANGER', 'SAFE', 'NORMAL', 'SLOWER', 'MEC_USED', 'CLEAN', 'CLEAN', 'NEUTRAL', 'NEUTRAL', 'CLEAR', 'CLEAR', 'OPENING', 'BANCO_OFF')",11,5,12,41.667,HEAL,45.455,1.414279,4.1135
"('SWEEPER', 'TANK', 'OFFENSIVE_ADV', 'SAFE', 'FULL', 'FIELD_OURS_OFF', 'FASTER', 'MEC_USED', 'CLEAN', 'CLEAN', 'NEUTRAL', 'NEUTRAL', 'CLEAR', 'CLEAR', 'OPENING', 'BANCO_AMBOS')",11,6,7,85.714,FIELD_CONTROL,27.273,1.720193,5.5856
"('TANK', 'SWEEPER', 'OFFENSIVE_ADV', 'FULL', 'FULL', 'NORMAL', 'SLOWER', 'MEC_USED', 'CLEAN', 'CLEAN', 'NEUTRAL', 'DEBUFF', 'CLEAR', 'CLEAR', 'OPENING', 'BANCO_OFF')",11,6,10,60.000,ATTACK_STRONG,27.273,1.720193,5.5856
"('SWEEPER', 'SWEEPER', 'NEUTRAL', 'FULL', 'FULL', 'FIELD_SHARED', 'FASTER', 'MEC_USED', 'CLEAN', 'CLEAN', 'DEBUFF', 'NEUTRAL', 'CLEAR', 'CLEAR', 'OPENING', 'BANCO_OFF')",11,4,4,100.000,ATTACK_STRONG,72.727,0.885574,2.4244
"('TANK', 'TANK', 'VOLATILE', 'CRIT', 'SAFE', 'NORMAL', 'FASTER', 'MEC_USED', 'CLEAN', 'CLEAN', 'NEUTRAL', 'NEUTRAL', 'SET', 'CLEAR', 'OPENING', 'BANCO_OFF')",11,8,12,66.667,ATTACK_STRONG,18.182,2.019815,7.5369
"('TANK', 'TANK', 'DOMINANT', 'FULL', 'FULL', 'NORMAL', 'FASTER', 'MEC_AVAIL', 'CLEAN', 'CLEAN', 'NEUTRAL', 'NEUTRAL', 'CLEAR', 'CLEAR', 'OPENING', 'BANCO_DEF')",11,6,8,75.000,STATUS_MEC,27.273,1.720193,5.5856
"('TANK', 'TANK', 'NEUTRAL', 'FULL', 'SAFE', 'FIELD_SHARED', 'FASTER', 'MEC_USED', 'CLEAN', 'CLEAN', 'NEUTRAL', 'NEUTRAL', 'SET', 'CLEAR', 'OPENING', 'BANCO_AMBOS')",11,5,10,50.000,ATTACK_STRONG,54.545,1.294545,3.6493
"('TANK', 'TANK', 'CRITICAL_DIS', 'SAFE', 'FULL', 'NORMAL', 'FASTER', 'MEC_USED', 'CLEAN', 'CLEAN', 'NEUTRAL', 'NEUTRAL', 'SET', 'CLEAR', 'OPENING', 'BANCO_AMBOS')",11,5,11,45.455,HEAL,63.636,1.159589,3.1886
"('TANK', 'TANK', 'VOLATILE', 'FULL', 'FULL', 'NORMAL', 'FASTER', 'MEC_USED', 'CLEAN', 'CLEAN', 'NEUTRAL', 'NEUTRAL', 'SET', 'SET', 'OPENING', 'BANCO_OFF')",11,6,12,50.000,SWITCH_DEFENSIVE,36.364,1.641735,5.1641
"('TANK', 'TANK', 'OFFENSIVE_ADV', 'FULL', 'SAFE', 'NORMAL', 'SLOWER', 'MEC_USED', 'CLEAN', 'CLEAN', 'NEUTRAL', 'NEUTRAL', 'CLEAR', 'SET', 'OPENING', 'BANCO_OFF')",11,4,12,33.333,HEAL,54.545,1.120950,3.0678
"('TANK', 'TANK', 'VOLATILE', 'FULL', 'FULL', 'NORMAL', 'FASTER', 'MEC_AVAIL', 'CLEAN', 'CLEAN', 'NEUTRAL', 'NEUTRAL', 'CLEAR', 'SET', 'OPENING', 'BANCO_AMBOS')",11,5,14,35.714,HAZARD,54.545,1.294545,3.6493
"('SWEEPER', 'TANK', 'NEUTRAL', 'DANGER', 'FULL', 'NORMAL', 'FASTER', 'MEC_USED', 'CLEAN', 'CLEAN', 'NEUTRAL', 'NEUTRAL', 'CLEAR', 'CLEAR', 'RECOVERING', 'BANCO_VAZIO')",11,5,8,62.500,ATTACK_PIVOT,27.273,1.546599,4.6955
"('TANK', 'TANK', 'DOMINANT', 'SAFE', 'SAFE', 'NORMAL', 'FASTER', 'MEC_USED', 'CLEAN', 'CLEAN', 'NEUTRAL', 'NEUTRAL', 'SET', 'CLEAR', 'OPENING', 'BANCO_VAZIO')",11,6,8,75.000,STATUS,36.364,1.641735,5.1641
"('TANK', 'TANK', 'NEUTRAL', 'SAFE', 'FULL', 'NORMAL', 'FASTER', 'MEC_USED', 'CLEAN', 'CLEAN', 'NEUTRAL', 'NEUTRAL', 'SET', 'CLEAR', 'OPENING', 'BANCO_DEF')",11,7,12,58.333,STAT_CLEAN,27.273,1.798652,6.0415
"('TANK', 'SWEEPER', 'OFFENSIVE_DIS', 'FULL', 'FULL', 'NORMAL', 'SLOWER', 'MEC_USED', 'CLEAN', 'CLEAN', 'DEBUFF', 'NEUTRAL', 'CLEAR', 'CLEAR', 'OPENING', 'BANCO_OFF')",11,6,7,85.714,FIELD_CONTROL,27.273,1.720193,5.5856
"('SWEEPER', 'TANK', 'NEUTRAL', 'SAFE', 'FULL', 'NORMAL', 'FASTER', 'MEC_USED', 'CLEAN', 'CLEAN', 'NEUTRAL', 'NEUTRAL', 'CLEAR', 'CLEAR', 'RECOVERING', 'BANCO_VAZIO')",11,4,7,57.143,ATTACK_PIVOT,54.545,1.168518,3.2172
"('TANK', 'TANK', 'NEUTRAL', 'SAFE', 'FULL', 'NORMAL', 'SLOWER', 'MEC_USED', 'CLEAN', 'CLEAN', 'NEUTRAL', 'NEUTRAL', 'SET', 'CLEAR', 'CLUTCH', 'BANCO_VAZIO')",11,5,12,41.667,ATTACK_STRONG,45.455,1.414279,4.1135
"('UTILITY', 'TANK', 'DOMINANT', 'FULL', 'FULL', 'FIELD_OURS_OFF', 'FASTER', 'MEC_USED', 'CLEAN', 'CLEAN', 'NEUTRAL', 'NEUTRAL', 'CLEAR', 'CLEAR', 'OPENING', 'BANCO_OFF')",11,6,8,75.000,DISRUPTION,27.273,1.720193,5.5856
"('TANK', 'UTILITY', 'CRITICAL_DIS', 'FULL', 'FULL', 'NORMAL', 'SLOWER', 'MEC_USED', 'CLEAN', 'CLEAN', 'NEUTRAL', 'NEUTRAL', 'CLEAR', 'CLEAR', 'OPENING', 'BANCO_OFF')",11,7,10,70.000,ATTACK_STRONG,27.273,1.846220,6.3358
"('TANK', 'SWEEPER', 'CRITICAL_DIS', 'SAFE', 'FULL', 'FIELD_THEIRS', 'SLOWER', 'MEC_USED', 'CLEAN', 'CLEAN', 'NEUTRAL', 'NEUTRAL', 'CLEAR', 'CLEAR', 'OPENING', 'BANCO_AMBOS')",11,7,14,50.000,ATTACK_PIVOT,27.273,1.846220,6.3358
"('TANK', 'TANK', 'VOLATILE', 'SAFE', 'FULL', 'NORMAL', 'SLOWER', 'MEC_USED', 'CLEAN', 'CLEAN', 'BUFFED', 'NEUTRAL', 'CLEAR', 'CLEAR', 'OPENING', 'BANCO_OFF')",11,3,7,42.857,BUFF,45.455,0.934770,2.5466
"('TANK', 'SWEEPER', 'NEUTRAL', 'FULL', 'FULL', 'NORMAL', 'SLOWER', 'MEC_USED', 'CLEAN', 'CLEAN', 'NEUTRAL', 'NEUTRAL', 'CLEAR', 'CLEAR', 'RECOVERING', 'BANCO_VAZIO')",11,6,11,54.545,HEAL,36.364,1.641735,5.1641
"('TANK', 'TANK', 'DEFENSIVE_ADV', 'FULL', 'FULL', 'NORMAL', 'SLOWER', 'MEC_USED', 'CLEAN', 'AFFLICTED', 'NEUTRAL', 'NEUTRAL', 'SET', 'CLEAR', 'DOMINATING', 'BANCO_VAZIO')",11,3,6,50.000,ATTACK_STRONG,81.818,0.600166,1.8224
"('SWEEPER', 'TANK', 'OFFENSIVE_ADV', 'SAFE', 'DANGER', 'NORMAL', 'FASTER', 'MEC_USED', 'CLEAN', 'CLEAN', 'NEUTRAL', 'DEBUFF', 'CLEAR', 'CLEAR', 'OPENING', 'BANCO_OFF')",11,6,7,85.714,ATTACK_PIVOT,36.364,1.641735,5.1641
"('TANK', 'TANK', 'DEFENSIVE_ADV', 'FULL', 'FULL', 'NORMAL', 'SLOWER', 'MEC_USED', 'CLEAN', 'CLEAN', 'NEUTRAL', 'NEUTRAL', 'SET', 'CLEAR', 'BRAWL', 'BANCO_VAZIO')",11,3,10,30.000,HEAL,45.455,1.067090,2.9069
"('TANK', 'SWEEPER', 'OFFENSIVE_ADV', 'FULL', 'SAFE', 'NORMAL', 'SLOWER', 'MEC_AVAIL', 'CLEAN', 'CLEAN', 'NEUTRAL', 'NEUTRAL', 'CLEAR', 'CLEAR', 'OPENING', 'BANCO_OFF')",11,6,12,50.000,SWITCH_DEFENSIVE,27.273,1.672625,5.3261
"('TANK', 'TANK', 'NEUTRAL', 'CRIT', 'FULL', 'NORMAL', 'FASTER', 'MEC_USED', 'CLEAN', 'CLEAN', 'NEUTRAL', 'NEUTRAL', 'SET', 'CLEAR', 'BRAWL', 'BANCO_OFF')",11,6,10,60.000,ATTACK_TECH,36.364,1.641735,5.1641
"('SWEEPER', 'SWEEPER', 'NEUTRAL', 'FULL', 'FULL', 'FIELD_SHARED', 'SLOWER', 'MEC_USED', 'CLEAN', 'CLEAN', 'NEUTRAL', 'NEUTRAL', 'CLEAR', 'CLEAR', 'OPENING', 'BANCO_AMBOS')",11,5,6,83.333,ATTACK_PIVOT,27.273,1.546599,4.6955
"('SWEEPER', 'SWEEPER', 'NEUTRAL', 'FULL', 'FULL', 'FIELD_SHARED', 'SLOWER', 'MEC_USED', 'CLEAN', 'CLEAN', 'NEUTRAL', 'DEBUFF', 'CLEAR', 'CLEAR', 'OPENING', 'BANCO_OFF')",11,5,7,71.429,ATTACK_PIVOT,36.364,1.515708,4.5526
"('TANK', 'TANK', 'NEUTRAL', 'SAFE', 'SAFE', 'NORMAL', 'FASTER', 'MEC_USED', 'CLEAN', 'CLEAN', 'NEUTRAL', 'NEUTRAL', 'SET', 'SET', 'OPENING', 'BANCO_AMBOS')",11,8,13,61.538,BUFF,18.182,2.019815,7.5369
"('TANK', 'TANK', 'NEUTRAL', 'SAFE', 'FULL', 'NORMAL', 'FASTER', 'MEC_USED', 'AFFLICTED', 'CLEAN', 'DEBUFF', 'NEUTRAL', 'CLEAR', 'CLEAR', 'CLUTCH', 'BANCO_VAZIO')",11,3,5,60.000,ATTACK_STRONG,72.727,0.759547,2.1373
"('TANK', 'TANK', 'VOLATILE', 'FULL', 'FULL', 'NORMAL', 'FASTER', 'MEC_USED', 'CLEAN', 'CLEAN', 'NEUTRAL', 'NEUTRAL', 'SET', 'CLEAR', 'BRAWL', 'BANCO_OFF')",11,7,11,63.636,HAZARD,27.273,1.846220,6.3358
"('TANK', 'UTILITY', 'NEUTRAL', 'SAFE', 'FULL', 'FIELD_SHARED', 'SLOWER', 'MEC_USED', 'CLEAN', 'CLEAN', 'NEUTRAL', 'NEUTRAL', 'CLEAR', 'CLEAR', 'OPENING', 'BANCO_OFF')",11,7,10,70.000,HEAL,27.273,1.846220,6.3358
"('TANK', 'TANK', 'OFFENSIVE_DIS', 'FULL', 'SAFE', 'NORMAL', 'FASTER', 'MEC_USED', 'CLEAN', 'AFFLICTED', 'NEUTRAL', 'DEBUFF', 'SET', 'CLEAR', 'CLUTCH', 'BANCO_VAZIO')",11,1,3,33.333,BUFF,100.000,-0.000000,1.0000
"('TANK', 'TANK', 'CRITICAL_DIS', 'SAFE', 'FULL', 'NORMAL', 'FASTER', 'MEC_USED', 'CLEAN', 'CLEAN', 'NEUTRAL', 'NEUTRAL', 'SET', 'CLEAR', 'BRAWL', 'BANCO_VAZIO')",11,4,9,44.444,CLEAN_HAZARD,63.636,1.033562,2.8111
"('TANK', 'TANK', 'OFFENSIVE_DIS', 'FULL', 'FULL', 'NORMAL', 'SLOWER', 'MEC_USED', 'AFFLICTED', 'AFFLICTED', 'DEBUFF', 'DEBUFF', 'SET', 'SET', 'RECOVERING', 'BANCO_VAZIO')",11,3,3,100.000,STATUS,63.636,0.859967,2.3631
"('SWEEPER', 'TANK', 'NEUTRAL', 'FULL', 'FULL', 'NORMAL', 'FASTER', 'MEC_USED', 'CLEAN', 'AFFLICTED', 'NEUTRAL', 'NEUTRAL', 'CLEAR', 'CLEAR', 'RECOVERING', 'BANCO_VAZIO')",11,2,2,100.000,ATTACK_STRONG,63.636,0.655482,1.9261
"('TANK', 'TANK', 'CRITICAL_DIS', 'SAFE', 'FULL', 'NORMAL', 'SLOWER', 'MEC_USED', 'CLEAN', 'CLEAN', 'NEUTRAL', 'NEUTRAL', 'CLEAR', 'SET', 'RECOVERING', 'BANCO_VAZIO')",11,4,7,57.143,ATTACK_STRONG,63.636,1.033562,2.8111
"('TANK', 'TANK', 'DEFENSIVE_DIS', 'SAFE', 'SAFE', 'NORMAL', 'SLOWER', 'MEC_USED', 'CLEAN', 'CLEAN', 'NEUTRAL', 'NEUTRAL', 'CLEAR', 'CLEAR', 'CLUTCH', 'BANCO_VAZIO')",11,2,11,18.182,ATTACK_STRONG,90.909,0.304636,1.3561
"('TANK', 'TANK', 'OFFENSIVE_DIS', 'FULL', 'DANGER', 'NORMAL', 'SLOWER', 'MEC_USED', 'CLEAN', 'CLEAN', 'NEUTRAL', 'NEUTRAL', 'SET', 'CLEAR', 'OPENING', 'BANCO_OFF')",11,8,11,72.727,ATTACK_STRONG,36.364,1.893788,6.6445
"('TANK', 'TANK', 'OFFENSIVE_DIS', 'SAFE', 'FULL', 'NORMAL', 'FASTER', 'MEC_USED', 'AFFLICTED', 'AFFLICTED', 'NEUTRAL', 'NEUTRAL', 'CLEAR', 'CLEAR', 'CLUTCH', 'BANCO_VAZIO')",11,2,4,50.000,ATTACK_STRONG,54.545,0.689009,1.9917
"('TANK', 'TANK', 'OFFENSIVE_DIS', 'FULL', 'FULL', 'FIELD_SHARED', 'FASTER', 'MEC_USED', 'AFFLICTED', 'CLEAN', 'NEUTRAL', 'NEUTRAL', 'CLEAR', 'CLEAR', 'RECOVERING', 'BANCO_VAZIO')",10,5,8,62.500,ATTACK_STRONG,20.000,1.609438,5.0000
"('TANK', 'TANK', 'DEFENSIVE_DIS', 'CRIT', 'FULL', 'NORMAL', 'SLOWER', 'MEC_USED', 'CLEAN', 'CLEAN', 'NEUTRAL', 'NEUTRAL', 'SET', 'CLEAR', 'RECOVERING', 'BANCO_VAZIO')",10,6,12,50.000,SWITCH_DEFENSIVE,40.000,1.609438,5.0000
"('TANK', 'TANK', 'NEUTRAL', 'SAFE', 'FULL', 'FIELD_SHARED', 'FASTER', 'MEC_USED', 'CLEAN', 'CLEAN', 'NEUTRAL', 'NEUTRAL', 'SET', 'CLEAR', 'BRAWL', 'BANCO_OFF')",10,8,11,72.727,STATUS,30.000,1.973001,7.1922
"('TANK', 'TANK', 'OFFENSIVE_DIS', 'SAFE', 'FULL', 'NORMAL', 'FASTER', 'MEC_USED', 'AFFLICTED', 'CLEAN', 'DEBUFF', 'NEUTRAL', 'CLEAR', 'CLEAR', 'OPENING', 'BANCO_OFF')",10,6,12,50.000,ATTACK_PIVOT,40.000,1.609438,5.0000
"('TANK', 'TANK', 'OFFENSIVE_ADV', 'CRIT', 'FULL', 'NORMAL', 'FASTER', 'MEC_USED', 'CLEAN', 'CLEAN', 'NEUTRAL', 'NEUTRAL', 'CLEAR', 'CLEAR', 'RECOVERING', 'BANCO_VAZIO')",10,6,9,66.667,ATTACK_PIVOT,30.000,1.695743,5.4507
"('TANK', 'TANK', 'OFFENSIVE_ADV', 'FULL', 'FULL', 'NORMAL', 'FASTER', 'MEC_AVAIL', 'CLEAN', 'CLEAN', 'NEUTRAL', 'NEUTRAL', 'SET', 'SET', 'OPENING', 'BANCO_AMBOS')",10,8,12,66.667,HAZARD,20.000,2.025326,7.5786
"('TANK', 'SWEEPER', 'CRITICAL_DIS', 'FULL', 'FULL', 'NORMAL', 'SLOWER', 'MEC_USED', 'CLEAN', 'CLEAN', 'DEBUFF', 'NEUTRAL', 'CLEAR', 'CLEAR', 'OPENING', 'BANCO_OFF')",10,5,8,62.500,SWITCH_OFFENSIVE,30.000,1.557113,4.7451
"('UTILITY', 'TANK', 'DOMINANT', 'SAFE', 'FULL', 'FIELD_SHARED', 'FASTER', 'MEC_USED', 'CLEAN', 'CLEAN', 'NEUTRAL', 'NEUTRAL', 'CLEAR', 'CLEAR', 'OPENING', 'BANCO_OFF')",10,6,7,85.714,ATTACK_PIVOT,40.000,1.609438,5.0000
"('TANK', 'TANK', 'VOLATILE', 'FULL', 'SAFE', 'NORMAL', 'FASTER', 'MEC_USED', 'CLEAN', 'CLEAN', 'NEUTRAL', 'NEUTRAL', 'SET', 'SET', 'OPENING', 'BANCO_OFF')",10,7,10,70.000,BUFF,20.000,1.886697,6.5975
"('TANK', 'TANK', 'NEUTRAL', 'SAFE', 'CRIT', 'NORMAL', 'SLOWER', 'MEC_USED', 'CLEAN', 'CLEAN', 'NEUTRAL', 'NEUTRAL', 'CLEAR', 'CLEAR', 'RECOVERING', 'BANCO_VAZIO')",10,5,12,41.667,CLEAN_HAZARD,40.000,1.470808,4.3528
"('TANK', 'TANK', 'OFFENSIVE_DIS', 'FULL', 'FULL', 'FIELD_THEIRS', 'SLOWER', 'MEC_USED', 'CLEAN', 'CLEAN', 'NEUTRAL', 'NEUTRAL', 'CLEAR', 'CLEAR', 'BRAWL', 'BANCO_OFF')",10,6,10,60.000,STAT_CLEAN,40.000,1.609438,5.0000
"('TANK', 'TANK', 'OFFENSIVE_DIS', 'FULL', 'FULL', 'NORMAL', 'FASTER', 'MEC_USED', 'AFFLICTED', 'AFFLICTED', 'NEUTRAL', 'NEUTRAL', 'CLEAR', 'CLEAR', 'RECOVERING', 'BANCO_VAZIO')",10,5,7,71.429,ATTACK_STRONG,50.000,1.359237,3.8932
"('SWEEPER', 'TANK', 'DEFENSIVE_DIS', 'FULL', 'FULL', 'FIELD_OURS_OFF', 'FASTER', 'MEC_AVAIL', 'CLEAN', 'CLEAN', 'NEUTRAL', 'NEUTRAL', 'CLEAR', 'CLEAR', 'OPENING', 'BANCO_OFF')",10,5,8,62.500,ATTACK_STRONG,30.000,1.504788,4.5032
"('TANK', 'SWEEPER', 'DOMINANT', 'FULL', 'FULL', 'FIELD_OURS_DEF', 'SLOWER', 'MEC_USED', 'CLEAN', 'CLEAN', 'NEUTRAL', 'NEUTRAL', 'CLEAR', 'CLEAR', 'OPENING', 'BANCO_AMBOS')",10,3,3,100.000,SWITCH_DEFENSIVE,60.000,0.897946,2.4546
"('TANK', 'TANK', 'VOLATILE', 'SAFE', 'SAFE', 'NORMAL', 'SLOWER', 'MEC_USED', 'CLEAN', 'CLEAN', 'NEUTRAL', 'NEUTRAL', 'CLEAR', 'CLEAR', 'RECOVERING', 'BANCO_VAZIO')",10,4,8,50.000,ATTACK_STRONG,60.000,1.088900,2.9710
"('TANK', 'UTILITY', 'NEUTRAL', 'FULL', 'FULL', 'FIELD_OURS_DEF', 'SLOWER', 'MEC_USED', 'CLEAN', 'CLEAN', 'NEUTRAL', 'NEUTRAL', 'CLEAR', 'CLEAR', 'OPENING', 'BANCO_AMBOS')",10,3,3,100.000,ATTACK_STRONG,50.000,1.029653,2.8001
"('TANK', 'TANK', 'DEFENSIVE_DIS', 'SAFE', 'SAFE', 'NORMAL', 'SLOWER', 'MEC_USED', 'CLEAN', 'CLEAN', 'NEUTRAL', 'NEUTRAL', 'SET', 'CLEAR', 'CLUTCH', 'BANCO_VAZIO')",10,3,9,33.333,HEAL,50.000,0.943348,2.5686
"('TANK', 'TANK', 'NEUTRAL', 'SAFE', 'SAFE', 'FIELD_SHARED', 'SLOWER', 'MEC_USED', 'CLEAN', 'CLEAN', 'NEUTRAL', 'NEUTRAL', 'CLEAR', 'CLEAR', 'OPENING', 'BANCO_AMBOS')",10,7,12,58.333,STATUS,30.000,1.834372,6.2612
"('TANK', 'SWEEPER', 'NEUTRAL', 'FULL', 'SAFE', 'FIELD_SHARED', 'SLOWER', 'MEC_USED', 'CLEAN', 'CLEAN', 'NEUTRAL', 'NEUTRAL', 'CLEAR', 'CLEAR', 'OPENING', 'BANCO_OFF')",10,4,10,40.000,HEAL,60.000,1.088900,2.9710
"('TANK', 'TANK', 'DEFENSIVE_DIS', 'SAFE', 'CRIT', 'NORMAL', 'SLOWER', 'MEC_USED', 'CLEAN', 'CLEAN', 'NEUTRAL', 'NEUTRAL', 'CLEAR', 'CLEAR', 'RECOVERING', 'BANCO_VAZIO')",10,4,9,44.444,HEAL,40.000,1.279854,3.5961
"('TANK', 'UTILITY', 'OFFENSIVE_ADV', 'FULL', 'FULL', 'NORMAL', 'SLOWER', 'MEC_AVAIL', 'CLEAN', 'CLEAN', 'NEUTRAL', 'DEBUFF', 'CLEAR', 'CLEAR', 'OPENING', 'BANCO_OFF')",10,7,12,58.333,ATTACK_STRONG_MEC,20.000,1.886697,6.5975
"('TANK', 'TANK', 'NEUTRAL', 'CRIT', 'FULL', 'NORMAL', 'SLOWER', 'MEC_USED', 'CLEAN', 'CLEAN', 'NEUTRAL', 'NEUTRAL', 'CLEAR', 'CLEAR', 'OPENING', 'BANCO_AMBOS')",10,6,9,66.667,STATUS,30.000,1.695743,5.4507
"('TANK', 'TANK', 'NEUTRAL', 'SAFE', 'FULL', 'NORMAL', 'FASTER', 'MEC_USED', 'AFFLICTED', 'CLEAN', 'NEUTRAL', 'NEUTRAL', 'CLEAR', 'CLEAR', 'OPENING', 'BANCO_AMBOS')",10,3,9,33.333,SWITCH_DEFENSIVE,80.000,0.639032,1.8946
"('TANK', 'TANK', 'DEFENSIVE_DIS', 'FULL', 'SAFE', 'NORMAL', 'FASTER', 'MEC_USED', 'CLEAN', 'CLEAN', 'NEUTRAL', 'NEUTRAL', 'CLEAR', 'SET', 'OPENING', 'BANCO_AMBOS')",10,2,10,20.000,HAZARD,50.000,0.693147,2.0000
"('UTILITY', 'TANK', 'OFFENSIVE_ADV', 'SAFE', 'FULL', 'NORMAL', 'FASTER', 'MEC_USED', 'CLEAN', 'CLEAN', 'NEUTRAL', 'NEUTRAL', 'CLEAR', 'CLEAR', 'BRAWL', 'BANCO_OFF')",10,1,8,12.500,ATTACK_STRONG,100.000,-0.000000,1.0000
"('TANK', 'TANK', 'CRITICAL_DIS', 'SAFE', 'FULL', 'NORMAL', 'SLOWER', 'MEC_USED', 'CLEAN', 'CLEAN', 'NEUTRAL', 'NEUTRAL', 'CLEAR', 'CLEAR', 'BRAWL', 'BANCO_OFF')",10,6,12,50.000,SWITCH_OFFENSIVE,40.000,1.609438,5.0000
"('TANK', 'TANK', 'OFFENSIVE_DIS', 'SAFE', 'SAFE', 'NORMAL', 'FASTER', 'MEC_USED', 'CLEAN', 'CLEAN', 'NEUTRAL', 'NEUTRAL', 'CLEAR', 'CLEAR', 'BRAWL', 'BANCO_OFF')",10,5,10,50.000,STATUS,50.000,1.359237,3.8932
"('TANK', 'TANK', 'NEUTRAL', 'FULL', 'FULL', 'NORMAL', 'SLOWER', 'MEC_USED', 'CLEAN', 'CLEAN', 'NEUTRAL', 'NEUTRAL', 'CLEAR', 'CLEAR', 'BRAWL', 'BANCO_DEF')",10,5,12,41.667,ATTACK_PIVOT,50.000,1.359237,3.8932
"('TANK', 'TANK', 'OFFENSIVE_ADV', 'DANGER', 'SAFE', 'FIELD_THEIRS', 'FASTER', 'MEC_USED', 'CLEAN', 'CLEAN', 'NEUTRAL', 'NEUTRAL', 'CLEAR', 'CLEAR', 'OPENING', 'BANCO_OFF')",10,9,11,81.818,CLEAN_HAZARD,20.000,2.163956,8.7055
"('TANK', 'TANK', 'OFFENSIVE_ADV', 'FULL', 'DANGER', 'NORMAL', 'FASTER', 'MEC_USED', 'CLEAN', 'CLEAN', 'NEUTRAL', 'NEUTRAL', 'CLEAR', 'CLEAR', 'OPENING', 'BANCO_AMBOS')",10,5,10,50.000,SWITCH_DEFENSIVE,50.000,1.359237,3.8932
"('TANK', 'SWEEPER', 'VOLATILE', 'FULL', 'FULL', 'NORMAL', 'SLOWER', 'MEC_AVAIL', 'CLEAN', 'CLEAN', 'NEUTRAL', 'NEUTRAL', 'CLEAR', 'CLEAR', 'OPENING', 'BANCO_OFF')",10,3,10,30.000,SWITCH_OFFENSIVE,70.000,0.801819,2.2296
"('TANK', 'TANK', 'OFFENSIVE_DIS', 'SAFE', 'SAFE', 'NORMAL', 'SLOWER', 'MEC_USED', 'CLEAN', 'CLEAN', 'NEUTRAL', 'NEUTRAL', 'SET', 'SET', 'OPENING', 'BANCO_OFF')",10,5,11,45.455,SWITCH_OFFENSIVE,40.000,1.418484,4.1309
"('SWEEPER', 'TANK', 'DEFENSIVE_DIS', 'SAFE', 'FULL', 'NORMAL', 'FASTER', 'MEC_USED', 'CLEAN', 'CLEAN', 'NEUTRAL', 'NEUTRAL', 'CLEAR', 'CLEAR', 'OPENING', 'BANCO_OFF')",10,4,10,40.000,HEAL,60.000,1.088900,2.9710
"('TANK', 'TANK', 'NEUTRAL', 'SAFE', 'FULL', 'FIELD_SHARED', 'FASTER', 'MEC_USED', 'CLEAN', 'CLEAN', 'NEUTRAL', 'NEUTRAL', 'SET', 'CLEAR', 'OPENING', 'BANCO_OFF')",10,7,12,58.333,ATTACK_PIVOT,20.000,1.886697,6.5975
"('TANK', 'TANK', 'OFFENSIVE_DIS', 'SAFE', 'FULL', 'NORMAL', 'FASTER', 'MEC_USED', 'CLEAN', 'CLEAN', 'DEBUFF', 'NEUTRAL', 'CLEAR', 'CLEAR', 'OPENING', 'BANCO_OFF')",10,7,11,63.636,HEAL,30.000,1.834372,6.2612
"('SWEEPER', 'TANK', 'DOMINANT', 'FULL', 'SAFE', 'FIELD_OURS_OFF', 'FASTER', 'MEC_USED', 'CLEAN', 'CLEAN', 'NEUTRAL', 'NEUTRAL', 'CLEAR', 'CLEAR', 'OPENING', 'BANCO_AMBOS')",10,3,4,75.000,SWITCH_OFFENSIVE,50.000,0.943348,2.5686
"('TANK', 'TANK', 'DOMINANT', 'FULL', 'SAFE', 'NORMAL', 'SLOWER', 'MEC_AVAIL', 'CLEAN', 'CLEAN', 'NEUTRAL', 'NEUTRAL', 'CLEAR', 'CLEAR', 'OPENING', 'BANCO_OFF')",10,5,10,50.000,ATTACK_STRONG_MEC,30.000,1.557113,4.7451
"('TANK', 'TANK', 'OFFENSIVE_ADV', 'DANGER', 'SAFE', 'NORMAL', 'FASTER', 'MEC_USED', 'CLEAN', 'CLEAN', 'NEUTRAL', 'NEUTRAL', 'CLEAR', 'CLEAR', 'BRAWL', 'BANCO_OFF')",10,6,9,66.667,ATTACK_STRONG,40.000,1.609438,5.0000
"('TANK', 'TANK', 'NEUTRAL', 'FULL', 'DANGER', 'NORMAL', 'FASTER', 'MEC_USED', 'AFFLICTED', 'CLEAN', 'NEUTRAL', 'NEUTRAL', 'CLEAR', 'CLEAR', 'CLUTCH', 'BANCO_VAZIO')",10,2,3,66.667,STATUS,90.000,0.325083,1.3841
"('TANK', 'TANK', 'CRITICAL_DIS', 'FULL', 'SAFE', 'FIELD_OURS_OFF', 'SLOWER', 'MEC_USED', 'CLEAN', 'CLEAN', 'NEUTRAL', 'NEUTRAL', 'CLEAR', 'CLEAR', 'OPENING', 'BANCO_AMBOS')",10,4,10,40.000,SWITCH_DEFENSIVE,50.000,1.220607,3.3892
"('TANK', 'UTILITY', 'OFFENSIVE_ADV', 'SAFE', 'SAFE', 'FIELD_THEIRS', 'SLOWER', 'MEC_USED', 'CLEAN', 'CLEAN', 'NEUTRAL', 'NEUTRAL', 'CLEAR', 'CLEAR', 'OPENING', 'BANCO_OFF')",10,6,12,50.000,ATTACK_PIVOT,40.000,1.609438,5.0000
"('TANK', 'TANK', 'OFFENSIVE_DIS', 'DANGER', 'DANGER', 'NORMAL', 'FASTER', 'MEC_USED', 'CLEAN', 'CLEAN', 'NEUTRAL', 'NEUTRAL', 'CLEAR', 'CLEAR', 'OPENING', 'BANCO_OFF')",10,7,11,63.636,SWITCH_DEFENSIVE,30.000,1.834372,6.2612
"('TANK', 'SWEEPER', 'CRITICAL_DIS', 'CRIT', 'SAFE', 'FIELD_THEIRS', 'SLOWER', 'MEC_USED', 'CLEAN', 'CLEAN', 'NEUTRAL', 'NEUTRAL', 'CLEAR', 'CLEAR', 'OPENING', 'BANCO_AMBOS')",10,7,9,77.778,ATTACK_PIVOT,20.000,1.886697,6.5975
"('TANK', 'TANK', 'DEFENSIVE_ADV', 'SAFE', 'SAFE', 'FIELD_SHARED', 'SLOWER', 'MEC_USED', 'CLEAN', 'CLEAN', 'NEUTRAL', 'NEUTRAL', 'CLEAR', 'CLEAR', 'OPENING', 'BANCO_OFF')",10,7,11,63.636,ATTACK_TECH,30.000,1.834372,6.2612
"('TANK', 'TANK', 'DOMINANT', 'FULL', 'FULL', 'NORMAL', 'SLOWER', 'MEC_USED', 'CLEAN', 'CLEAN', 'NEUTRAL', 'NEUTRAL', 'SET', 'CLEAR', 'BRAWL', 'BANCO_OFF')",10,6,10,60.000,ATTACK_STRONG,40.000,1.609438,5.0000
"('TANK', 'TANK', 'VOLATILE', 'SAFE', 'FULL', 'NORMAL', 'FASTER', 'MEC_USED', 'CLEAN', 'CLEAN', 'NEUTRAL', 'NEUTRAL', 'SET', 'CLEAR', 'OPENING', 'BANCO_AMBOS')",10,6,12,50.000,SWITCH_DEFENSIVE,40.000,1.609438,5.0000
"('TANK', 'TANK', 'DOMINANT', 'SAFE', 'SAFE', 'FIELD_THEIRS', 'SLOWER', 'MEC_USED', 'CLEAN', 'CLEAN', 'NEUTRAL', 'NEUTRAL', 'CLEAR', 'CLEAR', 'OPENING', 'BANCO_OFF')",10,4,11,36.364,STATUS,50.000,1.168282,3.2165
"('TANK', 'TANK', 'OFFENSIVE_ADV', 'SAFE', 'FULL', 'NORMAL', 'FASTER', 'MEC_USED', 'CLEAN', 'CLEAN', 'NEUTRAL', 'NEUTRAL', 'SET', 'CLEAR', 'OPENING', 'BANCO_VAZIO')",10,8,9,88.889,ATTACK_STRONG,20.000,2.025326,7.5786
"('UTILITY', 'SWEEPER', 'DEFENSIVE_DIS', 'FULL', 'FULL', 'NORMAL', 'SLOWER', 'MEC_USED', 'CLEAN', 'CLEAN', 'NEUTRAL', 'NEUTRAL', 'CLEAR', 'CLEAR', 'OPENING', 'BANCO_AMBOS')",10,6,7,85.714,SWITCH_DEFENSIVE,50.000,1.497866,4.4721
"('TANK', 'UTILITY', 'OFFENSIVE_ADV', 'FULL', 'FULL', 'FIELD_THEIRS', 'SLOWER', 'MEC_USED', 'CLEAN', 'CLEAN', 'NEUTRAL', 'NEUTRAL', 'CLEAR', 'CLEAR', 'OPENING', 'BANCO_AMBOS')",10,6,9,66.667,HEAL,40.000,1.609438,5.0000
"('TANK', 'SWEEPER', 'OFFENSIVE_DIS', 'DANGER', 'DANGER', 'NORMAL', 'SLOWER', 'MEC_USED', 'CLEAN', 'CLEAN', 'NEUTRAL', 'NEUTRAL', 'CLEAR', 'CLEAR', 'OPENING', 'BANCO_OFF')",10,3,12,25.000,HEAL,60.000,0.897946,2.4546
"('TANK', 'TANK', 'DOMINANT', 'FULL', 'FULL', 'FIELD_THEIRS', 'FASTER', 'MEC_AVAIL', 'CLEAN', 'CLEAN', 'NEUTRAL', 'NEUTRAL', 'SET', 'CLEAR', 'OPENING', 'BANCO_AMBOS')",10,5,10,50.000,SWITCH_OFFENSIVE,50.000,1.359237,3.8932
"('SWEEPER', 'TANK', 'DOMINANT', 'FULL', 'FULL', 'FIELD_THEIRS', 'FASTER', 'MEC_USED', 'CLEAN', 'CLEAN', 'NEUTRAL', 'NEUTRAL', 'CLEAR', 'CLEAR', 'OPENING', 'BANCO_OFF')",10,4,6,66.667,SWITCH_OFFENSIVE,40.000,1.332179,3.7893
"('TANK', 'UTILITY', 'VOLATILE', 'FULL', 'SAFE', 'NORMAL', 'SLOWER', 'MEC_USED', 'CLEAN', 'AFFLICTED', 'NEUTRAL', 'BUFFED_DEBUFF', 'CLEAR', 'CLEAR', 'CLUTCH', 'BANCO_VAZIO')",10,1,1,100.000,STATUS,100.000,-0.000000,1.0000
"('TANK', 'SWEEPER', 'NEUTRAL', 'FULL', 'SAFE', 'FIELD_SHARED', 'SLOWER', 'MEC_USED', 'CLEAN', 'CLEAN', 'NEUTRAL', 'NEUTRAL', 'CLEAR', 'CLEAR', 'OPENING', 'BANCO_AMBOS')",10,6,8,75.000,HAZARD,50.000,1.497866,4.4721
"('TANK', 'TANK', 'OFFENSIVE_DIS', 'FULL', 'FULL', 'NORMAL', 'FASTER', 'MEC_USED', 'AFFLICTED', 'CLEAN', 'NEUTRAL', 'NEUTRAL', 'SET', 'CLEAR', 'OPENING', 'BANCO_AMBOS')",10,4,10,40.000,ATTACK_STRONG,70.000,0.940448,2.5611
"('TANK', 'TANK', 'NEUTRAL', 'DANGER', 'SAFE', 'NORMAL', 'SLOWER', 'MEC_USED', 'CLEAN', 'CLEAN', 'NEUTRAL', 'NEUTRAL', 'CLEAR', 'CLEAR', 'BRAWL', 'BANCO_OFF')",10,7,10,70.000,STAT_CLEAN,30.000,1.834372,6.2612
"('TANK', 'TANK', 'NEUTRAL', 'SAFE', 'FULL', 'NORMAL', 'SLOWER', 'MEC_USED', 'CLEAN', 'CLEAN', 'NEUTRAL', 'NEUTRAL', 'SET', 'CLEAR', 'BRAWL', 'BANCO_AMBOS')",10,6,12,50.000,ATTACK_TECH,50.000,1.497866,4.4721
"('TANK', 'TANK', 'OFFENSIVE_ADV', 'FULL', 'FULL', 'FIELD_THEIRS', 'FASTER', 'MEC_USED', 'CLEAN', 'CLEAN', 'NEUTRAL', 'NEUTRAL', 'CLEAR', 'CLEAR', 'BRAWL', 'BANCO_OFF')",10,5,11,45.455,SWITCH_OFFENSIVE,50.000,1.359237,3.8932
"('TANK', 'SWEEPER', 'NEUTRAL', 'SAFE', 'FULL', 'NORMAL', 'SLOWER', 'MEC_USED', 'CLEAN', 'CLEAN', 'NEUTRAL', 'NEUTRAL', 'CLEAR', 'SET', 'RECOVERING', 'BANCO_VAZIO')",10,6,11,54.545,HEAL,20.000,1.748067,5.7435
"('TANK', 'TANK', 'OFFENSIVE_DIS', 'SAFE', 'CRIT', 'NORMAL', 'SLOWER', 'MEC_USED', 'CLEAN', 'CLEAN', 'NEUTRAL', 'NEUTRAL', 'CLEAR', 'SET', 'RECOVERING', 'BANCO_VAZIO')",10,3,8,37.500,SWITCH_DEFENSIVE,50.000,0.943348,2.5686
"('TANK', 'TANK', 'OFFENSIVE_ADV', 'SAFE', 'SAFE', 'NORMAL', 'FASTER', 'MEC_AVAIL', 'CLEAN', 'CLEAN', 'NEUTRAL', 'NEUTRAL', 'SET', 'CLEAR', 'OPENING', 'BANCO_OFF')",10,7,16,43.750,SWITCH_DEFENSIVE,30.000,1.834372,6.2612
"('TANK', 'TANK', 'STALEMATE', 'FULL', 'FULL', 'NORMAL', 'SLOWER', 'MEC_USED', 'CLEAN', 'CLEAN', 'NEUTRAL', 'NEUTRAL', 'CLEAR', 'SET', 'OPENING', 'BANCO_OFF')",10,4,10,40.000,STATUS,40.000,1.193550,3.2988
"('TANK', 'TANK', 'OFFENSIVE_ADV', 'FULL', 'FULL', 'NORMAL', 'FASTER', 'MEC_USED', 'CLEAN', 'CLEAN', 'NEUTRAL', 'NEUTRAL', 'CLEAR', 'SET', 'BRAWL', 'BANCO_OFF')",10,6,9,66.667,HEAL,30.000,1.695743,5.4507
"('TANK', 'TANK', 'DEFENSIVE_DIS', 'CRIT', 'SAFE', 'NORMAL', 'SLOWER', 'MEC_USED', 'CLEAN', 'CLEAN', 'NEUTRAL', 'NEUTRAL', 'CLEAR', 'CLEAR', 'OPENING', 'BANCO_OFF')",10,7,13,53.846,PROTECT,30.000,1.834372,6.2612
"('TANK', 'TANK', 'VOLATILE', 'SAFE', 'SAFE', 'FIELD_OURS_OFF', 'SLOWER', 'MEC_USED', 'CLEAN', 'CLEAN', 'NEUTRAL', 'NEUTRAL', 'CLEAR', 'CLEAR', 'OPENING', 'BANCO_AMBOS')",10,5,7,71.429,ATTACK_TECH,50.000,1.359237,3.8932
"('TANK', 'TANK', 'NEUTRAL', 'SAFE', 'FULL', 'FIELD_OURS_OFF', 'SLOWER', 'MEC_USED', 'CLEAN', 'CLEAN', 'NEUTRAL', 'NEUTRAL', 'CLEAR', 'CLEAR', 'OPENING', 'BANCO_OFF')",10,5,10,50.000,ATTACK_PIVOT,30.000,1.504788,4.5032
"('TANK', 'SWEEPER', 'NEUTRAL', 'FULL', 'FULL', 'FIELD_SHARED', 'SLOWER', 'MEC_AVAIL', 'CLEAN', 'CLEAN', 'NEUTRAL', 'NEUTRAL', 'CLEAR', 'CLEAR', 'OPENING', 'BANCO_OFF')",10,4,10,40.000,BUFF,50.000,1.220607,3.3892
"('TANK', 'TANK', 'VOLATILE', 'CRIT', 'FULL', 'NORMAL', 'FASTER', 'MEC_USED', 'CLEAN', 'CLEAN', 'NEUTRAL', 'NEUTRAL', 'CLEAR', 'CLEAR', 'BRAWL', 'BANCO_OFF')",10,7,9,77.778,SWITCH_DEFENSIVE,30.000,1.834372,6.2612
"('TANK', 'TANK', 'NEUTRAL', 'FULL', 'DANGER', 'NORMAL', 'SLOWER', 'MEC_USED', 'CLEAN', 'CLEAN', 'NEUTRAL', 'NEUTRAL', 'CLEAR', 'CLEAR', 'BRAWL', 'BANCO_VAZIO')",10,2,11,18.182,ATTACK_STRONG,90.000,0.325083,1.3841
"('TANK', 'SWEEPER', 'NEUTRAL', 'SAFE', 'FULL', 'FIELD_SHARED', 'SLOWER', 'MEC_USED', 'CLEAN', 'CLEAN', 'NEUTRAL', 'NEUTRAL', 'CLEAR', 'CLEAR', 'OPENING', 'BANCO_AMBOS')",10,8,9,88.889,ATTACK_STRONG,20.000,2.025326,7.5786
"('TANK', 'TANK', 'DEFENSIVE_DIS', 'CRIT', 'SAFE', 'NORMAL', 'FASTER', 'MEC_USED', 'CLEAN', 'CLEAN', 'NEUTRAL', 'NEUTRAL', 'SET', 'CLEAR', 'RECOVERING', 'BANCO_VAZIO')",10,7,7,100.000,ATTACK_STRONG,30.000,1.834372,6.2612
"('TANK', 'SWEEPER', 'NEUTRAL', 'FULL', 'FULL', 'NORMAL', 'FASTER', 'MEC_AVAIL', 'CLEAN', 'CLEAN', 'DEBUFF', 'NEUTRAL', 'CLEAR', 'CLEAR', 'OPENING', 'BANCO_OFF')",10,4,10,40.000,ATTACK_STRONG_MEC,40.000,1.279854,3.5961
"('TANK', 'TANK', 'OFFENSIVE_DIS', 'SAFE', 'SAFE', 'NORMAL', 'FASTER', 'MEC_USED', 'CLEAN', 'CLEAN', 'NEUTRAL', 'NEUTRAL', 'SET', 'SET', 'CLUTCH', 'BANCO_VAZIO')",10,4,9,44.444,ATTACK_PIVOT,50.000,1.220607,3.3892
"('TANK', 'TANK', 'DEFENSIVE_DIS', 'SAFE', 'FULL', 'NORMAL', 'SLOWER', 'MEC_USED', 'CLEAN', 'CLEAN', 'NEUTRAL', 'NEUTRAL', 'CLEAR', 'SET', 'OPENING', 'BANCO_OFF')",10,6,9,66.667,STATUS,40.000,1.609438,5.0000
"('TANK', 'TANK', 'DOMINANT', 'SAFE', 'FULL', 'FIELD_SHARED', 'FASTER', 'MEC_AVAIL', 'CLEAN', 'CLEAN', 'NEUTRAL', 'NEUTRAL', 'CLEAR', 'CLEAR', 'OPENING', 'BANCO_OFF')",10,6,12,50.000,STATUS_MEC,40.000,1.609438,5.0000
"('TANK', 'TANK', 'NEUTRAL', 'FULL', 'FULL', 'FIELD_SHARED', 'SLOWER', 'MEC_AVAIL', 'CLEAN', 'CLEAN', 'NEUTRAL', 'NEUTRAL', 'CLEAR', 'CLEAR', 'OPENING', 'BANCO_OFF')",10,7,14,50.000,ATTACK_STRONG_MEC,20.000,1.886697,6.5975
"('TANK', 'TANK', 'CRITICAL_DIS', 'SAFE', 'FULL', 'NORMAL', 'SLOWER', 'MEC_USED', 'CLEAN', 'CLEAN', 'NEUTRAL', 'NEUTRAL', 'SET', 'CLEAR', 'OPENING', 'BANCO_AMBOS')",10,2,12,16.667,SWITCH_DEFENSIVE,60.000,0.673012,1.9601
"('TANK', 'TANK', 'DOMINANT', 'FULL', 'FULL', 'FIELD_OURS_OFF', 'FASTER', 'MEC_AVAIL', 'CLEAN', 'CLEAN', 'NEUTRAL', 'NEUTRAL', 'CLEAR', 'CLEAR', 'OPENING', 'BANCO_DEF')",10,2,6,33.333,ATTACK_STRONG_MEC,90.000,0.325083,1.3841
"('TANK', 'TANK', 'DEFENSIVE_DIS', 'FULL', 'FULL', 'FIELD_OURS_DEF', 'SLOWER', 'MEC_USED', 'CLEAN', 'CLEAN', 'NEUTRAL', 'NEUTRAL', 'CLEAR', 'CLEAR', 'OPENING', 'BANCO_DEF')",10,3,3,100.000,ATTACK_STRONG,80.000,0.639032,1.8946
"('TANK', 'SWEEPER', 'NEUTRAL', 'FULL', 'FULL', 'NORMAL', 'SLOWER', 'MEC_AVAIL', 'CLEAN', 'CLEAN', 'DEBUFF', 'NEUTRAL', 'CLEAR', 'CLEAR', 'OPENING', 'BANCO_OFF')",10,1,6,16.667,SWITCH_DEFENSIVE,100.000,-0.000000,1.0000
"('TANK', 'TANK', 'NEUTRAL', 'SAFE', 'SAFE', 'NORMAL', 'SLOWER', 'MEC_USED', 'CLEAN', 'CLEAN', 'NEUTRAL', 'NEUTRAL', 'CLEAR', 'CLEAR', 'CLUTCH', 'BANCO_VAZIO')",10,4,11,36.364,ATTACK_STRONG,70.000,0.940448,2.5611
"('TANK', 'TANK', 'VOLATILE', 'CRIT', 'FULL', 'NORMAL', 'FASTER', 'MEC_USED', 'CLEAN', 'CLEAN', 'NEUTRAL', 'NEUTRAL', 'CLEAR', 'CLEAR', 'RECOVERING', 'BANCO_VAZIO')",10,7,10,70.000,ATTACK_STRONG,20.000,1.886697,6.5975
"('TANK', 'TANK', 'NEUTRAL', 'FULL', 'SAFE', 'NORMAL', 'FASTER', 'MEC_USED', 'CLEAN', 'CLEAN', 'NEUTRAL', 'NEUTRAL', 'SET', 'CLEAR', 'OPENING', 'BANCO_DEF')",10,6,11,54.545,CLEAN_HAZARD,30.000,1.695743,5.4507
"('TANK', 'TANK', 'NEUTRAL', 'FULL', 'SAFE', 'NORMAL', 'FASTER', 'MEC_USED', 'CLEAN', 'CLEAN', 'NEUTRAL', 'NEUTRAL', 'SET', 'SET', 'OPENING', 'BANCO_AMBOS')",10,1,9,11.111,SWITCH_DEFENSIVE,100.000,-0.000000,1.0000
"('TANK', 'TANK', 'OFFENSIVE_ADV', 'DANGER', 'FULL', 'NORMAL', 'SLOWER', 'MEC_USED', 'CLEAN', 'CLEAN', 'NEUTRAL', 'NEUTRAL', 'CLEAR', 'CLEAR', 'BRAWL', 'BANCO_OFF')",10,6,11,54.545,CLEAN_HAZARD,30.000,1.695743,5.4507
"('TANK', 'SWEEPER', 'OFFENSIVE_DIS', 'CRIT', 'SAFE', 'NORMAL', 'SLOWER', 'MEC_USED', 'CLEAN', 'CLEAN', 'NEUTRAL', 'NEUTRAL', 'CLEAR', 'CLEAR', 'OPENING', 'BANCO_OFF')",10,8,14,57.143,SWITCH_OFFENSIVE,30.000,1.973001,7.1922
"('TANK', 'TANK', 'DOMINANT', 'DANGER', 'FULL', 'NORMAL', 'FASTER', 'MEC_USED', 'CLEAN', 'CLEAN', 'NEUTRAL', 'NEUTRAL', 'CLEAR', 'CLEAR', 'OPENING', 'BANCO_OFF')",10,6,8,75.000,ATTACK_STRONG,20.000,1.748067,5.7435
"('TANK', 'UTILITY', 'DEFENSIVE_DIS', 'FULL', 'FULL', 'NORMAL', 'SLOWER', 'MEC_USED', 'CLEAN', 'CLEAN', 'NEUTRAL', 'BUFFED', 'CLEAR', 'CLEAR', 'RECOVERING', 'BANCO_VAZIO')",10,4,10,40.000,CLEAN_HAZARD,70.000,0.940448,2.5611
"('TANK', 'TANK', 'CRITICAL_DIS', 'DANGER', 'SAFE', 'NORMAL', 'SLOWER', 'MEC_USED', 'CLEAN', 'CLEAN', 'NEUTRAL', 'NEUTRAL', 'CLEAR', 'CLEAR', 'OPENING', 'BANCO_AMBOS')",10,6,11,54.545,SWITCH_OFFENSIVE,30.000,1.695743,5.4507
"('TANK', 'TANK', 'DEFENSIVE_DIS', 'SAFE', 'DANGER', 'NORMAL', 'FASTER', 'MEC_USED', 'CLEAN', 'CLEAN', 'NEUTRAL', 'NEUTRAL', 'CLEAR', 'CLEAR', 'OPENING', 'BANCO_OFF')",10,6,10,60.000,HAZARD,40.000,1.609438,5.0000
"('TANK', 'TANK', 'DEFENSIVE_DIS', 'SAFE', 'SAFE', 'NORMAL', 'FASTER', 'MEC_USED', 'CLEAN', 'CLEAN', 'NEUTRAL', 'NEUTRAL', 'CLEAR', 'SET', 'OPENING', 'BANCO_OFF')",10,6,12,50.000,PROTECT,30.000,1.643418,5.1728
"('SWEEPER', 'TANK', 'OFFENSIVE_ADV', 'SAFE', 'FULL', 'NORMAL', 'FASTER', 'MEC_USED', 'CLEAN', 'CLEAN', 'NEUTRAL', 'DEBUFF', 'SET', 'CLEAR', 'BRAWL', 'BANCO_OFF')",10,5,7,71.429,ATTACK_PIVOT,30.000,1.504788,4.5032
"('TANK', 'TANK', 'CRITICAL_DIS', 'FULL', 'FULL', 'NORMAL', 'FASTER', 'MEC_USED', 'CLEAN', 'CLEAN', 'NEUTRAL', 'NEUTRAL', 'CLEAR', 'CLEAR', 'RECOVERING', 'BANCO_VAZIO')",10,6,12,50.000,ATTACK_TECH,40.000,1.609438,5.0000
"('TANK', 'UTILITY', 'OFFENSIVE_ADV', 'FULL', 'FULL', 'NORMAL', 'FASTER', 'MEC_USED', 'CLEAN', 'CLEAN', 'NEUTRAL', 'NEUTRAL', 'CLEAR', 'CLEAR', 'OPENING', 'BANCO_OFF')",10,6,7,85.714,ATTACK_STRONG,40.000,1.609438,5.0000
"('TANK', 'TANK', 'OFFENSIVE_ADV', 'DANGER', 'DANGER', 'NORMAL', 'FASTER', 'MEC_AVAIL', 'CLEAN', 'CLEAN', 'NEUTRAL', 'NEUTRAL', 'CLEAR', 'CLEAR', 'OPENING', 'BANCO_OFF')",10,6,12,50.000,SWITCH_DEFENSIVE,30.000,1.695743,5.4507
"('TANK', 'TANK', 'NEUTRAL', 'SAFE', 'FULL', 'NORMAL', 'FASTER', 'MEC_USED', 'CLEAN', 'CLEAN', 'NEUTRAL', 'NEUTRAL', 'CLEAR', 'SET', 'OPENING', 'BANCO_AMBOS')",10,5,10,50.000,ATTACK_STRONG,40.000,1.470808,4.3528
"('UTILITY', 'UTILITY', 'OFFENSIVE_DIS', 'FULL', 'FULL', 'NORMAL', 'SLOWER', 'MEC_USED', 'CLEAN', 'CLEAN', 'NEUTRAL', 'NEUTRAL', 'CLEAR', 'CLEAR', 'OPENING', 'BANCO_AMBOS')",10,1,6,16.667,SWITCH_DEFENSIVE,100.000,-0.000000,1.0000
"('TANK', 'SWEEPER', 'OFFENSIVE_DIS', 'FULL', 'FULL', 'NORMAL', 'SLOWER', 'MEC_USED', 'CLEAN', 'CLEAN', 'NEUTRAL', 'NEUTRAL', 'SET', 'CLEAR', 'OPENING', 'BANCO_OFF')",10,5,12,41.667,HAZARD,40.000,1.470808,4.3528
"('TANK', 'TANK', 'DEFENSIVE_DIS', 'FULL', 'FULL', 'NORMAL', 'SLOWER', 'MEC_USED', 'CLEAN', 'CLEAN', 'NEUTRAL', 'NEUTRAL', 'SET', 'CLEAR', 'BRAWL', 'BANCO_OFF')",10,3,10,30.000,HEAL,50.000,0.943348,2.5686
"('TANK', 'TANK', 'CRITICAL_DIS', 'DANGER', 'SAFE', 'NORMAL', 'SLOWER', 'MEC_USED', 'CLEAN', 'CLEAN', 'NEUTRAL', 'NEUTRAL', 'CLEAR', 'SET', 'RECOVERING', 'BANCO_VAZIO')",10,5,8,62.500,STATUS,50.000,1.359237,3.8932
"('TANK', 'TANK', 'DEFENSIVE_DIS', 'FULL', 'CRIT', 'FIELD_OURS_DEF', 'FASTER', 'MEC_USED', 'CLEAN', 'CLEAN', 'NEUTRAL', 'NEUTRAL', 'CLEAR', 'CLEAR', 'OPENING', 'BANCO_OFF')",10,3,4,75.000,SWITCH_DEFENSIVE,80.000,0.639032,1.8946
"('SWEEPER', 'TANK', 'NEUTRAL', 'DANGER', 'FULL', 'NORMAL', 'FASTER', 'MEC_USED', 'CLEAN', 'CLEAN', 'NEUTRAL', 'NEUTRAL', 'CLEAR', 'CLEAR', 'OPENING', 'BANCO_OFF')",10,6,8,75.000,ATTACK_STRONG,30.000,1.695743,5.4507
"('TANK', 'TANK', 'NEUTRAL', 'SAFE', 'FULL', 'FIELD_THEIRS', 'SLOWER', 'MEC_USED', 'CLEAN', 'CLEAN', 'NEUTRAL', 'NEUTRAL', 'CLEAR', 'CLEAR', 'RECOVERING', 'BANCO_VAZIO')",10,7,11,63.636,ATTACK_STRONG,20.000,1.886697,6.5975
"('TANK', 'SWEEPER', 'NEUTRAL', 'FULL', 'DANGER', 'NORMAL', 'SLOWER', 'MEC_USED', 'CLEAN', 'CLEAN', 'NEUTRAL', 'NEUTRAL', 'CLEAR', 'CLEAR', 'OPENING', 'BANCO_VAZIO')",10,6,10,60.000,ATTACK_PIVOT,40.000,1.609438,5.0000
"('TANK', 'TANK', 'NEUTRAL', 'FULL', 'SAFE', 'NORMAL', 'SLOWER', 'MEC_USED', 'CLEAN', 'AFFLICTED', 'NEUTRAL', 'NEUTRAL', 'SET', 'SET', 'CLUTCH', 'BANCO_VAZIO')",10,2,7,28.571,ATTACK_STRONG,80.000,0.500402,1.6494
"('TANK', 'TANK', 'NEUTRAL', 'DANGER', 'SAFE', 'NORMAL', 'FASTER', 'MEC_USED', 'CLEAN', 'CLEAN', 'NEUTRAL', 'NEUTRAL', 'SET', 'CLEAR', 'BRAWL', 'BANCO_OFF')",10,9,12,75.000,ATTACK_PIVOT,20.000,2.163956,8.7055
"('UTILITY', 'UTILITY', 'DEFENSIVE_DIS', 'FULL', 'FULL', 'NORMAL', 'FASTER', 'MEC_USED', 'CLEAN', 'CLEAN', 'NEUTRAL', 'NEUTRAL', 'CLEAR', 'CLEAR', 'OPENING', 'BANCO_AMBOS')",10,3,4,75.000,SWITCH_OFFENSIVE,60.000,0.950271,2.5864
"('TANK', 'TANK', 'NEUTRAL', 'FULL', 'DANGER', 'NORMAL', 'SLOWER', 'MEC_USED', 'CLEAN', 'CLEAN', 'NEUTRAL', 'NEUTRAL', 'SET', 'CLEAR', 'OPENING', 'BANCO_VAZIO')",10,4,9,44.444,SWITCH_OFFENSIVE,60.000,1.088900,2.9710
"('TANK', 'TANK', 'NEUTRAL', 'DANGER', 'SAFE', 'NORMAL', 'SLOWER', 'MEC_USED', 'CLEAN', 'CLEAN', 'NEUTRAL', 'NEUTRAL', 'SET', 'SET', 'BRAWL', 'BANCO_VAZIO')",10,3,11,27.273,HAZARD,60.000,0.897946,2.4546
"('TANK', 'TANK', 'NEUTRAL', 'SAFE', 'DANGER', 'NORMAL', 'FASTER', 'MEC_USED', 'CLEAN', 'CLEAN', 'BUFFED', 'NEUTRAL', 'CLEAR', 'CLEAR', 'OPENING', 'BANCO_OFF')",10,5,7,71.429,ATTACK_STRONG,40.000,1.418484,4.1309
"('SWEEPER', 'TANK', 'VOLATILE', 'FULL', 'FULL', 'NORMAL', 'FASTER', 'MEC_AVAIL', 'CLEAN', 'CLEAN', 'NEUTRAL', 'NEUTRAL', 'CLEAR', 'CLEAR', 'OPENING', 'BANCO_AMBOS')",10,2,10,20.000,SWITCH_OFFENSIVE,70.000,0.610864,1.8420
"('TANK', 'TANK', 'NEUTRAL', 'SAFE', 'SAFE', 'NORMAL', 'FASTER', 'MEC_USED', 'CLEAN', 'CLEAN', 'NEUTRAL', 'NEUTRAL', 'CLEAR', 'SET', 'OPENING', 'BANCO_AMBOS')",10,5,11,45.455,HAZARD,50.000,1.359237,3.8932
"('UTILITY', 'UTILITY', 'OFFENSIVE_ADV', 'FULL', 'FULL', 'NORMAL', 'FASTER', 'MEC_USED', 'CLEAN', 'CLEAN', 'NEUTRAL', 'NEUTRAL', 'CLEAR', 'CLEAR', 'OPENING', 'BANCO_AMBOS')",10,3,5,60.000,ATTACK_STRONG,40.000,1.054920,2.8717
"('TANK', 'TANK', 'DEFENSIVE_DIS', 'SAFE', 'SAFE', 'FIELD_OURS_DEF', 'FASTER', 'MEC_USED', 'CLEAN', 'CLEAN', 'NEUTRAL', 'NEUTRAL', 'CLEAR', 'CLEAR', 'OPENING', 'BANCO_AMBOS')",10,4,4,100.000,SWITCH_OFFENSIVE,50.000,1.168282,3.2165
"('TANK', 'TANK', 'OFFENSIVE_DIS', 'SAFE', 'DANGER', 'NORMAL', 'SLOWER', 'MEC_USED', 'CLEAN', 'CLEAN', 'NEUTRAL', 'NEUTRAL', 'CLEAR', 'SET', 'RECOVERING', 'BANCO_VAZIO')",10,6,9,66.667,HEAL,40.000,1.609438,5.0000
"('TANK', 'TANK', 'OFFENSIVE_ADV', 'SAFE', 'FULL', 'NORMAL', 'FASTER', 'MEC_USED', 'CLEAN', 'CLEAN', 'NEUTRAL', 'NEUTRAL', 'CLEAR', 'SET', 'RECOVERING', 'BANCO_VAZIO')",10,3,9,33.333,ATTACK_STRONG,50.000,0.943348,2.5686
"('TANK', 'TANK', 'OFFENSIVE_DIS', 'FULL', 'FULL', 'NORMAL', 'FASTER', 'MEC_USED', 'AFFLICTED', 'CLEAN', 'DEBUFF', 'BUFFED', 'SET', 'SET', 'CLUTCH', 'BANCO_VAZIO')",10,1,2,50.000,HAZARD,100.000,-0.000000,1.0000
"('TANK', 'TANK', 'NEUTRAL', 'FULL', 'SAFE', 'NORMAL', 'FASTER', 'MEC_AVAIL', 'CLEAN', 'CLEAN', 'NEUTRAL', 'NEUTRAL', 'CLEAR', 'CLEAR', 'OPENING', 'BANCO_AMBOS')",10,3,14,21.429,ATTACK_STRONG_MEC,80.000,0.639032,1.8946
"('TANK', 'TANK', 'DEFENSIVE_DIS', 'SAFE', 'FULL', 'NORMAL', 'FASTER', 'MEC_AVAIL', 'CLEAN', 'CLEAN', 'NEUTRAL', 'NEUTRAL', 'CLEAR', 'CLEAR', 'OPENING', 'BANCO_AMBOS')",10,4,12,33.333,SWITCH_DEFENSIVE,40.000,1.279854,3.5961
"('TANK', 'TANK', 'OFFENSIVE_DIS', 'SAFE', 'SAFE', 'NORMAL', 'FASTER', 'MEC_USED', 'AFFLICTED', 'CLEAN', 'NEUTRAL', 'NEUTRAL', 'CLEAR', 'CLEAR', 'CLUTCH', 'BANCO_VAZIO')",10,4,8,50.000,HEAL,40.000,1.279854,3.5961
"('TANK', 'TANK', 'NEUTRAL', 'SAFE', 'SAFE', 'NORMAL', 'FASTER', 'MEC_USED', 'AFFLICTED', 'CLEAN', 'NEUTRAL', 'NEUTRAL', 'SET', 'CLEAR', 'DOMINATING', 'BANCO_OFF')",10,3,8,37.500,HEAL,80.000,0.639032,1.8946
"('TANK', 'TANK', 'NEUTRAL', 'FULL', 'SAFE', 'NORMAL', 'FASTER', 'MEC_USED', 'AFFLICTED', 'CLEAN', 'NEUTRAL', 'NEUTRAL', 'SET', 'SET', 'RECOVERING', 'BANCO_VAZIO')",10,3,8,37.500,ATTACK_PIVOT,80.000,0.639032,1.8946
"('TANK', 'UTILITY', 'DEFENSIVE_DIS', 'CRIT', 'SAFE', 'NORMAL', 'SLOWER', 'MEC_USED', 'CLEAN', 'CLEAN', 'NEUTRAL', 'BUFFED', 'CLEAR', 'CLEAR', 'RECOVERING', 'BANCO_VAZIO')",9,5,9,55.556,ATTACK_PIVOT,55.556,1.303092,3.6807
"('TANK', 'TANK', 'NEUTRAL', 'FULL', 'DANGER', 'NORMAL', 'FASTER', 'MEC_USED', 'CLEAN', 'CLEAN', 'NEUTRAL', 'DEBUFF', 'CLEAR', 'CLEAR', 'OPENING', 'BANCO_OFF')",9,7,10,70.000,HEAL,22.222,1.889159,6.6138
"('TANK', 'TANK', 'OFFENSIVE_DIS', 'FULL', 'FULL', 'NORMAL', 'SLOWER', 'MEC_USED', 'AFFLICTED', 'AFFLICTED', 'NEUTRAL', 'NEUTRAL', 'SET', 'CLEAR', 'CLUTCH', 'BANCO_OFF')",9,3,4,75.000,SWITCH_OFFENSIVE,77.778,0.683739,1.9813
"('TANK', 'TANK', 'OFFENSIVE_DIS', 'SAFE', 'CRIT', 'NORMAL', 'SLOWER', 'MEC_USED', 'CLEAN', 'CLEAN', 'NEUTRAL', 'NEUTRAL', 'CLEAR', 'CLEAR', 'RECOVERING', 'BANCO_VAZIO')",9,5,10,50.000,HEAL,44.444,1.427061,4.1664
"('SWEEPER', 'TANK', 'NEUTRAL', 'SAFE', 'SAFE', 'NORMAL', 'FASTER', 'MEC_USED', 'CLEAN', 'CLEAN', 'NEUTRAL', 'NEUTRAL', 'CLEAR', 'CLEAR', 'OPENING', 'BANCO_VAZIO')",9,5,9,55.556,ATTACK_STRONG,33.333,1.522955,4.5858
"('TANK', 'SWEEPER', 'OFFENSIVE_ADV', 'FULL', 'FULL', 'NORMAL', 'FASTER', 'MEC_USED', 'CLEAN', 'CLEAN', 'NEUTRAL', 'NEUTRAL', 'CLEAR', 'CLEAR', 'OPENING', 'BANCO_OFF')",9,4,6,66.667,SWITCH_OFFENSIVE,55.556,1.149060,3.1552
"('TANK', 'TANK', 'VOLATILE', 'FULL', 'SAFE', 'FIELD_THEIRS', 'FASTER', 'MEC_USED', 'CLEAN', 'CLEAN', 'NEUTRAL', 'NEUTRAL', 'CLEAR', 'CLEAR', 'OPENING', 'BANCO_AMBOS')",9,4,10,40.000,SWITCH_DEFENSIVE,55.556,1.149060,3.1552
"('TANK', 'TANK', 'OFFENSIVE_DIS', 'DANGER', 'SAFE', 'NORMAL', 'SLOWER', 'MEC_USED', 'CLEAN', 'CLEAN', 'NEUTRAL', 'NEUTRAL', 'CLEAR', 'SET', 'RECOVERING', 'BANCO_VAZIO')",9,7,11,63.636,STATUS,22.222,1.889159,6.6138
"('TANK', 'TANK', 'DEFENSIVE_ADV', 'SAFE', 'FULL', 'NORMAL', 'SLOWER', 'MEC_USED', 'AFFLICTED', 'AFFLICTED', 'DEBUFF', 'NEUTRAL', 'CLEAR', 'CLEAR', 'RECOVERING', 'BANCO_VAZIO')",9,3,4,75.000,CLEAN_HAZARD,66.667,0.848686,2.3366
"('TANK', 'TANK', 'CRITICAL_DIS', 'FULL', 'FULL', 'NORMAL', 'SLOWER', 'MEC_USED', 'CLEAN', 'CLEAN', 'NEUTRAL', 'NEUTRAL', 'CLEAR', 'CLEAR', 'BRAWL', 'BANCO_AMBOS')",9,2,11,18.182,SWITCH_OFFENSIVE,77.778,0.529706,1.6984
"('TANK', 'UTILITY', 'DEFENSIVE_DIS', 'FULL', 'FULL', 'NORMAL', 'SLOWER', 'MEC_USED', 'CLEAN', 'CLEAN', 'NEUTRAL', 'NEUTRAL', 'CLEAR', 'CLEAR', 'OPENING', 'BANCO_DEF')",9,6,7,85.714,CLEAN_HAZARD,44.444,1.581094,4.8603
"('TANK', 'TANK', 'CRITICAL_DIS', 'FULL', 'FULL', 'FIELD_SHARED', 'SLOWER', 'MEC_USED', 'CLEAN', 'CLEAN', 'NEUTRAL', 'NEUTRAL', 'CLEAR', 'CLEAR', 'OPENING', 'BANCO_VAZIO')",9,4,11,36.364,ATTACK_STRONG,44.444,1.214890,3.3699
"('TANK', 'TANK', 'VOLATILE', 'FULL', 'SAFE', 'FIELD_OURS_OFF', 'FASTER', 'MEC_USED', 'CLEAN', 'CLEAN', 'NEUTRAL', 'NEUTRAL', 'CLEAR', 'CLEAR', 'OPENING', 'BANCO_OFF')",9,7,11,63.636,STATUS,33.333,1.831020,6.2403
"('UTILITY', 'TANK', 'VOLATILE', 'FULL', 'FULL', 'FIELD_SHARED', 'FASTER', 'MEC_USED', 'CLEAN', 'CLEAN', 'NEUTRAL', 'NEUTRAL', 'CLEAR', 'CLEAR', 'OPENING', 'BANCO_AMBOS')",9,5,6,83.333,SWITCH_DEFENSIVE,33.333,1.522955,4.5858
"('TANK', 'TANK', 'NEUTRAL', 'FULL', 'SAFE', 'NORMAL', 'SLOWER', 'MEC_USED', 'CLEAN', 'AFFLICTED', 'NEUTRAL', 'NEUTRAL', 'CLEAR', 'SET', 'RECOVERING', 'BANCO_VAZIO')",9,2,10,20.000,ATTACK_STRONG,88.889,0.348832,1.4174
"('TANK', 'TANK', 'OFFENSIVE_ADV', 'FULL', 'FULL', 'NORMAL', 'SLOWER', 'MEC_USED', 'CLEAN', 'CLEAN', 'NEUTRAL', 'NEUTRAL', 'CLEAR', 'CLEAR', 'CLUTCH', 'BANCO_VAZIO')",9,6,10,60.000,ATTACK_TECH,22.222,1.735126,5.6696
"('TANK', 'TANK', 'DEFENSIVE_ADV', 'FULL', 'DANGER', 'NORMAL', 'SLOWER', 'MEC_USED', 'CLEAN', 'CLEAN', 'NEUTRAL', 'NEUTRAL', 'CLEAR', 'CLEAR', 'OPENING', 'BANCO_OFF')",9,7,11,63.636,HEAL,22.222,1.889159,6.6138
"('UTILITY', 'UTILITY', 'OFFENSIVE_ADV', 'FULL', 'FULL', 'NORMAL', 'FASTER', 'MEC_USED', 'CLEAN', 'CLEAN', 'NEUTRAL', 'NEUTRAL', 'CLEAR', 'CLEAR', 'OPENING', 'BANCO_OFF')",9,2,6,33.333,ATTACK_STRONG,88.889,0.348832,1.4174
"('TANK', 'TANK', 'DEFENSIVE_DIS', 'SAFE', 'SAFE', 'NORMAL', 'FASTER', 'MEC_USED', 'CLEAN', 'CLEAN', 'NEUTRAL', 'NEUTRAL', 'CLEAR', 'CLEAR', 'BRAWL', 'BANCO_OFF')",9,7,11,63.636,CLEAN_HAZARD,22.222,1.889159,6.6138
"('TANK', 'TANK', 'NEUTRAL', 'SAFE', 'SAFE', 'NORMAL', 'FASTER', 'MEC_USED', 'CLEAN', 'CLEAN', 'NEUTRAL', 'NEUTRAL', 'SET', 'CLEAR', 'OPENING', 'BANCO_DEF')",9,7,11,63.636,ATTACK_PIVOT,22.222,1.889159,6.6138
"('TANK', 'SWEEPER', 'OFFENSIVE_ADV', 'CRIT', 'FULL', 'NORMAL', 'SLOWER', 'MEC_USED', 'CLEAN', 'CLEAN', 'NEUTRAL', 'NEUTRAL', 'CLEAR', 'CLEAR', 'OPENING', 'BANCO_OFF')",9,8,9,88.889,HAZARD,22.222,2.043192,7.7152
"('TANK', 'TANK', 'DEFENSIVE_DIS', 'FULL', 'FULL', 'NORMAL', 'FASTER', 'MEC_USED', 'CLEAN', 'CLEAN', 'NEUTRAL', 'NEUTRAL', 'CLEAR', 'CLEAR', 'BRAWL', 'BANCO_AMBOS')",9,6,11,54.545,CLEAN_HAZARD,33.333,1.676988,5.3494
"('TANK', 'SWEEPER', 'OFFENSIVE_DIS', 'FULL', 'FULL', 'NORMAL', 'SLOWER', 'MEC_USED', 'CLEAN', 'CLEAN', 'NEUTRAL', 'NEUTRAL', 'CLEAR', 'CLEAR', 'BRAWL', 'BANCO_OFF')",9,5,12,41.667,ATTACK_TECH,33.333,1.522955,4.5858
"('TANK', 'TANK', 'OFFENSIVE_DIS', 'FULL', 'FULL', 'FIELD_SHARED', 'FASTER', 'MEC_USED', 'AFFLICTED', 'CLEAN', 'NEUTRAL', 'NEUTRAL', 'CLEAR', 'CLEAR', 'OPENING', 'BANCO_OFF')",9,3,8,37.500,HEAL,66.667,0.848686,2.3366
"('TANK', 'TANK', 'DEFENSIVE_DIS', 'SAFE', 'SAFE', 'NORMAL', 'SLOWER', 'MEC_USED', 'CLEAN', 'CLEAN', 'NEUTRAL', 'NEUTRAL', 'SET', 'SET', 'CLUTCH', 'BANCO_VAZIO')",9,1,10,10.000,ATTACK_STRONG,100.000,-0.000000,1.0000
"('TANK', 'TANK', 'OFFENSIVE_DIS', 'FULL', 'FULL', 'NORMAL', 'SLOWER', 'MEC_USED', 'CLEAN', 'CLEAN', 'NEUTRAL', 'NEUTRAL', 'SET', 'SET', 'OPENING', 'BANCO_OFF')",9,6,10,60.000,ATTACK_STRONG,22.222,1.735126,5.6696
"('TANK', 'TANK', 'NEUTRAL', 'DANGER', 'FULL', 'NORMAL', 'FASTER', 'MEC_USED', 'CLEAN', 'CLEAN', 'NEUTRAL', 'NEUTRAL', 'SET', 'SET', 'RECOVERING', 'BANCO_VAZIO')",9,6,12,50.000,ATTACK_STRONG,22.222,1.735126,5.6696
"('SWEEPER', 'TANK', 'NEUTRAL', 'CRIT', 'FULL', 'NORMAL', 'FASTER', 'MEC_USED', 'CLEAN', 'CLEAN', 'NEUTRAL', 'NEUTRAL', 'CLEAR', 'CLEAR', 'OPENING', 'BANCO_AMBOS')",9,7,8,87.500,SWITCH_DEFENSIVE,22.222,1.889159,6.6138
"('TANK', 'TANK', 'OFFENSIVE_DIS', 'CRIT', 'FULL', 'NORMAL', 'SLOWER', 'MEC_USED', 'CLEAN', 'CLEAN', 'NEUTRAL', 'NEUTRAL', 'CLEAR', 'CLEAR', 'RECOVERING', 'BANCO_VAZIO')",9,6,9,66.667,BUFF,44.444,1.581094,4.8603
"('TANK', 'TANK', 'CRITICAL_DIS', 'SAFE', 'SAFE', 'FIELD_SHARED', 'SLOWER', 'MEC_USED', 'CLEAN', 'CLEAN', 'NEUTRAL', 'NEUTRAL', 'CLEAR', 'CLEAR', 'OPENING', 'BANCO_OFF')",9,6,12,50.000,ATTACK_STRONG,22.222,1.735126,5.6696
"('TANK', 'SWEEPER', 'OFFENSIVE_DIS', 'SAFE', 'SAFE', 'NORMAL', 'SLOWER', 'MEC_USED', 'CLEAN', 'CLEAN', 'NEUTRAL', 'NEUTRAL', 'CLEAR', 'CLEAR', 'OPENING', 'BANCO_AMBOS')",9,2,10,20.000,SWITCH_DEFENSIVE,88.889,0.348832,1.4174
"('TANK', 'TANK', 'NEUTRAL', 'SAFE', 'FULL', 'NORMAL', 'FASTER', 'MEC_USED', 'CLEAN', 'CLEAN', 'NEUTRAL', 'NEUTRAL', 'SET', 'SET', 'OPENING', 'BANCO_VAZIO')",9,7,11,63.636,ATTACK_STRONG,22.222,1.889159,6.6138
"('TANK', 'TANK', 'OFFENSIVE_DIS', 'FULL', 'SAFE', 'NORMAL', 'SLOWER', 'MEC_USED', 'CLEAN', 'CLEAN', 'NEUTRAL', 'NEUTRAL', 'SET', 'SET', 'OPENING', 'BANCO_OFF')",9,5,10,50.000,ATTACK_TECH,33.333,1.522955,4.5858
"('UTILITY', 'TANK', 'OFFENSIVE_ADV', 'SAFE', 'FULL', 'NORMAL', 'FASTER', 'MEC_USED', 'CLEAN', 'CLEAN', 'NEUTRAL', 'NEUTRAL', 'CLEAR', 'CLEAR', 'OPENING', 'BANCO_OFF')",9,7,11,63.636,ATTACK_STRONG,22.222,1.889159,6.6138
"('TANK', 'UTILITY', 'CRITICAL_DIS', 'FULL', 'FULL', 'NORMAL', 'SLOWER', 'MEC_AVAIL', 'CLEAN', 'CLEAN', 'NEUTRAL', 'NEUTRAL', 'CLEAR', 'CLEAR', 'OPENING', 'BANCO_AMBOS')",9,2,6,33.333,ATTACK_STRONG,88.889,0.348832,1.4174
"('TANK', 'UTILITY', 'OFFENSIVE_ADV', 'FULL', 'SAFE', 'FIELD_THEIRS', 'SLOWER', 'MEC_USED', 'CLEAN', 'CLEAN', 'NEUTRAL', 'NEUTRAL', 'CLEAR', 'CLEAR', 'OPENING', 'BANCO_OFF')",9,5,9,55.556,SWITCH_OFFENSIVE,55.556,1.303092,3.6807
"('SWEEPER', 'TANK', 'OFFENSIVE_ADV', 'FULL', 'FULL', 'NORMAL', 'FASTER', 'MEC_USED', 'CLEAN', 'CLEAN', 'NEUTRAL', 'NEUTRAL', 'CLEAR', 'CLEAR', 'OPENING', 'BANCO_DEF')",9,3,4,75.000,ATTACK_TECH,55.556,0.936888,2.5520
"('TANK', 'TANK', 'DEFENSIVE_DIS', 'SAFE', 'FULL', 'NORMAL', 'FASTER', 'MEC_USED', 'CLEAN', 'CLEAN', 'NEUTRAL', 'NEUTRAL', 'SET', 'CLEAR', 'BRAWL', 'BANCO_VAZIO')",9,7,9,77.778,ATTACK_TECH,22.222,1.889159,6.6138
"('TANK', 'TANK', 'NEUTRAL', 'FULL', 'SAFE', 'NORMAL', 'FASTER', 'MEC_USED', 'CLEAN', 'CLEAN', 'NEUTRAL', 'NEUTRAL', 'SET', 'SET', 'RECOVERING', 'BANCO_VAZIO')",9,7,10,70.000,HAZARD,33.333,1.831020,6.2403
"('TANK', 'TANK', 'OFFENSIVE_ADV', 'DANGER', 'SAFE', 'FIELD_SHARED', 'SLOWER', 'MEC_USED', 'CLEAN', 'CLEAN', 'NEUTRAL', 'NEUTRAL', 'CLEAR', 'CLEAR', 'OPENING', 'BANCO_OFF')",9,4,9,44.444,SWITCH_OFFENSIVE,66.667,1.002718,2.7257
"('TANK', 'TANK', 'DEFENSIVE_DIS', 'FULL', 'DANGER', 'NORMAL', 'FASTER', 'MEC_USED', 'CLEAN', 'CLEAN', 'NEUTRAL', 'NEUTRAL', 'CLEAR', 'CLEAR', 'OPENING', 'BANCO_AMBOS')",9,6,11,54.545,ATTACK_STRONG,22.222,1.735126,5.6696
"('TANK', 'SWEEPER', 'NEUTRAL', 'CRIT', 'FULL', 'NORMAL', 'SLOWER', 'MEC_USED', 'CLEAN', 'CLEAN', 'NEUTRAL', 'NEUTRAL', 'CLEAR', 'CLEAR', 'OPENING', 'BANCO_OFF')",9,6,11,54.545,ATTACK_TECH,33.333,1.676988,5.3494
"('TANK', 'TANK', 'OFFENSIVE_ADV', 'SAFE', 'FULL', 'NORMAL', 'SLOWER', 'MEC_USED', 'CLEAN', 'CLEAN', 'NEUTRAL', 'NEUTRAL', 'SET', 'CLEAR', 'BRAWL', 'BANCO_VAZIO')",9,6,11,54.545,SWITCH_DEFENSIVE,33.333,1.676988,5.3494
"('TANK', 'TANK', 'VOLATILE', 'FULL', 'SAFE', 'FIELD_THEIRS', 'FASTER', 'MEC_AVAIL', 'CLEAN', 'CLEAN', 'NEUTRAL', 'NEUTRAL', 'CLEAR', 'CLEAR', 'OPENING', 'BANCO_OFF')",9,9,14,64.286,ATTACK_STRONG,11.111,2.197225,9.0000
"('TANK', 'TANK', 'NEUTRAL', 'FULL', 'DANGER', 'NORMAL', 'SLOWER', 'MEC_USED', 'CLEAN', 'CLEAN', 'NEUTRAL', 'NEUTRAL', 'SET', 'CLEAR', 'OPENING', 'BANCO_AMBOS')",9,4,12,33.333,STATUS,55.556,1.149060,3.1552
"('TANK', 'TANK', 'OFFENSIVE_DIS', 'DANGER', 'FULL', 'NORMAL', 'FASTER', 'MEC_USED', 'CLEAN', 'CLEAN', 'NEUTRAL', 'NEUTRAL', 'CLEAR', 'CLEAR', 'OPENING', 'BANCO_AMBOS')",9,4,13,30.769,HEAL,66.667,1.002718,2.7257
"('TANK', 'UTILITY', 'OFFENSIVE_ADV', 'SAFE', 'FULL', 'FIELD_SHARED', 'SLOWER', 'MEC_USED', 'CLEAN', 'CLEAN', 'NEUTRAL', 'NEUTRAL', 'CLEAR', 'CLEAR', 'OPENING', 'BANCO_OFF')",9,5,10,50.000,STATUS,33.333,1.464816,4.3267
"('TANK', 'TANK', 'OFFENSIVE_DIS', 'CRIT', 'FULL', 'NORMAL', 'SLOWER', 'MEC_USED', 'CLEAN', 'CLEAN', 'NEUTRAL', 'NEUTRAL', 'CLEAR', 'CLEAR', 'OPENING', 'BANCO_OFF')",9,6,10,60.000,SWITCH_DEFENSIVE,33.333,1.676988,5.3494
"('TANK', 'TANK', 'NEUTRAL', 'SAFE', 'SAFE', 'NORMAL', 'FASTER', 'MEC_USED', 'CLEAN', 'CLEAN', 'NEUTRAL', 'NEUTRAL', 'SET', 'SET', 'BRAWL', 'BANCO_AMBOS')",9,4,10,40.000,STATUS,44.444,1.214890,3.3699
"('TANK', 'TANK', 'OFFENSIVE_ADV', 'FULL', 'SAFE', 'NORMAL', 'SLOWER', 'MEC_AVAIL', 'CLEAN', 'CLEAN', 'NEUTRAL', 'NEUTRAL', 'CLEAR', 'CLEAR', 'OPENING', 'BANCO_OFF')",9,5,10,50.000,ATTACK_TECH_MEC,44.444,1.427061,4.1664
"('TANK', 'TANK', 'NEUTRAL', 'SAFE', 'FULL', 'NORMAL', 'SLOWER', 'MEC_USED', 'CLEAN', 'CLEAN', 'NEUTRAL', 'NEUTRAL', 'SET', 'SET', 'BRAWL', 'BANCO_AMBOS')",9,4,11,36.364,ATTACK_STRONG,66.667,1.002718,2.7257
"('SWEEPER', 'UTILITY', 'VOLATILE', 'FULL', 'FULL', 'NORMAL', 'FASTER', 'MEC_USED', 'CLEAN', 'CLEAN', 'NEUTRAL', 'NEUTRAL', 'CLEAR', 'CLEAR', 'OPENING', 'BANCO_OFF')",9,2,4,50.000,ATTACK_STRONG,88.889,0.348832,1.4174
"('TANK', 'SWEEPER', 'DEFENSIVE_DIS', 'FULL', 'FULL', 'FIELD_SHARED', 'SLOWER', 'MEC_USED', 'CLEAN', 'CLEAN', 'DEBUFF', 'NEUTRAL', 'CLEAR', 'CLEAR', 'OPENING', 'BANCO_OFF')",9,5,10,50.000,SWITCH_DEFENSIVE,33.333,1.522955,4.5858
"('TANK', 'TANK', 'DEFENSIVE_DIS', 'DANGER', 'SAFE', 'NORMAL', 'SLOWER', 'MEC_USED', 'CLEAN', 'CLEAN', 'NEUTRAL', 'NEUTRAL', 'SET', 'CLEAR', 'OPENING', 'BANCO_OFF')",9,5,11,45.455,STAT_CLEAN,55.556,1.303092,3.6807
"('TANK', 'TANK', 'DEFENSIVE_ADV', 'FULL', 'FULL', 'NORMAL', 'SLOWER', 'MEC_AVAIL', 'CLEAN', 'CLEAN', 'NEUTRAL', 'NEUTRAL', 'CLEAR', 'CLEAR', 'OPENING', 'BANCO_DEF')",9,6,10,60.000,ATTACK_STRONG_MEC,22.222,1.735126,5.6696
"('TANK', 'TANK', 'NEUTRAL', 'FULL', 'CRIT', 'NORMAL', 'SLOWER', 'MEC_USED', 'AFFLICTED', 'CLEAN', 'BUFFED', 'DEBUFF', 'CLEAR', 'SET', 'CLUTCH', 'BANCO_VAZIO')",9,1,1,100.000,BUFF,100.000,-0.000000,1.0000
"('TANK', 'TANK', 'DEFENSIVE_DIS', 'FULL', 'FULL', 'FIELD_SHARED', 'SLOWER', 'MEC_USED', 'CLEAN', 'CLEAN', 'NEUTRAL', 'NEUTRAL', 'SET', 'CLEAR', 'OPENING', 'BANCO_OFF')",9,6,11,54.545,ATTACK_STRONG,33.333,1.676988,5.3494
"('TANK', 'TANK', 'CRITICAL_DIS', 'SAFE', 'FULL', 'NORMAL', 'FASTER', 'MEC_USED', 'AFFLICTED', 'CLEAN', 'NEUTRAL', 'NEUTRAL', 'SET', 'SET', 'CLUTCH', 'BANCO_VAZIO')",9,5,6,83.333,HAZARD,33.333,1.522955,4.5858
"('TANK', 'TANK', 'DOMINANT', 'FULL', 'FULL', 'FIELD_SHARED', 'FASTER', 'MEC_USED', 'CLEAN', 'CLEAN', 'NEUTRAL', 'NEUTRAL', 'CLEAR', 'CLEAR', 'OPENING', 'BANCO_DEF')",9,3,6,50.000,ATTACK_STRONG,77.778,0.683739,1.9813
"('TANK', 'SWEEPER', 'CRITICAL_DIS', 'SAFE', 'SAFE', 'NORMAL', 'SLOWER', 'MEC_USED', 'CLEAN', 'CLEAN', 'NEUTRAL', 'NEUTRAL', 'CLEAR', 'CLEAR', 'OPENING', 'BANCO_OFF')",9,8,12,66.667,HAZARD,22.222,2.043192,7.7152
"('TANK', 'SWEEPER', 'OFFENSIVE_ADV', 'FULL', 'FULL', 'FIELD_SHARED', 'SLOWER', 'MEC_USED', 'CLEAN', 'CLEAN', 'NEUTRAL', 'NEUTRAL', 'CLEAR', 'CLEAR', 'OPENING', 'BANCO_DEF')",9,5,7,71.429,ATTACK_TECH,33.333,1.522955,4.5858
"('TANK', 'TANK', 'VOLATILE', 'FULL', 'FULL', 'FIELD_SHARED', 'SLOWER', 'MEC_USED', 'CLEAN', 'CLEAN', 'NEUTRAL', 'NEUTRAL', 'CLEAR', 'CLEAR', 'OPENING', 'BANCO_AMBOS')",9,6,11,54.545,HEAL,22.222,1.735126,5.6696
"('TANK', 'TANK', 'OFFENSIVE_ADV', 'FULL', 'SAFE', 'NORMAL', 'FASTER', 'MEC_USED', 'AFFLICTED', 'CLEAN', 'NEUTRAL', 'NEUTRAL', 'CLEAR', 'CLEAR', 'OPENING', 'BANCO_OFF')",9,5,7,71.429,ATTACK_PIVOT,44.444,1.427061,4.1664
"('TANK', 'UTILITY', 'DEFENSIVE_DIS', 'FULL', 'FULL', 'NORMAL', 'FASTER', 'MEC_AVAIL', 'CLEAN', 'CLEAN', 'NEUTRAL', 'NEUTRAL', 'CLEAR', 'CLEAR', 'OPENING', 'BANCO_AMBOS')",9,7,10,70.000,BUFF,22.222,1.889159,6.6138
"('TANK', 'TANK', 'DEFENSIVE_DIS', 'FULL', 'FULL', 'FIELD_OURS_DEF', 'SLOWER', 'MEC_AVAIL', 'CLEAN', 'CLEAN', 'NEUTRAL', 'NEUTRAL', 'CLEAR', 'CLEAR', 'OPENING', 'BANCO_OFF')",9,4,10,40.000,ATTACK_TECH,44.444,1.273028,3.5717
"('TANK', 'SWEEPER', 'VOLATILE', 'FULL', 'FULL', 'FIELD_OURS_DEF', 'SLOWER', 'MEC_AVAIL', 'CLEAN', 'CLEAN', 'DEBUFF', 'NEUTRAL', 'CLEAR', 'CLEAR', 'OPENING', 'BANCO_OFF')",9,1,4,25.000,ATTACK_STRONG_MEC,100.000,-0.000000,1.0000
"('TANK', 'TANK', 'DOMINANT', 'FULL', 'FULL', 'FIELD_OURS_DEF', 'FASTER', 'MEC_AVAIL', 'CLEAN', 'CLEAN', 'NEUTRAL', 'NEUTRAL', 'CLEAR', 'CLEAR', 'OPENING', 'BANCO_AMBOS')",9,5,8,62.500,ATTACK_TECH,55.556,1.303092,3.6807
"('TANK', 'SWEEPER', 'DEFENSIVE_DIS', 'SAFE', 'FULL', 'FIELD_SHARED', 'SLOWER', 'MEC_USED', 'CLEAN', 'CLEAN', 'NEUTRAL', 'NEUTRAL', 'CLEAR', 'CLEAR', 'OPENING', 'BANCO_AMBOS')",9,5,9,55.556,HEAL,44.444,1.427061,4.1664
"('TANK', 'SWEEPER', 'OFFENSIVE_DIS', 'FULL', 'FULL', 'NORMAL', 'SLOWER', 'MEC_USED', 'CLEAN', 'CLEAN', 'NEUTRAL', 'NEUTRAL', 'CLEAR', 'CLEAR', 'OPENING', 'BANCO_DEF')",9,6,10,60.000,HEAL_STATUS,33.333,1.676988,5.3494
"('SWEEPER', 'TANK', 'OFFENSIVE_ADV', 'FULL', 'FULL', 'NORMAL', 'FASTER', 'MEC_USED', 'CLEAN', 'CLEAN', 'NEUTRAL', 'NEUTRAL', 'CLEAR', 'CLEAR', 'BRAWL', 'BANCO_AMBOS')",9,1,5,20.000,ATTACK_STRONG,100.000,-0.000000,1.0000
"('TANK', 'TANK', 'CRITICAL_DIS', 'FULL', 'FULL', 'NORMAL', 'SLOWER', 'MEC_USED', 'CLEAN', 'CLEAN', 'NEUTRAL', 'NEUTRAL', 'SET', 'CLEAR', 'RECOVERING', 'BANCO_VAZIO')",9,6,10,60.000,ATTACK_STRONG,33.333,1.676988,5.3494
"('UTILITY', 'TANK', 'VOLATILE', 'SAFE', 'FULL', 'NORMAL', 'FASTER', 'MEC_USED', 'CLEAN', 'CLEAN', 'NEUTRAL', 'NEUTRAL', 'CLEAR', 'CLEAR', 'OPENING', 'BANCO_OFF')",9,5,8,62.500,SWITCH_DEFENSIVE,33.333,1.464816,4.3267
"('TANK', 'TANK', 'VOLATILE', 'CRIT', 'CRIT', 'NORMAL', 'FASTER', 'MEC_USED', 'CLEAN', 'CLEAN', 'NEUTRAL', 'NEUTRAL', 'CLEAR', 'CLEAR', 'OPENING', 'BANCO_OFF')",9,4,8,50.000,CLEAN_HAZARD,55.556,1.149060,3.1552
"('TANK', 'TANK', 'DEFENSIVE_ADV', 'DANGER', 'FULL', 'NORMAL', 'SLOWER', 'MEC_USED', 'CLEAN', 'CLEAN', 'NEUTRAL', 'NEUTRAL', 'CLEAR', 'CLEAR', 'OPENING', 'BANCO_OFF')",9,5,10,50.000,ATTACK_TECH,44.444,1.427061,4.1664
"('TANK', 'UTILITY', 'OFFENSIVE_ADV', 'DANGER', 'FULL', 'NORMAL', 'SLOWER', 'MEC_USED', 'CLEAN', 'CLEAN', 'NEUTRAL', 'NEUTRAL', 'CLEAR', 'CLEAR', 'OPENING', 'BANCO_OFF')",9,6,10,60.000,BUFF,22.222,1.735126,5.6696
"('SWEEPER', 'TANK', 'CRITICAL_DIS', 'SAFE', 'FULL', 'NORMAL', 'FASTER', 'MEC_USED', 'CLEAN', 'CLEAN', 'NEUTRAL', 'NEUTRAL', 'CLEAR', 'CLEAR', 'OPENING', 'BANCO_OFF')",9,5,7,71.429,BUFF,33.333,1.464816,4.3267
"('TANK', 'TANK', 'NEUTRAL', 'SAFE', 'SAFE', 'NORMAL', 'SLOWER', 'MEC_USED', 'CLEAN', 'AFFLICTED', 'NEUTRAL', 'NEUTRAL', 'CLEAR', 'CLEAR', 'OPENING', 'BANCO_VAZIO')",9,5,11,45.455,PROTECT,55.556,1.303092,3.6807
"('TANK', 'TANK', 'OFFENSIVE_DIS', 'FULL', 'FULL', 'NORMAL', 'FASTER', 'MEC_USED', 'CLEAN', 'CLEAN', 'NEUTRAL', 'NEUTRAL', 'CLEAR', 'SET', 'CLUTCH', 'BANCO_VAZIO')",9,4,10,40.000,HAZARD,66.667,1.002718,2.7257
"('SWEEPER', 'TANK', 'DEFENSIVE_DIS', 'FULL', 'FULL', 'NORMAL', 'FASTER', 'MEC_AVAIL', 'CLEAN', 'CLEAN', 'NEUTRAL', 'NEUTRAL', 'CLEAR', 'CLEAR', 'OPENING', 'BANCO_OFF')",9,6,8,75.000,ATTACK_STRONG,33.333,1.676988,5.3494
"('TANK', 'TANK', 'OFFENSIVE_ADV', 'FULL', 'SAFE', 'NORMAL', 'SLOWER', 'MEC_USED', 'CLEAN', 'CLEAN', 'NEUTRAL', 'NEUTRAL', 'SET', 'SET', 'OPENING', 'BANCO_OFF')",9,5,11,45.455,ATTACK_STRONG,22.222,1.581094,4.8603
"('TANK', 'TANK', 'VOLATILE', 'FULL', 'FULL', 'FIELD_OURS_DEF', 'FASTER', 'MEC_AVAIL', 'CLEAN', 'CLEAN', 'NEUTRAL', 'NEUTRAL', 'CLEAR', 'CLEAR', 'OPENING', 'BANCO_AMBOS')",9,1,10,10.000,ATTACK_STRONG_MEC,100.000,-0.000000,1.0000
"('TANK', 'TANK', 'OFFENSIVE_DIS', 'DANGER', 'SAFE', 'NORMAL', 'SLOWER', 'MEC_USED', 'CLEAN', 'CLEAN', 'NEUTRAL', 'NEUTRAL', 'SET', 'CLEAR', 'RECOVERING', 'BANCO_VAZIO')",9,3,9,33.333,ATTACK_TECH,55.556,0.995027,2.7048
"('TANK', 'TANK', 'NEUTRAL', 'FULL', 'FULL', 'NORMAL', 'FASTER', 'MEC_USED', 'CLEAN', 'CLEAN', 'NEUTRAL', 'NEUTRAL', 'CLEAR', 'SET', 'BRAWL', 'BANCO_AMBOS')",9,2,9,22.222,SWITCH_OFFENSIVE,77.778,0.529706,1.6984
"('SWEEPER', 'SWEEPER', 'DOMINANT', 'FULL', 'FULL', 'FIELD_THEIRS', 'SLOWER', 'MEC_USED', 'CLEAN', 'CLEAN', 'NEUTRAL', 'NEUTRAL', 'CLEAR', 'CLEAR', 'OPENING', 'BANCO_AMBOS')",9,3,8,37.500,SWITCH_OFFENSIVE,66.667,0.848686,2.3366
"('TANK', 'TANK', 'DEFENSIVE_DIS', 'SAFE', 'FULL', 'FIELD_THEIRS', 'SLOWER', 'MEC_USED', 'CLEAN', 'CLEAN', 'NEUTRAL', 'NEUTRAL', 'CLEAR', 'CLEAR', 'OPENING', 'BANCO_OFF')",9,7,10,70.000,CLEAN_HAZARD,22.222,1.889159,6.6138
"('TANK', 'UTILITY', 'NEUTRAL', 'FULL', 'SAFE', 'FIELD_SHARED', 'SLOWER', 'MEC_USED', 'CLEAN', 'CLEAN', 'NEUTRAL', 'NEUTRAL', 'CLEAR', 'CLEAR', 'OPENING', 'BANCO_OFF')",9,5,10,50.000,HEAL,44.444,1.427061,4.1664
"('TANK', 'TANK', 'CRITICAL_DIS', 'CRIT', 'FULL', 'FIELD_THEIRS', 'FASTER', 'MEC_USED', 'CLEAN', 'CLEAN', 'NEUTRAL', 'NEUTRAL', 'CLEAR', 'CLEAR', 'OPENING', 'BANCO_VAZIO')",9,4,6,66.667,SWITCH_OFFENSIVE,44.444,1.273028,3.5717
"('TANK', 'TANK', 'OFFENSIVE_ADV', 'FULL', 'FULL', 'NORMAL', 'FASTER', 'MEC_USED', 'CLEAN', 'CLEAN', 'NEUTRAL', 'NEUTRAL', 'CLEAR', 'SET', 'OPENING', 'BANCO_AMBOS')",9,6,10,60.000,ATTACK_PIVOT,33.333,1.676988,5.3494
"('TANK', 'TANK', 'VOLATILE', 'CRIT', 'SAFE', 'NORMAL', 'SLOWER', 'MEC_USED', 'CLEAN', 'CLEAN', 'NEUTRAL', 'NEUTRAL', 'CLEAR', 'CLEAR', 'OPENING', 'BANCO_OFF')",9,5,10,50.000,PROTECT,33.333,1.464816,4.3267
"('TANK', 'TANK', 'DEFENSIVE_DIS', 'CRIT', 'DANGER', 'NORMAL', 'SLOWER', 'MEC_USED', 'CLEAN', 'CLEAN', 'NEUTRAL', 'NEUTRAL', 'CLEAR', 'CLEAR', 'OPENING', 'BANCO_OFF')",9,6,11,54.545,STAT_CLEAN,44.444,1.581094,4.8603
"('SWEEPER', 'UTILITY', 'DOMINANT', 'FULL', 'FULL', 'FIELD_THEIRS', 'SLOWER', 'MEC_USED', 'CLEAN', 'CLEAN', 'NEUTRAL', 'NEUTRAL', 'CLEAR', 'CLEAR', 'OPENING', 'BANCO_OFF')",9,3,5,60.000,BUFF,55.556,0.936888,2.5520
"('TANK', 'TANK', 'DEFENSIVE_ADV', 'SAFE', 'FULL', 'NORMAL', 'SLOWER', 'MEC_USED', 'CLEAN', 'CLEAN', 'NEUTRAL', 'NEUTRAL', 'CLEAR', 'CLEAR', 'BRAWL', 'BANCO_VAZIO')",9,4,11,36.364,STAT_CLEAN,44.444,1.214890,3.3699
"('SWEEPER', 'SWEEPER', 'VOLATILE', 'FULL', 'FULL', 'FIELD_SHARED', 'FASTER', 'MEC_USED', 'CLEAN', 'CLEAN', 'NEUTRAL', 'NEUTRAL', 'CLEAR', 'CLEAR', 'OPENING', 'BANCO_OFF')",9,2,4,50.000,FIELD_CONTROL,66.667,0.636514,1.8899
"('SWEEPER', 'TANK', 'NEUTRAL', 'FULL', 'FULL', 'FIELD_OURS_OFF', 'FASTER', 'MEC_USED', 'CLEAN', 'CLEAN', 'NEUTRAL', 'NEUTRAL', 'SET', 'CLEAR', 'OPENING', 'BANCO_AMBOS')",9,6,10,60.000,HEAL,33.333,1.676988,5.3494
"('TANK', 'TANK', 'OFFENSIVE_ADV', 'FULL', 'SAFE', 'FIELD_OURS_OFF', 'SLOWER', 'MEC_USED', 'CLEAN', 'CLEAN', 'NEUTRAL', 'NEUTRAL', 'CLEAR', 'CLEAR', 'OPENING', 'BANCO_OFF')",9,6,8,75.000,ATTACK_TECH,22.222,1.735126,5.6696
"('SWEEPER', 'TANK', 'NEUTRAL', 'SAFE', 'FULL', 'NORMAL', 'FASTER', 'MEC_USED', 'CLEAN', 'CLEAN', 'NEUTRAL', 'NEUTRAL', 'SET', 'CLEAR', 'OPENING', 'BANCO_OFF')",9,4,8,50.000,SWITCH_OFFENSIVE,66.667,1.002718,2.7257
"('TANK', 'TANK', 'DEFENSIVE_DIS', 'CRIT', 'SAFE', 'NORMAL', 'FASTER', 'MEC_USED', 'CLEAN', 'CLEAN', 'NEUTRAL', 'NEUTRAL', 'CLEAR', 'CLEAR', 'OPENING', 'BANCO_AMBOS')",9,6,13,46.154,HEAL,33.333,1.676988,5.3494
"('TANK', 'TANK', 'DEFENSIVE_DIS', 'SAFE', 'FULL', 'NORMAL', 'FASTER', 'MEC_USED', 'CLEAN', 'CLEAN', 'NEUTRAL', 'NEUTRAL', 'CLEAR', 'SET', 'OPENING', 'BANCO_AMBOS')",9,3,11,27.273,ATTACK_STRONG,66.667,0.848686,2.3366
"('SWEEPER', 'TANK', 'DEFENSIVE_ADV', 'FULL', 'FULL', 'FIELD_SHARED', 'FASTER', 'MEC_USED', 'CLEAN', 'CLEAN', 'NEUTRAL', 'NEUTRAL', 'CLEAR', 'CLEAR', 'OPENING', 'BANCO_AMBOS')",9,4,7,57.143,SWITCH_OFFENSIVE,44.444,1.273028,3.5717
"('TANK', 'TANK', 'OFFENSIVE_ADV', 'FULL', 'SAFE', 'FIELD_OURS_OFF', 'FASTER', 'MEC_AVAIL', 'CLEAN', 'CLEAN', 'NEUTRAL', 'NEUTRAL', 'CLEAR', 'CLEAR', 'OPENING', 'BANCO_OFF')",9,5,12,41.667,ATTACK_PIVOT_MEC,33.333,1.464816,4.3267
"('TANK', 'TANK', 'OFFENSIVE_ADV', 'CRIT', 'SAFE', 'NORMAL', 'SLOWER', 'MEC_USED', 'CLEAN', 'CLEAN', 'NEUTRAL', 'NEUTRAL', 'CLEAR', 'CLEAR', 'RECOVERING', 'BANCO_VAZIO')",9,6,11,54.545,SWITCH_DEFENSIVE,33.333,1.676988,5.3494
"('TANK', 'TANK', 'OFFENSIVE_DIS', 'SAFE', 'SAFE', 'NORMAL', 'SLOWER', 'MEC_USED', 'CLEAN', 'CLEAN', 'NEUTRAL', 'NEUTRAL', 'SET', 'SET', 'CLUTCH', 'BANCO_VAZIO')",9,5,10,50.000,ATTACK_STRONG,33.333,1.522955,4.5858
"('TANK', 'TANK', 'NEUTRAL', 'SAFE', 'DANGER', 'NORMAL', 'SLOWER', 'MEC_USED', 'CLEAN', 'CLEAN', 'NEUTRAL', 'NEUTRAL', 'SET', 'SET', 'OPENING', 'BANCO_OFF')",9,4,10,40.000,SWITCH_OFFENSIVE,44.444,1.214890,3.3699
"('SWEEPER', 'SWEEPER', 'VOLATILE', 'FULL', 'FULL', 'FIELD_OURS_OFF', 'FASTER', 'MEC_USED', 'CLEAN', 'CLEAN', 'DEBUFF', 'NEUTRAL', 'CLEAR', 'CLEAR', 'OPENING', 'BANCO_VAZIO')",9,5,7,71.429,ATTACK_STRONG,44.444,1.427061,4.1664
"('TANK', 'UTILITY', 'CRITICAL_DIS', 'FULL', 'FULL', 'FIELD_OURS_DEF', 'SLOWER', 'MEC_AVAIL', 'CLEAN', 'CLEAN', 'NEUTRAL', 'NEUTRAL', 'CLEAR', 'CLEAR', 'OPENING', 'BANCO_AMBOS')",9,3,6,50.000,ATTACK_STRONG,55.556,0.936888,2.5520
"('TANK', 'TANK', 'OFFENSIVE_ADV', 'CRIT', 'SAFE', 'NORMAL', 'FASTER', 'MEC_USED', 'CLEAN', 'CLEAN', 'NEUTRAL', 'NEUTRAL', 'CLEAR', 'CLEAR', 'BRAWL', 'BANCO_OFF')",9,5,10,50.000,STATUS,44.444,1.427061,4.1664
"('UTILITY', 'TANK', 'NEUTRAL', 'FULL', 'FULL', 'NORMAL', 'FASTER', 'MEC_USED', 'CLEAN', 'CLEAN', 'NEUTRAL', 'NEUTRAL', 'CLEAR', 'SET', 'RECOVERING', 'BANCO_VAZIO')",9,3,4,75.000,ATTACK_STRONG,77.778,0.683739,1.9813
"('TANK', 'TANK', 'CRITICAL_DIS', 'SAFE', 'FULL', 'NORMAL', 'FASTER', 'MEC_USED', 'CLEAN', 'CLEAN', 'NEUTRAL', 'NEUTRAL', 'SET', 'CLEAR', 'OPENING', 'BANCO_VAZIO')",9,4,7,57.143,STATUS,33.333,1.310784,3.7091
"('TANK', 'TANK', 'NEUTRAL', 'SAFE', 'DANGER', 'NORMAL', 'FASTER', 'MEC_USED', 'CLEAN', 'CLEAN', 'NEUTRAL', 'NEUTRAL', 'CLEAR', 'SET', 'OPENING', 'BANCO_OFF')",9,3,11,27.273,HAZARD,66.667,0.848686,2.3366
"('TANK', 'TANK', 'DEFENSIVE_ADV', 'FULL', 'FULL', 'NORMAL', 'SLOWER', 'MEC_USED', 'CLEAN', 'CLEAN', 'NEUTRAL', 'NEUTRAL', 'CLEAR', 'SET', 'OPENING', 'BANCO_AMBOS')",9,6,11,54.545,HAZARD,44.444,1.581094,4.8603
"('TANK', 'TANK', 'OFFENSIVE_ADV', 'CRIT', 'FULL', 'NORMAL', 'SLOWER', 'MEC_USED', 'CLEAN', 'CLEAN', 'NEUTRAL', 'NEUTRAL', 'CLEAR', 'CLEAR', 'OPENING', 'BANCO_OFF')",9,7,10,70.000,CLEAN_HAZARD,33.333,1.831020,6.2403
"('TANK', 'TANK', 'DEFENSIVE_ADV', 'FULL', 'FULL', 'NORMAL', 'SLOWER', 'MEC_USED', 'CLEAN', 'AFFLICTED', 'DEBUFF', 'NEUTRAL', 'CLEAR', 'CLEAR', 'RECOVERING', 'BANCO_VAZIO')",8,2,4,50.000,HEAL,62.500,0.661563,1.9378
"('TANK', 'TANK', 'NEUTRAL', 'CRIT', 'SAFE', 'NORMAL', 'SLOWER', 'MEC_USED', 'CLEAN', 'CLEAN', 'NEUTRAL', 'NEUTRAL', 'SET', 'SET', 'CLUTCH', 'BANCO_VAZIO')",8,5,10,50.000,SWITCH_DEFENSIVE,37.500,1.494175,4.4557
"('TANK', 'UTILITY', 'NEUTRAL', 'FULL', 'CRIT', 'NORMAL', 'SLOWER', 'MEC_USED', 'AFFLICTED', 'CLEAN', 'NEUTRAL', 'NEUTRAL', 'SET', 'CLEAR', 'RECOVERING', 'BANCO_VAZIO')",8,1,2,50.000,HEAL,100.000,-0.000000,1.0000
"('TANK', 'TANK', 'OFFENSIVE_DIS', 'FULL', 'SAFE', 'NORMAL', 'SLOWER', 'MEC_USED', 'AFFLICTED', 'AFFLICTED', 'NEUTRAL', 'NEUTRAL', 'CLEAR', 'CLEAR', 'CLUTCH', 'BANCO_VAZIO')",8,2,7,28.571,CLEAN_HAZARD,62.500,0.661563,1.9378
"('TANK', 'TANK', 'DEFENSIVE_DIS', 'FULL', 'FULL', 'NORMAL', 'FASTER', 'MEC_USED', 'AFFLICTED', 'CLEAN', 'NEUTRAL', 'NEUTRAL', 'CLEAR', 'CLEAR', 'RECOVERING', 'BANCO_VAZIO')",8,4,11,36.364,SWITCH_OFFENSIVE,37.500,1.255482,3.5095
"('TANK', 'TANK', 'STALEMATE', 'FULL', 'SAFE', 'NORMAL', 'FASTER', 'MEC_USED', 'CLEAN', 'CLEAN', 'NEUTRAL', 'NEUTRAL', 'CLEAR', 'CLEAR', 'CLUTCH', 'BANCO_VAZIO')",8,5,9,55.556,HEAL,37.500,1.494175,4.4557
"('TANK', 'TANK', 'NEUTRAL', 'SAFE', 'FULL', 'NORMAL', 'FASTER', 'MEC_USED', 'CLEAN', 'CLEAN', 'BUFFED', 'NEUTRAL', 'SET', 'CLEAR', 'RECOVERING', 'BANCO_VAZIO')",8,4,7,57.143,HEAL,37.500,1.320888,3.7467
"('TANK', 'TANK', 'OFFENSIVE_DIS', 'SAFE', 'FULL', 'NORMAL', 'SLOWER', 'MEC_USED', 'AFFLICTED', 'AFFLICTED', 'NEUTRAL', 'NEUTRAL', 'CLEAR', 'CLEAR', 'CLUTCH', 'BANCO_VAZIO')",8,2,7,28.571,ATTACK_PIVOT,62.500,0.661563,1.9378
"('UTILITY', 'SWEEPER', 'OFFENSIVE_ADV', 'FULL', 'FULL', 'FIELD_THEIRS', 'SLOWER', 'MEC_USED', 'CLEAN', 'CLEAN', 'NEUTRAL', 'NEUTRAL', 'CLEAR', 'CLEAR', 'OPENING', 'BANCO_OFF')",8,6,9,66.667,ATTACK_TECH,25.000,1.732868,5.6569
"('TANK', 'TANK', 'NEUTRAL', 'SAFE', 'SAFE', 'FIELD_SHARED', 'SLOWER', 'MEC_USED', 'CLEAN', 'CLEAN', 'NEUTRAL', 'NEUTRAL', 'CLEAR', 'CLEAR', 'BRAWL', 'BANCO_OFF')",8,2,9,22.222,ATTACK_STRONG,50.000,0.693147,2.0000
"('TANK', 'TANK', 'OFFENSIVE_ADV', 'FULL', 'DANGER', 'NORMAL', 'FASTER', 'MEC_USED', 'CLEAN', 'CLEAN', 'NEUTRAL', 'DEBUFF', 'CLEAR', 'CLEAR', 'OPENING', 'BANCO_OFF')",8,6,9,66.667,ATTACK_TECH,25.000,1.732868,5.6569
"('TANK', 'TANK', 'OFFENSIVE_DIS', 'SAFE', 'SAFE', 'NORMAL', 'SLOWER', 'MEC_USED', 'CLEAN', 'CLEAN', 'NEUTRAL', 'NEUTRAL', 'CLEAR', 'SET', 'CLUTCH', 'BANCO_VAZIO')",8,2,9,22.222,ATTACK_TECH,87.500,0.376770,1.4576
"('TANK', 'TANK', 'NEUTRAL', 'SAFE', 'FULL', 'FIELD_OURS_DEF', 'FASTER', 'MEC_USED', 'CLEAN', 'CLEAN', 'NEUTRAL', 'NEUTRAL', 'CLEAR', 'CLEAR', 'OPENING', 'BANCO_DEF')",8,3,6,50.000,STATUS,50.000,1.039721,2.8284
"('TANK', 'TANK', 'NEUTRAL', 'FULL', 'FULL', 'FIELD_THEIRS', 'SLOWER', 'MEC_USED', 'CLEAN', 'CLEAN', 'NEUTRAL', 'NEUTRAL', 'SET', 'CLEAR', 'RECOVERING', 'BANCO_VAZIO')",8,6,10,60.000,PROTECT,25.000,1.732868,5.6569
"('TANK', 'TANK', 'NEUTRAL', 'SAFE', 'FULL', 'NORMAL', 'SLOWER', 'MEC_USED', 'AFFLICTED', 'CLEAN', 'NEUTRAL', 'NEUTRAL', 'CLEAR', 'CLEAR', 'RECOVERING', 'BANCO_VAZIO')",8,4,10,40.000,CLEAN_HAZARD,37.500,1.320888,3.7467
"('TANK', 'TANK', 'DEFENSIVE_DIS', 'FULL', 'SAFE', 'NORMAL', 'FASTER', 'MEC_USED', 'CLEAN', 'CLEAN', 'NEUTRAL', 'NEUTRAL', 'CLEAR', 'SET', 'RECOVERING', 'BANCO_VAZIO')",8,5,10,50.000,CLEAN_HAZARD,25.000,1.559581,4.7568
"('TANK', 'TANK', 'NEUTRAL', 'CRIT', 'SAFE', 'NORMAL', 'FASTER', 'MEC_USED', 'CLEAN', 'CLEAN', 'NEUTRAL', 'NEUTRAL', 'SET', 'SET', 'RECOVERING', 'BANCO_VAZIO')",8,6,11,54.545,ATTACK_TECH,37.500,1.667462,5.2987
"('TANK', 'TANK', 'DEFENSIVE_DIS', 'SAFE', 'FULL', 'FIELD_SHARED', 'FASTER', 'MEC_AVAIL', 'CLEAN', 'CLEAN', 'NEUTRAL', 'NEUTRAL', 'CLEAR', 'CLEAR', 'OPENING', 'BANCO_AMBOS')",8,6,12,50.000,BUFF,25.000,1.732868,5.6569
"('TANK', 'TANK', 'NEUTRAL', 'CRIT', 'SAFE', 'NORMAL', 'FASTER', 'MEC_USED', 'CLEAN', 'CLEAN', 'NEUTRAL', 'NEUTRAL', 'SET', 'SET', 'BRAWL', 'BANCO_VAZIO')",8,5,9,55.556,SWITCH_OFFENSIVE,37.500,1.494175,4.4557
"('TANK', 'TANK', 'DEFENSIVE_DIS', 'SAFE', 'DANGER', 'NORMAL', 'FASTER', 'MEC_USED', 'CLEAN', 'CLEAN', 'NEUTRAL', 'NEUTRAL', 'SET', 'CLEAR', 'RECOVERING', 'BANCO_VAZIO')",8,3,7,42.857,ATTACK_STRONG,62.500,0.900256,2.4602
"('TANK', 'TANK', 'VOLATILE', 'FULL', 'SAFE', 'NORMAL', 'SLOWER', 'MEC_USED', 'CLEAN', 'CLEAN', 'NEUTRAL', 'NEUTRAL', 'CLEAR', 'CLEAR', 'RECOVERING', 'BANCO_VAZIO')",8,8,9,88.889,ATTACK_STRONG,12.500,2.079442,8.0000
"('SWEEPER', 'TANK', 'VOLATILE', 'FULL', 'FULL', 'NORMAL', 'FASTER', 'MEC_USED', 'CLEAN', 'CLEAN', 'NEUTRAL', 'DEBUFF', 'CLEAR', 'CLEAR', 'OPENING', 'BANCO_AMBOS')",8,4,7,57.143,SWITCH_DEFENSIVE,37.500,1.320888,3.7467
"('TANK', 'TANK', 'VOLATILE', 'SAFE', 'FULL', 'NORMAL', 'SLOWER', 'MEC_USED', 'CLEAN', 'CLEAN', 'NEUTRAL', 'NEUTRAL', 'SET', 'CLEAR', 'BRAWL', 'BANCO_OFF')",8,6,9,66.667,ATTACK_TECH,25.000,1.732868,5.6569
"('TANK', 'TANK', 'NEUTRAL', 'DANGER', 'SAFE', 'NORMAL', 'SLOWER', 'MEC_USED', 'AFFLICTED', 'CLEAN', 'DEBUFF', 'NEUTRAL', 'SET', 'SET', 'RECOVERING', 'BANCO_VAZIO')",8,8,12,66.667,ATTACK_STRONG,12.500,2.079442,8.0000
"('SWEEPER', 'SWEEPER', 'VOLATILE', 'FULL', 'FULL', 'NORMAL', 'FASTER', 'MEC_USED', 'CLEAN', 'CLEAN', 'NEUTRAL', 'DEBUFF', 'CLEAR', 'CLEAR', 'OPENING', 'BANCO_AMBOS')",8,5,6,83.333,ATTACK_STRONG,25.000,1.559581,4.7568
"('TANK', 'TANK', 'NEUTRAL', 'SAFE', 'DANGER', 'NORMAL', 'SLOWER', 'MEC_USED', 'CLEAN', 'CLEAN', 'NEUTRAL', 'NEUTRAL', 'CLEAR', 'SET', 'CLUTCH', 'BANCO_VAZIO')",8,2,11,18.182,CLEAN_HAZARD,62.500,0.661563,1.9378
"('TANK', 'TANK', 'NEUTRAL', 'SAFE', 'CRIT', 'NORMAL', 'SLOWER', 'MEC_USED', 'CLEAN', 'CLEAN', 'NEUTRAL', 'NEUTRAL', 'CLEAR', 'SET', 'CLUTCH', 'BANCO_VAZIO')",8,4,9,44.444,HEAL,37.500,1.320888,3.7467
"('TANK', 'TANK', 'OFFENSIVE_ADV', 'DANGER', 'SAFE', 'NORMAL', 'FASTER', 'MEC_USED', 'CLEAN', 'CLEAN', 'NEUTRAL', 'NEUTRAL', 'SET', 'CLEAR', 'BRAWL', 'BANCO_OFF')",8,7,10,70.000,SWITCH_OFFENSIVE,25.000,1.906155,6.7272
"('SWEEPER', 'TANK', 'OFFENSIVE_ADV', 'FULL', 'FULL', 'FIELD_OURS_OFF', 'FASTER', 'MEC_AVAIL', 'CLEAN', 'CLEAN', 'NEUTRAL', 'NEUTRAL', 'CLEAR', 'CLEAR', 'OPENING', 'BANCO_AMBOS')",8,5,14,35.714,BUFF_MEC,37.500,1.494175,4.4557
"('TANK', 'TANK', 'NEUTRAL', 'DANGER', 'SAFE', 'NORMAL', 'FASTER', 'MEC_USED', 'CLEAN', 'CLEAN', 'NEUTRAL', 'NEUTRAL', 'CLEAR', 'SET', 'OPENING', 'BANCO_OFF')",8,6,11,54.545,PHAZE,25.000,1.732868,5.6569
"('SWEEPER', 'TANK', 'OFFENSIVE_ADV', 'CRIT', 'FULL', 'NORMAL', 'FASTER', 'MEC_USED', 'CLEAN', 'CLEAN', 'NEUTRAL', 'NEUTRAL', 'CLEAR', 'CLEAR', 'OPENING', 'BANCO_OFF')",8,5,8,62.500,ATTACK_STRONG,25.000,1.559581,4.7568
"('TANK', 'TANK', 'OFFENSIVE_ADV', 'SAFE', 'FULL', 'NORMAL', 'SLOWER', 'MEC_USED', 'CLEAN', 'CLEAN', 'NEUTRAL', 'NEUTRAL', 'SET', 'CLEAR', 'OPENING', 'BANCO_VAZIO')",8,6,11,54.545,ATTACK_STRONG,25.000,1.732868,5.6569
"('TANK', 'TANK', 'DOMINANT', 'FULL', 'FULL', 'NORMAL', 'FASTER', 'MEC_USED', 'CLEAN', 'CLEAN', 'NEUTRAL', 'NEUTRAL', 'SET', 'CLEAR', 'OPENING', 'BANCO_VAZIO')",8,6,9,66.667,ATTACK_STRONG,25.000,1.732868,5.6569
"('UTILITY', 'TANK', 'DOMINANT', 'SAFE', 'FULL', 'FIELD_THEIRS', 'FASTER', 'MEC_USED', 'CLEAN', 'CLEAN', 'NEUTRAL', 'NEUTRAL', 'CLEAR', 'CLEAR', 'OPENING', 'BANCO_OFF')",8,4,6,66.667,ATTACK_STRONG,37.500,1.320888,3.7467
"('SWEEPER', 'TANK', 'VOLATILE', 'SAFE', 'FULL', 'NORMAL', 'FASTER', 'MEC_USED', 'CLEAN', 'CLEAN', 'NEUTRAL', 'NEUTRAL', 'CLEAR', 'CLEAR', 'OPENING', 'BANCO_AMBOS')",8,7,8,87.500,SWITCH_DEFENSIVE,25.000,1.906155,6.7272
"('TANK', 'TANK', 'VOLATILE', 'FULL', 'FULL', 'FIELD_OURS_OFF', 'FASTER', 'MEC_USED', 'CLEAN', 'CLEAN', 'NEUTRAL', 'NEUTRAL', 'SET', 'CLEAR', 'OPENING', 'BANCO_OFF')",8,5,8,62.500,STATUS,25.000,1.559581,4.7568
"('TANK', 'TANK', 'NEUTRAL', 'FULL', 'SAFE', 'FIELD_SHARED', 'SLOWER', 'MEC_USED', 'CLEAN', 'CLEAN', 'NEUTRAL', 'NEUTRAL', 'CLEAR', 'CLEAR', 'RECOVERING', 'BANCO_VAZIO')",8,4,12,33.333,ATTACK_PIVOT,37.500,1.255482,3.5095
"('TANK', 'TANK', 'OFFENSIVE_ADV', 'FULL', 'FULL', 'NORMAL', 'SLOWER', 'MEC_USED', 'CLEAN', 'CLEAN', 'NEUTRAL', 'NEUTRAL', 'SET', 'SET', 'BRAWL', 'BANCO_OFF')",8,2,8,25.000,ATTACK_STRONG,87.500,0.376770,1.4576
"('TANK', 'TANK', 'OFFENSIVE_ADV', 'SAFE', 'FULL', 'FIELD_SHARED', 'FASTER', 'MEC_USED', 'CLEAN', 'CLEAN', 'NEUTRAL', 'NEUTRAL', 'CLEAR', 'CLEAR', 'BRAWL', 'BANCO_OFF')",8,6,9,66.667,ATTACK_TECH,25.000,1.732868,5.6569
"('TANK', 'TANK', 'NEUTRAL', 'SAFE', 'CRIT', 'NORMAL', 'FASTER', 'MEC_USED', 'AFFLICTED', 'CLEAN', 'NEUTRAL', 'NEUTRAL', 'CLEAR', 'CLEAR', 'RECOVERING', 'BANCO_VAZIO')",8,4,10,40.000,SWITCH_OFFENSIVE,37.500,1.320888,3.7467
"('TANK', 'TANK', 'OFFENSIVE_DIS', 'DANGER', 'DANGER', 'NORMAL', 'SLOWER', 'MEC_USED', 'CLEAN', 'CLEAN', 'NEUTRAL', 'NEUTRAL', 'CLEAR', 'CLEAR', 'OPENING', 'BANCO_OFF')",8,4,10,40.000,ATTACK_PIVOT,62.500,1.073543,2.9257
"('TANK', 'TANK', 'NEUTRAL', 'FULL', 'SAFE', 'NORMAL', 'SLOWER', 'MEC_USED', 'CLEAN', 'AFFLICTED', 'NEUTRAL', 'DEBUFF', 'SET', 'SET', 'RECOVERING', 'BANCO_VAZIO')",8,3,4,75.000,ATTACK_STRONG,37.500,1.082196,2.9512
"('UTILITY', 'SWEEPER', 'NEUTRAL', 'SAFE', 'FULL', 'FIELD_OURS_OFF', 'FASTER', 'MEC_USED', 'CLEAN', 'CLEAN', 'NEUTRAL', 'NEUTRAL', 'CLEAR', 'CLEAR', 'OPENING', 'BANCO_OFF')",8,6,8,75.000,FIELD_CONTROL,25.000,1.732868,5.6569
"('SWEEPER', 'TANK', 'OFFENSIVE_ADV', 'SAFE', 'FULL', 'FIELD_SHARED', 'FASTER', 'MEC_USED', 'CLEAN', 'CLEAN', 'NEUTRAL', 'NEUTRAL', 'CLEAR', 'CLEAR', 'OPENING', 'BANCO_AMBOS')",8,5,7,71.429,HEAL,50.000,1.386294,4.0000
"('TANK', 'TANK', 'NEUTRAL', 'FULL', 'SAFE', 'NORMAL', 'FASTER', 'MEC_USED', 'CLEAN', 'CLEAN', 'NEUTRAL', 'NEUTRAL', 'CLEAR', 'SET', 'RECOVERING', 'BANCO_VAZIO')",8,6,10,60.000,ATTACK_STRONG,37.500,1.667462,5.2987
"('TANK', 'TANK', 'OFFENSIVE_ADV', 'SAFE', 'DANGER', 'NORMAL', 'SLOWER', 'MEC_USED', 'CLEAN', 'CLEAN', 'NEUTRAL', 'NEUTRAL', 'CLEAR', 'CLEAR', 'RECOVERING', 'BANCO_VAZIO')",8,3,11,27.273,ATTACK_STRONG,62.500,0.900256,2.4602
"('SWEEPER', 'TANK', 'NEUTRAL', 'FULL', 'FULL', 'NORMAL', 'FASTER', 'MEC_USED', 'CLEAN', 'CLEAN', 'NEUTRAL', 'NEUTRAL', 'CLEAR', 'CLEAR', 'BRAWL', 'BANCO_AMBOS')",8,5,8,62.500,HEAL,25.000,1.559581,4.7568
"('TANK', 'TANK', 'OFFENSIVE_DIS', 'SAFE', 'FULL', 'NORMAL', 'FASTER', 'MEC_USED', 'CLEAN', 'CLEAN', 'NEUTRAL', 'NEUTRAL', 'SET', 'SET', 'OPENING', 'BANCO_AMBOS')",8,3,12,25.000,ATTACK_TECH,62.500,0.900256,2.4602
"('TANK', 'SWEEPER', 'DEFENSIVE_DIS', 'SAFE', 'SAFE', 'NORMAL', 'SLOWER', 'MEC_USED', 'CLEAN', 'CLEAN', 'NEUTRAL', 'NEUTRAL', 'CLEAR', 'SET', 'BRAWL', 'BANCO_OFF')",8,6,10,60.000,ATTACK_STRONG,25.000,1.732868,5.6569
"('TANK', 'TANK', 'OFFENSIVE_DIS', 'CRIT', 'SAFE', 'NORMAL', 'FASTER', 'MEC_USED', 'CLEAN', 'CLEAN', 'NEUTRAL', 'NEUTRAL', 'CLEAR', 'CLEAR', 'OPENING', 'BANCO_OFF')",8,4,11,36.364,HEAL,37.500,1.320888,3.7467
"('TANK', 'TANK', 'CRITICAL_DIS', 'SAFE', 'FULL', 'NORMAL', 'FASTER', 'MEC_USED', 'CLEAN', 'CLEAN', 'NEUTRAL', 'NEUTRAL', 'SET', 'CLEAR', 'BRAWL', 'BANCO_OFF')",8,4,10,40.000,HEAL,37.500,1.255482,3.5095
"('TANK', 'TANK', 'NEUTRAL', 'FULL', 'FULL', 'NORMAL', 'FASTER', 'MEC_USED', 'AFFLICTED', 'CLEAN', 'NEUTRAL', 'NEUTRAL', 'CLEAR', 'CLEAR', 'OPENING', 'BANCO_DEF')",8,5,10,50.000,CLEAN_HAZARD,37.500,1.494175,4.4557
"('TANK', 'SWEEPER', 'DEFENSIVE_DIS', 'SAFE', 'FULL', 'FIELD_THEIRS', 'SLOWER', 'MEC_USED', 'CLEAN', 'CLEAN', 'NEUTRAL', 'NEUTRAL', 'CLEAR', 'CLEAR', 'OPENING', 'BANCO_OFF')",8,6,10,60.000,SWITCH_DEFENSIVE,37.500,1.667462,5.2987
"('TANK', 'TANK', 'NEUTRAL', 'DANGER', 'SAFE', 'NORMAL', 'SLOWER', 'MEC_USED', 'CLEAN', 'CLEAN', 'NEUTRAL', 'NEUTRAL', 'SET', 'CLEAR', 'BRAWL', 'BANCO_OFF')",8,5,13,38.462,ATTACK_TECH,37.500,1.494175,4.4557
"('TANK', 'TANK', 'DEFENSIVE_DIS', 'SAFE', 'DANGER', 'NORMAL', 'SLOWER', 'MEC_USED', 'CLEAN', 'CLEAN', 'NEUTRAL', 'NEUTRAL', 'SET', 'CLEAR', 'RECOVERING', 'BANCO_VAZIO')",8,3,9,33.333,HEAL,62.500,0.900256,2.4602
"('TANK', 'TANK', 'NEUTRAL', 'DANGER', 'CRIT', 'NORMAL', 'FASTER', 'MEC_USED', 'CLEAN', 'CLEAN', 'NEUTRAL', 'NEUTRAL', 'CLEAR', 'CLEAR', 'OPENING', 'BANCO_OFF')",8,6,10,60.000,ATTACK_STRONG,37.500,1.667462,5.2987
"('TANK', 'TANK', 'DOMINANT', 'SAFE', 'FULL', 'NORMAL', 'SLOWER', 'MEC_USED', 'CLEAN', 'CLEAN', 'NEUTRAL', 'NEUTRAL', 'SET', 'CLEAR', 'OPENING', 'BANCO_OFF')",8,5,9,55.556,ATTACK_STRONG,25.000,1.559581,4.7568
"('TANK', 'UTILITY', 'NEUTRAL', 'SAFE', 'SAFE', 'FIELD_SHARED', 'SLOWER', 'MEC_USED', 'CLEAN', 'CLEAN', 'NEUTRAL', 'NEUTRAL', 'CLEAR', 'CLEAR', 'OPENING', 'BANCO_OFF')",8,6,12,50.000,CLEAN_HAZARD,25.000,1.732868,5.6569
"('TANK', 'SWEEPER', 'DEFENSIVE_DIS', 'SAFE', 'FULL', 'NORMAL', 'SLOWER', 'MEC_USED', 'CLEAN', 'CLEAN', 'NEUTRAL', 'NEUTRAL', 'CLEAR', 'CLEAR', 'BRAWL', 'BANCO_OFF')",8,4,11,36.364,BUFF,25.000,1.386294,4.0000
"('TANK', 'SWEEPER', 'NEUTRAL', 'SAFE', 'SAFE', 'NORMAL', 'SLOWER', 'MEC_USED', 'CLEAN', 'CLEAN', 'NEUTRAL', 'NEUTRAL', 'SET', 'CLEAR', 'OPENING', 'BANCO_OFF')",8,5,11,45.455,SWITCH_OFFENSIVE,37.500,1.494175,4.4557
"('TANK', 'TANK', 'NEUTRAL', 'SAFE', 'SAFE', 'NORMAL', 'FASTER', 'MEC_USED', 'CLEAN', 'CLEAN', 'NEUTRAL', 'NEUTRAL', 'CLEAR', 'SET', 'BRAWL', 'BANCO_VAZIO')",8,6,12,50.000,BUFF,25.000,1.732868,5.6569
"('TANK', 'SWEEPER', 'VOLATILE', 'FULL', 'FULL', 'FIELD_OURS_DEF', 'SLOWER', 'MEC_USED', 'CLEAN', 'CLEAN', 'NEUTRAL', 'NEUTRAL', 'CLEAR', 'CLEAR', 'OPENING', 'BANCO_VAZIO')",8,1,3,33.333,ATTACK_STRONG,100.000,-0.000000,1.0000
"('TANK', 'TANK', 'NEUTRAL', 'SAFE', 'SAFE', 'NORMAL', 'SLOWER', 'MEC_USED', 'CLEAN', 'CLEAN', 'NEUTRAL', 'NEUTRAL', 'SET', 'CLEAR', 'DOMINATING', 'BANCO_OFF')",8,1,11,9.091,SWITCH_OFFENSIVE,100.000,-0.000000,1.0000
"('TANK', 'SWEEPER', 'NEUTRAL', 'SAFE', 'FULL', 'NORMAL', 'SLOWER', 'MEC_USED', 'CLEAN', 'CLEAN', 'NEUTRAL', 'NEUTRAL', 'SET', 'CLEAR', 'OPENING', 'BANCO_OFF')",8,5,10,50.000,ATTACK_STRONG,25.000,1.559581,4.7568
"('SWEEPER', 'TANK', 'NEUTRAL', 'FULL', 'SAFE', 'NORMAL', 'FASTER', 'MEC_USED', 'CLEAN', 'CLEAN', 'NEUTRAL', 'DEBUFF', 'CLEAR', 'CLEAR', 'OPENING', 'BANCO_OFF')",8,6,8,75.000,ATTACK_STRONG,25.000,1.732868,5.6569
"('TANK', 'TANK', 'NEUTRAL', 'SAFE', 'SAFE', 'NORMAL', 'SLOWER', 'MEC_USED', 'AFFLICTED', 'CLEAN', 'DEBUFF', 'NEUTRAL', 'CLEAR', 'CLEAR', 'RECOVERING', 'BANCO_VAZIO')",8,5,10,50.000,CLEAN_HAZARD,37.500,1.494175,4.4557
"('TANK', 'UTILITY', 'OFFENSIVE_ADV', 'FULL', 'FULL', 'NORMAL', 'SLOWER', 'MEC_USED', 'CLEAN', 'CLEAN', 'NEUTRAL', 'NEUTRAL', 'CLEAR', 'CLEAR', 'BRAWL', 'BANCO_OFF')",8,7,11,63.636,BUFF,25.000,1.906155,6.7272
"('TANK', 'TANK', 'OFFENSIVE_DIS', 'SAFE', 'DANGER', 'NORMAL', 'SLOWER', 'MEC_USED', 'CLEAN', 'CLEAN', 'NEUTRAL', 'NEUTRAL', 'SET', 'CLEAR', 'OPENING', 'BANCO_OFF')",8,6,10,60.000,ATTACK_STRONG,25.000,1.732868,5.6569
"('UTILITY', 'SWEEPER', 'DOMINANT', 'FULL', 'FULL', 'NORMAL', 'SLOWER', 'MEC_AVAIL', 'CLEAN', 'CLEAN', 'NEUTRAL', 'NEUTRAL', 'CLEAR', 'CLEAR', 'OPENING', 'BANCO_OFF')",8,4,4,100.000,SWITCH_DEFENSIVE,37.500,1.320888,3.7467
"('TANK', 'TANK', 'VOLATILE', 'SAFE', 'SAFE', 'NORMAL', 'FASTER', 'MEC_USED', 'CLEAN', 'CLEAN', 'NEUTRAL', 'NEUTRAL', 'CLEAR', 'SET', 'OPENING', 'BANCO_OFF')",8,2,10,20.000,ATTACK_STRONG,87.500,0.376770,1.4576
"('TANK', 'TANK', 'DEFENSIVE_DIS', 'FULL', 'SAFE', 'NORMAL', 'SLOWER', 'MEC_USED', 'CLEAN', 'CLEAN', 'NEUTRAL', 'NEUTRAL', 'SET', 'SET', 'CLUTCH', 'BANCO_VAZIO')",8,4,12,33.333,ATTACK_TECH,50.000,1.213008,3.3636
"('TANK', 'SWEEPER', 'DEFENSIVE_DIS', 'FULL', 'SAFE', 'FIELD_THEIRS', 'SLOWER', 'MEC_USED', 'CLEAN', 'CLEAN', 'NEUTRAL', 'NEUTRAL', 'CLEAR', 'CLEAR', 'OPENING', 'BANCO_OFF')",8,3,9,33.333,SWITCH_OFFENSIVE,75.000,0.735622,2.0868
"('TANK', 'TANK', 'NEUTRAL', 'FULL', 'FULL', 'NORMAL', 'SLOWER', 'MEC_USED', 'CLEAN', 'CLEAN', 'NEUTRAL', 'NEUTRAL', 'CLEAR', 'SET', 'OPENING', 'BANCO_VAZIO')",8,4,9,44.444,HAZARD,50.000,1.213008,3.3636
"('TANK', 'TANK', 'STALEMATE', 'FULL', 'FULL', 'NORMAL', 'SLOWER', 'MEC_USED', 'CLEAN', 'CLEAN', 'NEUTRAL', 'NEUTRAL', 'CLEAR', 'CLEAR', 'OPENING', 'BANCO_VAZIO')",8,6,12,50.000,BUFF,37.500,1.667462,5.2987
"('SWEEPER', 'TANK', 'DEFENSIVE_DIS', 'FULL', 'FULL', 'NORMAL', 'FASTER', 'MEC_USED', 'CLEAN', 'CLEAN', 'NEUTRAL', 'NEUTRAL', 'CLEAR', 'CLEAR', 'RECOVERING', 'BANCO_VAZIO')",8,7,8,87.500,ATTACK_TECH,25.000,1.906155,6.7272
"('TANK', 'TANK', 'OFFENSIVE_ADV', 'SAFE', 'FULL', 'FIELD_SHARED', 'SLOWER', 'MEC_USED', 'CLEAN', 'CLEAN', 'NEUTRAL', 'NEUTRAL', 'CLEAR', 'CLEAR', 'OPENING', 'BANCO_AMBOS')",8,7,11,63.636,SWITCH_DEFENSIVE,25.000,1.906155,6.7272
"('UTILITY', 'TANK', 'DOMINANT', 'SAFE', 'FULL', 'NORMAL', 'FASTER', 'MEC_USED', 'CLEAN', 'CLEAN', 'NEUTRAL', 'NEUTRAL', 'SET', 'CLEAR', 'OPENING', 'BANCO_OFF')",8,4,4,100.000,ATTACK_PIVOT,50.000,1.213008,3.3636
"('TANK', 'TANK', 'DEFENSIVE_DIS', 'FULL', 'FULL', 'NORMAL', 'SLOWER', 'MEC_USED', 'CLEAN', 'CLEAN', 'NEUTRAL', 'NEUTRAL', 'SET', 'SET', 'RECOVERING', 'BANCO_VAZIO')",8,3,11,27.273,ATTACK_STRONG,37.500,1.082196,2.9512
"('SWEEPER', 'TANK', 'OFFENSIVE_ADV', 'SAFE', 'FULL', 'FIELD_THEIRS', 'FASTER', 'MEC_USED', 'CLEAN', 'CLEAN', 'NEUTRAL', 'NEUTRAL', 'CLEAR', 'CLEAR', 'OPENING', 'BANCO_OFF')",8,5,8,62.500,ATTACK_STRONG,25.000,1.559581,4.7568
"('TANK', 'TANK', 'OFFENSIVE_ADV', 'SAFE', 'FULL', 'NORMAL', 'FASTER', 'MEC_USED', 'CLEAN', 'CLEAN', 'NEUTRAL', 'NEUTRAL', 'SET', 'CLEAR', 'RECOVERING', 'BANCO_VAZIO')",8,5,8,62.500,ATTACK_STRONG,37.500,1.494175,4.4557
"('TANK', 'TANK', 'OFFENSIVE_DIS', 'FULL', 'FULL', 'NORMAL', 'FASTER', 'MEC_USED', 'CLEAN', 'CLEAN', 'NEUTRAL', 'NEUTRAL', 'CLEAR', 'SET', 'OPENING', 'BANCO_OFF')",8,5,10,50.000,SWITCH_OFFENSIVE,37.500,1.494175,4.4557
"('TANK', 'TANK', 'OFFENSIVE_DIS', 'SAFE', 'SAFE', 'NORMAL', 'SLOWER', 'MEC_USED', 'CLEAN', 'CLEAN', 'NEUTRAL', 'NEUTRAL', 'SET', 'CLEAR', 'BRAWL', 'BANCO_VAZIO')",8,5,10,50.000,STATUS,50.000,1.386294,4.0000
"('TANK', 'TANK', 'DEFENSIVE_DIS', 'FULL', 'SAFE', 'NORMAL', 'FASTER', 'MEC_USED', 'CLEAN', 'CLEAN', 'NEUTRAL', 'NEUTRAL', 'SET', 'CLEAR', 'OPENING', 'BANCO_VAZIO')",8,5,9,55.556,HEAL,50.000,1.386294,4.0000
"('TANK', 'TANK', 'DEFENSIVE_ADV', 'FULL', 'FULL', 'FIELD_THEIRS', 'FASTER', 'MEC_USED', 'CLEAN', 'CLEAN', 'NEUTRAL', 'NEUTRAL', 'CLEAR', 'CLEAR', 'OPENING', 'BANCO_AMBOS')",8,7,10,70.000,HEAL,25.000,1.906155,6.7272
"('TANK', 'TANK', 'NEUTRAL', 'FULL', 'SAFE', 'FIELD_OURS_OFF', 'FASTER', 'MEC_USED', 'CLEAN', 'CLEAN', 'NEUTRAL', 'NEUTRAL', 'SET', 'CLEAR', 'OPENING', 'BANCO_AMBOS')",8,4,10,40.000,CLEAN_HAZARD,37.500,1.320888,3.7467
"('TANK', 'SWEEPER', 'DEFENSIVE_DIS', 'FULL', 'FULL', 'NORMAL', 'FASTER', 'MEC_USED', 'CLEAN', 'CLEAN', 'BUFFED', 'NEUTRAL', 'CLEAR', 'CLEAR', 'OPENING', 'BANCO_AMBOS')",8,3,6,50.000,ATTACK_PIVOT,62.500,0.900256,2.4602
"('TANK', 'TANK', 'OFFENSIVE_ADV', 'SAFE', 'SAFE', 'NORMAL', 'SLOWER', 'MEC_USED', 'CLEAN', 'CLEAN', 'NEUTRAL', 'NEUTRAL', 'SET', 'SET', 'BRAWL', 'BANCO_OFF')",8,5,13,38.462,HEAL,37.500,1.494175,4.4557
"('TANK', 'TANK', 'DEFENSIVE_DIS', 'SAFE', 'FULL', 'FIELD_SHARED', 'FASTER', 'MEC_USED', 'CLEAN', 'CLEAN', 'NEUTRAL', 'NEUTRAL', 'CLEAR', 'CLEAR', 'OPENING', 'BANCO_VAZIO')",8,4,10,40.000,SWITCH_DEFENSIVE,62.500,1.073543,2.9257
"('TANK', 'SWEEPER', 'OFFENSIVE_DIS', 'SAFE', 'CRIT', 'NORMAL', 'SLOWER', 'MEC_USED', 'CLEAN', 'CLEAN', 'NEUTRAL', 'NEUTRAL', 'CLEAR', 'CLEAR', 'OPENING', 'BANCO_OFF')",8,6,10,60.000,ATTACK_TECH,25.000,1.732868,5.6569
"('TANK', 'UTILITY', 'VOLATILE', 'FULL', 'FULL', 'FIELD_OURS_DEF', 'SLOWER', 'MEC_USED', 'CLEAN', 'CLEAN', 'NEUTRAL', 'NEUTRAL', 'CLEAR', 'CLEAR', 'OPENING', 'BANCO_OFF')",8,3,3,100.000,SWITCH_DEFENSIVE,62.500,0.900256,2.4602
"('TANK', 'TANK', 'OFFENSIVE_DIS', 'FULL', 'FULL', 'NORMAL', 'FASTER', 'MEC_AVAIL', 'CLEAN', 'CLEAN', 'NEUTRAL', 'NEUTRAL', 'CLEAR', 'CLEAR', 'OPENING', 'BANCO_OFF')",8,2,12,16.667,ATTACK_STRONG_MEC,87.500,0.376770,1.4576
"('TANK', 'TANK', 'OFFENSIVE_ADV', 'SAFE', 'SAFE', 'NORMAL', 'FASTER', 'MEC_USED', 'CLEAN', 'CLEAN', 'NEUTRAL', 'NEUTRAL', 'SET', 'SET', 'BRAWL', 'BANCO_OFF')",8,2,10,20.000,ATTACK_STRONG,87.500,0.376770,1.4576
"('TANK', 'TANK', 'DEFENSIVE_DIS', 'SAFE', 'SAFE', 'NORMAL', 'SLOWER', 'MEC_USED', 'CLEAN', 'CLEAN', 'NEUTRAL', 'NEUTRAL', 'SET', 'SET', 'OPENING', 'BANCO_OFF')",8,4,11,36.364,SWITCH_OFFENSIVE,37.500,1.320888,3.7467
"('TANK', 'TANK', 'DEFENSIVE_DIS', 'FULL', 'SAFE', 'FIELD_OURS_OFF', 'FASTER', 'MEC_USED', 'CLEAN', 'CLEAN', 'NEUTRAL', 'NEUTRAL', 'CLEAR', 'CLEAR', 'OPENING', 'BANCO_AMBOS')",8,7,9,77.778,ATTACK_TECH,25.000,1.906155,6.7272
"('UTILITY', 'UTILITY', 'NEUTRAL', 'FULL', 'FULL', 'FIELD_OURS_OFF', 'FASTER', 'MEC_AVAIL', 'CLEAN', 'CLEAN', 'NEUTRAL', 'NEUTRAL', 'CLEAR', 'CLEAR', 'OPENING', 'BANCO_AMBOS')",8,1,6,16.667,ATTACK_STRONG_MEC,100.000,-0.000000,1.0000
"('SWEEPER', 'TANK', 'DEFENSIVE_DIS', 'SAFE', 'FULL', 'FIELD_OURS_OFF', 'FASTER', 'MEC_USED', 'CLEAN', 'CLEAN', 'NEUTRAL', 'NEUTRAL', 'CLEAR', 'CLEAR', 'OPENING', 'BANCO_OFF')",8,5,7,71.429,SWITCH_DEFENSIVE,37.500,1.494175,4.4557
"('TANK', 'TANK', 'CRITICAL_DIS', 'SAFE', 'SAFE', 'NORMAL', 'FASTER', 'MEC_USED', 'CLEAN', 'CLEAN', 'NEUTRAL', 'NEUTRAL', 'CLEAR', 'CLEAR', 'OPENING', 'BANCO_AMBOS')",8,2,10,20.000,SWITCH_OFFENSIVE,75.000,0.562335,1.7548
"('TANK', 'TANK', 'OFFENSIVE_ADV', 'SAFE', 'DANGER', 'FIELD_SHARED', 'FASTER', 'MEC_USED', 'CLEAN', 'CLEAN', 'NEUTRAL', 'NEUTRAL', 'CLEAR', 'CLEAR', 'OPENING', 'BANCO_OFF')",8,4,9,44.444,HEAL,37.500,1.320888,3.7467
"('UTILITY', 'UTILITY', 'NEUTRAL', 'FULL', 'SAFE', 'FIELD_THEIRS', 'SLOWER', 'MEC_USED', 'AFFLICTED', 'CLEAN', 'DEBUFF', 'DEBUFF', 'SET', 'SET', 'CLUTCH', 'BANCO_VAZIO')",8,1,1,100.000,HAZARD,100.000,-0.000000,1.0000
"('TANK', 'TANK', 'NEUTRAL', 'FULL', 'SAFE', 'NORMAL', 'FASTER', 'MEC_USED', 'AFFLICTED', 'CLEAN', 'DEBUFF', 'NEUTRAL', 'SET', 'SET', 'CLUTCH', 'BANCO_VAZIO')",8,2,10,20.000,ATTACK_STRONG,87.500,0.376770,1.4576
"('TANK', 'TANK', 'OFFENSIVE_DIS', 'FULL', 'DANGER', 'NORMAL', 'FASTER', 'MEC_USED', 'AFFLICTED', 'AFFLICTED', 'NEUTRAL', 'DEBUFF', 'SET', 'SET', 'CLUTCH', 'BANCO_VAZIO')",8,1,2,50.000,STATUS,100.000,-0.000000,1.0000
"('TANK', 'TANK', 'VOLATILE', 'CRIT', 'FULL', 'NORMAL', 'FASTER', 'MEC_USED', 'CLEAN', 'CLEAN', 'NEUTRAL', 'NEUTRAL', 'CLEAR', 'CLEAR', 'OPENING', 'BANCO_AMBOS')",8,2,6,33.333,SWITCH_DEFENSIVE,87.500,0.376770,1.4576
"('TANK', 'TANK', 'DEFENSIVE_DIS', 'DANGER', 'FULL', 'NORMAL', 'FASTER', 'MEC_USED', 'CLEAN', 'CLEAN', 'NEUTRAL', 'NEUTRAL', 'CLEAR', 'CLEAR', 'BRAWL', 'BANCO_OFF')",8,4,9,44.444,ATTACK_TECH,37.500,1.255482,3.5095
"('TANK', 'TANK', 'DEFENSIVE_DIS', 'CRIT', 'FULL', 'NORMAL', 'FASTER', 'MEC_USED', 'CLEAN', 'CLEAN', 'NEUTRAL', 'NEUTRAL', 'SET', 'CLEAR', 'OPENING', 'BANCO_OFF')",8,3,12,25.000,PROTECT,50.000,1.039721,2.8284
"('TANK', 'TANK', 'DOMINANT', 'SAFE', 'SAFE', 'NORMAL', 'SLOWER', 'MEC_USED', 'CLEAN', 'CLEAN', 'NEUTRAL', 'NEUTRAL', 'CLEAR', 'CLEAR', 'OPENING', 'BANCO_AMBOS')",8,6,12,50.000,CLEAN_HAZARD,37.500,1.667462,5.2987
"('TANK', 'TANK', 'OFFENSIVE_DIS', 'FULL', 'SAFE', 'NORMAL', 'FASTER', 'MEC_USED', 'CLEAN', 'CLEAN', 'NEUTRAL', 'NEUTRAL', 'SET', 'SET', 'OPENING', 'BANCO_OFF')",8,4,8,50.000,STATUS,50.000,1.213008,3.3636
"('TANK', 'TANK', 'CRITICAL_DIS', 'CRIT', 'FULL', 'NORMAL', 'SLOWER', 'MEC_USED', 'CLEAN', 'CLEAN', 'NEUTRAL', 'NEUTRAL', 'CLEAR', 'CLEAR', 'OPENING', 'BANCO_AMBOS')",8,5,11,45.455,PROTECT,50.000,1.386294,4.0000
"('TANK', 'TANK', 'NEUTRAL', 'FULL', 'FULL', 'FIELD_THEIRS', 'FASTER', 'MEC_AVAIL', 'CLEAN', 'CLEAN', 'NEUTRAL', 'NEUTRAL', 'CLEAR', 'CLEAR', 'OPENING', 'BANCO_VAZIO')",8,7,16,43.750,HEAL_MEC,25.000,1.906155,6.7272
"('TANK', 'TANK', 'NEUTRAL', 'SAFE', 'DANGER', 'NORMAL', 'FASTER', 'MEC_USED', 'CLEAN', 'CLEAN', 'NEUTRAL', 'NEUTRAL', 'SET', 'SET', 'BRAWL', 'BANCO_VAZIO')",8,3,9,33.333,ATTACK_TECH,37.500,1.082196,2.9512
"('TANK', 'TANK', 'NEUTRAL', 'DANGER', 'FULL', 'NORMAL', 'SLOWER', 'MEC_USED', 'CLEAN', 'CLEAN', 'NEUTRAL', 'NEUTRAL', 'CLEAR', 'CLEAR', 'BRAWL', 'BANCO_AMBOS')",8,5,11,45.455,ATTACK_TECH,50.000,1.386294,4.0000
"('UTILITY', 'TANK', 'NEUTRAL', 'FULL', 'FULL', 'NORMAL', 'SLOWER', 'MEC_USED', 'CLEAN', 'CLEAN', 'NEUTRAL', 'NEUTRAL', 'CLEAR', 'CLEAR', 'OPENING', 'BANCO_DEF')",8,4,5,80.000,SWITCH_DEFENSIVE,37.500,1.320888,3.7467
"('TANK', 'TANK', 'NEUTRAL', 'SAFE', 'SAFE', 'NORMAL', 'FASTER', 'MEC_USED', 'CLEAN', 'CLEAN', 'NEUTRAL', 'NEUTRAL', 'CLEAR', 'SET', 'BRAWL', 'BANCO_OFF')",8,4,12,33.333,ATTACK_STRONG,62.500,1.073543,2.9257
"('TANK', 'SWEEPER', 'OFFENSIVE_DIS', 'DANGER', 'SAFE', 'NORMAL', 'SLOWER', 'MEC_USED', 'CLEAN', 'CLEAN', 'NEUTRAL', 'NEUTRAL', 'CLEAR', 'CLEAR', 'BRAWL', 'BANCO_OFF')",8,3,11,27.273,HEAL,62.500,0.900256,2.4602
"('TANK', 'TANK', 'DEFENSIVE_DIS', 'DANGER', 'FULL', 'NORMAL', 'SLOWER', 'MEC_USED', 'CLEAN', 'CLEAN', 'NEUTRAL', 'NEUTRAL', 'SET', 'CLEAR', 'OPENING', 'BANCO_OFF')",8,4,9,44.444,STAT_CLEAN,62.500,1.073543,2.9257
"('SWEEPER', 'TANK', 'NEUTRAL', 'FULL', 'FULL', 'NORMAL', 'FASTER', 'MEC_AVAIL', 'CLEAN', 'CLEAN', 'NEUTRAL', 'NEUTRAL', 'CLEAR', 'CLEAR', 'OPENING', 'BANCO_OFF')",8,6,12,50.000,ATTACK_PIVOT,25.000,1.732868,5.6569
"('TANK', 'TANK', 'NEUTRAL', 'FULL', 'CRIT', 'NORMAL', 'SLOWER', 'MEC_USED', 'CLEAN', 'CLEAN', 'NEUTRAL', 'NEUTRAL', 'SET', 'CLEAR', 'OPENING', 'BANCO_OFF')",8,6,9,66.667,ATTACK_TECH,37.500,1.667462,5.2987
"('TANK', 'TANK', 'NEUTRAL', 'SAFE', 'SAFE', 'FIELD_THEIRS', 'FASTER', 'MEC_USED', 'CLEAN', 'CLEAN', 'NEUTRAL', 'NEUTRAL', 'CLEAR', 'CLEAR', 'OPENING', 'BANCO_OFF')",8,4,10,40.000,ATTACK_TECH,37.500,1.320888,3.7467
"('TANK', 'TANK', 'NEUTRAL', 'SAFE', 'DANGER', 'NORMAL', 'SLOWER', 'MEC_USED', 'CLEAN', 'CLEAN', 'NEUTRAL', 'NEUTRAL', 'SET', 'SET', 'CLUTCH', 'BANCO_VAZIO')",8,2,10,20.000,ATTACK_STRONG,87.500,0.376770,1.4576
"('TANK', 'TANK', 'DEFENSIVE_DIS', 'CRIT', 'FULL', 'NORMAL', 'FASTER', 'MEC_USED', 'CLEAN', 'CLEAN', 'BUFFED', 'NEUTRAL', 'CLEAR', 'CLEAR', 'OPENING', 'BANCO_OFF')",8,4,7,57.143,BUFF,50.000,1.213008,3.3636
"('TANK', 'TANK', 'NEUTRAL', 'DANGER', 'FULL', 'NORMAL', 'FASTER', 'MEC_USED', 'CLEAN', 'CLEAN', 'BUFFED', 'NEUTRAL', 'CLEAR', 'CLEAR', 'OPENING', 'BANCO_OFF')",8,4,7,57.143,HEAL,62.500,1.073543,2.9257
"('SWEEPER', 'TANK', 'OFFENSIVE_ADV', 'DANGER', 'FULL', 'NORMAL', 'FASTER', 'MEC_USED', 'CLEAN', 'CLEAN', 'NEUTRAL', 'NEUTRAL', 'SET', 'CLEAR', 'OPENING', 'BANCO_OFF')",8,5,8,62.500,STATUS,50.000,1.386294,4.0000
"('TANK', 'TANK', 'STALEMATE', 'FULL', 'FULL', 'NORMAL', 'SLOWER', 'MEC_USED', 'CLEAN', 'AFFLICTED', 'NEUTRAL', 'NEUTRAL', 'SET', 'CLEAR', 'OPENING', 'BANCO_OFF')",8,4,7,57.143,ATTACK_PIVOT,37.500,1.255482,3.5095
"('TANK', 'TANK', 'DEFENSIVE_ADV', 'FULL', 'SAFE', 'NORMAL', 'SLOWER', 'MEC_USED', 'CLEAN', 'CLEAN', 'NEUTRAL', 'NEUTRAL', 'CLEAR', 'SET', 'OPENING', 'BANCO_OFF')",8,4,11,36.364,SWITCH_DEFENSIVE,62.500,1.073543,2.9257
"('TANK', 'SWEEPER', 'VOLATILE', 'FULL', 'FULL', 'FIELD_OURS_OFF', 'SLOWER', 'MEC_USED', 'CLEAN', 'CLEAN', 'NEUTRAL', 'NEUTRAL', 'CLEAR', 'CLEAR', 'OPENING', 'BANCO_AMBOS')",8,3,9,33.333,HAZARD,62.500,0.900256,2.4602
"('TANK', 'TANK', 'DEFENSIVE_ADV', 'SAFE', 'FULL', 'NORMAL', 'SLOWER', 'MEC_USED', 'CLEAN', 'CLEAN', 'NEUTRAL', 'NEUTRAL', 'CLEAR', 'SET', 'OPENING', 'BANCO_OFF')",8,3,8,37.500,STAT_CLEAN,75.000,0.735622,2.0868
"('TANK', 'TANK', 'NEUTRAL', 'SAFE', 'FULL', 'NORMAL', 'FASTER', 'MEC_USED', 'AFFLICTED', 'CLEAN', 'NEUTRAL', 'NEUTRAL', 'SET', 'SET', 'RECOVERING', 'BANCO_VAZIO')",8,5,7,71.429,SWITCH_OFFENSIVE,37.500,1.494175,4.4557
"('TANK', 'TANK', 'DEFENSIVE_DIS', 'SAFE', 'FULL', 'NORMAL', 'FASTER', 'MEC_USED', 'CLEAN', 'AFFLICTED', 'NEUTRAL', 'NEUTRAL', 'CLEAR', 'CLEAR', 'RECOVERING', 'BANCO_VAZIO')",8,3,5,60.000,HEAL,50.000,0.974315,2.6494
"('TANK', 'UTILITY', 'OFFENSIVE_DIS', 'FULL', 'FULL', 'NORMAL', 'SLOWER', 'MEC_USED', 'CLEAN', 'CLEAN', 'NEUTRAL', 'NEUTRAL', 'CLEAR', 'CLEAR', 'OPENING', 'BANCO_DEF')",8,2,8,25.000,HEAL,50.000,0.693147,2.0000
"('TANK', 'TANK', 'NEUTRAL', 'SAFE', 'SAFE', 'NORMAL', 'FASTER', 'MEC_USED', 'CLEAN', 'AFFLICTED', 'NEUTRAL', 'DEBUFF', 'SET', 'CLEAR', 'RECOVERING', 'BANCO_VAZIO')",8,2,4,50.000,ATTACK_STRONG,62.500,0.661563,1.9378
"('TANK', 'TANK', 'STALEMATE', 'FULL', 'SAFE', 'NORMAL', 'SLOWER', 'MEC_USED', 'AFFLICTED', 'AFFLICTED', 'DEBUFF', 'DEBUFF', 'SET', 'CLEAR', 'OPENING', 'BANCO_OFF')",8,3,6,50.000,SWITCH_DEFENSIVE,50.000,0.974315,2.6494
"('TANK', 'SWEEPER', 'OFFENSIVE_DIS', 'FULL', 'FULL', 'NORMAL', 'SLOWER', 'MEC_USED', 'CLEAN', 'CLEAN', 'NEUTRAL', 'NEUTRAL', 'CLEAR', 'CLEAR', 'RECOVERING', 'BANCO_VAZIO')",8,2,6,33.333,SWITCH_OFFENSIVE,87.500,0.376770,1.4576
"('TANK', 'TANK', 'OFFENSIVE_DIS', 'FULL', 'FULL', 'NORMAL', 'SLOWER', 'MEC_USED', 'CLEAN', 'AFFLICTED', 'NEUTRAL', 'DEBUFF', 'SET', 'CLEAR', 'RECOVERING', 'BANCO_VAZIO')",8,2,2,100.000,STATUS,50.000,0.693147,2.0000
"('TANK', 'TANK', 'CRITICAL_DIS', 'FULL', 'FULL', 'NORMAL', 'FASTER', 'MEC_USED', 'AFFLICTED', 'CLEAN', 'NEUTRAL', 'NEUTRAL', 'SET', 'CLEAR', 'CLUTCH', 'BANCO_VAZIO')",7,3,6,50.000,SWITCH_OFFENSIVE,71.429,0.796312,2.2173
"('TANK', 'TANK', 'OFFENSIVE_DIS', 'FULL', 'FULL', 'NORMAL', 'SLOWER', 'MEC_USED', 'CLEAN', 'CLEAN', 'NEUTRAL', 'NEUTRAL', 'SET', 'SET', 'BRAWL', 'BANCO_OFF')",7,3,11,27.273,SWITCH_DEFENSIVE,57.143,0.955700,2.6005
"('TANK', 'TANK', 'NEUTRAL', 'FULL', 'SAFE', 'FIELD_THEIRS', 'FASTER', 'MEC_USED', 'CLEAN', 'CLEAN', 'NEUTRAL', 'NEUTRAL', 'CLEAR', 'CLEAR', 'OPENING', 'BANCO_AMBOS')",7,6,11,54.545,SWITCH_OFFENSIVE,28.571,1.747868,5.7423
"('TANK', 'SWEEPER', 'OFFENSIVE_DIS', 'SAFE', 'SAFE', 'NORMAL', 'SLOWER', 'MEC_USED', 'CLEAN', 'CLEAN', 'NEUTRAL', 'NEUTRAL', 'CLEAR', 'SET', 'OPENING', 'BANCO_OFF')",7,5,9,55.556,HEAL,42.857,1.475076,4.3714
"('TANK', 'TANK', 'CRITICAL_DIS', 'FULL', 'DANGER', 'NORMAL', 'SLOWER', 'MEC_USED', 'CLEAN', 'CLEAN', 'NEUTRAL', 'NEUTRAL', 'CLEAR', 'CLEAR', 'RECOVERING', 'BANCO_VAZIO')",7,6,11,54.545,STATUS,28.571,1.747868,5.7423
"('TANK', 'UTILITY', 'OFFENSIVE_ADV', 'FULL', 'FULL', 'FIELD_SHARED', 'SLOWER', 'MEC_USED', 'CLEAN', 'CLEAN', 'NEUTRAL', 'NEUTRAL', 'CLEAR', 'CLEAR', 'OPENING', 'BANCO_AMBOS')",7,5,10,50.000,SWITCH_DEFENSIVE,28.571,1.549826,4.7107
"('TANK', 'TANK', 'NEUTRAL', 'FULL', 'FULL', 'NORMAL', 'FASTER', 'MEC_USED', 'AFFLICTED', 'CLEAN', 'NEUTRAL', 'NEUTRAL', 'CLEAR', 'SET', 'RECOVERING', 'BANCO_VAZIO')",7,3,12,25.000,ATTACK_TECH,57.143,0.955700,2.6005
"('TANK', 'TANK', 'OFFENSIVE_DIS', 'FULL', 'FULL', 'NORMAL', 'SLOWER', 'MEC_USED', 'CLEAN', 'CLEAN', 'NEUTRAL', 'NEUTRAL', 'SET', 'CLEAR', 'BRAWL', 'BANCO_VAZIO')",7,5,9,55.556,ATTACK_TECH,28.571,1.549826,4.7107
"('TANK', 'TANK', 'NEUTRAL', 'DANGER', 'SAFE', 'NORMAL', 'SLOWER', 'MEC_USED', 'CLEAN', 'CLEAN', 'NEUTRAL', 'NEUTRAL', 'SET', 'CLEAR', 'OPENING', 'BANCO_VAZIO')",7,5,11,45.455,PROTECT,28.571,1.549826,4.7107
"('TANK', 'TANK', 'CRITICAL_DIS', 'FULL', 'SAFE', 'FIELD_SHARED', 'SLOWER', 'MEC_USED', 'CLEAN', 'CLEAN', 'NEUTRAL', 'NEUTRAL', 'CLEAR', 'CLEAR', 'OPENING', 'BANCO_OFF')",7,5,8,62.500,HEAL,28.571,1.549826,4.7107
"('UTILITY', 'TANK', 'DOMINANT', 'FULL', 'FULL', 'FIELD_SHARED', 'SLOWER', 'MEC_AVAIL', 'CLEAN', 'CLEAN', 'NEUTRAL', 'NEUTRAL', 'CLEAR', 'CLEAR', 'OPENING', 'BANCO_OFF')",7,4,8,50.000,BUFF_MEC,28.571,1.351784,3.8643
"('TANK', 'TANK', 'CRITICAL_DIS', 'CRIT', 'SAFE', 'NORMAL', 'SLOWER', 'MEC_USED', 'CLEAN', 'CLEAN', 'NEUTRAL', 'NEUTRAL', 'CLEAR', 'CLEAR', 'RECOVERING', 'BANCO_VAZIO')",7,4,10,40.000,ATTACK_PIVOT,42.857,1.277034,3.5860
"('TANK', 'TANK', 'NEUTRAL', 'DANGER', 'FULL', 'NORMAL', 'SLOWER', 'MEC_USED', 'CLEAN', 'CLEAN', 'NEUTRAL', 'NEUTRAL', 'SET', 'SET', 'CLUTCH', 'BANCO_VAZIO')",7,5,10,50.000,STATUS,42.857,1.475076,4.3714
"('TANK', 'TANK', 'OFFENSIVE_DIS', 'DANGER', 'FULL', 'NORMAL', 'SLOWER', 'MEC_USED', 'CLEAN', 'CLEAN', 'NEUTRAL', 'NEUTRAL', 'CLEAR', 'SET', 'RECOVERING', 'BANCO_VAZIO')",7,7,13,53.846,ATTACK_STRONG,14.286,1.945910,7.0000
"('TANK', 'TANK', 'DEFENSIVE_DIS', 'FULL', 'FULL', 'NORMAL', 'FASTER', 'MEC_USED', 'CLEAN', 'CLEAN', 'NEUTRAL', 'NEUTRAL', 'SET', 'SET', 'CLUTCH', 'BANCO_VAZIO')",7,3,7,42.857,STAT_CLEAN,71.429,0.796312,2.2173
"('TANK', 'TANK', 'NEUTRAL', 'FULL', 'SAFE', 'NORMAL', 'SLOWER', 'MEC_USED', 'CLEAN', 'AFFLICTED', 'NEUTRAL', 'DEBUFF', 'SET', 'CLEAR', 'CLUTCH', 'BANCO_VAZIO')",7,1,7,14.286,ATTACK_STRONG,100.000,-0.000000,1.0000
"('TANK', 'TANK', 'CRITICAL_DIS', 'SAFE', 'SAFE', 'NORMAL', 'FASTER', 'MEC_USED', 'CLEAN', 'CLEAN', 'NEUTRAL', 'NEUTRAL', 'CLEAR', 'CLEAR', 'OPENING', 'BANCO_OFF')",7,7,11,63.636,ATTACK_PIVOT,14.286,1.945910,7.0000
"('TANK', 'TANK', 'NEUTRAL', 'SAFE', 'FULL', 'NORMAL', 'FASTER', 'MEC_USED', 'AFFLICTED', 'CLEAN', 'NEUTRAL', 'NEUTRAL', 'CLEAR', 'SET', 'CLUTCH', 'BANCO_VAZIO')",7,4,7,57.143,ATTACK_STRONG,42.857,1.277034,3.5860
"('TANK', 'SWEEPER', 'OFFENSIVE_ADV', 'DANGER', 'FULL', 'NORMAL', 'SLOWER', 'MEC_USED', 'CLEAN', 'CLEAN', 'NEUTRAL', 'NEUTRAL', 'CLEAR', 'CLEAR', 'OPENING', 'BANCO_VAZIO')",7,4,5,80.000,ATTACK_STRONG,28.571,1.351784,3.8643
"('TANK', 'TANK', 'VOLATILE', 'FULL', 'FULL', 'NORMAL', 'FASTER', 'MEC_AVAIL', 'CLEAN', 'CLEAN', 'NEUTRAL', 'NEUTRAL', 'SET', 'CLEAR', 'OPENING', 'BANCO_OFF')",7,6,10,60.000,SWITCH_OFFENSIVE,28.571,1.747868,5.7423
"('TANK', 'TANK', 'NEUTRAL', 'CRIT', 'FULL', 'NORMAL', 'FASTER', 'MEC_USED', 'CLEAN', 'CLEAN', 'NEUTRAL', 'NEUTRAL', 'CLEAR', 'SET', 'CLUTCH', 'BANCO_VAZIO')",7,4,9,44.444,SWITCH_DEFENSIVE,42.857,1.277034,3.5860
"('TANK', 'TANK', 'DOMINANT', 'FULL', 'SAFE', 'FIELD_OURS_OFF', 'FASTER', 'MEC_USED', 'CLEAN', 'CLEAN', 'NEUTRAL', 'NEUTRAL', 'CLEAR', 'CLEAR', 'OPENING', 'BANCO_VAZIO')",7,6,10,60.000,ATTACK_PIVOT,28.571,1.747868,5.7423
"('TANK', 'TANK', 'CRITICAL_DIS', 'FULL', 'SAFE', 'NORMAL', 'FASTER', 'MEC_USED', 'CLEAN', 'CLEAN', 'NEUTRAL', 'NEUTRAL', 'CLEAR', 'CLEAR', 'CLUTCH', 'BANCO_VAZIO')",7,2,5,40.000,CLEAN_HAZARD,85.714,0.410116,1.5070
"('TANK', 'TANK', 'CRITICAL_DIS', 'SAFE', 'FULL', 'NORMAL', 'FASTER', 'MEC_USED', 'CLEAN', 'CLEAN', 'NEUTRAL', 'NEUTRAL', 'CLEAR', 'CLEAR', 'CLUTCH', 'BANCO_VAZIO')",7,2,3,66.667,HEAL,71.429,0.598270,1.8190
"('TANK', 'TANK', 'DEFENSIVE_ADV', 'FULL', 'SAFE', 'NORMAL', 'SLOWER', 'MEC_USED', 'CLEAN', 'CLEAN', 'NEUTRAL', 'NEUTRAL', 'SET', 'CLEAR', 'OPENING', 'BANCO_AMBOS')",7,5,10,50.000,STATUS,28.571,1.549826,4.7107
"('TANK', 'TANK', 'OFFENSIVE_DIS', 'CRIT', 'FULL', 'NORMAL', 'FASTER', 'MEC_USED', 'CLEAN', 'CLEAN', 'NEUTRAL', 'NEUTRAL', 'CLEAR', 'CLEAR', 'RECOVERING', 'BANCO_VAZIO')",7,5,12,41.667,PROTECT,28.571,1.549826,4.7107
"('TANK', 'TANK', 'OFFENSIVE_ADV', 'CRIT', 'FULL', 'FIELD_SHARED', 'FASTER', 'MEC_USED', 'CLEAN', 'CLEAN', 'NEUTRAL', 'NEUTRAL', 'CLEAR', 'CLEAR', 'OPENING', 'BANCO_OFF')",7,5,7,71.429,ATTACK_STRONG,28.571,1.549826,4.7107
"('SWEEPER', 'TANK', 'OFFENSIVE_ADV', 'CRIT', 'SAFE', 'NORMAL', 'FASTER', 'MEC_USED', 'CLEAN', 'CLEAN', 'NEUTRAL', 'NEUTRAL', 'CLEAR', 'CLEAR', 'OPENING', 'BANCO_OFF')",7,5,8,62.500,CLEAN_HAZARD,42.857,1.475076,4.3714
"('SWEEPER', 'TANK', 'OFFENSIVE_ADV', 'FULL', 'FULL', 'NORMAL', 'FASTER', 'MEC_AVAIL', 'CLEAN', 'CLEAN', 'NEUTRAL', 'NEUTRAL', 'SET', 'CLEAR', 'OPENING', 'BANCO_OFF')",7,4,8,50.000,ATTACK_STRONG,42.857,1.277034,3.5860
"('UTILITY', 'TANK', 'OFFENSIVE_ADV', 'FULL', 'FULL', 'NORMAL', 'FASTER', 'MEC_AVAIL', 'CLEAN', 'CLEAN', 'NEUTRAL', 'NEUTRAL', 'CLEAR', 'CLEAR', 'OPENING', 'BANCO_AMBOS')",7,1,12,8.333,ATTACK_STRONG_MEC,100.000,-0.000000,1.0000
"('TANK', 'TANK', 'VOLATILE', 'SAFE', 'SAFE', 'NORMAL', 'FASTER', 'MEC_AVAIL', 'CLEAN', 'CLEAN', 'NEUTRAL', 'NEUTRAL', 'CLEAR', 'CLEAR', 'OPENING', 'BANCO_OFF')",7,2,12,16.667,ATTACK_STRONG_MEC,85.714,0.410116,1.5070
"('TANK', 'TANK', 'NEUTRAL', 'SAFE', 'CRIT', 'NORMAL', 'SLOWER', 'MEC_USED', 'CLEAN', 'CLEAN', 'NEUTRAL', 'NEUTRAL', 'SET', 'CLEAR', 'CLUTCH', 'BANCO_VAZIO')",7,2,8,25.000,STATUS,71.429,0.598270,1.8190
"('TANK', 'TANK', 'OFFENSIVE_ADV', 'SAFE', 'FULL', 'NORMAL', 'FASTER', 'MEC_USED', 'AFFLICTED', 'CLEAN', 'NEUTRAL', 'NEUTRAL', 'CLEAR', 'CLEAR', 'OPENING', 'BANCO_OFF')",7,5,9,55.556,ATTACK_STRONG,28.571,1.549826,4.7107
"('TANK', 'TANK', 'VOLATILE', 'SAFE', 'SAFE', 'NORMAL', 'FASTER', 'MEC_USED', 'CLEAN', 'CLEAN', 'NEUTRAL', 'NEUTRAL', 'CLEAR', 'CLEAR', 'BRAWL', 'BANCO_OFF')",7,5,9,55.556,ATTACK_STRONG,28.571,1.549826,4.7107
"('TANK', 'TANK', 'OFFENSIVE_ADV', 'SAFE', 'FULL', 'FIELD_THEIRS', 'SLOWER', 'MEC_USED', 'CLEAN', 'CLEAN', 'NEUTRAL', 'NEUTRAL', 'CLEAR', 'CLEAR', 'BRAWL', 'BANCO_OFF')",7,4,9,44.444,STATUS,42.857,1.277034,3.5860
"('TANK', 'TANK', 'OFFENSIVE_ADV', 'SAFE', 'SAFE', 'FIELD_THEIRS', 'SLOWER', 'MEC_USED', 'CLEAN', 'CLEAN', 'NEUTRAL', 'NEUTRAL', 'SET', 'CLEAR', 'OPENING', 'BANCO_OFF')",7,6,8,75.000,ATTACK_STRONG,28.571,1.747868,5.7423
"('TANK', 'TANK', 'OFFENSIVE_DIS', 'CRIT', 'SAFE', 'NORMAL', 'FASTER', 'MEC_USED', 'CLEAN', 'CLEAN', 'NEUTRAL', 'NEUTRAL', 'SET', 'SET', 'RECOVERING', 'BANCO_VAZIO')",7,3,9,33.333,HEAL,42.857,1.078992,2.9417
"('TANK', 'TANK', 'DEFENSIVE_DIS', 'SAFE', 'SAFE', 'NORMAL', 'SLOWER', 'MEC_USED', 'CLEAN', 'AFFLICTED', 'NEUTRAL', 'NEUTRAL', 'SET', 'SET', 'RECOVERING', 'BANCO_VAZIO')",7,3,8,37.500,ATTACK_STRONG,57.143,0.955700,2.6005
"('TANK', 'TANK', 'NEUTRAL', 'FULL', 'FULL', 'NORMAL', 'FASTER', 'MEC_AVAIL', 'CLEAN', 'CLEAN', 'NEUTRAL', 'DEBUFF', 'CLEAR', 'CLEAR', 'OPENING', 'BANCO_VAZIO')",7,4,10,40.000,ATTACK_STRONG_MEC,42.857,1.277034,3.5860
"('TANK', 'TANK', 'OFFENSIVE_DIS', 'FULL', 'FULL', 'NORMAL', 'FASTER', 'MEC_USED', 'CLEAN', 'CLEAN', 'NEUTRAL', 'NEUTRAL', 'CLEAR', 'CLEAR', 'BRAWL', 'BANCO_VAZIO')",7,3,9,33.333,HEAL,57.143,0.955700,2.6005
"('UTILITY', 'UTILITY', 'OFFENSIVE_ADV', 'FULL', 'FULL', 'FIELD_OURS_OFF', 'FASTER', 'MEC_USED', 'CLEAN', 'CLEAN', 'NEUTRAL', 'NEUTRAL', 'CLEAR', 'CLEAR', 'OPENING', 'BANCO_OFF')",7,4,9,44.444,ATTACK_PIVOT,42.857,1.277034,3.5860
"('TANK', 'TANK', 'NEUTRAL', 'FULL', 'FULL', 'NORMAL', 'FASTER', 'MEC_USED', 'CLEAN', 'CLEAN', 'NEUTRAL', 'NEUTRAL', 'CLEAR', 'CLEAR', 'RECOVERING', 'BANCO_OFF')",7,5,8,62.500,ATTACK_STRONG,28.571,1.549826,4.7107
"('TANK', 'TANK', 'OFFENSIVE_ADV', 'FULL', 'FULL', 'NORMAL', 'FASTER', 'MEC_USED', 'CLEAN', 'CLEAN', 'NEUTRAL', 'NEUTRAL', 'CLEAR', 'CLEAR', 'DOMINATING', 'BANCO_OFF')",7,1,12,8.333,ATTACK_STRONG,100.000,-0.000000,1.0000
"('TANK', 'TANK', 'OFFENSIVE_DIS', 'SAFE', 'SAFE', 'NORMAL', 'FASTER', 'MEC_USED', 'CLEAN', 'CLEAN', 'NEUTRAL', 'NEUTRAL', 'CLEAR', 'CLEAR', 'RECOVERING', 'BANCO_VAZIO')",7,5,9,55.556,ATTACK_STRONG,28.571,1.549826,4.7107
"('TANK', 'TANK', 'OFFENSIVE_ADV', 'SAFE', 'DANGER', 'NORMAL', 'SLOWER', 'MEC_USED', 'CLEAN', 'CLEAN', 'NEUTRAL', 'NEUTRAL', 'CLEAR', 'CLEAR', 'OPENING', 'BANCO_AMBOS')",7,3,11,27.273,ATTACK_STRONG,71.429,0.796312,2.2173
"('TANK', 'TANK', 'OFFENSIVE_DIS', 'SAFE', 'DANGER', 'NORMAL', 'FASTER', 'MEC_USED', 'CLEAN', 'CLEAN', 'NEUTRAL', 'NEUTRAL', 'CLEAR', 'SET', 'RECOVERING', 'BANCO_VAZIO')",7,4,10,40.000,HAZARD,57.143,1.153742,3.1700
"('TANK', 'TANK', 'DOMINANT', 'FULL', 'SAFE', 'NORMAL', 'FASTER', 'MEC_AVAIL', 'CLEAN', 'CLEAN', 'NEUTRAL', 'NEUTRAL', 'SET', 'CLEAR', 'OPENING', 'BANCO_AMBOS')",7,6,10,60.000,ATTACK_STRONG_MEC,28.571,1.747868,5.7423
"('SWEEPER', 'TANK', 'DOMINANT', 'FULL', 'DANGER', 'NORMAL', 'FASTER', 'MEC_USED', 'CLEAN', 'CLEAN', 'NEUTRAL', 'NEUTRAL', 'CLEAR', 'CLEAR', 'OPENING', 'BANCO_AMBOS')",7,4,5,80.000,ATTACK_STRONG,28.571,1.351784,3.8643
"('SWEEPER', 'TANK', 'OFFENSIVE_ADV', 'SAFE', 'SAFE', 'FIELD_THEIRS', 'FASTER', 'MEC_USED', 'CLEAN', 'CLEAN', 'NEUTRAL', 'NEUTRAL', 'CLEAR', 'CLEAR', 'OPENING', 'BANCO_OFF')",7,3,6,50.000,ATTACK_STRONG,57.143,0.955700,2.6005
"('TANK', 'TANK', 'OFFENSIVE_DIS', 'SAFE', 'FULL', 'NORMAL', 'FASTER', 'MEC_USED', 'CLEAN', 'CLEAN', 'NEUTRAL', 'NEUTRAL', 'SET', 'SET', 'OPENING', 'BANCO_VAZIO')",7,2,6,33.333,HAZARD,85.714,0.410116,1.5070
"('TANK', 'TANK', 'VOLATILE', 'FULL', 'FULL', 'NORMAL', 'SLOWER', 'MEC_USED', 'CLEAN', 'AFFLICTED', 'NEUTRAL', 'NEUTRAL', 'SET', 'SET', 'CLUTCH', 'BANCO_VAZIO')",7,1,8,12.500,ATTACK_STRONG,100.000,-0.000000,1.0000
"('TANK', 'TANK', 'DOMINANT', 'DANGER', 'FULL', 'NORMAL', 'FASTER', 'MEC_USED', 'CLEAN', 'CLEAN', 'NEUTRAL', 'NEUTRAL', 'SET', 'CLEAR', 'OPENING', 'BANCO_OFF')",7,6,10,60.000,ATTACK_PIVOT,28.571,1.747868,5.7423
"('TANK', 'SWEEPER', 'DEFENSIVE_DIS', 'DANGER', 'SAFE', 'NORMAL', 'SLOWER', 'MEC_USED', 'CLEAN', 'CLEAN', 'NEUTRAL', 'NEUTRAL', 'CLEAR', 'CLEAR', 'RECOVERING', 'BANCO_VAZIO')",7,4,11,36.364,ATTACK_TECH,42.857,1.277034,3.5860
"('TANK', 'SWEEPER', 'NEUTRAL', 'FULL', 'FULL', 'FIELD_THEIRS', 'SLOWER', 'MEC_AVAIL', 'CLEAN', 'CLEAN', 'NEUTRAL', 'NEUTRAL', 'CLEAR', 'CLEAR', 'OPENING', 'BANCO_AMBOS')",7,4,10,40.000,ATTACK_TECH_MEC,57.143,1.153742,3.1700
"('TANK', 'TANK', 'OFFENSIVE_ADV', 'FULL', 'FULL', 'NORMAL', 'FASTER', 'MEC_AVAIL', 'CLEAN', 'CLEAN', 'NEUTRAL', 'NEUTRAL', 'CLEAR', 'SET', 'OPENING', 'BANCO_OFF')",7,6,12,50.000,HAZARD_MEC,28.571,1.747868,5.7423
"('TANK', 'TANK', 'OFFENSIVE_ADV', 'SAFE', 'FULL', 'NORMAL', 'SLOWER', 'MEC_AVAIL', 'CLEAN', 'CLEAN', 'NEUTRAL', 'NEUTRAL', 'CLEAR', 'CLEAR', 'OPENING', 'BANCO_OFF')",7,7,16,43.750,ATTACK_STRONG_MEC,14.286,1.945910,7.0000
"('TANK', 'TANK', 'DEFENSIVE_DIS', 'FULL', 'SAFE', 'NORMAL', 'FASTER', 'MEC_AVAIL', 'CLEAN', 'CLEAN', 'NEUTRAL', 'NEUTRAL', 'CLEAR', 'CLEAR', 'OPENING', 'BANCO_OFF')",7,5,16,31.250,SWITCH_DEFENSIVE,42.857,1.475076,4.3714
"('TANK', 'SWEEPER', 'OFFENSIVE_ADV', 'DANGER', 'SAFE', 'NORMAL', 'SLOWER', 'MEC_USED', 'CLEAN', 'CLEAN', 'NEUTRAL', 'NEUTRAL', 'CLEAR', 'CLEAR', 'OPENING', 'BANCO_OFF')",7,6,9,66.667,HEAL,28.571,1.747868,5.7423
"('TANK', 'TANK', 'DOMINANT', 'SAFE', 'FULL', 'NORMAL', 'FASTER', 'MEC_USED', 'CLEAN', 'CLEAN', 'NEUTRAL', 'NEUTRAL', 'CLEAR', 'CLEAR', 'OPENING', 'BANCO_VAZIO')",7,5,11,45.455,HEAL,42.857,1.475076,4.3714
"('TANK', 'TANK', 'NEUTRAL', 'SAFE', 'FULL', 'NORMAL', 'FASTER', 'MEC_USED', 'CLEAN', 'CLEAN', 'NEUTRAL', 'NEUTRAL', 'SET', 'CLEAR', 'BRAWL', 'BANCO_AMBOS')",7,3,8,37.500,SWITCH_DEFENSIVE,71.429,0.796312,2.2173
"('TANK', 'TANK', 'DEFENSIVE_DIS', 'FULL', 'DANGER', 'NORMAL', 'SLOWER', 'MEC_USED', 'CLEAN', 'CLEAN', 'NEUTRAL', 'NEUTRAL', 'SET', 'CLEAR', 'RECOVERING', 'BANCO_VAZIO')",7,4,10,40.000,HEAL,57.143,1.153742,3.1700
"('TANK', 'TANK', 'DOMINANT', 'FULL', 'FULL', 'FIELD_OURS_OFF', 'FASTER', 'MEC_AVAIL', 'CLEAN', 'CLEAN', 'NEUTRAL', 'NEUTRAL', 'CLEAR', 'CLEAR', 'OPENING', 'BANCO_OFF')",7,4,10,40.000,ATTACK_STRONG,28.571,1.351784,3.8643
"('TANK', 'SWEEPER', 'OFFENSIVE_DIS', 'FULL', 'FULL', 'FIELD_SHARED', 'SLOWER', 'MEC_USED', 'CLEAN', 'CLEAN', 'NEUTRAL', 'NEUTRAL', 'CLEAR', 'CLEAR', 'OPENING', 'BANCO_AMBOS')",7,6,13,46.154,STAT_CLEAN,28.571,1.747868,5.7423
"('TANK', 'TANK', 'NEUTRAL', 'SAFE', 'SAFE', 'NORMAL', 'SLOWER', 'MEC_USED', 'CLEAN', 'CLEAN', 'NEUTRAL', 'NEUTRAL', 'SET', 'SET', 'OPENING', 'BANCO_AMBOS')",7,4,12,33.333,SWITCH_DEFENSIVE,42.857,1.277034,3.5860
"('TANK', 'TANK', 'OFFENSIVE_ADV', 'CRIT', 'FULL', 'NORMAL', 'SLOWER', 'MEC_USED', 'CLEAN', 'CLEAN', 'NEUTRAL', 'NEUTRAL', 'SET', 'CLEAR', 'OPENING', 'BANCO_OFF')",7,5,10,50.000,ATTACK_PIVOT,42.857,1.475076,4.3714
"('TANK', 'SWEEPER', 'DOMINANT', 'FULL', 'FULL', 'FIELD_OURS_OFF', 'SLOWER', 'MEC_USED', 'CLEAN', 'CLEAN', 'NEUTRAL', 'NEUTRAL', 'CLEAR', 'CLEAR', 'OPENING', 'BANCO_OFF')",7,4,9,44.444,ATTACK_STRONG,57.143,1.153742,3.1700
"('TANK', 'TANK', 'NEUTRAL', 'SAFE', 'SAFE', 'NORMAL', 'SLOWER', 'MEC_USED', 'CLEAN', 'AFFLICTED', 'NEUTRAL', 'NEUTRAL', 'CLEAR', 'CLEAR', 'OPENING', 'BANCO_OFF')",7,3,13,23.077,STATUS,71.429,0.796312,2.2173
"('TANK', 'TANK', 'DOMINANT', 'FULL', 'FULL', 'NORMAL', 'FASTER', 'MEC_AVAIL', 'CLEAN', 'CLEAN', 'NEUTRAL', 'NEUTRAL', 'SET', 'SET', 'OPENING', 'BANCO_AMBOS')",7,5,14,35.714,HAZARD,42.857,1.475076,4.3714
"('TANK', 'TANK', 'DEFENSIVE_DIS', 'FULL', 'CRIT', 'NORMAL', 'SLOWER', 'MEC_USED', 'CLEAN', 'CLEAN', 'NEUTRAL', 'NEUTRAL', 'CLEAR', 'CLEAR', 'RECOVERING', 'BANCO_VAZIO')",7,5,11,45.455,ATTACK_PIVOT,28.571,1.549826,4.7107
"('TANK', 'TANK', 'NEUTRAL', 'CRIT', 'SAFE', 'NORMAL', 'FASTER', 'MEC_USED', 'CLEAN', 'CLEAN', 'NEUTRAL', 'NEUTRAL', 'CLEAR', 'CLEAR', 'CLUTCH', 'BANCO_VAZIO')",7,4,11,36.364,SWITCH_OFFENSIVE,57.143,1.153742,3.1700
"('TANK', 'TANK', 'VOLATILE', 'FULL', 'DANGER', 'NORMAL', 'FASTER', 'MEC_USED', 'CLEAN', 'CLEAN', 'NEUTRAL', 'NEUTRAL', 'SET', 'CLEAR', 'OPENING', 'BANCO_OFF')",7,6,10,60.000,PROTECT,28.571,1.747868,5.7423
"('SWEEPER', 'TANK', 'OFFENSIVE_ADV', 'DANGER', 'FULL', 'FIELD_THEIRS', 'FASTER', 'MEC_USED', 'CLEAN', 'CLEAN', 'NEUTRAL', 'NEUTRAL', 'CLEAR', 'CLEAR', 'OPENING', 'BANCO_OFF')",7,2,5,40.000,ATTACK_STRONG,85.714,0.410116,1.5070
"('TANK', 'TANK', 'OFFENSIVE_ADV', 'SAFE', 'FULL', 'FIELD_THEIRS', 'FASTER', 'MEC_USED', 'CLEAN', 'CLEAN', 'NEUTRAL', 'NEUTRAL', 'CLEAR', 'CLEAR', 'OPENING', 'BANCO_AMBOS')",7,5,8,62.500,ATTACK_STRONG,28.571,1.549826,4.7107
"('UTILITY', 'SWEEPER', 'OFFENSIVE_ADV', 'SAFE', 'FULL', 'FIELD_OURS_OFF', 'FASTER', 'MEC_USED', 'CLEAN', 'CLEAN', 'NEUTRAL', 'NEUTRAL', 'CLEAR', 'CLEAR', 'OPENING', 'BANCO_OFF')",7,4,8,50.000,ATTACK_STRONG,42.857,1.277034,3.5860
"('TANK', 'TANK', 'DEFENSIVE_DIS', 'DANGER', 'SAFE', 'NORMAL', 'SLOWER', 'MEC_USED', 'CLEAN', 'CLEAN', 'NEUTRAL', 'NEUTRAL', 'CLEAR', 'CLEAR', 'OPENING', 'BANCO_AMBOS')",7,1,10,10.000,SWITCH_DEFENSIVE,100.000,-0.000000,1.0000
"('TANK', 'TANK', 'DOMINANT', 'FULL', 'FULL', 'NORMAL', 'FASTER', 'MEC_USED', 'CLEAN', 'CLEAN', 'NEUTRAL', 'NEUTRAL', 'CLEAR', 'SET', 'OPENING', 'BANCO_AMBOS')",7,6,9,66.667,ATTACK_PIVOT,28.571,1.747868,5.7423
"('TANK', 'TANK', 'DEFENSIVE_DIS', 'FULL', 'FULL', 'NORMAL', 'FASTER', 'MEC_USED', 'CLEAN', 'CLEAN', 'NEUTRAL', 'NEUTRAL', 'CLEAR', 'SET', 'OPENING', 'BANCO_VAZIO')",7,5,11,45.455,SWITCH_DEFENSIVE,42.857,1.475076,4.3714
"('TANK', 'TANK', 'OFFENSIVE_ADV', 'FULL', 'FULL', 'NORMAL', 'SLOWER', 'MEC_USED', 'CLEAN', 'CLEAN', 'NEUTRAL', 'NEUTRAL', 'CLEAR', 'SET', 'BRAWL', 'BANCO_OFF')",7,2,11,18.182,ATTACK_STRONG,85.714,0.410116,1.5070
"('TANK', 'TANK', 'DOMINANT', 'SAFE', 'FULL', 'NORMAL', 'FASTER', 'MEC_USED', 'CLEAN', 'CLEAN', 'NEUTRAL', 'NEUTRAL', 'SET', 'CLEAR', 'OPENING', 'BANCO_VAZIO')",7,5,10,50.000,ATTACK_STRONG,28.571,1.549826,4.7107
"('TANK', 'TANK', 'OFFENSIVE_DIS', 'FULL', 'FULL', 'NORMAL', 'FASTER', 'MEC_USED', 'CLEAN', 'CLEAN', 'NEUTRAL', 'NEUTRAL', 'SET', 'SET', 'OPENING', 'BANCO_OFF')",7,6,9,66.667,PHAZE,28.571,1.747868,5.7423
"('SWEEPER', 'TANK', 'OFFENSIVE_ADV', 'SAFE', 'FULL', 'FIELD_SHARED', 'FASTER', 'MEC_USED', 'CLEAN', 'CLEAN', 'NEUTRAL', 'DEBUFF', 'CLEAR', 'CLEAR', 'OPENING', 'BANCO_OFF')",7,4,6,66.667,CLEAN_HAZARD,42.857,1.277034,3.5860
"('UTILITY', 'SWEEPER', 'DEFENSIVE_DIS', 'FULL', 'FULL', 'FIELD_THEIRS', 'SLOWER', 'MEC_USED', 'CLEAN', 'CLEAN', 'NEUTRAL', 'NEUTRAL', 'CLEAR', 'CLEAR', 'OPENING', 'BANCO_AMBOS')",7,1,6,16.667,SWITCH_OFFENSIVE,100.000,-0.000000,1.0000
"('TANK', 'TANK', 'DEFENSIVE_DIS', 'SAFE', 'SAFE', 'NORMAL', 'FASTER', 'MEC_USED', 'CLEAN', 'CLEAN', 'NEUTRAL', 'NEUTRAL', 'SET', 'SET', 'OPENING', 'BANCO_OFF')",7,5,10,50.000,HEAL,28.571,1.549826,4.7107
"('TANK', 'SWEEPER', 'NEUTRAL', 'SAFE', 'FULL', 'FIELD_OURS_OFF', 'FASTER', 'MEC_USED', 'CLEAN', 'CLEAN', 'NEUTRAL', 'NEUTRAL', 'CLEAR', 'CLEAR', 'OPENING', 'BANCO_OFF')",7,3,6,50.000,ATTACK_STRONG,57.143,0.955700,2.6005
"('SWEEPER', 'TANK', 'DEFENSIVE_DIS', 'FULL', 'FULL', 'FIELD_SHARED', 'FASTER', 'MEC_USED', 'CLEAN', 'CLEAN', 'NEUTRAL', 'NEUTRAL', 'CLEAR', 'CLEAR', 'OPENING', 'BANCO_AMBOS')",7,4,7,57.143,SWITCH_DEFENSIVE,42.857,1.277034,3.5860
"('TANK', 'TANK', 'NEUTRAL', 'CRIT', 'FULL', 'NORMAL', 'FASTER', 'MEC_USED', 'CLEAN', 'CLEAN', 'NEUTRAL', 'NEUTRAL', 'SET', 'SET', 'RECOVERING', 'BANCO_VAZIO')",7,5,8,62.500,BUFF,42.857,1.475076,4.3714
"('SWEEPER', 'TANK', 'VOLATILE', 'SAFE', 'FULL', 'FIELD_OURS_OFF', 'FASTER', 'MEC_USED', 'CLEAN', 'CLEAN', 'NEUTRAL', 'NEUTRAL', 'CLEAR', 'CLEAR', 'OPENING', 'BANCO_AMBOS')",7,4,6,66.667,ATTACK_TECH,42.857,1.277034,3.5860
"('TANK', 'TANK', 'NEUTRAL', 'SAFE', 'SAFE', 'NORMAL', 'FASTER', 'MEC_AVAIL', 'CLEAN', 'CLEAN', 'NEUTRAL', 'NEUTRAL', 'CLEAR', 'CLEAR', 'OPENING', 'BANCO_VAZIO')",7,6,16,37.500,HEAL_MEC,28.571,1.747868,5.7423
"('TANK', 'TANK', 'OFFENSIVE_ADV', 'CRIT', 'SAFE', 'NORMAL', 'FASTER', 'MEC_AVAIL', 'CLEAN', 'CLEAN', 'NEUTRAL', 'NEUTRAL', 'CLEAR', 'CLEAR', 'OPENING', 'BANCO_OFF')",7,5,12,41.667,STATUS_MEC,42.857,1.475076,4.3714
"('TANK', 'TANK', 'CRITICAL_DIS', 'SAFE', 'FULL', 'NORMAL', 'FASTER', 'MEC_USED', 'CLEAN', 'CLEAN', 'NEUTRAL', 'NEUTRAL', 'CLEAR', 'CLEAR', 'RECOVERING', 'BANCO_VAZIO')",7,4,9,44.444,CLEAN_HAZARD,42.857,1.277034,3.5860
"('TANK', 'TANK', 'NEUTRAL', 'CRIT', 'SAFE', 'NORMAL', 'SLOWER', 'MEC_USED', 'CLEAN', 'CLEAN', 'NEUTRAL', 'NEUTRAL', 'CLEAR', 'SET', 'RECOVERING', 'BANCO_VAZIO')",7,5,9,55.556,ATTACK_STRONG,28.571,1.549826,4.7107
"('TANK', 'TANK', 'NEUTRAL', 'FULL', 'DANGER', 'FIELD_SHARED', 'SLOWER', 'MEC_USED', 'CLEAN', 'CLEAN', 'NEUTRAL', 'NEUTRAL', 'CLEAR', 'CLEAR', 'OPENING', 'BANCO_OFF')",7,6,10,60.000,ATTACK_TECH,28.571,1.747868,5.7423
"('TANK', 'UTILITY', 'STALEMATE', 'FULL', 'SAFE', 'NORMAL', 'SLOWER', 'MEC_USED', 'CLEAN', 'CLEAN', 'NEUTRAL', 'NEUTRAL', 'CLEAR', 'CLEAR', 'OPENING', 'BANCO_OFF')",7,5,10,50.000,ATTACK_PIVOT,42.857,1.475076,4.3714
"('TANK', 'TANK', 'OFFENSIVE_DIS', 'DANGER', 'FULL', 'NORMAL', 'SLOWER', 'MEC_USED', 'CLEAN', 'CLEAN', 'NEUTRAL', 'NEUTRAL', 'CLEAR', 'CLEAR', 'BRAWL', 'BANCO_OFF')",7,5,7,71.429,SWITCH_DEFENSIVE,28.571,1.549826,4.7107
"('TANK', 'TANK', 'NEUTRAL', 'SAFE', 'DANGER', 'NORMAL', 'SLOWER', 'MEC_USED', 'CLEAN', 'CLEAN', 'NEUTRAL', 'NEUTRAL', 'CLEAR', 'CLEAR', 'OPENING', 'BANCO_AMBOS')",7,3,10,30.000,ATTACK_TECH,42.857,1.004242,2.7298
"('UTILITY', 'TANK', 'DOMINANT', 'FULL', 'FULL', 'FIELD_SHARED', 'FASTER', 'MEC_USED', 'CLEAN', 'CLEAN', 'NEUTRAL', 'NEUTRAL', 'SET', 'CLEAR', 'OPENING', 'BANCO_OFF')",7,3,6,50.000,ATTACK_PIVOT,42.857,1.004242,2.7298
"('SWEEPER', 'UTILITY', 'DEFENSIVE_DIS', 'FULL', 'FULL', 'FIELD_OURS_OFF', 'FASTER', 'MEC_USED', 'CLEAN', 'CLEAN', 'NEUTRAL', 'NEUTRAL', 'CLEAR', 'CLEAR', 'OPENING', 'BANCO_OFF')",7,5,7,71.429,ATTACK_STRONG,42.857,1.475076,4.3714
"('TANK', 'TANK', 'VOLATILE', 'DANGER', 'FULL', 'NORMAL', 'FASTER', 'MEC_AVAIL', 'CLEAN', 'CLEAN', 'NEUTRAL', 'NEUTRAL', 'CLEAR', 'CLEAR', 'OPENING', 'BANCO_OFF')",7,3,12,25.000,ATTACK_STRONG,42.857,1.078992,2.9417
"('TANK', 'TANK', 'OFFENSIVE_DIS', 'FULL', 'FULL', 'NORMAL', 'SLOWER', 'MEC_USED', 'CLEAN', 'CLEAN', 'NEUTRAL', 'NEUTRAL', 'SET', 'CLEAR', 'RECOVERING', 'BANCO_VAZIO')",7,5,7,71.429,ATTACK_TECH,28.571,1.549826,4.7107
"('TANK', 'SWEEPER', 'OFFENSIVE_ADV', 'SAFE', 'FULL', 'NORMAL', 'SLOWER', 'MEC_USED', 'CLEAN', 'CLEAN', 'NEUTRAL', 'NEUTRAL', 'SET', 'CLEAR', 'BRAWL', 'BANCO_OFF')",7,5,12,41.667,ATTACK_STRONG,42.857,1.475076,4.3714
"('TANK', 'SWEEPER', 'NEUTRAL', 'FULL', 'FULL', 'FIELD_THEIRS', 'FASTER', 'MEC_AVAIL', 'CLEAN', 'CLEAN', 'NEUTRAL', 'NEUTRAL', 'CLEAR', 'CLEAR', 'OPENING', 'BANCO_OFF')",7,5,8,62.500,HEAL_MEC,28.571,1.549826,4.7107
"('TANK', 'TANK', 'CRITICAL_DIS', 'FULL', 'FULL', 'NORMAL', 'SLOWER', 'MEC_USED', 'CLEAN', 'CLEAN', 'NEUTRAL', 'NEUTRAL', 'SET', 'SET', 'RECOVERING', 'BANCO_VAZIO')",7,4,10,40.000,ATTACK_STRONG,57.143,1.153742,3.1700
"('TANK', 'TANK', 'OFFENSIVE_ADV', 'DANGER', 'FULL', 'FIELD_OURS_OFF', 'FASTER', 'MEC_USED', 'CLEAN', 'CLEAN', 'NEUTRAL', 'NEUTRAL', 'CLEAR', 'CLEAR', 'OPENING', 'BANCO_OFF')",7,5,10,50.000,DISRUPTION,42.857,1.475076,4.3714
"('TANK', 'TANK', 'VOLATILE', 'FULL', 'FULL', 'FIELD_THEIRS', 'FASTER', 'MEC_AVAIL', 'CLEAN', 'CLEAN', 'NEUTRAL', 'NEUTRAL', 'CLEAR', 'CLEAR', 'OPENING', 'BANCO_VAZIO')",7,1,6,16.667,ATTACK_STRONG_MEC,100.000,-0.000000,1.0000
"('TANK', 'TANK', 'OFFENSIVE_ADV', 'FULL', 'SAFE', 'NORMAL', 'SLOWER', 'MEC_USED', 'CLEAN', 'CLEAN', 'NEUTRAL', 'NEUTRAL', 'CLEAR', 'CLEAR', 'BRAWL', 'BANCO_VAZIO')",7,3,11,27.273,HEAL,71.429,0.796312,2.2173
"('TANK', 'TANK', 'VOLATILE', 'SAFE', 'CRIT', 'NORMAL', 'FASTER', 'MEC_USED', 'CLEAN', 'CLEAN', 'NEUTRAL', 'NEUTRAL', 'CLEAR', 'CLEAR', 'OPENING', 'BANCO_OFF')",7,4,6,66.667,CLEAN_HAZARD,28.571,1.351784,3.8643
"('TANK', 'SWEEPER', 'OFFENSIVE_ADV', 'SAFE', 'FULL', 'FIELD_OURS_OFF', 'SLOWER', 'MEC_USED', 'CLEAN', 'CLEAN', 'NEUTRAL', 'NEUTRAL', 'CLEAR', 'CLEAR', 'OPENING', 'BANCO_OFF')",7,5,9,55.556,DISRUPTION,28.571,1.549826,4.7107
"('TANK', 'TANK', 'OFFENSIVE_ADV', 'SAFE', 'SAFE', 'NORMAL', 'SLOWER', 'MEC_USED', 'CLEAN', 'CLEAN', 'NEUTRAL', 'NEUTRAL', 'SET', 'CLEAR', 'OPENING', 'BANCO_VAZIO')",7,7,10,70.000,ATTACK_STRONG,14.286,1.945910,7.0000
"('TANK', 'TANK', 'DEFENSIVE_DIS', 'DANGER', 'FULL', 'NORMAL', 'SLOWER', 'MEC_USED', 'CLEAN', 'CLEAN', 'NEUTRAL', 'NEUTRAL', 'SET', 'CLEAR', 'RECOVERING', 'BANCO_VAZIO')",7,5,9,55.556,STATUS,28.571,1.549826,4.7107
"('SWEEPER', 'TANK', 'DEFENSIVE_DIS', 'FULL', 'SAFE', 'FIELD_THEIRS', 'SLOWER', 'MEC_USED', 'CLEAN', 'CLEAN', 'NEUTRAL', 'NEUTRAL', 'CLEAR', 'CLEAR', 'OPENING', 'BANCO_AMBOS')",7,2,3,66.667,ATTACK_STRONG,71.429,0.598270,1.8190
"('TANK', 'SWEEPER', 'DEFENSIVE_DIS', 'FULL', 'FULL', 'FIELD_SHARED', 'SLOWER', 'MEC_USED', 'CLEAN', 'CLEAN', 'NEUTRAL', 'NEUTRAL', 'CLEAR', 'CLEAR', 'OPENING', 'BANCO_DEF')",7,2,6,33.333,PROTECT,57.143,0.682908,1.9796
"('TANK', 'SWEEPER', 'OFFENSIVE_ADV', 'FULL', 'FULL', 'FIELD_SHARED', 'FASTER', 'MEC_USED', 'CLEAN', 'CLEAN', 'NEUTRAL', 'NEUTRAL', 'CLEAR', 'CLEAR', 'OPENING', 'BANCO_AMBOS')",7,5,6,83.333,SWITCH_OFFENSIVE,42.857,1.475076,4.3714
"('TANK', 'TANK', 'VOLATILE', 'DANGER', 'SAFE', 'NORMAL', 'SLOWER', 'MEC_USED', 'CLEAN', 'CLEAN', 'NEUTRAL', 'NEUTRAL', 'CLEAR', 'CLEAR', 'OPENING', 'BANCO_OFF')",7,5,10,50.000,ATTACK_STRONG,28.571,1.549826,4.7107
"('TANK', 'TANK', 'NEUTRAL', 'SAFE', 'FULL', 'NORMAL', 'SLOWER', 'MEC_USED', 'AFFLICTED', 'CLEAN', 'DEBUFF', 'NEUTRAL', 'CLEAR', 'CLEAR', 'OPENING', 'BANCO_OFF')",7,2,9,22.222,HEAL,57.143,0.682908,1.9796
"('TANK', 'SWEEPER', 'NEUTRAL', 'DANGER', 'SAFE', 'NORMAL', 'SLOWER', 'MEC_USED', 'CLEAN', 'CLEAN', 'NEUTRAL', 'NEUTRAL', 'CLEAR', 'CLEAR', 'OPENING', 'BANCO_OFF')",7,3,9,33.333,HEAL,71.429,0.796312,2.2173
"('TANK', 'TANK', 'NEUTRAL', 'FULL', 'FULL', 'NORMAL', 'FASTER', 'MEC_AVAIL', 'CLEAN', 'CLEAN', 'NEUTRAL', 'DEBUFF', 'CLEAR', 'CLEAR', 'OPENING', 'BANCO_OFF')",7,5,12,41.667,ATTACK_STRONG_MEC,28.571,1.549826,4.7107
"('TANK', 'SWEEPER', 'OFFENSIVE_ADV', 'DANGER', 'SAFE', 'FIELD_THEIRS', 'SLOWER', 'MEC_USED', 'CLEAN', 'CLEAN', 'NEUTRAL', 'NEUTRAL', 'CLEAR', 'CLEAR', 'OPENING', 'BANCO_OFF')",7,4,9,44.444,ATTACK_TECH,57.143,1.153742,3.1700
"('TANK', 'TANK', 'NEUTRAL', 'FULL', 'FULL', 'NORMAL', 'SLOWER', 'MEC_AVAIL', 'CLEAN', 'CLEAN', 'BUFFED', 'NEUTRAL', 'CLEAR', 'CLEAR', 'OPENING', 'BANCO_OFF')",7,1,8,12.500,ATTACK_STRONG,100.000,-0.000000,1.0000
"('TANK', 'TANK', 'NEUTRAL', 'SAFE', 'FULL', 'FIELD_THEIRS', 'SLOWER', 'MEC_USED', 'CLEAN', 'CLEAN', 'NEUTRAL', 'NEUTRAL', 'SET', 'CLEAR', 'BRAWL', 'BANCO_OFF')",7,4,9,44.444,ATTACK_STRONG,42.857,1.277034,3.5860
"('TANK', 'TANK', 'NEUTRAL', 'CRIT', 'FULL', 'NORMAL', 'FASTER', 'MEC_USED', 'CLEAN', 'CLEAN', 'NEUTRAL', 'NEUTRAL', 'SET', 'CLEAR', 'OPENING', 'BANCO_OFF')",7,4,8,50.000,SWITCH_DEFENSIVE,42.857,1.277034,3.5860
"('TANK', 'TANK', 'NEUTRAL', 'SAFE', 'DANGER', 'NORMAL', 'SLOWER', 'MEC_USED', 'CLEAN', 'CLEAN', 'NEUTRAL', 'NEUTRAL', 'SET', 'CLEAR', 'RECOVERING', 'BANCO_VAZIO')",7,5,8,62.500,ATTACK_STRONG,42.857,1.475076,4.3714
"('TANK', 'TANK', 'DEFENSIVE_ADV', 'FULL', 'SAFE', 'FIELD_THEIRS', 'FASTER', 'MEC_USED', 'CLEAN', 'CLEAN', 'NEUTRAL', 'NEUTRAL', 'CLEAR', 'CLEAR', 'OPENING', 'BANCO_OFF')",7,4,8,50.000,SWITCH_DEFENSIVE,57.143,1.153742,3.1700
"('SWEEPER', 'TANK', 'NEUTRAL', 'SAFE', 'FULL', 'NORMAL', 'FASTER', 'MEC_USED', 'CLEAN', 'CLEAN', 'BUFFED', 'NEUTRAL', 'SET', 'CLEAR', 'OPENING', 'BANCO_OFF')",7,3,5,60.000,HEAL,71.429,0.796312,2.2173
"('TANK', 'TANK', 'NEUTRAL', 'FULL', 'FULL', 'FIELD_THEIRS', 'SLOWER', 'MEC_USED', 'CLEAN', 'CLEAN', 'NEUTRAL', 'NEUTRAL', 'CLEAR', 'CLEAR', 'OPENING', 'BANCO_DEF')",7,5,9,55.556,STAT_CLEAN,28.571,1.549826,4.7107
"('TANK', 'TANK', 'NEUTRAL', 'DANGER', 'FULL', 'NORMAL', 'FASTER', 'MEC_USED', 'CLEAN', 'CLEAN', 'NEUTRAL', 'NEUTRAL', 'CLEAR', 'CLEAR', 'BRAWL', 'BANCO_AMBOS')",7,4,10,40.000,SWITCH_DEFENSIVE,57.143,1.153742,3.1700
"('TANK', 'TANK', 'CRITICAL_DIS', 'SAFE', 'SAFE', 'NORMAL', 'FASTER', 'MEC_USED', 'CLEAN', 'CLEAN', 'NEUTRAL', 'NEUTRAL', 'CLEAR', 'SET', 'RECOVERING', 'BANCO_VAZIO')",7,3,9,33.333,STAT_CLEAN,57.143,0.955700,2.6005
"('UTILITY', 'TANK', 'DEFENSIVE_DIS', 'DANGER', 'FULL', 'NORMAL', 'FASTER', 'MEC_USED', 'CLEAN', 'CLEAN', 'NEUTRAL', 'NEUTRAL', 'CLEAR', 'CLEAR', 'RECOVERING', 'BANCO_VAZIO')",7,2,6,33.333,STATUS,85.714,0.410116,1.5070
"('TANK', 'TANK', 'OFFENSIVE_ADV', 'SAFE', 'FULL', 'NORMAL', 'SLOWER', 'MEC_USED', 'CLEAN', 'CLEAN', 'NEUTRAL', 'NEUTRAL', 'CLEAR', 'CLEAR', 'DOMINATING', 'BANCO_OFF')",7,1,10,10.000,SWITCH_DEFENSIVE,100.000,-0.000000,1.0000
"('TANK', 'TANK', 'DEFENSIVE_DIS', 'SAFE', 'DANGER', 'NORMAL', 'FASTER', 'MEC_USED', 'CLEAN', 'CLEAN', 'NEUTRAL', 'NEUTRAL', 'CLEAR', 'CLEAR', 'OPENING', 'BANCO_AMBOS')",7,3,9,33.333,HEAL,57.143,0.955700,2.6005
"('SWEEPER', 'TANK', 'OFFENSIVE_ADV', 'CRIT', 'FULL', 'NORMAL', 'FASTER', 'MEC_USED', 'CLEAN', 'CLEAN', 'NEUTRAL', 'NEUTRAL', 'CLEAR', 'CLEAR', 'CLUTCH', 'BANCO_VAZIO')",7,2,5,40.000,ATTACK_STRONG,85.714,0.410116,1.5070
"('TANK', 'SWEEPER', 'DEFENSIVE_DIS', 'DANGER', 'SAFE', 'NORMAL', 'SLOWER', 'MEC_USED', 'CLEAN', 'CLEAN', 'NEUTRAL', 'NEUTRAL', 'CLEAR', 'CLEAR', 'OPENING', 'BANCO_OFF')",7,5,11,45.455,HEAL,28.571,1.549826,4.7107
"('UTILITY', 'TANK', 'DOMINANT', 'FULL', 'SAFE', 'FIELD_SHARED', 'FASTER', 'MEC_USED', 'CLEAN', 'CLEAN', 'NEUTRAL', 'NEUTRAL', 'CLEAR', 'CLEAR', 'OPENING', 'BANCO_OFF')",7,4,5,80.000,SWITCH_OFFENSIVE,42.857,1.277034,3.5860
"('TANK', 'TANK', 'DEFENSIVE_DIS', 'DANGER', 'FULL', 'NORMAL', 'SLOWER', 'MEC_USED', 'CLEAN', 'CLEAN', 'NEUTRAL', 'NEUTRAL', 'CLEAR', 'CLEAR', 'BRAWL', 'BANCO_OFF')",7,6,14,42.857,STATUS,28.571,1.747868,5.7423
"('TANK', 'UTILITY', 'OFFENSIVE_DIS', 'DANGER', 'SAFE', 'NORMAL', 'SLOWER', 'MEC_USED', 'CLEAN', 'CLEAN', 'NEUTRAL', 'NEUTRAL', 'CLEAR', 'CLEAR', 'OPENING', 'BANCO_OFF')",7,5,11,45.455,HEAL,28.571,1.549826,4.7107
"('UTILITY', 'TANK', 'DEFENSIVE_DIS', 'SAFE', 'SAFE', 'NORMAL', 'FASTER', 'MEC_USED', 'CLEAN', 'CLEAN', 'NEUTRAL', 'NEUTRAL', 'CLEAR', 'CLEAR', 'OPENING', 'BANCO_OFF')",7,4,8,50.000,ATTACK_STRONG,42.857,1.277034,3.5860
"('TANK', 'TANK', 'NEUTRAL', 'SAFE', 'SAFE', 'NORMAL', 'FASTER', 'MEC_USED', 'AFFLICTED', 'CLEAN', 'DEBUFF', 'NEUTRAL', 'CLEAR', 'CLEAR', 'OPENING', 'BANCO_VAZIO')",7,2,6,33.333,HEAL,85.714,0.410116,1.5070
"('TANK', 'TANK', 'NEUTRAL', 'DANGER', 'SAFE', 'NORMAL', 'FASTER', 'MEC_USED', 'AFFLICTED', 'CLEAN', 'NEUTRAL', 'NEUTRAL', 'SET', 'SET', 'RECOVERING', 'BANCO_VAZIO')",7,4,10,40.000,HAZARD,42.857,1.277034,3.5860
"('TANK', 'TANK', 'NEUTRAL', 'DANGER', 'FULL', 'NORMAL', 'FASTER', 'MEC_USED', 'CLEAN', 'CLEAN', 'BUFFED', 'NEUTRAL', 'CLEAR', 'CLEAR', 'OPENING', 'BANCO_AMBOS')",7,2,6,33.333,HEAL,85.714,0.410116,1.5070
"('TANK', 'TANK', 'OFFENSIVE_ADV', 'FULL', 'FULL', 'NORMAL', 'FASTER', 'MEC_USED', 'CLEAN', 'CLEAN', 'BUFFED', 'NEUTRAL', 'SET', 'CLEAR', 'OPENING', 'BANCO_OFF')",7,2,5,40.000,HEAL,85.714,0.410116,1.5070
"('TANK', 'TANK', 'OFFENSIVE_DIS', 'FULL', 'FULL', 'NORMAL', 'SLOWER', 'MEC_USED', 'AFFLICTED', 'CLEAN', 'NEUTRAL', 'NEUTRAL', 'CLEAR', 'SET', 'CLUTCH', 'BANCO_VAZIO')",7,1,1,100.000,HAZARD,100.000,-0.000000,1.0000
"('SWEEPER', 'TANK', 'DOMINANT', 'SAFE', 'FULL', 'NORMAL', 'FASTER', 'MEC_USED', 'CLEAN', 'CLEAN', 'NEUTRAL', 'NEUTRAL', 'CLEAR', 'CLEAR', 'CLUTCH', 'BANCO_VAZIO')",6,3,6,50.000,ATTACK_STRONG,66.667,0.867563,2.3811
"('UTILITY', 'UTILITY', 'NEUTRAL', 'FULL', 'FULL', 'FIELD_THEIRS', 'SLOWER', 'MEC_USED', 'AFFLICTED', 'CLEAN', 'DEBUFF', 'DEBUFF', 'SET', 'SET', 'CLUTCH', 'BANCO_VAZIO')",6,2,2,100.000,HAZARD,83.333,0.450561,1.5692
"('TANK', 'TANK', 'DEFENSIVE_DIS', 'FULL', 'FULL', 'NORMAL', 'SLOWER', 'MEC_USED', 'CLEAN', 'AFFLICTED', 'NEUTRAL', 'NEUTRAL', 'CLEAR', 'CLEAR', 'CLUTCH', 'BANCO_OFF')",6,2,6,33.333,STATUS,66.667,0.636514,1.8899
"('TANK', 'TANK', 'DEFENSIVE_DIS', 'CRIT', 'FULL', 'NORMAL', 'FASTER', 'MEC_USED', 'CLEAN', 'AFFLICTED', 'NEUTRAL', 'DEBUFF', 'SET', 'CLEAR', 'RECOVERING', 'BANCO_VAZIO')",6,2,7,28.571,STATUS,83.333,0.450561,1.5692
"('TANK', 'TANK', 'DEFENSIVE_ADV', 'DANGER', 'FULL', 'NORMAL', 'SLOWER', 'MEC_USED', 'CLEAN', 'AFFLICTED', 'DEBUFF', 'NEUTRAL', 'SET', 'SET', 'CLUTCH', 'BANCO_VAZIO')",6,2,2,100.000,HAZARD,66.667,0.636514,1.8899
"('UTILITY', 'TANK', 'OFFENSIVE_ADV', 'FULL', 'FULL', 'NORMAL', 'FASTER', 'MEC_AVAIL', 'CLEAN', 'CLEAN', 'NEUTRAL', 'NEUTRAL', 'CLEAR', 'CLEAR', 'OPENING', 'BANCO_OFF')",6,4,10,40.000,HEAL_MEC,50.000,1.242453,3.4641
"('TANK', 'TANK', 'NEUTRAL', 'SAFE', 'FULL', 'NORMAL', 'FASTER', 'MEC_USED', 'AFFLICTED', 'CLEAN', 'NEUTRAL', 'NEUTRAL', 'CLEAR', 'SET', 'RECOVERING', 'BANCO_VAZIO')",6,4,10,40.000,ATTACK_STRONG,33.333,1.329661,3.7798
"('TANK', 'TANK', 'NEUTRAL', 'FULL', 'FULL', 'FIELD_SHARED', 'FASTER', 'MEC_USED', 'CLEAN', 'CLEAN', 'NEUTRAL', 'NEUTRAL', 'CLEAR', 'CLEAR', 'RECOVERING', 'BANCO_VAZIO')",6,4,8,50.000,ATTACK_STRONG,33.333,1.329661,3.7798
"('TANK', 'TANK', 'NEUTRAL', 'SAFE', 'SAFE', 'NORMAL', 'FASTER', 'MEC_USED', 'AFFLICTED', 'CLEAN', 'NEUTRAL', 'NEUTRAL', 'CLEAR', 'SET', 'CLUTCH', 'BANCO_VAZIO')",6,2,9,22.222,ATTACK_STRONG,66.667,0.636514,1.8899
"('TANK', 'TANK', 'DEFENSIVE_DIS', 'SAFE', 'CRIT', 'NORMAL', 'SLOWER', 'MEC_USED', 'CLEAN', 'CLEAN', 'NEUTRAL', 'NEUTRAL', 'SET', 'SET', 'RECOVERING', 'BANCO_VAZIO')",6,1,12,8.333,ATTACK_STRONG,100.000,-0.000000,1.0000
"('TANK', 'TANK', 'NEUTRAL', 'CRIT', 'FULL', 'NORMAL', 'SLOWER', 'MEC_USED', 'CLEAN', 'CLEAN', 'NEUTRAL', 'NEUTRAL', 'SET', 'CLEAR', 'RECOVERING', 'BANCO_VAZIO')",6,5,10,50.000,STATUS,33.333,1.560710,4.7622
"('TANK', 'TANK', 'DEFENSIVE_DIS', 'FULL', 'SAFE', 'NORMAL', 'FASTER', 'MEC_USED', 'AFFLICTED', 'CLEAN', 'NEUTRAL', 'NEUTRAL', 'CLEAR', 'CLEAR', 'CLUTCH', 'BANCO_VAZIO')",6,1,7,14.286,HEAL,100.000,-0.000000,1.0000
"('TANK', 'TANK', 'NEUTRAL', 'SAFE', 'SAFE', 'NORMAL', 'FASTER', 'MEC_AVAIL', 'CLEAN', 'CLEAN', 'NEUTRAL', 'NEUTRAL', 'SET', 'CLEAR', 'OPENING', 'BANCO_AMBOS')",6,3,10,30.000,BUFF_MEC,50.000,1.011404,2.7495
"('TANK', 'TANK', 'DEFENSIVE_DIS', 'SAFE', 'SAFE', 'NORMAL', 'FASTER', 'MEC_USED', 'CLEAN', 'CLEAN', 'NEUTRAL', 'NEUTRAL', 'SET', 'CLEAR', 'OPENING', 'BANCO_AMBOS')",6,2,12,16.667,SWITCH_DEFENSIVE,66.667,0.636514,1.8899
"('TANK', 'TANK', 'DEFENSIVE_ADV', 'SAFE', 'SAFE', 'NORMAL', 'SLOWER', 'MEC_USED', 'CLEAN', 'CLEAN', 'NEUTRAL', 'NEUTRAL', 'CLEAR', 'SET', 'RECOVERING', 'BANCO_VAZIO')",6,3,10,30.000,HAZARD,66.667,0.867563,2.3811
"('UTILITY', 'UTILITY', 'OFFENSIVE_ADV', 'FULL', 'FULL', 'NORMAL', 'SLOWER', 'MEC_USED', 'CLEAN', 'CLEAN', 'NEUTRAL', 'NEUTRAL', 'CLEAR', 'CLEAR', 'OPENING', 'BANCO_OFF')",6,2,5,40.000,ATTACK_STRONG,50.000,0.693147,2.0000
"('TANK', 'TANK', 'NEUTRAL', 'SAFE', 'DANGER', 'NORMAL', 'SLOWER', 'MEC_USED', 'CLEAN', 'CLEAN', 'NEUTRAL', 'NEUTRAL', 'SET', 'CLEAR', 'OPENING', 'BANCO_VAZIO')",6,6,12,50.000,ATTACK_TECH,16.667,1.791759,6.0000
"('TANK', 'TANK', 'OFFENSIVE_ADV', 'SAFE', 'FULL', 'NORMAL', 'FASTER', 'MEC_USED', 'CLEAN', 'CLEAN', 'BUFFED', 'NEUTRAL', 'SET', 'CLEAR', 'OPENING', 'BANCO_OFF')",6,3,7,42.857,ATTACK_STRONG,50.000,1.011404,2.7495
"('TANK', 'SWEEPER', 'NEUTRAL', 'SAFE', 'SAFE', 'NORMAL', 'SLOWER', 'MEC_USED', 'CLEAN', 'CLEAN', 'NEUTRAL', 'NEUTRAL', 'CLEAR', 'CLEAR', 'BRAWL', 'BANCO_VAZIO')",6,4,10,40.000,STATUS,33.333,1.329661,3.7798
"('TANK', 'TANK', 'NEUTRAL', 'FULL', 'DANGER', 'NORMAL', 'FASTER', 'MEC_AVAIL', 'CLEAN', 'CLEAN', 'NEUTRAL', 'NEUTRAL', 'CLEAR', 'CLEAR', 'OPENING', 'BANCO_OFF')",6,4,10,40.000,BUFF_MEC,33.333,1.329661,3.7798
"('TANK', 'TANK', 'VOLATILE', 'DANGER', 'FULL', 'NORMAL', 'FASTER', 'MEC_USED', 'CLEAN', 'CLEAN', 'NEUTRAL', 'NEUTRAL', 'SET', 'CLEAR', 'RECOVERING', 'BANCO_VAZIO')",6,5,7,71.429,SWITCH_DEFENSIVE,33.333,1.560710,4.7622
"('UTILITY', 'TANK', 'NEUTRAL', 'SAFE', 'FULL', 'NORMAL', 'FASTER', 'MEC_USED', 'CLEAN', 'CLEAN', 'NEUTRAL', 'NEUTRAL', 'SET', 'CLEAR', 'RECOVERING', 'BANCO_VAZIO')",6,5,9,55.556,BUFF,33.333,1.560710,4.7622
"('TANK', 'TANK', 'STALEMATE', 'FULL', 'FULL', 'NORMAL', 'SLOWER', 'MEC_USED', 'CLEAN', 'CLEAN', 'NEUTRAL', 'NEUTRAL', 'CLEAR', 'CLEAR', 'BRAWL', 'BANCO_OFF')",6,4,9,44.444,STAT_CLEAN,33.333,1.329661,3.7798
"('SWEEPER', 'TANK', 'OFFENSIVE_ADV', 'FULL', 'FULL', 'NORMAL', 'FASTER', 'MEC_USED', 'CLEAN', 'CLEAN', 'NEUTRAL', 'DEBUFF', 'CLEAR', 'CLEAR', 'BRAWL', 'BANCO_OFF')",6,2,6,33.333,CLEAN_HAZARD,83.333,0.450561,1.5692
"('TANK', 'TANK', 'NEUTRAL', 'FULL', 'CRIT', 'NORMAL', 'SLOWER', 'MEC_USED', 'CLEAN', 'CLEAN', 'NEUTRAL', 'NEUTRAL', 'SET', 'CLEAR', 'RECOVERING', 'BANCO_VAZIO')",6,5,11,45.455,SWITCH_DEFENSIVE,33.333,1.560710,4.7622
"('TANK', 'UTILITY', 'DEFENSIVE_DIS', 'DANGER', 'SAFE', 'NORMAL', 'SLOWER', 'MEC_USED', 'CLEAN', 'CLEAN', 'NEUTRAL', 'BUFFED', 'CLEAR', 'CLEAR', 'RECOVERING', 'BANCO_VAZIO')",6,4,9,44.444,ATTACK_TECH,33.333,1.329661,3.7798
"('TANK', 'TANK', 'NEUTRAL', 'FULL', 'SAFE', 'NORMAL', 'SLOWER', 'MEC_USED', 'CLEAN', 'CLEAN', 'NEUTRAL', 'NEUTRAL', 'CLEAR', 'SET', 'OPENING', 'BANCO_AMBOS')",6,2,11,18.182,SWITCH_DEFENSIVE,83.333,0.450561,1.5692
"('TANK', 'TANK', 'DEFENSIVE_ADV', 'FULL', 'SAFE', 'NORMAL', 'SLOWER', 'MEC_USED', 'CLEAN', 'CLEAN', 'NEUTRAL', 'NEUTRAL', 'SET', 'CLEAR', 'OPENING', 'BANCO_OFF')",6,5,10,50.000,CLEAN_HAZARD,33.333,1.560710,4.7622
"('TANK', 'TANK', 'OFFENSIVE_DIS', 'FULL', 'FULL', 'NORMAL', 'SLOWER', 'MEC_USED', 'CLEAN', 'AFFLICTED', 'NEUTRAL', 'NEUTRAL', 'CLEAR', 'CLEAR', 'OPENING', 'BANCO_OFF')",6,3,12,25.000,STATUS,50.000,1.011404,2.7495
"('TANK', 'TANK', 'NEUTRAL', 'SAFE', 'DANGER', 'NORMAL', 'FASTER', 'MEC_USED', 'CLEAN', 'CLEAN', 'NEUTRAL', 'NEUTRAL', 'CLEAR', 'CLEAR', 'BRAWL', 'BANCO_VAZIO')",6,5,8,62.500,ATTACK_STRONG,33.333,1.560710,4.7622
"('SWEEPER', 'TANK', 'NEUTRAL', 'FULL', 'SAFE', 'NORMAL', 'FASTER', 'MEC_USED', 'CLEAN', 'CLEAN', 'NEUTRAL', 'NEUTRAL', 'SET', 'CLEAR', 'OPENING', 'BANCO_AMBOS')",6,3,6,50.000,ATTACK_STRONG,66.667,0.867563,2.3811
"('TANK', 'UTILITY', 'DEFENSIVE_DIS', 'SAFE', 'SAFE', 'NORMAL', 'SLOWER', 'MEC_USED', 'CLEAN', 'CLEAN', 'NEUTRAL', 'BUFFED', 'CLEAR', 'CLEAR', 'RECOVERING', 'BANCO_VAZIO')",6,4,7,57.143,ATTACK_PIVOT,33.333,1.329661,3.7798
"('TANK', 'TANK', 'DEFENSIVE_ADV', 'SAFE', 'SAFE', 'NORMAL', 'SLOWER', 'MEC_USED', 'CLEAN', 'CLEAN', 'NEUTRAL', 'NEUTRAL', 'SET', 'CLEAR', 'OPENING', 'BANCO_VAZIO')",6,6,12,50.000,ATTACK_PIVOT,16.667,1.791759,6.0000
"('TANK', 'TANK', 'CRITICAL_DIS', 'FULL', 'SAFE', 'NORMAL', 'SLOWER', 'MEC_USED', 'CLEAN', 'CLEAN', 'NEUTRAL', 'DEBUFF', 'CLEAR', 'CLEAR', 'CLUTCH', 'BANCO_VAZIO')",6,2,6,33.333,HAZARD,83.333,0.450561,1.5692
"('TANK', 'TANK', 'VOLATILE', 'SAFE', 'FULL', 'FIELD_THEIRS', 'FASTER', 'MEC_AVAIL', 'CLEAN', 'CLEAN', 'NEUTRAL', 'NEUTRAL', 'CLEAR', 'CLEAR', 'OPENING', 'BANCO_OFF')",6,6,14,42.857,ATTACK_STRONG,16.667,1.791759,6.0000
"('UTILITY', 'TANK', 'NEUTRAL', 'SAFE', 'FULL', 'NORMAL', 'FASTER', 'MEC_USED', 'CLEAN', 'CLEAN', 'NEUTRAL', 'NEUTRAL', 'CLEAR', 'CLEAR', 'OPENING', 'BANCO_VAZIO')",6,5,9,55.556,HEAL,33.333,1.560710,4.7622
"('TANK', 'TANK', 'NEUTRAL', 'SAFE', 'FULL', 'FIELD_OURS_OFF', 'FASTER', 'MEC_USED', 'CLEAN', 'CLEAN', 'NEUTRAL', 'NEUTRAL', 'CLEAR', 'CLEAR', 'OPENING', 'BANCO_VAZIO')",6,4,8,50.000,STATUS,50.000,1.242453,3.4641
"('TANK', 'TANK', 'OFFENSIVE_DIS', 'SAFE', 'SAFE', 'NORMAL', 'SLOWER', 'MEC_USED', 'CLEAN', 'CLEAN', 'NEUTRAL', 'NEUTRAL', 'SET', 'SET', 'BRAWL', 'BANCO_VAZIO')",6,3,6,50.000,STATUS,66.667,0.867563,2.3811
"('UTILITY', 'TANK', 'DEFENSIVE_DIS', 'FULL', 'FULL', 'FIELD_THEIRS', 'FASTER', 'MEC_USED', 'CLEAN', 'CLEAN', 'NEUTRAL', 'NEUTRAL', 'CLEAR', 'CLEAR', 'OPENING', 'BANCO_OFF')",6,4,6,66.667,ATTACK_STRONG,50.000,1.242453,3.4641
"('TANK', 'TANK', 'NEUTRAL', 'SAFE', 'FULL', 'FIELD_THEIRS', 'FASTER', 'MEC_AVAIL', 'CLEAN', 'CLEAN', 'NEUTRAL', 'NEUTRAL', 'CLEAR', 'CLEAR', 'OPENING', 'BANCO_VAZIO')",6,4,12,33.333,ATTACK_STRONG_MEC,33.333,1.329661,3.7798
"('TANK', 'SWEEPER', 'DEFENSIVE_DIS', 'FULL', 'FULL', 'FIELD_THEIRS', 'SLOWER', 'MEC_AVAIL', 'CLEAN', 'CLEAN', 'NEUTRAL', 'NEUTRAL', 'CLEAR', 'CLEAR', 'OPENING', 'BANCO_OFF')",6,5,14,35.714,ATTACK_STRONG_MEC,33.333,1.560710,4.7622
"('TANK', 'TANK', 'DOMINANT', 'FULL', 'SAFE', 'NORMAL', 'FASTER', 'MEC_USED', 'CLEAN', 'CLEAN', 'NEUTRAL', 'NEUTRAL', 'CLEAR', 'SET', 'OPENING', 'BANCO_AMBOS')",6,5,9,55.556,SWITCH_OFFENSIVE,33.333,1.560710,4.7622
"('TANK', 'TANK', 'DEFENSIVE_ADV', 'SAFE', 'FULL', 'NORMAL', 'SLOWER', 'MEC_USED', 'AFFLICTED', 'AFFLICTED', 'DEBUFF', 'NEUTRAL', 'SET', 'SET', 'RECOVERING', 'BANCO_VAZIO')",6,1,4,25.000,STATUS,100.000,-0.000000,1.0000
"('SWEEPER', 'UTILITY', 'DEFENSIVE_ADV', 'FULL', 'FULL', 'FIELD_THEIRS', 'SLOWER', 'MEC_USED', 'CLEAN', 'CLEAN', 'NEUTRAL', 'NEUTRAL', 'CLEAR', 'CLEAR', 'OPENING', 'BANCO_OFF')",6,1,7,14.286,ATTACK_STRONG,100.000,-0.000000,1.0000
"('TANK', 'TANK', 'OFFENSIVE_ADV', 'DANGER', 'DANGER', 'NORMAL', 'SLOWER', 'MEC_USED', 'CLEAN', 'CLEAN', 'NEUTRAL', 'NEUTRAL', 'CLEAR', 'CLEAR', 'BRAWL', 'BANCO_OFF')",6,5,11,45.455,CLEAN_HAZARD,33.333,1.560710,4.7622
"('TANK', 'TANK', 'CRITICAL_DIS', 'CRIT', 'FULL', 'NORMAL', 'SLOWER', 'MEC_USED', 'CLEAN', 'CLEAN', 'NEUTRAL', 'NEUTRAL', 'CLEAR', 'CLEAR', 'RECOVERING', 'BANCO_VAZIO')",6,3,10,30.000,CLEAN_HAZARD,66.667,0.867563,2.3811
"('TANK', 'TANK', 'NEUTRAL', 'CRIT', 'DANGER', 'NORMAL', 'FASTER', 'MEC_USED', 'CLEAN', 'CLEAN', 'NEUTRAL', 'NEUTRAL', 'CLEAR', 'CLEAR', 'OPENING', 'BANCO_VAZIO')",6,4,8,50.000,CLEAN_HAZARD,33.333,1.329661,3.7798
"('TANK', 'TANK', 'DOMINANT', 'FULL', 'SAFE', 'FIELD_SHARED', 'FASTER', 'MEC_USED', 'CLEAN', 'CLEAN', 'NEUTRAL', 'NEUTRAL', 'SET', 'CLEAR', 'OPENING', 'BANCO_AMBOS')",6,5,9,55.556,CLEAN_HAZARD,33.333,1.560710,4.7622
"('UTILITY', 'TANK', 'OFFENSIVE_ADV', 'FULL', 'FULL', 'NORMAL', 'FASTER', 'MEC_AVAIL', 'CLEAN', 'CLEAN', 'NEUTRAL', 'NEUTRAL', 'CLEAR', 'CLEAR', 'OPENING', 'BANCO_DEF')",6,4,4,100.000,SWITCH_OFFENSIVE,50.000,1.242453,3.4641
"('SWEEPER', 'TANK', 'DOMINANT', 'FULL', 'SAFE', 'FIELD_SHARED', 'FASTER', 'MEC_USED', 'CLEAN', 'CLEAN', 'NEUTRAL', 'NEUTRAL', 'CLEAR', 'CLEAR', 'OPENING', 'BANCO_AMBOS')",6,4,5,80.000,SWITCH_DEFENSIVE,50.000,1.242453,3.4641
"('TANK', 'TANK', 'OFFENSIVE_ADV', 'CRIT', 'FULL', 'NORMAL', 'FASTER', 'MEC_USED', 'CLEAN', 'CLEAN', 'NEUTRAL', 'NEUTRAL', 'CLEAR', 'SET', 'OPENING', 'BANCO_OFF')",6,4,8,50.000,STATUS,50.000,1.242453,3.4641
"('TANK', 'UTILITY', 'VOLATILE', 'SAFE', 'FULL', 'NORMAL', 'SLOWER', 'MEC_USED', 'CLEAN', 'CLEAN', 'NEUTRAL', 'NEUTRAL', 'SET', 'CLEAR', 'OPENING', 'BANCO_OFF')",6,3,7,42.857,ATTACK_PIVOT,50.000,1.011404,2.7495
"('SWEEPER', 'TANK', 'DEFENSIVE_DIS', 'FULL', 'SAFE', 'FIELD_THEIRS', 'FASTER', 'MEC_USED', 'CLEAN', 'CLEAN', 'NEUTRAL', 'NEUTRAL', 'CLEAR', 'CLEAR', 'OPENING', 'BANCO_OFF')",6,4,6,66.667,ATTACK_TECH,50.000,1.242453,3.4641
"('TANK', 'TANK', 'OFFENSIVE_ADV', 'DANGER', 'FULL', 'NORMAL', 'FASTER', 'MEC_USED', 'CLEAN', 'CLEAN', 'NEUTRAL', 'NEUTRAL', 'SET', 'SET', 'OPENING', 'BANCO_OFF')",6,4,9,44.444,ATTACK_PIVOT,50.000,1.242453,3.4641
"('TANK', 'UTILITY', 'DEFENSIVE_ADV', 'FULL', 'FULL', 'NORMAL', 'SLOWER', 'MEC_USED', 'CLEAN', 'CLEAN', 'NEUTRAL', 'NEUTRAL', 'CLEAR', 'CLEAR', 'OPENING', 'BANCO_OFF')",6,3,8,37.500,SWITCH_OFFENSIVE,50.000,1.011404,2.7495
"('TANK', 'TANK', 'OFFENSIVE_ADV', 'FULL', 'SAFE', 'FIELD_SHARED', 'FASTER', 'MEC_USED', 'CLEAN', 'CLEAN', 'NEUTRAL', 'NEUTRAL', 'SET', 'CLEAR', 'OPENING', 'BANCO_AMBOS')",6,3,9,33.333,CLEAN_HAZARD,50.000,1.011404,2.7495
"('TANK', 'SWEEPER', 'DEFENSIVE_DIS', 'FULL', 'FULL', 'FIELD_OURS_DEF', 'SLOWER', 'MEC_AVAIL', 'CLEAN', 'CLEAN', 'DEBUFF', 'NEUTRAL', 'CLEAR', 'CLEAR', 'OPENING', 'BANCO_OFF')",6,2,6,33.333,SWITCH_DEFENSIVE,83.333,0.450561,1.5692
"('TANK', 'SWEEPER', 'VOLATILE', 'CRIT', 'FULL', 'NORMAL', 'SLOWER', 'MEC_USED', 'CLEAN', 'CLEAN', 'NEUTRAL', 'NEUTRAL', 'CLEAR', 'CLEAR', 'OPENING', 'BANCO_OFF')",6,5,11,45.455,HEAL,33.333,1.560710,4.7622
"('TANK', 'TANK', 'NEUTRAL', 'FULL', 'SAFE', 'NORMAL', 'FASTER', 'MEC_USED', 'AFFLICTED', 'CLEAN', 'NEUTRAL', 'NEUTRAL', 'CLEAR', 'SET', 'RECOVERING', 'BANCO_VAZIO')",6,1,8,12.500,ATTACK_STRONG,100.000,-0.000000,1.0000
"('TANK', 'TANK', 'OFFENSIVE_DIS', 'FULL', 'FULL', 'NORMAL', 'SLOWER', 'MEC_USED', 'CLEAN', 'CLEAN', 'NEUTRAL', 'NEUTRAL', 'CLEAR', 'CLEAR', 'OPENING', 'BANCO_DEF')",6,4,12,33.333,ATTACK_TECH,33.333,1.329661,3.7798
"('TANK', 'TANK', 'OFFENSIVE_ADV', 'SAFE', 'FULL', 'FIELD_THEIRS', 'FASTER', 'MEC_AVAIL', 'CLEAN', 'CLEAN', 'NEUTRAL', 'NEUTRAL', 'CLEAR', 'CLEAR', 'OPENING', 'BANCO_VAZIO')",6,3,6,50.000,SWITCH_DEFENSIVE,50.000,1.011404,2.7495
"('TANK', 'TANK', 'DEFENSIVE_DIS', 'FULL', 'FULL', 'NORMAL', 'SLOWER', 'MEC_USED', 'CLEAN', 'CLEAN', 'NEUTRAL', 'NEUTRAL', 'CLEAR', 'CLEAR', 'BRAWL', 'BANCO_VAZIO')",6,3,11,27.273,ATTACK_TECH,66.667,0.867563,2.3811
"('TANK', 'TANK', 'OFFENSIVE_DIS', 'FULL', 'SAFE', 'FIELD_SHARED', 'SLOWER', 'MEC_USED', 'CLEAN', 'CLEAN', 'NEUTRAL', 'NEUTRAL', 'CLEAR', 'CLEAR', 'OPENING', 'BANCO_AMBOS')",6,6,10,60.000,ATTACK_STRONG,16.667,1.791759,6.0000
"('TANK', 'UTILITY', 'CRITICAL_DIS', 'SAFE', 'SAFE', 'NORMAL', 'SLOWER', 'MEC_USED', 'CLEAN', 'CLEAN', 'NEUTRAL', 'NEUTRAL', 'CLEAR', 'CLEAR', 'OPENING', 'BANCO_AMBOS')",6,1,8,12.500,SWITCH_OFFENSIVE,100.000,-0.000000,1.0000
"('TANK', 'TANK', 'DOMINANT', 'FULL', 'FULL', 'NORMAL', 'FASTER', 'MEC_USED', 'CLEAN', 'CLEAN', 'NEUTRAL', 'NEUTRAL', 'SET', 'SET', 'OPENING', 'BANCO_AMBOS')",6,3,9,33.333,HAZARD,50.000,1.011404,2.7495
"('TANK', 'TANK', 'VOLATILE', 'FULL', 'FULL', 'FIELD_OURS_OFF', 'FASTER', 'MEC_AVAIL', 'CLEAN', 'CLEAN', 'NEUTRAL', 'NEUTRAL', 'CLEAR', 'CLEAR', 'OPENING', 'BANCO_AMBOS')",6,4,8,50.000,ATTACK_STRONG_MEC,50.000,1.242453,3.4641
"('TANK', 'TANK', 'OFFENSIVE_DIS', 'FULL', 'FULL', 'FIELD_OURS_OFF', 'SLOWER', 'MEC_USED', 'CLEAN', 'CLEAN', 'NEUTRAL', 'NEUTRAL', 'CLEAR', 'CLEAR', 'OPENING', 'BANCO_AMBOS')",6,4,8,50.000,STATUS,33.333,1.329661,3.7798
"('TANK', 'TANK', 'VOLATILE', 'FULL', 'SAFE', 'NORMAL', 'FASTER', 'MEC_USED', 'CLEAN', 'CLEAN', 'NEUTRAL', 'NEUTRAL', 'SET', 'CLEAR', 'BRAWL', 'BANCO_OFF')",6,2,8,25.000,ATTACK_STRONG,66.667,0.636514,1.8899
"('TANK', 'TANK', 'OFFENSIVE_ADV', 'SAFE', 'CRIT', 'NORMAL', 'SLOWER', 'MEC_USED', 'CLEAN', 'CLEAN', 'NEUTRAL', 'NEUTRAL', 'SET', 'SET', 'RECOVERING', 'BANCO_VAZIO')",6,2,4,50.000,HAZARD,83.333,0.450561,1.5692
"('TANK', 'UTILITY', 'NEUTRAL', 'SAFE', 'FULL', 'NORMAL', 'SLOWER', 'MEC_USED', 'CLEAN', 'CLEAN', 'NEUTRAL', 'NEUTRAL', 'CLEAR', 'CLEAR', 'OPENING', 'BANCO_AMBOS')",6,4,9,44.444,ATTACK_TECH,33.333,1.329661,3.7798
"('TANK', 'TANK', 'VOLATILE', 'FULL', 'SAFE', 'NORMAL', 'FASTER', 'MEC_AVAIL', 'CLEAN', 'CLEAN', 'NEUTRAL', 'NEUTRAL', 'CLEAR', 'CLEAR', 'OPENING', 'BANCO_AMBOS')",6,3,8,37.500,HAZARD,66.667,0.867563,2.3811
"('TANK', 'TANK', 'DEFENSIVE_DIS', 'SAFE', 'CRIT', 'NORMAL', 'FASTER', 'MEC_USED', 'CLEAN', 'CLEAN', 'NEUTRAL', 'NEUTRAL', 'CLEAR', 'CLEAR', 'RECOVERING', 'BANCO_VAZIO')",6,2,9,22.222,ATTACK_STRONG,50.000,0.693147,2.0000
"('TANK', 'TANK', 'NEUTRAL', 'FULL', 'DANGER', 'NORMAL', 'FASTER', 'MEC_USED', 'CLEAN', 'CLEAN', 'NEUTRAL', 'NEUTRAL', 'SET', 'CLEAR', 'OPENING', 'BANCO_VAZIO')",6,6,9,66.667,ATTACK_PIVOT,16.667,1.791759,6.0000
"('TANK', 'TANK', 'OFFENSIVE_ADV', 'SAFE', 'SAFE', 'NORMAL', 'FASTER', 'MEC_USED', 'CLEAN', 'CLEAN', 'NEUTRAL', 'NEUTRAL', 'CLEAR', 'SET', 'BRAWL', 'BANCO_OFF')",6,3,9,33.333,BUFF,50.000,1.011404,2.7495
"('TANK', 'TANK', 'DOMINANT', 'SAFE', 'FULL', 'FIELD_THEIRS', 'FASTER', 'MEC_USED', 'CLEAN', 'CLEAN', 'NEUTRAL', 'NEUTRAL', 'CLEAR', 'CLEAR', 'OPENING', 'BANCO_VAZIO')",6,4,5,80.000,STATUS,33.333,1.329661,3.7798
"('TANK', 'SWEEPER', 'OFFENSIVE_DIS', 'SAFE', 'SAFE', 'NORMAL', 'SLOWER', 'MEC_USED', 'CLEAN', 'CLEAN', 'NEUTRAL', 'NEUTRAL', 'CLEAR', 'CLEAR', 'RECOVERING', 'BANCO_VAZIO')",6,4,10,40.000,HEAL,33.333,1.329661,3.7798
"('SWEEPER', 'TANK', 'NEUTRAL', 'DANGER', 'FULL', 'FIELD_SHARED', 'FASTER', 'MEC_USED', 'CLEAN', 'CLEAN', 'NEUTRAL', 'NEUTRAL', 'CLEAR', 'CLEAR', 'OPENING', 'BANCO_AMBOS')",6,4,7,57.143,SWITCH_DEFENSIVE,50.000,1.242453,3.4641
"('TANK', 'TANK', 'DOMINANT', 'DANGER', 'FULL', 'NORMAL', 'SLOWER', 'MEC_USED', 'CLEAN', 'CLEAN', 'NEUTRAL', 'NEUTRAL', 'CLEAR', 'CLEAR', 'OPENING', 'BANCO_OFF')",6,5,9,55.556,SWITCH_DEFENSIVE,33.333,1.560710,4.7622
"('TANK', 'SWEEPER', 'CRITICAL_DIS', 'FULL', 'FULL', 'FIELD_SHARED', 'SLOWER', 'MEC_USED', 'CLEAN', 'CLEAN', 'NEUTRAL', 'NEUTRAL', 'CLEAR', 'CLEAR', 'OPENING', 'BANCO_AMBOS')",6,3,11,27.273,SWITCH_DEFENSIVE,66.667,0.867563,2.3811
"('TANK', 'TANK', 'VOLATILE', 'FULL', 'FULL', 'NORMAL', 'FASTER', 'MEC_USED', 'CLEAN', 'CLEAN', 'NEUTRAL', 'NEUTRAL', 'CLEAR', 'SET', 'OPENING', 'BANCO_AMBOS')",6,1,9,11.111,SWITCH_DEFENSIVE,100.000,-0.000000,1.0000
"('TANK', 'TANK', 'OFFENSIVE_DIS', 'FULL', 'DANGER', 'NORMAL', 'SLOWER', 'MEC_USED', 'CLEAN', 'CLEAN', 'NEUTRAL', 'NEUTRAL', 'CLEAR', 'CLEAR', 'OPENING', 'BANCO_VAZIO')",6,4,9,44.444,ATTACK_TECH,50.000,1.242453,3.4641
"('TANK', 'TANK', 'OFFENSIVE_DIS', 'FULL', 'FULL', 'NORMAL', 'FASTER', 'MEC_USED', 'CLEAN', 'CLEAN', 'NEUTRAL', 'NEUTRAL', 'CLEAR', 'SET', 'OPENING', 'BANCO_AMBOS')",6,3,11,27.273,SWITCH_DEFENSIVE,50.000,1.011404,2.7495
"('UTILITY', 'TANK', 'OFFENSIVE_ADV', 'FULL', 'FULL', 'NORMAL', 'SLOWER', 'MEC_USED', 'CLEAN', 'CLEAN', 'NEUTRAL', 'NEUTRAL', 'CLEAR', 'CLEAR', 'OPENING', 'BANCO_OFF')",6,5,8,62.500,FIELD_CONTROL,33.333,1.560710,4.7622
"('TANK', 'TANK', 'OFFENSIVE_DIS', 'FULL', 'SAFE', 'FIELD_SHARED', 'FASTER', 'MEC_USED', 'CLEAN', 'CLEAN', 'NEUTRAL', 'NEUTRAL', 'CLEAR', 'CLEAR', 'OPENING', 'BANCO_OFF')",6,3,10,30.000,ATTACK_TECH,66.667,0.867563,2.3811
"('TANK', 'TANK', 'NEUTRAL', 'SAFE', 'FULL', 'NORMAL', 'FASTER', 'MEC_USED', 'CLEAN', 'CLEAN', 'BUFFED', 'NEUTRAL', 'SET', 'CLEAR', 'OPENING', 'BANCO_AMBOS')",6,3,6,50.000,STATUS,66.667,0.867563,2.3811
"('TANK', 'TANK', 'NEUTRAL', 'FULL', 'FULL', 'NORMAL', 'SLOWER', 'MEC_USED', 'CLEAN', 'CLEAN', 'DEBUFF', 'NEUTRAL', 'CLEAR', 'SET', 'RECOVERING', 'BANCO_VAZIO')",6,2,2,100.000,HAZARD,66.667,0.636514,1.8899
"('TANK', 'TANK', 'NEUTRAL', 'SAFE', 'CRIT', 'NORMAL', 'SLOWER', 'MEC_USED', 'CLEAN', 'CLEAN', 'NEUTRAL', 'NEUTRAL', 'SET', 'SET', 'CLUTCH', 'BANCO_VAZIO')",6,2,9,22.222,ATTACK_STRONG,83.333,0.450561,1.5692
"('TANK', 'TANK', 'OFFENSIVE_ADV', 'SAFE', 'FULL', 'FIELD_OURS_DEF', 'FASTER', 'MEC_USED', 'CLEAN', 'CLEAN', 'NEUTRAL', 'NEUTRAL', 'CLEAR', 'CLEAR', 'OPENING', 'BANCO_OFF')",6,3,5,60.000,SWITCH_DEFENSIVE,66.667,0.867563,2.3811
"('TANK', 'TANK', 'NEUTRAL', 'FULL', 'FULL', 'FIELD_SHARED', 'FASTER', 'MEC_USED', 'AFFLICTED', 'CLEAN', 'NEUTRAL', 'NEUTRAL', 'CLEAR', 'CLEAR', 'OPENING', 'BANCO_OFF')",6,5,10,50.000,SWITCH_DEFENSIVE,33.333,1.560710,4.7622
"('TANK', 'TANK', 'OFFENSIVE_ADV', 'FULL', 'CRIT', 'NORMAL', 'SLOWER', 'MEC_USED', 'CLEAN', 'CLEAN', 'NEUTRAL', 'NEUTRAL', 'CLEAR', 'CLEAR', 'RECOVERING', 'BANCO_VAZIO')",6,2,8,25.000,ATTACK_STRONG,50.000,0.693147,2.0000
"('TANK', 'SWEEPER', 'NEUTRAL', 'FULL', 'FULL', 'NORMAL', 'SLOWER', 'MEC_USED', 'CLEAN', 'CLEAN', 'NEUTRAL', 'NEUTRAL', 'SET', 'CLEAR', 'OPENING', 'BANCO_OFF')",6,5,11,45.455,ATTACK_STRONG,33.333,1.560710,4.7622
"('TANK', 'TANK', 'OFFENSIVE_ADV', 'FULL', 'FULL', 'NORMAL', 'SLOWER', 'MEC_USED', 'CLEAN', 'CLEAN', 'NEUTRAL', 'DEBUFF', 'CLEAR', 'CLEAR', 'OPENING', 'BANCO_OFF')",6,3,7,42.857,ATTACK_STRONG,33.333,1.098612,3.0000
"('TANK', 'SWEEPER', 'DOMINANT', 'FULL', 'SAFE', 'FIELD_THEIRS', 'SLOWER', 'MEC_AVAIL', 'CLEAN', 'CLEAN', 'NEUTRAL', 'NEUTRAL', 'CLEAR', 'CLEAR', 'OPENING', 'BANCO_OFF')",6,6,12,50.000,ATTACK_STRONG,16.667,1.791759,6.0000
"('TANK', 'TANK', 'NEUTRAL', 'FULL', 'SAFE', 'FIELD_SHARED', 'FASTER', 'MEC_USED', 'CLEAN', 'CLEAN', 'NEUTRAL', 'DEBUFF', 'CLEAR', 'CLEAR', 'OPENING', 'BANCO_OFF')",6,4,7,57.143,ATTACK_STRONG,50.000,1.242453,3.4641
"('TANK', 'TANK', 'DOMINANT', 'SAFE', 'FULL', 'FIELD_THEIRS', 'SLOWER', 'MEC_USED', 'CLEAN', 'CLEAN', 'NEUTRAL', 'NEUTRAL', 'CLEAR', 'CLEAR', 'OPENING', 'BANCO_AMBOS')",6,5,10,50.000,CLEAN_HAZARD,33.333,1.560710,4.7622
"('TANK', 'TANK', 'OFFENSIVE_DIS', 'DANGER', 'FULL', 'NORMAL', 'SLOWER', 'MEC_USED', 'CLEAN', 'CLEAN', 'NEUTRAL', 'NEUTRAL', 'SET', 'CLEAR', 'RECOVERING', 'BANCO_VAZIO')",6,4,9,44.444,STATUS,33.333,1.329661,3.7798
"('UTILITY', 'SWEEPER', 'DEFENSIVE_DIS', 'FULL', 'FULL', 'FIELD_THEIRS', 'FASTER', 'MEC_USED', 'CLEAN', 'CLEAN', 'NEUTRAL', 'NEUTRAL', 'CLEAR', 'CLEAR', 'OPENING', 'BANCO_AMBOS')",6,3,4,75.000,SWITCH_OFFENSIVE,50.000,1.011404,2.7495
"('TANK', 'TANK', 'VOLATILE', 'FULL', 'DANGER', 'NORMAL', 'FASTER', 'MEC_USED', 'CLEAN', 'CLEAN', 'NEUTRAL', 'NEUTRAL', 'CLEAR', 'CLEAR', 'BRAWL', 'BANCO_OFF')",6,3,7,42.857,ATTACK_STRONG,50.000,1.011404,2.7495
"('UTILITY', 'SWEEPER', 'DEFENSIVE_DIS', 'FULL', 'FULL', 'NORMAL', 'SLOWER', 'MEC_USED', 'CLEAN', 'CLEAN', 'DEBUFF', 'NEUTRAL', 'CLEAR', 'CLEAR', 'OPENING', 'BANCO_OFF')",6,4,6,66.667,HAZARD,50.000,1.242453,3.4641
"('TANK', 'UTILITY', 'VOLATILE', 'SAFE', 'FULL', 'FIELD_SHARED', 'SLOWER', 'MEC_USED', 'CLEAN', 'CLEAN', 'NEUTRAL', 'NEUTRAL', 'CLEAR', 'CLEAR', 'OPENING', 'BANCO_OFF')",6,3,8,37.500,HEAL,66.667,0.867563,2.3811
"('TANK', 'TANK', 'CRITICAL_DIS', 'FULL', 'FULL', 'FIELD_THEIRS', 'SLOWER', 'MEC_USED', 'CLEAN', 'CLEAN', 'NEUTRAL', 'NEUTRAL', 'CLEAR', 'CLEAR', 'OPENING', 'BANCO_VAZIO')",6,4,8,50.000,SWITCH_DEFENSIVE,50.000,1.242453,3.4641
"('TANK', 'TANK', 'CRITICAL_DIS', 'FULL', 'FULL', 'FIELD_SHARED', 'FASTER', 'MEC_USED', 'CLEAN', 'CLEAN', 'NEUTRAL', 'NEUTRAL', 'CLEAR', 'CLEAR', 'OPENING', 'BANCO_VAZIO')",6,2,11,18.182,SWITCH_OFFENSIVE,83.333,0.450561,1.5692
"('TANK', 'SWEEPER', 'NEUTRAL', 'FULL', 'FULL', 'FIELD_THEIRS', 'SLOWER', 'MEC_USED', 'CLEAN', 'CLEAN', 'NEUTRAL', 'NEUTRAL', 'CLEAR', 'CLEAR', 'OPENING', 'BANCO_AMBOS')",6,3,12,25.000,ATTACK_STRONG,50.000,1.011404,2.7495
"('TANK', 'TANK', 'OFFENSIVE_DIS', 'SAFE', 'FULL', 'FIELD_SHARED', 'SLOWER', 'MEC_USED', 'CLEAN', 'CLEAN', 'NEUTRAL', 'NEUTRAL', 'CLEAR', 'CLEAR', 'OPENING', 'BANCO_VAZIO')",6,3,8,37.500,HEAL,66.667,0.867563,2.3811
"('TANK', 'SWEEPER', 'OFFENSIVE_ADV', 'SAFE', 'FULL', 'NORMAL', 'SLOWER', 'MEC_USED', 'CLEAN', 'CLEAN', 'NEUTRAL', 'NEUTRAL', 'CLEAR', 'CLEAR', 'RECOVERING', 'BANCO_VAZIO')",6,5,12,41.667,HAZARD,33.333,1.560710,4.7622
"('TANK', 'TANK', 'OFFENSIVE_ADV', 'FULL', 'DANGER', 'NORMAL', 'SLOWER', 'MEC_USED', 'CLEAN', 'CLEAN', 'NEUTRAL', 'NEUTRAL', 'CLEAR', 'CLEAR', 'BRAWL', 'BANCO_OFF')",6,6,10,60.000,ATTACK_STRONG,16.667,1.791759,6.0000
"('TANK', 'TANK', 'VOLATILE', 'SAFE', 'FULL', 'NORMAL', 'FASTER', 'MEC_USED', 'CLEAN', 'CLEAN', 'BUFFED', 'NEUTRAL', 'CLEAR', 'CLEAR', 'OPENING', 'BANCO_OFF')",6,3,7,42.857,ATTACK_STRONG,66.667,0.867563,2.3811
"('TANK', 'TANK', 'NEUTRAL', 'CRIT', 'SAFE', 'NORMAL', 'FASTER', 'MEC_USED', 'CLEAN', 'CLEAN', 'NEUTRAL', 'NEUTRAL', 'SET', 'SET', 'BRAWL', 'BANCO_OFF')",6,5,12,41.667,PROTECT,33.333,1.560710,4.7622
"('TANK', 'TANK', 'NEUTRAL', 'SAFE', 'FULL', 'NORMAL', 'FASTER', 'MEC_USED', 'CLEAN', 'CLEAN', 'NEUTRAL', 'NEUTRAL', 'CLEAR', 'SET', 'BRAWL', 'BANCO_OFF')",6,4,10,40.000,DISRUPTION,33.333,1.329661,3.7798
"('UTILITY', 'SWEEPER', 'NEUTRAL', 'FULL', 'FULL', 'FIELD_OURS_OFF', 'FASTER', 'MEC_USED', 'CLEAN', 'CLEAN', 'NEUTRAL', 'NEUTRAL', 'CLEAR', 'CLEAR', 'OPENING', 'BANCO_OFF')",6,4,7,57.143,ATTACK_PIVOT,50.000,1.242453,3.4641
"('TANK', 'TANK', 'OFFENSIVE_ADV', 'SAFE', 'FULL', 'NORMAL', 'FASTER', 'MEC_USED', 'CLEAN', 'CLEAN', 'NEUTRAL', 'NEUTRAL', 'CLEAR', 'SET', 'BRAWL', 'BANCO_OFF')",6,5,10,50.000,ATTACK_PIVOT,33.333,1.560710,4.7622
"('TANK', 'TANK', 'NEUTRAL', 'DANGER', 'DANGER', 'NORMAL', 'SLOWER', 'MEC_USED', 'CLEAN', 'CLEAN', 'NEUTRAL', 'NEUTRAL', 'CLEAR', 'CLEAR', 'OPENING', 'BANCO_VAZIO')",6,5,10,50.000,STAT_CLEAN,33.333,1.560710,4.7622
"('TANK', 'TANK', 'DEFENSIVE_ADV', 'FULL', 'SAFE', 'NORMAL', 'SLOWER', 'MEC_USED', 'CLEAN', 'CLEAN', 'NEUTRAL', 'NEUTRAL', 'CLEAR', 'CLEAR', 'BRAWL', 'BANCO_OFF')",6,3,11,27.273,SWITCH_OFFENSIVE,66.667,0.867563,2.3811
"('TANK', 'TANK', 'CRITICAL_DIS', 'FULL', 'FULL', 'NORMAL', 'FASTER', 'MEC_USED', 'CLEAN', 'CLEAN', 'DEBUFF', 'NEUTRAL', 'CLEAR', 'CLEAR', 'OPENING', 'BANCO_AMBOS')",6,1,8,12.500,SWITCH_OFFENSIVE,100.000,-0.000000,1.0000
"('TANK', 'TANK', 'NEUTRAL', 'DANGER', 'FULL', 'NORMAL', 'FASTER', 'MEC_USED', 'CLEAN', 'CLEAN', 'NEUTRAL', 'NEUTRAL', 'SET', 'SET', 'CLUTCH', 'BANCO_VAZIO')",6,3,7,42.857,HEAL,50.000,1.011404,2.7495
"('TANK', 'TANK', 'CRITICAL_DIS', 'FULL', 'FULL', 'FIELD_THEIRS', 'SLOWER', 'MEC_USED', 'CLEAN', 'CLEAN', 'NEUTRAL', 'NEUTRAL', 'SET', 'CLEAR', 'OPENING', 'BANCO_OFF')",6,1,9,11.111,SWITCH_OFFENSIVE,100.000,-0.000000,1.0000
"('TANK', 'SWEEPER', 'CRITICAL_DIS', 'DANGER', 'SAFE', 'NORMAL', 'SLOWER', 'MEC_USED', 'CLEAN', 'CLEAN', 'NEUTRAL', 'NEUTRAL', 'CLEAR', 'CLEAR', 'OPENING', 'BANCO_OFF')",6,4,10,40.000,ATTACK_STRONG,33.333,1.329661,3.7798
"('SWEEPER', 'SWEEPER', 'NEUTRAL', 'FULL', 'FULL', 'FIELD_SHARED', 'SLOWER', 'MEC_USED', 'CLEAN', 'CLEAN', 'NEUTRAL', 'NEUTRAL', 'CLEAR', 'CLEAR', 'OPENING', 'BANCO_VAZIO')",6,3,7,42.857,ATTACK_TECH,50.000,1.011404,2.7495
"('UTILITY', 'TANK', 'OFFENSIVE_ADV', 'DANGER', 'FULL', 'FIELD_THEIRS', 'FASTER', 'MEC_USED', 'CLEAN', 'CLEAN', 'NEUTRAL', 'NEUTRAL', 'CLEAR', 'CLEAR', 'OPENING', 'BANCO_OFF')",6,4,6,66.667,ATTACK_STRONG,33.333,1.329661,3.7798
"('SWEEPER', 'TANK', 'NEUTRAL', 'SAFE', 'SAFE', 'FIELD_OURS_OFF', 'FASTER', 'MEC_USED', 'CLEAN', 'CLEAN', 'NEUTRAL', 'NEUTRAL', 'CLEAR', 'CLEAR', 'OPENING', 'BANCO_OFF')",6,5,8,62.500,PROTECT,33.333,1.560710,4.7622
"('SWEEPER', 'TANK', 'NEUTRAL', 'SAFE', 'FULL', 'NORMAL', 'FASTER', 'MEC_USED', 'CLEAN', 'AFFLICTED', 'NEUTRAL', 'NEUTRAL', 'CLEAR', 'CLEAR', 'OPENING', 'BANCO_OFF')",6,2,6,33.333,ATTACK_STRONG,50.000,0.693147,2.0000
"('TANK', 'TANK', 'DEFENSIVE_DIS', 'SAFE', 'FULL', 'NORMAL', 'FASTER', 'MEC_USED', 'CLEAN', 'CLEAN', 'BUFFED', 'NEUTRAL', 'CLEAR', 'CLEAR', 'OPENING', 'BANCO_AMBOS')",6,4,7,57.143,HEAL,33.333,1.329661,3.7798
"('TANK', 'TANK', 'NEUTRAL', 'FULL', 'FULL', 'NORMAL', 'SLOWER', 'MEC_USED', 'CLEAN', 'CLEAN', 'NEUTRAL', 'NEUTRAL', 'SET', 'SET', 'BRAWL', 'BANCO_AMBOS')",6,2,9,22.222,SWITCH_OFFENSIVE,83.333,0.450561,1.5692
"('TANK', 'TANK', 'OFFENSIVE_ADV', 'CRIT', 'FULL', 'NORMAL', 'FASTER', 'MEC_USED', 'CLEAN', 'CLEAN', 'NEUTRAL', 'NEUTRAL', 'CLEAR', 'CLEAR', 'OPENING', 'BANCO_AMBOS')",6,5,8,62.500,ATTACK_STRONG,33.333,1.560710,4.7622
"('TANK', 'TANK', 'DEFENSIVE_DIS', 'SAFE', 'CRIT', 'NORMAL', 'SLOWER', 'MEC_USED', 'CLEAN', 'CLEAN', 'NEUTRAL', 'NEUTRAL', 'CLEAR', 'CLEAR', 'OPENING', 'BANCO_OFF')",6,1,9,11.111,ATTACK_STRONG,100.000,-0.000000,1.0000
"('TANK', 'TANK', 'DEFENSIVE_DIS', 'DANGER', 'SAFE', 'NORMAL', 'FASTER', 'MEC_USED', 'CLEAN', 'CLEAN', 'NEUTRAL', 'NEUTRAL', 'SET', 'SET', 'RECOVERING', 'BANCO_VAZIO')",6,4,7,57.143,ATTACK_STRONG,50.000,1.242453,3.4641
"('TANK', 'TANK', 'OFFENSIVE_ADV', 'DANGER', 'DANGER', 'NORMAL', 'FASTER', 'MEC_USED', 'CLEAN', 'CLEAN', 'NEUTRAL', 'NEUTRAL', 'CLEAR', 'CLEAR', 'BRAWL', 'BANCO_OFF')",6,5,9,55.556,ATTACK_TECH,33.333,1.560710,4.7622
"('TANK', 'TANK', 'DOMINANT', 'FULL', 'FULL', 'FIELD_THEIRS', 'FASTER', 'MEC_AVAIL', 'CLEAN', 'CLEAN', 'NEUTRAL', 'DEBUFF', 'CLEAR', 'CLEAR', 'OPENING', 'BANCO_OFF')",6,4,6,66.667,SWITCH_DEFENSIVE,33.333,1.329661,3.7798
"('TANK', 'TANK', 'OFFENSIVE_ADV', 'FULL', 'FULL', 'FIELD_SHARED', 'SLOWER', 'MEC_USED', 'CLEAN', 'CLEAN', 'NEUTRAL', 'NEUTRAL', 'CLEAR', 'CLEAR', 'OPENING', 'BANCO_VAZIO')",6,1,8,12.500,ATTACK_STRONG,100.000,-0.000000,1.0000
"('TANK', 'TANK', 'CRITICAL_DIS', 'FULL', 'FULL', 'NORMAL', 'SLOWER', 'MEC_USED', 'CLEAN', 'CLEAN', 'NEUTRAL', 'NEUTRAL', 'CLEAR', 'SET', 'OPENING', 'BANCO_AMBOS')",6,2,10,20.000,HAZARD,83.333,0.450561,1.5692
"('TANK', 'UTILITY', 'NEUTRAL', 'FULL', 'FULL', 'NORMAL', 'FASTER', 'MEC_AVAIL', 'CLEAN', 'CLEAN', 'NEUTRAL', 'NEUTRAL', 'CLEAR', 'CLEAR', 'OPENING', 'BANCO_AMBOS')",6,3,12,25.000,SWITCH_DEFENSIVE,50.000,1.011404,2.7495
"('TANK', 'TANK', 'NEUTRAL', 'FULL', 'DANGER', 'NORMAL', 'FASTER', 'MEC_USED', 'CLEAN', 'CLEAN', 'NEUTRAL', 'NEUTRAL', 'CLEAR', 'CLEAR', 'BRAWL', 'BANCO_OFF')",6,5,10,50.000,ATTACK_STRONG,33.333,1.560710,4.7622
"('TANK', 'TANK', 'NEUTRAL', 'SAFE', 'SAFE', 'NORMAL', 'FASTER', 'MEC_USED', 'AFFLICTED', 'CLEAN', 'NEUTRAL', 'NEUTRAL', 'SET', 'CLEAR', 'RECOVERING', 'BANCO_VAZIO')",6,3,10,30.000,SWITCH_DEFENSIVE,50.000,1.011404,2.7495
"('SWEEPER', 'TANK', 'DEFENSIVE_DIS', 'FULL', 'FULL', 'FIELD_THEIRS', 'FASTER', 'MEC_USED', 'CLEAN', 'CLEAN', 'DEBUFF', 'NEUTRAL', 'CLEAR', 'CLEAR', 'OPENING', 'BANCO_OFF')",6,2,4,50.000,SWITCH_DEFENSIVE,83.333,0.450561,1.5692
"('UTILITY', 'TANK', 'OFFENSIVE_DIS', 'FULL', 'FULL', 'NORMAL', 'FASTER', 'MEC_USED', 'CLEAN', 'CLEAN', 'NEUTRAL', 'NEUTRAL', 'CLEAR', 'CLEAR', 'OPENING', 'BANCO_OFF')",6,4,7,57.143,HEAL,33.333,1.329661,3.7798
"('SWEEPER', 'TANK', 'NEUTRAL', 'DANGER', 'DANGER', 'NORMAL', 'FASTER', 'MEC_USED', 'CLEAN', 'CLEAN', 'NEUTRAL', 'NEUTRAL', 'CLEAR', 'CLEAR', 'OPENING', 'BANCO_OFF')",6,6,8,75.000,ATTACK_STRONG,16.667,1.791759,6.0000
"('TANK', 'TANK', 'OFFENSIVE_ADV', 'CRIT', 'DANGER', 'NORMAL', 'FASTER', 'MEC_USED', 'CLEAN', 'CLEAN', 'NEUTRAL', 'NEUTRAL', 'CLEAR', 'CLEAR', 'OPENING', 'BANCO_OFF')",6,5,8,62.500,BUFF,33.333,1.560710,4.7622
"('TANK', 'TANK', 'OFFENSIVE_ADV', 'SAFE', 'FULL', 'NORMAL', 'SLOWER', 'MEC_USED', 'CLEAN', 'CLEAN', 'NEUTRAL', 'NEUTRAL', 'SET', 'CLEAR', 'OPENING', 'BANCO_AMBOS')",6,4,9,44.444,SWITCH_DEFENSIVE,50.000,1.242453,3.4641
"('TANK', 'TANK', 'NEUTRAL', 'DANGER', 'DANGER', 'NORMAL', 'FASTER', 'MEC_USED', 'CLEAN', 'CLEAN', 'NEUTRAL', 'NEUTRAL', 'SET', 'CLEAR', 'OPENING', 'BANCO_VAZIO')",6,4,10,40.000,HEAL,50.000,1.242453,3.4641
"('TANK', 'TANK', 'DEFENSIVE_ADV', 'SAFE', 'FULL', 'NORMAL', 'SLOWER', 'MEC_USED', 'CLEAN', 'CLEAN', 'NEUTRAL', 'NEUTRAL', 'CLEAR', 'CLEAR', 'RECOVERING', 'BANCO_VAZIO')",6,5,10,50.000,PROTECT,33.333,1.560710,4.7622
"('TANK', 'TANK', 'DEFENSIVE_ADV', 'FULL', 'FULL', 'NORMAL', 'SLOWER', 'MEC_USED', 'CLEAN', 'CLEAN', 'NEUTRAL', 'NEUTRAL', 'CLEAR', 'SET', 'OPENING', 'BANCO_OFF')",6,3,9,33.333,HAZARD,66.667,0.867563,2.3811
"('TANK', 'TANK', 'CRITICAL_DIS', 'DANGER', 'FULL', 'FIELD_THEIRS', 'SLOWER', 'MEC_USED', 'CLEAN', 'CLEAN', 'NEUTRAL', 'NEUTRAL', 'CLEAR', 'CLEAR', 'OPENING', 'BANCO_AMBOS')",6,3,9,33.333,PROTECT,66.667,0.867563,2.3811
"('UTILITY', 'UTILITY', 'NEUTRAL', 'FULL', 'FULL', 'NORMAL', 'SLOWER', 'MEC_AVAIL', 'CLEAN', 'CLEAN', 'NEUTRAL', 'NEUTRAL', 'CLEAR', 'CLEAR', 'OPENING', 'BANCO_OFF')",6,2,4,50.000,SWITCH_DEFENSIVE,50.000,0.693147,2.0000
"('TANK', 'TANK', 'NEUTRAL', 'FULL', 'FULL', 'NORMAL', 'SLOWER', 'MEC_USED', 'CLEAN', 'CLEAN', 'NEUTRAL', 'NEUTRAL', 'CLEAR', 'SET', 'OPENING', 'BANCO_DEF')",6,2,8,25.000,FIELD_CONTROL,83.333,0.450561,1.5692
"('UTILITY', 'TANK', 'NEUTRAL', 'FULL', 'SAFE', 'NORMAL', 'FASTER', 'MEC_USED', 'CLEAN', 'CLEAN', 'NEUTRAL', 'NEUTRAL', 'CLEAR', 'CLEAR', 'OPENING', 'BANCO_OFF')",6,3,9,33.333,STATUS,33.333,1.098612,3.0000
"('SWEEPER', 'TANK', 'NEUTRAL', 'FULL', 'FULL', 'NORMAL', 'FASTER', 'MEC_USED', 'CLEAN', 'CLEAN', 'NEUTRAL', 'NEUTRAL', 'CLEAR', 'CLEAR', 'BRAWL', 'BANCO_VAZIO')",6,4,6,66.667,ATTACK_STRONG,50.000,1.242453,3.4641
"('TANK', 'TANK', 'DEFENSIVE_DIS', 'FULL', 'SAFE', 'NORMAL', 'SLOWER', 'MEC_USED', 'CLEAN', 'AFFLICTED', 'NEUTRAL', 'NEUTRAL', 'SET', 'CLEAR', 'CLUTCH', 'BANCO_VAZIO')",6,1,5,20.000,ATTACK_STRONG,100.000,-0.000000,1.0000
"('TANK', 'TANK', 'DEFENSIVE_DIS', 'CRIT', 'SAFE', 'NORMAL', 'FASTER', 'MEC_USED', 'CLEAN', 'CLEAN', 'NEUTRAL', 'NEUTRAL', 'SET', 'CLEAR', 'OPENING', 'BANCO_OFF')",6,5,10,50.000,HEAL_STATUS,33.333,1.560710,4.7622
"('TANK', 'TANK', 'VOLATILE', 'SAFE', 'FULL', 'NORMAL', 'SLOWER', 'MEC_USED', 'CLEAN', 'CLEAN', 'NEUTRAL', 'NEUTRAL', 'CLEAR', 'CLEAR', 'BRAWL', 'BANCO_OFF')",6,4,9,44.444,ATTACK_TECH,33.333,1.329661,3.7798
"('TANK', 'SWEEPER', 'OFFENSIVE_ADV', 'SAFE', 'FULL', 'FIELD_THEIRS', 'SLOWER', 'MEC_USED', 'CLEAN', 'CLEAN', 'NEUTRAL', 'NEUTRAL', 'CLEAR', 'CLEAR', 'OPENING', 'BANCO_AMBOS')",6,5,10,50.000,STATUS,33.333,1.560710,4.7622
"('TANK', 'TANK', 'OFFENSIVE_ADV', 'SAFE', 'CRIT', 'NORMAL', 'FASTER', 'MEC_USED', 'CLEAN', 'CLEAN', 'NEUTRAL', 'NEUTRAL', 'SET', 'CLEAR', 'OPENING', 'BANCO_OFF')",6,5,7,71.429,HEAL,33.333,1.560710,4.7622
"('TANK', 'TANK', 'OFFENSIVE_ADV', 'FULL', 'SAFE', 'NORMAL', 'FASTER', 'MEC_USED', 'CLEAN', 'CLEAN', 'NEUTRAL', 'NEUTRAL', 'CLEAR', 'CLEAR', 'BRAWL', 'BANCO_VAZIO')",6,5,6,83.333,ATTACK_STRONG,33.333,1.560710,4.7622
"('TANK', 'TANK', 'NEUTRAL', 'SAFE', 'SAFE', 'FIELD_SHARED', 'FASTER', 'MEC_USED', 'CLEAN', 'CLEAN', 'NEUTRAL', 'DEBUFF', 'CLEAR', 'CLEAR', 'OPENING', 'BANCO_OFF')",6,4,8,50.000,HEAL,50.000,1.242453,3.4641
"('TANK', 'UTILITY', 'CRITICAL_DIS', 'FULL', 'FULL', 'FIELD_SHARED', 'SLOWER', 'MEC_USED', 'CLEAN', 'CLEAN', 'NEUTRAL', 'NEUTRAL', 'CLEAR', 'CLEAR', 'OPENING', 'BANCO_OFF')",6,3,11,27.273,ATTACK_TECH,50.000,1.011404,2.7495
"('TANK', 'TANK', 'OFFENSIVE_ADV', 'SAFE', 'FULL', 'FIELD_SHARED', 'FASTER', 'MEC_USED', 'CLEAN', 'CLEAN', 'NEUTRAL', 'DEBUFF', 'CLEAR', 'CLEAR', 'OPENING', 'BANCO_OFF')",6,5,9,55.556,DISRUPTION,33.333,1.560710,4.7622
"('TANK', 'UTILITY', 'NEUTRAL', 'FULL', 'SAFE', 'NORMAL', 'SLOWER', 'MEC_USED', 'CLEAN', 'CLEAN', 'NEUTRAL', 'BUFFED', 'CLEAR', 'CLEAR', 'RECOVERING', 'BANCO_VAZIO')",6,2,9,22.222,STATUS,83.333,0.450561,1.5692
"('TANK', 'TANK', 'DEFENSIVE_DIS', 'SAFE', 'FULL', 'NORMAL', 'FASTER', 'MEC_USED', 'CLEAN', 'AFFLICTED', 'NEUTRAL', 'DEBUFF', 'SET', 'CLEAR', 'CLUTCH', 'BANCO_VAZIO')",6,1,1,100.000,STATUS,100.000,-0.000000,1.0000
"('TANK', 'SWEEPER', 'OFFENSIVE_DIS', 'SAFE', 'FULL', 'NORMAL', 'SLOWER', 'MEC_USED', 'CLEAN', 'CLEAN', 'NEUTRAL', 'NEUTRAL', 'CLEAR', 'SET', 'RECOVERING', 'BANCO_VAZIO')",6,2,8,25.000,HEAL,83.333,0.450561,1.5692
"('TANK', 'TANK', 'NEUTRAL', 'SAFE', 'CRIT', 'NORMAL', 'SLOWER', 'MEC_USED', 'CLEAN', 'CLEAN', 'NEUTRAL', 'NEUTRAL', 'CLEAR', 'CLEAR', 'BRAWL', 'BANCO_OFF')",6,2,10,20.000,ATTACK_PIVOT,50.000,0.693147,2.0000
"('TANK', 'TANK', 'NEUTRAL', 'SAFE', 'SAFE', 'NORMAL', 'SLOWER', 'MEC_USED', 'CLEAN', 'CLEAN', 'NEUTRAL', 'NEUTRAL', 'SET', 'CLEAR', 'BRAWL', 'BANCO_AMBOS')",6,6,12,50.000,ATTACK_TECH,16.667,1.791759,6.0000
"('TANK', 'TANK', 'OFFENSIVE_DIS', 'SAFE', 'SAFE', 'NORMAL', 'FASTER', 'MEC_USED', 'CLEAN', 'AFFLICTED', 'NEUTRAL', 'DEBUFF', 'SET', 'CLEAR', 'BRAWL', 'BANCO_VAZIO')",6,1,6,16.667,STATUS,100.000,-0.000000,1.0000
"('TANK', 'TANK', 'NEUTRAL', 'SAFE', 'FULL', 'NORMAL', 'FASTER', 'MEC_USED', 'AFFLICTED', 'CLEAN', 'DEBUFF', 'DEBUFF', 'SET', 'SET', 'CLUTCH', 'BANCO_VAZIO')",6,2,4,50.000,HEAL,66.667,0.636514,1.8899
"('TANK', 'TANK', 'NEUTRAL', 'FULL', 'FULL', 'NORMAL', 'FASTER', 'MEC_AVAIL', 'CLEAN', 'CLEAN', 'BUFFED', 'NEUTRAL', 'CLEAR', 'CLEAR', 'OPENING', 'BANCO_OFF')",6,3,10,30.000,HEAL,50.000,1.011404,2.7495
"('TANK', 'TANK', 'OFFENSIVE_DIS', 'SAFE', 'SAFE', 'NORMAL', 'FASTER', 'MEC_USED', 'CLEAN', 'CLEAN', 'NEUTRAL', 'NEUTRAL', 'SET', 'CLEAR', 'RECOVERING', 'BANCO_VAZIO')",6,5,7,71.429,ATTACK_TECH,33.333,1.560710,4.7622
"('TANK', 'TANK', 'OFFENSIVE_DIS', 'FULL', 'SAFE', 'NORMAL', 'FASTER', 'MEC_USED', 'AFFLICTED', 'CLEAN', 'NEUTRAL', 'NEUTRAL', 'CLEAR', 'SET', 'CLUTCH', 'BANCO_VAZIO')",6,2,5,40.000,ATTACK_STRONG,83.333,0.450561,1.5692
"('UTILITY', 'TANK', 'OFFENSIVE_DIS', 'FULL', 'FULL', 'FIELD_SHARED', 'FASTER', 'MEC_USED', 'CLEAN', 'CLEAN', 'NEUTRAL', 'NEUTRAL', 'CLEAR', 'CLEAR', 'OPENING', 'BANCO_OFF')",6,4,7,57.143,BUFF,33.333,1.329661,3.7798
"('TANK', 'TANK', 'OFFENSIVE_DIS', 'FULL', 'SAFE', 'NORMAL', 'FASTER', 'MEC_USED', 'CLEAN', 'CLEAN', 'NEUTRAL', 'NEUTRAL', 'SET', 'SET', 'CLUTCH', 'BANCO_VAZIO')",6,1,4,25.000,HEAL,100.000,-0.000000,1.0000
"('TANK', 'TANK', 'DEFENSIVE_DIS', 'DANGER', 'FULL', 'NORMAL', 'FASTER', 'MEC_USED', 'CLEAN', 'CLEAN', 'BUFFED', 'NEUTRAL', 'CLEAR', 'CLEAR', 'OPENING', 'BANCO_OFF')",6,3,6,50.000,BUFF,50.000,1.011404,2.7495
"('TANK', 'TANK', 'NEUTRAL', 'FULL', 'SAFE', 'NORMAL', 'FASTER', 'MEC_USED', 'CLEAN', 'AFFLICTED', 'NEUTRAL', 'DEBUFF', 'SET', 'CLEAR', 'RECOVERING', 'BANCO_VAZIO')",6,4,4,100.000,ATTACK_STRONG,33.333,1.329661,3.7798
"('TANK', 'TANK', 'NEUTRAL', 'FULL', 'FULL', 'NORMAL', 'FASTER', 'MEC_USED', 'AFFLICTED', 'AFFLICTED', 'NEUTRAL', 'DEBUFF', 'CLEAR', 'CLEAR', 'CLUTCH', 'BANCO_VAZIO')",6,1,5,20.000,BUFF,100.000,-0.000000,1.0000
"('TANK', 'TANK', 'OFFENSIVE_DIS', 'FULL', 'FULL', 'NORMAL', 'FASTER', 'MEC_USED', 'AFFLICTED', 'AFFLICTED', 'DEBUFF', 'NEUTRAL', 'CLEAR', 'CLEAR', 'CLUTCH', 'BANCO_VAZIO')",5,2,2,100.000,STATUS,80.000,0.500402,1.6494
"('TANK', 'TANK', 'OFFENSIVE_ADV', 'FULL', 'SAFE', 'FIELD_THEIRS', 'FASTER', 'MEC_USED', 'CLEAN', 'CLEAN', 'NEUTRAL', 'DEBUFF', 'CLEAR', 'CLEAR', 'OPENING', 'BANCO_OFF')",5,4,11,36.364,SWITCH_OFFENSIVE,40.000,1.332179,3.7893
"('TANK', 'TANK', 'DEFENSIVE_DIS', 'SAFE', 'DANGER', 'NORMAL', 'FASTER', 'MEC_USED', 'CLEAN', 'CLEAN', 'NEUTRAL', 'NEUTRAL', 'SET', 'CLEAR', 'BRAWL', 'BANCO_VAZIO')",5,3,8,37.500,STATUS,60.000,0.950271,2.5864
"('TANK', 'TANK', 'OFFENSIVE_DIS', 'SAFE', 'FULL', 'NORMAL', 'FASTER', 'MEC_USED', 'AFFLICTED', 'AFFLICTED', 'NEUTRAL', 'DEBUFF', 'SET', 'SET', 'CLUTCH', 'BANCO_VAZIO')",5,4,8,50.000,ATTACK_STRONG,40.000,1.332179,3.7893
"('TANK', 'TANK', 'CRITICAL_DIS', 'FULL', 'FULL', 'NORMAL', 'SLOWER', 'MEC_USED', 'AFFLICTED', 'CLEAN', 'NEUTRAL', 'NEUTRAL', 'SET', 'SET', 'CLUTCH', 'BANCO_VAZIO')",5,2,8,25.000,ATTACK_STRONG,60.000,0.673012,1.9601
"('TANK', 'TANK', 'NEUTRAL', 'SAFE', 'FULL', 'NORMAL', 'SLOWER', 'MEC_USED', 'CLEAN', 'CLEAN', 'NEUTRAL', 'NEUTRAL', 'SET', 'CLEAR', 'DOMINATING', 'BANCO_AMBOS')",5,3,10,30.000,HEAL,40.000,1.054920,2.8717
"('TANK', 'TANK', 'NEUTRAL', 'SAFE', 'FULL', 'NORMAL', 'FASTER', 'MEC_USED', 'CLEAN', 'AFFLICTED', 'DEBUFF', 'NEUTRAL', 'CLEAR', 'CLEAR', 'CLUTCH', 'BANCO_VAZIO')",5,1,2,50.000,ATTACK_STRONG,100.000,-0.000000,1.0000
"('TANK', 'TANK', 'DEFENSIVE_DIS', 'SAFE', 'FULL', 'NORMAL', 'SLOWER', 'MEC_USED', 'CLEAN', 'CLEAN', 'NEUTRAL', 'NEUTRAL', 'CLEAR', 'SET', 'RECOVERING', 'BANCO_VAZIO')",5,2,9,22.222,ATTACK_STRONG,80.000,0.500402,1.6494
"('TANK', 'UTILITY', 'DOMINANT', 'SAFE', 'FULL', 'FIELD_SHARED', 'SLOWER', 'MEC_USED', 'CLEAN', 'CLEAN', 'NEUTRAL', 'NEUTRAL', 'CLEAR', 'CLEAR', 'OPENING', 'BANCO_OFF')",5,2,8,25.000,STATUS,80.000,0.500402,1.6494
"('TANK', 'TANK', 'NEUTRAL', 'FULL', 'FULL', 'FIELD_OURS_OFF', 'FASTER', 'MEC_USED', 'CLEAN', 'CLEAN', 'NEUTRAL', 'NEUTRAL', 'SET', 'CLEAR', 'OPENING', 'BANCO_OFF')",5,4,9,44.444,ATTACK_TECH,40.000,1.332179,3.7893
"('TANK', 'TANK', 'VOLATILE', 'SAFE', 'FULL', 'FIELD_THEIRS', 'SLOWER', 'MEC_AVAIL', 'CLEAN', 'CLEAN', 'NEUTRAL', 'NEUTRAL', 'CLEAR', 'CLEAR', 'OPENING', 'BANCO_OFF')",5,1,8,12.500,ATTACK_STRONG_MEC,100.000,-0.000000,1.0000
"('TANK', 'SWEEPER', 'NEUTRAL', 'SAFE', 'FULL', 'NORMAL', 'SLOWER', 'MEC_USED', 'CLEAN', 'CLEAN', 'NEUTRAL', 'NEUTRAL', 'SET', 'CLEAR', 'BRAWL', 'BANCO_OFF')",5,4,10,40.000,STATUS,40.000,1.332179,3.7893
"('TANK', 'TANK', 'DEFENSIVE_DIS', 'FULL', 'FULL', 'NORMAL', 'FASTER', 'MEC_USED', 'CLEAN', 'CLEAN', 'NEUTRAL', 'NEUTRAL', 'SET', 'CLEAR', 'BRAWL', 'BANCO_OFF')",5,4,9,44.444,SWITCH_OFFENSIVE,40.000,1.332179,3.7893
"('TANK', 'TANK', 'NEUTRAL', 'SAFE', 'SAFE', 'NORMAL', 'FASTER', 'MEC_USED', 'CLEAN', 'CLEAN', 'NEUTRAL', 'NEUTRAL', 'SET', 'SET', 'DOMINATING', 'BANCO_VAZIO')",5,4,7,57.143,HEAL,40.000,1.332179,3.7893
"('TANK', 'TANK', 'DEFENSIVE_DIS', 'SAFE', 'SAFE', 'NORMAL', 'FASTER', 'MEC_USED', 'CLEAN', 'CLEAN', 'NEUTRAL', 'NEUTRAL', 'SET', 'SET', 'CLUTCH', 'BANCO_VAZIO')",5,5,6,83.333,ATTACK_STRONG,20.000,1.609438,5.0000
"('TANK', 'TANK', 'NEUTRAL', 'CRIT', 'SAFE', 'NORMAL', 'FASTER', 'MEC_USED', 'CLEAN', 'CLEAN', 'NEUTRAL', 'NEUTRAL', 'CLEAR', 'CLEAR', 'BRAWL', 'BANCO_VAZIO')",5,2,8,25.000,ATTACK_STRONG,60.000,0.673012,1.9601
"('TANK', 'TANK', 'DEFENSIVE_DIS', 'SAFE', 'CRIT', 'NORMAL', 'FASTER', 'MEC_USED', 'CLEAN', 'CLEAN', 'NEUTRAL', 'NEUTRAL', 'SET', 'CLEAR', 'RECOVERING', 'BANCO_VAZIO')",5,3,6,50.000,ATTACK_STRONG,40.000,1.054920,2.8717
"('TANK', 'TANK', 'NEUTRAL', 'DANGER', 'FULL', 'NORMAL', 'FASTER', 'MEC_AVAIL', 'CLEAN', 'CLEAN', 'NEUTRAL', 'NEUTRAL', 'CLEAR', 'CLEAR', 'OPENING', 'BANCO_AMBOS')",5,5,16,31.250,BUFF_MEC,20.000,1.609438,5.0000
"('TANK', 'SWEEPER', 'NEUTRAL', 'SAFE', 'SAFE', 'NORMAL', 'SLOWER', 'MEC_USED', 'CLEAN', 'CLEAN', 'NEUTRAL', 'NEUTRAL', 'CLEAR', 'CLEAR', 'RECOVERING', 'BANCO_VAZIO')",5,4,10,40.000,ATTACK_STRONG,40.000,1.332179,3.7893
"('TANK', 'SWEEPER', 'DEFENSIVE_DIS', 'DANGER', 'FULL', 'FIELD_THEIRS', 'SLOWER', 'MEC_USED', 'CLEAN', 'CLEAN', 'NEUTRAL', 'NEUTRAL', 'CLEAR', 'CLEAR', 'OPENING', 'BANCO_AMBOS')",5,5,9,55.556,ATTACK_STRONG,20.000,1.609438,5.0000
"('TANK', 'SWEEPER', 'NEUTRAL', 'SAFE', 'CRIT', 'NORMAL', 'SLOWER', 'MEC_USED', 'CLEAN', 'CLEAN', 'NEUTRAL', 'NEUTRAL', 'CLEAR', 'CLEAR', 'BRAWL', 'BANCO_OFF')",5,1,10,10.000,ATTACK_STRONG,100.000,-0.000000,1.0000
"('TANK', 'TANK', 'NEUTRAL', 'SAFE', 'CRIT', 'NORMAL', 'FASTER', 'MEC_USED', 'CLEAN', 'CLEAN', 'NEUTRAL', 'NEUTRAL', 'SET', 'SET', 'RECOVERING', 'BANCO_VAZIO')",5,2,8,25.000,ATTACK_STRONG,60.000,0.673012,1.9601
"('TANK', 'TANK', 'NEUTRAL', 'FULL', 'DANGER', 'NORMAL', 'SLOWER', 'MEC_USED', 'CLEAN', 'CLEAN', 'NEUTRAL', 'NEUTRAL', 'CLEAR', 'CLEAR', 'BRAWL', 'BANCO_OFF')",5,4,9,44.444,ATTACK_STRONG,40.000,1.332179,3.7893
"('TANK', 'TANK', 'CRITICAL_DIS', 'FULL', 'FULL', 'NORMAL', 'SLOWER', 'MEC_USED', 'CLEAN', 'CLEAN', 'NEUTRAL', 'DEBUFF', 'CLEAR', 'CLEAR', 'CLUTCH', 'BANCO_VAZIO')",5,2,6,33.333,SWITCH_DEFENSIVE,80.000,0.500402,1.6494
"('TANK', 'TANK', 'NEUTRAL', 'SAFE', 'CRIT', 'NORMAL', 'SLOWER', 'MEC_USED', 'CLEAN', 'CLEAN', 'NEUTRAL', 'NEUTRAL', 'SET', 'SET', 'BRAWL', 'BANCO_VAZIO')",5,1,8,12.500,ATTACK_STRONG,100.000,-0.000000,1.0000
"('TANK', 'SWEEPER', 'DOMINANT', 'FULL', 'SAFE', 'FIELD_SHARED', 'SLOWER', 'MEC_USED', 'CLEAN', 'CLEAN', 'NEUTRAL', 'NEUTRAL', 'CLEAR', 'CLEAR', 'OPENING', 'BANCO_OFF')",5,3,7,42.857,ATTACK_STRONG,40.000,1.054920,2.8717
"('SWEEPER', 'TANK', 'OFFENSIVE_ADV', 'SAFE', 'FULL', 'NORMAL', 'FASTER', 'MEC_AVAIL', 'CLEAN', 'CLEAN', 'NEUTRAL', 'NEUTRAL', 'SET', 'CLEAR', 'OPENING', 'BANCO_OFF')",5,3,8,37.500,SWITCH_OFFENSIVE,60.000,0.950271,2.5864
"('UTILITY', 'TANK', 'OFFENSIVE_ADV', 'FULL', 'FULL', 'FIELD_SHARED', 'FASTER', 'MEC_USED', 'CLEAN', 'CLEAN', 'BUFFED', 'NEUTRAL', 'CLEAR', 'CLEAR', 'OPENING', 'BANCO_OFF')",5,2,6,33.333,ATTACK_STRONG,80.000,0.500402,1.6494
"('TANK', 'TANK', 'DEFENSIVE_DIS', 'FULL', 'FULL', 'FIELD_SHARED', 'FASTER', 'MEC_AVAIL', 'CLEAN', 'CLEAN', 'NEUTRAL', 'NEUTRAL', 'CLEAR', 'CLEAR', 'OPENING', 'BANCO_DEF')",5,4,6,66.667,SWITCH_OFFENSIVE,40.000,1.332179,3.7893
"('TANK', 'TANK', 'NEUTRAL', 'CRIT', 'FULL', 'NORMAL', 'FASTER', 'MEC_USED', 'AFFLICTED', 'CLEAN', 'DEBUFF', 'NEUTRAL', 'CLEAR', 'CLEAR', 'RECOVERING', 'BANCO_VAZIO')",5,4,10,40.000,STATUS,40.000,1.332179,3.7893
"('TANK', 'TANK', 'NEUTRAL', 'SAFE', 'FULL', 'NORMAL', 'FASTER', 'MEC_AVAIL', 'CLEAN', 'CLEAN', 'NEUTRAL', 'NEUTRAL', 'CLEAR', 'SET', 'OPENING', 'BANCO_AMBOS')",5,1,8,12.500,HAZARD_MEC,100.000,-0.000000,1.0000
"('TANK', 'TANK', 'OFFENSIVE_DIS', 'FULL', 'FULL', 'FIELD_OURS_OFF', 'FASTER', 'MEC_USED', 'CLEAN', 'CLEAN', 'NEUTRAL', 'NEUTRAL', 'CLEAR', 'CLEAR', 'OPENING', 'BANCO_AMBOS')",5,3,4,75.000,SWITCH_DEFENSIVE,40.000,1.054920,2.8717
"('TANK', 'TANK', 'OFFENSIVE_DIS', 'FULL', 'FULL', 'FIELD_THEIRS', 'FASTER', 'MEC_USED', 'CLEAN', 'CLEAN', 'NEUTRAL', 'NEUTRAL', 'SET', 'CLEAR', 'OPENING', 'BANCO_OFF')",5,5,10,50.000,ATTACK_STRONG,20.000,1.609438,5.0000
"('TANK', 'TANK', 'DEFENSIVE_DIS', 'FULL', 'FULL', 'NORMAL', 'SLOWER', 'MEC_USED', 'CLEAN', 'AFFLICTED', 'NEUTRAL', 'NEUTRAL', 'CLEAR', 'CLEAR', 'OPENING', 'BANCO_OFF')",5,2,4,50.000,SWITCH_DEFENSIVE,80.000,0.500402,1.6494
"('TANK', 'TANK', 'NEUTRAL', 'SAFE', 'FULL', 'FIELD_SHARED', 'SLOWER', 'MEC_USED', 'CLEAN', 'CLEAN', 'NEUTRAL', 'NEUTRAL', 'CLEAR', 'SET', 'OPENING', 'BANCO_OFF')",5,4,8,50.000,HAZARD,40.000,1.332179,3.7893
"('TANK', 'TANK', 'OFFENSIVE_DIS', 'FULL', 'FULL', 'NORMAL', 'FASTER', 'MEC_USED', 'CLEAN', 'CLEAN', 'NEUTRAL', 'NEUTRAL', 'SET', 'CLEAR', 'RECOVERING', 'BANCO_VAZIO')",5,4,10,40.000,DISRUPTION,40.000,1.332179,3.7893
"('SWEEPER', 'TANK', 'DEFENSIVE_DIS', 'SAFE', 'SAFE', 'NORMAL', 'FASTER', 'MEC_USED', 'CLEAN', 'CLEAN', 'NEUTRAL', 'NEUTRAL', 'CLEAR', 'CLEAR', 'OPENING', 'BANCO_AMBOS')",5,4,8,50.000,HEAL,40.000,1.332179,3.7893
"('TANK', 'TANK', 'NEUTRAL', 'DANGER', 'SAFE', 'NORMAL', 'FASTER', 'MEC_USED', 'CLEAN', 'CLEAN', 'NEUTRAL', 'NEUTRAL', 'SET', 'SET', 'BRAWL', 'BANCO_VAZIO')",5,5,7,71.429,BUFF,20.000,1.609438,5.0000
"('TANK', 'TANK', 'OFFENSIVE_DIS', 'FULL', 'DANGER', 'NORMAL', 'SLOWER', 'MEC_USED', 'CLEAN', 'CLEAN', 'NEUTRAL', 'NEUTRAL', 'CLEAR', 'CLEAR', 'RECOVERING', 'BANCO_VAZIO')",5,4,10,40.000,STATUS,40.000,1.332179,3.7893
"('TANK', 'TANK', 'OFFENSIVE_DIS', 'DANGER', 'FULL', 'NORMAL', 'SLOWER', 'MEC_USED', 'CLEAN', 'CLEAN', 'NEUTRAL', 'NEUTRAL', 'SET', 'SET', 'CLUTCH', 'BANCO_VAZIO')",5,3,9,33.333,PROTECT,60.000,0.950271,2.5864
"('TANK', 'TANK', 'CRITICAL_DIS', 'FULL', 'SAFE', 'NORMAL', 'SLOWER', 'MEC_USED', 'CLEAN', 'AFFLICTED', 'NEUTRAL', 'NEUTRAL', 'CLEAR', 'CLEAR', 'RECOVERING', 'BANCO_VAZIO')",5,5,7,71.429,ATTACK_STRONG,20.000,1.609438,5.0000
"('SWEEPER', 'TANK', 'NEUTRAL', 'SAFE', 'FULL', 'NORMAL', 'FASTER', 'MEC_USED', 'CLEAN', 'CLEAN', 'BUFFED', 'NEUTRAL', 'CLEAR', 'CLEAR', 'OPENING', 'BANCO_OFF')",5,1,5,20.000,ATTACK_STRONG,100.000,-0.000000,1.0000
"('TANK', 'TANK', 'DEFENSIVE_DIS', 'CRIT', 'SAFE', 'NORMAL', 'SLOWER', 'MEC_USED', 'CLEAN', 'CLEAN', 'NEUTRAL', 'NEUTRAL', 'SET', 'CLEAR', 'RECOVERING', 'BANCO_VAZIO')",5,5,11,45.455,ATTACK_TECH,20.000,1.609438,5.0000
"('TANK', 'TANK', 'DEFENSIVE_DIS', 'SAFE', 'DANGER', 'NORMAL', 'SLOWER', 'MEC_USED', 'CLEAN', 'CLEAN', 'NEUTRAL', 'NEUTRAL', 'CLEAR', 'SET', 'RECOVERING', 'BANCO_VAZIO')",5,2,11,18.182,ATTACK_TECH,60.000,0.673012,1.9601
"('TANK', 'TANK', 'OFFENSIVE_DIS', 'FULL', 'FULL', 'NORMAL', 'SLOWER', 'MEC_USED', 'CLEAN', 'CLEAN', 'NEUTRAL', 'NEUTRAL', 'CLEAR', 'SET', 'RECOVERING', 'BANCO_VAZIO')",5,2,9,22.222,HAZARD,80.000,0.500402,1.6494
"('TANK', 'TANK', 'OFFENSIVE_ADV', 'FULL', 'FULL', 'NORMAL', 'FASTER', 'MEC_USED', 'CLEAN', 'CLEAN', 'NEUTRAL', 'NEUTRAL', 'CLEAR', 'SET', 'RECOVERING', 'BANCO_VAZIO')",5,3,5,60.000,STATUS,40.000,1.054920,2.8717
"('TANK', 'TANK', 'DOMINANT', 'SAFE', 'FULL', 'NORMAL', 'FASTER', 'MEC_AVAIL', 'CLEAN', 'CLEAN', 'NEUTRAL', 'NEUTRAL', 'CLEAR', 'CLEAR', 'OPENING', 'BANCO_AMBOS')",5,4,10,40.000,ATTACK_STRONG_MEC,40.000,1.332179,3.7893
"('TANK', 'SWEEPER', 'DEFENSIVE_DIS', 'DANGER', 'FULL', 'NORMAL', 'SLOWER', 'MEC_USED', 'CLEAN', 'CLEAN', 'NEUTRAL', 'NEUTRAL', 'CLEAR', 'CLEAR', 'RECOVERING', 'BANCO_VAZIO')",5,3,11,27.273,HEAL,40.000,1.054920,2.8717
"('TANK', 'TANK', 'NEUTRAL', 'FULL', 'SAFE', 'NORMAL', 'FASTER', 'MEC_AVAIL', 'CLEAN', 'CLEAN', 'NEUTRAL', 'NEUTRAL', 'SET', 'CLEAR', 'OPENING', 'BANCO_OFF')",5,5,18,27.778,STATUS,20.000,1.609438,5.0000
"('TANK', 'TANK', 'OFFENSIVE_ADV', 'SAFE', 'DANGER', 'NORMAL', 'FASTER', 'MEC_USED', 'CLEAN', 'CLEAN', 'NEUTRAL', 'NEUTRAL', 'SET', 'CLEAR', 'BRAWL', 'BANCO_OFF')",5,5,9,55.556,ATTACK_PIVOT,20.000,1.609438,5.0000
"('SWEEPER', 'TANK', 'NEUTRAL', 'FULL', 'FULL', 'FIELD_OURS_OFF', 'FASTER', 'MEC_AVAIL', 'CLEAN', 'CLEAN', 'NEUTRAL', 'NEUTRAL', 'CLEAR', 'CLEAR', 'OPENING', 'BANCO_OFF')",5,5,10,50.000,ATTACK_STRONG,20.000,1.609438,5.0000
"('TANK', 'SWEEPER', 'NEUTRAL', 'FULL', 'CRIT', 'NORMAL', 'SLOWER', 'MEC_USED', 'CLEAN', 'CLEAN', 'NEUTRAL', 'NEUTRAL', 'CLEAR', 'CLEAR', 'OPENING', 'BANCO_OFF')",5,5,10,50.000,BUFF,20.000,1.609438,5.0000
"('TANK', 'SWEEPER', 'OFFENSIVE_ADV', 'SAFE', 'FULL', 'FIELD_THEIRS', 'SLOWER', 'MEC_USED', 'CLEAN', 'CLEAN', 'NEUTRAL', 'NEUTRAL', 'CLEAR', 'CLEAR', 'OPENING', 'BANCO_VAZIO')",5,3,7,42.857,STATUS,40.000,1.054920,2.8717
"('TANK', 'TANK', 'DEFENSIVE_ADV', 'FULL', 'FULL', 'NORMAL', 'SLOWER', 'MEC_USED', 'CLEAN', 'AFFLICTED', 'NEUTRAL', 'NEUTRAL', 'CLEAR', 'SET', 'RECOVERING', 'BANCO_VAZIO')",5,1,4,25.000,STATUS,100.000,-0.000000,1.0000
"('TANK', 'TANK', 'DEFENSIVE_DIS', 'SAFE', 'SAFE', 'NORMAL', 'SLOWER', 'MEC_USED', 'CLEAN', 'CLEAN', 'NEUTRAL', 'NEUTRAL', 'CLEAR', 'SET', 'OPENING', 'BANCO_OFF')",5,2,9,22.222,ATTACK_STRONG,80.000,0.500402,1.6494
"('TANK', 'UTILITY', 'DEFENSIVE_DIS', 'FULL', 'FULL', 'NORMAL', 'SLOWER', 'MEC_AVAIL', 'CLEAN', 'CLEAN', 'NEUTRAL', 'NEUTRAL', 'CLEAR', 'CLEAR', 'OPENING', 'BANCO_OFF')",5,4,16,25.000,HAZARD,40.000,1.332179,3.7893
"('TANK', 'TANK', 'OFFENSIVE_DIS', 'SAFE', 'SAFE', 'NORMAL', 'FASTER', 'MEC_USED', 'CLEAN', 'CLEAN', 'NEUTRAL', 'NEUTRAL', 'CLEAR', 'SET', 'RECOVERING', 'BANCO_OFF')",5,3,8,37.500,SWITCH_DEFENSIVE,60.000,0.950271,2.5864
"('TANK', 'SWEEPER', 'DEFENSIVE_DIS', 'FULL', 'FULL', 'FIELD_OURS_DEF', 'SLOWER', 'MEC_AVAIL', 'CLEAN', 'CLEAN', 'NEUTRAL', 'NEUTRAL', 'CLEAR', 'CLEAR', 'OPENING', 'BANCO_AMBOS')",5,2,6,33.333,HAZARD_MEC,80.000,0.500402,1.6494
"('TANK', 'TANK', 'NEUTRAL', 'FULL', 'DANGER', 'NORMAL', 'SLOWER', 'MEC_USED', 'CLEAN', 'CLEAN', 'NEUTRAL', 'NEUTRAL', 'CLEAR', 'SET', 'OPENING', 'BANCO_VAZIO')",5,1,11,9.091,ATTACK_STRONG,100.000,-0.000000,1.0000
"('TANK', 'TANK', 'NEUTRAL', 'SAFE', 'SAFE', 'NORMAL', 'FASTER', 'MEC_USED', 'AFFLICTED', 'CLEAN', 'DEBUFF', 'DEBUFF', 'SET', 'SET', 'CLUTCH', 'BANCO_VAZIO')",5,1,4,25.000,HAZARD,100.000,-0.000000,1.0000
"('TANK', 'TANK', 'NEUTRAL', 'FULL', 'FULL', 'NORMAL', 'FASTER', 'MEC_USED', 'CLEAN', 'AFFLICTED', 'NEUTRAL', 'DEBUFF', 'CLEAR', 'CLEAR', 'OPENING', 'BANCO_OFF')",5,3,5,60.000,HEAL,60.000,0.950271,2.5864
"('TANK', 'TANK', 'DOMINANT', 'SAFE', 'CRIT', 'NORMAL', 'SLOWER', 'MEC_USED', 'CLEAN', 'CLEAN', 'NEUTRAL', 'NEUTRAL', 'CLEAR', 'CLEAR', 'OPENING', 'BANCO_OFF')",5,4,11,36.364,ATTACK_PIVOT,40.000,1.332179,3.7893
"('SWEEPER', 'TANK', 'VOLATILE', 'FULL', 'FULL', 'NORMAL', 'FASTER', 'MEC_AVAIL', 'CLEAN', 'CLEAN', 'NEUTRAL', 'NEUTRAL', 'CLEAR', 'CLEAR', 'OPENING', 'BANCO_OFF')",5,5,8,62.500,ATTACK_STRONG,20.000,1.609438,5.0000
"('SWEEPER', 'UTILITY', 'DEFENSIVE_DIS', 'FULL', 'FULL', 'NORMAL', 'FASTER', 'MEC_USED', 'CLEAN', 'CLEAN', 'NEUTRAL', 'DEBUFF', 'CLEAR', 'CLEAR', 'OPENING', 'BANCO_OFF')",5,4,6,66.667,ATTACK_TECH,40.000,1.332179,3.7893
"('TANK', 'TANK', 'NEUTRAL', 'FULL', 'FULL', 'FIELD_SHARED', 'FASTER', 'MEC_USED', 'CLEAN', 'CLEAN', 'NEUTRAL', 'NEUTRAL', 'CLEAR', 'CLEAR', 'BRAWL', 'BANCO_OFF')",5,5,9,55.556,ATTACK_TECH,20.000,1.609438,5.0000
"('TANK', 'TANK', 'NEUTRAL', 'FULL', 'FULL', 'NORMAL', 'FASTER', 'MEC_USED', 'AFFLICTED', 'CLEAN', 'DEBUFF', 'NEUTRAL', 'CLEAR', 'CLEAR', 'RECOVERING', 'BANCO_VAZIO')",5,3,4,75.000,HEAL,40.000,1.054920,2.8717
"('TANK', 'TANK', 'OFFENSIVE_ADV', 'FULL', 'SAFE', 'FIELD_SHARED', 'SLOWER', 'MEC_USED', 'CLEAN', 'CLEAN', 'NEUTRAL', 'NEUTRAL', 'CLEAR', 'CLEAR', 'OPENING', 'BANCO_AMBOS')",5,3,8,37.500,STATUS,40.000,1.054920,2.8717
"('TANK', 'TANK', 'NEUTRAL', 'SAFE', 'CRIT', 'NORMAL', 'FASTER', 'MEC_USED', 'CLEAN', 'CLEAN', 'NEUTRAL', 'NEUTRAL', 'SET', 'CLEAR', 'BRAWL', 'BANCO_OFF')",5,3,8,37.500,ATTACK_TECH,40.000,1.054920,2.8717
"('SWEEPER', 'TANK', 'VOLATILE', 'FULL', 'SAFE', 'NORMAL', 'FASTER', 'MEC_USED', 'CLEAN', 'CLEAN', 'NEUTRAL', 'NEUTRAL', 'CLEAR', 'CLEAR', 'OPENING', 'BANCO_OFF')",5,4,7,57.143,SWITCH_OFFENSIVE,40.000,1.332179,3.7893
"('TANK', 'UTILITY', 'DOMINANT', 'SAFE', 'FULL', 'NORMAL', 'SLOWER', 'MEC_USED', 'CLEAN', 'CLEAN', 'NEUTRAL', 'NEUTRAL', 'CLEAR', 'CLEAR', 'OPENING', 'BANCO_OFF')",5,2,8,25.000,CLEAN_HAZARD,80.000,0.500402,1.6494
"('TANK', 'SWEEPER', 'OFFENSIVE_DIS', 'FULL', 'FULL', 'FIELD_SHARED', 'SLOWER', 'MEC_USED', 'CLEAN', 'CLEAN', 'DEBUFF', 'NEUTRAL', 'CLEAR', 'CLEAR', 'OPENING', 'BANCO_AMBOS')",5,3,6,50.000,ATTACK_STRONG,40.000,1.054920,2.8717
"('TANK', 'TANK', 'DOMINANT', 'SAFE', 'SAFE', 'NORMAL', 'FASTER', 'MEC_USED', 'CLEAN', 'CLEAN', 'NEUTRAL', 'NEUTRAL', 'SET', 'CLEAR', 'OPENING', 'BANCO_AMBOS')",5,4,8,50.000,ATTACK_PIVOT,40.000,1.332179,3.7893
"('TANK', 'SWEEPER', 'NEUTRAL', 'FULL', 'SAFE', 'NORMAL', 'SLOWER', 'MEC_USED', 'CLEAN', 'CLEAN', 'NEUTRAL', 'NEUTRAL', 'CLEAR', 'CLEAR', 'BRAWL', 'BANCO_OFF')",5,4,10,40.000,STATUS,40.000,1.332179,3.7893
"('TANK', 'TANK', 'DOMINANT', 'FULL', 'FULL', 'NORMAL', 'FASTER', 'MEC_USED', 'CLEAN', 'CLEAN', 'NEUTRAL', 'NEUTRAL', 'CLEAR', 'SET', 'OPENING', 'BANCO_OFF')",5,4,10,40.000,SWITCH_DEFENSIVE,40.000,1.332179,3.7893
"('TANK', 'TANK', 'NEUTRAL', 'FULL', 'FULL', 'NORMAL', 'SLOWER', 'MEC_USED', 'AFFLICTED', 'CLEAN', 'DEBUFF', 'NEUTRAL', 'CLEAR', 'CLEAR', 'RECOVERING', 'BANCO_VAZIO')",5,3,7,42.857,STAT_CLEAN,60.000,0.950271,2.5864
"('TANK', 'UTILITY', 'NEUTRAL', 'FULL', 'FULL', 'FIELD_THEIRS', 'SLOWER', 'MEC_USED', 'CLEAN', 'CLEAN', 'NEUTRAL', 'NEUTRAL', 'CLEAR', 'CLEAR', 'OPENING', 'BANCO_DEF')",5,4,9,44.444,SWITCH_DEFENSIVE,40.000,1.332179,3.7893
"('TANK', 'TANK', 'NEUTRAL', 'FULL', 'DANGER', 'NORMAL', 'FASTER', 'MEC_USED', 'CLEAN', 'CLEAN', 'NEUTRAL', 'NEUTRAL', 'CLEAR', 'CLEAR', 'BRAWL', 'BANCO_VAZIO')",5,4,10,40.000,CLEAN_HAZARD,40.000,1.332179,3.7893
"('TANK', 'TANK', 'NEUTRAL', 'FULL', 'FULL', 'NORMAL', 'SLOWER', 'MEC_USED', 'CLEAN', 'CLEAN', 'NEUTRAL', 'NEUTRAL', 'CLEAR', 'CLEAR', 'RECOVERING', 'BANCO_OFF')",5,4,11,36.364,STAT_CLEAN,40.000,1.332179,3.7893
"('TANK', 'TANK', 'DEFENSIVE_DIS', 'FULL', 'SAFE', 'FIELD_OURS_DEF', 'FASTER', 'MEC_USED', 'CLEAN', 'CLEAN', 'NEUTRAL', 'NEUTRAL', 'CLEAR', 'CLEAR', 'OPENING', 'BANCO_VAZIO')",5,4,10,40.000,SWITCH_OFFENSIVE,40.000,1.332179,3.7893
"('TANK', 'TANK', 'DEFENSIVE_DIS', 'FULL', 'SAFE', 'FIELD_SHARED', 'SLOWER', 'MEC_USED', 'CLEAN', 'CLEAN', 'NEUTRAL', 'NEUTRAL', 'CLEAR', 'CLEAR', 'OPENING', 'BANCO_AMBOS')",5,4,8,50.000,ATTACK_TECH,40.000,1.332179,3.7893
"('TANK', 'SWEEPER', 'OFFENSIVE_DIS', 'SAFE', 'SAFE', 'NORMAL', 'SLOWER', 'MEC_USED', 'CLEAN', 'CLEAN', 'NEUTRAL', 'NEUTRAL', 'SET', 'CLEAR', 'OPENING', 'BANCO_OFF')",5,3,10,30.000,CLEAN_HAZARD,40.000,1.054920,2.8717
"('TANK', 'UTILITY', 'DEFENSIVE_DIS', 'SAFE', 'SAFE', 'NORMAL', 'SLOWER', 'MEC_USED', 'CLEAN', 'CLEAN', 'NEUTRAL', 'NEUTRAL', 'CLEAR', 'CLEAR', 'OPENING', 'BANCO_OFF')",5,3,8,37.500,HEAL,40.000,1.054920,2.8717
"('TANK', 'TANK', 'NEUTRAL', 'SAFE', 'DANGER', 'NORMAL', 'SLOWER', 'MEC_USED', 'CLEAN', 'CLEAN', 'NEUTRAL', 'NEUTRAL', 'CLEAR', 'SET', 'OPENING', 'BANCO_VAZIO')",5,4,10,40.000,ATTACK_STRONG,40.000,1.332179,3.7893
"('SWEEPER', 'TANK', 'OFFENSIVE_ADV', 'FULL', 'SAFE', 'NORMAL', 'FASTER', 'MEC_AVAIL', 'CLEAN', 'CLEAN', 'NEUTRAL', 'NEUTRAL', 'CLEAR', 'CLEAR', 'OPENING', 'BANCO_OFF')",5,2,8,25.000,ATTACK_STRONG,80.000,0.500402,1.6494
"('UTILITY', 'SWEEPER', 'NEUTRAL', 'FULL', 'FULL', 'NORMAL', 'FASTER', 'MEC_USED', 'CLEAN', 'CLEAN', 'NEUTRAL', 'NEUTRAL', 'CLEAR', 'CLEAR', 'OPENING', 'BANCO_OFF')",5,4,5,80.000,SWITCH_DEFENSIVE,40.000,1.332179,3.7893
"('TANK', 'TANK', 'VOLATILE', 'CRIT', 'FULL', 'FIELD_SHARED', 'FASTER', 'MEC_USED', 'CLEAN', 'CLEAN', 'NEUTRAL', 'NEUTRAL', 'CLEAR', 'CLEAR', 'OPENING', 'BANCO_OFF')",5,4,7,57.143,SWITCH_OFFENSIVE,40.000,1.332179,3.7893
"('TANK', 'TANK', 'OFFENSIVE_ADV', 'SAFE', 'SAFE', 'NORMAL', 'SLOWER', 'MEC_USED', 'CLEAN', 'CLEAN', 'NEUTRAL', 'NEUTRAL', 'CLEAR', 'CLEAR', 'OPENING', 'BANCO_VAZIO')",5,4,10,40.000,STATUS,40.000,1.332179,3.7893
"('TANK', 'TANK', 'OFFENSIVE_ADV', 'DANGER', 'FULL', 'NORMAL', 'FASTER', 'MEC_AVAIL', 'CLEAN', 'CLEAN', 'NEUTRAL', 'NEUTRAL', 'SET', 'CLEAR', 'OPENING', 'BANCO_OFF')",5,4,12,33.333,SWITCH_OFFENSIVE,40.000,1.332179,3.7893
"('TANK', 'TANK', 'DEFENSIVE_DIS', 'FULL', 'DANGER', 'NORMAL', 'FASTER', 'MEC_USED', 'CLEAN', 'CLEAN', 'NEUTRAL', 'NEUTRAL', 'CLEAR', 'CLEAR', 'RECOVERING', 'BANCO_VAZIO')",5,2,5,40.000,ATTACK_STRONG,60.000,0.673012,1.9601
"('TANK', 'TANK', 'DOMINANT', 'FULL', 'FULL', 'FIELD_SHARED', 'FASTER', 'MEC_AVAIL', 'CLEAN', 'CLEAN', 'NEUTRAL', 'NEUTRAL', 'CLEAR', 'CLEAR', 'OPENING', 'BANCO_DEF')",5,3,6,50.000,ATTACK_STRONG_MEC,60.000,0.950271,2.5864
"('TANK', 'TANK', 'NEUTRAL', 'CRIT', 'FULL', 'NORMAL', 'SLOWER', 'MEC_USED', 'CLEAN', 'CLEAN', 'NEUTRAL', 'NEUTRAL', 'SET', 'CLEAR', 'BRAWL', 'BANCO_VAZIO')",5,4,10,40.000,STATUS,40.000,1.332179,3.7893
"('TANK', 'SWEEPER', 'NEUTRAL', 'SAFE', 'DANGER', 'NORMAL', 'SLOWER', 'MEC_USED', 'CLEAN', 'CLEAN', 'NEUTRAL', 'NEUTRAL', 'CLEAR', 'CLEAR', 'OPENING', 'BANCO_VAZIO')",5,5,7,71.429,ATTACK_STRONG,20.000,1.609438,5.0000
"('TANK', 'TANK', 'OFFENSIVE_ADV', 'FULL', 'FULL', 'FIELD_OURS_OFF', 'FASTER', 'MEC_USED', 'CLEAN', 'CLEAN', 'NEUTRAL', 'NEUTRAL', 'CLEAR', 'CLEAR', 'OPENING', 'BANCO_VAZIO')",5,5,7,71.429,ATTACK_STRONG,20.000,1.609438,5.0000
"('SWEEPER', 'SWEEPER', 'NEUTRAL', 'FULL', 'FULL', 'FIELD_OURS_OFF', 'FASTER', 'MEC_USED', 'CLEAN', 'CLEAN', 'NEUTRAL', 'NEUTRAL', 'CLEAR', 'CLEAR', 'OPENING', 'BANCO_OFF')",5,4,10,40.000,FIELD_CONTROL,40.000,1.332179,3.7893
"('TANK', 'TANK', 'OFFENSIVE_ADV', 'SAFE', 'FULL', 'NORMAL', 'SLOWER', 'MEC_USED', 'CLEAN', 'CLEAN', 'NEUTRAL', 'NEUTRAL', 'SET', 'CLEAR', 'RECOVERING', 'BANCO_VAZIO')",5,4,8,50.000,ATTACK_PIVOT,40.000,1.332179,3.7893
"('TANK', 'TANK', 'OFFENSIVE_ADV', 'SAFE', 'DANGER', 'NORMAL', 'FASTER', 'MEC_AVAIL', 'CLEAN', 'CLEAN', 'NEUTRAL', 'NEUTRAL', 'CLEAR', 'CLEAR', 'OPENING', 'BANCO_OFF')",5,4,14,28.571,HAZARD_MEC,40.000,1.332179,3.7893
"('TANK', 'TANK', 'OFFENSIVE_ADV', 'SAFE', 'SAFE', 'NORMAL', 'SLOWER', 'MEC_USED', 'CLEAN', 'CLEAN', 'NEUTRAL', 'NEUTRAL', 'SET', 'SET', 'DOMINATING', 'BANCO_OFF')",5,1,8,12.500,ATTACK_STRONG,100.000,-0.000000,1.0000
"('TANK', 'TANK', 'OFFENSIVE_ADV', 'DANGER', 'FULL', 'NORMAL', 'SLOWER', 'MEC_USED', 'CLEAN', 'CLEAN', 'NEUTRAL', 'NEUTRAL', 'CLEAR', 'CLEAR', 'OPENING', 'BANCO_AMBOS')",5,4,10,40.000,ATTACK_PIVOT,40.000,1.332179,3.7893
"('TANK', 'TANK', 'STALEMATE', 'FULL', 'FULL', 'FIELD_SHARED', 'FASTER', 'MEC_USED', 'CLEAN', 'CLEAN', 'NEUTRAL', 'NEUTRAL', 'CLEAR', 'CLEAR', 'OPENING', 'BANCO_OFF')",5,4,8,50.000,ATTACK_STRONG,40.000,1.332179,3.7893
"('TANK', 'TANK', 'NEUTRAL', 'SAFE', 'DANGER', 'NORMAL', 'FASTER', 'MEC_USED', 'CLEAN', 'CLEAN', 'NEUTRAL', 'NEUTRAL', 'SET', 'SET', 'RECOVERING', 'BANCO_VAZIO')",5,5,9,55.556,ATTACK_TECH,20.000,1.609438,5.0000
"('TANK', 'TANK', 'OFFENSIVE_DIS', 'SAFE', 'FULL', 'NORMAL', 'FASTER', 'MEC_USED', 'AFFLICTED', 'AFFLICTED', 'NEUTRAL', 'DEBUFF', 'CLEAR', 'CLEAR', 'CLUTCH', 'BANCO_VAZIO')",5,4,9,44.444,SWITCH_DEFENSIVE,40.000,1.332179,3.7893
"('TANK', 'TANK', 'DOMINANT', 'SAFE', 'FULL', 'FIELD_THEIRS', 'FASTER', 'MEC_AVAIL', 'CLEAN', 'CLEAN', 'NEUTRAL', 'NEUTRAL', 'CLEAR', 'CLEAR', 'OPENING', 'BANCO_OFF')",5,3,10,30.000,SWITCH_OFFENSIVE,60.000,0.950271,2.5864
"('TANK', 'TANK', 'NEUTRAL', 'SAFE', 'DANGER', 'NORMAL', 'FASTER', 'MEC_USED', 'CLEAN', 'CLEAN', 'NEUTRAL', 'NEUTRAL', 'SET', 'CLEAR', 'OPENING', 'BANCO_AMBOS')",5,4,9,44.444,ATTACK_STRONG,40.000,1.332179,3.7893
"('TANK', 'TANK', 'OFFENSIVE_ADV', 'SAFE', 'DANGER', 'NORMAL', 'FASTER', 'MEC_USED', 'CLEAN', 'CLEAN', 'NEUTRAL', 'NEUTRAL', 'CLEAR', 'CLEAR', 'OPENING', 'BANCO_VAZIO')",5,5,11,45.455,ATTACK_TECH,20.000,1.609438,5.0000
"('TANK', 'TANK', 'DEFENSIVE_ADV', 'SAFE', 'SAFE', 'NORMAL', 'SLOWER', 'MEC_USED', 'CLEAN', 'CLEAN', 'NEUTRAL', 'NEUTRAL', 'SET', 'SET', 'RECOVERING', 'BANCO_VAZIO')",5,2,9,22.222,ATTACK_TECH,80.000,0.500402,1.6494
"('SWEEPER', 'TANK', 'VOLATILE', 'SAFE', 'FULL', 'FIELD_OURS_OFF', 'FASTER', 'MEC_USED', 'CLEAN', 'CLEAN', 'NEUTRAL', 'NEUTRAL', 'CLEAR', 'CLEAR', 'OPENING', 'BANCO_OFF')",5,3,8,37.500,ATTACK_PIVOT,60.000,0.950271,2.5864
"('TANK', 'TANK', 'DEFENSIVE_DIS', 'SAFE', 'FULL', 'FIELD_THEIRS', 'SLOWER', 'MEC_USED', 'CLEAN', 'CLEAN', 'NEUTRAL', 'NEUTRAL', 'SET', 'CLEAR', 'OPENING', 'BANCO_OFF')",5,5,10,50.000,ATTACK_STRONG,20.000,1.609438,5.0000
"('TANK', 'SWEEPER', 'NEUTRAL', 'SAFE', 'DANGER', 'FIELD_SHARED', 'SLOWER', 'MEC_USED', 'CLEAN', 'CLEAN', 'NEUTRAL', 'NEUTRAL', 'CLEAR', 'CLEAR', 'OPENING', 'BANCO_OFF')",5,2,8,25.000,STATUS,60.000,0.673012,1.9601
"('TANK', 'TANK', 'NEUTRAL', 'SAFE', 'SAFE', 'NORMAL', 'SLOWER', 'MEC_USED', 'CLEAN', 'CLEAN', 'NEUTRAL', 'NEUTRAL', 'SET', 'SET', 'DOMINATING', 'BANCO_OFF')",5,3,9,33.333,ATTACK_PIVOT,60.000,0.950271,2.5864
"('TANK', 'TANK', 'NEUTRAL', 'DANGER', 'SAFE', 'FIELD_SHARED', 'SLOWER', 'MEC_USED', 'CLEAN', 'CLEAN', 'NEUTRAL', 'NEUTRAL', 'CLEAR', 'CLEAR', 'OPENING', 'BANCO_OFF')",5,3,9,33.333,ATTACK_STRONG,60.000,0.950271,2.5864
"('TANK', 'TANK', 'NEUTRAL', 'CRIT', 'SAFE', 'NORMAL', 'FASTER', 'MEC_USED', 'CLEAN', 'CLEAN', 'NEUTRAL', 'NEUTRAL', 'CLEAR', 'CLEAR', 'OPENING', 'BANCO_VAZIO')",5,4,9,44.444,SWITCH_OFFENSIVE,40.000,1.332179,3.7893
"('TANK', 'TANK', 'VOLATILE', 'FULL', 'DANGER', 'FIELD_THEIRS', 'FASTER', 'MEC_USED', 'CLEAN', 'CLEAN', 'NEUTRAL', 'NEUTRAL', 'CLEAR', 'CLEAR', 'OPENING', 'BANCO_OFF')",5,4,8,50.000,ATTACK_STRONG,40.000,1.332179,3.7893
"('TANK', 'TANK', 'DEFENSIVE_DIS', 'FULL', 'SAFE', 'NORMAL', 'FASTER', 'MEC_USED', 'CLEAN', 'CLEAN', 'NEUTRAL', 'NEUTRAL', 'CLEAR', 'SET', 'OPENING', 'BANCO_OFF')",5,4,10,40.000,ATTACK_PIVOT,40.000,1.332179,3.7893
"('TANK', 'TANK', 'NEUTRAL', 'FULL', 'FULL', 'FIELD_SHARED', 'FASTER', 'MEC_AVAIL', 'CLEAN', 'CLEAN', 'NEUTRAL', 'NEUTRAL', 'SET', 'CLEAR', 'OPENING', 'BANCO_AMBOS')",5,2,10,20.000,SWITCH_OFFENSIVE,80.000,0.500402,1.6494
"('TANK', 'TANK', 'NEUTRAL', 'SAFE', 'FULL', 'FIELD_SHARED', 'SLOWER', 'MEC_USED', 'CLEAN', 'CLEAN', 'NEUTRAL', 'NEUTRAL', 'SET', 'CLEAR', 'OPENING', 'BANCO_OFF')",5,3,9,33.333,STATUS,40.000,1.054920,2.8717
"('TANK', 'TANK', 'NEUTRAL', 'SAFE', 'DANGER', 'NORMAL', 'FASTER', 'MEC_USED', 'CLEAN', 'CLEAN', 'NEUTRAL', 'NEUTRAL', 'SET', 'SET', 'OPENING', 'BANCO_OFF')",5,2,9,22.222,HEAL,60.000,0.673012,1.9601
"('TANK', 'TANK', 'NEUTRAL', 'CRIT', 'SAFE', 'NORMAL', 'SLOWER', 'MEC_USED', 'CLEAN', 'CLEAN', 'NEUTRAL', 'NEUTRAL', 'SET', 'CLEAR', 'BRAWL', 'BANCO_OFF')",5,5,9,55.556,ATTACK_TECH,20.000,1.609438,5.0000
"('TANK', 'TANK', 'NEUTRAL', 'CRIT', 'FULL', 'NORMAL', 'FASTER', 'MEC_USED', 'CLEAN', 'CLEAN', 'NEUTRAL', 'NEUTRAL', 'CLEAR', 'SET', 'RECOVERING', 'BANCO_VAZIO')",5,5,8,62.500,ATTACK_STRONG,20.000,1.609438,5.0000
"('SWEEPER', 'TANK', 'NEUTRAL', 'SAFE', 'SAFE', 'NORMAL', 'FASTER', 'MEC_USED', 'CLEAN', 'CLEAN', 'NEUTRAL', 'NEUTRAL', 'CLEAR', 'CLEAR', 'RECOVERING', 'BANCO_VAZIO')",5,2,5,40.000,HEAL,60.000,0.673012,1.9601
"('TANK', 'TANK', 'CRITICAL_DIS', 'SAFE', 'SAFE', 'NORMAL', 'SLOWER', 'MEC_USED', 'CLEAN', 'CLEAN', 'NEUTRAL', 'NEUTRAL', 'CLEAR', 'SET', 'RECOVERING', 'BANCO_VAZIO')",5,4,9,44.444,ATTACK_PIVOT,40.000,1.332179,3.7893
"('UTILITY', 'SWEEPER', 'VOLATILE', 'FULL', 'FULL', 'NORMAL', 'FASTER', 'MEC_USED', 'CLEAN', 'CLEAN', 'NEUTRAL', 'NEUTRAL', 'CLEAR', 'CLEAR', 'OPENING', 'BANCO_AMBOS')",5,1,4,25.000,SWITCH_DEFENSIVE,100.000,-0.000000,1.0000
"('TANK', 'SWEEPER', 'OFFENSIVE_ADV', 'SAFE', 'FULL', 'NORMAL', 'SLOWER', 'MEC_AVAIL', 'CLEAN', 'CLEAN', 'NEUTRAL', 'NEUTRAL', 'CLEAR', 'CLEAR', 'OPENING', 'BANCO_AMBOS')",5,4,10,40.000,BUFF,40.000,1.332179,3.7893
"('TANK', 'SWEEPER', 'DEFENSIVE_DIS', 'FULL', 'FULL', 'FIELD_THEIRS', 'SLOWER', 'MEC_USED', 'CLEAN', 'CLEAN', 'NEUTRAL', 'NEUTRAL', 'CLEAR', 'CLEAR', 'RECOVERING', 'BANCO_VAZIO')",5,5,10,50.000,ATTACK_PIVOT,20.000,1.609438,5.0000
"('SWEEPER', 'SWEEPER', 'STALEMATE', 'FULL', 'FULL', 'NORMAL', 'SLOWER', 'MEC_USED', 'CLEAN', 'CLEAN', 'NEUTRAL', 'NEUTRAL', 'CLEAR', 'CLEAR', 'OPENING', 'BANCO_OFF')",5,2,4,50.000,HAZARD,60.000,0.673012,1.9601
"('TANK', 'TANK', 'NEUTRAL', 'DANGER', 'FULL', 'NORMAL', 'FASTER', 'MEC_USED', 'AFFLICTED', 'CLEAN', 'NEUTRAL', 'NEUTRAL', 'SET', 'SET', 'RECOVERING', 'BANCO_VAZIO')",5,4,9,44.444,HAZARD,40.000,1.332179,3.7893
"('TANK', 'UTILITY', 'CRITICAL_DIS', 'SAFE', 'FULL', 'NORMAL', 'SLOWER', 'MEC_USED', 'CLEAN', 'CLEAN', 'NEUTRAL', 'NEUTRAL', 'CLEAR', 'CLEAR', 'OPENING', 'BANCO_AMBOS')",5,5,10,50.000,ATTACK_STRONG,20.000,1.609438,5.0000
"('TANK', 'TANK', 'NEUTRAL', 'SAFE', 'FULL', 'NORMAL', 'SLOWER', 'MEC_AVAIL', 'CLEAN', 'CLEAN', 'NEUTRAL', 'NEUTRAL', 'CLEAR', 'CLEAR', 'OPENING', 'BANCO_OFF')",5,2,16,12.500,ATTACK_TECH,60.000,0.673012,1.9601
"('TANK', 'SWEEPER', 'DEFENSIVE_ADV', 'SAFE', 'FULL', 'NORMAL', 'SLOWER', 'MEC_USED', 'CLEAN', 'CLEAN', 'NEUTRAL', 'NEUTRAL', 'CLEAR', 'CLEAR', 'OPENING', 'BANCO_OFF')",5,5,9,55.556,ATTACK_STRONG,20.000,1.609438,5.0000
"('TANK', 'TANK', 'DEFENSIVE_DIS', 'FULL', 'SAFE', 'NORMAL', 'SLOWER', 'MEC_USED', 'CLEAN', 'CLEAN', 'NEUTRAL', 'NEUTRAL', 'SET', 'CLEAR', 'BRAWL', 'BANCO_VAZIO')",5,2,11,18.182,HEAL,60.000,0.673012,1.9601
"('TANK', 'TANK', 'OFFENSIVE_ADV', 'DANGER', 'DANGER', 'FIELD_SHARED', 'FASTER', 'MEC_USED', 'CLEAN', 'CLEAN', 'NEUTRAL', 'NEUTRAL', 'CLEAR', 'CLEAR', 'OPENING', 'BANCO_OFF')",5,3,5,60.000,SWITCH_OFFENSIVE,60.000,0.950271,2.5864
"('TANK', 'TANK', 'CRITICAL_DIS', 'FULL', 'SAFE', 'NORMAL', 'FASTER', 'MEC_USED', 'CLEAN', 'CLEAN', 'NEUTRAL', 'NEUTRAL', 'CLEAR', 'CLEAR', 'RECOVERING', 'BANCO_VAZIO')",5,3,10,30.000,HEAL,40.000,1.054920,2.8717
"('TANK', 'TANK', 'DEFENSIVE_DIS', 'DANGER', 'FULL', 'NORMAL', 'FASTER', 'MEC_AVAIL', 'CLEAN', 'CLEAN', 'NEUTRAL', 'NEUTRAL', 'CLEAR', 'CLEAR', 'OPENING', 'BANCO_OFF')",5,3,10,30.000,SWITCH_OFFENSIVE,60.000,0.950271,2.5864
"('TANK', 'TANK', 'NEUTRAL', 'CRIT', 'FULL', 'FIELD_SHARED', 'SLOWER', 'MEC_USED', 'CLEAN', 'CLEAN', 'NEUTRAL', 'NEUTRAL', 'CLEAR', 'CLEAR', 'OPENING', 'BANCO_OFF')",5,5,9,55.556,ATTACK_STRONG,20.000,1.609438,5.0000
"('SWEEPER', 'SWEEPER', 'OFFENSIVE_ADV', 'FULL', 'FULL', 'NORMAL', 'FASTER', 'MEC_USED', 'CLEAN', 'CLEAN', 'DEBUFF', 'NEUTRAL', 'CLEAR', 'CLEAR', 'OPENING', 'BANCO_OFF')",5,1,4,25.000,HAZARD,100.000,-0.000000,1.0000
"('TANK', 'TANK', 'DOMINANT', 'SAFE', 'FULL', 'NORMAL', 'SLOWER', 'MEC_AVAIL', 'CLEAN', 'CLEAN', 'NEUTRAL', 'NEUTRAL', 'CLEAR', 'CLEAR', 'OPENING', 'BANCO_AMBOS')",5,4,10,40.000,ATTACK_TECH_MEC,40.000,1.332179,3.7893
"('TANK', 'TANK', 'NEUTRAL', 'CRIT', 'FULL', 'NORMAL', 'SLOWER', 'MEC_USED', 'CLEAN', 'CLEAN', 'NEUTRAL', 'NEUTRAL', 'SET', 'CLEAR', 'CLUTCH', 'BANCO_VAZIO')",5,3,9,33.333,BUFF,40.000,1.054920,2.8717
"('TANK', 'TANK', 'NEUTRAL', 'DANGER', 'CRIT', 'NORMAL', 'SLOWER', 'MEC_USED', 'CLEAN', 'CLEAN', 'NEUTRAL', 'NEUTRAL', 'CLEAR', 'CLEAR', 'RECOVERING', 'BANCO_VAZIO')",5,3,7,42.857,ATTACK_PIVOT,60.000,0.950271,2.5864
"('TANK', 'TANK', 'NEUTRAL', 'FULL', 'CRIT', 'NORMAL', 'SLOWER', 'MEC_USED', 'CLEAN', 'CLEAN', 'NEUTRAL', 'NEUTRAL', 'CLEAR', 'SET', 'RECOVERING', 'BANCO_VAZIO')",5,2,9,22.222,ATTACK_STRONG,80.000,0.500402,1.6494
"('TANK', 'TANK', 'NEUTRAL', 'DANGER', 'SAFE', 'NORMAL', 'FASTER', 'MEC_USED', 'CLEAN', 'CLEAN', 'NEUTRAL', 'NEUTRAL', 'SET', 'CLEAR', 'BRAWL', 'BANCO_VAZIO')",5,4,8,50.000,SWITCH_DEFENSIVE,40.000,1.332179,3.7893
"('TANK', 'TANK', 'NEUTRAL', 'FULL', 'FULL', 'NORMAL', 'FASTER', 'MEC_AVAIL', 'CLEAN', 'CLEAN', 'NEUTRAL', 'NEUTRAL', 'CLEAR', 'SET', 'OPENING', 'BANCO_OFF')",5,5,12,41.667,BUFF,20.000,1.609438,5.0000
"('TANK', 'TANK', 'DOMINANT', 'FULL', 'DANGER', 'NORMAL', 'FASTER', 'MEC_USED', 'CLEAN', 'CLEAN', 'NEUTRAL', 'NEUTRAL', 'CLEAR', 'CLEAR', 'OPENING', 'BANCO_AMBOS')",5,4,8,50.000,BUFF,40.000,1.332179,3.7893
"('TANK', 'TANK', 'DEFENSIVE_DIS', 'DANGER', 'SAFE', 'NORMAL', 'FASTER', 'MEC_USED', 'CLEAN', 'CLEAN', 'NEUTRAL', 'NEUTRAL', 'SET', 'CLEAR', 'OPENING', 'BANCO_OFF')",5,5,10,50.000,STATUS,20.000,1.609438,5.0000
"('TANK', 'TANK', 'DEFENSIVE_DIS', 'SAFE', 'FULL', 'NORMAL', 'SLOWER', 'MEC_USED', 'CLEAN', 'CLEAN', 'NEUTRAL', 'NEUTRAL', 'SET', 'SET', 'OPENING', 'BANCO_OFF')",5,4,9,44.444,STAT_CLEAN,40.000,1.332179,3.7893
"('SWEEPER', 'TANK', 'DOMINANT', 'FULL', 'FULL', 'FIELD_SHARED', 'FASTER', 'MEC_USED', 'CLEAN', 'CLEAN', 'NEUTRAL', 'NEUTRAL', 'CLEAR', 'CLEAR', 'OPENING', 'BANCO_OFF')",5,3,6,50.000,ATTACK_STRONG,60.000,0.950271,2.5864
"('TANK', 'TANK', 'DEFENSIVE_DIS', 'FULL', 'SAFE', 'NORMAL', 'SLOWER', 'MEC_USED', 'CLEAN', 'AFFLICTED', 'NEUTRAL', 'DEBUFF', 'SET', 'CLEAR', 'CLUTCH', 'BANCO_VAZIO')",5,3,5,60.000,ATTACK_STRONG,40.000,1.054920,2.8717
"('TANK', 'TANK', 'NEUTRAL', 'FULL', 'FULL', 'NORMAL', 'FASTER', 'MEC_USED', 'AFFLICTED', 'AFFLICTED', 'NEUTRAL', 'NEUTRAL', 'CLEAR', 'CLEAR', 'CLUTCH', 'BANCO_VAZIO')",5,4,7,57.143,HEAL,40.000,1.332179,3.7893
"('TANK', 'TANK', 'DEFENSIVE_DIS', 'SAFE', 'FULL', 'NORMAL', 'SLOWER', 'MEC_USED', 'CLEAN', 'CLEAN', 'NEUTRAL', 'NEUTRAL', 'CLEAR', 'CLEAR', 'RECOVERING', 'BANCO_OFF')",5,4,11,36.364,STAT_CLEAN,40.000,1.332179,3.7893
"('SWEEPER', 'SWEEPER', 'CRITICAL_DIS', 'FULL', 'FULL', 'FIELD_THEIRS', 'FASTER', 'MEC_USED', 'CLEAN', 'CLEAN', 'NEUTRAL', 'NEUTRAL', 'CLEAR', 'CLEAR', 'OPENING', 'BANCO_OFF')",5,4,6,66.667,ATTACK_STRONG,40.000,1.332179,3.7893
"('TANK', 'TANK', 'NEUTRAL', 'FULL', 'FULL', 'NORMAL', 'FASTER', 'MEC_USED', 'CLEAN', 'CLEAN', 'NEUTRAL', 'NEUTRAL', 'SET', 'CLEAR', 'BRAWL', 'BANCO_AMBOS')",5,4,9,44.444,HAZARD,40.000,1.332179,3.7893
"('TANK', 'TANK', 'VOLATILE', 'FULL', 'SAFE', 'FIELD_THEIRS', 'SLOWER', 'MEC_USED', 'CLEAN', 'CLEAN', 'NEUTRAL', 'NEUTRAL', 'CLEAR', 'CLEAR', 'OPENING', 'BANCO_OFF')",5,4,8,50.000,ATTACK_STRONG,40.000,1.332179,3.7893
"('TANK', 'TANK', 'NEUTRAL', 'SAFE', 'SAFE', 'NORMAL', 'FASTER', 'MEC_USED', 'CLEAN', 'CLEAN', 'NEUTRAL', 'NEUTRAL', 'SET', 'SET', 'OPENING', 'BANCO_VAZIO')",5,3,6,50.000,ATTACK_STRONG,60.000,0.950271,2.5864
"('TANK', 'TANK', 'NEUTRAL', 'FULL', 'SAFE', 'NORMAL', 'FASTER', 'MEC_USED', 'CLEAN', 'CLEAN', 'NEUTRAL', 'NEUTRAL', 'SET', 'SET', 'CLUTCH', 'BANCO_VAZIO')",5,2,6,33.333,STATUS,80.000,0.500402,1.6494
"('TANK', 'TANK', 'DEFENSIVE_DIS', 'DANGER', 'DANGER', 'NORMAL', 'FASTER', 'MEC_USED', 'CLEAN', 'CLEAN', 'NEUTRAL', 'NEUTRAL', 'CLEAR', 'CLEAR', 'OPENING', 'BANCO_AMBOS')",5,3,7,42.857,SWITCH_OFFENSIVE,60.000,0.950271,2.5864
"('TANK', 'TANK', 'STALEMATE', 'SAFE', 'SAFE', 'NORMAL', 'SLOWER', 'MEC_USED', 'CLEAN', 'CLEAN', 'NEUTRAL', 'NEUTRAL', 'CLEAR', 'CLEAR', 'OPENING', 'BANCO_AMBOS')",5,3,9,33.333,STAT_CLEAN,40.000,1.054920,2.8717
"('TANK', 'TANK', 'NEUTRAL', 'SAFE', 'SAFE', 'NORMAL', 'SLOWER', 'MEC_USED', 'CLEAN', 'AFFLICTED', 'NEUTRAL', 'DEBUFF', 'SET', 'CLEAR', 'OPENING', 'BANCO_OFF')",5,1,7,14.286,ATTACK_STRONG,100.000,-0.000000,1.0000
"('TANK', 'TANK', 'NEUTRAL', 'DANGER', 'SAFE', 'NORMAL', 'FASTER', 'MEC_USED', 'CLEAN', 'CLEAN', 'NEUTRAL', 'NEUTRAL', 'SET', 'SET', 'BRAWL', 'BANCO_OFF')",5,3,9,33.333,HEAL,60.000,0.950271,2.5864
"('TANK', 'TANK', 'NEUTRAL', 'SAFE', 'SAFE', 'NORMAL', 'SLOWER', 'MEC_USED', 'CLEAN', 'CLEAN', 'NEUTRAL', 'NEUTRAL', 'CLEAR', 'SET', 'OPENING', 'BANCO_AMBOS')",5,2,10,20.000,STATUS,60.000,0.673012,1.9601
"('TANK', 'TANK', 'NEUTRAL', 'DANGER', 'SAFE', 'NORMAL', 'FASTER', 'MEC_USED', 'CLEAN', 'CLEAN', 'NEUTRAL', 'NEUTRAL', 'CLEAR', 'SET', 'RECOVERING', 'BANCO_VAZIO')",5,4,7,57.143,HEAL,40.000,1.332179,3.7893
"('TANK', 'TANK', 'NEUTRAL', 'SAFE', 'DANGER', 'NORMAL', 'FASTER', 'MEC_USED', 'CLEAN', 'CLEAN', 'NEUTRAL', 'NEUTRAL', 'CLEAR', 'CLEAR', 'BRAWL', 'BANCO_OFF')",5,3,9,33.333,HEAL,40.000,1.054920,2.8717
"('TANK', 'TANK', 'OFFENSIVE_DIS', 'SAFE', 'SAFE', 'NORMAL', 'FASTER', 'MEC_USED', 'AFFLICTED', 'CLEAN', 'NEUTRAL', 'NEUTRAL', 'CLEAR', 'SET', 'CLUTCH', 'BANCO_VAZIO')",5,3,6,50.000,STATUS,60.000,0.950271,2.5864
"('TANK', 'SWEEPER', 'VOLATILE', 'DANGER', 'FULL', 'NORMAL', 'SLOWER', 'MEC_USED', 'CLEAN', 'CLEAN', 'NEUTRAL', 'NEUTRAL', 'CLEAR', 'CLEAR', 'OPENING', 'BANCO_OFF')",5,4,10,40.000,PROTECT,40.000,1.332179,3.7893
"('TANK', 'TANK', 'DEFENSIVE_ADV', 'SAFE', 'SAFE', 'NORMAL', 'FASTER', 'MEC_USED', 'CLEAN', 'CLEAN', 'NEUTRAL', 'NEUTRAL', 'CLEAR', 'CLEAR', 'OPENING', 'BANCO_OFF')",5,5,9,55.556,ATTACK_STRONG,20.000,1.609438,5.0000
"('TANK', 'SWEEPER', 'STALEMATE', 'FULL', 'SAFE', 'NORMAL', 'SLOWER', 'MEC_USED', 'CLEAN', 'CLEAN', 'NEUTRAL', 'NEUTRAL', 'CLEAR', 'CLEAR', 'OPENING', 'BANCO_OFF')",5,1,6,16.667,ATTACK_TECH,100.000,-0.000000,1.0000
"('TANK', 'TANK', 'VOLATILE', 'SAFE', 'FULL', 'FIELD_OURS_OFF', 'SLOWER', 'MEC_USED', 'CLEAN', 'CLEAN', 'NEUTRAL', 'NEUTRAL', 'CLEAR', 'CLEAR', 'OPENING', 'BANCO_AMBOS')",5,4,10,40.000,SWITCH_OFFENSIVE,40.000,1.332179,3.7893
"('UTILITY', 'TANK', 'NEUTRAL', 'FULL', 'FULL', 'FIELD_OURS_OFF', 'FASTER', 'MEC_USED', 'CLEAN', 'CLEAN', 'NEUTRAL', 'NEUTRAL', 'CLEAR', 'CLEAR', 'OPENING', 'BANCO_OFF')",5,4,11,36.364,DISRUPTION,40.000,1.332179,3.7893
"('TANK', 'SWEEPER', 'DOMINANT', 'FULL', 'FULL', 'NORMAL', 'FASTER', 'MEC_USED', 'CLEAN', 'CLEAN', 'NEUTRAL', 'NEUTRAL', 'CLEAR', 'CLEAR', 'OPENING', 'BANCO_OFF')",5,1,4,25.000,ATTACK_PIVOT,100.000,-0.000000,1.0000
"('TANK', 'TANK', 'NEUTRAL', 'SAFE', 'FULL', 'NORMAL', 'FASTER', 'MEC_USED', 'AFFLICTED', 'CLEAN', 'DEBUFF', 'NEUTRAL', 'CLEAR', 'SET', 'CLUTCH', 'BANCO_VAZIO')",5,3,3,100.000,HEAL,60.000,0.950271,2.5864
"('TANK', 'SWEEPER', 'OFFENSIVE_DIS', 'SAFE', 'SAFE', 'NORMAL', 'SLOWER', 'MEC_USED', 'CLEAN', 'CLEAN', 'NEUTRAL', 'NEUTRAL', 'CLEAR', 'CLEAR', 'OPENING', 'BANCO_VAZIO')",5,1,7,14.286,CLEAN_HAZARD,100.000,-0.000000,1.0000
"('TANK', 'TANK', 'NEUTRAL', 'SAFE', 'FULL', 'NORMAL', 'FASTER', 'MEC_AVAIL', 'CLEAN', 'CLEAN', 'BUFFED', 'NEUTRAL', 'SET', 'CLEAR', 'OPENING', 'BANCO_AMBOS')",5,4,10,40.000,BUFF,40.000,1.332179,3.7893
"('TANK', 'TANK', 'NEUTRAL', 'FULL', 'FULL', 'NORMAL', 'SLOWER', 'MEC_USED', 'AFFLICTED', 'AFFLICTED', 'NEUTRAL', 'NEUTRAL', 'SET', 'SET', 'CLUTCH', 'BANCO_VAZIO')",5,1,6,16.667,HEAL,100.000,-0.000000,1.0000
"('TANK', 'TANK', 'STALEMATE', 'FULL', 'SAFE', 'NORMAL', 'SLOWER', 'MEC_USED', 'CLEAN', 'CLEAN', 'NEUTRAL', 'NEUTRAL', 'CLEAR', 'CLEAR', 'OPENING', 'BANCO_VAZIO')",5,2,8,25.000,ATTACK_STRONG,80.000,0.500402,1.6494
"('TANK', 'TANK', 'OFFENSIVE_DIS', 'FULL', 'FULL', 'NORMAL', 'FASTER', 'MEC_AVAIL', 'CLEAN', 'CLEAN', 'NEUTRAL', 'NEUTRAL', 'SET', 'CLEAR', 'OPENING', 'BANCO_VAZIO')",5,3,10,30.000,ATTACK_TECH_MEC,40.000,1.054920,2.8717
"('TANK', 'TANK', 'OFFENSIVE_DIS', 'FULL', 'CRIT', 'NORMAL', 'FASTER', 'MEC_USED', 'AFFLICTED', 'CLEAN', 'NEUTRAL', 'NEUTRAL', 'SET', 'SET', 'RECOVERING', 'BANCO_VAZIO')",4,2,7,28.571,ATTACK_PIVOT,75.000,0.562335,1.7548
"('TANK', 'TANK', 'STALEMATE', 'FULL', 'FULL', 'NORMAL', 'FASTER', 'MEC_USED', 'CLEAN', 'CLEAN', 'NEUTRAL', 'NEUTRAL', 'SET', 'CLEAR', 'OPENING', 'BANCO_OFF')",4,3,10,30.000,CLEAN_HAZARD,50.000,1.039721,2.8284
"('TANK', 'TANK', 'OFFENSIVE_ADV', 'SAFE', 'FULL', 'NORMAL', 'FASTER', 'MEC_USED', 'AFFLICTED', 'CLEAN', 'DEBUFF', 'NEUTRAL', 'CLEAR', 'CLEAR', 'RECOVERING', 'BANCO_VAZIO')",4,2,4,50.000,HEAL,75.000,0.562335,1.7548
"('TANK', 'TANK', 'CRITICAL_DIS', 'FULL', 'DANGER', 'NORMAL', 'SLOWER', 'MEC_USED', 'CLEAN', 'CLEAN', 'NEUTRAL', 'NEUTRAL', 'CLEAR', 'SET', 'RECOVERING', 'BANCO_VAZIO')",4,3,5,60.000,STATUS,50.000,1.039721,2.8284
"('TANK', 'TANK', 'DEFENSIVE_ADV', 'FULL', 'FULL', 'NORMAL', 'FASTER', 'MEC_USED', 'AFFLICTED', 'AFFLICTED', 'NEUTRAL', 'DEBUFF_DEBUFF', 'SET', 'SET', 'CLUTCH', 'BANCO_VAZIO')",4,2,2,100.000,ATTACK_PIVOT,75.000,0.562335,1.7548
"('TANK', 'TANK', 'NEUTRAL', 'SAFE', 'SAFE', 'NORMAL', 'SLOWER', 'MEC_USED', 'CLEAN', 'AFFLICTED', 'NEUTRAL', 'DEBUFF', 'SET', 'CLEAR', 'CLUTCH', 'BANCO_VAZIO')",4,2,7,28.571,ATTACK_STRONG,50.000,0.693147,2.0000
"('TANK', 'TANK', 'DEFENSIVE_DIS', 'SAFE', 'FULL', 'NORMAL', 'FASTER', 'MEC_USED', 'CLEAN', 'CLEAN', 'NEUTRAL', 'NEUTRAL', 'SET', 'SET', 'CLUTCH', 'BANCO_VAZIO')",4,3,11,27.273,BUFF,50.000,1.039721,2.8284
"('TANK', 'TANK', 'NEUTRAL', 'SAFE', 'DANGER', 'FIELD_THEIRS', 'SLOWER', 'MEC_USED', 'CLEAN', 'CLEAN', 'NEUTRAL', 'NEUTRAL', 'CLEAR', 'CLEAR', 'OPENING', 'BANCO_OFF')",4,3,5,60.000,ATTACK_STRONG,50.000,1.039721,2.8284
"('TANK', 'TANK', 'OFFENSIVE_DIS', 'SAFE', 'FULL', 'NORMAL', 'SLOWER', 'MEC_USED', 'CLEAN', 'CLEAN', 'NEUTRAL', 'NEUTRAL', 'SET', 'SET', 'BRAWL', 'BANCO_VAZIO')",4,3,7,42.857,ATTACK_TECH,50.000,1.039721,2.8284
"('TANK', 'TANK', 'NEUTRAL', 'CRIT', 'DANGER', 'NORMAL', 'FASTER', 'MEC_USED', 'CLEAN', 'CLEAN', 'NEUTRAL', 'NEUTRAL', 'SET', 'SET', 'CLUTCH', 'BANCO_VAZIO')",4,4,9,44.444,ATTACK_STRONG,25.000,1.386294,4.0000
"('TANK', 'TANK', 'OFFENSIVE_DIS', 'DANGER', 'FULL', 'NORMAL', 'SLOWER', 'MEC_USED', 'CLEAN', 'CLEAN', 'NEUTRAL', 'NEUTRAL', 'SET', 'CLEAR', 'OPENING', 'BANCO_OFF')",4,4,9,44.444,ATTACK_STRONG,25.000,1.386294,4.0000
"('TANK', 'TANK', 'NEUTRAL', 'SAFE', 'SAFE', 'NORMAL', 'FASTER', 'MEC_USED', 'CLEAN', 'CLEAN', 'NEUTRAL', 'NEUTRAL', 'SET', 'CLEAR', 'CLUTCH', 'BANCO_VAZIO')",4,2,7,28.571,ATTACK_TECH,75.000,0.562335,1.7548
"('TANK', 'TANK', 'NEUTRAL', 'DANGER', 'DANGER', 'NORMAL', 'SLOWER', 'MEC_USED', 'CLEAN', 'CLEAN', 'NEUTRAL', 'NEUTRAL', 'SET', 'SET', 'RECOVERING', 'BANCO_VAZIO')",4,4,6,66.667,ATTACK_STRONG,25.000,1.386294,4.0000
"('TANK', 'TANK', 'DEFENSIVE_DIS', 'DANGER', 'SAFE', 'NORMAL', 'FASTER', 'MEC_USED', 'CLEAN', 'CLEAN', 'NEUTRAL', 'NEUTRAL', 'CLEAR', 'CLEAR', 'OPENING', 'BANCO_VAZIO')",4,3,8,37.500,DISRUPTION,50.000,1.039721,2.8284
"('TANK', 'TANK', 'DEFENSIVE_DIS', 'FULL', 'FULL', 'NORMAL', 'SLOWER', 'MEC_USED', 'CLEAN', 'AFFLICTED', 'NEUTRAL', 'NEUTRAL', 'CLEAR', 'CLEAR', 'RECOVERING', 'BANCO_VAZIO')",4,3,8,37.500,STATUS,50.000,1.039721,2.8284
"('TANK', 'TANK', 'NEUTRAL', 'SAFE', 'DANGER', 'NORMAL', 'SLOWER', 'MEC_USED', 'CLEAN', 'CLEAN', 'NEUTRAL', 'NEUTRAL', 'SET', 'SET', 'BRAWL', 'BANCO_OFF')",4,3,11,27.273,STATUS,50.000,1.039721,2.8284
"('TANK', 'TANK', 'OFFENSIVE_DIS', 'SAFE', 'DANGER', 'NORMAL', 'FASTER', 'MEC_USED', 'CLEAN', 'CLEAN', 'NEUTRAL', 'NEUTRAL', 'CLEAR', 'CLEAR', 'RECOVERING', 'BANCO_VAZIO')",4,4,11,36.364,ATTACK_STRONG,25.000,1.386294,4.0000
"('TANK', 'TANK', 'DOMINANT', 'FULL', 'SAFE', 'NORMAL', 'SLOWER', 'MEC_USED', 'CLEAN', 'CLEAN', 'NEUTRAL', 'NEUTRAL', 'CLEAR', 'CLEAR', 'OPENING', 'BANCO_DEF')",4,3,6,50.000,STAT_CLEAN,50.000,1.039721,2.8284
"('TANK', 'TANK', 'NEUTRAL', 'DANGER', 'FULL', 'NORMAL', 'FASTER', 'MEC_USED', 'AFFLICTED', 'CLEAN', 'DEBUFF', 'NEUTRAL', 'CLEAR', 'CLEAR', 'RECOVERING', 'BANCO_VAZIO')",4,4,9,44.444,ATTACK_STRONG,25.000,1.386294,4.0000
"('TANK', 'TANK', 'DOMINANT', 'FULL', 'FULL', 'FIELD_THEIRS', 'SLOWER', 'MEC_AVAIL', 'CLEAN', 'CLEAN', 'NEUTRAL', 'NEUTRAL', 'CLEAR', 'CLEAR', 'OPENING', 'BANCO_OFF')",4,3,10,30.000,HAZARD,50.000,1.039721,2.8284
"('TANK', 'TANK', 'VOLATILE', 'SAFE', 'FULL', 'FIELD_OURS_DEF', 'SLOWER', 'MEC_USED', 'CLEAN', 'CLEAN', 'NEUTRAL', 'NEUTRAL', 'CLEAR', 'CLEAR', 'OPENING', 'BANCO_OFF')",4,2,4,50.000,ATTACK_STRONG,75.000,0.562335,1.7548
"('SWEEPER', 'TANK', 'NEUTRAL', 'FULL', 'DANGER', 'NORMAL', 'FASTER', 'MEC_USED', 'CLEAN', 'CLEAN', 'NEUTRAL', 'NEUTRAL', 'CLEAR', 'CLEAR', 'OPENING', 'BANCO_AMBOS')",4,2,5,40.000,SWITCH_DEFENSIVE,75.000,0.562335,1.7548
"('SWEEPER', 'UTILITY', 'NEUTRAL', 'FULL', 'FULL', 'FIELD_THEIRS', 'SLOWER', 'MEC_USED', 'CLEAN', 'CLEAN', 'NEUTRAL', 'NEUTRAL', 'CLEAR', 'CLEAR', 'OPENING', 'BANCO_OFF')",4,4,8,50.000,ATTACK_TECH,25.000,1.386294,4.0000
"('TANK', 'TANK', 'OFFENSIVE_DIS', 'SAFE', 'FULL', 'FIELD_THEIRS', 'SLOWER', 'MEC_USED', 'CLEAN', 'CLEAN', 'NEUTRAL', 'NEUTRAL', 'CLEAR', 'CLEAR', 'BRAWL', 'BANCO_OFF')",4,3,7,42.857,PROTECT,50.000,1.039721,2.8284
"('TANK', 'TANK', 'OFFENSIVE_DIS', 'CRIT', 'DANGER', 'NORMAL', 'SLOWER', 'MEC_USED', 'CLEAN', 'CLEAN', 'NEUTRAL', 'NEUTRAL', 'SET', 'SET', 'RECOVERING', 'BANCO_VAZIO')",4,4,7,57.143,ATTACK_TECH,25.000,1.386294,4.0000
"('TANK', 'TANK', 'DEFENSIVE_DIS', 'FULL', 'SAFE', 'NORMAL', 'SLOWER', 'MEC_USED', 'CLEAN', 'CLEAN', 'NEUTRAL', 'NEUTRAL', 'SET', 'CLEAR', 'BRAWL', 'BANCO_OFF')",4,2,9,22.222,HEAL,75.000,0.562335,1.7548
"('TANK', 'TANK', 'NEUTRAL', 'SAFE', 'FULL', 'NORMAL', 'FASTER', 'MEC_USED', 'CLEAN', 'CLEAN', 'NEUTRAL', 'NEUTRAL', 'SET', 'CLEAR', 'DOMINATING', 'BANCO_OFF')",4,3,7,42.857,HEAL,50.000,1.039721,2.8284
"('TANK', 'TANK', 'OFFENSIVE_ADV', 'SAFE', 'SAFE', 'FIELD_THEIRS', 'SLOWER', 'MEC_USED', 'CLEAN', 'CLEAN', 'NEUTRAL', 'NEUTRAL', 'CLEAR', 'CLEAR', 'BRAWL', 'BANCO_OFF')",4,4,10,40.000,ATTACK_STRONG,25.000,1.386294,4.0000
"('TANK', 'TANK', 'CRITICAL_DIS', 'FULL', 'CRIT', 'NORMAL', 'FASTER', 'MEC_USED', 'CLEAN', 'CLEAN', 'NEUTRAL', 'NEUTRAL', 'CLEAR', 'CLEAR', 'RECOVERING', 'BANCO_VAZIO')",4,3,6,50.000,PROTECT,50.000,1.039721,2.8284
"('TANK', 'TANK', 'DEFENSIVE_DIS', 'SAFE', 'DANGER', 'NORMAL', 'SLOWER', 'MEC_USED', 'CLEAN', 'CLEAN', 'NEUTRAL', 'NEUTRAL', 'SET', 'CLEAR', 'OPENING', 'BANCO_OFF')",4,2,11,18.182,ATTACK_STRONG,75.000,0.562335,1.7548
"('TANK', 'TANK', 'NEUTRAL', 'FULL', 'SAFE', 'NORMAL', 'SLOWER', 'MEC_USED', 'CLEAN', 'CLEAN', 'NEUTRAL', 'NEUTRAL', 'CLEAR', 'SET', 'BRAWL', 'BANCO_VAZIO')",4,1,6,16.667,ATTACK_TECH,100.000,-0.000000,1.0000
"('TANK', 'TANK', 'OFFENSIVE_DIS', 'SAFE', 'FULL', 'NORMAL', 'FASTER', 'MEC_USED', 'CLEAN', 'CLEAN', 'NEUTRAL', 'NEUTRAL', 'CLEAR', 'SET', 'CLUTCH', 'BANCO_VAZIO')",4,1,6,16.667,HEAL,100.000,-0.000000,1.0000
"('TANK', 'TANK', 'OFFENSIVE_ADV', 'FULL', 'FULL', 'NORMAL', 'FASTER', 'MEC_USED', 'CLEAN', 'CLEAN', 'NEUTRAL', 'NEUTRAL', 'SET', 'CLEAR', 'BRAWL', 'BANCO_VAZIO')",4,2,7,28.571,ATTACK_STRONG,75.000,0.562335,1.7548
"('TANK', 'TANK', 'DEFENSIVE_ADV', 'FULL', 'SAFE', 'NORMAL', 'SLOWER', 'MEC_USED', 'CLEAN', 'AFFLICTED', 'NEUTRAL', 'DEBUFF', 'SET', 'SET', 'CLUTCH', 'BANCO_VAZIO')",4,3,4,75.000,STAT_CLEAN,50.000,1.039721,2.8284
"('TANK', 'UTILITY', 'OFFENSIVE_DIS', 'DANGER', 'SAFE', 'NORMAL', 'SLOWER', 'MEC_USED', 'CLEAN', 'CLEAN', 'NEUTRAL', 'BUFFED', 'CLEAR', 'SET', 'RECOVERING', 'BANCO_VAZIO')",4,2,7,28.571,HAZARD,75.000,0.562335,1.7548
"('TANK', 'TANK', 'VOLATILE', 'FULL', 'FULL', 'FIELD_THEIRS', 'SLOWER', 'MEC_USED', 'CLEAN', 'CLEAN', 'NEUTRAL', 'NEUTRAL', 'CLEAR', 'CLEAR', 'RECOVERING', 'BANCO_VAZIO')",4,3,9,33.333,ATTACK_STRONG,50.000,1.039721,2.8284
"('TANK', 'TANK', 'OFFENSIVE_ADV', 'FULL', 'FULL', 'NORMAL', 'SLOWER', 'MEC_USED', 'AFFLICTED', 'CLEAN', 'NEUTRAL', 'NEUTRAL', 'CLEAR', 'CLEAR', 'OPENING', 'BANCO_AMBOS')",4,3,8,37.500,HAZARD,50.000,1.039721,2.8284
"('TANK', 'TANK', 'OFFENSIVE_DIS', 'CRIT', 'SAFE', 'NORMAL', 'FASTER', 'MEC_USED', 'CLEAN', 'CLEAN', 'NEUTRAL', 'NEUTRAL', 'CLEAR', 'SET', 'RECOVERING', 'BANCO_VAZIO')",4,3,9,33.333,SWITCH_DEFENSIVE,50.000,1.039721,2.8284
"('TANK', 'TANK', 'OFFENSIVE_ADV', 'SAFE', 'DANGER', 'NORMAL', 'SLOWER', 'MEC_USED', 'CLEAN', 'CLEAN', 'NEUTRAL', 'NEUTRAL', 'SET', 'SET', 'OPENING', 'BANCO_OFF')",4,3,10,30.000,ATTACK_TECH,50.000,1.039721,2.8284
"('TANK', 'TANK', 'NEUTRAL', 'SAFE', 'FULL', 'FIELD_SHARED', 'FASTER', 'MEC_AVAIL', 'CLEAN', 'CLEAN', 'BUFFED', 'NEUTRAL', 'CLEAR', 'CLEAR', 'OPENING', 'BANCO_OFF')",4,2,6,33.333,ATTACK_STRONG_MEC,75.000,0.562335,1.7548
"('TANK', 'TANK', 'NEUTRAL', 'CRIT', 'FULL', 'NORMAL', 'FASTER', 'MEC_USED', 'CLEAN', 'CLEAN', 'NEUTRAL', 'NEUTRAL', 'SET', 'SET', 'BRAWL', 'BANCO_OFF')",4,3,9,33.333,STAT_CLEAN,50.000,1.039721,2.8284
"('TANK', 'TANK', 'OFFENSIVE_ADV', 'SAFE', 'DANGER', 'NORMAL', 'SLOWER', 'MEC_USED', 'CLEAN', 'CLEAN', 'NEUTRAL', 'NEUTRAL', 'CLEAR', 'CLEAR', 'OPENING', 'BANCO_VAZIO')",4,4,9,44.444,ATTACK_PIVOT,25.000,1.386294,4.0000
"('TANK', 'TANK', 'VOLATILE', 'SAFE', 'SAFE', 'NORMAL', 'FASTER', 'MEC_USED', 'CLEAN', 'CLEAN', 'NEUTRAL', 'NEUTRAL', 'CLEAR', 'CLEAR', 'RECOVERING', 'BANCO_VAZIO')",4,3,7,42.857,ATTACK_TECH,50.000,1.039721,2.8284
"('TANK', 'TANK', 'NEUTRAL', 'FULL', 'DANGER', 'NORMAL', 'SLOWER', 'MEC_USED', 'CLEAN', 'AFFLICTED', 'NEUTRAL', 'NEUTRAL', 'SET', 'SET', 'CLUTCH', 'BANCO_VAZIO')",4,3,8,37.500,ATTACK_STRONG,50.000,1.039721,2.8284
"('TANK', 'UTILITY', 'DEFENSIVE_DIS', 'FULL', 'FULL', 'FIELD_THEIRS', 'SLOWER', 'MEC_USED', 'CLEAN', 'CLEAN', 'NEUTRAL', 'NEUTRAL', 'CLEAR', 'CLEAR', 'OPENING', 'BANCO_AMBOS')",4,1,9,11.111,SWITCH_DEFENSIVE,100.000,-0.000000,1.0000
"('UTILITY', 'TANK', 'DEFENSIVE_ADV', 'SAFE', 'FULL', 'NORMAL', 'FASTER', 'MEC_USED', 'CLEAN', 'CLEAN', 'NEUTRAL', 'NEUTRAL', 'CLEAR', 'CLEAR', 'OPENING', 'BANCO_OFF')",4,4,9,44.444,BUFF,25.000,1.386294,4.0000
"('TANK', 'TANK', 'STALEMATE', 'SAFE', 'FULL', 'NORMAL', 'SLOWER', 'MEC_USED', 'CLEAN', 'CLEAN', 'NEUTRAL', 'NEUTRAL', 'SET', 'SET', 'RECOVERING', 'BANCO_VAZIO')",4,2,6,33.333,STATUS,75.000,0.562335,1.7548
"('TANK', 'TANK', 'CRITICAL_DIS', 'FULL', 'SAFE', 'NORMAL', 'FASTER', 'MEC_USED', 'AFFLICTED', 'AFFLICTED', 'NEUTRAL', 'DEBUFF', 'SET', 'SET', 'CLUTCH', 'BANCO_VAZIO')",4,2,6,33.333,ATTACK_STRONG,75.000,0.562335,1.7548
"('TANK', 'TANK', 'NEUTRAL', 'DANGER', 'SAFE', 'NORMAL', 'FASTER', 'MEC_USED', 'CLEAN', 'CLEAN', 'NEUTRAL', 'NEUTRAL', 'SET', 'SET', 'OPENING', 'BANCO_VAZIO')",4,4,8,50.000,BUFF,25.000,1.386294,4.0000
"('TANK', 'TANK', 'VOLATILE', 'DANGER', 'SAFE', 'NORMAL', 'FASTER', 'MEC_USED', 'CLEAN', 'CLEAN', 'NEUTRAL', 'NEUTRAL', 'SET', 'CLEAR', 'OPENING', 'BANCO_OFF')",4,2,5,40.000,DISRUPTION,50.000,0.693147,2.0000
"('SWEEPER', 'UTILITY', 'NEUTRAL', 'FULL', 'FULL', 'NORMAL', 'SLOWER', 'MEC_USED', 'CLEAN', 'CLEAN', 'NEUTRAL', 'NEUTRAL', 'CLEAR', 'CLEAR', 'OPENING', 'BANCO_AMBOS')",4,4,6,66.667,ATTACK_PIVOT,25.000,1.386294,4.0000
"('TANK', 'TANK', 'NEUTRAL', 'FULL', 'FULL', 'FIELD_SHARED', 'FASTER', 'MEC_AVAIL', 'CLEAN', 'CLEAN', 'NEUTRAL', 'DEBUFF', 'CLEAR', 'CLEAR', 'OPENING', 'BANCO_OFF')",4,3,8,37.500,ATTACK_STRONG_MEC,50.000,1.039721,2.8284
"('TANK', 'TANK', 'CRITICAL_DIS', 'FULL', 'SAFE', 'NORMAL', 'SLOWER', 'MEC_USED', 'CLEAN', 'CLEAN', 'NEUTRAL', 'NEUTRAL', 'SET', 'CLEAR', 'OPENING', 'BANCO_OFF')",4,3,7,42.857,HEAL,50.000,1.039721,2.8284
"('UTILITY', 'UTILITY', 'DOMINANT', 'FULL', 'FULL', 'NORMAL', 'SLOWER', 'MEC_USED', 'CLEAN', 'CLEAN', 'NEUTRAL', 'NEUTRAL', 'CLEAR', 'CLEAR', 'OPENING', 'BANCO_AMBOS')",4,3,9,33.333,HAZARD,50.000,1.039721,2.8284
"('TANK', 'TANK', 'OFFENSIVE_DIS', 'SAFE', 'SAFE', 'NORMAL', 'FASTER', 'MEC_USED', 'CLEAN', 'CLEAN', 'NEUTRAL', 'NEUTRAL', 'CLEAR', 'CLEAR', 'OPENING', 'BANCO_VAZIO')",4,3,8,37.500,ATTACK_STRONG,50.000,1.039721,2.8284
"('TANK', 'TANK', 'STALEMATE', 'SAFE', 'FULL', 'NORMAL', 'SLOWER', 'MEC_USED', 'CLEAN', 'CLEAN', 'NEUTRAL', 'NEUTRAL', 'CLEAR', 'CLEAR', 'BRAWL', 'BANCO_OFF')",4,4,9,44.444,ATTACK_TECH,25.000,1.386294,4.0000
"('TANK', 'TANK', 'NEUTRAL', 'FULL', 'DANGER', 'NORMAL', 'FASTER', 'MEC_USED', 'CLEAN', 'CLEAN', 'NEUTRAL', 'NEUTRAL', 'SET', 'CLEAR', 'OPENING', 'BANCO_AMBOS')",4,4,5,80.000,ATTACK_STRONG,25.000,1.386294,4.0000
"('UTILITY', 'TANK', 'OFFENSIVE_DIS', 'FULL', 'FULL', 'NORMAL', 'FASTER', 'MEC_USED', 'CLEAN', 'CLEAN', 'NEUTRAL', 'NEUTRAL', 'SET', 'CLEAR', 'OPENING', 'BANCO_OFF')",4,3,4,75.000,STATUS,50.000,1.039721,2.8284
"('TANK', 'TANK', 'OFFENSIVE_DIS', 'SAFE', 'FULL', 'NORMAL', 'FASTER', 'MEC_USED', 'AFFLICTED', 'CLEAN', 'NEUTRAL', 'NEUTRAL', 'SET', 'SET', 'CLUTCH', 'BANCO_VAZIO')",4,2,8,25.000,STAT_CLEAN,50.000,0.693147,2.0000
"('SWEEPER', 'TANK', 'NEUTRAL', 'CRIT', 'FULL', 'NORMAL', 'SLOWER', 'MEC_USED', 'AFFLICTED', 'AFFLICTED', 'DEBUFF', 'NEUTRAL', 'CLEAR', 'SET', 'CLUTCH', 'BANCO_VAZIO')",4,1,2,50.000,STATUS,100.000,-0.000000,1.0000
"('SWEEPER', 'TANK', 'VOLATILE', 'SAFE', 'SAFE', 'NORMAL', 'FASTER', 'MEC_USED', 'CLEAN', 'CLEAN', 'NEUTRAL', 'NEUTRAL', 'CLEAR', 'CLEAR', 'OPENING', 'BANCO_OFF')",4,4,5,80.000,STATUS,25.000,1.386294,4.0000
"('TANK', 'TANK', 'OFFENSIVE_DIS', 'SAFE', 'SAFE', 'NORMAL', 'SLOWER', 'MEC_USED', 'CLEAN', 'CLEAN', 'NEUTRAL', 'NEUTRAL', 'SET', 'SET', 'OPENING', 'BANCO_VAZIO')",4,3,10,30.000,ATTACK_PIVOT,50.000,1.039721,2.8284
"('TANK', 'UTILITY', 'VOLATILE', 'SAFE', 'FULL', 'NORMAL', 'SLOWER', 'MEC_USED', 'CLEAN', 'CLEAN', 'NEUTRAL', 'NEUTRAL', 'CLEAR', 'CLEAR', 'OPENING', 'BANCO_AMBOS')",4,3,4,75.000,SWITCH_DEFENSIVE,50.000,1.039721,2.8284
"('TANK', 'TANK', 'OFFENSIVE_ADV', 'CRIT', 'SAFE', 'NORMAL', 'SLOWER', 'MEC_USED', 'CLEAN', 'CLEAN', 'NEUTRAL', 'NEUTRAL', 'CLEAR', 'CLEAR', 'OPENING', 'BANCO_OFF')",4,3,8,37.500,CLEAN_HAZARD,50.000,1.039721,2.8284
"('TANK', 'TANK', 'OFFENSIVE_ADV', 'SAFE', 'FULL', 'NORMAL', 'FASTER', 'MEC_AVAIL', 'CLEAN', 'CLEAN', 'NEUTRAL', 'NEUTRAL', 'CLEAR', 'SET', 'OPENING', 'BANCO_OFF')",4,2,10,20.000,BUFF_MEC,50.000,0.693147,2.0000
"('TANK', 'TANK', 'STALEMATE', 'SAFE', 'FULL', 'NORMAL', 'FASTER', 'MEC_USED', 'CLEAN', 'CLEAN', 'NEUTRAL', 'NEUTRAL', 'CLEAR', 'CLEAR', 'CLUTCH', 'BANCO_VAZIO')",4,2,8,25.000,ATTACK_TECH,75.000,0.562335,1.7548
"('TANK', 'TANK', 'NEUTRAL', 'CRIT', 'CRIT', 'NORMAL', 'FASTER', 'MEC_USED', 'CLEAN', 'CLEAN', 'NEUTRAL', 'NEUTRAL', 'CLEAR', 'CLEAR', 'OPENING', 'BANCO_OFF')",4,4,8,50.000,ATTACK_STRONG,25.000,1.386294,4.0000
"('TANK', 'TANK', 'VOLATILE', 'SAFE', 'SAFE', 'NORMAL', 'FASTER', 'MEC_USED', 'CLEAN', 'CLEAN', 'NEUTRAL', 'NEUTRAL', 'SET', 'CLEAR', 'OPENING', 'BANCO_AMBOS')",4,3,4,75.000,SWITCH_DEFENSIVE,50.000,1.039721,2.8284
"('TANK', 'TANK', 'NEUTRAL', 'FULL', 'DANGER', 'NORMAL', 'SLOWER', 'MEC_USED', 'CLEAN', 'CLEAN', 'NEUTRAL', 'NEUTRAL', 'SET', 'SET', 'CLUTCH', 'BANCO_VAZIO')",4,2,5,40.000,STATUS,75.000,0.562335,1.7548
"('TANK', 'TANK', 'NEUTRAL', 'FULL', 'DANGER', 'NORMAL', 'FASTER', 'MEC_USED', 'CLEAN', 'CLEAN', 'NEUTRAL', 'NEUTRAL', 'CLEAR', 'CLEAR', 'OPENING', 'BANCO_AMBOS')",4,2,8,25.000,CLEAN_HAZARD,75.000,0.562335,1.7548
"('TANK', 'TANK', 'CRITICAL_DIS', 'SAFE', 'FULL', 'NORMAL', 'FASTER', 'MEC_USED', 'CLEAN', 'CLEAN', 'NEUTRAL', 'NEUTRAL', 'CLEAR', 'CLEAR', 'BRAWL', 'BANCO_OFF')",4,4,10,40.000,CLEAN_HAZARD,25.000,1.386294,4.0000
"('SWEEPER', 'TANK', 'OFFENSIVE_ADV', 'SAFE', 'CRIT', 'NORMAL', 'FASTER', 'MEC_USED', 'CLEAN', 'CLEAN', 'NEUTRAL', 'NEUTRAL', 'CLEAR', 'CLEAR', 'OPENING', 'BANCO_OFF')",4,3,4,75.000,SWITCH_OFFENSIVE,50.000,1.039721,2.8284
"('SWEEPER', 'TANK', 'DEFENSIVE_DIS', 'FULL', 'FULL', 'NORMAL', 'FASTER', 'MEC_USED', 'CLEAN', 'CLEAN', 'NEUTRAL', 'NEUTRAL', 'SET', 'CLEAR', 'OPENING', 'BANCO_OFF')",4,3,6,50.000,ATTACK_TECH,50.000,1.039721,2.8284
"('TANK', 'TANK', 'NEUTRAL', 'CRIT', 'FULL', 'NORMAL', 'SLOWER', 'MEC_USED', 'CLEAN', 'CLEAN', 'NEUTRAL', 'NEUTRAL', 'SET', 'SET', 'RECOVERING', 'BANCO_VAZIO')",4,4,9,44.444,ATTACK_STRONG,25.000,1.386294,4.0000
"('TANK', 'TANK', 'DOMINANT', 'FULL', 'FULL', 'NORMAL', 'SLOWER', 'MEC_USED', 'CLEAN', 'CLEAN', 'NEUTRAL', 'NEUTRAL', 'SET', 'CLEAR', 'OPENING', 'BANCO_VAZIO')",4,3,7,42.857,SWITCH_OFFENSIVE,50.000,1.039721,2.8284
"('TANK', 'TANK', 'DEFENSIVE_DIS', 'FULL', 'FULL', 'NORMAL', 'SLOWER', 'MEC_USED', 'CLEAN', 'CLEAN', 'NEUTRAL', 'NEUTRAL', 'SET', 'SET', 'OPENING', 'BANCO_OFF')",4,3,5,60.000,HAZARD,50.000,1.039721,2.8284
"('SWEEPER', 'TANK', 'OFFENSIVE_ADV', 'FULL', 'FULL', 'NORMAL', 'FASTER', 'MEC_USED', 'CLEAN', 'CLEAN', 'NEUTRAL', 'DEBUFF', 'CLEAR', 'SET', 'OPENING', 'BANCO_OFF')",4,2,6,33.333,CLEAN_HAZARD,75.000,0.562335,1.7548
"('SWEEPER', 'SWEEPER', 'OFFENSIVE_ADV', 'FULL', 'FULL', 'NORMAL', 'FASTER', 'MEC_USED', 'CLEAN', 'CLEAN', 'NEUTRAL', 'DEBUFF', 'CLEAR', 'CLEAR', 'OPENING', 'BANCO_OFF')",4,3,5,60.000,ATTACK_PIVOT,50.000,1.039721,2.8284
"('TANK', 'TANK', 'NEUTRAL', 'CRIT', 'SAFE', 'NORMAL', 'FASTER', 'MEC_USED', 'CLEAN', 'CLEAN', 'NEUTRAL', 'NEUTRAL', 'SET', 'CLEAR', 'OPENING', 'BANCO_VAZIO')",4,3,9,33.333,ATTACK_STRONG,50.000,1.039721,2.8284
"('UTILITY', 'SWEEPER', 'DEFENSIVE_DIS', 'FULL', 'FULL', 'FIELD_THEIRS', 'SLOWER', 'MEC_AVAIL', 'CLEAN', 'CLEAN', 'NEUTRAL', 'NEUTRAL', 'CLEAR', 'CLEAR', 'OPENING', 'BANCO_VAZIO')",4,3,4,75.000,SWITCH_OFFENSIVE,50.000,1.039721,2.8284
"('TANK', 'TANK', 'OFFENSIVE_DIS', 'FULL', 'FULL', 'NORMAL', 'FASTER', 'MEC_USED', 'AFFLICTED', 'AFFLICTED', 'NEUTRAL', 'DEBUFF', 'CLEAR', 'CLEAR', 'CLUTCH', 'BANCO_VAZIO')",4,1,6,16.667,SWITCH_DEFENSIVE,100.000,-0.000000,1.0000
"('TANK', 'TANK', 'DOMINANT', 'FULL', 'FULL', 'NORMAL', 'SLOWER', 'MEC_USED', 'CLEAN', 'CLEAN', 'NEUTRAL', 'NEUTRAL', 'CLEAR', 'CLEAR', 'BRAWL', 'BANCO_AMBOS')",4,2,9,22.222,ATTACK_PIVOT,50.000,0.693147,2.0000
"('TANK', 'TANK', 'OFFENSIVE_ADV', 'FULL', 'FULL', 'FIELD_SWEEP', 'FASTER', 'MEC_USED', 'CLEAN', 'CLEAN', 'NEUTRAL', 'NEUTRAL', 'CLEAR', 'CLEAR', 'OPENING', 'BANCO_OFF')",4,1,5,20.000,ATTACK_STRONG,100.000,-0.000000,1.0000
"('TANK', 'TANK', 'NEUTRAL', 'SAFE', 'CRIT', 'FIELD_SHARED', 'SLOWER', 'MEC_USED', 'CLEAN', 'CLEAN', 'NEUTRAL', 'NEUTRAL', 'CLEAR', 'CLEAR', 'OPENING', 'BANCO_OFF')",4,2,7,28.571,STATUS,75.000,0.562335,1.7548
"('TANK', 'TANK', 'NEUTRAL', 'FULL', 'FULL', 'NORMAL', 'SLOWER', 'MEC_AVAIL', 'CLEAN', 'CLEAN', 'NEUTRAL', 'NEUTRAL', 'CLEAR', 'CLEAR', 'OPENING', 'BANCO_VAZIO')",4,3,14,21.429,ATTACK_PIVOT_MEC,50.000,1.039721,2.8284
"('TANK', 'TANK', 'NEUTRAL', 'FULL', 'SAFE', 'NORMAL', 'SLOWER', 'MEC_USED', 'CLEAN', 'CLEAN', 'NEUTRAL', 'NEUTRAL', 'SET', 'SET', 'BRAWL', 'BANCO_OFF')",4,2,9,22.222,STATUS,75.000,0.562335,1.7548
"('TANK', 'TANK', 'NEUTRAL', 'FULL', 'FULL', 'FIELD_OURS_OFF', 'FASTER', 'MEC_AVAIL', 'CLEAN', 'CLEAN', 'NEUTRAL', 'NEUTRAL', 'CLEAR', 'CLEAR', 'OPENING', 'BANCO_OFF')",4,3,10,30.000,ATTACK_STRONG_MEC,50.000,1.039721,2.8284
"('TANK', 'SWEEPER', 'NEUTRAL', 'FULL', 'FULL', 'NORMAL', 'SLOWER', 'MEC_USED', 'CLEAN', 'CLEAN', 'NEUTRAL', 'NEUTRAL', 'CLEAR', 'SET', 'OPENING', 'BANCO_OFF')",4,3,9,33.333,STATUS,50.000,1.039721,2.8284
"('TANK', 'TANK', 'DEFENSIVE_DIS', 'SAFE', 'FULL', 'NORMAL', 'FASTER', 'MEC_USED', 'CLEAN', 'CLEAN', 'NEUTRAL', 'NEUTRAL', 'SET', 'SET', 'BRAWL', 'BANCO_OFF')",4,4,9,44.444,ATTACK_TECH,25.000,1.386294,4.0000
"('TANK', 'SWEEPER', 'OFFENSIVE_DIS', 'FULL', 'SAFE', 'NORMAL', 'SLOWER', 'MEC_USED', 'CLEAN', 'CLEAN', 'NEUTRAL', 'NEUTRAL', 'SET', 'CLEAR', 'OPENING', 'BANCO_OFF')",4,3,8,37.500,STATUS,50.000,1.039721,2.8284
"('SWEEPER', 'TANK', 'OFFENSIVE_ADV', 'FULL', 'DANGER', 'NORMAL', 'FASTER', 'MEC_USED', 'CLEAN', 'CLEAN', 'NEUTRAL', 'NEUTRAL', 'CLEAR', 'CLEAR', 'OPENING', 'BANCO_OFF')",4,3,7,42.857,BUFF,50.000,1.039721,2.8284
"('SWEEPER', 'TANK', 'NEUTRAL', 'FULL', 'SAFE', 'FIELD_SHARED', 'FASTER', 'MEC_USED', 'CLEAN', 'CLEAN', 'NEUTRAL', 'DEBUFF', 'CLEAR', 'CLEAR', 'OPENING', 'BANCO_OFF')",4,3,6,50.000,ATTACK_STRONG,50.000,1.039721,2.8284
"('SWEEPER', 'TANK', 'OFFENSIVE_ADV', 'FULL', 'FULL', 'FIELD_SHARED', 'FASTER', 'MEC_USED', 'CLEAN', 'CLEAN', 'NEUTRAL', 'DEBUFF', 'CLEAR', 'CLEAR', 'OPENING', 'BANCO_AMBOS')",4,2,5,40.000,CLEAN_HAZARD,50.000,0.693147,2.0000
"('TANK', 'TANK', 'NEUTRAL', 'SAFE', 'FULL', 'FIELD_OURS_OFF', 'FASTER', 'MEC_AVAIL', 'CLEAN', 'CLEAN', 'NEUTRAL', 'NEUTRAL', 'CLEAR', 'CLEAR', 'OPENING', 'BANCO_OFF')",4,3,10,30.000,ATTACK_STRONG_MEC,50.000,1.039721,2.8284
"('TANK', 'TANK', 'DEFENSIVE_DIS', 'SAFE', 'FULL', 'FIELD_THEIRS', 'FASTER', 'MEC_USED', 'CLEAN', 'CLEAN', 'NEUTRAL', 'NEUTRAL', 'SET', 'CLEAR', 'OPENING', 'BANCO_OFF')",4,3,7,42.857,ATTACK_STRONG,50.000,1.039721,2.8284
"('TANK', 'SWEEPER', 'OFFENSIVE_DIS', 'FULL', 'FULL', 'FIELD_SHARED', 'SLOWER', 'MEC_USED', 'AFFLICTED', 'CLEAN', 'DEBUFF', 'NEUTRAL', 'CLEAR', 'CLEAR', 'OPENING', 'BANCO_OFF')",4,2,8,25.000,SWITCH_OFFENSIVE,75.000,0.562335,1.7548
"('TANK', 'SWEEPER', 'DEFENSIVE_DIS', 'SAFE', 'DANGER', 'NORMAL', 'SLOWER', 'MEC_USED', 'CLEAN', 'CLEAN', 'NEUTRAL', 'NEUTRAL', 'CLEAR', 'CLEAR', 'RECOVERING', 'BANCO_VAZIO')",4,4,7,57.143,ATTACK_STRONG,25.000,1.386294,4.0000
"('TANK', 'TANK', 'OFFENSIVE_ADV', 'FULL', 'DANGER', 'NORMAL', 'SLOWER', 'MEC_USED', 'CLEAN', 'CLEAN', 'NEUTRAL', 'NEUTRAL', 'SET', 'CLEAR', 'BRAWL', 'BANCO_OFF')",4,2,10,20.000,ATTACK_STRONG,75.000,0.562335,1.7548
"('TANK', 'SWEEPER', 'NEUTRAL', 'CRIT', 'SAFE', 'NORMAL', 'SLOWER', 'MEC_USED', 'CLEAN', 'CLEAN', 'NEUTRAL', 'NEUTRAL', 'CLEAR', 'CLEAR', 'OPENING', 'BANCO_OFF')",4,4,10,40.000,HEAL,25.000,1.386294,4.0000
"('TANK', 'TANK', 'OFFENSIVE_DIS', 'SAFE', 'FULL', 'NORMAL', 'FASTER', 'MEC_USED', 'AFFLICTED', 'CLEAN', 'NEUTRAL', 'NEUTRAL', 'CLEAR', 'CLEAR', 'OPENING', 'BANCO_OFF')",4,2,9,22.222,SWITCH_OFFENSIVE,75.000,0.562335,1.7548
"('TANK', 'SWEEPER', 'NEUTRAL', 'SAFE', 'FULL', 'NORMAL', 'SLOWER', 'MEC_USED', 'CLEAN', 'CLEAN', 'DEBUFF', 'NEUTRAL', 'CLEAR', 'CLEAR', 'OPENING', 'BANCO_OFF')",4,4,9,44.444,BUFF,25.000,1.386294,4.0000
"('TANK', 'UTILITY', 'NEUTRAL', 'FULL', 'FULL', 'FIELD_THEIRS', 'SLOWER', 'MEC_USED', 'CLEAN', 'CLEAN', 'NEUTRAL', 'NEUTRAL', 'CLEAR', 'CLEAR', 'OPENING', 'BANCO_AMBOS')",4,4,11,36.364,CLEAN_HAZARD,25.000,1.386294,4.0000
"('TANK', 'TANK', 'OFFENSIVE_ADV', 'FULL', 'DANGER', 'NORMAL', 'SLOWER', 'MEC_USED', 'CLEAN', 'CLEAN', 'NEUTRAL', 'NEUTRAL', 'CLEAR', 'CLEAR', 'OPENING', 'BANCO_VAZIO')",4,3,7,42.857,STAT_CLEAN,50.000,1.039721,2.8284
"('SWEEPER', 'TANK', 'CRITICAL_DIS', 'FULL', 'FULL', 'FIELD_OURS_OFF', 'FASTER', 'MEC_USED', 'CLEAN', 'CLEAN', 'NEUTRAL', 'NEUTRAL', 'CLEAR', 'CLEAR', 'OPENING', 'BANCO_AMBOS')",4,3,6,50.000,SWITCH_DEFENSIVE,50.000,1.039721,2.8284
"('TANK', 'TANK', 'CRITICAL_DIS', 'FULL', 'SAFE', 'NORMAL', 'SLOWER', 'MEC_USED', 'CLEAN', 'CLEAN', 'NEUTRAL', 'NEUTRAL', 'CLEAR', 'CLEAR', 'OPENING', 'BANCO_VAZIO')",4,3,9,33.333,SWITCH_OFFENSIVE,50.000,1.039721,2.8284
"('SWEEPER', 'UTILITY', 'DEFENSIVE_DIS', 'FULL', 'FULL', 'NORMAL', 'FASTER', 'MEC_USED', 'CLEAN', 'CLEAN', 'NEUTRAL', 'NEUTRAL', 'CLEAR', 'CLEAR', 'OPENING', 'BANCO_DEF')",4,2,4,50.000,SWITCH_OFFENSIVE,75.000,0.562335,1.7548
"('TANK', 'SWEEPER', 'DEFENSIVE_DIS', 'CRIT', 'DANGER', 'NORMAL', 'SLOWER', 'MEC_USED', 'CLEAN', 'CLEAN', 'NEUTRAL', 'NEUTRAL', 'CLEAR', 'CLEAR', 'RECOVERING', 'BANCO_VAZIO')",4,3,10,30.000,SWITCH_DEFENSIVE,50.000,1.039721,2.8284
"('TANK', 'TANK', 'STALEMATE', 'SAFE', 'FULL', 'NORMAL', 'SLOWER', 'MEC_USED', 'AFFLICTED', 'AFFLICTED', 'DEBUFF', 'DEBUFF', 'SET', 'CLEAR', 'CLUTCH', 'BANCO_OFF')",4,1,7,14.286,SWITCH_OFFENSIVE,100.000,-0.000000,1.0000
"('TANK', 'TANK', 'DEFENSIVE_DIS', 'SAFE', 'DANGER', 'FIELD_SHARED', 'FASTER', 'MEC_USED', 'CLEAN', 'CLEAN', 'NEUTRAL', 'NEUTRAL', 'CLEAR', 'CLEAR', 'OPENING', 'BANCO_OFF')",4,4,9,44.444,ATTACK_PIVOT,25.000,1.386294,4.0000
"('SWEEPER', 'UTILITY', 'OFFENSIVE_ADV', 'SAFE', 'FULL', 'NORMAL', 'FASTER', 'MEC_USED', 'CLEAN', 'CLEAN', 'NEUTRAL', 'NEUTRAL', 'CLEAR', 'CLEAR', 'OPENING', 'BANCO_OFF')",4,3,7,42.857,PHAZE,50.000,1.039721,2.8284
"('TANK', 'TANK', 'NEUTRAL', 'SAFE', 'FULL', 'NORMAL', 'FASTER', 'MEC_AVAIL', 'CLEAN', 'CLEAN', 'NEUTRAL', 'NEUTRAL', 'SET', 'CLEAR', 'OPENING', 'BANCO_AMBOS')",4,4,10,40.000,STATUS,25.000,1.386294,4.0000
"('TANK', 'TANK', 'NEUTRAL', 'SAFE', 'SAFE', 'NORMAL', 'FASTER', 'MEC_USED', 'CLEAN', 'CLEAN', 'NEUTRAL', 'NEUTRAL', 'CLEAR', 'SET', 'CLUTCH', 'BANCO_VAZIO')",4,2,9,22.222,ATTACK_STRONG,50.000,0.693147,2.0000
"('TANK', 'TANK', 'VOLATILE', 'DANGER', 'SAFE', 'NORMAL', 'SLOWER', 'MEC_USED', 'CLEAN', 'CLEAN', 'NEUTRAL', 'NEUTRAL', 'CLEAR', 'CLEAR', 'RECOVERING', 'BANCO_VAZIO')",4,4,9,44.444,ATTACK_STRONG,25.000,1.386294,4.0000
"('TANK', 'TANK', 'NEUTRAL', 'SAFE', 'FULL', 'FIELD_THEIRS', 'SLOWER', 'MEC_USED', 'CLEAN', 'CLEAN', 'NEUTRAL', 'NEUTRAL', 'SET', 'CLEAR', 'OPENING', 'BANCO_AMBOS')",4,3,10,30.000,HEAL,50.000,1.039721,2.8284
"('TANK', 'TANK', 'OFFENSIVE_ADV', 'FULL', 'FULL', 'FIELD_THEIRS', 'FASTER', 'MEC_USED', 'CLEAN', 'CLEAN', 'NEUTRAL', 'NEUTRAL', 'SET', 'CLEAR', 'BRAWL', 'BANCO_OFF')",4,4,7,57.143,ATTACK_TECH,25.000,1.386294,4.0000
"('TANK', 'SWEEPER', 'OFFENSIVE_DIS', 'FULL', 'FULL', 'NORMAL', 'SLOWER', 'MEC_USED', 'CLEAN', 'CLEAN', 'DEBUFF', 'NEUTRAL', 'CLEAR', 'CLEAR', 'OPENING', 'BANCO_DEF')",4,3,6,50.000,ATTACK_STRONG,50.000,1.039721,2.8284
"('TANK', 'TANK', 'DEFENSIVE_DIS', 'FULL', 'SAFE', 'NORMAL', 'SLOWER', 'MEC_USED', 'CLEAN', 'CLEAN', 'NEUTRAL', 'NEUTRAL', 'CLEAR', 'CLEAR', 'BRAWL', 'BANCO_OFF')",4,3,8,37.500,CLEAN_HAZARD,50.000,1.039721,2.8284
"('TANK', 'TANK', 'OFFENSIVE_ADV', 'FULL', 'FULL', 'FIELD_OURS_OFF', 'FASTER', 'MEC_USED', 'CLEAN', 'CLEAN', 'NEUTRAL', 'NEUTRAL', 'CLEAR', 'CLEAR', 'BRAWL', 'BANCO_OFF')",4,3,8,37.500,PROTECT,50.000,1.039721,2.8284
"('TANK', 'TANK', 'OFFENSIVE_ADV', 'SAFE', 'SAFE', 'FIELD_THEIRS', 'FASTER', 'MEC_USED', 'CLEAN', 'CLEAN', 'NEUTRAL', 'NEUTRAL', 'CLEAR', 'CLEAR', 'BRAWL', 'BANCO_OFF')",4,2,3,66.667,ATTACK_STRONG,75.000,0.562335,1.7548
"('TANK', 'TANK', 'CRITICAL_DIS', 'SAFE', 'SAFE', 'NORMAL', 'FASTER', 'MEC_USED', 'CLEAN', 'CLEAN', 'NEUTRAL', 'NEUTRAL', 'SET', 'CLEAR', 'RECOVERING', 'BANCO_VAZIO')",4,3,8,37.500,SWITCH_DEFENSIVE,50.000,1.039721,2.8284
"('TANK', 'TANK', 'NEUTRAL', 'DANGER', 'FULL', 'NORMAL', 'FASTER', 'MEC_USED', 'CLEAN', 'CLEAN', 'BUFFED', 'NEUTRAL', 'SET', 'CLEAR', 'OPENING', 'BANCO_OFF')",4,3,7,42.857,ATTACK_TECH,50.000,1.039721,2.8284
"('TANK', 'TANK', 'OFFENSIVE_ADV', 'SAFE', 'FULL', 'FIELD_THEIRS', 'FASTER', 'MEC_USED', 'CLEAN', 'CLEAN', 'BUFFED', 'NEUTRAL', 'CLEAR', 'CLEAR', 'OPENING', 'BANCO_OFF')",4,1,7,14.286,ATTACK_STRONG,100.000,-0.000000,1.0000
"('TANK', 'TANK', 'NEUTRAL', 'FULL', 'SAFE', 'FIELD_SHARED', 'SLOWER', 'MEC_USED', 'CLEAN', 'CLEAN', 'NEUTRAL', 'NEUTRAL', 'CLEAR', 'CLEAR', 'BRAWL', 'BANCO_OFF')",4,4,10,40.000,ATTACK_STRONG,25.000,1.386294,4.0000
"('TANK', 'TANK', 'DEFENSIVE_ADV', 'FULL', 'FULL', 'NORMAL', 'SLOWER', 'MEC_USED', 'CLEAN', 'CLEAN', 'NEUTRAL', 'NEUTRAL', 'CLEAR', 'CLEAR', 'BRAWL', 'BANCO_AMBOS')",4,3,7,42.857,HAZARD,50.000,1.039721,2.8284
"('TANK', 'TANK', 'NEUTRAL', 'FULL', 'FULL', 'NORMAL', 'SLOWER', 'MEC_USED', 'AFFLICTED', 'CLEAN', 'NEUTRAL', 'NEUTRAL', 'CLEAR', 'SET', 'RECOVERING', 'BANCO_VAZIO')",4,3,8,37.500,ATTACK_PIVOT,50.000,1.039721,2.8284
"('TANK', 'TANK', 'OFFENSIVE_ADV', 'DANGER', 'SAFE', 'FIELD_THEIRS', 'SLOWER', 'MEC_USED', 'CLEAN', 'CLEAN', 'NEUTRAL', 'NEUTRAL', 'CLEAR', 'CLEAR', 'OPENING', 'BANCO_OFF')",4,4,8,50.000,ATTACK_PIVOT,25.000,1.386294,4.0000
"('TANK', 'TANK', 'STALEMATE', 'FULL', 'FULL', 'NORMAL', 'SLOWER', 'MEC_USED', 'AFFLICTED', 'CLEAN', 'DEBUFF', 'NEUTRAL', 'SET', 'CLEAR', 'OPENING', 'BANCO_OFF')",4,1,6,16.667,ATTACK_TECH,100.000,-0.000000,1.0000
"('TANK', 'TANK', 'STALEMATE', 'FULL', 'FULL', 'NORMAL', 'SLOWER', 'MEC_USED', 'CLEAN', 'CLEAN', 'NEUTRAL', 'NEUTRAL', 'CLEAR', 'CLEAR', 'RECOVERING', 'BANCO_VAZIO')",4,3,10,30.000,SWITCH_DEFENSIVE,50.000,1.039721,2.8284
"('TANK', 'SWEEPER', 'OFFENSIVE_ADV', 'FULL', 'FULL', 'NORMAL', 'SLOWER', 'MEC_AVAIL', 'CLEAN', 'CLEAN', 'DEBUFF', 'NEUTRAL', 'CLEAR', 'CLEAR', 'OPENING', 'BANCO_OFF')",4,3,8,37.500,SWITCH_DEFENSIVE,50.000,1.039721,2.8284
"('SWEEPER', 'TANK', 'OFFENSIVE_ADV', 'SAFE', 'SAFE', 'FIELD_THEIRS', 'FASTER', 'MEC_USED', 'CLEAN', 'CLEAN', 'NEUTRAL', 'DEBUFF', 'CLEAR', 'CLEAR', 'OPENING', 'BANCO_OFF')",4,3,6,50.000,CLEAN_HAZARD,50.000,1.039721,2.8284
"('TANK', 'TANK', 'CRITICAL_DIS', 'DANGER', 'FULL', 'NORMAL', 'FASTER', 'MEC_USED', 'CLEAN', 'CLEAN', 'NEUTRAL', 'NEUTRAL', 'CLEAR', 'CLEAR', 'OPENING', 'BANCO_OFF')",4,2,8,25.000,SWITCH_DEFENSIVE,75.000,0.562335,1.7548
"('SWEEPER', 'TANK', 'OFFENSIVE_ADV', 'DANGER', 'FULL', 'NORMAL', 'FASTER', 'MEC_USED', 'CLEAN', 'CLEAN', 'NEUTRAL', 'NEUTRAL', 'CLEAR', 'CLEAR', 'BRAWL', 'BANCO_OFF')",4,2,4,50.000,ATTACK_TECH,50.000,0.693147,2.0000
"('TANK', 'SWEEPER', 'CRITICAL_DIS', 'FULL', 'SAFE', 'NORMAL', 'SLOWER', 'MEC_USED', 'CLEAN', 'CLEAN', 'NEUTRAL', 'NEUTRAL', 'CLEAR', 'CLEAR', 'OPENING', 'BANCO_OFF')",4,3,10,30.000,SWITCH_DEFENSIVE,50.000,1.039721,2.8284
"('TANK', 'TANK', 'NEUTRAL', 'FULL', 'FULL', 'NORMAL', 'SLOWER', 'MEC_USED', 'CLEAN', 'AFFLICTED', 'NEUTRAL', 'NEUTRAL', 'SET', 'CLEAR', 'OPENING', 'BANCO_OFF')",4,3,9,33.333,HEAL,50.000,1.039721,2.8284
"('TANK', 'TANK', 'OFFENSIVE_DIS', 'SAFE', 'FULL', 'NORMAL', 'SLOWER', 'MEC_USED', 'CLEAN', 'CLEAN', 'NEUTRAL', 'NEUTRAL', 'SET', 'SET', 'CLUTCH', 'BANCO_VAZIO')",4,1,3,33.333,PROTECT,100.000,-0.000000,1.0000
"('TANK', 'TANK', 'OFFENSIVE_ADV', 'DANGER', 'FULL', 'FIELD_THEIRS', 'SLOWER', 'MEC_USED', 'CLEAN', 'CLEAN', 'NEUTRAL', 'NEUTRAL', 'CLEAR', 'CLEAR', 'OPENING', 'BANCO_OFF')",4,3,7,42.857,ATTACK_TECH,50.000,1.039721,2.8284
"('TANK', 'TANK', 'NEUTRAL', 'FULL', 'SAFE', 'NORMAL', 'SLOWER', 'MEC_USED', 'CLEAN', 'CLEAN', 'NEUTRAL', 'NEUTRAL', 'CLEAR', 'CLEAR', 'RECOVERING', 'BANCO_OFF')",4,3,7,42.857,CLEAN_HAZARD,50.000,1.039721,2.8284
"('UTILITY', 'TANK', 'OFFENSIVE_ADV', 'SAFE', 'FULL', 'NORMAL', 'FASTER', 'MEC_USED', 'CLEAN', 'CLEAN', 'NEUTRAL', 'NEUTRAL', 'SET', 'CLEAR', 'OPENING', 'BANCO_OFF')",4,3,7,42.857,SWITCH_OFFENSIVE,50.000,1.039721,2.8284
"('TANK', 'TANK', 'OFFENSIVE_ADV', 'DANGER', 'FULL', 'NORMAL', 'SLOWER', 'MEC_USED', 'CLEAN', 'CLEAN', 'NEUTRAL', 'NEUTRAL', 'SET', 'SET', 'BRAWL', 'BANCO_OFF')",4,2,7,28.571,ATTACK_STRONG,50.000,0.693147,2.0000
"('TANK', 'TANK', 'NEUTRAL', 'SAFE', 'CRIT', 'NORMAL', 'FASTER', 'MEC_USED', 'CLEAN', 'CLEAN', 'NEUTRAL', 'NEUTRAL', 'CLEAR', 'CLEAR', 'OPENING', 'BANCO_AMBOS')",4,3,5,60.000,CLEAN_HAZARD,50.000,1.039721,2.8284
"('TANK', 'SWEEPER', 'DEFENSIVE_DIS', 'SAFE', 'FULL', 'NORMAL', 'SLOWER', 'MEC_USED', 'CLEAN', 'CLEAN', 'NEUTRAL', 'NEUTRAL', 'CLEAR', 'CLEAR', 'RECOVERING', 'BANCO_VAZIO')",4,3,10,30.000,PROTECT,50.000,1.039721,2.8284
"('TANK', 'TANK', 'OFFENSIVE_DIS', 'FULL', 'FULL', 'NORMAL', 'FASTER', 'MEC_AVAIL', 'CLEAN', 'CLEAN', 'NEUTRAL', 'NEUTRAL', 'CLEAR', 'CLEAR', 'OPENING', 'BANCO_VAZIO')",4,3,16,18.750,HEAL_STATUS,50.000,1.039721,2.8284
"('TANK', 'TANK', 'DEFENSIVE_ADV', 'SAFE', 'SAFE', 'NORMAL', 'SLOWER', 'MEC_USED', 'CLEAN', 'CLEAN', 'NEUTRAL', 'NEUTRAL', 'CLEAR', 'CLEAR', 'BRAWL', 'BANCO_OFF')",4,2,9,22.222,ATTACK_STRONG,50.000,0.693147,2.0000
"('TANK', 'TANK', 'DOMINANT', 'FULL', 'DANGER', 'NORMAL', 'SLOWER', 'MEC_USED', 'CLEAN', 'CLEAN', 'NEUTRAL', 'NEUTRAL', 'CLEAR', 'CLEAR', 'OPENING', 'BANCO_OFF')",4,1,8,12.500,ATTACK_TECH,100.000,-0.000000,1.0000
"('TANK', 'TANK', 'OFFENSIVE_ADV', 'FULL', 'FULL', 'NORMAL', 'FASTER', 'MEC_AVAIL', 'CLEAN', 'CLEAN', 'NEUTRAL', 'NEUTRAL', 'CLEAR', 'CLEAR', 'RECOVERING', 'BANCO_VAZIO')",4,3,8,37.500,BUFF_MEC,50.000,1.039721,2.8284
"('TANK', 'TANK', 'DEFENSIVE_ADV', 'FULL', 'FULL', 'FIELD_OURS_OFF', 'FASTER', 'MEC_USED', 'CLEAN', 'CLEAN', 'NEUTRAL', 'NEUTRAL', 'CLEAR', 'CLEAR', 'OPENING', 'BANCO_AMBOS')",4,2,7,28.571,CLEAN_HAZARD,50.000,0.693147,2.0000
"('UTILITY', 'SWEEPER', 'OFFENSIVE_DIS', 'FULL', 'FULL', 'FIELD_SHARED', 'FASTER', 'MEC_USED', 'CLEAN', 'CLEAN', 'NEUTRAL', 'NEUTRAL', 'CLEAR', 'CLEAR', 'OPENING', 'BANCO_OFF')",4,3,5,60.000,SWITCH_OFFENSIVE,50.000,1.039721,2.8284
"('TANK', 'TANK', 'NEUTRAL', 'DANGER', 'SAFE', 'NORMAL', 'SLOWER', 'MEC_USED', 'CLEAN', 'CLEAN', 'NEUTRAL', 'NEUTRAL', 'SET', 'SET', 'BRAWL', 'BANCO_OFF')",4,3,9,33.333,STATUS,50.000,1.039721,2.8284
"('TANK', 'UTILITY', 'NEUTRAL', 'SAFE', 'SAFE', 'NORMAL', 'SLOWER', 'MEC_USED', 'CLEAN', 'CLEAN', 'NEUTRAL', 'BUFFED', 'CLEAR', 'CLEAR', 'RECOVERING', 'BANCO_VAZIO')",4,3,8,37.500,STATUS,50.000,1.039721,2.8284
"('TANK', 'TANK', 'VOLATILE', 'SAFE', 'DANGER', 'NORMAL', 'FASTER', 'MEC_USED', 'CLEAN', 'CLEAN', 'NEUTRAL', 'NEUTRAL', 'SET', 'CLEAR', 'OPENING', 'BANCO_OFF')",4,3,7,42.857,ATTACK_STRONG,50.000,1.039721,2.8284
"('TANK', 'UTILITY', 'NEUTRAL', 'FULL', 'FULL', 'NORMAL', 'SLOWER', 'MEC_AVAIL', 'CLEAN', 'CLEAN', 'NEUTRAL', 'NEUTRAL', 'CLEAR', 'CLEAR', 'OPENING', 'BANCO_VAZIO')",4,4,10,40.000,ATTACK_TECH_MEC,25.000,1.386294,4.0000
"('TANK', 'TANK', 'VOLATILE', 'SAFE', 'FULL', 'NORMAL', 'FASTER', 'MEC_USED', 'CLEAN', 'CLEAN', 'NEUTRAL', 'NEUTRAL', 'CLEAR', 'SET', 'BRAWL', 'BANCO_OFF')",4,3,6,50.000,SWITCH_DEFENSIVE,50.000,1.039721,2.8284
"('SWEEPER', 'TANK', 'CRITICAL_DIS', 'FULL', 'FULL', 'FIELD_OURS_OFF', 'FASTER', 'MEC_USED', 'CLEAN', 'CLEAN', 'NEUTRAL', 'NEUTRAL', 'CLEAR', 'CLEAR', 'OPENING', 'BANCO_OFF')",4,3,6,50.000,PROTECT,50.000,1.039721,2.8284
"('UTILITY', 'SWEEPER', 'OFFENSIVE_DIS', 'SAFE', 'FULL', 'FIELD_OURS_OFF', 'FASTER', 'MEC_USED', 'CLEAN', 'CLEAN', 'NEUTRAL', 'NEUTRAL', 'CLEAR', 'CLEAR', 'OPENING', 'BANCO_OFF')",4,3,7,42.857,ATTACK_STRONG,50.000,1.039721,2.8284
"('TANK', 'TANK', 'CRITICAL_DIS', 'CRIT', 'SAFE', 'NORMAL', 'SLOWER', 'MEC_USED', 'CLEAN', 'CLEAN', 'NEUTRAL', 'NEUTRAL', 'CLEAR', 'CLEAR', 'OPENING', 'BANCO_OFF')",4,3,10,30.000,SWITCH_OFFENSIVE,50.000,1.039721,2.8284
"('TANK', 'TANK', 'DEFENSIVE_ADV', 'SAFE', 'SAFE', 'NORMAL', 'SLOWER', 'MEC_USED', 'CLEAN', 'CLEAN', 'NEUTRAL', 'NEUTRAL', 'SET', 'CLEAR', 'OPENING', 'BANCO_AMBOS')",4,2,6,33.333,ATTACK_STRONG,50.000,0.693147,2.0000
"('TANK', 'TANK', 'CRITICAL_DIS', 'SAFE', 'SAFE', 'NORMAL', 'FASTER', 'MEC_USED', 'CLEAN', 'CLEAN', 'NEUTRAL', 'NEUTRAL', 'CLEAR', 'CLEAR', 'OPENING', 'BANCO_VAZIO')",4,2,6,33.333,HEAL,75.000,0.562335,1.7548
"('TANK', 'TANK', 'OFFENSIVE_DIS', 'FULL', 'FULL', 'NORMAL', 'SLOWER', 'MEC_USED', 'AFFLICTED', 'CLEAN', 'NEUTRAL', 'NEUTRAL', 'CLEAR', 'CLEAR', 'OPENING', 'BANCO_OFF')",4,3,9,33.333,SWITCH_DEFENSIVE,50.000,1.039721,2.8284
"('TANK', 'TANK', 'NEUTRAL', 'CRIT', 'SAFE', 'NORMAL', 'SLOWER', 'MEC_USED', 'CLEAN', 'CLEAN', 'NEUTRAL', 'NEUTRAL', 'SET', 'CLEAR', 'OPENING', 'BANCO_OFF')",4,3,10,30.000,PROTECT,50.000,1.039721,2.8284
"('TANK', 'TANK', 'NEUTRAL', 'SAFE', 'FULL', 'NORMAL', 'FASTER', 'MEC_USED', 'CLEAN', 'AFFLICTED', 'NEUTRAL', 'NEUTRAL', 'CLEAR', 'CLEAR', 'OPENING', 'BANCO_OFF')",4,2,7,28.571,HEAL,75.000,0.562335,1.7548
"('SWEEPER', 'TANK', 'DOMINANT', 'SAFE', 'SAFE', 'NORMAL', 'FASTER', 'MEC_USED', 'CLEAN', 'CLEAN', 'NEUTRAL', 'NEUTRAL', 'CLEAR', 'CLEAR', 'OPENING', 'BANCO_AMBOS')",4,3,5,60.000,SWITCH_DEFENSIVE,50.000,1.039721,2.8284
"('TANK', 'TANK', 'OFFENSIVE_ADV', 'FULL', 'FULL', 'NORMAL', 'SLOWER', 'MEC_USED', 'CLEAN', 'CLEAN', 'NEUTRAL', 'NEUTRAL', 'CLEAR', 'CLEAR', 'DOMINATING', 'BANCO_OFF')",4,1,9,11.111,ATTACK_TECH,100.000,-0.000000,1.0000
"('TANK', 'TANK', 'OFFENSIVE_ADV', 'SAFE', 'FULL', 'FIELD_THEIRS', 'FASTER', 'MEC_USED', 'CLEAN', 'CLEAN', 'NEUTRAL', 'NEUTRAL', 'CLEAR', 'CLEAR', 'OPENING', 'BANCO_VAZIO')",4,4,5,80.000,ATTACK_STRONG,25.000,1.386294,4.0000
"('TANK', 'TANK', 'NEUTRAL', 'DANGER', 'SAFE', 'FIELD_OURS_OFF', 'SLOWER', 'MEC_USED', 'CLEAN', 'CLEAN', 'NEUTRAL', 'NEUTRAL', 'CLEAR', 'CLEAR', 'OPENING', 'BANCO_OFF')",4,1,6,16.667,HEAL,100.000,-0.000000,1.0000
"('TANK', 'TANK', 'CRITICAL_DIS', 'SAFE', 'FULL', 'NORMAL', 'FASTER', 'MEC_USED', 'CLEAN', 'CLEAN', 'DEBUFF', 'NEUTRAL', 'CLEAR', 'CLEAR', 'OPENING', 'BANCO_AMBOS')",4,1,9,11.111,SWITCH_DEFENSIVE,100.000,-0.000000,1.0000
"('TANK', 'TANK', 'OFFENSIVE_DIS', 'DANGER', 'FULL', 'NORMAL', 'FASTER', 'MEC_USED', 'CLEAN', 'CLEAN', 'NEUTRAL', 'NEUTRAL', 'SET', 'SET', 'RECOVERING', 'BANCO_VAZIO')",4,4,10,40.000,ATTACK_TECH,25.000,1.386294,4.0000
"('TANK', 'TANK', 'DOMINANT', 'FULL', 'FULL', 'NORMAL', 'FASTER', 'MEC_AVAIL', 'CLEAN', 'CLEAN', 'NEUTRAL', 'NEUTRAL', 'SET', 'CLEAR', 'OPENING', 'BANCO_OFF')",4,3,10,30.000,ATTACK_STRONG,50.000,1.039721,2.8284
"('TANK', 'TANK', 'OFFENSIVE_ADV', 'FULL', 'SAFE', 'FIELD_OURS_OFF', 'FASTER', 'MEC_USED', 'CLEAN', 'CLEAN', 'NEUTRAL', 'NEUTRAL', 'CLEAR', 'CLEAR', 'OPENING', 'BANCO_AMBOS')",4,1,7,14.286,ATTACK_STRONG,100.000,-0.000000,1.0000
"('TANK', 'SWEEPER', 'OFFENSIVE_ADV', 'FULL', 'SAFE', 'FIELD_SHARED', 'SLOWER', 'MEC_USED', 'CLEAN', 'CLEAN', 'NEUTRAL', 'NEUTRAL', 'CLEAR', 'CLEAR', 'OPENING', 'BANCO_OFF')",4,4,10,40.000,CLEAN_HAZARD,25.000,1.386294,4.0000
"('TANK', 'UTILITY', 'VOLATILE', 'FULL', 'FULL', 'NORMAL', 'FASTER', 'MEC_USED', 'CLEAN', 'CLEAN', 'NEUTRAL', 'NEUTRAL', 'CLEAR', 'CLEAR', 'OPENING', 'BANCO_AMBOS')",4,2,4,50.000,ATTACK_STRONG,50.000,0.693147,2.0000
"('TANK', 'TANK', 'VOLATILE', 'CRIT', 'FULL', 'FIELD_THEIRS', 'SLOWER', 'MEC_USED', 'CLEAN', 'CLEAN', 'NEUTRAL', 'NEUTRAL', 'CLEAR', 'CLEAR', 'OPENING', 'BANCO_OFF')",4,3,6,50.000,SWITCH_DEFENSIVE,50.000,1.039721,2.8284
"('TANK', 'TANK', 'NEUTRAL', 'FULL', 'SAFE', 'NORMAL', 'SLOWER', 'MEC_USED', 'CLEAN', 'CLEAN', 'NEUTRAL', 'NEUTRAL', 'CLEAR', 'SET', 'RECOVERING', 'BANCO_OFF')",4,4,9,44.444,ATTACK_STRONG,25.000,1.386294,4.0000
"('TANK', 'TANK', 'OFFENSIVE_DIS', 'DANGER', 'FULL', 'NORMAL', 'FASTER', 'MEC_USED', 'CLEAN', 'CLEAN', 'NEUTRAL', 'NEUTRAL', 'CLEAR', 'CLEAR', 'BRAWL', 'BANCO_OFF')",4,3,9,33.333,STAT_CLEAN,50.000,1.039721,2.8284
"('TANK', 'TANK', 'NEUTRAL', 'FULL', 'FULL', 'NORMAL', 'FASTER', 'MEC_USED', 'CLEAN', 'CLEAN', 'NEUTRAL', 'BUFFED', 'CLEAR', 'CLEAR', 'RECOVERING', 'BANCO_VAZIO')",4,3,3,100.000,CLEAN_HAZARD,50.000,1.039721,2.8284
"('TANK', 'SWEEPER', 'OFFENSIVE_DIS', 'DANGER', 'FULL', 'NORMAL', 'SLOWER', 'MEC_USED', 'CLEAN', 'CLEAN', 'NEUTRAL', 'NEUTRAL', 'CLEAR', 'CLEAR', 'BRAWL', 'BANCO_OFF')",4,2,9,22.222,PROTECT,75.000,0.562335,1.7548
"('TANK', 'TANK', 'OFFENSIVE_DIS', 'CRIT', 'FULL', 'NORMAL', 'SLOWER', 'MEC_USED', 'CLEAN', 'CLEAN', 'NEUTRAL', 'NEUTRAL', 'CLEAR', 'CLEAR', 'BRAWL', 'BANCO_OFF')",4,3,7,42.857,HEAL_STATUS,50.000,1.039721,2.8284
"('SWEEPER', 'SWEEPER', 'VOLATILE', 'SAFE', 'FULL', 'FIELD_OURS_OFF', 'FASTER', 'MEC_USED', 'CLEAN', 'CLEAN', 'NEUTRAL', 'NEUTRAL', 'CLEAR', 'CLEAR', 'OPENING', 'BANCO_OFF')",4,4,9,44.444,ATTACK_STRONG,25.000,1.386294,4.0000
"('TANK', 'TANK', 'OFFENSIVE_ADV', 'FULL', 'FULL', 'NORMAL', 'FASTER', 'MEC_USED', 'CLEAN', 'CLEAN', 'BUFFED', 'NEUTRAL', 'CLEAR', 'CLEAR', 'OPENING', 'BANCO_OFF')",4,2,7,28.571,BUFF,75.000,0.562335,1.7548
"('TANK', 'TANK', 'OFFENSIVE_ADV', 'SAFE', 'FULL', 'NORMAL', 'SLOWER', 'MEC_USED', 'CLEAN', 'CLEAN', 'NEUTRAL', 'NEUTRAL', 'CLEAR', 'CLEAR', 'BRAWL', 'BANCO_VAZIO')",4,4,6,66.667,ATTACK_STRONG,25.000,1.386294,4.0000
"('TANK', 'TANK', 'DEFENSIVE_ADV', 'SAFE', 'SAFE', 'NORMAL', 'SLOWER', 'MEC_USED', 'CLEAN', 'CLEAN', 'NEUTRAL', 'NEUTRAL', 'SET', 'SET', 'OPENING', 'BANCO_OFF')",4,1,6,16.667,HAZARD,100.000,-0.000000,1.0000
"('TANK', 'TANK', 'NEUTRAL', 'FULL', 'FULL', 'NORMAL', 'FASTER', 'MEC_USED', 'AFFLICTED', 'AFFLICTED', 'NEUTRAL', 'DEBUFF_DEBUFF', 'CLEAR', 'SET', 'RECOVERING', 'BANCO_VAZIO')",3,1,3,33.333,HAZARD,100.000,-0.000000,1.0000
"('TANK', 'TANK', 'OFFENSIVE_ADV', 'FULL', 'FULL', 'NORMAL', 'FASTER', 'MEC_USED', 'AFFLICTED', 'CLEAN', 'NEUTRAL', 'BUFFED', 'SET', 'CLEAR', 'CLUTCH', 'BANCO_VAZIO')",3,2,2,100.000,ATTACK_STRONG,66.667,0.636514,1.8899
"('TANK', 'TANK', 'STALEMATE', 'FULL', 'FULL', 'NORMAL', 'FASTER', 'MEC_USED', 'CLEAN', 'CLEAN', 'NEUTRAL', 'NEUTRAL', 'SET', 'CLEAR', 'CLUTCH', 'BANCO_VAZIO')",3,2,3,66.667,ATTACK_STRONG,66.667,0.636514,1.8899
"('TANK', 'TANK', 'OFFENSIVE_DIS', 'FULL', 'SAFE', 'NORMAL', 'SLOWER', 'MEC_USED', 'CLEAN', 'CLEAN', 'NEUTRAL', 'NEUTRAL', 'SET', 'CLEAR', 'RECOVERING', 'BANCO_VAZIO')",3,2,6,33.333,HAZARD,66.667,0.636514,1.8899
"('UTILITY', 'SWEEPER', 'DEFENSIVE_DIS', 'FULL', 'FULL', 'NORMAL', 'FASTER', 'MEC_USED', 'CLEAN', 'CLEAN', 'NEUTRAL', 'NEUTRAL', 'CLEAR', 'CLEAR', 'OPENING', 'BANCO_AMBOS')",3,1,4,25.000,ATTACK_STRONG,100.000,-0.000000,1.0000
"('TANK', 'TANK', 'DEFENSIVE_ADV', 'FULL', 'FULL', 'FIELD_SHARED', 'FASTER', 'MEC_AVAIL', 'CLEAN', 'CLEAN', 'NEUTRAL', 'NEUTRAL', 'CLEAR', 'CLEAR', 'OPENING', 'BANCO_OFF')",3,1,6,16.667,ATTACK_STRONG_MEC,100.000,-0.000000,1.0000
"('TANK', 'TANK', 'STALEMATE', 'FULL', 'SAFE', 'NORMAL', 'SLOWER', 'MEC_USED', 'CLEAN', 'CLEAN', 'NEUTRAL', 'NEUTRAL', 'CLEAR', 'CLEAR', 'RECOVERING', 'BANCO_VAZIO')",3,2,7,28.571,ATTACK_PIVOT,66.667,0.636514,1.8899
"('TANK', 'UTILITY', 'VOLATILE', 'FULL', 'FULL', 'NORMAL', 'SLOWER', 'MEC_USED', 'CLEAN', 'CLEAN', 'NEUTRAL', 'NEUTRAL', 'SET', 'CLEAR', 'OPENING', 'BANCO_OFF')",3,3,6,50.000,ATTACK_PIVOT,33.333,1.098612,3.0000
"('TANK', 'TANK', 'NEUTRAL', 'FULL', 'SAFE', 'NORMAL', 'FASTER', 'MEC_USED', 'AFFLICTED', 'CLEAN', 'NEUTRAL', 'NEUTRAL', 'CLEAR', 'SET', 'CLUTCH', 'BANCO_VAZIO')",3,1,9,11.111,ATTACK_STRONG,100.000,-0.000000,1.0000
"('SWEEPER', 'TANK', 'NEUTRAL', 'FULL', 'FULL', 'FIELD_SHARED', 'FASTER', 'MEC_AVAIL', 'CLEAN', 'CLEAN', 'NEUTRAL', 'NEUTRAL', 'CLEAR', 'CLEAR', 'OPENING', 'BANCO_AMBOS')",3,3,14,21.429,ATTACK_TECH_MEC,33.333,1.098612,3.0000
"('TANK', 'SWEEPER', 'CRITICAL_DIS', 'SAFE', 'SAFE', 'NORMAL', 'SLOWER', 'MEC_USED', 'CLEAN', 'CLEAN', 'NEUTRAL', 'NEUTRAL', 'CLEAR', 'CLEAR', 'RECOVERING', 'BANCO_VAZIO')",3,2,6,33.333,BUFF,66.667,0.636514,1.8899
"('TANK', 'TANK', 'NEUTRAL', 'FULL', 'FULL', 'NORMAL', 'SLOWER', 'MEC_USED', 'AFFLICTED', 'CLEAN', 'DEBUFF_DEBUFF', 'BUFFED', 'CLEAR', 'CLEAR', 'CLUTCH', 'BANCO_VAZIO')",3,1,3,33.333,CLEAN_HAZARD,100.000,-0.000000,1.0000
"('TANK', 'TANK', 'OFFENSIVE_DIS', 'SAFE', 'SAFE', 'NORMAL', 'FASTER', 'MEC_USED', 'AFFLICTED', 'CLEAN', 'DEBUFF', 'NEUTRAL', 'CLEAR', 'SET', 'RECOVERING', 'BANCO_VAZIO')",3,2,3,66.667,HEAL,66.667,0.636514,1.8899
"('TANK', 'TANK', 'DEFENSIVE_DIS', 'FULL', 'SAFE', 'NORMAL', 'FASTER', 'MEC_USED', 'AFFLICTED', 'CLEAN', 'NEUTRAL', 'NEUTRAL', 'SET', 'SET', 'CLUTCH', 'BANCO_VAZIO')",3,1,5,20.000,HEAL,100.000,-0.000000,1.0000
"('TANK', 'TANK', 'NEUTRAL', 'DANGER', 'SAFE', 'NORMAL', 'SLOWER', 'MEC_USED', 'CLEAN', 'CLEAN', 'NEUTRAL', 'NEUTRAL', 'CLEAR', 'CLEAR', 'BRAWL', 'BANCO_VAZIO')",3,2,9,22.222,HEAL,66.667,0.636514,1.8899
"('TANK', 'TANK', 'NEUTRAL', 'SAFE', 'SAFE', 'NORMAL', 'FASTER', 'MEC_USED', 'AFFLICTED', 'CLEAN', 'NEUTRAL', 'NEUTRAL', 'CLEAR', 'CLEAR', 'OPENING', 'BANCO_AMBOS')",3,2,6,33.333,HEAL,66.667,0.636514,1.8899
"('TANK', 'TANK', 'OFFENSIVE_DIS', 'FULL', 'FULL', 'FIELD_SHARED', 'FASTER', 'MEC_USED', 'AFFLICTED', 'AFFLICTED', 'NEUTRAL', 'NEUTRAL', 'CLEAR', 'CLEAR', 'OPENING', 'BANCO_OFF')",3,2,6,33.333,ATTACK_PIVOT,66.667,0.636514,1.8899
"('TANK', 'TANK', 'NEUTRAL', 'DANGER', 'FULL', 'NORMAL', 'SLOWER', 'MEC_USED', 'CLEAN', 'CLEAN', 'NEUTRAL', 'NEUTRAL', 'SET', 'SET', 'RECOVERING', 'BANCO_VAZIO')",3,2,8,25.000,ATTACK_STRONG,66.667,0.636514,1.8899
"('TANK', 'SWEEPER', 'CRITICAL_DIS', 'SAFE', 'SAFE', 'FIELD_THEIRS', 'SLOWER', 'MEC_USED', 'CLEAN', 'CLEAN', 'NEUTRAL', 'NEUTRAL', 'CLEAR', 'CLEAR', 'OPENING', 'BANCO_OFF')",3,2,8,25.000,ATTACK_STRONG,66.667,0.636514,1.8899
"('TANK', 'TANK', 'DEFENSIVE_DIS', 'FULL', 'SAFE', 'NORMAL', 'FASTER', 'MEC_USED', 'CLEAN', 'CLEAN', 'NEUTRAL', 'NEUTRAL', 'SET', 'SET', 'RECOVERING', 'BANCO_VAZIO')",3,2,6,33.333,SWITCH_OFFENSIVE,66.667,0.636514,1.8899
"('TANK', 'TANK', 'DEFENSIVE_DIS', 'SAFE', 'FULL', 'FIELD_OURS_DEF', 'FASTER', 'MEC_AVAIL', 'CLEAN', 'CLEAN', 'NEUTRAL', 'NEUTRAL', 'CLEAR', 'CLEAR', 'OPENING', 'BANCO_AMBOS')",3,2,10,20.000,HAZARD,66.667,0.636514,1.8899
"('TANK', 'TANK', 'OFFENSIVE_DIS', 'SAFE', 'FULL', 'NORMAL', 'FASTER', 'MEC_USED', 'AFFLICTED', 'CLEAN', 'NEUTRAL', 'NEUTRAL', 'SET', 'CLEAR', 'RECOVERING', 'BANCO_VAZIO')",3,1,7,14.286,STATUS,100.000,-0.000000,1.0000
"('TANK', 'SWEEPER', 'NEUTRAL', 'SAFE', 'SAFE', 'NORMAL', 'SLOWER', 'MEC_USED', 'CLEAN', 'CLEAN', 'NEUTRAL', 'NEUTRAL', 'CLEAR', 'SET', 'RECOVERING', 'BANCO_VAZIO')",3,3,9,33.333,ATTACK_STRONG,33.333,1.098612,3.0000
"('TANK', 'TANK', 'NEUTRAL', 'FULL', 'FULL', 'NORMAL', 'FASTER', 'MEC_AVAIL', 'CLEAN', 'CLEAN', 'NEUTRAL', 'NEUTRAL', 'CLEAR', 'CLEAR', 'RECOVERING', 'BANCO_VAZIO')",3,2,8,25.000,BUFF,66.667,0.636514,1.8899
"('TANK', 'TANK', 'NEUTRAL', 'SAFE', 'SAFE', 'NORMAL', 'FASTER', 'MEC_USED', 'AFFLICTED', 'AFFLICTED', 'NEUTRAL', 'DEBUFF', 'CLEAR', 'CLEAR', 'RECOVERING', 'BANCO_VAZIO')",3,1,4,25.000,ATTACK_STRONG,100.000,-0.000000,1.0000
"('SWEEPER', 'SWEEPER', 'NEUTRAL', 'FULL', 'FULL', 'FIELD_THEIRS', 'SLOWER', 'MEC_USED', 'CLEAN', 'CLEAN', 'NEUTRAL', 'NEUTRAL', 'CLEAR', 'CLEAR', 'OPENING', 'BANCO_AMBOS')",3,2,4,50.000,ATTACK_STRONG,66.667,0.636514,1.8899
"('TANK', 'SWEEPER', 'OFFENSIVE_ADV', 'SAFE', 'FULL', 'NORMAL', 'SLOWER', 'MEC_USED', 'CLEAN', 'CLEAN', 'NEUTRAL', 'NEUTRAL', 'CLEAR', 'SET', 'OPENING', 'BANCO_OFF')",3,3,9,33.333,ATTACK_PIVOT,33.333,1.098612,3.0000
"('TANK', 'TANK', 'OFFENSIVE_ADV', 'SAFE', 'FULL', 'NORMAL', 'FASTER', 'MEC_USED', 'AFFLICTED', 'CLEAN', 'NEUTRAL', 'NEUTRAL', 'CLEAR', 'CLEAR', 'CLUTCH', 'BANCO_VAZIO')",3,2,5,40.000,ATTACK_PIVOT,66.667,0.636514,1.8899
"('TANK', 'TANK', 'CRITICAL_DIS', 'FULL', 'SAFE', 'NORMAL', 'FASTER', 'MEC_USED', 'CLEAN', 'CLEAN', 'NEUTRAL', 'NEUTRAL', 'CLEAR', 'CLEAR', 'OPENING', 'BANCO_AMBOS')",3,2,9,22.222,SWITCH_DEFENSIVE,66.667,0.636514,1.8899
"('TANK', 'TANK', 'NEUTRAL', 'CRIT', 'FULL', 'NORMAL', 'FASTER', 'MEC_USED', 'CLEAN', 'CLEAN', 'NEUTRAL', 'NEUTRAL', 'SET', 'CLEAR', 'BRAWL', 'BANCO_VAZIO')",3,3,8,37.500,ATTACK_STRONG,33.333,1.098612,3.0000
"('TANK', 'TANK', 'NEUTRAL', 'FULL', 'DANGER', 'NORMAL', 'SLOWER', 'MEC_USED', 'CLEAN', 'CLEAN', 'NEUTRAL', 'NEUTRAL', 'CLEAR', 'SET', 'CLUTCH', 'BANCO_VAZIO')",3,1,7,14.286,ATTACK_STRONG,100.000,-0.000000,1.0000
"('TANK', 'TANK', 'NEUTRAL', 'FULL', 'SAFE', 'NORMAL', 'SLOWER', 'MEC_USED', 'CLEAN', 'CLEAN', 'NEUTRAL', 'DEBUFF', 'CLEAR', 'SET', 'CLUTCH', 'BANCO_VAZIO')",3,1,4,25.000,ATTACK_STRONG,100.000,-0.000000,1.0000
"('TANK', 'SWEEPER', 'DEFENSIVE_DIS', 'FULL', 'FULL', 'NORMAL', 'SLOWER', 'MEC_USED', 'CLEAN', 'CLEAN', 'NEUTRAL', 'NEUTRAL', 'CLEAR', 'SET', 'RECOVERING', 'BANCO_VAZIO')",3,3,6,50.000,ATTACK_STRONG,33.333,1.098612,3.0000
"('SWEEPER', 'TANK', 'DEFENSIVE_ADV', 'FULL', 'FULL', 'FIELD_SHARED', 'FASTER', 'MEC_USED', 'CLEAN', 'CLEAN', 'NEUTRAL', 'NEUTRAL', 'CLEAR', 'CLEAR', 'OPENING', 'BANCO_OFF')",3,1,6,16.667,ATTACK_STRONG,100.000,-0.000000,1.0000
"('TANK', 'TANK', 'NEUTRAL', 'FULL', 'FULL', 'NORMAL', 'FASTER', 'MEC_USED', 'CLEAN', 'CLEAN', 'NEUTRAL', 'NEUTRAL', 'CLEAR', 'SET', 'RECOVERING', 'BANCO_VAZIO')",3,3,7,42.857,BUFF,33.333,1.098612,3.0000
"('SWEEPER', 'TANK', 'DEFENSIVE_DIS', 'FULL', 'FULL', 'NORMAL', 'FASTER', 'MEC_USED', 'CLEAN', 'CLEAN', 'NEUTRAL', 'NEUTRAL', 'CLEAR', 'CLEAR', 'BRAWL', 'BANCO_OFF')",3,2,6,33.333,BUFF,66.667,0.636514,1.8899
"('UTILITY', 'TANK', 'DEFENSIVE_DIS', 'CRIT', 'FULL', 'NORMAL', 'FASTER', 'MEC_USED', 'CLEAN', 'CLEAN', 'NEUTRAL', 'NEUTRAL', 'CLEAR', 'CLEAR', 'OPENING', 'BANCO_OFF')",3,1,7,14.286,ATTACK_STRONG,100.000,-0.000000,1.0000
"('TANK', 'TANK', 'NEUTRAL', 'FULL', 'FULL', 'NORMAL', 'FASTER', 'MEC_USED', 'CLEAN', 'AFFLICTED', 'NEUTRAL', 'NEUTRAL', 'SET', 'SET', 'RECOVERING', 'BANCO_VAZIO')",3,2,4,50.000,BUFF,66.667,0.636514,1.8899
"('TANK', 'TANK', 'DOMINANT', 'SAFE', 'FULL', 'NORMAL', 'FASTER', 'MEC_USED', 'CLEAN', 'CLEAN', 'NEUTRAL', 'NEUTRAL', 'CLEAR', 'CLEAR', 'BRAWL', 'BANCO_VAZIO')",3,3,7,42.857,ATTACK_STRONG,33.333,1.098612,3.0000
"('UTILITY', 'UTILITY', 'VOLATILE', 'FULL', 'DANGER', 'FIELD_SHARED', 'SLOWER', 'MEC_USED', 'CLEAN', 'CLEAN', 'NEUTRAL', 'NEUTRAL', 'CLEAR', 'CLEAR', 'OPENING', 'BANCO_OFF')",3,3,6,50.000,ATTACK_STRONG,33.333,1.098612,3.0000
"('TANK', 'TANK', 'NEUTRAL', 'FULL', 'CRIT', 'NORMAL', 'FASTER', 'MEC_USED', 'CLEAN', 'CLEAN', 'NEUTRAL', 'NEUTRAL', 'CLEAR', 'CLEAR', 'RECOVERING', 'BANCO_VAZIO')",3,3,8,37.500,ATTACK_STRONG,33.333,1.098612,3.0000
"('TANK', 'TANK', 'OFFENSIVE_ADV', 'SAFE', 'FULL', 'FIELD_SHARED', 'FASTER', 'MEC_USED', 'CLEAN', 'CLEAN', 'NEUTRAL', 'NEUTRAL', 'SET', 'CLEAR', 'BRAWL', 'BANCO_OFF')",3,1,6,16.667,HEAL,100.000,-0.000000,1.0000
"('UTILITY', 'TANK', 'VOLATILE', 'FULL', 'FULL', 'FIELD_SHARED', 'FASTER', 'MEC_USED', 'CLEAN', 'CLEAN', 'NEUTRAL', 'NEUTRAL', 'CLEAR', 'CLEAR', 'OPENING', 'BANCO_OFF')",3,2,8,25.000,SWITCH_OFFENSIVE,66.667,0.636514,1.8899
"('TANK', 'TANK', 'DEFENSIVE_DIS', 'FULL', 'FULL', 'NORMAL', 'FASTER', 'MEC_USED', 'AFFLICTED', 'CLEAN', 'NEUTRAL', 'DEBUFF', 'SET', 'SET', 'CLUTCH', 'BANCO_VAZIO')",3,1,2,50.000,HAZARD,100.000,-0.000000,1.0000
"('TANK', 'TANK', 'OFFENSIVE_DIS', 'FULL', 'SAFE', 'NORMAL', 'FASTER', 'MEC_AVAIL', 'CLEAN', 'CLEAN', 'NEUTRAL', 'NEUTRAL', 'CLEAR', 'CLEAR', 'OPENING', 'BANCO_OFF')",3,1,8,12.500,STATUS,100.000,-0.000000,1.0000
"('UTILITY', 'TANK', 'NEUTRAL', 'SAFE', 'FULL', 'FIELD_THEIRS', 'FASTER', 'MEC_USED', 'CLEAN', 'CLEAN', 'NEUTRAL', 'NEUTRAL', 'CLEAR', 'CLEAR', 'OPENING', 'BANCO_OFF')",3,3,9,33.333,ATTACK_PIVOT,33.333,1.098612,3.0000
"('SWEEPER', 'TANK', 'NEUTRAL', 'CRIT', 'FULL', 'NORMAL', 'FASTER', 'MEC_USED', 'CLEAN', 'CLEAN', 'NEUTRAL', 'NEUTRAL', 'CLEAR', 'CLEAR', 'CLUTCH', 'BANCO_VAZIO')",3,3,6,50.000,ATTACK_STRONG,33.333,1.098612,3.0000
"('TANK', 'TANK', 'NEUTRAL', 'CRIT', 'SAFE', 'FIELD_SHARED', 'SLOWER', 'MEC_USED', 'CLEAN', 'CLEAN', 'NEUTRAL', 'NEUTRAL', 'CLEAR', 'CLEAR', 'OPENING', 'BANCO_OFF')",3,2,7,28.571,ATTACK_STRONG,66.667,0.636514,1.8899
"('TANK', 'UTILITY', 'NEUTRAL', 'FULL', 'FULL', 'NORMAL', 'SLOWER', 'MEC_USED', 'CLEAN', 'CLEAN', 'NEUTRAL', 'NEUTRAL', 'CLEAR', 'CLEAR', 'BRAWL', 'BANCO_VAZIO')",3,2,6,33.333,ATTACK_PIVOT,66.667,0.636514,1.8899
"('TANK', 'TANK', 'OFFENSIVE_DIS', 'FULL', 'FULL', 'NORMAL', 'FASTER', 'MEC_USED', 'CLEAN', 'AFFLICTED', 'NEUTRAL', 'DEBUFF', 'SET', 'CLEAR', 'OPENING', 'BANCO_OFF')",3,1,5,20.000,PROTECT,100.000,-0.000000,1.0000
"('TANK', 'TANK', 'CRITICAL_DIS', 'FULL', 'FULL', 'NORMAL', 'FASTER', 'MEC_USED', 'AFFLICTED', 'CLEAN', 'NEUTRAL', 'NEUTRAL', 'SET', 'SET', 'DOMINATING', 'BANCO_OFF')",3,2,6,33.333,SWITCH_DEFENSIVE,66.667,0.636514,1.8899
"('TANK', 'TANK', 'DEFENSIVE_DIS', 'SAFE', 'FULL', 'FIELD_THEIRS', 'SLOWER', 'MEC_USED', 'CLEAN', 'CLEAN', 'NEUTRAL', 'NEUTRAL', 'CLEAR', 'CLEAR', 'RECOVERING', 'BANCO_VAZIO')",3,3,9,33.333,STATUS,33.333,1.098612,3.0000
"('TANK', 'TANK', 'OFFENSIVE_ADV', 'CRIT', 'FULL', 'NORMAL', 'SLOWER', 'MEC_USED', 'CLEAN', 'CLEAN', 'NEUTRAL', 'NEUTRAL', 'SET', 'CLEAR', 'BRAWL', 'BANCO_OFF')",3,3,8,37.500,ATTACK_PIVOT,33.333,1.098612,3.0000
"('TANK', 'TANK', 'OFFENSIVE_ADV', 'SAFE', 'FULL', 'NORMAL', 'SLOWER', 'MEC_USED', 'CLEAN', 'CLEAN', 'NEUTRAL', 'NEUTRAL', 'CLEAR', 'CLEAR', 'RECOVERING', 'BANCO_OFF')",3,2,10,20.000,HAZARD,66.667,0.636514,1.8899
"('TANK', 'SWEEPER', 'OFFENSIVE_DIS', 'SAFE', 'FULL', 'NORMAL', 'SLOWER', 'MEC_USED', 'CLEAN', 'CLEAN', 'NEUTRAL', 'NEUTRAL', 'SET', 'CLEAR', 'OPENING', 'BANCO_OFF')",3,2,7,28.571,STAT_CLEAN,66.667,0.636514,1.8899
"('TANK', 'UTILITY', 'OFFENSIVE_DIS', 'SAFE', 'FULL', 'NORMAL', 'SLOWER', 'MEC_USED', 'CLEAN', 'CLEAN', 'NEUTRAL', 'NEUTRAL', 'CLEAR', 'CLEAR', 'OPENING', 'BANCO_AMBOS')",3,2,10,20.000,ATTACK_TECH,66.667,0.636514,1.8899
"('TANK', 'TANK', 'OFFENSIVE_DIS', 'SAFE', 'FULL', 'NORMAL', 'SLOWER', 'MEC_USED', 'CLEAN', 'AFFLICTED', 'BUFFED', 'BUFFED', 'CLEAR', 'CLEAR', 'CLUTCH', 'BANCO_VAZIO')",3,2,2,100.000,CLEAN_HAZARD,66.667,0.636514,1.8899
"('TANK', 'TANK', 'NEUTRAL', 'DANGER', 'SAFE', 'NORMAL', 'FASTER', 'MEC_USED', 'AFFLICTED', 'CLEAN', 'NEUTRAL', 'NEUTRAL', 'CLEAR', 'SET', 'RECOVERING', 'BANCO_VAZIO')",3,3,9,33.333,STATUS,33.333,1.098612,3.0000
"('TANK', 'TANK', 'NEUTRAL', 'SAFE', 'FULL', 'NORMAL', 'FASTER', 'MEC_USED', 'CLEAN', 'CLEAN', 'NEUTRAL', 'NEUTRAL', 'CLEAR', 'CLEAR', 'RECOVERING', 'BANCO_OFF')",3,2,6,33.333,ATTACK_PIVOT,66.667,0.636514,1.8899
"('UTILITY', 'SWEEPER', 'DEFENSIVE_DIS', 'FULL', 'FULL', 'NORMAL', 'SLOWER', 'MEC_AVAIL', 'CLEAN', 'CLEAN', 'NEUTRAL', 'NEUTRAL', 'CLEAR', 'CLEAR', 'OPENING', 'BANCO_OFF')",3,2,4,50.000,SWITCH_OFFENSIVE,66.667,0.636514,1.8899
"('TANK', 'TANK', 'OFFENSIVE_ADV', 'FULL', 'SAFE', 'FIELD_SHARED', 'FASTER', 'MEC_USED', 'CLEAN', 'CLEAN', 'NEUTRAL', 'NEUTRAL', 'CLEAR', 'SET', 'OPENING', 'BANCO_OFF')",3,3,6,50.000,BUFF,33.333,1.098612,3.0000
"('TANK', 'UTILITY', 'NEUTRAL', 'SAFE', 'SAFE', 'NORMAL', 'SLOWER', 'MEC_USED', 'CLEAN', 'CLEAN', 'NEUTRAL', 'BUFFED', 'CLEAR', 'SET', 'RECOVERING', 'BANCO_VAZIO')",3,1,3,33.333,ATTACK_STRONG,100.000,-0.000000,1.0000
"('TANK', 'TANK', 'OFFENSIVE_DIS', 'SAFE', 'DANGER', 'NORMAL', 'SLOWER', 'MEC_USED', 'CLEAN', 'CLEAN', 'NEUTRAL', 'NEUTRAL', 'CLEAR', 'CLEAR', 'BRAWL', 'BANCO_OFF')",3,2,9,22.222,STATUS,66.667,0.636514,1.8899
"('TANK', 'TANK', 'OFFENSIVE_ADV', 'CRIT', 'SAFE', 'NORMAL', 'FASTER', 'MEC_USED', 'CLEAN', 'CLEAN', 'NEUTRAL', 'NEUTRAL', 'SET', 'CLEAR', 'BRAWL', 'BANCO_OFF')",3,3,6,50.000,ATTACK_STRONG,33.333,1.098612,3.0000
"('TANK', 'TANK', 'NEUTRAL', 'FULL', 'FULL', 'FIELD_SWEEP', 'FASTER', 'MEC_USED', 'CLEAN', 'CLEAN', 'NEUTRAL', 'NEUTRAL', 'CLEAR', 'CLEAR', 'OPENING', 'BANCO_OFF')",3,2,4,50.000,SWITCH_DEFENSIVE,66.667,0.636514,1.8899
"('TANK', 'TANK', 'DEFENSIVE_DIS', 'SAFE', 'FULL', 'FIELD_OURS_OFF', 'FASTER', 'MEC_USED', 'CLEAN', 'CLEAN', 'NEUTRAL', 'NEUTRAL', 'SET', 'CLEAR', 'OPENING', 'BANCO_OFF')",3,3,8,37.500,STATUS,33.333,1.098612,3.0000
"('TANK', 'UTILITY', 'STALEMATE', 'FULL', 'FULL', 'FIELD_SHARED', 'SLOWER', 'MEC_USED', 'CLEAN', 'CLEAN', 'NEUTRAL', 'NEUTRAL', 'CLEAR', 'CLEAR', 'OPENING', 'BANCO_AMBOS')",3,1,4,25.000,ATTACK_STRONG,100.000,-0.000000,1.0000
"('TANK', 'TANK', 'NEUTRAL', 'FULL', 'CRIT', 'NORMAL', 'SLOWER', 'MEC_USED', 'CLEAN', 'CLEAN', 'NEUTRAL', 'NEUTRAL', 'CLEAR', 'CLEAR', 'RECOVERING', 'BANCO_VAZIO')",3,3,7,42.857,ATTACK_STRONG,33.333,1.098612,3.0000
"('TANK', 'TANK', 'OFFENSIVE_DIS', 'FULL', 'FULL', 'NORMAL', 'FASTER', 'MEC_USED', 'CLEAN', 'CLEAN', 'NEUTRAL', 'NEUTRAL', 'CLEAR', 'SET', 'BRAWL', 'BANCO_OFF')",3,3,8,37.500,STATUS,33.333,1.098612,3.0000
"('TANK', 'TANK', 'CRITICAL_DIS', 'DANGER', 'FULL', 'NORMAL', 'FASTER', 'MEC_USED', 'CLEAN', 'CLEAN', 'NEUTRAL', 'NEUTRAL', 'SET', 'CLEAR', 'OPENING', 'BANCO_AMBOS')",3,2,8,25.000,HEAL,66.667,0.636514,1.8899
"('TANK', 'TANK', 'DEFENSIVE_DIS', 'FULL', 'FULL', 'FIELD_THEIRS', 'SLOWER', 'MEC_USED', 'CLEAN', 'CLEAN', 'NEUTRAL', 'NEUTRAL', 'CLEAR', 'CLEAR', 'RECOVERING', 'BANCO_VAZIO')",3,2,8,25.000,ATTACK_TECH,66.667,0.636514,1.8899
"('TANK', 'TANK', 'VOLATILE', 'FULL', 'FULL', 'FIELD_THEIRS', 'SLOWER', 'MEC_AVAIL', 'CLEAN', 'CLEAN', 'NEUTRAL', 'NEUTRAL', 'CLEAR', 'CLEAR', 'OPENING', 'BANCO_VAZIO')",3,3,6,50.000,ATTACK_STRONG_MEC,33.333,1.098612,3.0000
"('TANK', 'TANK', 'DOMINANT', 'FULL', 'FULL', 'FIELD_SHARED', 'SLOWER', 'MEC_USED', 'CLEAN', 'CLEAN', 'NEUTRAL', 'NEUTRAL', 'CLEAR', 'CLEAR', 'OPENING', 'BANCO_DEF')",3,1,3,33.333,ATTACK_STRONG,100.000,-0.000000,1.0000
"('TANK', 'TANK', 'NEUTRAL', 'SAFE', 'SAFE', 'NORMAL', 'SLOWER', 'MEC_AVAIL', 'CLEAN', 'CLEAN', 'NEUTRAL', 'NEUTRAL', 'CLEAR', 'CLEAR', 'OPENING', 'BANCO_OFF')",3,3,12,25.000,BUFF_MEC,33.333,1.098612,3.0000
"('TANK', 'TANK', 'CRITICAL_DIS', 'CRIT', 'FULL', 'NORMAL', 'FASTER', 'MEC_USED', 'AFFLICTED', 'AFFLICTED', 'DEBUFF', 'DEBUFF', 'CLEAR', 'CLEAR', 'RECOVERING', 'BANCO_VAZIO')",3,1,2,50.000,STATUS,100.000,-0.000000,1.0000
"('TANK', 'TANK', 'OFFENSIVE_ADV', 'FULL', 'FULL', 'NORMAL', 'SLOWER', 'MEC_AVAIL', 'CLEAN', 'CLEAN', 'NEUTRAL', 'DEBUFF', 'CLEAR', 'CLEAR', 'OPENING', 'BANCO_OFF')",3,3,12,25.000,ATTACK_TECH,33.333,1.098612,3.0000
"('TANK', 'TANK', 'NEUTRAL', 'FULL', 'SAFE', 'NORMAL', 'SLOWER', 'MEC_USED', 'CLEAN', 'CLEAN', 'NEUTRAL', 'DEBUFF', 'CLEAR', 'CLEAR', 'OPENING', 'BANCO_OFF')",3,3,9,33.333,CLEAN_HAZARD,33.333,1.098612,3.0000
"('TANK', 'TANK', 'DEFENSIVE_DIS', 'CRIT', 'FULL', 'FIELD_OURS_OFF', 'FASTER', 'MEC_USED', 'CLEAN', 'CLEAN', 'NEUTRAL', 'NEUTRAL', 'CLEAR', 'CLEAR', 'OPENING', 'BANCO_OFF')",3,3,7,42.857,ATTACK_PIVOT,33.333,1.098612,3.0000
"('TANK', 'TANK', 'OFFENSIVE_DIS', 'CRIT', 'DANGER', 'NORMAL', 'SLOWER', 'MEC_USED', 'CLEAN', 'CLEAN', 'NEUTRAL', 'NEUTRAL', 'CLEAR', 'CLEAR', 'RECOVERING', 'BANCO_VAZIO')",3,2,9,22.222,BUFF,66.667,0.636514,1.8899
"('TANK', 'TANK', 'DEFENSIVE_DIS', 'FULL', 'SAFE', 'NORMAL', 'FASTER', 'MEC_USED', 'CLEAN', 'AFFLICTED', 'NEUTRAL', 'DEBUFF', 'CLEAR', 'CLEAR', 'RECOVERING', 'BANCO_VAZIO')",3,1,2,50.000,STATUS,100.000,-0.000000,1.0000
"('TANK', 'TANK', 'DEFENSIVE_DIS', 'FULL', 'SAFE', 'FIELD_OURS_OFF', 'SLOWER', 'MEC_USED', 'CLEAN', 'AFFLICTED', 'NEUTRAL', 'DEBUFF', 'CLEAR', 'CLEAR', 'OPENING', 'BANCO_OFF')",3,3,8,37.500,ATTACK_TECH,33.333,1.098612,3.0000
"('TANK', 'TANK', 'CRITICAL_DIS', 'FULL', 'FULL', 'NORMAL', 'FASTER', 'MEC_USED', 'AFFLICTED', 'CLEAN', 'DEBUFF', 'NEUTRAL', 'CLEAR', 'SET', 'DOMINATING', 'BANCO_AMBOS')",3,1,6,16.667,SWITCH_DEFENSIVE,100.000,-0.000000,1.0000
"('TANK', 'TANK', 'NEUTRAL', 'SAFE', 'SAFE', 'NORMAL', 'FASTER', 'MEC_USED', 'CLEAN', 'CLEAN', 'BUFFED', 'NEUTRAL', 'CLEAR', 'CLEAR', 'OPENING', 'BANCO_AMBOS')",3,2,7,28.571,ATTACK_STRONG,66.667,0.636514,1.8899
"('TANK', 'SWEEPER', 'DOMINANT', 'FULL', 'FULL', 'NORMAL', 'SLOWER', 'MEC_USED', 'CLEAN', 'CLEAN', 'NEUTRAL', 'NEUTRAL', 'SET', 'CLEAR', 'OPENING', 'BANCO_AMBOS')",3,3,7,42.857,ATTACK_STRONG,33.333,1.098612,3.0000
"('TANK', 'TANK', 'OFFENSIVE_ADV', 'SAFE', 'FULL', 'NORMAL', 'FASTER', 'MEC_USED', 'CLEAN', 'CLEAN', 'NEUTRAL', 'NEUTRAL', 'CLEAR', 'CLEAR', 'CLUTCH', 'BANCO_VAZIO')",3,2,5,40.000,ATTACK_PIVOT,66.667,0.636514,1.8899
"('UTILITY', 'TANK', 'NEUTRAL', 'FULL', 'SAFE', 'NORMAL', 'FASTER', 'MEC_USED', 'CLEAN', 'CLEAN', 'NEUTRAL', 'NEUTRAL', 'CLEAR', 'SET', 'RECOVERING', 'BANCO_VAZIO')",3,3,7,42.857,ATTACK_STRONG,33.333,1.098612,3.0000
"('TANK', 'TANK', 'OFFENSIVE_ADV', 'FULL', 'FULL', 'FIELD_THEIRS', 'FASTER', 'MEC_USED', 'CLEAN', 'CLEAN', 'NEUTRAL', 'DEBUFF', 'CLEAR', 'CLEAR', 'OPENING', 'BANCO_OFF')",3,3,4,75.000,ATTACK_TECH,33.333,1.098612,3.0000
"('TANK', 'TANK', 'OFFENSIVE_ADV', 'CRIT', 'FULL', 'NORMAL', 'FASTER', 'MEC_USED', 'CLEAN', 'CLEAN', 'NEUTRAL', 'NEUTRAL', 'SET', 'CLEAR', 'RECOVERING', 'BANCO_VAZIO')",3,3,6,50.000,CLEAN_HAZARD,33.333,1.098612,3.0000
"('TANK', 'UTILITY', 'OFFENSIVE_DIS', 'FULL', 'FULL', 'FIELD_SHARED', 'SLOWER', 'MEC_USED', 'CLEAN', 'CLEAN', 'NEUTRAL', 'NEUTRAL', 'CLEAR', 'CLEAR', 'OPENING', 'BANCO_OFF')",3,2,9,22.222,ATTACK_TECH,66.667,0.636514,1.8899
"('TANK', 'TANK', 'NEUTRAL', 'SAFE', 'CRIT', 'NORMAL', 'SLOWER', 'MEC_USED', 'CLEAN', 'CLEAN', 'NEUTRAL', 'NEUTRAL', 'SET', 'CLEAR', 'OPENING', 'BANCO_VAZIO')",3,3,6,50.000,ATTACK_TECH,33.333,1.098612,3.0000
"('UTILITY', 'SWEEPER', 'NEUTRAL', 'FULL', 'FULL', 'FIELD_OURS_OFF', 'FASTER', 'MEC_USED', 'CLEAN', 'CLEAN', 'NEUTRAL', 'NEUTRAL', 'CLEAR', 'CLEAR', 'OPENING', 'BANCO_AMBOS')",3,2,7,28.571,FIELD_CONTROL,66.667,0.636514,1.8899
"('TANK', 'TANK', 'NEUTRAL', 'SAFE', 'FULL', 'NORMAL', 'SLOWER', 'MEC_USED', 'CLEAN', 'CLEAN', 'NEUTRAL', 'NEUTRAL', 'CLEAR', 'CLEAR', 'DOMINATING', 'BANCO_OFF')",3,1,6,16.667,ATTACK_STRONG,100.000,-0.000000,1.0000
"('TANK', 'TANK', 'DOMINANT', 'FULL', 'SAFE', 'NORMAL', 'FASTER', 'MEC_USED', 'CLEAN', 'CLEAN', 'NEUTRAL', 'NEUTRAL', 'SET', 'CLEAR', 'OPENING', 'BANCO_VAZIO')",3,3,7,42.857,ATTACK_STRONG,33.333,1.098612,3.0000
"('TANK', 'TANK', 'NEUTRAL', 'DANGER', 'SAFE', 'FIELD_THEIRS', 'SLOWER', 'MEC_USED', 'CLEAN', 'CLEAN', 'NEUTRAL', 'NEUTRAL', 'CLEAR', 'CLEAR', 'OPENING', 'BANCO_VAZIO')",3,2,4,50.000,ATTACK_STRONG,66.667,0.636514,1.8899
"('TANK', 'TANK', 'OFFENSIVE_ADV', 'SAFE', 'CRIT', 'NORMAL', 'SLOWER', 'MEC_USED', 'CLEAN', 'CLEAN', 'NEUTRAL', 'NEUTRAL', 'SET', 'CLEAR', 'OPENING', 'BANCO_OFF')",3,2,8,25.000,HEAL,66.667,0.636514,1.8899
"('TANK', 'TANK', 'OFFENSIVE_ADV', 'FULL', 'SAFE', 'NORMAL', 'FASTER', 'MEC_USED', 'CLEAN', 'CLEAN', 'NEUTRAL', 'NEUTRAL', 'CLEAR', 'CLEAR', 'RECOVERING', 'BANCO_OFF')",3,2,5,40.000,STATUS,66.667,0.636514,1.8899
"('TANK', 'TANK', 'OFFENSIVE_ADV', 'SAFE', 'CRIT', 'NORMAL', 'SLOWER', 'MEC_USED', 'CLEAN', 'CLEAN', 'NEUTRAL', 'NEUTRAL', 'CLEAR', 'CLEAR', 'BRAWL', 'BANCO_OFF')",3,1,7,14.286,SWITCH_DEFENSIVE,100.000,-0.000000,1.0000
"('TANK', 'TANK', 'VOLATILE', 'FULL', 'SAFE', 'NORMAL', 'SLOWER', 'MEC_USED', 'AFFLICTED', 'CLEAN', 'DEBUFF', 'BUFFED', 'CLEAR', 'SET', 'CLUTCH', 'BANCO_VAZIO')",3,1,4,25.000,ATTACK_TECH,100.000,-0.000000,1.0000
"('TANK', 'UTILITY', 'DOMINANT', 'FULL', 'FULL', 'FIELD_OURS_OFF', 'SLOWER', 'MEC_USED', 'CLEAN', 'CLEAN', 'NEUTRAL', 'NEUTRAL', 'CLEAR', 'CLEAR', 'OPENING', 'BANCO_OFF')",3,3,6,50.000,ATTACK_STRONG,33.333,1.098612,3.0000
"('SWEEPER', 'TANK', 'DEFENSIVE_DIS', 'DANGER', 'FULL', 'FIELD_OURS_OFF', 'FASTER', 'MEC_USED', 'CLEAN', 'CLEAN', 'NEUTRAL', 'NEUTRAL', 'CLEAR', 'CLEAR', 'OPENING', 'BANCO_OFF')",3,3,8,37.500,ATTACK_STRONG,33.333,1.098612,3.0000
"('TANK', 'TANK', 'NEUTRAL', 'FULL', 'SAFE', 'NORMAL', 'FASTER', 'MEC_USED', 'CLEAN', 'CLEAN', 'NEUTRAL', 'NEUTRAL', 'SET', 'CLEAR', 'RECOVERING', 'BANCO_VAZIO')",3,3,6,50.000,ATTACK_STRONG,33.333,1.098612,3.0000
"('TANK', 'TANK', 'DEFENSIVE_DIS', 'FULL', 'FULL', 'NORMAL', 'FASTER', 'MEC_USED', 'AFFLICTED', 'CLEAN', 'NEUTRAL', 'NEUTRAL', 'CLEAR', 'CLEAR', 'OPENING', 'BANCO_OFF')",3,2,7,28.571,ATTACK_PIVOT,66.667,0.636514,1.8899
"('TANK', 'TANK', 'DEFENSIVE_ADV', 'SAFE', 'FULL', 'NORMAL', 'SLOWER', 'MEC_USED', 'CLEAN', 'CLEAN', 'NEUTRAL', 'NEUTRAL', 'SET', 'CLEAR', 'BRAWL', 'BANCO_OFF')",3,2,9,22.222,HEAL,66.667,0.636514,1.8899
"('TANK', 'TANK', 'DEFENSIVE_DIS', 'SAFE', 'FULL', 'NORMAL', 'SLOWER', 'MEC_USED', 'CLEAN', 'CLEAN', 'NEUTRAL', 'NEUTRAL', 'SET', 'SET', 'BRAWL', 'BANCO_OFF')",3,2,7,28.571,ATTACK_TECH,66.667,0.636514,1.8899
"('TANK', 'TANK', 'DEFENSIVE_ADV', 'FULL', 'SAFE', 'NORMAL', 'SLOWER', 'MEC_USED', 'CLEAN', 'CLEAN', 'NEUTRAL', 'NEUTRAL', 'CLEAR', 'CLEAR', 'OPENING', 'BANCO_DEF')",3,2,6,33.333,ATTACK_STRONG,66.667,0.636514,1.8899
"('SWEEPER', 'SWEEPER', 'NEUTRAL', 'FULL', 'FULL', 'NORMAL', 'FASTER', 'MEC_USED', 'CLEAN', 'CLEAN', 'NEUTRAL', 'NEUTRAL', 'CLEAR', 'CLEAR', 'OPENING', 'BANCO_VAZIO')",3,1,6,16.667,ATTACK_STRONG,100.000,-0.000000,1.0000
"('TANK', 'TANK', 'DEFENSIVE_DIS', 'DANGER', 'SAFE', 'NORMAL', 'SLOWER', 'MEC_USED', 'CLEAN', 'CLEAN', 'NEUTRAL', 'NEUTRAL', 'SET', 'SET', 'RECOVERING', 'BANCO_VAZIO')",3,3,7,42.857,ATTACK_STRONG,33.333,1.098612,3.0000
"('TANK', 'TANK', 'DEFENSIVE_DIS', 'DANGER', 'SAFE', 'NORMAL', 'FASTER', 'MEC_USED', 'CLEAN', 'CLEAN', 'NEUTRAL', 'NEUTRAL', 'CLEAR', 'SET', 'OPENING', 'BANCO_AMBOS')",3,1,6,16.667,SWITCH_OFFENSIVE,100.000,-0.000000,1.0000
"('TANK', 'TANK', 'VOLATILE', 'SAFE', 'FULL', 'NORMAL', 'FASTER', 'MEC_USED', 'CLEAN', 'CLEAN', 'BUFFED', 'NEUTRAL', 'CLEAR', 'CLEAR', 'OPENING', 'BANCO_AMBOS')",3,3,7,42.857,ATTACK_STRONG,33.333,1.098612,3.0000
"('TANK', 'TANK', 'DOMINANT', 'SAFE', 'FULL', 'FIELD_SHARED', 'FASTER', 'MEC_USED', 'CLEAN', 'CLEAN', 'NEUTRAL', 'NEUTRAL', 'CLEAR', 'CLEAR', 'OPENING', 'BANCO_VAZIO')",3,2,6,33.333,ATTACK_STRONG,66.667,0.636514,1.8899
"('TANK', 'TANK', 'DEFENSIVE_DIS', 'FULL', 'FULL', 'NORMAL', 'SLOWER', 'MEC_USED', 'CLEAN', 'AFFLICTED', 'NEUTRAL', 'NEUTRAL', 'SET', 'CLEAR', 'CLUTCH', 'BANCO_VAZIO')",3,2,4,50.000,ATTACK_STRONG,66.667,0.636514,1.8899
"('TANK', 'TANK', 'OFFENSIVE_ADV', 'SAFE', 'FULL', 'NORMAL', 'SLOWER', 'MEC_USED', 'CLEAN', 'AFFLICTED', 'NEUTRAL', 'NEUTRAL', 'SET', 'CLEAR', 'OPENING', 'BANCO_OFF')",3,3,6,50.000,BUFF,33.333,1.098612,3.0000
"('TANK', 'TANK', 'OFFENSIVE_DIS', 'SAFE', 'SAFE', 'NORMAL', 'SLOWER', 'MEC_USED', 'CLEAN', 'CLEAN', 'NEUTRAL', 'NEUTRAL', 'CLEAR', 'SET', 'BRAWL', 'BANCO_VAZIO')",3,3,8,37.500,ATTACK_STRONG,33.333,1.098612,3.0000
"('TANK', 'TANK', 'CRITICAL_DIS', 'FULL', 'SAFE', 'FIELD_THEIRS', 'FASTER', 'MEC_USED', 'CLEAN', 'CLEAN', 'NEUTRAL', 'NEUTRAL', 'CLEAR', 'CLEAR', 'OPENING', 'BANCO_OFF')",3,1,5,20.000,ATTACK_STRONG,100.000,-0.000000,1.0000
"('TANK', 'TANK', 'NEUTRAL', 'FULL', 'FULL', 'FIELD_SHARED', 'FASTER', 'MEC_USED', 'CLEAN', 'CLEAN', 'NEUTRAL', 'NEUTRAL', 'CLEAR', 'CLEAR', 'BRAWL', 'BANCO_VAZIO')",3,3,8,37.500,ATTACK_PIVOT,33.333,1.098612,3.0000
"('TANK', 'TANK', 'DEFENSIVE_ADV', 'SAFE', 'FULL', 'FIELD_SHARED', 'FASTER', 'MEC_USED', 'CLEAN', 'CLEAN', 'NEUTRAL', 'NEUTRAL', 'CLEAR', 'CLEAR', 'OPENING', 'BANCO_OFF')",3,3,6,50.000,DISRUPTION,33.333,1.098612,3.0000
"('TANK', 'TANK', 'OFFENSIVE_DIS', 'CRIT', 'FULL', 'NORMAL', 'FASTER', 'MEC_USED', 'CLEAN', 'CLEAN', 'NEUTRAL', 'NEUTRAL', 'CLEAR', 'CLEAR', 'OPENING', 'BANCO_AMBOS')",3,3,10,30.000,CLEAN_HAZARD,33.333,1.098612,3.0000
"('TANK', 'TANK', 'OFFENSIVE_DIS', 'CRIT', 'SAFE', 'NORMAL', 'SLOWER', 'MEC_USED', 'CLEAN', 'CLEAN', 'NEUTRAL', 'NEUTRAL', 'SET', 'CLEAR', 'RECOVERING', 'BANCO_VAZIO')",3,3,7,42.857,ATTACK_STRONG,33.333,1.098612,3.0000
"('TANK', 'TANK', 'DEFENSIVE_DIS', 'FULL', 'FULL', 'FIELD_OURS_DEF', 'FASTER', 'MEC_USED', 'CLEAN', 'CLEAN', 'NEUTRAL', 'NEUTRAL', 'CLEAR', 'CLEAR', 'OPENING', 'BANCO_VAZIO')",3,3,6,50.000,ATTACK_TECH,33.333,1.098612,3.0000
"('TANK', 'TANK', 'DEFENSIVE_DIS', 'DANGER', 'FULL', 'FIELD_THEIRS', 'SLOWER', 'MEC_USED', 'CLEAN', 'CLEAN', 'NEUTRAL', 'NEUTRAL', 'CLEAR', 'CLEAR', 'OPENING', 'BANCO_AMBOS')",3,3,6,50.000,ATTACK_STRONG,33.333,1.098612,3.0000
"('TANK', 'TANK', 'NEUTRAL', 'CRIT', 'SAFE', 'NORMAL', 'FASTER', 'MEC_USED', 'CLEAN', 'CLEAN', 'NEUTRAL', 'NEUTRAL', 'SET', 'SET', 'OPENING', 'BANCO_OFF')",3,3,7,42.857,ATTACK_STRONG,33.333,1.098612,3.0000
"('TANK', 'TANK', 'DEFENSIVE_DIS', 'FULL', 'FULL', 'NORMAL', 'FASTER', 'MEC_AVAIL', 'CLEAN', 'CLEAN', 'NEUTRAL', 'NEUTRAL', 'CLEAR', 'CLEAR', 'OPENING', 'BANCO_VAZIO')",3,3,10,30.000,ATTACK_STRONG_MEC,33.333,1.098612,3.0000
"('TANK', 'TANK', 'OFFENSIVE_ADV', 'DANGER', 'SAFE', 'NORMAL', 'FASTER', 'MEC_USED', 'CLEAN', 'CLEAN', 'NEUTRAL', 'NEUTRAL', 'CLEAR', 'SET', 'BRAWL', 'BANCO_OFF')",3,1,5,20.000,SWITCH_DEFENSIVE,100.000,-0.000000,1.0000
"('TANK', 'TANK', 'NEUTRAL', 'FULL', 'SAFE', 'FIELD_THEIRS', 'SLOWER', 'MEC_AVAIL', 'CLEAN', 'CLEAN', 'NEUTRAL', 'NEUTRAL', 'CLEAR', 'CLEAR', 'OPENING', 'BANCO_OFF')",3,2,12,16.667,HEAL,66.667,0.636514,1.8899
"('TANK', 'TANK', 'OFFENSIVE_DIS', 'SAFE', 'SAFE', 'NORMAL', 'SLOWER', 'MEC_USED', 'CLEAN', 'CLEAN', 'NEUTRAL', 'NEUTRAL', 'CLEAR', 'SET', 'BRAWL', 'BANCO_OFF')",3,2,7,28.571,STATUS,66.667,0.636514,1.8899
"('TANK', 'UTILITY', 'OFFENSIVE_ADV', 'FULL', 'FULL', 'NORMAL', 'SLOWER', 'MEC_AVAIL', 'CLEAN', 'CLEAN', 'NEUTRAL', 'NEUTRAL', 'CLEAR', 'CLEAR', 'OPENING', 'BANCO_OFF')",3,3,6,50.000,ATTACK_STRONG_MEC,33.333,1.098612,3.0000
"('TANK', 'TANK', 'NEUTRAL', 'SAFE', 'DANGER', 'NORMAL', 'SLOWER', 'MEC_USED', 'CLEAN', 'CLEAN', 'NEUTRAL', 'NEUTRAL', 'CLEAR', 'CLEAR', 'BRAWL', 'BANCO_VAZIO')",3,3,7,42.857,CLEAN_HAZARD,33.333,1.098612,3.0000
"('TANK', 'TANK', 'DOMINANT', 'FULL', 'FULL', 'FIELD_OURS_OFF', 'FASTER', 'MEC_USED', 'CLEAN', 'CLEAN', 'NEUTRAL', 'NEUTRAL', 'SET', 'CLEAR', 'OPENING', 'BANCO_AMBOS')",3,1,7,14.286,SWITCH_OFFENSIVE,100.000,-0.000000,1.0000
"('TANK', 'TANK', 'OFFENSIVE_ADV', 'FULL', 'SAFE', 'FIELD_THEIRS', 'SLOWER', 'MEC_USED', 'CLEAN', 'CLEAN', 'NEUTRAL', 'NEUTRAL', 'SET', 'CLEAR', 'OPENING', 'BANCO_OFF')",3,2,8,25.000,STAT_CLEAN,66.667,0.636514,1.8899
"('TANK', 'TANK', 'DEFENSIVE_ADV', 'SAFE', 'SAFE', 'NORMAL', 'FASTER', 'MEC_USED', 'CLEAN', 'CLEAN', 'NEUTRAL', 'NEUTRAL', 'SET', 'SET', 'OPENING', 'BANCO_AMBOS')",3,2,10,20.000,HAZARD,66.667,0.636514,1.8899
"('TANK', 'TANK', 'NEUTRAL', 'SAFE', 'SAFE', 'FIELD_THEIRS', 'SLOWER', 'MEC_USED', 'CLEAN', 'CLEAN', 'NEUTRAL', 'NEUTRAL', 'CLEAR', 'CLEAR', 'RECOVERING', 'BANCO_VAZIO')",3,3,9,33.333,CLEAN_HAZARD,33.333,1.098612,3.0000
"('TANK', 'TANK', 'NEUTRAL', 'FULL', 'SAFE', 'NORMAL', 'SLOWER', 'MEC_USED', 'CLEAN', 'CLEAN', 'NEUTRAL', 'NEUTRAL', 'SET', 'CLEAR', 'OPENING', 'BANCO_DEF')",3,2,9,22.222,HAZARD,66.667,0.636514,1.8899
"('TANK', 'SWEEPER', 'CRITICAL_DIS', 'DANGER', 'FULL', 'NORMAL', 'SLOWER', 'MEC_USED', 'CLEAN', 'CLEAN', 'NEUTRAL', 'NEUTRAL', 'CLEAR', 'CLEAR', 'OPENING', 'BANCO_OFF')",3,3,9,33.333,ATTACK_STRONG,33.333,1.098612,3.0000
"('TANK', 'TANK', 'NEUTRAL', 'FULL', 'FULL', 'NORMAL', 'FASTER', 'MEC_USED', 'CLEAN', 'CLEAN', 'BUFFED', 'NEUTRAL', 'CLEAR', 'CLEAR', 'OPENING', 'BANCO_VAZIO')",3,2,8,25.000,SWITCH_OFFENSIVE,66.667,0.636514,1.8899
"('SWEEPER', 'TANK', 'OFFENSIVE_ADV', 'SAFE', 'SAFE', 'NORMAL', 'FASTER', 'MEC_USED', 'CLEAN', 'CLEAN', 'NEUTRAL', 'DEBUFF', 'CLEAR', 'CLEAR', 'OPENING', 'BANCO_AMBOS')",3,2,6,33.333,ATTACK_STRONG,66.667,0.636514,1.8899
"('TANK', 'TANK', 'OFFENSIVE_DIS', 'CRIT', 'SAFE', 'NORMAL', 'SLOWER', 'MEC_USED', 'CLEAN', 'CLEAN', 'NEUTRAL', 'NEUTRAL', 'CLEAR', 'SET', 'RECOVERING', 'BANCO_VAZIO')",3,2,6,33.333,HAZARD,66.667,0.636514,1.8899
"('TANK', 'TANK', 'DEFENSIVE_DIS', 'DANGER', 'SAFE', 'NORMAL', 'SLOWER', 'MEC_USED', 'CLEAN', 'CLEAN', 'NEUTRAL', 'NEUTRAL', 'CLEAR', 'CLEAR', 'OPENING', 'BANCO_VAZIO')",3,3,9,33.333,BUFF,33.333,1.098612,3.0000
"('TANK', 'TANK', 'NEUTRAL', 'SAFE', 'DANGER', 'NORMAL', 'SLOWER', 'MEC_USED', 'CLEAN', 'CLEAN', 'NEUTRAL', 'NEUTRAL', 'SET', 'SET', 'BRAWL', 'BANCO_VAZIO')",3,2,7,28.571,HEAL,66.667,0.636514,1.8899
"('SWEEPER', 'SWEEPER', 'CRITICAL_DIS', 'SAFE', 'FULL', 'FIELD_OURS_OFF', 'FASTER', 'MEC_USED', 'CLEAN', 'CLEAN', 'DEBUFF', 'NEUTRAL', 'CLEAR', 'CLEAR', 'OPENING', 'BANCO_AMBOS')",3,2,5,40.000,SWITCH_OFFENSIVE,66.667,0.636514,1.8899
"('TANK', 'TANK', 'VOLATILE', 'FULL', 'FULL', 'NORMAL', 'FASTER', 'MEC_AVAIL', 'CLEAN', 'CLEAN', 'NEUTRAL', 'NEUTRAL', 'CLEAR', 'SET', 'OPENING', 'BANCO_OFF')",3,2,8,25.000,SWITCH_OFFENSIVE,66.667,0.636514,1.8899
"('TANK', 'SWEEPER', 'DOMINANT', 'FULL', 'FULL', 'NORMAL', 'SLOWER', 'MEC_AVAIL', 'CLEAN', 'CLEAN', 'NEUTRAL', 'NEUTRAL', 'CLEAR', 'CLEAR', 'OPENING', 'BANCO_OFF')",3,2,8,25.000,ATTACK_STRONG_MEC,66.667,0.636514,1.8899
"('UTILITY', 'SWEEPER', 'VOLATILE', 'FULL', 'FULL', 'NORMAL', 'FASTER', 'MEC_AVAIL', 'CLEAN', 'CLEAN', 'DEBUFF', 'NEUTRAL', 'CLEAR', 'CLEAR', 'OPENING', 'BANCO_VAZIO')",3,2,4,50.000,ATTACK_STRONG_MEC,66.667,0.636514,1.8899
"('TANK', 'TANK', 'VOLATILE', 'FULL', 'FULL', 'FIELD_OURS_DEF', 'FASTER', 'MEC_USED', 'CLEAN', 'CLEAN', 'NEUTRAL', 'NEUTRAL', 'CLEAR', 'CLEAR', 'OPENING', 'BANCO_VAZIO')",3,1,3,33.333,ATTACK_STRONG,100.000,-0.000000,1.0000
"('TANK', 'TANK', 'DEFENSIVE_ADV', 'FULL', 'FULL', 'FIELD_SHARED', 'FASTER', 'MEC_USED', 'CLEAN', 'CLEAN', 'NEUTRAL', 'NEUTRAL', 'SET', 'CLEAR', 'OPENING', 'BANCO_AMBOS')",3,3,8,37.500,HEAL,33.333,1.098612,3.0000
"('TANK', 'TANK', 'NEUTRAL', 'DANGER', 'FULL', 'NORMAL', 'SLOWER', 'MEC_USED', 'CLEAN', 'CLEAN', 'NEUTRAL', 'NEUTRAL', 'SET', 'CLEAR', 'OPENING', 'BANCO_VAZIO')",3,2,8,25.000,PROTECT,66.667,0.636514,1.8899
"('TANK', 'SWEEPER', 'DOMINANT', 'SAFE', 'FULL', 'FIELD_THEIRS', 'SLOWER', 'MEC_AVAIL', 'CLEAN', 'CLEAN', 'NEUTRAL', 'NEUTRAL', 'CLEAR', 'CLEAR', 'OPENING', 'BANCO_OFF')",3,2,6,33.333,HAZARD,66.667,0.636514,1.8899
"('TANK', 'TANK', 'NEUTRAL', 'FULL', 'FULL', 'NORMAL', 'FASTER', 'MEC_AVAIL', 'CLEAN', 'CLEAN', 'NEUTRAL', 'NEUTRAL', 'SET', 'SET', 'OPENING', 'BANCO_AMBOS')",3,3,8,37.500,ATTACK_STRONG_MEC,33.333,1.098612,3.0000
"('TANK', 'UTILITY', 'DEFENSIVE_DIS', 'DANGER', 'SAFE', 'NORMAL', 'SLOWER', 'MEC_USED', 'CLEAN', 'CLEAN', 'NEUTRAL', 'NEUTRAL', 'CLEAR', 'CLEAR', 'OPENING', 'BANCO_AMBOS')",3,2,6,33.333,CLEAN_HAZARD,66.667,0.636514,1.8899
"('TANK', 'TANK', 'VOLATILE', 'SAFE', 'CRIT', 'NORMAL', 'FASTER', 'MEC_USED', 'CLEAN', 'CLEAN', 'NEUTRAL', 'NEUTRAL', 'SET', 'CLEAR', 'OPENING', 'BANCO_OFF')",3,2,5,40.000,ATTACK_STRONG,66.667,0.636514,1.8899
"('TANK', 'TANK', 'NEUTRAL', 'CRIT', 'FULL', 'NORMAL', 'SLOWER', 'MEC_USED', 'CLEAN', 'CLEAN', 'NEUTRAL', 'NEUTRAL', 'CLEAR', 'SET', 'RECOVERING', 'BANCO_VAZIO')",3,3,7,42.857,ATTACK_PIVOT,33.333,1.098612,3.0000
"('TANK', 'TANK', 'NEUTRAL', 'SAFE', 'SAFE', 'FIELD_OURS_OFF', 'SLOWER', 'MEC_USED', 'CLEAN', 'CLEAN', 'NEUTRAL', 'NEUTRAL', 'CLEAR', 'CLEAR', 'OPENING', 'BANCO_AMBOS')",3,1,6,16.667,HEAL,100.000,-0.000000,1.0000
"('TANK', 'TANK', 'NEUTRAL', 'FULL', 'FULL', 'NORMAL', 'SLOWER', 'MEC_USED', 'AFFLICTED', 'CLEAN', 'NEUTRAL', 'NEUTRAL', 'CLEAR', 'CLEAR', 'OPENING', 'BANCO_OFF')",3,3,8,37.500,ATTACK_STRONG,33.333,1.098612,3.0000
"('TANK', 'TANK', 'NEUTRAL', 'CRIT', 'FULL', 'FIELD_SHARED', 'FASTER', 'MEC_USED', 'CLEAN', 'CLEAN', 'NEUTRAL', 'NEUTRAL', 'CLEAR', 'CLEAR', 'OPENING', 'BANCO_OFF')",3,3,9,33.333,ATTACK_PIVOT,33.333,1.098612,3.0000
"('TANK', 'TANK', 'OFFENSIVE_ADV', 'FULL', 'FULL', 'FIELD_THEIRS', 'SLOWER', 'MEC_USED', 'CLEAN', 'CLEAN', 'NEUTRAL', 'NEUTRAL', 'CLEAR', 'CLEAR', 'OPENING', 'BANCO_VAZIO')",3,3,6,50.000,ATTACK_TECH,33.333,1.098612,3.0000
"('TANK', 'TANK', 'OFFENSIVE_DIS', 'FULL', 'FULL', 'NORMAL', 'FASTER', 'MEC_USED', 'CLEAN', 'CLEAN', 'DEBUFF', 'NEUTRAL', 'CLEAR', 'CLEAR', 'OPENING', 'BANCO_AMBOS')",3,3,7,42.857,ATTACK_PIVOT,33.333,1.098612,3.0000
"('TANK', 'TANK', 'OFFENSIVE_ADV', 'SAFE', 'FULL', 'FIELD_THEIRS', 'SLOWER', 'MEC_USED', 'CLEAN', 'CLEAN', 'NEUTRAL', 'NEUTRAL', 'SET', 'CLEAR', 'OPENING', 'BANCO_AMBOS')",3,3,8,37.500,ATTACK_PIVOT,33.333,1.098612,3.0000
"('SWEEPER', 'TANK', 'OFFENSIVE_ADV', 'DANGER', 'FULL', 'FIELD_THEIRS', 'FASTER', 'MEC_USED', 'CLEAN', 'CLEAN', 'NEUTRAL', 'NEUTRAL', 'CLEAR', 'CLEAR', 'OPENING', 'BANCO_AMBOS')",3,2,4,50.000,SWITCH_OFFENSIVE,66.667,0.636514,1.8899
"('SWEEPER', 'TANK', 'NEUTRAL', 'SAFE', 'SAFE', 'NORMAL', 'FASTER', 'MEC_USED', 'CLEAN', 'CLEAN', 'NEUTRAL', 'NEUTRAL', 'SET', 'CLEAR', 'OPENING', 'BANCO_OFF')",3,3,5,60.000,ATTACK_STRONG,33.333,1.098612,3.0000
"('TANK', 'SWEEPER', 'OFFENSIVE_DIS', 'FULL', 'SAFE', 'NORMAL', 'SLOWER', 'MEC_USED', 'CLEAN', 'CLEAN', 'NEUTRAL', 'NEUTRAL', 'CLEAR', 'CLEAR', 'OPENING', 'BANCO_VAZIO')",3,3,8,37.500,BUFF,33.333,1.098612,3.0000
"('TANK', 'TANK', 'NEUTRAL', 'DANGER', 'SAFE', 'FIELD_THEIRS', 'SLOWER', 'MEC_USED', 'CLEAN', 'CLEAN', 'NEUTRAL', 'NEUTRAL', 'CLEAR', 'CLEAR', 'OPENING', 'BANCO_OFF')",3,3,10,30.000,ATTACK_PIVOT,33.333,1.098612,3.0000
"('SWEEPER', 'TANK', 'NEUTRAL', 'FULL', 'FULL', 'NORMAL', 'FASTER', 'MEC_USED', 'CLEAN', 'AFFLICTED', 'NEUTRAL', 'DEBUFF', 'CLEAR', 'CLEAR', 'OPENING', 'BANCO_OFF')",3,3,8,37.500,ATTACK_PIVOT,33.333,1.098612,3.0000
"('TANK', 'TANK', 'OFFENSIVE_ADV', 'SAFE', 'FULL', 'NORMAL', 'FASTER', 'MEC_USED', 'AFFLICTED', 'CLEAN', 'NEUTRAL', 'NEUTRAL', 'CLEAR', 'CLEAR', 'OPENING', 'BANCO_AMBOS')",3,2,7,28.571,CLEAN_HAZARD,66.667,0.636514,1.8899
"('UTILITY', 'TANK', 'VOLATILE', 'FULL', 'FULL', 'FIELD_SHARED', 'FASTER', 'MEC_USED', 'CLEAN', 'CLEAN', 'NEUTRAL', 'NEUTRAL', 'CLEAR', 'CLEAR', 'OPENING', 'BANCO_VAZIO')",3,2,4,50.000,ATTACK_PIVOT,66.667,0.636514,1.8899
"('TANK', 'TANK', 'DEFENSIVE_ADV', 'FULL', 'SAFE', 'NORMAL', 'SLOWER', 'MEC_USED', 'CLEAN', 'CLEAN', 'NEUTRAL', 'NEUTRAL', 'CLEAR', 'CLEAR', 'RECOVERING', 'BANCO_VAZIO')",3,1,8,12.500,ATTACK_TECH,100.000,-0.000000,1.0000
"('SWEEPER', 'TANK', 'VOLATILE', 'FULL', 'FULL', 'FIELD_SHARED', 'FASTER', 'MEC_AVAIL', 'CLEAN', 'CLEAN', 'NEUTRAL', 'NEUTRAL', 'CLEAR', 'CLEAR', 'OPENING', 'BANCO_OFF')",3,3,6,50.000,ATTACK_STRONG_MEC,33.333,1.098612,3.0000
"('TANK', 'TANK', 'CRITICAL_DIS', 'FULL', 'SAFE', 'NORMAL', 'SLOWER', 'MEC_USED', 'CLEAN', 'AFFLICTED', 'NEUTRAL', 'NEUTRAL', 'SET', 'CLEAR', 'CLUTCH', 'BANCO_VAZIO')",3,1,3,33.333,STATUS,100.000,-0.000000,1.0000
"('TANK', 'TANK', 'OFFENSIVE_ADV', 'DANGER', 'CRIT', 'NORMAL', 'FASTER', 'MEC_USED', 'CLEAN', 'CLEAN', 'NEUTRAL', 'NEUTRAL', 'CLEAR', 'CLEAR', 'OPENING', 'BANCO_OFF')",3,3,7,42.857,BUFF,33.333,1.098612,3.0000
"('TANK', 'TANK', 'NEUTRAL', 'SAFE', 'FULL', 'NORMAL', 'FASTER', 'MEC_USED', 'AFFLICTED', 'CLEAN', 'NEUTRAL', 'NEUTRAL', 'CLEAR', 'CLEAR', 'BRAWL', 'BANCO_OFF')",3,3,10,30.000,ATTACK_TECH,33.333,1.098612,3.0000
"('TANK', 'TANK', 'OFFENSIVE_ADV', 'FULL', 'CRIT', 'NORMAL', 'SLOWER', 'MEC_USED', 'CLEAN', 'CLEAN', 'NEUTRAL', 'NEUTRAL', 'CLEAR', 'CLEAR', 'BRAWL', 'BANCO_OFF')",3,1,7,14.286,ATTACK_STRONG,100.000,-0.000000,1.0000
"('SWEEPER', 'TANK', 'OFFENSIVE_ADV', 'FULL', 'DANGER', 'NORMAL', 'FASTER', 'MEC_AVAIL', 'CLEAN', 'CLEAN', 'NEUTRAL', 'NEUTRAL', 'CLEAR', 'CLEAR', 'OPENING', 'BANCO_OFF')",3,2,10,20.000,ATTACK_STRONG_MEC,66.667,0.636514,1.8899
"('TANK', 'TANK', 'OFFENSIVE_DIS', 'SAFE', 'DANGER', 'NORMAL', 'FASTER', 'MEC_USED', 'CLEAN', 'CLEAN', 'NEUTRAL', 'NEUTRAL', 'SET', 'SET', 'RECOVERING', 'BANCO_VAZIO')",3,2,8,25.000,DISRUPTION,66.667,0.636514,1.8899
"('SWEEPER', 'SWEEPER', 'OFFENSIVE_ADV', 'FULL', 'FULL', 'FIELD_THEIRS', 'FASTER', 'MEC_USED', 'CLEAN', 'CLEAN', 'NEUTRAL', 'NEUTRAL', 'CLEAR', 'CLEAR', 'OPENING', 'BANCO_OFF')",3,1,4,25.000,ATTACK_STRONG,100.000,-0.000000,1.0000
"('TANK', 'TANK', 'OFFENSIVE_DIS', 'DANGER', 'FULL', 'NORMAL', 'FASTER', 'MEC_USED', 'CLEAN', 'CLEAN', 'NEUTRAL', 'NEUTRAL', 'CLEAR', 'CLEAR', 'RECOVERING', 'BANCO_VAZIO')",3,3,10,30.000,DISRUPTION,33.333,1.098612,3.0000
"('TANK', 'TANK', 'OFFENSIVE_ADV', 'CRIT', 'FULL', 'NORMAL', 'FASTER', 'MEC_USED', 'CLEAN', 'CLEAN', 'NEUTRAL', 'NEUTRAL', 'SET', 'SET', 'BRAWL', 'BANCO_OFF')",3,3,7,42.857,BUFF,33.333,1.098612,3.0000
"('TANK', 'TANK', 'DEFENSIVE_ADV', 'SAFE', 'FULL', 'NORMAL', 'SLOWER', 'MEC_USED', 'CLEAN', 'CLEAN', 'NEUTRAL', 'NEUTRAL', 'SET', 'CLEAR', 'OPENING', 'BANCO_AMBOS')",3,2,8,25.000,ATTACK_TECH,66.667,0.636514,1.8899
"('TANK', 'TANK', 'DEFENSIVE_DIS', 'FULL', 'SAFE', 'NORMAL', 'FASTER', 'MEC_AVAIL', 'CLEAN', 'CLEAN', 'NEUTRAL', 'NEUTRAL', 'CLEAR', 'CLEAR', 'OPENING', 'BANCO_AMBOS')",3,2,8,25.000,ATTACK_STRONG,66.667,0.636514,1.8899
"('TANK', 'TANK', 'OFFENSIVE_DIS', 'SAFE', 'FULL', 'FIELD_THEIRS', 'FASTER', 'MEC_USED', 'CLEAN', 'CLEAN', 'NEUTRAL', 'NEUTRAL', 'CLEAR', 'CLEAR', 'OPENING', 'BANCO_OFF')",3,3,9,33.333,BUFF,33.333,1.098612,3.0000
"('TANK', 'TANK', 'NEUTRAL', 'FULL', 'FULL', 'NORMAL', 'FASTER', 'MEC_USED', 'CLEAN', 'AFFLICTED', 'NEUTRAL', 'NEUTRAL', 'CLEAR', 'CLEAR', 'OPENING', 'BANCO_OFF')",3,3,8,37.500,HEAL,33.333,1.098612,3.0000
"('TANK', 'TANK', 'NEUTRAL', 'FULL', 'SAFE', 'NORMAL', 'FASTER', 'MEC_USED', 'CLEAN', 'CLEAN', 'NEUTRAL', 'NEUTRAL', 'CLEAR', 'SET', 'OPENING', 'BANCO_AMBOS')",3,3,8,37.500,ATTACK_TECH,33.333,1.098612,3.0000
"('UTILITY', 'TANK', 'NEUTRAL', 'SAFE', 'FULL', 'FIELD_OURS_OFF', 'FASTER', 'MEC_USED', 'CLEAN', 'CLEAN', 'NEUTRAL', 'NEUTRAL', 'CLEAR', 'CLEAR', 'OPENING', 'BANCO_AMBOS')",3,2,7,28.571,DISRUPTION,66.667,0.636514,1.8899
"('UTILITY', 'TANK', 'NEUTRAL', 'FULL', 'FULL', 'FIELD_THEIRS', 'FASTER', 'MEC_USED', 'CLEAN', 'CLEAN', 'NEUTRAL', 'NEUTRAL', 'SET', 'CLEAR', 'OPENING', 'BANCO_OFF')",3,2,8,25.000,CLEAN_HAZARD,66.667,0.636514,1.8899
"('TANK', 'TANK', 'NEUTRAL', 'SAFE', 'CRIT', 'NORMAL', 'SLOWER', 'MEC_USED', 'CLEAN', 'CLEAN', 'NEUTRAL', 'NEUTRAL', 'CLEAR', 'CLEAR', 'CLUTCH', 'BANCO_VAZIO')",3,3,8,37.500,ATTACK_STRONG,33.333,1.098612,3.0000
"('TANK', 'TANK', 'OFFENSIVE_DIS', 'FULL', 'SAFE', 'NORMAL', 'SLOWER', 'MEC_USED', 'CLEAN', 'CLEAN', 'NEUTRAL', 'NEUTRAL', 'SET', 'CLEAR', 'CLUTCH', 'BANCO_VAZIO')",3,2,8,25.000,PROTECT,66.667,0.636514,1.8899
"('TANK', 'TANK', 'OFFENSIVE_ADV', 'FULL', 'SAFE', 'NORMAL', 'SLOWER', 'MEC_USED', 'CLEAN', 'CLEAN', 'NEUTRAL', 'NEUTRAL', 'CLEAR', 'SET', 'RECOVERING', 'BANCO_VAZIO')",3,2,3,66.667,SWITCH_OFFENSIVE,66.667,0.636514,1.8899
"('TANK', 'TANK', 'VOLATILE', 'DANGER', 'DANGER', 'FIELD_SHARED', 'SLOWER', 'MEC_USED', 'CLEAN', 'CLEAN', 'NEUTRAL', 'NEUTRAL', 'CLEAR', 'CLEAR', 'OPENING', 'BANCO_OFF')",3,3,3,100.000,ATTACK_STRONG,33.333,1.098612,3.0000
"('TANK', 'TANK', 'OFFENSIVE_ADV', 'DANGER', 'DANGER', 'NORMAL', 'SLOWER', 'MEC_USED', 'CLEAN', 'CLEAN', 'NEUTRAL', 'NEUTRAL', 'CLEAR', 'CLEAR', 'OPENING', 'BANCO_OFF')",3,2,7,28.571,ATTACK_STRONG,66.667,0.636514,1.8899
"('TANK', 'TANK', 'NEUTRAL', 'SAFE', 'FULL', 'FIELD_SHARED', 'FASTER', 'MEC_USED', 'CLEAN', 'CLEAN', 'NEUTRAL', 'NEUTRAL', 'SET', 'CLEAR', 'RECOVERING', 'BANCO_VAZIO')",3,3,8,37.500,ATTACK_PIVOT,33.333,1.098612,3.0000
"('SWEEPER', 'SWEEPER', 'DEFENSIVE_ADV', 'FULL', 'FULL', 'FIELD_SHARED', 'FASTER', 'MEC_USED', 'CLEAN', 'CLEAN', 'NEUTRAL', 'NEUTRAL', 'CLEAR', 'CLEAR', 'OPENING', 'BANCO_AMBOS')",3,3,6,50.000,ATTACK_PIVOT,33.333,1.098612,3.0000
"('TANK', 'SWEEPER', 'DEFENSIVE_DIS', 'FULL', 'SAFE', 'NORMAL', 'SLOWER', 'MEC_USED', 'CLEAN', 'CLEAN', 'NEUTRAL', 'NEUTRAL', 'CLEAR', 'SET', 'RECOVERING', 'BANCO_VAZIO')",3,2,7,28.571,HEAL,66.667,0.636514,1.8899
"('TANK', 'TANK', 'NEUTRAL', 'SAFE', 'SAFE', 'NORMAL', 'FASTER', 'MEC_AVAIL', 'CLEAN', 'CLEAN', 'NEUTRAL', 'NEUTRAL', 'CLEAR', 'CLEAR', 'OPENING', 'BANCO_AMBOS')",3,3,10,30.000,ATTACK_TECH_MEC,33.333,1.098612,3.0000
"('TANK', 'UTILITY', 'NEUTRAL', 'FULL', 'FULL', 'FIELD_OURS_OFF', 'SLOWER', 'MEC_USED', 'CLEAN', 'CLEAN', 'NEUTRAL', 'NEUTRAL', 'CLEAR', 'CLEAR', 'OPENING', 'BANCO_DEF')",3,2,8,25.000,ATTACK_STRONG,66.667,0.636514,1.8899
"('TANK', 'TANK', 'OFFENSIVE_DIS', 'FULL', 'SAFE', 'FIELD_SHARED', 'SLOWER', 'MEC_USED', 'CLEAN', 'CLEAN', 'NEUTRAL', 'NEUTRAL', 'CLEAR', 'CLEAR', 'OPENING', 'BANCO_VAZIO')",3,2,6,33.333,SWITCH_OFFENSIVE,66.667,0.636514,1.8899
"('TANK', 'SWEEPER', 'CRITICAL_DIS', 'DANGER', 'FULL', 'FIELD_THEIRS', 'SLOWER', 'MEC_USED', 'CLEAN', 'CLEAN', 'NEUTRAL', 'NEUTRAL', 'CLEAR', 'CLEAR', 'OPENING', 'BANCO_OFF')",3,3,7,42.857,ATTACK_STRONG,33.333,1.098612,3.0000
"('SWEEPER', 'TANK', 'DEFENSIVE_DIS', 'CRIT', 'FULL', 'NORMAL', 'FASTER', 'MEC_USED', 'CLEAN', 'CLEAN', 'NEUTRAL', 'NEUTRAL', 'CLEAR', 'CLEAR', 'OPENING', 'BANCO_AMBOS')",3,2,5,40.000,SWITCH_OFFENSIVE,66.667,0.636514,1.8899
"('TANK', 'TANK', 'VOLATILE', 'DANGER', 'SAFE', 'FIELD_THEIRS', 'SLOWER', 'MEC_USED', 'CLEAN', 'CLEAN', 'NEUTRAL', 'NEUTRAL', 'CLEAR', 'CLEAR', 'OPENING', 'BANCO_OFF')",3,1,4,25.000,SWITCH_DEFENSIVE,100.000,-0.000000,1.0000
"('TANK', 'TANK', 'DEFENSIVE_ADV', 'FULL', 'FULL', 'NORMAL', 'SLOWER', 'MEC_USED', 'CLEAN', 'CLEAN', 'NEUTRAL', 'NEUTRAL', 'SET', 'SET', 'OPENING', 'BANCO_OFF')",3,3,10,30.000,ATTACK_STRONG,33.333,1.098612,3.0000
"('TANK', 'TANK', 'VOLATILE', 'DANGER', 'CRIT', 'NORMAL', 'FASTER', 'MEC_USED', 'CLEAN', 'CLEAN', 'NEUTRAL', 'NEUTRAL', 'CLEAR', 'CLEAR', 'OPENING', 'BANCO_OFF')",3,2,3,66.667,ATTACK_PIVOT,66.667,0.636514,1.8899
"('SWEEPER', 'UTILITY', 'OFFENSIVE_ADV', 'FULL', 'FULL', 'FIELD_THEIRS', 'SLOWER', 'MEC_USED', 'CLEAN', 'CLEAN', 'NEUTRAL', 'NEUTRAL', 'CLEAR', 'CLEAR', 'OPENING', 'BANCO_OFF')",3,3,6,50.000,ATTACK_STRONG,33.333,1.098612,3.0000
"('TANK', 'TANK', 'DEFENSIVE_ADV', 'FULL', 'SAFE', 'NORMAL', 'SLOWER', 'MEC_USED', 'CLEAN', 'CLEAN', 'NEUTRAL', 'NEUTRAL', 'CLEAR', 'SET', 'OPENING', 'BANCO_AMBOS')",3,1,8,12.500,ATTACK_TECH,100.000,-0.000000,1.0000
"('UTILITY', 'TANK', 'VOLATILE', 'FULL', 'SAFE', 'NORMAL', 'FASTER', 'MEC_USED', 'CLEAN', 'CLEAN', 'NEUTRAL', 'NEUTRAL', 'CLEAR', 'CLEAR', 'OPENING', 'BANCO_OFF')",3,2,5,40.000,HEAL,66.667,0.636514,1.8899
"('SWEEPER', 'TANK', 'OFFENSIVE_ADV', 'FULL', 'FULL', 'NORMAL', 'FASTER', 'MEC_AVAIL', 'CLEAN', 'CLEAN', 'NEUTRAL', 'NEUTRAL', 'CLEAR', 'CLEAR', 'BRAWL', 'BANCO_OFF')",3,1,4,25.000,SWITCH_OFFENSIVE,100.000,-0.000000,1.0000
"('UTILITY', 'SWEEPER', 'DEFENSIVE_DIS', 'FULL', 'FULL', 'NORMAL', 'SLOWER', 'MEC_USED', 'CLEAN', 'CLEAN', 'NEUTRAL', 'NEUTRAL', 'CLEAR', 'CLEAR', 'OPENING', 'BANCO_OFF')",3,3,6,50.000,ATTACK_TECH,33.333,1.098612,3.0000
"('TANK', 'UTILITY', 'NEUTRAL', 'FULL', 'FULL', 'FIELD_OURS_DEF', 'SLOWER', 'MEC_AVAIL', 'CLEAN', 'CLEAN', 'NEUTRAL', 'NEUTRAL', 'CLEAR', 'CLEAR', 'OPENING', 'BANCO_AMBOS')",3,3,10,30.000,BUFF,33.333,1.098612,3.0000
"('TANK', 'TANK', 'DEFENSIVE_ADV', 'DANGER', 'FULL', 'NORMAL', 'SLOWER', 'MEC_USED', 'CLEAN', 'CLEAN', 'NEUTRAL', 'NEUTRAL', 'CLEAR', 'CLEAR', 'OPENING', 'BANCO_AMBOS')",3,1,7,14.286,SWITCH_DEFENSIVE,100.000,-0.000000,1.0000
"('TANK', 'TANK', 'DEFENSIVE_DIS', 'DANGER', 'FULL', 'FIELD_OURS_OFF', 'FASTER', 'MEC_USED', 'CLEAN', 'CLEAN', 'NEUTRAL', 'NEUTRAL', 'CLEAR', 'CLEAR', 'OPENING', 'BANCO_AMBOS')",3,2,5,40.000,SWITCH_DEFENSIVE,66.667,0.636514,1.8899
"('TANK', 'TANK', 'VOLATILE', 'FULL', 'FULL', 'NORMAL', 'FASTER', 'MEC_USED', 'CLEAN', 'CLEAN', 'NEUTRAL', 'NEUTRAL', 'CLEAR', 'CLEAR', 'BRAWL', 'BANCO_VAZIO')",3,2,4,50.000,SWITCH_OFFENSIVE,66.667,0.636514,1.8899
"('TANK', 'TANK', 'NEUTRAL', 'CRIT', 'SAFE', 'NORMAL', 'SLOWER', 'MEC_USED', 'CLEAN', 'CLEAN', 'NEUTRAL', 'NEUTRAL', 'CLEAR', 'CLEAR', 'BRAWL', 'BANCO_OFF')",3,2,6,33.333,SWITCH_DEFENSIVE,66.667,0.636514,1.8899
"('TANK', 'UTILITY', 'NEUTRAL', 'SAFE', 'CRIT', 'NORMAL', 'SLOWER', 'MEC_USED', 'CLEAN', 'CLEAN', 'NEUTRAL', 'NEUTRAL', 'CLEAR', 'CLEAR', 'OPENING', 'BANCO_OFF')",3,1,7,14.286,SWITCH_DEFENSIVE,100.000,-0.000000,1.0000
"('TANK', 'TANK', 'NEUTRAL', 'SAFE', 'SAFE', 'NORMAL', 'SLOWER', 'MEC_USED', 'CLEAN', 'CLEAN', 'NEUTRAL', 'NEUTRAL', 'CLEAR', 'CLEAR', 'RECOVERING', 'BANCO_OFF')",3,3,7,42.857,ATTACK_PIVOT,33.333,1.098612,3.0000
"('TANK', 'TANK', 'NEUTRAL', 'DANGER', 'DANGER', 'NORMAL', 'SLOWER', 'MEC_USED', 'CLEAN', 'CLEAN', 'NEUTRAL', 'NEUTRAL', 'CLEAR', 'CLEAR', 'RECOVERING', 'BANCO_VAZIO')",3,2,7,28.571,CLEAN_HAZARD,66.667,0.636514,1.8899
"('TANK', 'TANK', 'OFFENSIVE_ADV', 'FULL', 'FULL', 'NORMAL', 'SLOWER', 'MEC_USED', 'CLEAN', 'CLEAN', 'NEUTRAL', 'NEUTRAL', 'SET', 'CLEAR', 'OPENING', 'BANCO_VAZIO')",3,3,8,37.500,ATTACK_STRONG,33.333,1.098612,3.0000
"('TANK', 'TANK', 'NEUTRAL', 'SAFE', 'FULL', 'NORMAL', 'SLOWER', 'MEC_USED', 'CLEAN', 'CLEAN', 'NEUTRAL', 'NEUTRAL', 'SET', 'SET', 'OPENING', 'BANCO_VAZIO')",3,2,6,33.333,PROTECT,66.667,0.636514,1.8899
"('SWEEPER', 'TANK', 'DOMINANT', 'FULL', 'FULL', 'FIELD_SHARED', 'FASTER', 'MEC_USED', 'CLEAN', 'CLEAN', 'NEUTRAL', 'NEUTRAL', 'SET', 'CLEAR', 'OPENING', 'BANCO_AMBOS')",3,3,5,60.000,ATTACK_STRONG,33.333,1.098612,3.0000
"('TANK', 'TANK', 'DEFENSIVE_DIS', 'SAFE', 'SAFE', 'FIELD_THEIRS', 'SLOWER', 'MEC_USED', 'CLEAN', 'CLEAN', 'NEUTRAL', 'NEUTRAL', 'CLEAR', 'CLEAR', 'OPENING', 'BANCO_AMBOS')",3,1,6,16.667,HEAL,100.000,-0.000000,1.0000
"('SWEEPER', 'SWEEPER', 'DEFENSIVE_DIS', 'FULL', 'SAFE', 'FIELD_THEIRS', 'FASTER', 'MEC_USED', 'CLEAN', 'CLEAN', 'NEUTRAL', 'NEUTRAL', 'CLEAR', 'CLEAR', 'OPENING', 'BANCO_AMBOS')",3,2,4,50.000,ATTACK_PIVOT,66.667,0.636514,1.8899
"('TANK', 'TANK', 'CRITICAL_DIS', 'FULL', 'FULL', 'FIELD_THEIRS', 'SLOWER', 'MEC_USED', 'CLEAN', 'CLEAN', 'NEUTRAL', 'NEUTRAL', 'SET', 'CLEAR', 'OPENING', 'BANCO_AMBOS')",3,2,7,28.571,SWITCH_OFFENSIVE,66.667,0.636514,1.8899
"('TANK', 'TANK', 'DEFENSIVE_ADV', 'FULL', 'FULL', 'NORMAL', 'FASTER', 'MEC_USED', 'CLEAN', 'CLEAN', 'NEUTRAL', 'NEUTRAL', 'SET', 'CLEAR', 'OPENING', 'BANCO_VAZIO')",3,2,7,28.571,DISRUPTION,66.667,0.636514,1.8899
"('TANK', 'TANK', 'OFFENSIVE_ADV', 'FULL', 'SAFE', 'NORMAL', 'FASTER', 'MEC_USED', 'CLEAN', 'CLEAN', 'NEUTRAL', 'NEUTRAL', 'CLEAR', 'SET', 'BRAWL', 'BANCO_OFF')",3,1,7,14.286,ATTACK_STRONG,100.000,-0.000000,1.0000
"('TANK', 'TANK', 'CRITICAL_DIS', 'SAFE', 'SAFE', 'NORMAL', 'SLOWER', 'MEC_USED', 'CLEAN', 'CLEAN', 'NEUTRAL', 'NEUTRAL', 'SET', 'SET', 'RECOVERING', 'BANCO_VAZIO')",3,3,8,37.500,STATUS,33.333,1.098612,3.0000
"('TANK', 'TANK', 'DEFENSIVE_DIS', 'FULL', 'SAFE', 'NORMAL', 'SLOWER', 'MEC_USED', 'CLEAN', 'AFFLICTED', 'NEUTRAL', 'DEBUFF', 'SET', 'SET', 'CLUTCH', 'BANCO_VAZIO')",3,2,5,40.000,SWITCH_OFFENSIVE,66.667,0.636514,1.8899
"('TANK', 'SWEEPER', 'NEUTRAL', 'SAFE', 'DANGER', 'NORMAL', 'SLOWER', 'MEC_USED', 'CLEAN', 'CLEAN', 'NEUTRAL', 'NEUTRAL', 'CLEAR', 'CLEAR', 'RECOVERING', 'BANCO_VAZIO')",3,2,9,22.222,ATTACK_STRONG,66.667,0.636514,1.8899
"('UTILITY', 'UTILITY', 'NEUTRAL', 'SAFE', 'FULL', 'FIELD_OURS_OFF', 'FASTER', 'MEC_USED', 'AFFLICTED', 'CLEAN', 'DEBUFF', 'NEUTRAL', 'SET', 'CLEAR', 'CLUTCH', 'BANCO_VAZIO')",2,1,7,14.286,ATTACK_PIVOT,100.000,-0.000000,1.0000
"('TANK', 'TANK', 'DEFENSIVE_ADV', 'FULL', 'FULL', 'NORMAL', 'SLOWER', 'MEC_USED', 'CLEAN', 'AFFLICTED', 'NEUTRAL', 'NEUTRAL', 'SET', 'SET', 'BRAWL', 'BANCO_DEF')",2,1,6,16.667,ATTACK_STRONG,100.000,-0.000000,1.0000
"('TANK', 'UTILITY', 'NEUTRAL', 'FULL', 'DANGER', 'NORMAL', 'SLOWER', 'MEC_USED', 'AFFLICTED', 'CLEAN', 'NEUTRAL', 'NEUTRAL', 'CLEAR', 'CLEAR', 'BRAWL', 'BANCO_VAZIO')",2,1,7,14.286,SWITCH_DEFENSIVE,100.000,-0.000000,1.0000
"('TANK', 'TANK', 'DEFENSIVE_DIS', 'FULL', 'FULL', 'NORMAL', 'SLOWER', 'MEC_USED', 'CLEAN', 'AFFLICTED', 'NEUTRAL', 'NEUTRAL', 'CLEAR', 'CLEAR', 'BRAWL', 'BANCO_VAZIO')",2,2,8,25.000,ATTACK_STRONG,50.000,0.693147,2.0000
"('TANK', 'TANK', 'DEFENSIVE_ADV', 'FULL', 'FULL', 'NORMAL', 'FASTER', 'MEC_USED', 'CLEAN', 'CLEAN', 'NEUTRAL', 'NEUTRAL', 'CLEAR', 'SET', 'CLUTCH', 'BANCO_VAZIO')",2,2,7,28.571,ATTACK_TECH,50.000,0.693147,2.0000
"('TANK', 'TANK', 'OFFENSIVE_DIS', 'SAFE', 'SAFE', 'NORMAL', 'FASTER', 'MEC_USED', 'AFFLICTED', 'CLEAN', 'NEUTRAL', 'NEUTRAL', 'CLEAR', 'CLEAR', 'RECOVERING', 'BANCO_VAZIO')",2,1,4,25.000,HEAL,100.000,-0.000000,1.0000
"('TANK', 'TANK', 'NEUTRAL', 'FULL', 'FULL', 'NORMAL', 'FASTER', 'MEC_USED', 'CLEAN', 'CLEAN', 'NEUTRAL', 'NEUTRAL', 'SET', 'SET', 'RECOVERING', 'BANCO_VAZIO')",2,1,6,16.667,ATTACK_STRONG,100.000,-0.000000,1.0000
"('TANK', 'TANK', 'OFFENSIVE_DIS', 'FULL', 'FULL', 'NORMAL', 'FASTER', 'MEC_USED', 'CLEAN', 'CLEAN', 'NEUTRAL', 'NEUTRAL', 'CLEAR', 'SET', 'RECOVERING', 'BANCO_VAZIO')",2,2,8,25.000,ATTACK_TECH,50.000,0.693147,2.0000
"('TANK', 'TANK', 'NEUTRAL', 'SAFE', 'FULL', 'FIELD_SHARED', 'SLOWER', 'MEC_USED', 'CLEAN', 'CLEAN', 'NEUTRAL', 'NEUTRAL', 'CLEAR', 'CLEAR', 'BRAWL', 'BANCO_OFF')",2,1,7,14.286,CLEAN_HAZARD,100.000,-0.000000,1.0000
"('SWEEPER', 'TANK', 'OFFENSIVE_ADV', 'FULL', 'FULL', 'FIELD_THEIRS', 'SLOWER', 'MEC_USED', 'CLEAN', 'CLEAN', 'NEUTRAL', 'NEUTRAL', 'CLEAR', 'CLEAR', 'OPENING', 'BANCO_AMBOS')",2,1,4,25.000,SWITCH_DEFENSIVE,100.000,-0.000000,1.0000
"('TANK', 'TANK', 'OFFENSIVE_ADV', 'FULL', 'DANGER', 'FIELD_THEIRS', 'SLOWER', 'MEC_USED', 'CLEAN', 'CLEAN', 'NEUTRAL', 'NEUTRAL', 'CLEAR', 'CLEAR', 'OPENING', 'BANCO_OFF')",2,2,6,33.333,STATUS,50.000,0.693147,2.0000
"('TANK', 'UTILITY', 'DEFENSIVE_DIS', 'DANGER', 'SAFE', 'FIELD_OURS_OFF', 'SLOWER', 'MEC_USED', 'CLEAN', 'CLEAN', 'NEUTRAL', 'NEUTRAL', 'CLEAR', 'CLEAR', 'OPENING', 'BANCO_AMBOS')",2,1,6,16.667,HAZARD,100.000,-0.000000,1.0000
"('TANK', 'TANK', 'DEFENSIVE_ADV', 'CRIT', 'FULL', 'NORMAL', 'SLOWER', 'MEC_USED', 'AFFLICTED', 'CLEAN', 'BUFFED', 'NEUTRAL', 'SET', 'CLEAR', 'CLUTCH', 'BANCO_VAZIO')",2,1,1,100.000,BUFF,100.000,-0.000000,1.0000
"('TANK', 'TANK', 'STALEMATE', 'FULL', 'FULL', 'NORMAL', 'SLOWER', 'MEC_USED', 'CLEAN', 'AFFLICTED', 'NEUTRAL', 'DEBUFF', 'CLEAR', 'SET', 'RECOVERING', 'BANCO_VAZIO')",2,1,3,33.333,STATUS,100.000,-0.000000,1.0000
"('TANK', 'TANK', 'DEFENSIVE_DIS', 'FULL', 'FULL', 'NORMAL', 'SLOWER', 'MEC_USED', 'CLEAN', 'AFFLICTED', 'NEUTRAL', 'NEUTRAL', 'SET', 'SET', 'RECOVERING', 'BANCO_VAZIO')",2,1,5,20.000,ATTACK_STRONG,100.000,-0.000000,1.0000
"('TANK', 'TANK', 'OFFENSIVE_DIS', 'FULL', 'FULL', 'FIELD_SHARED', 'SLOWER', 'MEC_USED', 'CLEAN', 'CLEAN', 'NEUTRAL', 'NEUTRAL', 'SET', 'CLEAR', 'OPENING', 'BANCO_AMBOS')",2,2,8,25.000,HEAL,50.000,0.693147,2.0000
"('TANK', 'TANK', 'NEUTRAL', 'DANGER', 'FULL', 'NORMAL', 'SLOWER', 'MEC_USED', 'AFFLICTED', 'CLEAN', 'DEBUFF', 'NEUTRAL', 'SET', 'SET', 'RECOVERING', 'BANCO_VAZIO')",2,2,7,28.571,HEAL,50.000,0.693147,2.0000
"('TANK', 'TANK', 'NEUTRAL', 'SAFE', 'FULL', 'NORMAL', 'SLOWER', 'MEC_USED', 'CLEAN', 'AFFLICTED', 'NEUTRAL', 'DEBUFF', 'CLEAR', 'CLEAR', 'CLUTCH', 'BANCO_VAZIO')",2,1,2,50.000,STATUS,100.000,-0.000000,1.0000
"('SWEEPER', 'TANK', 'OFFENSIVE_ADV', 'CRIT', 'FULL', 'NORMAL', 'FASTER', 'MEC_USED', 'CLEAN', 'CLEAN', 'NEUTRAL', 'NEUTRAL', 'CLEAR', 'CLEAR', 'RECOVERING', 'BANCO_VAZIO')",2,1,4,25.000,ATTACK_STRONG,100.000,-0.000000,1.0000
"('TANK', 'TANK', 'OFFENSIVE_ADV', 'FULL', 'SAFE', 'NORMAL', 'FASTER', 'MEC_USED', 'CLEAN', 'CLEAN', 'NEUTRAL', 'NEUTRAL', 'SET', 'SET', 'OPENING', 'BANCO_OFF')",2,1,6,16.667,ATTACK_STRONG,100.000,-0.000000,1.0000
"('TANK', 'TANK', 'OFFENSIVE_DIS', 'FULL', 'FULL', 'FIELD_SHARED', 'FASTER', 'MEC_USED', 'CLEAN', 'CLEAN', 'NEUTRAL', 'NEUTRAL', 'SET', 'CLEAR', 'OPENING', 'BANCO_AMBOS')",2,2,7,28.571,HEAL,50.000,0.693147,2.0000
"('TANK', 'TANK', 'OFFENSIVE_ADV', 'FULL', 'DANGER', 'NORMAL', 'SLOWER', 'MEC_USED', 'CLEAN', 'CLEAN', 'NEUTRAL', 'NEUTRAL', 'CLEAR', 'CLEAR', 'RECOVERING', 'BANCO_VAZIO')",2,1,7,14.286,FIELD_CONTROL,100.000,-0.000000,1.0000
"('TANK', 'TANK', 'OFFENSIVE_ADV', 'DANGER', 'FULL', 'NORMAL', 'SLOWER', 'MEC_USED', 'CLEAN', 'CLEAN', 'NEUTRAL', 'NEUTRAL', 'SET', 'CLEAR', 'BRAWL', 'BANCO_OFF')",2,2,8,25.000,CLEAN_HAZARD,50.000,0.693147,2.0000
"('TANK', 'TANK', 'NEUTRAL', 'FULL', 'SAFE', 'NORMAL', 'SLOWER', 'MEC_USED', 'CLEAN', 'AFFLICTED', 'NEUTRAL', 'DEBUFF', 'CLEAR', 'SET', 'CLUTCH', 'BANCO_VAZIO')",2,1,4,25.000,ATTACK_STRONG,100.000,-0.000000,1.0000
"('TANK', 'SWEEPER', 'VOLATILE', 'FULL', 'FULL', 'NORMAL', 'SLOWER', 'MEC_USED', 'CLEAN', 'CLEAN', 'NEUTRAL', 'BUFFED', 'CLEAR', 'CLEAR', 'RECOVERING', 'BANCO_VAZIO')",2,2,3,66.667,ATTACK_STRONG,50.000,0.693147,2.0000
"('TANK', 'TANK', 'DEFENSIVE_DIS', 'SAFE', 'SAFE', 'NORMAL', 'FASTER', 'MEC_USED', 'CLEAN', 'CLEAN', 'NEUTRAL', 'NEUTRAL', 'CLEAR', 'SET', 'RECOVERING', 'BANCO_VAZIO')",2,2,8,25.000,HAZARD,50.000,0.693147,2.0000
"('TANK', 'TANK', 'NEUTRAL', 'FULL', 'FULL', 'FIELD_SHARED', 'SLOWER', 'MEC_USED', 'CLEAN', 'CLEAN', 'NEUTRAL', 'NEUTRAL', 'CLEAR', 'CLEAR', 'CLUTCH', 'BANCO_VAZIO')",2,2,8,25.000,ATTACK_PIVOT,50.000,0.693147,2.0000
"('TANK', 'SWEEPER', 'OFFENSIVE_DIS', 'FULL', 'SAFE', 'NORMAL', 'FASTER', 'MEC_USED', 'AFFLICTED', 'AFFLICTED', 'DEBUFF', 'DEBUFF', 'CLEAR', 'CLEAR', 'RECOVERING', 'BANCO_VAZIO')",2,1,4,25.000,HEAL,100.000,-0.000000,1.0000
"('TANK', 'TANK', 'STALEMATE', 'SAFE', 'FULL', 'NORMAL', 'SLOWER', 'MEC_USED', 'CLEAN', 'CLEAN', 'NEUTRAL', 'NEUTRAL', 'SET', 'CLEAR', 'RECOVERING', 'BANCO_VAZIO')",2,2,8,25.000,STATUS,50.000,0.693147,2.0000
"('TANK', 'TANK', 'OFFENSIVE_DIS', 'FULL', 'FULL', 'NORMAL', 'SLOWER', 'MEC_USED', 'CLEAN', 'CLEAN', 'NEUTRAL', 'NEUTRAL', 'CLEAR', 'SET', 'BRAWL', 'BANCO_VAZIO')",2,1,6,16.667,STATUS,100.000,-0.000000,1.0000
"('TANK', 'TANK', 'DEFENSIVE_DIS', 'SAFE', 'DANGER', 'NORMAL', 'FASTER', 'MEC_USED', 'CLEAN', 'CLEAN', 'NEUTRAL', 'NEUTRAL', 'SET', 'SET', 'RECOVERING', 'BANCO_VAZIO')",2,2,8,25.000,ATTACK_TECH,50.000,0.693147,2.0000
"('UTILITY', 'TANK', 'DEFENSIVE_DIS', 'DANGER', 'FULL', 'NORMAL', 'FASTER', 'MEC_USED', 'CLEAN', 'CLEAN', 'NEUTRAL', 'NEUTRAL', 'SET', 'CLEAR', 'RECOVERING', 'BANCO_VAZIO')",2,2,5,40.000,DEBUFF,50.000,0.693147,2.0000
"('SWEEPER', 'TANK', 'VOLATILE', 'CRIT', 'FULL', 'NORMAL', 'FASTER', 'MEC_USED', 'CLEAN', 'CLEAN', 'NEUTRAL', 'NEUTRAL', 'CLEAR', 'CLEAR', 'OPENING', 'BANCO_OFF')",2,2,6,33.333,BUFF,50.000,0.693147,2.0000
"('TANK', 'TANK', 'OFFENSIVE_ADV', 'FULL', 'SAFE', 'NORMAL', 'FASTER', 'MEC_USED', 'AFFLICTED', 'CLEAN', 'NEUTRAL', 'NEUTRAL', 'CLEAR', 'CLEAR', 'RECOVERING', 'BANCO_VAZIO')",2,1,4,25.000,ATTACK_STRONG,100.000,-0.000000,1.0000
"('TANK', 'TANK', 'DEFENSIVE_DIS', 'FULL', 'FULL', 'NORMAL', 'SLOWER', 'MEC_USED', 'CLEAN', 'AFFLICTED', 'NEUTRAL', 'DEBUFF', 'CLEAR', 'CLEAR', 'CLUTCH', 'BANCO_VAZIO')",2,2,5,40.000,ATTACK_STRONG,50.000,0.693147,2.0000
"('TANK', 'TANK', 'VOLATILE', 'SAFE', 'SAFE', 'NORMAL', 'FASTER', 'MEC_USED', 'CLEAN', 'CLEAN', 'NEUTRAL', 'NEUTRAL', 'SET', 'CLEAR', 'RECOVERING', 'BANCO_VAZIO')",2,2,5,40.000,BUFF,50.000,0.693147,2.0000
"('SWEEPER', 'TANK', 'OFFENSIVE_ADV', 'SAFE', 'DANGER', 'NORMAL', 'FASTER', 'MEC_USED', 'CLEAN', 'CLEAN', 'NEUTRAL', 'NEUTRAL', 'SET', 'CLEAR', 'OPENING', 'BANCO_OFF')",2,1,3,33.333,SWITCH_DEFENSIVE,100.000,-0.000000,1.0000
"('TANK', 'SWEEPER', 'DEFENSIVE_DIS', 'FULL', 'DANGER', 'NORMAL', 'SLOWER', 'MEC_USED', 'CLEAN', 'CLEAN', 'NEUTRAL', 'NEUTRAL', 'CLEAR', 'CLEAR', 'RECOVERING', 'BANCO_VAZIO')",2,2,6,33.333,ATTACK_PIVOT,50.000,0.693147,2.0000
"('TANK', 'TANK', 'OFFENSIVE_ADV', 'FULL', 'SAFE', 'NORMAL', 'FASTER', 'MEC_USED', 'AFFLICTED', 'CLEAN', 'NEUTRAL', 'NEUTRAL', 'SET', 'CLEAR', 'OPENING', 'BANCO_OFF')",2,2,7,28.571,ATTACK_STRONG,50.000,0.693147,2.0000
"('TANK', 'TANK', 'OFFENSIVE_DIS', 'DANGER', 'FULL', 'NORMAL', 'FASTER', 'MEC_USED', 'AFFLICTED', 'CLEAN', 'NEUTRAL', 'NEUTRAL', 'CLEAR', 'CLEAR', 'RECOVERING', 'BANCO_VAZIO')",2,2,9,22.222,HAZARD,50.000,0.693147,2.0000
"('TANK', 'TANK', 'DEFENSIVE_ADV', 'SAFE', 'SAFE', 'NORMAL', 'SLOWER', 'MEC_USED', 'CLEAN', 'CLEAN', 'NEUTRAL', 'NEUTRAL', 'SET', 'CLEAR', 'BRAWL', 'BANCO_VAZIO')",2,2,8,25.000,ATTACK_PIVOT,50.000,0.693147,2.0000
"('TANK', 'TANK', 'OFFENSIVE_ADV', 'FULL', 'FULL', 'NORMAL', 'FASTER', 'MEC_USED', 'CLEAN', 'CLEAN', 'NEUTRAL', 'NEUTRAL', 'CLEAR', 'CLEAR', 'CLUTCH', 'BANCO_VAZIO')",2,1,4,25.000,CLEAN_HAZARD,100.000,-0.000000,1.0000
"('TANK', 'TANK', 'DEFENSIVE_DIS', 'CRIT', 'SAFE', 'NORMAL', 'FASTER', 'MEC_USED', 'CLEAN', 'CLEAN', 'NEUTRAL', 'NEUTRAL', 'SET', 'SET', 'RECOVERING', 'BANCO_VAZIO')",2,2,6,33.333,HEAL,50.000,0.693147,2.0000
"('TANK', 'TANK', 'VOLATILE', 'DANGER', 'SAFE', 'FIELD_SHARED', 'FASTER', 'MEC_USED', 'CLEAN', 'CLEAN', 'NEUTRAL', 'NEUTRAL', 'CLEAR', 'CLEAR', 'OPENING', 'BANCO_OFF')",2,2,4,50.000,ATTACK_STRONG,50.000,0.693147,2.0000
"('TANK', 'TANK', 'OFFENSIVE_ADV', 'FULL', 'SAFE', 'NORMAL', 'SLOWER', 'MEC_USED', 'CLEAN', 'CLEAN', 'NEUTRAL', 'NEUTRAL', 'SET', 'SET', 'BRAWL', 'BANCO_OFF')",2,2,7,28.571,ATTACK_TECH,50.000,0.693147,2.0000
"('TANK', 'TANK', 'NEUTRAL', 'FULL', 'FULL', 'NORMAL', 'FASTER', 'MEC_USED', 'CLEAN', 'CLEAN', 'NEUTRAL', 'NEUTRAL', 'CLEAR', 'SET', 'BRAWL', 'BANCO_VAZIO')",2,2,5,40.000,HEAL,50.000,0.693147,2.0000
"('TANK', 'TANK', 'DEFENSIVE_DIS', 'FULL', 'FULL', 'NORMAL', 'FASTER', 'MEC_USED', 'AFFLICTED', 'CLEAN', 'DEBUFF', 'NEUTRAL', 'CLEAR', 'CLEAR', 'CLUTCH', 'BANCO_VAZIO')",2,1,1,100.000,ATTACK_STRONG,100.000,-0.000000,1.0000
"('TANK', 'TANK', 'DOMINANT', 'FULL', 'SAFE', 'NORMAL', 'SLOWER', 'MEC_USED', 'CLEAN', 'CLEAN', 'NEUTRAL', 'NEUTRAL', 'SET', 'CLEAR', 'OPENING', 'BANCO_AMBOS')",2,2,3,66.667,ATTACK_STRONG,50.000,0.693147,2.0000
"('TANK', 'TANK', 'DEFENSIVE_DIS', 'SAFE', 'FULL', 'NORMAL', 'FASTER', 'MEC_USED', 'CLEAN', 'CLEAN', 'NEUTRAL', 'NEUTRAL', 'SET', 'SET', 'OPENING', 'BANCO_OFF')",2,2,9,22.222,ATTACK_STRONG,50.000,0.693147,2.0000
"('TANK', 'TANK', 'VOLATILE', 'DANGER', 'FULL', 'FIELD_OURS_OFF', 'FASTER', 'MEC_USED', 'CLEAN', 'CLEAN', 'NEUTRAL', 'NEUTRAL', 'CLEAR', 'CLEAR', 'OPENING', 'BANCO_OFF')",2,2,5,40.000,STATUS,50.000,0.693147,2.0000
"('TANK', 'TANK', 'OFFENSIVE_ADV', 'CRIT', 'SAFE', 'NORMAL', 'SLOWER', 'MEC_USED', 'CLEAN', 'CLEAN', 'NEUTRAL', 'NEUTRAL', 'CLEAR', 'CLEAR', 'BRAWL', 'BANCO_OFF')",2,1,7,14.286,HEAL,100.000,-0.000000,1.0000
"('UTILITY', 'TANK', 'DOMINANT', 'FULL', 'SAFE', 'NORMAL', 'FASTER', 'MEC_USED', 'CLEAN', 'CLEAN', 'NEUTRAL', 'NEUTRAL', 'CLEAR', 'CLEAR', 'OPENING', 'BANCO_OFF')",2,2,5,40.000,ATTACK_STRONG,50.000,0.693147,2.0000
"('SWEEPER', 'TANK', 'NEUTRAL', 'FULL', 'DANGER', 'NORMAL', 'FASTER', 'MEC_USED', 'CLEAN', 'CLEAN', 'NEUTRAL', 'NEUTRAL', 'CLEAR', 'CLEAR', 'OPENING', 'BANCO_OFF')",2,1,4,25.000,ATTACK_STRONG,100.000,-0.000000,1.0000
"('TANK', 'TANK', 'NEUTRAL', 'FULL', 'DANGER', 'FIELD_THEIRS', 'FASTER', 'MEC_USED', 'CLEAN', 'CLEAN', 'NEUTRAL', 'NEUTRAL', 'CLEAR', 'CLEAR', 'OPENING', 'BANCO_OFF')",2,2,3,66.667,ATTACK_STRONG,50.000,0.693147,2.0000
"('TANK', 'TANK', 'CRITICAL_DIS', 'FULL', 'SAFE', 'NORMAL', 'FASTER', 'MEC_USED', 'CLEAN', 'CLEAN', 'NEUTRAL', 'NEUTRAL', 'CLEAR', 'SET', 'RECOVERING', 'BANCO_VAZIO')",2,1,8,12.500,HAZARD,100.000,-0.000000,1.0000
"('TANK', 'TANK', 'NEUTRAL', 'DANGER', 'SAFE', 'NORMAL', 'FASTER', 'MEC_USED', 'AFFLICTED', 'CLEAN', 'NEUTRAL', 'NEUTRAL', 'CLEAR', 'SET', 'CLUTCH', 'BANCO_VAZIO')",2,2,9,22.222,STATUS,50.000,0.693147,2.0000
"('TANK', 'TANK', 'VOLATILE', 'SAFE', 'FULL', 'NORMAL', 'FASTER', 'MEC_AVAIL', 'CLEAN', 'CLEAN', 'NEUTRAL', 'NEUTRAL', 'CLEAR', 'SET', 'OPENING', 'BANCO_AMBOS')",2,1,6,16.667,HAZARD,100.000,-0.000000,1.0000
"('TANK', 'TANK', 'DEFENSIVE_ADV', 'FULL', 'SAFE', 'FIELD_SHARED', 'FASTER', 'MEC_USED', 'CLEAN', 'CLEAN', 'NEUTRAL', 'NEUTRAL', 'SET', 'CLEAR', 'OPENING', 'BANCO_OFF')",2,1,6,16.667,ATTACK_PIVOT,100.000,-0.000000,1.0000
"('SWEEPER', 'TANK', 'NEUTRAL', 'CRIT', 'FULL', 'NORMAL', 'FASTER', 'MEC_USED', 'CLEAN', 'CLEAN', 'NEUTRAL', 'NEUTRAL', 'CLEAR', 'CLEAR', 'RECOVERING', 'BANCO_VAZIO')",2,2,5,40.000,BUFF,50.000,0.693147,2.0000
"('TANK', 'TANK', 'DEFENSIVE_DIS', 'FULL', 'SAFE', 'NORMAL', 'FASTER', 'MEC_USED', 'CLEAN', 'CLEAN', 'NEUTRAL', 'NEUTRAL', 'CLEAR', 'CLEAR', 'BRAWL', 'BANCO_OFF')",2,1,7,14.286,HEAL,100.000,-0.000000,1.0000
"('TANK', 'TANK', 'OFFENSIVE_ADV', 'SAFE', 'FULL', 'NORMAL', 'SLOWER', 'MEC_USED', 'CLEAN', 'CLEAN', 'NEUTRAL', 'NEUTRAL', 'SET', 'SET', 'RECOVERING', 'BANCO_VAZIO')",2,2,6,33.333,ATTACK_STRONG,50.000,0.693147,2.0000
"('SWEEPER', 'TANK', 'DEFENSIVE_DIS', 'FULL', 'FULL', 'NORMAL', 'FASTER', 'MEC_USED', 'CLEAN', 'CLEAN', 'NEUTRAL', 'DEBUFF', 'CLEAR', 'CLEAR', 'OPENING', 'BANCO_VAZIO')",2,2,6,33.333,STATUS,50.000,0.693147,2.0000
"('TANK', 'TANK', 'NEUTRAL', 'FULL', 'CRIT', 'NORMAL', 'SLOWER', 'MEC_USED', 'CLEAN', 'CLEAN', 'NEUTRAL', 'NEUTRAL', 'SET', 'SET', 'CLUTCH', 'BANCO_VAZIO')",2,1,6,16.667,ATTACK_STRONG,100.000,-0.000000,1.0000
"('TANK', 'TANK', 'DEFENSIVE_DIS', 'FULL', 'SAFE', 'NORMAL', 'SLOWER', 'MEC_USED', 'CLEAN', 'CLEAN', 'NEUTRAL', 'NEUTRAL', 'SET', 'SET', 'BRAWL', 'BANCO_OFF')",2,2,8,25.000,STATUS,50.000,0.693147,2.0000
"('TANK', 'TANK', 'VOLATILE', 'CRIT', 'SAFE', 'FIELD_OURS_OFF', 'SLOWER', 'MEC_USED', 'CLEAN', 'CLEAN', 'NEUTRAL', 'NEUTRAL', 'CLEAR', 'CLEAR', 'OPENING', 'BANCO_OFF')",2,2,8,25.000,ATTACK_STRONG,50.000,0.693147,2.0000
"('TANK', 'TANK', 'NEUTRAL', 'FULL', 'SAFE', 'NORMAL', 'SLOWER', 'MEC_USED', 'CLEAN', 'AFFLICTED', 'NEUTRAL', 'DEBUFF', 'CLEAR', 'CLEAR', 'OPENING', 'BANCO_OFF')",2,2,7,28.571,ATTACK_PIVOT,50.000,0.693147,2.0000
"('TANK', 'TANK', 'NEUTRAL', 'SAFE', 'SAFE', 'FIELD_SHARED', 'FASTER', 'MEC_USED', 'CLEAN', 'CLEAN', 'NEUTRAL', 'NEUTRAL', 'SET', 'CLEAR', 'OPENING', 'BANCO_AMBOS')",2,1,6,16.667,STAT_CLEAN,100.000,-0.000000,1.0000
"('TANK', 'TANK', 'DEFENSIVE_ADV', 'FULL', 'FULL', 'NORMAL', 'SLOWER', 'MEC_USED', 'CLEAN', 'CLEAN', 'NEUTRAL', 'NEUTRAL', 'SET', 'SET', 'OPENING', 'BANCO_AMBOS')",2,1,6,16.667,ATTACK_STRONG,100.000,-0.000000,1.0000
"('TANK', 'TANK', 'NEUTRAL', 'DANGER', 'FULL', 'FIELD_THEIRS', 'FASTER', 'MEC_USED', 'CLEAN', 'CLEAN', 'NEUTRAL', 'NEUTRAL', 'CLEAR', 'CLEAR', 'OPENING', 'BANCO_OFF')",2,2,7,28.571,HEAL,50.000,0.693147,2.0000
"('TANK', 'TANK', 'NEUTRAL', 'SAFE', 'FULL', 'NORMAL', 'SLOWER', 'MEC_USED', 'CLEAN', 'AFFLICTED', 'NEUTRAL', 'NEUTRAL', 'SET', 'CLEAR', 'OPENING', 'BANCO_OFF')",2,2,9,22.222,ATTACK_TECH,50.000,0.693147,2.0000
"('TANK', 'SWEEPER', 'DEFENSIVE_DIS', 'SAFE', 'SAFE', 'NORMAL', 'SLOWER', 'MEC_USED', 'CLEAN', 'CLEAN', 'NEUTRAL', 'NEUTRAL', 'SET', 'CLEAR', 'RECOVERING', 'BANCO_VAZIO')",2,2,4,50.000,ATTACK_STRONG,50.000,0.693147,2.0000
"('TANK', 'SWEEPER', 'NEUTRAL', 'FULL', 'SAFE', 'FIELD_THEIRS', 'SLOWER', 'MEC_USED', 'CLEAN', 'CLEAN', 'NEUTRAL', 'NEUTRAL', 'CLEAR', 'CLEAR', 'OPENING', 'BANCO_OFF')",2,2,6,33.333,SWITCH_DEFENSIVE,50.000,0.693147,2.0000
"('TANK', 'TANK', 'NEUTRAL', 'DANGER', 'SAFE', 'NORMAL', 'FASTER', 'MEC_USED', 'CLEAN', 'CLEAN', 'NEUTRAL', 'NEUTRAL', 'SET', 'CLEAR', 'CLUTCH', 'BANCO_VAZIO')",2,2,7,28.571,ATTACK_TECH,50.000,0.693147,2.0000
"('SWEEPER', 'TANK', 'NEUTRAL', 'SAFE', 'SAFE', 'NORMAL', 'FASTER', 'MEC_USED', 'CLEAN', 'CLEAN', 'NEUTRAL', 'DEBUFF', 'SET', 'CLEAR', 'OPENING', 'BANCO_OFF')",2,2,5,40.000,ATTACK_PIVOT,50.000,0.693147,2.0000
"('TANK', 'TANK', 'OFFENSIVE_DIS', 'FULL', 'SAFE', 'NORMAL', 'SLOWER', 'MEC_USED', 'CLEAN', 'CLEAN', 'NEUTRAL', 'NEUTRAL', 'SET', 'SET', 'BRAWL', 'BANCO_OFF')",2,1,8,12.500,ATTACK_PIVOT,100.000,-0.000000,1.0000
"('TANK', 'TANK', 'VOLATILE', 'SAFE', 'FULL', 'NORMAL', 'SLOWER', 'MEC_USED', 'CLEAN', 'AFFLICTED', 'NEUTRAL', 'NEUTRAL', 'SET', 'SET', 'CLUTCH', 'BANCO_VAZIO')",2,2,6,33.333,ATTACK_PIVOT,50.000,0.693147,2.0000
"('TANK', 'TANK', 'OFFENSIVE_ADV', 'FULL', 'SAFE', 'NORMAL', 'FASTER', 'MEC_USED', 'CLEAN', 'CLEAN', 'NEUTRAL', 'NEUTRAL', 'SET', 'SET', 'BRAWL', 'BANCO_OFF')",2,2,7,28.571,ATTACK_STRONG,50.000,0.693147,2.0000
"('TANK', 'SWEEPER', 'DEFENSIVE_DIS', 'CRIT', 'FULL', 'NORMAL', 'SLOWER', 'MEC_USED', 'CLEAN', 'CLEAN', 'NEUTRAL', 'NEUTRAL', 'CLEAR', 'CLEAR', 'OPENING', 'BANCO_OFF')",2,1,4,25.000,SWITCH_DEFENSIVE,100.000,-0.000000,1.0000
"('TANK', 'TANK', 'DEFENSIVE_DIS', 'SAFE', 'FULL', 'NORMAL', 'FASTER', 'MEC_USED', 'CLEAN', 'CLEAN', 'NEUTRAL', 'NEUTRAL', 'CLEAR', 'CLEAR', 'BRAWL', 'BANCO_AMBOS')",2,2,5,40.000,ATTACK_STRONG,50.000,0.693147,2.0000
"('TANK', 'TANK', 'OFFENSIVE_DIS', 'SAFE', 'SAFE', 'NORMAL', 'SLOWER', 'MEC_USED', 'AFFLICTED', 'CLEAN', 'DEBUFF', 'NEUTRAL', 'SET', 'CLEAR', 'RECOVERING', 'BANCO_VAZIO')",2,2,6,33.333,BUFF,50.000,0.693147,2.0000
"('TANK', 'TANK', 'DEFENSIVE_DIS', 'FULL', 'FULL', 'FIELD_THEIRS', 'SLOWER', 'MEC_USED', 'CLEAN', 'CLEAN', 'NEUTRAL', 'NEUTRAL', 'SET', 'CLEAR', 'OPENING', 'BANCO_AMBOS')",2,2,7,28.571,DISRUPTION,50.000,0.693147,2.0000
"('TANK', 'TANK', 'CRITICAL_DIS', 'SAFE', 'FULL', 'FIELD_THEIRS', 'FASTER', 'MEC_USED', 'CLEAN', 'CLEAN', 'NEUTRAL', 'NEUTRAL', 'CLEAR', 'CLEAR', 'OPENING', 'BANCO_OFF')",2,1,7,14.286,SWITCH_DEFENSIVE,100.000,-0.000000,1.0000
"('SWEEPER', 'TANK', 'DOMINANT', 'SAFE', 'FULL', 'NORMAL', 'FASTER', 'MEC_AVAIL', 'CLEAN', 'CLEAN', 'NEUTRAL', 'NEUTRAL', 'CLEAR', 'CLEAR', 'OPENING', 'BANCO_OFF')",2,2,8,25.000,BUFF,50.000,0.693147,2.0000
"('TANK', 'TANK', 'OFFENSIVE_DIS', 'SAFE', 'FULL', 'NORMAL', 'SLOWER', 'MEC_USED', 'CLEAN', 'CLEAN', 'NEUTRAL', 'NEUTRAL', 'CLEAR', 'SET', 'BRAWL', 'BANCO_OFF')",2,2,7,28.571,ATTACK_TECH,50.000,0.693147,2.0000
"('TANK', 'TANK', 'DEFENSIVE_DIS', 'DANGER', 'SAFE', 'FIELD_SHARED', 'SLOWER', 'MEC_USED', 'CLEAN', 'CLEAN', 'NEUTRAL', 'NEUTRAL', 'CLEAR', 'CLEAR', 'OPENING', 'BANCO_OFF')",2,2,7,28.571,DISRUPTION,50.000,0.693147,2.0000
"('TANK', 'TANK', 'DOMINANT', 'SAFE', 'FULL', 'FIELD_SHARED', 'FASTER', 'MEC_USED', 'CLEAN', 'CLEAN', 'NEUTRAL', 'NEUTRAL', 'SET', 'CLEAR', 'OPENING', 'BANCO_OFF')",2,2,4,50.000,ATTACK_STRONG,50.000,0.693147,2.0000
"('UTILITY', 'TANK', 'DOMINANT', 'SAFE', 'FULL', 'NORMAL', 'FASTER', 'MEC_USED', 'CLEAN', 'CLEAN', 'NEUTRAL', 'NEUTRAL', 'CLEAR', 'CLEAR', 'OPENING', 'BANCO_AMBOS')",2,2,5,40.000,ATTACK_PIVOT,50.000,0.693147,2.0000
"('TANK', 'TANK', 'NEUTRAL', 'SAFE', 'FULL', 'NORMAL', 'SLOWER', 'MEC_USED', 'AFFLICTED', 'CLEAN', 'NEUTRAL', 'NEUTRAL', 'SET', 'SET', 'RECOVERING', 'BANCO_VAZIO')",2,2,2,100.000,ATTACK_STRONG,50.000,0.693147,2.0000
"('TANK', 'TANK', 'OFFENSIVE_DIS', 'CRIT', 'FULL', 'NORMAL', 'SLOWER', 'MEC_USED', 'CLEAN', 'CLEAN', 'NEUTRAL', 'NEUTRAL', 'SET', 'CLEAR', 'OPENING', 'BANCO_VAZIO')",2,2,6,33.333,ATTACK_STRONG,50.000,0.693147,2.0000
"('TANK', 'TANK', 'OFFENSIVE_ADV', 'DANGER', 'SAFE', 'NORMAL', 'FASTER', 'MEC_USED', 'CLEAN', 'CLEAN', 'NEUTRAL', 'NEUTRAL', 'SET', 'SET', 'BRAWL', 'BANCO_OFF')",2,2,8,25.000,BUFF,50.000,0.693147,2.0000
"('SWEEPER', 'TANK', 'NEUTRAL', 'FULL', 'FULL', 'NORMAL', 'FASTER', 'MEC_USED', 'CLEAN', 'CLEAN', 'NEUTRAL', 'DEBUFF', 'SET', 'CLEAR', 'OPENING', 'BANCO_OFF')",2,2,6,33.333,STATUS,50.000,0.693147,2.0000
"('TANK', 'TANK', 'CRITICAL_DIS', 'CRIT', 'SAFE', 'NORMAL', 'FASTER', 'MEC_USED', 'CLEAN', 'CLEAN', 'NEUTRAL', 'NEUTRAL', 'CLEAR', 'CLEAR', 'RECOVERING', 'BANCO_VAZIO')",2,2,7,28.571,ATTACK_STRONG,50.000,0.693147,2.0000
"('TANK', 'SWEEPER', 'OFFENSIVE_ADV', 'SAFE', 'FULL', 'FIELD_SHARED', 'SLOWER', 'MEC_AVAIL', 'CLEAN', 'CLEAN', 'NEUTRAL', 'NEUTRAL', 'CLEAR', 'CLEAR', 'OPENING', 'BANCO_OFF')",2,1,6,16.667,SWITCH_DEFENSIVE,100.000,-0.000000,1.0000
"('TANK', 'TANK', 'VOLATILE', 'CRIT', 'SAFE', 'NORMAL', 'FASTER', 'MEC_USED', 'CLEAN', 'CLEAN', 'NEUTRAL', 'NEUTRAL', 'CLEAR', 'CLEAR', 'RECOVERING', 'BANCO_VAZIO')",2,2,4,50.000,ATTACK_STRONG,50.000,0.693147,2.0000
"('TANK', 'TANK', 'CRITICAL_DIS', 'FULL', 'SAFE', 'NORMAL', 'FASTER', 'MEC_USED', 'CLEAN', 'CLEAN', 'NEUTRAL', 'NEUTRAL', 'CLEAR', 'CLEAR', 'OPENING', 'BANCO_VAZIO')",2,2,5,40.000,ATTACK_STRONG,50.000,0.693147,2.0000
"('TANK', 'TANK', 'OFFENSIVE_DIS', 'FULL', 'CRIT', 'NORMAL', 'SLOWER', 'MEC_USED', 'CLEAN', 'CLEAN', 'NEUTRAL', 'NEUTRAL', 'CLEAR', 'CLEAR', 'RECOVERING', 'BANCO_VAZIO')",2,1,8,12.500,SWITCH_OFFENSIVE,100.000,-0.000000,1.0000
"('TANK', 'TANK', 'OFFENSIVE_ADV', 'FULL', 'FULL', 'NORMAL', 'FASTER', 'MEC_AVAIL', 'CLEAN', 'CLEAN', 'NEUTRAL', 'NEUTRAL', 'CLEAR', 'SET', 'OPENING', 'BANCO_AMBOS')",2,2,8,25.000,ATTACK_STRONG,50.000,0.693147,2.0000
"('SWEEPER', 'TANK', 'OFFENSIVE_ADV', 'DANGER', 'SAFE', 'FIELD_OURS_OFF', 'FASTER', 'MEC_USED', 'CLEAN', 'CLEAN', 'NEUTRAL', 'NEUTRAL', 'CLEAR', 'CLEAR', 'OPENING', 'BANCO_OFF')",2,2,6,33.333,STATUS,50.000,0.693147,2.0000
"('TANK', 'TANK', 'NEUTRAL', 'FULL', 'DANGER', 'NORMAL', 'FASTER', 'MEC_USED', 'CLEAN', 'CLEAN', 'NEUTRAL', 'NEUTRAL', 'CLEAR', 'SET', 'OPENING', 'BANCO_VAZIO')",2,2,8,25.000,ATTACK_STRONG,50.000,0.693147,2.0000
"('TANK', 'TANK', 'DOMINANT', 'FULL', 'FULL', 'NORMAL', 'SLOWER', 'MEC_USED', 'CLEAN', 'CLEAN', 'NEUTRAL', 'NEUTRAL', 'CLEAR', 'CLEAR', 'BRAWL', 'BANCO_VAZIO')",2,2,8,25.000,ATTACK_STRONG,50.000,0.693147,2.0000
"('TANK', 'TANK', 'NEUTRAL', 'FULL', 'FULL', 'NORMAL', 'SLOWER', 'MEC_USED', 'CLEAN', 'AFFLICTED', 'NEUTRAL', 'DEBUFF', 'SET', 'SET', 'RECOVERING', 'BANCO_VAZIO')",2,1,5,20.000,BUFF,100.000,-0.000000,1.0000
"('TANK', 'TANK', 'CRITICAL_DIS', 'SAFE', 'SAFE', 'NORMAL', 'SLOWER', 'MEC_USED', 'CLEAN', 'CLEAN', 'NEUTRAL', 'NEUTRAL', 'SET', 'CLEAR', 'OPENING', 'BANCO_AMBOS')",2,2,8,25.000,ATTACK_PIVOT,50.000,0.693147,2.0000
"('TANK', 'TANK', 'OFFENSIVE_DIS', 'DANGER', 'SAFE', 'NORMAL', 'SLOWER', 'MEC_USED', 'CLEAN', 'CLEAN', 'NEUTRAL', 'NEUTRAL', 'CLEAR', 'CLEAR', 'OPENING', 'BANCO_VAZIO')",2,2,7,28.571,HAZARD,50.000,0.693147,2.0000
"('TANK', 'TANK', 'DEFENSIVE_DIS', 'SAFE', 'SAFE', 'NORMAL', 'FASTER', 'MEC_USED', 'CLEAN', 'CLEAN', 'NEUTRAL', 'NEUTRAL', 'CLEAR', 'CLEAR', 'BRAWL', 'BANCO_VAZIO')",2,1,6,16.667,HEAL,100.000,-0.000000,1.0000
"('TANK', 'TANK', 'NEUTRAL', 'SAFE', 'FULL', 'NORMAL', 'FASTER', 'MEC_AVAIL', 'CLEAN', 'CLEAN', 'NEUTRAL', 'NEUTRAL', 'CLEAR', 'CLEAR', 'RECOVERING', 'BANCO_VAZIO')",2,2,4,50.000,ATTACK_STRONG,50.000,0.693147,2.0000
"('TANK', 'TANK', 'NEUTRAL', 'SAFE', 'SAFE', 'NORMAL', 'FASTER', 'MEC_USED', 'CLEAN', 'CLEAN', 'DEBUFF', 'NEUTRAL', 'CLEAR', 'CLEAR', 'OPENING', 'BANCO_AMBOS')",2,2,8,25.000,ATTACK_STRONG,50.000,0.693147,2.0000
"('SWEEPER', 'TANK', 'OFFENSIVE_ADV', 'SAFE', 'DANGER', 'NORMAL', 'FASTER', 'MEC_USED', 'CLEAN', 'CLEAN', 'NEUTRAL', 'NEUTRAL', 'CLEAR', 'CLEAR', 'OPENING', 'BANCO_OFF')",2,2,4,50.000,HAZARD,50.000,0.693147,2.0000
"('TANK', 'TANK', 'OFFENSIVE_ADV', 'FULL', 'SAFE', 'NORMAL', 'SLOWER', 'MEC_USED', 'CLEAN', 'CLEAN', 'NEUTRAL', 'DEBUFF', 'CLEAR', 'CLEAR', 'OPENING', 'BANCO_OFF')",2,2,8,25.000,ATTACK_PIVOT,50.000,0.693147,2.0000
"('TANK', 'TANK', 'DEFENSIVE_DIS', 'SAFE', 'FULL', 'NORMAL', 'FASTER', 'MEC_USED', 'CLEAN', 'CLEAN', 'NEUTRAL', 'NEUTRAL', 'SET', 'SET', 'RECOVERING', 'BANCO_VAZIO')",2,2,7,28.571,ATTACK_PIVOT,50.000,0.693147,2.0000
"('TANK', 'TANK', 'DEFENSIVE_DIS', 'SAFE', 'SAFE', 'FIELD_SHARED', 'SLOWER', 'MEC_USED', 'CLEAN', 'CLEAN', 'NEUTRAL', 'NEUTRAL', 'CLEAR', 'CLEAR', 'RECOVERING', 'BANCO_VAZIO')",2,2,6,33.333,HEAL,50.000,0.693147,2.0000
"('TANK', 'TANK', 'NEUTRAL', 'SAFE', 'FULL', 'NORMAL', 'FASTER', 'MEC_AVAIL', 'CLEAN', 'CLEAN', 'BUFFED', 'NEUTRAL', 'CLEAR', 'CLEAR', 'OPENING', 'BANCO_AMBOS')",2,1,6,16.667,BUFF,100.000,-0.000000,1.0000
"('SWEEPER', 'TANK', 'OFFENSIVE_DIS', 'FULL', 'FULL', 'FIELD_SHARED', 'FASTER', 'MEC_USED', 'CLEAN', 'CLEAN', 'NEUTRAL', 'NEUTRAL', 'CLEAR', 'CLEAR', 'OPENING', 'BANCO_AMBOS')",2,2,5,40.000,HEAL,50.000,0.693147,2.0000
"('TANK', 'UTILITY', 'DEFENSIVE_DIS', 'FULL', 'FULL', 'FIELD_THEIRS', 'SLOWER', 'MEC_USED', 'CLEAN', 'CLEAN', 'NEUTRAL', 'NEUTRAL', 'CLEAR', 'CLEAR', 'OPENING', 'BANCO_OFF')",2,2,8,25.000,CLEAN_HAZARD,50.000,0.693147,2.0000
"('TANK', 'TANK', 'NEUTRAL', 'FULL', 'SAFE', 'NORMAL', 'FASTER', 'MEC_USED', 'AFFLICTED', 'CLEAN', 'NEUTRAL', 'NEUTRAL', 'SET', 'SET', 'OPENING', 'BANCO_OFF')",2,2,7,28.571,HEAL,50.000,0.693147,2.0000
"('TANK', 'TANK', 'VOLATILE', 'DANGER', 'DANGER', 'NORMAL', 'SLOWER', 'MEC_USED', 'CLEAN', 'CLEAN', 'NEUTRAL', 'NEUTRAL', 'CLEAR', 'CLEAR', 'OPENING', 'BANCO_OFF')",2,2,6,33.333,STAT_CLEAN,50.000,0.693147,2.0000
"('TANK', 'TANK', 'OFFENSIVE_DIS', 'DANGER', 'DANGER', 'NORMAL', 'SLOWER', 'MEC_USED', 'CLEAN', 'CLEAN', 'NEUTRAL', 'NEUTRAL', 'SET', 'SET', 'RECOVERING', 'BANCO_VAZIO')",2,1,6,16.667,SWITCH_DEFENSIVE,100.000,-0.000000,1.0000
"('TANK', 'TANK', 'OFFENSIVE_DIS', 'DANGER', 'CRIT', 'NORMAL', 'FASTER', 'MEC_USED', 'CLEAN', 'CLEAN', 'NEUTRAL', 'NEUTRAL', 'CLEAR', 'CLEAR', 'OPENING', 'BANCO_OFF')",2,2,9,22.222,ATTACK_TECH,50.000,0.693147,2.0000
"('TANK', 'SWEEPER', 'OFFENSIVE_ADV', 'SAFE', 'SAFE', 'NORMAL', 'SLOWER', 'MEC_USED', 'CLEAN', 'CLEAN', 'NEUTRAL', 'NEUTRAL', 'SET', 'CLEAR', 'OPENING', 'BANCO_OFF')",2,2,7,28.571,BUFF,50.000,0.693147,2.0000
"('TANK', 'TANK', 'VOLATILE', 'FULL', 'FULL', 'FIELD_SHARED', 'FASTER', 'MEC_USED', 'CLEAN', 'CLEAN', 'NEUTRAL', 'NEUTRAL', 'SET', 'CLEAR', 'OPENING', 'BANCO_AMBOS')",2,1,6,16.667,CLEAN_HAZARD,100.000,-0.000000,1.0000
"('TANK', 'SWEEPER', 'DEFENSIVE_DIS', 'FULL', 'FULL', 'NORMAL', 'SLOWER', 'MEC_USED', 'CLEAN', 'CLEAN', 'NEUTRAL', 'NEUTRAL', 'CLEAR', 'CLEAR', 'BRAWL', 'BANCO_OFF')",2,2,6,33.333,BUFF,50.000,0.693147,2.0000
"('TANK', 'TANK', 'NEUTRAL', 'FULL', 'FULL', 'FIELD_OURS_OFF', 'FASTER', 'MEC_USED', 'CLEAN', 'CLEAN', 'NEUTRAL', 'NEUTRAL', 'CLEAR', 'CLEAR', 'BRAWL', 'BANCO_OFF')",2,1,4,25.000,ATTACK_STRONG,100.000,-0.000000,1.0000
"('TANK', 'TANK', 'NEUTRAL', 'DANGER', 'SAFE', 'NORMAL', 'SLOWER', 'MEC_USED', 'CLEAN', 'CLEAN', 'NEUTRAL', 'NEUTRAL', 'CLEAR', 'CLEAR', 'CLUTCH', 'BANCO_VAZIO')",2,2,7,28.571,ATTACK_STRONG,50.000,0.693147,2.0000
"('TANK', 'SWEEPER', 'OFFENSIVE_ADV', 'FULL', 'SAFE', 'NORMAL', 'SLOWER', 'MEC_USED', 'CLEAN', 'CLEAN', 'NEUTRAL', 'NEUTRAL', 'CLEAR', 'CLEAR', 'OPENING', 'BANCO_VAZIO')",2,2,8,25.000,DISRUPTION,50.000,0.693147,2.0000
"('TANK', 'TANK', 'NEUTRAL', 'FULL', 'SAFE', 'NORMAL', 'FASTER', 'MEC_AVAIL', 'CLEAN', 'CLEAN', 'NEUTRAL', 'DEBUFF', 'CLEAR', 'CLEAR', 'OPENING', 'BANCO_OFF')",2,2,6,33.333,ATTACK_STRONG_MEC,50.000,0.693147,2.0000
"('TANK', 'TANK', 'NEUTRAL', 'SAFE', 'SAFE', 'NORMAL', 'SLOWER', 'MEC_USED', 'AFFLICTED', 'CLEAN', 'DEBUFF', 'NEUTRAL', 'CLEAR', 'CLEAR', 'OPENING', 'BANCO_OFF')",2,2,6,33.333,CLEAN_HAZARD,50.000,0.693147,2.0000
"('TANK', 'TANK', 'NEUTRAL', 'SAFE', 'SAFE', 'FIELD_THEIRS', 'SLOWER', 'MEC_USED', 'CLEAN', 'CLEAN', 'NEUTRAL', 'NEUTRAL', 'SET', 'SET', 'BRAWL', 'BANCO_OFF')",2,2,9,22.222,ATTACK_TECH,50.000,0.693147,2.0000
"('TANK', 'TANK', 'OFFENSIVE_ADV', 'SAFE', 'FULL', 'NORMAL', 'SLOWER', 'MEC_USED', 'CLEAN', 'CLEAN', 'NEUTRAL', 'NEUTRAL', 'CLEAR', 'SET', 'BRAWL', 'BANCO_OFF')",2,2,8,25.000,ATTACK_TECH,50.000,0.693147,2.0000
"('TANK', 'TANK', 'VOLATILE', 'FULL', 'FULL', 'FIELD_OURS_OFF', 'FASTER', 'MEC_AVAIL', 'CLEAN', 'CLEAN', 'NEUTRAL', 'NEUTRAL', 'CLEAR', 'CLEAR', 'OPENING', 'BANCO_OFF')",2,1,8,12.500,ATTACK_STRONG_MEC,100.000,-0.000000,1.0000
"('TANK', 'TANK', 'NEUTRAL', 'DANGER', 'SAFE', 'NORMAL', 'FASTER', 'MEC_USED', 'CLEAN', 'CLEAN', 'BUFFED', 'NEUTRAL', 'CLEAR', 'CLEAR', 'OPENING', 'BANCO_OFF')",2,1,5,20.000,BUFF,100.000,-0.000000,1.0000
"('UTILITY', 'TANK', 'NEUTRAL', 'FULL', 'DANGER', 'NORMAL', 'FASTER', 'MEC_USED', 'CLEAN', 'CLEAN', 'NEUTRAL', 'NEUTRAL', 'CLEAR', 'CLEAR', 'OPENING', 'BANCO_OFF')",2,2,7,28.571,ATTACK_TECH,50.000,0.693147,2.0000
"('TANK', 'TANK', 'VOLATILE', 'FULL', 'SAFE', 'FIELD_OURS_DEF', 'FASTER', 'MEC_USED', 'CLEAN', 'CLEAN', 'NEUTRAL', 'NEUTRAL', 'CLEAR', 'CLEAR', 'OPENING', 'BANCO_OFF')",2,1,3,33.333,ATTACK_STRONG,100.000,-0.000000,1.0000
"('TANK', 'SWEEPER', 'NEUTRAL', 'FULL', 'SAFE', 'NORMAL', 'SLOWER', 'MEC_USED', 'CLEAN', 'CLEAN', 'NEUTRAL', 'NEUTRAL', 'CLEAR', 'SET', 'RECOVERING', 'BANCO_VAZIO')",2,1,6,16.667,SWITCH_DEFENSIVE,100.000,-0.000000,1.0000
"('TANK', 'TANK', 'NEUTRAL', 'SAFE', 'FULL', 'NORMAL', 'FASTER', 'MEC_USED', 'CLEAN', 'CLEAN', 'NEUTRAL', 'NEUTRAL', 'SET', 'CLEAR', 'DOMINATING', 'BANCO_AMBOS')",2,2,6,33.333,FIELD_CONTROL,50.000,0.693147,2.0000
"('TANK', 'TANK', 'NEUTRAL', 'SAFE', 'CRIT', 'NORMAL', 'FASTER', 'MEC_USED', 'AFFLICTED', 'CLEAN', 'NEUTRAL', 'NEUTRAL', 'SET', 'SET', 'CLUTCH', 'BANCO_VAZIO')",2,2,5,40.000,ATTACK_STRONG,50.000,0.693147,2.0000
"('TANK', 'TANK', 'VOLATILE', 'FULL', 'FULL', 'FIELD_OURS_DEF', 'FASTER', 'MEC_USED', 'CLEAN', 'CLEAN', 'BUFFED', 'NEUTRAL', 'CLEAR', 'CLEAR', 'OPENING', 'BANCO_AMBOS')",2,1,5,20.000,SWITCH_OFFENSIVE,100.000,-0.000000,1.0000
"('UTILITY', 'TANK', 'OFFENSIVE_ADV', 'FULL', 'FULL', 'FIELD_SHARED', 'FASTER', 'MEC_AVAIL', 'CLEAN', 'CLEAN', 'NEUTRAL', 'NEUTRAL', 'CLEAR', 'CLEAR', 'OPENING', 'BANCO_OFF')",2,2,10,20.000,ATTACK_TECH,50.000,0.693147,2.0000
"('TANK', 'TANK', 'NEUTRAL', 'SAFE', 'SAFE', 'NORMAL', 'SLOWER', 'MEC_USED', 'AFFLICTED', 'CLEAN', 'NEUTRAL', 'NEUTRAL', 'CLEAR', 'CLEAR', 'RECOVERING', 'BANCO_VAZIO')",2,2,5,40.000,BUFF,50.000,0.693147,2.0000
"('TANK', 'TANK', 'DEFENSIVE_ADV', 'FULL', 'FULL', 'FIELD_SHARED', 'SLOWER', 'MEC_USED', 'CLEAN', 'CLEAN', 'NEUTRAL', 'NEUTRAL', 'SET', 'CLEAR', 'OPENING', 'BANCO_OFF')",2,2,9,22.222,HEAL,50.000,0.693147,2.0000
"('TANK', 'SWEEPER', 'VOLATILE', 'SAFE', 'FULL', 'NORMAL', 'SLOWER', 'MEC_USED', 'CLEAN', 'CLEAN', 'NEUTRAL', 'NEUTRAL', 'CLEAR', 'CLEAR', 'BRAWL', 'BANCO_OFF')",2,2,6,33.333,ATTACK_STRONG,50.000,0.693147,2.0000
"('TANK', 'TANK', 'OFFENSIVE_ADV', 'FULL', 'FULL', 'NORMAL', 'SLOWER', 'MEC_USED', 'AFFLICTED', 'CLEAN', 'NEUTRAL', 'NEUTRAL', 'SET', 'CLEAR', 'OPENING', 'BANCO_OFF')",2,1,6,16.667,CLEAN_HAZARD,100.000,-0.000000,1.0000
"('TANK', 'TANK', 'OFFENSIVE_DIS', 'SAFE', 'DANGER', 'NORMAL', 'SLOWER', 'MEC_USED', 'CLEAN', 'CLEAN', 'NEUTRAL', 'NEUTRAL', 'CLEAR', 'CLEAR', 'OPENING', 'BANCO_VAZIO')",2,1,6,16.667,CLEAN_HAZARD,100.000,-0.000000,1.0000
"('UTILITY', 'UTILITY', 'VOLATILE', 'FULL', 'FULL', 'NORMAL', 'FASTER', 'MEC_USED', 'CLEAN', 'CLEAN', 'NEUTRAL', 'NEUTRAL', 'CLEAR', 'CLEAR', 'OPENING', 'BANCO_OFF')",2,2,5,40.000,ATTACK_STRONG,50.000,0.693147,2.0000
"('TANK', 'UTILITY', 'DEFENSIVE_DIS', 'FULL', 'FULL', 'FIELD_OURS_OFF', 'FASTER', 'MEC_USED', 'CLEAN', 'CLEAN', 'NEUTRAL', 'NEUTRAL', 'CLEAR', 'CLEAR', 'OPENING', 'BANCO_AMBOS')",2,1,5,20.000,ATTACK_STRONG,100.000,-0.000000,1.0000
"('SWEEPER', 'TANK', 'OFFENSIVE_ADV', 'FULL', 'FULL', 'FIELD_SHARED', 'FASTER', 'MEC_USED', 'CLEAN', 'CLEAN', 'NEUTRAL', 'NEUTRAL', 'SET', 'CLEAR', 'OPENING', 'BANCO_OFF')",2,2,6,33.333,ATTACK_STRONG,50.000,0.693147,2.0000
"('TANK', 'TANK', 'DEFENSIVE_DIS', 'FULL', 'FULL', 'FIELD_OURS_DEF', 'SLOWER', 'MEC_AVAIL', 'CLEAN', 'CLEAN', 'NEUTRAL', 'NEUTRAL', 'CLEAR', 'CLEAR', 'OPENING', 'BANCO_AMBOS')",2,2,8,25.000,ATTACK_TECH_MEC,50.000,0.693147,2.0000
"('TANK', 'TANK', 'CRITICAL_DIS', 'FULL', 'FULL', 'NORMAL', 'SLOWER', 'MEC_USED', 'CLEAN', 'CLEAN', 'NEUTRAL', 'NEUTRAL', 'SET', 'CLEAR', 'BRAWL', 'BANCO_OFF')",2,2,6,33.333,HEAL,50.000,0.693147,2.0000
"('TANK', 'TANK', 'OFFENSIVE_ADV', 'FULL', 'SAFE', 'FIELD_SHARED', 'SLOWER', 'MEC_USED', 'CLEAN', 'CLEAN', 'NEUTRAL', 'NEUTRAL', 'CLEAR', 'CLEAR', 'OPENING', 'BANCO_VAZIO')",2,2,8,25.000,ATTACK_TECH,50.000,0.693147,2.0000
"('UTILITY', 'TANK', 'OFFENSIVE_ADV', 'FULL', 'SAFE', 'FIELD_THEIRS', 'FASTER', 'MEC_USED', 'CLEAN', 'CLEAN', 'NEUTRAL', 'NEUTRAL', 'CLEAR', 'CLEAR', 'OPENING', 'BANCO_OFF')",2,1,7,14.286,BUFF,100.000,-0.000000,1.0000
"('TANK', 'TANK', 'NEUTRAL', 'FULL', 'SAFE', 'FIELD_SHARED', 'FASTER', 'MEC_USED', 'AFFLICTED', 'CLEAN', 'NEUTRAL', 'NEUTRAL', 'CLEAR', 'CLEAR', 'OPENING', 'BANCO_AMBOS')",2,2,7,28.571,BUFF,50.000,0.693147,2.0000
"('TANK', 'TANK', 'STALEMATE', 'FULL', 'FULL', 'FIELD_SHARED', 'SLOWER', 'MEC_USED', 'CLEAN', 'CLEAN', 'NEUTRAL', 'NEUTRAL', 'CLEAR', 'CLEAR', 'OPENING', 'BANCO_VAZIO')",2,2,9,22.222,ATTACK_STRONG,50.000,0.693147,2.0000
"('TANK', 'TANK', 'OFFENSIVE_ADV', 'FULL', 'SAFE', 'FIELD_THEIRS', 'SLOWER', 'MEC_USED', 'CLEAN', 'CLEAN', 'NEUTRAL', 'NEUTRAL', 'CLEAR', 'CLEAR', 'BRAWL', 'BANCO_OFF')",2,1,6,16.667,HEAL,100.000,-0.000000,1.0000
"('TANK', 'TANK', 'OFFENSIVE_ADV', 'SAFE', 'FULL', 'NORMAL', 'FASTER', 'MEC_AVAIL', 'CLEAN', 'CLEAN', 'NEUTRAL', 'NEUTRAL', 'SET', 'SET', 'OPENING', 'BANCO_OFF')",2,2,8,25.000,ATTACK_PIVOT,50.000,0.693147,2.0000
"('SWEEPER', 'TANK', 'VOLATILE', 'FULL', 'SAFE', 'NORMAL', 'FASTER', 'MEC_USED', 'CLEAN', 'CLEAN', 'NEUTRAL', 'NEUTRAL', 'SET', 'CLEAR', 'OPENING', 'BANCO_OFF')",2,2,4,50.000,ATTACK_STRONG,50.000,0.693147,2.0000
"('TANK', 'TANK', 'OFFENSIVE_ADV', 'DANGER', 'SAFE', 'NORMAL', 'FASTER', 'MEC_USED', 'CLEAN', 'CLEAN', 'NEUTRAL', 'NEUTRAL', 'CLEAR', 'CLEAR', 'OPENING', 'BANCO_VAZIO')",2,2,6,33.333,PHAZE,50.000,0.693147,2.0000
"('TANK', 'TANK', 'NEUTRAL', 'FULL', 'SAFE', 'FIELD_THEIRS', 'FASTER', 'MEC_AVAIL', 'CLEAN', 'CLEAN', 'NEUTRAL', 'NEUTRAL', 'CLEAR', 'CLEAR', 'OPENING', 'BANCO_OFF')",2,2,10,20.000,HEAL,50.000,0.693147,2.0000
"('SWEEPER', 'TANK', 'OFFENSIVE_ADV', 'DANGER', 'FULL', 'NORMAL', 'FASTER', 'MEC_USED', 'CLEAN', 'CLEAN', 'NEUTRAL', 'DEBUFF', 'CLEAR', 'CLEAR', 'OPENING', 'BANCO_OFF')",2,2,6,33.333,ATTACK_TECH,50.000,0.693147,2.0000
"('TANK', 'TANK', 'NEUTRAL', 'DANGER', 'FULL', 'NORMAL', 'SLOWER', 'MEC_USED', 'AFFLICTED', 'CLEAN', 'DEBUFF', 'NEUTRAL', 'CLEAR', 'CLEAR', 'RECOVERING', 'BANCO_VAZIO')",2,2,4,50.000,BUFF,50.000,0.693147,2.0000
"('SWEEPER', 'SWEEPER', 'DOMINANT', 'FULL', 'FULL', 'FIELD_THEIRS', 'SLOWER', 'MEC_USED', 'CLEAN', 'CLEAN', 'NEUTRAL', 'NEUTRAL', 'CLEAR', 'CLEAR', 'OPENING', 'BANCO_OFF')",2,2,6,33.333,HEAL,50.000,0.693147,2.0000
"('TANK', 'TANK', 'OFFENSIVE_ADV', 'DANGER', 'SAFE', 'NORMAL', 'SLOWER', 'MEC_USED', 'CLEAN', 'CLEAN', 'NEUTRAL', 'NEUTRAL', 'SET', 'CLEAR', 'BRAWL', 'BANCO_OFF')",2,2,6,33.333,ATTACK_PIVOT,50.000,0.693147,2.0000
"('TANK', 'TANK', 'OFFENSIVE_DIS', 'SAFE', 'DANGER', 'NORMAL', 'SLOWER', 'MEC_USED', 'CLEAN', 'CLEAN', 'NEUTRAL', 'NEUTRAL', 'SET', 'SET', 'OPENING', 'BANCO_OFF')",2,2,6,33.333,ATTACK_TECH,50.000,0.693147,2.0000
"('TANK', 'TANK', 'DEFENSIVE_DIS', 'FULL', 'FULL', 'NORMAL', 'SLOWER', 'MEC_USED', 'CLEAN', 'CLEAN', 'NEUTRAL', 'NEUTRAL', 'SET', 'CLEAR', 'OPENING', 'BANCO_VAZIO')",2,2,7,28.571,ATTACK_STRONG,50.000,0.693147,2.0000
"('SWEEPER', 'TANK', 'NEUTRAL', 'CRIT', 'SAFE', 'NORMAL', 'FASTER', 'MEC_USED', 'CLEAN', 'CLEAN', 'NEUTRAL', 'NEUTRAL', 'CLEAR', 'CLEAR', 'OPENING', 'BANCO_OFF')",2,2,6,33.333,HEAL,50.000,0.693147,2.0000
"('TANK', 'TANK', 'DEFENSIVE_ADV', 'FULL', 'FULL', 'NORMAL', 'SLOWER', 'MEC_USED', 'CLEAN', 'CLEAN', 'NEUTRAL', 'NEUTRAL', 'SET', 'CLEAR', 'BRAWL', 'BANCO_OFF')",2,1,7,14.286,CLEAN_HAZARD,100.000,-0.000000,1.0000
"('TANK', 'TANK', 'DEFENSIVE_DIS', 'CRIT', 'FULL', 'NORMAL', 'SLOWER', 'MEC_USED', 'CLEAN', 'CLEAN', 'NEUTRAL', 'NEUTRAL', 'CLEAR', 'CLEAR', 'BRAWL', 'BANCO_OFF')",2,2,7,28.571,ATTACK_PIVOT,50.000,0.693147,2.0000
"('TANK', 'TANK', 'OFFENSIVE_DIS', 'CRIT', 'FULL', 'NORMAL', 'SLOWER', 'MEC_USED', 'CLEAN', 'CLEAN', 'NEUTRAL', 'NEUTRAL', 'CLEAR', 'SET', 'RECOVERING', 'BANCO_VAZIO')",2,2,4,50.000,ATTACK_STRONG,50.000,0.693147,2.0000
"('TANK', 'UTILITY', 'NEUTRAL', 'FULL', 'SAFE', 'FIELD_THEIRS', 'SLOWER', 'MEC_USED', 'CLEAN', 'CLEAN', 'NEUTRAL', 'NEUTRAL', 'CLEAR', 'CLEAR', 'OPENING', 'BANCO_OFF')",2,2,5,40.000,ATTACK_STRONG,50.000,0.693147,2.0000
"('UTILITY', 'TANK', 'DEFENSIVE_ADV', 'FULL', 'SAFE', 'NORMAL', 'FASTER', 'MEC_USED', 'CLEAN', 'CLEAN', 'NEUTRAL', 'NEUTRAL', 'CLEAR', 'CLEAR', 'OPENING', 'BANCO_AMBOS')",2,2,7,28.571,ATTACK_STRONG,50.000,0.693147,2.0000
"('TANK', 'TANK', 'NEUTRAL', 'SAFE', 'SAFE', 'FIELD_OURS_OFF', 'SLOWER', 'MEC_USED', 'CLEAN', 'CLEAN', 'NEUTRAL', 'NEUTRAL', 'CLEAR', 'CLEAR', 'OPENING', 'BANCO_OFF')",2,1,6,16.667,HEAL,100.000,-0.000000,1.0000
"('TANK', 'TANK', 'OFFENSIVE_ADV', 'FULL', 'FULL', 'FIELD_THEIRS', 'FASTER', 'MEC_USED', 'CLEAN', 'CLEAN', 'NEUTRAL', 'NEUTRAL', 'SET', 'CLEAR', 'OPENING', 'BANCO_AMBOS')",2,2,4,50.000,ATTACK_STRONG,50.000,0.693147,2.0000
"('SWEEPER', 'UTILITY', 'OFFENSIVE_ADV', 'FULL', 'FULL', 'FIELD_SHARED', 'SLOWER', 'MEC_USED', 'CLEAN', 'CLEAN', 'NEUTRAL', 'NEUTRAL', 'CLEAR', 'CLEAR', 'OPENING', 'BANCO_OFF')",2,1,6,16.667,CLEAN_HAZARD,100.000,-0.000000,1.0000
"('TANK', 'TANK', 'OFFENSIVE_ADV', 'CRIT', 'SAFE', 'FIELD_THEIRS', 'FASTER', 'MEC_USED', 'CLEAN', 'CLEAN', 'NEUTRAL', 'NEUTRAL', 'CLEAR', 'CLEAR', 'OPENING', 'BANCO_OFF')",2,1,4,25.000,SWITCH_OFFENSIVE,100.000,-0.000000,1.0000
"('TANK', 'TANK', 'NEUTRAL', 'DANGER', 'FULL', 'FIELD_SHARED', 'FASTER', 'MEC_AVAIL', 'CLEAN', 'CLEAN', 'NEUTRAL', 'NEUTRAL', 'CLEAR', 'CLEAR', 'OPENING', 'BANCO_OFF')",2,2,8,25.000,BUFF_MEC,50.000,0.693147,2.0000
"('TANK', 'TANK', 'OFFENSIVE_DIS', 'FULL', 'FULL', 'FIELD_SHARED', 'SLOWER', 'MEC_USED', 'CLEAN', 'CLEAN', 'NEUTRAL', 'NEUTRAL', 'CLEAR', 'CLEAR', 'BRAWL', 'BANCO_OFF')",2,2,8,25.000,STATUS,50.000,0.693147,2.0000
"('TANK', 'TANK', 'NEUTRAL', 'FULL', 'FULL', 'FIELD_SHARED', 'FASTER', 'MEC_AVAIL', 'CLEAN', 'CLEAN', 'NEUTRAL', 'NEUTRAL', 'SET', 'CLEAR', 'OPENING', 'BANCO_OFF')",2,2,12,16.667,STATUS,50.000,0.693147,2.0000
"('TANK', 'TANK', 'OFFENSIVE_ADV', 'FULL', 'FULL', 'FIELD_OURS_OFF', 'FASTER', 'MEC_USED', 'CLEAN', 'CLEAN', 'DEBUFF', 'NEUTRAL', 'CLEAR', 'CLEAR', 'OPENING', 'BANCO_AMBOS')",2,2,5,40.000,ATTACK_STRONG,50.000,0.693147,2.0000
"('TANK', 'TANK', 'OFFENSIVE_ADV', 'SAFE', 'FULL', 'NORMAL', 'SLOWER', 'MEC_USED', 'AFFLICTED', 'CLEAN', 'NEUTRAL', 'NEUTRAL', 'SET', 'CLEAR', 'OPENING', 'BANCO_OFF')",2,1,4,25.000,FIELD_CONTROL,100.000,-0.000000,1.0000
"('TANK', 'SWEEPER', 'DEFENSIVE_DIS', 'SAFE', 'DANGER', 'FIELD_SHARED', 'SLOWER', 'MEC_USED', 'CLEAN', 'CLEAN', 'NEUTRAL', 'NEUTRAL', 'CLEAR', 'CLEAR', 'OPENING', 'BANCO_AMBOS')",2,1,8,12.500,ATTACK_STRONG,100.000,-0.000000,1.0000
"('TANK', 'TANK', 'OFFENSIVE_ADV', 'SAFE', 'SAFE', 'NORMAL', 'SLOWER', 'MEC_USED', 'CLEAN', 'CLEAN', 'NEUTRAL', 'NEUTRAL', 'CLEAR', 'SET', 'OPENING', 'BANCO_OFF')",2,2,8,25.000,DISRUPTION,50.000,0.693147,2.0000
"('SWEEPER', 'TANK', 'DEFENSIVE_ADV', 'SAFE', 'SAFE', 'NORMAL', 'FASTER', 'MEC_USED', 'CLEAN', 'CLEAN', 'NEUTRAL', 'NEUTRAL', 'CLEAR', 'CLEAR', 'OPENING', 'BANCO_AMBOS')",2,2,4,50.000,ATTACK_TECH,50.000,0.693147,2.0000
"('TANK', 'TANK', 'DEFENSIVE_DIS', 'SAFE', 'FULL', 'NORMAL', 'SLOWER', 'MEC_USED', 'CLEAN', 'CLEAN', 'DEBUFF', 'NEUTRAL', 'CLEAR', 'CLEAR', 'OPENING', 'BANCO_OFF')",2,2,4,50.000,ATTACK_PIVOT,50.000,0.693147,2.0000
"('TANK', 'TANK', 'VOLATILE', 'SAFE', 'FULL', 'FIELD_SHARED', 'FASTER', 'MEC_USED', 'CLEAN', 'CLEAN', 'BUFFED', 'NEUTRAL', 'CLEAR', 'CLEAR', 'OPENING', 'BANCO_OFF')",2,1,6,16.667,ATTACK_STRONG,100.000,-0.000000,1.0000
"('TANK', 'TANK', 'DEFENSIVE_DIS', 'FULL', 'SAFE', 'NORMAL', 'SLOWER', 'MEC_USED', 'CLEAN', 'CLEAN', 'NEUTRAL', 'NEUTRAL', 'CLEAR', 'SET', 'OPENING', 'BANCO_OFF')",2,2,8,25.000,FIELD_CONTROL,50.000,0.693147,2.0000
"('TANK', 'UTILITY', 'DOMINANT', 'FULL', 'FULL', 'FIELD_THEIRS', 'SLOWER', 'MEC_AVAIL', 'CLEAN', 'CLEAN', 'NEUTRAL', 'NEUTRAL', 'CLEAR', 'CLEAR', 'OPENING', 'BANCO_OFF')",2,2,8,25.000,BUFF,50.000,0.693147,2.0000
"('SWEEPER', 'SWEEPER', 'NEUTRAL', 'FULL', 'SAFE', 'FIELD_SHARED', 'SLOWER', 'MEC_USED', 'CLEAN', 'CLEAN', 'NEUTRAL', 'NEUTRAL', 'CLEAR', 'CLEAR', 'OPENING', 'BANCO_AMBOS')",2,1,7,14.286,SWITCH_DEFENSIVE,100.000,-0.000000,1.0000
"('TANK', 'TANK', 'OFFENSIVE_ADV', 'SAFE', 'DANGER', 'NORMAL', 'FASTER', 'MEC_USED', 'CLEAN', 'CLEAN', 'NEUTRAL', 'NEUTRAL', 'SET', 'SET', 'OPENING', 'BANCO_OFF')",2,2,6,33.333,ATTACK_STRONG,50.000,0.693147,2.0000
"('TANK', 'TANK', 'OFFENSIVE_DIS', 'SAFE', 'FULL', 'FIELD_SHARED', 'SLOWER', 'MEC_USED', 'CLEAN', 'CLEAN', 'NEUTRAL', 'NEUTRAL', 'SET', 'CLEAR', 'OPENING', 'BANCO_OFF')",2,2,6,33.333,BUFF,50.000,0.693147,2.0000
"('SWEEPER', 'TANK', 'NEUTRAL', 'SAFE', 'SAFE', 'NORMAL', 'FASTER', 'MEC_USED', 'CLEAN', 'CLEAN', 'NEUTRAL', 'NEUTRAL', 'SET', 'CLEAR', 'OPENING', 'BANCO_VAZIO')",2,2,4,50.000,ATTACK_STRONG,50.000,0.693147,2.0000
"('UTILITY', 'SWEEPER', 'DEFENSIVE_ADV', 'FULL', 'FULL', 'NORMAL', 'SLOWER', 'MEC_USED', 'CLEAN', 'CLEAN', 'NEUTRAL', 'NEUTRAL', 'CLEAR', 'CLEAR', 'OPENING', 'BANCO_AMBOS')",2,2,8,25.000,HAZARD,50.000,0.693147,2.0000
"('TANK', 'TANK', 'NEUTRAL', 'SAFE', 'SAFE', 'FIELD_SHARED', 'SLOWER', 'MEC_USED', 'CLEAN', 'CLEAN', 'NEUTRAL', 'NEUTRAL', 'CLEAR', 'SET', 'OPENING', 'BANCO_OFF')",2,2,9,22.222,ATTACK_TECH,50.000,0.693147,2.0000
"('TANK', 'TANK', 'NEUTRAL', 'CRIT', 'FULL', 'NORMAL', 'FASTER', 'MEC_USED', 'CLEAN', 'CLEAN', 'NEUTRAL', 'NEUTRAL', 'CLEAR', 'CLEAR', 'BRAWL', 'BANCO_AMBOS')",2,2,6,33.333,HEAL,50.000,0.693147,2.0000
"('UTILITY', 'TANK', 'DOMINANT', 'FULL', 'FULL', 'FIELD_SHARED', 'FASTER', 'MEC_AVAIL', 'CLEAN', 'CLEAN', 'NEUTRAL', 'NEUTRAL', 'CLEAR', 'CLEAR', 'OPENING', 'BANCO_OFF')",2,2,6,33.333,BUFF,50.000,0.693147,2.0000
"('TANK', 'TANK', 'NEUTRAL', 'SAFE', 'SAFE', 'FIELD_THEIRS', 'SLOWER', 'MEC_USED', 'CLEAN', 'CLEAN', 'NEUTRAL', 'NEUTRAL', 'CLEAR', 'CLEAR', 'OPENING', 'BANCO_AMBOS')",2,1,8,12.500,SWITCH_DEFENSIVE,100.000,-0.000000,1.0000
"('TANK', 'TANK', 'DEFENSIVE_ADV', 'SAFE', 'FULL', 'NORMAL', 'FASTER', 'MEC_USED', 'CLEAN', 'CLEAN', 'NEUTRAL', 'NEUTRAL', 'SET', 'CLEAR', 'OPENING', 'BANCO_OFF')",2,2,9,22.222,ATTACK_TECH,50.000,0.693147,2.0000
"('TANK', 'TANK', 'NEUTRAL', 'SAFE', 'FULL', 'NORMAL', 'SLOWER', 'MEC_USED', 'CLEAN', 'AFFLICTED', 'NEUTRAL', 'NEUTRAL', 'CLEAR', 'CLEAR', 'BRAWL', 'BANCO_VAZIO')",2,2,6,33.333,HEAL,50.000,0.693147,2.0000
"('TANK', 'TANK', 'CRITICAL_DIS', 'SAFE', 'FULL', 'NORMAL', 'SLOWER', 'MEC_USED', 'CLEAN', 'CLEAN', 'NEUTRAL', 'NEUTRAL', 'CLEAR', 'CLEAR', 'BRAWL', 'BANCO_VAZIO')",2,2,7,28.571,STAT_CLEAN,50.000,0.693147,2.0000
"('TANK', 'TANK', 'OFFENSIVE_ADV', 'DANGER', 'CRIT', 'NORMAL', 'SLOWER', 'MEC_USED', 'CLEAN', 'CLEAN', 'NEUTRAL', 'NEUTRAL', 'SET', 'CLEAR', 'BRAWL', 'BANCO_OFF')",2,2,6,33.333,BUFF,50.000,0.693147,2.0000
"('TANK', 'TANK', 'OFFENSIVE_DIS', 'SAFE', 'SAFE', 'NORMAL', 'SLOWER', 'MEC_USED', 'CLEAN', 'CLEAN', 'NEUTRAL', 'NEUTRAL', 'CLEAR', 'CLEAR', 'RECOVERING', 'BANCO_OFF')",2,2,8,25.000,BUFF,50.000,0.693147,2.0000
"('TANK', 'TANK', 'NEUTRAL', 'DANGER', 'FULL', 'FIELD_SHARED', 'SLOWER', 'MEC_USED', 'CLEAN', 'CLEAN', 'NEUTRAL', 'NEUTRAL', 'CLEAR', 'CLEAR', 'OPENING', 'BANCO_AMBOS')",2,1,7,14.286,STATUS,100.000,-0.000000,1.0000
"('SWEEPER', 'UTILITY', 'DEFENSIVE_ADV', 'FULL', 'FULL', 'FIELD_SHARED', 'SLOWER', 'MEC_USED', 'CLEAN', 'CLEAN', 'NEUTRAL', 'NEUTRAL', 'CLEAR', 'CLEAR', 'OPENING', 'BANCO_AMBOS')",2,1,6,16.667,SWITCH_DEFENSIVE,100.000,-0.000000,1.0000
"('TANK', 'TANK', 'DEFENSIVE_DIS', 'DANGER', 'SAFE', 'FIELD_OURS_OFF', 'SLOWER', 'MEC_USED', 'CLEAN', 'CLEAN', 'NEUTRAL', 'NEUTRAL', 'CLEAR', 'CLEAR', 'OPENING', 'BANCO_OFF')",2,2,6,33.333,ATTACK_STRONG,50.000,0.693147,2.0000
"('TANK', 'TANK', 'NEUTRAL', 'SAFE', 'SAFE', 'NORMAL', 'SLOWER', 'MEC_USED', 'CLEAN', 'AFFLICTED', 'NEUTRAL', 'DEBUFF', 'CLEAR', 'CLEAR', 'CLUTCH', 'BANCO_VAZIO')",2,2,3,66.667,STATUS,50.000,0.693147,2.0000
"('SWEEPER', 'TANK', 'OFFENSIVE_ADV', 'FULL', 'SAFE', 'NORMAL', 'FASTER', 'MEC_USED', 'CLEAN', 'CLEAN', 'NEUTRAL', 'NEUTRAL', 'SET', 'CLEAR', 'OPENING', 'BANCO_AMBOS')",2,1,4,25.000,SWITCH_OFFENSIVE,100.000,-0.000000,1.0000
"('TANK', 'TANK', 'VOLATILE', 'FULL', 'FULL', 'FIELD_THEIRS', 'SLOWER', 'MEC_USED', 'CLEAN', 'CLEAN', 'NEUTRAL', 'NEUTRAL', 'CLEAR', 'CLEAR', 'OPENING', 'BANCO_VAZIO')",2,2,6,33.333,ATTACK_TECH,50.000,0.693147,2.0000
"('TANK', 'TANK', 'OFFENSIVE_DIS', 'FULL', 'FULL', 'NORMAL', 'SLOWER', 'MEC_USED', 'CLEAN', 'AFFLICTED', 'NEUTRAL', 'NEUTRAL', 'SET', 'SET', 'CLUTCH', 'BANCO_VAZIO')",2,2,4,50.000,ATTACK_STRONG,50.000,0.693147,2.0000
"('TANK', 'TANK', 'DEFENSIVE_DIS', 'FULL', 'DANGER', 'FIELD_OURS_DEF', 'FASTER', 'MEC_USED', 'CLEAN', 'CLEAN', 'NEUTRAL', 'NEUTRAL', 'CLEAR', 'CLEAR', 'OPENING', 'BANCO_AMBOS')",2,1,3,33.333,ATTACK_STRONG,100.000,-0.000000,1.0000
"('TANK', 'TANK', 'OFFENSIVE_ADV', 'SAFE', 'FULL', 'NORMAL', 'FASTER', 'MEC_USED', 'CLEAN', 'CLEAN', 'NEUTRAL', 'NEUTRAL', 'SET', 'CLEAR', 'RECOVERING', 'BANCO_OFF')",2,2,5,40.000,ATTACK_STRONG,50.000,0.693147,2.0000
"('TANK', 'TANK', 'DEFENSIVE_DIS', 'FULL', 'FULL', 'NORMAL', 'SLOWER', 'MEC_USED', 'CLEAN', 'CLEAN', 'NEUTRAL', 'NEUTRAL', 'CLEAR', 'CLEAR', 'BRAWL', 'BANCO_AMBOS')",2,2,8,25.000,ATTACK_STRONG,50.000,0.693147,2.0000
"('UTILITY', 'SWEEPER', 'OFFENSIVE_ADV', 'FULL', 'FULL', 'NORMAL', 'FASTER', 'MEC_USED', 'CLEAN', 'CLEAN', 'NEUTRAL', 'NEUTRAL', 'CLEAR', 'CLEAR', 'OPENING', 'BANCO_AMBOS')",2,2,5,40.000,ATTACK_TECH,50.000,0.693147,2.0000
"('TANK', 'TANK', 'NEUTRAL', 'SAFE', 'DANGER', 'NORMAL', 'FASTER', 'MEC_USED', 'AFFLICTED', 'CLEAN', 'NEUTRAL', 'NEUTRAL', 'CLEAR', 'SET', 'RECOVERING', 'BANCO_VAZIO')",2,2,4,50.000,ATTACK_PIVOT,50.000,0.693147,2.0000
"('TANK', 'TANK', 'CRITICAL_DIS', 'SAFE', 'FULL', 'FIELD_SHARED', 'FASTER', 'MEC_USED', 'CLEAN', 'CLEAN', 'NEUTRAL', 'NEUTRAL', 'CLEAR', 'CLEAR', 'OPENING', 'BANCO_AMBOS')",2,2,7,28.571,FIELD_CONTROL,50.000,0.693147,2.0000
"('UTILITY', 'TANK', 'NEUTRAL', 'FULL', 'FULL', 'FIELD_THEIRS', 'SLOWER', 'MEC_USED', 'CLEAN', 'CLEAN', 'NEUTRAL', 'NEUTRAL', 'SET', 'CLEAR', 'OPENING', 'BANCO_AMBOS')",2,2,5,40.000,STATUS,50.000,0.693147,2.0000
"('SWEEPER', 'TANK', 'OFFENSIVE_ADV', 'SAFE', 'FULL', 'NORMAL', 'FASTER', 'MEC_USED', 'CLEAN', 'CLEAN', 'NEUTRAL', 'DEBUFF', 'CLEAR', 'CLEAR', 'OPENING', 'BANCO_AMBOS')",2,1,5,20.000,ATTACK_STRONG,100.000,-0.000000,1.0000
"('TANK', 'TANK', 'NEUTRAL', 'DANGER', 'FULL', 'FIELD_THEIRS', 'SLOWER', 'MEC_USED', 'CLEAN', 'CLEAN', 'NEUTRAL', 'NEUTRAL', 'CLEAR', 'CLEAR', 'OPENING', 'BANCO_AMBOS')",2,2,5,40.000,HEAL,50.000,0.693147,2.0000
"('TANK', 'TANK', 'OFFENSIVE_DIS', 'SAFE', 'CRIT', 'NORMAL', 'SLOWER', 'MEC_USED', 'CLEAN', 'CLEAN', 'NEUTRAL', 'NEUTRAL', 'SET', 'SET', 'RECOVERING', 'BANCO_VAZIO')",2,1,8,12.500,STATUS,100.000,-0.000000,1.0000
"('TANK', 'SWEEPER', 'OFFENSIVE_ADV', 'FULL', 'FULL', 'FIELD_THEIRS', 'SLOWER', 'MEC_AVAIL', 'CLEAN', 'CLEAN', 'NEUTRAL', 'NEUTRAL', 'CLEAR', 'CLEAR', 'OPENING', 'BANCO_OFF')",2,2,10,20.000,ATTACK_TECH_MEC,50.000,0.693147,2.0000
"('TANK', 'TANK', 'DEFENSIVE_DIS', 'FULL', 'FULL', 'FIELD_THEIRS', 'SLOWER', 'MEC_USED', 'CLEAN', 'CLEAN', 'NEUTRAL', 'NEUTRAL', 'CLEAR', 'CLEAR', 'OPENING', 'BANCO_VAZIO')",2,2,7,28.571,HEAL,50.000,0.693147,2.0000
"('UTILITY', 'TANK', 'NEUTRAL', 'FULL', 'FULL', 'FIELD_SHARED', 'FASTER', 'MEC_USED', 'CLEAN', 'CLEAN', 'NEUTRAL', 'NEUTRAL', 'CLEAR', 'CLEAR', 'OPENING', 'BANCO_AMBOS')",2,2,5,40.000,BUFF,50.000,0.693147,2.0000
"('SWEEPER', 'TANK', 'OFFENSIVE_ADV', 'SAFE', 'FULL', 'FIELD_OURS_OFF', 'FASTER', 'MEC_AVAIL', 'CLEAN', 'CLEAN', 'NEUTRAL', 'NEUTRAL', 'CLEAR', 'CLEAR', 'OPENING', 'BANCO_OFF')",2,2,8,25.000,CLEAN_HAZARD,50.000,0.693147,2.0000
"('TANK', 'TANK', 'NEUTRAL', 'FULL', 'SAFE', 'NORMAL', 'SLOWER', 'MEC_USED', 'CLEAN', 'AFFLICTED', 'NEUTRAL', 'DEBUFF', 'CLEAR', 'SET', 'RECOVERING', 'BANCO_VAZIO')",2,1,4,25.000,STATUS,100.000,-0.000000,1.0000
"('TANK', 'SWEEPER', 'CRITICAL_DIS', 'DANGER', 'SAFE', 'NORMAL', 'SLOWER', 'MEC_USED', 'CLEAN', 'CLEAN', 'NEUTRAL', 'NEUTRAL', 'CLEAR', 'SET', 'RECOVERING', 'BANCO_VAZIO')",2,2,5,40.000,BUFF,50.000,0.693147,2.0000
"('TANK', 'TANK', 'DEFENSIVE_DIS', 'SAFE', 'SAFE', 'NORMAL', 'FASTER', 'MEC_USED', 'CLEAN', 'CLEAN', 'NEUTRAL', 'NEUTRAL', 'SET', 'CLEAR', 'BRAWL', 'BANCO_OFF')",2,1,7,14.286,SWITCH_DEFENSIVE,100.000,-0.000000,1.0000
"('TANK', 'TANK', 'OFFENSIVE_DIS', 'DANGER', 'FULL', 'FIELD_OURS_OFF', 'SLOWER', 'MEC_USED', 'CLEAN', 'CLEAN', 'NEUTRAL', 'NEUTRAL', 'CLEAR', 'CLEAR', 'OPENING', 'BANCO_OFF')",2,1,8,12.500,SWITCH_OFFENSIVE,100.000,-0.000000,1.0000
"('TANK', 'UTILITY', 'DEFENSIVE_DIS', 'FULL', 'SAFE', 'NORMAL', 'SLOWER', 'MEC_USED', 'CLEAN', 'CLEAN', 'NEUTRAL', 'NEUTRAL', 'CLEAR', 'CLEAR', 'RECOVERING', 'BANCO_VAZIO')",2,1,7,14.286,HAZARD,100.000,-0.000000,1.0000
"('TANK', 'TANK', 'DEFENSIVE_DIS', 'CRIT', 'CRIT', 'NORMAL', 'SLOWER', 'MEC_USED', 'CLEAN', 'CLEAN', 'NEUTRAL', 'NEUTRAL', 'CLEAR', 'CLEAR', 'OPENING', 'BANCO_OFF')",2,2,8,25.000,ATTACK_STRONG,50.000,0.693147,2.0000
"('TANK', 'TANK', 'OFFENSIVE_ADV', 'DANGER', 'SAFE', 'FIELD_SHARED', 'FASTER', 'MEC_USED', 'CLEAN', 'CLEAN', 'NEUTRAL', 'NEUTRAL', 'CLEAR', 'CLEAR', 'OPENING', 'BANCO_OFF')",2,2,9,22.222,STATUS,50.000,0.693147,2.0000
"('TANK', 'TANK', 'NEUTRAL', 'FULL', 'SAFE', 'NORMAL', 'FASTER', 'MEC_USED', 'AFFLICTED', 'CLEAN', 'NEUTRAL', 'NEUTRAL', 'SET', 'CLEAR', 'RECOVERING', 'BANCO_VAZIO')",2,1,6,16.667,STATUS,100.000,-0.000000,1.0000
"('TANK', 'TANK', 'OFFENSIVE_ADV', 'FULL', 'SAFE', 'FIELD_SHARED', 'FASTER', 'MEC_AVAIL', 'CLEAN', 'CLEAN', 'NEUTRAL', 'NEUTRAL', 'CLEAR', 'CLEAR', 'OPENING', 'BANCO_AMBOS')",2,1,8,12.500,ATTACK_STRONG_MEC,100.000,-0.000000,1.0000
"('TANK', 'TANK', 'NEUTRAL', 'SAFE', 'DANGER', 'NORMAL', 'SLOWER', 'MEC_USED', 'CLEAN', 'CLEAN', 'NEUTRAL', 'NEUTRAL', 'SET', 'CLEAR', 'CLUTCH', 'BANCO_VAZIO')",2,1,4,25.000,ATTACK_TECH,100.000,-0.000000,1.0000
"('TANK', 'TANK', 'STALEMATE', 'SAFE', 'SAFE', 'NORMAL', 'SLOWER', 'MEC_USED', 'CLEAN', 'CLEAN', 'NEUTRAL', 'NEUTRAL', 'SET', 'SET', 'BRAWL', 'BANCO_OFF')",2,1,6,16.667,HEAL,100.000,-0.000000,1.0000
"('TANK', 'UTILITY', 'DEFENSIVE_DIS', 'FULL', 'SAFE', 'NORMAL', 'SLOWER', 'MEC_USED', 'CLEAN', 'CLEAN', 'NEUTRAL', 'BUFFED', 'CLEAR', 'CLEAR', 'RECOVERING', 'BANCO_VAZIO')",2,2,6,33.333,HAZARD,50.000,0.693147,2.0000
"('TANK', 'TANK', 'CRITICAL_DIS', 'FULL', 'FULL', 'NORMAL', 'FASTER', 'MEC_USED', 'AFFLICTED', 'CLEAN', 'BUFFED', 'NEUTRAL', 'SET', 'SET', 'CLUTCH', 'BANCO_VAZIO')",1,1,6,16.667,SWITCH_DEFENSIVE,100.000,-0.000000,1.0000
"('TANK', 'TANK', 'STALEMATE', 'FULL', 'FULL', 'NORMAL', 'SLOWER', 'MEC_USED', 'AFFLICTED', 'CLEAN', 'DEBUFF', 'NEUTRAL', 'SET', 'SET', 'CLUTCH', 'BANCO_VAZIO')",1,1,5,20.000,SWITCH_OFFENSIVE,100.000,-0.000000,1.0000
"('TANK', 'TANK', 'NEUTRAL', 'SAFE', 'FULL', 'NORMAL', 'SLOWER', 'MEC_USED', 'CLEAN', 'CLEAN', 'NEUTRAL', 'NEUTRAL', 'SET', 'SET', 'OPENING', 'BANCO_AMBOS')",1,1,6,16.667,STATUS,100.000,-0.000000,1.0000
"('TANK', 'TANK', 'NEUTRAL', 'FULL', 'FULL', 'NORMAL', 'FASTER', 'MEC_USED', 'CLEAN', 'AFFLICTED', 'NEUTRAL', 'BUFFED', 'CLEAR', 'CLEAR', 'RECOVERING', 'BANCO_VAZIO')",1,1,3,33.333,CLEAN_HAZARD,100.000,-0.000000,1.0000
"('TANK', 'TANK', 'DEFENSIVE_ADV', 'FULL', 'SAFE', 'NORMAL', 'SLOWER', 'MEC_USED', 'AFFLICTED', 'CLEAN', 'BUFFED', 'NEUTRAL', 'SET', 'SET', 'CLUTCH', 'BANCO_VAZIO')",1,1,3,33.333,HEAL,100.000,-0.000000,1.0000
"('TANK', 'TANK', 'DEFENSIVE_DIS', 'FULL', 'FULL', 'NORMAL', 'FASTER', 'MEC_USED', 'CLEAN', 'AFFLICTED', 'NEUTRAL', 'NEUTRAL', 'CLEAR', 'CLEAR', 'RECOVERING', 'BANCO_VAZIO')",1,1,5,20.000,HAZARD,100.000,-0.000000,1.0000
"('TANK', 'TANK', 'OFFENSIVE_DIS', 'FULL', 'DANGER', 'NORMAL', 'FASTER', 'MEC_USED', 'CLEAN', 'AFFLICTED', 'NEUTRAL', 'DEBUFF', 'SET', 'SET', 'CLUTCH', 'BANCO_VAZIO')",1,1,2,50.000,STATUS,100.000,-0.000000,1.0000
"('TANK', 'TANK', 'VOLATILE', 'SAFE', 'SAFE', 'FIELD_OURS_OFF', 'FASTER', 'MEC_USED', 'CLEAN', 'CLEAN', 'NEUTRAL', 'NEUTRAL', 'CLEAR', 'CLEAR', 'OPENING', 'BANCO_OFF')",1,1,5,20.000,BUFF,100.000,-0.000000,1.0000
"('TANK', 'TANK', 'NEUTRAL', 'DANGER', 'FULL', 'NORMAL', 'FASTER', 'MEC_USED', 'CLEAN', 'CLEAN', 'NEUTRAL', 'NEUTRAL', 'CLEAR', 'SET', 'OPENING', 'BANCO_VAZIO')",1,1,6,16.667,ATTACK_PIVOT,100.000,-0.000000,1.0000
"('TANK', 'TANK', 'DEFENSIVE_DIS', 'FULL', 'FULL', 'NORMAL', 'SLOWER', 'MEC_USED', 'CLEAN', 'CLEAN', 'NEUTRAL', 'NEUTRAL', 'CLEAR', 'SET', 'OPENING', 'BANCO_AMBOS')",1,1,5,20.000,DISRUPTION,100.000,-0.000000,1.0000
"('SWEEPER', 'TANK', 'DOMINANT', 'SAFE', 'FULL', 'NORMAL', 'FASTER', 'MEC_USED', 'CLEAN', 'CLEAN', 'NEUTRAL', 'NEUTRAL', 'CLEAR', 'CLEAR', 'OPENING', 'BANCO_OFF')",1,1,4,25.000,BUFF,100.000,-0.000000,1.0000
"('TANK', 'SWEEPER', 'VOLATILE', 'FULL', 'DANGER', 'NORMAL', 'SLOWER', 'MEC_USED', 'CLEAN', 'CLEAN', 'NEUTRAL', 'NEUTRAL', 'CLEAR', 'CLEAR', 'RECOVERING', 'BANCO_VAZIO')",1,1,5,20.000,STATUS,100.000,-0.000000,1.0000
"('TANK', 'TANK', 'OFFENSIVE_DIS', 'DANGER', 'FULL', 'NORMAL', 'SLOWER', 'MEC_USED', 'AFFLICTED', 'CLEAN', 'DEBUFF', 'NEUTRAL', 'SET', 'SET', 'RECOVERING', 'BANCO_VAZIO')",1,1,3,33.333,BUFF,100.000,-0.000000,1.0000
"('TANK', 'TANK', 'OFFENSIVE_ADV', 'SAFE', 'FULL', 'FIELD_OURS_OFF', 'FASTER', 'MEC_USED', 'CLEAN', 'CLEAN', 'NEUTRAL', 'NEUTRAL', 'SET', 'CLEAR', 'OPENING', 'BANCO_OFF')",1,1,6,16.667,DISRUPTION,100.000,-0.000000,1.0000
"('TANK', 'TANK', 'NEUTRAL', 'SAFE', 'SAFE', 'NORMAL', 'SLOWER', 'MEC_USED', 'CLEAN', 'CLEAN', 'NEUTRAL', 'NEUTRAL', 'CLEAR', 'CLEAR', 'BRAWL', 'BANCO_AMBOS')",1,1,4,25.000,SWITCH_DEFENSIVE,100.000,-0.000000,1.0000
"('SWEEPER', 'TANK', 'NEUTRAL', 'DANGER', 'FULL', 'NORMAL', 'FASTER', 'MEC_USED', 'CLEAN', 'CLEAN', 'NEUTRAL', 'NEUTRAL', 'CLEAR', 'CLEAR', 'OPENING', 'BANCO_VAZIO')",1,1,4,25.000,ATTACK_TECH,100.000,-0.000000,1.0000
"('SWEEPER', 'TANK', 'OFFENSIVE_ADV', 'SAFE', 'SAFE', 'NORMAL', 'FASTER', 'MEC_USED', 'CLEAN', 'CLEAN', 'NEUTRAL', 'NEUTRAL', 'CLEAR', 'CLEAR', 'OPENING', 'BANCO_AMBOS')",1,1,3,33.333,ATTACK_STRONG,100.000,-0.000000,1.0000
"('SWEEPER', 'SWEEPER', 'NEUTRAL', 'FULL', 'FULL', 'NORMAL', 'SLOWER', 'MEC_USED', 'CLEAN', 'CLEAN', 'NEUTRAL', 'NEUTRAL', 'CLEAR', 'CLEAR', 'OPENING', 'BANCO_OFF')",1,1,5,20.000,STATUS,100.000,-0.000000,1.0000
"('TANK', 'TANK', 'NEUTRAL', 'SAFE', 'FULL', 'FIELD_SHARED', 'FASTER', 'MEC_USED', 'CLEAN', 'CLEAN', 'NEUTRAL', 'NEUTRAL', 'CLEAR', 'SET', 'OPENING', 'BANCO_OFF')",1,1,6,16.667,ATTACK_STRONG,100.000,-0.000000,1.0000
"('TANK', 'TANK', 'STALEMATE', 'SAFE', 'FULL', 'NORMAL', 'SLOWER', 'MEC_USED', 'CLEAN', 'CLEAN', 'NEUTRAL', 'NEUTRAL', 'SET', 'SET', 'OPENING', 'BANCO_AMBOS')",1,1,6,16.667,BUFF,100.000,-0.000000,1.0000
"('TANK', 'TANK', 'DEFENSIVE_ADV', 'SAFE', 'FULL', 'NORMAL', 'FASTER', 'MEC_USED', 'AFFLICTED', 'CLEAN', 'DEBUFF', 'NEUTRAL', 'CLEAR', 'SET', 'DOMINATING', 'BANCO_OFF')",1,1,5,20.000,ATTACK_STRONG,100.000,-0.000000,1.0000
"('UTILITY', 'TANK', 'NEUTRAL', 'FULL', 'FULL', 'FIELD_THEIRS', 'SLOWER', 'MEC_USED', 'CLEAN', 'CLEAN', 'NEUTRAL', 'NEUTRAL', 'SET', 'CLEAR', 'OPENING', 'BANCO_OFF')",1,1,4,25.000,ATTACK_STRONG,100.000,-0.000000,1.0000
"('TANK', 'TANK', 'NEUTRAL', 'SAFE', 'FULL', 'NORMAL', 'FASTER', 'MEC_USED', 'CLEAN', 'CLEAN', 'NEUTRAL', 'DEBUFF', 'SET', 'SET', 'RECOVERING', 'BANCO_VAZIO')",1,1,5,20.000,HAZARD,100.000,-0.000000,1.0000
"('TANK', 'TANK', 'OFFENSIVE_DIS', 'SAFE', 'SAFE', 'NORMAL', 'SLOWER', 'MEC_USED', 'CLEAN', 'CLEAN', 'NEUTRAL', 'NEUTRAL', 'CLEAR', 'CLEAR', 'CLUTCH', 'BANCO_VAZIO')",1,1,5,20.000,HEAL,100.000,-0.000000,1.0000
"('SWEEPER', 'TANK', 'OFFENSIVE_ADV', 'DANGER', 'FULL', 'NORMAL', 'FASTER', 'MEC_USED', 'CLEAN', 'CLEAN', 'NEUTRAL', 'DEBUFF', 'SET', 'CLEAR', 'OPENING', 'BANCO_OFF')",1,1,5,20.000,ATTACK_PIVOT,100.000,-0.000000,1.0000
"('TANK', 'TANK', 'DOMINANT', 'FULL', 'DANGER', 'FIELD_THEIRS', 'SLOWER', 'MEC_USED', 'CLEAN', 'CLEAN', 'NEUTRAL', 'NEUTRAL', 'CLEAR', 'CLEAR', 'OPENING', 'BANCO_OFF')",1,1,3,33.333,ATTACK_STRONG,100.000,-0.000000,1.0000
"('TANK', 'TANK', 'DEFENSIVE_DIS', 'CRIT', 'SAFE', 'NORMAL', 'SLOWER', 'MEC_USED', 'CLEAN', 'CLEAN', 'NEUTRAL', 'NEUTRAL', 'SET', 'SET', 'RECOVERING', 'BANCO_VAZIO')",1,1,4,25.000,ATTACK_PIVOT,100.000,-0.000000,1.0000
"('TANK', 'TANK', 'DEFENSIVE_DIS', 'SAFE', 'FULL', 'NORMAL', 'SLOWER', 'MEC_USED', 'CLEAN', 'CLEAN', 'NEUTRAL', 'NEUTRAL', 'CLEAR', 'CLEAR', 'BRAWL', 'BANCO_AMBOS')",1,1,6,16.667,HAZARD,100.000,-0.000000,1.0000
"('TANK', 'TANK', 'DEFENSIVE_ADV', 'FULL', 'FULL', 'NORMAL', 'SLOWER', 'MEC_USED', 'CLEAN', 'AFFLICTED', 'NEUTRAL', 'NEUTRAL', 'CLEAR', 'CLEAR', 'OPENING', 'BANCO_VAZIO')",1,1,6,16.667,STAT_CLEAN,100.000,-0.000000,1.0000
"('TANK', 'TANK', 'STALEMATE', 'FULL', 'FULL', 'NORMAL', 'SLOWER', 'MEC_USED', 'CLEAN', 'CLEAN', 'NEUTRAL', 'NEUTRAL', 'SET', 'SET', 'RECOVERING', 'BANCO_VAZIO')",1,1,4,25.000,ATTACK_PIVOT,100.000,-0.000000,1.0000
"('UTILITY', 'TANK', 'NEUTRAL', 'FULL', 'SAFE', 'FIELD_OURS_OFF', 'FASTER', 'MEC_USED', 'CLEAN', 'CLEAN', 'NEUTRAL', 'NEUTRAL', 'CLEAR', 'CLEAR', 'OPENING', 'BANCO_OFF')",1,1,5,20.000,CLEAN_HAZARD,100.000,-0.000000,1.0000
"('TANK', 'TANK', 'NEUTRAL', 'SAFE', 'FULL', 'NORMAL', 'FASTER', 'MEC_USED', 'AFFLICTED', 'CLEAN', 'DEBUFF', 'NEUTRAL', 'CLEAR', 'CLEAR', 'OPENING', 'BANCO_OFF')",1,1,6,16.667,SWITCH_DEFENSIVE,100.000,-0.000000,1.0000
"('TANK', 'TANK', 'DOMINANT', 'SAFE', 'SAFE', 'NORMAL', 'SLOWER', 'MEC_USED', 'CLEAN', 'CLEAN', 'NEUTRAL', 'NEUTRAL', 'SET', 'CLEAR', 'OPENING', 'BANCO_OFF')",1,1,6,16.667,CLEAN_HAZARD,100.000,-0.000000,1.0000
"('TANK', 'TANK', 'NEUTRAL', 'DANGER', 'FULL', 'NORMAL', 'FASTER', 'MEC_USED', 'CLEAN', 'CLEAN', 'NEUTRAL', 'NEUTRAL', 'SET', 'CLEAR', 'CLUTCH', 'BANCO_VAZIO')",1,1,5,20.000,SWITCH_OFFENSIVE,100.000,-0.000000,1.0000
"('TANK', 'TANK', 'DEFENSIVE_ADV', 'FULL', 'FULL', 'FIELD_OURS_OFF', 'FASTER', 'MEC_USED', 'CLEAN', 'CLEAN', 'NEUTRAL', 'NEUTRAL', 'CLEAR', 'CLEAR', 'OPENING', 'BANCO_OFF')",1,1,6,16.667,SWITCH_OFFENSIVE,100.000,-0.000000,1.0000
"('TANK', 'TANK', 'DOMINANT', 'FULL', 'FULL', 'NORMAL', 'FASTER', 'MEC_USED', 'CLEAN', 'CLEAN', 'NEUTRAL', 'NEUTRAL', 'CLEAR', 'CLEAR', 'BRAWL', 'BANCO_OFF')",1,1,4,25.000,SWITCH_OFFENSIVE,100.000,-0.000000,1.0000
"('TANK', 'TANK', 'NEUTRAL', 'SAFE', 'CRIT', 'NORMAL', 'SLOWER', 'MEC_USED', 'CLEAN', 'CLEAN', 'NEUTRAL', 'NEUTRAL', 'CLEAR', 'SET', 'OPENING', 'BANCO_OFF')",1,1,6,16.667,ATTACK_PIVOT,100.000,-0.000000,1.0000
"('TANK', 'TANK', 'OFFENSIVE_ADV', 'SAFE', 'DANGER', 'NORMAL', 'FASTER', 'MEC_USED', 'AFFLICTED', 'CLEAN', 'NEUTRAL', 'NEUTRAL', 'SET', 'CLEAR', 'BRAWL', 'BANCO_OFF')",1,1,6,16.667,HEAL,100.000,-0.000000,1.0000
"('TANK', 'TANK', 'VOLATILE', 'SAFE', 'FULL', 'FIELD_SHARED', 'FASTER', 'MEC_USED', 'CLEAN', 'CLEAN', 'NEUTRAL', 'NEUTRAL', 'SET', 'CLEAR', 'OPENING', 'BANCO_OFF')",1,1,4,25.000,STATUS,100.000,-0.000000,1.0000
"('TANK', 'SWEEPER', 'DEFENSIVE_DIS', 'CRIT', 'CRIT', 'NORMAL', 'SLOWER', 'MEC_USED', 'CLEAN', 'CLEAN', 'NEUTRAL', 'NEUTRAL', 'CLEAR', 'CLEAR', 'RECOVERING', 'BANCO_VAZIO')",1,1,3,33.333,ATTACK_TECH,100.000,-0.000000,1.0000
"('TANK', 'UTILITY', 'OFFENSIVE_DIS', 'FULL', 'SAFE', 'NORMAL', 'SLOWER', 'MEC_USED', 'AFFLICTED', 'CLEAN', 'NEUTRAL', 'NEUTRAL', 'CLEAR', 'CLEAR', 'RECOVERING', 'BANCO_VAZIO')",1,1,6,16.667,HEAL,100.000,-0.000000,1.0000
"('TANK', 'TANK', 'NEUTRAL', 'CRIT', 'DANGER', 'NORMAL', 'SLOWER', 'MEC_USED', 'CLEAN', 'CLEAN', 'NEUTRAL', 'NEUTRAL', 'CLEAR', 'CLEAR', 'RECOVERING', 'BANCO_VAZIO')",1,1,5,20.000,PROTECT,100.000,-0.000000,1.0000
"('TANK', 'TANK', 'OFFENSIVE_DIS', 'DANGER', 'SAFE', 'NORMAL', 'SLOWER', 'MEC_USED', 'CLEAN', 'CLEAN', 'NEUTRAL', 'NEUTRAL', 'CLEAR', 'CLEAR', 'BRAWL', 'BANCO_OFF')",1,1,6,16.667,CLEAN_HAZARD,100.000,-0.000000,1.0000
"('TANK', 'TANK', 'NEUTRAL', 'FULL', 'SAFE', 'NORMAL', 'SLOWER', 'MEC_USED', 'CLEAN', 'AFFLICTED', 'NEUTRAL', 'NEUTRAL', 'CLEAR', 'CLEAR', 'OPENING', 'BANCO_OFF')",1,1,6,16.667,STAT_CLEAN,100.000,-0.000000,1.0000
"('TANK', 'TANK', 'DEFENSIVE_DIS', 'SAFE', 'FULL', 'FIELD_THEIRS', 'FASTER', 'MEC_USED', 'CLEAN', 'CLEAN', 'BUFFED', 'NEUTRAL', 'CLEAR', 'CLEAR', 'OPENING', 'BANCO_OFF')",1,1,6,16.667,ATTACK_TECH,100.000,-0.000000,1.0000
"('SWEEPER', 'TANK', 'OFFENSIVE_ADV', 'DANGER', 'SAFE', 'NORMAL', 'FASTER', 'MEC_USED', 'CLEAN', 'CLEAN', 'NEUTRAL', 'NEUTRAL', 'SET', 'CLEAR', 'OPENING', 'BANCO_OFF')",1,1,4,25.000,ATTACK_TECH,100.000,-0.000000,1.0000
"('TANK', 'TANK', 'NEUTRAL', 'FULL', 'DANGER', 'NORMAL', 'SLOWER', 'MEC_USED', 'CLEAN', 'CLEAN', 'BUFFED', 'NEUTRAL', 'CLEAR', 'CLEAR', 'RECOVERING', 'BANCO_VAZIO')",1,1,3,33.333,ATTACK_STRONG,100.000,-0.000000,1.0000
"('UTILITY', 'TANK', 'DEFENSIVE_DIS', 'FULL', 'SAFE', 'NORMAL', 'FASTER', 'MEC_USED', 'CLEAN', 'CLEAN', 'NEUTRAL', 'NEUTRAL', 'CLEAR', 'CLEAR', 'OPENING', 'BANCO_OFF')",1,1,3,33.333,ATTACK_STRONG,100.000,-0.000000,1.0000
"('TANK', 'TANK', 'NEUTRAL', 'SAFE', 'SAFE', 'FIELD_THEIRS', 'SLOWER', 'MEC_USED', 'CLEAN', 'CLEAN', 'NEUTRAL', 'NEUTRAL', 'SET', 'SET', 'RECOVERING', 'BANCO_VAZIO')",1,1,3,33.333,HEAL,100.000,-0.000000,1.0000
"('TANK', 'TANK', 'VOLATILE', 'DANGER', 'SAFE', 'NORMAL', 'SLOWER', 'MEC_USED', 'CLEAN', 'CLEAN', 'NEUTRAL', 'NEUTRAL', 'SET', 'CLEAR', 'OPENING', 'BANCO_OFF')",1,1,6,16.667,STATUS,100.000,-0.000000,1.0000
"('TANK', 'TANK', 'OFFENSIVE_ADV', 'FULL', 'FULL', 'NORMAL', 'SLOWER', 'MEC_USED', 'CLEAN', 'AFFLICTED', 'NEUTRAL', 'NEUTRAL', 'SET', 'CLEAR', 'OPENING', 'BANCO_OFF')",1,1,3,33.333,SWITCH_DEFENSIVE,100.000,-0.000000,1.0000
"('TANK', 'TANK', 'DEFENSIVE_DIS', 'DANGER', 'SAFE', 'NORMAL', 'SLOWER', 'MEC_USED', 'CLEAN', 'CLEAN', 'NEUTRAL', 'NEUTRAL', 'CLEAR', 'SET', 'RECOVERING', 'BANCO_VAZIO')",1,1,4,25.000,STATUS,100.000,-0.000000,1.0000
"('TANK', 'TANK', 'OFFENSIVE_ADV', 'FULL', 'CRIT', 'NORMAL', 'SLOWER', 'MEC_USED', 'AFFLICTED', 'AFFLICTED', 'NEUTRAL', 'NEUTRAL', 'SET', 'SET', 'RECOVERING', 'BANCO_OFF')",1,1,4,25.000,HEAL,100.000,-0.000000,1.0000
"('TANK', 'TANK', 'NEUTRAL', 'FULL', 'FULL', 'NORMAL', 'SLOWER', 'MEC_USED', 'AFFLICTED', 'CLEAN', 'NEUTRAL', 'NEUTRAL', 'SET', 'SET', 'RECOVERING', 'BANCO_VAZIO')",1,1,1,100.000,HAZARD,100.000,-0.000000,1.0000
"('UTILITY', 'TANK', 'DEFENSIVE_DIS', 'SAFE', 'FULL', 'NORMAL', 'FASTER', 'MEC_USED', 'CLEAN', 'CLEAN', 'NEUTRAL', 'NEUTRAL', 'CLEAR', 'CLEAR', 'OPENING', 'BANCO_AMBOS')",1,1,5,20.000,SWITCH_OFFENSIVE,100.000,-0.000000,1.0000
"('TANK', 'TANK', 'DEFENSIVE_DIS', 'SAFE', 'DANGER', 'NORMAL', 'FASTER', 'MEC_USED', 'CLEAN', 'CLEAN', 'NEUTRAL', 'NEUTRAL', 'SET', 'CLEAR', 'CLUTCH', 'BANCO_VAZIO')",1,1,4,25.000,ATTACK_STRONG,100.000,-0.000000,1.0000
"('TANK', 'TANK', 'OFFENSIVE_DIS', 'SAFE', 'FULL', 'FIELD_THEIRS', 'SLOWER', 'MEC_USED', 'CLEAN', 'CLEAN', 'NEUTRAL', 'NEUTRAL', 'SET', 'CLEAR', 'BRAWL', 'BANCO_OFF')",1,1,6,16.667,FIELD_CONTROL,100.000,-0.000000,1.0000
"('SWEEPER', 'TANK', 'VOLATILE', 'SAFE', 'SAFE', 'FIELD_OURS_OFF', 'FASTER', 'MEC_USED', 'CLEAN', 'CLEAN', 'NEUTRAL', 'NEUTRAL', 'CLEAR', 'CLEAR', 'OPENING', 'BANCO_OFF')",1,1,3,33.333,SWITCH_DEFENSIVE,100.000,-0.000000,1.0000
"('TANK', 'TANK', 'DOMINANT', 'SAFE', 'FULL', 'NORMAL', 'SLOWER', 'MEC_USED', 'CLEAN', 'CLEAN', 'NEUTRAL', 'NEUTRAL', 'SET', 'CLEAR', 'OPENING', 'BANCO_VAZIO')",1,1,3,33.333,SWITCH_DEFENSIVE,100.000,-0.000000,1.0000
"('TANK', 'TANK', 'NEUTRAL', 'SAFE', 'SAFE', 'NORMAL', 'SLOWER', 'MEC_USED', 'CLEAN', 'CLEAN', 'NEUTRAL', 'NEUTRAL', 'SET', 'SET', 'BRAWL', 'BANCO_DEF')",1,1,5,20.000,STATUS,100.000,-0.000000,1.0000
"('TANK', 'UTILITY', 'NEUTRAL', 'DANGER', 'FULL', 'NORMAL', 'SLOWER', 'MEC_USED', 'CLEAN', 'CLEAN', 'NEUTRAL', 'NEUTRAL', 'CLEAR', 'CLEAR', 'OPENING', 'BANCO_OFF')",1,1,6,16.667,ATTACK_TECH,100.000,-0.000000,1.0000
"('TANK', 'TANK', 'NEUTRAL', 'CRIT', 'SAFE', 'NORMAL', 'FASTER', 'MEC_USED', 'CLEAN', 'CLEAN', 'NEUTRAL', 'NEUTRAL', 'CLEAR', 'SET', 'CLUTCH', 'BANCO_VAZIO')",1,1,4,25.000,ATTACK_STRONG,100.000,-0.000000,1.0000
"('TANK', 'TANK', 'DEFENSIVE_DIS', 'CRIT', 'DANGER', 'NORMAL', 'FASTER', 'MEC_USED', 'CLEAN', 'CLEAN', 'NEUTRAL', 'NEUTRAL', 'CLEAR', 'CLEAR', 'RECOVERING', 'BANCO_VAZIO')",1,1,3,33.333,STATUS,100.000,-0.000000,1.0000
"('TANK', 'TANK', 'STALEMATE', 'FULL', 'FULL', 'NORMAL', 'SLOWER', 'MEC_USED', 'CLEAN', 'AFFLICTED', 'NEUTRAL', 'DEBUFF', 'CLEAR', 'CLEAR', 'DOMINATING', 'BANCO_OFF')",1,1,5,20.000,SWITCH_OFFENSIVE,100.000,-0.000000,1.0000
"('TANK', 'TANK', 'OFFENSIVE_ADV', 'FULL', 'FULL', 'FIELD_THEIRS', 'FASTER', 'MEC_USED', 'AFFLICTED', 'CLEAN', 'NEUTRAL', 'NEUTRAL', 'CLEAR', 'CLEAR', 'OPENING', 'BANCO_OFF')",1,1,6,16.667,CLEAN_HAZARD,100.000,-0.000000,1.0000
"('TANK', 'TANK', 'DEFENSIVE_DIS', 'DANGER', 'DANGER', 'NORMAL', 'SLOWER', 'MEC_USED', 'CLEAN', 'CLEAN', 'NEUTRAL', 'NEUTRAL', 'CLEAR', 'CLEAR', 'RECOVERING', 'BANCO_VAZIO')",1,1,4,25.000,HEAL,100.000,-0.000000,1.0000
"('TANK', 'TANK', 'OFFENSIVE_DIS', 'FULL', 'FULL', 'NORMAL', 'SLOWER', 'MEC_USED', 'AFFLICTED', 'AFFLICTED', 'NEUTRAL', 'NEUTRAL', 'CLEAR', 'CLEAR', 'OPENING', 'BANCO_OFF')",1,1,6,16.667,CLEAN_HAZARD,100.000,-0.000000,1.0000
"('TANK', 'TANK', 'VOLATILE', 'DANGER', 'DANGER', 'FIELD_SHARED', 'FASTER', 'MEC_USED', 'CLEAN', 'CLEAN', 'NEUTRAL', 'NEUTRAL', 'CLEAR', 'CLEAR', 'OPENING', 'BANCO_OFF')",1,1,5,20.000,DISRUPTION,100.000,-0.000000,1.0000
"('TANK', 'SWEEPER', 'DOMINANT', 'FULL', 'FULL', 'NORMAL', 'SLOWER', 'MEC_USED', 'CLEAN', 'CLEAN', 'NEUTRAL', 'NEUTRAL', 'CLEAR', 'CLEAR', 'OPENING', 'BANCO_VAZIO')",1,1,3,33.333,ATTACK_STRONG,100.000,-0.000000,1.0000
"('TANK', 'TANK', 'OFFENSIVE_ADV', 'SAFE', 'FULL', 'FIELD_THEIRS', 'SLOWER', 'MEC_USED', 'CLEAN', 'CLEAN', 'NEUTRAL', 'NEUTRAL', 'SET', 'CLEAR', 'BRAWL', 'BANCO_OFF')",1,1,6,16.667,DISRUPTION,100.000,-0.000000,1.0000
"('TANK', 'TANK', 'OFFENSIVE_ADV', 'FULL', 'CRIT', 'NORMAL', 'FASTER', 'MEC_USED', 'CLEAN', 'CLEAN', 'NEUTRAL', 'NEUTRAL', 'SET', 'CLEAR', 'OPENING', 'BANCO_OFF')",1,1,4,25.000,ATTACK_PIVOT,100.000,-0.000000,1.0000
"('TANK', 'TANK', 'OFFENSIVE_DIS', 'DANGER', 'FULL', 'NORMAL', 'FASTER', 'MEC_USED', 'AFFLICTED', 'CLEAN', 'NEUTRAL', 'NEUTRAL', 'CLEAR', 'SET', 'CLUTCH', 'BANCO_VAZIO')",1,1,4,25.000,ATTACK_TECH,100.000,-0.000000,1.0000
"('TANK', 'TANK', 'OFFENSIVE_ADV', 'FULL', 'FULL', 'FIELD_SHARED', 'SLOWER', 'MEC_AVAIL', 'CLEAN', 'CLEAN', 'NEUTRAL', 'NEUTRAL', 'CLEAR', 'CLEAR', 'OPENING', 'BANCO_VAZIO')",1,1,4,25.000,ATTACK_STRONG,100.000,-0.000000,1.0000
"('SWEEPER', 'TANK', 'OFFENSIVE_ADV', 'SAFE', 'FULL', 'NORMAL', 'FASTER', 'MEC_AVAIL', 'CLEAN', 'CLEAN', 'NEUTRAL', 'NEUTRAL', 'CLEAR', 'CLEAR', 'OPENING', 'BANCO_AMBOS')",1,1,6,16.667,STATUS_MEC,100.000,-0.000000,1.0000
"('TANK', 'TANK', 'NEUTRAL', 'DANGER', 'SAFE', 'NORMAL', 'FASTER', 'MEC_USED', 'CLEAN', 'CLEAN', 'NEUTRAL', 'NEUTRAL', 'CLEAR', 'SET', 'BRAWL', 'BANCO_OFF')",1,1,5,20.000,HAZARD,100.000,-0.000000,1.0000
"('TANK', 'TANK', 'CRITICAL_DIS', 'FULL', 'SAFE', 'NORMAL', 'SLOWER', 'MEC_USED', 'CLEAN', 'CLEAN', 'NEUTRAL', 'NEUTRAL', 'SET', 'SET', 'BRAWL', 'BANCO_OFF')",1,1,6,16.667,STATUS,100.000,-0.000000,1.0000
"('UTILITY', 'TANK', 'OFFENSIVE_ADV', 'FULL', 'SAFE', 'NORMAL', 'FASTER', 'MEC_USED', 'CLEAN', 'CLEAN', 'NEUTRAL', 'NEUTRAL', 'CLEAR', 'CLEAR', 'OPENING', 'BANCO_AMBOS')",1,1,5,20.000,ATTACK_PIVOT,100.000,-0.000000,1.0000
"('TANK', 'TANK', 'OFFENSIVE_ADV', 'SAFE', 'SAFE', 'FIELD_SHARED', 'SLOWER', 'MEC_USED', 'CLEAN', 'CLEAN', 'NEUTRAL', 'NEUTRAL', 'CLEAR', 'CLEAR', 'OPENING', 'BANCO_VAZIO')",1,1,5,20.000,SWITCH_OFFENSIVE,100.000,-0.000000,1.0000
"('TANK', 'TANK', 'DEFENSIVE_DIS', 'SAFE', 'SAFE', 'FIELD_OURS_OFF', 'FASTER', 'MEC_USED', 'CLEAN', 'CLEAN', 'NEUTRAL', 'NEUTRAL', 'CLEAR', 'CLEAR', 'OPENING', 'BANCO_OFF')",1,1,6,16.667,SWITCH_OFFENSIVE,100.000,-0.000000,1.0000
"('TANK', 'TANK', 'DEFENSIVE_ADV', 'FULL', 'DANGER', 'FIELD_SHARED', 'FASTER', 'MEC_USED', 'CLEAN', 'CLEAN', 'NEUTRAL', 'NEUTRAL', 'CLEAR', 'CLEAR', 'OPENING', 'BANCO_AMBOS')",1,1,3,33.333,ATTACK_STRONG,100.000,-0.000000,1.0000
"('TANK', 'TANK', 'OFFENSIVE_ADV', 'FULL', 'SAFE', 'FIELD_OURS_DEF', 'FASTER', 'MEC_USED', 'CLEAN', 'CLEAN', 'NEUTRAL', 'NEUTRAL', 'CLEAR', 'CLEAR', 'OPENING', 'BANCO_OFF')",1,1,3,33.333,SWITCH_OFFENSIVE,100.000,-0.000000,1.0000
"('TANK', 'TANK', 'CRITICAL_DIS', 'SAFE', 'FULL', 'FIELD_THEIRS', 'FASTER', 'MEC_USED', 'CLEAN', 'CLEAN', 'NEUTRAL', 'NEUTRAL', 'CLEAR', 'CLEAR', 'OPENING', 'BANCO_VAZIO')",1,1,5,20.000,SWITCH_OFFENSIVE,100.000,-0.000000,1.0000
"('TANK', 'TANK', 'VOLATILE', 'SAFE', 'FULL', 'FIELD_OURS_DEF', 'SLOWER', 'MEC_USED', 'CLEAN', 'CLEAN', 'NEUTRAL', 'NEUTRAL', 'CLEAR', 'CLEAR', 'OPENING', 'BANCO_AMBOS')",1,1,3,33.333,ATTACK_STRONG,100.000,-0.000000,1.0000
"('TANK', 'TANK', 'OFFENSIVE_ADV', 'FULL', 'FULL', 'NORMAL', 'SLOWER', 'MEC_USED', 'CLEAN', 'CLEAN', 'NEUTRAL', 'NEUTRAL', 'CLEAR', 'SET', 'OPENING', 'BANCO_AMBOS')",1,1,6,16.667,SWITCH_OFFENSIVE,100.000,-0.000000,1.0000
"('SWEEPER', 'TANK', 'NEUTRAL', 'CRIT', 'SAFE', 'NORMAL', 'FASTER', 'MEC_USED', 'CLEAN', 'CLEAN', 'NEUTRAL', 'NEUTRAL', 'CLEAR', 'CLEAR', 'OPENING', 'BANCO_AMBOS')",1,1,6,16.667,PROTECT,100.000,-0.000000,1.0000
"('TANK', 'TANK', 'DEFENSIVE_DIS', 'SAFE', 'CRIT', 'NORMAL', 'FASTER', 'MEC_USED', 'CLEAN', 'CLEAN', 'NEUTRAL', 'NEUTRAL', 'CLEAR', 'CLEAR', 'OPENING', 'BANCO_OFF')",1,1,6,16.667,ATTACK_TECH,100.000,-0.000000,1.0000
"('TANK', 'TANK', 'DEFENSIVE_DIS', 'SAFE', 'FULL', 'NORMAL', 'SLOWER', 'MEC_USED', 'CLEAN', 'CLEAN', 'NEUTRAL', 'NEUTRAL', 'SET', 'SET', 'RECOVERING', 'BANCO_VAZIO')",1,1,6,16.667,STAT_CLEAN,100.000,-0.000000,1.0000
"('TANK', 'SWEEPER', 'VOLATILE', 'SAFE', 'FULL', 'NORMAL', 'SLOWER', 'MEC_USED', 'CLEAN', 'CLEAN', 'NEUTRAL', 'NEUTRAL', 'CLEAR', 'CLEAR', 'RECOVERING', 'BANCO_VAZIO')",1,1,4,25.000,HEAL,100.000,-0.000000,1.0000
"('TANK', 'TANK', 'NEUTRAL', 'FULL', 'FULL', 'NORMAL', 'FASTER', 'MEC_USED', 'CLEAN', 'CLEAN', 'NEUTRAL', 'NEUTRAL', 'CLEAR', 'CLEAR', 'DOMINATING', 'BANCO_AMBOS')",1,1,3,33.333,SWITCH_OFFENSIVE,100.000,-0.000000,1.0000
"('SWEEPER', 'TANK', 'OFFENSIVE_ADV', 'FULL', 'SAFE', 'FIELD_THEIRS', 'FASTER', 'MEC_AVAIL', 'CLEAN', 'CLEAN', 'NEUTRAL', 'NEUTRAL', 'CLEAR', 'CLEAR', 'OPENING', 'BANCO_OFF')",1,1,8,12.500,BUFF_MEC,100.000,-0.000000,1.0000
"('TANK', 'TANK', 'NEUTRAL', 'SAFE', 'SAFE', 'FIELD_OURS_OFF', 'FASTER', 'MEC_USED', 'CLEAN', 'CLEAN', 'NEUTRAL', 'NEUTRAL', 'SET', 'CLEAR', 'OPENING', 'BANCO_AMBOS')",1,1,6,16.667,BUFF,100.000,-0.000000,1.0000
"('TANK', 'TANK', 'DEFENSIVE_DIS', 'FULL', 'SAFE', 'NORMAL', 'SLOWER', 'MEC_USED', 'CLEAN', 'AFFLICTED', 'NEUTRAL', 'DEBUFF', 'CLEAR', 'CLEAR', 'CLUTCH', 'BANCO_VAZIO')",1,1,5,20.000,SWITCH_OFFENSIVE,100.000,-0.000000,1.0000
"('TANK', 'TANK', 'OFFENSIVE_DIS', 'FULL', 'SAFE', 'NORMAL', 'FASTER', 'MEC_USED', 'CLEAN', 'CLEAN', 'NEUTRAL', 'NEUTRAL', 'CLEAR', 'CLEAR', 'OPENING', 'BANCO_AMBOS')",1,1,6,16.667,SWITCH_OFFENSIVE,100.000,-0.000000,1.0000
"('TANK', 'TANK', 'CRITICAL_DIS', 'FULL', 'FULL', 'NORMAL', 'FASTER', 'MEC_AVAIL', 'CLEAN', 'CLEAN', 'NEUTRAL', 'NEUTRAL', 'CLEAR', 'CLEAR', 'OPENING', 'BANCO_AMBOS')",1,1,4,25.000,SWITCH_OFFENSIVE,100.000,-0.000000,1.0000
"('TANK', 'TANK', 'OFFENSIVE_DIS', 'DANGER', 'SAFE', 'NORMAL', 'SLOWER', 'MEC_USED', 'CLEAN', 'CLEAN', 'NEUTRAL', 'NEUTRAL', 'SET', 'SET', 'CLUTCH', 'BANCO_VAZIO')",1,1,5,20.000,SWITCH_DEFENSIVE,100.000,-0.000000,1.0000
"('TANK', 'SWEEPER', 'DOMINANT', 'SAFE', 'FULL', 'FIELD_THEIRS', 'SLOWER', 'MEC_USED', 'CLEAN', 'CLEAN', 'NEUTRAL', 'NEUTRAL', 'CLEAR', 'CLEAR', 'OPENING', 'BANCO_OFF')",1,1,5,20.000,CLEAN_HAZARD,100.000,-0.000000,1.0000
"('TANK', 'UTILITY', 'NEUTRAL', 'FULL', 'SAFE', 'NORMAL', 'SLOWER', 'MEC_USED', 'CLEAN', 'CLEAN', 'NEUTRAL', 'BUFFED', 'CLEAR', 'CLEAR', 'BRAWL', 'BANCO_OFF')",1,1,6,16.667,SWITCH_DEFENSIVE,100.000,-0.000000,1.0000
"('UTILITY', 'TANK', 'CRITICAL_DIS', 'FULL', 'FULL', 'NORMAL', 'FASTER', 'MEC_AVAIL', 'CLEAN', 'CLEAN', 'NEUTRAL', 'NEUTRAL', 'CLEAR', 'CLEAR', 'OPENING', 'BANCO_OFF')",1,1,8,12.500,BUFF,100.000,-0.000000,1.0000
"('TANK', 'TANK', 'DEFENSIVE_DIS', 'DANGER', 'SAFE', 'NORMAL', 'FASTER', 'MEC_USED', 'CLEAN', 'CLEAN', 'NEUTRAL', 'NEUTRAL', 'SET', 'CLEAR', 'OPENING', 'BANCO_VAZIO')",1,1,4,25.000,HEAL,100.000,-0.000000,1.0000
"('TANK', 'TANK', 'NEUTRAL', 'SAFE', 'SAFE', 'FIELD_SHARED', 'SLOWER', 'MEC_USED', 'CLEAN', 'CLEAN', 'NEUTRAL', 'NEUTRAL', 'SET', 'CLEAR', 'OPENING', 'BANCO_OFF')",1,1,3,33.333,SWITCH_DEFENSIVE,100.000,-0.000000,1.0000
"('TANK', 'SWEEPER', 'NEUTRAL', 'FULL', 'FULL', 'NORMAL', 'SLOWER', 'MEC_USED', 'CLEAN', 'CLEAN', 'NEUTRAL', 'NEUTRAL', 'CLEAR', 'CLEAR', 'BRAWL', 'BANCO_AMBOS')",1,1,6,16.667,SWITCH_DEFENSIVE,100.000,-0.000000,1.0000
"('TANK', 'TANK', 'NEUTRAL', 'CRIT', 'FULL', 'NORMAL', 'FASTER', 'MEC_USED', 'CLEAN', 'CLEAN', 'BUFFED', 'NEUTRAL', 'CLEAR', 'CLEAR', 'OPENING', 'BANCO_OFF')",1,1,4,25.000,BUFF,100.000,-0.000000,1.0000
"('TANK', 'TANK', 'NEUTRAL', 'CRIT', 'SAFE', 'NORMAL', 'FASTER', 'MEC_USED', 'CLEAN', 'CLEAN', 'BUFFED', 'NEUTRAL', 'CLEAR', 'CLEAR', 'OPENING', 'BANCO_OFF')",1,1,4,25.000,SWITCH_DEFENSIVE,100.000,-0.000000,1.0000
"('TANK', 'SWEEPER', 'NEUTRAL', 'SAFE', 'SAFE', 'NORMAL', 'SLOWER', 'MEC_USED', 'CLEAN', 'CLEAN', 'NEUTRAL', 'NEUTRAL', 'CLEAR', 'SET', 'OPENING', 'BANCO_OFF')",1,1,5,20.000,HAZARD,100.000,-0.000000,1.0000
"('TANK', 'TANK', 'DEFENSIVE_DIS', 'CRIT', 'SAFE', 'NORMAL', 'SLOWER', 'MEC_USED', 'CLEAN', 'CLEAN', 'NEUTRAL', 'NEUTRAL', 'CLEAR', 'SET', 'RECOVERING', 'BANCO_VAZIO')",1,1,4,25.000,CLEAN_HAZARD,100.000,-0.000000,1.0000
"('TANK', 'TANK', 'OFFENSIVE_ADV', 'SAFE', 'FULL', 'FIELD_THEIRS', 'FASTER', 'MEC_USED', 'CLEAN', 'CLEAN', 'NEUTRAL', 'NEUTRAL', 'SET', 'CLEAR', 'BRAWL', 'BANCO_OFF')",1,1,5,20.000,STATUS,100.000,-0.000000,1.0000
"('SWEEPER', 'TANK', 'VOLATILE', 'FULL', 'FULL', 'NORMAL', 'FASTER', 'MEC_USED', 'CLEAN', 'CLEAN', 'NEUTRAL', 'DEBUFF', 'CLEAR', 'CLEAR', 'OPENING', 'BANCO_OFF')",1,1,5,20.000,SWITCH_OFFENSIVE,100.000,-0.000000,1.0000
"('TANK', 'TANK', 'STALEMATE', 'FULL', 'FULL', 'FIELD_THEIRS', 'SLOWER', 'MEC_USED', 'CLEAN', 'CLEAN', 'NEUTRAL', 'NEUTRAL', 'CLEAR', 'CLEAR', 'OPENING', 'BANCO_OFF')",1,1,6,16.667,SWITCH_OFFENSIVE,100.000,-0.000000,1.0000
"('TANK', 'TANK', 'DEFENSIVE_DIS', 'DANGER', 'CRIT', 'NORMAL', 'SLOWER', 'MEC_USED', 'CLEAN', 'CLEAN', 'NEUTRAL', 'NEUTRAL', 'CLEAR', 'CLEAR', 'OPENING', 'BANCO_OFF')",1,1,6,16.667,HEAL,100.000,-0.000000,1.0000
"('UTILITY', 'TANK', 'OFFENSIVE_ADV', 'FULL', 'FULL', 'NORMAL', 'FASTER', 'MEC_USED', 'CLEAN', 'CLEAN', 'NEUTRAL', 'NEUTRAL', 'SET', 'CLEAR', 'OPENING', 'BANCO_AMBOS')",1,1,4,25.000,SWITCH_DEFENSIVE,100.000,-0.000000,1.0000
"('TANK', 'SWEEPER', 'NEUTRAL', 'SAFE', 'FULL', 'NORMAL', 'SLOWER', 'MEC_USED', 'CLEAN', 'CLEAN', 'NEUTRAL', 'NEUTRAL', 'SET', 'CLEAR', 'RECOVERING', 'BANCO_VAZIO')",1,1,5,20.000,ATTACK_PIVOT,100.000,-0.000000,1.0000
"('TANK', 'TANK', 'NEUTRAL', 'SAFE', 'FULL', 'NORMAL', 'FASTER', 'MEC_USED', 'CLEAN', 'CLEAN', 'NEUTRAL', 'NEUTRAL', 'SET', 'CLEAR', 'CLUTCH', 'BANCO_VAZIO')",1,1,4,25.000,SWITCH_OFFENSIVE,100.000,-0.000000,1.0000
"('TANK', 'TANK', 'OFFENSIVE_DIS', 'FULL', 'SAFE', 'NORMAL', 'SLOWER', 'MEC_USED', 'CLEAN', 'CLEAN', 'NEUTRAL', 'NEUTRAL', 'CLEAR', 'CLEAR', 'OPENING', 'BANCO_AMBOS')",1,1,6,16.667,ATTACK_TECH,100.000,-0.000000,1.0000
"('TANK', 'TANK', 'NEUTRAL', 'CRIT', 'CRIT', 'NORMAL', 'SLOWER', 'MEC_USED', 'CLEAN', 'CLEAN', 'NEUTRAL', 'NEUTRAL', 'CLEAR', 'CLEAR', 'OPENING', 'BANCO_OFF')",1,1,6,16.667,STAT_CLEAN,100.000,-0.000000,1.0000
"('TANK', 'TANK', 'NEUTRAL', 'DANGER', 'DANGER', 'NORMAL', 'FASTER', 'MEC_USED', 'CLEAN', 'CLEAN', 'NEUTRAL', 'NEUTRAL', 'SET', 'SET', 'BRAWL', 'BANCO_VAZIO')",1,1,5,20.000,ATTACK_STRONG,100.000,-0.000000,1.0000
"('TANK', 'TANK', 'NEUTRAL', 'FULL', 'SAFE', 'FIELD_OURS_OFF', 'FASTER', 'MEC_AVAIL', 'CLEAN', 'CLEAN', 'NEUTRAL', 'NEUTRAL', 'CLEAR', 'CLEAR', 'OPENING', 'BANCO_OFF')",1,1,6,16.667,STATUS_MEC,100.000,-0.000000,1.0000
"('TANK', 'TANK', 'DOMINANT', 'SAFE', 'FULL', 'NORMAL', 'SLOWER', 'MEC_USED', 'CLEAN', 'CLEAN', 'NEUTRAL', 'NEUTRAL', 'CLEAR', 'CLEAR', 'BRAWL', 'BANCO_OFF')",1,1,6,16.667,HEAL,100.000,-0.000000,1.0000
"('TANK', 'TANK', 'NEUTRAL', 'FULL', 'FULL', 'FIELD_THEIRS', 'SLOWER', 'MEC_USED', 'CLEAN', 'CLEAN', 'NEUTRAL', 'NEUTRAL', 'CLEAR', 'CLEAR', 'RECOVERING', 'BANCO_VAZIO')",1,1,6,16.667,SWITCH_OFFENSIVE,100.000,-0.000000,1.0000
"('TANK', 'TANK', 'DEFENSIVE_DIS', 'CRIT', 'FULL', 'NORMAL', 'FASTER', 'MEC_USED', 'CLEAN', 'CLEAN', 'NEUTRAL', 'NEUTRAL', 'CLEAR', 'SET', 'RECOVERING', 'BANCO_VAZIO')",1,1,5,20.000,HAZARD,100.000,-0.000000,1.0000
"('UTILITY', 'TANK', 'DOMINANT', 'FULL', 'FULL', 'FIELD_OURS_OFF', 'FASTER', 'MEC_AVAIL', 'CLEAN', 'CLEAN', 'NEUTRAL', 'NEUTRAL', 'CLEAR', 'CLEAR', 'OPENING', 'BANCO_AMBOS')",1,1,6,16.667,HAZARD,100.000,-0.000000,1.0000
"('TANK', 'TANK', 'DEFENSIVE_DIS', 'FULL', 'FULL', 'NORMAL', 'SLOWER', 'MEC_USED', 'CLEAN', 'CLEAN', 'BUFFED', 'NEUTRAL', 'CLEAR', 'CLEAR', 'OPENING', 'BANCO_OFF')",1,1,6,16.667,CLEAN_HAZARD,100.000,-0.000000,1.0000
"('SWEEPER', 'SWEEPER', 'VOLATILE', 'FULL', 'FULL', 'NORMAL', 'FASTER', 'MEC_USED', 'CLEAN', 'CLEAN', 'NEUTRAL', 'DEBUFF', 'CLEAR', 'CLEAR', 'OPENING', 'BANCO_OFF')",1,1,5,20.000,ATTACK_STRONG,100.000,-0.000000,1.0000
"('TANK', 'TANK', 'NEUTRAL', 'FULL', 'FULL', 'NORMAL', 'SLOWER', 'MEC_USED', 'CLEAN', 'AFFLICTED', 'NEUTRAL', 'NEUTRAL', 'SET', 'SET', 'OPENING', 'BANCO_OFF')",1,1,6,16.667,ATTACK_STRONG,100.000,-0.000000,1.0000
"('TANK', 'SWEEPER', 'NEUTRAL', 'FULL', 'FULL', 'FIELD_THEIRS', 'FASTER', 'MEC_AVAIL', 'CLEAN', 'CLEAN', 'NEUTRAL', 'NEUTRAL', 'CLEAR', 'CLEAR', 'OPENING', 'BANCO_VAZIO')",1,1,8,12.500,BUFF,100.000,-0.000000,1.0000
"('TANK', 'TANK', 'DEFENSIVE_DIS', 'SAFE', 'DANGER', 'NORMAL', 'SLOWER', 'MEC_USED', 'CLEAN', 'CLEAN', 'NEUTRAL', 'NEUTRAL', 'SET', 'SET', 'RECOVERING', 'BANCO_VAZIO')",1,1,1,100.000,ATTACK_STRONG,100.000,-0.000000,1.0000
"('SWEEPER', 'SWEEPER', 'DEFENSIVE_DIS', 'FULL', 'FULL', 'NORMAL', 'FASTER', 'MEC_USED', 'CLEAN', 'CLEAN', 'DEBUFF', 'NEUTRAL', 'CLEAR', 'CLEAR', 'OPENING', 'BANCO_VAZIO')",1,1,5,20.000,SWITCH_DEFENSIVE,100.000,-0.000000,1.0000
"('TANK', 'TANK', 'NEUTRAL', 'CRIT', 'SAFE', 'NORMAL', 'SLOWER', 'MEC_USED', 'CLEAN', 'CLEAN', 'NEUTRAL', 'NEUTRAL', 'SET', 'SET', 'BRAWL', 'BANCO_OFF')",1,1,6,16.667,CLEAN_HAZARD,100.000,-0.000000,1.0000
"('TANK', 'TANK', 'OFFENSIVE_ADV', 'SAFE', 'FULL', 'NORMAL', 'FASTER', 'MEC_USED', 'CLEAN', 'CLEAN', 'NEUTRAL', 'NEUTRAL', 'CLEAR', 'CLEAR', 'OPENING', 'BANCO_DEF')",1,1,4,25.000,SWITCH_OFFENSIVE,100.000,-0.000000,1.0000
"('TANK', 'TANK', 'NEUTRAL', 'FULL', 'FULL', 'NORMAL', 'FASTER', 'MEC_AVAIL', 'CLEAN', 'CLEAN', 'NEUTRAL', 'NEUTRAL', 'CLEAR', 'SET', 'OPENING', 'BANCO_AMBOS')",1,1,6,16.667,BUFF,100.000,-0.000000,1.0000
"('TANK', 'TANK', 'DEFENSIVE_ADV', 'FULL', 'FULL', 'NORMAL', 'SLOWER', 'MEC_USED', 'CLEAN', 'CLEAN', 'NEUTRAL', 'NEUTRAL', 'CLEAR', 'SET', 'OPENING', 'BANCO_VAZIO')",1,1,5,20.000,HAZARD,100.000,-0.000000,1.0000
"('TANK', 'SWEEPER', 'NEUTRAL', 'DANGER', 'FULL', 'NORMAL', 'SLOWER', 'MEC_USED', 'CLEAN', 'CLEAN', 'NEUTRAL', 'NEUTRAL', 'CLEAR', 'CLEAR', 'RECOVERING', 'BANCO_VAZIO')",1,1,6,16.667,CLEAN_HAZARD,100.000,-0.000000,1.0000
"('TANK', 'TANK', 'NEUTRAL', 'FULL', 'FULL', 'NORMAL', 'FASTER', 'MEC_AVAIL', 'CLEAN', 'CLEAN', 'BUFFED', 'NEUTRAL', 'SET', 'CLEAR', 'OPENING', 'BANCO_AMBOS')",1,1,6,16.667,BUFF_MEC,100.000,-0.000000,1.0000
"('TANK', 'TANK', 'OFFENSIVE_DIS', 'DANGER', 'SAFE', 'NORMAL', 'SLOWER', 'MEC_USED', 'CLEAN', 'CLEAN', 'NEUTRAL', 'NEUTRAL', 'SET', 'CLEAR', 'OPENING', 'BANCO_OFF')",1,1,6,16.667,ATTACK_STRONG,100.000,-0.000000,1.0000
"('TANK', 'SWEEPER', 'DEFENSIVE_DIS', 'DANGER', 'DANGER', 'NORMAL', 'SLOWER', 'MEC_USED', 'CLEAN', 'CLEAN', 'NEUTRAL', 'NEUTRAL', 'CLEAR', 'CLEAR', 'RECOVERING', 'BANCO_VAZIO')",1,1,1,100.000,ATTACK_STRONG,100.000,-0.000000,1.0000
"('TANK', 'TANK', 'NEUTRAL', 'CRIT', 'FULL', 'NORMAL', 'FASTER', 'MEC_USED', 'CLEAN', 'CLEAN', 'NEUTRAL', 'NEUTRAL', 'CLEAR', 'SET', 'OPENING', 'BANCO_OFF')",1,1,6,16.667,CLEAN_HAZARD,100.000,-0.000000,1.0000
"('TANK', 'TANK', 'DEFENSIVE_DIS', 'SAFE', 'SAFE', 'NORMAL', 'SLOWER', 'MEC_USED', 'CLEAN', 'CLEAN', 'NEUTRAL', 'NEUTRAL', 'SET', 'SET', 'BRAWL', 'BANCO_OFF')",1,1,4,25.000,ATTACK_PIVOT,100.000,-0.000000,1.0000
"('TANK', 'TANK', 'DEFENSIVE_DIS', 'SAFE', 'SAFE', 'NORMAL', 'FASTER', 'MEC_AVAIL', 'CLEAN', 'CLEAN', 'NEUTRAL', 'NEUTRAL', 'CLEAR', 'CLEAR', 'OPENING', 'BANCO_OFF')",1,1,8,12.500,SWITCH_DEFENSIVE,100.000,-0.000000,1.0000
"('SWEEPER', 'TANK', 'DEFENSIVE_ADV', 'SAFE', 'FULL', 'NORMAL', 'FASTER', 'MEC_USED', 'CLEAN', 'CLEAN', 'NEUTRAL', 'NEUTRAL', 'CLEAR', 'CLEAR', 'OPENING', 'BANCO_AMBOS')",1,1,5,20.000,CLEAN_HAZARD,100.000,-0.000000,1.0000
"('UTILITY', 'TANK', 'DEFENSIVE_DIS', 'FULL', 'FULL', 'NORMAL', 'FASTER', 'MEC_USED', 'CLEAN', 'CLEAN', 'NEUTRAL', 'NEUTRAL', 'CLEAR', 'CLEAR', 'BRAWL', 'BANCO_OFF')",1,1,5,20.000,CLEAN_HAZARD,100.000,-0.000000,1.0000
"('TANK', 'SWEEPER', 'OFFENSIVE_DIS', 'SAFE', 'SAFE', 'FIELD_SHARED', 'SLOWER', 'MEC_USED', 'CLEAN', 'CLEAN', 'NEUTRAL', 'NEUTRAL', 'CLEAR', 'CLEAR', 'OPENING', 'BANCO_OFF')",1,1,6,16.667,STAT_CLEAN,100.000,-0.000000,1.0000
"('TANK', 'TANK', 'DOMINANT', 'SAFE', 'SAFE', 'FIELD_THEIRS', 'FASTER', 'MEC_AVAIL', 'CLEAN', 'CLEAN', 'NEUTRAL', 'DEBUFF', 'CLEAR', 'CLEAR', 'OPENING', 'BANCO_OFF')",1,1,6,16.667,BUFF,100.000,-0.000000,1.0000
"('TANK', 'TANK', 'OFFENSIVE_ADV', 'SAFE', 'FULL', 'FIELD_SHARED', 'FASTER', 'MEC_USED', 'CLEAN', 'CLEAN', 'NEUTRAL', 'NEUTRAL', 'SET', 'CLEAR', 'OPENING', 'BANCO_AMBOS')",1,1,5,20.000,HEAL,100.000,-0.000000,1.0000
"('TANK', 'SWEEPER', 'DEFENSIVE_DIS', 'SAFE', 'DANGER', 'NORMAL', 'SLOWER', 'MEC_USED', 'CLEAN', 'CLEAN', 'DEBUFF', 'NEUTRAL', 'CLEAR', 'CLEAR', 'OPENING', 'BANCO_OFF')",1,1,6,16.667,ATTACK_TECH,100.000,-0.000000,1.0000
"('TANK', 'TANK', 'NEUTRAL', 'SAFE', 'FULL', 'NORMAL', 'FASTER', 'MEC_USED', 'CLEAN', 'CLEAN', 'NEUTRAL', 'NEUTRAL', 'CLEAR', 'CLEAR', 'BRAWL', 'BANCO_DEF')",1,1,3,33.333,ATTACK_STRONG,100.000,-0.000000,1.0000
"('TANK', 'TANK', 'DOMINANT', 'SAFE', 'SAFE', 'NORMAL', 'FASTER', 'MEC_USED', 'CLEAN', 'CLEAN', 'NEUTRAL', 'NEUTRAL', 'CLEAR', 'CLEAR', 'OPENING', 'BANCO_VAZIO')",1,1,4,25.000,ATTACK_PIVOT,100.000,-0.000000,1.0000
"('TANK', 'TANK', 'OFFENSIVE_ADV', 'FULL', 'FULL', 'NORMAL', 'FASTER', 'MEC_USED', 'CLEAN', 'CLEAN', 'NEUTRAL', 'DEBUFF', 'SET', 'CLEAR', 'OPENING', 'BANCO_OFF')",1,1,5,20.000,DISRUPTION,100.000,-0.000000,1.0000
"('SWEEPER', 'TANK', 'OFFENSIVE_ADV', 'FULL', 'FULL', 'NORMAL', 'FASTER', 'MEC_USED', 'CLEAN', 'CLEAN', 'NEUTRAL', 'NEUTRAL', 'SET', 'CLEAR', 'BRAWL', 'BANCO_OFF')",1,1,4,25.000,HAZARD,100.000,-0.000000,1.0000
"('TANK', 'TANK', 'OFFENSIVE_ADV', 'SAFE', 'FULL', 'NORMAL', 'FASTER', 'MEC_AVAIL', 'CLEAN', 'CLEAN', 'NEUTRAL', 'NEUTRAL', 'SET', 'CLEAR', 'OPENING', 'BANCO_AMBOS')",1,1,6,16.667,STATUS,100.000,-0.000000,1.0000
"('TANK', 'UTILITY', 'NEUTRAL', 'DANGER', 'FULL', 'FIELD_SHARED', 'SLOWER', 'MEC_USED', 'CLEAN', 'CLEAN', 'NEUTRAL', 'NEUTRAL', 'CLEAR', 'CLEAR', 'OPENING', 'BANCO_OFF')",1,1,6,16.667,CLEAN_HAZARD,100.000,-0.000000,1.0000
"('TANK', 'UTILITY', 'NEUTRAL', 'FULL', 'SAFE', 'NORMAL', 'SLOWER', 'MEC_USED', 'CLEAN', 'CLEAN', 'NEUTRAL', 'NEUTRAL', 'CLEAR', 'CLEAR', 'BRAWL', 'BANCO_OFF')",1,1,3,33.333,SWITCH_DEFENSIVE,100.000,-0.000000,1.0000
"('SWEEPER', 'TANK', 'NEUTRAL', 'SAFE', 'FULL', 'FIELD_OURS_OFF', 'FASTER', 'MEC_USED', 'CLEAN', 'CLEAN', 'NEUTRAL', 'NEUTRAL', 'CLEAR', 'CLEAR', 'OPENING', 'BANCO_VAZIO')",1,1,3,33.333,SWITCH_DEFENSIVE,100.000,-0.000000,1.0000
"('TANK', 'TANK', 'DEFENSIVE_DIS', 'FULL', 'FULL', 'NORMAL', 'FASTER', 'MEC_USED', 'CLEAN', 'CLEAN', 'NEUTRAL', 'NEUTRAL', 'SET', 'CLEAR', 'RECOVERING', 'BANCO_VAZIO')",1,1,6,16.667,PROTECT,100.000,-0.000000,1.0000
"('TANK', 'TANK', 'NEUTRAL', 'SAFE', 'FULL', 'NORMAL', 'FASTER', 'MEC_USED', 'AFFLICTED', 'CLEAN', 'NEUTRAL', 'NEUTRAL', 'CLEAR', 'CLEAR', 'CLUTCH', 'BANCO_OFF')",1,1,6,16.667,STATUS,100.000,-0.000000,1.0000
"('TANK', 'TANK', 'NEUTRAL', 'FULL', 'FULL', 'NORMAL', 'SLOWER', 'MEC_USED', 'CLEAN', 'CLEAN', 'NEUTRAL', 'NEUTRAL', 'CLEAR', 'CLEAR', 'DOMINATING', 'BANCO_AMBOS')",1,1,6,16.667,HEAL,100.000,-0.000000,1.0000
"('TANK', 'TANK', 'DEFENSIVE_DIS', 'SAFE', 'SAFE', 'FIELD_OURS_OFF', 'FASTER', 'MEC_USED', 'CLEAN', 'CLEAN', 'NEUTRAL', 'NEUTRAL', 'CLEAR', 'CLEAR', 'OPENING', 'BANCO_AMBOS')",1,1,3,33.333,ATTACK_TECH,100.000,-0.000000,1.0000
"('TANK', 'TANK', 'NEUTRAL', 'SAFE', 'FULL', 'NORMAL', 'SLOWER', 'MEC_USED', 'CLEAN', 'CLEAN', 'NEUTRAL', 'NEUTRAL', 'CLEAR', 'CLEAR', 'BRAWL', 'BANCO_DEF')",1,1,3,33.333,ATTACK_STRONG,100.000,-0.000000,1.0000
"('TANK', 'TANK', 'NEUTRAL', 'FULL', 'FULL', 'FIELD_SHARED', 'SLOWER', 'MEC_USED', 'CLEAN', 'CLEAN', 'NEUTRAL', 'NEUTRAL', 'CLEAR', 'CLEAR', 'OPENING', 'BANCO_DEF')",1,1,6,16.667,HEAL,100.000,-0.000000,1.0000
"('TANK', 'TANK', 'CRITICAL_DIS', 'CRIT', 'FULL', 'NORMAL', 'FASTER', 'MEC_USED', 'CLEAN', 'CLEAN', 'NEUTRAL', 'NEUTRAL', 'CLEAR', 'CLEAR', 'RECOVERING', 'BANCO_VAZIO')",1,1,6,16.667,ATTACK_PIVOT,100.000,-0.000000,1.0000
"('TANK', 'TANK', 'NEUTRAL', 'DANGER', 'FULL', 'FIELD_OURS_OFF', 'FASTER', 'MEC_USED', 'CLEAN', 'CLEAN', 'NEUTRAL', 'NEUTRAL', 'CLEAR', 'CLEAR', 'OPENING', 'BANCO_AMBOS')",1,1,6,16.667,ATTACK_TECH,100.000,-0.000000,1.0000
"('TANK', 'TANK', 'OFFENSIVE_ADV', 'FULL', 'FULL', 'NORMAL', 'FASTER', 'MEC_AVAIL', 'CLEAN', 'CLEAN', 'NEUTRAL', 'NEUTRAL', 'SET', 'CLEAR', 'BRAWL', 'BANCO_OFF')",1,1,10,10.000,ATTACK_TECH_MEC,100.000,-0.000000,1.0000
"('TANK', 'TANK', 'DOMINANT', 'FULL', 'SAFE', 'FIELD_SHARED', 'FASTER', 'MEC_USED', 'CLEAN', 'CLEAN', 'NEUTRAL', 'NEUTRAL', 'CLEAR', 'CLEAR', 'OPENING', 'BANCO_VAZIO')",1,1,4,25.000,ATTACK_STRONG,100.000,-0.000000,1.0000
"('TANK', 'TANK', 'NEUTRAL', 'FULL', 'FULL', 'FIELD_SHARED', 'FASTER', 'MEC_USED', 'AFFLICTED', 'CLEAN', 'NEUTRAL', 'NEUTRAL', 'SET', 'CLEAR', 'OPENING', 'BANCO_OFF')",1,1,6,16.667,HAZARD,100.000,-0.000000,1.0000
"('TANK', 'TANK', 'OFFENSIVE_ADV', 'DANGER', 'FULL', 'NORMAL', 'FASTER', 'MEC_USED', 'CLEAN', 'CLEAN', 'NEUTRAL', 'NEUTRAL', 'CLEAR', 'CLEAR', 'DOMINATING', 'BANCO_OFF')",1,1,6,16.667,SWITCH_DEFENSIVE,100.000,-0.000000,1.0000
"('SWEEPER', 'UTILITY', 'NEUTRAL', 'FULL', 'FULL', 'NORMAL', 'FASTER', 'MEC_USED', 'CLEAN', 'CLEAN', 'NEUTRAL', 'NEUTRAL', 'CLEAR', 'CLEAR', 'OPENING', 'BANCO_OFF')",1,1,5,20.000,SWITCH_OFFENSIVE,100.000,-0.000000,1.0000
"('SWEEPER', 'SWEEPER', 'VOLATILE', 'FULL', 'FULL', 'FIELD_OURS_OFF', 'FASTER', 'MEC_USED', 'CLEAN', 'CLEAN', 'NEUTRAL', 'NEUTRAL', 'CLEAR', 'CLEAR', 'OPENING', 'BANCO_OFF')",1,1,4,25.000,FIELD_CONTROL,100.000,-0.000000,1.0000
"('TANK', 'TANK', 'CRITICAL_DIS', 'DANGER', 'SAFE', 'NORMAL', 'SLOWER', 'MEC_USED', 'CLEAN', 'CLEAN', 'NEUTRAL', 'NEUTRAL', 'CLEAR', 'CLEAR', 'RECOVERING', 'BANCO_VAZIO')",1,1,4,25.000,CLEAN_HAZARD,100.000,-0.000000,1.0000
"('TANK', 'TANK', 'DEFENSIVE_DIS', 'SAFE', 'FULL', 'NORMAL', 'SLOWER', 'MEC_AVAIL', 'CLEAN', 'CLEAN', 'NEUTRAL', 'NEUTRAL', 'CLEAR', 'CLEAR', 'OPENING', 'BANCO_OFF')",1,1,8,12.500,SWITCH_OFFENSIVE,100.000,-0.000000,1.0000
"('TANK', 'TANK', 'NEUTRAL', 'CRIT', 'SAFE', 'NORMAL', 'SLOWER', 'MEC_USED', 'CLEAN', 'CLEAN', 'NEUTRAL', 'NEUTRAL', 'SET', 'CLEAR', 'RECOVERING', 'BANCO_VAZIO')",1,1,4,25.000,STAT_CLEAN,100.000,-0.000000,1.0000
"('TANK', 'TANK', 'OFFENSIVE_ADV', 'DANGER', 'FULL', 'NORMAL', 'FASTER', 'MEC_USED', 'CLEAN', 'CLEAN', 'NEUTRAL', 'NEUTRAL', 'CLEAR', 'CLEAR', 'BRAWL', 'BANCO_AMBOS')",1,1,3,33.333,SWITCH_DEFENSIVE,100.000,-0.000000,1.0000
"('TANK', 'SWEEPER', 'DEFENSIVE_DIS', 'CRIT', 'SAFE', 'NORMAL', 'SLOWER', 'MEC_USED', 'CLEAN', 'CLEAN', 'NEUTRAL', 'NEUTRAL', 'CLEAR', 'CLEAR', 'RECOVERING', 'BANCO_VAZIO')",1,1,4,25.000,STATUS,100.000,-0.000000,1.0000
"('TANK', 'TANK', 'NEUTRAL', 'FULL', 'FULL', 'NORMAL', 'SLOWER', 'MEC_USED', 'CLEAN', 'CLEAN', 'NEUTRAL', 'NEUTRAL', 'SET', 'SET', 'DOMINATING', 'BANCO_VAZIO')",1,1,6,16.667,SWITCH_DEFENSIVE,100.000,-0.000000,1.0000
"('TANK', 'TANK', 'OFFENSIVE_DIS', 'DANGER', 'FULL', 'NORMAL', 'SLOWER', 'MEC_USED', 'CLEAN', 'CLEAN', 'NEUTRAL', 'NEUTRAL', 'SET', 'SET', 'RECOVERING', 'BANCO_VAZIO')",1,1,4,25.000,STAT_CLEAN,100.000,-0.000000,1.0000
"('TANK', 'TANK', 'DEFENSIVE_DIS', 'DANGER', 'FULL', 'FIELD_OURS_DEF', 'FASTER', 'MEC_USED', 'CLEAN', 'CLEAN', 'NEUTRAL', 'NEUTRAL', 'CLEAR', 'CLEAR', 'OPENING', 'BANCO_OFF')",1,1,6,16.667,SWITCH_DEFENSIVE,100.000,-0.000000,1.0000
"('TANK', 'TANK', 'DEFENSIVE_DIS', 'SAFE', 'FULL', 'NORMAL', 'SLOWER', 'MEC_USED', 'CLEAN', 'AFFLICTED', 'NEUTRAL', 'NEUTRAL', 'SET', 'CLEAR', 'RECOVERING', 'BANCO_VAZIO')",1,1,3,33.333,BUFF,100.000,-0.000000,1.0000
"('SWEEPER', 'TANK', 'VOLATILE', 'FULL', 'FULL', 'FIELD_SHARED', 'FASTER', 'MEC_USED', 'CLEAN', 'CLEAN', 'NEUTRAL', 'NEUTRAL', 'CLEAR', 'CLEAR', 'OPENING', 'BANCO_AMBOS')",1,1,3,33.333,SWITCH_DEFENSIVE,100.000,-0.000000,1.0000
"('TANK', 'TANK', 'OFFENSIVE_ADV', 'SAFE', 'FULL', 'FIELD_SHARED', 'SLOWER', 'MEC_USED', 'CLEAN', 'CLEAN', 'NEUTRAL', 'NEUTRAL', 'CLEAR', 'CLEAR', 'OPENING', 'BANCO_VAZIO')",1,1,4,25.000,ATTACK_TECH,100.000,-0.000000,1.0000
"('TANK', 'TANK', 'OFFENSIVE_ADV', 'DANGER', 'FULL', 'NORMAL', 'FASTER', 'MEC_USED', 'CLEAN', 'CLEAN', 'NEUTRAL', 'NEUTRAL', 'CLEAR', 'CLEAR', 'OPENING', 'BANCO_VAZIO')",1,1,2,50.000,ATTACK_STRONG,100.000,-0.000000,1.0000
"('TANK', 'TANK', 'OFFENSIVE_ADV', 'CRIT', 'FULL', 'NORMAL', 'SLOWER', 'MEC_USED', 'CLEAN', 'CLEAN', 'NEUTRAL', 'NEUTRAL', 'CLEAR', 'CLEAR', 'BRAWL', 'BANCO_OFF')",1,1,3,33.333,ATTACK_STRONG,100.000,-0.000000,1.0000
"('TANK', 'TANK', 'OFFENSIVE_DIS', 'FULL', 'SAFE', 'NORMAL', 'FASTER', 'MEC_USED', 'CLEAN', 'CLEAN', 'NEUTRAL', 'NEUTRAL', 'CLEAR', 'SET', 'CLUTCH', 'BANCO_VAZIO')",1,1,5,20.000,HAZARD,100.000,-0.000000,1.0000
"('TANK', 'TANK', 'DEFENSIVE_DIS', 'DANGER', 'SAFE', 'NORMAL', 'FASTER', 'MEC_USED', 'CLEAN', 'CLEAN', 'NEUTRAL', 'NEUTRAL', 'CLEAR', 'SET', 'RECOVERING', 'BANCO_VAZIO')",1,1,6,16.667,PROTECT,100.000,-0.000000,1.0000
"('TANK', 'TANK', 'DEFENSIVE_DIS', 'CRIT', 'SAFE', 'NORMAL', 'FASTER', 'MEC_USED', 'CLEAN', 'CLEAN', 'NEUTRAL', 'NEUTRAL', 'CLEAR', 'SET', 'RECOVERING', 'BANCO_VAZIO')",1,1,6,16.667,PROTECT,100.000,-0.000000,1.0000
"('TANK', 'TANK', 'STALEMATE', 'FULL', 'SAFE', 'NORMAL', 'SLOWER', 'MEC_USED', 'AFFLICTED', 'AFFLICTED', 'DEBUFF', 'DEBUFF', 'CLEAR', 'SET', 'RECOVERING', 'BANCO_VAZIO')",1,1,3,33.333,HAZARD,100.000,-0.000000,1.0000
"('TANK', 'TANK', 'VOLATILE', 'FULL', 'FULL', 'NORMAL', 'FASTER', 'MEC_USED', 'CLEAN', 'CLEAN', 'NEUTRAL', 'NEUTRAL', 'SET', 'SET', 'BRAWL', 'BANCO_OFF')",1,1,6,16.667,ATTACK_STRONG,100.000,-0.000000,1.0000
"('SWEEPER', 'TANK', 'OFFENSIVE_ADV', 'SAFE', 'SAFE', 'FIELD_OURS_OFF', 'FASTER', 'MEC_USED', 'CLEAN', 'CLEAN', 'NEUTRAL', 'NEUTRAL', 'CLEAR', 'CLEAR', 'OPENING', 'BANCO_OFF')",1,1,3,33.333,SWITCH_DEFENSIVE,100.000,-0.000000,1.0000
"('TANK', 'SWEEPER', 'DOMINANT', 'SAFE', 'FULL', 'FIELD_SHARED', 'SLOWER', 'MEC_USED', 'CLEAN', 'CLEAN', 'NEUTRAL', 'NEUTRAL', 'CLEAR', 'CLEAR', 'OPENING', 'BANCO_OFF')",1,1,5,20.000,HEAL,100.000,-0.000000,1.0000
"('TANK', 'TANK', 'NEUTRAL', 'SAFE', 'DANGER', 'NORMAL', 'SLOWER', 'MEC_USED', 'CLEAN', 'CLEAN', 'NEUTRAL', 'NEUTRAL', 'CLEAR', 'SET', 'RECOVERING', 'BANCO_VAZIO')",1,1,4,25.000,STATUS,100.000,-0.000000,1.0000
"('SWEEPER', 'TANK', 'NEUTRAL', 'FULL', 'FULL', 'FIELD_OURS_OFF', 'FASTER', 'MEC_USED', 'CLEAN', 'CLEAN', 'NEUTRAL', 'NEUTRAL', 'CLEAR', 'CLEAR', 'OPENING', 'BANCO_VAZIO')",1,1,6,16.667,STATUS,100.000,-0.000000,1.0000
"('TANK', 'TANK', 'STALEMATE', 'FULL', 'FULL', 'NORMAL', 'SLOWER', 'MEC_USED', 'CLEAN', 'CLEAN', 'NEUTRAL', 'NEUTRAL', 'CLEAR', 'CLEAR', 'BRAWL', 'BANCO_VAZIO')",1,1,6,16.667,SWITCH_DEFENSIVE,100.000,-0.000000,1.0000
"('TANK', 'TANK', 'DEFENSIVE_DIS', 'FULL', 'FULL', 'FIELD_THEIRS', 'SLOWER', 'MEC_USED', 'CLEAN', 'CLEAN', 'NEUTRAL', 'NEUTRAL', 'SET', 'CLEAR', 'OPENING', 'BANCO_OFF')",1,1,5,20.000,DISRUPTION,100.000,-0.000000,1.0000
"('TANK', 'TANK', 'DEFENSIVE_ADV', 'FULL', 'FULL', 'FIELD_SHARED', 'SLOWER', 'MEC_USED', 'CLEAN', 'CLEAN', 'NEUTRAL', 'NEUTRAL', 'CLEAR', 'CLEAR', 'OPENING', 'BANCO_DEF')",1,1,6,16.667,HAZARD,100.000,-0.000000,1.0000
"('TANK', 'TANK', 'VOLATILE', 'FULL', 'FULL', 'NORMAL', 'FASTER', 'MEC_AVAIL', 'CLEAN', 'CLEAN', 'BUFFED', 'NEUTRAL', 'CLEAR', 'CLEAR', 'OPENING', 'BANCO_DEF')",1,1,6,16.667,ATTACK_STRONG_MEC,100.000,-0.000000,1.0000
"('TANK', 'SWEEPER', 'NEUTRAL', 'SAFE', 'FULL', 'NORMAL', 'FASTER', 'MEC_USED', 'CLEAN', 'CLEAN', 'NEUTRAL', 'NEUTRAL', 'CLEAR', 'CLEAR', 'OPENING', 'BANCO_OFF')",1,1,3,33.333,SWITCH_DEFENSIVE,100.000,-0.000000,1.0000
"('TANK', 'TANK', 'NEUTRAL', 'FULL', 'FULL', 'FIELD_THEIRS', 'SLOWER', 'MEC_USED', 'CLEAN', 'CLEAN', 'NEUTRAL', 'NEUTRAL', 'CLEAR', 'CLEAR', 'BRAWL', 'BANCO_OFF')",1,1,6,16.667,SWITCH_DEFENSIVE,100.000,-0.000000,1.0000
"('TANK', 'SWEEPER', 'OFFENSIVE_ADV', 'FULL', 'FULL', 'FIELD_OURS_DEF', 'SLOWER', 'MEC_AVAIL', 'CLEAN', 'CLEAN', 'NEUTRAL', 'NEUTRAL', 'CLEAR', 'CLEAR', 'OPENING', 'BANCO_VAZIO')",1,1,4,25.000,ATTACK_STRONG,100.000,-0.000000,1.0000
"('TANK', 'TANK', 'DEFENSIVE_DIS', 'SAFE', 'FULL', 'NORMAL', 'FASTER', 'MEC_USED', 'CLEAN', 'AFFLICTED', 'NEUTRAL', 'NEUTRAL', 'CLEAR', 'CLEAR', 'CLUTCH', 'BANCO_VAZIO')",1,1,5,20.000,ATTACK_PIVOT,100.000,-0.000000,1.0000
"('SWEEPER', 'TANK', 'OFFENSIVE_ADV', 'FULL', 'FULL', 'NORMAL', 'FASTER', 'MEC_USED', 'CLEAN', 'CLEAN', 'NEUTRAL', 'NEUTRAL', 'CLEAR', 'CLEAR', 'BRAWL', 'BANCO_VAZIO')",1,1,3,33.333,ATTACK_STRONG,100.000,-0.000000,1.0000
"('TANK', 'TANK', 'CRITICAL_DIS', 'FULL', 'FULL', 'NORMAL', 'SLOWER', 'MEC_USED', 'CLEAN', 'AFFLICTED', 'NEUTRAL', 'NEUTRAL', 'CLEAR', 'CLEAR', 'RECOVERING', 'BANCO_VAZIO')",1,1,6,16.667,CLEAN_HAZARD,100.000,-0.000000,1.0000
"('TANK', 'TANK', 'CRITICAL_DIS', 'FULL', 'FULL', 'NORMAL', 'SLOWER', 'MEC_USED', 'CLEAN', 'AFFLICTED', 'NEUTRAL', 'NEUTRAL', 'CLEAR', 'SET', 'RECOVERING', 'BANCO_VAZIO')",1,1,3,33.333,HAZARD,100.000,-0.000000,1.0000
"('TANK', 'TANK', 'NEUTRAL', 'FULL', 'FULL', 'NORMAL', 'FASTER', 'MEC_USED', 'CLEAN', 'CLEAN', 'NEUTRAL', 'NEUTRAL', 'SET', 'CLEAR', 'DOMINATING', 'BANCO_AMBOS')",1,1,6,16.667,ATTACK_STRONG,100.000,-0.000000,1.0000
"('TANK', 'TANK', 'NEUTRAL', 'SAFE', 'SAFE', 'FIELD_THEIRS', 'FASTER', 'MEC_USED', 'CLEAN', 'CLEAN', 'NEUTRAL', 'NEUTRAL', 'CLEAR', 'CLEAR', 'OPENING', 'BANCO_AMBOS')",1,1,3,33.333,SWITCH_OFFENSIVE,100.000,-0.000000,1.0000
"('TANK', 'TANK', 'NEUTRAL', 'SAFE', 'CRIT', 'NORMAL', 'SLOWER', 'MEC_USED', 'CLEAN', 'CLEAN', 'NEUTRAL', 'NEUTRAL', 'CLEAR', 'CLEAR', 'BRAWL', 'BANCO_VAZIO')",1,1,5,20.000,ATTACK_STRONG,100.000,-0.000000,1.0000
"('TANK', 'TANK', 'DEFENSIVE_DIS', 'CRIT', 'FULL', 'NORMAL', 'SLOWER', 'MEC_USED', 'CLEAN', 'CLEAN', 'NEUTRAL', 'NEUTRAL', 'CLEAR', 'CLEAR', 'OPENING', 'BANCO_AMBOS')",1,1,6,16.667,HEAL,100.000,-0.000000,1.0000
"('TANK', 'TANK', 'NEUTRAL', 'FULL', 'FULL', 'NORMAL', 'SLOWER', 'MEC_USED', 'CLEAN', 'AFFLICTED', 'NEUTRAL', 'NEUTRAL', 'CLEAR', 'CLEAR', 'OPENING', 'BANCO_VAZIO')",1,1,6,16.667,SWITCH_OFFENSIVE,100.000,-0.000000,1.0000
"('TANK', 'TANK', 'OFFENSIVE_ADV', 'FULL', 'SAFE', 'FIELD_SHARED', 'SLOWER', 'MEC_AVAIL', 'CLEAN', 'CLEAN', 'NEUTRAL', 'NEUTRAL', 'CLEAR', 'CLEAR', 'OPENING', 'BANCO_OFF')",1,1,8,12.500,STATUS,100.000,-0.000000,1.0000
"('TANK', 'TANK', 'DEFENSIVE_DIS', 'FULL', 'FULL', 'NORMAL', 'SLOWER', 'MEC_USED', 'CLEAN', 'CLEAN', 'NEUTRAL', 'NEUTRAL', 'CLEAR', 'CLEAR', 'RECOVERING', 'BANCO_OFF')",1,1,6,16.667,PROTECT,100.000,-0.000000,1.0000
"('TANK', 'TANK', 'OFFENSIVE_DIS', 'FULL', 'SAFE', 'NORMAL', 'FASTER', 'MEC_USED', 'CLEAN', 'CLEAN', 'NEUTRAL', 'NEUTRAL', 'CLEAR', 'SET', 'OPENING', 'BANCO_OFF')",1,1,6,16.667,HAZARD,100.000,-0.000000,1.0000
"('UTILITY', 'TANK', 'DEFENSIVE_DIS', 'FULL', 'FULL', 'FIELD_SHARED', 'FASTER', 'MEC_USED', 'CLEAN', 'CLEAN', 'BUFFED', 'NEUTRAL', 'CLEAR', 'CLEAR', 'OPENING', 'BANCO_AMBOS')",1,1,5,20.000,SWITCH_DEFENSIVE,100.000,-0.000000,1.0000
"('TANK', 'UTILITY', 'OFFENSIVE_ADV', 'FULL', 'FULL', 'NORMAL', 'FASTER', 'MEC_AVAIL', 'CLEAN', 'CLEAN', 'NEUTRAL', 'NEUTRAL', 'CLEAR', 'CLEAR', 'OPENING', 'BANCO_OFF')",1,1,4,25.000,SWITCH_OFFENSIVE,100.000,-0.000000,1.0000
"('TANK', 'SWEEPER', 'DEFENSIVE_DIS', 'FULL', 'SAFE', 'NORMAL', 'SLOWER', 'MEC_USED', 'CLEAN', 'CLEAN', 'NEUTRAL', 'BUFFED', 'CLEAR', 'CLEAR', 'RECOVERING', 'BANCO_VAZIO')",1,1,4,25.000,BUFF,100.000,-0.000000,1.0000
"('TANK', 'SWEEPER', 'DOMINANT', 'FULL', 'SAFE', 'NORMAL', 'SLOWER', 'MEC_USED', 'CLEAN', 'CLEAN', 'NEUTRAL', 'NEUTRAL', 'CLEAR', 'CLEAR', 'OPENING', 'BANCO_AMBOS')",1,1,3,33.333,ATTACK_STRONG,100.000,-0.000000,1.0000
"('TANK', 'UTILITY', 'DEFENSIVE_DIS', 'FULL', 'SAFE', 'NORMAL', 'SLOWER', 'MEC_USED', 'CLEAN', 'CLEAN', 'NEUTRAL', 'NEUTRAL', 'CLEAR', 'CLEAR', 'OPENING', 'BANCO_OFF')",1,1,3,33.333,ATTACK_STRONG,100.000,-0.000000,1.0000
"('TANK', 'TANK', 'OFFENSIVE_DIS', 'SAFE', 'SAFE', 'FIELD_SHARED', 'SLOWER', 'MEC_USED', 'CLEAN', 'CLEAN', 'NEUTRAL', 'NEUTRAL', 'CLEAR', 'CLEAR', 'OPENING', 'BANCO_VAZIO')",1,1,5,20.000,SWITCH_OFFENSIVE,100.000,-0.000000,1.0000
"('TANK', 'TANK', 'NEUTRAL', 'SAFE', 'FULL', 'NORMAL', 'FASTER', 'MEC_USED', 'CLEAN', 'CLEAN', 'NEUTRAL', 'NEUTRAL', 'SET', 'SET', 'BRAWL', 'BANCO_AMBOS')",1,1,5,20.000,HEAL,100.000,-0.000000,1.0000
"('TANK', 'TANK', 'NEUTRAL', 'DANGER', 'DANGER', 'NORMAL', 'SLOWER', 'MEC_USED', 'CLEAN', 'CLEAN', 'NEUTRAL', 'NEUTRAL', 'SET', 'SET', 'CLUTCH', 'BANCO_VAZIO')",1,1,5,20.000,HAZARD,100.000,-0.000000,1.0000
"('TANK', 'SWEEPER', 'VOLATILE', 'FULL', 'FULL', 'FIELD_THEIRS', 'SLOWER', 'MEC_AVAIL', 'CLEAN', 'CLEAN', 'NEUTRAL', 'NEUTRAL', 'CLEAR', 'CLEAR', 'OPENING', 'BANCO_AMBOS')",1,1,6,16.667,SWITCH_DEFENSIVE,100.000,-0.000000,1.0000
"('TANK', 'TANK', 'OFFENSIVE_ADV', 'FULL', 'FULL', 'FIELD_SHARED', 'FASTER', 'MEC_AVAIL', 'CLEAN', 'CLEAN', 'BUFFED', 'NEUTRAL', 'SET', 'CLEAR', 'OPENING', 'BANCO_OFF')",1,1,6,16.667,BUFF_MEC,100.000,-0.000000,1.0000
"('SWEEPER', 'TANK', 'NEUTRAL', 'DANGER', 'SAFE', 'NORMAL', 'FASTER', 'MEC_USED', 'CLEAN', 'CLEAN', 'NEUTRAL', 'NEUTRAL', 'CLEAR', 'CLEAR', 'OPENING', 'BANCO_VAZIO')",1,1,3,33.333,ATTACK_STRONG,100.000,-0.000000,1.0000
"('TANK', 'TANK', 'STALEMATE', 'SAFE', 'SAFE', 'NORMAL', 'SLOWER', 'MEC_USED', 'CLEAN', 'CLEAN', 'NEUTRAL', 'NEUTRAL', 'CLEAR', 'SET', 'RECOVERING', 'BANCO_VAZIO')",1,1,3,33.333,HAZARD,100.000,-0.000000,1.0000
"('TANK', 'TANK', 'NEUTRAL', 'FULL', 'FULL', 'NORMAL', 'FASTER', 'MEC_USED', 'AFFLICTED', 'CLEAN', 'NEUTRAL', 'NEUTRAL', 'SET', 'SET', 'OPENING', 'BANCO_OFF')",1,1,6,16.667,SWITCH_OFFENSIVE,100.000,-0.000000,1.0000
"('SWEEPER', 'TANK', 'NEUTRAL', 'DANGER', 'FULL', 'FIELD_SHARED', 'FASTER', 'MEC_USED', 'CLEAN', 'CLEAN', 'NEUTRAL', 'NEUTRAL', 'CLEAR', 'CLEAR', 'OPENING', 'BANCO_OFF')",1,1,5,20.000,CLEAN_HAZARD,100.000,-0.000000,1.0000
"('TANK', 'TANK', 'NEUTRAL', 'FULL', 'SAFE', 'NORMAL', 'FASTER', 'MEC_USED', 'CLEAN', 'CLEAN', 'NEUTRAL', 'NEUTRAL', 'CLEAR', 'CLEAR', 'BRAWL', 'BANCO_AMBOS')",1,1,6,16.667,ATTACK_STRONG,100.000,-0.000000,1.0000
"('TANK', 'TANK', 'NEUTRAL', 'FULL', 'SAFE', 'NORMAL', 'FASTER', 'MEC_USED', 'CLEAN', 'CLEAN', 'NEUTRAL', 'NEUTRAL', 'SET', 'CLEAR', 'BRAWL', 'BANCO_AMBOS')",1,1,6,16.667,ATTACK_STRONG,100.000,-0.000000,1.0000
"('TANK', 'TANK', 'DOMINANT', 'FULL', 'FULL', 'FIELD_OURS_OFF', 'FASTER', 'MEC_AVAIL', 'CLEAN', 'CLEAN', 'NEUTRAL', 'NEUTRAL', 'SET', 'CLEAR', 'OPENING', 'BANCO_AMBOS')",1,1,8,12.500,BARRIER_MEC,100.000,-0.000000,1.0000
"('TANK', 'TANK', 'NEUTRAL', 'CRIT', 'SAFE', 'NORMAL', 'SLOWER', 'MEC_USED', 'CLEAN', 'CLEAN', 'NEUTRAL', 'NEUTRAL', 'CLEAR', 'CLEAR', 'OPENING', 'BANCO_AMBOS')",1,1,6,16.667,STATUS,100.000,-0.000000,1.0000
"('TANK', 'TANK', 'NEUTRAL', 'SAFE', 'DANGER', 'NORMAL', 'FASTER', 'MEC_USED', 'CLEAN', 'CLEAN', 'NEUTRAL', 'DEBUFF', 'CLEAR', 'CLEAR', 'OPENING', 'BANCO_OFF')",1,1,3,33.333,SWITCH_DEFENSIVE,100.000,-0.000000,1.0000
"('SWEEPER', 'TANK', 'NEUTRAL', 'FULL', 'FULL', 'NORMAL', 'FASTER', 'MEC_USED', 'CLEAN', 'CLEAN', 'NEUTRAL', 'BUFFED', 'CLEAR', 'CLEAR', 'OPENING', 'BANCO_OFF')",1,1,3,33.333,ATTACK_STRONG,100.000,-0.000000,1.0000
"('TANK', 'TANK', 'DEFENSIVE_ADV', 'FULL', 'FULL', 'NORMAL', 'FASTER', 'MEC_AVAIL', 'CLEAN', 'CLEAN', 'NEUTRAL', 'NEUTRAL', 'CLEAR', 'CLEAR', 'OPENING', 'BANCO_DEF')",1,1,6,16.667,HAZARD,100.000,-0.000000,1.0000
"('TANK', 'TANK', 'DEFENSIVE_DIS', 'FULL', 'FULL', 'NORMAL', 'FASTER', 'MEC_AVAIL', 'CLEAN', 'CLEAN', 'NEUTRAL', 'NEUTRAL', 'SET', 'CLEAR', 'OPENING', 'BANCO_OFF')",1,1,8,12.500,BUFF_MEC,100.000,-0.000000,1.0000
"('TANK', 'TANK', 'OFFENSIVE_DIS', 'SAFE', 'FULL', 'NORMAL', 'FASTER', 'MEC_USED', 'AFFLICTED', 'CLEAN', 'NEUTRAL', 'NEUTRAL', 'SET', 'CLEAR', 'OPENING', 'BANCO_OFF')",1,1,5,20.000,SWITCH_DEFENSIVE,100.000,-0.000000,1.0000
"('SWEEPER', 'TANK', 'NEUTRAL', 'FULL', 'SAFE', 'NORMAL', 'FASTER', 'MEC_USED', 'CLEAN', 'CLEAN', 'NEUTRAL', 'DEBUFF', 'SET', 'CLEAR', 'OPENING', 'BANCO_OFF')",1,1,5,20.000,BUFF,100.000,-0.000000,1.0000
"('SWEEPER', 'TANK', 'DOMINANT', 'SAFE', 'SAFE', 'NORMAL', 'FASTER', 'MEC_USED', 'CLEAN', 'CLEAN', 'NEUTRAL', 'NEUTRAL', 'SET', 'CLEAR', 'OPENING', 'BANCO_AMBOS')",1,1,3,33.333,SWITCH_DEFENSIVE,100.000,-0.000000,1.0000
"('TANK', 'SWEEPER', 'DEFENSIVE_ADV', 'FULL', 'FULL', 'FIELD_OURS_OFF', 'FASTER', 'MEC_USED', 'CLEAN', 'CLEAN', 'NEUTRAL', 'NEUTRAL', 'CLEAR', 'CLEAR', 'OPENING', 'BANCO_VAZIO')",1,1,6,16.667,ATTACK_PIVOT,100.000,-0.000000,1.0000
"('UTILITY', 'TANK', 'DEFENSIVE_ADV', 'FULL', 'FULL', 'FIELD_OURS_OFF', 'FASTER', 'MEC_AVAIL', 'CLEAN', 'CLEAN', 'NEUTRAL', 'NEUTRAL', 'CLEAR', 'CLEAR', 'OPENING', 'BANCO_AMBOS')",1,1,8,12.500,ATTACK_STRONG,100.000,-0.000000,1.0000
"('TANK', 'TANK', 'DEFENSIVE_ADV', 'SAFE', 'DANGER', 'FIELD_SHARED', 'SLOWER', 'MEC_USED', 'CLEAN', 'CLEAN', 'NEUTRAL', 'NEUTRAL', 'CLEAR', 'CLEAR', 'OPENING', 'BANCO_OFF')",1,1,6,16.667,ATTACK_PIVOT,100.000,-0.000000,1.0000
"('TANK', 'TANK', 'NEUTRAL', 'DANGER', 'FULL', 'NORMAL', 'FASTER', 'MEC_USED', 'CLEAN', 'CLEAN', 'NEUTRAL', 'NEUTRAL', 'CLEAR', 'SET', 'BRAWL', 'BANCO_OFF')",1,1,5,20.000,ATTACK_STRONG,100.000,-0.000000,1.0000
"('SWEEPER', 'TANK', 'OFFENSIVE_ADV', 'FULL', 'SAFE', 'NORMAL', 'FASTER', 'MEC_USED', 'CLEAN', 'CLEAN', 'NEUTRAL', 'NEUTRAL', 'CLEAR', 'CLEAR', 'BRAWL', 'BANCO_OFF')",1,1,4,25.000,ATTACK_PIVOT,100.000,-0.000000,1.0000
"('TANK', 'TANK', 'DEFENSIVE_DIS', 'SAFE', 'DANGER', 'NORMAL', 'FASTER', 'MEC_USED', 'CLEAN', 'CLEAN', 'NEUTRAL', 'NEUTRAL', 'SET', 'CLEAR', 'OPENING', 'BANCO_OFF')",1,1,5,20.000,ATTACK_STRONG,100.000,-0.000000,1.0000
"('TANK', 'TANK', 'OFFENSIVE_DIS', 'FULL', 'FULL', 'FIELD_THEIRS', 'SLOWER', 'MEC_USED', 'CLEAN', 'CLEAN', 'NEUTRAL', 'NEUTRAL', 'SET', 'CLEAR', 'OPENING', 'BANCO_OFF')",1,1,5,20.000,SWITCH_DEFENSIVE,100.000,-0.000000,1.0000
"('TANK', 'TANK', 'OFFENSIVE_DIS', 'DANGER', 'SAFE', 'NORMAL', 'FASTER', 'MEC_USED', 'CLEAN', 'CLEAN', 'NEUTRAL', 'NEUTRAL', 'CLEAR', 'SET', 'RECOVERING', 'BANCO_VAZIO')",1,1,4,25.000,DISRUPTION,100.000,-0.000000,1.0000
"('SWEEPER', 'TANK', 'DOMINANT', 'SAFE', 'FULL', 'NORMAL', 'FASTER', 'MEC_AVAIL', 'CLEAN', 'CLEAN', 'NEUTRAL', 'NEUTRAL', 'CLEAR', 'CLEAR', 'OPENING', 'BANCO_AMBOS')",1,1,6,16.667,ATTACK_PIVOT,100.000,-0.000000,1.0000
"('TANK', 'UTILITY', 'NEUTRAL', 'DANGER', 'DANGER', 'NORMAL', 'SLOWER', 'MEC_USED', 'CLEAN', 'CLEAN', 'NEUTRAL', 'NEUTRAL', 'CLEAR', 'CLEAR', 'OPENING', 'BANCO_OFF')",1,1,6,16.667,HAZARD,100.000,-0.000000,1.0000
"('TANK', 'SWEEPER', 'DEFENSIVE_DIS', 'FULL', 'FULL', 'FIELD_OURS_DEF', 'SLOWER', 'MEC_USED', 'CLEAN', 'CLEAN', 'DEBUFF', 'NEUTRAL', 'CLEAR', 'CLEAR', 'OPENING', 'BANCO_OFF')",1,1,3,33.333,SWITCH_DEFENSIVE,100.000,-0.000000,1.0000
"('SWEEPER', 'TANK', 'VOLATILE', 'DANGER', 'SAFE', 'FIELD_OURS_OFF', 'FASTER', 'MEC_USED', 'CLEAN', 'CLEAN', 'NEUTRAL', 'NEUTRAL', 'CLEAR', 'CLEAR', 'OPENING', 'BANCO_OFF')",1,1,3,33.333,ATTACK_STRONG,100.000,-0.000000,1.0000
"('TANK', 'TANK', 'DEFENSIVE_DIS', 'FULL', 'FULL', 'NORMAL', 'FASTER', 'MEC_USED', 'CLEAN', 'CLEAN', 'NEUTRAL', 'NEUTRAL', 'SET', 'SET', 'OPENING', 'BANCO_AMBOS')",1,1,4,25.000,ATTACK_PIVOT,100.000,-0.000000,1.0000
"('TANK', 'TANK', 'OFFENSIVE_ADV', 'SAFE', 'FULL', 'NORMAL', 'FASTER', 'MEC_USED', 'AFFLICTED', 'CLEAN', 'NEUTRAL', 'NEUTRAL', 'SET', 'CLEAR', 'BRAWL', 'BANCO_OFF')",1,1,6,16.667,CLEAN_HAZARD,100.000,-0.000000,1.0000
"('SWEEPER', 'UTILITY', 'OFFENSIVE_ADV', 'FULL', 'SAFE', 'NORMAL', 'FASTER', 'MEC_USED', 'CLEAN', 'CLEAN', 'NEUTRAL', 'NEUTRAL', 'CLEAR', 'CLEAR', 'OPENING', 'BANCO_OFF')",1,1,3,33.333,SWITCH_OFFENSIVE,100.000,-0.000000,1.0000
"('TANK', 'TANK', 'OFFENSIVE_ADV', 'FULL', 'FULL', 'FIELD_OURS_OFF', 'FASTER', 'MEC_AVAIL', 'CLEAN', 'CLEAN', 'NEUTRAL', 'NEUTRAL', 'CLEAR', 'CLEAR', 'OPENING', 'BANCO_VAZIO')",1,1,6,16.667,ATTACK_STRONG_MEC,100.000,-0.000000,1.0000
"('TANK', 'TANK', 'OFFENSIVE_ADV', 'CRIT', 'CRIT', 'NORMAL', 'FASTER', 'MEC_USED', 'CLEAN', 'CLEAN', 'NEUTRAL', 'NEUTRAL', 'CLEAR', 'CLEAR', 'OPENING', 'BANCO_OFF')",1,1,5,20.000,STATUS,100.000,-0.000000,1.0000
"('TANK', 'TANK', 'OFFENSIVE_DIS', 'DANGER', 'SAFE', 'FIELD_THEIRS', 'SLOWER', 'MEC_USED', 'CLEAN', 'CLEAN', 'NEUTRAL', 'NEUTRAL', 'CLEAR', 'CLEAR', 'OPENING', 'BANCO_OFF')",1,1,6,16.667,SWITCH_OFFENSIVE,100.000,-0.000000,1.0000
"('TANK', 'TANK', 'NEUTRAL', 'SAFE', 'SAFE', 'NORMAL', 'FASTER', 'MEC_USED', 'CLEAN', 'CLEAN', 'NEUTRAL', 'NEUTRAL', 'SET', 'CLEAR', 'BRAWL', 'BANCO_AMBOS')",1,1,4,25.000,ATTACK_TECH,100.000,-0.000000,1.0000
"('TANK', 'TANK', 'DEFENSIVE_DIS', 'FULL', 'FULL', 'NORMAL', 'FASTER', 'MEC_USED', 'CLEAN', 'CLEAN', 'NEUTRAL', 'NEUTRAL', 'CLEAR', 'SET', 'RECOVERING', 'BANCO_VAZIO')",1,1,1,100.000,ATTACK_STRONG,100.000,-0.000000,1.0000
"('TANK', 'TANK', 'DEFENSIVE_ADV', 'SAFE', 'SAFE', 'NORMAL', 'SLOWER', 'MEC_USED', 'CLEAN', 'CLEAN', 'NEUTRAL', 'NEUTRAL', 'SET', 'SET', 'BRAWL', 'BANCO_VAZIO')",1,1,4,25.000,ATTACK_TECH,100.000,-0.000000,1.0000
"('TANK', 'TANK', 'DOMINANT', 'SAFE', 'SAFE', 'FIELD_THEIRS', 'FASTER', 'MEC_USED', 'CLEAN', 'CLEAN', 'NEUTRAL', 'NEUTRAL', 'CLEAR', 'CLEAR', 'OPENING', 'BANCO_OFF')",1,1,4,25.000,ATTACK_STRONG,100.000,-0.000000,1.0000
"('TANK', 'TANK', 'NEUTRAL', 'FULL', 'FULL', 'NORMAL', 'SLOWER', 'MEC_USED', 'CLEAN', 'CLEAN', 'NEUTRAL', 'NEUTRAL', 'CLEAR', 'SET', 'BRAWL', 'BANCO_AMBOS')",1,1,6,16.667,SWITCH_OFFENSIVE,100.000,-0.000000,1.0000
"('TANK', 'TANK', 'NEUTRAL', 'FULL', 'FULL', 'NORMAL', 'FASTER', 'MEC_USED', 'CLEAN', 'CLEAN', 'DEBUFF', 'NEUTRAL', 'CLEAR', 'CLEAR', 'OPENING', 'BANCO_AMBOS')",1,1,6,16.667,CLEAN_HAZARD,100.000,-0.000000,1.0000
"('TANK', 'UTILITY', 'OFFENSIVE_ADV', 'SAFE', 'FULL', 'NORMAL', 'FASTER', 'MEC_USED', 'CLEAN', 'CLEAN', 'NEUTRAL', 'NEUTRAL', 'CLEAR', 'CLEAR', 'OPENING', 'BANCO_OFF')",1,1,4,25.000,ATTACK_STRONG,100.000,-0.000000,1.0000
"('SWEEPER', 'SWEEPER', 'NEUTRAL', 'FULL', 'FULL', 'FIELD_THEIRS', 'SLOWER', 'MEC_AVAIL', 'CLEAN', 'CLEAN', 'NEUTRAL', 'NEUTRAL', 'CLEAR', 'CLEAR', 'OPENING', 'BANCO_OFF')",1,1,6,16.667,BUFF,100.000,-0.000000,1.0000
"('SWEEPER', 'SWEEPER', 'DEFENSIVE_DIS', 'FULL', 'FULL', 'FIELD_OURS_OFF', 'FASTER', 'MEC_USED', 'CLEAN', 'CLEAN', 'DEBUFF', 'NEUTRAL', 'CLEAR', 'CLEAR', 'OPENING', 'BANCO_OFF')",1,1,4,25.000,SWITCH_DEFENSIVE,100.000,-0.000000,1.0000
"('TANK', 'TANK', 'OFFENSIVE_DIS', 'FULL', 'FULL', 'NORMAL', 'FASTER', 'MEC_USED', 'CLEAN', 'CLEAN', 'NEUTRAL', 'NEUTRAL', 'CLEAR', 'CLEAR', 'RECOVERING', 'BANCO_OFF')",1,1,6,16.667,FIELD_CONTROL,100.000,-0.000000,1.0000
"('TANK', 'TANK', 'DEFENSIVE_DIS', 'DANGER', 'SAFE', 'NORMAL', 'SLOWER', 'MEC_USED', 'CLEAN', 'CLEAN', 'NEUTRAL', 'NEUTRAL', 'CLEAR', 'SET', 'OPENING', 'BANCO_OFF')",1,1,6,16.667,PROTECT,100.000,-0.000000,1.0000
"('TANK', 'TANK', 'OFFENSIVE_DIS', 'SAFE', 'FULL', 'NORMAL', 'FASTER', 'MEC_USED', 'CLEAN', 'CLEAN', 'NEUTRAL', 'NEUTRAL', 'SET', 'SET', 'BRAWL', 'BANCO_OFF')",1,1,6,16.667,ATTACK_STRONG,100.000,-0.000000,1.0000
"('TANK', 'TANK', 'OFFENSIVE_DIS', 'DANGER', 'FULL', 'NORMAL', 'FASTER', 'MEC_USED', 'CLEAN', 'CLEAN', 'NEUTRAL', 'NEUTRAL', 'SET', 'SET', 'BRAWL', 'BANCO_OFF')",1,1,6,16.667,CLEAN_HAZARD,100.000,-0.000000,1.0000
"('TANK', 'TANK', 'NEUTRAL', 'FULL', 'CRIT', 'FIELD_SHARED', 'SLOWER', 'MEC_USED', 'CLEAN', 'CLEAN', 'NEUTRAL', 'NEUTRAL', 'CLEAR', 'CLEAR', 'OPENING', 'BANCO_OFF')",1,1,6,16.667,BUFF,100.000,-0.000000,1.0000
"('TANK', 'TANK', 'STALEMATE', 'SAFE', 'FULL', 'NORMAL', 'SLOWER', 'MEC_USED', 'AFFLICTED', 'CLEAN', 'DEBUFF', 'NEUTRAL', 'CLEAR', 'CLEAR', 'OPENING', 'BANCO_OFF')",1,1,6,16.667,ATTACK_TECH,100.000,-0.000000,1.0000
"('SWEEPER', 'TANK', 'OFFENSIVE_ADV', 'SAFE', 'FULL', 'NORMAL', 'FASTER', 'MEC_USED', 'CLEAN', 'CLEAN', 'NEUTRAL', 'NEUTRAL', 'CLEAR', 'CLEAR', 'CLUTCH', 'BANCO_VAZIO')",1,1,4,25.000,SWITCH_OFFENSIVE,100.000,-0.000000,1.0000
"('TANK', 'TANK', 'NEUTRAL', 'SAFE', 'SAFE', 'NORMAL', 'FASTER', 'MEC_USED', 'AFFLICTED', 'CLEAN', 'DEBUFF', 'NEUTRAL', 'CLEAR', 'CLEAR', 'OPENING', 'BANCO_OFF')",1,1,6,16.667,ATTACK_TECH,100.000,-0.000000,1.0000
"('TANK', 'SWEEPER', 'OFFENSIVE_ADV', 'SAFE', 'SAFE', 'NORMAL', 'SLOWER', 'MEC_USED', 'CLEAN', 'CLEAN', 'NEUTRAL', 'NEUTRAL', 'CLEAR', 'CLEAR', 'OPENING', 'BANCO_VAZIO')",1,1,3,33.333,SWITCH_DEFENSIVE,100.000,-0.000000,1.0000
"('TANK', 'UTILITY', 'OFFENSIVE_ADV', 'DANGER', 'SAFE', 'NORMAL', 'SLOWER', 'MEC_USED', 'CLEAN', 'CLEAN', 'NEUTRAL', 'NEUTRAL', 'CLEAR', 'CLEAR', 'OPENING', 'BANCO_OFF')",1,1,5,20.000,CLEAN_HAZARD,100.000,-0.000000,1.0000
"('TANK', 'TANK', 'NEUTRAL', 'FULL', 'FULL', 'FIELD_OURS_OFF', 'FASTER', 'MEC_USED', 'CLEAN', 'CLEAN', 'NEUTRAL', 'NEUTRAL', 'CLEAR', 'SET', 'OPENING', 'BANCO_OFF')",1,1,5,20.000,STATUS,100.000,-0.000000,1.0000
"('TANK', 'UTILITY', 'OFFENSIVE_ADV', 'FULL', 'FULL', 'FIELD_SHARED', 'SLOWER', 'MEC_USED', 'AFFLICTED', 'CLEAN', 'NEUTRAL', 'NEUTRAL', 'CLEAR', 'CLEAR', 'OPENING', 'BANCO_AMBOS')",1,1,6,16.667,ATTACK_STRONG,100.000,-0.000000,1.0000
