Estado,Decisoes_Medidas,Acoes_Escolhidas,Acoes_Validas_Vistas,Cobertura_Acoes_pct,Acao_Dominante,Dominante_pct,Entropia,Acoes_Efetivas
"('TANK', 'TANK', 'OFFENSIVE_DIS', 'FULL', 'FULL', 'NORMAL', 'SLOWER', 'MEC_USED', 'AFFLICTED', 'AFFLICTED', 'NEUTRAL', 'NEUTRAL', 'CLEAR', 'CLEAR', 'CLUTCH', 'BANCO_VAZIO')",552,8,8,100.000,CLEAN_HAZARD,30.435,1.601387,4.9599
"('TANK', 'TANK', 'OFFENSIVE_ADV', 'FULL', 'FULL', 'FIELD_THEIRS', 'FASTER', 'MEC_USED', 'CLEAN', 'CLEAN', 'NEUTRAL', 'NEUTRAL', 'CLEAR', 'CLEAR', 'OPENING', 'BANCO_OFF')",452,13,13,100.000,HEAL,15.044,2.429830,11.3570
"('TANK', 'TANK', 'OFFENSIVE_ADV', 'FULL', 'FULL', 'NORMAL', 'FASTER', 'MEC_USED', 'CLEAN', 'CLEAN', 'NEUTRAL', 'NEUTRAL', 'CLEAR', 'CLEAR', 'OPENING', 'BANCO_OFF')",415,16,16,100.000,ATTACK_STRONG,11.566,2.524695,12.4871
"('TANK', 'TANK', 'NEUTRAL', 'SAFE', 'FULL', 'NORMAL', 'SLOWER', 'MEC_USED', 'AFFLICTED', 'AFFLICTED', 'DEBUFF', 'DEBUFF', 'SET', 'CLEAR', 'CLUTCH', 'BANCO_VAZIO')",385,7,8,87.500,SWITCH_OFFENSIVE,97.662,0.151466,1.1635
"('TANK', 'TANK', 'OFFENSIVE_ADV', 'FULL', 'FULL', 'FIELD_SHARED', 'FASTER', 'MEC_USED', 'CLEAN', 'CLEAN', 'NEUTRAL', 'NEUTRAL', 'CLEAR', 'CLEAR', 'OPENING', 'BANCO_OFF')",385,13,13,100.000,ATTACK_STRONG,29.870,2.138313,8.4851
"('TANK', 'TANK', 'NEUTRAL', 'FULL', 'FULL', 'NORMAL', 'SLOWER', 'MEC_USED', 'CLEAN', 'CLEAN', 'NEUTRAL', 'NEUTRAL', 'CLEAR', 'CLEAR', 'OPENING', 'BANCO_AMBOS')",331,17,17,100.000,STATUS,14.199,2.587193,13.2924
"('TANK', 'TANK', 'NEUTRAL', 'FULL', 'FULL', 'NORMAL', 'SLOWER', 'MEC_USED', 'CLEAN', 'CLEAN', 'NEUTRAL', 'NEUTRAL', 'CLEAR', 'CLEAR', 'OPENING', 'BANCO_OFF')",323,15,15,100.000,ATTACK_TECH,11.455,2.559192,12.9254
"('TANK', 'TANK', 'OFFENSIVE_ADV', 'FULL', 'FULL', 'NORMAL', 'FASTER', 'MEC_USED', 'CLEAN', 'CLEAN', 'NEUTRAL', 'NEUTRAL', 'CLEAR', 'CLEAR', 'OPENING', 'BANCO_AMBOS')",312,14,14,100.000,SWITCH_OFFENSIVE,14.744,2.529807,12.5511
"('TANK', 'TANK', 'OFFENSIVE_ADV', 'FULL', 'FULL', 'NORMAL', 'SLOWER', 'MEC_USED', 'CLEAN', 'CLEAN', 'NEUTRAL', 'NEUTRAL', 'CLEAR', 'CLEAR', 'OPENING', 'BANCO_OFF')",274,16,16,100.000,HEAL,12.044,2.589398,13.3218
"('TANK', 'TANK', 'OFFENSIVE_DIS', 'FULL', 'FULL', 'NORMAL', 'FASTER', 'MEC_USED', 'AFFLICTED', 'AFFLICTED', 'NEUTRAL', 'NEUTRAL', 'CLEAR', 'CLEAR', 'CLUTCH', 'BANCO_VAZIO')",273,5,5,100.000,HEAL,45.421,1.224957,3.4040
"('TANK', 'TANK', 'NEUTRAL', 'FULL', 'FULL', 'FIELD_SHARED', 'FASTER', 'MEC_USED', 'CLEAN', 'CLEAN', 'NEUTRAL', 'NEUTRAL', 'CLEAR', 'CLEAR', 'OPENING', 'BANCO_OFF')",262,14,14,100.000,ATTACK_STRONG,14.504,2.441083,11.4855
"('TANK', 'TANK', 'OFFENSIVE_ADV', 'FULL', 'FULL', 'FIELD_THEIRS', 'SLOWER', 'MEC_USED', 'CLEAN', 'CLEAN', 'NEUTRAL', 'NEUTRAL', 'CLEAR', 'CLEAR', 'OPENING', 'BANCO_OFF')",260,15,15,100.000,ATTACK_STRONG,15.769,2.571547,13.0860
"('SWEEPER', 'TANK', 'NEUTRAL', 'FULL', 'FULL', 'NORMAL', 'FASTER', 'MEC_USED', 'CLEAN', 'CLEAN', 'NEUTRAL', 'NEUTRAL', 'CLEAR', 'CLEAR', 'OPENING', 'BANCO_AMBOS')",258,10,10,100.000,ATTACK_STRONG,26.357,2.040622,7.6954
"('TANK', 'TANK', 'VOLATILE', 'FULL', 'FULL', 'FIELD_THEIRS', 'FASTER', 'MEC_USED', 'CLEAN', 'CLEAN', 'NEUTRAL', 'NEUTRAL', 'CLEAR', 'CLEAR', 'OPENING', 'BANCO_OFF')",257,14,14,100.000,ATTACK_PIVOT,16.342,2.261062,9.5933
"('TANK', 'TANK', 'NEUTRAL', 'FULL', 'FULL', 'NORMAL', 'FASTER', 'MEC_USED', 'CLEAN', 'CLEAN', 'NEUTRAL', 'NEUTRAL', 'CLEAR', 'CLEAR', 'OPENING', 'BANCO_OFF')",256,17,17,100.000,HEAL,14.844,2.566880,13.0251
"('TANK', 'TANK', 'NEUTRAL', 'FULL', 'FULL', 'NORMAL', 'FASTER', 'MEC_USED', 'CLEAN', 'CLEAN', 'NEUTRAL', 'NEUTRAL', 'CLEAR', 'CLEAR', 'OPENING', 'BANCO_AMBOS')",255,16,17,94.118,PROTECT,14.118,2.621398,13.7549
"('TANK', 'TANK', 'STALEMATE', 'SAFE', 'FULL', 'NORMAL', 'SLOWER', 'MEC_USED', 'AFFLICTED', 'AFFLICTED', 'DEBUFF', 'DEBUFF', 'SET', 'CLEAR', 'CLUTCH', 'BANCO_VAZIO')",245,5,6,83.333,SWITCH_DEFENSIVE,95.102,0.260626,1.2977
"('TANK', 'TANK', 'NEUTRAL', 'FULL', 'FULL', 'FIELD_SHARED', 'FASTER', 'MEC_AVAIL', 'CLEAN', 'CLEAN', 'NEUTRAL', 'NEUTRAL', 'CLEAR', 'CLEAR', 'OPENING', 'BANCO_OFF')",239,21,24,87.500,HAZARD_MEC,36.820,2.147176,8.5606
"('TANK', 'TANK', 'OFFENSIVE_ADV', 'FULL', 'FULL', 'FIELD_SHARED', 'SLOWER', 'MEC_USED', 'CLEAN', 'CLEAN', 'NEUTRAL', 'NEUTRAL', 'CLEAR', 'CLEAR', 'OPENING', 'BANCO_OFF')",237,13,13,100.000,SWITCH_DEFENSIVE,30.802,2.091325,8.0956
"('TANK', 'TANK', 'NEUTRAL', 'FULL', 'FULL', 'FIELD_OURS_OFF', 'FASTER', 'MEC_USED', 'CLEAN', 'CLEAN', 'NEUTRAL', 'NEUTRAL', 'CLEAR', 'CLEAR', 'OPENING', 'BANCO_AMBOS')",233,13,13,100.000,DISRUPTION,15.021,2.407711,11.1085
"('TANK', 'TANK', 'DOMINANT', 'FULL', 'FULL', 'FIELD_THEIRS', 'FASTER', 'MEC_USED', 'CLEAN', 'CLEAN', 'NEUTRAL', 'NEUTRAL', 'CLEAR', 'CLEAR', 'OPENING', 'BANCO_AMBOS')",231,14,14,100.000,ATTACK_STRONG,25.541,2.258459,9.5683
"('TANK', 'TANK', 'CRITICAL_DIS', 'FULL', 'FULL', 'NORMAL', 'FASTER', 'MEC_USED', 'AFFLICTED', 'CLEAN', 'NEUTRAL', 'NEUTRAL', 'SET', 'SET', 'CLUTCH', 'BANCO_VAZIO')",230,6,7,85.714,HAZARD,52.609,1.229154,3.4183
"('TANK', 'TANK', 'OFFENSIVE_ADV', 'FULL', 'FULL', 'FIELD_SHARED', 'FASTER', 'MEC_USED', 'CLEAN', 'CLEAN', 'NEUTRAL', 'NEUTRAL', 'CLEAR', 'CLEAR', 'OPENING', 'BANCO_AMBOS')",230,14,14,100.000,SWITCH_OFFENSIVE,14.783,2.397881,10.9998
"('TANK', 'TANK', 'OFFENSIVE_ADV', 'FULL', 'FULL', 'NORMAL', 'SLOWER', 'MEC_USED', 'CLEAN', 'CLEAN', 'NEUTRAL', 'NEUTRAL', 'CLEAR', 'CLEAR', 'OPENING', 'BANCO_AMBOS')",223,14,14,100.000,SWITCH_OFFENSIVE,17.489,2.386394,10.8742
"('TANK', 'TANK', 'STALEMATE', 'FULL', 'FULL', 'NORMAL', 'SLOWER', 'MEC_USED', 'CLEAN', 'CLEAN', 'NEUTRAL', 'NEUTRAL', 'CLEAR', 'CLEAR', 'OPENING', 'BANCO_AMBOS')",215,13,13,100.000,ATTACK_TECH,46.977,1.621623,5.0613
"('TANK', 'TANK', 'OFFENSIVE_ADV', 'FULL', 'FULL', 'FIELD_OURS_OFF', 'SLOWER', 'MEC_USED', 'CLEAN', 'CLEAN', 'NEUTRAL', 'NEUTRAL', 'CLEAR', 'CLEAR', 'OPENING', 'BANCO_OFF')",213,12,12,100.000,ATTACK_STRONG,13.615,2.318644,10.1619
"('TANK', 'TANK', 'DEFENSIVE_DIS', 'FULL', 'FULL', 'FIELD_THEIRS', 'FASTER', 'MEC_USED', 'CLEAN', 'CLEAN', 'NEUTRAL', 'NEUTRAL', 'CLEAR', 'CLEAR', 'OPENING', 'BANCO_OFF')",212,13,14,92.857,BARRIER,16.509,2.276384,9.7414
"('TANK', 'TANK', 'VOLATILE', 'FULL', 'FULL', 'FIELD_OURS_OFF', 'SLOWER', 'MEC_USED', 'CLEAN', 'CLEAN', 'NEUTRAL', 'NEUTRAL', 'CLEAR', 'CLEAR', 'OPENING', 'BANCO_OFF')",199,11,11,100.000,SWITCH_DEFENSIVE,17.588,2.203780,9.0592
"('TANK', 'TANK', 'NEUTRAL', 'FULL', 'FULL', 'NORMAL', 'FASTER', 'MEC_USED', 'CLEAN', 'CLEAN', 'NEUTRAL', 'NEUTRAL', 'CLEAR', 'CLEAR', 'OPENING', 'BANCO_VAZIO')",195,16,16,100.000,ATTACK_TECH,16.923,2.468903,11.8095
"('TANK', 'TANK', 'DEFENSIVE_DIS', 'FULL', 'FULL', 'NORMAL', 'FASTER', 'MEC_USED', 'CLEAN', 'CLEAN', 'NEUTRAL', 'NEUTRAL', 'CLEAR', 'CLEAR', 'OPENING', 'BANCO_OFF')",192,15,15,100.000,SWITCH_DEFENSIVE,13.542,2.497753,12.1551
"('TANK', 'TANK', 'CRITICAL_DIS', 'FULL', 'FULL', 'NORMAL', 'SLOWER', 'MEC_USED', 'CLEAN', 'CLEAN', 'NEUTRAL', 'NEUTRAL', 'CLEAR', 'CLEAR', 'OPENING', 'BANCO_AMBOS')",191,16,16,100.000,ATTACK_TECH,11.518,2.659161,14.2843
"('TANK', 'TANK', 'NEUTRAL', 'FULL', 'FULL', 'FIELD_THEIRS', 'SLOWER', 'MEC_USED', 'CLEAN', 'CLEAN', 'NEUTRAL', 'NEUTRAL', 'CLEAR', 'CLEAR', 'OPENING', 'BANCO_AMBOS')",190,15,15,100.000,FIELD_CONTROL,27.895,2.224766,9.2513
"('TANK', 'TANK', 'VOLATILE', 'FULL', 'FULL', 'NORMAL', 'FASTER', 'MEC_USED', 'CLEAN', 'CLEAN', 'NEUTRAL', 'NEUTRAL', 'CLEAR', 'CLEAR', 'OPENING', 'BANCO_OFF')",189,15,15,100.000,ATTACK_STRONG,15.344,2.468313,11.8025
"('TANK', 'TANK', 'OFFENSIVE_DIS', 'FULL', 'FULL', 'NORMAL', 'FASTER', 'MEC_USED', 'CLEAN', 'CLEAN', 'NEUTRAL', 'NEUTRAL', 'CLEAR', 'CLEAR', 'OPENING', 'BANCO_OFF')",188,17,17,100.000,HEAL,11.170,2.682820,14.6263
"('SWEEPER', 'TANK', 'OFFENSIVE_ADV', 'FULL', 'FULL', 'FIELD_THEIRS', 'FASTER', 'MEC_USED', 'CLEAN', 'CLEAN', 'NEUTRAL', 'NEUTRAL', 'CLEAR', 'CLEAR', 'OPENING', 'BANCO_AMBOS')",185,9,9,100.000,ATTACK_STRONG,30.270,1.841981,6.3090
"('TANK', 'TANK', 'OFFENSIVE_ADV', 'SAFE', 'FULL', 'NORMAL', 'FASTER', 'MEC_USED', 'CLEAN', 'CLEAN', 'NEUTRAL', 'NEUTRAL', 'CLEAR', 'CLEAR', 'OPENING', 'BANCO_OFF')",183,15,15,100.000,ATTACK_STRONG,15.301,2.489299,12.0528
"('TANK', 'TANK', 'OFFENSIVE_DIS', 'FULL', 'FULL', 'NORMAL', 'SLOWER', 'MEC_USED', 'CLEAN', 'CLEAN', 'NEUTRAL', 'NEUTRAL', 'CLEAR', 'CLEAR', 'OPENING', 'BANCO_OFF')",181,15,15,100.000,STATUS,12.707,2.601272,13.4809
"('TANK', 'TANK', 'OFFENSIVE_ADV', 'FULL', 'SAFE', 'NORMAL', 'FASTER', 'MEC_USED', 'CLEAN', 'CLEAN', 'NEUTRAL', 'NEUTRAL', 'CLEAR', 'CLEAR', 'OPENING', 'BANCO_OFF')",179,14,14,100.000,ATTACK_STRONG,24.022,2.281869,9.7950
"('TANK', 'TANK', 'DEFENSIVE_DIS', 'FULL', 'FULL', 'FIELD_SHARED', 'FASTER', 'MEC_USED', 'CLEAN', 'CLEAN', 'NEUTRAL', 'NEUTRAL', 'CLEAR', 'CLEAR', 'OPENING', 'BANCO_AMBOS')",178,13,13,100.000,SWITCH_OFFENSIVE,17.416,2.329145,10.2692
"('TANK', 'TANK', 'CRITICAL_DIS', 'FULL', 'FULL', 'NORMAL', 'FASTER', 'MEC_USED', 'AFFLICTED', 'AFFLICTED', 'DEBUFF', 'DEBUFF', 'SET', 'SET', 'CLUTCH', 'BANCO_VAZIO')",177,4,4,100.000,STATUS,49.718,0.932299,2.5403
"('TANK', 'TANK', 'NEUTRAL', 'SAFE', 'FULL', 'NORMAL', 'FASTER', 'MEC_USED', 'CLEAN', 'CLEAN', 'NEUTRAL', 'NEUTRAL', 'CLEAR', 'CLEAR', 'OPENING', 'BANCO_OFF')",174,17,17,100.000,HEAL,25.287,2.464735,11.7604
"('TANK', 'TANK', 'NEUTRAL', 'FULL', 'FULL', 'NORMAL', 'SLOWER', 'MEC_USED', 'CLEAN', 'CLEAN', 'NEUTRAL', 'NEUTRAL', 'CLEAR', 'CLEAR', 'OPENING', 'BANCO_VAZIO')",173,14,14,100.000,HEAL,19.653,2.442554,11.5024
"('TANK', 'TANK', 'NEUTRAL', 'FULL', 'FULL', 'NORMAL', 'FASTER', 'MEC_AVAIL', 'CLEAN', 'CLEAN', 'NEUTRAL', 'NEUTRAL', 'CLEAR', 'CLEAR', 'OPENING', 'BANCO_AMBOS')",171,22,26,84.615,BUFF_MEC,13.450,2.793183,16.3329
"('TANK', 'TANK', 'STALEMATE', 'FULL', 'FULL', 'NORMAL', 'SLOWER', 'MEC_USED', 'CLEAN', 'CLEAN', 'NEUTRAL', 'NEUTRAL', 'CLEAR', 'CLEAR', 'OPENING', 'BANCO_OFF')",169,14,14,100.000,ATTACK_TECH,15.976,2.449362,11.5810
"('TANK', 'TANK', 'NEUTRAL', 'FULL', 'FULL', 'FIELD_THEIRS', 'SLOWER', 'MEC_USED', 'CLEAN', 'CLEAN', 'NEUTRAL', 'NEUTRAL', 'CLEAR', 'CLEAR', 'OPENING', 'BANCO_OFF')",169,14,15,93.333,ATTACK_PIVOT,12.426,2.562514,12.9684
"('TANK', 'TANK', 'OFFENSIVE_ADV', 'FULL', 'FULL', 'FIELD_OURS_OFF', 'FASTER', 'MEC_USED', 'CLEAN', 'CLEAN', 'NEUTRAL', 'NEUTRAL', 'CLEAR', 'CLEAR', 'OPENING', 'BANCO_AMBOS')",164,11,11,100.000,ATTACK_PIVOT,17.073,2.281604,9.7924
"('TANK', 'TANK', 'DEFENSIVE_DIS', 'FULL', 'FULL', 'NORMAL', 'FASTER', 'MEC_USED', 'CLEAN', 'CLEAN', 'NEUTRAL', 'NEUTRAL', 'CLEAR', 'CLEAR', 'OPENING', 'BANCO_AMBOS')",160,14,14,100.000,CLEAN_HAZARD,18.750,2.397967,11.0008
"('TANK', 'TANK', 'OFFENSIVE_DIS', 'FULL', 'FULL', 'FIELD_SHARED', 'SLOWER', 'MEC_USED', 'CLEAN', 'CLEAN', 'NEUTRAL', 'NEUTRAL', 'CLEAR', 'CLEAR', 'OPENING', 'BANCO_OFF')",157,15,16,93.750,ATTACK_STRONG,28.662,2.437046,11.4392
"('SWEEPER', 'TANK', 'OFFENSIVE_ADV', 'FULL', 'FULL', 'NORMAL', 'FASTER', 'MEC_USED', 'CLEAN', 'CLEAN', 'NEUTRAL', 'NEUTRAL', 'CLEAR', 'CLEAR', 'OPENING', 'BANCO_OFF')",154,10,10,100.000,SWITCH_OFFENSIVE,16.883,2.062670,7.8669
"('TANK', 'TANK', 'DOMINANT', 'FULL', 'FULL', 'FIELD_SHARED', 'FASTER', 'MEC_USED', 'CLEAN', 'CLEAN', 'NEUTRAL', 'NEUTRAL', 'CLEAR', 'CLEAR', 'OPENING', 'BANCO_OFF')",148,12,12,100.000,ATTACK_STRONG,20.946,2.344135,10.4243
"('TANK', 'TANK', 'NEUTRAL', 'FULL', 'FULL', 'FIELD_SHARED', 'FASTER', 'MEC_USED', 'CLEAN', 'CLEAN', 'NEUTRAL', 'NEUTRAL', 'CLEAR', 'CLEAR', 'OPENING', 'BANCO_AMBOS')",147,15,15,100.000,HEAL,13.605,2.525872,12.5018
"('TANK', 'TANK', 'CRITICAL_DIS', 'FULL', 'FULL', 'NORMAL', 'FASTER', 'MEC_USED', 'CLEAN', 'CLEAN', 'NEUTRAL', 'NEUTRAL', 'CLEAR', 'CLEAR', 'OPENING', 'BANCO_OFF')",147,15,15,100.000,SWITCH_DEFENSIVE,21.769,2.396462,10.9842
"('TANK', 'TANK', 'OFFENSIVE_ADV', 'FULL', 'FULL', 'FIELD_SHARED', 'FASTER', 'MEC_AVAIL', 'CLEAN', 'CLEAN', 'NEUTRAL', 'NEUTRAL', 'CLEAR', 'CLEAR', 'OPENING', 'BANCO_OFF')",145,14,14,100.000,ATTACK_STRONG,15.862,2.421395,11.2616
"('TANK', 'TANK', 'DEFENSIVE_DIS', 'FULL', 'FULL', 'FIELD_THEIRS', 'FASTER', 'MEC_USED', 'CLEAN', 'CLEAN', 'NEUTRAL', 'NEUTRAL', 'CLEAR', 'CLEAR', 'OPENING', 'BANCO_AMBOS')",145,13,13,100.000,ATTACK_TECH,13.793,2.346597,10.4500
"('TANK', 'TANK', 'OFFENSIVE_ADV', 'FULL', 'FULL', 'FIELD_OURS_OFF', 'FASTER', 'MEC_USED', 'CLEAN', 'CLEAN', 'NEUTRAL', 'NEUTRAL', 'CLEAR', 'CLEAR', 'OPENING', 'BANCO_OFF')",144,14,14,100.000,HEAL,19.444,2.379522,10.7997
"('TANK', 'SWEEPER', 'OFFENSIVE_ADV', 'FULL', 'FULL', 'NORMAL', 'SLOWER', 'MEC_USED', 'CLEAN', 'CLEAN', 'NEUTRAL', 'NEUTRAL', 'CLEAR', 'CLEAR', 'OPENING', 'BANCO_OFF')",143,16,16,100.000,ATTACK_TECH,18.182,2.513965,12.3538
"('TANK', 'TANK', 'DOMINANT', 'FULL', 'FULL', 'NORMAL', 'FASTER', 'MEC_USED', 'CLEAN', 'CLEAN', 'NEUTRAL', 'NEUTRAL', 'CLEAR', 'CLEAR', 'OPENING', 'BANCO_AMBOS')",143,14,14,100.000,ATTACK_PIVOT,12.587,2.399347,11.0160
"('TANK', 'TANK', 'OFFENSIVE_DIS', 'FULL', 'FULL', 'NORMAL', 'FASTER', 'MEC_USED', 'CLEAN', 'CLEAN', 'NEUTRAL', 'NEUTRAL', 'CLEAR', 'CLEAR', 'OPENING', 'BANCO_AMBOS')",141,17,17,100.000,ATTACK_PIVOT,11.348,2.652984,14.1963
"('SWEEPER', 'TANK', 'NEUTRAL', 'FULL', 'FULL', 'FIELD_SHARED', 'FASTER', 'MEC_USED', 'CLEAN', 'CLEAN', 'NEUTRAL', 'NEUTRAL', 'CLEAR', 'CLEAR', 'OPENING', 'BANCO_OFF')",140,10,12,83.333,SWITCH_DEFENSIVE,17.857,2.139085,8.4917
"('TANK', 'TANK', 'NEUTRAL', 'SAFE', 'SAFE', 'NORMAL', 'SLOWER', 'MEC_USED', 'CLEAN', 'CLEAN', 'NEUTRAL', 'NEUTRAL', 'CLEAR', 'CLEAR', 'OPENING', 'BANCO_OFF')",139,15,15,100.000,ATTACK_PIVOT,14.388,2.490488,12.0672
"('TANK', 'TANK', 'NEUTRAL', 'FULL', 'FULL', 'NORMAL', 'FASTER', 'MEC_USED', 'CLEAN', 'CLEAN', 'NEUTRAL', 'NEUTRAL', 'SET', 'CLEAR', 'OPENING', 'BANCO_OFF')",137,17,17,100.000,HEAL,29.197,2.437255,11.4416
"('TANK', 'TANK', 'DEFENSIVE_ADV', 'FULL', 'FULL', 'NORMAL', 'SLOWER', 'MEC_USED', 'CLEAN', 'CLEAN', 'NEUTRAL', 'NEUTRAL', 'CLEAR', 'CLEAR', 'OPENING', 'BANCO_AMBOS')",137,13,13,100.000,STAT_CLEAN,21.898,2.355696,10.5455
"('TANK', 'TANK', 'DOMINANT', 'FULL', 'FULL', 'FIELD_SHARED', 'FASTER', 'MEC_USED', 'CLEAN', 'CLEAN', 'NEUTRAL', 'NEUTRAL', 'CLEAR', 'CLEAR', 'OPENING', 'BANCO_AMBOS')",136,11,11,100.000,ATTACK_STRONG,16.912,2.262335,9.6055
"('TANK', 'TANK', 'NEUTRAL', 'FULL', 'FULL', 'FIELD_THEIRS', 'FASTER', 'MEC_USED', 'CLEAN', 'CLEAN', 'NEUTRAL', 'NEUTRAL', 'CLEAR', 'CLEAR', 'OPENING', 'BANCO_OFF')",136,14,14,100.000,BARRIER,17.647,2.461406,11.7213
"('TANK', 'TANK', 'NEUTRAL', 'FULL', 'FULL', 'FIELD_OURS_OFF', 'SLOWER', 'MEC_USED', 'CLEAN', 'CLEAN', 'NEUTRAL', 'NEUTRAL', 'CLEAR', 'CLEAR', 'OPENING', 'BANCO_AMBOS')",135,10,10,100.000,CLEAN_HAZARD,19.259,2.185889,8.8986
"('TANK', 'TANK', 'OFFENSIVE_DIS', 'SAFE', 'FULL', 'NORMAL', 'FASTER', 'MEC_USED', 'AFFLICTED', 'AFFLICTED', 'DEBUFF', 'DEBUFF', 'SET', 'CLEAR', 'CLUTCH', 'BANCO_DEF')",134,3,4,75.000,SWITCH_DEFENSIVE,97.015,0.151009,1.1630
"('SWEEPER', 'TANK', 'OFFENSIVE_ADV', 'FULL', 'FULL', 'NORMAL', 'FASTER', 'MEC_USED', 'CLEAN', 'CLEAN', 'NEUTRAL', 'DEBUFF', 'CLEAR', 'CLEAR', 'OPENING', 'BANCO_AMBOS')",132,7,7,100.000,ATTACK_STRONG,62.121,1.256636,3.5136
"('TANK', 'TANK', 'OFFENSIVE_ADV', 'FULL', 'FULL', 'NORMAL', 'FASTER', 'MEC_AVAIL', 'CLEAN', 'CLEAN', 'NEUTRAL', 'NEUTRAL', 'CLEAR', 'CLEAR', 'OPENING', 'BANCO_OFF')",132,20,20,100.000,ATTACK_STRONG,16.667,2.565461,13.0066
"('TANK', 'TANK', 'DEFENSIVE_DIS', 'FULL', 'FULL', 'NORMAL', 'SLOWER', 'MEC_USED', 'CLEAN', 'CLEAN', 'NEUTRAL', 'NEUTRAL', 'CLEAR', 'CLEAR', 'OPENING', 'BANCO_AMBOS')",132,14,14,100.000,HEAL,29.545,2.265194,9.6330
"('TANK', 'TANK', 'OFFENSIVE_DIS', 'FULL', 'FULL', 'NORMAL', 'SLOWER', 'MEC_USED', 'CLEAN', 'CLEAN', 'NEUTRAL', 'NEUTRAL', 'CLEAR', 'CLEAR', 'OPENING', 'BANCO_AMBOS')",131,15,15,100.000,HEAL,10.687,2.586110,13.2780
"('TANK', 'TANK', 'NEUTRAL', 'FULL', 'FULL', 'NORMAL', 'FASTER', 'MEC_AVAIL', 'CLEAN', 'CLEAN', 'NEUTRAL', 'NEUTRAL', 'CLEAR', 'CLEAR', 'OPENING', 'BANCO_OFF')",131,23,24,95.833,ATTACK_STRONG_MEC,10.687,2.826891,16.8929
"('TANK', 'TANK', 'OFFENSIVE_ADV', 'FULL', 'FULL', 'NORMAL', 'FASTER', 'MEC_AVAIL', 'CLEAN', 'CLEAN', 'NEUTRAL', 'NEUTRAL', 'CLEAR', 'CLEAR', 'OPENING', 'BANCO_AMBOS')",131,17,20,85.000,SWITCH_OFFENSIVE,19.847,2.507046,12.2686
"('SWEEPER', 'TANK', 'NEUTRAL', 'FULL', 'FULL', 'NORMAL', 'FASTER', 'MEC_USED', 'CLEAN', 'CLEAN', 'NEUTRAL', 'NEUTRAL', 'CLEAR', 'CLEAR', 'OPENING', 'BANCO_OFF')",129,10,10,100.000,ATTACK_STRONG,26.357,2.098623,8.1549
"('TANK', 'TANK', 'CRITICAL_DIS', 'FULL', 'FULL', 'FIELD_SHARED', 'SLOWER', 'MEC_USED', 'CLEAN', 'CLEAN', 'NEUTRAL', 'NEUTRAL', 'CLEAR', 'CLEAR', 'OPENING', 'BANCO_AMBOS')",127,15,15,100.000,STATUS,23.622,2.361958,10.6117
"('TANK', 'TANK', 'NEUTRAL', 'SAFE', 'FULL', 'NORMAL', 'SLOWER', 'MEC_USED', 'CLEAN', 'CLEAN', 'NEUTRAL', 'NEUTRAL', 'CLEAR', 'CLEAR', 'OPENING', 'BANCO_OFF')",125,15,15,100.000,STATUS,13.600,2.599781,13.4608
"('TANK', 'TANK', 'NEUTRAL', 'SAFE', 'SAFE', 'NORMAL', 'FASTER', 'MEC_USED', 'CLEAN', 'CLEAN', 'NEUTRAL', 'NEUTRAL', 'CLEAR', 'CLEAR', 'OPENING', 'BANCO_OFF')",125,16,16,100.000,CLEAN_HAZARD,19.200,2.445689,11.5385
"('TANK', 'TANK', 'NEUTRAL', 'FULL', 'FULL', 'FIELD_SHARED', 'SLOWER', 'MEC_USED', 'CLEAN', 'CLEAN', 'NEUTRAL', 'NEUTRAL', 'CLEAR', 'CLEAR', 'OPENING', 'BANCO_OFF')",124,14,15,93.333,ATTACK_STRONG,26.613,2.272891,9.7074
"('TANK', 'TANK', 'NEUTRAL', 'FULL', 'FULL', 'FIELD_SHARED', 'SLOWER', 'MEC_USED', 'CLEAN', 'CLEAN', 'NEUTRAL', 'NEUTRAL', 'CLEAR', 'CLEAR', 'OPENING', 'BANCO_AMBOS')",122,14,14,100.000,ATTACK_TECH,17.213,2.432922,11.3921
"('TANK', 'TANK', 'NEUTRAL', 'FULL', 'SAFE', 'NORMAL', 'SLOWER', 'MEC_USED', 'CLEAN', 'CLEAN', 'NEUTRAL', 'NEUTRAL', 'CLEAR', 'CLEAR', 'OPENING', 'BANCO_OFF')",119,14,14,100.000,ATTACK_PIVOT,12.605,2.506286,12.2593
"('TANK', 'TANK', 'CRITICAL_DIS', 'FULL', 'FULL', 'FIELD_THEIRS', 'FASTER', 'MEC_USED', 'CLEAN', 'CLEAN', 'NEUTRAL', 'NEUTRAL', 'CLEAR', 'CLEAR', 'OPENING', 'BANCO_VAZIO')",119,12,12,100.000,BARRIER,18.487,2.250283,9.4904
"('TANK', 'TANK', 'DEFENSIVE_DIS', 'FULL', 'FULL', 'NORMAL', 'SLOWER', 'MEC_USED', 'CLEAN', 'CLEAN', 'NEUTRAL', 'NEUTRAL', 'CLEAR', 'CLEAR', 'OPENING', 'BANCO_OFF')",119,14,14,100.000,ATTACK_STRONG,19.328,2.484987,12.0010
"('TANK', 'TANK', 'OFFENSIVE_ADV', 'FULL', 'FULL', 'NORMAL', 'FASTER', 'MEC_USED', 'CLEAN', 'CLEAN', 'NEUTRAL', 'NEUTRAL', 'SET', 'CLEAR', 'OPENING', 'BANCO_OFF')",117,13,14,92.857,CLEAN_HAZARD,24.786,2.311642,10.0910
"('SWEEPER', 'TANK', 'NEUTRAL', 'FULL', 'FULL', 'FIELD_SHARED', 'FASTER', 'MEC_USED', 'CLEAN', 'CLEAN', 'NEUTRAL', 'NEUTRAL', 'CLEAR', 'CLEAR', 'OPENING', 'BANCO_AMBOS')",116,10,11,90.909,SWITCH_OFFENSIVE,30.172,2.001093,7.3971
"('SWEEPER', 'TANK', 'OFFENSIVE_ADV', 'FULL', 'FULL', 'FIELD_THEIRS', 'FASTER', 'MEC_USED', 'CLEAN', 'CLEAN', 'NEUTRAL', 'DEBUFF', 'CLEAR', 'CLEAR', 'OPENING', 'BANCO_AMBOS')",116,6,6,100.000,CLEAN_HAZARD,48.276,1.508895,4.5217
"('TANK', 'TANK', 'DEFENSIVE_DIS', 'FULL', 'FULL', 'FIELD_OURS_OFF', 'FASTER', 'MEC_USED', 'CLEAN', 'CLEAN', 'NEUTRAL', 'NEUTRAL', 'CLEAR', 'CLEAR', 'OPENING', 'BANCO_AMBOS')",116,11,12,91.667,ATTACK_TECH,26.724,1.981758,7.2555
"('SWEEPER', 'TANK', 'OFFENSIVE_ADV', 'FULL', 'FULL', 'NORMAL', 'FASTER', 'MEC_USED', 'CLEAN', 'CLEAN', 'NEUTRAL', 'NEUTRAL', 'CLEAR', 'CLEAR', 'OPENING', 'BANCO_AMBOS')",114,10,10,100.000,ATTACK_STRONG,33.333,1.950575,7.0327
"('TANK', 'TANK', 'NEUTRAL', 'FULL', 'FULL', 'FIELD_OURS_OFF', 'FASTER', 'MEC_USED', 'CLEAN', 'CLEAN', 'NEUTRAL', 'NEUTRAL', 'CLEAR', 'CLEAR', 'OPENING', 'BANCO_OFF')",113,14,14,100.000,ATTACK_TECH,23.009,2.380980,10.8155
"('TANK', 'TANK', 'DOMINANT', 'FULL', 'FULL', 'NORMAL', 'SLOWER', 'MEC_USED', 'CLEAN', 'CLEAN', 'NEUTRAL', 'NEUTRAL', 'CLEAR', 'CLEAR', 'OPENING', 'BANCO_OFF')",113,14,14,100.000,ATTACK_STRONG,20.354,2.437749,11.4472
"('TANK', 'TANK', 'VOLATILE', 'FULL', 'FULL', 'FIELD_SHARED', 'FASTER', 'MEC_USED', 'CLEAN', 'CLEAN', 'NEUTRAL', 'NEUTRAL', 'CLEAR', 'CLEAR', 'OPENING', 'BANCO_AMBOS')",112,12,12,100.000,ATTACK_STRONG,39.286,2.053265,7.7933
"('TANK', 'TANK', 'OFFENSIVE_ADV', 'SAFE', 'FULL', 'FIELD_THEIRS', 'FASTER', 'MEC_USED', 'CLEAN', 'CLEAN', 'NEUTRAL', 'NEUTRAL', 'CLEAR', 'CLEAR', 'OPENING', 'BANCO_OFF')",111,12,12,100.000,ATTACK_PIVOT,12.613,2.419722,11.2427
"('TANK', 'TANK', 'NEUTRAL', 'SAFE', 'FULL', 'NORMAL', 'FASTER', 'MEC_USED', 'CLEAN', 'CLEAN', 'NEUTRAL', 'NEUTRAL', 'CLEAR', 'CLEAR', 'OPENING', 'BANCO_VAZIO')",110,15,16,93.750,HEAL,33.636,2.257341,9.5576
"('TANK', 'TANK', 'OFFENSIVE_DIS', 'FULL', 'FULL', 'FIELD_THEIRS', 'SLOWER', 'MEC_USED', 'CLEAN', 'CLEAN', 'NEUTRAL', 'NEUTRAL', 'CLEAR', 'CLEAR', 'OPENING', 'BANCO_OFF')",109,13,14,92.857,HEAL,25.688,2.338007,10.3606
"('TANK', 'TANK', 'CRITICAL_DIS', 'FULL', 'FULL', 'NORMAL', 'SLOWER', 'MEC_USED', 'CLEAN', 'CLEAN', 'NEUTRAL', 'NEUTRAL', 'CLEAR', 'CLEAR', 'OPENING', 'BANCO_OFF')",109,14,14,100.000,BARRIER,15.596,2.467251,11.7900
"('TANK', 'TANK', 'NEUTRAL', 'FULL', 'SAFE', 'NORMAL', 'SLOWER', 'MEC_USED', 'CLEAN', 'CLEAN', 'NEUTRAL', 'NEUTRAL', 'CLEAR', 'CLEAR', 'OPENING', 'BANCO_VAZIO')",108,13,14,92.857,HEAL,23.148,2.310084,10.0753
"('TANK', 'TANK', 'DOMINANT', 'FULL', 'FULL', 'NORMAL', 'FASTER', 'MEC_USED', 'CLEAN', 'CLEAN', 'NEUTRAL', 'NEUTRAL', 'CLEAR', 'CLEAR', 'OPENING', 'BANCO_OFF')",107,13,13,100.000,DISRUPTION,16.822,2.374841,10.7493
"('TANK', 'TANK', 'VOLATILE', 'FULL', 'FULL', 'FIELD_THEIRS', 'SLOWER', 'MEC_USED', 'CLEAN', 'CLEAN', 'NEUTRAL', 'NEUTRAL', 'CLEAR', 'CLEAR', 'OPENING', 'BANCO_AMBOS')",107,14,14,100.000,SWITCH_OFFENSIVE,21.495,2.394859,10.9667
"('TANK', 'TANK', 'VOLATILE', 'FULL', 'FULL', 'NORMAL', 'FASTER', 'MEC_USED', 'CLEAN', 'CLEAN', 'NEUTRAL', 'NEUTRAL', 'CLEAR', 'CLEAR', 'OPENING', 'BANCO_AMBOS')",106,14,15,93.333,SWITCH_OFFENSIVE,17.925,2.389024,10.9028
"('SWEEPER', 'TANK', 'NEUTRAL', 'FULL', 'FULL', 'FIELD_OURS_OFF', 'FASTER', 'MEC_USED', 'CLEAN', 'CLEAN', 'NEUTRAL', 'NEUTRAL', 'CLEAR', 'CLEAR', 'OPENING', 'BANCO_AMBOS')",106,9,10,90.000,HEAL,23.585,1.866687,6.4668
"('SWEEPER', 'TANK', 'OFFENSIVE_ADV', 'FULL', 'FULL', 'FIELD_SHARED', 'FASTER', 'MEC_USED', 'CLEAN', 'CLEAN', 'NEUTRAL', 'NEUTRAL', 'CLEAR', 'CLEAR', 'OPENING', 'BANCO_OFF')",106,9,9,100.000,SWITCH_DEFENSIVE,21.698,1.966234,7.1437
"('TANK', 'TANK', 'OFFENSIVE_ADV', 'FULL', 'FULL', 'FIELD_THEIRS', 'FASTER', 'MEC_AVAIL', 'CLEAN', 'CLEAN', 'NEUTRAL', 'NEUTRAL', 'CLEAR', 'CLEAR', 'OPENING', 'BANCO_OFF')",104,16,16,100.000,ATTACK_STRONG,14.423,2.590388,13.3349
"('TANK', 'TANK', 'OFFENSIVE_ADV', 'FULL', 'FULL', 'FIELD_SHARED', 'SLOWER', 'MEC_USED', 'CLEAN', 'CLEAN', 'NEUTRAL', 'NEUTRAL', 'CLEAR', 'CLEAR', 'OPENING', 'BANCO_AMBOS')",104,14,14,100.000,ATTACK_STRONG,31.731,2.194298,8.9737
"('TANK', 'TANK', 'NEUTRAL', 'SAFE', 'SAFE', 'NORMAL', 'FASTER', 'MEC_USED', 'CLEAN', 'CLEAN', 'NEUTRAL', 'NEUTRAL', 'CLEAR', 'CLEAR', 'OPENING', 'BANCO_VAZIO')",103,14,14,100.000,HEAL,26.214,2.347483,10.4592
"('SWEEPER', 'TANK', 'OFFENSIVE_ADV', 'FULL', 'FULL', 'NORMAL', 'FASTER', 'MEC_USED', 'CLEAN', 'CLEAN', 'NEUTRAL', 'DEBUFF', 'CLEAR', 'CLEAR', 'OPENING', 'BANCO_OFF')",102,9,9,100.000,CLEAN_HAZARD,25.490,1.905859,6.7252
"('TANK', 'TANK', 'OFFENSIVE_ADV', 'SAFE', 'SAFE', 'NORMAL', 'FASTER', 'MEC_USED', 'CLEAN', 'CLEAN', 'NEUTRAL', 'NEUTRAL', 'CLEAR', 'CLEAR', 'OPENING', 'BANCO_OFF')",102,15,15,100.000,ATTACK_TECH,16.667,2.262598,9.6080
"('TANK', 'TANK', 'NEUTRAL', 'SAFE', 'FULL', 'NORMAL', 'FASTER', 'MEC_USED', 'CLEAN', 'CLEAN', 'NEUTRAL', 'NEUTRAL', 'SET', 'CLEAR', 'OPENING', 'BANCO_OFF')",102,17,17,100.000,CLEAN_HAZARD,21.569,2.511218,12.3199
"('UTILITY', 'TANK', 'DOMINANT', 'FULL', 'FULL', 'FIELD_THEIRS', 'FASTER', 'MEC_USED', 'CLEAN', 'CLEAN', 'NEUTRAL', 'NEUTRAL', 'CLEAR', 'CLEAR', 'OPENING', 'BANCO_OFF')",102,7,7,100.000,SWITCH_OFFENSIVE,32.353,1.447290,4.2516
"('TANK', 'TANK', 'OFFENSIVE_ADV', 'FULL', 'FULL', 'FIELD_THEIRS', 'SLOWER', 'MEC_USED', 'CLEAN', 'CLEAN', 'NEUTRAL', 'NEUTRAL', 'CLEAR', 'CLEAR', 'OPENING', 'BANCO_AMBOS')",102,14,14,100.000,ATTACK_STRONG,22.549,2.231478,9.3136
"('TANK', 'SWEEPER', 'CRITICAL_DIS', 'FULL', 'FULL', 'FIELD_THEIRS', 'SLOWER', 'MEC_USED', 'CLEAN', 'CLEAN', 'NEUTRAL', 'NEUTRAL', 'CLEAR', 'CLEAR', 'OPENING', 'BANCO_OFF')",101,14,14,100.000,BARRIER,29.703,2.168648,8.7464
"('TANK', 'TANK', 'OFFENSIVE_DIS', 'SAFE', 'FULL', 'NORMAL', 'FASTER', 'MEC_USED', 'CLEAN', 'CLEAN', 'NEUTRAL', 'NEUTRAL', 'SET', 'CLEAR', 'OPENING', 'BANCO_OFF')",101,15,15,100.000,CLEAN_HAZARD,33.663,2.040959,7.6980
"('TANK', 'TANK', 'CRITICAL_DIS', 'FULL', 'FULL', 'NORMAL', 'FASTER', 'MEC_USED', 'CLEAN', 'CLEAN', 'NEUTRAL', 'NEUTRAL', 'CLEAR', 'CLEAR', 'CLUTCH', 'BANCO_VAZIO')",100,7,10,70.000,CLEAN_HAZARD,53.000,1.237521,3.4471
"('TANK', 'TANK', 'NEUTRAL', 'FULL', 'SAFE', 'NORMAL', 'FASTER', 'MEC_USED', 'CLEAN', 'CLEAN', 'NEUTRAL', 'NEUTRAL', 'CLEAR', 'CLEAR', 'OPENING', 'BANCO_OFF')",100,16,16,100.000,CLEAN_HAZARD,17.000,2.527669,12.5243
"('TANK', 'TANK', 'OFFENSIVE_DIS', 'FULL', 'FULL', 'NORMAL', 'FASTER', 'MEC_USED', 'CLEAN', 'CLEAN', 'NEUTRAL', 'NEUTRAL', 'SET', 'SET', 'CLUTCH', 'BANCO_VAZIO')",100,5,8,62.500,STATUS,54.000,0.953015,2.5935
"('TANK', 'TANK', 'VOLATILE', 'FULL', 'FULL', 'FIELD_THEIRS', 'FASTER', 'MEC_AVAIL', 'CLEAN', 'CLEAN', 'NEUTRAL', 'NEUTRAL', 'CLEAR', 'CLEAR', 'OPENING', 'BANCO_OFF')",99,13,14,92.857,ATTACK_STRONG_MEC,27.273,2.250068,9.4884
"('TANK', 'SWEEPER', 'CRITICAL_DIS', 'FULL', 'FULL', 'FIELD_THEIRS', 'SLOWER', 'MEC_USED', 'CLEAN', 'CLEAN', 'NEUTRAL', 'NEUTRAL', 'CLEAR', 'CLEAR', 'OPENING', 'BANCO_AMBOS')",98,10,11,90.909,CLEAN_HAZARD,19.388,2.131424,8.4269
"('TANK', 'TANK', 'OFFENSIVE_DIS', 'SAFE', 'FULL', 'NORMAL', 'FASTER', 'MEC_USED', 'CLEAN', 'CLEAN', 'NEUTRAL', 'NEUTRAL', 'CLEAR', 'CLEAR', 'OPENING', 'BANCO_OFF')",98,15,15,100.000,CLEAN_HAZARD,15.306,2.536901,12.6404
"('TANK', 'TANK', 'VOLATILE', 'FULL', 'FULL', 'FIELD_THEIRS', 'FASTER', 'MEC_USED', 'CLEAN', 'CLEAN', 'NEUTRAL', 'NEUTRAL', 'CLEAR', 'CLEAR', 'OPENING', 'BANCO_AMBOS')",98,13,13,100.000,HEAL,14.286,2.419491,11.2401
"('TANK', 'TANK', 'DEFENSIVE_DIS', 'FULL', 'FULL', 'FIELD_SHARED', 'SLOWER', 'MEC_USED', 'CLEAN', 'CLEAN', 'NEUTRAL', 'NEUTRAL', 'CLEAR', 'CLEAR', 'OPENING', 'BANCO_AMBOS')",96,14,14,100.000,ATTACK_STRONG,23.958,2.367278,10.6683
"('TANK', 'TANK', 'DOMINANT', 'FULL', 'FULL', 'NORMAL', 'SLOWER', 'MEC_USED', 'CLEAN', 'CLEAN', 'NEUTRAL', 'NEUTRAL', 'CLEAR', 'CLEAR', 'OPENING', 'BANCO_AMBOS')",95,14,14,100.000,ATTACK_PIVOT,20.000,2.377518,10.7781
"('TANK', 'TANK', 'DEFENSIVE_DIS', 'FULL', 'FULL', 'FIELD_OURS_DEF', 'FASTER', 'MEC_USED', 'CLEAN', 'CLEAN', 'NEUTRAL', 'NEUTRAL', 'CLEAR', 'CLEAR', 'OPENING', 'BANCO_AMBOS')",95,8,9,88.889,SWITCH_DEFENSIVE,28.421,1.761298,5.8200
"('TANK', 'TANK', 'OFFENSIVE_ADV', 'SAFE', 'FULL', 'NORMAL', 'SLOWER', 'MEC_USED', 'CLEAN', 'CLEAN', 'NEUTRAL', 'NEUTRAL', 'CLEAR', 'CLEAR', 'OPENING', 'BANCO_OFF')",95,13,13,100.000,SWITCH_OFFENSIVE,20.000,2.351120,10.4973
"('TANK', 'TANK', 'NEUTRAL', 'FULL', 'FULL', 'FIELD_THEIRS', 'FASTER', 'MEC_USED', 'CLEAN', 'CLEAN', 'NEUTRAL', 'NEUTRAL', 'CLEAR', 'CLEAR', 'OPENING', 'BANCO_AMBOS')",95,13,14,92.857,PROTECT,26.316,2.213926,9.1516
"('TANK', 'SWEEPER', 'DEFENSIVE_DIS', 'FULL', 'FULL', 'NORMAL', 'SLOWER', 'MEC_USED', 'CLEAN', 'CLEAN', 'NEUTRAL', 'NEUTRAL', 'CLEAR', 'CLEAR', 'OPENING', 'BANCO_AMBOS')",94,13,13,100.000,SWITCH_DEFENSIVE,18.085,2.411467,11.1503
"('TANK', 'TANK', 'DEFENSIVE_DIS', 'FULL', 'FULL', 'FIELD_SHARED', 'FASTER', 'MEC_USED', 'CLEAN', 'CLEAN', 'NEUTRAL', 'NEUTRAL', 'CLEAR', 'CLEAR', 'OPENING', 'BANCO_OFF')",94,13,13,100.000,ATTACK_STRONG,24.468,2.248306,9.4717
"('SWEEPER', 'TANK', 'DEFENSIVE_DIS', 'FULL', 'FULL', 'NORMAL', 'FASTER', 'MEC_USED', 'CLEAN', 'CLEAN', 'NEUTRAL', 'NEUTRAL', 'CLEAR', 'CLEAR', 'OPENING', 'BANCO_AMBOS')",93,10,10,100.000,SWITCH_DEFENSIVE,22.581,2.076605,7.9773
"('TANK', 'TANK', 'OFFENSIVE_DIS', 'FULL', 'FULL', 'NORMAL', 'SLOWER', 'MEC_USED', 'CLEAN', 'CLEAN', 'NEUTRAL', 'NEUTRAL', 'CLEAR', 'CLEAR', 'OPENING', 'BANCO_VAZIO')",92,14,14,100.000,STATUS,31.522,2.135553,8.4617
"('TANK', 'TANK', 'VOLATILE', 'FULL', 'FULL', 'NORMAL', 'FASTER', 'MEC_AVAIL', 'CLEAN', 'CLEAN', 'NEUTRAL', 'NEUTRAL', 'CLEAR', 'CLEAR', 'OPENING', 'BANCO_OFF')",92,17,18,94.444,ATTACK_STRONG,11.957,2.706514,14.9770
"('TANK', 'TANK', 'OFFENSIVE_ADV', 'FULL', 'SAFE', 'NORMAL', 'SLOWER', 'MEC_USED', 'CLEAN', 'CLEAN', 'NEUTRAL', 'NEUTRAL', 'CLEAR', 'CLEAR', 'OPENING', 'BANCO_OFF')",92,14,14,100.000,STATUS,13.043,2.474973,11.8814
"('TANK', 'TANK', 'OFFENSIVE_ADV', 'FULL', 'FULL', 'FIELD_THEIRS', 'FASTER', 'MEC_USED', 'CLEAN', 'CLEAN', 'NEUTRAL', 'NEUTRAL', 'CLEAR', 'CLEAR', 'OPENING', 'BANCO_AMBOS')",92,12,12,100.000,ATTACK_STRONG,21.739,2.205409,9.0740
"('TANK', 'TANK', 'OFFENSIVE_ADV', 'SAFE', 'FULL', 'NORMAL', 'FASTER', 'MEC_AVAIL', 'CLEAN', 'CLEAN', 'NEUTRAL', 'NEUTRAL', 'CLEAR', 'CLEAR', 'OPENING', 'BANCO_OFF')",92,16,22,72.727,ATTACK_STRONG,18.478,2.500000,12.1825
"('TANK', 'TANK', 'NEUTRAL', 'SAFE', 'FULL', 'NORMAL', 'FASTER', 'MEC_USED', 'CLEAN', 'CLEAN', 'NEUTRAL', 'NEUTRAL', 'CLEAR', 'CLEAR', 'OPENING', 'BANCO_AMBOS')",92,14,16,87.500,ATTACK_STRONG,18.478,2.448945,11.5761
"('TANK', 'TANK', 'DOMINANT', 'FULL', 'FULL', 'FIELD_THEIRS', 'FASTER', 'MEC_AVAIL', 'CLEAN', 'CLEAN', 'NEUTRAL', 'NEUTRAL', 'CLEAR', 'CLEAR', 'OPENING', 'BANCO_AMBOS')",91,14,16,87.500,HAZARD_MEC,13.187,2.450014,11.5885
"('TANK', 'TANK', 'VOLATILE', 'FULL', 'FULL', 'FIELD_THEIRS', 'SLOWER', 'MEC_USED', 'CLEAN', 'CLEAN', 'NEUTRAL', 'NEUTRAL', 'CLEAR', 'CLEAR', 'OPENING', 'BANCO_OFF')",90,13,14,92.857,ATTACK_STRONG,40.000,2.088989,8.0767
"('TANK', 'TANK', 'VOLATILE', 'FULL', 'FULL', 'FIELD_OURS_OFF', 'FASTER', 'MEC_USED', 'CLEAN', 'CLEAN', 'NEUTRAL', 'NEUTRAL', 'CLEAR', 'CLEAR', 'OPENING', 'BANCO_OFF')",89,13,13,100.000,PROTECT,16.854,2.375204,10.7532
"('TANK', 'TANK', 'OFFENSIVE_DIS', 'FULL', 'FULL', 'NORMAL', 'FASTER', 'MEC_USED', 'CLEAN', 'CLEAN', 'NEUTRAL', 'NEUTRAL', 'SET', 'CLEAR', 'OPENING', 'BANCO_OFF')",89,17,17,100.000,STATUS,37.079,2.285988,9.8354
"('TANK', 'TANK', 'NEUTRAL', 'FULL', 'FULL', 'FIELD_THEIRS', 'FASTER', 'MEC_AVAIL', 'CLEAN', 'CLEAN', 'NEUTRAL', 'NEUTRAL', 'CLEAR', 'CLEAR', 'OPENING', 'BANCO_AMBOS')",86,17,20,85.000,ATTACK_STRONG_MEC,15.116,2.542717,12.7142
"('TANK', 'TANK', 'DEFENSIVE_ADV', 'FULL', 'FULL', 'NORMAL', 'SLOWER', 'MEC_USED', 'CLEAN', 'CLEAN', 'NEUTRAL', 'NEUTRAL', 'CLEAR', 'CLEAR', 'OPENING', 'BANCO_OFF')",86,13,14,92.857,SWITCH_OFFENSIVE,33.721,2.106980,8.2234
"('TANK', 'TANK', 'DOMINANT', 'FULL', 'FULL', 'FIELD_THEIRS', 'SLOWER', 'MEC_USED', 'CLEAN', 'CLEAN', 'NEUTRAL', 'NEUTRAL', 'CLEAR', 'CLEAR', 'OPENING', 'BANCO_AMBOS')",86,12,14,85.714,ATTACK_STRONG,20.930,2.231433,9.3132
"('TANK', 'TANK', 'DEFENSIVE_DIS', 'FULL', 'FULL', 'FIELD_OURS_DEF', 'FASTER', 'MEC_AVAIL', 'CLEAN', 'CLEAN', 'NEUTRAL', 'NEUTRAL', 'CLEAR', 'CLEAR', 'OPENING', 'BANCO_AMBOS')",86,10,10,100.000,ATTACK_STRONG_MEC,33.721,2.028866,7.6055
"('SWEEPER', 'TANK', 'DOMINANT', 'FULL', 'FULL', 'FIELD_THEIRS', 'FASTER', 'MEC_USED', 'CLEAN', 'CLEAN', 'NEUTRAL', 'NEUTRAL', 'CLEAR', 'CLEAR', 'OPENING', 'BANCO_AMBOS')",86,10,10,100.000,ATTACK_STRONG,34.884,1.960795,7.1050
"('TANK', 'TANK', 'VOLATILE', 'FULL', 'FULL', 'FIELD_SHARED', 'FASTER', 'MEC_USED', 'CLEAN', 'CLEAN', 'NEUTRAL', 'NEUTRAL', 'CLEAR', 'CLEAR', 'OPENING', 'BANCO_OFF')",86,13,13,100.000,ATTACK_STRONG,12.791,2.483016,11.9773
"('TANK', 'UTILITY', 'OFFENSIVE_ADV', 'FULL', 'FULL', 'NORMAL', 'SLOWER', 'MEC_USED', 'CLEAN', 'CLEAN', 'NEUTRAL', 'NEUTRAL', 'CLEAR', 'CLEAR', 'OPENING', 'BANCO_OFF')",85,13,13,100.000,SWITCH_DEFENSIVE,12.941,2.441876,11.4946
"('UTILITY', 'TANK', 'OFFENSIVE_ADV', 'FULL', 'FULL', 'NORMAL', 'FASTER', 'MEC_USED', 'CLEAN', 'CLEAN', 'NEUTRAL', 'NEUTRAL', 'CLEAR', 'CLEAR', 'OPENING', 'BANCO_AMBOS')",85,9,9,100.000,ATTACK_STRONG,24.706,1.840254,6.2981
"('TANK', 'TANK', 'OFFENSIVE_ADV', 'SAFE', 'FULL', 'FIELD_SHARED', 'SLOWER', 'MEC_USED', 'CLEAN', 'CLEAN', 'NEUTRAL', 'NEUTRAL', 'CLEAR', 'CLEAR', 'OPENING', 'BANCO_OFF')",85,13,13,100.000,ATTACK_STRONG,16.471,2.360089,10.5919
"('TANK', 'TANK', 'NEUTRAL', 'SAFE', 'SAFE', 'NORMAL', 'SLOWER', 'MEC_USED', 'CLEAN', 'CLEAN', 'NEUTRAL', 'NEUTRAL', 'CLEAR', 'CLEAR', 'OPENING', 'BANCO_VAZIO')",85,14,14,100.000,HEAL,32.941,2.169447,8.7534
"('TANK', 'TANK', 'DEFENSIVE_DIS', 'SAFE', 'FULL', 'NORMAL', 'FASTER', 'MEC_USED', 'CLEAN', 'CLEAN', 'NEUTRAL', 'NEUTRAL', 'CLEAR', 'CLEAR', 'OPENING', 'BANCO_AMBOS')",84,15,15,100.000,ATTACK_STRONG,27.381,2.355156,10.5398
"('TANK', 'TANK', 'DOMINANT', 'FULL', 'FULL', 'FIELD_THEIRS', 'FASTER', 'MEC_USED', 'CLEAN', 'CLEAN', 'NEUTRAL', 'NEUTRAL', 'CLEAR', 'CLEAR', 'OPENING', 'BANCO_OFF')",84,10,10,100.000,ATTACK_STRONG,17.857,2.184152,8.8831
"('UTILITY', 'TANK', 'OFFENSIVE_ADV', 'FULL', 'FULL', 'FIELD_THEIRS', 'FASTER', 'MEC_USED', 'CLEAN', 'CLEAN', 'NEUTRAL', 'NEUTRAL', 'CLEAR', 'CLEAR', 'OPENING', 'BANCO_OFF')",84,10,10,100.000,HAZARD,26.190,2.140663,8.5051
"('TANK', 'SWEEPER', 'OFFENSIVE_DIS', 'FULL', 'FULL', 'NORMAL', 'SLOWER', 'MEC_USED', 'CLEAN', 'CLEAN', 'NEUTRAL', 'NEUTRAL', 'CLEAR', 'CLEAR', 'OPENING', 'BANCO_OFF')",83,15,15,100.000,PROTECT,31.325,2.239741,9.3909
"('TANK', 'TANK', 'OFFENSIVE_ADV', 'SAFE', 'FULL', 'FIELD_THEIRS', 'SLOWER', 'MEC_USED', 'CLEAN', 'CLEAN', 'NEUTRAL', 'NEUTRAL', 'CLEAR', 'CLEAR', 'OPENING', 'BANCO_OFF')",83,12,12,100.000,ATTACK_TECH,18.072,2.301454,9.9887
"('TANK', 'TANK', 'OFFENSIVE_ADV', 'FULL', 'SAFE', 'FIELD_THEIRS', 'FASTER', 'MEC_USED', 'CLEAN', 'CLEAN', 'NEUTRAL', 'NEUTRAL', 'CLEAR', 'CLEAR', 'OPENING', 'BANCO_OFF')",83,13,13,100.000,ATTACK_STRONG,18.072,2.347704,10.4615
"('TANK', 'TANK', 'OFFENSIVE_ADV', 'FULL', 'FULL', 'NORMAL', 'FASTER', 'MEC_USED', 'CLEAN', 'CLEAN', 'NEUTRAL', 'NEUTRAL', 'SET', 'CLEAR', 'OPENING', 'BANCO_AMBOS')",83,12,12,100.000,CLEAN_HAZARD,51.807,1.747512,5.7403
"('SWEEPER', 'TANK', 'DOMINANT', 'FULL', 'FULL', 'NORMAL', 'FASTER', 'MEC_USED', 'CLEAN', 'CLEAN', 'NEUTRAL', 'NEUTRAL', 'CLEAR', 'CLEAR', 'OPENING', 'BANCO_AMBOS')",82,10,10,100.000,HAZARD,35.366,1.959954,7.0990
"('TANK', 'TANK', 'NEUTRAL', 'SAFE', 'FULL', 'NORMAL', 'SLOWER', 'MEC_USED', 'CLEAN', 'CLEAN', 'NEUTRAL', 'NEUTRAL', 'CLEAR', 'CLEAR', 'OPENING', 'BANCO_AMBOS')",82,15,15,100.000,SWITCH_OFFENSIVE,19.512,2.489356,12.0535
"('TANK', 'TANK', 'OFFENSIVE_DIS', 'FULL', 'FULL', 'FIELD_THEIRS', 'FASTER', 'MEC_USED', 'CLEAN', 'CLEAN', 'NEUTRAL', 'NEUTRAL', 'CLEAR', 'CLEAR', 'OPENING', 'BANCO_AMBOS')",81,16,16,100.000,HEAL_STATUS,11.111,2.612831,13.6376
"('TANK', 'TANK', 'NEUTRAL', 'FULL', 'SAFE', 'NORMAL', 'FASTER', 'MEC_USED', 'CLEAN', 'CLEAN', 'NEUTRAL', 'NEUTRAL', 'SET', 'CLEAR', 'OPENING', 'BANCO_OFF')",81,15,15,100.000,CLEAN_HAZARD,23.457,2.410354,11.1379
"('TANK', 'TANK', 'NEUTRAL', 'FULL', 'FULL', 'FIELD_SHARED', 'FASTER', 'MEC_USED', 'CLEAN', 'CLEAN', 'NEUTRAL', 'NEUTRAL', 'CLEAR', 'CLEAR', 'OPENING', 'BANCO_VAZIO')",81,13,13,100.000,HEAL,24.691,2.283701,9.8129
"('TANK', 'TANK', 'NEUTRAL', 'FULL', 'FULL', 'NORMAL', 'SLOWER', 'MEC_USED', 'CLEAN', 'CLEAN', 'NEUTRAL', 'NEUTRAL', 'SET', 'CLEAR', 'OPENING', 'BANCO_OFF')",80,13,14,92.857,HEAL,17.500,2.431402,11.3748
"('TANK', 'TANK', 'DEFENSIVE_ADV', 'FULL', 'FULL', 'FIELD_SHARED', 'FASTER', 'MEC_USED', 'CLEAN', 'CLEAN', 'NEUTRAL', 'NEUTRAL', 'CLEAR', 'CLEAR', 'OPENING', 'BANCO_AMBOS')",80,14,14,100.000,ATTACK_PIVOT,23.750,2.340065,10.3819
"('TANK', 'SWEEPER', 'NEUTRAL', 'FULL', 'FULL', 'NORMAL', 'SLOWER', 'MEC_USED', 'CLEAN', 'CLEAN', 'NEUTRAL', 'NEUTRAL', 'CLEAR', 'CLEAR', 'OPENING', 'BANCO_OFF')",80,14,16,87.500,HEAL,20.000,2.472939,11.8572
"('TANK', 'TANK', 'DEFENSIVE_DIS', 'FULL', 'FULL', 'NORMAL', 'FASTER', 'MEC_USED', 'CLEAN', 'CLEAN', 'NEUTRAL', 'NEUTRAL', 'CLEAR', 'CLEAR', 'OPENING', 'BANCO_VAZIO')",80,13,14,92.857,PROTECT,22.500,2.235334,9.3496
"('TANK', 'TANK', 'DOMINANT', 'FULL', 'FULL', 'FIELD_SHARED', 'SLOWER', 'MEC_USED', 'CLEAN', 'CLEAN', 'NEUTRAL', 'NEUTRAL', 'CLEAR', 'CLEAR', 'OPENING', 'BANCO_AMBOS')",79,11,11,100.000,HAZARD,17.722,2.231489,9.3137
"('TANK', 'TANK', 'OFFENSIVE_ADV', 'SAFE', 'FULL', 'NORMAL', 'FASTER', 'MEC_USED', 'CLEAN', 'CLEAN', 'NEUTRAL', 'NEUTRAL', 'SET', 'CLEAR', 'OPENING', 'BANCO_OFF')",79,15,15,100.000,BUFF,18.987,2.365866,10.6533
"('TANK', 'SWEEPER', 'NEUTRAL', 'FULL', 'FULL', 'FIELD_SHARED', 'SLOWER', 'MEC_USED', 'CLEAN', 'CLEAN', 'NEUTRAL', 'NEUTRAL', 'CLEAR', 'CLEAR', 'OPENING', 'BANCO_AMBOS')",79,15,15,100.000,SWITCH_OFFENSIVE,16.456,2.487095,12.0263
"('UTILITY', 'TANK', 'DOMINANT', 'FULL', 'FULL', 'NORMAL', 'FASTER', 'MEC_USED', 'CLEAN', 'CLEAN', 'NEUTRAL', 'NEUTRAL', 'CLEAR', 'CLEAR', 'OPENING', 'BANCO_OFF')",79,10,10,100.000,SWITCH_DEFENSIVE,31.646,1.980239,7.2445
"('TANK', 'TANK', 'NEUTRAL', 'FULL', 'FULL', 'FIELD_SHARED', 'SLOWER', 'MEC_USED', 'CLEAN', 'CLEAN', 'NEUTRAL', 'NEUTRAL', 'CLEAR', 'CLEAR', 'OPENING', 'BANCO_VAZIO')",78,15,15,100.000,SWITCH_DEFENSIVE,19.231,2.501897,12.2056
"('TANK', 'TANK', 'OFFENSIVE_DIS', 'FULL', 'FULL', 'NORMAL', 'SLOWER', 'MEC_USED', 'CLEAN', 'CLEAN', 'NEUTRAL', 'NEUTRAL', 'CLEAR', 'CLEAR', 'RECOVERING', 'BANCO_VAZIO')",78,11,13,84.615,STAT_CLEAN,71.795,1.185814,3.2733
"('TANK', 'UTILITY', 'DEFENSIVE_DIS', 'FULL', 'FULL', 'NORMAL', 'SLOWER', 'MEC_USED', 'CLEAN', 'CLEAN', 'NEUTRAL', 'NEUTRAL', 'CLEAR', 'CLEAR', 'OPENING', 'BANCO_AMBOS')",77,15,16,93.750,PROTECT,16.883,2.536688,12.6377
"('TANK', 'TANK', 'CRITICAL_DIS', 'FULL', 'FULL', 'FIELD_THEIRS', 'SLOWER', 'MEC_USED', 'CLEAN', 'CLEAN', 'NEUTRAL', 'NEUTRAL', 'CLEAR', 'CLEAR', 'OPENING', 'BANCO_AMBOS')",77,15,16,93.750,PROTECT,19.481,2.502864,12.2174
"('TANK', 'SWEEPER', 'OFFENSIVE_ADV', 'SAFE', 'FULL', 'NORMAL', 'SLOWER', 'MEC_USED', 'CLEAN', 'CLEAN', 'NEUTRAL', 'NEUTRAL', 'CLEAR', 'CLEAR', 'OPENING', 'BANCO_OFF')",76,15,15,100.000,ATTACK_PIVOT,13.158,2.545672,12.7518
"('TANK', 'SWEEPER', 'DEFENSIVE_DIS', 'FULL', 'FULL', 'FIELD_OURS_DEF', 'SLOWER', 'MEC_USED', 'CLEAN', 'CLEAN', 'NEUTRAL', 'NEUTRAL', 'CLEAR', 'CLEAR', 'OPENING', 'BANCO_OFF')",76,7,9,77.778,ATTACK_STRONG,76.316,0.871631,2.3908
"('TANK', 'TANK', 'DEFENSIVE_DIS', 'FULL', 'FULL', 'FIELD_THEIRS', 'SLOWER', 'MEC_USED', 'CLEAN', 'CLEAN', 'NEUTRAL', 'NEUTRAL', 'CLEAR', 'CLEAR', 'OPENING', 'BANCO_AMBOS')",76,15,15,100.000,ATTACK_PIVOT,13.158,2.531968,12.5782
"('TANK', 'TANK', 'OFFENSIVE_DIS', 'SAFE', 'FULL', 'NORMAL', 'SLOWER', 'MEC_USED', 'CLEAN', 'CLEAN', 'NEUTRAL', 'NEUTRAL', 'CLEAR', 'CLEAR', 'OPENING', 'BANCO_OFF')",76,15,15,100.000,PROTECT,10.526,2.599249,13.4536
"('TANK', 'TANK', 'NEUTRAL', 'FULL', 'SAFE', 'NORMAL', 'FASTER', 'MEC_USED', 'CLEAN', 'CLEAN', 'NEUTRAL', 'NEUTRAL', 'CLEAR', 'CLEAR', 'OPENING', 'BANCO_VAZIO')",76,13,15,86.667,ATTACK_TECH,23.684,2.280831,9.7848
"('TANK', 'TANK', 'DOMINANT', 'FULL', 'FULL', 'NORMAL', 'FASTER', 'MEC_USED', 'CLEAN', 'CLEAN', 'NEUTRAL', 'NEUTRAL', 'SET', 'CLEAR', 'OPENING', 'BANCO_AMBOS')",76,10,13,76.923,CLEAN_HAZARD,57.895,1.524027,4.5907
"('TANK', 'TANK', 'OFFENSIVE_ADV', 'FULL', 'FULL', 'NORMAL', 'SLOWER', 'MEC_USED', 'CLEAN', 'CLEAN', 'NEUTRAL', 'NEUTRAL', 'SET', 'CLEAR', 'OPENING', 'BANCO_OFF')",75,15,15,100.000,ATTACK_STRONG,17.333,2.406114,11.0908
"('TANK', 'TANK', 'NEUTRAL', 'FULL', 'FULL', 'FIELD_OURS_OFF', 'SLOWER', 'MEC_USED', 'CLEAN', 'CLEAN', 'NEUTRAL', 'NEUTRAL', 'CLEAR', 'CLEAR', 'OPENING', 'BANCO_OFF')",74,11,11,100.000,HEAL,35.135,2.063315,7.8720
"('TANK', 'TANK', 'OFFENSIVE_DIS', 'SAFE', 'SAFE', 'NORMAL', 'SLOWER', 'MEC_USED', 'CLEAN', 'CLEAN', 'NEUTRAL', 'NEUTRAL', 'CLEAR', 'CLEAR', 'OPENING', 'BANCO_OFF')",74,15,15,100.000,HAZARD,27.027,2.388603,10.8983
"('TANK', 'TANK', 'OFFENSIVE_DIS', 'FULL', 'FULL', 'FIELD_SHARED', 'SLOWER', 'MEC_USED', 'CLEAN', 'CLEAN', 'NEUTRAL', 'NEUTRAL', 'CLEAR', 'CLEAR', 'OPENING', 'BANCO_AMBOS')",74,15,15,100.000,HEAL,16.216,2.560471,12.9419
"('TANK', 'TANK', 'OFFENSIVE_DIS', 'FULL', 'FULL', 'NORMAL', 'SLOWER', 'MEC_USED', 'AFFLICTED', 'AFFLICTED', 'NEUTRAL', 'NEUTRAL', 'CLEAR', 'CLEAR', 'RECOVERING', 'BANCO_VAZIO')",74,6,9,66.667,CLEAN_HAZARD,67.568,0.952582,2.5924
"('TANK', 'TANK', 'DEFENSIVE_DIS', 'SAFE', 'FULL', 'NORMAL', 'SLOWER', 'MEC_USED', 'CLEAN', 'CLEAN', 'NEUTRAL', 'NEUTRAL', 'CLEAR', 'CLEAR', 'OPENING', 'BANCO_OFF')",73,14,14,100.000,ATTACK_STRONG,13.699,2.530697,12.5623
"('SWEEPER', 'TANK', 'DEFENSIVE_DIS', 'FULL', 'FULL', 'FIELD_THEIRS', 'FASTER', 'MEC_USED', 'CLEAN', 'CLEAN', 'NEUTRAL', 'NEUTRAL', 'CLEAR', 'CLEAR', 'OPENING', 'BANCO_AMBOS')",73,9,9,100.000,SWITCH_OFFENSIVE,38.356,1.840430,6.2992
"('TANK', 'TANK', 'OFFENSIVE_ADV', 'FULL', 'FULL', 'NORMAL', 'FASTER', 'MEC_USED', 'CLEAN', 'CLEAN', 'NEUTRAL', 'NEUTRAL', 'CLEAR', 'CLEAR', 'BRAWL', 'BANCO_OFF')",73,12,13,92.308,SWITCH_OFFENSIVE,34.247,2.078974,7.9963
"('TANK', 'TANK', 'DOMINANT', 'FULL', 'FULL', 'FIELD_THEIRS', 'SLOWER', 'MEC_USED', 'CLEAN', 'CLEAN', 'NEUTRAL', 'NEUTRAL', 'CLEAR', 'CLEAR', 'OPENING', 'BANCO_OFF')",73,14,14,100.000,SWITCH_DEFENSIVE,16.438,2.436515,11.4331
"('TANK', 'UTILITY', 'NEUTRAL', 'FULL', 'FULL', 'NORMAL', 'SLOWER', 'MEC_USED', 'CLEAN', 'CLEAN', 'NEUTRAL', 'NEUTRAL', 'CLEAR', 'CLEAR', 'OPENING', 'BANCO_OFF')",73,15,16,93.750,ATTACK_PIVOT,21.918,2.491126,12.0749
"('TANK', 'TANK', 'DEFENSIVE_DIS', 'SAFE', 'FULL', 'NORMAL', 'FASTER', 'MEC_USED', 'CLEAN', 'CLEAN', 'NEUTRAL', 'NEUTRAL', 'CLEAR', 'CLEAR', 'OPENING', 'BANCO_OFF')",72,15,15,100.000,HEAL,20.833,2.446533,11.5482
"('TANK', 'TANK', 'DOMINANT', 'FULL', 'FULL', 'FIELD_SHARED', 'SLOWER', 'MEC_USED', 'CLEAN', 'CLEAN', 'NEUTRAL', 'NEUTRAL', 'CLEAR', 'CLEAR', 'OPENING', 'BANCO_OFF')",72,13,13,100.000,HAZARD,27.778,2.236325,9.3589
"('TANK', 'TANK', 'DEFENSIVE_DIS', 'FULL', 'FULL', 'FIELD_OURS_OFF', 'SLOWER', 'MEC_USED', 'CLEAN', 'CLEAN', 'NEUTRAL', 'NEUTRAL', 'CLEAR', 'CLEAR', 'OPENING', 'BANCO_OFF')",72,11,11,100.000,STATUS,33.333,2.027165,7.5925
"('TANK', 'SWEEPER', 'OFFENSIVE_ADV', 'FULL', 'FULL', 'FIELD_THEIRS', 'SLOWER', 'MEC_USED', 'CLEAN', 'CLEAN', 'NEUTRAL', 'NEUTRAL', 'CLEAR', 'CLEAR', 'OPENING', 'BANCO_OFF')",71,14,14,100.000,DISRUPTION,14.085,2.527072,12.5168
"('TANK', 'TANK', 'NEUTRAL', 'SAFE', 'FULL', 'NORMAL', 'SLOWER', 'MEC_USED', 'CLEAN', 'CLEAN', 'NEUTRAL', 'NEUTRAL', 'SET', 'CLEAR', 'OPENING', 'BANCO_OFF')",71,15,15,100.000,STAT_CLEAN,23.944,2.384381,10.8523
"('SWEEPER', 'TANK', 'NEUTRAL', 'FULL', 'FULL', 'NORMAL', 'FASTER', 'MEC_USED', 'CLEAN', 'CLEAN', 'NEUTRAL', 'DEBUFF', 'CLEAR', 'CLEAR', 'OPENING', 'BANCO_AMBOS')",71,7,7,100.000,CLEAN_HAZARD,38.028,1.621425,5.0603
"('TANK', 'TANK', 'STALEMATE', 'FULL', 'FULL', 'FIELD_SHARED', 'SLOWER', 'MEC_USED', 'CLEAN', 'CLEAN', 'NEUTRAL', 'NEUTRAL', 'CLEAR', 'CLEAR', 'OPENING', 'BANCO_OFF')",71,13,13,100.000,ATTACK_PIVOT,16.901,2.308032,10.0546
"('TANK', 'TANK', 'NEUTRAL', 'SAFE', 'SAFE', 'FIELD_SHARED', 'SLOWER', 'MEC_USED', 'CLEAN', 'CLEAN', 'NEUTRAL', 'NEUTRAL', 'CLEAR', 'CLEAR', 'OPENING', 'BANCO_OFF')",70,14,15,93.333,ATTACK_TECH,15.714,2.441066,11.4853
"('TANK', 'TANK', 'DEFENSIVE_DIS', 'FULL', 'FULL', 'FIELD_OURS_DEF', 'FASTER', 'MEC_USED', 'CLEAN', 'CLEAN', 'NEUTRAL', 'NEUTRAL', 'CLEAR', 'CLEAR', 'OPENING', 'BANCO_OFF')",70,12,12,100.000,SWITCH_OFFENSIVE,27.143,2.169531,8.7542
"('TANK', 'TANK', 'DEFENSIVE_ADV', 'FULL', 'FULL', 'FIELD_SHARED', 'SLOWER', 'MEC_USED', 'CLEAN', 'CLEAN', 'NEUTRAL', 'NEUTRAL', 'CLEAR', 'CLEAR', 'OPENING', 'BANCO_AMBOS')",69,11,11,100.000,ATTACK_TECH,14.493,2.280719,9.7837
"('SWEEPER', 'TANK', 'OFFENSIVE_ADV', 'FULL', 'FULL', 'FIELD_OURS_OFF', 'FASTER', 'MEC_USED', 'CLEAN', 'CLEAN', 'NEUTRAL', 'NEUTRAL', 'CLEAR', 'CLEAR', 'OPENING', 'BANCO_AMBOS')",69,11,12,91.667,ATTACK_PIVOT,30.435,1.885014,6.5864
"('TANK', 'TANK', 'DEFENSIVE_DIS', 'FULL', 'FULL', 'FIELD_OURS_OFF', 'FASTER', 'MEC_USED', 'CLEAN', 'CLEAN', 'NEUTRAL', 'NEUTRAL', 'CLEAR', 'CLEAR', 'OPENING', 'BANCO_OFF')",69,11,13,84.615,ATTACK_PIVOT,28.986,2.035802,7.6584
"('TANK', 'SWEEPER', 'NEUTRAL', 'FULL', 'FULL', 'NORMAL', 'SLOWER', 'MEC_USED', 'CLEAN', 'CLEAN', 'NEUTRAL', 'NEUTRAL', 'CLEAR', 'CLEAR', 'OPENING', 'BANCO_AMBOS')",69,13,14,92.857,STATUS,26.087,2.122810,8.3546
"('TANK', 'TANK', 'DEFENSIVE_DIS', 'SAFE', 'FULL', 'FIELD_THEIRS', 'FASTER', 'MEC_USED', 'CLEAN', 'CLEAN', 'NEUTRAL', 'NEUTRAL', 'CLEAR', 'CLEAR', 'OPENING', 'BANCO_OFF')",69,12,13,92.308,HEAL,15.942,2.313522,10.1100
"('TANK', 'TANK', 'NEUTRAL', 'SAFE', 'FULL', 'NORMAL', 'SLOWER', 'MEC_USED', 'CLEAN', 'CLEAN', 'NEUTRAL', 'NEUTRAL', 'CLEAR', 'CLEAR', 'RECOVERING', 'BANCO_VAZIO')",69,11,12,91.667,STAT_CLEAN,28.986,1.866572,6.4661
"('TANK', 'TANK', 'NEUTRAL', 'SAFE', 'SAFE', 'NORMAL', 'FASTER', 'MEC_USED', 'CLEAN', 'CLEAN', 'NEUTRAL', 'NEUTRAL', 'CLEAR', 'CLEAR', 'OPENING', 'BANCO_AMBOS')",68,13,14,92.857,HEAL,16.176,2.385041,10.8595
"('UTILITY', 'TANK', 'DEFENSIVE_DIS', 'FULL', 'FULL', 'NORMAL', 'FASTER', 'MEC_USED', 'CLEAN', 'CLEAN', 'NEUTRAL', 'NEUTRAL', 'CLEAR', 'CLEAR', 'OPENING', 'BANCO_OFF')",68,10,10,100.000,ATTACK_STRONG,27.941,2.056477,7.8184
"('TANK', 'TANK', 'DEFENSIVE_DIS', 'FULL', 'FULL', 'FIELD_OURS_DEF', 'SLOWER', 'MEC_USED', 'CLEAN', 'CLEAN', 'NEUTRAL', 'NEUTRAL', 'CLEAR', 'CLEAR', 'OPENING', 'BANCO_OFF')",68,8,8,100.000,SWITCH_DEFENSIVE,35.294,1.517446,4.5606
"('TANK', 'UTILITY', 'OFFENSIVE_ADV', 'FULL', 'FULL', 'NORMAL', 'SLOWER', 'MEC_USED', 'CLEAN', 'CLEAN', 'NEUTRAL', 'NEUTRAL', 'CLEAR', 'CLEAR', 'OPENING', 'BANCO_AMBOS')",67,9,12,75.000,SWITCH_DEFENSIVE,49.254,1.645646,5.1844
"('TANK', 'TANK', 'CRITICAL_DIS', 'FULL', 'FULL', 'NORMAL', 'FASTER', 'MEC_USED', 'CLEAN', 'CLEAN', 'NEUTRAL', 'NEUTRAL', 'CLEAR', 'CLEAR', 'OPENING', 'BANCO_AMBOS')",67,13,14,92.857,SWITCH_DEFENSIVE,23.881,2.301659,9.9907
"('SWEEPER', 'TANK', 'DOMINANT', 'FULL', 'FULL', 'FIELD_OURS_OFF', 'FASTER', 'MEC_USED', 'CLEAN', 'CLEAN', 'NEUTRAL', 'NEUTRAL', 'CLEAR', 'CLEAR', 'OPENING', 'BANCO_OFF')",67,10,10,100.000,HEAL,46.269,1.776015,5.9063
"('TANK', 'TANK', 'NEUTRAL', 'FULL', 'FULL', 'FIELD_THEIRS', 'FASTER', 'MEC_USED', 'CLEAN', 'CLEAN', 'NEUTRAL', 'NEUTRAL', 'CLEAR', 'CLEAR', 'OPENING', 'BANCO_VAZIO')",66,11,11,100.000,ATTACK_TECH,30.303,2.064186,7.8789
"('TANK', 'TANK', 'DEFENSIVE_DIS', 'FULL', 'FULL', 'FIELD_SHARED', 'SLOWER', 'MEC_USED', 'CLEAN', 'CLEAN', 'NEUTRAL', 'NEUTRAL', 'CLEAR', 'CLEAR', 'OPENING', 'BANCO_OFF')",66,14,14,100.000,SWITCH_DEFENSIVE,16.667,2.458900,11.6919
"('TANK', 'TANK', 'DOMINANT', 'FULL', 'FULL', 'NORMAL', 'FASTER', 'MEC_USED', 'CLEAN', 'CLEAN', 'NEUTRAL', 'NEUTRAL', 'CLEAR', 'CLEAR', 'OPENING', 'BANCO_VAZIO')",66,11,12,91.667,STATUS,16.667,2.248005,9.4688
"('TANK', 'TANK', 'NEUTRAL', 'FULL', 'FULL', 'NORMAL', 'FASTER', 'MEC_USED', 'CLEAN', 'CLEAN', 'NEUTRAL', 'NEUTRAL', 'CLEAR', 'CLEAR', 'OPENING', 'BANCO_DEF')",66,14,14,100.000,HEAL,22.727,2.386015,10.8701
"('SWEEPER', 'TANK', 'OFFENSIVE_ADV', 'FULL', 'FULL', 'FIELD_THEIRS', 'FASTER', 'MEC_USED', 'CLEAN', 'CLEAN', 'NEUTRAL', 'DEBUFF', 'CLEAR', 'CLEAR', 'OPENING', 'BANCO_OFF')",66,7,7,100.000,ATTACK_PIVOT,24.242,1.853414,6.3816
"('TANK', 'TANK', 'NEUTRAL', 'FULL', 'FULL', 'NORMAL', 'SLOWER', 'MEC_USED', 'CLEAN', 'CLEAN', 'NEUTRAL', 'NEUTRAL', 'CLEAR', 'CLEAR', 'RECOVERING', 'BANCO_VAZIO')",66,14,14,100.000,PROTECT,19.697,2.432810,11.3908
"('TANK', 'SWEEPER', 'NEUTRAL', 'FULL', 'FULL', 'FIELD_OURS_OFF', 'SLOWER', 'MEC_USED', 'CLEAN', 'CLEAN', 'NEUTRAL', 'NEUTRAL', 'CLEAR', 'CLEAR', 'OPENING', 'BANCO_AMBOS')",65,12,12,100.000,ATTACK_STRONG,15.385,2.358852,10.5788
"('TANK', 'TANK', 'NEUTRAL', 'SAFE', 'SAFE', 'NORMAL', 'FASTER', 'MEC_USED', 'CLEAN', 'CLEAN', 'NEUTRAL', 'NEUTRAL', 'SET', 'CLEAR', 'OPENING', 'BANCO_OFF')",65,15,16,93.750,HEAL,36.923,2.170516,8.7628
"('TANK', 'TANK', 'NEUTRAL', 'SAFE', 'FULL', 'NORMAL', 'SLOWER', 'MEC_USED', 'CLEAN', 'CLEAN', 'NEUTRAL', 'NEUTRAL', 'CLEAR', 'CLEAR', 'OPENING', 'BANCO_VAZIO')",65,14,14,100.000,STATUS,16.923,2.357185,10.5612
"('TANK', 'TANK', 'NEUTRAL', 'SAFE', 'FULL', 'FIELD_THEIRS', 'FASTER', 'MEC_USED', 'CLEAN', 'CLEAN', 'NEUTRAL', 'NEUTRAL', 'CLEAR', 'CLEAR', 'OPENING', 'BANCO_OFF')",65,15,15,100.000,HEAL,30.769,2.332543,10.3041
"('TANK', 'TANK', 'VOLATILE', 'FULL', 'SAFE', 'NORMAL', 'FASTER', 'MEC_USED', 'CLEAN', 'CLEAN', 'NEUTRAL', 'NEUTRAL', 'CLEAR', 'CLEAR', 'OPENING', 'BANCO_OFF')",64,14,14,100.000,ATTACK_TECH,14.062,2.481598,11.9604
"('TANK', 'TANK', 'DEFENSIVE_DIS', 'FULL', 'FULL', 'NORMAL', 'FASTER', 'MEC_AVAIL', 'CLEAN', 'CLEAN', 'NEUTRAL', 'NEUTRAL', 'CLEAR', 'CLEAR', 'OPENING', 'BANCO_AMBOS')",64,15,20,75.000,ATTACK_TECH_MEC,15.625,2.549022,12.7946
"('TANK', 'SWEEPER', 'OFFENSIVE_ADV', 'FULL', 'FULL', 'FIELD_SHARED', 'SLOWER', 'MEC_USED', 'CLEAN', 'CLEAN', 'NEUTRAL', 'NEUTRAL', 'CLEAR', 'CLEAR', 'OPENING', 'BANCO_OFF')",64,14,14,100.000,HAZARD,32.812,2.271911,9.6979
"('SWEEPER', 'TANK', 'OFFENSIVE_ADV', 'SAFE', 'FULL', 'NORMAL', 'FASTER', 'MEC_USED', 'CLEAN', 'CLEAN', 'NEUTRAL', 'NEUTRAL', 'CLEAR', 'CLEAR', 'OPENING', 'BANCO_OFF')",64,10,10,100.000,ATTACK_STRONG,23.438,2.115050,8.2900
"('TANK', 'TANK', 'OFFENSIVE_ADV', 'FULL', 'FULL', 'FIELD_OURS_OFF', 'SLOWER', 'MEC_USED', 'CLEAN', 'CLEAN', 'NEUTRAL', 'NEUTRAL', 'CLEAR', 'CLEAR', 'OPENING', 'BANCO_AMBOS')",64,12,13,92.308,ATTACK_PIVOT,35.938,2.035946,7.6595
"('TANK', 'TANK', 'NEUTRAL', 'FULL', 'SAFE', 'NORMAL', 'FASTER', 'MEC_USED', 'CLEAN', 'CLEAN', 'NEUTRAL', 'NEUTRAL', 'CLEAR', 'CLEAR', 'OPENING', 'BANCO_AMBOS')",64,13,14,92.857,BUFF,10.938,2.486076,12.0140
"('TANK', 'TANK', 'DEFENSIVE_DIS', 'FULL', 'FULL', 'FIELD_OURS_OFF', 'SLOWER', 'MEC_USED', 'CLEAN', 'CLEAN', 'NEUTRAL', 'NEUTRAL', 'CLEAR', 'CLEAR', 'OPENING', 'BANCO_AMBOS')",63,13,13,100.000,SWITCH_OFFENSIVE,17.460,2.383407,10.8418
"('TANK', 'TANK', 'NEUTRAL', 'FULL', 'FULL', 'FIELD_THEIRS', 'FASTER', 'MEC_AVAIL', 'CLEAN', 'CLEAN', 'NEUTRAL', 'NEUTRAL', 'CLEAR', 'CLEAR', 'OPENING', 'BANCO_OFF')",63,15,16,93.750,ATTACK_STRONG_MEC,12.698,2.529235,12.5439
"('TANK', 'TANK', 'VOLATILE', 'FULL', 'FULL', 'FIELD_THEIRS', 'FASTER', 'MEC_AVAIL', 'CLEAN', 'CLEAN', 'NEUTRAL', 'NEUTRAL', 'CLEAR', 'CLEAR', 'OPENING', 'BANCO_AMBOS')",63,13,14,92.857,ATTACK_STRONG_MEC,47.619,1.886764,6.5980
"('TANK', 'TANK', 'CRITICAL_DIS', 'FULL', 'FULL', 'FIELD_THEIRS', 'FASTER', 'MEC_USED', 'CLEAN', 'CLEAN', 'NEUTRAL', 'NEUTRAL', 'CLEAR', 'CLEAR', 'OPENING', 'BANCO_OFF')",63,13,13,100.000,BARRIER,17.460,2.409392,11.1272
"('TANK', 'SWEEPER', 'DEFENSIVE_DIS', 'FULL', 'FULL', 'FIELD_OURS_OFF', 'SLOWER', 'MEC_USED', 'CLEAN', 'CLEAN', 'DEBUFF', 'NEUTRAL', 'CLEAR', 'CLEAR', 'OPENING', 'BANCO_OFF')",63,8,8,100.000,ATTACK_PIVOT,38.095,1.804003,6.0739
"('TANK', 'UTILITY', 'OFFENSIVE_DIS', 'FULL', 'FULL', 'NORMAL', 'SLOWER', 'MEC_USED', 'CLEAN', 'CLEAN', 'NEUTRAL', 'NEUTRAL', 'CLEAR', 'CLEAR', 'OPENING', 'BANCO_AMBOS')",63,11,12,91.667,CLEAN_HAZARD,30.159,2.116104,8.2987
"('TANK', 'TANK', 'OFFENSIVE_ADV', 'FULL', 'DANGER', 'NORMAL', 'FASTER', 'MEC_USED', 'CLEAN', 'CLEAN', 'NEUTRAL', 'NEUTRAL', 'CLEAR', 'CLEAR', 'OPENING', 'BANCO_OFF')",62,13,13,100.000,HEAL,16.129,2.412153,11.1580
"('SWEEPER', 'TANK', 'NEUTRAL', 'FULL', 'FULL', 'NORMAL', 'FASTER', 'MEC_USED', 'CLEAN', 'CLEAN', 'NEUTRAL', 'DEBUFF', 'CLEAR', 'CLEAR', 'OPENING', 'BANCO_OFF')",62,6,9,66.667,SWITCH_DEFENSIVE,20.968,1.695867,5.4514
"('TANK', 'TANK', 'OFFENSIVE_DIS', 'SAFE', 'SAFE', 'NORMAL', 'FASTER', 'MEC_USED', 'CLEAN', 'CLEAN', 'NEUTRAL', 'NEUTRAL', 'CLEAR', 'CLEAR', 'OPENING', 'BANCO_OFF')",62,16,16,100.000,HEAL,12.903,2.595394,13.4019
"('TANK', 'TANK', 'NEUTRAL', 'SAFE', 'FULL', 'NORMAL', 'FASTER', 'MEC_USED', 'CLEAN', 'CLEAN', 'NEUTRAL', 'NEUTRAL', 'SET', 'CLEAR', 'OPENING', 'BANCO_AMBOS')",62,14,14,100.000,HEAL,20.968,2.428967,11.3472
"('SWEEPER', 'TANK', 'OFFENSIVE_ADV', 'FULL', 'FULL', 'FIELD_THEIRS', 'FASTER', 'MEC_USED', 'CLEAN', 'CLEAN', 'NEUTRAL', 'NEUTRAL', 'CLEAR', 'CLEAR', 'OPENING', 'BANCO_OFF')",61,10,10,100.000,ATTACK_STRONG,29.508,1.981862,7.2562
"('TANK', 'TANK', 'OFFENSIVE_DIS', 'SAFE', 'FULL', 'NORMAL', 'SLOWER', 'MEC_USED', 'AFFLICTED', 'CLEAN', 'DEBUFF', 'NEUTRAL', 'SET', 'SET', 'RECOVERING', 'BANCO_VAZIO')",61,9,12,75.000,HAZARD,57.377,1.266927,3.5499
"('TANK', 'TANK', 'NEUTRAL', 'FULL', 'SAFE', 'FIELD_SHARED', 'SLOWER', 'MEC_USED', 'CLEAN', 'CLEAN', 'NEUTRAL', 'NEUTRAL', 'CLEAR', 'CLEAR', 'OPENING', 'BANCO_OFF')",61,15,15,100.000,ATTACK_PIVOT,18.033,2.466387,11.7798
"('TANK', 'TANK', 'OFFENSIVE_ADV', 'DANGER', 'FULL', 'NORMAL', 'FASTER', 'MEC_USED', 'CLEAN', 'CLEAN', 'NEUTRAL', 'NEUTRAL', 'CLEAR', 'CLEAR', 'OPENING', 'BANCO_OFF')",61,12,13,92.308,SWITCH_DEFENSIVE,21.311,2.270577,9.6850
"('TANK', 'TANK', 'OFFENSIVE_DIS', 'SAFE', 'FULL', 'NORMAL', 'FASTER', 'MEC_USED', 'CLEAN', 'CLEAN', 'NEUTRAL', 'NEUTRAL', 'SET', 'CLEAR', 'OPENING', 'BANCO_VAZIO')",61,8,9,88.889,ATTACK_STRONG,36.066,1.530309,4.6196
"('TANK', 'TANK', 'NEUTRAL', 'FULL', 'DANGER', 'NORMAL', 'SLOWER', 'MEC_USED', 'CLEAN', 'CLEAN', 'NEUTRAL', 'NEUTRAL', 'CLEAR', 'CLEAR', 'OPENING', 'BANCO_OFF')",61,13,14,92.857,CLEAN_HAZARD,29.508,2.204506,9.0658
"('TANK', 'TANK', 'OFFENSIVE_DIS', 'FULL', 'FULL', 'NORMAL', 'FASTER', 'MEC_USED', 'AFFLICTED', 'CLEAN', 'NEUTRAL', 'NEUTRAL', 'CLEAR', 'CLEAR', 'RECOVERING', 'BANCO_VAZIO')",60,9,11,81.818,CLEAN_HAZARD,28.333,1.856823,6.4034
"('TANK', 'TANK', 'DEFENSIVE_ADV', 'FULL', 'FULL', 'NORMAL', 'FASTER', 'MEC_USED', 'CLEAN', 'CLEAN', 'NEUTRAL', 'NEUTRAL', 'CLEAR', 'CLEAR', 'OPENING', 'BANCO_AMBOS')",60,13,13,100.000,STATUS,16.667,2.329796,10.2758
"('SWEEPER', 'TANK', 'OFFENSIVE_ADV', 'FULL', 'FULL', 'FIELD_SHARED', 'FASTER', 'MEC_USED', 'CLEAN', 'CLEAN', 'NEUTRAL', 'NEUTRAL', 'CLEAR', 'CLEAR', 'OPENING', 'BANCO_AMBOS')",60,9,9,100.000,SWITCH_DEFENSIVE,21.667,2.070365,7.9277
"('TANK', 'TANK', 'OFFENSIVE_ADV', 'FULL', 'SAFE', 'NORMAL', 'FASTER', 'MEC_AVAIL', 'CLEAN', 'CLEAN', 'NEUTRAL', 'NEUTRAL', 'CLEAR', 'CLEAR', 'OPENING', 'BANCO_OFF')",60,15,20,75.000,ATTACK_STRONG_MEC,16.667,2.434479,11.4099
"('TANK', 'TANK', 'DEFENSIVE_DIS', 'FULL', 'FULL', 'NORMAL', 'SLOWER', 'MEC_USED', 'CLEAN', 'AFFLICTED', 'NEUTRAL', 'NEUTRAL', 'CLEAR', 'CLEAR', 'CLUTCH', 'BANCO_VAZIO')",60,4,7,57.143,STATUS,61.667,0.845930,2.3301
"('TANK', 'TANK', 'NEUTRAL', 'FULL', 'FULL', 'NORMAL', 'SLOWER', 'MEC_USED', 'AFFLICTED', 'AFFLICTED', 'DEBUFF_DEBUFF', 'DEBUFF_DEBUFF', 'SET', 'SET', 'CLUTCH', 'BANCO_VAZIO')",60,2,2,100.000,STATUS,56.667,0.684232,1.9822
"('TANK', 'TANK', 'OFFENSIVE_DIS', 'FULL', 'FULL', 'FIELD_THEIRS', 'FASTER', 'MEC_USED', 'CLEAN', 'CLEAN', 'NEUTRAL', 'NEUTRAL', 'CLEAR', 'CLEAR', 'OPENING', 'BANCO_OFF')",59,13,13,100.000,SWITCH_OFFENSIVE,22.034,2.363512,10.6282
"('TANK', 'TANK', 'NEUTRAL', 'FULL', 'FULL', 'NORMAL', 'SLOWER', 'MEC_USED', 'CLEAN', 'CLEAN', 'NEUTRAL', 'NEUTRAL', 'SET', 'CLEAR', 'OPENING', 'BANCO_AMBOS')",59,13,14,92.857,HEAL,18.644,2.319607,10.1717
"('TANK', 'TANK', 'VOLATILE', 'FULL', 'FULL', 'NORMAL', 'FASTER', 'MEC_USED', 'CLEAN', 'CLEAN', 'NEUTRAL', 'NEUTRAL', 'SET', 'CLEAR', 'OPENING', 'BANCO_OFF')",59,14,14,100.000,CLEAN_HAZARD,44.068,2.070458,7.9285
"('TANK', 'TANK', 'NEUTRAL', 'FULL', 'FULL', 'NORMAL', 'SLOWER', 'MEC_USED', 'AFFLICTED', 'AFFLICTED', 'NEUTRAL', 'NEUTRAL', 'CLEAR', 'SET', 'CLUTCH', 'BANCO_VAZIO')",59,1,1,100.000,HAZARD,100.000,-0.000000,1.0000
"('TANK', 'TANK', 'NEUTRAL', 'FULL', 'SAFE', 'NORMAL', 'SLOWER', 'MEC_USED', 'CLEAN', 'CLEAN', 'NEUTRAL', 'NEUTRAL', 'CLEAR', 'CLEAR', 'OPENING', 'BANCO_AMBOS')",58,14,14,100.000,ATTACK_PIVOT,13.793,2.490605,12.0686
"('TANK', 'TANK', 'DEFENSIVE_DIS', 'FULL', 'SAFE', 'NORMAL', 'FASTER', 'MEC_USED', 'CLEAN', 'CLEAN', 'NEUTRAL', 'NEUTRAL', 'CLEAR', 'CLEAR', 'OPENING', 'BANCO_AMBOS')",58,13,13,100.000,SWITCH_DEFENSIVE,17.241,2.355525,10.5437
"('TANK', 'TANK', 'NEUTRAL', 'FULL', 'FULL', 'NORMAL', 'SLOWER', 'MEC_USED', 'CLEAN', 'CLEAN', 'NEUTRAL', 'NEUTRAL', 'CLEAR', 'SET', 'CLUTCH', 'BANCO_VAZIO')",58,4,14,28.571,HEAL,72.414,0.755051,2.1277
"('TANK', 'TANK', 'CRITICAL_DIS', 'SAFE', 'FULL', 'NORMAL', 'SLOWER', 'MEC_USED', 'CLEAN', 'CLEAN', 'NEUTRAL', 'NEUTRAL', 'CLEAR', 'CLEAR', 'OPENING', 'BANCO_AMBOS')",57,14,15,93.333,SWITCH_OFFENSIVE,38.596,2.106581,8.2201
"('UTILITY', 'TANK', 'VOLATILE', 'FULL', 'FULL', 'FIELD_THEIRS', 'FASTER', 'MEC_USED', 'CLEAN', 'CLEAN', 'NEUTRAL', 'NEUTRAL', 'CLEAR', 'CLEAR', 'OPENING', 'BANCO_AMBOS')",57,8,9,88.889,SWITCH_DEFENSIVE,24.561,1.934281,6.9191
"('TANK', 'TANK', 'OFFENSIVE_ADV', 'FULL', 'SAFE', 'NORMAL', 'FASTER', 'MEC_USED', 'CLEAN', 'CLEAN', 'NEUTRAL', 'NEUTRAL', 'SET', 'CLEAR', 'OPENING', 'BANCO_OFF')",57,13,13,100.000,CLEAN_HAZARD,47.368,1.898477,6.6757
"('TANK', 'SWEEPER', 'OFFENSIVE_DIS', 'SAFE', 'FULL', 'NORMAL', 'SLOWER', 'MEC_USED', 'CLEAN', 'CLEAN', 'NEUTRAL', 'NEUTRAL', 'CLEAR', 'CLEAR', 'OPENING', 'BANCO_OFF')",56,15,15,100.000,CLEAN_HAZARD,25.000,2.452755,11.6203
"('TANK', 'TANK', 'NEUTRAL', 'DANGER', 'SAFE', 'NORMAL', 'SLOWER', 'MEC_USED', 'CLEAN', 'CLEAN', 'NEUTRAL', 'NEUTRAL', 'CLEAR', 'CLEAR', 'OPENING', 'BANCO_OFF')",56,13,13,100.000,ATTACK_TECH,14.286,2.493637,12.1052
"('SWEEPER', 'TANK', 'OFFENSIVE_ADV', 'FULL', 'FULL', 'FIELD_OURS_OFF', 'FASTER', 'MEC_USED', 'CLEAN', 'CLEAN', 'NEUTRAL', 'NEUTRAL', 'CLEAR', 'CLEAR', 'OPENING', 'BANCO_OFF')",56,11,12,91.667,ATTACK_STRONG,41.071,1.890851,6.6250
"('TANK', 'TANK', 'NEUTRAL', 'SAFE', 'SAFE', 'NORMAL', 'SLOWER', 'MEC_USED', 'CLEAN', 'CLEAN', 'NEUTRAL', 'NEUTRAL', 'SET', 'CLEAR', 'OPENING', 'BANCO_OFF')",56,13,14,92.857,HEAL,16.071,2.387029,10.8811
"('TANK', 'TANK', 'OFFENSIVE_ADV', 'FULL', 'FULL', 'NORMAL', 'FASTER', 'MEC_USED', 'CLEAN', 'CLEAN', 'NEUTRAL', 'NEUTRAL', 'CLEAR', 'CLEAR', 'OPENING', 'BANCO_VAZIO')",56,13,13,100.000,ATTACK_STRONG,19.643,2.293945,9.9140
"('TANK', 'TANK', 'OFFENSIVE_ADV', 'SAFE', 'FULL', 'NORMAL', 'FASTER', 'MEC_USED', 'CLEAN', 'CLEAN', 'NEUTRAL', 'NEUTRAL', 'CLEAR', 'CLEAR', 'OPENING', 'BANCO_AMBOS')",56,12,12,100.000,ATTACK_STRONG,19.643,2.279001,9.7669
"('TANK', 'SWEEPER', 'OFFENSIVE_DIS', 'SAFE', 'SAFE', 'NORMAL', 'SLOWER', 'MEC_USED', 'CLEAN', 'CLEAN', 'NEUTRAL', 'NEUTRAL', 'CLEAR', 'CLEAR', 'OPENING', 'BANCO_OFF')",56,15,15,100.000,PROTECT,19.643,2.444180,11.5211
"('TANK', 'TANK', 'OFFENSIVE_ADV', 'FULL', 'FULL', 'NORMAL', 'FASTER', 'MEC_AVAIL', 'CLEAN', 'CLEAN', 'NEUTRAL', 'NEUTRAL', 'CLEAR', 'CLEAR', 'OPENING', 'BANCO_DEF')",56,14,16,87.500,ATTACK_STRONG_MEC,17.857,2.304455,10.0187
"('TANK', 'TANK', 'NEUTRAL', 'SAFE', 'FULL', 'FIELD_SHARED', 'FASTER', 'MEC_USED', 'CLEAN', 'CLEAN', 'NEUTRAL', 'NEUTRAL', 'CLEAR', 'CLEAR', 'OPENING', 'BANCO_OFF')",56,12,13,92.308,HEAL,28.571,2.157445,8.6490
"('TANK', 'TANK', 'CRITICAL_DIS', 'FULL', 'FULL', 'FIELD_OURS_DEF', 'FASTER', 'MEC_USED', 'CLEAN', 'CLEAN', 'NEUTRAL', 'NEUTRAL', 'CLEAR', 'CLEAR', 'OPENING', 'BANCO_OFF')",56,8,8,100.000,SWITCH_DEFENSIVE,28.571,1.795473,6.0223
"('TANK', 'TANK', 'DEFENSIVE_DIS', 'SAFE', 'SAFE', 'NORMAL', 'FASTER', 'MEC_USED', 'CLEAN', 'CLEAN', 'NEUTRAL', 'NEUTRAL', 'CLEAR', 'CLEAR', 'OPENING', 'BANCO_AMBOS')",56,10,13,76.923,HEAL,35.714,1.868092,6.4759
"('TANK', 'TANK', 'OFFENSIVE_ADV', 'SAFE', 'SAFE', 'NORMAL', 'FASTER', 'MEC_USED', 'CLEAN', 'CLEAN', 'NEUTRAL', 'NEUTRAL', 'SET', 'CLEAR', 'OPENING', 'BANCO_OFF')",55,11,13,84.615,ATTACK_STRONG,25.455,2.199670,9.0220
"('TANK', 'TANK', 'DEFENSIVE_DIS', 'FULL', 'SAFE', 'NORMAL', 'FASTER', 'MEC_USED', 'CLEAN', 'CLEAN', 'NEUTRAL', 'NEUTRAL', 'CLEAR', 'CLEAR', 'OPENING', 'BANCO_OFF')",55,14,15,93.333,STATUS,23.636,2.346638,10.4504
"('TANK', 'TANK', 'NEUTRAL', 'FULL', 'FULL', 'NORMAL', 'SLOWER', 'MEC_AVAIL', 'CLEAN', 'CLEAN', 'NEUTRAL', 'NEUTRAL', 'CLEAR', 'CLEAR', 'OPENING', 'BANCO_OFF')",55,16,18,88.889,HAZARD_MEC,14.545,2.530586,12.5609
"('TANK', 'TANK', 'DOMINANT', 'FULL', 'FULL', 'FIELD_OURS_OFF', 'FASTER', 'MEC_USED', 'CLEAN', 'CLEAN', 'NEUTRAL', 'NEUTRAL', 'CLEAR', 'CLEAR', 'OPENING', 'BANCO_AMBOS')",55,12,12,100.000,STATUS,20.000,2.291761,9.8923
"('SWEEPER', 'TANK', 'NEUTRAL', 'FULL', 'FULL', 'FIELD_THEIRS', 'FASTER', 'MEC_USED', 'CLEAN', 'CLEAN', 'NEUTRAL', 'NEUTRAL', 'CLEAR', 'CLEAR', 'OPENING', 'BANCO_AMBOS')",55,10,10,100.000,ATTACK_TECH,25.455,2.029903,7.6133
"('SWEEPER', 'UTILITY', 'OFFENSIVE_ADV', 'FULL', 'FULL', 'NORMAL', 'FASTER', 'MEC_USED', 'CLEAN', 'CLEAN', 'NEUTRAL', 'NEUTRAL', 'CLEAR', 'CLEAR', 'OPENING', 'BANCO_OFF')",55,8,8,100.000,ATTACK_STRONG,27.273,1.828458,6.2243
"('TANK', 'TANK', 'CRITICAL_DIS', 'FULL', 'FULL', 'FIELD_SHARED', 'SLOWER', 'MEC_USED', 'CLEAN', 'CLEAN', 'NEUTRAL', 'NEUTRAL', 'CLEAR', 'CLEAR', 'OPENING', 'BANCO_OFF')",55,13,13,100.000,HEAL,27.273,2.246452,9.4541
"('TANK', 'TANK', 'DEFENSIVE_DIS', 'SAFE', 'SAFE', 'NORMAL', 'SLOWER', 'MEC_USED', 'CLEAN', 'CLEAN', 'NEUTRAL', 'NEUTRAL', 'CLEAR', 'CLEAR', 'OPENING', 'BANCO_OFF')",55,13,14,92.857,HEAL,29.091,2.177507,8.8243
"('TANK', 'SWEEPER', 'CRITICAL_DIS', 'FULL', 'FULL', 'NORMAL', 'SLOWER', 'MEC_USED', 'CLEAN', 'CLEAN', 'NEUTRAL', 'NEUTRAL', 'CLEAR', 'CLEAR', 'OPENING', 'BANCO_AMBOS')",55,13,13,100.000,CLEAN_HAZARD,12.727,2.509895,12.3036
"('TANK', 'TANK', 'OFFENSIVE_DIS', 'FULL', 'FULL', 'NORMAL', 'FASTER', 'MEC_USED', 'CLEAN', 'CLEAN', 'NEUTRAL', 'NEUTRAL', 'SET', 'CLEAR', 'OPENING', 'BANCO_AMBOS')",55,11,16,68.750,STAT_CLEAN,38.182,1.871710,6.4994
"('TANK', 'TANK', 'NEUTRAL', 'FULL', 'FULL', 'FIELD_THEIRS', 'SLOWER', 'MEC_USED', 'CLEAN', 'CLEAN', 'NEUTRAL', 'NEUTRAL', 'CLEAR', 'CLEAR', 'OPENING', 'BANCO_VAZIO')",54,12,12,100.000,PROTECT,14.815,2.379341,10.7978
"('TANK', 'TANK', 'DOMINANT', 'FULL', 'FULL', 'NORMAL', 'FASTER', 'MEC_AVAIL', 'CLEAN', 'CLEAN', 'NEUTRAL', 'NEUTRAL', 'CLEAR', 'CLEAR', 'OPENING', 'BANCO_AMBOS')",54,15,16,93.750,HAZARD,16.667,2.494615,12.1171
"('TANK', 'TANK', 'VOLATILE', 'FULL', 'FULL', 'FIELD_OURS_DEF', 'SLOWER', 'MEC_USED', 'CLEAN', 'CLEAN', 'NEUTRAL', 'NEUTRAL', 'CLEAR', 'CLEAR', 'OPENING', 'BANCO_OFF')",54,9,11,81.818,SWITCH_OFFENSIVE,40.741,1.703449,5.4929
"('TANK', 'TANK', 'OFFENSIVE_ADV', 'SAFE', 'FULL', 'NORMAL', 'FASTER', 'MEC_USED', 'CLEAN', 'CLEAN', 'NEUTRAL', 'NEUTRAL', 'CLEAR', 'CLEAR', 'BRAWL', 'BANCO_OFF')",54,13,13,100.000,SWITCH_DEFENSIVE,20.370,2.319733,10.1730
"('TANK', 'SWEEPER', 'OFFENSIVE_ADV', 'FULL', 'FULL', 'NORMAL', 'SLOWER', 'MEC_USED', 'CLEAN', 'CLEAN', 'NEUTRAL', 'NEUTRAL', 'CLEAR', 'CLEAR', 'OPENING', 'BANCO_AMBOS')",54,11,13,84.615,ATTACK_STRONG,22.222,2.204110,9.0622
"('TANK', 'TANK', 'NEUTRAL', 'FULL', 'FULL', 'NORMAL', 'FASTER', 'MEC_USED', 'AFFLICTED', 'CLEAN', 'DEBUFF', 'DEBUFF', 'SET', 'SET', 'CLUTCH', 'BANCO_VAZIO')",53,3,4,75.000,HAZARD,69.811,0.683033,1.9799
"('TANK', 'TANK', 'VOLATILE', 'FULL', 'FULL', 'NORMAL', 'FASTER', 'MEC_AVAIL', 'CLEAN', 'CLEAN', 'NEUTRAL', 'NEUTRAL', 'CLEAR', 'CLEAR', 'OPENING', 'BANCO_AMBOS')",53,12,16,75.000,HEAL_MEC,18.868,2.090138,8.0860
"('TANK', 'SWEEPER', 'DEFENSIVE_DIS', 'FULL', 'FULL', 'FIELD_SHARED', 'SLOWER', 'MEC_USED', 'CLEAN', 'CLEAN', 'NEUTRAL', 'NEUTRAL', 'CLEAR', 'CLEAR', 'OPENING', 'BANCO_OFF')",53,13,13,100.000,SWITCH_DEFENSIVE,26.415,2.158587,8.6589
"('TANK', 'SWEEPER', 'DOMINANT', 'FULL', 'FULL', 'NORMAL', 'SLOWER', 'MEC_USED', 'CLEAN', 'CLEAN', 'NEUTRAL', 'NEUTRAL', 'CLEAR', 'CLEAR', 'OPENING', 'BANCO_AMBOS')",53,12,12,100.000,ATTACK_PIVOT,35.849,2.020103,7.5391
"('UTILITY', 'TANK', 'VOLATILE', 'FULL', 'FULL', 'NORMAL', 'FASTER', 'MEC_USED', 'CLEAN', 'CLEAN', 'NEUTRAL', 'NEUTRAL', 'CLEAR', 'CLEAR', 'OPENING', 'BANCO_AMBOS')",53,10,11,90.909,SWITCH_DEFENSIVE,26.415,1.916220,6.7952
"('TANK', 'TANK', 'NEUTRAL', 'SAFE', 'DANGER', 'NORMAL', 'FASTER', 'MEC_USED', 'CLEAN', 'CLEAN', 'NEUTRAL', 'NEUTRAL', 'CLEAR', 'CLEAR', 'OPENING', 'BANCO_OFF')",53,10,10,100.000,HEAL,45.283,1.725765,5.6168
"('TANK', 'TANK', 'DEFENSIVE_DIS', 'FULL', 'FULL', 'FIELD_THEIRS', 'SLOWER', 'MEC_USED', 'CLEAN', 'CLEAN', 'NEUTRAL', 'NEUTRAL', 'CLEAR', 'CLEAR', 'OPENING', 'BANCO_OFF')",52,12,12,100.000,ATTACK_STRONG,13.462,2.358554,10.5757
"('UTILITY', 'TANK', 'NEUTRAL', 'FULL', 'FULL', 'NORMAL', 'FASTER', 'MEC_USED', 'CLEAN', 'CLEAN', 'NEUTRAL', 'NEUTRAL', 'CLEAR', 'CLEAR', 'OPENING', 'BANCO_OFF')",52,11,11,100.000,BUFF,15.385,2.183329,8.8758
"('TANK', 'TANK', 'NEUTRAL', 'SAFE', 'FULL', 'FIELD_SHARED', 'FASTER', 'MEC_USED', 'CLEAN', 'CLEAN', 'NEUTRAL', 'NEUTRAL', 'CLEAR', 'CLEAR', 'OPENING', 'BANCO_AMBOS')",52,14,14,100.000,HEAL,19.231,2.410540,11.1400
"('SWEEPER', 'TANK', 'DOMINANT', 'CRIT', 'FULL', 'NORMAL', 'FASTER', 'MEC_USED', 'CLEAN', 'CLEAN', 'BUFFED', 'NEUTRAL', 'SET', 'CLEAR', 'CLUTCH', 'BANCO_VAZIO')",52,3,5,60.000,BUFF,55.769,0.982524,2.6712
"('TANK', 'SWEEPER', 'NEUTRAL', 'SAFE', 'FULL', 'NORMAL', 'SLOWER', 'MEC_USED', 'CLEAN', 'CLEAN', 'NEUTRAL', 'NEUTRAL', 'CLEAR', 'CLEAR', 'OPENING', 'BANCO_OFF')",51,12,12,100.000,CLEAN_HAZARD,23.529,2.261343,9.5960
"('TANK', 'TANK', 'VOLATILE', 'FULL', 'FULL', 'FIELD_OURS_OFF', 'SLOWER', 'MEC_USED', 'CLEAN', 'CLEAN', 'NEUTRAL', 'NEUTRAL', 'CLEAR', 'CLEAR', 'OPENING', 'BANCO_AMBOS')",51,10,11,90.909,STATUS,25.490,2.053590,7.7958
"('TANK', 'TANK', 'NEUTRAL', 'SAFE', 'FULL', 'NORMAL', 'SLOWER', 'MEC_USED', 'CLEAN', 'CLEAN', 'NEUTRAL', 'NEUTRAL', 'SET', 'CLEAR', 'BRAWL', 'BANCO_VAZIO')",51,12,13,92.308,STAT_CLEAN,64.706,1.468844,4.3442
"('TANK', 'TANK', 'OFFENSIVE_DIS', 'FULL', 'FULL', 'NORMAL', 'FASTER', 'MEC_USED', 'AFFLICTED', 'AFFLICTED', 'NEUTRAL', 'NEUTRAL', 'CLEAR', 'CLEAR', 'DOMINATING', 'BANCO_VAZIO')",50,5,7,71.429,STATUS,86.000,0.594213,1.8116
"('TANK', 'TANK', 'NEUTRAL', 'FULL', 'FULL', 'NORMAL', 'FASTER', 'MEC_USED', 'CLEAN', 'CLEAN', 'NEUTRAL', 'NEUTRAL', 'SET', 'CLEAR', 'OPENING', 'BANCO_AMBOS')",50,12,15,80.000,ATTACK_STRONG,24.000,2.191450,8.9482
"('TANK', 'TANK', 'VOLATILE', 'FULL', 'FULL', 'FIELD_OURS_OFF', 'FASTER', 'MEC_USED', 'CLEAN', 'CLEAN', 'NEUTRAL', 'NEUTRAL', 'CLEAR', 'CLEAR', 'OPENING', 'BANCO_AMBOS')",50,10,14,71.429,ATTACK_TECH,22.000,2.091070,8.0936
"('TANK', 'TANK', 'NEUTRAL', 'FULL', 'FULL', 'NORMAL', 'SLOWER', 'MEC_USED', 'CLEAN', 'CLEAN', 'NEUTRAL', 'NEUTRAL', 'CLEAR', 'CLEAR', 'OPENING', 'BANCO_DEF')",50,13,13,100.000,ATTACK_STRONG,16.000,2.394031,10.9576
"('TANK', 'TANK', 'OFFENSIVE_ADV', 'SAFE', 'FULL', 'FIELD_SHARED', 'FASTER', 'MEC_USED', 'CLEAN', 'CLEAN', 'NEUTRAL', 'NEUTRAL', 'CLEAR', 'CLEAR', 'OPENING', 'BANCO_OFF')",50,13,13,100.000,ATTACK_STRONG,16.000,2.345239,10.4358
"('TANK', 'UTILITY', 'OFFENSIVE_DIS', 'FULL', 'FULL', 'NORMAL', 'SLOWER', 'MEC_USED', 'CLEAN', 'CLEAN', 'NEUTRAL', 'NEUTRAL', 'CLEAR', 'CLEAR', 'OPENING', 'BANCO_OFF')",49,14,16,87.500,STAT_CLEAN,14.286,2.445338,11.5344
"('TANK', 'TANK', 'NEUTRAL', 'FULL', 'FULL', 'NORMAL', 'FASTER', 'MEC_USED', 'CLEAN', 'CLEAN', 'NEUTRAL', 'NEUTRAL', 'CLEAR', 'CLEAR', 'RECOVERING', 'BANCO_VAZIO')",49,15,15,100.000,ATTACK_STRONG,18.367,2.465184,11.7656
"('TANK', 'SWEEPER', 'NEUTRAL', 'FULL', 'FULL', 'NORMAL', 'SLOWER', 'MEC_USED', 'CLEAN', 'CLEAN', 'DEBUFF', 'NEUTRAL', 'CLEAR', 'CLEAR', 'OPENING', 'BANCO_OFF')",49,11,11,100.000,HEAL,24.490,2.117601,8.3112
"('SWEEPER', 'TANK', 'CRITICAL_DIS', 'FULL', 'FULL', 'NORMAL', 'FASTER', 'MEC_USED', 'CLEAN', 'CLEAN', 'NEUTRAL', 'NEUTRAL', 'CLEAR', 'CLEAR', 'OPENING', 'BANCO_AMBOS')",49,7,8,87.500,HAZARD,28.571,1.675591,5.3420
"('SWEEPER', 'TANK', 'DEFENSIVE_DIS', 'FULL', 'FULL', 'NORMAL', 'FASTER', 'MEC_USED', 'CLEAN', 'CLEAN', 'NEUTRAL', 'NEUTRAL', 'CLEAR', 'CLEAR', 'OPENING', 'BANCO_OFF')",49,10,10,100.000,SWITCH_DEFENSIVE,26.531,1.982135,7.2582
"('TANK', 'UTILITY', 'NEUTRAL', 'FULL', 'FULL', 'NORMAL', 'SLOWER', 'MEC_USED', 'CLEAN', 'CLEAN', 'NEUTRAL', 'NEUTRAL', 'CLEAR', 'CLEAR', 'OPENING', 'BANCO_AMBOS')",49,10,14,71.429,STATUS,20.408,2.079915,8.0038
"('TANK', 'TANK', 'VOLATILE', 'SAFE', 'FULL', 'NORMAL', 'FASTER', 'MEC_USED', 'CLEAN', 'CLEAN', 'NEUTRAL', 'NEUTRAL', 'CLEAR', 'CLEAR', 'OPENING', 'BANCO_OFF')",49,14,15,93.333,ATTACK_STRONG,28.571,2.295760,9.9320
"('TANK', 'TANK', 'DEFENSIVE_ADV', 'FULL', 'FULL', 'NORMAL', 'SLOWER', 'MEC_USED', 'AFFLICTED', 'AFFLICTED', 'DEBUFF', 'NEUTRAL', 'SET', 'CLEAR', 'CLUTCH', 'BANCO_VAZIO')",49,2,2,100.000,STAT_CLEAN,95.918,0.170530,1.1859
"('TANK', 'TANK', 'STALEMATE', 'FULL', 'FULL', 'NORMAL', 'FASTER', 'MEC_USED', 'AFFLICTED', 'AFFLICTED', 'DEBUFF', 'DEBUFF', 'CLEAR', 'SET', 'RECOVERING', 'BANCO_VAZIO')",48,4,4,100.000,STAT_CLEAN,81.250,0.669145,1.9526
"('TANK', 'TANK', 'NEUTRAL', 'SAFE', 'FULL', 'FIELD_THEIRS', 'SLOWER', 'MEC_USED', 'CLEAN', 'CLEAN', 'NEUTRAL', 'NEUTRAL', 'CLEAR', 'CLEAR', 'OPENING', 'BANCO_OFF')",48,15,16,93.750,ATTACK_PIVOT,10.417,2.613520,13.6470
"('TANK', 'TANK', 'NEUTRAL', 'SAFE', 'FULL', 'FIELD_SHARED', 'SLOWER', 'MEC_USED', 'CLEAN', 'CLEAN', 'NEUTRAL', 'NEUTRAL', 'CLEAR', 'CLEAR', 'OPENING', 'BANCO_OFF')",48,13,14,92.857,HAZARD,22.917,2.326213,10.2391
"('UTILITY', 'TANK', 'NEUTRAL', 'FULL', 'FULL', 'FIELD_THEIRS', 'FASTER', 'MEC_USED', 'CLEAN', 'CLEAN', 'NEUTRAL', 'NEUTRAL', 'CLEAR', 'CLEAR', 'OPENING', 'BANCO_AMBOS')",48,10,10,100.000,ATTACK_STRONG,25.000,2.072927,7.9481
"('TANK', 'SWEEPER', 'OFFENSIVE_ADV', 'FULL', 'FULL', 'NORMAL', 'SLOWER', 'MEC_AVAIL', 'CLEAN', 'CLEAN', 'NEUTRAL', 'NEUTRAL', 'CLEAR', 'CLEAR', 'OPENING', 'BANCO_OFF')",48,15,20,75.000,HEAL_MEC,43.750,2.031474,7.6253
"('TANK', 'TANK', 'OFFENSIVE_DIS', 'FULL', 'SAFE', 'NORMAL', 'SLOWER', 'MEC_USED', 'CLEAN', 'CLEAN', 'NEUTRAL', 'NEUTRAL', 'CLEAR', 'CLEAR', 'OPENING', 'BANCO_OFF')",48,13,14,92.857,HAZARD,14.583,2.485048,12.0017
"('TANK', 'TANK', 'OFFENSIVE_ADV', 'SAFE', 'FULL', 'NORMAL', 'SLOWER', 'MEC_USED', 'CLEAN', 'CLEAN', 'NEUTRAL', 'NEUTRAL', 'SET', 'CLEAR', 'OPENING', 'BANCO_OFF')",48,15,15,100.000,HEAL,27.083,2.391846,10.9337
"('TANK', 'TANK', 'NEUTRAL', 'FULL', 'FULL', 'FIELD_SHARED', 'FASTER', 'MEC_AVAIL', 'CLEAN', 'CLEAN', 'NEUTRAL', 'NEUTRAL', 'CLEAR', 'CLEAR', 'OPENING', 'BANCO_AMBOS')",48,17,20,85.000,HAZARD_MEC,16.667,2.566055,13.0144
"('TANK', 'TANK', 'DEFENSIVE_ADV', 'FULL', 'FULL', 'FIELD_SHARED', 'SLOWER', 'MEC_USED', 'CLEAN', 'CLEAN', 'NEUTRAL', 'NEUTRAL', 'CLEAR', 'CLEAR', 'OPENING', 'BANCO_OFF')",48,10,10,100.000,ATTACK_TECH,22.917,2.099963,8.1659
"('TANK', 'TANK', 'VOLATILE', 'FULL', 'FULL', 'FIELD_OURS_DEF', 'FASTER', 'MEC_AVAIL', 'CLEAN', 'CLEAN', 'NEUTRAL', 'NEUTRAL', 'CLEAR', 'CLEAR', 'OPENING', 'BANCO_OFF')",48,9,10,90.000,ATTACK_STRONG_MEC,45.833,1.667039,5.2965
"('SWEEPER', 'TANK', 'NEUTRAL', 'SAFE', 'FULL', 'NORMAL', 'FASTER', 'MEC_USED', 'CLEAN', 'CLEAN', 'NEUTRAL', 'NEUTRAL', 'CLEAR', 'CLEAR', 'OPENING', 'BANCO_AMBOS')",48,9,10,90.000,ATTACK_STRONG,20.833,2.000079,7.3896
"('TANK', 'TANK', 'OFFENSIVE_DIS', 'FULL', 'FULL', 'FIELD_SHARED', 'SLOWER', 'MEC_USED', 'CLEAN', 'CLEAN', 'NEUTRAL', 'NEUTRAL', 'CLEAR', 'CLEAR', 'OPENING', 'BANCO_VAZIO')",47,12,14,85.714,ATTACK_PIVOT,17.021,2.266467,9.6453
"('TANK', 'TANK', 'OFFENSIVE_ADV', 'SAFE', 'SAFE', 'NORMAL', 'SLOWER', 'MEC_USED', 'CLEAN', 'CLEAN', 'NEUTRAL', 'NEUTRAL', 'CLEAR', 'CLEAR', 'OPENING', 'BANCO_OFF')",47,14,15,93.333,ATTACK_STRONG,14.894,2.500342,12.1867
"('UTILITY', 'TANK', 'VOLATILE', 'FULL', 'FULL', 'NORMAL', 'FASTER', 'MEC_USED', 'CLEAN', 'CLEAN', 'NEUTRAL', 'NEUTRAL', 'CLEAR', 'CLEAR', 'OPENING', 'BANCO_OFF')",47,8,11,72.727,ATTACK_STRONG,21.277,1.962809,7.1193
"('TANK', 'UTILITY', 'DEFENSIVE_DIS', 'FULL', 'FULL', 'FIELD_OURS_DEF', 'SLOWER', 'MEC_USED', 'CLEAN', 'CLEAN', 'NEUTRAL', 'NEUTRAL', 'CLEAR', 'CLEAR', 'OPENING', 'BANCO_AMBOS')",47,6,7,85.714,ATTACK_STRONG,46.809,1.178343,3.2490
"('TANK', 'TANK', 'DOMINANT', 'FULL', 'FULL', 'NORMAL', 'FASTER', 'MEC_AVAIL', 'CLEAN', 'CLEAN', 'NEUTRAL', 'NEUTRAL', 'CLEAR', 'CLEAR', 'OPENING', 'BANCO_OFF')",46,15,16,93.750,ATTACK_STRONG_MEC,17.391,2.453133,11.6247
"('TANK', 'TANK', 'OFFENSIVE_ADV', 'SAFE', 'DANGER', 'NORMAL', 'FASTER', 'MEC_USED', 'CLEAN', 'CLEAN', 'NEUTRAL', 'NEUTRAL', 'CLEAR', 'CLEAR', 'OPENING', 'BANCO_OFF')",46,10,13,76.923,ATTACK_STRONG,41.304,1.847423,6.3435
"('TANK', 'UTILITY', 'DEFENSIVE_ADV', 'FULL', 'FULL', 'NORMAL', 'SLOWER', 'MEC_USED', 'CLEAN', 'CLEAN', 'NEUTRAL', 'NEUTRAL', 'CLEAR', 'CLEAR', 'OPENING', 'BANCO_AMBOS')",46,9,10,90.000,HEAL,30.435,1.837687,6.2820
"('TANK', 'TANK', 'NEUTRAL', 'FULL', 'FULL', 'FIELD_SHARED', 'FASTER', 'MEC_USED', 'CLEAN', 'CLEAN', 'NEUTRAL', 'NEUTRAL', 'SET', 'CLEAR', 'OPENING', 'BANCO_OFF')",46,12,12,100.000,HEAL,21.739,2.318590,10.1613
"('TANK', 'TANK', 'NEUTRAL', 'FULL', 'SAFE', 'FIELD_SHARED', 'FASTER', 'MEC_USED', 'CLEAN', 'CLEAN', 'NEUTRAL', 'NEUTRAL', 'CLEAR', 'CLEAR', 'OPENING', 'BANCO_OFF')",46,12,13,92.308,HEAL,28.261,2.127422,8.3932
"('SWEEPER', 'TANK', 'VOLATILE', 'FULL', 'FULL', 'NORMAL', 'FASTER', 'MEC_USED', 'CLEAN', 'CLEAN', 'NEUTRAL', 'NEUTRAL', 'CLEAR', 'CLEAR', 'OPENING', 'BANCO_OFF')",46,10,10,100.000,CLEAN_HAZARD,19.565,2.170285,8.7608
"('TANK', 'TANK', 'OFFENSIVE_DIS', 'FULL', 'FULL', 'FIELD_SHARED', 'FASTER', 'MEC_USED', 'CLEAN', 'CLEAN', 'NEUTRAL', 'NEUTRAL', 'CLEAR', 'CLEAR', 'OPENING', 'BANCO_AMBOS')",46,14,16,87.500,BARRIER,19.565,2.389260,10.9054
"('TANK', 'TANK', 'DEFENSIVE_DIS', 'FULL', 'SAFE', 'FIELD_THEIRS', 'FASTER', 'MEC_USED', 'CLEAN', 'CLEAN', 'NEUTRAL', 'NEUTRAL', 'CLEAR', 'CLEAR', 'OPENING', 'BANCO_AMBOS')",46,12,13,92.308,ATTACK_STRONG,21.739,2.250930,9.4966
"('TANK', 'TANK', 'CRITICAL_DIS', 'FULL', 'FULL', 'FIELD_THEIRS', 'SLOWER', 'MEC_USED', 'CLEAN', 'CLEAN', 'NEUTRAL', 'NEUTRAL', 'CLEAR', 'CLEAR', 'OPENING', 'BANCO_OFF')",46,12,13,92.308,BARRIER,21.739,2.274554,9.7236
"('TANK', 'TANK', 'NEUTRAL', 'FULL', 'FULL', 'NORMAL', 'SLOWER', 'MEC_USED', 'CLEAN', 'CLEAN', 'NEUTRAL', 'NEUTRAL', 'CLEAR', 'CLEAR', 'BRAWL', 'BANCO_OFF')",46,14,14,100.000,HEAL,17.391,2.454986,11.6463
"('TANK', 'TANK', 'NEUTRAL', 'FULL', 'FULL', 'NORMAL', 'FASTER', 'MEC_USED', 'AFFLICTED', 'AFFLICTED', 'NEUTRAL', 'NEUTRAL', 'SET', 'CLEAR', 'CLUTCH', 'BANCO_VAZIO')",46,4,7,57.143,STATUS,91.304,0.385850,1.4709
"('TANK', 'TANK', 'CRITICAL_DIS', 'FULL', 'FULL', 'NORMAL', 'FASTER', 'MEC_USED', 'AFFLICTED', 'AFFLICTED', 'DEBUFF', 'DEBUFF', 'CLEAR', 'SET', 'CLUTCH', 'BANCO_VAZIO')",46,3,3,100.000,HAZARD,52.174,0.991350,2.6949
"('TANK', 'TANK', 'OFFENSIVE_ADV', 'FULL', 'SAFE', 'FIELD_SHARED', 'SLOWER', 'MEC_USED', 'CLEAN', 'CLEAN', 'NEUTRAL', 'NEUTRAL', 'CLEAR', 'CLEAR', 'OPENING', 'BANCO_OFF')",45,12,13,92.308,HAZARD,17.778,2.311104,10.0856
"('SWEEPER', 'TANK', 'OFFENSIVE_ADV', 'FULL', 'FULL', 'FIELD_SHARED', 'FASTER', 'MEC_USED', 'CLEAN', 'CLEAN', 'NEUTRAL', 'DEBUFF', 'CLEAR', 'CLEAR', 'OPENING', 'BANCO_OFF')",45,7,7,100.000,CLEAN_HAZARD,20.000,1.889795,6.6180
"('TANK', 'TANK', 'OFFENSIVE_ADV', 'FULL', 'FULL', 'NORMAL', 'SLOWER', 'MEC_AVAIL', 'CLEAN', 'CLEAN', 'NEUTRAL', 'NEUTRAL', 'CLEAR', 'CLEAR', 'OPENING', 'BANCO_OFF')",45,14,20,70.000,SWITCH_OFFENSIVE,13.333,2.533903,12.6026
"('TANK', 'TANK', 'STALEMATE', 'FULL', 'FULL', 'NORMAL', 'SLOWER', 'MEC_USED', 'CLEAN', 'CLEAN', 'NEUTRAL', 'NEUTRAL', 'SET', 'CLEAR', 'OPENING', 'BANCO_OFF')",45,11,13,84.615,STAT_CLEAN,28.889,2.137802,8.4808
"('TANK', 'SWEEPER', 'OFFENSIVE_ADV', 'SAFE', 'FULL', 'FIELD_THEIRS', 'SLOWER', 'MEC_USED', 'CLEAN', 'CLEAN', 'NEUTRAL', 'NEUTRAL', 'CLEAR', 'CLEAR', 'OPENING', 'BANCO_OFF')",45,12,14,85.714,ATTACK_STRONG,22.222,2.241295,9.4055
"('SWEEPER', 'TANK', 'NEUTRAL', 'FULL', 'SAFE', 'NORMAL', 'FASTER', 'MEC_USED', 'CLEAN', 'CLEAN', 'NEUTRAL', 'NEUTRAL', 'CLEAR', 'CLEAR', 'OPENING', 'BANCO_AMBOS')",45,10,10,100.000,SWITCH_OFFENSIVE,37.778,1.920061,6.8214
"('TANK', 'TANK', 'NEUTRAL', 'SAFE', 'SAFE', 'NORMAL', 'FASTER', 'MEC_USED', 'CLEAN', 'CLEAN', 'NEUTRAL', 'NEUTRAL', 'SET', 'CLEAR', 'OPENING', 'BANCO_VAZIO')",45,12,12,100.000,HEAL,35.556,2.089445,8.0804
"('TANK', 'TANK', 'OFFENSIVE_ADV', 'FULL', 'FULL', 'NORMAL', 'FASTER', 'MEC_USED', 'CLEAN', 'CLEAN', 'NEUTRAL', 'NEUTRAL', 'CLEAR', 'SET', 'OPENING', 'BANCO_OFF')",45,14,14,100.000,ATTACK_STRONG,26.667,2.308167,10.0560
"('TANK', 'TANK', 'NEUTRAL', 'DANGER', 'FULL', 'NORMAL', 'SLOWER', 'MEC_USED', 'CLEAN', 'CLEAN', 'NEUTRAL', 'NEUTRAL', 'CLEAR', 'CLEAR', 'OPENING', 'BANCO_OFF')",45,14,15,93.333,ATTACK_STRONG,13.333,2.522673,12.4619
"('TANK', 'TANK', 'CRITICAL_DIS', 'FULL', 'FULL', 'FIELD_OURS_DEF', 'FASTER', 'MEC_USED', 'CLEAN', 'CLEAN', 'NEUTRAL', 'NEUTRAL', 'CLEAR', 'CLEAR', 'OPENING', 'BANCO_VAZIO')",44,8,9,88.889,BARRIER,29.545,1.793840,6.0125
"('TANK', 'TANK', 'NEUTRAL', 'SAFE', 'FULL', 'NORMAL', 'FASTER', 'MEC_AVAIL', 'CLEAN', 'CLEAN', 'NEUTRAL', 'NEUTRAL', 'CLEAR', 'CLEAR', 'OPENING', 'BANCO_AMBOS')",44,14,22,63.636,HAZARD,22.727,2.309932,10.0737
"('TANK', 'TANK', 'DEFENSIVE_DIS', 'FULL', 'FULL', 'NORMAL', 'SLOWER', 'MEC_USED', 'CLEAN', 'AFFLICTED', 'NEUTRAL', 'NEUTRAL', 'SET', 'SET', 'CLUTCH', 'BANCO_VAZIO')",44,6,9,66.667,STATUS,40.909,1.421641,4.1439
"('SWEEPER', 'TANK', 'NEUTRAL', 'FULL', 'FULL', 'FIELD_THEIRS', 'FASTER', 'MEC_AVAIL', 'CLEAN', 'CLEAN', 'NEUTRAL', 'NEUTRAL', 'CLEAR', 'CLEAR', 'OPENING', 'BANCO_AMBOS')",44,7,8,87.500,ATTACK_PIVOT_MEC,20.455,1.816034,6.1474
"('TANK', 'UTILITY', 'CRITICAL_DIS', 'FULL', 'FULL', 'NORMAL', 'SLOWER', 'MEC_USED', 'CLEAN', 'CLEAN', 'NEUTRAL', 'NEUTRAL', 'CLEAR', 'CLEAR', 'OPENING', 'BANCO_AMBOS')",44,10,13,76.923,HEAL_STATUS,40.909,1.738345,5.6879
"('TANK', 'TANK', 'NEUTRAL', 'FULL', 'SAFE', 'FIELD_SHARED', 'FASTER', 'MEC_USED', 'CLEAN', 'CLEAN', 'NEUTRAL', 'NEUTRAL', 'CLEAR', 'CLEAR', 'OPENING', 'BANCO_VAZIO')",44,13,14,92.857,STATUS,15.909,2.393881,10.9559
"('TANK', 'TANK', 'DOMINANT', 'FULL', 'SAFE', 'FIELD_THEIRS', 'FASTER', 'MEC_USED', 'CLEAN', 'CLEAN', 'NEUTRAL', 'NEUTRAL', 'CLEAR', 'CLEAR', 'OPENING', 'BANCO_AMBOS')",44,9,11,81.818,ATTACK_PIVOT,22.727,2.063116,7.8705
"('TANK', 'TANK', 'NEUTRAL', 'FULL', 'FULL', 'NORMAL', 'FASTER', 'MEC_USED', 'CLEAN', 'CLEAN', 'NEUTRAL', 'NEUTRAL', 'CLEAR', 'CLEAR', 'BRAWL', 'BANCO_VAZIO')",44,13,14,92.857,HEAL,15.909,2.387072,10.8816
"('TANK', 'TANK', 'NEUTRAL', 'SAFE', 'SAFE', 'NORMAL', 'SLOWER', 'MEC_USED', 'CLEAN', 'CLEAN', 'NEUTRAL', 'NEUTRAL', 'CLEAR', 'CLEAR', 'RECOVERING', 'BANCO_VAZIO')",44,14,15,93.333,HEAL,20.455,2.385794,10.8677
"('TANK', 'TANK', 'VOLATILE', 'FULL', 'FULL', 'FIELD_OURS_DEF', 'FASTER', 'MEC_USED', 'CLEAN', 'CLEAN', 'NEUTRAL', 'NEUTRAL', 'CLEAR', 'CLEAR', 'OPENING', 'BANCO_AMBOS')",43,7,7,100.000,SWITCH_DEFENSIVE,30.233,1.675889,5.3435
"('TANK', 'TANK', 'NEUTRAL', 'SAFE', 'SAFE', 'NORMAL', 'SLOWER', 'MEC_USED', 'CLEAN', 'CLEAN', 'NEUTRAL', 'NEUTRAL', 'CLEAR', 'CLEAR', 'OPENING', 'BANCO_AMBOS')",43,10,13,76.923,SWITCH_DEFENSIVE,58.140,1.530861,4.6222
"('TANK', 'TANK', 'OFFENSIVE_DIS', 'FULL', 'FULL', 'NORMAL', 'SLOWER', 'MEC_USED', 'CLEAN', 'CLEAN', 'NEUTRAL', 'NEUTRAL', 'CLEAR', 'CLEAR', 'BRAWL', 'BANCO_OFF')",43,11,12,91.667,STATUS,18.605,2.162492,8.6928
"('TANK', 'SWEEPER', 'DEFENSIVE_DIS', 'FULL', 'FULL', 'FIELD_SHARED', 'SLOWER', 'MEC_USED', 'CLEAN', 'CLEAN', 'NEUTRAL', 'NEUTRAL', 'CLEAR', 'CLEAR', 'OPENING', 'BANCO_AMBOS')",43,12,13,92.308,ATTACK_TECH,30.233,2.078781,7.9947
"('TANK', 'TANK', 'OFFENSIVE_DIS', 'SAFE', 'FULL', 'NORMAL', 'FASTER', 'MEC_USED', 'CLEAN', 'CLEAN', 'NEUTRAL', 'NEUTRAL', 'CLEAR', 'CLEAR', 'OPENING', 'BANCO_AMBOS')",42,13,15,86.667,CLEAN_HAZARD,30.952,2.232135,9.3197
"('TANK', 'TANK', 'OFFENSIVE_ADV', 'DANGER', 'FULL', 'FIELD_THEIRS', 'FASTER', 'MEC_USED', 'CLEAN', 'CLEAN', 'NEUTRAL', 'NEUTRAL', 'CLEAR', 'CLEAR', 'OPENING', 'BANCO_OFF')",42,10,10,100.000,ATTACK_STRONG,26.190,2.073019,7.9488
"('TANK', 'TANK', 'STALEMATE', 'FULL', 'FULL', 'FIELD_SHARED', 'FASTER', 'MEC_USED', 'CLEAN', 'CLEAN', 'NEUTRAL', 'NEUTRAL', 'CLEAR', 'CLEAR', 'OPENING', 'BANCO_AMBOS')",42,11,13,84.615,DISRUPTION,40.476,1.931179,6.8976
"('TANK', 'TANK', 'NEUTRAL', 'SAFE', 'FULL', 'NORMAL', 'FASTER', 'MEC_USED', 'CLEAN', 'CLEAN', 'NEUTRAL', 'NEUTRAL', 'SET', 'CLEAR', 'OPENING', 'BANCO_VAZIO')",42,13,14,92.857,CLEAN_HAZARD,28.571,2.264594,9.6272
"('TANK', 'TANK', 'OFFENSIVE_ADV', 'FULL', 'SAFE', 'FIELD_SHARED', 'FASTER', 'MEC_USED', 'CLEAN', 'CLEAN', 'NEUTRAL', 'NEUTRAL', 'CLEAR', 'CLEAR', 'OPENING', 'BANCO_OFF')",42,10,11,90.909,DISRUPTION,19.048,2.175266,8.8045
"('TANK', 'TANK', 'OFFENSIVE_DIS', 'FULL', 'SAFE', 'NORMAL', 'FASTER', 'MEC_USED', 'CLEAN', 'CLEAN', 'NEUTRAL', 'NEUTRAL', 'CLEAR', 'CLEAR', 'OPENING', 'BANCO_OFF')",42,14,16,87.500,ATTACK_TECH,16.667,2.422877,11.2783
"('UTILITY', 'TANK', 'DEFENSIVE_DIS', 'FULL', 'FULL', 'NORMAL', 'FASTER', 'MEC_USED', 'CLEAN', 'CLEAN', 'NEUTRAL', 'NEUTRAL', 'CLEAR', 'CLEAR', 'OPENING', 'BANCO_AMBOS')",42,8,10,80.000,ATTACK_STRONG,23.810,1.897794,6.6712
"('TANK', 'TANK', 'NEUTRAL', 'FULL', 'SAFE', 'NORMAL', 'SLOWER', 'MEC_USED', 'CLEAN', 'CLEAN', 'NEUTRAL', 'NEUTRAL', 'SET', 'CLEAR', 'OPENING', 'BANCO_VAZIO')",42,12,12,100.000,STAT_CLEAN,21.429,2.262255,9.6047
"('SWEEPER', 'TANK', 'VOLATILE', 'FULL', 'FULL', 'FIELD_THEIRS', 'FASTER', 'MEC_USED', 'CLEAN', 'CLEAN', 'NEUTRAL', 'NEUTRAL', 'CLEAR', 'CLEAR', 'OPENING', 'BANCO_OFF')",42,7,9,77.778,CLEAN_HAZARD,45.238,1.604758,4.9767
"('TANK', 'TANK', 'OFFENSIVE_ADV', 'SAFE', 'SAFE', 'FIELD_THEIRS', 'FASTER', 'MEC_USED', 'CLEAN', 'CLEAN', 'NEUTRAL', 'NEUTRAL', 'CLEAR', 'CLEAR', 'OPENING', 'BANCO_OFF')",41,12,12,100.000,SWITCH_DEFENSIVE,19.512,2.269359,9.6732
"('TANK', 'TANK', 'NEUTRAL', 'SAFE', 'SAFE', 'FIELD_SHARED', 'FASTER', 'MEC_USED', 'CLEAN', 'CLEAN', 'NEUTRAL', 'NEUTRAL', 'CLEAR', 'CLEAR', 'OPENING', 'BANCO_OFF')",41,12,13,92.308,HEAL,24.390,2.206646,9.0852
"('SWEEPER', 'SWEEPER', 'OFFENSIVE_ADV', 'FULL', 'FULL', 'NORMAL', 'FASTER', 'MEC_USED', 'CLEAN', 'CLEAN', 'NEUTRAL', 'NEUTRAL', 'CLEAR', 'CLEAR', 'OPENING', 'BANCO_OFF')",41,8,10,80.000,CLEAN_HAZARD,39.024,1.658416,5.2510
"('TANK', 'TANK', 'DOMINANT', 'SAFE', 'FULL', 'NORMAL', 'SLOWER', 'MEC_USED', 'CLEAN', 'CLEAN', 'NEUTRAL', 'NEUTRAL', 'CLEAR', 'CLEAR', 'OPENING', 'BANCO_OFF')",41,11,12,91.667,HEAL,21.951,2.138632,8.4878
"('TANK', 'SWEEPER', 'CRITICAL_DIS', 'FULL', 'FULL', 'NORMAL', 'SLOWER', 'MEC_USED', 'CLEAN', 'CLEAN', 'NEUTRAL', 'NEUTRAL', 'CLEAR', 'CLEAR', 'OPENING', 'BANCO_OFF')",41,13,14,92.857,PHAZE,14.634,2.388078,10.8925
"('TANK', 'TANK', 'NEUTRAL', 'SAFE', 'SAFE', 'NORMAL', 'FASTER', 'MEC_USED', 'CLEAN', 'CLEAN', 'NEUTRAL', 'NEUTRAL', 'CLEAR', 'CLEAR', 'RECOVERING', 'BANCO_VAZIO')",41,14,14,100.000,HEAL,17.073,2.404607,11.0741
"('TANK', 'TANK', 'DEFENSIVE_DIS', 'FULL', 'FULL', 'NORMAL', 'FASTER', 'MEC_AVAIL', 'CLEAN', 'CLEAN', 'NEUTRAL', 'NEUTRAL', 'CLEAR', 'CLEAR', 'OPENING', 'BANCO_OFF')",41,17,18,94.444,HEAL_STATUS_MEC,12.195,2.682411,14.6203
"('TANK', 'TANK', 'NEUTRAL', 'FULL', 'FULL', 'NORMAL', 'FASTER', 'MEC_USED', 'AFFLICTED', 'CLEAN', 'NEUTRAL', 'NEUTRAL', 'CLEAR', 'SET', 'CLUTCH', 'BANCO_VAZIO')",41,4,10,40.000,HAZARD,85.366,0.543271,1.7216
"('TANK', 'TANK', 'DOMINANT', 'FULL', 'FULL', 'FIELD_SHARED', 'FASTER', 'MEC_AVAIL', 'CLEAN', 'CLEAN', 'NEUTRAL', 'NEUTRAL', 'CLEAR', 'CLEAR', 'OPENING', 'BANCO_AMBOS')",40,13,14,92.857,ATTACK_STRONG,20.000,2.326339,10.2404
"('TANK', 'TANK', 'OFFENSIVE_ADV', 'SAFE', 'SAFE', 'NORMAL', 'FASTER', 'MEC_AVAIL', 'CLEAN', 'CLEAN', 'NEUTRAL', 'NEUTRAL', 'CLEAR', 'CLEAR', 'OPENING', 'BANCO_OFF')",40,14,16,87.500,HEAL,22.500,2.345060,10.4339
"('UTILITY', 'TANK', 'OFFENSIVE_ADV', 'FULL', 'FULL', 'FIELD_THEIRS', 'SLOWER', 'MEC_USED', 'CLEAN', 'CLEAN', 'NEUTRAL', 'NEUTRAL', 'CLEAR', 'CLEAR', 'OPENING', 'BANCO_AMBOS')",40,9,9,100.000,ATTACK_PIVOT,35.000,1.799160,6.0446
"('TANK', 'TANK', 'VOLATILE', 'FULL', 'FULL', 'FIELD_OURS_DEF', 'SLOWER', 'MEC_USED', 'CLEAN', 'CLEAN', 'NEUTRAL', 'NEUTRAL', 'CLEAR', 'CLEAR', 'OPENING', 'BANCO_AMBOS')",40,3,5,60.000,ATTACK_STRONG,95.000,0.233173,1.2626
"('TANK', 'TANK', 'CRITICAL_DIS', 'SAFE', 'FULL', 'NORMAL', 'SLOWER', 'MEC_USED', 'CLEAN', 'CLEAN', 'NEUTRAL', 'NEUTRAL', 'CLEAR', 'CLEAR', 'OPENING', 'BANCO_OFF')",40,10,15,66.667,STATUS,32.500,1.988559,7.3050
"('TANK', 'TANK', 'DEFENSIVE_DIS', 'FULL', 'FULL', 'NORMAL', 'FASTER', 'MEC_USED', 'CLEAN', 'CLEAN', 'NEUTRAL', 'NEUTRAL', 'SET', 'CLEAR', 'OPENING', 'BANCO_OFF')",40,9,13,69.231,HEAL,40.000,1.778138,5.9188
"('TANK', 'TANK', 'NEUTRAL', 'FULL', 'FULL', 'NORMAL', 'FASTER', 'MEC_USED', 'CLEAN', 'CLEAN', 'NEUTRAL', 'NEUTRAL', 'CLEAR', 'CLEAR', 'BRAWL', 'BANCO_OFF')",40,13,14,92.857,BUFF,15.000,2.438806,11.4594
"('TANK', 'TANK', 'NEUTRAL', 'SAFE', 'FULL', 'FIELD_OURS_OFF', 'FASTER', 'MEC_USED', 'CLEAN', 'CLEAN', 'NEUTRAL', 'NEUTRAL', 'CLEAR', 'CLEAR', 'OPENING', 'BANCO_OFF')",40,13,13,100.000,HEAL,20.000,2.421817,11.2663
"('TANK', 'TANK', 'NEUTRAL', 'FULL', 'DANGER', 'NORMAL', 'FASTER', 'MEC_USED', 'CLEAN', 'CLEAN', 'NEUTRAL', 'NEUTRAL', 'CLEAR', 'CLEAR', 'OPENING', 'BANCO_OFF')",40,11,14,78.571,HEAL,35.000,2.087322,8.0633
"('TANK', 'TANK', 'NEUTRAL', 'FULL', 'SAFE', 'NORMAL', 'SLOWER', 'MEC_USED', 'CLEAN', 'CLEAN', 'NEUTRAL', 'NEUTRAL', 'SET', 'CLEAR', 'OPENING', 'BANCO_OFF')",39,14,15,93.333,ATTACK_TECH,15.385,2.474657,11.8776
"('TANK', 'TANK', 'NEUTRAL', 'FULL', 'FULL', 'NORMAL', 'FASTER', 'MEC_USED', 'AFFLICTED', 'AFFLICTED', 'DEBUFF', 'BUFFED', 'SET', 'CLEAR', 'CLUTCH', 'BANCO_VAZIO')",39,3,3,100.000,STATUS,66.667,0.842261,2.3216
"('TANK', 'TANK', 'DEFENSIVE_ADV', 'FULL', 'FULL', 'FIELD_SHARED', 'FASTER', 'MEC_USED', 'CLEAN', 'CLEAN', 'NEUTRAL', 'NEUTRAL', 'CLEAR', 'CLEAR', 'OPENING', 'BANCO_OFF')",39,11,12,91.667,SWITCH_OFFENSIVE,20.513,2.230539,9.3049
"('UTILITY', 'TANK', 'DEFENSIVE_DIS', 'FULL', 'FULL', 'NORMAL', 'FASTER', 'MEC_AVAIL', 'CLEAN', 'CLEAN', 'NEUTRAL', 'NEUTRAL', 'CLEAR', 'CLEAR', 'OPENING', 'BANCO_AMBOS')",39,8,10,80.000,SWITCH_DEFENSIVE,35.897,1.735826,5.6736
"('TANK', 'TANK', 'NEUTRAL', 'FULL', 'FULL', 'NORMAL', 'SLOWER', 'MEC_USED', 'AFFLICTED', 'CLEAN', 'DEBUFF_DEBUFF', 'DEBUFF', 'SET', 'SET', 'CLUTCH', 'BANCO_VAZIO')",39,4,4,100.000,HAZARD,84.615,0.584924,1.7949
"('SWEEPER', 'TANK', 'OFFENSIVE_ADV', 'FULL', 'FULL', 'NORMAL', 'FASTER', 'MEC_AVAIL', 'CLEAN', 'CLEAN', 'NEUTRAL', 'NEUTRAL', 'CLEAR', 'CLEAR', 'OPENING', 'BANCO_AMBOS')",39,11,12,91.667,SWITCH_DEFENSIVE,33.333,2.004152,7.4198
"('TANK', 'TANK', 'NEUTRAL', 'SAFE', 'DANGER', 'NORMAL', 'SLOWER', 'MEC_USED', 'CLEAN', 'CLEAN', 'NEUTRAL', 'NEUTRAL', 'CLEAR', 'CLEAR', 'OPENING', 'BANCO_OFF')",39,11,14,78.571,HEAL,20.513,2.163866,8.7047
"('TANK', 'TANK', 'NEUTRAL', 'SAFE', 'FULL', 'NORMAL', 'FASTER', 'MEC_USED', 'CLEAN', 'CLEAN', 'NEUTRAL', 'NEUTRAL', 'SET', 'SET', 'OPENING', 'BANCO_OFF')",39,13,14,92.857,ATTACK_TECH,25.641,2.335402,10.3336
"('TANK', 'TANK', 'NEUTRAL', 'FULL', 'FULL', 'FIELD_OURS_DEF', 'FASTER', 'MEC_USED', 'CLEAN', 'CLEAN', 'NEUTRAL', 'NEUTRAL', 'CLEAR', 'CLEAR', 'OPENING', 'BANCO_DEF')",39,8,8,100.000,BARRIER,30.769,1.838504,6.2871
"('UTILITY', 'TANK', 'OFFENSIVE_ADV', 'FULL', 'FULL', 'FIELD_THEIRS', 'FASTER', 'MEC_USED', 'CLEAN', 'CLEAN', 'NEUTRAL', 'NEUTRAL', 'CLEAR', 'CLEAR', 'OPENING', 'BANCO_AMBOS')",39,8,10,80.000,ATTACK_STRONG,53.846,1.486309,4.4208
"('TANK', 'TANK', 'NEUTRAL', 'SAFE', 'SAFE', 'NORMAL', 'SLOWER', 'MEC_USED', 'CLEAN', 'CLEAN', 'NEUTRAL', 'NEUTRAL', 'SET', 'CLEAR', 'OPENING', 'BANCO_VAZIO')",39,13,14,92.857,HEAL,20.513,2.359306,10.5836
"('TANK', 'TANK', 'OFFENSIVE_DIS', 'FULL', 'FULL', 'FIELD_THEIRS', 'SLOWER', 'MEC_USED', 'CLEAN', 'CLEAN', 'NEUTRAL', 'NEUTRAL', 'CLEAR', 'CLEAR', 'OPENING', 'BANCO_AMBOS')",39,9,12,75.000,ATTACK_TECH,56.410,1.486866,4.4232
"('TANK', 'SWEEPER', 'NEUTRAL', 'FULL', 'FULL', 'NORMAL', 'SLOWER', 'MEC_AVAIL', 'CLEAN', 'CLEAN', 'NEUTRAL', 'NEUTRAL', 'CLEAR', 'CLEAR', 'OPENING', 'BANCO_AMBOS')",39,15,18,83.333,BUFF,23.077,2.463015,11.7402
"('TANK', 'TANK', 'NEUTRAL', 'SAFE', 'FULL', 'NORMAL', 'FASTER', 'MEC_USED', 'CLEAN', 'CLEAN', 'NEUTRAL', 'NEUTRAL', 'CLEAR', 'CLEAR', 'BRAWL', 'BANCO_OFF')",39,14,16,87.500,ATTACK_STRONG,17.949,2.356044,10.5491
"('TANK', 'TANK', 'NEUTRAL', 'FULL', 'DANGER', 'NORMAL', 'SLOWER', 'MEC_USED', 'CLEAN', 'CLEAN', 'NEUTRAL', 'NEUTRAL', 'CLEAR', 'CLEAR', 'OPENING', 'BANCO_VAZIO')",39,12,14,85.714,STATUS,23.077,2.196073,8.9896
"('TANK', 'TANK', 'CRITICAL_DIS', 'SAFE', 'FULL', 'NORMAL', 'SLOWER', 'MEC_USED', 'CLEAN', 'CLEAN', 'NEUTRAL', 'NEUTRAL', 'CLEAR', 'CLEAR', 'RECOVERING', 'BANCO_VAZIO')",39,9,13,69.231,ATTACK_PIVOT,69.231,1.239644,3.4544
"('TANK', 'TANK', 'DEFENSIVE_DIS', 'FULL', 'FULL', 'NORMAL', 'FASTER', 'MEC_USED', 'CLEAN', 'AFFLICTED', 'NEUTRAL', 'DEBUFF', 'CLEAR', 'CLEAR', 'CLUTCH', 'BANCO_VAZIO')",38,2,2,100.000,STATUS,97.368,0.121692,1.1294
"('TANK', 'TANK', 'CRITICAL_DIS', 'FULL', 'FULL', 'FIELD_SHARED', 'FASTER', 'MEC_USED', 'CLEAN', 'CLEAN', 'NEUTRAL', 'NEUTRAL', 'CLEAR', 'CLEAR', 'OPENING', 'BANCO_AMBOS')",38,8,14,57.143,SWITCH_OFFENSIVE,42.105,1.364732,3.9147
"('TANK', 'TANK', 'NEUTRAL', 'SAFE', 'FULL', 'NORMAL', 'SLOWER', 'MEC_USED', 'CLEAN', 'CLEAN', 'NEUTRAL', 'NEUTRAL', 'SET', 'CLEAR', 'OPENING', 'BANCO_AMBOS')",38,10,14,71.429,STAT_CLEAN,34.211,1.952684,7.0476
"('TANK', 'TANK', 'NEUTRAL', 'SAFE', 'FULL', 'NORMAL', 'FASTER', 'MEC_USED', 'CLEAN', 'CLEAN', 'NEUTRAL', 'NEUTRAL', 'CLEAR', 'CLEAR', 'BRAWL', 'BANCO_VAZIO')",38,12,12,100.000,ATTACK_TECH,21.053,2.267354,9.6538
"('TANK', 'SWEEPER', 'NEUTRAL', 'FULL', 'FULL', 'FIELD_THEIRS', 'SLOWER', 'MEC_AVAIL', 'CLEAN', 'CLEAN', 'NEUTRAL', 'NEUTRAL', 'CLEAR', 'CLEAR', 'OPENING', 'BANCO_OFF')",38,14,18,77.778,FIELD_CONTROL_MEC,15.789,2.465824,11.7732
"('TANK', 'TANK', 'NEUTRAL', 'FULL', 'FULL', 'NORMAL', 'SLOWER', 'MEC_USED', 'CLEAN', 'CLEAN', 'NEUTRAL', 'NEUTRAL', 'SET', 'CLEAR', 'BRAWL', 'BANCO_OFF')",38,12,12,100.000,HEAL,15.789,2.349259,10.4778
"('TANK', 'TANK', 'OFFENSIVE_DIS', 'FULL', 'FULL', 'NORMAL', 'SLOWER', 'MEC_USED', 'CLEAN', 'CLEAN', 'NEUTRAL', 'NEUTRAL', 'SET', 'CLEAR', 'OPENING', 'BANCO_OFF')",38,12,13,92.308,HEAL,15.789,2.358201,10.5719
"('TANK', 'TANK', 'DEFENSIVE_ADV', 'FULL', 'SAFE', 'NORMAL', 'SLOWER', 'MEC_USED', 'CLEAN', 'CLEAN', 'NEUTRAL', 'NEUTRAL', 'CLEAR', 'CLEAR', 'OPENING', 'BANCO_AMBOS')",38,9,13,69.231,HEAL,50.000,1.613318,5.0194
"('TANK', 'TANK', 'NEUTRAL', 'SAFE', 'FULL', 'NORMAL', 'FASTER', 'MEC_USED', 'CLEAN', 'CLEAN', 'NEUTRAL', 'NEUTRAL', 'CLEAR', 'CLEAR', 'RECOVERING', 'BANCO_VAZIO')",38,13,15,86.667,ATTACK_STRONG,15.789,2.408452,11.1167
"('SWEEPER', 'TANK', 'CRITICAL_DIS', 'FULL', 'FULL', 'NORMAL', 'FASTER', 'MEC_USED', 'CLEAN', 'CLEAN', 'NEUTRAL', 'NEUTRAL', 'CLEAR', 'CLEAR', 'OPENING', 'BANCO_OFF')",38,8,8,100.000,SWITCH_DEFENSIVE,28.947,1.737037,5.6805
"('TANK', 'SWEEPER', 'OFFENSIVE_DIS', 'FULL', 'FULL', 'NORMAL', 'SLOWER', 'MEC_USED', 'CLEAN', 'CLEAN', 'NEUTRAL', 'NEUTRAL', 'CLEAR', 'CLEAR', 'OPENING', 'BANCO_AMBOS')",38,12,16,75.000,ATTACK_TECH,18.421,2.267062,9.6510
"('TANK', 'TANK', 'NEUTRAL', 'FULL', 'FULL', 'NORMAL', 'SLOWER', 'MEC_USED', 'CLEAN', 'CLEAN', 'NEUTRAL', 'NEUTRAL', 'CLEAR', 'CLEAR', 'BRAWL', 'BANCO_VAZIO')",38,13,14,92.857,HEAL,42.105,2.050287,7.7701
"('TANK', 'TANK', 'NEUTRAL', 'FULL', 'FULL', 'NORMAL', 'FASTER', 'MEC_USED', 'CLEAN', 'CLEAN', 'NEUTRAL', 'NEUTRAL', 'SET', 'CLEAR', 'BRAWL', 'BANCO_OFF')",38,13,14,92.857,STATUS,31.579,2.226045,9.2632
"('TANK', 'TANK', 'NEUTRAL', 'FULL', 'FULL', 'NORMAL', 'FASTER', 'MEC_USED', 'AFFLICTED', 'CLEAN', 'NEUTRAL', 'NEUTRAL', 'SET', 'CLEAR', 'OPENING', 'BANCO_OFF')",38,6,10,60.000,CLEAN_HAZARD,63.158,1.215329,3.3714
"('TANK', 'TANK', 'DEFENSIVE_ADV', 'FULL', 'FULL', 'NORMAL', 'FASTER', 'MEC_USED', 'CLEAN', 'CLEAN', 'NEUTRAL', 'DEBUFF', 'SET', 'SET', 'CLUTCH', 'BANCO_VAZIO')",37,3,3,100.000,HEAL,56.757,0.927160,2.5273
"('TANK', 'UTILITY', 'DEFENSIVE_DIS', 'FULL', 'FULL', 'FIELD_OURS_OFF', 'SLOWER', 'MEC_USED', 'CLEAN', 'CLEAN', 'NEUTRAL', 'NEUTRAL', 'CLEAR', 'CLEAR', 'OPENING', 'BANCO_AMBOS')",37,8,11,72.727,CLEAN_HAZARD,37.838,1.668057,5.3019
"('TANK', 'TANK', 'DEFENSIVE_DIS', 'FULL', 'SAFE', 'FIELD_SHARED', 'FASTER', 'MEC_USED', 'CLEAN', 'CLEAN', 'NEUTRAL', 'NEUTRAL', 'CLEAR', 'CLEAR', 'OPENING', 'BANCO_AMBOS')",37,10,12,83.333,SWITCH_OFFENSIVE,45.946,1.611916,5.0124
"('SWEEPER', 'TANK', 'OFFENSIVE_ADV', 'FULL', 'SAFE', 'NORMAL', 'FASTER', 'MEC_USED', 'CLEAN', 'CLEAN', 'NEUTRAL', 'NEUTRAL', 'CLEAR', 'CLEAR', 'OPENING', 'BANCO_OFF')",37,10,10,100.000,ATTACK_STRONG,21.622,2.024716,7.5740
"('SWEEPER', 'TANK', 'NEUTRAL', 'FULL', 'FULL', 'FIELD_THEIRS', 'FASTER', 'MEC_USED', 'CLEAN', 'CLEAN', 'NEUTRAL', 'NEUTRAL', 'CLEAR', 'CLEAR', 'OPENING', 'BANCO_OFF')",37,9,10,90.000,ATTACK_STRONG,35.135,1.901933,6.6988
"('TANK', 'SWEEPER', 'NEUTRAL', 'FULL', 'FULL', 'FIELD_SHARED', 'SLOWER', 'MEC_USED', 'CLEAN', 'CLEAN', 'NEUTRAL', 'NEUTRAL', 'CLEAR', 'CLEAR', 'OPENING', 'BANCO_OFF')",37,12,12,100.000,ATTACK_PIVOT,16.216,2.304268,10.0168
"('TANK', 'TANK', 'OFFENSIVE_DIS', 'SAFE', 'FULL', 'NORMAL', 'SLOWER', 'MEC_USED', 'CLEAN', 'CLEAN', 'NEUTRAL', 'NEUTRAL', 'SET', 'CLEAR', 'OPENING', 'BANCO_OFF')",37,12,12,100.000,STAT_CLEAN,29.730,2.117743,8.3124
"('TANK', 'TANK', 'OFFENSIVE_ADV', 'FULL', 'FULL', 'FIELD_SHARED', 'FASTER', 'MEC_USED', 'CLEAN', 'CLEAN', 'NEUTRAL', 'NEUTRAL', 'SET', 'CLEAR', 'OPENING', 'BANCO_OFF')",37,11,12,91.667,BUFF,16.216,2.275500,9.7328
"('SWEEPER', 'TANK', 'NEUTRAL', 'SAFE', 'FULL', 'NORMAL', 'FASTER', 'MEC_USED', 'CLEAN', 'CLEAN', 'NEUTRAL', 'NEUTRAL', 'CLEAR', 'CLEAR', 'OPENING', 'BANCO_OFF')",37,10,10,100.000,ATTACK_STRONG,21.622,2.131073,8.4239
"('TANK', 'SWEEPER', 'NEUTRAL', 'FULL', 'FULL', 'NORMAL', 'SLOWER', 'MEC_USED', 'CLEAN', 'CLEAN', 'NEUTRAL', 'NEUTRAL', 'CLEAR', 'CLEAR', 'OPENING', 'BANCO_VAZIO')",37,8,13,61.538,PROTECT,35.135,1.772302,5.8844
"('TANK', 'TANK', 'OFFENSIVE_ADV', 'FULL', 'FULL', 'FIELD_OURS_DEF', 'FASTER', 'MEC_USED', 'CLEAN', 'CLEAN', 'NEUTRAL', 'NEUTRAL', 'CLEAR', 'CLEAR', 'OPENING', 'BANCO_OFF')",37,9,10,90.000,ATTACK_TECH,24.324,1.961319,7.1087
"('TANK', 'TANK', 'NEUTRAL', 'FULL', 'FULL', 'NORMAL', 'FASTER', 'MEC_USED', 'CLEAN', 'CLEAN', 'NEUTRAL', 'NEUTRAL', 'CLEAR', 'SET', 'CLUTCH', 'BANCO_VAZIO')",37,6,11,54.545,HEAL,86.486,0.613525,1.8469
"('TANK', 'SWEEPER', 'DEFENSIVE_DIS', 'FULL', 'FULL', 'FIELD_THEIRS', 'SLOWER', 'MEC_USED', 'CLEAN', 'CLEAN', 'NEUTRAL', 'NEUTRAL', 'CLEAR', 'CLEAR', 'OPENING', 'BANCO_OFF')",37,11,14,78.571,HEAL,18.919,2.203353,9.0553
"('TANK', 'TANK', 'NEUTRAL', 'SAFE', 'DANGER', 'NORMAL', 'SLOWER', 'MEC_USED', 'CLEAN', 'CLEAN', 'NEUTRAL', 'NEUTRAL', 'CLEAR', 'CLEAR', 'OPENING', 'BANCO_VAZIO')",37,7,12,58.333,HEAL,70.270,1.096640,2.9941
"('TANK', 'TANK', 'NEUTRAL', 'FULL', 'FULL', 'NORMAL', 'FASTER', 'MEC_USED', 'AFFLICTED', 'CLEAN', 'NEUTRAL', 'DEBUFF', 'SET', 'SET', 'CLUTCH', 'BANCO_VAZIO')",37,1,4,25.000,HAZARD,100.000,-0.000000,1.0000
"('TANK', 'TANK', 'DEFENSIVE_ADV', 'FULL', 'FULL', 'NORMAL', 'SLOWER', 'MEC_USED', 'AFFLICTED', 'AFFLICTED', 'DEBUFF', 'DEBUFF', 'SET', 'CLEAR', 'CLUTCH', 'BANCO_VAZIO')",36,2,3,66.667,HEAL,97.222,0.126931,1.1353
"('UTILITY', 'TANK', 'NEUTRAL', 'FULL', 'FULL', 'NORMAL', 'FASTER', 'MEC_USED', 'CLEAN', 'CLEAN', 'NEUTRAL', 'NEUTRAL', 'CLEAR', 'CLEAR', 'OPENING', 'BANCO_AMBOS')",36,9,10,90.000,ATTACK_STRONG,19.444,2.124243,8.3666
"('TANK', 'TANK', 'VOLATILE', 'FULL', 'FULL', 'NORMAL', 'SLOWER', 'MEC_USED', 'CLEAN', 'CLEAN', 'NEUTRAL', 'NEUTRAL', 'CLEAR', 'CLEAR', 'OPENING', 'BANCO_OFF')",36,14,15,93.333,FIELD_CONTROL,19.444,2.336414,10.3441
"('TANK', 'TANK', 'OFFENSIVE_ADV', 'FULL', 'SAFE', 'NORMAL', 'FASTER', 'MEC_USED', 'CLEAN', 'CLEAN', 'NEUTRAL', 'NEUTRAL', 'CLEAR', 'CLEAR', 'OPENING', 'BANCO_AMBOS')",36,12,13,92.308,ATTACK_STRONG,22.222,2.174866,8.8010
"('TANK', 'TANK', 'OFFENSIVE_ADV', 'SAFE', 'SAFE', 'FIELD_SHARED', 'SLOWER', 'MEC_USED', 'CLEAN', 'CLEAN', 'NEUTRAL', 'NEUTRAL', 'CLEAR', 'CLEAR', 'OPENING', 'BANCO_OFF')",36,12,12,100.000,SWITCH_OFFENSIVE,22.222,2.192626,8.9587
"('SWEEPER', 'UTILITY', 'OFFENSIVE_ADV', 'FULL', 'FULL', 'FIELD_OURS_OFF', 'FASTER', 'MEC_USED', 'CLEAN', 'CLEAN', 'NEUTRAL', 'NEUTRAL', 'CLEAR', 'CLEAR', 'OPENING', 'BANCO_OFF')",36,10,11,90.909,ATTACK_STRONG,63.889,1.397184,4.0438
"('TANK', 'TANK', 'NEUTRAL', 'FULL', 'FULL', 'NORMAL', 'FASTER', 'MEC_USED', 'CLEAN', 'CLEAN', 'NEUTRAL', 'NEUTRAL', 'SET', 'CLEAR', 'OPENING', 'BANCO_VAZIO')",36,11,11,100.000,HEAL,25.000,2.020080,7.5389
"('SWEEPER', 'TANK', 'NEUTRAL', 'FULL', 'FULL', 'NORMAL', 'FASTER', 'MEC_USED', 'CLEAN', 'CLEAN', 'NEUTRAL', 'NEUTRAL', 'CLEAR', 'CLEAR', 'OPENING', 'BANCO_VAZIO')",36,9,10,90.000,ATTACK_STRONG,19.444,2.059838,7.8447
"('TANK', 'TANK', 'OFFENSIVE_DIS', 'FULL', 'FULL', 'NORMAL', 'SLOWER', 'MEC_USED', 'CLEAN', 'CLEAN', 'NEUTRAL', 'NEUTRAL', 'CLEAR', 'CLEAR', 'BRAWL', 'BANCO_VAZIO')",36,9,13,69.231,HEAL_STATUS,52.778,1.591385,4.9105
"('TANK', 'TANK', 'DOMINANT', 'FULL', 'SAFE', 'FIELD_THEIRS', 'SLOWER', 'MEC_USED', 'CLEAN', 'CLEAN', 'NEUTRAL', 'NEUTRAL', 'CLEAR', 'CLEAR', 'OPENING', 'BANCO_OFF')",36,10,12,83.333,SWITCH_OFFENSIVE,22.222,2.090831,8.0916
"('TANK', 'TANK', 'CRITICAL_DIS', 'FULL', 'FULL', 'NORMAL', 'FASTER', 'MEC_USED', 'AFFLICTED', 'CLEAN', 'NEUTRAL', 'NEUTRAL', 'CLEAR', 'SET', 'CLUTCH', 'BANCO_VAZIO')",36,1,3,33.333,HAZARD,100.000,-0.000000,1.0000
"('TANK', 'TANK', 'CRITICAL_DIS', 'FULL', 'FULL', 'NORMAL', 'FASTER', 'MEC_USED', 'AFFLICTED', 'AFFLICTED', 'DEBUFF', 'DEBUFF', 'CLEAR', 'SET', 'RECOVERING', 'BANCO_VAZIO')",36,2,3,66.667,HAZARD,97.222,0.126931,1.1353
"('TANK', 'TANK', 'NEUTRAL', 'FULL', 'FULL', 'NORMAL', 'FASTER', 'MEC_USED', 'AFFLICTED', 'CLEAN', 'NEUTRAL', 'NEUTRAL', 'CLEAR', 'CLEAR', 'CLUTCH', 'BANCO_VAZIO')",35,7,11,63.636,STATUS,37.143,1.558396,4.7512
"('TANK', 'TANK', 'CRITICAL_DIS', 'FULL', 'FULL', 'NORMAL', 'FASTER', 'MEC_USED', 'AFFLICTED', 'CLEAN', 'NEUTRAL', 'NEUTRAL', 'SET', 'SET', 'RECOVERING', 'BANCO_VAZIO')",35,3,7,42.857,HAZARD,94.286,0.258641,1.2952
"('SWEEPER', 'TANK', 'NEUTRAL', 'SAFE', 'SAFE', 'NORMAL', 'FASTER', 'MEC_USED', 'CLEAN', 'CLEAN', 'NEUTRAL', 'NEUTRAL', 'CLEAR', 'CLEAR', 'OPENING', 'BANCO_AMBOS')",35,9,9,100.000,SWITCH_DEFENSIVE,22.857,1.987622,7.2982
"('TANK', 'TANK', 'NEUTRAL', 'DANGER', 'FULL', 'NORMAL', 'FASTER', 'MEC_USED', 'CLEAN', 'CLEAN', 'NEUTRAL', 'NEUTRAL', 'CLEAR', 'CLEAR', 'OPENING', 'BANCO_OFF')",35,12,12,100.000,DISRUPTION,14.286,2.352657,10.5135
"('SWEEPER', 'TANK', 'DOMINANT', 'FULL', 'FULL', 'FIELD_OURS_OFF', 'FASTER', 'MEC_USED', 'CLEAN', 'CLEAN', 'NEUTRAL', 'NEUTRAL', 'CLEAR', 'CLEAR', 'OPENING', 'BANCO_AMBOS')",35,7,7,100.000,ATTACK_STRONG,48.571,1.522483,4.5836
"('TANK', 'TANK', 'OFFENSIVE_ADV', 'FULL', 'FULL', 'FIELD_SHARED', 'FASTER', 'MEC_AVAIL', 'CLEAN', 'CLEAN', 'NEUTRAL', 'NEUTRAL', 'CLEAR', 'CLEAR', 'OPENING', 'BANCO_AMBOS')",35,12,12,100.000,BUFF,20.000,2.287562,9.8509
"('TANK', 'TANK', 'DEFENSIVE_ADV', 'FULL', 'FULL', 'NORMAL', 'FASTER', 'MEC_USED', 'CLEAN', 'CLEAN', 'NEUTRAL', 'NEUTRAL', 'CLEAR', 'CLEAR', 'OPENING', 'BANCO_OFF')",35,12,13,92.308,HEAL,22.857,2.250760,9.4949
"('TANK', 'TANK', 'VOLATILE', 'FULL', 'FULL', 'FIELD_OURS_DEF', 'FASTER', 'MEC_USED', 'CLEAN', 'CLEAN', 'NEUTRAL', 'NEUTRAL', 'CLEAR', 'CLEAR', 'OPENING', 'BANCO_OFF')",35,7,9,77.778,SWITCH_DEFENSIVE,28.571,1.595368,4.9301
"('TANK', 'TANK', 'NEUTRAL', 'FULL', 'FULL', 'NORMAL', 'SLOWER', 'MEC_USED', 'CLEAN', 'CLEAN', 'NEUTRAL', 'NEUTRAL', 'SET', 'SET', 'CLUTCH', 'BANCO_VAZIO')",35,5,12,41.667,HEAL,40.000,1.376251,3.9600
"('TANK', 'UTILITY', 'NEUTRAL', 'SAFE', 'FULL', 'NORMAL', 'SLOWER', 'MEC_USED', 'CLEAN', 'CLEAN', 'NEUTRAL', 'NEUTRAL', 'CLEAR', 'CLEAR', 'OPENING', 'BANCO_OFF')",35,12,14,85.714,ATTACK_STRONG,28.571,2.064916,7.8846
"('TANK', 'TANK', 'DEFENSIVE_DIS', 'SAFE', 'FULL', 'FIELD_SHARED', 'FASTER', 'MEC_USED', 'CLEAN', 'CLEAN', 'NEUTRAL', 'NEUTRAL', 'CLEAR', 'CLEAR', 'OPENING', 'BANCO_AMBOS')",35,13,14,92.857,SWITCH_OFFENSIVE,20.000,2.338857,10.3694
"('TANK', 'TANK', 'STALEMATE', 'SAFE', 'FULL', 'NORMAL', 'SLOWER', 'MEC_USED', 'AFFLICTED', 'AFFLICTED', 'DEBUFF', 'DEBUFF', 'SET', 'CLEAR', 'RECOVERING', 'BANCO_VAZIO')",35,3,5,60.000,STAT_CLEAN,62.857,0.819174,2.2686
"('TANK', 'TANK', 'NEUTRAL', 'SAFE', 'FULL', 'NORMAL', 'SLOWER', 'MEC_USED', 'AFFLICTED', 'CLEAN', 'DEBUFF', 'NEUTRAL', 'SET', 'CLEAR', 'CLUTCH', 'BANCO_VAZIO')",34,8,10,80.000,STATUS,47.059,1.344587,3.8366
"('TANK', 'TANK', 'OFFENSIVE_DIS', 'FULL', 'FULL', 'NORMAL', 'FASTER', 'MEC_USED', 'CLEAN', 'CLEAN', 'NEUTRAL', 'NEUTRAL', 'SET', 'CLEAR', 'CLUTCH', 'BANCO_VAZIO')",34,7,10,70.000,STATUS,64.706,1.208045,3.3469
"('TANK', 'TANK', 'OFFENSIVE_ADV', 'FULL', 'FULL', 'NORMAL', 'SLOWER', 'MEC_USED', 'CLEAN', 'CLEAN', 'NEUTRAL', 'NEUTRAL', 'CLEAR', 'CLEAR', 'OPENING', 'BANCO_VAZIO')",34,11,13,84.615,ATTACK_STRONG,26.471,2.073112,7.9495
"('TANK', 'TANK', 'DEFENSIVE_DIS', 'FULL', 'FULL', 'NORMAL', 'SLOWER', 'MEC_USED', 'CLEAN', 'CLEAN', 'NEUTRAL', 'NEUTRAL', 'CLEAR', 'CLEAR', 'RECOVERING', 'BANCO_VAZIO')",34,11,15,73.333,ATTACK_STRONG,32.353,2.090766,8.0911
"('TANK', 'TANK', 'DEFENSIVE_DIS', 'SAFE', 'FULL', 'NORMAL', 'FASTER', 'MEC_USED', 'CLEAN', 'CLEAN', 'NEUTRAL', 'NEUTRAL', 'SET', 'CLEAR', 'OPENING', 'BANCO_OFF')",34,13,13,100.000,HEAL,29.412,2.230098,9.3008
"('TANK', 'TANK', 'DEFENSIVE_DIS', 'SAFE', 'FULL', 'FIELD_SHARED', 'FASTER', 'MEC_USED', 'CLEAN', 'CLEAN', 'NEUTRAL', 'NEUTRAL', 'CLEAR', 'CLEAR', 'OPENING', 'BANCO_OFF')",34,12,14,85.714,ATTACK_PIVOT,20.588,2.248706,9.4755
"('TANK', 'TANK', 'DEFENSIVE_DIS', 'SAFE', 'SAFE', 'NORMAL', 'SLOWER', 'MEC_USED', 'CLEAN', 'CLEAN', 'NEUTRAL', 'NEUTRAL', 'CLEAR', 'CLEAR', 'RECOVERING', 'BANCO_VAZIO')",34,14,15,93.333,SWITCH_OFFENSIVE,17.647,2.463420,11.7449
"('TANK', 'TANK', 'DOMINANT', 'FULL', 'SAFE', 'NORMAL', 'FASTER', 'MEC_USED', 'CLEAN', 'CLEAN', 'NEUTRAL', 'NEUTRAL', 'CLEAR', 'CLEAR', 'OPENING', 'BANCO_AMBOS')",34,12,14,85.714,BUFF,23.529,2.231607,9.3148
"('TANK', 'TANK', 'DOMINANT', 'FULL', 'FULL', 'FIELD_OURS_DEF', 'FASTER', 'MEC_USED', 'CLEAN', 'CLEAN', 'NEUTRAL', 'NEUTRAL', 'CLEAR', 'CLEAR', 'OPENING', 'BANCO_AMBOS')",34,2,5,40.000,ATTACK_STRONG,97.059,0.132691,1.1419
"('TANK', 'TANK', 'VOLATILE', 'FULL', 'FULL', 'FIELD_OURS_DEF', 'SLOWER', 'MEC_AVAIL', 'CLEAN', 'CLEAN', 'NEUTRAL', 'NEUTRAL', 'CLEAR', 'CLEAR', 'OPENING', 'BANCO_OFF')",34,6,10,60.000,HAZARD_MEC,32.353,1.516579,4.5566
"('TANK', 'SWEEPER', 'NEUTRAL', 'FULL', 'FULL', 'FIELD_OURS_OFF', 'SLOWER', 'MEC_USED', 'CLEAN', 'CLEAN', 'NEUTRAL', 'NEUTRAL', 'CLEAR', 'CLEAR', 'OPENING', 'BANCO_OFF')",34,11,13,84.615,HEAL,20.588,2.207933,9.0969
"('TANK', 'TANK', 'CRITICAL_DIS', 'FULL', 'SAFE', 'NORMAL', 'SLOWER', 'MEC_USED', 'CLEAN', 'CLEAN', 'NEUTRAL', 'NEUTRAL', 'CLEAR', 'CLEAR', 'RECOVERING', 'BANCO_VAZIO')",34,9,11,81.818,ATTACK_STRONG,35.294,1.910019,6.7532
"('TANK', 'TANK', 'NEUTRAL', 'FULL', 'FULL', 'FIELD_THEIRS', 'SLOWER', 'MEC_AVAIL', 'CLEAN', 'CLEAN', 'NEUTRAL', 'NEUTRAL', 'CLEAR', 'CLEAR', 'OPENING', 'BANCO_OFF')",34,11,18,61.111,ATTACK_STRONG_MEC,23.529,2.165976,8.7231
"('TANK', 'TANK', 'DEFENSIVE_DIS', 'FULL', 'FULL', 'NORMAL', 'FASTER', 'MEC_USED', 'CLEAN', 'AFFLICTED', 'NEUTRAL', 'NEUTRAL', 'CLEAR', 'CLEAR', 'CLUTCH', 'BANCO_VAZIO')",34,4,8,50.000,SWITCH_OFFENSIVE,76.471,0.757420,2.1328
"('TANK', 'TANK', 'NEUTRAL', 'FULL', 'SAFE', 'NORMAL', 'SLOWER', 'MEC_USED', 'CLEAN', 'CLEAN', 'NEUTRAL', 'NEUTRAL', 'CLEAR', 'CLEAR', 'RECOVERING', 'BANCO_VAZIO')",33,12,13,92.308,SWITCH_DEFENSIVE,18.182,2.333195,10.3108
"('TANK', 'SWEEPER', 'OFFENSIVE_ADV', 'SAFE', 'SAFE', 'NORMAL', 'SLOWER', 'MEC_USED', 'CLEAN', 'CLEAN', 'NEUTRAL', 'NEUTRAL', 'CLEAR', 'CLEAR', 'OPENING', 'BANCO_OFF')",33,12,13,92.308,HEAL,15.152,2.406916,11.0997
"('UTILITY', 'TANK', 'OFFENSIVE_ADV', 'FULL', 'FULL', 'FIELD_OURS_OFF', 'FASTER', 'MEC_USED', 'CLEAN', 'CLEAN', 'NEUTRAL', 'NEUTRAL', 'CLEAR', 'CLEAR', 'OPENING', 'BANCO_OFF')",33,9,10,90.000,ATTACK_STRONG,54.545,1.568014,4.7971
"('TANK', 'TANK', 'NEUTRAL', 'SAFE', 'SAFE', 'NORMAL', 'SLOWER', 'MEC_USED', 'CLEAN', 'CLEAN', 'NEUTRAL', 'NEUTRAL', 'SET', 'SET', 'RECOVERING', 'BANCO_VAZIO')",33,13,13,100.000,HAZARD,21.212,2.288209,9.8573
"('TANK', 'TANK', 'NEUTRAL', 'SAFE', 'FULL', 'NORMAL', 'SLOWER', 'MEC_USED', 'CLEAN', 'CLEAN', 'NEUTRAL', 'NEUTRAL', 'SET', 'CLEAR', 'RECOVERING', 'BANCO_VAZIO')",33,11,14,78.571,STAT_CLEAN,27.273,2.117591,8.3111
"('TANK', 'TANK', 'DEFENSIVE_DIS', 'SAFE', 'FULL', 'NORMAL', 'SLOWER', 'MEC_USED', 'CLEAN', 'AFFLICTED', 'NEUTRAL', 'NEUTRAL', 'SET', 'SET', 'CLUTCH', 'BANCO_VAZIO')",33,8,9,88.889,STATUS,27.273,1.872373,6.5037
"('SWEEPER', 'SWEEPER', 'OFFENSIVE_ADV', 'FULL', 'FULL', 'FIELD_OURS_OFF', 'FASTER', 'MEC_USED', 'CLEAN', 'CLEAN', 'NEUTRAL', 'NEUTRAL', 'CLEAR', 'CLEAR', 'OPENING', 'BANCO_AMBOS')",33,7,7,100.000,ATTACK_STRONG,18.182,1.889593,6.6167
"('TANK', 'TANK', 'OFFENSIVE_ADV', 'SAFE', 'SAFE', 'NORMAL', 'SLOWER', 'MEC_USED', 'CLEAN', 'CLEAN', 'NEUTRAL', 'NEUTRAL', 'SET', 'CLEAR', 'OPENING', 'BANCO_OFF')",33,13,14,92.857,HEAL,18.182,2.451022,11.6002
"('TANK', 'TANK', 'NEUTRAL', 'SAFE', 'FULL', 'NORMAL', 'FASTER', 'MEC_USED', 'CLEAN', 'CLEAN', 'NEUTRAL', 'NEUTRAL', 'SET', 'CLEAR', 'RECOVERING', 'BANCO_VAZIO')",33,12,13,92.308,ATTACK_STRONG,24.242,2.210630,9.1215
"('TANK', 'TANK', 'OFFENSIVE_DIS', 'SAFE', 'FULL', 'NORMAL', 'SLOWER', 'MEC_USED', 'CLEAN', 'CLEAN', 'NEUTRAL', 'NEUTRAL', 'CLEAR', 'CLEAR', 'OPENING', 'BANCO_AMBOS')",33,10,14,71.429,FIELD_CONTROL,21.212,2.078165,7.9898
"('TANK', 'TANK', 'DEFENSIVE_ADV', 'FULL', 'SAFE', 'NORMAL', 'SLOWER', 'MEC_USED', 'CLEAN', 'CLEAN', 'NEUTRAL', 'NEUTRAL', 'CLEAR', 'CLEAR', 'OPENING', 'BANCO_OFF')",33,13,14,92.857,STATUS,24.242,2.282987,9.8059
"('TANK', 'TANK', 'NEUTRAL', 'SAFE', 'FULL', 'NORMAL', 'FASTER', 'MEC_USED', 'AFFLICTED', 'AFFLICTED', 'DEBUFF', 'NEUTRAL', 'CLEAR', 'CLEAR', 'CLUTCH', 'BANCO_VAZIO')",33,4,4,100.000,CLEAN_HAZARD,36.364,1.325523,3.7642
"('TANK', 'TANK', 'STALEMATE', 'DANGER', 'FULL', 'NORMAL', 'SLOWER', 'MEC_USED', 'AFFLICTED', 'AFFLICTED', 'DEBUFF', 'DEBUFF', 'SET', 'SET', 'CLUTCH', 'BANCO_VAZIO')",33,3,5,60.000,STATUS,81.818,0.556060,1.7438
"('TANK', 'SWEEPER', 'NEUTRAL', 'FULL', 'FULL', 'FIELD_THEIRS', 'SLOWER', 'MEC_USED', 'CLEAN', 'CLEAN', 'NEUTRAL', 'NEUTRAL', 'CLEAR', 'CLEAR', 'OPENING', 'BANCO_OFF')",33,11,14,78.571,ATTACK_TECH,24.242,2.152765,8.6086
"('TANK', 'UTILITY', 'DOMINANT', 'FULL', 'FULL', 'FIELD_OURS_OFF', 'SLOWER', 'MEC_USED', 'CLEAN', 'CLEAN', 'NEUTRAL', 'NEUTRAL', 'CLEAR', 'CLEAR', 'OPENING', 'BANCO_AMBOS')",33,6,11,54.545,CLEAN_HAZARD,36.364,1.507994,4.5177
"('TANK', 'TANK', 'DOMINANT', 'SAFE', 'FULL', 'NORMAL', 'FASTER', 'MEC_USED', 'CLEAN', 'CLEAN', 'NEUTRAL', 'NEUTRAL', 'CLEAR', 'CLEAR', 'OPENING', 'BANCO_AMBOS')",33,9,11,81.818,ATTACK_PIVOT,21.212,1.959458,7.0955
"('TANK', 'TANK', 'NEUTRAL', 'FULL', 'SAFE', 'NORMAL', 'SLOWER', 'MEC_USED', 'CLEAN', 'CLEAN', 'NEUTRAL', 'NEUTRAL', 'SET', 'CLEAR', 'OPENING', 'BANCO_AMBOS')",33,10,14,71.429,HEAL,27.273,2.091438,8.0966
"('TANK', 'TANK', 'DEFENSIVE_DIS', 'FULL', 'FULL', 'NORMAL', 'SLOWER', 'MEC_USED', 'CLEAN', 'CLEAN', 'NEUTRAL', 'NEUTRAL', 'CLEAR', 'CLEAR', 'OPENING', 'BANCO_VAZIO')",33,9,12,75.000,STAT_CLEAN,45.455,1.668915,5.3064
"('TANK', 'TANK', 'CRITICAL_DIS', 'FULL', 'FULL', 'NORMAL', 'SLOWER', 'MEC_USED', 'CLEAN', 'CLEAN', 'NEUTRAL', 'NEUTRAL', 'SET', 'SET', 'CLUTCH', 'BANCO_VAZIO')",33,3,3,100.000,PROTECT,90.909,0.362501,1.4369
"('UTILITY', 'TANK', 'DEFENSIVE_ADV', 'FULL', 'FULL', 'NORMAL', 'FASTER', 'MEC_USED', 'CLEAN', 'CLEAN', 'NEUTRAL', 'NEUTRAL', 'CLEAR', 'CLEAR', 'OPENING', 'BANCO_AMBOS')",32,7,10,70.000,ATTACK_STRONG,53.125,1.434998,4.1996
"('TANK', 'TANK', 'OFFENSIVE_ADV', 'FULL', 'FULL', 'NORMAL', 'SLOWER', 'MEC_USED', 'CLEAN', 'CLEAN', 'NEUTRAL', 'NEUTRAL', 'CLEAR', 'CLEAR', 'BRAWL', 'BANCO_OFF')",32,10,13,76.923,ATTACK_PIVOT,15.625,2.185719,8.8970
"('TANK', 'TANK', 'OFFENSIVE_ADV', 'SAFE', 'FULL', 'NORMAL', 'FASTER', 'MEC_USED', 'CLEAN', 'CLEAN', 'NEUTRAL', 'NEUTRAL', 'SET', 'CLEAR', 'BRAWL', 'BANCO_OFF')",32,8,9,88.889,CLEAN_HAZARD,40.625,1.739034,5.6918
"('TANK', 'TANK', 'OFFENSIVE_ADV', 'FULL', 'FULL', 'NORMAL', 'FASTER', 'MEC_USED', 'CLEAN', 'CLEAN', 'NEUTRAL', 'DEBUFF', 'CLEAR', 'CLEAR', 'OPENING', 'BANCO_OFF')",32,7,8,87.500,ATTACK_TECH,37.500,1.493011,4.4505
"('TANK', 'TANK', 'DEFENSIVE_DIS', 'FULL', 'FULL', 'FIELD_SHARED', 'FASTER', 'MEC_USED', 'CLEAN', 'CLEAN', 'NEUTRAL', 'NEUTRAL', 'CLEAR', 'CLEAR', 'OPENING', 'BANCO_VAZIO')",32,10,10,100.000,ATTACK_PIVOT,18.750,2.133941,8.4481
"('TANK', 'TANK', 'OFFENSIVE_ADV', 'DANGER', 'SAFE', 'NORMAL', 'FASTER', 'MEC_USED', 'CLEAN', 'CLEAN', 'NEUTRAL', 'NEUTRAL', 'CLEAR', 'CLEAR', 'OPENING', 'BANCO_OFF')",32,11,11,100.000,BUFF,15.625,2.280258,9.7792
"('TANK', 'SWEEPER', 'OFFENSIVE_DIS', 'FULL', 'FULL', 'FIELD_SHARED', 'SLOWER', 'MEC_USED', 'CLEAN', 'CLEAN', 'NEUTRAL', 'NEUTRAL', 'CLEAR', 'CLEAR', 'OPENING', 'BANCO_OFF')",32,12,13,92.308,PROTECT,15.625,2.350550,10.4913
"('TANK', 'TANK', 'OFFENSIVE_ADV', 'FULL', 'CRIT', 'NORMAL', 'FASTER', 'MEC_USED', 'CLEAN', 'CLEAN', 'NEUTRAL', 'NEUTRAL', 'CLEAR', 'CLEAR', 'OPENING', 'BANCO_OFF')",32,10,11,90.909,ATTACK_STRONG,34.375,1.983738,7.2699
"('TANK', 'TANK', 'DOMINANT', 'SAFE', 'FULL', 'NORMAL', 'FASTER', 'MEC_USED', 'CLEAN', 'CLEAN', 'NEUTRAL', 'NEUTRAL', 'SET', 'CLEAR', 'OPENING', 'BANCO_AMBOS')",32,8,12,66.667,ATTACK_STRONG,34.375,1.652609,5.2206
"('TANK', 'TANK', 'NEUTRAL', 'FULL', 'FULL', 'NORMAL', 'SLOWER', 'MEC_USED', 'CLEAN', 'CLEAN', 'NEUTRAL', 'NEUTRAL', 'CLEAR', 'CLEAR', 'CLUTCH', 'BANCO_VAZIO')",32,7,12,58.333,ATTACK_STRONG,43.750,1.503541,4.4976
"('TANK', 'TANK', 'NEUTRAL', 'SAFE', 'FULL', 'NORMAL', 'SLOWER', 'MEC_USED', 'CLEAN', 'CLEAN', 'NEUTRAL', 'NEUTRAL', 'CLEAR', 'CLEAR', 'BRAWL', 'BANCO_VAZIO')",32,6,12,50.000,STAT_CLEAN,43.750,1.495585,4.4619
"('TANK', 'TANK', 'OFFENSIVE_ADV', 'FULL', 'FULL', 'FIELD_THEIRS', 'SLOWER', 'MEC_AVAIL', 'CLEAN', 'CLEAN', 'NEUTRAL', 'NEUTRAL', 'CLEAR', 'CLEAR', 'OPENING', 'BANCO_AMBOS')",31,12,16,75.000,FIELD_CONTROL,32.258,2.193389,8.9655
"('TANK', 'TANK', 'NEUTRAL', 'SAFE', 'SAFE', 'NORMAL', 'FASTER', 'MEC_USED', 'CLEAN', 'CLEAN', 'NEUTRAL', 'NEUTRAL', 'SET', 'CLEAR', 'OPENING', 'BANCO_AMBOS')",31,9,14,64.286,SWITCH_DEFENSIVE,45.161,1.699607,5.4718
"('TANK', 'TANK', 'DOMINANT', 'FULL', 'FULL', 'FIELD_THEIRS', 'FASTER', 'MEC_AVAIL', 'CLEAN', 'CLEAN', 'NEUTRAL', 'NEUTRAL', 'CLEAR', 'CLEAR', 'OPENING', 'BANCO_OFF')",31,12,14,85.714,ATTACK_STRONG,35.484,2.102171,8.1839
"('TANK', 'TANK', 'NEUTRAL', 'FULL', 'FULL', 'FIELD_OURS_OFF', 'FASTER', 'MEC_USED', 'CLEAN', 'CLEAN', 'NEUTRAL', 'NEUTRAL', 'CLEAR', 'CLEAR', 'OPENING', 'BANCO_DEF')",31,10,12,83.333,CLEAN_HAZARD,29.032,1.940501,6.9622
"('TANK', 'TANK', 'OFFENSIVE_DIS', 'FULL', 'FULL', 'FIELD_SHARED', 'FASTER', 'MEC_USED', 'CLEAN', 'CLEAN', 'NEUTRAL', 'NEUTRAL', 'CLEAR', 'CLEAR', 'OPENING', 'BANCO_OFF')",31,11,12,91.667,ATTACK_PIVOT,19.355,2.170015,8.7584
"('TANK', 'TANK', 'NEUTRAL', 'SAFE', 'FULL', 'NORMAL', 'SLOWER', 'MEC_USED', 'CLEAN', 'CLEAN', 'NEUTRAL', 'NEUTRAL', 'CLEAR', 'CLEAR', 'BRAWL', 'BANCO_OFF')",31,12,13,92.308,ATTACK_STRONG,19.355,2.365771,10.6522
"('TANK', 'TANK', 'OFFENSIVE_ADV', 'SAFE', 'FULL', 'NORMAL', 'SLOWER', 'MEC_USED', 'CLEAN', 'CLEAN', 'NEUTRAL', 'NEUTRAL', 'CLEAR', 'CLEAR', 'BRAWL', 'BANCO_OFF')",31,7,11,63.636,ATTACK_STRONG,41.935,1.481436,4.3993
"('UTILITY', 'TANK', 'OFFENSIVE_ADV', 'FULL', 'FULL', 'NORMAL', 'FASTER', 'MEC_USED', 'CLEAN', 'CLEAN', 'NEUTRAL', 'NEUTRAL', 'CLEAR', 'CLEAR', 'OPENING', 'BANCO_OFF')",31,11,11,100.000,HAZARD,16.129,2.227147,9.2734
"('SWEEPER', 'SWEEPER', 'OFFENSIVE_ADV', 'FULL', 'FULL', 'FIELD_OURS_OFF', 'FASTER', 'MEC_USED', 'CLEAN', 'CLEAN', 'NEUTRAL', 'NEUTRAL', 'CLEAR', 'CLEAR', 'OPENING', 'BANCO_OFF')",31,9,11,81.818,ATTACK_PIVOT,22.581,1.951043,7.0360
"('SWEEPER', 'TANK', 'OFFENSIVE_ADV', 'SAFE', 'FULL', 'NORMAL', 'FASTER', 'MEC_USED', 'CLEAN', 'CLEAN', 'NEUTRAL', 'NEUTRAL', 'CLEAR', 'CLEAR', 'OPENING', 'BANCO_AMBOS')",31,7,9,77.778,SWITCH_DEFENSIVE,51.613,1.475072,4.3713
"('TANK', 'TANK', 'DEFENSIVE_ADV', 'FULL', 'SAFE', 'FIELD_SHARED', 'FASTER', 'MEC_USED', 'CLEAN', 'CLEAN', 'NEUTRAL', 'NEUTRAL', 'CLEAR', 'CLEAR', 'OPENING', 'BANCO_OFF')",31,9,11,81.818,HEAL,29.032,1.867942,6.4750
"('TANK', 'TANK', 'DEFENSIVE_DIS', 'FULL', 'SAFE', 'NORMAL', 'SLOWER', 'MEC_USED', 'CLEAN', 'CLEAN', 'NEUTRAL', 'NEUTRAL', 'CLEAR', 'CLEAR', 'OPENING', 'BANCO_OFF')",31,10,12,83.333,CLEAN_HAZARD,22.581,2.030456,7.6176
"('TANK', 'TANK', 'OFFENSIVE_ADV', 'FULL', 'SAFE', 'NORMAL', 'SLOWER', 'MEC_USED', 'CLEAN', 'CLEAN', 'NEUTRAL', 'NEUTRAL', 'SET', 'CLEAR', 'OPENING', 'BANCO_OFF')",31,11,13,84.615,ATTACK_STRONG,19.355,2.212501,9.1385
"('TANK', 'TANK', 'OFFENSIVE_ADV', 'FULL', 'FULL', 'FIELD_THEIRS', 'SLOWER', 'MEC_AVAIL', 'CLEAN', 'CLEAN', 'NEUTRAL', 'NEUTRAL', 'CLEAR', 'CLEAR', 'OPENING', 'BANCO_OFF')",31,8,12,66.667,ATTACK_STRONG_MEC,41.935,1.541583,4.6720
"('SWEEPER', 'SWEEPER', 'NEUTRAL', 'FULL', 'FULL', 'NORMAL', 'FASTER', 'MEC_USED', 'CLEAN', 'CLEAN', 'NEUTRAL', 'NEUTRAL', 'CLEAR', 'CLEAR', 'OPENING', 'BANCO_AMBOS')",31,8,9,88.889,SWITCH_OFFENSIVE,38.710,1.578282,4.8466
"('TANK', 'TANK', 'CRITICAL_DIS', 'SAFE', 'FULL', 'NORMAL', 'FASTER', 'MEC_USED', 'CLEAN', 'CLEAN', 'NEUTRAL', 'NEUTRAL', 'CLEAR', 'CLEAR', 'OPENING', 'BANCO_OFF')",31,14,16,87.500,SWITCH_OFFENSIVE,16.129,2.486734,12.0219
"('TANK', 'TANK', 'DEFENSIVE_DIS', 'SAFE', 'SAFE', 'NORMAL', 'SLOWER', 'MEC_USED', 'CLEAN', 'CLEAN', 'NEUTRAL', 'NEUTRAL', 'CLEAR', 'CLEAR', 'OPENING', 'BANCO_AMBOS')",31,6,14,42.857,HEAL,54.839,1.371500,3.9413
"('TANK', 'TANK', 'DEFENSIVE_DIS', 'DANGER', 'FULL', 'NORMAL', 'SLOWER', 'MEC_USED', 'CLEAN', 'AFFLICTED', 'NEUTRAL', 'NEUTRAL', 'SET', 'SET', 'CLUTCH', 'BANCO_VAZIO')",31,4,8,50.000,STAT_CLEAN,87.097,0.518700,1.6798
"('TANK', 'TANK', 'OFFENSIVE_ADV', 'FULL', 'FULL', 'NORMAL', 'FASTER', 'MEC_AVAIL', 'CLEAN', 'CLEAN', 'NEUTRAL', 'NEUTRAL', 'SET', 'CLEAR', 'OPENING', 'BANCO_AMBOS')",30,11,12,91.667,ATTACK_STRONG,16.667,2.246549,9.4550
"('TANK', 'TANK', 'STALEMATE', 'FULL', 'FULL', 'NORMAL', 'SLOWER', 'MEC_USED', 'CLEAN', 'CLEAN', 'NEUTRAL', 'NEUTRAL', 'CLEAR', 'CLEAR', 'DOMINATING', 'BANCO_OFF')",30,5,11,45.455,STATUS,60.000,1.130495,3.0972
"('TANK', 'TANK', 'NEUTRAL', 'SAFE', 'SAFE', 'NORMAL', 'FASTER', 'MEC_USED', 'CLEAN', 'CLEAN', 'NEUTRAL', 'NEUTRAL', 'CLEAR', 'SET', 'OPENING', 'BANCO_VAZIO')",30,11,16,68.750,ATTACK_STRONG,26.667,2.061113,7.8547
"('UTILITY', 'TANK', 'OFFENSIVE_ADV', 'FULL', 'FULL', 'FIELD_SHARED', 'FASTER', 'MEC_USED', 'CLEAN', 'CLEAN', 'NEUTRAL', 'NEUTRAL', 'CLEAR', 'CLEAR', 'OPENING', 'BANCO_OFF')",30,10,10,100.000,CLEAN_HAZARD,20.000,2.148014,8.5678
"('TANK', 'SWEEPER', 'OFFENSIVE_ADV', 'FULL', 'FULL', 'FIELD_OURS_OFF', 'SLOWER', 'MEC_USED', 'CLEAN', 'CLEAN', 'NEUTRAL', 'NEUTRAL', 'CLEAR', 'CLEAR', 'OPENING', 'BANCO_OFF')",30,11,12,91.667,PROTECT,20.000,2.202646,9.0489
"('SWEEPER', 'TANK', 'VOLATILE', 'FULL', 'FULL', 'FIELD_THEIRS', 'FASTER', 'MEC_USED', 'CLEAN', 'CLEAN', 'NEUTRAL', 'NEUTRAL', 'CLEAR', 'CLEAR', 'OPENING', 'BANCO_AMBOS')",30,9,9,100.000,HAZARD,33.333,1.951848,7.0417
"('SWEEPER', 'TANK', 'NEUTRAL', 'FULL', 'SAFE', 'NORMAL', 'FASTER', 'MEC_USED', 'CLEAN', 'CLEAN', 'NEUTRAL', 'NEUTRAL', 'CLEAR', 'CLEAR', 'OPENING', 'BANCO_OFF')",30,7,9,77.778,SWITCH_OFFENSIVE,36.667,1.756748,5.7936
"('TANK', 'TANK', 'OFFENSIVE_ADV', 'FULL', 'FULL', 'FIELD_THEIRS', 'FASTER', 'MEC_USED', 'CLEAN', 'CLEAN', 'NEUTRAL', 'NEUTRAL', 'SET', 'CLEAR', 'OPENING', 'BANCO_OFF')",30,10,11,90.909,HEAL,30.000,2.077651,7.9857
"('TANK', 'SWEEPER', 'DOMINANT', 'FULL', 'FULL', 'NORMAL', 'SLOWER', 'MEC_USED', 'CLEAN', 'CLEAN', 'NEUTRAL', 'NEUTRAL', 'CLEAR', 'CLEAR', 'OPENING', 'BANCO_OFF')",30,11,13,84.615,ATTACK_TECH,26.667,2.081459,8.0162
"('TANK', 'TANK', 'NEUTRAL', 'FULL', 'SAFE', 'NORMAL', 'SLOWER', 'MEC_USED', 'CLEAN', 'CLEAN', 'NEUTRAL', 'NEUTRAL', 'CLEAR', 'CLEAR', 'BRAWL', 'BANCO_OFF')",30,8,13,61.538,HEAL,26.667,1.858462,6.4139
"('TANK', 'TANK', 'OFFENSIVE_DIS', 'FULL', 'FULL', 'NORMAL', 'SLOWER', 'MEC_USED', 'CLEAN', 'CLEAN', 'NEUTRAL', 'NEUTRAL', 'SET', 'CLEAR', 'OPENING', 'BANCO_AMBOS')",30,14,14,100.000,DISRUPTION,13.333,2.545864,12.7542
"('SWEEPER', 'TANK', 'OFFENSIVE_ADV', 'FULL', 'FULL', 'NORMAL', 'FASTER', 'MEC_AVAIL', 'CLEAN', 'CLEAN', 'NEUTRAL', 'NEUTRAL', 'CLEAR', 'CLEAR', 'OPENING', 'BANCO_OFF')",30,7,12,58.333,ATTACK_STRONG_MEC,40.000,1.575458,4.8330
"('TANK', 'TANK', 'DEFENSIVE_DIS', 'SAFE', 'FULL', 'NORMAL', 'FASTER', 'MEC_USED', 'CLEAN', 'CLEAN', 'NEUTRAL', 'NEUTRAL', 'CLEAR', 'CLEAR', 'RECOVERING', 'BANCO_VAZIO')",30,11,14,78.571,ATTACK_TECH,36.667,2.053756,7.7971
"('SWEEPER', 'TANK', 'NEUTRAL', 'FULL', 'FULL', 'FIELD_OURS_OFF', 'FASTER', 'MEC_USED', 'CLEAN', 'CLEAN', 'NEUTRAL', 'NEUTRAL', 'CLEAR', 'CLEAR', 'OPENING', 'BANCO_OFF')",30,9,10,90.000,ATTACK_PIVOT,26.667,2.035249,7.6542
"('TANK', 'TANK', 'NEUTRAL', 'FULL', 'SAFE', 'NORMAL', 'FASTER', 'MEC_USED', 'CLEAN', 'CLEAN', 'NEUTRAL', 'NEUTRAL', 'CLEAR', 'CLEAR', 'RECOVERING', 'BANCO_VAZIO')",30,12,12,100.000,PROTECT,20.000,2.295066,9.9251
"('TANK', 'TANK', 'VOLATILE', 'FULL', 'FULL', 'NORMAL', 'SLOWER', 'MEC_USED', 'CLEAN', 'CLEAN', 'NEUTRAL', 'NEUTRAL', 'CLEAR', 'CLEAR', 'OPENING', 'BANCO_AMBOS')",30,11,13,84.615,ATTACK_STRONG,20.000,2.176186,8.8126
"('TANK', 'TANK', 'DEFENSIVE_DIS', 'FULL', 'SAFE', 'NORMAL', 'SLOWER', 'MEC_USED', 'CLEAN', 'CLEAN', 'NEUTRAL', 'NEUTRAL', 'CLEAR', 'CLEAR', 'OPENING', 'BANCO_AMBOS')",30,10,14,71.429,ATTACK_STRONG,16.667,2.182897,8.8720
"('TANK', 'TANK', 'DEFENSIVE_DIS', 'SAFE', 'SAFE', 'NORMAL', 'FASTER', 'MEC_USED', 'CLEAN', 'CLEAN', 'NEUTRAL', 'NEUTRAL', 'CLEAR', 'CLEAR', 'OPENING', 'BANCO_OFF')",30,12,13,92.308,CLEAN_HAZARD,16.667,2.387486,10.8861
"('TANK', 'TANK', 'OFFENSIVE_DIS', 'FULL', 'FULL', 'NORMAL', 'FASTER', 'MEC_USED', 'AFFLICTED', 'AFFLICTED', 'DEBUFF', 'DEBUFF', 'CLEAR', 'CLEAR', 'CLUTCH', 'BANCO_VAZIO')",30,2,2,100.000,CLEAN_HAZARD,80.000,0.500402,1.6494
"('TANK', 'TANK', 'VOLATILE', 'FULL', 'FULL', 'NORMAL', 'FASTER', 'MEC_USED', 'AFFLICTED', 'CLEAN', 'NEUTRAL', 'NEUTRAL', 'SET', 'CLEAR', 'CLUTCH', 'BANCO_VAZIO')",30,4,4,100.000,ATTACK_PIVOT,56.667,1.110615,3.0362
"('TANK', 'TANK', 'NEUTRAL', 'FULL', 'FULL', 'NORMAL', 'FASTER', 'MEC_USED', 'AFFLICTED', 'AFFLICTED', 'DEBUFF', 'NEUTRAL', 'SET', 'CLEAR', 'CLUTCH', 'BANCO_VAZIO')",30,2,3,66.667,CLEAN_HAZARD,63.333,0.657158,1.9293
"('UTILITY', 'TANK', 'NEUTRAL', 'FULL', 'FULL', 'FIELD_OURS_OFF', 'FASTER', 'MEC_USED', 'CLEAN', 'CLEAN', 'NEUTRAL', 'NEUTRAL', 'CLEAR', 'CLEAR', 'OPENING', 'BANCO_AMBOS')",29,10,12,83.333,SWITCH_DEFENSIVE,27.586,2.079612,8.0014
"('TANK', 'TANK', 'OFFENSIVE_ADV', 'FULL', 'SAFE', 'FIELD_THEIRS', 'SLOWER', 'MEC_USED', 'CLEAN', 'CLEAN', 'NEUTRAL', 'NEUTRAL', 'CLEAR', 'CLEAR', 'OPENING', 'BANCO_OFF')",29,12,13,92.308,HEAL,17.241,2.336672,10.3467
"('SWEEPER', 'UTILITY', 'OFFENSIVE_ADV', 'FULL', 'FULL', 'NORMAL', 'FASTER', 'MEC_USED', 'CLEAN', 'CLEAN', 'NEUTRAL', 'NEUTRAL', 'CLEAR', 'CLEAR', 'OPENING', 'BANCO_AMBOS')",29,4,4,100.000,SWITCH_DEFENSIVE,37.931,1.345623,3.8406
"('TANK', 'UTILITY', 'DEFENSIVE_DIS', 'FULL', 'FULL', 'NORMAL', 'SLOWER', 'MEC_USED', 'CLEAN', 'CLEAN', 'NEUTRAL', 'NEUTRAL', 'CLEAR', 'CLEAR', 'OPENING', 'BANCO_OFF')",29,8,11,72.727,ATTACK_PIVOT,37.931,1.695902,5.4516
"('TANK', 'TANK', 'DEFENSIVE_DIS', 'SAFE', 'FULL', 'NORMAL', 'SLOWER', 'MEC_USED', 'CLEAN', 'CLEAN', 'NEUTRAL', 'NEUTRAL', 'CLEAR', 'CLEAR', 'RECOVERING', 'BANCO_VAZIO')",29,12,14,85.714,ATTACK_STRONG,17.241,2.298199,9.9562
"('TANK', 'TANK', 'DOMINANT', 'FULL', 'SAFE', 'NORMAL', 'FASTER', 'MEC_USED', 'CLEAN', 'CLEAN', 'NEUTRAL', 'NEUTRAL', 'CLEAR', 'CLEAR', 'OPENING', 'BANCO_OFF')",29,12,14,85.714,ATTACK_TECH,17.241,2.336672,10.3467
"('TANK', 'TANK', 'VOLATILE', 'SAFE', 'FULL', 'NORMAL', 'SLOWER', 'MEC_USED', 'CLEAN', 'CLEAN', 'NEUTRAL', 'NEUTRAL', 'CLEAR', 'CLEAR', 'OPENING', 'BANCO_OFF')",29,11,13,84.615,ATTACK_TECH,24.138,2.156176,8.6380
"('SWEEPER', 'UTILITY', 'CRITICAL_DIS', 'FULL', 'FULL', 'NORMAL', 'FASTER', 'MEC_USED', 'CLEAN', 'CLEAN', 'NEUTRAL', 'NEUTRAL', 'CLEAR', 'CLEAR', 'OPENING', 'BANCO_AMBOS')",29,4,4,100.000,SWITCH_OFFENSIVE,41.379,1.274735,3.5778
"('TANK', 'TANK', 'OFFENSIVE_ADV', 'FULL', 'FULL', 'NORMAL', 'FASTER', 'MEC_AVAIL', 'CLEAN', 'CLEAN', 'NEUTRAL', 'NEUTRAL', 'CLEAR', 'CLEAR', 'OPENING', 'BANCO_VAZIO')",29,14,18,77.778,ATTACK_STRONG_MEC,24.138,2.419561,11.2409
"('UTILITY', 'SWEEPER', 'NEUTRAL', 'FULL', 'FULL', 'NORMAL', 'SLOWER', 'MEC_USED', 'CLEAN', 'CLEAN', 'DEBUFF', 'NEUTRAL', 'CLEAR', 'CLEAR', 'OPENING', 'BANCO_OFF')",29,7,8,87.500,SWITCH_OFFENSIVE,31.034,1.807514,6.0953
"('TANK', 'TANK', 'OFFENSIVE_DIS', 'SAFE', 'FULL', 'NORMAL', 'SLOWER', 'MEC_USED', 'CLEAN', 'CLEAN', 'NEUTRAL', 'NEUTRAL', 'CLEAR', 'CLEAR', 'BRAWL', 'BANCO_OFF')",29,11,14,78.571,ATTACK_STRONG,17.241,2.250395,9.4915
"('TANK', 'SWEEPER', 'OFFENSIVE_ADV', 'FULL', 'FULL', 'FIELD_SHARED', 'SLOWER', 'MEC_USED', 'CLEAN', 'CLEAN', 'NEUTRAL', 'NEUTRAL', 'CLEAR', 'CLEAR', 'OPENING', 'BANCO_AMBOS')",29,11,12,91.667,ATTACK_STRONG,27.586,2.177606,8.8252
"('TANK', 'TANK', 'DOMINANT', 'FULL', 'FULL', 'NORMAL', 'SLOWER', 'MEC_AVAIL', 'CLEAN', 'CLEAN', 'NEUTRAL', 'NEUTRAL', 'CLEAR', 'CLEAR', 'OPENING', 'BANCO_OFF')",29,13,16,81.250,ATTACK_TECH_MEC,17.241,2.396192,10.9813
"('TANK', 'UTILITY', 'NEUTRAL', 'FULL', 'SAFE', 'NORMAL', 'SLOWER', 'MEC_USED', 'CLEAN', 'CLEAN', 'NEUTRAL', 'NEUTRAL', 'CLEAR', 'CLEAR', 'OPENING', 'BANCO_OFF')",29,11,14,78.571,STAT_CLEAN,20.690,2.223022,9.2352
"('UTILITY', 'TANK', 'NEUTRAL', 'FULL', 'FULL', 'FIELD_THEIRS', 'SLOWER', 'MEC_USED', 'CLEAN', 'CLEAN', 'NEUTRAL', 'NEUTRAL', 'CLEAR', 'CLEAR', 'OPENING', 'BANCO_AMBOS')",29,7,9,77.778,ATTACK_STRONG,44.828,1.596049,4.9335
"('TANK', 'SWEEPER', 'NEUTRAL', 'SAFE', 'SAFE', 'NORMAL', 'SLOWER', 'MEC_USED', 'CLEAN', 'CLEAN', 'NEUTRAL', 'NEUTRAL', 'CLEAR', 'CLEAR', 'OPENING', 'BANCO_OFF')",29,13,14,92.857,ATTACK_STRONG,34.483,2.172832,8.7831
"('TANK', 'TANK', 'CRITICAL_DIS', 'SAFE', 'FULL', 'NORMAL', 'FASTER', 'MEC_USED', 'CLEAN', 'CLEAN', 'NEUTRAL', 'NEUTRAL', 'CLEAR', 'CLEAR', 'OPENING', 'BANCO_AMBOS')",29,9,13,69.231,HEAL,34.483,1.729951,5.6404
"('TANK', 'TANK', 'OFFENSIVE_DIS', 'SAFE', 'FULL', 'NORMAL', 'SLOWER', 'MEC_USED', 'CLEAN', 'CLEAN', 'NEUTRAL', 'NEUTRAL', 'SET', 'CLEAR', 'OPENING', 'BANCO_VAZIO')",29,11,13,84.615,PROTECT,34.483,2.059182,7.8396
"('TANK', 'TANK', 'DEFENSIVE_DIS', 'DANGER', 'FULL', 'NORMAL', 'FASTER', 'MEC_USED', 'CLEAN', 'CLEAN', 'NEUTRAL', 'NEUTRAL', 'CLEAR', 'CLEAR', 'OPENING', 'BANCO_OFF')",29,11,13,84.615,HEAL,24.138,2.142072,8.5171
"('TANK', 'TANK', 'OFFENSIVE_DIS', 'SAFE', 'FULL', 'NORMAL', 'SLOWER', 'MEC_USED', 'CLEAN', 'CLEAN', 'NEUTRAL', 'NEUTRAL', 'CLEAR', 'CLEAR', 'RECOVERING', 'BANCO_VAZIO')",28,12,14,85.714,SWITCH_OFFENSIVE,25.000,2.211754,9.1317
"('TANK', 'TANK', 'DEFENSIVE_DIS', 'SAFE', 'SAFE', 'NORMAL', 'FASTER', 'MEC_USED', 'CLEAN', 'CLEAN', 'NEUTRAL', 'NEUTRAL', 'CLEAR', 'CLEAR', 'RECOVERING', 'BANCO_VAZIO')",28,11,13,84.615,CLEAN_HAZARD,17.857,2.246085,9.4507
"('TANK', 'TANK', 'OFFENSIVE_DIS', 'SAFE', 'FULL', 'FIELD_SHARED', 'SLOWER', 'MEC_USED', 'CLEAN', 'CLEAN', 'NEUTRAL', 'NEUTRAL', 'CLEAR', 'CLEAR', 'OPENING', 'BANCO_OFF')",28,14,15,93.333,ATTACK_PIVOT,14.286,2.502661,12.2150
"('TANK', 'TANK', 'DEFENSIVE_ADV', 'FULL', 'SAFE', 'FIELD_SHARED', 'SLOWER', 'MEC_USED', 'CLEAN', 'CLEAN', 'NEUTRAL', 'NEUTRAL', 'CLEAR', 'CLEAR', 'OPENING', 'BANCO_OFF')",28,8,10,80.000,ATTACK_TECH,28.571,1.908535,6.7432
"('TANK', 'TANK', 'OFFENSIVE_ADV', 'SAFE', 'FULL', 'FIELD_OURS_OFF', 'FASTER', 'MEC_USED', 'CLEAN', 'CLEAN', 'NEUTRAL', 'NEUTRAL', 'CLEAR', 'CLEAR', 'OPENING', 'BANCO_OFF')",28,10,12,83.333,SWITCH_DEFENSIVE,28.571,2.087890,8.0679
"('TANK', 'UTILITY', 'NEUTRAL', 'FULL', 'FULL', 'FIELD_SHARED', 'SLOWER', 'MEC_USED', 'CLEAN', 'CLEAN', 'NEUTRAL', 'NEUTRAL', 'CLEAR', 'CLEAR', 'OPENING', 'BANCO_OFF')",28,9,9,100.000,CLEAN_HAZARD,32.143,1.923783,6.8468
"('TANK', 'SWEEPER', 'VOLATILE', 'FULL', 'FULL', 'NORMAL', 'SLOWER', 'MEC_USED', 'CLEAN', 'CLEAN', 'NEUTRAL', 'NEUTRAL', 'CLEAR', 'CLEAR', 'OPENING', 'BANCO_OFF')",28,9,10,90.000,ATTACK_STRONG,28.571,1.935850,6.9299
"('TANK', 'SWEEPER', 'VOLATILE', 'FULL', 'FULL', 'NORMAL', 'SLOWER', 'MEC_USED', 'CLEAN', 'CLEAN', 'NEUTRAL', 'NEUTRAL', 'CLEAR', 'CLEAR', 'OPENING', 'BANCO_AMBOS')",28,10,11,90.909,SWITCH_DEFENSIVE,21.429,2.069202,7.9185
"('TANK', 'UTILITY', 'OFFENSIVE_ADV', 'SAFE', 'FULL', 'NORMAL', 'SLOWER', 'MEC_USED', 'CLEAN', 'CLEAN', 'NEUTRAL', 'NEUTRAL', 'CLEAR', 'CLEAR', 'OPENING', 'BANCO_OFF')",28,11,12,91.667,ATTACK_PIVOT,17.857,2.243613,9.4273
"('TANK', 'SWEEPER', 'DEFENSIVE_DIS', 'FULL', 'FULL', 'FIELD_THEIRS', 'SLOWER', 'MEC_USED', 'CLEAN', 'CLEAN', 'NEUTRAL', 'NEUTRAL', 'CLEAR', 'CLEAR', 'OPENING', 'BANCO_AMBOS')",28,9,12,75.000,SWITCH_DEFENSIVE,32.143,1.923783,6.8468
"('TANK', 'TANK', 'OFFENSIVE_DIS', 'SAFE', 'SAFE', 'NORMAL', 'SLOWER', 'MEC_USED', 'CLEAN', 'CLEAN', 'NEUTRAL', 'NEUTRAL', 'CLEAR', 'CLEAR', 'RECOVERING', 'BANCO_VAZIO')",28,11,14,78.571,SWITCH_DEFENSIVE,17.857,2.255748,9.5424
"('TANK', 'TANK', 'NEUTRAL', 'FULL', 'FULL', 'NORMAL', 'SLOWER', 'MEC_USED', 'CLEAN', 'CLEAN', 'NEUTRAL', 'NEUTRAL', 'SET', 'CLEAR', 'BRAWL', 'BANCO_VAZIO')",28,10,14,71.429,STAT_CLEAN,32.143,1.941434,6.9687
"('TANK', 'TANK', 'DEFENSIVE_ADV', 'FULL', 'SAFE', 'NORMAL', 'FASTER', 'MEC_USED', 'CLEAN', 'CLEAN', 'NEUTRAL', 'NEUTRAL', 'CLEAR', 'CLEAR', 'OPENING', 'BANCO_AMBOS')",28,10,13,76.923,ATTACK_STRONG,21.429,2.100026,8.1664
"('TANK', 'TANK', 'NEUTRAL', 'FULL', 'DANGER', 'NORMAL', 'FASTER', 'MEC_USED', 'CLEAN', 'CLEAN', 'NEUTRAL', 'NEUTRAL', 'CLEAR', 'CLEAR', 'OPENING', 'BANCO_VAZIO')",28,11,13,84.615,CLEAN_HAZARD,32.143,2.112161,8.2661
"('TANK', 'TANK', 'DEFENSIVE_DIS', 'DANGER', 'SAFE', 'NORMAL', 'FASTER', 'MEC_USED', 'CLEAN', 'CLEAN', 'NEUTRAL', 'NEUTRAL', 'CLEAR', 'CLEAR', 'OPENING', 'BANCO_OFF')",28,12,14,85.714,ATTACK_PIVOT,17.857,2.311811,10.0927
"('TANK', 'TANK', 'DEFENSIVE_ADV', 'SAFE', 'SAFE', 'NORMAL', 'SLOWER', 'MEC_USED', 'CLEAN', 'CLEAN', 'NEUTRAL', 'NEUTRAL', 'CLEAR', 'CLEAR', 'OPENING', 'BANCO_OFF')",28,12,12,100.000,ATTACK_PIVOT,25.000,2.124868,8.3718
"('TANK', 'TANK', 'DEFENSIVE_ADV', 'FULL', 'FULL', 'NORMAL', 'FASTER', 'MEC_USED', 'CLEAN', 'CLEAN', 'NEUTRAL', 'NEUTRAL', 'SET', 'CLEAR', 'OPENING', 'BANCO_AMBOS')",28,10,12,83.333,CLEAN_HAZARD,32.143,2.022804,7.5595
"('TANK', 'SWEEPER', 'NEUTRAL', 'FULL', 'FULL', 'FIELD_SHARED', 'SLOWER', 'MEC_USED', 'CLEAN', 'CLEAN', 'NEUTRAL', 'NEUTRAL', 'CLEAR', 'CLEAR', 'OPENING', 'BANCO_VAZIO')",28,10,12,83.333,HEAL,28.571,2.085418,8.0480
"('UTILITY', 'TANK', 'DOMINANT', 'FULL', 'FULL', 'FIELD_THEIRS', 'FASTER', 'MEC_AVAIL', 'CLEAN', 'CLEAN', 'NEUTRAL', 'NEUTRAL', 'CLEAR', 'CLEAR', 'OPENING', 'BANCO_OFF')",28,6,8,75.000,SWITCH_DEFENSIVE,28.571,1.627291,5.0901
"('TANK', 'TANK', 'DOMINANT', 'FULL', 'FULL', 'FIELD_SHARED', 'FASTER', 'MEC_USED', 'CLEAN', 'CLEAN', 'NEUTRAL', 'NEUTRAL', 'SET', 'CLEAR', 'OPENING', 'BANCO_AMBOS')",28,10,11,90.909,SWITCH_DEFENSIVE,17.857,2.208710,9.1040
"('TANK', 'TANK', 'STALEMATE', 'FULL', 'FULL', 'NORMAL', 'SLOWER', 'MEC_USED', 'AFFLICTED', 'AFFLICTED', 'DEBUFF', 'DEBUFF', 'CLEAR', 'SET', 'RECOVERING', 'BANCO_VAZIO')",28,1,2,50.000,HAZARD,100.000,-0.000000,1.0000
"('TANK', 'TANK', 'NEUTRAL', 'FULL', 'FULL', 'NORMAL', 'SLOWER', 'MEC_USED', 'AFFLICTED', 'AFFLICTED', 'NEUTRAL', 'NEUTRAL', 'CLEAR', 'CLEAR', 'CLUTCH', 'BANCO_VAZIO')",28,3,6,50.000,STATUS,82.143,0.558578,1.7482
"('TANK', 'TANK', 'OFFENSIVE_DIS', 'FULL', 'FULL', 'NORMAL', 'FASTER', 'MEC_USED', 'AFFLICTED', 'AFFLICTED', 'NEUTRAL', 'NEUTRAL', 'SET', 'CLEAR', 'CLUTCH', 'BANCO_VAZIO')",27,4,6,66.667,HEAL,85.185,0.573516,1.7745
"('TANK', 'TANK', 'OFFENSIVE_DIS', 'FULL', 'DANGER', 'NORMAL', 'SLOWER', 'MEC_USED', 'CLEAN', 'CLEAN', 'NEUTRAL', 'NEUTRAL', 'CLEAR', 'CLEAR', 'OPENING', 'BANCO_OFF')",27,10,14,71.429,ATTACK_TECH,25.926,2.075749,7.9705
"('TANK', 'TANK', 'NEUTRAL', 'FULL', 'FULL', 'NORMAL', 'FASTER', 'MEC_USED', 'CLEAN', 'CLEAN', 'NEUTRAL', 'NEUTRAL', 'CLEAR', 'SET', 'OPENING', 'BANCO_OFF')",27,12,13,92.308,SWITCH_OFFENSIVE,22.222,2.272179,9.7005
"('TANK', 'TANK', 'OFFENSIVE_ADV', 'DANGER', 'FULL', 'NORMAL', 'FASTER', 'MEC_USED', 'CLEAN', 'CLEAN', 'NEUTRAL', 'NEUTRAL', 'CLEAR', 'CLEAR', 'BRAWL', 'BANCO_OFF')",27,10,12,83.333,ATTACK_STRONG,25.926,2.085107,8.0455
"('TANK', 'TANK', 'NEUTRAL', 'SAFE', 'FULL', 'FIELD_THEIRS', 'SLOWER', 'MEC_USED', 'CLEAN', 'CLEAN', 'NEUTRAL', 'NEUTRAL', 'CLEAR', 'CLEAR', 'OPENING', 'BANCO_VAZIO')",27,13,13,100.000,FIELD_CONTROL,18.519,2.426212,11.3159
"('TANK', 'TANK', 'DEFENSIVE_DIS', 'FULL', 'FULL', 'FIELD_OURS_DEF', 'FASTER', 'MEC_USED', 'CLEAN', 'CLEAN', 'NEUTRAL', 'NEUTRAL', 'CLEAR', 'CLEAR', 'OPENING', 'BANCO_DEF')",27,4,6,66.667,ATTACK_STRONG,59.259,1.049276,2.8556
"('TANK', 'SWEEPER', 'DOMINANT', 'FULL', 'FULL', 'FIELD_OURS_DEF', 'SLOWER', 'MEC_USED', 'CLEAN', 'CLEAN', 'NEUTRAL', 'NEUTRAL', 'CLEAR', 'CLEAR', 'OPENING', 'BANCO_OFF')",27,7,8,87.500,ATTACK_STRONG,44.444,1.585324,4.8809
"('TANK', 'TANK', 'NEUTRAL', 'FULL', 'FULL', 'NORMAL', 'FASTER', 'MEC_USED', 'CLEAN', 'CLEAN', 'BUFFED', 'NEUTRAL', 'SET', 'SET', 'CLUTCH', 'BANCO_VAZIO')",27,4,7,57.143,HAZARD,77.778,0.754463,2.1265
"('TANK', 'TANK', 'DEFENSIVE_ADV', 'FULL', 'FULL', 'NORMAL', 'FASTER', 'MEC_AVAIL', 'CLEAN', 'CLEAN', 'NEUTRAL', 'NEUTRAL', 'CLEAR', 'CLEAR', 'OPENING', 'BANCO_AMBOS')",27,12,16,75.000,SWITCH_DEFENSIVE,29.630,2.156905,8.6443
"('TANK', 'TANK', 'VOLATILE', 'FULL', 'FULL', 'FIELD_THEIRS', 'FASTER', 'MEC_USED', 'CLEAN', 'CLEAN', 'NEUTRAL', 'NEUTRAL', 'CLEAR', 'CLEAR', 'OPENING', 'BANCO_VAZIO')",27,4,9,44.444,ATTACK_STRONG,88.889,0.470900,1.6014
"('TANK', 'TANK', 'OFFENSIVE_DIS', 'SAFE', 'SAFE', 'NORMAL', 'SLOWER', 'MEC_USED', 'CLEAN', 'CLEAN', 'NEUTRAL', 'NEUTRAL', 'SET', 'SET', 'RECOVERING', 'BANCO_VAZIO')",27,10,13,76.923,HAZARD,29.630,1.950454,7.0319
"('TANK', 'TANK', 'DEFENSIVE_DIS', 'FULL', 'FULL', 'NORMAL', 'FASTER', 'MEC_USED', 'CLEAN', 'CLEAN', 'NEUTRAL', 'NEUTRAL', 'CLEAR', 'CLEAR', 'RECOVERING', 'BANCO_VAZIO')",27,13,13,100.000,STAT_CLEAN,22.222,2.377431,10.7772
"('TANK', 'TANK', 'OFFENSIVE_DIS', 'FULL', 'FULL', 'NORMAL', 'FASTER', 'MEC_USED', 'AFFLICTED', 'CLEAN', 'NEUTRAL', 'NEUTRAL', 'CLEAR', 'CLEAR', 'CLUTCH', 'BANCO_VAZIO')",27,3,8,37.500,HEAL,85.185,0.502792,1.6533
"('SWEEPER', 'TANK', 'DEFENSIVE_DIS', 'FULL', 'FULL', 'FIELD_OURS_OFF', 'FASTER', 'MEC_USED', 'CLEAN', 'CLEAN', 'NEUTRAL', 'NEUTRAL', 'CLEAR', 'CLEAR', 'OPENING', 'BANCO_AMBOS')",27,5,6,83.333,SWITCH_OFFENSIVE,40.741,1.342372,3.8281
"('TANK', 'TANK', 'DEFENSIVE_DIS', 'FULL', 'FULL', 'NORMAL', 'FASTER', 'MEC_USED', 'CLEAN', 'CLEAN', 'NEUTRAL', 'NEUTRAL', 'CLEAR', 'CLEAR', 'BRAWL', 'BANCO_OFF')",27,12,14,85.714,STATUS,25.926,2.226555,9.2679
"('TANK', 'TANK', 'DEFENSIVE_ADV', 'FULL', 'FULL', 'NORMAL', 'SLOWER', 'MEC_USED', 'CLEAN', 'CLEAN', 'NEUTRAL', 'NEUTRAL', 'CLEAR', 'CLEAR', 'OPENING', 'BANCO_DEF')",27,10,11,90.909,HEAL,33.333,2.011227,7.4725
"('TANK', 'TANK', 'NEUTRAL', 'FULL', 'SAFE', 'NORMAL', 'SLOWER', 'MEC_USED', 'CLEAN', 'CLEAN', 'NEUTRAL', 'NEUTRAL', 'SET', 'SET', 'CLUTCH', 'BANCO_VAZIO')",27,5,12,41.667,ATTACK_TECH,48.148,1.156708,3.1794
"('TANK', 'TANK', 'OFFENSIVE_DIS', 'SAFE', 'FULL', 'NORMAL', 'SLOWER', 'MEC_USED', 'CLEAN', 'CLEAN', 'NEUTRAL', 'NEUTRAL', 'CLEAR', 'CLEAR', 'OPENING', 'BANCO_VAZIO')",27,8,14,57.143,DISRUPTION,25.926,1.975625,7.2111
"('TANK', 'TANK', 'NEUTRAL', 'SAFE', 'FULL', 'NORMAL', 'SLOWER', 'MEC_USED', 'AFFLICTED', 'AFFLICTED', 'DEBUFF', 'NEUTRAL', 'SET', 'CLEAR', 'CLUTCH', 'BANCO_VAZIO')",27,2,3,66.667,STATUS,92.593,0.264052,1.3022
"('TANK', 'TANK', 'NEUTRAL', 'SAFE', 'FULL', 'FIELD_OURS_OFF', 'FASTER', 'MEC_USED', 'CLEAN', 'CLEAN', 'NEUTRAL', 'NEUTRAL', 'CLEAR', 'CLEAR', 'OPENING', 'BANCO_AMBOS')",27,9,13,69.231,ATTACK_TECH,29.630,1.973472,7.1956
"('TANK', 'TANK', 'OFFENSIVE_ADV', 'FULL', 'SAFE', 'NORMAL', 'FASTER', 'MEC_USED', 'CLEAN', 'CLEAN', 'NEUTRAL', 'DEBUFF', 'CLEAR', 'CLEAR', 'OPENING', 'BANCO_OFF')",27,10,11,90.909,ATTACK_TECH,33.333,1.979263,7.2374
"('TANK', 'TANK', 'NEUTRAL', 'FULL', 'SAFE', 'NORMAL', 'SLOWER', 'MEC_USED', 'CLEAN', 'CLEAN', 'NEUTRAL', 'NEUTRAL', 'CLEAR', 'CLEAR', 'BRAWL', 'BANCO_VAZIO')",27,8,13,61.538,STAT_CLEAN,25.926,1.789627,5.9872
"('TANK', 'TANK', 'NEUTRAL', 'SAFE', 'SAFE', 'NORMAL', 'FASTER', 'MEC_USED', 'CLEAN', 'CLEAN', 'NEUTRAL', 'NEUTRAL', 'CLEAR', 'CLEAR', 'BRAWL', 'BANCO_VAZIO')",27,14,14,100.000,BUFF,11.111,2.570223,13.0687
"('TANK', 'TANK', 'STALEMATE', 'FULL', 'FULL', 'NORMAL', 'SLOWER', 'MEC_USED', 'AFFLICTED', 'CLEAN', 'DEBUFF', 'NEUTRAL', 'CLEAR', 'CLEAR', 'OPENING', 'BANCO_OFF')",27,3,7,42.857,HEAL,59.259,0.914622,2.4958
"('TANK', 'UTILITY', 'STALEMATE', 'FULL', 'FULL', 'FIELD_SHARED', 'SLOWER', 'MEC_USED', 'CLEAN', 'CLEAN', 'NEUTRAL', 'NEUTRAL', 'CLEAR', 'CLEAR', 'OPENING', 'BANCO_OFF')",27,8,11,72.727,ATTACK_TECH,40.741,1.766715,5.8516
"('SWEEPER', 'TANK', 'OFFENSIVE_ADV', 'FULL', 'SAFE', 'NORMAL', 'FASTER', 'MEC_USED', 'CLEAN', 'CLEAN', 'NEUTRAL', 'DEBUFF', 'CLEAR', 'CLEAR', 'OPENING', 'BANCO_OFF')",26,9,9,100.000,ATTACK_STRONG,30.769,1.897940,6.6721
"('TANK', 'TANK', 'OFFENSIVE_DIS', 'SAFE', 'SAFE', 'NORMAL', 'FASTER', 'MEC_USED', 'CLEAN', 'CLEAN', 'NEUTRAL', 'NEUTRAL', 'SET', 'CLEAR', 'OPENING', 'BANCO_OFF')",26,12,14,85.714,HEAL,15.385,2.384867,10.8576
"('TANK', 'TANK', 'CRITICAL_DIS', 'FULL', 'FULL', 'NORMAL', 'SLOWER', 'MEC_USED', 'CLEAN', 'CLEAN', 'NEUTRAL', 'NEUTRAL', 'CLEAR', 'CLEAR', 'OPENING', 'BANCO_VAZIO')",26,9,12,75.000,PROTECT,26.923,1.998138,7.3753
"('TANK', 'TANK', 'DEFENSIVE_DIS', 'FULL', 'FULL', 'NORMAL', 'SLOWER', 'MEC_USED', 'CLEAN', 'CLEAN', 'NEUTRAL', 'NEUTRAL', 'SET', 'CLEAR', 'OPENING', 'BANCO_OFF')",26,10,13,76.923,STATUS,34.615,2.030717,7.6195
"('TANK', 'TANK', 'OFFENSIVE_DIS', 'FULL', 'FULL', 'NORMAL', 'FASTER', 'MEC_USED', 'AFFLICTED', 'AFFLICTED', 'DEBUFF', 'NEUTRAL', 'SET', 'SET', 'CLUTCH', 'BANCO_VAZIO')",26,2,3,66.667,HEAL,76.923,0.540204,1.7164
"('TANK', 'TANK', 'OFFENSIVE_ADV', 'SAFE', 'FULL', 'NORMAL', 'SLOWER', 'MEC_USED', 'CLEAN', 'CLEAN', 'NEUTRAL', 'NEUTRAL', 'SET', 'CLEAR', 'BRAWL', 'BANCO_OFF')",26,11,12,91.667,ATTACK_TECH,26.923,2.137970,8.4822
"('UTILITY', 'TANK', 'DEFENSIVE_ADV', 'FULL', 'FULL', 'NORMAL', 'FASTER', 'MEC_USED', 'CLEAN', 'CLEAN', 'NEUTRAL', 'NEUTRAL', 'CLEAR', 'CLEAR', 'OPENING', 'BANCO_OFF')",26,9,10,90.000,ATTACK_TECH,19.231,2.075360,7.9674
"('TANK', 'TANK', 'NEUTRAL', 'FULL', 'FULL', 'NORMAL', 'SLOWER', 'MEC_USED', 'CLEAN', 'CLEAN', 'NEUTRAL', 'NEUTRAL', 'SET', 'CLEAR', 'OPENING', 'BANCO_VAZIO')",26,11,14,78.571,PROTECT,19.231,2.248386,9.4724
"('TANK', 'SWEEPER', 'OFFENSIVE_DIS', 'FULL', 'SAFE', 'NORMAL', 'SLOWER', 'MEC_USED', 'CLEAN', 'CLEAN', 'NEUTRAL', 'NEUTRAL', 'CLEAR', 'CLEAR', 'OPENING', 'BANCO_OFF')",26,11,13,84.615,HEAL_STATUS,26.923,2.214077,9.1530
"('TANK', 'TANK', 'NEUTRAL', 'SAFE', 'SAFE', 'NORMAL', 'SLOWER', 'MEC_USED', 'CLEAN', 'CLEAN', 'NEUTRAL', 'NEUTRAL', 'SET', 'CLEAR', 'RECOVERING', 'BANCO_VAZIO')",26,8,13,61.538,ATTACK_TECH,23.077,1.868097,6.4760
"('TANK', 'TANK', 'NEUTRAL', 'SAFE', 'SAFE', 'FIELD_SHARED', 'FASTER', 'MEC_USED', 'CLEAN', 'CLEAN', 'NEUTRAL', 'NEUTRAL', 'CLEAR', 'CLEAR', 'OPENING', 'BANCO_AMBOS')",26,12,12,100.000,SWITCH_DEFENSIVE,19.231,2.288636,9.8615
"('TANK', 'TANK', 'CRITICAL_DIS', 'FULL', 'SAFE', 'NORMAL', 'SLOWER', 'MEC_USED', 'CLEAN', 'CLEAN', 'NEUTRAL', 'NEUTRAL', 'CLEAR', 'SET', 'RECOVERING', 'BANCO_VAZIO')",26,8,12,66.667,STATUS,34.615,1.883829,6.5786
"('TANK', 'TANK', 'NEUTRAL', 'SAFE', 'FULL', 'FIELD_SHARED', 'SLOWER', 'MEC_USED', 'CLEAN', 'CLEAN', 'NEUTRAL', 'NEUTRAL', 'CLEAR', 'CLEAR', 'OPENING', 'BANCO_AMBOS')",26,12,15,80.000,ATTACK_TECH,19.231,2.278918,9.7661
"('TANK', 'TANK', 'OFFENSIVE_DIS', 'FULL', 'FULL', 'FIELD_OURS_DEF', 'FASTER', 'MEC_USED', 'CLEAN', 'CLEAN', 'NEUTRAL', 'NEUTRAL', 'CLEAR', 'CLEAR', 'OPENING', 'BANCO_OFF')",26,7,8,87.500,SWITCH_DEFENSIVE,69.231,1.150432,3.1596
"('TANK', 'TANK', 'NEUTRAL', 'SAFE', 'SAFE', 'NORMAL', 'FASTER', 'MEC_USED', 'CLEAN', 'CLEAN', 'NEUTRAL', 'NEUTRAL', 'SET', 'CLEAR', 'BRAWL', 'BANCO_OFF')",26,6,14,42.857,STATUS,34.615,1.543790,4.6823
"('TANK', 'TANK', 'CRITICAL_DIS', 'FULL', 'FULL', 'NORMAL', 'SLOWER', 'MEC_USED', 'CLEAN', 'CLEAN', 'NEUTRAL', 'NEUTRAL', 'CLEAR', 'CLEAR', 'RECOVERING', 'BANCO_VAZIO')",26,11,13,84.615,STATUS,26.923,2.030217,7.6157
"('TANK', 'TANK', 'OFFENSIVE_DIS', 'FULL', 'FULL', 'NORMAL', 'SLOWER', 'MEC_USED', 'AFFLICTED', 'CLEAN', 'NEUTRAL', 'NEUTRAL', 'CLEAR', 'CLEAR', 'CLUTCH', 'BANCO_VAZIO')",26,4,7,57.143,CLEAN_HAZARD,80.769,0.692421,1.9985
"('SWEEPER', 'SWEEPER', 'NEUTRAL', 'FULL', 'FULL', 'NORMAL', 'FASTER', 'MEC_USED', 'CLEAN', 'CLEAN', 'DEBUFF', 'NEUTRAL', 'CLEAR', 'CLEAR', 'OPENING', 'BANCO_OFF')",26,6,6,100.000,SWITCH_DEFENSIVE,42.308,1.410196,4.0968
"('TANK', 'TANK', 'OFFENSIVE_ADV', 'SAFE', 'FULL', 'NORMAL', 'SLOWER', 'MEC_USED', 'CLEAN', 'CLEAN', 'NEUTRAL', 'NEUTRAL', 'CLEAR', 'CLEAR', 'OPENING', 'BANCO_AMBOS')",26,10,13,76.923,CLEAN_HAZARD,46.154,1.824497,6.1997
"('TANK', 'TANK', 'OFFENSIVE_ADV', 'FULL', 'FULL', 'FIELD_THEIRS', 'FASTER', 'MEC_AVAIL', 'CLEAN', 'CLEAN', 'NEUTRAL', 'NEUTRAL', 'CLEAR', 'CLEAR', 'OPENING', 'BANCO_AMBOS')",26,11,14,78.571,ATTACK_PIVOT_MEC,26.923,2.214077,9.1530
"('SWEEPER', 'TANK', 'OFFENSIVE_ADV', 'FULL', 'FULL', 'NORMAL', 'FASTER', 'MEC_USED', 'CLEAN', 'CLEAN', 'NEUTRAL', 'NEUTRAL', 'SET', 'CLEAR', 'OPENING', 'BANCO_OFF')",26,9,9,100.000,CLEAN_HAZARD,34.615,1.957273,7.0800
"('TANK', 'TANK', 'NEUTRAL', 'SAFE', 'FULL', 'NORMAL', 'SLOWER', 'MEC_USED', 'CLEAN', 'CLEAN', 'NEUTRAL', 'NEUTRAL', 'SET', 'CLEAR', 'OPENING', 'BANCO_VAZIO')",26,11,14,78.571,CLEAN_HAZARD,19.231,2.192405,8.9567
"('TANK', 'TANK', 'NEUTRAL', 'SAFE', 'SAFE', 'NORMAL', 'SLOWER', 'MEC_USED', 'CLEAN', 'CLEAN', 'NEUTRAL', 'NEUTRAL', 'CLEAR', 'SET', 'CLUTCH', 'BANCO_VAZIO')",26,5,10,50.000,HAZARD,65.385,1.042785,2.8371
"('TANK', 'TANK', 'STALEMATE', 'SAFE', 'FULL', 'NORMAL', 'SLOWER', 'MEC_USED', 'AFFLICTED', 'AFFLICTED', 'DEBUFF', 'DEBUFF', 'SET', 'SET', 'RECOVERING', 'BANCO_VAZIO')",26,4,4,100.000,STATUS,61.538,1.029105,2.7986
"('TANK', 'TANK', 'NEUTRAL', 'FULL', 'FULL', 'NORMAL', 'FASTER', 'MEC_USED', 'CLEAN', 'CLEAN', 'NEUTRAL', 'NEUTRAL', 'SET', 'SET', 'OPENING', 'BANCO_AMBOS')",26,8,10,80.000,STAT_CLEAN,46.154,1.697734,5.4616
"('TANK', 'TANK', 'DOMINANT', 'FULL', 'FULL', 'NORMAL', 'SLOWER', 'MEC_USED', 'CLEAN', 'CLEAN', 'NEUTRAL', 'NEUTRAL', 'CLEAR', 'CLEAR', 'OPENING', 'BANCO_DEF')",25,9,12,75.000,SWITCH_DEFENSIVE,24.000,2.060642,7.8510
"('TANK', 'TANK', 'NEUTRAL', 'SAFE', 'FULL', 'NORMAL', 'SLOWER', 'MEC_USED', 'CLEAN', 'CLEAN', 'NEUTRAL', 'NEUTRAL', 'SET', 'CLEAR', 'BRAWL', 'BANCO_OFF')",25,13,15,86.667,ATTACK_STRONG,20.000,2.397922,11.0003
"('TANK', 'TANK', 'DEFENSIVE_ADV', 'FULL', 'FULL', 'FIELD_THEIRS', 'FASTER', 'MEC_USED', 'CLEAN', 'CLEAN', 'NEUTRAL', 'NEUTRAL', 'CLEAR', 'CLEAR', 'OPENING', 'BANCO_OFF')",25,8,9,88.889,ATTACK_STRONG,28.000,1.911288,6.7618
"('TANK', 'TANK', 'DOMINANT', 'SAFE', 'FULL', 'NORMAL', 'SLOWER', 'MEC_USED', 'CLEAN', 'CLEAN', 'NEUTRAL', 'NEUTRAL', 'CLEAR', 'CLEAR', 'OPENING', 'BANCO_AMBOS')",25,11,13,84.615,BUFF,16.000,2.268858,9.6683
"('TANK', 'TANK', 'DEFENSIVE_DIS', 'FULL', 'FULL', 'FIELD_OURS_DEF', 'SLOWER', 'MEC_USED', 'CLEAN', 'CLEAN', 'NEUTRAL', 'NEUTRAL', 'CLEAR', 'CLEAR', 'OPENING', 'BANCO_AMBOS')",25,6,6,100.000,SWITCH_OFFENSIVE,36.000,1.440566,4.2231
"('TANK', 'TANK', 'NEUTRAL', 'SAFE', 'FULL', 'NORMAL', 'FASTER', 'MEC_USED', 'CLEAN', 'CLEAN', 'NEUTRAL', 'NEUTRAL', 'CLEAR', 'SET', 'OPENING', 'BANCO_OFF')",25,8,13,61.538,ATTACK_STRONG,28.000,1.945810,6.9993
"('TANK', 'UTILITY', 'OFFENSIVE_ADV', 'FULL', 'FULL', 'FIELD_THEIRS', 'SLOWER', 'MEC_USED', 'CLEAN', 'CLEAN', 'NEUTRAL', 'NEUTRAL', 'CLEAR', 'CLEAR', 'OPENING', 'BANCO_OFF')",25,10,11,90.909,ATTACK_PIVOT,20.000,2.155185,8.6295
"('TANK', 'TANK', 'DOMINANT', 'FULL', 'FULL', 'FIELD_OURS_DEF', 'SLOWER', 'MEC_USED', 'CLEAN', 'CLEAN', 'NEUTRAL', 'NEUTRAL', 'CLEAR', 'CLEAR', 'OPENING', 'BANCO_AMBOS')",25,3,3,100.000,ATTACK_STRONG,52.000,1.018360,2.7686
"('UTILITY', 'SWEEPER', 'NEUTRAL', 'FULL', 'FULL', 'NORMAL', 'SLOWER', 'MEC_USED', 'CLEAN', 'CLEAN', 'NEUTRAL', 'NEUTRAL', 'CLEAR', 'CLEAR', 'OPENING', 'BANCO_AMBOS')",25,10,11,90.909,FIELD_CONTROL,20.000,2.145078,8.5427
"('TANK', 'TANK', 'OFFENSIVE_ADV', 'FULL', 'FULL', 'NORMAL', 'FASTER', 'MEC_USED', 'CLEAN', 'CLEAN', 'NEUTRAL', 'NEUTRAL', 'SET', 'CLEAR', 'BRAWL', 'BANCO_OFF')",25,7,11,63.636,CLEAN_HAZARD,40.000,1.590561,4.9065
"('TANK', 'TANK', 'OFFENSIVE_DIS', 'DANGER', 'FULL', 'NORMAL', 'SLOWER', 'MEC_USED', 'CLEAN', 'CLEAN', 'NEUTRAL', 'NEUTRAL', 'CLEAR', 'CLEAR', 'OPENING', 'BANCO_OFF')",25,13,14,92.857,SWITCH_OFFENSIVE,16.000,2.435213,11.4183
"('TANK', 'TANK', 'DOMINANT', 'FULL', 'FULL', 'FIELD_OURS_OFF', 'SLOWER', 'MEC_USED', 'CLEAN', 'CLEAN', 'NEUTRAL', 'NEUTRAL', 'CLEAR', 'CLEAR', 'OPENING', 'BANCO_OFF')",25,9,10,90.000,STATUS,32.000,1.898856,6.6783
"('UTILITY', 'SWEEPER', 'VOLATILE', 'FULL', 'FULL', 'NORMAL', 'FASTER', 'MEC_USED', 'CLEAN', 'CLEAN', 'DEBUFF', 'NEUTRAL', 'CLEAR', 'CLEAR', 'OPENING', 'BANCO_OFF')",25,4,4,100.000,ATTACK_PIVOT,36.000,1.217599,3.3791
"('TANK', 'TANK', 'VOLATILE', 'SAFE', 'FULL', 'NORMAL', 'FASTER', 'MEC_USED', 'CLEAN', 'CLEAN', 'NEUTRAL', 'NEUTRAL', 'CLEAR', 'CLEAR', 'BRAWL', 'BANCO_OFF')",25,10,12,83.333,SWITCH_OFFENSIVE,36.000,2.018783,7.5292
"('TANK', 'TANK', 'DEFENSIVE_DIS', 'FULL', 'FULL', 'NORMAL', 'FASTER', 'MEC_USED', 'AFFLICTED', 'CLEAN', 'NEUTRAL', 'NEUTRAL', 'CLEAR', 'CLEAR', 'CLUTCH', 'BANCO_VAZIO')",25,5,7,71.429,ATTACK_PIVOT,44.000,1.108728,3.0305
"('TANK', 'TANK', 'OFFENSIVE_ADV', 'FULL', 'CRIT', 'FIELD_THEIRS', 'FASTER', 'MEC_USED', 'CLEAN', 'CLEAN', 'NEUTRAL', 'NEUTRAL', 'CLEAR', 'CLEAR', 'OPENING', 'BANCO_OFF')",25,10,12,83.333,HEAL,24.000,2.092395,8.1043
"('UTILITY', 'TANK', 'NEUTRAL', 'FULL', 'FULL', 'NORMAL', 'SLOWER', 'MEC_USED', 'CLEAN', 'CLEAN', 'NEUTRAL', 'NEUTRAL', 'CLEAR', 'CLEAR', 'OPENING', 'BANCO_OFF')",25,7,8,87.500,FIELD_CONTROL,28.000,1.813976,6.1348
"('TANK', 'TANK', 'OFFENSIVE_ADV', 'FULL', 'DANGER', 'NORMAL', 'SLOWER', 'MEC_USED', 'CLEAN', 'CLEAN', 'NEUTRAL', 'NEUTRAL', 'CLEAR', 'CLEAR', 'OPENING', 'BANCO_OFF')",25,11,13,84.615,SWITCH_DEFENSIVE,36.000,2.053304,7.7936
"('TANK', 'TANK', 'DEFENSIVE_DIS', 'SAFE', 'FULL', 'NORMAL', 'FASTER', 'MEC_USED', 'CLEAN', 'CLEAN', 'NEUTRAL', 'NEUTRAL', 'CLEAR', 'CLEAR', 'OPENING', 'BANCO_VAZIO')",25,9,11,81.818,HEAL,20.000,2.055105,7.8077
"('TANK', 'TANK', 'DEFENSIVE_DIS', 'FULL', 'FULL', 'NORMAL', 'FASTER', 'MEC_USED', 'CLEAN', 'CLEAN', 'NEUTRAL', 'NEUTRAL', 'CLEAR', 'CLEAR', 'OPENING', 'BANCO_DEF')",25,9,11,81.818,SWITCH_DEFENSIVE,36.000,1.942401,6.9755
"('TANK', 'TANK', 'DEFENSIVE_DIS', 'FULL', 'FULL', 'FIELD_THEIRS', 'FASTER', 'MEC_USED', 'CLEAN', 'CLEAN', 'NEUTRAL', 'NEUTRAL', 'CLEAR', 'CLEAR', 'OPENING', 'BANCO_VAZIO')",25,7,9,77.778,ATTACK_TECH,24.000,1.812368,6.1249
"('TANK', 'TANK', 'OFFENSIVE_ADV', 'FULL', 'FULL', 'NORMAL', 'FASTER', 'MEC_AVAIL', 'CLEAN', 'CLEAN', 'NEUTRAL', 'NEUTRAL', 'SET', 'CLEAR', 'OPENING', 'BANCO_OFF')",25,11,16,68.750,ATTACK_STRONG_MEC,24.000,2.247928,9.4681
"('TANK', 'TANK', 'NEUTRAL', 'SAFE', 'SAFE', 'NORMAL', 'FASTER', 'MEC_USED', 'CLEAN', 'CLEAN', 'NEUTRAL', 'NEUTRAL', 'SET', 'SET', 'OPENING', 'BANCO_OFF')",25,9,13,69.231,SWITCH_OFFENSIVE,28.000,1.890358,6.6217
"('TANK', 'TANK', 'NEUTRAL', 'FULL', 'SAFE', 'NORMAL', 'FASTER', 'MEC_USED', 'CLEAN', 'CLEAN', 'NEUTRAL', 'NEUTRAL', 'SET', 'CLEAR', 'OPENING', 'BANCO_AMBOS')",25,10,12,83.333,CLEAN_HAZARD,16.000,2.192476,8.9574
"('TANK', 'TANK', 'OFFENSIVE_DIS', 'SAFE', 'FULL', 'FIELD_SHARED', 'FASTER', 'MEC_USED', 'CLEAN', 'CLEAN', 'NEUTRAL', 'NEUTRAL', 'CLEAR', 'CLEAR', 'OPENING', 'BANCO_AMBOS')",25,8,13,61.538,DISRUPTION,28.000,1.808439,6.1009
"('TANK', 'TANK', 'DEFENSIVE_DIS', 'FULL', 'FULL', 'NORMAL', 'SLOWER', 'MEC_AVAIL', 'CLEAN', 'CLEAN', 'NEUTRAL', 'NEUTRAL', 'CLEAR', 'CLEAR', 'OPENING', 'BANCO_OFF')",24,13,18,72.222,FIELD_CONTROL_MEC,20.833,2.358854,10.5788
"('TANK', 'TANK', 'OFFENSIVE_DIS', 'SAFE', 'FULL', 'NORMAL', 'FASTER', 'MEC_USED', 'CLEAN', 'CLEAN', 'NEUTRAL', 'NEUTRAL', 'CLEAR', 'CLEAR', 'BRAWL', 'BANCO_OFF')",24,11,14,78.571,STATUS,20.833,2.243330,9.4247
"('TANK', 'TANK', 'CRITICAL_DIS', 'SAFE', 'FULL', 'FIELD_SHARED', 'SLOWER', 'MEC_USED', 'CLEAN', 'CLEAN', 'NEUTRAL', 'NEUTRAL', 'CLEAR', 'CLEAR', 'OPENING', 'BANCO_OFF')",24,10,13,76.923,ATTACK_STRONG,33.333,1.979205,7.2370
"('TANK', 'TANK', 'OFFENSIVE_ADV', 'SAFE', 'SAFE', 'FIELD_SHARED', 'FASTER', 'MEC_USED', 'CLEAN', 'CLEAN', 'NEUTRAL', 'NEUTRAL', 'CLEAR', 'CLEAR', 'OPENING', 'BANCO_OFF')",24,9,11,81.818,ATTACK_PIVOT,29.167,1.975112,7.2074
"('TANK', 'TANK', 'VOLATILE', 'SAFE', 'FULL', 'NORMAL', 'FASTER', 'MEC_USED', 'CLEAN', 'CLEAN', 'NEUTRAL', 'NEUTRAL', 'CLEAR', 'CLEAR', 'OPENING', 'BANCO_AMBOS')",24,5,8,62.500,ATTACK_STRONG,45.833,1.342267,3.8277
"('TANK', 'TANK', 'NEUTRAL', 'SAFE', 'SAFE', 'NORMAL', 'SLOWER', 'MEC_USED', 'CLEAN', 'CLEAN', 'NEUTRAL', 'NEUTRAL', 'CLEAR', 'SET', 'OPENING', 'BANCO_OFF')",24,9,13,69.231,ATTACK_PIVOT,29.167,1.928624,6.8800
"('SWEEPER', 'TANK', 'OFFENSIVE_ADV', 'FULL', 'FULL', 'NORMAL', 'FASTER', 'MEC_USED', 'CLEAN', 'CLEAN', 'NEUTRAL', 'DEBUFF', 'SET', 'CLEAR', 'OPENING', 'BANCO_OFF')",24,7,7,100.000,SWITCH_OFFENSIVE,29.167,1.837785,6.2826
"('TANK', 'SWEEPER', 'OFFENSIVE_ADV', 'FULL', 'FULL', 'NORMAL', 'SLOWER', 'MEC_USED', 'CLEAN', 'CLEAN', 'NEUTRAL', 'NEUTRAL', 'CLEAR', 'CLEAR', 'BRAWL', 'BANCO_OFF')",24,12,15,80.000,HAZARD,25.000,2.268016,9.6602
"('TANK', 'TANK', 'NEUTRAL', 'FULL', 'SAFE', 'NORMAL', 'SLOWER', 'MEC_USED', 'CLEAN', 'CLEAN', 'NEUTRAL', 'NEUTRAL', 'SET', 'SET', 'RECOVERING', 'BANCO_VAZIO')",24,8,12,66.667,PROTECT,20.833,1.943990,6.9866
"('UTILITY', 'TANK', 'DOMINANT', 'FULL', 'FULL', 'FIELD_SHARED', 'FASTER', 'MEC_USED', 'CLEAN', 'CLEAN', 'NEUTRAL', 'NEUTRAL', 'CLEAR', 'CLEAR', 'OPENING', 'BANCO_OFF')",24,7,9,77.778,SWITCH_DEFENSIVE,50.000,1.473502,4.3645
"('TANK', 'SWEEPER', 'OFFENSIVE_ADV', 'DANGER', 'FULL', 'NORMAL', 'SLOWER', 'MEC_USED', 'CLEAN', 'CLEAN', 'NEUTRAL', 'NEUTRAL', 'CLEAR', 'CLEAR', 'OPENING', 'BANCO_OFF')",24,11,14,78.571,SWITCH_DEFENSIVE,25.000,2.188452,8.9214
"('TANK', 'TANK', 'OFFENSIVE_ADV', 'CRIT', 'FULL', 'NORMAL', 'FASTER', 'MEC_USED', 'CLEAN', 'CLEAN', 'NEUTRAL', 'NEUTRAL', 'CLEAR', 'CLEAR', 'OPENING', 'BANCO_OFF')",24,10,12,83.333,SWITCH_OFFENSIVE,25.000,2.166650,8.7290
"('TANK', 'SWEEPER', 'DEFENSIVE_ADV', 'FULL', 'FULL', 'NORMAL', 'SLOWER', 'MEC_USED', 'CLEAN', 'CLEAN', 'NEUTRAL', 'NEUTRAL', 'CLEAR', 'CLEAR', 'OPENING', 'BANCO_OFF')",24,9,12,75.000,SWITCH_OFFENSIVE,33.333,1.896756,6.6642
"('TANK', 'TANK', 'NEUTRAL', 'FULL', 'FULL', 'NORMAL', 'FASTER', 'MEC_USED', 'AFFLICTED', 'CLEAN', 'NEUTRAL', 'NEUTRAL', 'CLEAR', 'CLEAR', 'RECOVERING', 'BANCO_VAZIO')",24,10,12,83.333,CLEAN_HAZARD,29.167,1.967468,7.1525
"('SWEEPER', 'SWEEPER', 'NEUTRAL', 'FULL', 'FULL', 'FIELD_THEIRS', 'SLOWER', 'MEC_USED', 'CLEAN', 'CLEAN', 'NEUTRAL', 'NEUTRAL', 'CLEAR', 'CLEAR', 'OPENING', 'BANCO_OFF')",24,8,10,80.000,ATTACK_PIVOT,41.667,1.710057,5.5293
"('TANK', 'TANK', 'NEUTRAL', 'SAFE', 'SAFE', 'NORMAL', 'SLOWER', 'MEC_USED', 'CLEAN', 'CLEAN', 'NEUTRAL', 'NEUTRAL', 'CLEAR', 'CLEAR', 'BRAWL', 'BANCO_OFF')",24,10,13,76.923,ATTACK_TECH,25.000,2.007521,7.4448
"('SWEEPER', 'TANK', 'NEUTRAL', 'SAFE', 'SAFE', 'NORMAL', 'FASTER', 'MEC_USED', 'CLEAN', 'CLEAN', 'NEUTRAL', 'NEUTRAL', 'CLEAR', 'CLEAR', 'OPENING', 'BANCO_OFF')",24,9,9,100.000,SWITCH_OFFENSIVE,33.333,1.979205,7.2370
"('UTILITY', 'TANK', 'VOLATILE', 'FULL', 'FULL', 'FIELD_OURS_OFF', 'FASTER', 'MEC_USED', 'CLEAN', 'CLEAN', 'NEUTRAL', 'NEUTRAL', 'CLEAR', 'CLEAR', 'OPENING', 'BANCO_OFF')",24,7,9,77.778,ATTACK_STRONG,37.500,1.653304,5.2242
"('TANK', 'TANK', 'CRITICAL_DIS', 'FULL', 'DANGER', 'NORMAL', 'FASTER', 'MEC_USED', 'AFFLICTED', 'AFFLICTED', 'NEUTRAL', 'DEBUFF', 'SET', 'SET', 'CLUTCH', 'BANCO_VAZIO')",23,1,6,16.667,HAZARD,100.000,-0.000000,1.0000
"('TANK', 'TANK', 'NEUTRAL', 'FULL', 'SAFE', 'NORMAL', 'SLOWER', 'MEC_USED', 'CLEAN', 'CLEAN', 'NEUTRAL', 'NEUTRAL', 'SET', 'CLEAR', 'BRAWL', 'BANCO_OFF')",23,13,13,100.000,SWITCH_OFFENSIVE,21.739,2.378475,10.7884
"('TANK', 'TANK', 'OFFENSIVE_DIS', 'FULL', 'FULL', 'NORMAL', 'SLOWER', 'MEC_USED', 'CLEAN', 'CLEAN', 'NEUTRAL', 'NEUTRAL', 'SET', 'CLEAR', 'OPENING', 'BANCO_VAZIO')",23,11,12,91.667,ATTACK_STRONG,21.739,2.197654,9.0039
"('TANK', 'TANK', 'OFFENSIVE_DIS', 'SAFE', 'FULL', 'NORMAL', 'FASTER', 'MEC_USED', 'CLEAN', 'CLEAN', 'NEUTRAL', 'NEUTRAL', 'SET', 'CLEAR', 'OPENING', 'BANCO_AMBOS')",23,11,14,78.571,STATUS,21.739,2.197654,9.0039
"('TANK', 'TANK', 'NEUTRAL', 'FULL', 'FULL', 'FIELD_OURS_DEF', 'FASTER', 'MEC_USED', 'CLEAN', 'CLEAN', 'NEUTRAL', 'NEUTRAL', 'CLEAR', 'CLEAR', 'OPENING', 'BANCO_AMBOS')",23,7,8,87.500,BARRIER,39.130,1.562930,4.7728
"('TANK', 'TANK', 'DEFENSIVE_DIS', 'FULL', 'FULL', 'NORMAL', 'FASTER', 'MEC_USED', 'CLEAN', 'CLEAN', 'NEUTRAL', 'NEUTRAL', 'SET', 'CLEAR', 'OPENING', 'BANCO_AMBOS')",23,9,13,69.231,CLEAN_HAZARD,30.435,1.952288,7.0448
"('TANK', 'TANK', 'NEUTRAL', 'FULL', 'DANGER', 'NORMAL', 'SLOWER', 'MEC_USED', 'CLEAN', 'CLEAN', 'NEUTRAL', 'NEUTRAL', 'CLEAR', 'CLEAR', 'RECOVERING', 'BANCO_VAZIO')",23,8,11,72.727,HEAL,26.087,1.825026,6.2030
"('TANK', 'TANK', 'NEUTRAL', 'SAFE', 'FULL', 'FIELD_THEIRS', 'SLOWER', 'MEC_USED', 'CLEAN', 'CLEAN', 'NEUTRAL', 'NEUTRAL', 'SET', 'CLEAR', 'OPENING', 'BANCO_OFF')",23,13,15,86.667,ATTACK_PIVOT,13.043,2.464508,11.7577
"('TANK', 'TANK', 'OFFENSIVE_ADV', 'SAFE', 'FULL', 'FIELD_SHARED', 'FASTER', 'MEC_USED', 'CLEAN', 'CLEAN', 'NEUTRAL', 'NEUTRAL', 'SET', 'CLEAR', 'OPENING', 'BANCO_OFF')",23,10,11,90.909,SWITCH_DEFENSIVE,21.739,2.174904,8.8013
"('TANK', 'TANK', 'STALEMATE', 'FULL', 'SAFE', 'NORMAL', 'SLOWER', 'MEC_USED', 'CLEAN', 'CLEAN', 'NEUTRAL', 'NEUTRAL', 'CLEAR', 'CLEAR', 'OPENING', 'BANCO_OFF')",23,6,14,42.857,CLEAN_HAZARD,26.087,1.658200,5.2499
"('TANK', 'TANK', 'DOMINANT', 'FULL', 'FULL', 'NORMAL', 'FASTER', 'MEC_AVAIL', 'CLEAN', 'CLEAN', 'NEUTRAL', 'NEUTRAL', 'SET', 'CLEAR', 'OPENING', 'BANCO_AMBOS')",23,10,12,83.333,HAZARD_MEC,39.130,1.951592,7.0399
"('TANK', 'TANK', 'OFFENSIVE_DIS', 'SAFE', 'SAFE', 'NORMAL', 'SLOWER', 'MEC_USED', 'CLEAN', 'CLEAN', 'NEUTRAL', 'NEUTRAL', 'SET', 'CLEAR', 'OPENING', 'BANCO_OFF')",23,11,13,84.615,HEAL,26.087,2.177913,8.8279
"('TANK', 'TANK', 'STALEMATE', 'FULL', 'SAFE', 'NORMAL', 'SLOWER', 'MEC_USED', 'CLEAN', 'CLEAN', 'NEUTRAL', 'NEUTRAL', 'SET', 'CLEAR', 'RECOVERING', 'BANCO_VAZIO')",23,5,9,55.556,STAT_CLEAN,69.565,0.965642,2.6265
"('SWEEPER', 'TANK', 'VOLATILE', 'FULL', 'FULL', 'FIELD_THEIRS', 'FASTER', 'MEC_USED', 'CLEAN', 'CLEAN', 'NEUTRAL', 'DEBUFF', 'CLEAR', 'CLEAR', 'OPENING', 'BANCO_OFF')",23,7,8,87.500,SWITCH_OFFENSIVE,26.087,1.828035,6.2217
"('TANK', 'TANK', 'NEUTRAL', 'FULL', 'FULL', 'FIELD_SHARED', 'SLOWER', 'MEC_USED', 'CLEAN', 'CLEAN', 'NEUTRAL', 'NEUTRAL', 'SET', 'CLEAR', 'OPENING', 'BANCO_OFF')",23,9,13,69.231,ATTACK_STRONG,13.043,2.132413,8.4352
"('SWEEPER', 'UTILITY', 'NEUTRAL', 'FULL', 'FULL', 'NORMAL', 'FASTER', 'MEC_USED', 'CLEAN', 'CLEAN', 'NEUTRAL', 'DEBUFF', 'CLEAR', 'CLEAR', 'OPENING', 'BANCO_AMBOS')",23,3,7,42.857,ATTACK_STRONG,82.609,0.559834,1.7504
"('TANK', 'TANK', 'OFFENSIVE_ADV', 'FULL', 'FULL', 'NORMAL', 'SLOWER', 'MEC_USED', 'CLEAN', 'CLEAN', 'NEUTRAL', 'NEUTRAL', 'SET', 'CLEAR', 'OPENING', 'BANCO_AMBOS')",23,11,13,84.615,SWITCH_OFFENSIVE,34.783,2.088092,8.0695
"('SWEEPER', 'SWEEPER', 'OFFENSIVE_ADV', 'FULL', 'FULL', 'FIELD_THEIRS', 'SLOWER', 'MEC_USED', 'CLEAN', 'CLEAN', 'NEUTRAL', 'NEUTRAL', 'CLEAR', 'CLEAR', 'OPENING', 'BANCO_OFF')",23,8,9,88.889,SWITCH_DEFENSIVE,30.435,1.846515,6.3377
"('TANK', 'TANK', 'OFFENSIVE_DIS', 'SAFE', 'SAFE', 'FIELD_THEIRS', 'SLOWER', 'MEC_USED', 'CLEAN', 'CLEAN', 'NEUTRAL', 'NEUTRAL', 'CLEAR', 'CLEAR', 'OPENING', 'BANCO_OFF')",23,10,11,90.909,ATTACK_TECH,30.435,2.075845,7.9713
"('TANK', 'SWEEPER', 'DEFENSIVE_DIS', 'FULL', 'FULL', 'NORMAL', 'SLOWER', 'MEC_USED', 'CLEAN', 'CLEAN', 'NEUTRAL', 'NEUTRAL', 'CLEAR', 'CLEAR', 'OPENING', 'BANCO_OFF')",23,11,13,84.615,HEAL,26.087,2.185889,8.8986
"('TANK', 'TANK', 'DEFENSIVE_DIS', 'SAFE', 'FULL', 'NORMAL', 'SLOWER', 'MEC_USED', 'CLEAN', 'CLEAN', 'NEUTRAL', 'NEUTRAL', 'SET', 'CLEAR', 'RECOVERING', 'BANCO_VAZIO')",23,10,13,76.923,PROTECT,21.739,2.174904,8.8013
"('TANK', 'UTILITY', 'OFFENSIVE_DIS', 'FULL', 'FULL', 'FIELD_SHARED', 'SLOWER', 'MEC_USED', 'CLEAN', 'CLEAN', 'NEUTRAL', 'NEUTRAL', 'CLEAR', 'CLEAR', 'OPENING', 'BANCO_AMBOS')",23,11,14,78.571,PROTECT,21.739,2.182880,8.8718
"('TANK', 'TANK', 'DEFENSIVE_ADV', 'DANGER', 'FULL', 'NORMAL', 'FASTER', 'MEC_USED', 'CLEAN', 'CLEAN', 'NEUTRAL', 'DEBUFF', 'SET', 'SET', 'CLUTCH', 'BANCO_VAZIO')",23,3,4,75.000,ATTACK_STRONG,73.913,0.691502,1.9967
"('TANK', 'TANK', 'OFFENSIVE_DIS', 'SAFE', 'FULL', 'NORMAL', 'FASTER', 'MEC_USED', 'CLEAN', 'CLEAN', 'NEUTRAL', 'NEUTRAL', 'SET', 'SET', 'RECOVERING', 'BANCO_VAZIO')",23,9,12,75.000,STATUS,34.783,1.930021,6.8897
"('TANK', 'TANK', 'OFFENSIVE_ADV', 'FULL', 'FULL', 'NORMAL', 'SLOWER', 'MEC_USED', 'AFFLICTED', 'CLEAN', 'NEUTRAL', 'NEUTRAL', 'CLEAR', 'CLEAR', 'CLUTCH', 'BANCO_VAZIO')",23,4,6,66.667,CLEAN_HAZARD,65.217,1.007733,2.7394
"('TANK', 'TANK', 'NEUTRAL', 'SAFE', 'FULL', 'NORMAL', 'FASTER', 'MEC_USED', 'CLEAN', 'AFFLICTED', 'NEUTRAL', 'NEUTRAL', 'CLEAR', 'CLEAR', 'CLUTCH', 'BANCO_VAZIO')",23,4,7,57.143,SWITCH_OFFENSIVE,86.957,0.530510,1.6998
"('TANK', 'TANK', 'NEUTRAL', 'SAFE', 'FULL', 'NORMAL', 'FASTER', 'MEC_USED', 'AFFLICTED', 'CLEAN', 'NEUTRAL', 'NEUTRAL', 'SET', 'SET', 'CLUTCH', 'BANCO_VAZIO')",23,5,7,71.429,HEAL,39.130,1.423903,4.1533
"('TANK', 'TANK', 'CRITICAL_DIS', 'FULL', 'SAFE', 'NORMAL', 'FASTER', 'MEC_USED', 'AFFLICTED', 'CLEAN', 'NEUTRAL', 'NEUTRAL', 'CLEAR', 'SET', 'CLUTCH', 'BANCO_VAZIO')",23,2,4,50.000,BUFF,91.304,0.295439,1.3437
"('TANK', 'TANK', 'NEUTRAL', 'SAFE', 'SAFE', 'NORMAL', 'SLOWER', 'MEC_USED', 'CLEAN', 'CLEAN', 'NEUTRAL', 'NEUTRAL', 'SET', 'CLEAR', 'BRAWL', 'BANCO_OFF')",22,12,14,85.714,SWITCH_OFFENSIVE,18.182,2.350327,10.4890
"('TANK', 'TANK', 'OFFENSIVE_ADV', 'SAFE', 'FULL', 'FIELD_SHARED', 'FASTER', 'MEC_USED', 'CLEAN', 'CLEAN', 'NEUTRAL', 'NEUTRAL', 'CLEAR', 'CLEAR', 'OPENING', 'BANCO_AMBOS')",22,8,11,72.727,SWITCH_DEFENSIVE,59.091,1.449364,4.2604
"('TANK', 'TANK', 'DOMINANT', 'FULL', 'FULL', 'FIELD_SHARED', 'FASTER', 'MEC_USED', 'CLEAN', 'CLEAN', 'NEUTRAL', 'NEUTRAL', 'SET', 'CLEAR', 'OPENING', 'BANCO_OFF')",22,9,10,90.000,ATTACK_PIVOT,18.182,2.137503,8.4782
"('TANK', 'TANK', 'OFFENSIVE_DIS', 'FULL', 'FULL', 'NORMAL', 'SLOWER', 'MEC_USED', 'AFFLICTED', 'AFFLICTED', 'NEUTRAL', 'NEUTRAL', 'CLEAR', 'CLEAR', 'CLUTCH', 'BANCO_OFF')",22,4,6,66.667,STATUS,77.273,0.751930,2.1211
"('UTILITY', 'TANK', 'NEUTRAL', 'FULL', 'FULL', 'NORMAL', 'SLOWER', 'MEC_USED', 'CLEAN', 'CLEAN', 'NEUTRAL', 'NEUTRAL', 'CLEAR', 'CLEAR', 'OPENING', 'BANCO_AMBOS')",22,4,6,66.667,ATTACK_STRONG,63.636,1.033562,2.8111
"('TANK', 'TANK', 'OFFENSIVE_ADV', 'FULL', 'FULL', 'NORMAL', 'FASTER', 'MEC_USED', 'CLEAN', 'CLEAN', 'NEUTRAL', 'NEUTRAL', 'SET', 'SET', 'OPENING', 'BANCO_OFF')",22,9,11,81.818,HEAL,31.818,1.943998,6.9866
"('TANK', 'SWEEPER', 'OFFENSIVE_ADV', 'FULL', 'FULL', 'FIELD_THEIRS', 'SLOWER', 'MEC_USED', 'CLEAN', 'CLEAN', 'NEUTRAL', 'NEUTRAL', 'CLEAR', 'CLEAR', 'OPENING', 'BANCO_AMBOS')",22,10,13,76.923,HEAL,27.273,2.074490,7.9605
"('TANK', 'TANK', 'VOLATILE', 'SAFE', 'SAFE', 'NORMAL', 'FASTER', 'MEC_USED', 'CLEAN', 'CLEAN', 'NEUTRAL', 'NEUTRAL', 'CLEAR', 'CLEAR', 'OPENING', 'BANCO_OFF')",22,9,11,81.818,ATTACK_STRONG,40.909,1.853327,6.3810
"('TANK', 'TANK', 'DEFENSIVE_DIS', 'FULL', 'SAFE', 'NORMAL', 'SLOWER', 'MEC_USED', 'CLEAN', 'CLEAN', 'NEUTRAL', 'NEUTRAL', 'CLEAR', 'CLEAR', 'RECOVERING', 'BANCO_VAZIO')",22,10,12,83.333,HEAL,22.727,2.173586,8.7897
"('TANK', 'TANK', 'VOLATILE', 'FULL', 'FULL', 'FIELD_OURS_DEF', 'SLOWER', 'MEC_AVAIL', 'CLEAN', 'CLEAN', 'NEUTRAL', 'NEUTRAL', 'CLEAR', 'CLEAR', 'OPENING', 'BANCO_AMBOS')",22,3,10,30.000,HAZARD_MEC,90.909,0.367649,1.4443
"('TANK', 'TANK', 'NEUTRAL', 'FULL', 'FULL', 'NORMAL', 'SLOWER', 'MEC_AVAIL', 'CLEAN', 'CLEAN', 'NEUTRAL', 'NEUTRAL', 'CLEAR', 'CLEAR', 'OPENING', 'BANCO_AMBOS')",22,12,18,66.667,FIELD_CONTROL_MEC,18.182,2.350327,10.4890
"('TANK', 'TANK', 'OFFENSIVE_DIS', 'FULL', 'FULL', 'NORMAL', 'FASTER', 'MEC_USED', 'CLEAN', 'CLEAN', 'NEUTRAL', 'NEUTRAL', 'CLEAR', 'CLEAR', 'OPENING', 'BANCO_DEF')",22,9,12,75.000,CLEAN_HAZARD,22.727,1.981399,7.2529
"('TANK', 'TANK', 'NEUTRAL', 'SAFE', 'FULL', 'NORMAL', 'SLOWER', 'MEC_USED', 'CLEAN', 'CLEAN', 'NEUTRAL', 'NEUTRAL', 'SET', 'SET', 'RECOVERING', 'BANCO_VAZIO')",22,9,11,81.818,HAZARD,54.545,1.609612,5.0009
"('TANK', 'TANK', 'STALEMATE', 'FULL', 'FULL', 'FIELD_SHARED', 'SLOWER', 'MEC_USED', 'CLEAN', 'CLEAN', 'NEUTRAL', 'NEUTRAL', 'CLEAR', 'CLEAR', 'OPENING', 'BANCO_AMBOS')",22,8,12,66.667,SWITCH_DEFENSIVE,40.909,1.790314,5.9913
"('TANK', 'TANK', 'DEFENSIVE_DIS', 'FULL', 'FULL', 'NORMAL', 'SLOWER', 'MEC_USED', 'CLEAN', 'CLEAN', 'NEUTRAL', 'NEUTRAL', 'SET', 'CLEAR', 'RECOVERING', 'BANCO_VAZIO')",22,7,12,58.333,PROTECT,68.182,1.181631,3.2597
"('TANK', 'TANK', 'NEUTRAL', 'SAFE', 'FULL', 'NORMAL', 'FASTER', 'MEC_USED', 'CLEAN', 'CLEAN', 'NEUTRAL', 'NEUTRAL', 'CLEAR', 'CLEAR', 'CLUTCH', 'BANCO_VAZIO')",22,5,11,45.455,ATTACK_STRONG,68.182,0.992591,2.6982
"('SWEEPER', 'TANK', 'DEFENSIVE_DIS', 'FULL', 'FULL', 'NORMAL', 'FASTER', 'MEC_USED', 'CLEAN', 'CLEAN', 'BUFFED', 'NEUTRAL', 'CLEAR', 'CLEAR', 'OPENING', 'BANCO_AMBOS')",22,1,5,20.000,ATTACK_STRONG,100.000,-0.000000,1.0000
"('TANK', 'TANK', 'OFFENSIVE_ADV', 'FULL', 'FULL', 'NORMAL', 'FASTER', 'MEC_USED', 'CLEAN', 'CLEAN', 'NEUTRAL', 'NEUTRAL', 'CLEAR', 'CLEAR', 'RECOVERING', 'BANCO_VAZIO')",22,7,8,87.500,ATTACK_STRONG,22.727,1.858519,6.4142
"('UTILITY', 'TANK', 'DEFENSIVE_DIS', 'FULL', 'FULL', 'FIELD_THEIRS', 'FASTER', 'MEC_USED', 'CLEAN', 'CLEAN', 'NEUTRAL', 'NEUTRAL', 'CLEAR', 'CLEAR', 'OPENING', 'BANCO_AMBOS')",22,7,10,70.000,ATTACK_PIVOT,54.545,1.420572,4.1395
"('TANK', 'TANK', 'CRITICAL_DIS', 'FULL', 'FULL', 'FIELD_THEIRS', 'FASTER', 'MEC_USED', 'CLEAN', 'CLEAN', 'NEUTRAL', 'NEUTRAL', 'CLEAR', 'CLEAR', 'OPENING', 'BANCO_AMBOS')",22,8,13,61.538,SWITCH_OFFENSIVE,36.364,1.830775,6.2387
"('TANK', 'UTILITY', 'NEUTRAL', 'FULL', 'FULL', 'FIELD_OURS_OFF', 'FASTER', 'MEC_USED', 'CLEAN', 'CLEAN', 'NEUTRAL', 'NEUTRAL', 'CLEAR', 'CLEAR', 'OPENING', 'BANCO_AMBOS')",22,10,12,83.333,ATTACK_PIVOT,22.727,2.197370,9.0013
"('TANK', 'TANK', 'NEUTRAL', 'SAFE', 'DANGER', 'NORMAL', 'FASTER', 'MEC_USED', 'CLEAN', 'CLEAN', 'NEUTRAL', 'NEUTRAL', 'SET', 'CLEAR', 'OPENING', 'BANCO_OFF')",22,9,11,81.818,CLEAN_HAZARD,27.273,2.035260,7.6542
"('TANK', 'UTILITY', 'NEUTRAL', 'FULL', 'FULL', 'NORMAL', 'SLOWER', 'MEC_USED', 'CLEAN', 'CLEAN', 'NEUTRAL', 'NEUTRAL', 'CLEAR', 'CLEAR', 'OPENING', 'BANCO_VAZIO')",22,8,11,72.727,STATUS,40.909,1.814098,6.1355
"('TANK', 'SWEEPER', 'DOMINANT', 'SAFE', 'FULL', 'NORMAL', 'SLOWER', 'MEC_USED', 'CLEAN', 'CLEAN', 'NEUTRAL', 'NEUTRAL', 'CLEAR', 'CLEAR', 'OPENING', 'BANCO_OFF')",22,6,8,75.000,ATTACK_STRONG,59.091,1.275769,3.5815
"('TANK', 'TANK', 'DEFENSIVE_ADV', 'SAFE', 'SAFE', 'NORMAL', 'SLOWER', 'MEC_USED', 'CLEAN', 'CLEAN', 'NEUTRAL', 'NEUTRAL', 'CLEAR', 'CLEAR', 'OPENING', 'BANCO_AMBOS')",22,7,12,58.333,ATTACK_PIVOT,59.091,1.323337,3.7559
"('SWEEPER', 'TANK', 'DEFENSIVE_DIS', 'FULL', 'FULL', 'FIELD_THEIRS', 'FASTER', 'MEC_USED', 'CLEAN', 'CLEAN', 'NEUTRAL', 'NEUTRAL', 'CLEAR', 'CLEAR', 'OPENING', 'BANCO_OFF')",22,9,9,100.000,SWITCH_OFFENSIVE,36.364,1.870004,6.4883
"('TANK', 'TANK', 'OFFENSIVE_ADV', 'FULL', 'FULL', 'NORMAL', 'FASTER', 'MEC_USED', 'AFFLICTED', 'CLEAN', 'NEUTRAL', 'NEUTRAL', 'CLEAR', 'CLEAR', 'CLUTCH', 'BANCO_VAZIO')",22,1,6,16.667,ATTACK_PIVOT,100.000,-0.000000,1.0000
"('TANK', 'TANK', 'CRITICAL_DIS', 'FULL', 'FULL', 'NORMAL', 'FASTER', 'MEC_USED', 'CLEAN', 'CLEAN', 'NEUTRAL', 'NEUTRAL', 'CLEAR', 'CLEAR', 'OPENING', 'BANCO_VAZIO')",22,5,6,83.333,SWITCH_OFFENSIVE,40.909,1.463762,4.3222
"('SWEEPER', 'TANK', 'OFFENSIVE_ADV', 'FULL', 'FULL', 'FIELD_THEIRS', 'FASTER', 'MEC_AVAIL', 'CLEAN', 'CLEAN', 'NEUTRAL', 'NEUTRAL', 'CLEAR', 'CLEAR', 'OPENING', 'BANCO_AMBOS')",22,5,6,83.333,SWITCH_DEFENSIVE,45.455,1.342927,3.8302
"('UTILITY', 'TANK', 'DOMINANT', 'FULL', 'FULL', 'NORMAL', 'FASTER', 'MEC_USED', 'CLEAN', 'CLEAN', 'NEUTRAL', 'NEUTRAL', 'CLEAR', 'CLEAR', 'OPENING', 'BANCO_AMBOS')",22,8,9,88.889,ATTACK_PIVOT,27.273,1.861666,6.4344
"('TANK', 'TANK', 'NEUTRAL', 'FULL', 'FULL', 'NORMAL', 'FASTER', 'MEC_USED', 'AFFLICTED', 'CLEAN', 'NEUTRAL', 'NEUTRAL', 'CLEAR', 'CLEAR', 'OPENING', 'BANCO_OFF')",22,4,9,44.444,STATUS,72.727,0.861790,2.3674
"('SWEEPER', 'TANK', 'NEUTRAL', 'FULL', 'FULL', 'NORMAL', 'FASTER', 'MEC_USED', 'CLEAN', 'CLEAN', 'NEUTRAL', 'NEUTRAL', 'SET', 'CLEAR', 'OPENING', 'BANCO_OFF')",22,5,8,62.500,CLEAN_HAZARD,59.091,1.212756,3.3627
"('UTILITY', 'TANK', 'VOLATILE', 'FULL', 'FULL', 'FIELD_OURS_OFF', 'FASTER', 'MEC_USED', 'CLEAN', 'CLEAN', 'NEUTRAL', 'NEUTRAL', 'CLEAR', 'CLEAR', 'OPENING', 'BANCO_AMBOS')",21,6,7,85.714,SWITCH_OFFENSIVE,33.333,1.594982,4.9282
"('TANK', 'TANK', 'OFFENSIVE_ADV', 'FULL', 'FULL', 'NORMAL', 'SLOWER', 'MEC_USED', 'CLEAN', 'CLEAN', 'NEUTRAL', 'NEUTRAL', 'CLEAR', 'CLEAR', 'RECOVERING', 'BANCO_VAZIO')",21,9,10,90.000,ATTACK_STRONG,23.810,2.042280,7.7082
"('TANK', 'TANK', 'DOMINANT', 'SAFE', 'FULL', 'FIELD_THEIRS', 'FASTER', 'MEC_USED', 'CLEAN', 'CLEAN', 'NEUTRAL', 'NEUTRAL', 'CLEAR', 'CLEAR', 'OPENING', 'BANCO_AMBOS')",21,7,8,87.500,ATTACK_STRONG,23.810,1.860419,6.4264
"('TANK', 'TANK', 'DOMINANT', 'SAFE', 'SAFE', 'NORMAL', 'FASTER', 'MEC_USED', 'CLEAN', 'CLEAN', 'NEUTRAL', 'NEUTRAL', 'CLEAR', 'CLEAR', 'OPENING', 'BANCO_OFF')",21,8,11,72.727,ATTACK_STRONG,23.810,1.923137,6.8424
"('TANK', 'TANK', 'NEUTRAL', 'FULL', 'CRIT', 'NORMAL', 'SLOWER', 'MEC_USED', 'CLEAN', 'CLEAN', 'NEUTRAL', 'NEUTRAL', 'CLEAR', 'CLEAR', 'OPENING', 'BANCO_OFF')",21,11,13,84.615,CLEAN_HAZARD,19.048,2.243619,9.4274
"('TANK', 'SWEEPER', 'VOLATILE', 'FULL', 'FULL', 'NORMAL', 'SLOWER', 'MEC_USED', 'CLEAN', 'CLEAN', 'DEBUFF', 'NEUTRAL', 'CLEAR', 'CLEAR', 'OPENING', 'BANCO_OFF')",21,7,9,77.778,STATUS,38.095,1.699326,5.4703
"('SWEEPER', 'SWEEPER', 'OFFENSIVE_ADV', 'FULL', 'FULL', 'NORMAL', 'FASTER', 'MEC_USED', 'CLEAN', 'CLEAN', 'NEUTRAL', 'DEBUFF', 'CLEAR', 'CLEAR', 'OPENING', 'BANCO_AMBOS')",21,3,6,50.000,ATTACK_PIVOT,52.381,0.982901,2.6722
"('TANK', 'TANK', 'VOLATILE', 'FULL', 'SAFE', 'FIELD_THEIRS', 'FASTER', 'MEC_USED', 'CLEAN', 'CLEAN', 'NEUTRAL', 'NEUTRAL', 'CLEAR', 'CLEAR', 'OPENING', 'BANCO_OFF')",21,10,11,90.909,ATTACK_TECH,23.810,2.014067,7.4937
"('UTILITY', 'SWEEPER', 'OFFENSIVE_ADV', 'FULL', 'FULL', 'NORMAL', 'SLOWER', 'MEC_USED', 'CLEAN', 'CLEAN', 'NEUTRAL', 'NEUTRAL', 'CLEAR', 'CLEAR', 'OPENING', 'BANCO_OFF')",21,7,8,87.500,ATTACK_PIVOT,28.571,1.706771,5.5111
"('TANK', 'TANK', 'NEUTRAL', 'CRIT', 'SAFE', 'NORMAL', 'SLOWER', 'MEC_USED', 'CLEAN', 'CLEAN', 'NEUTRAL', 'NEUTRAL', 'SET', 'SET', 'RECOVERING', 'BANCO_VAZIO')",21,9,12,75.000,ATTACK_STRONG,38.095,1.803141,6.0687
"('TANK', 'UTILITY', 'OFFENSIVE_DIS', 'SAFE', 'FULL', 'NORMAL', 'SLOWER', 'MEC_USED', 'CLEAN', 'CLEAN', 'NEUTRAL', 'NEUTRAL', 'CLEAR', 'CLEAR', 'OPENING', 'BANCO_OFF')",21,11,14,78.571,STATUS,19.048,2.243619,9.4274
"('TANK', 'TANK', 'VOLATILE', 'FULL', 'FULL', 'FIELD_OURS_DEF', 'FASTER', 'MEC_AVAIL', 'CLEAN', 'CLEAN', 'NEUTRAL', 'NEUTRAL', 'CLEAR', 'CLEAR', 'OPENING', 'BANCO_VAZIO')",21,5,6,83.333,ATTACK_STRONG_MEC,52.381,1.260370,3.5267
"('TANK', 'TANK', 'OFFENSIVE_ADV', 'DANGER', 'FULL', 'NORMAL', 'FASTER', 'MEC_USED', 'CLEAN', 'CLEAN', 'NEUTRAL', 'NEUTRAL', 'SET', 'CLEAR', 'OPENING', 'BANCO_OFF')",21,9,10,90.000,SWITCH_OFFENSIVE,28.571,1.979562,7.2396
"('TANK', 'TANK', 'STALEMATE', 'FULL', 'FULL', 'NORMAL', 'FASTER', 'MEC_USED', 'CLEAN', 'CLEAN', 'NEUTRAL', 'NEUTRAL', 'CLEAR', 'CLEAR', 'OPENING', 'BANCO_OFF')",21,10,12,83.333,STAT_CLEAN,19.048,2.177604,8.8251
"('TANK', 'TANK', 'DOMINANT', 'SAFE', 'FULL', 'NORMAL', 'FASTER', 'MEC_USED', 'CLEAN', 'CLEAN', 'NEUTRAL', 'NEUTRAL', 'CLEAR', 'CLEAR', 'OPENING', 'BANCO_OFF')",21,9,12,75.000,ATTACK_STRONG,23.810,2.017364,7.5185
"('TANK', 'UTILITY', 'VOLATILE', 'FULL', 'FULL', 'NORMAL', 'SLOWER', 'MEC_AVAIL', 'CLEAN', 'CLEAN', 'NEUTRAL', 'NEUTRAL', 'CLEAR', 'CLEAR', 'OPENING', 'BANCO_OFF')",21,11,18,61.111,HEAL,23.810,2.215406,9.1651
"('TANK', 'SWEEPER', 'NEUTRAL', 'FULL', 'FULL', 'NORMAL', 'SLOWER', 'MEC_USED', 'CLEAN', 'CLEAN', 'NEUTRAL', 'DEBUFF', 'CLEAR', 'CLEAR', 'OPENING', 'BANCO_OFF')",21,11,12,91.667,ATTACK_STRONG,28.571,2.083378,8.0316
"('SWEEPER', 'TANK', 'OFFENSIVE_ADV', 'SAFE', 'FULL', 'NORMAL', 'FASTER', 'MEC_USED', 'CLEAN', 'CLEAN', 'NEUTRAL', 'NEUTRAL', 'SET', 'CLEAR', 'OPENING', 'BANCO_OFF')",21,9,9,100.000,ATTACK_PIVOT,23.810,2.067197,7.9026
"('TANK', 'TANK', 'NEUTRAL', 'FULL', 'FULL', 'FIELD_SHARED', 'SLOWER', 'MEC_AVAIL', 'CLEAN', 'CLEAN', 'NEUTRAL', 'NEUTRAL', 'CLEAR', 'CLEAR', 'OPENING', 'BANCO_AMBOS')",21,10,22,45.455,FIELD_CONTROL,28.571,2.086674,8.0581
"('TANK', 'SWEEPER', 'OFFENSIVE_ADV', 'FULL', 'SAFE', 'NORMAL', 'SLOWER', 'MEC_USED', 'CLEAN', 'CLEAN', 'NEUTRAL', 'NEUTRAL', 'CLEAR', 'CLEAR', 'OPENING', 'BANCO_OFF')",21,9,14,64.286,ATTACK_STRONG,28.571,1.995743,7.3577
"('SWEEPER', 'TANK', 'DEFENSIVE_DIS', 'SAFE', 'FULL', 'NORMAL', 'FASTER', 'MEC_USED', 'CLEAN', 'CLEAN', 'NEUTRAL', 'NEUTRAL', 'CLEAR', 'CLEAR', 'OPENING', 'BANCO_AMBOS')",21,5,5,100.000,SWITCH_OFFENSIVE,52.381,1.248338,3.4845
"('TANK', 'TANK', 'OFFENSIVE_ADV', 'SAFE', 'FULL', 'NORMAL', 'FASTER', 'MEC_AVAIL', 'CLEAN', 'CLEAN', 'NEUTRAL', 'NEUTRAL', 'SET', 'CLEAR', 'OPENING', 'BANCO_OFF')",21,13,18,72.222,BUFF_MEC,14.286,2.466577,11.7820
"('TANK', 'TANK', 'NEUTRAL', 'FULL', 'FULL', 'NORMAL', 'FASTER', 'MEC_USED', 'AFFLICTED', 'AFFLICTED', 'DEBUFF', 'NEUTRAL', 'CLEAR', 'CLEAR', 'CLUTCH', 'BANCO_VAZIO')",21,4,4,100.000,STATUS,52.381,1.119606,3.0636
"('TANK', 'TANK', 'NEUTRAL', 'SAFE', 'SAFE', 'NORMAL', 'FASTER', 'MEC_USED', 'CLEAN', 'CLEAN', 'NEUTRAL', 'NEUTRAL', 'SET', 'SET', 'BRAWL', 'BANCO_OFF')",21,8,12,66.667,HEAL,38.095,1.831354,6.2423
"('SWEEPER', 'SWEEPER', 'NEUTRAL', 'FULL', 'FULL', 'FIELD_SHARED', 'SLOWER', 'MEC_USED', 'CLEAN', 'CLEAN', 'NEUTRAL', 'NEUTRAL', 'CLEAR', 'CLEAR', 'OPENING', 'BANCO_OFF')",21,7,9,77.778,SWITCH_OFFENSIVE,38.095,1.715506,5.5595
"('TANK', 'TANK', 'DEFENSIVE_DIS', 'SAFE', 'FULL', 'NORMAL', 'FASTER', 'MEC_USED', 'CLEAN', 'CLEAN', 'BUFFED', 'NEUTRAL', 'CLEAR', 'CLEAR', 'OPENING', 'BANCO_OFF')",21,7,7,100.000,BUFF,28.571,1.728391,5.6316
"('TANK', 'TANK', 'DOMINANT', 'FULL', 'SAFE', 'FIELD_SHARED', 'FASTER', 'MEC_USED', 'CLEAN', 'CLEAN', 'NEUTRAL', 'NEUTRAL', 'CLEAR', 'CLEAR', 'OPENING', 'BANCO_OFF')",21,9,11,81.818,CLEAN_HAZARD,23.810,2.058461,7.8339
"('TANK', 'TANK', 'DEFENSIVE_DIS', 'SAFE', 'FULL', 'FIELD_SHARED', 'SLOWER', 'MEC_USED', 'CLEAN', 'CLEAN', 'NEUTRAL', 'NEUTRAL', 'CLEAR', 'CLEAR', 'OPENING', 'BANCO_OFF')",21,10,12,83.333,SWITCH_DEFENSIVE,28.571,2.111590,8.2614
"('TANK', 'TANK', 'DOMINANT', 'FULL', 'FULL', 'NORMAL', 'FASTER', 'MEC_USED', 'CLEAN', 'CLEAN', 'NEUTRAL', 'NEUTRAL', 'SET', 'CLEAR', 'OPENING', 'BANCO_OFF')",21,11,12,91.667,SWITCH_DEFENSIVE,23.810,2.240322,9.3964
"('SWEEPER', 'TANK', 'OFFENSIVE_ADV', 'SAFE', 'FULL', 'NORMAL', 'FASTER', 'MEC_USED', 'CLEAN', 'CLEAN', 'NEUTRAL', 'DEBUFF', 'CLEAR', 'CLEAR', 'OPENING', 'BANCO_OFF')",21,7,7,100.000,CLEAN_HAZARD,38.095,1.674409,5.3356
"('TANK', 'TANK', 'NEUTRAL', 'FULL', 'SAFE', 'NORMAL', 'FASTER', 'MEC_AVAIL', 'CLEAN', 'CLEAN', 'NEUTRAL', 'NEUTRAL', 'CLEAR', 'CLEAR', 'OPENING', 'BANCO_OFF')",21,7,18,38.889,ATTACK_STRONG,66.667,1.219137,3.3843
"('TANK', 'TANK', 'DEFENSIVE_DIS', 'CRIT', 'FULL', 'NORMAL', 'FASTER', 'MEC_USED', 'CLEAN', 'CLEAN', 'NEUTRAL', 'NEUTRAL', 'CLEAR', 'CLEAR', 'OPENING', 'BANCO_OFF')",21,8,12,66.667,STATUS,33.333,1.817940,6.1592
"('TANK', 'TANK', 'NEUTRAL', 'SAFE', 'FULL', 'NORMAL', 'FASTER', 'MEC_USED', 'CLEAN', 'CLEAN', 'BUFFED', 'NEUTRAL', 'SET', 'CLEAR', 'OPENING', 'BANCO_OFF')",21,6,7,85.714,HEAL,52.381,1.433495,4.1933
"('TANK', 'TANK', 'DEFENSIVE_ADV', 'FULL', 'FULL', 'NORMAL', 'FASTER', 'MEC_USED', 'CLEAN', 'CLEAN', 'NEUTRAL', 'NEUTRAL', 'CLEAR', 'CLEAR', 'OPENING', 'BANCO_DEF')",21,6,9,66.667,STAT_CLEAN,33.333,1.563473,4.7754
"('TANK', 'TANK', 'NEUTRAL', 'DANGER', 'FULL', 'NORMAL', 'FASTER', 'MEC_USED', 'AFFLICTED', 'CLEAN', 'NEUTRAL', 'NEUTRAL', 'CLEAR', 'CLEAR', 'RECOVERING', 'BANCO_VAZIO')",21,4,9,44.444,STATUS,80.952,0.684955,1.9837
"('TANK', 'TANK', 'DEFENSIVE_ADV', 'FULL', 'FULL', 'NORMAL', 'SLOWER', 'MEC_USED', 'CLEAN', 'AFFLICTED', 'DEBUFF', 'NEUTRAL', 'SET', 'SET', 'CLUTCH', 'BANCO_VAZIO')",21,1,1,100.000,HAZARD,100.000,-0.000000,1.0000
"('TANK', 'TANK', 'OFFENSIVE_DIS', 'FULL', 'FULL', 'NORMAL', 'FASTER', 'MEC_USED', 'CLEAN', 'CLEAN', 'NEUTRAL', 'NEUTRAL', 'SET', 'SET', 'RECOVERING', 'BANCO_VAZIO')",21,4,9,44.444,STATUS,57.143,0.975939,2.6537
"('TANK', 'TANK', 'OFFENSIVE_DIS', 'SAFE', 'DANGER', 'NORMAL', 'SLOWER', 'MEC_USED', 'CLEAN', 'CLEAN', 'NEUTRAL', 'NEUTRAL', 'CLEAR', 'CLEAR', 'OPENING', 'BANCO_OFF')",20,9,12,75.000,ATTACK_PIVOT,25.000,2.012693,7.4834
"('TANK', 'TANK', 'NEUTRAL', 'SAFE', 'FULL', 'NORMAL', 'SLOWER', 'MEC_USED', 'CLEAN', 'CLEAN', 'NEUTRAL', 'NEUTRAL', 'CLEAR', 'SET', 'OPENING', 'BANCO_OFF')",20,9,13,69.231,ATTACK_STRONG,20.000,2.085468,8.0484
"('TANK', 'SWEEPER', 'DEFENSIVE_DIS', 'FULL', 'FULL', 'NORMAL', 'SLOWER', 'MEC_AVAIL', 'CLEAN', 'CLEAN', 'NEUTRAL', 'NEUTRAL', 'CLEAR', 'CLEAR', 'OPENING', 'BANCO_OFF')",20,11,16,68.750,ATTACK_STRONG_MEC,15.000,2.293413,9.9087
"('TANK', 'TANK', 'OFFENSIVE_DIS', 'FULL', 'SAFE', 'FIELD_THEIRS', 'SLOWER', 'MEC_USED', 'CLEAN', 'CLEAN', 'NEUTRAL', 'NEUTRAL', 'CLEAR', 'CLEAR', 'OPENING', 'BANCO_OFF')",20,10,11,90.909,HEAL_STATUS,25.000,2.151322,8.5962
"('TANK', 'TANK', 'DOMINANT', 'FULL', 'FULL', 'NORMAL', 'FASTER', 'MEC_USED', 'CLEAN', 'CLEAN', 'NEUTRAL', 'NEUTRAL', 'CLEAR', 'CLEAR', 'OPENING', 'BANCO_DEF')",20,8,9,88.889,ATTACK_PIVOT,25.000,1.943378,6.9823
"('SWEEPER', 'SWEEPER', 'NEUTRAL', 'FULL', 'FULL', 'FIELD_OURS_OFF', 'FASTER', 'MEC_USED', 'CLEAN', 'CLEAN', 'NEUTRAL', 'NEUTRAL', 'CLEAR', 'CLEAR', 'OPENING', 'BANCO_AMBOS')",20,8,9,88.889,ATTACK_PIVOT,30.000,1.920677,6.8256
"('TANK', 'TANK', 'OFFENSIVE_ADV', 'FULL', 'FULL', 'FIELD_SHARED', 'SLOWER', 'MEC_USED', 'CLEAN', 'CLEAN', 'NEUTRAL', 'NEUTRAL', 'SET', 'CLEAR', 'OPENING', 'BANCO_OFF')",20,11,12,91.667,ATTACK_STRONG,25.000,2.194474,8.9753
"('TANK', 'TANK', 'NEUTRAL', 'SAFE', 'SAFE', 'NORMAL', 'FASTER', 'MEC_USED', 'CLEAN', 'CLEAN', 'NEUTRAL', 'NEUTRAL', 'CLEAR', 'CLEAR', 'BRAWL', 'BANCO_OFF')",20,8,12,66.667,HEAL,30.000,1.903687,6.7106
"('TANK', 'TANK', 'OFFENSIVE_DIS', 'SAFE', 'FULL', 'NORMAL', 'FASTER', 'MEC_USED', 'AFFLICTED', 'CLEAN', 'NEUTRAL', 'NEUTRAL', 'CLEAR', 'CLEAR', 'RECOVERING', 'BANCO_VAZIO')",20,8,9,88.889,CLEAN_HAZARD,25.000,1.943378,6.9823
"('SWEEPER', 'TANK', 'OFFENSIVE_ADV', 'SAFE', 'FULL', 'NORMAL', 'FASTER', 'MEC_USED', 'CLEAN', 'CLEAN', 'NEUTRAL', 'DEBUFF', 'SET', 'CLEAR', 'OPENING', 'BANCO_OFF')",20,6,7,85.714,CLEAN_HAZARD,30.000,1.669580,5.3099
"('TANK', 'TANK', 'NEUTRAL', 'FULL', 'FULL', 'NORMAL', 'SLOWER', 'MEC_USED', 'CLEAN', 'CLEAN', 'NEUTRAL', 'NEUTRAL', 'CLEAR', 'SET', 'OPENING', 'BANCO_OFF')",20,2,13,15.385,HEAL,85.000,0.422709,1.5261
"('SWEEPER', 'TANK', 'NEUTRAL', 'FULL', 'FULL', 'NORMAL', 'FASTER', 'MEC_USED', 'CLEAN', 'CLEAN', 'NEUTRAL', 'NEUTRAL', 'CLEAR', 'CLEAR', 'OPENING', 'BANCO_DEF')",20,7,9,77.778,SWITCH_DEFENSIVE,40.000,1.695743,5.4507
"('TANK', 'TANK', 'DEFENSIVE_ADV', 'FULL', 'FULL', 'NORMAL', 'SLOWER', 'MEC_USED', 'CLEAN', 'CLEAN', 'NEUTRAL', 'NEUTRAL', 'CLEAR', 'CLEAR', 'OPENING', 'BANCO_VAZIO')",20,7,12,58.333,HEAL,60.000,1.366159,3.9203
"('TANK', 'SWEEPER', 'OFFENSIVE_DIS', 'SAFE', 'DANGER', 'NORMAL', 'SLOWER', 'MEC_USED', 'CLEAN', 'CLEAN', 'NEUTRAL', 'NEUTRAL', 'CLEAR', 'CLEAR', 'OPENING', 'BANCO_OFF')",20,7,14,50.000,ATTACK_TECH,40.000,1.596804,4.9372
"('TANK', 'TANK', 'OFFENSIVE_ADV', 'SAFE', 'SAFE', 'FIELD_THEIRS', 'SLOWER', 'MEC_USED', 'CLEAN', 'CLEAN', 'NEUTRAL', 'NEUTRAL', 'CLEAR', 'CLEAR', 'OPENING', 'BANCO_OFF')",20,11,13,84.615,ATTACK_STRONG,15.000,2.293413,9.9087
"('TANK', 'TANK', 'OFFENSIVE_ADV', 'SAFE', 'SAFE', 'NORMAL', 'SLOWER', 'MEC_USED', 'CLEAN', 'CLEAN', 'NEUTRAL', 'NEUTRAL', 'SET', 'CLEAR', 'BRAWL', 'BANCO_OFF')",20,7,13,53.846,HEAL,40.000,1.678753,5.3589
"('TANK', 'TANK', 'OFFENSIVE_ADV', 'SAFE', 'FULL', 'FIELD_THEIRS', 'FASTER', 'MEC_AVAIL', 'CLEAN', 'CLEAN', 'NEUTRAL', 'NEUTRAL', 'CLEAR', 'CLEAR', 'OPENING', 'BANCO_OFF')",20,9,14,64.286,SWITCH_OFFENSIVE,30.000,2.016154,7.5094
"('TANK', 'UTILITY', 'OFFENSIVE_DIS', 'FULL', 'FULL', 'FIELD_OURS_DEF', 'FASTER', 'MEC_USED', 'CLEAN', 'CLEAN', 'NEUTRAL', 'NEUTRAL', 'CLEAR', 'CLEAR', 'OPENING', 'BANCO_OFF')",20,5,6,83.333,DISRUPTION,55.000,1.234839,3.4378
"('TANK', 'SWEEPER', 'VOLATILE', 'FULL', 'FULL', 'FIELD_OURS_OFF', 'SLOWER', 'MEC_USED', 'CLEAN', 'CLEAN', 'NEUTRAL', 'NEUTRAL', 'CLEAR', 'CLEAR', 'OPENING', 'BANCO_OFF')",20,5,7,71.429,CLEAN_HAZARD,50.000,1.376227,3.9599
"('TANK', 'TANK', 'DEFENSIVE_DIS', 'FULL', 'FULL', 'FIELD_THEIRS', 'FASTER', 'MEC_AVAIL', 'CLEAN', 'CLEAN', 'NEUTRAL', 'NEUTRAL', 'CLEAR', 'CLEAR', 'OPENING', 'BANCO_OFF')",20,9,12,75.000,ATTACK_STRONG_MEC,45.000,1.772875,5.8878
"('TANK', 'TANK', 'OFFENSIVE_ADV', 'FULL', 'FULL', 'FIELD_SHARED', 'FASTER', 'MEC_USED', 'CLEAN', 'CLEAN', 'NEUTRAL', 'NEUTRAL', 'SET', 'CLEAR', 'OPENING', 'BANCO_AMBOS')",20,10,11,90.909,ATTACK_TECH,25.000,2.038855,7.6818
"('TANK', 'TANK', 'NEUTRAL', 'DANGER', 'SAFE', 'NORMAL', 'FASTER', 'MEC_USED', 'CLEAN', 'CLEAN', 'NEUTRAL', 'NEUTRAL', 'CLEAR', 'CLEAR', 'RECOVERING', 'BANCO_VAZIO')",20,8,10,80.000,HEAL,50.000,1.567181,4.7931
"('TANK', 'TANK', 'OFFENSIVE_DIS', 'FULL', 'SAFE', 'NORMAL', 'SLOWER', 'MEC_USED', 'CLEAN', 'CLEAN', 'NEUTRAL', 'NEUTRAL', 'SET', 'CLEAR', 'OPENING', 'BANCO_OFF')",20,9,12,75.000,STATUS,35.000,1.898775,6.6777
"('TANK', 'TANK', 'NEUTRAL', 'FULL', 'FULL', 'NORMAL', 'FASTER', 'MEC_USED', 'CLEAN', 'CLEAN', 'NEUTRAL', 'NEUTRAL', 'CLEAR', 'CLEAR', 'CLUTCH', 'BANCO_VAZIO')",20,4,12,33.333,ATTACK_STRONG,50.000,1.012663,2.7529
"('TANK', 'TANK', 'DEFENSIVE_DIS', 'SAFE', 'FULL', 'NORMAL', 'FASTER', 'MEC_USED', 'CLEAN', 'CLEAN', 'NEUTRAL', 'NEUTRAL', 'CLEAR', 'CLEAR', 'BRAWL', 'BANCO_OFF')",20,14,14,100.000,SWITCH_OFFENSIVE,15.000,2.553682,12.8543
"('TANK', 'SWEEPER', 'NEUTRAL', 'FULL', 'SAFE', 'NORMAL', 'SLOWER', 'MEC_USED', 'CLEAN', 'CLEAN', 'NEUTRAL', 'NEUTRAL', 'CLEAR', 'CLEAR', 'OPENING', 'BANCO_OFF')",20,8,11,72.727,ATTACK_STRONG,55.000,1.538260,4.6565
"('TANK', 'TANK', 'NEUTRAL', 'FULL', 'FULL', 'FIELD_SHARED', 'FASTER', 'MEC_USED', 'CLEAN', 'CLEAN', 'NEUTRAL', 'NEUTRAL', 'SET', 'CLEAR', 'OPENING', 'BANCO_AMBOS')",20,9,11,81.818,HEAL,35.000,1.941928,6.9722
"('TANK', 'SWEEPER', 'DEFENSIVE_DIS', 'SAFE', 'FULL', 'NORMAL', 'SLOWER', 'MEC_USED', 'CLEAN', 'CLEAN', 'NEUTRAL', 'NEUTRAL', 'CLEAR', 'CLEAR', 'OPENING', 'BANCO_OFF')",20,8,11,72.727,HEAL,30.000,1.877524,6.5373
"('TANK', 'TANK', 'DEFENSIVE_ADV', 'FULL', 'FULL', 'NORMAL', 'FASTER', 'MEC_USED', 'CLEAN', 'CLEAN', 'NEUTRAL', 'NEUTRAL', 'CLEAR', 'CLEAR', 'OPENING', 'BANCO_VAZIO')",20,10,12,83.333,HAZARD,25.000,2.082007,8.0206
"('SWEEPER', 'TANK', 'OFFENSIVE_ADV', 'FULL', 'SAFE', 'FIELD_SHARED', 'FASTER', 'MEC_USED', 'CLEAN', 'CLEAN', 'NEUTRAL', 'DEBUFF', 'CLEAR', 'CLEAR', 'OPENING', 'BANCO_OFF')",20,7,7,100.000,ATTACK_PIVOT,25.000,1.792115,6.0021
"('TANK', 'TANK', 'OFFENSIVE_DIS', 'SAFE', 'FULL', 'FIELD_THEIRS', 'SLOWER', 'MEC_USED', 'CLEAN', 'CLEAN', 'NEUTRAL', 'NEUTRAL', 'CLEAR', 'CLEAR', 'OPENING', 'BANCO_OFF')",20,10,12,83.333,FIELD_CONTROL,30.000,2.085468,8.0484
"('TANK', 'TANK', 'OFFENSIVE_DIS', 'FULL', 'FULL', 'NORMAL', 'FASTER', 'MEC_USED', 'CLEAN', 'CLEAN', 'NEUTRAL', 'NEUTRAL', 'CLEAR', 'CLEAR', 'BRAWL', 'BANCO_OFF')",20,9,14,64.286,PROTECT,20.000,2.111631,8.2617
"('TANK', 'TANK', 'DEFENSIVE_ADV', 'SAFE', 'FULL', 'NORMAL', 'SLOWER', 'MEC_USED', 'CLEAN', 'CLEAN', 'NEUTRAL', 'NEUTRAL', 'CLEAR', 'CLEAR', 'OPENING', 'BANCO_OFF')",20,10,13,76.923,HAZARD,20.000,2.180946,8.8547
"('TANK', 'TANK', 'NEUTRAL', 'SAFE', 'FULL', 'FIELD_SHARED', 'FASTER', 'MEC_USED', 'CLEAN', 'CLEAN', 'NEUTRAL', 'NEUTRAL', 'CLEAR', 'CLEAR', 'OPENING', 'BANCO_VAZIO')",20,9,11,81.818,SWITCH_DEFENSIVE,20.000,2.085468,8.0484
"('TANK', 'TANK', 'NEUTRAL', 'FULL', 'SAFE', 'NORMAL', 'FASTER', 'MEC_USED', 'CLEAN', 'CLEAN', 'NEUTRAL', 'NEUTRAL', 'SET', 'CLEAR', 'OPENING', 'BANCO_VAZIO')",20,8,12,66.667,ATTACK_STRONG,20.000,1.973001,7.1922
"('TANK', 'TANK', 'DEFENSIVE_DIS', 'SAFE', 'FULL', 'NORMAL', 'SLOWER', 'MEC_USED', 'CLEAN', 'CLEAN', 'NEUTRAL', 'NEUTRAL', 'CLEAR', 'CLEAR', 'OPENING', 'BANCO_AMBOS')",20,12,14,85.714,ATTACK_TECH,25.000,2.316114,10.1362
"('TANK', 'TANK', 'OFFENSIVE_ADV', 'DANGER', 'FULL', 'NORMAL', 'FASTER', 'MEC_AVAIL', 'CLEAN', 'CLEAN', 'NEUTRAL', 'NEUTRAL', 'CLEAR', 'CLEAR', 'OPENING', 'BANCO_OFF')",20,10,14,71.429,ATTACK_STRONG,20.000,2.154783,8.6260
"('TANK', 'TANK', 'DEFENSIVE_DIS', 'FULL', 'FULL', 'NORMAL', 'SLOWER', 'MEC_USED', 'CLEAN', 'AFFLICTED', 'NEUTRAL', 'NEUTRAL', 'CLEAR', 'SET', 'CLUTCH', 'BANCO_VAZIO')",19,5,9,55.556,PROTECT,52.632,1.312659,3.7160
"('TANK', 'TANK', 'NEUTRAL', 'DANGER', 'SAFE', 'NORMAL', 'FASTER', 'MEC_USED', 'CLEAN', 'CLEAN', 'NEUTRAL', 'NEUTRAL', 'CLEAR', 'CLEAR', 'OPENING', 'BANCO_OFF')",19,10,12,83.333,HEAL,15.789,2.232694,9.3250
"('TANK', 'TANK', 'NEUTRAL', 'FULL', 'FULL', 'NORMAL', 'FASTER', 'MEC_USED', 'AFFLICTED', 'AFFLICTED', 'NEUTRAL', 'DEBUFF_DEBUFF', 'CLEAR', 'SET', 'CLUTCH', 'BANCO_VAZIO')",19,2,3,66.667,HAZARD,94.737,0.206192,1.2290
"('TANK', 'TANK', 'DEFENSIVE_DIS', 'FULL', 'SAFE', 'NORMAL', 'SLOWER', 'MEC_USED', 'CLEAN', 'AFFLICTED', 'NEUTRAL', 'NEUTRAL', 'SET', 'SET', 'CLUTCH', 'BANCO_VAZIO')",19,3,10,30.000,ATTACK_STRONG,89.474,0.409459,1.5060
"('TANK', 'TANK', 'OFFENSIVE_ADV', 'CRIT', 'SAFE', 'NORMAL', 'FASTER', 'MEC_USED', 'CLEAN', 'CLEAN', 'NEUTRAL', 'NEUTRAL', 'CLEAR', 'CLEAR', 'OPENING', 'BANCO_OFF')",19,7,8,87.500,ATTACK_STRONG,21.053,1.822457,6.1870
"('TANK', 'TANK', 'OFFENSIVE_ADV', 'DANGER', 'FULL', 'FIELD_SHARED', 'FASTER', 'MEC_USED', 'CLEAN', 'CLEAN', 'NEUTRAL', 'NEUTRAL', 'CLEAR', 'CLEAR', 'OPENING', 'BANCO_OFF')",19,7,11,63.636,ATTACK_PIVOT,36.842,1.716785,5.5666
"('TANK', 'TANK', 'NEUTRAL', 'SAFE', 'FULL', 'NORMAL', 'FASTER', 'MEC_USED', 'CLEAN', 'CLEAN', 'NEUTRAL', 'NEUTRAL', 'SET', 'CLEAR', 'BRAWL', 'BANCO_VAZIO')",19,9,13,69.231,SWITCH_OFFENSIVE,26.316,2.028047,7.5992
"('TANK', 'TANK', 'NEUTRAL', 'DANGER', 'FULL', 'NORMAL', 'FASTER', 'MEC_USED', 'CLEAN', 'CLEAN', 'NEUTRAL', 'NEUTRAL', 'CLEAR', 'CLEAR', 'OPENING', 'BANCO_VAZIO')",19,9,13,69.231,STATUS,26.316,2.055586,7.8114
"('TANK', 'TANK', 'NEUTRAL', 'FULL', 'FULL', 'NORMAL', 'FASTER', 'MEC_USED', 'AFFLICTED', 'CLEAN', 'NEUTRAL', 'NEUTRAL', 'CLEAR', 'CLEAR', 'OPENING', 'BANCO_AMBOS')",19,6,11,54.545,ATTACK_STRONG,31.579,1.666876,5.2956
"('UTILITY', 'TANK', 'VOLATILE', 'FULL', 'FULL', 'FIELD_THEIRS', 'FASTER', 'MEC_USED', 'CLEAN', 'CLEAN', 'NEUTRAL', 'NEUTRAL', 'CLEAR', 'CLEAR', 'OPENING', 'BANCO_OFF')",19,8,11,72.727,ATTACK_STRONG,36.842,1.835171,6.2662
"('TANK', 'TANK', 'NEUTRAL', 'SAFE', 'FULL', 'FIELD_SHARED', 'FASTER', 'MEC_AVAIL', 'CLEAN', 'CLEAN', 'NEUTRAL', 'NEUTRAL', 'CLEAR', 'CLEAR', 'OPENING', 'BANCO_AMBOS')",19,10,18,55.556,STATUS_MEC,26.316,2.128549,8.4027
"('TANK', 'TANK', 'NEUTRAL', 'DANGER', 'FULL', 'NORMAL', 'SLOWER', 'MEC_USED', 'CLEAN', 'CLEAN', 'NEUTRAL', 'NEUTRAL', 'SET', 'CLEAR', 'RECOVERING', 'BANCO_VAZIO')",19,10,14,71.429,ATTACK_STRONG,15.789,2.177616,8.8252
"('SWEEPER', 'TANK', 'DOMINANT', 'FULL', 'FULL', 'NORMAL', 'FASTER', 'MEC_USED', 'CLEAN', 'CLEAN', 'NEUTRAL', 'NEUTRAL', 'CLEAR', 'CLEAR', 'OPENING', 'BANCO_OFF')",19,9,9,100.000,SWITCH_DEFENSIVE,26.316,1.982623,7.2618
"('TANK', 'UTILITY', 'OFFENSIVE_ADV', 'FULL', 'FULL', 'FIELD_SHARED', 'SLOWER', 'MEC_USED', 'CLEAN', 'CLEAN', 'NEUTRAL', 'NEUTRAL', 'CLEAR', 'CLEAR', 'OPENING', 'BANCO_OFF')",19,7,12,58.333,BUFF,31.579,1.785262,5.9611
"('TANK', 'TANK', 'NEUTRAL', 'FULL', 'SAFE', 'NORMAL', 'SLOWER', 'MEC_USED', 'CLEAN', 'CLEAN', 'NEUTRAL', 'NEUTRAL', 'SET', 'CLEAR', 'RECOVERING', 'BANCO_VAZIO')",19,10,12,83.333,ATTACK_TECH,15.789,2.205155,9.0717
"('TANK', 'TANK', 'NEUTRAL', 'CRIT', 'FULL', 'NORMAL', 'FASTER', 'MEC_USED', 'CLEAN', 'CLEAN', 'NEUTRAL', 'NEUTRAL', 'CLEAR', 'CLEAR', 'RECOVERING', 'BANCO_VAZIO')",19,8,10,80.000,ATTACK_STRONG,15.789,2.004151,7.4198
"('TANK', 'TANK', 'DEFENSIVE_DIS', 'FULL', 'SAFE', 'FIELD_OURS_DEF', 'FASTER', 'MEC_USED', 'CLEAN', 'CLEAN', 'NEUTRAL', 'NEUTRAL', 'CLEAR', 'CLEAR', 'OPENING', 'BANCO_AMBOS')",19,3,4,75.000,SWITCH_DEFENSIVE,68.421,0.842543,2.3223
"('TANK', 'TANK', 'OFFENSIVE_ADV', 'FULL', 'FULL', 'NORMAL', 'FASTER', 'MEC_USED', 'AFFLICTED', 'CLEAN', 'NEUTRAL', 'NEUTRAL', 'CLEAR', 'CLEAR', 'OPENING', 'BANCO_AMBOS')",19,3,8,37.500,SWITCH_DEFENSIVE,57.895,0.839270,2.3147
"('SWEEPER', 'TANK', 'DOMINANT', 'SAFE', 'FULL', 'NORMAL', 'FASTER', 'MEC_USED', 'CLEAN', 'CLEAN', 'NEUTRAL', 'NEUTRAL', 'CLEAR', 'CLEAR', 'OPENING', 'BANCO_AMBOS')",19,6,9,66.667,ATTACK_STRONG,42.105,1.430103,4.1791
"('TANK', 'TANK', 'NEUTRAL', 'FULL', 'SAFE', 'FIELD_THEIRS', 'SLOWER', 'MEC_USED', 'CLEAN', 'CLEAN', 'NEUTRAL', 'NEUTRAL', 'CLEAR', 'CLEAR', 'OPENING', 'BANCO_OFF')",19,10,11,90.909,CLEAN_HAZARD,26.316,2.156088,8.6373
"('TANK', 'TANK', 'CRITICAL_DIS', 'FULL', 'FULL', 'FIELD_OURS_OFF', 'FASTER', 'MEC_USED', 'CLEAN', 'CLEAN', 'NEUTRAL', 'NEUTRAL', 'CLEAR', 'CLEAR', 'OPENING', 'BANCO_OFF')",19,7,11,63.636,SWITCH_DEFENSIVE,36.842,1.630523,5.1065
"('TANK', 'TANK', 'NEUTRAL', 'FULL', 'FULL', 'FIELD_OURS_OFF', 'SLOWER', 'MEC_USED', 'CLEAN', 'CLEAN', 'NEUTRAL', 'NEUTRAL', 'CLEAR', 'CLEAR', 'OPENING', 'BANCO_VAZIO')",19,6,9,66.667,ATTACK_TECH,68.421,1.116511,3.0542
"('TANK', 'TANK', 'OFFENSIVE_ADV', 'FULL', 'SAFE', 'FIELD_THEIRS', 'FASTER', 'MEC_AVAIL', 'CLEAN', 'CLEAN', 'NEUTRAL', 'NEUTRAL', 'CLEAR', 'CLEAR', 'OPENING', 'BANCO_OFF')",19,10,12,83.333,HEAL_MEC,36.842,2.008636,7.4531
"('TANK', 'TANK', 'NEUTRAL', 'DANGER', 'DANGER', 'NORMAL', 'FASTER', 'MEC_USED', 'CLEAN', 'CLEAN', 'NEUTRAL', 'NEUTRAL', 'CLEAR', 'CLEAR', 'OPENING', 'BANCO_OFF')",19,9,12,75.000,HEAL,26.316,2.010163,7.4645
"('TANK', 'TANK', 'DEFENSIVE_DIS', 'SAFE', 'SAFE', 'NORMAL', 'FASTER', 'MEC_USED', 'CLEAN', 'CLEAN', 'NEUTRAL', 'NEUTRAL', 'SET', 'CLEAR', 'OPENING', 'BANCO_OFF')",19,7,10,70.000,HEAL,26.316,1.763735,5.8342
"('UTILITY', 'TANK', 'CRITICAL_DIS', 'FULL', 'FULL', 'NORMAL', 'SLOWER', 'MEC_USED', 'CLEAN', 'CLEAN', 'NEUTRAL', 'NEUTRAL', 'CLEAR', 'CLEAR', 'OPENING', 'BANCO_AMBOS')",19,6,8,75.000,FIELD_CONTROL,31.579,1.666876,5.2956
"('TANK', 'TANK', 'CRITICAL_DIS', 'FULL', 'FULL', 'NORMAL', 'SLOWER', 'MEC_USED', 'CLEAN', 'CLEAN', 'NEUTRAL', 'NEUTRAL', 'SET', 'CLEAR', 'OPENING', 'BANCO_AMBOS')",19,8,12,66.667,SWITCH_OFFENSIVE,31.579,1.809158,6.1053
"('TANK', 'TANK', 'DEFENSIVE_DIS', 'SAFE', 'FULL', 'FIELD_OURS_OFF', 'SLOWER', 'MEC_USED', 'CLEAN', 'CLEAN', 'NEUTRAL', 'NEUTRAL', 'CLEAR', 'CLEAR', 'OPENING', 'BANCO_OFF')",19,7,8,87.500,CLEAN_HAZARD,36.842,1.689245,5.4154
"('TANK', 'TANK', 'OFFENSIVE_ADV', 'FULL', 'DANGER', 'FIELD_THEIRS', 'FASTER', 'MEC_USED', 'CLEAN', 'CLEAN', 'NEUTRAL', 'NEUTRAL', 'CLEAR', 'CLEAR', 'OPENING', 'BANCO_OFF')",19,6,9,66.667,ATTACK_STRONG,52.632,1.440701,4.2237
"('SWEEPER', 'TANK', 'OFFENSIVE_ADV', 'SAFE', 'SAFE', 'NORMAL', 'FASTER', 'MEC_USED', 'CLEAN', 'CLEAN', 'NEUTRAL', 'NEUTRAL', 'SET', 'CLEAR', 'OPENING', 'BANCO_OFF')",19,8,8,100.000,ATTACK_STRONG,31.579,1.885764,6.5914
"('TANK', 'TANK', 'DEFENSIVE_DIS', 'DANGER', 'DANGER', 'FIELD_SHARED', 'FASTER', 'MEC_USED', 'CLEAN', 'CLEAN', 'NEUTRAL', 'NEUTRAL', 'CLEAR', 'CLEAR', 'OPENING', 'BANCO_OFF')",19,4,5,80.000,HAZARD,57.895,0.990365,2.6922
"('TANK', 'SWEEPER', 'CRITICAL_DIS', 'FULL', 'SAFE', 'FIELD_THEIRS', 'SLOWER', 'MEC_USED', 'CLEAN', 'CLEAN', 'NEUTRAL', 'NEUTRAL', 'CLEAR', 'CLEAR', 'OPENING', 'BANCO_AMBOS')",19,9,9,100.000,HEAL,31.579,1.882121,6.5674
"('SWEEPER', 'SWEEPER', 'OFFENSIVE_ADV', 'FULL', 'FULL', 'FIELD_THEIRS', 'FASTER', 'MEC_USED', 'CLEAN', 'CLEAN', 'NEUTRAL', 'DEBUFF', 'CLEAR', 'CLEAR', 'OPENING', 'BANCO_AMBOS')",19,2,5,40.000,ATTACK_STRONG,89.474,0.336496,1.4000
"('TANK', 'TANK', 'NEUTRAL', 'FULL', 'FULL', 'NORMAL', 'FASTER', 'MEC_USED', 'CLEAN', 'CLEAN', 'NEUTRAL', 'DEBUFF', 'CLEAR', 'SET', 'RECOVERING', 'BANCO_VAZIO')",19,1,2,50.000,HAZARD,100.000,-0.000000,1.0000
"('TANK', 'TANK', 'NEUTRAL', 'SAFE', 'FULL', 'NORMAL', 'FASTER', 'MEC_USED', 'CLEAN', 'CLEAN', 'NEUTRAL', 'NEUTRAL', 'CLEAR', 'CLEAR', 'BRAWL', 'BANCO_AMBOS')",19,6,10,60.000,HEAL,68.421,1.116511,3.0542
"('TANK', 'TANK', 'NEUTRAL', 'FULL', 'CRIT', 'NORMAL', 'FASTER', 'MEC_USED', 'AFFLICTED', 'CLEAN', 'NEUTRAL', 'NEUTRAL', 'CLEAR', 'CLEAR', 'CLUTCH', 'BANCO_VAZIO')",18,2,7,28.571,CLEAN_HAZARD,88.889,0.348832,1.4174
"('TANK', 'TANK', 'NEUTRAL', 'FULL', 'FULL', 'NORMAL', 'SLOWER', 'MEC_USED', 'AFFLICTED', 'CLEAN', 'DEBUFF', 'BUFFED', 'SET', 'SET', 'CLUTCH', 'BANCO_VAZIO')",18,2,8,25.000,HAZARD,66.667,0.636514,1.8899
"('TANK', 'TANK', 'DEFENSIVE_ADV', 'FULL', 'FULL', 'NORMAL', 'SLOWER', 'MEC_USED', 'CLEAN', 'AFFLICTED', 'NEUTRAL', 'DEBUFF', 'CLEAR', 'CLEAR', 'RECOVERING', 'BANCO_VAZIO')",18,4,4,100.000,HEAL,61.111,0.977925,2.6589
"('TANK', 'TANK', 'NEUTRAL', 'DANGER', 'FULL', 'NORMAL', 'FASTER', 'MEC_USED', 'CLEAN', 'CLEAN', 'NEUTRAL', 'NEUTRAL', 'CLEAR', 'CLEAR', 'BRAWL', 'BANCO_OFF')",18,8,13,61.538,ATTACK_TECH,27.778,1.904191,6.7140
"('TANK', 'SWEEPER', 'OFFENSIVE_ADV', 'FULL', 'FULL', 'NORMAL', 'SLOWER', 'MEC_USED', 'CLEAN', 'CLEAN', 'DEBUFF', 'NEUTRAL', 'CLEAR', 'CLEAR', 'OPENING', 'BANCO_OFF')",18,9,10,90.000,STAT_CLEAN,22.222,2.062070,7.8622
"('TANK', 'TANK', 'OFFENSIVE_ADV', 'FULL', 'SAFE', 'NORMAL', 'FASTER', 'MEC_USED', 'CLEAN', 'CLEAN', 'NEUTRAL', 'NEUTRAL', 'CLEAR', 'CLEAR', 'OPENING', 'BANCO_VAZIO')",18,8,9,88.889,SWITCH_DEFENSIVE,27.778,1.875122,6.5216
"('TANK', 'TANK', 'NEUTRAL', 'DANGER', 'SAFE', 'NORMAL', 'FASTER', 'MEC_USED', 'CLEAN', 'CLEAN', 'NEUTRAL', 'NEUTRAL', 'CLEAR', 'CLEAR', 'OPENING', 'BANCO_VAZIO')",18,9,12,75.000,STATUS,22.222,2.062070,7.8622
"('TANK', 'TANK', 'VOLATILE', 'FULL', 'FULL', 'FIELD_SHARED', 'FASTER', 'MEC_AVAIL', 'CLEAN', 'CLEAN', 'NEUTRAL', 'NEUTRAL', 'CLEAR', 'CLEAR', 'OPENING', 'BANCO_AMBOS')",18,6,14,42.857,ATTACK_STRONG_MEC,55.556,1.303092,3.6807
"('SWEEPER', 'TANK', 'OFFENSIVE_ADV', 'FULL', 'DANGER', 'NORMAL', 'FASTER', 'MEC_USED', 'CLEAN', 'CLEAN', 'NEUTRAL', 'DEBUFF', 'CLEAR', 'CLEAR', 'OPENING', 'BANCO_OFF')",18,7,9,77.778,SWITCH_DEFENSIVE,44.444,1.629041,5.0990
"('TANK', 'TANK', 'OFFENSIVE_DIS', 'DANGER', 'SAFE', 'NORMAL', 'FASTER', 'MEC_USED', 'CLEAN', 'CLEAN', 'NEUTRAL', 'NEUTRAL', 'CLEAR', 'CLEAR', 'OPENING', 'BANCO_OFF')",18,8,11,72.727,HEAL,27.778,1.894000,6.6459
"('TANK', 'UTILITY', 'VOLATILE', 'FULL', 'FULL', 'NORMAL', 'SLOWER', 'MEC_USED', 'CLEAN', 'CLEAN', 'NEUTRAL', 'NEUTRAL', 'CLEAR', 'CLEAR', 'OPENING', 'BANCO_OFF')",18,8,13,61.538,SWITCH_DEFENSIVE,44.444,1.735126,5.6696
"('TANK', 'TANK', 'VOLATILE', 'CRIT', 'DANGER', 'NORMAL', 'FASTER', 'MEC_USED', 'CLEAN', 'CLEAN', 'NEUTRAL', 'NEUTRAL', 'CLEAR', 'CLEAR', 'OPENING', 'BANCO_OFF')",18,7,9,77.778,SWITCH_DEFENSIVE,38.889,1.719478,5.5816
"('UTILITY', 'SWEEPER', 'NEUTRAL', 'FULL', 'FULL', 'FIELD_THEIRS', 'SLOWER', 'MEC_USED', 'CLEAN', 'CLEAN', 'NEUTRAL', 'NEUTRAL', 'CLEAR', 'CLEAR', 'OPENING', 'BANCO_OFF')",18,6,8,75.000,HEAL,33.333,1.647918,5.1962
"('TANK', 'TANK', 'OFFENSIVE_DIS', 'FULL', 'FULL', 'NORMAL', 'FASTER', 'MEC_USED', 'CLEAN', 'CLEAN', 'NEUTRAL', 'NEUTRAL', 'SET', 'CLEAR', 'BRAWL', 'BANCO_OFF')",18,9,11,81.818,ATTACK_TECH,16.667,2.080947,8.0121
"('SWEEPER', 'TANK', 'OFFENSIVE_ADV', 'FULL', 'FULL', 'FIELD_OURS_OFF', 'FASTER', 'MEC_AVAIL', 'CLEAN', 'CLEAN', 'NEUTRAL', 'NEUTRAL', 'CLEAR', 'CLEAR', 'OPENING', 'BANCO_OFF')",18,8,14,57.143,ATTACK_STRONG_MEC,55.556,1.534141,4.6373
"('TANK', 'TANK', 'STALEMATE', 'SAFE', 'FULL', 'NORMAL', 'SLOWER', 'MEC_USED', 'CLEAN', 'CLEAN', 'NEUTRAL', 'NEUTRAL', 'CLEAR', 'CLEAR', 'OPENING', 'BANCO_OFF')",18,8,11,72.727,HEAL,27.778,1.952138,7.0437
"('TANK', 'SWEEPER', 'OFFENSIVE_DIS', 'FULL', 'FULL', 'FIELD_THEIRS', 'SLOWER', 'MEC_USED', 'CLEAN', 'CLEAN', 'NEUTRAL', 'NEUTRAL', 'CLEAR', 'CLEAR', 'OPENING', 'BANCO_AMBOS')",18,8,10,80.000,STATUS,22.222,1.985053,7.2794
"('TANK', 'UTILITY', 'DOMINANT', 'FULL', 'FULL', 'FIELD_SHARED', 'SLOWER', 'MEC_USED', 'CLEAN', 'CLEAN', 'NEUTRAL', 'NEUTRAL', 'CLEAR', 'CLEAR', 'OPENING', 'BANCO_OFF')",18,11,11,100.000,HEAL,22.222,2.245172,9.4420
"('SWEEPER', 'TANK', 'DOMINANT', 'FULL', 'FULL', 'NORMAL', 'FASTER', 'MEC_AVAIL', 'CLEAN', 'CLEAN', 'NEUTRAL', 'NEUTRAL', 'CLEAR', 'CLEAR', 'OPENING', 'BANCO_OFF')",18,8,12,66.667,ATTACK_PIVOT,50.000,1.637727,5.1435
"('TANK', 'TANK', 'DOMINANT', 'FULL', 'FULL', 'NORMAL', 'SLOWER', 'MEC_USED', 'CLEAN', 'CLEAN', 'NEUTRAL', 'NEUTRAL', 'SET', 'CLEAR', 'OPENING', 'BANCO_AMBOS')",18,10,14,71.429,CLEAN_HAZARD,27.778,2.106171,8.2167
"('TANK', 'TANK', 'VOLATILE', 'SAFE', 'FULL', 'FIELD_SHARED', 'FASTER', 'MEC_USED', 'CLEAN', 'CLEAN', 'NEUTRAL', 'NEUTRAL', 'CLEAR', 'CLEAR', 'OPENING', 'BANCO_AMBOS')",18,5,8,62.500,ATTACK_TECH,55.556,1.164092,3.2030
"('TANK', 'TANK', 'NEUTRAL', 'FULL', 'FULL', 'NORMAL', 'FASTER', 'MEC_USED', 'CLEAN', 'CLEAN', 'NEUTRAL', 'NEUTRAL', 'SET', 'SET', 'BRAWL', 'BANCO_OFF')",18,5,13,38.462,ATTACK_STRONG,61.111,1.164873,3.2055
"('TANK', 'TANK', 'NEUTRAL', 'FULL', 'FULL', 'FIELD_OURS_OFF', 'FASTER', 'MEC_USED', 'CLEAN', 'CLEAN', 'NEUTRAL', 'NEUTRAL', 'CLEAR', 'CLEAR', 'OPENING', 'BANCO_VAZIO')",18,9,13,69.231,ATTACK_STRONG,27.778,2.029155,7.6077
"('TANK', 'TANK', 'VOLATILE', 'FULL', 'FULL', 'NORMAL', 'FASTER', 'MEC_USED', 'CLEAN', 'CLEAN', 'NEUTRAL', 'NEUTRAL', 'CLEAR', 'CLEAR', 'BRAWL', 'BANCO_OFF')",18,8,11,72.727,ATTACK_STRONG,27.778,1.923069,6.8419
"('SWEEPER', 'UTILITY', 'OFFENSIVE_ADV', 'FULL', 'FULL', 'FIELD_OURS_OFF', 'FASTER', 'MEC_USED', 'CLEAN', 'CLEAN', 'NEUTRAL', 'NEUTRAL', 'CLEAR', 'CLEAR', 'OPENING', 'BANCO_AMBOS')",18,7,9,77.778,HEAL,27.778,1.736121,5.6753
"('TANK', 'UTILITY', 'DEFENSIVE_DIS', 'FULL', 'FULL', 'NORMAL', 'FASTER', 'MEC_USED', 'CLEAN', 'CLEAN', 'NEUTRAL', 'NEUTRAL', 'CLEAR', 'CLEAR', 'OPENING', 'BANCO_OFF')",18,5,8,62.500,ATTACK_STRONG,55.556,1.164092,3.2030
"('SWEEPER', 'SWEEPER', 'OFFENSIVE_ADV', 'FULL', 'FULL', 'FIELD_THEIRS', 'FASTER', 'MEC_USED', 'CLEAN', 'CLEAN', 'NEUTRAL', 'DEBUFF', 'CLEAR', 'CLEAR', 'OPENING', 'BANCO_OFF')",18,6,6,100.000,ATTACK_STRONG,50.000,1.454625,4.2829
"('TANK', 'TANK', 'NEUTRAL', 'SAFE', 'SAFE', 'NORMAL', 'SLOWER', 'MEC_USED', 'CLEAN', 'CLEAN', 'NEUTRAL', 'NEUTRAL', 'SET', 'CLEAR', 'BRAWL', 'BANCO_VAZIO')",18,9,13,69.231,STATUS,27.778,2.029155,7.6077
"('TANK', 'TANK', 'NEUTRAL', 'FULL', 'FULL', 'NORMAL', 'FASTER', 'MEC_USED', 'AFFLICTED', 'CLEAN', 'NEUTRAL', 'NEUTRAL', 'SET', 'CLEAR', 'RECOVERING', 'BANCO_VAZIO')",18,5,8,62.500,CLEAN_HAZARD,61.111,1.164873,3.2055
"('TANK', 'TANK', 'NEUTRAL', 'DANGER', 'FULL', 'FIELD_SHARED', 'FASTER', 'MEC_USED', 'CLEAN', 'CLEAN', 'NEUTRAL', 'NEUTRAL', 'CLEAR', 'CLEAR', 'OPENING', 'BANCO_OFF')",18,8,10,80.000,ATTACK_STRONG,16.667,2.003931,7.4182
"('TANK', 'TANK', 'NEUTRAL', 'SAFE', 'SAFE', 'NORMAL', 'FASTER', 'MEC_USED', 'AFFLICTED', 'CLEAN', 'NEUTRAL', 'NEUTRAL', 'CLEAR', 'CLEAR', 'OPENING', 'BANCO_OFF')",18,7,11,63.636,HEAL,38.889,1.536376,4.6477
"('TANK', 'TANK', 'OFFENSIVE_ADV', 'FULL', 'FULL', 'FIELD_SHARED', 'SLOWER', 'MEC_AVAIL', 'CLEAN', 'CLEAN', 'NEUTRAL', 'NEUTRAL', 'CLEAR', 'CLEAR', 'OPENING', 'BANCO_OFF')",18,4,16,25.000,ATTACK_STRONG,55.556,1.013905,2.7563
"('TANK', 'TANK', 'VOLATILE', 'SAFE', 'FULL', 'FIELD_SHARED', 'FASTER', 'MEC_USED', 'CLEAN', 'CLEAN', 'NEUTRAL', 'NEUTRAL', 'CLEAR', 'CLEAR', 'OPENING', 'BANCO_OFF')",18,10,12,83.333,ATTACK_STRONG,16.667,2.187033,8.9087
"('TANK', 'TANK', 'NEUTRAL', 'SAFE', 'SAFE', 'FIELD_SHARED', 'FASTER', 'MEC_USED', 'CLEAN', 'CLEAN', 'NEUTRAL', 'NEUTRAL', 'CLEAR', 'CLEAR', 'OPENING', 'BANCO_VAZIO')",18,9,11,81.818,HEAL,22.222,2.091139,8.0941
"('SWEEPER', 'TANK', 'VOLATILE', 'FULL', 'FULL', 'FIELD_OURS_OFF', 'FASTER', 'MEC_USED', 'CLEAN', 'CLEAN', 'NEUTRAL', 'NEUTRAL', 'CLEAR', 'CLEAR', 'OPENING', 'BANCO_OFF')",18,6,7,85.714,ATTACK_PIVOT,50.000,1.454625,4.2829
"('TANK', 'TANK', 'OFFENSIVE_DIS', 'FULL', 'FULL', 'NORMAL', 'SLOWER', 'MEC_USED', 'CLEAN', 'CLEAN', 'NEUTRAL', 'NEUTRAL', 'CLEAR', 'SET', 'CLUTCH', 'BANCO_VAZIO')",17,4,8,50.000,HEAL,47.059,1.202279,3.3277
"('TANK', 'TANK', 'DEFENSIVE_DIS', 'FULL', 'SAFE', 'NORMAL', 'FASTER', 'MEC_USED', 'CLEAN', 'CLEAN', 'NEUTRAL', 'NEUTRAL', 'CLEAR', 'SET', 'CLUTCH', 'BANCO_VAZIO')",17,6,11,54.545,PROTECT,41.176,1.562664,4.7715
"('TANK', 'TANK', 'OFFENSIVE_ADV', 'SAFE', 'FULL', 'NORMAL', 'SLOWER', 'MEC_USED', 'CLEAN', 'CLEAN', 'NEUTRAL', 'NEUTRAL', 'CLEAR', 'SET', 'RECOVERING', 'BANCO_VAZIO')",17,8,12,66.667,HEAL,23.529,1.986967,7.2934
"('TANK', 'TANK', 'STALEMATE', 'FULL', 'FULL', 'NORMAL', 'SLOWER', 'MEC_USED', 'CLEAN', 'CLEAN', 'NEUTRAL', 'NEUTRAL', 'SET', 'CLEAR', 'OPENING', 'BANCO_AMBOS')",17,8,13,61.538,ATTACK_TECH,23.529,1.956187,7.0723
"('TANK', 'TANK', 'DEFENSIVE_DIS', 'DANGER', 'SAFE', 'NORMAL', 'FASTER', 'MEC_USED', 'CLEAN', 'CLEAN', 'NEUTRAL', 'NEUTRAL', 'CLEAR', 'CLEAR', 'RECOVERING', 'BANCO_VAZIO')",17,7,11,63.636,HEAL,47.059,1.528466,4.6111
"('TANK', 'SWEEPER', 'OFFENSIVE_ADV', 'FULL', 'FULL', 'FIELD_OURS_OFF', 'SLOWER', 'MEC_USED', 'CLEAN', 'CLEAN', 'NEUTRAL', 'NEUTRAL', 'CLEAR', 'CLEAR', 'OPENING', 'BANCO_AMBOS')",17,4,7,57.143,ATTACK_STRONG,64.706,1.036994,2.8207
"('TANK', 'TANK', 'NEUTRAL', 'SAFE', 'CRIT', 'NORMAL', 'SLOWER', 'MEC_USED', 'CLEAN', 'CLEAN', 'NEUTRAL', 'NEUTRAL', 'CLEAR', 'CLEAR', 'OPENING', 'BANCO_VAZIO')",17,10,13,76.923,ATTACK_PIVOT,29.412,2.115209,8.2913
"('SWEEPER', 'TANK', 'NEUTRAL', 'FULL', 'FULL', 'NORMAL', 'FASTER', 'MEC_AVAIL', 'CLEAN', 'CLEAN', 'NEUTRAL', 'NEUTRAL', 'CLEAR', 'CLEAR', 'OPENING', 'BANCO_AMBOS')",17,10,12,83.333,SWITCH_OFFENSIVE,29.412,2.115209,8.2913
"('TANK', 'TANK', 'NEUTRAL', 'FULL', 'FULL', 'NORMAL', 'SLOWER', 'MEC_USED', 'CLEAN', 'CLEAN', 'NEUTRAL', 'NEUTRAL', 'SET', 'SET', 'RECOVERING', 'BANCO_VAZIO')",17,5,11,45.455,ATTACK_STRONG,58.824,1.234111,3.4353
"('TANK', 'TANK', 'NEUTRAL', 'FULL', 'FULL', 'NORMAL', 'SLOWER', 'MEC_USED', 'CLEAN', 'CLEAN', 'NEUTRAL', 'NEUTRAL', 'CLEAR', 'CLEAR', 'BRAWL', 'BANCO_AMBOS')",17,8,14,57.143,ATTACK_TECH,29.412,1.921336,6.8301
"('SWEEPER', 'TANK', 'VOLATILE', 'FULL', 'FULL', 'FIELD_THEIRS', 'FASTER', 'MEC_USED', 'CLEAN', 'CLEAN', 'NEUTRAL', 'DEBUFF', 'CLEAR', 'CLEAR', 'OPENING', 'BANCO_AMBOS')",17,5,6,83.333,ATTACK_PIVOT,29.412,1.498740,4.4760
"('TANK', 'TANK', 'NEUTRAL', 'SAFE', 'SAFE', 'FIELD_THEIRS', 'SLOWER', 'MEC_USED', 'CLEAN', 'CLEAN', 'NEUTRAL', 'NEUTRAL', 'CLEAR', 'CLEAR', 'OPENING', 'BANCO_OFF')",17,7,13,53.846,STATUS,41.176,1.674990,5.3387
"('TANK', 'TANK', 'NEUTRAL', 'SAFE', 'SAFE', 'NORMAL', 'SLOWER', 'MEC_USED', 'CLEAN', 'CLEAN', 'NEUTRAL', 'NEUTRAL', 'SET', 'SET', 'CLUTCH', 'BANCO_VAZIO')",17,7,11,63.636,STATUS,52.941,1.476104,4.3759
"('SWEEPER', 'TANK', 'OFFENSIVE_ADV', 'SAFE', 'FULL', 'FIELD_SHARED', 'FASTER', 'MEC_USED', 'CLEAN', 'CLEAN', 'NEUTRAL', 'NEUTRAL', 'CLEAR', 'CLEAR', 'OPENING', 'BANCO_OFF')",17,7,8,87.500,ATTACK_STRONG,23.529,1.823873,6.1958
"('TANK', 'TANK', 'NEUTRAL', 'FULL', 'FULL', 'NORMAL', 'SLOWER', 'MEC_USED', 'CLEAN', 'CLEAN', 'NEUTRAL', 'NEUTRAL', 'SET', 'CLEAR', 'RECOVERING', 'BANCO_VAZIO')",17,7,12,58.333,STATUS,29.412,1.809010,6.1044
"('TANK', 'UTILITY', 'OFFENSIVE_ADV', 'FULL', 'SAFE', 'NORMAL', 'SLOWER', 'MEC_USED', 'CLEAN', 'CLEAN', 'NEUTRAL', 'NEUTRAL', 'CLEAR', 'CLEAR', 'OPENING', 'BANCO_OFF')",17,11,13,84.615,HEAL,17.647,2.282374,9.7999
"('TANK', 'TANK', 'STALEMATE', 'FULL', 'FULL', 'NORMAL', 'FASTER', 'MEC_USED', 'CLEAN', 'CLEAN', 'NEUTRAL', 'NEUTRAL', 'CLEAR', 'CLEAR', 'OPENING', 'BANCO_AMBOS')",17,9,11,81.818,ATTACK_PIVOT,23.529,2.099293,8.1604
"('TANK', 'TANK', 'OFFENSIVE_DIS', 'FULL', 'FULL', 'NORMAL', 'FASTER', 'MEC_USED', 'AFFLICTED', 'AFFLICTED', 'NEUTRAL', 'NEUTRAL', 'SET', 'CLEAR', 'RECOVERING', 'BANCO_VAZIO')",17,4,4,100.000,STATUS,64.706,1.006215,2.7352
"('TANK', 'UTILITY', 'STALEMATE', 'FULL', 'FULL', 'NORMAL', 'SLOWER', 'MEC_USED', 'CLEAN', 'CLEAN', 'NEUTRAL', 'NEUTRAL', 'CLEAR', 'CLEAR', 'OPENING', 'BANCO_OFF')",17,8,12,66.667,CLEAN_HAZARD,23.529,1.905420,6.7222
"('TANK', 'TANK', 'DOMINANT', 'SAFE', 'FULL', 'NORMAL', 'FASTER', 'MEC_USED', 'CLEAN', 'CLEAN', 'NEUTRAL', 'NEUTRAL', 'SET', 'CLEAR', 'OPENING', 'BANCO_OFF')",17,8,11,72.727,SWITCH_OFFENSIVE,23.529,1.986967,7.2934
"('TANK', 'TANK', 'DEFENSIVE_ADV', 'FULL', 'FULL', 'FIELD_OURS_DEF', 'FASTER', 'MEC_USED', 'CLEAN', 'CLEAN', 'NEUTRAL', 'NEUTRAL', 'CLEAR', 'CLEAR', 'OPENING', 'BANCO_AMBOS')",17,3,3,100.000,ATTACK_STRONG,64.706,0.873900,2.3962
"('SWEEPER', 'TANK', 'OFFENSIVE_ADV', 'DANGER', 'FULL', 'NORMAL', 'FASTER', 'MEC_USED', 'CLEAN', 'CLEAN', 'NEUTRAL', 'NEUTRAL', 'CLEAR', 'CLEAR', 'OPENING', 'BANCO_OFF')",17,9,9,100.000,SWITCH_OFFENSIVE,35.294,1.925408,6.8579
"('TANK', 'TANK', 'VOLATILE', 'SAFE', 'FULL', 'NORMAL', 'FASTER', 'MEC_USED', 'CLEAN', 'CLEAN', 'NEUTRAL', 'NEUTRAL', 'SET', 'CLEAR', 'OPENING', 'BANCO_OFF')",17,9,12,75.000,SWITCH_DEFENSIVE,35.294,1.956187,7.0723
"('TANK', 'UTILITY', 'STALEMATE', 'FULL', 'FULL', 'NORMAL', 'SLOWER', 'MEC_USED', 'CLEAN', 'CLEAN', 'NEUTRAL', 'NEUTRAL', 'CLEAR', 'CLEAR', 'OPENING', 'BANCO_AMBOS')",17,8,9,88.889,ATTACK_STRONG,17.647,2.006955,7.4406
"('TANK', 'TANK', 'NEUTRAL', 'FULL', 'FULL', 'NORMAL', 'FASTER', 'MEC_USED', 'CLEAN', 'CLEAN', 'NEUTRAL', 'NEUTRAL', 'CLEAR', 'CLEAR', 'BRAWL', 'BANCO_AMBOS')",17,10,12,83.333,STATUS,23.529,2.119281,8.3251
"('UTILITY', 'TANK', 'DOMINANT', 'SAFE', 'FULL', 'NORMAL', 'FASTER', 'MEC_USED', 'CLEAN', 'CLEAN', 'NEUTRAL', 'NEUTRAL', 'CLEAR', 'CLEAR', 'OPENING', 'BANCO_OFF')",17,1,8,12.500,ATTACK_STRONG,100.000,-0.000000,1.0000
"('TANK', 'TANK', 'NEUTRAL', 'FULL', 'FULL', 'NORMAL', 'SLOWER', 'MEC_USED', 'CLEAN', 'CLEAN', 'NEUTRAL', 'NEUTRAL', 'SET', 'SET', 'OPENING', 'BANCO_AMBOS')",17,6,11,54.545,STAT_CLEAN,35.294,1.630001,5.1039
"('TANK', 'TANK', 'OFFENSIVE_ADV', 'DANGER', 'FULL', 'NORMAL', 'SLOWER', 'MEC_USED', 'CLEAN', 'CLEAN', 'NEUTRAL', 'NEUTRAL', 'CLEAR', 'CLEAR', 'OPENING', 'BANCO_OFF')",17,8,10,80.000,HEAL,23.529,1.956187,7.0723
"('TANK', 'TANK', 'OFFENSIVE_ADV', 'SAFE', 'DANGER', 'NORMAL', 'SLOWER', 'MEC_USED', 'CLEAN', 'CLEAN', 'NEUTRAL', 'NEUTRAL', 'SET', 'CLEAR', 'OPENING', 'BANCO_OFF')",17,10,12,83.333,ATTACK_TECH,29.412,2.115209,8.2913
"('TANK', 'TANK', 'DEFENSIVE_DIS', 'FULL', 'SAFE', 'FIELD_OURS_OFF', 'SLOWER', 'MEC_USED', 'CLEAN', 'CLEAN', 'NEUTRAL', 'NEUTRAL', 'CLEAR', 'CLEAR', 'OPENING', 'BANCO_AMBOS')",17,4,9,44.444,SWITCH_OFFENSIVE,47.059,1.202279,3.3277
"('SWEEPER', 'TANK', 'OFFENSIVE_ADV', 'SAFE', 'SAFE', 'NORMAL', 'FASTER', 'MEC_USED', 'CLEAN', 'CLEAN', 'NEUTRAL', 'DEBUFF', 'SET', 'CLEAR', 'OPENING', 'BANCO_OFF')",17,7,7,100.000,ATTACK_PIVOT,41.176,1.674990,5.3387
"('SWEEPER', 'TANK', 'NEUTRAL', 'SAFE', 'FULL', 'NORMAL', 'FASTER', 'MEC_USED', 'CLEAN', 'CLEAN', 'NEUTRAL', 'NEUTRAL', 'SET', 'CLEAR', 'OPENING', 'BANCO_AMBOS')",17,6,8,75.000,CLEAN_HAZARD,29.412,1.645917,5.1858
"('TANK', 'TANK', 'CRITICAL_DIS', 'FULL', 'DANGER', 'NORMAL', 'FASTER', 'MEC_USED', 'AFFLICTED', 'CLEAN', 'NEUTRAL', 'NEUTRAL', 'CLEAR', 'SET', 'CLUTCH', 'BANCO_VAZIO')",16,3,4,75.000,HAZARD,87.500,0.463414,1.5895
"('TANK', 'SWEEPER', 'OFFENSIVE_DIS', 'SAFE', 'FULL', 'FIELD_THEIRS', 'SLOWER', 'MEC_USED', 'CLEAN', 'CLEAN', 'NEUTRAL', 'NEUTRAL', 'CLEAR', 'CLEAR', 'OPENING', 'BANCO_OFF')",16,9,14,64.286,BARRIER,31.250,2.009709,7.4611
"('TANK', 'TANK', 'NEUTRAL', 'SAFE', 'SAFE', 'NORMAL', 'FASTER', 'MEC_USED', 'CLEAN', 'CLEAN', 'NEUTRAL', 'NEUTRAL', 'SET', 'SET', 'RECOVERING', 'BANCO_VAZIO')",16,9,12,75.000,HEAL,31.250,1.977006,7.2211
"('TANK', 'TANK', 'NEUTRAL', 'DANGER', 'SAFE', 'NORMAL', 'FASTER', 'MEC_USED', 'CLEAN', 'CLEAN', 'NEUTRAL', 'NEUTRAL', 'SET', 'CLEAR', 'OPENING', 'BANCO_OFF')",16,8,13,61.538,STATUS,25.000,1.960095,7.1000
"('TANK', 'TANK', 'OFFENSIVE_ADV', 'FULL', 'SAFE', 'NORMAL', 'FASTER', 'MEC_USED', 'CLEAN', 'CLEAN', 'NEUTRAL', 'NEUTRAL', 'CLEAR', 'SET', 'OPENING', 'BANCO_OFF')",16,6,10,60.000,ATTACK_STRONG,62.500,1.246830,3.4793
"('TANK', 'TANK', 'NEUTRAL', 'SAFE', 'SAFE', 'FIELD_SHARED', 'SLOWER', 'MEC_USED', 'CLEAN', 'CLEAN', 'NEUTRAL', 'NEUTRAL', 'CLEAR', 'CLEAR', 'OPENING', 'BANCO_VAZIO')",16,8,10,80.000,STATUS,25.000,1.927392,6.8716
"('TANK', 'UTILITY', 'DOMINANT', 'FULL', 'FULL', 'FIELD_SHARED', 'SLOWER', 'MEC_USED', 'CLEAN', 'CLEAN', 'NEUTRAL', 'NEUTRAL', 'CLEAR', 'CLEAR', 'OPENING', 'BANCO_AMBOS')",16,5,8,62.500,CLEAN_HAZARD,43.750,1.331660,3.7873
"('TANK', 'TANK', 'VOLATILE', 'DANGER', 'FULL', 'NORMAL', 'FASTER', 'MEC_USED', 'CLEAN', 'CLEAN', 'NEUTRAL', 'NEUTRAL', 'CLEAR', 'CLEAR', 'OPENING', 'BANCO_OFF')",16,9,10,90.000,SWITCH_DEFENSIVE,31.250,2.009709,7.4611
"('TANK', 'TANK', 'OFFENSIVE_ADV', 'SAFE', 'FULL', 'NORMAL', 'FASTER', 'MEC_USED', 'CLEAN', 'CLEAN', 'NEUTRAL', 'NEUTRAL', 'SET', 'SET', 'OPENING', 'BANCO_OFF')",16,6,11,54.545,HEAL,37.500,1.548116,4.7026
"('TANK', 'TANK', 'OFFENSIVE_DIS', 'FULL', 'SAFE', 'NORMAL', 'FASTER', 'MEC_USED', 'AFFLICTED', 'CLEAN', 'NEUTRAL', 'NEUTRAL', 'CLEAR', 'CLEAR', 'CLUTCH', 'BANCO_VAZIO')",16,2,7,28.571,HEAL,56.250,0.685314,1.9844
"('TANK', 'TANK', 'OFFENSIVE_DIS', 'SAFE', 'SAFE', 'NORMAL', 'FASTER', 'MEC_USED', 'CLEAN', 'CLEAN', 'NEUTRAL', 'NEUTRAL', 'CLEAR', 'SET', 'RECOVERING', 'BANCO_VAZIO')",16,6,12,50.000,ATTACK_PIVOT,31.250,1.560700,4.7622
"('TANK', 'TANK', 'OFFENSIVE_ADV', 'FULL', 'SAFE', 'FIELD_SHARED', 'FASTER', 'MEC_AVAIL', 'CLEAN', 'CLEAN', 'NEUTRAL', 'NEUTRAL', 'CLEAR', 'CLEAR', 'OPENING', 'BANCO_OFF')",16,8,16,50.000,ATTACK_STRONG_MEC,31.250,1.923066,6.8419
"('TANK', 'TANK', 'NEUTRAL', 'SAFE', 'FULL', 'NORMAL', 'FASTER', 'MEC_USED', 'AFFLICTED', 'CLEAN', 'DEBUFF', 'NEUTRAL', 'CLEAR', 'CLEAR', 'OPENING', 'BANCO_VAZIO')",16,6,10,60.000,HEAL,62.500,1.246830,3.4793
"('TANK', 'TANK', 'OFFENSIVE_ADV', 'SAFE', 'CRIT', 'NORMAL', 'FASTER', 'MEC_USED', 'CLEAN', 'CLEAN', 'NEUTRAL', 'NEUTRAL', 'CLEAR', 'CLEAR', 'OPENING', 'BANCO_OFF')",16,9,11,81.818,ATTACK_STRONG,43.750,1.834610,6.2627
"('TANK', 'TANK', 'NEUTRAL', 'SAFE', 'SAFE', 'NORMAL', 'FASTER', 'MEC_USED', 'CLEAN', 'CLEAN', 'NEUTRAL', 'NEUTRAL', 'SET', 'SET', 'CLUTCH', 'BANCO_VAZIO')",16,5,11,45.455,HEAL,43.750,1.368690,3.9302
"('TANK', 'TANK', 'OFFENSIVE_ADV', 'FULL', 'FULL', 'FIELD_SHARED', 'FASTER', 'MEC_AVAIL', 'CLEAN', 'CLEAN', 'NEUTRAL', 'NEUTRAL', 'SET', 'CLEAR', 'OPENING', 'BANCO_OFF')",16,9,10,90.000,BUFF_MEC,25.000,2.046739,7.7426
"('TANK', 'TANK', 'DOMINANT', 'FULL', 'SAFE', 'FIELD_SHARED', 'FASTER', 'MEC_USED', 'CLEAN', 'CLEAN', 'NEUTRAL', 'NEUTRAL', 'CLEAR', 'CLEAR', 'OPENING', 'BANCO_AMBOS')",16,9,11,81.818,ATTACK_STRONG,37.500,1.894689,6.6505
"('TANK', 'TANK', 'OFFENSIVE_ADV', 'SAFE', 'SAFE', 'NORMAL', 'FASTER', 'MEC_USED', 'CLEAN', 'CLEAN', 'NEUTRAL', 'NEUTRAL', 'CLEAR', 'CLEAR', 'OPENING', 'BANCO_AMBOS')",16,7,12,58.333,ATTACK_TECH,43.750,1.628620,5.0968
"('TANK', 'TANK', 'CRITICAL_DIS', 'FULL', 'FULL', 'FIELD_OURS_OFF', 'SLOWER', 'MEC_USED', 'CLEAN', 'CLEAN', 'NEUTRAL', 'NEUTRAL', 'CLEAR', 'CLEAR', 'OPENING', 'BANCO_AMBOS')",16,10,11,90.909,STATUS,18.750,2.187322,8.9113
"('TANK', 'TANK', 'NEUTRAL', 'CRIT', 'SAFE', 'NORMAL', 'SLOWER', 'MEC_USED', 'CLEAN', 'CLEAN', 'NEUTRAL', 'NEUTRAL', 'CLEAR', 'CLEAR', 'OPENING', 'BANCO_OFF')",16,8,14,57.143,ATTACK_STRONG,31.250,1.890363,6.6218
"('TANK', 'TANK', 'DEFENSIVE_DIS', 'SAFE', 'SAFE', 'NORMAL', 'SLOWER', 'MEC_USED', 'CLEAN', 'CLEAN', 'NEUTRAL', 'NEUTRAL', 'SET', 'CLEAR', 'RECOVERING', 'BANCO_VAZIO')",16,11,12,91.667,STATUS,18.750,2.273966,9.7179
"('TANK', 'TANK', 'NEUTRAL', 'FULL', 'DANGER', 'FIELD_SHARED', 'FASTER', 'MEC_USED', 'CLEAN', 'CLEAN', 'NEUTRAL', 'NEUTRAL', 'CLEAR', 'CLEAR', 'OPENING', 'BANCO_OFF')",16,7,11,63.636,HEAL,37.500,1.721402,5.5924
"('TANK', 'TANK', 'DEFENSIVE_DIS', 'SAFE', 'FULL', 'FIELD_OURS_OFF', 'FASTER', 'MEC_USED', 'CLEAN', 'CLEAN', 'NEUTRAL', 'NEUTRAL', 'CLEAR', 'CLEAR', 'OPENING', 'BANCO_OFF')",16,7,9,77.778,ATTACK_PIVOT,43.750,1.628620,5.0968
"('TANK', 'TANK', 'NEUTRAL', 'SAFE', 'SAFE', 'NORMAL', 'SLOWER', 'MEC_USED', 'CLEAN', 'CLEAN', 'NEUTRAL', 'NEUTRAL', 'CLEAR', 'SET', 'RECOVERING', 'BANCO_VAZIO')",16,11,14,78.571,ATTACK_TECH,25.000,2.252728,9.5137
"('TANK', 'TANK', 'OFFENSIVE_DIS', 'SAFE', 'FULL', 'NORMAL', 'SLOWER', 'MEC_USED', 'CLEAN', 'CLEAN', 'NEUTRAL', 'NEUTRAL', 'SET', 'CLEAR', 'BRAWL', 'BANCO_OFF')",16,7,11,63.636,ATTACK_STRONG,31.250,1.771016,5.8768
"('TANK', 'TANK', 'OFFENSIVE_ADV', 'FULL', 'SAFE', 'NORMAL', 'FASTER', 'MEC_USED', 'CLEAN', 'CLEAN', 'NEUTRAL', 'NEUTRAL', 'SET', 'CLEAR', 'OPENING', 'BANCO_AMBOS')",16,9,11,81.818,CLEAN_HAZARD,31.250,2.009709,7.4611
"('TANK', 'TANK', 'DOMINANT', 'FULL', 'FULL', 'FIELD_OURS_OFF', 'FASTER', 'MEC_USED', 'CLEAN', 'CLEAN', 'NEUTRAL', 'NEUTRAL', 'CLEAR', 'CLEAR', 'OPENING', 'BANCO_OFF')",16,7,9,77.778,ATTACK_STRONG,25.000,1.786808,5.9704
"('TANK', 'TANK', 'NEUTRAL', 'DANGER', 'FULL', 'NORMAL', 'FASTER', 'MEC_USED', 'CLEAN', 'CLEAN', 'NEUTRAL', 'NEUTRAL', 'CLEAR', 'SET', 'RECOVERING', 'BANCO_VAZIO')",16,10,11,90.909,ATTACK_STRONG,18.750,2.187322,8.9113
"('TANK', 'TANK', 'OFFENSIVE_ADV', 'FULL', 'FULL', 'NORMAL', 'FASTER', 'MEC_AVAIL', 'CLEAN', 'CLEAN', 'NEUTRAL', 'NEUTRAL', 'CLEAR', 'CLEAR', 'BRAWL', 'BANCO_OFF')",16,7,14,50.000,ATTACK_STRONG_MEC,43.750,1.628620,5.0968
"('TANK', 'TANK', 'NEUTRAL', 'DANGER', 'DANGER', 'NORMAL', 'SLOWER', 'MEC_USED', 'CLEAN', 'CLEAN', 'NEUTRAL', 'NEUTRAL', 'CLEAR', 'CLEAR', 'OPENING', 'BANCO_OFF')",16,7,12,58.333,CLEAN_HAZARD,25.000,1.873452,6.5107
"('TANK', 'TANK', 'DEFENSIVE_DIS', 'SAFE', 'SAFE', 'FIELD_SHARED', 'SLOWER', 'MEC_USED', 'CLEAN', 'CLEAN', 'NEUTRAL', 'NEUTRAL', 'CLEAR', 'CLEAR', 'OPENING', 'BANCO_OFF')",16,10,12,83.333,STATUS,18.750,2.187322,8.9113
"('TANK', 'TANK', 'NEUTRAL', 'SAFE', 'FULL', 'NORMAL', 'SLOWER', 'MEC_USED', 'CLEAN', 'CLEAN', 'NEUTRAL', 'NEUTRAL', 'CLEAR', 'SET', 'CLUTCH', 'BANCO_VAZIO')",16,4,11,36.364,ATTACK_STRONG,68.750,0.918046,2.5044
"('TANK', 'TANK', 'OFFENSIVE_DIS', 'SAFE', 'SAFE', 'FIELD_SHARED', 'SLOWER', 'MEC_USED', 'CLEAN', 'CLEAN', 'NEUTRAL', 'NEUTRAL', 'CLEAR', 'CLEAR', 'OPENING', 'BANCO_OFF')",16,7,13,53.846,STATUS,25.000,1.840749,6.3013
"('TANK', 'TANK', 'DEFENSIVE_DIS', 'FULL', 'FULL', 'FIELD_SHARED', 'FASTER', 'MEC_AVAIL', 'CLEAN', 'CLEAN', 'NEUTRAL', 'NEUTRAL', 'CLEAR', 'CLEAR', 'OPENING', 'BANCO_AMBOS')",16,11,16,68.750,HAZARD_MEC,25.000,2.252728,9.5137
"('TANK', 'TANK', 'OFFENSIVE_ADV', 'DANGER', 'FULL', 'NORMAL', 'FASTER', 'MEC_USED', 'CLEAN', 'CLEAN', 'NEUTRAL', 'NEUTRAL', 'SET', 'CLEAR', 'BRAWL', 'BANCO_OFF')",16,8,10,80.000,STATUS,25.000,1.906155,6.7272
"('SWEEPER', 'TANK', 'NEUTRAL', 'FULL', 'FULL', 'FIELD_THEIRS', 'FASTER', 'MEC_USED', 'CLEAN', 'CLEAN', 'NEUTRAL', 'NEUTRAL', 'CLEAR', 'CLEAR', 'OPENING', 'BANCO_VAZIO')",16,4,6,66.667,ATTACK_STRONG,31.250,1.370502,3.9373
"('TANK', 'TANK', 'DEFENSIVE_DIS', 'FULL', 'SAFE', 'FIELD_SHARED', 'FASTER', 'MEC_USED', 'CLEAN', 'CLEAN', 'NEUTRAL', 'NEUTRAL', 'CLEAR', 'CLEAR', 'OPENING', 'BANCO_OFF')",16,8,10,80.000,SWITCH_OFFENSIVE,43.750,1.747966,5.7429
"('TANK', 'UTILITY', 'NEUTRAL', 'SAFE', 'SAFE', 'NORMAL', 'SLOWER', 'MEC_USED', 'CLEAN', 'CLEAN', 'NEUTRAL', 'NEUTRAL', 'CLEAR', 'CLEAR', 'OPENING', 'BANCO_OFF')",16,6,11,54.545,ATTACK_STRONG,31.250,1.593403,4.9205
"('TANK', 'TANK', 'DEFENSIVE_DIS', 'SAFE', 'FULL', 'FIELD_SHARED', 'SLOWER', 'MEC_USED', 'CLEAN', 'CLEAN', 'NEUTRAL', 'NEUTRAL', 'CLEAR', 'CLEAR', 'OPENING', 'BANCO_AMBOS')",16,7,14,50.000,SWITCH_OFFENSIVE,43.750,1.628620,5.0968
"('TANK', 'TANK', 'OFFENSIVE_ADV', 'FULL', 'FULL', 'FIELD_THEIRS', 'SLOWER', 'MEC_USED', 'CLEAN', 'CLEAN', 'NEUTRAL', 'NEUTRAL', 'SET', 'CLEAR', 'OPENING', 'BANCO_OFF')",16,8,11,72.727,CLEAN_HAZARD,25.000,1.992798,7.3360
"('TANK', 'TANK', 'DEFENSIVE_DIS', 'SAFE', 'FULL', 'NORMAL', 'FASTER', 'MEC_USED', 'CLEAN', 'CLEAN', 'NEUTRAL', 'NEUTRAL', 'SET', 'CLEAR', 'OPENING', 'BANCO_AMBOS')",16,7,12,58.333,SWITCH_DEFENSIVE,25.000,1.840749,6.3013
"('TANK', 'TANK', 'DOMINANT', 'FULL', 'SAFE', 'NORMAL', 'FASTER', 'MEC_USED', 'CLEAN', 'CLEAN', 'NEUTRAL', 'NEUTRAL', 'SET', 'CLEAR', 'OPENING', 'BANCO_AMBOS')",16,9,13,69.231,ATTACK_PIVOT,31.250,1.977006,7.2211
"('TANK', 'TANK', 'DEFENSIVE_DIS', 'CRIT', 'FULL', 'NORMAL', 'SLOWER', 'MEC_USED', 'CLEAN', 'CLEAN', 'NEUTRAL', 'NEUTRAL', 'CLEAR', 'CLEAR', 'OPENING', 'BANCO_OFF')",16,8,12,66.667,ATTACK_TECH,37.500,1.808046,6.0985
"('SWEEPER', 'TANK', 'VOLATILE', 'SAFE', 'FULL', 'NORMAL', 'FASTER', 'MEC_USED', 'CLEAN', 'CLEAN', 'NEUTRAL', 'NEUTRAL', 'CLEAR', 'CLEAR', 'OPENING', 'BANCO_OFF')",16,6,7,85.714,ATTACK_STRONG,25.000,1.646225,5.1874
"('TANK', 'TANK', 'DEFENSIVE_ADV', 'FULL', 'FULL', 'NORMAL', 'SLOWER', 'MEC_USED', 'AFFLICTED', 'AFFLICTED', 'DEBUFF_DEBUFF', 'NEUTRAL', 'SET', 'CLEAR', 'CLUTCH', 'BANCO_VAZIO')",16,2,3,66.667,PROTECT,87.500,0.376770,1.4576
"('TANK', 'TANK', 'NEUTRAL', 'CRIT', 'FULL', 'NORMAL', 'SLOWER', 'MEC_USED', 'CLEAN', 'CLEAN', 'NEUTRAL', 'NEUTRAL', 'CLEAR', 'CLEAR', 'OPENING', 'BANCO_OFF')",16,10,13,76.923,STAT_CLEAN,18.750,2.220025,9.2076
"('TANK', 'TANK', 'DEFENSIVE_DIS', 'FULL', 'SAFE', 'NORMAL', 'FASTER', 'MEC_USED', 'CLEAN', 'CLEAN', 'NEUTRAL', 'NEUTRAL', 'SET', 'CLEAR', 'OPENING', 'BANCO_AMBOS')",16,5,9,55.556,HEAL,50.000,1.320888,3.7467
"('TANK', 'TANK', 'STALEMATE', 'FULL', 'SAFE', 'NORMAL', 'SLOWER', 'MEC_USED', 'AFFLICTED', 'AFFLICTED', 'DEBUFF', 'DEBUFF', 'CLEAR', 'CLEAR', 'OPENING', 'BANCO_OFF')",16,4,6,66.667,STAT_CLEAN,50.000,1.060958,2.8891
"('TANK', 'TANK', 'DEFENSIVE_ADV', 'FULL', 'FULL', 'NORMAL', 'SLOWER', 'MEC_USED', 'CLEAN', 'AFFLICTED', 'DEBUFF', 'NEUTRAL', 'SET', 'CLEAR', 'CLUTCH', 'BANCO_VAZIO')",16,3,3,100.000,STATUS,87.500,0.463414,1.5895
"('TANK', 'TANK', 'DEFENSIVE_DIS', 'SAFE', 'SAFE', 'NORMAL', 'FASTER', 'MEC_USED', 'CLEAN', 'CLEAN', 'NEUTRAL', 'NEUTRAL', 'SET', 'SET', 'RECOVERING', 'BANCO_VAZIO')",16,2,5,40.000,HEAL,93.750,0.233792,1.2634
"('TANK', 'TANK', 'CRITICAL_DIS', 'FULL', 'FULL', 'NORMAL', 'FASTER', 'MEC_USED', 'AFFLICTED', 'CLEAN', 'DEBUFF', 'NEUTRAL', 'SET', 'SET', 'CLUTCH', 'BANCO_VAZIO')",15,3,4,75.000,STATUS,46.667,0.891867,2.4397
"('TANK', 'TANK', 'DOMINANT', 'FULL', 'SAFE', 'NORMAL', 'SLOWER', 'MEC_USED', 'CLEAN', 'CLEAN', 'NEUTRAL', 'NEUTRAL', 'CLEAR', 'CLEAR', 'OPENING', 'BANCO_OFF')",15,9,12,75.000,ATTACK_STRONG,20.000,2.083766,8.0347
"('TANK', 'TANK', 'NEUTRAL', 'DANGER', 'SAFE', 'NORMAL', 'SLOWER', 'MEC_USED', 'CLEAN', 'CLEAN', 'NEUTRAL', 'NEUTRAL', 'SET', 'SET', 'RECOVERING', 'BANCO_VAZIO')",15,8,11,72.727,ATTACK_TECH,26.667,1.933810,6.9158
"('SWEEPER', 'TANK', 'NEUTRAL', 'FULL', 'FULL', 'NORMAL', 'FASTER', 'MEC_USED', 'CLEAN', 'CLEAN', 'NEUTRAL', 'NEUTRAL', 'SET', 'CLEAR', 'OPENING', 'BANCO_AMBOS')",15,7,8,87.500,HEAL,33.333,1.767009,5.8533
"('TANK', 'TANK', 'NEUTRAL', 'CRIT', 'FULL', 'NORMAL', 'SLOWER', 'MEC_USED', 'CLEAN', 'CLEAN', 'NEUTRAL', 'NEUTRAL', 'CLEAR', 'CLEAR', 'RECOVERING', 'BANCO_VAZIO')",15,8,11,72.727,SWITCH_DEFENSIVE,26.667,1.933810,6.9158
"('TANK', 'TANK', 'OFFENSIVE_ADV', 'DANGER', 'DANGER', 'NORMAL', 'FASTER', 'MEC_USED', 'CLEAN', 'CLEAN', 'NEUTRAL', 'NEUTRAL', 'CLEAR', 'CLEAR', 'OPENING', 'BANCO_OFF')",15,9,12,75.000,STATUS,26.667,2.026230,7.5854
"('SWEEPER', 'UTILITY', 'DEFENSIVE_DIS', 'FULL', 'FULL', 'NORMAL', 'FASTER', 'MEC_USED', 'CLEAN', 'CLEAN', 'NEUTRAL', 'NEUTRAL', 'CLEAR', 'CLEAR', 'OPENING', 'BANCO_AMBOS')",15,5,7,71.429,SWITCH_DEFENSIVE,40.000,1.362447,3.9057
"('TANK', 'TANK', 'DEFENSIVE_ADV', 'FULL', 'SAFE', 'NORMAL', 'SLOWER', 'MEC_USED', 'CLEAN', 'CLEAN', 'NEUTRAL', 'NEUTRAL', 'CLEAR', 'CLEAR', 'OPENING', 'BANCO_VAZIO')",15,7,10,70.000,HEAL,26.667,1.806507,6.0891
"('TANK', 'TANK', 'NEUTRAL', 'SAFE', 'DANGER', 'NORMAL', 'FASTER', 'MEC_USED', 'CLEAN', 'CLEAN', 'NEUTRAL', 'NEUTRAL', 'CLEAR', 'CLEAR', 'RECOVERING', 'BANCO_VAZIO')",15,6,10,60.000,ATTACK_STRONG,33.333,1.582170,4.8655
"('TANK', 'TANK', 'DEFENSIVE_ADV', 'FULL', 'FULL', 'NORMAL', 'SLOWER', 'MEC_USED', 'CLEAN', 'AFFLICTED', 'NEUTRAL', 'DEBUFF', 'CLEAR', 'SET', 'RECOVERING', 'BANCO_VAZIO')",15,2,4,50.000,HEAL,86.667,0.392674,1.4809
"('TANK', 'TANK', 'VOLATILE', 'FULL', 'SAFE', 'NORMAL', 'FASTER', 'MEC_USED', 'CLEAN', 'CLEAN', 'NEUTRAL', 'NEUTRAL', 'SET', 'CLEAR', 'OPENING', 'BANCO_OFF')",15,9,12,75.000,ATTACK_STRONG,26.667,2.061113,7.8547
"('TANK', 'TANK', 'DEFENSIVE_ADV', 'SAFE', 'FULL', 'NORMAL', 'SLOWER', 'MEC_USED', 'CLEAN', 'CLEAN', 'NEUTRAL', 'NEUTRAL', 'CLEAR', 'CLEAR', 'OPENING', 'BANCO_AMBOS')",15,7,13,53.846,ATTACK_TECH,60.000,1.389715,4.0137
"('TANK', 'TANK', 'DEFENSIVE_DIS', 'DANGER', 'FULL', 'FIELD_THEIRS', 'FASTER', 'MEC_USED', 'CLEAN', 'CLEAN', 'NEUTRAL', 'NEUTRAL', 'CLEAR', 'CLEAR', 'OPENING', 'BANCO_OFF')",15,8,11,72.727,SWITCH_DEFENSIVE,33.333,1.859429,6.4201
"('TANK', 'TANK', 'NEUTRAL', 'SAFE', 'SAFE', 'NORMAL', 'FASTER', 'MEC_USED', 'CLEAN', 'CLEAN', 'NEUTRAL', 'NEUTRAL', 'CLEAR', 'CLEAR', 'OPENING', 'BANCO_DEF')",15,7,12,58.333,ATTACK_STRONG,26.667,1.783854,5.9528
"('TANK', 'TANK', 'NEUTRAL', 'FULL', 'SAFE', 'FIELD_SHARED', 'SLOWER', 'MEC_USED', 'CLEAN', 'CLEAN', 'NEUTRAL', 'NEUTRAL', 'CLEAR', 'CLEAR', 'OPENING', 'BANCO_VAZIO')",15,8,13,61.538,ATTACK_PIVOT,26.667,1.933810,6.9158
"('TANK', 'TANK', 'OFFENSIVE_ADV', 'FULL', 'SAFE', 'NORMAL', 'FASTER', 'MEC_USED', 'CLEAN', 'CLEAN', 'NEUTRAL', 'NEUTRAL', 'CLEAR', 'CLEAR', 'BRAWL', 'BANCO_OFF')",15,7,10,70.000,ATTACK_STRONG,26.667,1.841390,6.3053
"('TANK', 'TANK', 'DEFENSIVE_DIS', 'FULL', 'SAFE', 'FIELD_OURS_OFF', 'SLOWER', 'MEC_USED', 'CLEAN', 'CLEAN', 'NEUTRAL', 'NEUTRAL', 'CLEAR', 'CLEAR', 'OPENING', 'BANCO_OFF')",15,7,9,77.778,ATTACK_STRONG,26.667,1.841390,6.3053
"('TANK', 'TANK', 'OFFENSIVE_DIS', 'FULL', 'SAFE', 'NORMAL', 'SLOWER', 'MEC_USED', 'CLEAN', 'CLEAN', 'NEUTRAL', 'NEUTRAL', 'CLEAR', 'CLEAR', 'OPENING', 'BANCO_VAZIO')",15,6,12,50.000,HEAL,40.000,1.621668,5.0615
"('TANK', 'TANK', 'CRITICAL_DIS', 'SAFE', 'SAFE', 'NORMAL', 'SLOWER', 'MEC_USED', 'CLEAN', 'CLEAN', 'NEUTRAL', 'NEUTRAL', 'CLEAR', 'CLEAR', 'RECOVERING', 'BANCO_VAZIO')",15,9,11,81.818,PROTECT,26.667,2.061113,7.8547
"('TANK', 'TANK', 'DOMINANT', 'FULL', 'FULL', 'NORMAL', 'SLOWER', 'MEC_AVAIL', 'CLEAN', 'CLEAN', 'NEUTRAL', 'NEUTRAL', 'CLEAR', 'CLEAR', 'OPENING', 'BANCO_AMBOS')",15,6,12,50.000,FIELD_CONTROL,33.333,1.617053,5.0382
"('TANK', 'TANK', 'OFFENSIVE_DIS', 'SAFE', 'SAFE', 'NORMAL', 'FASTER', 'MEC_USED', 'CLEAN', 'CLEAN', 'NEUTRAL', 'NEUTRAL', 'SET', 'SET', 'RECOVERING', 'BANCO_VAZIO')",15,5,11,45.455,ATTACK_PIVOT,53.333,1.286873,3.6214
"('TANK', 'TANK', 'NEUTRAL', 'FULL', 'SAFE', 'NORMAL', 'FASTER', 'MEC_USED', 'CLEAN', 'CLEAN', 'NEUTRAL', 'NEUTRAL', 'SET', 'CLEAR', 'BRAWL', 'BANCO_OFF')",15,5,12,41.667,ATTACK_STRONG,33.333,1.415369,4.1180
"('TANK', 'TANK', 'OFFENSIVE_ADV', 'FULL', 'SAFE', 'FIELD_OURS_OFF', 'FASTER', 'MEC_USED', 'CLEAN', 'CLEAN', 'NEUTRAL', 'NEUTRAL', 'CLEAR', 'CLEAR', 'OPENING', 'BANCO_OFF')",15,9,11,81.818,STATUS,26.667,2.061113,7.8547
"('TANK', 'TANK', 'OFFENSIVE_ADV', 'SAFE', 'SAFE', 'NORMAL', 'SLOWER', 'MEC_USED', 'CLEAN', 'CLEAN', 'NEUTRAL', 'NEUTRAL', 'CLEAR', 'CLEAR', 'BRAWL', 'BANCO_OFF')",15,10,14,71.429,STATUS,20.000,2.211069,9.1255
"('TANK', 'TANK', 'DOMINANT', 'FULL', 'FULL', 'FIELD_OURS_DEF', 'SLOWER', 'MEC_AVAIL', 'CLEAN', 'CLEAN', 'NEUTRAL', 'NEUTRAL', 'CLEAR', 'CLEAR', 'OPENING', 'BANCO_AMBOS')",15,4,10,40.000,BUFF_MEC,46.667,1.210558,3.3554
"('TANK', 'TANK', 'OFFENSIVE_ADV', 'FULL', 'FULL', 'FIELD_OURS_OFF', 'FASTER', 'MEC_USED', 'CLEAN', 'CLEAN', 'NEUTRAL', 'NEUTRAL', 'CLEAR', 'CLEAR', 'OPENING', 'BANCO_DEF')",15,6,7,85.714,SWITCH_DEFENSIVE,40.000,1.529248,4.6147
"('TANK', 'TANK', 'NEUTRAL', 'DANGER', 'FULL', 'NORMAL', 'FASTER', 'MEC_USED', 'CLEAN', 'CLEAN', 'NEUTRAL', 'NEUTRAL', 'CLEAR', 'CLEAR', 'RECOVERING', 'BANCO_VAZIO')",15,8,10,80.000,ATTACK_STRONG,26.667,1.933810,6.9158
"('TANK', 'TANK', 'NEUTRAL', 'SAFE', 'DANGER', 'FIELD_SHARED', 'FASTER', 'MEC_USED', 'CLEAN', 'CLEAN', 'NEUTRAL', 'NEUTRAL', 'CLEAR', 'CLEAR', 'OPENING', 'BANCO_OFF')",15,5,9,55.556,HAZARD,46.667,1.360514,3.8982
"('TANK', 'TANK', 'OFFENSIVE_ADV', 'SAFE', 'FULL', 'NORMAL', 'SLOWER', 'MEC_USED', 'CLEAN', 'CLEAN', 'NEUTRAL', 'NEUTRAL', 'SET', 'SET', 'OPENING', 'BANCO_OFF')",15,7,13,53.846,HAZARD,33.333,1.767009,5.8533
"('TANK', 'SWEEPER', 'DEFENSIVE_ADV', 'FULL', 'FULL', 'NORMAL', 'SLOWER', 'MEC_USED', 'CLEAN', 'CLEAN', 'DEBUFF', 'NEUTRAL', 'CLEAR', 'CLEAR', 'OPENING', 'BANCO_OFF')",15,5,9,55.556,ATTACK_STRONG,46.667,1.430280,4.1799
"('TANK', 'TANK', 'DEFENSIVE_DIS', 'FULL', 'FULL', 'NORMAL', 'SLOWER', 'MEC_USED', 'CLEAN', 'CLEAN', 'NEUTRAL', 'NEUTRAL', 'CLEAR', 'CLEAR', 'CLUTCH', 'BANCO_VAZIO')",15,5,9,55.556,ATTACK_PIVOT,73.333,0.949594,2.5847
"('TANK', 'TANK', 'NEUTRAL', 'FULL', 'SAFE', 'NORMAL', 'SLOWER', 'MEC_USED', 'CLEAN', 'CLEAN', 'NEUTRAL', 'NEUTRAL', 'SET', 'SET', 'BRAWL', 'BANCO_VAZIO')",15,4,11,36.364,ATTACK_TECH,80.000,0.720125,2.0547
"('TANK', 'TANK', 'NEUTRAL', 'FULL', 'FULL', 'NORMAL', 'SLOWER', 'MEC_USED', 'CLEAN', 'CLEAN', 'NEUTRAL', 'NEUTRAL', 'CLEAR', 'SET', 'OPENING', 'BANCO_AMBOS')",15,7,12,58.333,HAZARD,33.333,1.635092,5.1299
"('TANK', 'TANK', 'NEUTRAL', 'FULL', 'FULL', 'FIELD_SHARED', 'FASTER', 'MEC_AVAIL', 'CLEAN', 'CLEAN', 'NEUTRAL', 'NEUTRAL', 'CLEAR', 'CLEAR', 'OPENING', 'BANCO_VAZIO')",15,8,20,40.000,ATTACK_STRONG_MEC,40.000,1.806507,6.0891
"('TANK', 'TANK', 'NEUTRAL', 'FULL', 'FULL', 'NORMAL', 'SLOWER', 'MEC_USED', 'AFFLICTED', 'CLEAN', 'DEBUFF', 'NEUTRAL', 'SET', 'SET', 'CLUTCH', 'BANCO_VAZIO')",15,3,4,75.000,HAZARD,73.333,0.729871,2.0748
"('TANK', 'TANK', 'NEUTRAL', 'SAFE', 'FULL', 'NORMAL', 'FASTER', 'MEC_USED', 'CLEAN', 'CLEAN', 'NEUTRAL', 'NEUTRAL', 'SET', 'SET', 'OPENING', 'BANCO_AMBOS')",15,3,8,37.500,HEAL,86.667,0.485094,1.6243
"('TANK', 'TANK', 'DEFENSIVE_ADV', 'FULL', 'FULL', 'NORMAL', 'SLOWER', 'MEC_USED', 'AFFLICTED', 'CLEAN', 'BUFFED', 'NEUTRAL', 'SET', 'SET', 'CLUTCH', 'BANCO_VAZIO')",15,2,3,66.667,HEAL,93.333,0.244930,1.2775
"('TANK', 'TANK', 'OFFENSIVE_DIS', 'SAFE', 'FULL', 'NORMAL', 'FASTER', 'MEC_USED', 'AFFLICTED', 'CLEAN', 'NEUTRAL', 'NEUTRAL', 'CLEAR', 'SET', 'CLUTCH', 'BANCO_VAZIO')",14,3,9,33.333,ATTACK_TECH,50.000,0.898205,2.4552
"('TANK', 'TANK', 'STALEMATE', 'FULL', 'FULL', 'NORMAL', 'FASTER', 'MEC_USED', 'CLEAN', 'CLEAN', 'NEUTRAL', 'NEUTRAL', 'CLEAR', 'CLEAR', 'CLUTCH', 'BANCO_VAZIO')",14,2,9,22.222,ATTACK_STRONG,71.429,0.598270,1.8190
"('TANK', 'TANK', 'VOLATILE', 'DANGER', 'FULL', 'NORMAL', 'FASTER', 'MEC_USED', 'CLEAN', 'CLEAN', 'NEUTRAL', 'NEUTRAL', 'CLEAR', 'CLEAR', 'OPENING', 'BANCO_AMBOS')",14,7,11,63.636,HEAL,28.571,1.846889,6.3401
"('TANK', 'TANK', 'NEUTRAL', 'SAFE', 'CRIT', 'NORMAL', 'SLOWER', 'MEC_USED', 'CLEAN', 'CLEAN', 'NEUTRAL', 'NEUTRAL', 'CLEAR', 'CLEAR', 'OPENING', 'BANCO_OFF')",14,6,12,50.000,HAZARD,42.857,1.536722,4.6493
"('UTILITY', 'TANK', 'NEUTRAL', 'FULL', 'FULL', 'NORMAL', 'FASTER', 'MEC_USED', 'CLEAN', 'CLEAN', 'NEUTRAL', 'NEUTRAL', 'SET', 'CLEAR', 'OPENING', 'BANCO_OFF')",14,8,9,88.889,CLEAN_HAZARD,28.571,1.908535,6.7432
"('TANK', 'SWEEPER', 'NEUTRAL', 'SAFE', 'FULL', 'NORMAL', 'SLOWER', 'MEC_USED', 'CLEAN', 'CLEAN', 'NEUTRAL', 'NEUTRAL', 'CLEAR', 'CLEAR', 'OPENING', 'BANCO_AMBOS')",14,8,14,57.143,ATTACK_PIVOT,21.429,1.932807,6.9089
"('TANK', 'SWEEPER', 'NEUTRAL', 'SAFE', 'FULL', 'FIELD_THEIRS', 'SLOWER', 'MEC_USED', 'CLEAN', 'CLEAN', 'NEUTRAL', 'NEUTRAL', 'CLEAR', 'CLEAR', 'OPENING', 'BANCO_OFF')",14,9,12,75.000,FIELD_CONTROL,21.429,2.106577,8.2201
"('TANK', 'TANK', 'NEUTRAL', 'FULL', 'FULL', 'NORMAL', 'FASTER', 'MEC_USED', 'CLEAN', 'CLEAN', 'NEUTRAL', 'NEUTRAL', 'SET', 'SET', 'OPENING', 'BANCO_OFF')",14,8,11,72.727,ATTACK_PIVOT,21.429,1.970181,7.1720
"('TANK', 'TANK', 'OFFENSIVE_DIS', 'FULL', 'FULL', 'NORMAL', 'FASTER', 'MEC_USED', 'AFFLICTED', 'CLEAN', 'NEUTRAL', 'NEUTRAL', 'CLEAR', 'CLEAR', 'OPENING', 'BANCO_AMBOS')",14,5,9,55.556,HEAL,57.143,1.215388,3.3716
"('TANK', 'SWEEPER', 'NEUTRAL', 'FULL', 'FULL', 'FIELD_OURS_DEF', 'SLOWER', 'MEC_USED', 'CLEAN', 'CLEAN', 'NEUTRAL', 'NEUTRAL', 'CLEAR', 'CLEAR', 'OPENING', 'BANCO_AMBOS')",14,5,5,100.000,SWITCH_OFFENSIVE,42.857,1.376055,3.9593
"('TANK', 'TANK', 'OFFENSIVE_ADV', 'SAFE', 'SAFE', 'NORMAL', 'FASTER', 'MEC_USED', 'CLEAN', 'CLEAN', 'NEUTRAL', 'NEUTRAL', 'CLEAR', 'CLEAR', 'OPENING', 'BANCO_VAZIO')",14,9,11,81.818,BUFF,21.429,2.069202,7.9185
"('SWEEPER', 'TANK', 'DEFENSIVE_ADV', 'FULL', 'FULL', 'NORMAL', 'FASTER', 'MEC_USED', 'CLEAN', 'CLEAN', 'NEUTRAL', 'NEUTRAL', 'CLEAR', 'CLEAR', 'OPENING', 'BANCO_AMBOS')",14,5,7,71.429,ATTACK_STRONG,35.714,1.432757,4.1902
"('TANK', 'TANK', 'OFFENSIVE_ADV', 'CRIT', 'FULL', 'NORMAL', 'FASTER', 'MEC_USED', 'CLEAN', 'CLEAN', 'NEUTRAL', 'NEUTRAL', 'CLEAR', 'CLEAR', 'BRAWL', 'BANCO_OFF')",14,9,11,81.818,CLEAN_HAZARD,28.571,2.044931,7.7286
"('TANK', 'TANK', 'NEUTRAL', 'SAFE', 'FULL', 'NORMAL', 'SLOWER', 'MEC_USED', 'CLEAN', 'CLEAN', 'NEUTRAL', 'NEUTRAL', 'SET', 'SET', 'CLUTCH', 'BANCO_VAZIO')",14,6,11,54.545,ATTACK_STRONG,57.143,1.351784,3.8643
"('TANK', 'TANK', 'CRITICAL_DIS', 'SAFE', 'SAFE', 'NORMAL', 'SLOWER', 'MEC_USED', 'CLEAN', 'CLEAN', 'NEUTRAL', 'NEUTRAL', 'CLEAR', 'CLEAR', 'OPENING', 'BANCO_OFF')",14,7,12,58.333,PROTECT,21.429,1.833786,6.2575
"('TANK', 'TANK', 'CRITICAL_DIS', 'SAFE', 'FULL', 'FIELD_SHARED', 'SLOWER', 'MEC_USED', 'CLEAN', 'CLEAN', 'NEUTRAL', 'NEUTRAL', 'CLEAR', 'CLEAR', 'OPENING', 'BANCO_AMBOS')",14,7,12,58.333,STAT_CLEAN,21.429,1.871160,6.4958
"('TANK', 'TANK', 'OFFENSIVE_DIS', 'DANGER', 'FULL', 'NORMAL', 'FASTER', 'MEC_USED', 'CLEAN', 'CLEAN', 'NEUTRAL', 'NEUTRAL', 'SET', 'CLEAR', 'OPENING', 'BANCO_OFF')",14,11,13,84.615,ATTACK_TECH,14.286,2.341994,10.4020
"('TANK', 'SWEEPER', 'NEUTRAL', 'SAFE', 'FULL', 'FIELD_SHARED', 'SLOWER', 'MEC_USED', 'CLEAN', 'CLEAN', 'NEUTRAL', 'NEUTRAL', 'CLEAR', 'CLEAR', 'OPENING', 'BANCO_OFF')",14,10,13,76.923,SWITCH_DEFENSIVE,21.429,2.205598,9.0757
"('TANK', 'TANK', 'DOMINANT', 'FULL', 'FULL', 'FIELD_SHARED', 'FASTER', 'MEC_AVAIL', 'CLEAN', 'CLEAN', 'NEUTRAL', 'NEUTRAL', 'CLEAR', 'CLEAR', 'OPENING', 'BANCO_OFF')",14,7,12,58.333,ATTACK_STRONG,21.429,1.871160,6.4958
"('TANK', 'TANK', 'NEUTRAL', 'CRIT', 'FULL', 'NORMAL', 'FASTER', 'MEC_USED', 'CLEAN', 'CLEAN', 'NEUTRAL', 'NEUTRAL', 'CLEAR', 'CLEAR', 'OPENING', 'BANCO_OFF')",14,10,13,76.923,ATTACK_TECH,21.429,2.205598,9.0757
"('UTILITY', 'TANK', 'NEUTRAL', 'FULL', 'FULL', 'FIELD_THEIRS', 'SLOWER', 'MEC_USED', 'CLEAN', 'CLEAN', 'NEUTRAL', 'NEUTRAL', 'CLEAR', 'CLEAR', 'OPENING', 'BANCO_OFF')",14,5,7,71.429,FIELD_CONTROL,28.571,1.536722,4.6493
"('TANK', 'SWEEPER', 'DEFENSIVE_DIS', 'FULL', 'FULL', 'FIELD_OURS_DEF', 'SLOWER', 'MEC_AVAIL', 'CLEAN', 'CLEAN', 'NEUTRAL', 'NEUTRAL', 'CLEAR', 'CLEAR', 'OPENING', 'BANCO_OFF')",14,4,6,66.667,ATTACK_STRONG_MEC,50.000,1.170997,3.2252
"('TANK', 'TANK', 'OFFENSIVE_DIS', 'FULL', 'SAFE', 'NORMAL', 'FASTER', 'MEC_USED', 'AFFLICTED', 'CLEAN', 'NEUTRAL', 'NEUTRAL', 'CLEAR', 'CLEAR', 'RECOVERING', 'BANCO_VAZIO')",14,6,7,85.714,CLEAN_HAZARD,28.571,1.673118,5.3288
"('TANK', 'TANK', 'OFFENSIVE_ADV', 'SAFE', 'FULL', 'FIELD_SHARED', 'FASTER', 'MEC_AVAIL', 'CLEAN', 'CLEAN', 'NEUTRAL', 'NEUTRAL', 'CLEAR', 'CLEAR', 'OPENING', 'BANCO_OFF')",14,8,10,80.000,ATTACK_STRONG_MEC,42.857,1.772139,5.8834
"('TANK', 'TANK', 'STALEMATE', 'SAFE', 'FULL', 'NORMAL', 'SLOWER', 'MEC_USED', 'CLEAN', 'CLEAN', 'NEUTRAL', 'NEUTRAL', 'CLEAR', 'CLEAR', 'OPENING', 'BANCO_AMBOS')",14,6,12,50.000,ATTACK_STRONG,35.714,1.630799,5.1080
"('TANK', 'TANK', 'DOMINANT', 'FULL', 'SAFE', 'FIELD_SHARED', 'FASTER', 'MEC_USED', 'CLEAN', 'CLEAN', 'NEUTRAL', 'NEUTRAL', 'SET', 'CLEAR', 'OPENING', 'BANCO_OFF')",14,7,10,70.000,ATTACK_STRONG,28.571,1.809514,6.1075
"('TANK', 'TANK', 'VOLATILE', 'FULL', 'SAFE', 'NORMAL', 'SLOWER', 'MEC_USED', 'CLEAN', 'CLEAN', 'NEUTRAL', 'NEUTRAL', 'CLEAR', 'CLEAR', 'OPENING', 'BANCO_OFF')",14,3,9,33.333,ATTACK_STRONG,71.429,0.758937,2.1360
"('TANK', 'TANK', 'NEUTRAL', 'FULL', 'SAFE', 'NORMAL', 'SLOWER', 'MEC_USED', 'CLEAN', 'CLEAN', 'NEUTRAL', 'NEUTRAL', 'CLEAR', 'SET', 'OPENING', 'BANCO_OFF')",14,8,14,57.143,FIELD_CONTROL,28.571,1.945910,7.0000
"('TANK', 'TANK', 'OFFENSIVE_DIS', 'SAFE', 'FULL', 'NORMAL', 'SLOWER', 'MEC_USED', 'CLEAN', 'CLEAN', 'NEUTRAL', 'NEUTRAL', 'CLEAR', 'SET', 'RECOVERING', 'BANCO_VAZIO')",14,6,12,50.000,HAZARD,28.571,1.648847,5.2010
"('TANK', 'TANK', 'OFFENSIVE_ADV', 'FULL', 'DANGER', 'NORMAL', 'FASTER', 'MEC_AVAIL', 'CLEAN', 'CLEAN', 'NEUTRAL', 'NEUTRAL', 'CLEAR', 'CLEAR', 'OPENING', 'BANCO_OFF')",14,6,12,50.000,ATTACK_STRONG_MEC,28.571,1.648847,5.2010
"('TANK', 'TANK', 'VOLATILE', 'FULL', 'FULL', 'FIELD_SHARED', 'FASTER', 'MEC_AVAIL', 'CLEAN', 'CLEAN', 'NEUTRAL', 'NEUTRAL', 'CLEAR', 'CLEAR', 'OPENING', 'BANCO_OFF')",14,8,12,66.667,ATTACK_STRONG_MEC,21.429,1.970181,7.1720
"('TANK', 'TANK', 'NEUTRAL', 'SAFE', 'SAFE', 'NORMAL', 'SLOWER', 'MEC_USED', 'CLEAN', 'CLEAN', 'NEUTRAL', 'NEUTRAL', 'SET', 'CLEAR', 'OPENING', 'BANCO_AMBOS')",14,9,14,64.286,HEAL,28.571,2.044931,7.7286
"('TANK', 'TANK', 'CRITICAL_DIS', 'FULL', 'SAFE', 'NORMAL', 'SLOWER', 'MEC_USED', 'CLEAN', 'CLEAN', 'NEUTRAL', 'NEUTRAL', 'CLEAR', 'CLEAR', 'OPENING', 'BANCO_OFF')",14,7,8,87.500,SWITCH_DEFENSIVE,35.714,1.729820,5.6396
"('TANK', 'UTILITY', 'VOLATILE', 'FULL', 'FULL', 'FIELD_OURS_OFF', 'SLOWER', 'MEC_USED', 'CLEAN', 'CLEAN', 'NEUTRAL', 'NEUTRAL', 'CLEAR', 'CLEAR', 'OPENING', 'BANCO_AMBOS')",14,8,11,72.727,HAZARD,42.857,1.772139,5.8834
"('TANK', 'TANK', 'NEUTRAL', 'FULL', 'SAFE', 'NORMAL', 'SLOWER', 'MEC_USED', 'CLEAN', 'CLEAN', 'NEUTRAL', 'NEUTRAL', 'CLEAR', 'SET', 'CLUTCH', 'BANCO_VAZIO')",14,2,11,18.182,ATTACK_STRONG,57.143,0.682908,1.9796
"('TANK', 'SWEEPER', 'VOLATILE', 'FULL', 'FULL', 'FIELD_THEIRS', 'SLOWER', 'MEC_USED', 'CLEAN', 'CLEAN', 'NEUTRAL', 'NEUTRAL', 'CLEAR', 'CLEAR', 'OPENING', 'BANCO_AMBOS')",14,8,11,72.727,SWITCH_DEFENSIVE,28.571,1.945910,7.0000
"('SWEEPER', 'TANK', 'VOLATILE', 'FULL', 'FULL', 'FIELD_SHARED', 'FASTER', 'MEC_USED', 'CLEAN', 'CLEAN', 'NEUTRAL', 'NEUTRAL', 'CLEAR', 'CLEAR', 'OPENING', 'BANCO_OFF')",14,3,8,37.500,SWITCH_DEFENSIVE,64.286,0.830472,2.2944
"('TANK', 'UTILITY', 'OFFENSIVE_ADV', 'SAFE', 'SAFE', 'FIELD_THEIRS', 'SLOWER', 'MEC_USED', 'CLEAN', 'CLEAN', 'NEUTRAL', 'NEUTRAL', 'CLEAR', 'CLEAR', 'OPENING', 'BANCO_AMBOS')",14,6,6,100.000,HEAL,50.000,1.468060,4.3408
"('TANK', 'TANK', 'NEUTRAL', 'CRIT', 'SAFE', 'NORMAL', 'SLOWER', 'MEC_USED', 'CLEAN', 'CLEAN', 'NEUTRAL', 'NEUTRAL', 'CLEAR', 'CLEAR', 'RECOVERING', 'BANCO_VAZIO')",14,9,12,75.000,ATTACK_TECH,21.429,2.106577,8.2201
"('TANK', 'TANK', 'CRITICAL_DIS', 'SAFE', 'SAFE', 'NORMAL', 'SLOWER', 'MEC_USED', 'CLEAN', 'CLEAN', 'NEUTRAL', 'NEUTRAL', 'CLEAR', 'CLEAR', 'OPENING', 'BANCO_AMBOS')",14,3,12,25.000,SWITCH_DEFENSIVE,85.714,0.509137,1.6639
"('TANK', 'TANK', 'NEUTRAL', 'SAFE', 'FULL', 'NORMAL', 'SLOWER', 'MEC_USED', 'CLEAN', 'CLEAN', 'BUFFED', 'NEUTRAL', 'CLEAR', 'CLEAR', 'OPENING', 'BANCO_OFF')",14,6,8,75.000,HEAL,42.857,1.536722,4.6493
"('TANK', 'UTILITY', 'OFFENSIVE_ADV', 'FULL', 'FULL', 'FIELD_OURS_OFF', 'SLOWER', 'MEC_USED', 'CLEAN', 'CLEAN', 'NEUTRAL', 'NEUTRAL', 'CLEAR', 'CLEAR', 'OPENING', 'BANCO_AMBOS')",14,6,9,66.667,SWITCH_OFFENSIVE,42.857,1.475076,4.3714
"('TANK', 'SWEEPER', 'VOLATILE', 'FULL', 'FULL', 'FIELD_OURS_DEF', 'SLOWER', 'MEC_AVAIL', 'CLEAN', 'CLEAN', 'NEUTRAL', 'NEUTRAL', 'CLEAR', 'CLEAR', 'OPENING', 'BANCO_OFF')",14,9,10,90.000,ATTACK_STRONG_MEC,14.286,2.143952,8.5331
"('TANK', 'TANK', 'NEUTRAL', 'SAFE', 'CRIT', 'NORMAL', 'FASTER', 'MEC_USED', 'CLEAN', 'CLEAN', 'NEUTRAL', 'NEUTRAL', 'CLEAR', 'CLEAR', 'OPENING', 'BANCO_OFF')",14,3,11,27.273,HEAL,85.714,0.509137,1.6639
"('TANK', 'TANK', 'NEUTRAL', 'DANGER', 'FULL', 'NORMAL', 'SLOWER', 'MEC_USED', 'CLEAN', 'CLEAN', 'NEUTRAL', 'NEUTRAL', 'CLEAR', 'CLEAR', 'RECOVERING', 'BANCO_VAZIO')",14,7,11,63.636,STAT_CLEAN,28.571,1.809514,6.1075
"('TANK', 'TANK', 'DEFENSIVE_DIS', 'DANGER', 'FULL', 'NORMAL', 'SLOWER', 'MEC_USED', 'CLEAN', 'CLEAN', 'NEUTRAL', 'NEUTRAL', 'CLEAR', 'CLEAR', 'OPENING', 'BANCO_OFF')",14,8,12,66.667,STAT_CLEAN,21.429,1.970181,7.1720
"('TANK', 'SWEEPER', 'OFFENSIVE_DIS', 'SAFE', 'FULL', 'NORMAL', 'SLOWER', 'MEC_USED', 'CLEAN', 'CLEAN', 'NEUTRAL', 'NEUTRAL', 'CLEAR', 'CLEAR', 'BRAWL', 'BANCO_OFF')",14,7,12,58.333,HEAL,28.571,1.809514,6.1075
"('TANK', 'TANK', 'OFFENSIVE_DIS', 'SAFE', 'SAFE', 'NORMAL', 'SLOWER', 'MEC_USED', 'CLEAN', 'CLEAN', 'NEUTRAL', 'NEUTRAL', 'SET', 'SET', 'BRAWL', 'BANCO_OFF')",14,4,8,50.000,HAZARD,57.143,1.153742,3.1700
"('TANK', 'TANK', 'DEFENSIVE_DIS', 'SAFE', 'FULL', 'FIELD_THEIRS', 'SLOWER', 'MEC_USED', 'CLEAN', 'CLEAN', 'NEUTRAL', 'NEUTRAL', 'CLEAR', 'CLEAR', 'OPENING', 'BANCO_AMBOS')",14,9,11,81.818,ATTACK_PIVOT,21.429,2.106577,8.2201
"('UTILITY', 'SWEEPER', 'OFFENSIVE_ADV', 'FULL', 'FULL', 'FIELD_OURS_OFF', 'FASTER', 'MEC_USED', 'CLEAN', 'CLEAN', 'NEUTRAL', 'NEUTRAL', 'CLEAR', 'CLEAR', 'OPENING', 'BANCO_OFF')",14,6,9,66.667,ATTACK_STRONG,57.143,1.351784,3.8643
"('TANK', 'SWEEPER', 'OFFENSIVE_DIS', 'SAFE', 'FULL', 'FIELD_SHARED', 'SLOWER', 'MEC_USED', 'CLEAN', 'CLEAN', 'NEUTRAL', 'NEUTRAL', 'CLEAR', 'CLEAR', 'OPENING', 'BANCO_OFF')",14,6,14,42.857,ATTACK_PIVOT,50.000,1.468060,4.3408
"('SWEEPER', 'SWEEPER', 'NEUTRAL', 'FULL', 'FULL', 'NORMAL', 'FASTER', 'MEC_USED', 'CLEAN', 'CLEAN', 'DEBUFF', 'DEBUFF', 'CLEAR', 'CLEAR', 'OPENING', 'BANCO_OFF')",14,6,6,100.000,CLEAN_HAZARD,28.571,1.673118,5.3288
"('TANK', 'TANK', 'NEUTRAL', 'FULL', 'FULL', 'NORMAL', 'SLOWER', 'MEC_USED', 'CLEAN', 'CLEAN', 'NEUTRAL', 'NEUTRAL', 'SET', 'SET', 'OPENING', 'BANCO_OFF')",14,8,12,66.667,STAT_CLEAN,35.714,1.828841,6.2267
"('TANK', 'TANK', 'NEUTRAL', 'SAFE', 'SAFE', 'NORMAL', 'SLOWER', 'MEC_USED', 'CLEAN', 'CLEAN', 'NEUTRAL', 'NEUTRAL', 'CLEAR', 'CLEAR', 'BRAWL', 'BANCO_VAZIO')",14,5,11,45.455,HEAL,42.857,1.475076,4.3714
"('SWEEPER', 'TANK', 'OFFENSIVE_ADV', 'SAFE', 'SAFE', 'NORMAL', 'FASTER', 'MEC_USED', 'CLEAN', 'CLEAN', 'NEUTRAL', 'DEBUFF', 'CLEAR', 'CLEAR', 'OPENING', 'BANCO_OFF')",14,6,7,85.714,HEAL,35.714,1.569153,4.8026
"('TANK', 'TANK', 'DOMINANT', 'FULL', 'FULL', 'FIELD_SHARED', 'FASTER', 'MEC_USED', 'CLEAN', 'CLEAN', 'NEUTRAL', 'NEUTRAL', 'CLEAR', 'CLEAR', 'OPENING', 'BANCO_VAZIO')",14,6,6,100.000,PROTECT,28.571,1.710493,5.5317
"('TANK', 'TANK', 'NEUTRAL', 'SAFE', 'SAFE', 'NORMAL', 'SLOWER', 'MEC_USED', 'CLEAN', 'CLEAN', 'NEUTRAL', 'NEUTRAL', 'SET', 'CLEAR', 'CLUTCH', 'BANCO_VAZIO')",14,4,10,40.000,ATTACK_STRONG,71.429,0.895333,2.4482
"('TANK', 'TANK', 'NEUTRAL', 'SAFE', 'SAFE', 'NORMAL', 'FASTER', 'MEC_USED', 'CLEAN', 'CLEAN', 'BUFFED', 'NEUTRAL', 'CLEAR', 'CLEAR', 'OPENING', 'BANCO_OFF')",14,3,7,42.857,BUFF,35.714,1.093375,2.9843
"('TANK', 'TANK', 'NEUTRAL', 'FULL', 'FULL', 'NORMAL', 'FASTER', 'MEC_USED', 'AFFLICTED', 'AFFLICTED', 'DEBUFF', 'DEBUFF', 'SET', 'SET', 'CLUTCH', 'BANCO_VAZIO')",14,2,2,100.000,HAZARD,92.857,0.257319,1.2935
"('TANK', 'TANK', 'DOMINANT', 'FULL', 'FULL', 'NORMAL', 'FASTER', 'MEC_USED', 'CLEAN', 'CLEAN', 'NEUTRAL', 'NEUTRAL', 'SET', 'SET', 'OPENING', 'BANCO_OFF')",14,7,11,63.636,HEAL,57.143,1.450805,4.2665
"('TANK', 'TANK', 'DEFENSIVE_DIS', 'FULL', 'SAFE', 'NORMAL', 'SLOWER', 'MEC_USED', 'CLEAN', 'AFFLICTED', 'NEUTRAL', 'NEUTRAL', 'SET', 'SET', 'RECOVERING', 'BANCO_VAZIO')",14,1,4,25.000,ATTACK_STRONG,100.000,-0.000000,1.0000
"('SWEEPER', 'SWEEPER', 'OFFENSIVE_ADV', 'FULL', 'FULL', 'NORMAL', 'FASTER', 'MEC_USED', 'CLEAN', 'CLEAN', 'DEBUFF', 'NEUTRAL', 'CLEAR', 'CLEAR', 'OPENING', 'BANCO_AMBOS')",13,3,4,75.000,ATTACK_STRONG,53.846,0.983961,2.6750
"('TANK', 'TANK', 'NEUTRAL', 'FULL', 'FULL', 'NORMAL', 'SLOWER', 'MEC_USED', 'CLEAN', 'CLEAN', 'NEUTRAL', 'NEUTRAL', 'SET', 'SET', 'BRAWL', 'BANCO_OFF')",13,6,11,54.545,STATUS,46.154,1.484458,4.4126
"('TANK', 'TANK', 'OFFENSIVE_ADV', 'CRIT', 'FULL', 'NORMAL', 'FASTER', 'MEC_USED', 'CLEAN', 'CLEAN', 'NEUTRAL', 'NEUTRAL', 'SET', 'CLEAR', 'BRAWL', 'BANCO_OFF')",13,8,12,66.667,ATTACK_STRONG,30.769,1.925121,6.8560
"('TANK', 'TANK', 'NEUTRAL', 'SAFE', 'SAFE', 'NORMAL', 'SLOWER', 'MEC_USED', 'CLEAN', 'CLEAN', 'NEUTRAL', 'NEUTRAL', 'SET', 'SET', 'OPENING', 'BANCO_OFF')",13,9,12,75.000,STAT_CLEAN,23.077,2.098147,8.1511
"('TANK', 'TANK', 'DOMINANT', 'FULL', 'FULL', 'FIELD_OURS_OFF', 'FASTER', 'MEC_AVAIL', 'CLEAN', 'CLEAN', 'NEUTRAL', 'NEUTRAL', 'CLEAR', 'CLEAR', 'OPENING', 'BANCO_AMBOS')",13,8,16,50.000,ATTACK_STRONG,15.385,2.031759,7.6275
"('TANK', 'TANK', 'NEUTRAL', 'DANGER', 'FULL', 'NORMAL', 'FASTER', 'MEC_USED', 'CLEAN', 'CLEAN', 'NEUTRAL', 'NEUTRAL', 'SET', 'CLEAR', 'OPENING', 'BANCO_AMBOS')",13,10,13,76.923,DISRUPTION,23.077,2.204785,9.0683
"('TANK', 'TANK', 'NEUTRAL', 'DANGER', 'SAFE', 'NORMAL', 'SLOWER', 'MEC_USED', 'CLEAN', 'CLEAN', 'NEUTRAL', 'NEUTRAL', 'CLEAR', 'CLEAR', 'OPENING', 'BANCO_AMBOS')",13,6,9,66.667,ATTACK_STRONG,30.769,1.671595,5.3206
"('TANK', 'TANK', 'VOLATILE', 'CRIT', 'FULL', 'NORMAL', 'FASTER', 'MEC_USED', 'CLEAN', 'CLEAN', 'NEUTRAL', 'NEUTRAL', 'CLEAR', 'CLEAR', 'OPENING', 'BANCO_OFF')",13,8,11,72.727,HEAL,23.077,1.991509,7.3266
"('TANK', 'UTILITY', 'DEFENSIVE_ADV', 'FULL', 'FULL', 'NORMAL', 'SLOWER', 'MEC_USED', 'CLEAN', 'CLEAN', 'NEUTRAL', 'NEUTRAL', 'CLEAR', 'CLEAR', 'OPENING', 'BANCO_VAZIO')",13,7,12,58.333,CLEAN_HAZARD,23.077,1.884871,6.5855
"('TANK', 'TANK', 'OFFENSIVE_DIS', 'SAFE', 'SAFE', 'NORMAL', 'SLOWER', 'MEC_USED', 'CLEAN', 'CLEAN', 'NEUTRAL', 'NEUTRAL', 'SET', 'CLEAR', 'RECOVERING', 'BANCO_VAZIO')",13,7,11,63.636,SWITCH_DEFENSIVE,38.462,1.732659,5.6557
"('TANK', 'TANK', 'NEUTRAL', 'FULL', 'SAFE', 'FIELD_THEIRS', 'SLOWER', 'MEC_USED', 'CLEAN', 'CLEAN', 'NEUTRAL', 'NEUTRAL', 'CLEAR', 'CLEAR', 'OPENING', 'BANCO_VAZIO')",13,6,9,66.667,CLEAN_HAZARD,30.769,1.671595,5.3206
"('SWEEPER', 'TANK', 'OFFENSIVE_ADV', 'SAFE', 'SAFE', 'NORMAL', 'FASTER', 'MEC_USED', 'CLEAN', 'CLEAN', 'NEUTRAL', 'NEUTRAL', 'CLEAR', 'CLEAR', 'OPENING', 'BANCO_OFF')",13,7,7,100.000,ATTACK_STRONG,30.769,1.778233,5.9194
"('TANK', 'UTILITY', 'VOLATILE', 'FULL', 'FULL', 'FIELD_SHARED', 'SLOWER', 'MEC_USED', 'CLEAN', 'CLEAN', 'NEUTRAL', 'NEUTRAL', 'CLEAR', 'CLEAR', 'OPENING', 'BANCO_OFF')",13,6,8,75.000,ATTACK_PIVOT,38.462,1.626021,5.0836
"('TANK', 'TANK', 'NEUTRAL', 'SAFE', 'FULL', 'NORMAL', 'FASTER', 'MEC_AVAIL', 'CLEAN', 'CLEAN', 'NEUTRAL', 'NEUTRAL', 'CLEAR', 'CLEAR', 'OPENING', 'BANCO_OFF')",13,9,16,56.250,BUFF,23.077,2.098147,8.1511
"('TANK', 'TANK', 'NEUTRAL', 'DANGER', 'FULL', 'NORMAL', 'FASTER', 'MEC_USED', 'CLEAN', 'CLEAN', 'NEUTRAL', 'NEUTRAL', 'CLEAR', 'CLEAR', 'OPENING', 'BANCO_AMBOS')",13,8,10,80.000,ATTACK_TECH,23.077,1.991509,7.3266
"('TANK', 'SWEEPER', 'OFFENSIVE_ADV', 'FULL', 'FULL', 'NORMAL', 'SLOWER', 'MEC_AVAIL', 'CLEAN', 'CLEAN', 'NEUTRAL', 'NEUTRAL', 'CLEAR', 'CLEAR', 'OPENING', 'BANCO_AMBOS')",13,1,12,8.333,ATTACK_STRONG_MEC,100.000,-0.000000,1.0000
"('TANK', 'TANK', 'NEUTRAL', 'DANGER', 'SAFE', 'NORMAL', 'SLOWER', 'MEC_USED', 'CLEAN', 'CLEAN', 'NEUTRAL', 'NEUTRAL', 'CLEAR', 'CLEAR', 'OPENING', 'BANCO_VAZIO')",13,7,12,58.333,SWITCH_OFFENSIVE,38.462,1.732659,5.6557
"('TANK', 'UTILITY', 'DOMINANT', 'FULL', 'FULL', 'NORMAL', 'SLOWER', 'MEC_USED', 'CLEAN', 'CLEAN', 'NEUTRAL', 'NEUTRAL', 'CLEAR', 'CLEAR', 'OPENING', 'BANCO_AMBOS')",13,7,11,63.636,STATUS,38.462,1.732659,5.6557
"('TANK', 'TANK', 'OFFENSIVE_ADV', 'FULL', 'FULL', 'FIELD_OURS_OFF', 'FASTER', 'MEC_AVAIL', 'CLEAN', 'CLEAN', 'NEUTRAL', 'NEUTRAL', 'CLEAR', 'CLEAR', 'OPENING', 'BANCO_OFF')",13,8,12,66.667,ATTACK_PIVOT_MEC,30.769,1.884871,6.5855
"('TANK', 'TANK', 'VOLATILE', 'FULL', 'FULL', 'FIELD_SHARED', 'SLOWER', 'MEC_USED', 'CLEAN', 'CLEAN', 'NEUTRAL', 'NEUTRAL', 'CLEAR', 'CLEAR', 'OPENING', 'BANCO_OFF')",13,8,11,72.727,CLEAN_HAZARD,23.077,1.951260,7.0375
"('TANK', 'TANK', 'CRITICAL_DIS', 'SAFE', 'FULL', 'NORMAL', 'SLOWER', 'MEC_USED', 'CLEAN', 'CLEAN', 'NEUTRAL', 'NEUTRAL', 'SET', 'CLEAR', 'RECOVERING', 'BANCO_VAZIO')",13,7,12,58.333,ATTACK_PIVOT,38.462,1.732659,5.6557
"('TANK', 'TANK', 'OFFENSIVE_DIS', 'SAFE', 'FULL', 'NORMAL', 'FASTER', 'MEC_USED', 'CLEAN', 'CLEAN', 'NEUTRAL', 'NEUTRAL', 'SET', 'SET', 'CLUTCH', 'BANCO_VAZIO')",13,2,11,18.182,STATUS,92.308,0.271189,1.3115
"('TANK', 'TANK', 'OFFENSIVE_ADV', 'FULL', 'FULL', 'NORMAL', 'FASTER', 'MEC_USED', 'AFFLICTED', 'CLEAN', 'NEUTRAL', 'NEUTRAL', 'SET', 'CLEAR', 'OPENING', 'BANCO_OFF')",13,7,10,70.000,BUFF,23.077,1.844621,6.3257
"('TANK', 'UTILITY', 'NEUTRAL', 'FULL', 'FULL', 'NORMAL', 'SLOWER', 'MEC_AVAIL', 'CLEAN', 'CLEAN', 'NEUTRAL', 'NEUTRAL', 'CLEAR', 'CLEAR', 'OPENING', 'BANCO_AMBOS')",13,8,16,50.000,FIELD_CONTROL_MEC,23.077,1.991509,7.3266
"('TANK', 'TANK', 'DEFENSIVE_DIS', 'FULL', 'FULL', 'FIELD_OURS_OFF', 'FASTER', 'MEC_USED', 'CLEAN', 'CLEAN', 'NEUTRAL', 'NEUTRAL', 'CLEAR', 'CLEAR', 'OPENING', 'BANCO_VAZIO')",13,5,6,83.333,ATTACK_PIVOT,53.846,1.303876,3.6835
"('TANK', 'SWEEPER', 'OFFENSIVE_DIS', 'FULL', 'FULL', 'FIELD_THEIRS', 'SLOWER', 'MEC_USED', 'CLEAN', 'CLEAN', 'NEUTRAL', 'NEUTRAL', 'CLEAR', 'CLEAR', 'OPENING', 'BANCO_OFF')",13,5,12,41.667,PROTECT,38.462,1.412745,4.1072
"('TANK', 'TANK', 'OFFENSIVE_ADV', 'SAFE', 'DANGER', 'NORMAL', 'SLOWER', 'MEC_USED', 'CLEAN', 'CLEAN', 'NEUTRAL', 'NEUTRAL', 'CLEAR', 'CLEAR', 'OPENING', 'BANCO_OFF')",13,9,12,75.000,ATTACK_STRONG,15.385,2.138397,8.4858
"('SWEEPER', 'TANK', 'VOLATILE', 'FULL', 'FULL', 'NORMAL', 'FASTER', 'MEC_USED', 'CLEAN', 'CLEAN', 'NEUTRAL', 'NEUTRAL', 'CLEAR', 'CLEAR', 'OPENING', 'BANCO_AMBOS')",13,7,7,100.000,SWITCH_DEFENSIVE,46.154,1.631345,5.1107
"('TANK', 'TANK', 'NEUTRAL', 'SAFE', 'FULL', 'FIELD_SHARED', 'SLOWER', 'MEC_USED', 'CLEAN', 'CLEAN', 'NEUTRAL', 'NEUTRAL', 'CLEAR', 'CLEAR', 'OPENING', 'BANCO_VAZIO')",13,8,14,57.143,HEAL,23.077,1.991509,7.3266
"('TANK', 'TANK', 'OFFENSIVE_DIS', 'DANGER', 'FULL', 'NORMAL', 'FASTER', 'MEC_USED', 'CLEAN', 'CLEAN', 'NEUTRAL', 'NEUTRAL', 'CLEAR', 'CLEAR', 'OPENING', 'BANCO_OFF')",13,10,12,83.333,SWITCH_OFFENSIVE,23.077,2.204785,9.0683
"('TANK', 'TANK', 'OFFENSIVE_DIS', 'FULL', 'FULL', 'FIELD_SHARED', 'FASTER', 'MEC_USED', 'AFFLICTED', 'CLEAN', 'NEUTRAL', 'NEUTRAL', 'CLEAR', 'CLEAR', 'OPENING', 'BANCO_AMBOS')",13,8,9,88.889,ATTACK_PIVOT,23.077,1.991509,7.3266
"('TANK', 'TANK', 'OFFENSIVE_ADV', 'FULL', 'FULL', 'NORMAL', 'FASTER', 'MEC_USED', 'CLEAN', 'CLEAN', 'NEUTRAL', 'NEUTRAL', 'CLEAR', 'CLEAR', 'BRAWL', 'BANCO_AMBOS')",13,3,10,30.000,ATTACK_STRONG,53.846,0.898137,2.4550
"('TANK', 'TANK', 'DEFENSIVE_DIS', 'CRIT', 'SAFE', 'NORMAL', 'FASTER', 'MEC_USED', 'CLEAN', 'CLEAN', 'NEUTRAL', 'NEUTRAL', 'CLEAR', 'CLEAR', 'OPENING', 'BANCO_OFF')",13,5,13,38.462,HEAL,53.846,1.303876,3.6835
"('SWEEPER', 'TANK', 'OFFENSIVE_ADV', 'FULL', 'FULL', 'NORMAL', 'FASTER', 'MEC_USED', 'CLEAN', 'CLEAN', 'NEUTRAL', 'NEUTRAL', 'CLEAR', 'CLEAR', 'BRAWL', 'BANCO_OFF')",13,6,8,75.000,SWITCH_DEFENSIVE,38.462,1.626021,5.0836
"('TANK', 'TANK', 'NEUTRAL', 'CRIT', 'SAFE', 'NORMAL', 'FASTER', 'MEC_USED', 'CLEAN', 'CLEAN', 'NEUTRAL', 'NEUTRAL', 'CLEAR', 'CLEAR', 'RECOVERING', 'BANCO_VAZIO')",13,9,11,81.818,ATTACK_PIVOT,15.385,2.138397,8.4858
"('SWEEPER', 'TANK', 'NEUTRAL', 'SAFE', 'FULL', 'FIELD_OURS_OFF', 'FASTER', 'MEC_USED', 'CLEAN', 'CLEAN', 'NEUTRAL', 'NEUTRAL', 'CLEAR', 'CLEAR', 'OPENING', 'BANCO_AMBOS')",13,7,10,70.000,ATTACK_STRONG,23.077,1.844621,6.3257
"('TANK', 'TANK', 'VOLATILE', 'SAFE', 'SAFE', 'NORMAL', 'FASTER', 'MEC_USED', 'CLEAN', 'CLEAN', 'NEUTRAL', 'NEUTRAL', 'SET', 'CLEAR', 'OPENING', 'BANCO_OFF')",13,7,10,70.000,SWITCH_DEFENSIVE,30.769,1.778233,5.9194
"('TANK', 'TANK', 'DEFENSIVE_DIS', 'FULL', 'SAFE', 'NORMAL', 'SLOWER', 'MEC_USED', 'CLEAN', 'CLEAN', 'NEUTRAL', 'NEUTRAL', 'SET', 'CLEAR', 'OPENING', 'BANCO_OFF')",13,6,11,54.545,ATTACK_STRONG,46.154,1.524707,4.5938
"('SWEEPER', 'TANK', 'OFFENSIVE_ADV', 'FULL', 'SAFE', 'NORMAL', 'FASTER', 'MEC_USED', 'CLEAN', 'CLEAN', 'NEUTRAL', 'NEUTRAL', 'CLEAR', 'CLEAR', 'OPENING', 'BANCO_AMBOS')",13,6,9,66.667,SWITCH_DEFENSIVE,23.077,1.778233,5.9194
"('TANK', 'TANK', 'NEUTRAL', 'FULL', 'FULL', 'FIELD_OURS_OFF', 'SLOWER', 'MEC_USED', 'CLEAN', 'CLEAN', 'NEUTRAL', 'NEUTRAL', 'CLEAR', 'CLEAR', 'OPENING', 'BANCO_DEF')",13,5,7,71.429,SWITCH_DEFENSIVE,30.769,1.564957,4.7825
"('TANK', 'TANK', 'NEUTRAL', 'FULL', 'FULL', 'NORMAL', 'FASTER', 'MEC_USED', 'CLEAN', 'CLEAN', 'BUFFED', 'NEUTRAL', 'SET', 'CLEAR', 'OPENING', 'BANCO_OFF')",13,4,5,80.000,ATTACK_STRONG,53.846,1.156988,3.1803
"('TANK', 'TANK', 'NEUTRAL', 'FULL', 'FULL', 'NORMAL', 'FASTER', 'MEC_USED', 'CLEAN', 'CLEAN', 'NEUTRAL', 'NEUTRAL', 'SET', 'CLEAR', 'RECOVERING', 'BANCO_VAZIO')",13,8,9,88.889,ATTACK_PIVOT,38.462,1.839297,6.2921
"('TANK', 'TANK', 'NEUTRAL', 'FULL', 'SAFE', 'NORMAL', 'FASTER', 'MEC_USED', 'CLEAN', 'CLEAN', 'NEUTRAL', 'NEUTRAL', 'CLEAR', 'CLEAR', 'BRAWL', 'BANCO_VAZIO')",13,8,12,66.667,STATUS,23.077,1.951260,7.0375
"('TANK', 'TANK', 'NEUTRAL', 'FULL', 'FULL', 'NORMAL', 'FASTER', 'MEC_AVAIL', 'CLEAN', 'CLEAN', 'NEUTRAL', 'NEUTRAL', 'SET', 'CLEAR', 'OPENING', 'BANCO_AMBOS')",13,8,20,40.000,SWITCH_OFFENSIVE,23.077,1.991509,7.3266
"('SWEEPER', 'TANK', 'OFFENSIVE_ADV', 'SAFE', 'FULL', 'NORMAL', 'FASTER', 'MEC_USED', 'CLEAN', 'CLEAN', 'NEUTRAL', 'NEUTRAL', 'CLEAR', 'CLEAR', 'BRAWL', 'BANCO_OFF')",13,5,9,55.556,SWITCH_OFFENSIVE,53.846,1.263626,3.5382
"('TANK', 'TANK', 'NEUTRAL', 'SAFE', 'SAFE', 'NORMAL', 'FASTER', 'MEC_AVAIL', 'CLEAN', 'CLEAN', 'NEUTRAL', 'NEUTRAL', 'CLEAR', 'CLEAR', 'OPENING', 'BANCO_OFF')",13,5,14,35.714,HEAL_MEC,69.231,1.043794,2.8400
"('TANK', 'TANK', 'NEUTRAL', 'FULL', 'SAFE', 'NORMAL', 'FASTER', 'MEC_USED', 'AFFLICTED', 'CLEAN', 'NEUTRAL', 'NEUTRAL', 'SET', 'CLEAR', 'OPENING', 'BANCO_OFF')",13,3,8,37.500,CLEAN_HAZARD,76.923,0.687092,1.9879
"('TANK', 'TANK', 'NEUTRAL', 'SAFE', 'FULL', 'NORMAL', 'FASTER', 'MEC_USED', 'CLEAN', 'CLEAN', 'NEUTRAL', 'NEUTRAL', 'SET', 'SET', 'BRAWL', 'BANCO_OFF')",13,5,11,45.455,HEAL,61.538,1.178655,3.2500
"('SWEEPER', 'TANK', 'DOMINANT', 'SAFE', 'SAFE', 'NORMAL', 'FASTER', 'MEC_USED', 'CLEAN', 'CLEAN', 'NEUTRAL', 'NEUTRAL', 'CLEAR', 'CLEAR', 'CLUTCH', 'BANCO_VAZIO')",12,1,1,100.000,ATTACK_STRONG,100.000,-0.000000,1.0000
"('TANK', 'TANK', 'OFFENSIVE_ADV', 'FULL', 'FULL', 'NORMAL', 'SLOWER', 'MEC_USED', 'CLEAN', 'CLEAN', 'NEUTRAL', 'NEUTRAL', 'CLEAR', 'SET', 'RECOVERING', 'BANCO_VAZIO')",12,8,11,72.727,ATTACK_PIVOT,25.000,1.979205,7.2370
"('TANK', 'TANK', 'NEUTRAL', 'SAFE', 'FULL', 'NORMAL', 'FASTER', 'MEC_USED', 'CLEAN', 'CLEAN', 'NEUTRAL', 'NEUTRAL', 'CLEAR', 'CLEAR', 'OPENING', 'BANCO_DEF')",12,8,10,80.000,HEAL,25.000,1.979205,7.2370
"('TANK', 'TANK', 'OFFENSIVE_ADV', 'FULL', 'FULL', 'NORMAL', 'SLOWER', 'MEC_USED', 'CLEAN', 'CLEAN', 'NEUTRAL', 'NEUTRAL', 'SET', 'CLEAR', 'BRAWL', 'BANCO_OFF')",12,7,10,70.000,ATTACK_TECH,33.333,1.791759,6.0000
"('TANK', 'TANK', 'DEFENSIVE_DIS', 'FULL', 'SAFE', 'NORMAL', 'FASTER', 'MEC_USED', 'CLEAN', 'CLEAN', 'NEUTRAL', 'NEUTRAL', 'CLEAR', 'CLEAR', 'RECOVERING', 'BANCO_VAZIO')",12,8,9,88.889,ATTACK_STRONG,25.000,1.935601,6.9282
"('TANK', 'TANK', 'CRITICAL_DIS', 'FULL', 'SAFE', 'NORMAL', 'SLOWER', 'MEC_USED', 'CLEAN', 'AFFLICTED', 'NEUTRAL', 'NEUTRAL', 'CLEAR', 'SET', 'RECOVERING', 'BANCO_VAZIO')",12,4,5,80.000,STAT_CLEAN,41.667,1.236685,3.4442
"('TANK', 'TANK', 'NEUTRAL', 'SAFE', 'SAFE', 'NORMAL', 'FASTER', 'MEC_USED', 'AFFLICTED', 'CLEAN', 'NEUTRAL', 'NEUTRAL', 'CLEAR', 'CLEAR', 'OPENING', 'BANCO_VAZIO')",12,7,9,77.778,CLEAN_HAZARD,25.000,1.863680,6.4474
"('TANK', 'TANK', 'OFFENSIVE_DIS', 'SAFE', 'FULL', 'NORMAL', 'FASTER', 'MEC_USED', 'CLEAN', 'CLEAN', 'NEUTRAL', 'NEUTRAL', 'SET', 'CLEAR', 'BRAWL', 'BANCO_OFF')",12,5,11,45.455,HAZARD,33.333,1.473502,4.3645
"('TANK', 'TANK', 'OFFENSIVE_ADV', 'FULL', 'CRIT', 'NORMAL', 'SLOWER', 'MEC_USED', 'CLEAN', 'CLEAN', 'NEUTRAL', 'NEUTRAL', 'CLEAR', 'CLEAR', 'OPENING', 'BANCO_OFF')",12,9,13,69.231,ATTACK_STRONG,25.000,2.094729,8.1232
"('TANK', 'TANK', 'OFFENSIVE_DIS', 'SAFE', 'FULL', 'NORMAL', 'SLOWER', 'MEC_USED', 'CLEAN', 'CLEAN', 'BUFFED', 'NEUTRAL', 'CLEAR', 'CLEAR', 'OPENING', 'BANCO_OFF')",12,5,8,62.500,ATTACK_STRONG,58.333,1.234268,3.4359
"('TANK', 'TANK', 'OFFENSIVE_DIS', 'FULL', 'DANGER', 'NORMAL', 'FASTER', 'MEC_USED', 'CLEAN', 'CLEAN', 'NEUTRAL', 'NEUTRAL', 'CLEAR', 'CLEAR', 'OPENING', 'BANCO_OFF')",12,10,13,76.923,ATTACK_PIVOT,16.667,2.253858,9.5244
"('TANK', 'TANK', 'NEUTRAL', 'FULL', 'FULL', 'FIELD_SHARED', 'SLOWER', 'MEC_USED', 'CLEAN', 'CLEAN', 'NEUTRAL', 'NEUTRAL', 'SET', 'CLEAR', 'OPENING', 'BANCO_AMBOS')",12,8,12,66.667,HAZARD,33.333,1.907284,6.7348
"('SWEEPER', 'TANK', 'NEUTRAL', 'DANGER', 'FULL', 'NORMAL', 'FASTER', 'MEC_USED', 'CLEAN', 'CLEAN', 'NEUTRAL', 'NEUTRAL', 'CLEAR', 'CLEAR', 'OPENING', 'BANCO_AMBOS')",12,7,8,87.500,ATTACK_STRONG,25.000,1.820076,6.1723
"('TANK', 'TANK', 'OFFENSIVE_DIS', 'FULL', 'SAFE', 'NORMAL', 'SLOWER', 'MEC_USED', 'CLEAN', 'CLEAN', 'NEUTRAL', 'NEUTRAL', 'CLEAR', 'CLEAR', 'RECOVERING', 'BANCO_VAZIO')",12,5,10,50.000,ATTACK_TECH,50.000,1.357978,3.8883
"('TANK', 'TANK', 'DEFENSIVE_ADV', 'FULL', 'FULL', 'NORMAL', 'SLOWER', 'MEC_USED', 'CLEAN', 'CLEAN', 'NEUTRAL', 'NEUTRAL', 'SET', 'CLEAR', 'OPENING', 'BANCO_AMBOS')",12,5,11,45.455,ATTACK_TECH,50.000,1.357978,3.8883
"('TANK', 'TANK', 'VOLATILE', 'FULL', 'FULL', 'NORMAL', 'SLOWER', 'MEC_USED', 'CLEAN', 'CLEAN', 'NEUTRAL', 'NEUTRAL', 'SET', 'CLEAR', 'OPENING', 'BANCO_OFF')",12,7,10,70.000,ATTACK_TECH,33.333,1.791759,6.0000
"('SWEEPER', 'TANK', 'NEUTRAL', 'SAFE', 'FULL', 'NORMAL', 'FASTER', 'MEC_USED', 'CLEAN', 'CLEAN', 'NEUTRAL', 'NEUTRAL', 'CLEAR', 'CLEAR', 'OPENING', 'BANCO_VAZIO')",12,9,10,90.000,HEAL,25.000,2.094729,8.1232
"('UTILITY', 'TANK', 'OFFENSIVE_ADV', 'FULL', 'FULL', 'NORMAL', 'FASTER', 'MEC_USED', 'CLEAN', 'CLEAN', 'NEUTRAL', 'NEUTRAL', 'SET', 'CLEAR', 'OPENING', 'BANCO_OFF')",12,7,9,77.778,ATTACK_STRONG,25.000,1.820076,6.1723
"('TANK', 'TANK', 'NEUTRAL', 'DANGER', 'FULL', 'NORMAL', 'SLOWER', 'MEC_USED', 'CLEAN', 'CLEAN', 'NEUTRAL', 'NEUTRAL', 'CLEAR', 'CLEAR', 'OPENING', 'BANCO_AMBOS')",12,9,14,64.286,SWITCH_DEFENSIVE,25.000,2.094729,8.1232
"('TANK', 'TANK', 'NEUTRAL', 'FULL', 'FULL', 'NORMAL', 'FASTER', 'MEC_AVAIL', 'CLEAN', 'CLEAN', 'BUFFED', 'NEUTRAL', 'CLEAR', 'CLEAR', 'OPENING', 'BANCO_AMBOS')",12,3,6,50.000,ATTACK_STRONG_MEC,83.333,0.566086,1.7614
"('TANK', 'TANK', 'DOMINANT', 'FULL', 'FULL', 'FIELD_OURS_OFF', 'SLOWER', 'MEC_USED', 'CLEAN', 'CLEAN', 'NEUTRAL', 'NEUTRAL', 'CLEAR', 'CLEAR', 'OPENING', 'BANCO_AMBOS')",12,3,10,30.000,CLEAN_HAZARD,66.667,0.823959,2.2795
"('TANK', 'SWEEPER', 'DEFENSIVE_DIS', 'FULL', 'FULL', 'FIELD_OURS_OFF', 'SLOWER', 'MEC_USED', 'CLEAN', 'CLEAN', 'NEUTRAL', 'NEUTRAL', 'CLEAR', 'CLEAR', 'OPENING', 'BANCO_AMBOS')",12,5,7,71.429,SWITCH_DEFENSIVE,50.000,1.357978,3.8883
"('TANK', 'TANK', 'OFFENSIVE_ADV', 'CRIT', 'FULL', 'NORMAL', 'FASTER', 'MEC_USED', 'CLEAN', 'CLEAN', 'NEUTRAL', 'NEUTRAL', 'SET', 'CLEAR', 'OPENING', 'BANCO_OFF')",12,9,11,81.818,STATUS,16.667,2.138333,8.4853
"('UTILITY', 'TANK', 'CRITICAL_DIS', 'FULL', 'FULL', 'FIELD_SHARED', 'FASTER', 'MEC_AVAIL', 'CLEAN', 'CLEAN', 'NEUTRAL', 'NEUTRAL', 'CLEAR', 'CLEAR', 'OPENING', 'BANCO_AMBOS')",12,5,8,62.500,SWITCH_DEFENSIVE,41.667,1.424130,4.1542
"('TANK', 'TANK', 'DEFENSIVE_DIS', 'SAFE', 'FULL', 'NORMAL', 'SLOWER', 'MEC_USED', 'CLEAN', 'CLEAN', 'NEUTRAL', 'NEUTRAL', 'SET', 'CLEAR', 'OPENING', 'BANCO_OFF')",12,7,14,50.000,BUFF,25.000,1.863680,6.4474
"('TANK', 'TANK', 'VOLATILE', 'SAFE', 'FULL', 'NORMAL', 'FASTER', 'MEC_AVAIL', 'CLEAN', 'CLEAN', 'NEUTRAL', 'NEUTRAL', 'CLEAR', 'CLEAR', 'OPENING', 'BANCO_OFF')",12,7,14,50.000,ATTACK_STRONG_MEC,41.667,1.698783,5.4673
"('TANK', 'TANK', 'OFFENSIVE_ADV', 'SAFE', 'FULL', 'NORMAL', 'FASTER', 'MEC_USED', 'CLEAN', 'CLEAN', 'NEUTRAL', 'NEUTRAL', 'CLEAR', 'SET', 'OPENING', 'BANCO_OFF')",12,6,11,54.545,HAZARD,25.000,1.704551,5.4989
"('TANK', 'TANK', 'OFFENSIVE_DIS', 'FULL', 'FULL', 'FIELD_OURS_OFF', 'SLOWER', 'MEC_USED', 'CLEAN', 'CLEAN', 'NEUTRAL', 'NEUTRAL', 'CLEAR', 'CLEAR', 'OPENING', 'BANCO_OFF')",12,9,12,75.000,ATTACK_TECH,16.667,2.138333,8.4853
"('TANK', 'TANK', 'VOLATILE', 'SAFE', 'FULL', 'NORMAL', 'FASTER', 'MEC_USED', 'CLEAN', 'CLEAN', 'NEUTRAL', 'NEUTRAL', 'SET', 'CLEAR', 'BRAWL', 'BANCO_OFF')",12,7,8,87.500,ATTACK_STRONG,33.333,1.791759,6.0000
"('TANK', 'TANK', 'CRITICAL_DIS', 'FULL', 'FULL', 'FIELD_OURS_OFF', 'SLOWER', 'MEC_USED', 'CLEAN', 'CLEAN', 'NEUTRAL', 'NEUTRAL', 'CLEAR', 'CLEAR', 'OPENING', 'BANCO_OFF')",12,7,12,58.333,HEAL,25.000,1.820076,6.1723
"('TANK', 'TANK', 'DEFENSIVE_DIS', 'CRIT', 'FULL', 'NORMAL', 'FASTER', 'MEC_USED', 'CLEAN', 'CLEAN', 'NEUTRAL', 'NEUTRAL', 'CLEAR', 'CLEAR', 'RECOVERING', 'BANCO_VAZIO')",12,7,12,58.333,ATTACK_TECH,16.667,1.907284,6.7348
"('SWEEPER', 'TANK', 'NEUTRAL', 'SAFE', 'FULL', 'FIELD_OURS_OFF', 'FASTER', 'MEC_USED', 'CLEAN', 'CLEAN', 'NEUTRAL', 'NEUTRAL', 'CLEAR', 'CLEAR', 'OPENING', 'BANCO_OFF')",12,6,9,66.667,SWITCH_OFFENSIVE,33.333,1.676235,5.3454
"('TANK', 'TANK', 'NEUTRAL', 'DANGER', 'SAFE', 'NORMAL', 'SLOWER', 'MEC_USED', 'CLEAN', 'CLEAN', 'NEUTRAL', 'NEUTRAL', 'CLEAR', 'CLEAR', 'RECOVERING', 'BANCO_VAZIO')",12,9,14,64.286,SWITCH_DEFENSIVE,25.000,2.094729,8.1232
"('TANK', 'TANK', 'NEUTRAL', 'DANGER', 'SAFE', 'NORMAL', 'FASTER', 'MEC_USED', 'CLEAN', 'CLEAN', 'NEUTRAL', 'NEUTRAL', 'CLEAR', 'CLEAR', 'BRAWL', 'BANCO_OFF')",12,6,12,50.000,HEAL,58.333,1.349792,3.8566
"('TANK', 'TANK', 'NEUTRAL', 'FULL', 'SAFE', 'FIELD_SHARED', 'SLOWER', 'MEC_USED', 'CLEAN', 'CLEAN', 'NEUTRAL', 'NEUTRAL', 'SET', 'CLEAR', 'OPENING', 'BANCO_OFF')",12,7,10,70.000,SWITCH_OFFENSIVE,33.333,1.748155,5.7440
"('TANK', 'TANK', 'NEUTRAL', 'FULL', 'FULL', 'NORMAL', 'FASTER', 'MEC_USED', 'CLEAN', 'CLEAN', 'BUFFED', 'NEUTRAL', 'CLEAR', 'CLEAR', 'OPENING', 'BANCO_AMBOS')",12,3,7,42.857,ATTACK_STRONG,58.333,0.959615,2.6107
"('TANK', 'TANK', 'OFFENSIVE_ADV', 'FULL', 'DANGER', 'FIELD_SHARED', 'FASTER', 'MEC_USED', 'CLEAN', 'CLEAN', 'NEUTRAL', 'NEUTRAL', 'CLEAR', 'CLEAR', 'OPENING', 'BANCO_OFF')",12,6,9,66.667,SWITCH_OFFENSIVE,25.000,1.748155,5.7440
"('TANK', 'TANK', 'NEUTRAL', 'FULL', 'DANGER', 'NORMAL', 'FASTER', 'MEC_USED', 'CLEAN', 'CLEAN', 'NEUTRAL', 'NEUTRAL', 'SET', 'CLEAR', 'OPENING', 'BANCO_OFF')",12,5,13,38.462,STATUS,41.667,1.424130,4.1542
"('TANK', 'TANK', 'OFFENSIVE_ADV', 'SAFE', 'SAFE', 'FIELD_OURS_OFF', 'FASTER', 'MEC_USED', 'CLEAN', 'CLEAN', 'NEUTRAL', 'NEUTRAL', 'CLEAR', 'CLEAR', 'OPENING', 'BANCO_OFF')",12,7,11,63.636,STATUS,25.000,1.820076,6.1723
"('TANK', 'TANK', 'NEUTRAL', 'FULL', 'SAFE', 'NORMAL', 'SLOWER', 'MEC_USED', 'CLEAN', 'CLEAN', 'NEUTRAL', 'NEUTRAL', 'CLEAR', 'CLEAR', 'OPENING', 'BANCO_DEF')",12,7,12,58.333,STAT_CLEAN,41.667,1.698783,5.4673
"('TANK', 'TANK', 'DEFENSIVE_DIS', 'SAFE', 'SAFE', 'FIELD_OURS_OFF', 'SLOWER', 'MEC_USED', 'CLEAN', 'CLEAN', 'NEUTRAL', 'NEUTRAL', 'CLEAR', 'CLEAR', 'OPENING', 'BANCO_OFF')",12,4,7,57.143,SWITCH_OFFENSIVE,41.667,1.236685,3.4442
"('TANK', 'TANK', 'DEFENSIVE_DIS', 'SAFE', 'SAFE', 'NORMAL', 'SLOWER', 'MEC_USED', 'CLEAN', 'CLEAN', 'NEUTRAL', 'NEUTRAL', 'SET', 'SET', 'RECOVERING', 'BANCO_VAZIO')",12,6,13,46.154,STAT_CLEAN,33.333,1.632631,5.1173
"('TANK', 'TANK', 'OFFENSIVE_DIS', 'FULL', 'SAFE', 'FIELD_SHARED', 'SLOWER', 'MEC_USED', 'CLEAN', 'CLEAN', 'NEUTRAL', 'NEUTRAL', 'CLEAR', 'CLEAR', 'OPENING', 'BANCO_OFF')",12,7,12,58.333,ATTACK_STRONG,33.333,1.791759,6.0000
"('TANK', 'TANK', 'NEUTRAL', 'FULL', 'CRIT', 'NORMAL', 'FASTER', 'MEC_USED', 'CLEAN', 'CLEAN', 'NEUTRAL', 'NEUTRAL', 'CLEAR', 'CLEAR', 'OPENING', 'BANCO_OFF')",12,7,12,58.333,ATTACK_TECH,33.333,1.791759,6.0000
"('TANK', 'TANK', 'NEUTRAL', 'SAFE', 'DANGER', 'NORMAL', 'SLOWER', 'MEC_USED', 'CLEAN', 'CLEAN', 'NEUTRAL', 'NEUTRAL', 'SET', 'CLEAR', 'OPENING', 'BANCO_OFF')",12,6,11,54.545,ATTACK_TECH,41.667,1.539654,4.6630
"('TANK', 'SWEEPER', 'CRITICAL_DIS', 'SAFE', 'FULL', 'NORMAL', 'SLOWER', 'MEC_USED', 'CLEAN', 'CLEAN', 'NEUTRAL', 'NEUTRAL', 'CLEAR', 'CLEAR', 'OPENING', 'BANCO_OFF')",12,4,10,40.000,ATTACK_PIVOT,50.000,1.198849,3.3163
"('TANK', 'TANK', 'OFFENSIVE_ADV', 'DANGER', 'SAFE', 'NORMAL', 'FASTER', 'MEC_USED', 'CLEAN', 'CLEAN', 'NEUTRAL', 'NEUTRAL', 'SET', 'CLEAR', 'OPENING', 'BANCO_OFF')",12,8,10,80.000,STATUS,25.000,1.979205,7.2370
"('TANK', 'TANK', 'NEUTRAL', 'SAFE', 'SAFE', 'NORMAL', 'SLOWER', 'MEC_USED', 'CLEAN', 'CLEAN', 'NEUTRAL', 'NEUTRAL', 'SET', 'SET', 'BRAWL', 'BANCO_VAZIO')",12,2,8,25.000,STAT_CLEAN,66.667,0.636514,1.8899
"('UTILITY', 'TANK', 'DOMINANT', 'FULL', 'FULL', 'FIELD_THEIRS', 'SLOWER', 'MEC_USED', 'CLEAN', 'CLEAN', 'NEUTRAL', 'NEUTRAL', 'CLEAR', 'CLEAR', 'OPENING', 'BANCO_AMBOS')",12,4,6,66.667,ATTACK_PIVOT,50.000,1.126929,3.0862
"('TANK', 'TANK', 'OFFENSIVE_DIS', 'FULL', 'FULL', 'NORMAL', 'SLOWER', 'MEC_USED', 'AFFLICTED', 'AFFLICTED', 'NEUTRAL', 'NEUTRAL', 'CLEAR', 'SET', 'CLUTCH', 'BANCO_VAZIO')",12,2,9,22.222,HEAL,91.667,0.286836,1.3322
"('TANK', 'TANK', 'OFFENSIVE_ADV', 'FULL', 'SAFE', 'FIELD_SHARED', 'FASTER', 'MEC_USED', 'CLEAN', 'CLEAN', 'NEUTRAL', 'DEBUFF', 'CLEAR', 'CLEAR', 'OPENING', 'BANCO_OFF')",12,7,9,77.778,SWITCH_OFFENSIVE,33.333,1.791759,6.0000
"('TANK', 'TANK', 'NEUTRAL', 'FULL', 'FULL', 'NORMAL', 'FASTER', 'MEC_USED', 'AFFLICTED', 'AFFLICTED', 'DEBUFF', 'DEBUFF_DEBUFF', 'SET', 'SET', 'CLUTCH', 'BANCO_VAZIO')",12,1,3,33.333,HEAL,100.000,-0.000000,1.0000
"('TANK', 'TANK', 'NEUTRAL', 'SAFE', 'FULL', 'NORMAL', 'SLOWER', 'MEC_USED', 'CLEAN', 'CLEAN', 'NEUTRAL', 'NEUTRAL', 'CLEAR', 'CLEAR', 'CLUTCH', 'BANCO_VAZIO')",12,4,14,28.571,HEAL,66.667,0.983088,2.6727
"('TANK', 'TANK', 'NEUTRAL', 'FULL', 'FULL', 'NORMAL', 'FASTER', 'MEC_USED', 'AFFLICTED', 'AFFLICTED', 'NEUTRAL', 'BUFFED_DEBUFF', 'CLEAR', 'SET', 'CLUTCH', 'BANCO_VAZIO')",11,2,2,100.000,HAZARD,90.909,0.304636,1.3561
"('TANK', 'TANK', 'DEFENSIVE_DIS', 'DANGER', 'FULL', 'NORMAL', 'FASTER', 'MEC_USED', 'CLEAN', 'CLEAN', 'NEUTRAL', 'NEUTRAL', 'CLEAR', 'CLEAR', 'RECOVERING', 'BANCO_VAZIO')",11,9,12,75.000,CLEAN_HAZARD,27.273,2.098274,8.1521
"('TANK', 'TANK', 'CRITICAL_DIS', 'FULL', 'FULL', 'FIELD_OURS_OFF', 'FASTER', 'MEC_USED', 'CLEAN', 'CLEAN', 'NEUTRAL', 'NEUTRAL', 'CLEAR', 'CLEAR', 'OPENING', 'BANCO_AMBOS')",11,5,8,62.500,SWITCH_OFFENSIVE,45.455,1.414279,4.1135
"('TANK', 'TANK', 'DOMINANT', 'SAFE', 'SAFE', 'NORMAL', 'SLOWER', 'MEC_USED', 'CLEAN', 'CLEAN', 'NEUTRAL', 'NEUTRAL', 'CLEAR', 'CLEAR', 'OPENING', 'BANCO_OFF')",11,8,11,72.727,STATUS,18.182,2.019815,7.5369
"('TANK', 'UTILITY', 'OFFENSIVE_DIS', 'FULL', 'FULL', 'FIELD_THEIRS', 'SLOWER', 'MEC_USED', 'CLEAN', 'CLEAN', 'NEUTRAL', 'NEUTRAL', 'CLEAR', 'CLEAR', 'OPENING', 'BANCO_OFF')",11,8,12,66.667,ATTACK_TECH,18.182,2.019815,7.5369
"('TANK', 'SWEEPER', 'DOMINANT', 'SAFE', 'FULL', 'NORMAL', 'SLOWER', 'MEC_USED', 'CLEAN', 'CLEAN', 'NEUTRAL', 'NEUTRAL', 'CLEAR', 'CLEAR', 'OPENING', 'BANCO_AMBOS')",11,5,8,62.500,ATTACK_STRONG,54.545,1.294545,3.6493
"('TANK', 'TANK', 'OFFENSIVE_DIS', 'DANGER', 'SAFE', 'NORMAL', 'SLOWER', 'MEC_USED', 'CLEAN', 'CLEAN', 'NEUTRAL', 'NEUTRAL', 'CLEAR', 'CLEAR', 'OPENING', 'BANCO_OFF')",11,6,11,54.545,STATUS,36.364,1.641735,5.1641
"('TANK', 'TANK', 'OFFENSIVE_DIS', 'SAFE', 'SAFE', 'NORMAL', 'SLOWER', 'MEC_USED', 'CLEAN', 'CLEAN', 'NEUTRAL', 'NEUTRAL', 'SET', 'CLEAR', 'BRAWL', 'BANCO_OFF')",11,5,10,50.000,HAZARD,45.455,1.366711,3.9224
"('UTILITY', 'UTILITY', 'NEUTRAL', 'FULL', 'FULL', 'NORMAL', 'SLOWER', 'MEC_USED', 'CLEAN', 'CLEAN', 'NEUTRAL', 'NEUTRAL', 'CLEAR', 'CLEAR', 'OPENING', 'BANCO_AMBOS')",11,4,8,50.000,SWITCH_OFFENSIVE,45.455,1.240684,3.4580
"('TANK', 'TANK', 'OFFENSIVE_ADV', 'FULL', 'FULL', 'NORMAL', 'FASTER', 'MEC_USED', 'CLEAN', 'CLEAN', 'NEUTRAL', 'NEUTRAL', 'SET', 'SET', 'OPENING', 'BANCO_AMBOS')",11,8,11,72.727,BUFF,18.182,2.019815,7.5369
"('TANK', 'TANK', 'OFFENSIVE_ADV', 'SAFE', 'FULL', 'NORMAL', 'SLOWER', 'MEC_USED', 'CLEAN', 'CLEAN', 'NEUTRAL', 'NEUTRAL', 'CLEAR', 'CLEAR', 'OPENING', 'BANCO_VAZIO')",11,6,12,50.000,SWITCH_DEFENSIVE,27.273,1.720193,5.5856
"('TANK', 'TANK', 'NEUTRAL', 'FULL', 'SAFE', 'NORMAL', 'SLOWER', 'MEC_USED', 'CLEAN', 'CLEAN', 'NEUTRAL', 'NEUTRAL', 'SET', 'SET', 'OPENING', 'BANCO_OFF')",11,4,11,36.364,HAZARD,36.364,1.342113,3.8271
"('TANK', 'TANK', 'OFFENSIVE_DIS', 'SAFE', 'DANGER', 'NORMAL', 'FASTER', 'MEC_USED', 'CLEAN', 'CLEAN', 'NEUTRAL', 'NEUTRAL', 'CLEAR', 'CLEAR', 'OPENING', 'BANCO_OFF')",11,8,12,66.667,ATTACK_STRONG,18.182,2.019815,7.5369
"('TANK', 'TANK', 'NEUTRAL', 'CRIT', 'FULL', 'NORMAL', 'FASTER', 'MEC_USED', 'CLEAN', 'CLEAN', 'NEUTRAL', 'NEUTRAL', 'CLEAR', 'CLEAR', 'OPENING', 'BANCO_AMBOS')",11,8,12,66.667,SWITCH_OFFENSIVE,36.364,1.893788,6.6445
"('TANK', 'TANK', 'NEUTRAL', 'SAFE', 'FULL', 'NORMAL', 'FASTER', 'MEC_USED', 'CLEAN', 'CLEAN', 'NEUTRAL', 'NEUTRAL', 'SET', 'CLEAR', 'BRAWL', 'BANCO_OFF')",11,7,11,63.636,SWITCH_OFFENSIVE,27.273,1.846220,6.3358
"('TANK', 'TANK', 'NEUTRAL', 'SAFE', 'FULL', 'NORMAL', 'FASTER', 'MEC_USED', 'AFFLICTED', 'CLEAN', 'NEUTRAL', 'NEUTRAL', 'CLEAR', 'CLEAR', 'RECOVERING', 'BANCO_VAZIO')",11,5,10,50.000,ATTACK_PIVOT,27.273,1.546599,4.6955
"('TANK', 'TANK', 'DEFENSIVE_DIS', 'FULL', 'FULL', 'NORMAL', 'SLOWER', 'MEC_USED', 'CLEAN', 'CLEAN', 'NEUTRAL', 'NEUTRAL', 'CLEAR', 'CLEAR', 'BRAWL', 'BANCO_OFF')",11,6,10,60.000,SWITCH_DEFENSIVE,36.364,1.594167,4.9242
"('TANK', 'TANK', 'OFFENSIVE_ADV', 'SAFE', 'SAFE', 'NORMAL', 'FASTER', 'MEC_USED', 'CLEAN', 'CLEAN', 'NEUTRAL', 'NEUTRAL', 'SET', 'SET', 'OPENING', 'BANCO_OFF')",11,5,11,45.455,SWITCH_OFFENSIVE,63.636,1.159589,3.1886
"('TANK', 'SWEEPER', 'OFFENSIVE_ADV', 'FULL', 'FULL', 'FIELD_THEIRS', 'SLOWER', 'MEC_USED', 'CLEAN', 'CLEAN', 'NEUTRAL', 'BUFFED', 'CLEAR', 'CLEAR', 'OPENING', 'BANCO_OFF')",11,6,7,85.714,ATTACK_STRONG,54.545,1.420572,4.1395
"('TANK', 'TANK', 'OFFENSIVE_ADV', 'FULL', 'SAFE', 'NORMAL', 'SLOWER', 'MEC_USED', 'CLEAN', 'CLEAN', 'NEUTRAL', 'NEUTRAL', 'CLEAR', 'CLEAR', 'OPENING', 'BANCO_AMBOS')",11,7,10,70.000,ATTACK_PIVOT,27.273,1.846220,6.3358
"('TANK', 'TANK', 'OFFENSIVE_DIS', 'SAFE', 'SAFE', 'NORMAL', 'SLOWER', 'MEC_USED', 'CLEAN', 'CLEAN', 'NEUTRAL', 'NEUTRAL', 'CLEAR', 'SET', 'RECOVERING', 'BANCO_VAZIO')",11,3,11,27.273,HAZARD,54.545,0.916465,2.5004
"('UTILITY', 'TANK', 'OFFENSIVE_ADV', 'FULL', 'FULL', 'NORMAL', 'FASTER', 'MEC_USED', 'CLEAN', 'CLEAN', 'NEUTRAL', 'NEUTRAL', 'CLEAR', 'CLEAR', 'OPENING', 'BANCO_DEF')",11,7,8,87.500,ATTACK_STRONG,18.182,1.893788,6.6445
"('TANK', 'TANK', 'DOMINANT', 'FULL', 'SAFE', 'NORMAL', 'FASTER', 'MEC_USED', 'CLEAN', 'CLEAN', 'NEUTRAL', 'NEUTRAL', 'CLEAR', 'CLEAR', 'OPENING', 'BANCO_VAZIO')",11,8,11,72.727,STATUS,36.364,1.893788,6.6445
"('TANK', 'TANK', 'OFFENSIVE_ADV', 'SAFE', 'FULL', 'NORMAL', 'FASTER', 'MEC_USED', 'CLEAN', 'CLEAN', 'NEUTRAL', 'NEUTRAL', 'CLEAR', 'CLEAR', 'RECOVERING', 'BANCO_VAZIO')",11,5,8,62.500,ATTACK_STRONG,27.273,1.546599,4.6955
"('TANK', 'TANK', 'NEUTRAL', 'SAFE', 'CRIT', 'NORMAL', 'SLOWER', 'MEC_USED', 'CLEAN', 'CLEAN', 'NEUTRAL', 'NEUTRAL', 'SET', 'CLEAR', 'OPENING', 'BANCO_OFF')",11,5,13,38.462,STATUS,27.273,1.546599,4.6955
"('TANK', 'TANK', 'NEUTRAL', 'SAFE', 'SAFE', 'NORMAL', 'FASTER', 'MEC_USED', 'CLEAN', 'CLEAN', 'NEUTRAL', 'NEUTRAL', 'CLEAR', 'SET', 'OPENING', 'BANCO_OFF')",11,6,12,50.000,SWITCH_DEFENSIVE,36.364,1.594167,4.9242
"('TANK', 'TANK', 'DOMINANT', 'SAFE', 'FULL', 'NORMAL', 'FASTER', 'MEC_AVAIL', 'CLEAN', 'CLEAN', 'NEUTRAL', 'NEUTRAL', 'CLEAR', 'CLEAR', 'OPENING', 'BANCO_OFF')",11,5,8,62.500,STATUS_MEC,54.545,1.294545,3.6493
"('SWEEPER', 'SWEEPER', 'DEFENSIVE_DIS', 'FULL', 'FULL', 'FIELD_THEIRS', 'SLOWER', 'MEC_USED', 'CLEAN', 'CLEAN', 'NEUTRAL', 'NEUTRAL', 'CLEAR', 'CLEAR', 'OPENING', 'BANCO_OFF')",11,4,5,80.000,HAZARD,63.636,1.033562,2.8111
"('TANK', 'TANK', 'VOLATILE', 'SAFE', 'SAFE', 'NORMAL', 'SLOWER', 'MEC_USED', 'CLEAN', 'CLEAN', 'NEUTRAL', 'NEUTRAL', 'CLEAR', 'CLEAR', 'OPENING', 'BANCO_OFF')",11,3,8,37.500,SWITCH_DEFENSIVE,54.545,0.994924,2.7045
"('TANK', 'TANK', 'NEUTRAL', 'FULL', 'SAFE', 'NORMAL', 'FASTER', 'MEC_USED', 'AFFLICTED', 'CLEAN', 'NEUTRAL', 'NEUTRAL', 'CLEAR', 'CLEAR', 'CLUTCH', 'BANCO_VAZIO')",11,2,7,28.571,ATTACK_STRONG,90.909,0.304636,1.3561
"('TANK', 'TANK', 'NEUTRAL', 'SAFE', 'CRIT', 'NORMAL', 'FASTER', 'MEC_USED', 'CLEAN', 'CLEAN', 'NEUTRAL', 'NEUTRAL', 'CLEAR', 'CLEAR', 'OPENING', 'BANCO_VAZIO')",11,6,10,60.000,ATTACK_STRONG,36.364,1.641735,5.1641
"('TANK', 'TANK', 'DEFENSIVE_DIS', 'FULL', 'SAFE', 'FIELD_OURS_OFF', 'FASTER', 'MEC_USED', 'CLEAN', 'CLEAN', 'NEUTRAL', 'NEUTRAL', 'CLEAR', 'CLEAR', 'OPENING', 'BANCO_OFF')",11,8,10,80.000,PROTECT,27.273,1.972247,7.1868
"('TANK', 'TANK', 'DEFENSIVE_DIS', 'SAFE', 'FULL', 'FIELD_OURS_OFF', 'FASTER', 'MEC_USED', 'CLEAN', 'CLEAN', 'NEUTRAL', 'NEUTRAL', 'CLEAR', 'CLEAR', 'OPENING', 'BANCO_AMBOS')",11,6,10,60.000,ATTACK_TECH,27.273,1.672625,5.3261
"('TANK', 'TANK', 'OFFENSIVE_ADV', 'SAFE', 'FULL', 'NORMAL', 'FASTER', 'MEC_USED', 'AFFLICTED', 'CLEAN', 'NEUTRAL', 'NEUTRAL', 'SET', 'CLEAR', 'OPENING', 'BANCO_OFF')",11,7,8,87.500,CLEAN_HAZARD,27.273,1.846220,6.3358
"('TANK', 'TANK', 'DEFENSIVE_ADV', 'SAFE', 'SAFE', 'NORMAL', 'SLOWER', 'MEC_USED', 'CLEAN', 'CLEAN', 'NEUTRAL', 'NEUTRAL', 'SET', 'CLEAR', 'OPENING', 'BANCO_OFF')",11,3,9,33.333,ATTACK_STRONG,45.455,0.934770,2.5466
"('TANK', 'TANK', 'DEFENSIVE_DIS', 'SAFE', 'SAFE', 'FIELD_SHARED', 'FASTER', 'MEC_USED', 'CLEAN', 'CLEAN', 'NEUTRAL', 'NEUTRAL', 'CLEAR', 'CLEAR', 'OPENING', 'BANCO_OFF')",11,5,8,62.500,ATTACK_STRONG,45.455,1.366711,3.9224
"('TANK', 'TANK', 'CRITICAL_DIS', 'SAFE', 'SAFE', 'NORMAL', 'FASTER', 'MEC_USED', 'CLEAN', 'CLEAN', 'NEUTRAL', 'NEUTRAL', 'CLEAR', 'CLEAR', 'RECOVERING', 'BANCO_VAZIO')",11,6,8,75.000,SWITCH_OFFENSIVE,36.364,1.641735,5.1641
"('TANK', 'TANK', 'NEUTRAL', 'SAFE', 'FULL', 'NORMAL', 'FASTER', 'MEC_USED', 'CLEAN', 'CLEAN', 'BUFFED', 'NEUTRAL', 'CLEAR', 'CLEAR', 'OPENING', 'BANCO_OFF')",11,5,7,71.429,ATTACK_TECH,63.636,1.159589,3.1886
"('TANK', 'TANK', 'OFFENSIVE_ADV', 'FULL', 'FULL', 'FIELD_SHARED', 'FASTER', 'MEC_USED', 'CLEAN', 'CLEAN', 'NEUTRAL', 'DEBUFF', 'CLEAR', 'CLEAR', 'OPENING', 'BANCO_OFF')",11,5,8,62.500,SWITCH_DEFENSIVE,45.455,1.414279,4.1135
"('TANK', 'TANK', 'NEUTRAL', 'FULL', 'FULL', 'NORMAL', 'SLOWER', 'MEC_USED', 'CLEAN', 'AFFLICTED', 'NEUTRAL', 'NEUTRAL', 'CLEAR', 'CLEAR', 'OPENING', 'BANCO_OFF')",11,7,12,58.333,HEAL,18.182,1.893788,6.6445
"('TANK', 'TANK', 'NEUTRAL', 'SAFE', 'FULL', 'NORMAL', 'FASTER', 'MEC_USED', 'CLEAN', 'CLEAN', 'NEUTRAL', 'NEUTRAL', 'CLEAR', 'SET', 'CLUTCH', 'BANCO_VAZIO')",11,2,6,33.333,SWITCH_DEFENSIVE,72.727,0.585953,1.7967
"('TANK', 'TANK', 'NEUTRAL', 'FULL', 'SAFE', 'NORMAL', 'FASTER', 'MEC_USED', 'CLEAN', 'CLEAN', 'NEUTRAL', 'NEUTRAL', 'SET', 'SET', 'OPENING', 'BANCO_OFF')",11,8,10,80.000,ATTACK_STRONG,27.273,1.972247,7.1868
"('TANK', 'TANK', 'OFFENSIVE_ADV', 'CRIT', 'FULL', 'FIELD_THEIRS', 'FASTER', 'MEC_USED', 'CLEAN', 'CLEAN', 'NEUTRAL', 'NEUTRAL', 'CLEAR', 'CLEAR', 'OPENING', 'BANCO_OFF')",11,7,9,77.778,ATTACK_TECH,27.273,1.846220,6.3358
"('TANK', 'TANK', 'DEFENSIVE_DIS', 'SAFE', 'FULL', 'NORMAL', 'FASTER', 'MEC_USED', 'CLEAN', 'CLEAN', 'NEUTRAL', 'NEUTRAL', 'CLEAR', 'CLEAR', 'BRAWL', 'BANCO_VAZIO')",11,7,9,77.778,CLEAN_HAZARD,45.455,1.666333,5.2927
"('TANK', 'TANK', 'NEUTRAL', 'FULL', 'FULL', 'NORMAL', 'SLOWER', 'MEC_USED', 'AFFLICTED', 'CLEAN', 'DEBUFF', 'DEBUFF', 'SET', 'SET', 'CLUTCH', 'BANCO_VAZIO')",11,3,3,100.000,HAZARD,45.455,1.036199,2.8185
"('TANK', 'TANK', 'OFFENSIVE_DIS', 'FULL', 'FULL', 'NORMAL', 'FASTER', 'MEC_USED', 'AFFLICTED', 'AFFLICTED', 'NEUTRAL', 'NEUTRAL', 'CLEAR', 'CLEAR', 'DOMINATING', 'BANCO_OFF')",11,2,6,33.333,ATTACK_STRONG,54.545,0.689009,1.9917
"('TANK', 'TANK', 'OFFENSIVE_ADV', 'FULL', 'FULL', 'NORMAL', 'SLOWER', 'MEC_USED', 'CLEAN', 'CLEAN', 'NEUTRAL', 'NEUTRAL', 'CLEAR', 'SET', 'CLUTCH', 'BANCO_VAZIO')",10,3,9,33.333,STAT_CLEAN,40.000,1.088900,2.9710
"('TANK', 'TANK', 'CRITICAL_DIS', 'FULL', 'FULL', 'NORMAL', 'SLOWER', 'MEC_USED', 'CLEAN', 'CLEAN', 'NEUTRAL', 'DEBUFF', 'SET', 'SET', 'CLUTCH', 'BANCO_VAZIO')",10,2,7,28.571,HAZARD,80.000,0.500402,1.6494
"('TANK', 'TANK', 'DEFENSIVE_ADV', 'FULL', 'FULL', 'NORMAL', 'SLOWER', 'MEC_USED', 'CLEAN', 'AFFLICTED', 'NEUTRAL', 'NEUTRAL', 'CLEAR', 'CLEAR', 'RECOVERING', 'BANCO_VAZIO')",10,4,8,50.000,STATUS,70.000,0.940448,2.5611
"('TANK', 'TANK', 'VOLATILE', 'DANGER', 'FULL', 'NORMAL', 'FASTER', 'MEC_USED', 'CLEAN', 'CLEAN', 'NEUTRAL', 'NEUTRAL', 'CLEAR', 'CLEAR', 'BRAWL', 'BANCO_OFF')",10,7,10,70.000,ATTACK_STRONG,30.000,1.834372,6.2612
"('TANK', 'TANK', 'STALEMATE', 'FULL', 'FULL', 'NORMAL', 'SLOWER', 'MEC_USED', 'CLEAN', 'CLEAN', 'NEUTRAL', 'NEUTRAL', 'SET', 'CLEAR', 'RECOVERING', 'BANCO_VAZIO')",10,7,11,63.636,STAT_CLEAN,30.000,1.834372,6.2612
"('TANK', 'TANK', 'DEFENSIVE_DIS', 'CRIT', 'FULL', 'FIELD_THEIRS', 'FASTER', 'MEC_USED', 'CLEAN', 'CLEAN', 'NEUTRAL', 'NEUTRAL', 'CLEAR', 'CLEAR', 'OPENING', 'BANCO_OFF')",10,7,10,70.000,ATTACK_TECH,20.000,1.886697,6.5975
"('TANK', 'TANK', 'NEUTRAL', 'CRIT', 'DANGER', 'NORMAL', 'SLOWER', 'MEC_USED', 'CLEAN', 'CLEAN', 'NEUTRAL', 'NEUTRAL', 'CLEAR', 'CLEAR', 'OPENING', 'BANCO_OFF')",10,7,13,53.846,SWITCH_DEFENSIVE,40.000,1.748067,5.7435
"('SWEEPER', 'TANK', 'OFFENSIVE_ADV', 'DANGER', 'SAFE', 'NORMAL', 'FASTER', 'MEC_USED', 'CLEAN', 'CLEAN', 'NEUTRAL', 'NEUTRAL', 'CLEAR', 'CLEAR', 'OPENING', 'BANCO_OFF')",10,5,5,100.000,SWITCH_OFFENSIVE,50.000,1.359237,3.8932
"('TANK', 'TANK', 'OFFENSIVE_DIS', 'SAFE', 'FULL', 'NORMAL', 'FASTER', 'MEC_USED', 'CLEAN', 'CLEAN', 'NEUTRAL', 'NEUTRAL', 'SET', 'CLEAR', 'RECOVERING', 'BANCO_VAZIO')",10,6,13,46.154,STAT_CLEAN,40.000,1.609438,5.0000
"('TANK', 'TANK', 'VOLATILE', 'SAFE', 'FULL', 'FIELD_OURS_OFF', 'FASTER', 'MEC_USED', 'CLEAN', 'CLEAN', 'NEUTRAL', 'NEUTRAL', 'CLEAR', 'CLEAR', 'OPENING', 'BANCO_OFF')",10,5,9,55.556,ATTACK_STRONG,40.000,1.470808,4.3528
"('TANK', 'TANK', 'DEFENSIVE_DIS', 'FULL', 'SAFE', 'NORMAL', 'SLOWER', 'MEC_USED', 'CLEAN', 'CLEAN', 'NEUTRAL', 'NEUTRAL', 'SET', 'CLEAR', 'RECOVERING', 'BANCO_VAZIO')",10,7,11,63.636,HEAL,30.000,1.834372,6.2612
"('TANK', 'TANK', 'DEFENSIVE_DIS', 'FULL', 'FULL', 'NORMAL', 'SLOWER', 'MEC_USED', 'CLEAN', 'AFFLICTED', 'NEUTRAL', 'NEUTRAL', 'SET', 'CLEAR', 'RECOVERING', 'BANCO_VAZIO')",10,3,9,33.333,STATUS,50.000,1.029653,2.8001
"('TANK', 'TANK', 'NEUTRAL', 'FULL', 'SAFE', 'FIELD_OURS_OFF', 'FASTER', 'MEC_USED', 'CLEAN', 'CLEAN', 'NEUTRAL', 'NEUTRAL', 'CLEAR', 'CLEAR', 'OPENING', 'BANCO_OFF')",10,6,9,66.667,ATTACK_STRONG,40.000,1.609438,5.0000
"('TANK', 'TANK', 'NEUTRAL', 'SAFE', 'SAFE', 'NORMAL', 'FASTER', 'MEC_USED', 'CLEAN', 'CLEAN', 'NEUTRAL', 'NEUTRAL', 'CLEAR', 'CLEAR', 'CLUTCH', 'BANCO_VAZIO')",10,3,8,37.500,ATTACK_STRONG,50.000,0.943348,2.5686
"('TANK', 'TANK', 'OFFENSIVE_ADV', 'SAFE', 'SAFE', 'NORMAL', 'FASTER', 'MEC_USED', 'CLEAN', 'CLEAN', 'NEUTRAL', 'NEUTRAL', 'CLEAR', 'SET', 'OPENING', 'BANCO_OFF')",10,6,11,54.545,HAZARD,40.000,1.609438,5.0000
"('TANK', 'TANK', 'OFFENSIVE_ADV', 'SAFE', 'SAFE', 'NORMAL', 'FASTER', 'MEC_USED', 'CLEAN', 'CLEAN', 'NEUTRAL', 'NEUTRAL', 'SET', 'CLEAR', 'BRAWL', 'BANCO_OFF')",10,8,10,80.000,CLEAN_HAZARD,20.000,2.025326,7.5786
"('TANK', 'TANK', 'OFFENSIVE_ADV', 'DANGER', 'SAFE', 'NORMAL', 'FASTER', 'MEC_USED', 'CLEAN', 'CLEAN', 'NEUTRAL', 'NEUTRAL', 'CLEAR', 'CLEAR', 'RECOVERING', 'BANCO_VAZIO')",10,4,7,57.143,ATTACK_STRONG,60.000,1.088900,2.9710
"('TANK', 'TANK', 'VOLATILE', 'SAFE', 'FULL', 'NORMAL', 'SLOWER', 'MEC_USED', 'CLEAN', 'CLEAN', 'NEUTRAL', 'NEUTRAL', 'CLEAR', 'CLEAR', 'OPENING', 'BANCO_AMBOS')",10,6,11,54.545,ATTACK_PIVOT,20.000,1.748067,5.7435
"('TANK', 'TANK', 'VOLATILE', 'FULL', 'SAFE', 'NORMAL', 'FASTER', 'MEC_AVAIL', 'CLEAN', 'CLEAN', 'NEUTRAL', 'NEUTRAL', 'CLEAR', 'CLEAR', 'OPENING', 'BANCO_OFF')",10,5,14,35.714,ATTACK_STRONG_MEC,60.000,1.227529,3.4128
"('UTILITY', 'SWEEPER', 'NEUTRAL', 'FULL', 'FULL', 'FIELD_THEIRS', 'SLOWER', 'MEC_USED', 'CLEAN', 'CLEAN', 'NEUTRAL', 'NEUTRAL', 'CLEAR', 'CLEAR', 'OPENING', 'BANCO_AMBOS')",10,4,7,57.143,ATTACK_STRONG,70.000,0.940448,2.5611
"('TANK', 'TANK', 'OFFENSIVE_DIS', 'DANGER', 'FULL', 'NORMAL', 'FASTER', 'MEC_USED', 'CLEAN', 'CLEAN', 'NEUTRAL', 'NEUTRAL', 'SET', 'CLEAR', 'OPENING', 'BANCO_VAZIO')",10,6,11,54.545,STAT_CLEAN,40.000,1.609438,5.0000
"('TANK', 'TANK', 'DEFENSIVE_DIS', 'SAFE', 'FULL', 'NORMAL', 'FASTER', 'MEC_AVAIL', 'CLEAN', 'CLEAN', 'NEUTRAL', 'NEUTRAL', 'CLEAR', 'CLEAR', 'OPENING', 'BANCO_OFF')",10,7,16,43.750,BUFF,20.000,1.886697,6.5975
"('TANK', 'TANK', 'NEUTRAL', 'CRIT', 'SAFE', 'NORMAL', 'FASTER', 'MEC_USED', 'CLEAN', 'CLEAN', 'NEUTRAL', 'NEUTRAL', 'SET', 'SET', 'CLUTCH', 'BANCO_VAZIO')",10,3,10,30.000,HAZARD,50.000,0.943348,2.5686
"('TANK', 'TANK', 'DOMINANT', 'FULL', 'FULL', 'NORMAL', 'SLOWER', 'MEC_USED', 'CLEAN', 'CLEAN', 'NEUTRAL', 'NEUTRAL', 'SET', 'CLEAR', 'OPENING', 'BANCO_OFF')",10,8,13,61.538,STAT_CLEAN,20.000,2.025326,7.5786
"('TANK', 'TANK', 'NEUTRAL', 'FULL', 'FULL', 'NORMAL', 'FASTER', 'MEC_AVAIL', 'CLEAN', 'CLEAN', 'NEUTRAL', 'NEUTRAL', 'CLEAR', 'CLEAR', 'BRAWL', 'BANCO_OFF')",10,6,10,60.000,ATTACK_STRONG_MEC,20.000,1.748067,5.7435
"('TANK', 'TANK', 'NEUTRAL', 'CRIT', 'SAFE', 'NORMAL', 'FASTER', 'MEC_USED', 'CLEAN', 'CLEAN', 'NEUTRAL', 'NEUTRAL', 'SET', 'CLEAR', 'RECOVERING', 'BANCO_VAZIO')",10,7,12,58.333,ATTACK_TECH,20.000,1.886697,6.5975
"('SWEEPER', 'UTILITY', 'NEUTRAL', 'FULL', 'FULL', 'FIELD_OURS_OFF', 'FASTER', 'MEC_USED', 'CLEAN', 'CLEAN', 'NEUTRAL', 'NEUTRAL', 'CLEAR', 'CLEAR', 'OPENING', 'BANCO_AMBOS')",10,3,7,42.857,HEAL,70.000,0.801819,2.2296
"('TANK', 'TANK', 'OFFENSIVE_ADV', 'SAFE', 'FULL', 'FIELD_SHARED', 'SLOWER', 'MEC_USED', 'CLEAN', 'CLEAN', 'NEUTRAL', 'NEUTRAL', 'SET', 'CLEAR', 'OPENING', 'BANCO_OFF')",10,8,12,66.667,CLEAN_HAZARD,20.000,2.025326,7.5786
"('TANK', 'TANK', 'VOLATILE', 'FULL', 'FULL', 'NORMAL', 'FASTER', 'MEC_USED', 'CLEAN', 'CLEAN', 'NEUTRAL', 'NEUTRAL', 'CLEAR', 'CLEAR', 'OPENING', 'BANCO_VAZIO')",10,6,11,54.545,ATTACK_STRONG,30.000,1.695743,5.4507
"('TANK', 'TANK', 'NEUTRAL', 'FULL', 'SAFE', 'FIELD_THEIRS', 'FASTER', 'MEC_USED', 'CLEAN', 'CLEAN', 'NEUTRAL', 'NEUTRAL', 'CLEAR', 'CLEAR', 'OPENING', 'BANCO_VAZIO')",10,7,7,100.000,ATTACK_STRONG,40.000,1.748067,5.7435
"('TANK', 'TANK', 'NEUTRAL', 'FULL', 'SAFE', 'NORMAL', 'SLOWER', 'MEC_USED', 'CLEAN', 'CLEAN', 'NEUTRAL', 'NEUTRAL', 'CLEAR', 'SET', 'OPENING', 'BANCO_VAZIO')",10,3,11,27.273,ATTACK_STRONG,70.000,0.801819,2.2296
"('TANK', 'TANK', 'NEUTRAL', 'FULL', 'FULL', 'NORMAL', 'SLOWER', 'MEC_USED', 'CLEAN', 'CLEAN', 'BUFFED', 'NEUTRAL', 'CLEAR', 'CLEAR', 'OPENING', 'BANCO_OFF')",10,3,8,37.500,BUFF,50.000,0.943348,2.5686
"('TANK', 'TANK', 'OFFENSIVE_ADV', 'SAFE', 'FULL', 'NORMAL', 'FASTER', 'MEC_USED', 'CLEAN', 'CLEAN', 'NEUTRAL', 'NEUTRAL', 'SET', 'CLEAR', 'OPENING', 'BANCO_AMBOS')",10,5,9,55.556,SWITCH_OFFENSIVE,30.000,1.557113,4.7451
"('TANK', 'TANK', 'DEFENSIVE_DIS', 'SAFE', 'DANGER', 'NORMAL', 'FASTER', 'MEC_USED', 'CLEAN', 'CLEAN', 'NEUTRAL', 'NEUTRAL', 'CLEAR', 'CLEAR', 'RECOVERING', 'BANCO_VAZIO')",10,7,10,70.000,ATTACK_STRONG,40.000,1.748067,5.7435
"('TANK', 'TANK', 'CRITICAL_DIS', 'SAFE', 'FULL', 'FIELD_OURS_OFF', 'FASTER', 'MEC_USED', 'CLEAN', 'CLEAN', 'NEUTRAL', 'NEUTRAL', 'CLEAR', 'CLEAR', 'OPENING', 'BANCO_OFF')",10,6,10,60.000,SWITCH_OFFENSIVE,40.000,1.609438,5.0000
"('SWEEPER', 'TANK', 'OFFENSIVE_ADV', 'FULL', 'CRIT', 'NORMAL', 'FASTER', 'MEC_USED', 'CLEAN', 'CLEAN', 'NEUTRAL', 'DEBUFF', 'CLEAR', 'CLEAR', 'OPENING', 'BANCO_OFF')",10,5,7,71.429,CLEAN_HAZARD,40.000,1.470808,4.3528
"('TANK', 'TANK', 'DOMINANT', 'SAFE', 'FULL', 'FIELD_SHARED', 'FASTER', 'MEC_USED', 'CLEAN', 'CLEAN', 'NEUTRAL', 'NEUTRAL', 'CLEAR', 'CLEAR', 'OPENING', 'BANCO_AMBOS')",10,7,10,70.000,ATTACK_STRONG,20.000,1.886697,6.5975
"('TANK', 'TANK', 'OFFENSIVE_DIS', 'FULL', 'FULL', 'NORMAL', 'FASTER', 'MEC_USED', 'CLEAN', 'CLEAN', 'NEUTRAL', 'NEUTRAL', 'CLEAR', 'CLEAR', 'RECOVERING', 'BANCO_VAZIO')",10,8,9,88.889,ATTACK_TECH,20.000,2.025326,7.5786
"('TANK', 'TANK', 'NEUTRAL', 'FULL', 'SAFE', 'NORMAL', 'FASTER', 'MEC_USED', 'AFFLICTED', 'CLEAN', 'NEUTRAL', 'NEUTRAL', 'CLEAR', 'CLEAR', 'OPENING', 'BANCO_OFF')",10,2,10,20.000,SWITCH_DEFENSIVE,90.000,0.325083,1.3841
"('TANK', 'UTILITY', 'OFFENSIVE_ADV', 'SAFE', 'FULL', 'FIELD_THEIRS', 'SLOWER', 'MEC_USED', 'CLEAN', 'CLEAN', 'NEUTRAL', 'NEUTRAL', 'CLEAR', 'CLEAR', 'OPENING', 'BANCO_OFF')",10,7,10,70.000,ATTACK_STRONG,20.000,1.886697,6.5975
"('TANK', 'TANK', 'DEFENSIVE_ADV', 'FULL', 'SAFE', 'FIELD_SHARED', 'FASTER', 'MEC_USED', 'CLEAN', 'CLEAN', 'NEUTRAL', 'NEUTRAL', 'CLEAR', 'CLEAR', 'OPENING', 'BANCO_AMBOS')",10,4,10,40.000,ATTACK_STRONG,40.000,1.279854,3.5961
"('TANK', 'SWEEPER', 'DEFENSIVE_DIS', 'FULL', 'FULL', 'NORMAL', 'SLOWER', 'MEC_AVAIL', 'CLEAN', 'CLEAN', 'DEBUFF', 'NEUTRAL', 'CLEAR', 'CLEAR', 'OPENING', 'BANCO_OFF')",10,7,12,58.333,ATTACK_STRONG_MEC,20.000,1.886697,6.5975
"('SWEEPER', 'TANK', 'OFFENSIVE_ADV', 'DANGER', 'FULL', 'NORMAL', 'FASTER', 'MEC_USED', 'CLEAN', 'CLEAN', 'NEUTRAL', 'NEUTRAL', 'CLEAR', 'CLEAR', 'OPENING', 'BANCO_AMBOS')",10,4,5,80.000,ATTACK_TECH,50.000,1.168282,3.2165
"('SWEEPER', 'UTILITY', 'DEFENSIVE_DIS', 'FULL', 'FULL', 'NORMAL', 'FASTER', 'MEC_USED', 'CLEAN', 'CLEAN', 'NEUTRAL', 'DEBUFF', 'CLEAR', 'CLEAR', 'OPENING', 'BANCO_AMBOS')",10,1,5,20.000,ATTACK_PIVOT,100.000,-0.000000,1.0000
"('TANK', 'TANK', 'CRITICAL_DIS', 'FULL', 'SAFE', 'NORMAL', 'SLOWER', 'MEC_USED', 'CLEAN', 'CLEAN', 'NEUTRAL', 'NEUTRAL', 'CLEAR', 'CLEAR', 'OPENING', 'BANCO_AMBOS')",10,1,10,10.000,SWITCH_DEFENSIVE,100.000,-0.000000,1.0000
"('TANK', 'TANK', 'DOMINANT', 'SAFE', 'FULL', 'FIELD_THEIRS', 'FASTER', 'MEC_AVAIL', 'CLEAN', 'CLEAN', 'NEUTRAL', 'DEBUFF', 'CLEAR', 'CLEAR', 'OPENING', 'BANCO_OFF')",10,6,8,75.000,BUFF,30.000,1.695743,5.4507
"('TANK', 'TANK', 'DEFENSIVE_DIS', 'FULL', 'SAFE', 'NORMAL', 'SLOWER', 'MEC_USED', 'CLEAN', 'AFFLICTED', 'NEUTRAL', 'NEUTRAL', 'CLEAR', 'SET', 'CLUTCH', 'BANCO_VAZIO')",10,3,7,42.857,HAZARD,80.000,0.639032,1.8946
"('TANK', 'TANK', 'NEUTRAL', 'DANGER', 'FULL', 'NORMAL', 'FASTER', 'MEC_USED', 'CLEAN', 'CLEAN', 'NEUTRAL', 'NEUTRAL', 'CLEAR', 'SET', 'CLUTCH', 'BANCO_VAZIO')",10,3,7,42.857,SWITCH_DEFENSIVE,60.000,0.897946,2.4546
"('TANK', 'TANK', 'DEFENSIVE_DIS', 'DANGER', 'SAFE', 'NORMAL', 'SLOWER', 'MEC_USED', 'CLEAN', 'CLEAN', 'NEUTRAL', 'NEUTRAL', 'CLEAR', 'CLEAR', 'OPENING', 'BANCO_OFF')",10,6,11,54.545,SWITCH_OFFENSIVE,40.000,1.609438,5.0000
"('TANK', 'UTILITY', 'OFFENSIVE_ADV', 'FULL', 'SAFE', 'FIELD_SHARED', 'SLOWER', 'MEC_USED', 'CLEAN', 'CLEAN', 'NEUTRAL', 'NEUTRAL', 'CLEAR', 'CLEAR', 'OPENING', 'BANCO_OFF')",10,4,8,50.000,CLEAN_HAZARD,40.000,1.279854,3.5961
"('TANK', 'TANK', 'DEFENSIVE_ADV', 'SAFE', 'FULL', 'NORMAL', 'SLOWER', 'MEC_USED', 'CLEAN', 'CLEAN', 'NEUTRAL', 'NEUTRAL', 'SET', 'CLEAR', 'OPENING', 'BANCO_OFF')",10,6,10,60.000,HEAL,30.000,1.643418,5.1728
"('TANK', 'TANK', 'OFFENSIVE_DIS', 'SAFE', 'FULL', 'NORMAL', 'SLOWER', 'MEC_USED', 'CLEAN', 'CLEAN', 'NEUTRAL', 'NEUTRAL', 'SET', 'SET', 'RECOVERING', 'BANCO_VAZIO')",10,9,12,75.000,HEAL_STATUS,20.000,2.163956,8.7055
"('TANK', 'TANK', 'NEUTRAL', 'CRIT', 'FULL', 'NORMAL', 'FASTER', 'MEC_USED', 'CLEAN', 'CLEAN', 'NEUTRAL', 'NEUTRAL', 'CLEAR', 'CLEAR', 'BRAWL', 'BANCO_OFF')",10,7,13,53.846,SWITCH_OFFENSIVE,30.000,1.834372,6.2612
"('UTILITY', 'TANK', 'NEUTRAL', 'FULL', 'FULL', 'NORMAL', 'FASTER', 'MEC_USED', 'CLEAN', 'CLEAN', 'NEUTRAL', 'NEUTRAL', 'CLEAR', 'CLEAR', 'OPENING', 'BANCO_VAZIO')",10,6,9,66.667,HEAL,30.000,1.695743,5.4507
"('TANK', 'UTILITY', 'DEFENSIVE_DIS', 'FULL', 'FULL', 'FIELD_OURS_DEF', 'SLOWER', 'MEC_AVAIL', 'CLEAN', 'CLEAN', 'NEUTRAL', 'NEUTRAL', 'CLEAR', 'CLEAR', 'OPENING', 'BANCO_AMBOS')",10,5,12,41.667,SWITCH_DEFENSIVE,40.000,1.418484,4.1309
"('TANK', 'TANK', 'DEFENSIVE_DIS', 'CRIT', 'SAFE', 'NORMAL', 'SLOWER', 'MEC_USED', 'CLEAN', 'CLEAN', 'NEUTRAL', 'NEUTRAL', 'CLEAR', 'CLEAR', 'RECOVERING', 'BANCO_VAZIO')",10,6,11,54.545,HEAL,30.000,1.695743,5.4507
"('TANK', 'TANK', 'OFFENSIVE_ADV', 'FULL', 'FULL', 'NORMAL', 'FASTER', 'MEC_USED', 'AFFLICTED', 'CLEAN', 'NEUTRAL', 'NEUTRAL', 'CLEAR', 'SET', 'CLUTCH', 'BANCO_VAZIO')",10,1,2,50.000,ATTACK_PIVOT,100.000,-0.000000,1.0000
"('TANK', 'TANK', 'NEUTRAL', 'FULL', 'DANGER', 'NORMAL', 'FASTER', 'MEC_USED', 'AFFLICTED', 'CLEAN', 'NEUTRAL', 'NEUTRAL', 'CLEAR', 'CLEAR', 'CLUTCH', 'BANCO_VAZIO')",10,2,3,66.667,STATUS,90.000,0.325083,1.3841
"('TANK', 'UTILITY', 'VOLATILE', 'FULL', 'SAFE', 'NORMAL', 'SLOWER', 'MEC_USED', 'CLEAN', 'AFFLICTED', 'NEUTRAL', 'BUFFED_DEBUFF', 'CLEAR', 'CLEAR', 'CLUTCH', 'BANCO_VAZIO')",10,1,1,100.000,STATUS,100.000,-0.000000,1.0000
"('TANK', 'TANK', 'DEFENSIVE_DIS', 'SAFE', 'FULL', 'NORMAL', 'FASTER', 'MEC_USED', 'CLEAN', 'AFFLICTED', 'NEUTRAL', 'DEBUFF', 'CLEAR', 'CLEAR', 'RECOVERING', 'BANCO_VAZIO')",9,2,4,50.000,ATTACK_STRONG,88.889,0.348832,1.4174
"('TANK', 'TANK', 'OFFENSIVE_DIS', 'FULL', 'FULL', 'NORMAL', 'SLOWER', 'MEC_USED', 'AFFLICTED', 'AFFLICTED', 'NEUTRAL', 'NEUTRAL', 'CLEAR', 'CLEAR', 'BRAWL', 'BANCO_OFF')",9,2,6,33.333,CLEAN_HAZARD,88.889,0.348832,1.4174
"('SWEEPER', 'TANK', 'DOMINANT', 'FULL', 'FULL', 'NORMAL', 'FASTER', 'MEC_AVAIL', 'CLEAN', 'CLEAN', 'NEUTRAL', 'NEUTRAL', 'CLEAR', 'CLEAR', 'OPENING', 'BANCO_AMBOS')",9,6,12,50.000,BUFF_MEC,33.333,1.676988,5.3494
"('TANK', 'TANK', 'NEUTRAL', 'DANGER', 'SAFE', 'NORMAL', 'SLOWER', 'MEC_USED', 'CLEAN', 'CLEAN', 'NEUTRAL', 'NEUTRAL', 'SET', 'SET', 'CLUTCH', 'BANCO_VAZIO')",9,4,9,44.444,HEAL,66.667,1.002718,2.7257
"('TANK', 'TANK', 'OFFENSIVE_DIS', 'FULL', 'FULL', 'NORMAL', 'SLOWER', 'MEC_USED', 'AFFLICTED', 'AFFLICTED', 'NEUTRAL', 'NEUTRAL', 'SET', 'CLEAR', 'CLUTCH', 'BANCO_OFF')",9,3,4,75.000,SWITCH_OFFENSIVE,77.778,0.683739,1.9813
"('TANK', 'TANK', 'NEUTRAL', 'SAFE', 'SAFE', 'FIELD_OURS_OFF', 'FASTER', 'MEC_USED', 'CLEAN', 'CLEAN', 'NEUTRAL', 'NEUTRAL', 'CLEAR', 'CLEAR', 'OPENING', 'BANCO_OFF')",9,6,11,54.545,DISRUPTION,33.333,1.676988,5.3494
"('TANK', 'TANK', 'OFFENSIVE_DIS', 'SAFE', 'FULL', 'NORMAL', 'FASTER', 'MEC_USED', 'CLEAN', 'CLEAN', 'NEUTRAL', 'NEUTRAL', 'CLEAR', 'SET', 'RECOVERING', 'BANCO_VAZIO')",9,5,11,45.455,HEAL,55.556,1.303092,3.6807
"('TANK', 'TANK', 'DEFENSIVE_DIS', 'SAFE', 'FULL', 'FIELD_OURS_DEF', 'FASTER', 'MEC_USED', 'CLEAN', 'CLEAN', 'NEUTRAL', 'NEUTRAL', 'CLEAR', 'CLEAR', 'OPENING', 'BANCO_OFF')",9,7,8,87.500,SWITCH_OFFENSIVE,22.222,1.889159,6.6138
"('TANK', 'SWEEPER', 'OFFENSIVE_ADV', 'SAFE', 'FULL', 'FIELD_SHARED', 'SLOWER', 'MEC_USED', 'CLEAN', 'CLEAN', 'NEUTRAL', 'NEUTRAL', 'CLEAR', 'CLEAR', 'OPENING', 'BANCO_OFF')",9,7,9,77.778,ATTACK_STRONG,33.333,1.831020,6.2403
"('TANK', 'TANK', 'NEUTRAL', 'FULL', 'SAFE', 'NORMAL', 'SLOWER', 'MEC_USED', 'CLEAN', 'AFFLICTED', 'NEUTRAL', 'NEUTRAL', 'SET', 'SET', 'RECOVERING', 'BANCO_VAZIO')",9,3,5,60.000,STATUS,55.556,0.995027,2.7048
"('TANK', 'TANK', 'CRITICAL_DIS', 'DANGER', 'FULL', 'NORMAL', 'SLOWER', 'MEC_USED', 'CLEAN', 'CLEAN', 'NEUTRAL', 'NEUTRAL', 'CLEAR', 'CLEAR', 'RECOVERING', 'BANCO_VAZIO')",9,4,9,44.444,HEAL,55.556,1.149060,3.1552
"('TANK', 'TANK', 'OFFENSIVE_ADV', 'FULL', 'FULL', 'NORMAL', 'SLOWER', 'MEC_AVAIL', 'CLEAN', 'CLEAN', 'NEUTRAL', 'NEUTRAL', 'CLEAR', 'CLEAR', 'OPENING', 'BANCO_AMBOS')",9,6,10,60.000,ATTACK_STRONG,33.333,1.676988,5.3494
"('TANK', 'TANK', 'VOLATILE', 'FULL', 'FULL', 'NORMAL', 'SLOWER', 'MEC_USED', 'CLEAN', 'CLEAN', 'NEUTRAL', 'NEUTRAL', 'CLEAR', 'CLEAR', 'RECOVERING', 'BANCO_VAZIO')",9,6,9,66.667,ATTACK_TECH,22.222,1.735126,5.6696
"('TANK', 'TANK', 'OFFENSIVE_ADV', 'FULL', 'DANGER', 'NORMAL', 'FASTER', 'MEC_USED', 'CLEAN', 'CLEAN', 'NEUTRAL', 'NEUTRAL', 'CLEAR', 'CLEAR', 'BRAWL', 'BANCO_OFF')",9,2,9,22.222,ATTACK_STRONG,88.889,0.348832,1.4174
"('TANK', 'TANK', 'NEUTRAL', 'FULL', 'CRIT', 'NORMAL', 'SLOWER', 'MEC_USED', 'CLEAN', 'CLEAN', 'NEUTRAL', 'NEUTRAL', 'CLEAR', 'CLEAR', 'OPENING', 'BANCO_VAZIO')",9,4,11,36.364,SWITCH_DEFENSIVE,44.444,1.214890,3.3699
"('TANK', 'TANK', 'VOLATILE', 'FULL', 'FULL', 'NORMAL', 'FASTER', 'MEC_USED', 'CLEAN', 'CLEAN', 'NEUTRAL', 'NEUTRAL', 'SET', 'CLEAR', 'OPENING', 'BANCO_AMBOS')",9,6,7,85.714,SWITCH_OFFENSIVE,33.333,1.676988,5.3494
"('SWEEPER', 'UTILITY', 'OFFENSIVE_ADV', 'FULL', 'FULL', 'NORMAL', 'FASTER', 'MEC_AVAIL', 'CLEAN', 'CLEAN', 'NEUTRAL', 'NEUTRAL', 'CLEAR', 'CLEAR', 'OPENING', 'BANCO_OFF')",9,3,10,30.000,SWITCH_OFFENSIVE,77.778,0.683739,1.9813
"('TANK', 'UTILITY', 'NEUTRAL', 'FULL', 'FULL', 'FIELD_OURS_OFF', 'SLOWER', 'MEC_USED', 'CLEAN', 'CLEAN', 'NEUTRAL', 'NEUTRAL', 'CLEAR', 'CLEAR', 'OPENING', 'BANCO_OFF')",9,7,11,63.636,STAT_CLEAN,22.222,1.889159,6.6138
"('TANK', 'TANK', 'NEUTRAL', 'SAFE', 'SAFE', 'FIELD_SHARED', 'FASTER', 'MEC_AVAIL', 'CLEAN', 'CLEAN', 'NEUTRAL', 'NEUTRAL', 'CLEAR', 'CLEAR', 'OPENING', 'BANCO_AMBOS')",9,5,12,41.667,STATUS_MEC,33.333,1.522955,4.5858
"('TANK', 'TANK', 'NEUTRAL', 'CRIT', 'FULL', 'NORMAL', 'SLOWER', 'MEC_USED', 'CLEAN', 'CLEAN', 'NEUTRAL', 'NEUTRAL', 'CLEAR', 'CLEAR', 'BRAWL', 'BANCO_OFF')",9,6,11,54.545,HAZARD,33.333,1.676988,5.3494
"('TANK', 'TANK', 'OFFENSIVE_DIS', 'FULL', 'FULL', 'NORMAL', 'FASTER', 'MEC_USED', 'CLEAN', 'CLEAN', 'NEUTRAL', 'NEUTRAL', 'SET', 'CLEAR', 'OPENING', 'BANCO_VAZIO')",9,7,10,70.000,STAT_CLEAN,22.222,1.889159,6.6138
"('TANK', 'TANK', 'NEUTRAL', 'FULL', 'FULL', 'NORMAL', 'FASTER', 'MEC_AVAIL', 'CLEAN', 'CLEAN', 'NEUTRAL', 'NEUTRAL', 'CLEAR', 'CLEAR', 'OPENING', 'BANCO_VAZIO')",9,5,12,41.667,ATTACK_STRONG,22.222,1.581094,4.8603
"('TANK', 'TANK', 'OFFENSIVE_ADV', 'SAFE', 'FULL', 'NORMAL', 'FASTER', 'MEC_USED', 'CLEAN', 'CLEAN', 'NEUTRAL', 'NEUTRAL', 'CLEAR', 'CLEAR', 'BRAWL', 'BANCO_VAZIO')",9,5,8,62.500,ATTACK_STRONG,33.333,1.522955,4.5858
"('TANK', 'SWEEPER', 'NEUTRAL', 'DANGER', 'FULL', 'NORMAL', 'SLOWER', 'MEC_USED', 'CLEAN', 'CLEAN', 'NEUTRAL', 'NEUTRAL', 'CLEAR', 'CLEAR', 'OPENING', 'BANCO_OFF')",9,8,10,80.000,ATTACK_STRONG,22.222,2.043192,7.7152
"('TANK', 'TANK', 'NEUTRAL', 'DANGER', 'SAFE', 'NORMAL', 'FASTER', 'MEC_USED', 'CLEAN', 'CLEAN', 'NEUTRAL', 'NEUTRAL', 'CLEAR', 'CLEAR', 'OPENING', 'BANCO_AMBOS')",9,6,11,54.545,CLEAN_HAZARD,33.333,1.676988,5.3494
"('SWEEPER', 'TANK', 'OFFENSIVE_ADV', 'FULL', 'FULL', 'FIELD_THEIRS', 'FASTER', 'MEC_AVAIL', 'CLEAN', 'CLEAN', 'NEUTRAL', 'NEUTRAL', 'CLEAR', 'CLEAR', 'OPENING', 'BANCO_OFF')",9,5,8,62.500,ATTACK_STRONG,33.333,1.522955,4.5858
"('TANK', 'TANK', 'NEUTRAL', 'FULL', 'SAFE', 'NORMAL', 'FASTER', 'MEC_USED', 'CLEAN', 'AFFLICTED', 'NEUTRAL', 'DEBUFF', 'CLEAR', 'CLEAR', 'OPENING', 'BANCO_OFF')",9,2,9,22.222,HEAL,77.778,0.529706,1.6984
"('TANK', 'TANK', 'NEUTRAL', 'SAFE', 'FULL', 'NORMAL', 'FASTER', 'MEC_USED', 'CLEAN', 'CLEAN', 'BUFFED', 'NEUTRAL', 'CLEAR', 'CLEAR', 'OPENING', 'BANCO_AMBOS')",9,1,7,14.286,ATTACK_STRONG,100.000,-0.000000,1.0000
"('TANK', 'TANK', 'DEFENSIVE_DIS', 'SAFE', 'FULL', 'NORMAL', 'FASTER', 'MEC_USED', 'CLEAN', 'CLEAN', 'NEUTRAL', 'NEUTRAL', 'SET', 'CLEAR', 'OPENING', 'BANCO_VAZIO')",9,5,10,50.000,PROTECT,33.333,1.464816,4.3267
"('TANK', 'TANK', 'OFFENSIVE_DIS', 'SAFE', 'FULL', 'NORMAL', 'SLOWER', 'MEC_USED', 'CLEAN', 'CLEAN', 'NEUTRAL', 'NEUTRAL', 'SET', 'CLEAR', 'OPENING', 'BANCO_AMBOS')",9,4,11,36.364,STAT_CLEAN,44.444,1.214890,3.3699
"('TANK', 'SWEEPER', 'CRITICAL_DIS', 'SAFE', 'FULL', 'FIELD_THEIRS', 'SLOWER', 'MEC_USED', 'CLEAN', 'CLEAN', 'NEUTRAL', 'NEUTRAL', 'CLEAR', 'CLEAR', 'OPENING', 'BANCO_OFF')",9,4,12,33.333,SWITCH_OFFENSIVE,55.556,1.149060,3.1552
"('TANK', 'TANK', 'DEFENSIVE_DIS', 'FULL', 'SAFE', 'FIELD_THEIRS', 'SLOWER', 'MEC_USED', 'CLEAN', 'CLEAN', 'NEUTRAL', 'NEUTRAL', 'CLEAR', 'CLEAR', 'OPENING', 'BANCO_OFF')",9,5,11,45.455,ATTACK_PIVOT,33.333,1.464816,4.3267
"('SWEEPER', 'TANK', 'NEUTRAL', 'FULL', 'FULL', 'FIELD_SHARED', 'FASTER', 'MEC_USED', 'CLEAN', 'CLEAN', 'NEUTRAL', 'DEBUFF', 'CLEAR', 'CLEAR', 'OPENING', 'BANCO_OFF')",9,4,6,66.667,ATTACK_STRONG,55.556,1.149060,3.1552
"('TANK', 'SWEEPER', 'NEUTRAL', 'SAFE', 'SAFE', 'NORMAL', 'SLOWER', 'MEC_USED', 'CLEAN', 'CLEAN', 'NEUTRAL', 'NEUTRAL', 'CLEAR', 'CLEAR', 'OPENING', 'BANCO_VAZIO')",9,4,12,33.333,HEAL,44.444,1.273028,3.5717
"('TANK', 'TANK', 'CRITICAL_DIS', 'FULL', 'FULL', 'NORMAL', 'SLOWER', 'MEC_USED', 'CLEAN', 'CLEAN', 'NEUTRAL', 'NEUTRAL', 'SET', 'SET', 'OPENING', 'BANCO_OFF')",9,2,11,18.182,SWITCH_DEFENSIVE,88.889,0.348832,1.4174
"('TANK', 'SWEEPER', 'OFFENSIVE_ADV', 'SAFE', 'FULL', 'NORMAL', 'SLOWER', 'MEC_AVAIL', 'CLEAN', 'CLEAN', 'NEUTRAL', 'NEUTRAL', 'CLEAR', 'CLEAR', 'OPENING', 'BANCO_OFF')",9,7,16,43.750,ATTACK_STRONG_MEC,33.333,1.831020,6.2403
"('TANK', 'TANK', 'OFFENSIVE_DIS', 'SAFE', 'DANGER', 'NORMAL', 'SLOWER', 'MEC_USED', 'CLEAN', 'CLEAN', 'NEUTRAL', 'NEUTRAL', 'CLEAR', 'CLEAR', 'RECOVERING', 'BANCO_VAZIO')",9,5,12,41.667,PROTECT,33.333,1.522955,4.5858
"('TANK', 'TANK', 'NEUTRAL', 'CRIT', 'DANGER', 'NORMAL', 'FASTER', 'MEC_USED', 'CLEAN', 'CLEAN', 'NEUTRAL', 'NEUTRAL', 'CLEAR', 'CLEAR', 'RECOVERING', 'BANCO_VAZIO')",9,7,10,70.000,PROTECT,33.333,1.831020,6.2403
"('TANK', 'TANK', 'STALEMATE', 'SAFE', 'SAFE', 'NORMAL', 'SLOWER', 'MEC_USED', 'CLEAN', 'CLEAN', 'NEUTRAL', 'NEUTRAL', 'CLEAR', 'CLEAR', 'OPENING', 'BANCO_OFF')",9,4,8,50.000,ATTACK_TECH,44.444,1.273028,3.5717
"('TANK', 'TANK', 'NEUTRAL', 'FULL', 'FULL', 'NORMAL', 'SLOWER', 'MEC_USED', 'CLEAN', 'CLEAN', 'NEUTRAL', 'NEUTRAL', 'CLEAR', 'SET', 'RECOVERING', 'BANCO_VAZIO')",9,5,9,55.556,PROTECT,33.333,1.522955,4.5858
"('TANK', 'TANK', 'CRITICAL_DIS', 'FULL', 'FULL', 'FIELD_SHARED', 'FASTER', 'MEC_USED', 'CLEAN', 'CLEAN', 'NEUTRAL', 'NEUTRAL', 'CLEAR', 'CLEAR', 'OPENING', 'BANCO_OFF')",9,6,11,54.545,DISRUPTION,33.333,1.676988,5.3494
"('TANK', 'TANK', 'OFFENSIVE_DIS', 'SAFE', 'FULL', 'NORMAL', 'FASTER', 'MEC_USED', 'CLEAN', 'CLEAN', 'NEUTRAL', 'NEUTRAL', 'SET', 'SET', 'OPENING', 'BANCO_OFF')",9,6,11,54.545,HEAL,33.333,1.676988,5.3494
"('TANK', 'SWEEPER', 'VOLATILE', 'SAFE', 'FULL', 'NORMAL', 'SLOWER', 'MEC_USED', 'CLEAN', 'CLEAN', 'NEUTRAL', 'NEUTRAL', 'CLEAR', 'CLEAR', 'OPENING', 'BANCO_OFF')",9,5,11,45.455,CLEAN_HAZARD,44.444,1.427061,4.1664
"('TANK', 'TANK', 'NEUTRAL', 'SAFE', 'SAFE', 'FIELD_THEIRS', 'SLOWER', 'MEC_USED', 'CLEAN', 'CLEAN', 'NEUTRAL', 'NEUTRAL', 'CLEAR', 'CLEAR', 'OPENING', 'BANCO_VAZIO')",9,9,9,100.000,ATTACK_STRONG,11.111,2.197225,9.0000
"('TANK', 'TANK', 'NEUTRAL', 'SAFE', 'FULL', 'NORMAL', 'SLOWER', 'MEC_USED', 'AFFLICTED', 'CLEAN', 'DEBUFF', 'NEUTRAL', 'CLEAR', 'SET', 'RECOVERING', 'BANCO_VAZIO')",9,3,4,75.000,ATTACK_PIVOT,77.778,0.683739,1.9813
"('TANK', 'TANK', 'CRITICAL_DIS', 'FULL', 'FULL', 'NORMAL', 'FASTER', 'MEC_USED', 'CLEAN', 'CLEAN', 'NEUTRAL', 'NEUTRAL', 'SET', 'CLEAR', 'OPENING', 'BANCO_AMBOS')",9,5,10,50.000,HEAL,33.333,1.522955,4.5858
"('TANK', 'TANK', 'NEUTRAL', 'DANGER', 'FULL', 'NORMAL', 'SLOWER', 'MEC_USED', 'CLEAN', 'CLEAN', 'NEUTRAL', 'NEUTRAL', 'CLEAR', 'CLEAR', 'BRAWL', 'BANCO_OFF')",9,5,11,45.455,STATUS,44.444,1.427061,4.1664
"('TANK', 'TANK', 'CRITICAL_DIS', 'FULL', 'FULL', 'NORMAL', 'SLOWER', 'MEC_USED', 'CLEAN', 'CLEAN', 'NEUTRAL', 'NEUTRAL', 'SET', 'CLEAR', 'OPENING', 'BANCO_OFF')",9,5,12,41.667,ATTACK_STRONG,33.333,1.522955,4.5858
"('TANK', 'TANK', 'OFFENSIVE_ADV', 'SAFE', 'FULL', 'NORMAL', 'FASTER', 'MEC_AVAIL', 'CLEAN', 'CLEAN', 'NEUTRAL', 'NEUTRAL', 'CLEAR', 'CLEAR', 'OPENING', 'BANCO_AMBOS')",9,6,14,42.857,ATTACK_STRONG,22.222,1.735126,5.6696
"('TANK', 'TANK', 'NEUTRAL', 'FULL', 'FULL', 'NORMAL', 'FASTER', 'MEC_USED', 'CLEAN', 'CLEAN', 'NEUTRAL', 'NEUTRAL', 'CLEAR', 'SET', 'OPENING', 'BANCO_AMBOS')",9,2,9,22.222,SWITCH_DEFENSIVE,77.778,0.529706,1.6984
"('TANK', 'TANK', 'OFFENSIVE_ADV', 'SAFE', 'FULL', 'FIELD_THEIRS', 'FASTER', 'MEC_USED', 'CLEAN', 'CLEAN', 'NEUTRAL', 'NEUTRAL', 'SET', 'CLEAR', 'OPENING', 'BANCO_OFF')",9,6,10,60.000,ATTACK_STRONG,22.222,1.735126,5.6696
"('TANK', 'TANK', 'NEUTRAL', 'FULL', 'SAFE', 'NORMAL', 'FASTER', 'MEC_USED', 'CLEAN', 'CLEAN', 'NEUTRAL', 'NEUTRAL', 'CLEAR', 'CLEAR', 'BRAWL', 'BANCO_OFF')",9,7,11,63.636,CLEAN_HAZARD,22.222,1.889159,6.6138
"('TANK', 'UTILITY', 'OFFENSIVE_ADV', 'FULL', 'FULL', 'FIELD_OURS_OFF', 'SLOWER', 'MEC_USED', 'CLEAN', 'CLEAN', 'NEUTRAL', 'NEUTRAL', 'CLEAR', 'CLEAR', 'OPENING', 'BANCO_OFF')",9,2,7,28.571,ATTACK_PIVOT,88.889,0.348832,1.4174
"('TANK', 'TANK', 'NEUTRAL', 'FULL', 'FULL', 'NORMAL', 'FASTER', 'MEC_USED', 'AFFLICTED', 'CLEAN', 'NEUTRAL', 'DEBUFF', 'SET', 'CLEAR', 'CLUTCH', 'BANCO_VAZIO')",9,2,3,66.667,HEAL,77.778,0.529706,1.6984
"('TANK', 'TANK', 'DOMINANT', 'FULL', 'FULL', 'FIELD_OURS_OFF', 'FASTER', 'MEC_USED', 'CLEAN', 'CLEAN', 'NEUTRAL', 'NEUTRAL', 'CLEAR', 'CLEAR', 'OPENING', 'BANCO_VAZIO')",9,5,8,62.500,SWITCH_OFFENSIVE,33.333,1.522955,4.5858
"('TANK', 'TANK', 'CRITICAL_DIS', 'SAFE', 'FULL', 'NORMAL', 'FASTER', 'MEC_USED', 'CLEAN', 'CLEAN', 'NEUTRAL', 'NEUTRAL', 'SET', 'CLEAR', 'RECOVERING', 'BANCO_VAZIO')",9,6,9,66.667,PROTECT,33.333,1.676988,5.3494
"('TANK', 'TANK', 'DOMINANT', 'FULL', 'SAFE', 'FIELD_THEIRS', 'FASTER', 'MEC_USED', 'CLEAN', 'CLEAN', 'NEUTRAL', 'NEUTRAL', 'CLEAR', 'CLEAR', 'OPENING', 'BANCO_OFF')",9,6,10,60.000,ATTACK_TECH,33.333,1.676988,5.3494
"('TANK', 'TANK', 'DEFENSIVE_DIS', 'DANGER', 'SAFE', 'FIELD_THEIRS', 'FASTER', 'MEC_USED', 'CLEAN', 'CLEAN', 'NEUTRAL', 'NEUTRAL', 'CLEAR', 'CLEAR', 'OPENING', 'BANCO_OFF')",9,6,10,60.000,STATUS,22.222,1.735126,5.6696
"('TANK', 'SWEEPER', 'DEFENSIVE_ADV', 'FULL', 'FULL', 'NORMAL', 'SLOWER', 'MEC_USED', 'CLEAN', 'CLEAN', 'NEUTRAL', 'NEUTRAL', 'CLEAR', 'CLEAR', 'OPENING', 'BANCO_AMBOS')",9,3,11,27.273,CLEAN_HAZARD,55.556,0.995027,2.7048
"('TANK', 'TANK', 'OFFENSIVE_ADV', 'FULL', 'SAFE', 'NORMAL', 'SLOWER', 'MEC_USED', 'CLEAN', 'CLEAN', 'NEUTRAL', 'NEUTRAL', 'CLEAR', 'CLEAR', 'RECOVERING', 'BANCO_VAZIO')",9,6,9,66.667,ATTACK_STRONG,44.444,1.581094,4.8603
"('TANK', 'TANK', 'NEUTRAL', 'SAFE', 'CRIT', 'NORMAL', 'SLOWER', 'MEC_USED', 'CLEAN', 'CLEAN', 'NEUTRAL', 'NEUTRAL', 'SET', 'CLEAR', 'RECOVERING', 'BANCO_VAZIO')",9,3,9,33.333,ATTACK_STRONG,44.444,0.964963,2.6247
"('TANK', 'TANK', 'NEUTRAL', 'FULL', 'SAFE', 'NORMAL', 'FASTER', 'MEC_USED', 'CLEAN', 'CLEAN', 'NEUTRAL', 'NEUTRAL', 'CLEAR', 'SET', 'OPENING', 'BANCO_OFF')",9,1,9,11.111,ATTACK_STRONG,100.000,-0.000000,1.0000
"('TANK', 'TANK', 'DEFENSIVE_DIS', 'SAFE', 'FULL', 'NORMAL', 'FASTER', 'MEC_USED', 'CLEAN', 'CLEAN', 'NEUTRAL', 'NEUTRAL', 'SET', 'CLEAR', 'RECOVERING', 'BANCO_VAZIO')",9,4,9,44.444,HEAL,55.556,1.149060,3.1552
"('TANK', 'TANK', 'DEFENSIVE_ADV', 'SAFE', 'FULL', 'NORMAL', 'FASTER', 'MEC_USED', 'CLEAN', 'CLEAN', 'NEUTRAL', 'NEUTRAL', 'CLEAR', 'CLEAR', 'OPENING', 'BANCO_AMBOS')",9,1,7,14.286,SWITCH_OFFENSIVE,100.000,-0.000000,1.0000
"('TANK', 'TANK', 'DOMINANT', 'FULL', 'FULL', 'NORMAL', 'FASTER', 'MEC_USED', 'CLEAN', 'CLEAN', 'NEUTRAL', 'NEUTRAL', 'SET', 'CLEAR', 'OPENING', 'BANCO_DEF')",9,3,6,50.000,CLEAN_HAZARD,77.778,0.683739,1.9813
"('TANK', 'TANK', 'OFFENSIVE_DIS', 'SAFE', 'SAFE', 'NORMAL', 'FASTER', 'MEC_USED', 'CLEAN', 'AFFLICTED', 'NEUTRAL', 'DEBUFF', 'SET', 'SET', 'OPENING', 'BANCO_OFF')",9,1,6,16.667,HAZARD,100.000,-0.000000,1.0000
"('TANK', 'TANK', 'DEFENSIVE_ADV', 'FULL', 'FULL', 'NORMAL', 'SLOWER', 'MEC_USED', 'CLEAN', 'AFFLICTED', 'DEBUFF', 'NEUTRAL', 'CLEAR', 'CLEAR', 'RECOVERING', 'BANCO_VAZIO')",8,2,4,50.000,HEAL,62.500,0.661563,1.9378
"('TANK', 'TANK', 'NEUTRAL', 'FULL', 'SAFE', 'NORMAL', 'SLOWER', 'MEC_USED', 'CLEAN', 'AFFLICTED', 'NEUTRAL', 'NEUTRAL', 'CLEAR', 'SET', 'CLUTCH', 'BANCO_VAZIO')",8,4,10,40.000,HAZARD,62.500,1.073543,2.9257
"('TANK', 'TANK', 'OFFENSIVE_DIS', 'DANGER', 'SAFE', 'NORMAL', 'SLOWER', 'MEC_USED', 'CLEAN', 'CLEAN', 'NEUTRAL', 'NEUTRAL', 'CLEAR', 'CLEAR', 'RECOVERING', 'BANCO_VAZIO')",8,6,10,60.000,BUFF,25.000,1.732868,5.6569
"('TANK', 'UTILITY', 'NEUTRAL', 'FULL', 'CRIT', 'NORMAL', 'SLOWER', 'MEC_USED', 'AFFLICTED', 'CLEAN', 'NEUTRAL', 'NEUTRAL', 'SET', 'CLEAR', 'RECOVERING', 'BANCO_VAZIO')",8,1,2,50.000,HEAL,100.000,-0.000000,1.0000
"('TANK', 'TANK', 'VOLATILE', 'DANGER', 'FULL', 'NORMAL', 'SLOWER', 'MEC_USED', 'CLEAN', 'CLEAN', 'NEUTRAL', 'NEUTRAL', 'CLEAR', 'CLEAR', 'OPENING', 'BANCO_OFF')",8,6,13,46.154,ATTACK_PIVOT,25.000,1.732868,5.6569
"('TANK', 'TANK', 'DEFENSIVE_DIS', 'FULL', 'SAFE', 'NORMAL', 'SLOWER', 'MEC_USED', 'CLEAN', 'AFFLICTED', 'NEUTRAL', 'NEUTRAL', 'SET', 'CLEAR', 'RECOVERING', 'BANCO_VAZIO')",8,3,8,37.500,PROTECT,62.500,0.900256,2.4602
"('SWEEPER', 'TANK', 'DOMINANT', 'FULL', 'FULL', 'NORMAL', 'FASTER', 'MEC_USED', 'CLEAN', 'CLEAN', 'NEUTRAL', 'NEUTRAL', 'SET', 'CLEAR', 'OPENING', 'BANCO_AMBOS')",8,4,8,50.000,ATTACK_STRONG,62.500,1.073543,2.9257
"('TANK', 'TANK', 'NEUTRAL', 'SAFE', 'FULL', 'FIELD_OURS_OFF', 'FASTER', 'MEC_USED', 'CLEAN', 'CLEAN', 'NEUTRAL', 'NEUTRAL', 'SET', 'CLEAR', 'OPENING', 'BANCO_AMBOS')",8,6,11,54.545,ATTACK_PIVOT,25.000,1.732868,5.6569
"('TANK', 'TANK', 'DEFENSIVE_DIS', 'DANGER', 'FULL', 'NORMAL', 'FASTER', 'MEC_USED', 'CLEAN', 'CLEAN', 'NEUTRAL', 'NEUTRAL', 'SET', 'CLEAR', 'RECOVERING', 'BANCO_VAZIO')",8,6,8,75.000,ATTACK_STRONG,25.000,1.732868,5.6569
"('TANK', 'TANK', 'OFFENSIVE_DIS', 'SAFE', 'FULL', 'NORMAL', 'SLOWER', 'MEC_USED', 'CLEAN', 'CLEAN', 'NEUTRAL', 'NEUTRAL', 'SET', 'CLEAR', 'RECOVERING', 'BANCO_VAZIO')",8,8,12,66.667,ATTACK_STRONG,12.500,2.079442,8.0000
"('TANK', 'TANK', 'VOLATILE', 'FULL', 'CRIT', 'NORMAL', 'FASTER', 'MEC_USED', 'CLEAN', 'CLEAN', 'NEUTRAL', 'NEUTRAL', 'CLEAR', 'CLEAR', 'OPENING', 'BANCO_OFF')",8,5,11,45.455,SWITCH_DEFENSIVE,37.500,1.494175,4.4557
"('TANK', 'SWEEPER', 'OFFENSIVE_ADV', 'SAFE', 'FULL', 'NORMAL', 'SLOWER', 'MEC_USED', 'CLEAN', 'CLEAN', 'NEUTRAL', 'NEUTRAL', 'CLEAR', 'CLEAR', 'BRAWL', 'BANCO_OFF')",8,7,10,70.000,HEAL,25.000,1.906155,6.7272
"('TANK', 'TANK', 'OFFENSIVE_ADV', 'SAFE', 'FULL', 'NORMAL', 'FASTER', 'MEC_USED', 'CLEAN', 'CLEAN', 'NEUTRAL', 'NEUTRAL', 'SET', 'CLEAR', 'BRAWL', 'BANCO_VAZIO')",8,7,11,63.636,ATTACK_TECH,25.000,1.906155,6.7272
"('TANK', 'TANK', 'DEFENSIVE_DIS', 'SAFE', 'SAFE', 'NORMAL', 'FASTER', 'MEC_USED', 'CLEAN', 'CLEAN', 'NEUTRAL', 'NEUTRAL', 'SET', 'CLEAR', 'RECOVERING', 'BANCO_VAZIO')",8,5,9,55.556,ATTACK_STRONG,37.500,1.494175,4.4557
"('TANK', 'UTILITY', 'DEFENSIVE_DIS', 'FULL', 'FULL', 'FIELD_SHARED', 'SLOWER', 'MEC_USED', 'CLEAN', 'CLEAN', 'NEUTRAL', 'NEUTRAL', 'CLEAR', 'CLEAR', 'OPENING', 'BANCO_OFF')",8,4,9,44.444,SWITCH_OFFENSIVE,50.000,1.213008,3.3636
"('TANK', 'TANK', 'NEUTRAL', 'SAFE', 'FULL', 'FIELD_THEIRS', 'FASTER', 'MEC_USED', 'CLEAN', 'CLEAN', 'NEUTRAL', 'NEUTRAL', 'CLEAR', 'CLEAR', 'OPENING', 'BANCO_VAZIO')",8,5,7,71.429,ATTACK_STRONG,25.000,1.559581,4.7568
"('TANK', 'SWEEPER', 'OFFENSIVE_DIS', 'FULL', 'FULL', 'NORMAL', 'SLOWER', 'MEC_USED', 'CLEAN', 'CLEAN', 'DEBUFF', 'NEUTRAL', 'CLEAR', 'CLEAR', 'OPENING', 'BANCO_AMBOS')",8,2,6,33.333,HEAL,62.500,0.661563,1.9378
"('UTILITY', 'TANK', 'OFFENSIVE_ADV', 'FULL', 'FULL', 'NORMAL', 'SLOWER', 'MEC_USED', 'CLEAN', 'CLEAN', 'NEUTRAL', 'NEUTRAL', 'CLEAR', 'CLEAR', 'OPENING', 'BANCO_AMBOS')",8,3,8,37.500,BUFF,75.000,0.735622,2.0868
"('TANK', 'TANK', 'OFFENSIVE_DIS', 'SAFE', 'SAFE', 'NORMAL', 'SLOWER', 'MEC_USED', 'CLEAN', 'CLEAN', 'BUFFED', 'NEUTRAL', 'CLEAR', 'CLEAR', 'OPENING', 'BANCO_OFF')",8,1,6,16.667,BUFF,100.000,-0.000000,1.0000
"('TANK', 'TANK', 'NEUTRAL', 'DANGER', 'DANGER', 'FIELD_SHARED', 'FASTER', 'MEC_USED', 'CLEAN', 'CLEAN', 'NEUTRAL', 'NEUTRAL', 'CLEAR', 'CLEAR', 'OPENING', 'BANCO_OFF')",8,5,7,71.429,SWITCH_DEFENSIVE,37.500,1.494175,4.4557
"('TANK', 'TANK', 'OFFENSIVE_ADV', 'DANGER', 'FULL', 'NORMAL', 'FASTER', 'MEC_USED', 'CLEAN', 'CLEAN', 'NEUTRAL', 'NEUTRAL', 'CLEAR', 'CLEAR', 'RECOVERING', 'BANCO_VAZIO')",8,6,9,66.667,ATTACK_STRONG,37.500,1.667462,5.2987
"('TANK', 'TANK', 'CRITICAL_DIS', 'SAFE', 'FULL', 'NORMAL', 'SLOWER', 'MEC_USED', 'CLEAN', 'CLEAN', 'NEUTRAL', 'NEUTRAL', 'SET', 'CLEAR', 'OPENING', 'BANCO_OFF')",8,4,11,36.364,SWITCH_OFFENSIVE,37.500,1.320888,3.7467
"('TANK', 'TANK', 'DEFENSIVE_DIS', 'FULL', 'SAFE', 'FIELD_THEIRS', 'FASTER', 'MEC_USED', 'CLEAN', 'CLEAN', 'NEUTRAL', 'NEUTRAL', 'CLEAR', 'CLEAR', 'OPENING', 'BANCO_OFF')",8,4,7,57.143,SWITCH_DEFENSIVE,37.500,1.255482,3.5095
"('TANK', 'TANK', 'OFFENSIVE_DIS', 'SAFE', 'FULL', 'NORMAL', 'SLOWER', 'MEC_USED', 'CLEAN', 'CLEAN', 'NEUTRAL', 'NEUTRAL', 'CLEAR', 'CLEAR', 'BRAWL', 'BANCO_VAZIO')",8,5,11,45.455,ATTACK_PIVOT,25.000,1.559581,4.7568
"('TANK', 'TANK', 'OFFENSIVE_DIS', 'SAFE', 'FULL', 'NORMAL', 'FASTER', 'MEC_USED', 'AFFLICTED', 'CLEAN', 'NEUTRAL', 'NEUTRAL', 'CLEAR', 'CLEAR', 'CLUTCH', 'BANCO_VAZIO')",8,2,7,28.571,HEAL,62.500,0.661563,1.9378
"('TANK', 'TANK', 'NEUTRAL', 'DANGER', 'FULL', 'NORMAL', 'FASTER', 'MEC_USED', 'CLEAN', 'CLEAN', 'NEUTRAL', 'NEUTRAL', 'SET', 'CLEAR', 'RECOVERING', 'BANCO_VAZIO')",8,4,8,50.000,ATTACK_PIVOT,37.500,1.255482,3.5095
"('TANK', 'TANK', 'DEFENSIVE_ADV', 'FULL', 'FULL', 'NORMAL', 'FASTER', 'MEC_AVAIL', 'CLEAN', 'CLEAN', 'NEUTRAL', 'NEUTRAL', 'CLEAR', 'CLEAR', 'OPENING', 'BANCO_OFF')",8,5,8,62.500,ATTACK_STRONG_MEC,37.500,1.494175,4.4557
"('TANK', 'TANK', 'NEUTRAL', 'FULL', 'SAFE', 'FIELD_OURS_OFF', 'SLOWER', 'MEC_USED', 'CLEAN', 'CLEAN', 'NEUTRAL', 'NEUTRAL', 'CLEAR', 'CLEAR', 'OPENING', 'BANCO_OFF')",8,5,7,71.429,SWITCH_OFFENSIVE,37.500,1.494175,4.4557
"('TANK', 'TANK', 'OFFENSIVE_DIS', 'SAFE', 'FULL', 'NORMAL', 'FASTER', 'MEC_USED', 'CLEAN', 'CLEAN', 'NEUTRAL', 'NEUTRAL', 'CLEAR', 'CLEAR', 'RECOVERING', 'BANCO_VAZIO')",8,6,14,42.857,PROTECT,25.000,1.732868,5.6569
"('TANK', 'TANK', 'NEUTRAL', 'SAFE', 'SAFE', 'NORMAL', 'FASTER', 'MEC_USED', 'CLEAN', 'CLEAN', 'NEUTRAL', 'DEBUFF', 'CLEAR', 'CLEAR', 'OPENING', 'BANCO_OFF')",8,4,9,44.444,ATTACK_TECH,62.500,1.073543,2.9257
"('TANK', 'TANK', 'NEUTRAL', 'SAFE', 'SAFE', 'NORMAL', 'FASTER', 'MEC_USED', 'CLEAN', 'CLEAN', 'NEUTRAL', 'NEUTRAL', 'CLEAR', 'SET', 'RECOVERING', 'BANCO_VAZIO')",8,7,10,70.000,SWITCH_OFFENSIVE,25.000,1.906155,6.7272
"('TANK', 'TANK', 'OFFENSIVE_ADV', 'FULL', 'SAFE', 'FIELD_SHARED', 'FASTER', 'MEC_USED', 'CLEAN', 'CLEAN', 'NEUTRAL', 'NEUTRAL', 'SET', 'CLEAR', 'OPENING', 'BANCO_OFF')",8,7,11,63.636,CLEAN_HAZARD,25.000,1.906155,6.7272
"('SWEEPER', 'TANK', 'DEFENSIVE_DIS', 'FULL', 'SAFE', 'NORMAL', 'FASTER', 'MEC_USED', 'CLEAN', 'CLEAN', 'NEUTRAL', 'NEUTRAL', 'CLEAR', 'CLEAR', 'OPENING', 'BANCO_AMBOS')",8,1,7,14.286,SWITCH_OFFENSIVE,100.000,-0.000000,1.0000
"('TANK', 'TANK', 'DOMINANT', 'SAFE', 'FULL', 'FIELD_THEIRS', 'SLOWER', 'MEC_USED', 'CLEAN', 'CLEAN', 'NEUTRAL', 'NEUTRAL', 'CLEAR', 'CLEAR', 'OPENING', 'BANCO_OFF')",8,5,9,55.556,ATTACK_PIVOT,25.000,1.559581,4.7568
"('TANK', 'TANK', 'OFFENSIVE_DIS', 'FULL', 'SAFE', 'NORMAL', 'FASTER', 'MEC_USED', 'CLEAN', 'CLEAN', 'NEUTRAL', 'NEUTRAL', 'SET', 'CLEAR', 'OPENING', 'BANCO_OFF')",8,6,12,50.000,HAZARD,37.500,1.667462,5.2987
"('TANK', 'SWEEPER', 'DEFENSIVE_ADV', 'FULL', 'FULL', 'FIELD_SHARED', 'SLOWER', 'MEC_USED', 'CLEAN', 'CLEAN', 'NEUTRAL', 'NEUTRAL', 'CLEAR', 'CLEAR', 'OPENING', 'BANCO_OFF')",8,3,7,42.857,ATTACK_STRONG,75.000,0.735622,2.0868
"('TANK', 'UTILITY', 'NEUTRAL', 'SAFE', 'DANGER', 'NORMAL', 'SLOWER', 'MEC_USED', 'CLEAN', 'CLEAN', 'NEUTRAL', 'NEUTRAL', 'CLEAR', 'CLEAR', 'OPENING', 'BANCO_OFF')",8,3,8,37.500,STAT_CLEAN,62.500,0.900256,2.4602
"('SWEEPER', 'TANK', 'OFFENSIVE_ADV', 'FULL', 'FULL', 'NORMAL', 'FASTER', 'MEC_USED', 'CLEAN', 'CLEAN', 'NEUTRAL', 'NEUTRAL', 'CLEAR', 'CLEAR', 'OPENING', 'BANCO_VAZIO')",8,4,6,66.667,SWITCH_DEFENSIVE,37.500,1.320888,3.7467
"('TANK', 'TANK', 'DOMINANT', 'FULL', 'FULL', 'FIELD_THEIRS', 'FASTER', 'MEC_USED', 'CLEAN', 'CLEAN', 'NEUTRAL', 'NEUTRAL', 'CLEAR', 'CLEAR', 'OPENING', 'BANCO_VAZIO')",8,3,5,60.000,ATTACK_STRONG,37.500,1.082196,2.9512
"('TANK', 'TANK', 'NEUTRAL', 'FULL', 'SAFE', 'NORMAL', 'FASTER', 'MEC_USED', 'CLEAN', 'CLEAN', 'NEUTRAL', 'NEUTRAL', 'CLEAR', 'CLEAR', 'OPENING', 'BANCO_DEF')",8,4,9,44.444,CLEAN_HAZARD,37.500,1.320888,3.7467
"('TANK', 'TANK', 'DEFENSIVE_DIS', 'CRIT', 'SAFE', 'FIELD_OURS_OFF', 'SLOWER', 'MEC_USED', 'CLEAN', 'CLEAN', 'NEUTRAL', 'NEUTRAL', 'CLEAR', 'CLEAR', 'OPENING', 'BANCO_OFF')",8,4,6,66.667,ATTACK_STRONG,50.000,1.213008,3.3636
"('TANK', 'TANK', 'DEFENSIVE_ADV', 'FULL', 'FULL', 'FIELD_OURS_DEF', 'SLOWER', 'MEC_USED', 'CLEAN', 'CLEAN', 'NEUTRAL', 'NEUTRAL', 'CLEAR', 'CLEAR', 'OPENING', 'BANCO_AMBOS')",8,3,6,50.000,SWITCH_DEFENSIVE,37.500,1.082196,2.9512
"('TANK', 'TANK', 'OFFENSIVE_DIS', 'FULL', 'FULL', 'NORMAL', 'FASTER', 'MEC_USED', 'CLEAN', 'CLEAN', 'NEUTRAL', 'NEUTRAL', 'CLEAR', 'CLEAR', 'OPENING', 'BANCO_VAZIO')",8,5,8,62.500,HAZARD,37.500,1.494175,4.4557
"('TANK', 'TANK', 'DEFENSIVE_DIS', 'DANGER', 'FULL', 'NORMAL', 'SLOWER', 'MEC_USED', 'CLEAN', 'CLEAN', 'NEUTRAL', 'NEUTRAL', 'CLEAR', 'CLEAR', 'RECOVERING', 'BANCO_VAZIO')",8,5,10,50.000,HEAL,37.500,1.494175,4.4557
"('TANK', 'TANK', 'VOLATILE', 'CRIT', 'SAFE', 'NORMAL', 'FASTER', 'MEC_USED', 'CLEAN', 'CLEAN', 'NEUTRAL', 'NEUTRAL', 'CLEAR', 'CLEAR', 'OPENING', 'BANCO_OFF')",8,5,8,62.500,CLEAN_HAZARD,37.500,1.494175,4.4557
"('TANK', 'TANK', 'VOLATILE', 'SAFE', 'FULL', 'FIELD_THEIRS', 'FASTER', 'MEC_USED', 'CLEAN', 'CLEAN', 'NEUTRAL', 'NEUTRAL', 'CLEAR', 'CLEAR', 'OPENING', 'BANCO_AMBOS')",8,4,8,50.000,HEAL,50.000,1.213008,3.3636
"('TANK', 'TANK', 'NEUTRAL', 'SAFE', 'FULL', 'NORMAL', 'SLOWER', 'MEC_USED', 'CLEAN', 'CLEAN', 'NEUTRAL', 'NEUTRAL', 'SET', 'SET', 'OPENING', 'BANCO_OFF')",8,6,9,66.667,HAZARD,25.000,1.732868,5.6569
"('UTILITY', 'SWEEPER', 'DOMINANT', 'FULL', 'FULL', 'NORMAL', 'SLOWER', 'MEC_USED', 'CLEAN', 'CLEAN', 'NEUTRAL', 'NEUTRAL', 'CLEAR', 'CLEAR', 'OPENING', 'BANCO_OFF')",8,4,7,57.143,ATTACK_STRONG,37.500,1.320888,3.7467
"('TANK', 'TANK', 'STALEMATE', 'FULL', 'FULL', 'NORMAL', 'SLOWER', 'MEC_USED', 'AFFLICTED', 'AFFLICTED', 'DEBUFF', 'DEBUFF', 'CLEAR', 'CLEAR', 'CLUTCH', 'BANCO_VAZIO')",8,1,5,20.000,HAZARD,100.000,-0.000000,1.0000
"('TANK', 'TANK', 'DEFENSIVE_DIS', 'SAFE', 'SAFE', 'NORMAL', 'SLOWER', 'MEC_USED', 'CLEAN', 'CLEAN', 'NEUTRAL', 'NEUTRAL', 'SET', 'CLEAR', 'OPENING', 'BANCO_OFF')",8,6,11,54.545,ATTACK_TECH,25.000,1.732868,5.6569
"('TANK', 'TANK', 'NEUTRAL', 'DANGER', 'SAFE', 'NORMAL', 'FASTER', 'MEC_USED', 'CLEAN', 'CLEAN', 'NEUTRAL', 'NEUTRAL', 'SET', 'SET', 'RECOVERING', 'BANCO_VAZIO')",8,5,9,55.556,HEAL,37.500,1.494175,4.4557
"('TANK', 'TANK', 'VOLATILE', 'FULL', 'FULL', 'NORMAL', 'FASTER', 'MEC_USED', 'CLEAN', 'CLEAN', 'NEUTRAL', 'NEUTRAL', 'CLEAR', 'SET', 'OPENING', 'BANCO_OFF')",8,2,10,20.000,SWITCH_DEFENSIVE,87.500,0.376770,1.4576
"('TANK', 'TANK', 'DEFENSIVE_ADV', 'FULL', 'FULL', 'NORMAL', 'SLOWER', 'MEC_USED', 'CLEAN', 'CLEAN', 'NEUTRAL', 'NEUTRAL', 'CLEAR', 'CLEAR', 'BRAWL', 'BANCO_OFF')",8,5,10,50.000,CLEAN_HAZARD,37.500,1.494175,4.4557
"('TANK', 'SWEEPER', 'DEFENSIVE_DIS', 'FULL', 'FULL', 'FIELD_SHARED', 'SLOWER', 'MEC_AVAIL', 'CLEAN', 'CLEAN', 'NEUTRAL', 'NEUTRAL', 'CLEAR', 'CLEAR', 'OPENING', 'BANCO_AMBOS')",8,1,10,10.000,ATTACK_STRONG_MEC,100.000,-0.000000,1.0000
"('TANK', 'TANK', 'OFFENSIVE_DIS', 'FULL', 'CRIT', 'NORMAL', 'SLOWER', 'MEC_USED', 'CLEAN', 'CLEAN', 'NEUTRAL', 'NEUTRAL', 'CLEAR', 'CLEAR', 'OPENING', 'BANCO_OFF')",8,6,11,54.545,PROTECT,37.500,1.667462,5.2987
"('TANK', 'TANK', 'NEUTRAL', 'FULL', 'SAFE', 'NORMAL', 'SLOWER', 'MEC_USED', 'AFFLICTED', 'CLEAN', 'DEBUFF', 'NEUTRAL', 'SET', 'SET', 'RECOVERING', 'BANCO_VAZIO')",8,2,8,25.000,HEAL,87.500,0.376770,1.4576
"('TANK', 'TANK', 'OFFENSIVE_DIS', 'FULL', 'FULL', 'NORMAL', 'FASTER', 'MEC_USED', 'AFFLICTED', 'CLEAN', 'NEUTRAL', 'NEUTRAL', 'CLEAR', 'SET', 'RECOVERING', 'BANCO_VAZIO')",8,2,4,50.000,HEAL,87.500,0.376770,1.4576
"('TANK', 'TANK', 'OFFENSIVE_ADV', 'FULL', 'FULL', 'FIELD_SHARED', 'FASTER', 'MEC_USED', 'CLEAN', 'CLEAN', 'NEUTRAL', 'NEUTRAL', 'CLEAR', 'CLEAR', 'OPENING', 'BANCO_VAZIO')",8,4,8,50.000,HEAL,62.500,1.073543,2.9257
"('TANK', 'TANK', 'NEUTRAL', 'FULL', 'SAFE', 'NORMAL', 'SLOWER', 'MEC_USED', 'CLEAN', 'AFFLICTED', 'NEUTRAL', 'DEBUFF', 'SET', 'SET', 'RECOVERING', 'BANCO_VAZIO')",8,3,4,75.000,ATTACK_STRONG,37.500,1.082196,2.9512
"('TANK', 'TANK', 'NEUTRAL', 'SAFE', 'FULL', 'NORMAL', 'SLOWER', 'MEC_AVAIL', 'AFFLICTED', 'AFFLICTED', 'DEBUFF', 'NEUTRAL', 'CLEAR', 'CLEAR', 'CLUTCH', 'BANCO_OFF')",7,3,4,75.000,ATTACK_STRONG_MEC,71.429,0.796312,2.2173
"('TANK', 'TANK', 'NEUTRAL', 'FULL', 'FULL', 'NORMAL', 'SLOWER', 'MEC_USED', 'AFFLICTED', 'AFFLICTED', 'NEUTRAL', 'DEBUFF', 'CLEAR', 'CLEAR', 'CLUTCH', 'BANCO_VAZIO')",7,2,2,100.000,STATUS,71.429,0.598270,1.8190
"('UTILITY', 'TANK', 'NEUTRAL', 'SAFE', 'FULL', 'NORMAL', 'FASTER', 'MEC_USED', 'CLEAN', 'CLEAN', 'NEUTRAL', 'NEUTRAL', 'CLEAR', 'CLEAR', 'OPENING', 'BANCO_OFF')",7,2,6,33.333,ATTACK_PIVOT,71.429,0.598270,1.8190
"('TANK', 'TANK', 'STALEMATE', 'FULL', 'SAFE', 'FIELD_SHARED', 'SLOWER', 'MEC_USED', 'CLEAN', 'CLEAN', 'NEUTRAL', 'NEUTRAL', 'CLEAR', 'CLEAR', 'OPENING', 'BANCO_OFF')",7,5,10,50.000,CLEAN_HAZARD,42.857,1.475076,4.3714
"('TANK', 'TANK', 'CRITICAL_DIS', 'FULL', 'FULL', 'NORMAL', 'FASTER', 'MEC_USED', 'AFFLICTED', 'CLEAN', 'NEUTRAL', 'NEUTRAL', 'SET', 'CLEAR', 'CLUTCH', 'BANCO_VAZIO')",7,3,6,50.000,SWITCH_OFFENSIVE,71.429,0.796312,2.2173
"('TANK', 'TANK', 'OFFENSIVE_DIS', 'FULL', 'FULL', 'FIELD_SHARED', 'FASTER', 'MEC_USED', 'AFFLICTED', 'CLEAN', 'NEUTRAL', 'NEUTRAL', 'CLEAR', 'CLEAR', 'RECOVERING', 'BANCO_VAZIO')",7,4,8,50.000,ATTACK_STRONG,28.571,1.351784,3.8643
"('TANK', 'TANK', 'DEFENSIVE_DIS', 'SAFE', 'FULL', 'NORMAL', 'SLOWER', 'MEC_USED', 'CLEAN', 'AFFLICTED', 'NEUTRAL', 'NEUTRAL', 'CLEAR', 'CLEAR', 'CLUTCH', 'BANCO_VAZIO')",7,4,7,57.143,ATTACK_STRONG,42.857,1.277034,3.5860
"('TANK', 'SWEEPER', 'NEUTRAL', 'SAFE', 'FULL', 'NORMAL', 'SLOWER', 'MEC_USED', 'CLEAN', 'CLEAN', 'NEUTRAL', 'NEUTRAL', 'CLEAR', 'CLEAR', 'OPENING', 'BANCO_VAZIO')",7,4,10,40.000,ATTACK_TECH,57.143,1.153742,3.1700
"('SWEEPER', 'TANK', 'OFFENSIVE_ADV', 'FULL', 'FULL', 'NORMAL', 'FASTER', 'MEC_USED', 'CLEAN', 'CLEAN', 'NEUTRAL', 'NEUTRAL', 'SET', 'CLEAR', 'OPENING', 'BANCO_AMBOS')",7,5,6,83.333,ATTACK_STRONG,28.571,1.549826,4.7107
"('TANK', 'TANK', 'NEUTRAL', 'FULL', 'SAFE', 'FIELD_THEIRS', 'FASTER', 'MEC_USED', 'CLEAN', 'CLEAN', 'NEUTRAL', 'NEUTRAL', 'CLEAR', 'CLEAR', 'OPENING', 'BANCO_OFF')",7,5,7,71.429,ATTACK_STRONG,28.571,1.549826,4.7107
"('TANK', 'TANK', 'NEUTRAL', 'DANGER', 'SAFE', 'NORMAL', 'SLOWER', 'MEC_USED', 'CLEAN', 'CLEAN', 'NEUTRAL', 'NEUTRAL', 'SET', 'CLEAR', 'OPENING', 'BANCO_OFF')",7,7,13,53.846,ATTACK_PIVOT,14.286,1.945910,7.0000
"('TANK', 'TANK', 'DEFENSIVE_DIS', 'FULL', 'DANGER', 'NORMAL', 'SLOWER', 'MEC_USED', 'CLEAN', 'CLEAN', 'NEUTRAL', 'NEUTRAL', 'CLEAR', 'CLEAR', 'OPENING', 'BANCO_OFF')",7,3,10,30.000,ATTACK_STRONG,71.429,0.796312,2.2173
"('TANK', 'TANK', 'NEUTRAL', 'DANGER', 'SAFE', 'NORMAL', 'FASTER', 'MEC_USED', 'CLEAN', 'CLEAN', 'NEUTRAL', 'NEUTRAL', 'SET', 'SET', 'CLUTCH', 'BANCO_VAZIO')",7,4,8,50.000,ATTACK_STRONG,42.857,1.277034,3.5860
"('TANK', 'TANK', 'DEFENSIVE_DIS', 'FULL', 'SAFE', 'FIELD_OURS_DEF', 'FASTER', 'MEC_USED', 'CLEAN', 'CLEAN', 'NEUTRAL', 'NEUTRAL', 'CLEAR', 'CLEAR', 'OPENING', 'BANCO_OFF')",7,4,10,40.000,SWITCH_OFFENSIVE,42.857,1.277034,3.5860
"('TANK', 'TANK', 'OFFENSIVE_ADV', 'SAFE', 'SAFE', 'NORMAL', 'FASTER', 'MEC_USED', 'CLEAN', 'CLEAN', 'NEUTRAL', 'NEUTRAL', 'CLEAR', 'CLEAR', 'RECOVERING', 'BANCO_VAZIO')",7,6,9,66.667,ATTACK_TECH,28.571,1.747868,5.7423
"('TANK', 'TANK', 'DEFENSIVE_DIS', 'DANGER', 'SAFE', 'NORMAL', 'FASTER', 'MEC_USED', 'CLEAN', 'CLEAN', 'NEUTRAL', 'NEUTRAL', 'SET', 'CLEAR', 'RECOVERING', 'BANCO_VAZIO')",7,6,8,75.000,HEAL,28.571,1.747868,5.7423
"('TANK', 'TANK', 'DEFENSIVE_DIS', 'FULL', 'FULL', 'NORMAL', 'FASTER', 'MEC_USED', 'CLEAN', 'CLEAN', 'NEUTRAL', 'NEUTRAL', 'CLEAR', 'SET', 'OPENING', 'BANCO_AMBOS')",7,3,9,33.333,ATTACK_STRONG,42.857,1.078992,2.9417
"('SWEEPER', 'TANK', 'VOLATILE', 'FULL', 'FULL', 'FIELD_OURS_OFF', 'FASTER', 'MEC_AVAIL', 'CLEAN', 'CLEAN', 'NEUTRAL', 'NEUTRAL', 'CLEAR', 'CLEAR', 'OPENING', 'BANCO_OFF')",7,4,12,33.333,ATTACK_STRONG,42.857,1.277034,3.5860
"('SWEEPER', 'TANK', 'OFFENSIVE_ADV', 'FULL', 'FULL', 'FIELD_SHARED', 'FASTER', 'MEC_USED', 'CLEAN', 'CLEAN', 'NEUTRAL', 'DEBUFF', 'SET', 'CLEAR', 'OPENING', 'BANCO_OFF')",7,4,7,57.143,CLEAN_HAZARD,42.857,1.277034,3.5860
"('TANK', 'TANK', 'NEUTRAL', 'DANGER', 'SAFE', 'NORMAL', 'FASTER', 'MEC_USED', 'CLEAN', 'CLEAN', 'NEUTRAL', 'NEUTRAL', 'SET', 'CLEAR', 'RECOVERING', 'BANCO_VAZIO')",7,6,9,66.667,ATTACK_PIVOT,28.571,1.747868,5.7423
"('SWEEPER', 'TANK', 'CRITICAL_DIS', 'FULL', 'FULL', 'FIELD_THEIRS', 'FASTER', 'MEC_USED', 'CLEAN', 'CLEAN', 'NEUTRAL', 'NEUTRAL', 'CLEAR', 'CLEAR', 'OPENING', 'BANCO_AMBOS')",7,5,5,100.000,SWITCH_DEFENSIVE,28.571,1.549826,4.7107
"('TANK', 'TANK', 'NEUTRAL', 'SAFE', 'DANGER', 'NORMAL', 'FASTER', 'MEC_USED', 'CLEAN', 'CLEAN', 'NEUTRAL', 'NEUTRAL', 'CLEAR', 'CLEAR', 'OPENING', 'BANCO_VAZIO')",7,5,10,50.000,ATTACK_TECH,42.857,1.475076,4.3714
"('TANK', 'TANK', 'NEUTRAL', 'FULL', 'SAFE', 'NORMAL', 'SLOWER', 'MEC_USED', 'CLEAN', 'CLEAN', 'NEUTRAL', 'NEUTRAL', 'SET', 'CLEAR', 'CLUTCH', 'BANCO_VAZIO')",7,2,10,20.000,ATTACK_STRONG,85.714,0.410116,1.5070
"('TANK', 'TANK', 'DOMINANT', 'FULL', 'SAFE', 'FIELD_OURS_OFF', 'FASTER', 'MEC_USED', 'CLEAN', 'CLEAN', 'NEUTRAL', 'NEUTRAL', 'CLEAR', 'CLEAR', 'OPENING', 'BANCO_AMBOS')",7,6,10,60.000,ATTACK_TECH,28.571,1.747868,5.7423
"('TANK', 'TANK', 'OFFENSIVE_DIS', 'SAFE', 'FULL', 'NORMAL', 'SLOWER', 'MEC_USED', 'AFFLICTED', 'AFFLICTED', 'NEUTRAL', 'NEUTRAL', 'CLEAR', 'CLEAR', 'CLUTCH', 'BANCO_VAZIO')",7,2,7,28.571,ATTACK_PIVOT,57.143,0.682908,1.9796
"('TANK', 'TANK', 'NEUTRAL', 'FULL', 'SAFE', 'NORMAL', 'SLOWER', 'MEC_USED', 'CLEAN', 'AFFLICTED', 'NEUTRAL', 'DEBUFF', 'SET', 'SET', 'CLUTCH', 'BANCO_VAZIO')",7,2,8,25.000,ATTACK_STRONG,71.429,0.598270,1.8190
"('TANK', 'SWEEPER', 'DEFENSIVE_ADV', 'FULL', 'FULL', 'NORMAL', 'SLOWER', 'MEC_USED', 'CLEAN', 'CLEAN', 'DEBUFF', 'NEUTRAL', 'CLEAR', 'CLEAR', 'OPENING', 'BANCO_VAZIO')",7,5,6,83.333,ATTACK_PIVOT,28.571,1.549826,4.7107
"('TANK', 'TANK', 'NEUTRAL', 'CRIT', 'SAFE', 'NORMAL', 'FASTER', 'MEC_USED', 'CLEAN', 'CLEAN', 'NEUTRAL', 'NEUTRAL', 'SET', 'CLEAR', 'OPENING', 'BANCO_OFF')",7,3,8,37.500,ATTACK_STRONG,71.429,0.796312,2.2173
"('TANK', 'SWEEPER', 'OFFENSIVE_DIS', 'FULL', 'DANGER', 'NORMAL', 'SLOWER', 'MEC_USED', 'CLEAN', 'CLEAN', 'NEUTRAL', 'NEUTRAL', 'CLEAR', 'CLEAR', 'OPENING', 'BANCO_OFF')",7,4,10,40.000,STAT_CLEAN,42.857,1.277034,3.5860
"('TANK', 'UTILITY', 'DOMINANT', 'FULL', 'FULL', 'NORMAL', 'SLOWER', 'MEC_USED', 'CLEAN', 'CLEAN', 'NEUTRAL', 'NEUTRAL', 'CLEAR', 'CLEAR', 'OPENING', 'BANCO_OFF')",7,3,9,33.333,HEAL,57.143,0.955700,2.6005
"('TANK', 'TANK', 'CRITICAL_DIS', 'SAFE', 'FULL', 'FIELD_SHARED', 'FASTER', 'MEC_USED', 'CLEAN', 'CLEAN', 'NEUTRAL', 'NEUTRAL', 'CLEAR', 'CLEAR', 'OPENING', 'BANCO_OFF')",7,6,11,54.545,ATTACK_PIVOT,28.571,1.747868,5.7423
"('TANK', 'TANK', 'OFFENSIVE_ADV', 'FULL', 'SAFE', 'FIELD_SHARED', 'FASTER', 'MEC_USED', 'CLEAN', 'CLEAN', 'NEUTRAL', 'NEUTRAL', 'CLEAR', 'CLEAR', 'OPENING', 'BANCO_AMBOS')",7,5,7,71.429,ATTACK_STRONG,28.571,1.549826,4.7107
"('UTILITY', 'TANK', 'CRITICAL_DIS', 'FULL', 'FULL', 'FIELD_THEIRS', 'FASTER', 'MEC_USED', 'CLEAN', 'CLEAN', 'NEUTRAL', 'NEUTRAL', 'CLEAR', 'CLEAR', 'OPENING', 'BANCO_AMBOS')",7,5,6,83.333,BUFF,28.571,1.549826,4.7107
"('TANK', 'TANK', 'NEUTRAL', 'SAFE', 'FULL', 'NORMAL', 'FASTER', 'MEC_USED', 'AFFLICTED', 'CLEAN', 'NEUTRAL', 'NEUTRAL', 'CLEAR', 'CLEAR', 'OPENING', 'BANCO_OFF')",7,4,9,44.444,STATUS,57.143,1.153742,3.1700
"('TANK', 'TANK', 'OFFENSIVE_ADV', 'DANGER', 'SAFE', 'NORMAL', 'FASTER', 'MEC_USED', 'CLEAN', 'CLEAN', 'NEUTRAL', 'NEUTRAL', 'CLEAR', 'SET', 'OPENING', 'BANCO_OFF')",7,4,9,44.444,ATTACK_STRONG,42.857,1.277034,3.5860
"('TANK', 'TANK', 'OFFENSIVE_ADV', 'SAFE', 'SAFE', 'NORMAL', 'SLOWER', 'MEC_USED', 'CLEAN', 'CLEAN', 'NEUTRAL', 'NEUTRAL', 'CLEAR', 'CLEAR', 'OPENING', 'BANCO_AMBOS')",7,7,10,70.000,ATTACK_STRONG,14.286,1.945910,7.0000
"('TANK', 'TANK', 'VOLATILE', 'CRIT', 'FULL', 'NORMAL', 'FASTER', 'MEC_USED', 'CLEAN', 'CLEAN', 'NEUTRAL', 'NEUTRAL', 'SET', 'CLEAR', 'RECOVERING', 'BANCO_VAZIO')",7,2,2,100.000,ATTACK_PIVOT,85.714,0.410116,1.5070
"('TANK', 'TANK', 'VOLATILE', 'SAFE', 'FULL', 'NORMAL', 'FASTER', 'MEC_USED', 'CLEAN', 'CLEAN', 'NEUTRAL', 'NEUTRAL', 'CLEAR', 'CLEAR', 'RECOVERING', 'BANCO_VAZIO')",7,3,4,75.000,ATTACK_STRONG,42.857,1.004242,2.7298
"('TANK', 'SWEEPER', 'OFFENSIVE_ADV', 'FULL', 'FULL', 'FIELD_SHARED', 'SLOWER', 'MEC_AVAIL', 'CLEAN', 'CLEAN', 'NEUTRAL', 'NEUTRAL', 'CLEAR', 'CLEAR', 'OPENING', 'BANCO_OFF')",7,1,6,16.667,ATTACK_STRONG,100.000,-0.000000,1.0000
"('TANK', 'TANK', 'NEUTRAL', 'FULL', 'SAFE', 'NORMAL', 'SLOWER', 'MEC_USED', 'CLEAN', 'CLEAN', 'NEUTRAL', 'NEUTRAL', 'SET', 'CLEAR', 'BRAWL', 'BANCO_VAZIO')",7,6,11,54.545,ATTACK_STRONG,28.571,1.747868,5.7423
"('TANK', 'TANK', 'VOLATILE', 'SAFE', 'FULL', 'NORMAL', 'SLOWER', 'MEC_USED', 'CLEAN', 'CLEAN', 'NEUTRAL', 'NEUTRAL', 'SET', 'CLEAR', 'OPENING', 'BANCO_OFF')",7,5,9,55.556,STATUS,28.571,1.549826,4.7107
"('UTILITY', 'SWEEPER', 'DOMINANT', 'FULL', 'FULL', 'NORMAL', 'SLOWER', 'MEC_USED', 'CLEAN', 'CLEAN', 'NEUTRAL', 'NEUTRAL', 'CLEAR', 'CLEAR', 'OPENING', 'BANCO_AMBOS')",7,4,9,44.444,HAZARD,42.857,1.277034,3.5860
"('TANK', 'TANK', 'OFFENSIVE_ADV', 'DANGER', 'SAFE', 'NORMAL', 'SLOWER', 'MEC_USED', 'CLEAN', 'CLEAN', 'NEUTRAL', 'NEUTRAL', 'CLEAR', 'CLEAR', 'OPENING', 'BANCO_OFF')",7,6,9,66.667,ATTACK_PIVOT,28.571,1.747868,5.7423
"('TANK', 'TANK', 'NEUTRAL', 'FULL', 'SAFE', 'NORMAL', 'SLOWER', 'MEC_USED', 'CLEAN', 'CLEAN', 'NEUTRAL', 'NEUTRAL', 'CLEAR', 'SET', 'RECOVERING', 'BANCO_VAZIO')",7,5,9,55.556,HAZARD,28.571,1.549826,4.7107
"('TANK', 'TANK', 'DEFENSIVE_DIS', 'FULL', 'FULL', 'FIELD_SHARED', 'SLOWER', 'MEC_AVAIL', 'CLEAN', 'CLEAN', 'NEUTRAL', 'NEUTRAL', 'CLEAR', 'CLEAR', 'OPENING', 'BANCO_OFF')",7,6,16,37.500,ATTACK_STRONG,28.571,1.747868,5.7423
"('TANK', 'SWEEPER', 'OFFENSIVE_ADV', 'FULL', 'DANGER', 'NORMAL', 'SLOWER', 'MEC_USED', 'CLEAN', 'CLEAN', 'NEUTRAL', 'NEUTRAL', 'CLEAR', 'CLEAR', 'OPENING', 'BANCO_OFF')",7,6,11,54.545,SWITCH_DEFENSIVE,28.571,1.747868,5.7423
"('TANK', 'SWEEPER', 'CRITICAL_DIS', 'FULL', 'FULL', 'FIELD_OURS_OFF', 'SLOWER', 'MEC_USED', 'CLEAN', 'CLEAN', 'NEUTRAL', 'NEUTRAL', 'CLEAR', 'CLEAR', 'OPENING', 'BANCO_AMBOS')",7,3,8,37.500,SWITCH_OFFENSIVE,57.143,0.955700,2.6005
"('TANK', 'TANK', 'NEUTRAL', 'FULL', 'SAFE', 'FIELD_SHARED', 'SLOWER', 'MEC_USED', 'CLEAN', 'CLEAN', 'NEUTRAL', 'NEUTRAL', 'CLEAR', 'CLEAR', 'OPENING', 'BANCO_AMBOS')",7,4,10,40.000,STATUS,42.857,1.277034,3.5860
"('TANK', 'TANK', 'DEFENSIVE_DIS', 'FULL', 'SAFE', 'NORMAL', 'SLOWER', 'MEC_USED', 'CLEAN', 'CLEAN', 'NEUTRAL', 'NEUTRAL', 'CLEAR', 'CLEAR', 'OPENING', 'BANCO_VAZIO')",7,2,9,22.222,SWITCH_DEFENSIVE,85.714,0.410116,1.5070
"('TANK', 'TANK', 'DEFENSIVE_DIS', 'FULL', 'FULL', 'NORMAL', 'SLOWER', 'MEC_AVAIL', 'CLEAN', 'CLEAN', 'NEUTRAL', 'NEUTRAL', 'CLEAR', 'CLEAR', 'OPENING', 'BANCO_AMBOS')",7,5,12,41.667,ATTACK_STRONG_MEC,28.571,1.549826,4.7107
"('TANK', 'SWEEPER', 'OFFENSIVE_ADV', 'FULL', 'FULL', 'NORMAL', 'SLOWER', 'MEC_AVAIL', 'CLEAN', 'CLEAN', 'NEUTRAL', 'BUFFED', 'CLEAR', 'CLEAR', 'OPENING', 'BANCO_OFF')",7,6,12,50.000,ATTACK_STRONG_MEC,28.571,1.747868,5.7423
"('TANK', 'TANK', 'NEUTRAL', 'FULL', 'FULL', 'NORMAL', 'FASTER', 'MEC_USED', 'CLEAN', 'CLEAN', 'NEUTRAL', 'NEUTRAL', 'CLEAR', 'SET', 'BRAWL', 'BANCO_OFF')",7,7,12,58.333,ATTACK_TECH,14.286,1.945910,7.0000
"('TANK', 'TANK', 'DOMINANT', 'FULL', 'FULL', 'FIELD_SHARED', 'SLOWER', 'MEC_USED', 'CLEAN', 'CLEAN', 'NEUTRAL', 'NEUTRAL', 'SET', 'CLEAR', 'OPENING', 'BANCO_OFF')",7,4,9,44.444,ATTACK_TECH,42.857,1.277034,3.5860
"('SWEEPER', 'UTILITY', 'OFFENSIVE_ADV', 'FULL', 'FULL', 'FIELD_SHARED', 'SLOWER', 'MEC_USED', 'CLEAN', 'CLEAN', 'NEUTRAL', 'DEBUFF', 'CLEAR', 'CLEAR', 'OPENING', 'BANCO_OFF')",7,3,6,50.000,ATTACK_PIVOT,57.143,0.955700,2.6005
"('TANK', 'TANK', 'OFFENSIVE_ADV', 'SAFE', 'DANGER', 'NORMAL', 'FASTER', 'MEC_USED', 'CLEAN', 'CLEAN', 'NEUTRAL', 'NEUTRAL', 'CLEAR', 'SET', 'OPENING', 'BANCO_OFF')",7,2,5,40.000,HEAL,71.429,0.598270,1.8190
"('TANK', 'TANK', 'NEUTRAL', 'SAFE', 'CRIT', 'NORMAL', 'FASTER', 'MEC_USED', 'CLEAN', 'CLEAN', 'NEUTRAL', 'NEUTRAL', 'SET', 'CLEAR', 'OPENING', 'BANCO_OFF')",7,5,11,45.455,BUFF,28.571,1.549826,4.7107
"('TANK', 'TANK', 'CRITICAL_DIS', 'SAFE', 'FULL', 'NORMAL', 'SLOWER', 'MEC_USED', 'CLEAN', 'CLEAN', 'NEUTRAL', 'NEUTRAL', 'SET', 'SET', 'OPENING', 'BANCO_OFF')",7,6,10,60.000,PROTECT,28.571,1.747868,5.7423
"('TANK', 'SWEEPER', 'OFFENSIVE_ADV', 'SAFE', 'FULL', 'NORMAL', 'SLOWER', 'MEC_USED', 'CLEAN', 'CLEAN', 'NEUTRAL', 'NEUTRAL', 'CLEAR', 'CLEAR', 'OPENING', 'BANCO_VAZIO')",7,5,7,71.429,BUFF,28.571,1.549826,4.7107
"('TANK', 'TANK', 'OFFENSIVE_DIS', 'FULL', 'SAFE', 'NORMAL', 'FASTER', 'MEC_USED', 'CLEAN', 'CLEAN', 'NEUTRAL', 'NEUTRAL', 'CLEAR', 'CLEAR', 'OPENING', 'BANCO_VAZIO')",7,3,8,37.500,HEAL,57.143,0.955700,2.6005
"('TANK', 'SWEEPER', 'DOMINANT', 'FULL', 'FULL', 'FIELD_OURS_DEF', 'SLOWER', 'MEC_AVAIL', 'CLEAN', 'CLEAN', 'NEUTRAL', 'NEUTRAL', 'CLEAR', 'CLEAR', 'OPENING', 'BANCO_AMBOS')",7,4,10,40.000,SWITCH_DEFENSIVE,42.857,1.277034,3.5860
"('TANK', 'TANK', 'OFFENSIVE_DIS', 'SAFE', 'SAFE', 'NORMAL', 'FASTER', 'MEC_USED', 'CLEAN', 'CLEAN', 'NEUTRAL', 'NEUTRAL', 'SET', 'CLEAR', 'BRAWL', 'BANCO_OFF')",7,2,12,16.667,SWITCH_DEFENSIVE,85.714,0.410116,1.5070
"('TANK', 'TANK', 'STALEMATE', 'SAFE', 'FULL', 'NORMAL', 'FASTER', 'MEC_USED', 'CLEAN', 'CLEAN', 'NEUTRAL', 'NEUTRAL', 'CLEAR', 'CLEAR', 'OPENING', 'BANCO_OFF')",7,2,13,15.385,SWITCH_DEFENSIVE,85.714,0.410116,1.5070
"('TANK', 'TANK', 'STALEMATE', 'FULL', 'FULL', 'NORMAL', 'SLOWER', 'MEC_USED', 'CLEAN', 'CLEAN', 'NEUTRAL', 'NEUTRAL', 'CLEAR', 'CLEAR', 'CLUTCH', 'BANCO_VAZIO')",7,2,6,33.333,STAT_CLEAN,71.429,0.598270,1.8190
"('SWEEPER', 'TANK', 'OFFENSIVE_ADV', 'SAFE', 'FULL', 'FIELD_OURS_OFF', 'FASTER', 'MEC_USED', 'CLEAN', 'CLEAN', 'NEUTRAL', 'NEUTRAL', 'CLEAR', 'CLEAR', 'OPENING', 'BANCO_OFF')",7,7,12,58.333,ATTACK_STRONG,14.286,1.945910,7.0000
"('TANK', 'TANK', 'STALEMATE', 'FULL', 'FULL', 'FIELD_SHARED', 'SLOWER', 'MEC_USED', 'CLEAN', 'AFFLICTED', 'NEUTRAL', 'NEUTRAL', 'CLEAR', 'CLEAR', 'OPENING', 'BANCO_OFF')",7,4,9,44.444,ATTACK_PIVOT,42.857,1.277034,3.5860
"('TANK', 'TANK', 'OFFENSIVE_ADV', 'FULL', 'FULL', 'NORMAL', 'FASTER', 'MEC_USED', 'CLEAN', 'CLEAN', 'NEUTRAL', 'NEUTRAL', 'CLEAR', 'CLEAR', 'RECOVERING', 'BANCO_OFF')",7,5,8,62.500,BUFF,28.571,1.549826,4.7107
"('TANK', 'TANK', 'DEFENSIVE_DIS', 'FULL', 'SAFE', 'NORMAL', 'FASTER', 'MEC_USED', 'CLEAN', 'CLEAN', 'NEUTRAL', 'NEUTRAL', 'SET', 'CLEAR', 'OPENING', 'BANCO_OFF')",7,4,10,40.000,ATTACK_TECH,57.143,1.153742,3.1700
"('TANK', 'TANK', 'NEUTRAL', 'DANGER', 'FULL', 'NORMAL', 'FASTER', 'MEC_USED', 'CLEAN', 'CLEAN', 'NEUTRAL', 'NEUTRAL', 'SET', 'SET', 'OPENING', 'BANCO_OFF')",7,4,9,44.444,HEAL,57.143,1.153742,3.1700
"('TANK', 'TANK', 'OFFENSIVE_DIS', 'FULL', 'FULL', 'FIELD_SHARED', 'SLOWER', 'MEC_USED', 'CLEAN', 'CLEAN', 'NEUTRAL', 'NEUTRAL', 'SET', 'CLEAR', 'OPENING', 'BANCO_OFF')",7,5,11,45.455,PHAZE,42.857,1.475076,4.3714
"('TANK', 'TANK', 'NEUTRAL', 'FULL', 'FULL', 'NORMAL', 'FASTER', 'MEC_USED', 'CLEAN', 'CLEAN', 'NEUTRAL', 'NEUTRAL', 'CLEAR', 'SET', 'OPENING', 'BANCO_VAZIO')",7,6,12,50.000,HEAL,28.571,1.747868,5.7423
"('TANK', 'TANK', 'VOLATILE', 'FULL', 'SAFE', 'FIELD_SHARED', 'FASTER', 'MEC_USED', 'CLEAN', 'CLEAN', 'NEUTRAL', 'NEUTRAL', 'CLEAR', 'CLEAR', 'OPENING', 'BANCO_OFF')",7,5,10,50.000,ATTACK_TECH,28.571,1.549826,4.7107
"('TANK', 'TANK', 'OFFENSIVE_ADV', 'SAFE', 'FULL', 'NORMAL', 'SLOWER', 'MEC_USED', 'CLEAN', 'CLEAN', 'NEUTRAL', 'NEUTRAL', 'CLEAR', 'CLEAR', 'RECOVERING', 'BANCO_VAZIO')",7,6,10,60.000,ATTACK_STRONG,28.571,1.747868,5.7423
"('TANK', 'TANK', 'NEUTRAL', 'SAFE', 'FULL', 'NORMAL', 'SLOWER', 'MEC_USED', 'CLEAN', 'CLEAN', 'NEUTRAL', 'NEUTRAL', 'CLEAR', 'SET', 'RECOVERING', 'BANCO_VAZIO')",7,6,11,54.545,SWITCH_OFFENSIVE,28.571,1.747868,5.7423
"('TANK', 'TANK', 'DEFENSIVE_DIS', 'SAFE', 'SAFE', 'NORMAL', 'SLOWER', 'MEC_USED', 'CLEAN', 'CLEAN', 'NEUTRAL', 'NEUTRAL', 'CLEAR', 'CLEAR', 'BRAWL', 'BANCO_OFF')",7,3,9,33.333,ATTACK_STRONG,71.429,0.796312,2.2173
"('TANK', 'TANK', 'NEUTRAL', 'SAFE', 'FULL', 'FIELD_THEIRS', 'FASTER', 'MEC_USED', 'CLEAN', 'CLEAN', 'NEUTRAL', 'NEUTRAL', 'CLEAR', 'CLEAR', 'OPENING', 'BANCO_AMBOS')",7,5,9,55.556,ATTACK_PIVOT,42.857,1.475076,4.3714
"('TANK', 'SWEEPER', 'OFFENSIVE_DIS', 'FULL', 'FULL', 'NORMAL', 'SLOWER', 'MEC_USED', 'CLEAN', 'CLEAN', 'NEUTRAL', 'NEUTRAL', 'CLEAR', 'CLEAR', 'OPENING', 'BANCO_VAZIO')",7,6,13,46.154,HEAL_STATUS,28.571,1.747868,5.7423
"('TANK', 'TANK', 'NEUTRAL', 'FULL', 'SAFE', 'NORMAL', 'SLOWER', 'MEC_USED', 'CLEAN', 'CLEAN', 'NEUTRAL', 'NEUTRAL', 'CLEAR', 'CLEAR', 'CLUTCH', 'BANCO_VAZIO')",7,2,8,25.000,STATUS,71.429,0.598270,1.8190
"('TANK', 'TANK', 'OFFENSIVE_ADV', 'DANGER', 'FULL', 'NORMAL', 'SLOWER', 'MEC_USED', 'CLEAN', 'CLEAN', 'NEUTRAL', 'NEUTRAL', 'SET', 'CLEAR', 'OPENING', 'BANCO_OFF')",7,4,11,36.364,HEAL_STATUS,57.143,1.153742,3.1700
"('TANK', 'TANK', 'DEFENSIVE_DIS', 'DANGER', 'SAFE', 'NORMAL', 'SLOWER', 'MEC_USED', 'CLEAN', 'CLEAN', 'NEUTRAL', 'NEUTRAL', 'SET', 'CLEAR', 'RECOVERING', 'BANCO_VAZIO')",7,5,8,62.500,PROTECT,28.571,1.549826,4.7107
"('TANK', 'TANK', 'CRITICAL_DIS', 'FULL', 'FULL', 'NORMAL', 'SLOWER', 'MEC_USED', 'CLEAN', 'CLEAN', 'NEUTRAL', 'NEUTRAL', 'SET', 'CLEAR', 'CLUTCH', 'BANCO_VAZIO')",7,1,3,33.333,HAZARD,100.000,-0.000000,1.0000
"('TANK', 'TANK', 'CRITICAL_DIS', 'DANGER', 'SAFE', 'NORMAL', 'FASTER', 'MEC_USED', 'CLEAN', 'CLEAN', 'NEUTRAL', 'NEUTRAL', 'CLEAR', 'SET', 'RECOVERING', 'BANCO_VAZIO')",7,4,7,57.143,DISRUPTION,57.143,1.153742,3.1700
"('TANK', 'TANK', 'DEFENSIVE_ADV', 'FULL', 'SAFE', 'NORMAL', 'FASTER', 'MEC_USED', 'CLEAN', 'CLEAN', 'NEUTRAL', 'NEUTRAL', 'SET', 'CLEAR', 'OPENING', 'BANCO_AMBOS')",7,3,9,33.333,DISRUPTION,57.143,0.955700,2.6005
"('TANK', 'TANK', 'OFFENSIVE_ADV', 'FULL', 'SAFE', 'NORMAL', 'SLOWER', 'MEC_USED', 'CLEAN', 'CLEAN', 'NEUTRAL', 'NEUTRAL', 'SET', 'CLEAR', 'BRAWL', 'BANCO_OFF')",7,5,10,50.000,ATTACK_TECH,28.571,1.549826,4.7107
"('TANK', 'TANK', 'DEFENSIVE_DIS', 'SAFE', 'SAFE', 'FIELD_THEIRS', 'FASTER', 'MEC_USED', 'CLEAN', 'CLEAN', 'NEUTRAL', 'NEUTRAL', 'CLEAR', 'CLEAR', 'OPENING', 'BANCO_OFF')",7,6,11,54.545,SWITCH_DEFENSIVE,28.571,1.747868,5.7423
"('TANK', 'TANK', 'NEUTRAL', 'CRIT', 'FULL', 'NORMAL', 'SLOWER', 'MEC_USED', 'CLEAN', 'CLEAN', 'NEUTRAL', 'NEUTRAL', 'CLEAR', 'CLEAR', 'OPENING', 'BANCO_AMBOS')",7,4,8,50.000,STATUS,42.857,1.277034,3.5860
"('TANK', 'TANK', 'CRITICAL_DIS', 'FULL', 'FULL', 'FIELD_SHARED', 'SLOWER', 'MEC_USED', 'CLEAN', 'CLEAN', 'NEUTRAL', 'NEUTRAL', 'SET', 'CLEAR', 'OPENING', 'BANCO_AMBOS')",7,3,10,30.000,ATTACK_PIVOT,57.143,0.955700,2.6005
"('TANK', 'TANK', 'CRITICAL_DIS', 'SAFE', 'FULL', 'NORMAL', 'FASTER', 'MEC_USED', 'CLEAN', 'CLEAN', 'NEUTRAL', 'NEUTRAL', 'CLEAR', 'CLEAR', 'CLUTCH', 'BANCO_VAZIO')",7,2,3,66.667,HEAL,71.429,0.598270,1.8190
"('TANK', 'TANK', 'DEFENSIVE_DIS', 'FULL', 'FULL', 'NORMAL', 'FASTER', 'MEC_USED', 'CLEAN', 'CLEAN', 'NEUTRAL', 'NEUTRAL', 'SET', 'CLEAR', 'OPENING', 'BANCO_VAZIO')",7,2,5,40.000,HEAL,85.714,0.410116,1.5070
"('UTILITY', 'UTILITY', 'NEUTRAL', 'FULL', 'FULL', 'FIELD_THEIRS', 'SLOWER', 'MEC_USED', 'AFFLICTED', 'CLEAN', 'DEBUFF', 'DEBUFF', 'SET', 'SET', 'CLUTCH', 'BANCO_VAZIO')",6,2,2,100.000,HAZARD,83.333,0.450561,1.5692
"('TANK', 'TANK', 'DEFENSIVE_DIS', 'FULL', 'FULL', 'NORMAL', 'SLOWER', 'MEC_USED', 'CLEAN', 'AFFLICTED', 'NEUTRAL', 'NEUTRAL', 'CLEAR', 'CLEAR', 'CLUTCH', 'BANCO_OFF')",6,2,6,33.333,STATUS,66.667,0.636514,1.8899
"('TANK', 'TANK', 'DEFENSIVE_DIS', 'CRIT', 'FULL', 'NORMAL', 'FASTER', 'MEC_USED', 'CLEAN', 'AFFLICTED', 'NEUTRAL', 'DEBUFF', 'SET', 'CLEAR', 'RECOVERING', 'BANCO_VAZIO')",6,2,7,28.571,STATUS,83.333,0.450561,1.5692
"('SWEEPER', 'TANK', 'OFFENSIVE_ADV', 'FULL', 'FULL', 'FIELD_SHARED', 'FASTER', 'MEC_AVAIL', 'CLEAN', 'CLEAN', 'NEUTRAL', 'NEUTRAL', 'CLEAR', 'CLEAR', 'OPENING', 'BANCO_OFF')",6,4,8,50.000,BUFF,33.333,1.329661,3.7798
"('TANK', 'SWEEPER', 'NEUTRAL', 'FULL', 'FULL', 'NORMAL', 'SLOWER', 'MEC_USED', 'CLEAN', 'CLEAN', 'NEUTRAL', 'NEUTRAL', 'CLEAR', 'CLEAR', 'BRAWL', 'BANCO_OFF')",6,5,10,50.000,SWITCH_DEFENSIVE,33.333,1.560710,4.7622
"('TANK', 'TANK', 'DEFENSIVE_DIS', 'FULL', 'FULL', 'FIELD_SHARED', 'FASTER', 'MEC_USED', 'CLEAN', 'CLEAN', 'NEUTRAL', 'NEUTRAL', 'SET', 'CLEAR', 'OPENING', 'BANCO_OFF')",6,4,8,50.000,SWITCH_OFFENSIVE,50.000,1.242453,3.4641
"('TANK', 'UTILITY', 'NEUTRAL', 'SAFE', 'SAFE', 'NORMAL', 'SLOWER', 'MEC_USED', 'CLEAN', 'CLEAN', 'NEUTRAL', 'NEUTRAL', 'CLEAR', 'CLEAR', 'OPENING', 'BANCO_VAZIO')",6,4,10,40.000,STATUS,33.333,1.329661,3.7798
"('TANK', 'TANK', 'DEFENSIVE_ADV', 'FULL', 'FULL', 'NORMAL', 'SLOWER', 'MEC_USED', 'CLEAN', 'CLEAN', 'NEUTRAL', 'NEUTRAL', 'CLEAR', 'CLEAR', 'RECOVERING', 'BANCO_VAZIO')",6,5,10,50.000,DISRUPTION,33.333,1.560710,4.7622
"('TANK', 'TANK', 'DEFENSIVE_DIS', 'FULL', 'FULL', 'FIELD_SHARED', 'SLOWER', 'MEC_AVAIL', 'CLEAN', 'CLEAN', 'NEUTRAL', 'NEUTRAL', 'CLEAR', 'CLEAR', 'OPENING', 'BANCO_AMBOS')",6,4,10,40.000,ATTACK_TECH_MEC,33.333,1.329661,3.7798
"('TANK', 'TANK', 'NEUTRAL', 'DANGER', 'SAFE', 'NORMAL', 'SLOWER', 'MEC_USED', 'CLEAN', 'CLEAN', 'NEUTRAL', 'NEUTRAL', 'SET', 'CLEAR', 'RECOVERING', 'BANCO_VAZIO')",6,6,11,54.545,ATTACK_STRONG,16.667,1.791759,6.0000
"('TANK', 'TANK', 'DEFENSIVE_DIS', 'DANGER', 'SAFE', 'NORMAL', 'FASTER', 'MEC_USED', 'CLEAN', 'CLEAN', 'NEUTRAL', 'NEUTRAL', 'CLEAR', 'CLEAR', 'OPENING', 'BANCO_AMBOS')",6,5,7,71.429,STATUS,33.333,1.560710,4.7622
"('TANK', 'SWEEPER', 'OFFENSIVE_ADV', 'FULL', 'FULL', 'FIELD_OURS_OFF', 'SLOWER', 'MEC_USED', 'CLEAN', 'CLEAN', 'DEBUFF', 'NEUTRAL', 'CLEAR', 'CLEAR', 'OPENING', 'BANCO_AMBOS')",6,4,9,44.444,HEAL,50.000,1.242453,3.4641
"('TANK', 'TANK', 'OFFENSIVE_DIS', 'SAFE', 'FULL', 'NORMAL', 'SLOWER', 'MEC_USED', 'CLEAN', 'CLEAN', 'NEUTRAL', 'NEUTRAL', 'CLEAR', 'SET', 'OPENING', 'BANCO_OFF')",6,3,11,27.273,ATTACK_STRONG,33.333,1.098612,3.0000
"('TANK', 'TANK', 'DOMINANT', 'FULL', 'FULL', 'FIELD_THEIRS', 'SLOWER', 'MEC_AVAIL', 'CLEAN', 'CLEAN', 'NEUTRAL', 'NEUTRAL', 'CLEAR', 'CLEAR', 'OPENING', 'BANCO_AMBOS')",6,5,10,50.000,FIELD_CONTROL,33.333,1.560710,4.7622
"('TANK', 'TANK', 'DOMINANT', 'FULL', 'SAFE', 'NORMAL', 'FASTER', 'MEC_AVAIL', 'CLEAN', 'CLEAN', 'NEUTRAL', 'NEUTRAL', 'CLEAR', 'CLEAR', 'OPENING', 'BANCO_AMBOS')",6,2,12,16.667,ATTACK_STRONG_MEC,66.667,0.636514,1.8899
"('TANK', 'TANK', 'DOMINANT', 'FULL', 'SAFE', 'NORMAL', 'SLOWER', 'MEC_USED', 'CLEAN', 'CLEAN', 'NEUTRAL', 'NEUTRAL', 'CLEAR', 'CLEAR', 'OPENING', 'BANCO_VAZIO')",6,4,8,50.000,SWITCH_DEFENSIVE,50.000,1.242453,3.4641
"('TANK', 'TANK', 'OFFENSIVE_ADV', 'SAFE', 'FULL', 'FIELD_THEIRS', 'SLOWER', 'MEC_USED', 'CLEAN', 'CLEAN', 'NEUTRAL', 'NEUTRAL', 'CLEAR', 'CLEAR', 'OPENING', 'BANCO_AMBOS')",6,4,9,44.444,ATTACK_STRONG,33.333,1.329661,3.7798
"('TANK', 'TANK', 'OFFENSIVE_ADV', 'SAFE', 'FULL', 'NORMAL', 'SLOWER', 'MEC_USED', 'CLEAN', 'CLEAN', 'NEUTRAL', 'NEUTRAL', 'CLEAR', 'SET', 'OPENING', 'BANCO_OFF')",6,5,9,55.556,STATUS,33.333,1.560710,4.7622
"('UTILITY', 'TANK', 'DOMINANT', 'FULL', 'FULL', 'NORMAL', 'FASTER', 'MEC_USED', 'CLEAN', 'CLEAN', 'NEUTRAL', 'NEUTRAL', 'SET', 'CLEAR', 'OPENING', 'BANCO_OFF')",6,3,4,75.000,ATTACK_PIVOT,33.333,1.098612,3.0000
"('TANK', 'TANK', 'NEUTRAL', 'SAFE', 'DANGER', 'NORMAL', 'FASTER', 'MEC_USED', 'CLEAN', 'CLEAN', 'NEUTRAL', 'NEUTRAL', 'SET', 'CLEAR', 'OPENING', 'BANCO_VAZIO')",6,5,10,50.000,BUFF,33.333,1.560710,4.7622
"('TANK', 'TANK', 'NEUTRAL', 'SAFE', 'SAFE', 'NORMAL', 'FASTER', 'MEC_USED', 'AFFLICTED', 'CLEAN', 'NEUTRAL', 'NEUTRAL', 'CLEAR', 'SET', 'RECOVERING', 'BANCO_VAZIO')",6,3,9,33.333,CLEAN_HAZARD,50.000,1.011404,2.7495
"('TANK', 'TANK', 'DOMINANT', 'FULL', 'SAFE', 'FIELD_SHARED', 'SLOWER', 'MEC_USED', 'CLEAN', 'CLEAN', 'NEUTRAL', 'NEUTRAL', 'CLEAR', 'CLEAR', 'OPENING', 'BANCO_OFF')",6,3,8,37.500,ATTACK_STRONG,33.333,1.098612,3.0000
"('TANK', 'TANK', 'NEUTRAL', 'SAFE', 'DANGER', 'NORMAL', 'SLOWER', 'MEC_USED', 'CLEAN', 'CLEAN', 'NEUTRAL', 'NEUTRAL', 'CLEAR', 'CLEAR', 'RECOVERING', 'BANCO_VAZIO')",6,6,9,66.667,ATTACK_STRONG,16.667,1.791759,6.0000
"('TANK', 'TANK', 'VOLATILE', 'SAFE', 'SAFE', 'NORMAL', 'SLOWER', 'MEC_USED', 'CLEAN', 'CLEAN', 'NEUTRAL', 'NEUTRAL', 'SET', 'CLEAR', 'OPENING', 'BANCO_OFF')",6,5,8,62.500,SWITCH_DEFENSIVE,33.333,1.560710,4.7622
"('TANK', 'TANK', 'NEUTRAL', 'SAFE', 'FULL', 'NORMAL', 'FASTER', 'MEC_USED', 'CLEAN', 'CLEAN', 'NEUTRAL', 'NEUTRAL', 'CLEAR', 'SET', 'OPENING', 'BANCO_VAZIO')",6,4,11,36.364,CLEAN_HAZARD,33.333,1.329661,3.7798
"('TANK', 'TANK', 'CRITICAL_DIS', 'FULL', 'FULL', 'NORMAL', 'FASTER', 'MEC_USED', 'CLEAN', 'CLEAN', 'NEUTRAL', 'NEUTRAL', 'SET', 'CLEAR', 'OPENING', 'BANCO_OFF')",6,4,10,40.000,DISRUPTION,33.333,1.329661,3.7798
"('TANK', 'TANK', 'CRITICAL_DIS', 'SAFE', 'FULL', 'NORMAL', 'SLOWER', 'MEC_USED', 'CLEAN', 'CLEAN', 'NEUTRAL', 'NEUTRAL', 'CLEAR', 'SET', 'OPENING', 'BANCO_OFF')",6,2,9,22.222,PROTECT,83.333,0.450561,1.5692
"('TANK', 'UTILITY', 'CRITICAL_DIS', 'FULL', 'FULL', 'FIELD_OURS_DEF', 'SLOWER', 'MEC_USED', 'CLEAN', 'CLEAN', 'NEUTRAL', 'NEUTRAL', 'CLEAR', 'CLEAR', 'OPENING', 'BANCO_AMBOS')",6,3,4,75.000,ATTACK_STRONG,50.000,1.011404,2.7495
"('TANK', 'TANK', 'NEUTRAL', 'SAFE', 'FULL', 'NORMAL', 'FASTER', 'MEC_USED', 'AFFLICTED', 'CLEAN', 'NEUTRAL', 'NEUTRAL', 'CLEAR', 'CLEAR', 'CLUTCH', 'BANCO_VAZIO')",6,5,7,71.429,CLEAN_HAZARD,33.333,1.560710,4.7622
"('TANK', 'SWEEPER', 'OFFENSIVE_ADV', 'DANGER', 'FULL', 'FIELD_THEIRS', 'SLOWER', 'MEC_USED', 'CLEAN', 'CLEAN', 'NEUTRAL', 'NEUTRAL', 'CLEAR', 'CLEAR', 'OPENING', 'BANCO_OFF')",6,4,10,40.000,ATTACK_STRONG,33.333,1.329661,3.7798
"('SWEEPER', 'TANK', 'OFFENSIVE_ADV', 'SAFE', 'FULL', 'NORMAL', 'FASTER', 'MEC_USED', 'CLEAN', 'CLEAN', 'NEUTRAL', 'NEUTRAL', 'SET', 'CLEAR', 'OPENING', 'BANCO_AMBOS')",6,4,6,66.667,ATTACK_STRONG,50.000,1.242453,3.4641
"('SWEEPER', 'TANK', 'NEUTRAL', 'CRIT', 'FULL', 'NORMAL', 'FASTER', 'MEC_USED', 'CLEAN', 'CLEAN', 'NEUTRAL', 'NEUTRAL', 'CLEAR', 'CLEAR', 'OPENING', 'BANCO_OFF')",6,5,6,83.333,ATTACK_TECH,33.333,1.560710,4.7622
"('TANK', 'TANK', 'DEFENSIVE_ADV', 'DANGER', 'FULL', 'NORMAL', 'SLOWER', 'MEC_USED', 'CLEAN', 'AFFLICTED', 'DEBUFF', 'NEUTRAL', 'SET', 'SET', 'CLUTCH', 'BANCO_VAZIO')",6,2,2,100.000,HAZARD,66.667,0.636514,1.8899
"('TANK', 'SWEEPER', 'OFFENSIVE_ADV', 'SAFE', 'FULL', 'NORMAL', 'SLOWER', 'MEC_USED', 'CLEAN', 'CLEAN', 'NEUTRAL', 'NEUTRAL', 'SET', 'CLEAR', 'OPENING', 'BANCO_OFF')",6,4,8,50.000,SWITCH_DEFENSIVE,50.000,1.242453,3.4641
"('TANK', 'TANK', 'DEFENSIVE_DIS', 'FULL', 'FULL', 'NORMAL', 'SLOWER', 'MEC_USED', 'CLEAN', 'CLEAN', 'NEUTRAL', 'NEUTRAL', 'CLEAR', 'SET', 'OPENING', 'BANCO_OFF')",6,3,11,27.273,HAZARD,66.667,0.867563,2.3811
"('TANK', 'TANK', 'OFFENSIVE_ADV', 'FULL', 'SAFE', 'NORMAL', 'FASTER', 'MEC_AVAIL', 'CLEAN', 'CLEAN', 'NEUTRAL', 'NEUTRAL', 'CLEAR', 'CLEAR', 'OPENING', 'BANCO_AMBOS')",6,4,10,40.000,HAZARD_MEC,50.000,1.242453,3.4641
"('TANK', 'TANK', 'OFFENSIVE_ADV', 'SAFE', 'FULL', 'NORMAL', 'FASTER', 'MEC_USED', 'CLEAN', 'CLEAN', 'NEUTRAL', 'NEUTRAL', 'CLEAR', 'CLEAR', 'OPENING', 'BANCO_VAZIO')",6,5,9,55.556,ATTACK_STRONG,33.333,1.560710,4.7622
"('TANK', 'TANK', 'NEUTRAL', 'DANGER', 'DANGER', 'NORMAL', 'FASTER', 'MEC_USED', 'CLEAN', 'CLEAN', 'NEUTRAL', 'NEUTRAL', 'CLEAR', 'CLEAR', 'OPENING', 'BANCO_VAZIO')",6,2,12,16.667,CLEAN_HAZARD,66.667,0.636514,1.8899
"('TANK', 'TANK', 'DEFENSIVE_ADV', 'FULL', 'FULL', 'NORMAL', 'SLOWER', 'MEC_USED', 'CLEAN', 'CLEAN', 'NEUTRAL', 'NEUTRAL', 'CLEAR', 'CLEAR', 'BRAWL', 'BANCO_VAZIO')",6,3,9,33.333,HEAL,50.000,1.011404,2.7495
"('TANK', 'TANK', 'OFFENSIVE_ADV', 'SAFE', 'FULL', 'FIELD_OURS_OFF', 'FASTER', 'MEC_USED', 'CLEAN', 'CLEAN', 'NEUTRAL', 'NEUTRAL', 'CLEAR', 'CLEAR', 'OPENING', 'BANCO_AMBOS')",6,4,7,57.143,ATTACK_STRONG,33.333,1.329661,3.7798
"('TANK', 'TANK', 'DEFENSIVE_ADV', 'FULL', 'FULL', 'FIELD_OURS_DEF', 'FASTER', 'MEC_USED', 'CLEAN', 'CLEAN', 'NEUTRAL', 'NEUTRAL', 'CLEAR', 'CLEAR', 'OPENING', 'BANCO_OFF')",6,2,8,25.000,ATTACK_STRONG,83.333,0.450561,1.5692
"('TANK', 'TANK', 'OFFENSIVE_ADV', 'DANGER', 'FULL', 'NORMAL', 'FASTER', 'MEC_USED', 'CLEAN', 'CLEAN', 'NEUTRAL', 'NEUTRAL', 'SET', 'CLEAR', 'BRAWL', 'BANCO_VAZIO')",6,4,8,50.000,ATTACK_PIVOT,33.333,1.329661,3.7798
"('UTILITY', 'TANK', 'OFFENSIVE_ADV', 'FULL', 'FULL', 'FIELD_OURS_OFF', 'FASTER', 'MEC_USED', 'CLEAN', 'CLEAN', 'NEUTRAL', 'NEUTRAL', 'CLEAR', 'CLEAR', 'OPENING', 'BANCO_AMBOS')",6,3,4,75.000,ATTACK_STRONG,66.667,0.867563,2.3811
"('TANK', 'TANK', 'VOLATILE', 'SAFE', 'FULL', 'NORMAL', 'SLOWER', 'MEC_USED', 'CLEAN', 'CLEAN', 'NEUTRAL', 'NEUTRAL', 'CLEAR', 'CLEAR', 'RECOVERING', 'BANCO_VAZIO')",6,4,8,50.000,ATTACK_STRONG,33.333,1.329661,3.7798
"('TANK', 'TANK', 'OFFENSIVE_ADV', 'SAFE', 'CRIT', 'NORMAL', 'SLOWER', 'MEC_USED', 'CLEAN', 'CLEAN', 'NEUTRAL', 'NEUTRAL', 'CLEAR', 'CLEAR', 'OPENING', 'BANCO_OFF')",6,5,8,62.500,HAZARD,33.333,1.560710,4.7622
"('TANK', 'TANK', 'NEUTRAL', 'CRIT', 'SAFE', 'NORMAL', 'SLOWER', 'MEC_USED', 'CLEAN', 'CLEAN', 'NEUTRAL', 'NEUTRAL', 'CLEAR', 'CLEAR', 'OPENING', 'BANCO_VAZIO')",6,6,10,60.000,ATTACK_STRONG,16.667,1.791759,6.0000
"('SWEEPER', 'TANK', 'NEUTRAL', 'SAFE', 'FULL', 'NORMAL', 'FASTER', 'MEC_USED', 'CLEAN', 'CLEAN', 'NEUTRAL', 'NEUTRAL', 'CLEAR', 'CLEAR', 'BRAWL', 'BANCO_OFF')",6,4,6,66.667,ATTACK_STRONG,33.333,1.329661,3.7798
"('UTILITY', 'UTILITY', 'STALEMATE', 'FULL', 'FULL', 'FIELD_OURS_OFF', 'FASTER', 'MEC_USED', 'CLEAN', 'CLEAN', 'NEUTRAL', 'NEUTRAL', 'CLEAR', 'CLEAR', 'OPENING', 'BANCO_OFF')",6,4,7,57.143,ATTACK_PIVOT,33.333,1.329661,3.7798
"('TANK', 'SWEEPER', 'OFFENSIVE_ADV', 'FULL', 'FULL', 'FIELD_OURS_DEF', 'FASTER', 'MEC_USED', 'CLEAN', 'CLEAN', 'DEBUFF', 'NEUTRAL', 'CLEAR', 'CLEAR', 'OPENING', 'BANCO_OFF')",6,1,6,16.667,ATTACK_STRONG,100.000,-0.000000,1.0000
"('TANK', 'TANK', 'VOLATILE', 'FULL', 'SAFE', 'NORMAL', 'FASTER', 'MEC_USED', 'CLEAN', 'CLEAN', 'NEUTRAL', 'NEUTRAL', 'SET', 'SET', 'OPENING', 'BANCO_OFF')",6,5,10,50.000,DISRUPTION,33.333,1.560710,4.7622
"('UTILITY', 'TANK', 'NEUTRAL', 'FULL', 'FULL', 'FIELD_SHARED', 'FASTER', 'MEC_USED', 'CLEAN', 'CLEAN', 'NEUTRAL', 'NEUTRAL', 'CLEAR', 'CLEAR', 'OPENING', 'BANCO_OFF')",6,4,7,57.143,BUFF,33.333,1.329661,3.7798
"('TANK', 'SWEEPER', 'OFFENSIVE_ADV', 'FULL', 'SAFE', 'FIELD_THEIRS', 'SLOWER', 'MEC_USED', 'CLEAN', 'CLEAN', 'NEUTRAL', 'NEUTRAL', 'CLEAR', 'CLEAR', 'OPENING', 'BANCO_OFF')",6,3,11,27.273,HEAL,50.000,1.011404,2.7495
"('TANK', 'TANK', 'DEFENSIVE_DIS', 'CRIT', 'FULL', 'NORMAL', 'SLOWER', 'MEC_USED', 'CLEAN', 'CLEAN', 'NEUTRAL', 'NEUTRAL', 'CLEAR', 'CLEAR', 'RECOVERING', 'BANCO_VAZIO')",6,4,6,66.667,ATTACK_STRONG,33.333,1.329661,3.7798
"('TANK', 'TANK', 'OFFENSIVE_ADV', 'FULL', 'DANGER', 'FIELD_SHARED', 'SLOWER', 'MEC_USED', 'CLEAN', 'CLEAN', 'NEUTRAL', 'NEUTRAL', 'CLEAR', 'CLEAR', 'OPENING', 'BANCO_OFF')",6,5,10,50.000,ATTACK_STRONG,33.333,1.560710,4.7622
"('SWEEPER', 'TANK', 'NEUTRAL', 'FULL', 'SAFE', 'FIELD_SHARED', 'FASTER', 'MEC_USED', 'CLEAN', 'CLEAN', 'NEUTRAL', 'NEUTRAL', 'CLEAR', 'CLEAR', 'OPENING', 'BANCO_OFF')",6,6,8,75.000,ATTACK_STRONG,16.667,1.791759,6.0000
"('SWEEPER', 'TANK', 'DEFENSIVE_DIS', 'FULL', 'FULL', 'NORMAL', 'FASTER', 'MEC_USED', 'CLEAN', 'CLEAN', 'NEUTRAL', 'NEUTRAL', 'CLEAR', 'CLEAR', 'OPENING', 'BANCO_VAZIO')",6,4,7,57.143,ATTACK_STRONG,33.333,1.329661,3.7798
"('TANK', 'TANK', 'NEUTRAL', 'CRIT', 'FULL', 'NORMAL', 'FASTER', 'MEC_USED', 'CLEAN', 'CLEAN', 'NEUTRAL', 'NEUTRAL', 'SET', 'CLEAR', 'RECOVERING', 'BANCO_VAZIO')",6,4,8,50.000,HEAL,50.000,1.242453,3.4641
"('TANK', 'TANK', 'DOMINANT', 'SAFE', 'SAFE', 'NORMAL', 'FASTER', 'MEC_USED', 'CLEAN', 'CLEAN', 'NEUTRAL', 'NEUTRAL', 'SET', 'CLEAR', 'OPENING', 'BANCO_OFF')",6,3,9,33.333,ATTACK_PIVOT,50.000,1.011404,2.7495
"('TANK', 'TANK', 'NEUTRAL', 'SAFE', 'FULL', 'NORMAL', 'FASTER', 'MEC_USED', 'CLEAN', 'CLEAN', 'NEUTRAL', 'NEUTRAL', 'SET', 'SET', 'RECOVERING', 'BANCO_VAZIO')",6,6,10,60.000,ATTACK_STRONG,16.667,1.791759,6.0000
"('TANK', 'TANK', 'OFFENSIVE_DIS', 'FULL', 'SAFE', 'NORMAL', 'FASTER', 'MEC_USED', 'CLEAN', 'CLEAN', 'NEUTRAL', 'NEUTRAL', 'CLEAR', 'CLEAR', 'RECOVERING', 'BANCO_VAZIO')",6,5,11,45.455,PROTECT,33.333,1.560710,4.7622
"('TANK', 'TANK', 'NEUTRAL', 'DANGER', 'FULL', 'NORMAL', 'FASTER', 'MEC_USED', 'AFFLICTED', 'CLEAN', 'NEUTRAL', 'NEUTRAL', 'SET', 'SET', 'CLUTCH', 'BANCO_VAZIO')",6,2,5,40.000,STATUS,66.667,0.636514,1.8899
"('TANK', 'TANK', 'NEUTRAL', 'FULL', 'SAFE', 'FIELD_SHARED', 'FASTER', 'MEC_USED', 'CLEAN', 'CLEAN', 'NEUTRAL', 'NEUTRAL', 'SET', 'CLEAR', 'OPENING', 'BANCO_OFF')",6,6,9,66.667,ATTACK_STRONG,16.667,1.791759,6.0000
"('TANK', 'SWEEPER', 'DOMINANT', 'FULL', 'FULL', 'FIELD_OURS_DEF', 'SLOWER', 'MEC_USED', 'CLEAN', 'CLEAN', 'NEUTRAL', 'NEUTRAL', 'CLEAR', 'CLEAR', 'OPENING', 'BANCO_AMBOS')",6,3,3,100.000,SWITCH_DEFENSIVE,50.000,1.011404,2.7495
"('TANK', 'TANK', 'NEUTRAL', 'FULL', 'SAFE', 'FIELD_SHARED', 'FASTER', 'MEC_USED', 'CLEAN', 'CLEAN', 'NEUTRAL', 'NEUTRAL', 'CLEAR', 'CLEAR', 'OPENING', 'BANCO_AMBOS')",6,2,9,22.222,SWITCH_DEFENSIVE,83.333,0.450561,1.5692
"('TANK', 'TANK', 'DEFENSIVE_DIS', 'DANGER', 'FULL', 'NORMAL', 'SLOWER', 'MEC_USED', 'CLEAN', 'CLEAN', 'NEUTRAL', 'NEUTRAL', 'CLEAR', 'CLEAR', 'OPENING', 'BANCO_AMBOS')",6,3,8,37.500,HEAL,66.667,0.867563,2.3811
"('TANK', 'TANK', 'OFFENSIVE_ADV', 'FULL', 'CRIT', 'NORMAL', 'FASTER', 'MEC_AVAIL', 'CLEAN', 'CLEAN', 'NEUTRAL', 'NEUTRAL', 'CLEAR', 'CLEAR', 'OPENING', 'BANCO_OFF')",6,5,8,62.500,ATTACK_STRONG,33.333,1.560710,4.7622
"('TANK', 'TANK', 'NEUTRAL', 'SAFE', 'DANGER', 'NORMAL', 'SLOWER', 'MEC_USED', 'CLEAN', 'CLEAN', 'NEUTRAL', 'NEUTRAL', 'SET', 'SET', 'RECOVERING', 'BANCO_VAZIO')",6,3,10,30.000,STAT_CLEAN,50.000,1.011404,2.7495
"('TANK', 'SWEEPER', 'VOLATILE', 'FULL', 'FULL', 'FIELD_THEIRS', 'SLOWER', 'MEC_AVAIL', 'CLEAN', 'CLEAN', 'NEUTRAL', 'NEUTRAL', 'CLEAR', 'CLEAR', 'OPENING', 'BANCO_OFF')",6,1,6,16.667,BUFF,100.000,-0.000000,1.0000
"('TANK', 'TANK', 'NEUTRAL', 'FULL', 'SAFE', 'FIELD_OURS_OFF', 'SLOWER', 'MEC_USED', 'CLEAN', 'CLEAN', 'NEUTRAL', 'NEUTRAL', 'CLEAR', 'CLEAR', 'OPENING', 'BANCO_VAZIO')",6,2,6,33.333,CLEAN_HAZARD,83.333,0.450561,1.5692
"('TANK', 'TANK', 'OFFENSIVE_ADV', 'DANGER', 'SAFE', 'NORMAL', 'FASTER', 'MEC_AVAIL', 'CLEAN', 'CLEAN', 'NEUTRAL', 'NEUTRAL', 'CLEAR', 'CLEAR', 'OPENING', 'BANCO_OFF')",6,3,10,30.000,HEAL,50.000,1.011404,2.7495
"('TANK', 'TANK', 'NEUTRAL', 'SAFE', 'SAFE', 'NORMAL', 'FASTER', 'MEC_AVAIL', 'CLEAN', 'CLEAN', 'NEUTRAL', 'NEUTRAL', 'SET', 'CLEAR', 'OPENING', 'BANCO_OFF')",6,3,8,37.500,HEAL_MEC,66.667,0.867563,2.3811
"('TANK', 'TANK', 'OFFENSIVE_ADV', 'FULL', 'FULL', 'NORMAL', 'SLOWER', 'MEC_USED', 'CLEAN', 'CLEAN', 'NEUTRAL', 'NEUTRAL', 'CLEAR', 'CLEAR', 'BRAWL', 'BANCO_VAZIO')",6,1,10,10.000,ATTACK_STRONG,100.000,-0.000000,1.0000
"('TANK', 'SWEEPER', 'OFFENSIVE_ADV', 'FULL', 'FULL', 'NORMAL', 'SLOWER', 'MEC_USED', 'CLEAN', 'CLEAN', 'NEUTRAL', 'NEUTRAL', 'CLEAR', 'CLEAR', 'RECOVERING', 'BANCO_VAZIO')",6,1,4,25.000,STAT_CLEAN,100.000,-0.000000,1.0000
"('TANK', 'UTILITY', 'NEUTRAL', 'FULL', 'FULL', 'FIELD_SHARED', 'SLOWER', 'MEC_USED', 'CLEAN', 'CLEAN', 'NEUTRAL', 'NEUTRAL', 'CLEAR', 'CLEAR', 'OPENING', 'BANCO_VAZIO')",6,2,10,20.000,HEAL,83.333,0.450561,1.5692
"('TANK', 'TANK', 'NEUTRAL', 'FULL', 'FULL', 'NORMAL', 'FASTER', 'MEC_AVAIL', 'CLEAN', 'CLEAN', 'NEUTRAL', 'NEUTRAL', 'SET', 'CLEAR', 'OPENING', 'BANCO_OFF')",6,5,16,31.250,ATTACK_STRONG_MEC,33.333,1.560710,4.7622
"('TANK', 'TANK', 'OFFENSIVE_DIS', 'FULL', 'FULL', 'NORMAL', 'FASTER', 'MEC_USED', 'AFFLICTED', 'CLEAN', 'NEUTRAL', 'NEUTRAL', 'CLEAR', 'CLEAR', 'OPENING', 'BANCO_OFF')",6,1,7,14.286,SWITCH_DEFENSIVE,100.000,-0.000000,1.0000
"('TANK', 'SWEEPER', 'OFFENSIVE_DIS', 'DANGER', 'FULL', 'NORMAL', 'SLOWER', 'MEC_USED', 'CLEAN', 'CLEAN', 'NEUTRAL', 'NEUTRAL', 'CLEAR', 'CLEAR', 'OPENING', 'BANCO_OFF')",6,4,12,33.333,HEAL,50.000,1.242453,3.4641
"('UTILITY', 'UTILITY', 'DEFENSIVE_DIS', 'FULL', 'FULL', 'NORMAL', 'SLOWER', 'MEC_USED', 'CLEAN', 'CLEAN', 'NEUTRAL', 'NEUTRAL', 'CLEAR', 'CLEAR', 'OPENING', 'BANCO_AMBOS')",6,4,7,57.143,ATTACK_TECH,33.333,1.329661,3.7798
"('TANK', 'TANK', 'OFFENSIVE_ADV', 'FULL', 'SAFE', 'FIELD_THEIRS', 'FASTER', 'MEC_USED', 'CLEAN', 'CLEAN', 'NEUTRAL', 'NEUTRAL', 'SET', 'CLEAR', 'OPENING', 'BANCO_OFF')",6,4,10,40.000,STATUS,33.333,1.329661,3.7798
"('TANK', 'TANK', 'NEUTRAL', 'DANGER', 'SAFE', 'NORMAL', 'FASTER', 'MEC_USED', 'CLEAN', 'CLEAN', 'NEUTRAL', 'NEUTRAL', 'CLEAR', 'CLEAR', 'BRAWL', 'BANCO_VAZIO')",6,5,10,50.000,ATTACK_STRONG,33.333,1.560710,4.7622
"('TANK', 'TANK', 'CRITICAL_DIS', 'FULL', 'SAFE', 'NORMAL', 'FASTER', 'MEC_USED', 'CLEAN', 'CLEAN', 'NEUTRAL', 'NEUTRAL', 'CLEAR', 'CLEAR', 'CLUTCH', 'BANCO_VAZIO')",6,1,3,33.333,CLEAN_HAZARD,100.000,-0.000000,1.0000
"('TANK', 'TANK', 'OFFENSIVE_DIS', 'FULL', 'FULL', 'NORMAL', 'FASTER', 'MEC_USED', 'AFFLICTED', 'AFFLICTED', 'DEBUFF', 'NEUTRAL', 'CLEAR', 'CLEAR', 'CLUTCH', 'BANCO_VAZIO')",5,2,2,100.000,STATUS,80.000,0.500402,1.6494
"('TANK', 'TANK', 'NEUTRAL', 'FULL', 'DANGER', 'NORMAL', 'FASTER', 'MEC_USED', 'CLEAN', 'CLEAN', 'NEUTRAL', 'DEBUFF', 'CLEAR', 'CLEAR', 'OPENING', 'BANCO_OFF')",5,4,8,50.000,PROTECT,40.000,1.332179,3.7893
"('TANK', 'TANK', 'OFFENSIVE_DIS', 'FULL', 'SAFE', 'NORMAL', 'SLOWER', 'MEC_USED', 'AFFLICTED', 'AFFLICTED', 'NEUTRAL', 'NEUTRAL', 'CLEAR', 'CLEAR', 'CLUTCH', 'BANCO_VAZIO')",5,2,7,28.571,CLEAN_HAZARD,60.000,0.673012,1.9601
"('TANK', 'TANK', 'OFFENSIVE_DIS', 'FULL', 'SAFE', 'NORMAL', 'SLOWER', 'MEC_USED', 'CLEAN', 'CLEAN', 'NEUTRAL', 'NEUTRAL', 'CLEAR', 'SET', 'RECOVERING', 'BANCO_VAZIO')",5,3,10,30.000,SWITCH_OFFENSIVE,60.000,0.950271,2.5864
"('TANK', 'TANK', 'NEUTRAL', 'SAFE', 'DANGER', 'FIELD_SHARED', 'SLOWER', 'MEC_USED', 'CLEAN', 'CLEAN', 'NEUTRAL', 'NEUTRAL', 'CLEAR', 'CLEAR', 'OPENING', 'BANCO_OFF')",5,3,9,33.333,STATUS,40.000,1.054920,2.8717
"('TANK', 'TANK', 'STALEMATE', 'FULL', 'SAFE', 'NORMAL', 'FASTER', 'MEC_USED', 'CLEAN', 'CLEAN', 'NEUTRAL', 'NEUTRAL', 'CLEAR', 'CLEAR', 'CLUTCH', 'BANCO_VAZIO')",5,2,7,28.571,HEAL,60.000,0.673012,1.9601
"('TANK', 'TANK', 'NEUTRAL', 'SAFE', 'FULL', 'NORMAL', 'FASTER', 'MEC_USED', 'CLEAN', 'CLEAN', 'BUFFED', 'NEUTRAL', 'SET', 'CLEAR', 'RECOVERING', 'BANCO_VAZIO')",5,3,7,42.857,HEAL,40.000,1.054920,2.8717
"('TANK', 'TANK', 'OFFENSIVE_DIS', 'SAFE', 'CRIT', 'NORMAL', 'SLOWER', 'MEC_USED', 'CLEAN', 'CLEAN', 'NEUTRAL', 'NEUTRAL', 'CLEAR', 'CLEAR', 'RECOVERING', 'BANCO_VAZIO')",5,3,8,37.500,HEAL,60.000,0.950271,2.5864
"('TANK', 'TANK', 'NEUTRAL', 'SAFE', 'SAFE', 'NORMAL', 'FASTER', 'MEC_USED', 'CLEAN', 'CLEAN', 'NEUTRAL', 'NEUTRAL', 'SET', 'SET', 'BRAWL', 'BANCO_VAZIO')",5,2,9,22.222,ATTACK_STRONG,60.000,0.673012,1.9601
"('TANK', 'SWEEPER', 'NEUTRAL', 'SAFE', 'DANGER', 'NORMAL', 'SLOWER', 'MEC_USED', 'CLEAN', 'CLEAN', 'NEUTRAL', 'NEUTRAL', 'CLEAR', 'CLEAR', 'OPENING', 'BANCO_OFF')",5,3,10,30.000,ATTACK_PIVOT,60.000,0.950271,2.5864
"('TANK', 'TANK', 'NEUTRAL', 'FULL', 'FULL', 'FIELD_OURS_OFF', 'FASTER', 'MEC_USED', 'CLEAN', 'CLEAN', 'NEUTRAL', 'NEUTRAL', 'SET', 'CLEAR', 'OPENING', 'BANCO_AMBOS')",5,4,9,44.444,BUFF,40.000,1.332179,3.7893
"('TANK', 'TANK', 'DEFENSIVE_DIS', 'SAFE', 'FULL', 'NORMAL', 'SLOWER', 'MEC_USED', 'CLEAN', 'CLEAN', 'NEUTRAL', 'NEUTRAL', 'CLEAR', 'CLEAR', 'OPENING', 'BANCO_VAZIO')",5,1,9,11.111,HEAL,100.000,-0.000000,1.0000
"('TANK', 'TANK', 'DEFENSIVE_DIS', 'SAFE', 'FULL', 'NORMAL', 'SLOWER', 'MEC_USED', 'CLEAN', 'CLEAN', 'NEUTRAL', 'NEUTRAL', 'CLEAR', 'CLEAR', 'CLUTCH', 'BANCO_VAZIO')",5,2,10,20.000,ATTACK_TECH,80.000,0.500402,1.6494
"('TANK', 'TANK', 'OFFENSIVE_ADV', 'DANGER', 'FULL', 'NORMAL', 'FASTER', 'MEC_USED', 'CLEAN', 'CLEAN', 'NEUTRAL', 'NEUTRAL', 'CLEAR', 'CLEAR', 'OPENING', 'BANCO_AMBOS')",5,4,9,44.444,HEAL,40.000,1.332179,3.7893
"('TANK', 'TANK', 'NEUTRAL', 'DANGER', 'SAFE', 'FIELD_SHARED', 'FASTER', 'MEC_USED', 'CLEAN', 'CLEAN', 'NEUTRAL', 'NEUTRAL', 'CLEAR', 'CLEAR', 'OPENING', 'BANCO_OFF')",5,2,9,22.222,ATTACK_STRONG,80.000,0.500402,1.6494
"('TANK', 'TANK', 'NEUTRAL', 'FULL', 'FULL', 'FIELD_OURS_DEF', 'FASTER', 'MEC_USED', 'CLEAN', 'CLEAN', 'NEUTRAL', 'NEUTRAL', 'CLEAR', 'CLEAR', 'OPENING', 'BANCO_VAZIO')",5,5,11,45.455,BUFF,20.000,1.609438,5.0000
"('TANK', 'TANK', 'DEFENSIVE_ADV', 'FULL', 'FULL', 'FIELD_SHARED', 'SLOWER', 'MEC_USED', 'CLEAN', 'CLEAN', 'NEUTRAL', 'NEUTRAL', 'CLEAR', 'CLEAR', 'OPENING', 'BANCO_VAZIO')",5,3,8,37.500,STATUS,60.000,0.950271,2.5864
"('UTILITY', 'TANK', 'DEFENSIVE_DIS', 'FULL', 'FULL', 'FIELD_SHARED', 'FASTER', 'MEC_USED', 'CLEAN', 'CLEAN', 'NEUTRAL', 'NEUTRAL', 'CLEAR', 'CLEAR', 'OPENING', 'BANCO_AMBOS')",5,3,8,37.500,BUFF,40.000,1.054920,2.8717
"('TANK', 'TANK', 'NEUTRAL', 'DANGER', 'FULL', 'FIELD_THEIRS', 'SLOWER', 'MEC_USED', 'CLEAN', 'CLEAN', 'NEUTRAL', 'NEUTRAL', 'CLEAR', 'CLEAR', 'OPENING', 'BANCO_OFF')",5,5,9,55.556,ATTACK_PIVOT,20.000,1.609438,5.0000
"('TANK', 'TANK', 'NEUTRAL', 'SAFE', 'SAFE', 'NORMAL', 'FASTER', 'MEC_USED', 'AFFLICTED', 'CLEAN', 'NEUTRAL', 'NEUTRAL', 'SET', 'SET', 'RECOVERING', 'BANCO_VAZIO')",5,3,11,27.273,ATTACK_TECH,40.000,1.054920,2.8717
"('TANK', 'TANK', 'OFFENSIVE_ADV', 'FULL', 'FULL', 'FIELD_OURS_DEF', 'FASTER', 'MEC_USED', 'CLEAN', 'CLEAN', 'NEUTRAL', 'NEUTRAL', 'CLEAR', 'CLEAR', 'OPENING', 'BANCO_AMBOS')",5,3,6,50.000,DISRUPTION,60.000,0.950271,2.5864
"('TANK', 'TANK', 'OFFENSIVE_DIS', 'SAFE', 'SAFE', 'NORMAL', 'SLOWER', 'MEC_USED', 'CLEAN', 'CLEAN', 'NEUTRAL', 'NEUTRAL', 'CLEAR', 'CLEAR', 'OPENING', 'BANCO_VAZIO')",5,4,10,40.000,ATTACK_TECH,40.000,1.332179,3.7893
"('TANK', 'TANK', 'OFFENSIVE_ADV', 'FULL', 'SAFE', 'NORMAL', 'FASTER', 'MEC_AVAIL', 'CLEAN', 'CLEAN', 'NEUTRAL', 'NEUTRAL', 'SET', 'CLEAR', 'OPENING', 'BANCO_OFF')",5,4,12,33.333,SWITCH_DEFENSIVE,40.000,1.332179,3.7893
"('TANK', 'TANK', 'DOMINANT', 'FULL', 'FULL', 'FIELD_THEIRS', 'FASTER', 'MEC_USED', 'CLEAN', 'CLEAN', 'NEUTRAL', 'NEUTRAL', 'SET', 'CLEAR', 'OPENING', 'BANCO_AMBOS')",5,4,9,44.444,HAZARD,40.000,1.332179,3.7893
"('TANK', 'TANK', 'NEUTRAL', 'CRIT', 'FULL', 'NORMAL', 'FASTER', 'MEC_USED', 'CLEAN', 'CLEAN', 'NEUTRAL', 'NEUTRAL', 'CLEAR', 'CLEAR', 'BRAWL', 'BANCO_VAZIO')",5,4,8,50.000,ATTACK_PIVOT,40.000,1.332179,3.7893
"('TANK', 'TANK', 'NEUTRAL', 'SAFE', 'FULL', 'FIELD_SHARED', 'FASTER', 'MEC_USED', 'CLEAN', 'CLEAN', 'NEUTRAL', 'NEUTRAL', 'CLEAR', 'CLEAR', 'BRAWL', 'BANCO_OFF')",5,3,8,37.500,ATTACK_TECH,40.000,1.054920,2.8717
"('SWEEPER', 'TANK', 'NEUTRAL', 'DANGER', 'FULL', 'NORMAL', 'FASTER', 'MEC_USED', 'CLEAN', 'CLEAN', 'NEUTRAL', 'NEUTRAL', 'CLEAR', 'CLEAR', 'BRAWL', 'BANCO_OFF')",5,4,8,50.000,ATTACK_PIVOT,40.000,1.332179,3.7893
"('SWEEPER', 'TANK', 'DEFENSIVE_ADV', 'FULL', 'FULL', 'FIELD_SHARED', 'FASTER', 'MEC_AVAIL', 'CLEAN', 'CLEAN', 'NEUTRAL', 'NEUTRAL', 'CLEAR', 'CLEAR', 'OPENING', 'BANCO_AMBOS')",5,4,8,50.000,BUFF_MEC,40.000,1.332179,3.7893
"('TANK', 'TANK', 'NEUTRAL', 'FULL', 'FULL', 'FIELD_THEIRS', 'SLOWER', 'MEC_USED', 'CLEAN', 'CLEAN', 'NEUTRAL', 'NEUTRAL', 'SET', 'CLEAR', 'OPENING', 'BANCO_OFF')",5,5,9,55.556,ATTACK_STRONG,20.000,1.609438,5.0000
"('TANK', 'TANK', 'OFFENSIVE_ADV', 'SAFE', 'DANGER', 'NORMAL', 'SLOWER', 'MEC_USED', 'CLEAN', 'CLEAN', 'NEUTRAL', 'NEUTRAL', 'SET', 'CLEAR', 'BRAWL', 'BANCO_OFF')",5,1,8,12.500,SWITCH_DEFENSIVE,100.000,-0.000000,1.0000
"('TANK', 'TANK', 'VOLATILE', 'FULL', 'FULL', 'NORMAL', 'SLOWER', 'MEC_AVAIL', 'CLEAN', 'CLEAN', 'NEUTRAL', 'NEUTRAL', 'CLEAR', 'CLEAR', 'OPENING', 'BANCO_OFF')",5,4,16,25.000,ATTACK_STRONG_MEC,40.000,1.332179,3.7893
"('TANK', 'TANK', 'DEFENSIVE_ADV', 'FULL', 'FULL', 'NORMAL', 'SLOWER', 'MEC_AVAIL', 'CLEAN', 'CLEAN', 'NEUTRAL', 'NEUTRAL', 'CLEAR', 'CLEAR', 'OPENING', 'BANCO_AMBOS')",5,5,12,41.667,ATTACK_TECH,20.000,1.609438,5.0000
"('TANK', 'TANK', 'NEUTRAL', 'FULL', 'FULL', 'NORMAL', 'SLOWER', 'MEC_USED', 'CLEAN', 'CLEAN', 'NEUTRAL', 'NEUTRAL', 'SET', 'CLEAR', 'DOMINATING', 'BANCO_AMBOS')",5,3,10,30.000,HEAL,60.000,0.950271,2.5864
"('TANK', 'TANK', 'NEUTRAL', 'SAFE', 'SAFE', 'FIELD_SHARED', 'SLOWER', 'MEC_USED', 'CLEAN', 'CLEAN', 'NEUTRAL', 'NEUTRAL', 'CLEAR', 'CLEAR', 'BRAWL', 'BANCO_OFF')",5,2,7,28.571,HEAL,60.000,0.673012,1.9601
"('SWEEPER', 'TANK', 'DEFENSIVE_DIS', 'FULL', 'FULL', 'FIELD_THEIRS', 'FASTER', 'MEC_USED', 'CLEAN', 'CLEAN', 'NEUTRAL', 'NEUTRAL', 'CLEAR', 'CLEAR', 'OPENING', 'BANCO_VAZIO')",5,4,7,57.143,SWITCH_OFFENSIVE,40.000,1.332179,3.7893
"('TANK', 'TANK', 'DOMINANT', 'SAFE', 'FULL', 'NORMAL', 'FASTER', 'MEC_AVAIL', 'CLEAN', 'CLEAN', 'NEUTRAL', 'NEUTRAL', 'SET', 'CLEAR', 'OPENING', 'BANCO_OFF')",5,4,12,33.333,STATUS,40.000,1.332179,3.7893
"('TANK', 'TANK', 'DEFENSIVE_DIS', 'FULL', 'SAFE', 'NORMAL', 'SLOWER', 'MEC_USED', 'CLEAN', 'CLEAN', 'NEUTRAL', 'NEUTRAL', 'SET', 'SET', 'RECOVERING', 'BANCO_VAZIO')",5,4,10,40.000,SWITCH_OFFENSIVE,40.000,1.332179,3.7893
"('TANK', 'SWEEPER', 'OFFENSIVE_ADV', 'FULL', 'FULL', 'NORMAL', 'SLOWER', 'MEC_USED', 'CLEAN', 'CLEAN', 'NEUTRAL', 'NEUTRAL', 'SET', 'CLEAR', 'OPENING', 'BANCO_OFF')",5,5,11,45.455,ATTACK_PIVOT,20.000,1.609438,5.0000
"('TANK', 'TANK', 'DEFENSIVE_DIS', 'CRIT', 'SAFE', 'FIELD_THEIRS', 'FASTER', 'MEC_USED', 'CLEAN', 'CLEAN', 'NEUTRAL', 'NEUTRAL', 'CLEAR', 'CLEAR', 'OPENING', 'BANCO_AMBOS')",5,4,6,66.667,CLEAN_HAZARD,40.000,1.332179,3.7893
"('TANK', 'TANK', 'DEFENSIVE_DIS', 'SAFE', 'DANGER', 'NORMAL', 'SLOWER', 'MEC_USED', 'CLEAN', 'CLEAN', 'NEUTRAL', 'NEUTRAL', 'CLEAR', 'CLEAR', 'RECOVERING', 'BANCO_VAZIO')",5,3,10,30.000,PROTECT,60.000,0.950271,2.5864
"('TANK', 'SWEEPER', 'DOMINANT', 'FULL', 'FULL', 'NORMAL', 'SLOWER', 'MEC_AVAIL', 'CLEAN', 'CLEAN', 'NEUTRAL', 'NEUTRAL', 'CLEAR', 'CLEAR', 'OPENING', 'BANCO_AMBOS')",5,4,10,40.000,SWITCH_OFFENSIVE,40.000,1.332179,3.7893
"('TANK', 'TANK', 'DOMINANT', 'SAFE', 'FULL', 'FIELD_SHARED', 'FASTER', 'MEC_USED', 'CLEAN', 'CLEAN', 'NEUTRAL', 'NEUTRAL', 'CLEAR', 'CLEAR', 'OPENING', 'BANCO_OFF')",5,4,7,57.143,ATTACK_STRONG,40.000,1.332179,3.7893
"('TANK', 'TANK', 'DEFENSIVE_DIS', 'DANGER', 'FULL', 'NORMAL', 'FASTER', 'MEC_USED', 'CLEAN', 'CLEAN', 'NEUTRAL', 'NEUTRAL', 'CLEAR', 'CLEAR', 'OPENING', 'BANCO_AMBOS')",5,2,6,33.333,ATTACK_STRONG,80.000,0.500402,1.6494
"('TANK', 'TANK', 'NEUTRAL', 'SAFE', 'FULL', 'NORMAL', 'FASTER', 'MEC_USED', 'CLEAN', 'CLEAN', 'NEUTRAL', 'NEUTRAL', 'CLEAR', 'SET', 'RECOVERING', 'BANCO_VAZIO')",5,4,8,50.000,HEAL,40.000,1.332179,3.7893
"('TANK', 'TANK', 'OFFENSIVE_ADV', 'FULL', 'FULL', 'NORMAL', 'FASTER', 'MEC_USED', 'AFFLICTED', 'CLEAN', 'NEUTRAL', 'NEUTRAL', 'CLEAR', 'CLEAR', 'OPENING', 'BANCO_OFF')",5,3,6,50.000,SWITCH_OFFENSIVE,60.000,0.950271,2.5864
"('UTILITY', 'TANK', 'DOMINANT', 'SAFE', 'FULL', 'FIELD_SHARED', 'FASTER', 'MEC_USED', 'CLEAN', 'CLEAN', 'NEUTRAL', 'NEUTRAL', 'CLEAR', 'CLEAR', 'OPENING', 'BANCO_OFF')",5,3,6,50.000,ATTACK_PIVOT,60.000,0.950271,2.5864
"('UTILITY', 'TANK', 'DEFENSIVE_DIS', 'FULL', 'FULL', 'FIELD_OURS_OFF', 'FASTER', 'MEC_USED', 'CLEAN', 'CLEAN', 'NEUTRAL', 'NEUTRAL', 'CLEAR', 'CLEAR', 'OPENING', 'BANCO_OFF')",5,3,4,75.000,SWITCH_DEFENSIVE,40.000,1.054920,2.8717
"('TANK', 'TANK', 'OFFENSIVE_ADV', 'SAFE', 'SAFE', 'FIELD_THEIRS', 'FASTER', 'MEC_AVAIL', 'CLEAN', 'CLEAN', 'NEUTRAL', 'NEUTRAL', 'CLEAR', 'CLEAR', 'OPENING', 'BANCO_OFF')",5,2,12,16.667,ATTACK_STRONG_MEC,80.000,0.500402,1.6494
"('TANK', 'TANK', 'OFFENSIVE_ADV', 'FULL', 'FULL', 'FIELD_SHARED', 'FASTER', 'MEC_USED', 'AFFLICTED', 'CLEAN', 'NEUTRAL', 'NEUTRAL', 'CLEAR', 'CLEAR', 'OPENING', 'BANCO_OFF')",5,4,6,66.667,ATTACK_STRONG,40.000,1.332179,3.7893
"('SWEEPER', 'UTILITY', 'OFFENSIVE_ADV', 'FULL', 'FULL', 'NORMAL', 'FASTER', 'MEC_USED', 'CLEAN', 'CLEAN', 'NEUTRAL', 'DEBUFF', 'CLEAR', 'CLEAR', 'OPENING', 'BANCO_OFF')",5,4,6,66.667,CLEAN_HAZARD,40.000,1.332179,3.7893
"('TANK', 'TANK', 'NEUTRAL', 'SAFE', 'SAFE', 'NORMAL', 'SLOWER', 'MEC_USED', 'CLEAN', 'CLEAN', 'NEUTRAL', 'NEUTRAL', 'CLEAR', 'SET', 'OPENING', 'BANCO_VAZIO')",5,3,9,33.333,ATTACK_STRONG,60.000,0.950271,2.5864
"('TANK', 'TANK', 'DOMINANT', 'SAFE', 'SAFE', 'NORMAL', 'FASTER', 'MEC_USED', 'CLEAN', 'CLEAN', 'NEUTRAL', 'NEUTRAL', 'CLEAR', 'CLEAR', 'OPENING', 'BANCO_AMBOS')",5,4,9,44.444,ATTACK_STRONG,40.000,1.332179,3.7893
"('TANK', 'TANK', 'NEUTRAL', 'CRIT', 'SAFE', 'NORMAL', 'FASTER', 'MEC_USED', 'CLEAN', 'CLEAN', 'NEUTRAL', 'NEUTRAL', 'SET', 'SET', 'RECOVERING', 'BANCO_VAZIO')",5,5,10,50.000,ATTACK_STRONG,20.000,1.609438,5.0000
"('TANK', 'TANK', 'NEUTRAL', 'FULL', 'FULL', 'NORMAL', 'FASTER', 'MEC_USED', 'AFFLICTED', 'CLEAN', 'NEUTRAL', 'NEUTRAL', 'CLEAR', 'SET', 'RECOVERING', 'BANCO_VAZIO')",5,3,10,30.000,ATTACK_TECH,60.000,0.950271,2.5864
"('TANK', 'TANK', 'OFFENSIVE_DIS', 'FULL', 'FULL', 'NORMAL', 'FASTER', 'MEC_USED', 'CLEAN', 'CLEAN', 'NEUTRAL', 'NEUTRAL', 'SET', 'SET', 'OPENING', 'BANCO_AMBOS')",5,2,12,16.667,HAZARD,60.000,0.673012,1.9601
"('TANK', 'TANK', 'CRITICAL_DIS', 'FULL', 'FULL', 'NORMAL', 'SLOWER', 'MEC_USED', 'CLEAN', 'CLEAN', 'NEUTRAL', 'NEUTRAL', 'CLEAR', 'CLEAR', 'BRAWL', 'BANCO_AMBOS')",5,2,10,20.000,SWITCH_OFFENSIVE,60.000,0.673012,1.9601
"('TANK', 'TANK', 'NEUTRAL', 'SAFE', 'FULL', 'NORMAL', 'FASTER', 'MEC_USED', 'CLEAN', 'AFFLICTED', 'DEBUFF', 'NEUTRAL', 'CLEAR', 'CLEAR', 'CLUTCH', 'BANCO_VAZIO')",5,1,2,50.000,ATTACK_STRONG,100.000,-0.000000,1.0000
"('TANK', 'UTILITY', 'DEFENSIVE_DIS', 'FULL', 'FULL', 'NORMAL', 'SLOWER', 'MEC_USED', 'CLEAN', 'CLEAN', 'NEUTRAL', 'NEUTRAL', 'CLEAR', 'CLEAR', 'OPENING', 'BANCO_DEF')",5,5,7,71.429,ATTACK_STRONG,20.000,1.609438,5.0000
"('TANK', 'TANK', 'CRITICAL_DIS', 'FULL', 'FULL', 'FIELD_SHARED', 'SLOWER', 'MEC_USED', 'CLEAN', 'CLEAN', 'NEUTRAL', 'NEUTRAL', 'CLEAR', 'CLEAR', 'OPENING', 'BANCO_VAZIO')",5,2,9,22.222,ATTACK_STRONG,60.000,0.673012,1.9601
"('TANK', 'TANK', 'NEUTRAL', 'SAFE', 'FULL', 'NORMAL', 'FASTER', 'MEC_USED', 'CLEAN', 'CLEAN', 'NEUTRAL', 'NEUTRAL', 'CLEAR', 'SET', 'BRAWL', 'BANCO_VAZIO')",5,4,9,44.444,ATTACK_TECH,40.000,1.332179,3.7893
"('TANK', 'TANK', 'NEUTRAL', 'SAFE', 'SAFE', 'NORMAL', 'SLOWER', 'MEC_USED', 'CLEAN', 'CLEAN', 'NEUTRAL', 'NEUTRAL', 'SET', 'SET', 'OPENING', 'BANCO_VAZIO')",5,5,11,45.455,STATUS,20.000,1.609438,5.0000
"('TANK', 'TANK', 'OFFENSIVE_DIS', 'FULL', 'FULL', 'FIELD_THEIRS', 'SLOWER', 'MEC_USED', 'CLEAN', 'CLEAN', 'NEUTRAL', 'NEUTRAL', 'CLEAR', 'CLEAR', 'BRAWL', 'BANCO_OFF')",5,4,9,44.444,STAT_CLEAN,40.000,1.332179,3.7893
"('TANK', 'SWEEPER', 'OFFENSIVE_ADV', 'FULL', 'FULL', 'NORMAL', 'SLOWER', 'MEC_USED', 'CLEAN', 'CLEAN', 'NEUTRAL', 'BUFFED', 'CLEAR', 'CLEAR', 'OPENING', 'BANCO_OFF')",5,4,9,44.444,ATTACK_PIVOT,40.000,1.332179,3.7893
"('TANK', 'TANK', 'OFFENSIVE_DIS', 'CRIT', 'FULL', 'NORMAL', 'FASTER', 'MEC_USED', 'CLEAN', 'CLEAN', 'NEUTRAL', 'NEUTRAL', 'CLEAR', 'CLEAR', 'OPENING', 'BANCO_OFF')",5,4,11,36.364,PROTECT,40.000,1.332179,3.7893
"('TANK', 'TANK', 'OFFENSIVE_DIS', 'SAFE', 'FULL', 'FIELD_SHARED', 'SLOWER', 'MEC_USED', 'CLEAN', 'CLEAN', 'NEUTRAL', 'NEUTRAL', 'CLEAR', 'CLEAR', 'OPENING', 'BANCO_AMBOS')",5,3,10,30.000,ATTACK_TECH,40.000,1.054920,2.8717
"('SWEEPER', 'SWEEPER', 'OFFENSIVE_ADV', 'SAFE', 'FULL', 'NORMAL', 'FASTER', 'MEC_USED', 'CLEAN', 'CLEAN', 'NEUTRAL', 'DEBUFF', 'CLEAR', 'CLEAR', 'OPENING', 'BANCO_OFF')",5,4,6,66.667,CLEAN_HAZARD,40.000,1.332179,3.7893
"('TANK', 'TANK', 'OFFENSIVE_ADV', 'SAFE', 'DANGER', 'NORMAL', 'FASTER', 'MEC_USED', 'CLEAN', 'CLEAN', 'NEUTRAL', 'NEUTRAL', 'SET', 'CLEAR', 'OPENING', 'BANCO_OFF')",5,3,9,33.333,ATTACK_STRONG,60.000,0.950271,2.5864
"('TANK', 'UTILITY', 'DEFENSIVE_ADV', 'FULL', 'FULL', 'FIELD_OURS_OFF', 'SLOWER', 'MEC_USED', 'CLEAN', 'CLEAN', 'NEUTRAL', 'NEUTRAL', 'CLEAR', 'CLEAR', 'OPENING', 'BANCO_DEF')",5,3,7,42.857,ATTACK_TECH,60.000,0.950271,2.5864
"('TANK', 'TANK', 'NEUTRAL', 'DANGER', 'FULL', 'NORMAL', 'FASTER', 'MEC_USED', 'CLEAN', 'CLEAN', 'NEUTRAL', 'NEUTRAL', 'CLEAR', 'CLEAR', 'BRAWL', 'BANCO_VAZIO')",5,4,8,50.000,ATTACK_STRONG,40.000,1.332179,3.7893
"('TANK', 'SWEEPER', 'NEUTRAL', 'FULL', 'DANGER', 'NORMAL', 'SLOWER', 'MEC_USED', 'CLEAN', 'CLEAN', 'NEUTRAL', 'NEUTRAL', 'CLEAR', 'CLEAR', 'OPENING', 'BANCO_OFF')",5,3,11,27.273,HEAL,40.000,1.054920,2.8717
"('TANK', 'TANK', 'NEUTRAL', 'FULL', 'SAFE', 'NORMAL', 'SLOWER', 'MEC_USED', 'CLEAN', 'AFFLICTED', 'NEUTRAL', 'NEUTRAL', 'CLEAR', 'SET', 'RECOVERING', 'BANCO_VAZIO')",5,2,8,25.000,ATTACK_STRONG,80.000,0.500402,1.6494
"('TANK', 'TANK', 'CRITICAL_DIS', 'SAFE', 'SAFE', 'NORMAL', 'SLOWER', 'MEC_USED', 'CLEAN', 'CLEAN', 'NEUTRAL', 'NEUTRAL', 'SET', 'CLEAR', 'RECOVERING', 'BANCO_VAZIO')",5,4,10,40.000,HAZARD,40.000,1.332179,3.7893
"('TANK', 'TANK', 'STALEMATE', 'SAFE', 'FULL', 'NORMAL', 'SLOWER', 'MEC_USED', 'CLEAN', 'CLEAN', 'NEUTRAL', 'NEUTRAL', 'SET', 'CLEAR', 'OPENING', 'BANCO_OFF')",5,3,8,37.500,ATTACK_TECH,60.000,0.950271,2.5864
"('UTILITY', 'TANK', 'DOMINANT', 'FULL', 'FULL', 'FIELD_THEIRS', 'FASTER', 'MEC_USED', 'CLEAN', 'CLEAN', 'NEUTRAL', 'NEUTRAL', 'CLEAR', 'CLEAR', 'OPENING', 'BANCO_AMBOS')",5,2,9,22.222,ATTACK_STRONG,80.000,0.500402,1.6494
"('TANK', 'TANK', 'OFFENSIVE_DIS', 'FULL', 'FULL', 'NORMAL', 'FASTER', 'MEC_USED', 'AFFLICTED', 'CLEAN', 'NEUTRAL', 'NEUTRAL', 'CLEAR', 'SET', 'CLUTCH', 'BANCO_VAZIO')",5,2,8,25.000,STATUS,60.000,0.673012,1.9601
"('TANK', 'SWEEPER', 'DEFENSIVE_DIS', 'SAFE', 'FULL', 'NORMAL', 'SLOWER', 'MEC_USED', 'CLEAN', 'CLEAN', 'DEBUFF', 'NEUTRAL', 'CLEAR', 'CLEAR', 'OPENING', 'BANCO_OFF')",5,2,6,33.333,SWITCH_OFFENSIVE,80.000,0.500402,1.6494
"('TANK', 'TANK', 'NEUTRAL', 'FULL', 'DANGER', 'NORMAL', 'SLOWER', 'MEC_USED', 'CLEAN', 'CLEAN', 'NEUTRAL', 'NEUTRAL', 'CLEAR', 'CLEAR', 'OPENING', 'BANCO_AMBOS')",5,5,9,55.556,ATTACK_STRONG,20.000,1.609438,5.0000
"('TANK', 'TANK', 'NEUTRAL', 'FULL', 'SAFE', 'FIELD_OURS_OFF', 'SLOWER', 'MEC_USED', 'CLEAN', 'CLEAN', 'NEUTRAL', 'NEUTRAL', 'CLEAR', 'CLEAR', 'OPENING', 'BANCO_AMBOS')",5,2,8,25.000,ATTACK_TECH,80.000,0.500402,1.6494
"('TANK', 'TANK', 'DEFENSIVE_DIS', 'FULL', 'DANGER', 'NORMAL', 'SLOWER', 'MEC_USED', 'CLEAN', 'CLEAN', 'NEUTRAL', 'NEUTRAL', 'SET', 'CLEAR', 'OPENING', 'BANCO_OFF')",5,4,8,50.000,STATUS,40.000,1.332179,3.7893
"('TANK', 'TANK', 'DOMINANT', 'FULL', 'FULL', 'NORMAL', 'SLOWER', 'MEC_USED', 'CLEAN', 'CLEAN', 'NEUTRAL', 'NEUTRAL', 'CLEAR', 'CLEAR', 'OPENING', 'BANCO_VAZIO')",5,4,9,44.444,ATTACK_PIVOT,40.000,1.332179,3.7893
"('TANK', 'TANK', 'STALEMATE', 'FULL', 'FULL', 'NORMAL', 'SLOWER', 'MEC_USED', 'AFFLICTED', 'AFFLICTED', 'DEBUFF', 'DEBUFF', 'CLEAR', 'CLEAR', 'OPENING', 'BANCO_OFF')",5,1,5,20.000,ATTACK_STRONG,100.000,-0.000000,1.0000
"('TANK', 'SWEEPER', 'STALEMATE', 'FULL', 'FULL', 'FIELD_SHARED', 'SLOWER', 'MEC_USED', 'CLEAN', 'CLEAN', 'NEUTRAL', 'NEUTRAL', 'CLEAR', 'CLEAR', 'OPENING', 'BANCO_OFF')",5,3,10,30.000,ATTACK_PIVOT,40.000,1.054920,2.8717
"('TANK', 'TANK', 'OFFENSIVE_ADV', 'FULL', 'FULL', 'NORMAL', 'FASTER', 'MEC_USED', 'CLEAN', 'CLEAN', 'NEUTRAL', 'NEUTRAL', 'SET', 'CLEAR', 'OPENING', 'BANCO_VAZIO')",5,3,6,50.000,PHAZE,60.000,0.950271,2.5864
"('TANK', 'TANK', 'NEUTRAL', 'FULL', 'SAFE', 'NORMAL', 'SLOWER', 'MEC_USED', 'CLEAN', 'CLEAN', 'NEUTRAL', 'NEUTRAL', 'SET', 'SET', 'OPENING', 'BANCO_AMBOS')",5,4,10,40.000,HAZARD,40.000,1.332179,3.7893
"('TANK', 'TANK', 'DEFENSIVE_DIS', 'SAFE', 'DANGER', 'NORMAL', 'SLOWER', 'MEC_USED', 'CLEAN', 'CLEAN', 'NEUTRAL', 'NEUTRAL', 'CLEAR', 'CLEAR', 'OPENING', 'BANCO_OFF')",5,4,7,57.143,HEAL,40.000,1.332179,3.7893
"('TANK', 'SWEEPER', 'NEUTRAL', 'SAFE', 'FULL', 'NORMAL', 'SLOWER', 'MEC_USED', 'CLEAN', 'CLEAN', 'NEUTRAL', 'NEUTRAL', 'CLEAR', 'CLEAR', 'RECOVERING', 'BANCO_VAZIO')",5,3,5,60.000,BUFF,40.000,1.054920,2.8717
"('TANK', 'TANK', 'CRITICAL_DIS', 'FULL', 'FULL', 'NORMAL', 'SLOWER', 'MEC_USED', 'CLEAN', 'CLEAN', 'NEUTRAL', 'NEUTRAL', 'CLEAR', 'CLEAR', 'BRAWL', 'BANCO_OFF')",5,2,11,18.182,ATTACK_TECH,80.000,0.500402,1.6494
"('TANK', 'TANK', 'DEFENSIVE_DIS', 'FULL', 'SAFE', 'NORMAL', 'FASTER', 'MEC_USED', 'CLEAN', 'CLEAN', 'NEUTRAL', 'NEUTRAL', 'CLEAR', 'CLEAR', 'OPENING', 'BANCO_VAZIO')",5,2,10,20.000,SWITCH_DEFENSIVE,80.000,0.500402,1.6494
"('TANK', 'TANK', 'NEUTRAL', 'DANGER', 'SAFE', 'NORMAL', 'SLOWER', 'MEC_USED', 'CLEAN', 'CLEAN', 'NEUTRAL', 'NEUTRAL', 'SET', 'CLEAR', 'BRAWL', 'BANCO_VAZIO')",5,5,10,50.000,ATTACK_STRONG,20.000,1.609438,5.0000
"('TANK', 'UTILITY', 'DOMINANT', 'FULL', 'FULL', 'FIELD_THEIRS', 'SLOWER', 'MEC_AVAIL', 'CLEAN', 'CLEAN', 'NEUTRAL', 'NEUTRAL', 'CLEAR', 'CLEAR', 'OPENING', 'BANCO_AMBOS')",5,3,10,30.000,BUFF,40.000,1.054920,2.8717
"('TANK', 'TANK', 'OFFENSIVE_DIS', 'SAFE', 'SAFE', 'FIELD_THEIRS', 'FASTER', 'MEC_USED', 'CLEAN', 'CLEAN', 'NEUTRAL', 'NEUTRAL', 'CLEAR', 'CLEAR', 'OPENING', 'BANCO_OFF')",5,4,11,36.364,HEAL_STATUS,40.000,1.332179,3.7893
"('TANK', 'TANK', 'NEUTRAL', 'SAFE', 'FULL', 'NORMAL', 'FASTER', 'MEC_USED', 'CLEAN', 'CLEAN', 'NEUTRAL', 'NEUTRAL', 'CLEAR', 'CLEAR', 'DOMINATING', 'BANCO_OFF')",5,2,8,25.000,ATTACK_STRONG,60.000,0.673012,1.9601
"('SWEEPER', 'TANK', 'DEFENSIVE_DIS', 'SAFE', 'FULL', 'NORMAL', 'FASTER', 'MEC_USED', 'CLEAN', 'CLEAN', 'NEUTRAL', 'NEUTRAL', 'CLEAR', 'CLEAR', 'OPENING', 'BANCO_OFF')",5,1,4,25.000,HEAL,100.000,-0.000000,1.0000
"('TANK', 'TANK', 'VOLATILE', 'DANGER', 'FULL', 'NORMAL', 'FASTER', 'MEC_USED', 'CLEAN', 'CLEAN', 'NEUTRAL', 'NEUTRAL', 'SET', 'CLEAR', 'OPENING', 'BANCO_OFF')",5,2,7,28.571,HEAL_STATUS,80.000,0.500402,1.6494
"('TANK', 'TANK', 'DEFENSIVE_DIS', 'FULL', 'FULL', 'NORMAL', 'FASTER', 'MEC_USED', 'CLEAN', 'CLEAN', 'NEUTRAL', 'NEUTRAL', 'CLEAR', 'CLEAR', 'CLUTCH', 'BANCO_VAZIO')",5,1,6,16.667,STAT_CLEAN,100.000,-0.000000,1.0000
"('TANK', 'TANK', 'NEUTRAL', 'SAFE', 'SAFE', 'NORMAL', 'SLOWER', 'MEC_USED', 'CLEAN', 'AFFLICTED', 'NEUTRAL', 'NEUTRAL', 'SET', 'SET', 'CLUTCH', 'BANCO_VAZIO')",5,1,6,16.667,ATTACK_STRONG,100.000,-0.000000,1.0000
"('TANK', 'UTILITY', 'DEFENSIVE_DIS', 'CRIT', 'SAFE', 'NORMAL', 'SLOWER', 'MEC_USED', 'CLEAN', 'CLEAN', 'NEUTRAL', 'BUFFED', 'CLEAR', 'CLEAR', 'RECOVERING', 'BANCO_VAZIO')",4,3,6,50.000,ATTACK_PIVOT,50.000,1.039721,2.8284
"('TANK', 'TANK', 'VOLATILE', 'FULL', 'FULL', 'NORMAL', 'SLOWER', 'MEC_USED', 'AFFLICTED', 'AFFLICTED', 'DEBUFF', 'NEUTRAL', 'CLEAR', 'CLEAR', 'CLUTCH', 'BANCO_VAZIO')",4,2,6,33.333,ATTACK_STRONG,75.000,0.562335,1.7548
"('TANK', 'TANK', 'NEUTRAL', 'CRIT', 'SAFE', 'NORMAL', 'SLOWER', 'MEC_USED', 'CLEAN', 'CLEAN', 'NEUTRAL', 'NEUTRAL', 'SET', 'SET', 'CLUTCH', 'BANCO_VAZIO')",4,3,8,37.500,SWITCH_DEFENSIVE,50.000,1.039721,2.8284
"('TANK', 'TANK', 'CRITICAL_DIS', 'FULL', 'FULL', 'NORMAL', 'FASTER', 'MEC_USED', 'CLEAN', 'CLEAN', 'NEUTRAL', 'NEUTRAL', 'SET', 'CLEAR', 'RECOVERING', 'BANCO_VAZIO')",4,3,10,30.000,ATTACK_TECH,50.000,1.039721,2.8284
"('TANK', 'TANK', 'DEFENSIVE_DIS', 'FULL', 'FULL', 'NORMAL', 'FASTER', 'MEC_USED', 'AFFLICTED', 'CLEAN', 'NEUTRAL', 'NEUTRAL', 'CLEAR', 'CLEAR', 'RECOVERING', 'BANCO_VAZIO')",4,2,10,20.000,SWITCH_OFFENSIVE,75.000,0.562335,1.7548
"('TANK', 'TANK', 'DEFENSIVE_DIS', 'FULL', 'SAFE', 'NORMAL', 'SLOWER', 'MEC_USED', 'CLEAN', 'AFFLICTED', 'NEUTRAL', 'NEUTRAL', 'CLEAR', 'CLEAR', 'CLUTCH', 'BANCO_VAZIO')",4,2,7,28.571,STATUS,75.000,0.562335,1.7548
"('TANK', 'TANK', 'OFFENSIVE_ADV', 'FULL', 'FULL', 'FIELD_THEIRS', 'FASTER', 'MEC_USED', 'CLEAN', 'CLEAN', 'NEUTRAL', 'NEUTRAL', 'CLEAR', 'CLEAR', 'OPENING', 'BANCO_VAZIO')",4,4,7,57.143,ATTACK_PIVOT,25.000,1.386294,4.0000
"('TANK', 'TANK', 'DEFENSIVE_DIS', 'CRIT', 'FULL', 'NORMAL', 'SLOWER', 'MEC_USED', 'CLEAN', 'CLEAN', 'NEUTRAL', 'NEUTRAL', 'SET', 'CLEAR', 'RECOVERING', 'BANCO_VAZIO')",4,3,9,33.333,ATTACK_STRONG,50.000,1.039721,2.8284
"('TANK', 'TANK', 'NEUTRAL', 'SAFE', 'FULL', 'FIELD_SHARED', 'FASTER', 'MEC_USED', 'CLEAN', 'CLEAN', 'NEUTRAL', 'NEUTRAL', 'SET', 'CLEAR', 'BRAWL', 'BANCO_OFF')",4,3,7,42.857,STATUS,50.000,1.039721,2.8284
"('TANK', 'TANK', 'OFFENSIVE_DIS', 'CRIT', 'SAFE', 'NORMAL', 'SLOWER', 'MEC_USED', 'CLEAN', 'CLEAN', 'NEUTRAL', 'NEUTRAL', 'CLEAR', 'CLEAR', 'RECOVERING', 'BANCO_VAZIO')",4,4,9,44.444,ATTACK_PIVOT,25.000,1.386294,4.0000
"('TANK', 'TANK', 'OFFENSIVE_ADV', 'SAFE', 'SAFE', 'NORMAL', 'SLOWER', 'MEC_USED', 'CLEAN', 'CLEAN', 'NEUTRAL', 'NEUTRAL', 'CLEAR', 'CLEAR', 'RECOVERING', 'BANCO_VAZIO')",4,3,9,33.333,PROTECT,50.000,1.039721,2.8284
"('TANK', 'TANK', 'OFFENSIVE_DIS', 'SAFE', 'FULL', 'NORMAL', 'FASTER', 'MEC_USED', 'AFFLICTED', 'CLEAN', 'DEBUFF', 'NEUTRAL', 'CLEAR', 'CLEAR', 'OPENING', 'BANCO_OFF')",4,3,9,33.333,ATTACK_TECH,50.000,1.039721,2.8284
"('TANK', 'SWEEPER', 'OFFENSIVE_ADV', 'SAFE', 'FULL', 'NORMAL', 'SLOWER', 'MEC_USED', 'CLEAN', 'CLEAN', 'NEUTRAL', 'DEBUFF', 'CLEAR', 'CLEAR', 'OPENING', 'BANCO_OFF')",4,1,6,16.667,HEAL,100.000,-0.000000,1.0000
"('TANK', 'TANK', 'OFFENSIVE_ADV', 'DANGER', 'FULL', 'NORMAL', 'FASTER', 'MEC_USED', 'CLEAN', 'CLEAN', 'NEUTRAL', 'NEUTRAL', 'CLEAR', 'SET', 'OPENING', 'BANCO_OFF')",4,3,5,60.000,SWITCH_OFFENSIVE,50.000,1.039721,2.8284
"('TANK', 'TANK', 'VOLATILE', 'FULL', 'FULL', 'FIELD_SHARED', 'FASTER', 'MEC_USED', 'CLEAN', 'CLEAN', 'NEUTRAL', 'NEUTRAL', 'SET', 'CLEAR', 'OPENING', 'BANCO_OFF')",4,2,7,28.571,HEAL,50.000,0.693147,2.0000
"('TANK', 'TANK', 'OFFENSIVE_ADV', 'CRIT', 'SAFE', 'NORMAL', 'FASTER', 'MEC_USED', 'CLEAN', 'CLEAN', 'NEUTRAL', 'NEUTRAL', 'CLEAR', 'CLEAR', 'RECOVERING', 'BANCO_VAZIO')",4,3,3,100.000,ATTACK_STRONG,50.000,1.039721,2.8284
"('TANK', 'TANK', 'NEUTRAL', 'SAFE', 'SAFE', 'NORMAL', 'FASTER', 'MEC_USED', 'AFFLICTED', 'CLEAN', 'NEUTRAL', 'NEUTRAL', 'CLEAR', 'CLEAR', 'CLUTCH', 'BANCO_VAZIO')",4,3,7,42.857,CLEAN_HAZARD,50.000,1.039721,2.8284
"('TANK', 'TANK', 'DOMINANT', 'FULL', 'FULL', 'FIELD_SHARED', 'SLOWER', 'MEC_AVAIL', 'CLEAN', 'CLEAN', 'NEUTRAL', 'NEUTRAL', 'CLEAR', 'CLEAR', 'OPENING', 'BANCO_OFF')",4,4,14,28.571,ATTACK_TECH,25.000,1.386294,4.0000
"('TANK', 'TANK', 'NEUTRAL', 'FULL', 'CRIT', 'NORMAL', 'FASTER', 'MEC_USED', 'CLEAN', 'CLEAN', 'NEUTRAL', 'NEUTRAL', 'CLEAR', 'CLEAR', 'OPENING', 'BANCO_VAZIO')",4,3,8,37.500,SWITCH_OFFENSIVE,50.000,1.039721,2.8284
"('TANK', 'TANK', 'OFFENSIVE_ADV', 'DANGER', 'FULL', 'NORMAL', 'FASTER', 'MEC_USED', 'CLEAN', 'CLEAN', 'NEUTRAL', 'NEUTRAL', 'CLEAR', 'CLEAR', 'BRAWL', 'BANCO_VAZIO')",4,4,7,57.143,ATTACK_TECH,25.000,1.386294,4.0000
"('TANK', 'TANK', 'DEFENSIVE_DIS', 'DANGER', 'FULL', 'FIELD_SHARED', 'FASTER', 'MEC_USED', 'CLEAN', 'CLEAN', 'NEUTRAL', 'NEUTRAL', 'CLEAR', 'CLEAR', 'OPENING', 'BANCO_AMBOS')",4,3,8,37.500,DISRUPTION,50.000,1.039721,2.8284
"('TANK', 'SWEEPER', 'OFFENSIVE_ADV', 'FULL', 'FULL', 'FIELD_OURS_OFF', 'SLOWER', 'MEC_USED', 'CLEAN', 'CLEAN', 'DEBUFF', 'NEUTRAL', 'CLEAR', 'CLEAR', 'OPENING', 'BANCO_OFF')",4,1,7,14.286,ATTACK_STRONG,100.000,-0.000000,1.0000
"('TANK', 'TANK', 'VOLATILE', 'FULL', 'FULL', 'NORMAL', 'FASTER', 'MEC_USED', 'CLEAN', 'CLEAN', 'NEUTRAL', 'NEUTRAL', 'CLEAR', 'CLEAR', 'RECOVERING', 'BANCO_VAZIO')",4,3,8,37.500,STATUS,50.000,1.039721,2.8284
"('TANK', 'SWEEPER', 'OFFENSIVE_DIS', 'SAFE', 'SAFE', 'NORMAL', 'SLOWER', 'MEC_USED', 'CLEAN', 'CLEAN', 'NEUTRAL', 'NEUTRAL', 'CLEAR', 'SET', 'OPENING', 'BANCO_OFF')",4,2,7,28.571,HEAL,75.000,0.562335,1.7548
"('TANK', 'TANK', 'NEUTRAL', 'SAFE', 'DANGER', 'NORMAL', 'SLOWER', 'MEC_USED', 'CLEAN', 'CLEAN', 'NEUTRAL', 'NEUTRAL', 'SET', 'CLEAR', 'BRAWL', 'BANCO_OFF')",4,3,9,33.333,SWITCH_OFFENSIVE,50.000,1.039721,2.8284
"('SWEEPER', 'SWEEPER', 'DEFENSIVE_DIS', 'FULL', 'FULL', 'NORMAL', 'FASTER', 'MEC_USED', 'CLEAN', 'CLEAN', 'NEUTRAL', 'NEUTRAL', 'CLEAR', 'CLEAR', 'OPENING', 'BANCO_AMBOS')",4,4,8,50.000,BUFF,25.000,1.386294,4.0000
"('TANK', 'TANK', 'OFFENSIVE_ADV', 'FULL', 'DANGER', 'NORMAL', 'FASTER', 'MEC_USED', 'CLEAN', 'CLEAN', 'NEUTRAL', 'DEBUFF', 'CLEAR', 'CLEAR', 'OPENING', 'BANCO_OFF')",4,3,6,50.000,ATTACK_TECH,50.000,1.039721,2.8284
"('TANK', 'TANK', 'NEUTRAL', 'DANGER', 'FULL', 'NORMAL', 'FASTER', 'MEC_USED', 'CLEAN', 'CLEAN', 'NEUTRAL', 'NEUTRAL', 'SET', 'CLEAR', 'BRAWL', 'BANCO_OFF')",4,4,8,50.000,ATTACK_STRONG,25.000,1.386294,4.0000
"('TANK', 'UTILITY', 'CRITICAL_DIS', 'SAFE', 'SAFE', 'NORMAL', 'SLOWER', 'MEC_USED', 'CLEAN', 'CLEAN', 'NEUTRAL', 'NEUTRAL', 'CLEAR', 'CLEAR', 'OPENING', 'BANCO_OFF')",4,1,8,12.500,SWITCH_DEFENSIVE,100.000,-0.000000,1.0000
"('TANK', 'TANK', 'OFFENSIVE_DIS', 'DANGER', 'FULL', 'NORMAL', 'SLOWER', 'MEC_USED', 'CLEAN', 'CLEAN', 'NEUTRAL', 'NEUTRAL', 'CLEAR', 'CLEAR', 'RECOVERING', 'BANCO_VAZIO')",4,4,7,57.143,ATTACK_STRONG,25.000,1.386294,4.0000
"('TANK', 'TANK', 'OFFENSIVE_DIS', 'SAFE', 'FULL', 'NORMAL', 'SLOWER', 'MEC_USED', 'CLEAN', 'CLEAN', 'NEUTRAL', 'NEUTRAL', 'SET', 'SET', 'BRAWL', 'BANCO_OFF')",4,2,7,28.571,HAZARD,75.000,0.562335,1.7548
"('SWEEPER', 'TANK', 'DOMINANT', 'FULL', 'FULL', 'FIELD_OURS_OFF', 'FASTER', 'MEC_AVAIL', 'CLEAN', 'CLEAN', 'NEUTRAL', 'NEUTRAL', 'CLEAR', 'CLEAR', 'OPENING', 'BANCO_AMBOS')",4,3,8,37.500,ATTACK_STRONG_MEC,50.000,1.039721,2.8284
"('TANK', 'TANK', 'NEUTRAL', 'DANGER', 'FULL', 'NORMAL', 'FASTER', 'MEC_USED', 'CLEAN', 'CLEAN', 'NEUTRAL', 'NEUTRAL', 'SET', 'CLEAR', 'OPENING', 'BANCO_VAZIO')",4,3,9,33.333,BUFF,50.000,1.039721,2.8284
"('TANK', 'TANK', 'DEFENSIVE_DIS', 'FULL', 'DANGER', 'NORMAL', 'SLOWER', 'MEC_USED', 'CLEAN', 'CLEAN', 'NEUTRAL', 'NEUTRAL', 'CLEAR', 'CLEAR', 'RECOVERING', 'BANCO_VAZIO')",4,3,7,42.857,PROTECT,50.000,1.039721,2.8284
"('TANK', 'TANK', 'DEFENSIVE_ADV', 'FULL', 'FULL', 'NORMAL', 'SLOWER', 'MEC_USED', 'CLEAN', 'AFFLICTED', 'NEUTRAL', 'NEUTRAL', 'SET', 'CLEAR', 'RECOVERING', 'BANCO_VAZIO')",4,1,2,50.000,STATUS,100.000,-0.000000,1.0000
"('TANK', 'TANK', 'CRITICAL_DIS', 'SAFE', 'SAFE', 'NORMAL', 'FASTER', 'MEC_USED', 'CLEAN', 'CLEAN', 'NEUTRAL', 'NEUTRAL', 'SET', 'CLEAR', 'OPENING', 'BANCO_OFF')",4,3,9,33.333,SWITCH_OFFENSIVE,50.000,1.039721,2.8284
"('TANK', 'TANK', 'OFFENSIVE_DIS', 'SAFE', 'SAFE', 'NORMAL', 'SLOWER', 'MEC_USED', 'CLEAN', 'CLEAN', 'NEUTRAL', 'NEUTRAL', 'CLEAR', 'SET', 'CLUTCH', 'BANCO_VAZIO')",4,1,7,14.286,ATTACK_TECH,100.000,-0.000000,1.0000
"('TANK', 'TANK', 'OFFENSIVE_ADV', 'SAFE', 'DANGER', 'FIELD_THEIRS', 'FASTER', 'MEC_USED', 'CLEAN', 'CLEAN', 'NEUTRAL', 'NEUTRAL', 'CLEAR', 'CLEAR', 'OPENING', 'BANCO_OFF')",4,4,9,44.444,BUFF,25.000,1.386294,4.0000
"('TANK', 'SWEEPER', 'CRITICAL_DIS', 'FULL', 'FULL', 'NORMAL', 'SLOWER', 'MEC_USED', 'CLEAN', 'CLEAN', 'DEBUFF', 'NEUTRAL', 'CLEAR', 'CLEAR', 'OPENING', 'BANCO_OFF')",4,3,6,50.000,SWITCH_OFFENSIVE,50.000,1.039721,2.8284
"('TANK', 'SWEEPER', 'OFFENSIVE_ADV', 'FULL', 'FULL', 'NORMAL', 'FASTER', 'MEC_USED', 'CLEAN', 'CLEAN', 'NEUTRAL', 'NEUTRAL', 'CLEAR', 'CLEAR', 'OPENING', 'BANCO_OFF')",4,2,5,40.000,SWITCH_OFFENSIVE,75.000,0.562335,1.7548
"('TANK', 'TANK', 'NEUTRAL', 'SAFE', 'FULL', 'FIELD_OURS_DEF', 'FASTER', 'MEC_USED', 'CLEAN', 'CLEAN', 'NEUTRAL', 'NEUTRAL', 'CLEAR', 'CLEAR', 'OPENING', 'BANCO_DEF')",4,3,6,50.000,STATUS,50.000,1.039721,2.8284
"('TANK', 'TANK', 'OFFENSIVE_DIS', 'FULL', 'SAFE', 'NORMAL', 'SLOWER', 'MEC_USED', 'CLEAN', 'CLEAN', 'NEUTRAL', 'NEUTRAL', 'SET', 'SET', 'RECOVERING', 'BANCO_VAZIO')",4,4,9,44.444,ATTACK_PIVOT,25.000,1.386294,4.0000
"('TANK', 'TANK', 'CRITICAL_DIS', 'FULL', 'FULL', 'NORMAL', 'SLOWER', 'MEC_USED', 'AFFLICTED', 'CLEAN', 'NEUTRAL', 'NEUTRAL', 'SET', 'SET', 'CLUTCH', 'BANCO_VAZIO')",4,2,7,28.571,ATTACK_STRONG,50.000,0.693147,2.0000
"('TANK', 'TANK', 'NEUTRAL', 'FULL', 'FULL', 'FIELD_THEIRS', 'SLOWER', 'MEC_USED', 'CLEAN', 'CLEAN', 'NEUTRAL', 'NEUTRAL', 'SET', 'CLEAR', 'RECOVERING', 'BANCO_VAZIO')",4,4,7,57.143,BUFF,25.000,1.386294,4.0000
"('TANK', 'TANK', 'NEUTRAL', 'SAFE', 'SAFE', 'NORMAL', 'FASTER', 'MEC_USED', 'CLEAN', 'AFFLICTED', 'NEUTRAL', 'DEBUFF', 'CLEAR', 'CLEAR', 'OPENING', 'BANCO_OFF')",4,3,9,33.333,PROTECT,50.000,1.039721,2.8284
"('TANK', 'TANK', 'NEUTRAL', 'FULL', 'FULL', 'NORMAL', 'SLOWER', 'MEC_USED', 'CLEAN', 'CLEAN', 'NEUTRAL', 'NEUTRAL', 'SET', 'CLEAR', 'BRAWL', 'BANCO_AMBOS')",4,3,9,33.333,SWITCH_DEFENSIVE,50.000,1.039721,2.8284
"('TANK', 'TANK', 'OFFENSIVE_DIS', 'DANGER', 'SAFE', 'NORMAL', 'SLOWER', 'MEC_USED', 'CLEAN', 'CLEAN', 'NEUTRAL', 'NEUTRAL', 'CLEAR', 'SET', 'RECOVERING', 'BANCO_VAZIO')",4,4,9,44.444,HEAL,25.000,1.386294,4.0000
"('TANK', 'UTILITY', 'OFFENSIVE_ADV', 'FULL', 'FULL', 'FIELD_SHARED', 'SLOWER', 'MEC_USED', 'CLEAN', 'CLEAN', 'NEUTRAL', 'NEUTRAL', 'CLEAR', 'CLEAR', 'OPENING', 'BANCO_AMBOS')",4,4,9,44.444,CLEAN_HAZARD,25.000,1.386294,4.0000
"('TANK', 'TANK', 'DEFENSIVE_ADV', 'FULL', 'FULL', 'NORMAL', 'SLOWER', 'MEC_USED', 'CLEAN', 'CLEAN', 'NEUTRAL', 'NEUTRAL', 'SET', 'CLEAR', 'OPENING', 'BANCO_VAZIO')",4,3,9,33.333,ATTACK_TECH,50.000,1.039721,2.8284
"('SWEEPER', 'TANK', 'OFFENSIVE_ADV', 'SAFE', 'FULL', 'NORMAL', 'FASTER', 'MEC_AVAIL', 'CLEAN', 'CLEAN', 'NEUTRAL', 'NEUTRAL', 'CLEAR', 'CLEAR', 'OPENING', 'BANCO_OFF')",4,4,8,50.000,ATTACK_STRONG_MEC,25.000,1.386294,4.0000
"('TANK', 'TANK', 'NEUTRAL', 'DANGER', 'DANGER', 'NORMAL', 'FASTER', 'MEC_USED', 'CLEAN', 'CLEAN', 'NEUTRAL', 'NEUTRAL', 'CLEAR', 'CLEAR', 'RECOVERING', 'BANCO_VAZIO')",4,3,8,37.500,ATTACK_PIVOT,50.000,1.039721,2.8284
"('TANK', 'TANK', 'NEUTRAL', 'FULL', 'SAFE', 'NORMAL', 'FASTER', 'MEC_USED', 'CLEAN', 'CLEAN', 'NEUTRAL', 'DEBUFF', 'CLEAR', 'CLEAR', 'OPENING', 'BANCO_OFF')",4,3,9,33.333,DISRUPTION,50.000,1.039721,2.8284
"('TANK', 'TANK', 'NEUTRAL', 'SAFE', 'FULL', 'NORMAL', 'FASTER', 'MEC_USED', 'AFFLICTED', 'CLEAN', 'NEUTRAL', 'NEUTRAL', 'CLEAR', 'SET', 'RECOVERING', 'BANCO_VAZIO')",4,3,10,30.000,ATTACK_STRONG,50.000,1.039721,2.8284
"('TANK', 'TANK', 'NEUTRAL', 'SAFE', 'CRIT', 'NORMAL', 'SLOWER', 'MEC_USED', 'CLEAN', 'CLEAN', 'NEUTRAL', 'NEUTRAL', 'CLEAR', 'CLEAR', 'RECOVERING', 'BANCO_VAZIO')",4,3,10,30.000,CLEAN_HAZARD,50.000,1.039721,2.8284
"('TANK', 'TANK', 'OFFENSIVE_ADV', 'FULL', 'FULL', 'FIELD_THEIRS', 'SLOWER', 'MEC_USED', 'CLEAN', 'CLEAN', 'NEUTRAL', 'NEUTRAL', 'CLEAR', 'CLEAR', 'BRAWL', 'BANCO_OFF')",4,3,7,42.857,SWITCH_OFFENSIVE,50.000,1.039721,2.8284
"('TANK', 'TANK', 'DEFENSIVE_ADV', 'SAFE', 'SAFE', 'NORMAL', 'FASTER', 'MEC_USED', 'CLEAN', 'CLEAN', 'NEUTRAL', 'NEUTRAL', 'CLEAR', 'CLEAR', 'OPENING', 'BANCO_AMBOS')",4,3,9,33.333,DISRUPTION,50.000,1.039721,2.8284
"('TANK', 'TANK', 'VOLATILE', 'FULL', 'SAFE', 'NORMAL', 'FASTER', 'MEC_USED', 'CLEAN', 'CLEAN', 'NEUTRAL', 'NEUTRAL', 'CLEAR', 'SET', 'OPENING', 'BANCO_OFF')",4,3,6,50.000,DISRUPTION,50.000,1.039721,2.8284
"('TANK', 'TANK', 'CRITICAL_DIS', 'FULL', 'FULL', 'NORMAL', 'SLOWER', 'MEC_USED', 'CLEAN', 'CLEAN', 'NEUTRAL', 'NEUTRAL', 'CLEAR', 'SET', 'RECOVERING', 'BANCO_VAZIO')",4,4,10,40.000,BUFF,25.000,1.386294,4.0000
"('TANK', 'TANK', 'DEFENSIVE_ADV', 'SAFE', 'FULL', 'NORMAL', 'SLOWER', 'MEC_USED', 'CLEAN', 'CLEAN', 'NEUTRAL', 'NEUTRAL', 'CLEAR', 'CLEAR', 'BRAWL', 'BANCO_OFF')",4,3,7,42.857,HEAL,50.000,1.039721,2.8284
"('TANK', 'TANK', 'NEUTRAL', 'SAFE', 'SAFE', 'NORMAL', 'SLOWER', 'MEC_USED', 'CLEAN', 'CLEAN', 'NEUTRAL', 'NEUTRAL', 'SET', 'SET', 'BRAWL', 'BANCO_OFF')",4,1,8,12.500,SWITCH_OFFENSIVE,100.000,-0.000000,1.0000
"('TANK', 'UTILITY', 'VOLATILE', 'FULL', 'FULL', 'FIELD_OURS_OFF', 'FASTER', 'MEC_USED', 'CLEAN', 'CLEAN', 'NEUTRAL', 'NEUTRAL', 'CLEAR', 'CLEAR', 'OPENING', 'BANCO_OFF')",4,1,4,25.000,SWITCH_DEFENSIVE,100.000,-0.000000,1.0000
"('TANK', 'TANK', 'OFFENSIVE_ADV', 'SAFE', 'FULL', 'FIELD_THEIRS', 'FASTER', 'MEC_USED', 'CLEAN', 'CLEAN', 'NEUTRAL', 'NEUTRAL', 'CLEAR', 'CLEAR', 'BRAWL', 'BANCO_OFF')",4,4,9,44.444,ATTACK_STRONG,25.000,1.386294,4.0000
"('TANK', 'TANK', 'NEUTRAL', 'FULL', 'SAFE', 'NORMAL', 'FASTER', 'MEC_USED', 'CLEAN', 'CLEAN', 'NEUTRAL', 'NEUTRAL', 'CLEAR', 'SET', 'OPENING', 'BANCO_VAZIO')",4,3,7,42.857,SWITCH_DEFENSIVE,50.000,1.039721,2.8284
"('TANK', 'TANK', 'NEUTRAL', 'FULL', 'DANGER', 'NORMAL', 'FASTER', 'MEC_USED', 'CLEAN', 'CLEAN', 'NEUTRAL', 'NEUTRAL', 'CLEAR', 'SET', 'OPENING', 'BANCO_OFF')",4,4,11,36.364,ATTACK_STRONG,25.000,1.386294,4.0000
"('TANK', 'TANK', 'OFFENSIVE_DIS', 'SAFE', 'DANGER', 'NORMAL', 'SLOWER', 'MEC_USED', 'CLEAN', 'CLEAN', 'NEUTRAL', 'NEUTRAL', 'SET', 'SET', 'RECOVERING', 'BANCO_VAZIO')",4,2,7,28.571,ATTACK_TECH,75.000,0.562335,1.7548
"('TANK', 'TANK', 'VOLATILE', 'SAFE', 'SAFE', 'NORMAL', 'FASTER', 'MEC_USED', 'CLEAN', 'CLEAN', 'NEUTRAL', 'NEUTRAL', 'SET', 'SET', 'OPENING', 'BANCO_OFF')",4,2,7,28.571,ATTACK_STRONG,75.000,0.562335,1.7548
"('TANK', 'TANK', 'NEUTRAL', 'SAFE', 'SAFE', 'NORMAL', 'FASTER', 'MEC_USED', 'AFFLICTED', 'CLEAN', 'NEUTRAL', 'NEUTRAL', 'CLEAR', 'SET', 'CLUTCH', 'BANCO_VAZIO')",4,2,9,22.222,ATTACK_STRONG,50.000,0.693147,2.0000
"('SWEEPER', 'SWEEPER', 'STALEMATE', 'FULL', 'FULL', 'NORMAL', 'SLOWER', 'MEC_USED', 'CLEAN', 'CLEAN', 'NEUTRAL', 'NEUTRAL', 'CLEAR', 'CLEAR', 'OPENING', 'BANCO_AMBOS')",4,3,4,75.000,HAZARD,50.000,1.039721,2.8284
"('SWEEPER', 'TANK', 'DEFENSIVE_DIS', 'FULL', 'FULL', 'FIELD_OURS_OFF', 'FASTER', 'MEC_AVAIL', 'CLEAN', 'CLEAN', 'NEUTRAL', 'NEUTRAL', 'CLEAR', 'CLEAR', 'OPENING', 'BANCO_OFF')",4,3,8,37.500,ATTACK_PIVOT,50.000,1.039721,2.8284
"('TANK', 'TANK', 'DEFENSIVE_ADV', 'FULL', 'FULL', 'FIELD_SHARED', 'FASTER', 'MEC_AVAIL', 'CLEAN', 'CLEAN', 'NEUTRAL', 'NEUTRAL', 'CLEAR', 'CLEAR', 'OPENING', 'BANCO_AMBOS')",4,2,10,20.000,SWITCH_OFFENSIVE,75.000,0.562335,1.7548
"('TANK', 'TANK', 'VOLATILE', 'SAFE', 'SAFE', 'FIELD_SHARED', 'FASTER', 'MEC_USED', 'CLEAN', 'CLEAN', 'NEUTRAL', 'NEUTRAL', 'CLEAR', 'CLEAR', 'OPENING', 'BANCO_OFF')",4,4,6,66.667,ATTACK_STRONG,25.000,1.386294,4.0000
"('SWEEPER', 'SWEEPER', 'VOLATILE', 'FULL', 'FULL', 'FIELD_OURS_OFF', 'FASTER', 'MEC_USED', 'CLEAN', 'CLEAN', 'DEBUFF', 'NEUTRAL', 'CLEAR', 'CLEAR', 'OPENING', 'BANCO_OFF')",4,1,5,20.000,HEAL,100.000,-0.000000,1.0000
"('TANK', 'TANK', 'VOLATILE', 'FULL', 'SAFE', 'NORMAL', 'SLOWER', 'MEC_USED', 'CLEAN', 'CLEAN', 'NEUTRAL', 'NEUTRAL', 'CLEAR', 'CLEAR', 'RECOVERING', 'BANCO_VAZIO')",4,4,8,50.000,BUFF,25.000,1.386294,4.0000
"('TANK', 'TANK', 'NEUTRAL', 'SAFE', 'SAFE', 'NORMAL', 'FASTER', 'MEC_USED', 'CLEAN', 'CLEAN', 'NEUTRAL', 'NEUTRAL', 'SET', 'CLEAR', 'BRAWL', 'BANCO_VAZIO')",4,3,8,37.500,ATTACK_TECH,50.000,1.039721,2.8284
"('TANK', 'TANK', 'NEUTRAL', 'FULL', 'FULL', 'NORMAL', 'FASTER', 'MEC_USED', 'CLEAN', 'CLEAN', 'NEUTRAL', 'NEUTRAL', 'SET', 'SET', 'CLUTCH', 'BANCO_VAZIO')",4,2,9,22.222,ATTACK_STRONG,50.000,0.693147,2.0000
"('TANK', 'TANK', 'DEFENSIVE_ADV', 'FULL', 'FULL', 'NORMAL', 'FASTER', 'MEC_USED', 'AFFLICTED', 'AFFLICTED', 'NEUTRAL', 'DEBUFF_DEBUFF', 'SET', 'SET', 'CLUTCH', 'BANCO_VAZIO')",4,2,2,100.000,ATTACK_PIVOT,75.000,0.562335,1.7548
"('TANK', 'SWEEPER', 'NEUTRAL', 'FULL', 'FULL', 'NORMAL', 'SLOWER', 'MEC_USED', 'CLEAN', 'CLEAN', 'NEUTRAL', 'NEUTRAL', 'CLEAR', 'CLEAR', 'BRAWL', 'BANCO_VAZIO')",4,4,9,44.444,ATTACK_TECH,25.000,1.386294,4.0000
"('SWEEPER', 'TANK', 'DEFENSIVE_DIS', 'FULL', 'FULL', 'FIELD_OURS_OFF', 'FASTER', 'MEC_USED', 'CLEAN', 'CLEAN', 'NEUTRAL', 'NEUTRAL', 'CLEAR', 'CLEAR', 'OPENING', 'BANCO_OFF')",4,4,6,66.667,ATTACK_STRONG,25.000,1.386294,4.0000
"('TANK', 'TANK', 'NEUTRAL', 'SAFE', 'CRIT', 'NORMAL', 'FASTER', 'MEC_USED', 'CLEAN', 'CLEAN', 'NEUTRAL', 'NEUTRAL', 'CLEAR', 'CLEAR', 'RECOVERING', 'BANCO_VAZIO')",4,3,8,37.500,CLEAN_HAZARD,50.000,1.039721,2.8284
"('UTILITY', 'TANK', 'DEFENSIVE_ADV', 'FULL', 'FULL', 'NORMAL', 'SLOWER', 'MEC_USED', 'CLEAN', 'CLEAN', 'NEUTRAL', 'NEUTRAL', 'CLEAR', 'CLEAR', 'OPENING', 'BANCO_AMBOS')",4,3,8,37.500,SWITCH_DEFENSIVE,50.000,1.039721,2.8284
"('TANK', 'TANK', 'OFFENSIVE_ADV', 'SAFE', 'SAFE', 'NORMAL', 'FASTER', 'MEC_USED', 'CLEAN', 'CLEAN', 'NEUTRAL', 'NEUTRAL', 'CLEAR', 'CLEAR', 'BRAWL', 'BANCO_OFF')",4,3,4,75.000,SWITCH_DEFENSIVE,50.000,1.039721,2.8284
"('TANK', 'TANK', 'DEFENSIVE_DIS', 'CRIT', 'DANGER', 'NORMAL', 'FASTER', 'MEC_USED', 'CLEAN', 'CLEAN', 'NEUTRAL', 'NEUTRAL', 'CLEAR', 'CLEAR', 'OPENING', 'BANCO_OFF')",4,3,7,42.857,ATTACK_PIVOT,50.000,1.039721,2.8284
"('TANK', 'TANK', 'NEUTRAL', 'CRIT', 'SAFE', 'NORMAL', 'FASTER', 'MEC_USED', 'CLEAN', 'CLEAN', 'NEUTRAL', 'NEUTRAL', 'CLEAR', 'CLEAR', 'OPENING', 'BANCO_OFF')",4,2,7,28.571,ATTACK_PIVOT,75.000,0.562335,1.7548
"('SWEEPER', 'TANK', 'DOMINANT', 'FULL', 'FULL', 'FIELD_SHARED', 'FASTER', 'MEC_USED', 'CLEAN', 'CLEAN', 'NEUTRAL', 'NEUTRAL', 'CLEAR', 'CLEAR', 'OPENING', 'BANCO_AMBOS')",4,3,7,42.857,ATTACK_STRONG,50.000,1.039721,2.8284
"('TANK', 'TANK', 'NEUTRAL', 'FULL', 'FULL', 'NORMAL', 'FASTER', 'MEC_USED', 'CLEAN', 'CLEAN', 'BUFFED', 'NEUTRAL', 'SET', 'CLEAR', 'OPENING', 'BANCO_AMBOS')",4,4,7,57.143,ATTACK_STRONG,25.000,1.386294,4.0000
"('TANK', 'TANK', 'NEUTRAL', 'SAFE', 'DANGER', 'NORMAL', 'SLOWER', 'MEC_USED', 'CLEAN', 'CLEAN', 'NEUTRAL', 'NEUTRAL', 'CLEAR', 'CLEAR', 'BRAWL', 'BANCO_OFF')",4,3,9,33.333,STATUS,50.000,1.039721,2.8284
"('SWEEPER', 'TANK', 'DEFENSIVE_ADV', 'FULL', 'FULL', 'NORMAL', 'FASTER', 'MEC_USED', 'CLEAN', 'CLEAN', 'NEUTRAL', 'NEUTRAL', 'CLEAR', 'CLEAR', 'OPENING', 'BANCO_OFF')",4,3,5,60.000,SWITCH_DEFENSIVE,50.000,1.039721,2.8284
"('TANK', 'TANK', 'NEUTRAL', 'SAFE', 'FULL', 'NORMAL', 'SLOWER', 'MEC_USED', 'CLEAN', 'CLEAN', 'NEUTRAL', 'NEUTRAL', 'CLEAR', 'SET', 'BRAWL', 'BANCO_OFF')",4,3,7,42.857,ATTACK_TECH,50.000,1.039721,2.8284
"('TANK', 'TANK', 'NEUTRAL', 'SAFE', 'SAFE', 'NORMAL', 'SLOWER', 'MEC_USED', 'CLEAN', 'AFFLICTED', 'NEUTRAL', 'DEBUFF', 'SET', 'CLEAR', 'CLUTCH', 'BANCO_VAZIO')",4,2,7,28.571,ATTACK_STRONG,50.000,0.693147,2.0000
"('TANK', 'TANK', 'NEUTRAL', 'SAFE', 'DANGER', 'NORMAL', 'SLOWER', 'MEC_USED', 'CLEAN', 'CLEAN', 'NEUTRAL', 'NEUTRAL', 'CLEAR', 'SET', 'CLUTCH', 'BANCO_VAZIO')",4,2,8,25.000,CLEAN_HAZARD,75.000,0.562335,1.7548
"('TANK', 'SWEEPER', 'DOMINANT', 'FULL', 'FULL', 'FIELD_THEIRS', 'SLOWER', 'MEC_AVAIL', 'CLEAN', 'CLEAN', 'NEUTRAL', 'NEUTRAL', 'CLEAR', 'CLEAR', 'OPENING', 'BANCO_OFF')",4,4,14,28.571,ATTACK_STRONG,25.000,1.386294,4.0000
"('TANK', 'TANK', 'NEUTRAL', 'SAFE', 'SAFE', 'NORMAL', 'SLOWER', 'MEC_USED', 'CLEAN', 'CLEAN', 'NEUTRAL', 'NEUTRAL', 'SET', 'SET', 'BRAWL', 'BANCO_AMBOS')",4,2,6,33.333,ATTACK_TECH,75.000,0.562335,1.7548
"('SWEEPER', 'SWEEPER', 'DEFENSIVE_DIS', 'FULL', 'FULL', 'FIELD_THEIRS', 'SLOWER', 'MEC_USED', 'CLEAN', 'CLEAN', 'NEUTRAL', 'NEUTRAL', 'CLEAR', 'CLEAR', 'OPENING', 'BANCO_AMBOS')",4,1,7,14.286,ATTACK_STRONG,100.000,-0.000000,1.0000
"('TANK', 'TANK', 'DEFENSIVE_DIS', 'SAFE', 'SAFE', 'NORMAL', 'FASTER', 'MEC_USED', 'CLEAN', 'CLEAN', 'NEUTRAL', 'NEUTRAL', 'CLEAR', 'SET', 'OPENING', 'BANCO_AMBOS')",4,2,10,20.000,SWITCH_DEFENSIVE,75.000,0.562335,1.7548
"('TANK', 'TANK', 'OFFENSIVE_ADV', 'SAFE', 'FULL', 'NORMAL', 'FASTER', 'MEC_AVAIL', 'CLEAN', 'CLEAN', 'NEUTRAL', 'NEUTRAL', 'CLEAR', 'CLEAR', 'OPENING', 'BANCO_VAZIO')",4,3,12,25.000,BUFF,50.000,1.039721,2.8284
"('TANK', 'TANK', 'NEUTRAL', 'SAFE', 'FULL', 'NORMAL', 'FASTER', 'MEC_USED', 'AFFLICTED', 'CLEAN', 'NEUTRAL', 'NEUTRAL', 'CLEAR', 'SET', 'CLUTCH', 'BANCO_VAZIO')",4,2,4,50.000,ATTACK_STRONG,50.000,0.693147,2.0000
"('TANK', 'TANK', 'DEFENSIVE_DIS', 'SAFE', 'FULL', 'NORMAL', 'FASTER', 'MEC_USED', 'CLEAN', 'CLEAN', 'NEUTRAL', 'NEUTRAL', 'CLEAR', 'CLEAR', 'CLUTCH', 'BANCO_VAZIO')",4,2,10,20.000,ATTACK_STRONG,75.000,0.562335,1.7548
"('TANK', 'SWEEPER', 'OFFENSIVE_ADV', 'CRIT', 'FULL', 'NORMAL', 'SLOWER', 'MEC_USED', 'CLEAN', 'CLEAN', 'NEUTRAL', 'NEUTRAL', 'CLEAR', 'CLEAR', 'OPENING', 'BANCO_OFF')",4,4,8,50.000,DISRUPTION,25.000,1.386294,4.0000
"('TANK', 'TANK', 'DEFENSIVE_DIS', 'FULL', 'FULL', 'NORMAL', 'FASTER', 'MEC_USED', 'CLEAN', 'CLEAN', 'NEUTRAL', 'NEUTRAL', 'CLEAR', 'CLEAR', 'BRAWL', 'BANCO_AMBOS')",4,3,9,33.333,CLEAN_HAZARD,50.000,1.039721,2.8284
"('TANK', 'TANK', 'OFFENSIVE_DIS', 'SAFE', 'FULL', 'NORMAL', 'SLOWER', 'MEC_USED', 'CLEAN', 'CLEAN', 'NEUTRAL', 'NEUTRAL', 'SET', 'SET', 'OPENING', 'BANCO_OFF')",4,2,9,22.222,ATTACK_STRONG,75.000,0.562335,1.7548
"('TANK', 'TANK', 'CRITICAL_DIS', 'FULL', 'FULL', 'NORMAL', 'FASTER', 'MEC_USED', 'CLEAN', 'CLEAN', 'NEUTRAL', 'NEUTRAL', 'SET', 'CLEAR', 'BRAWL', 'BANCO_OFF')",4,1,9,11.111,HEAL,100.000,-0.000000,1.0000
"('TANK', 'SWEEPER', 'NEUTRAL', 'FULL', 'SAFE', 'NORMAL', 'SLOWER', 'MEC_USED', 'CLEAN', 'CLEAN', 'NEUTRAL', 'NEUTRAL', 'CLEAR', 'CLEAR', 'OPENING', 'BANCO_VAZIO')",4,2,10,20.000,STATUS,75.000,0.562335,1.7548
"('TANK', 'TANK', 'DEFENSIVE_DIS', 'DANGER', 'FULL', 'FIELD_SHARED', 'FASTER', 'MEC_USED', 'CLEAN', 'CLEAN', 'NEUTRAL', 'NEUTRAL', 'CLEAR', 'CLEAR', 'OPENING', 'BANCO_OFF')",4,3,5,60.000,SWITCH_OFFENSIVE,50.000,1.039721,2.8284
"('TANK', 'TANK', 'VOLATILE', 'SAFE', 'FULL', 'FIELD_THEIRS', 'SLOWER', 'MEC_AVAIL', 'CLEAN', 'CLEAN', 'NEUTRAL', 'NEUTRAL', 'CLEAR', 'CLEAR', 'OPENING', 'BANCO_OFF')",4,1,8,12.500,ATTACK_STRONG_MEC,100.000,-0.000000,1.0000
"('TANK', 'TANK', 'OFFENSIVE_DIS', 'FULL', 'FULL', 'NORMAL', 'FASTER', 'MEC_USED', 'AFFLICTED', 'CLEAN', 'NEUTRAL', 'NEUTRAL', 'SET', 'CLEAR', 'OPENING', 'BANCO_OFF')",4,2,6,33.333,ATTACK_STRONG,75.000,0.562335,1.7548
"('TANK', 'TANK', 'NEUTRAL', 'FULL', 'FULL', 'NORMAL', 'SLOWER', 'MEC_USED', 'CLEAN', 'CLEAN', 'NEUTRAL', 'NEUTRAL', 'SET', 'CLEAR', 'OPENING', 'BANCO_DEF')",4,2,9,22.222,ATTACK_STRONG,75.000,0.562335,1.7548
"('SWEEPER', 'TANK', 'OFFENSIVE_ADV', 'FULL', 'SAFE', 'FIELD_THEIRS', 'FASTER', 'MEC_USED', 'CLEAN', 'CLEAN', 'NEUTRAL', 'NEUTRAL', 'CLEAR', 'CLEAR', 'OPENING', 'BANCO_OFF')",4,2,6,33.333,ATTACK_STRONG,50.000,0.693147,2.0000
"('TANK', 'TANK', 'DEFENSIVE_DIS', 'FULL', 'FULL', 'FIELD_OURS_OFF', 'SLOWER', 'MEC_USED', 'CLEAN', 'AFFLICTED', 'NEUTRAL', 'NEUTRAL', 'CLEAR', 'CLEAR', 'OPENING', 'BANCO_OFF')",4,4,8,50.000,ATTACK_STRONG,25.000,1.386294,4.0000
"('UTILITY', 'TANK', 'OFFENSIVE_ADV', 'SAFE', 'FULL', 'FIELD_OURS_OFF', 'FASTER', 'MEC_USED', 'CLEAN', 'CLEAN', 'NEUTRAL', 'NEUTRAL', 'CLEAR', 'CLEAR', 'OPENING', 'BANCO_OFF')",4,3,8,37.500,ATTACK_STRONG,50.000,1.039721,2.8284
"('TANK', 'TANK', 'NEUTRAL', 'SAFE', 'FULL', 'NORMAL', 'FASTER', 'MEC_AVAIL', 'CLEAN', 'CLEAN', 'NEUTRAL', 'NEUTRAL', 'SET', 'CLEAR', 'OPENING', 'BANCO_OFF')",4,3,10,30.000,ATTACK_STRONG_MEC,50.000,1.039721,2.8284
"('TANK', 'TANK', 'OFFENSIVE_ADV', 'FULL', 'FULL', 'NORMAL', 'FASTER', 'MEC_USED', 'CLEAN', 'CLEAN', 'NEUTRAL', 'NEUTRAL', 'CLEAR', 'CLEAR', 'BRAWL', 'BANCO_VAZIO')",4,3,9,33.333,ATTACK_STRONG,50.000,1.039721,2.8284
"('TANK', 'TANK', 'DEFENSIVE_DIS', 'SAFE', 'FULL', 'FIELD_THEIRS', 'FASTER', 'MEC_USED', 'CLEAN', 'CLEAN', 'NEUTRAL', 'NEUTRAL', 'CLEAR', 'CLEAR', 'OPENING', 'BANCO_AMBOS')",4,3,9,33.333,HEAL,50.000,1.039721,2.8284
"('TANK', 'TANK', 'DEFENSIVE_DIS', 'SAFE', 'SAFE', 'NORMAL', 'FASTER', 'MEC_USED', 'CLEAN', 'CLEAN', 'NEUTRAL', 'NEUTRAL', 'CLEAR', 'CLEAR', 'OPENING', 'BANCO_VAZIO')",4,3,7,42.857,HEAL,50.000,1.039721,2.8284
"('TANK', 'TANK', 'OFFENSIVE_ADV', 'FULL', 'FULL', 'FIELD_SHARED', 'SLOWER', 'MEC_AVAIL', 'CLEAN', 'CLEAN', 'NEUTRAL', 'NEUTRAL', 'CLEAR', 'CLEAR', 'OPENING', 'BANCO_AMBOS')",4,3,10,30.000,HEAL,50.000,1.039721,2.8284
"('TANK', 'TANK', 'OFFENSIVE_ADV', 'DANGER', 'SAFE', 'NORMAL', 'FASTER', 'MEC_USED', 'CLEAN', 'CLEAN', 'NEUTRAL', 'NEUTRAL', 'CLEAR', 'CLEAR', 'BRAWL', 'BANCO_OFF')",4,4,6,66.667,ATTACK_STRONG,25.000,1.386294,4.0000
"('TANK', 'TANK', 'VOLATILE', 'FULL', 'SAFE', 'FIELD_SHARED', 'FASTER', 'MEC_USED', 'CLEAN', 'CLEAN', 'NEUTRAL', 'NEUTRAL', 'CLEAR', 'CLEAR', 'OPENING', 'BANCO_AMBOS')",4,2,8,25.000,ATTACK_STRONG,50.000,0.693147,2.0000
"('TANK', 'UTILITY', 'CRITICAL_DIS', 'FULL', 'FULL', 'NORMAL', 'SLOWER', 'MEC_AVAIL', 'CLEAN', 'CLEAN', 'NEUTRAL', 'NEUTRAL', 'CLEAR', 'CLEAR', 'OPENING', 'BANCO_AMBOS')",4,1,6,16.667,ATTACK_STRONG,100.000,-0.000000,1.0000
"('TANK', 'UTILITY', 'OFFENSIVE_ADV', 'FULL', 'SAFE', 'FIELD_THEIRS', 'SLOWER', 'MEC_USED', 'CLEAN', 'CLEAN', 'NEUTRAL', 'NEUTRAL', 'CLEAR', 'CLEAR', 'OPENING', 'BANCO_OFF')",4,3,7,42.857,SWITCH_OFFENSIVE,50.000,1.039721,2.8284
"('TANK', 'TANK', 'NEUTRAL', 'FULL', 'FULL', 'FIELD_SHARED', 'SLOWER', 'MEC_USED', 'CLEAN', 'AFFLICTED', 'NEUTRAL', 'NEUTRAL', 'CLEAR', 'CLEAR', 'OPENING', 'BANCO_OFF')",4,3,9,33.333,ATTACK_PIVOT,50.000,1.039721,2.8284
"('TANK', 'SWEEPER', 'NEUTRAL', 'FULL', 'FULL', 'NORMAL', 'SLOWER', 'MEC_AVAIL', 'CLEAN', 'CLEAN', 'NEUTRAL', 'NEUTRAL', 'CLEAR', 'CLEAR', 'OPENING', 'BANCO_OFF')",4,3,14,21.429,STATUS,50.000,1.039721,2.8284
"('TANK', 'TANK', 'DEFENSIVE_DIS', 'SAFE', 'SAFE', 'NORMAL', 'SLOWER', 'MEC_USED', 'CLEAN', 'AFFLICTED', 'NEUTRAL', 'NEUTRAL', 'SET', 'SET', 'CLUTCH', 'BANCO_VAZIO')",4,2,3,66.667,ATTACK_STRONG,50.000,0.693147,2.0000
"('SWEEPER', 'TANK', 'DOMINANT', 'SAFE', 'FULL', 'NORMAL', 'FASTER', 'MEC_USED', 'CLEAN', 'CLEAN', 'NEUTRAL', 'NEUTRAL', 'CLEAR', 'CLEAR', 'CLUTCH', 'BANCO_VAZIO')",3,2,2,100.000,ATTACK_STRONG,66.667,0.636514,1.8899
"('TANK', 'TANK', 'NEUTRAL', 'FULL', 'FULL', 'NORMAL', 'FASTER', 'MEC_USED', 'AFFLICTED', 'AFFLICTED', 'NEUTRAL', 'DEBUFF_DEBUFF', 'CLEAR', 'SET', 'RECOVERING', 'BANCO_VAZIO')",3,1,3,33.333,HAZARD,100.000,-0.000000,1.0000
"('TANK', 'TANK', 'OFFENSIVE_DIS', 'FULL', 'CRIT', 'NORMAL', 'FASTER', 'MEC_USED', 'AFFLICTED', 'CLEAN', 'NEUTRAL', 'NEUTRAL', 'SET', 'SET', 'RECOVERING', 'BANCO_VAZIO')",3,2,6,33.333,ATTACK_PIVOT,66.667,0.636514,1.8899
"('TANK', 'TANK', 'OFFENSIVE_ADV', 'FULL', 'FULL', 'NORMAL', 'FASTER', 'MEC_USED', 'AFFLICTED', 'CLEAN', 'NEUTRAL', 'BUFFED', 'SET', 'CLEAR', 'CLUTCH', 'BANCO_VAZIO')",3,2,2,100.000,ATTACK_STRONG,66.667,0.636514,1.8899
"('TANK', 'TANK', 'DEFENSIVE_ADV', 'FULL', 'SAFE', 'NORMAL', 'SLOWER', 'MEC_USED', 'CLEAN', 'CLEAN', 'NEUTRAL', 'NEUTRAL', 'CLEAR', 'SET', 'OPENING', 'BANCO_VAZIO')",3,2,6,33.333,ATTACK_TECH,66.667,0.636514,1.8899
"('TANK', 'TANK', 'STALEMATE', 'FULL', 'FULL', 'NORMAL', 'FASTER', 'MEC_USED', 'CLEAN', 'CLEAN', 'NEUTRAL', 'NEUTRAL', 'SET', 'CLEAR', 'CLUTCH', 'BANCO_VAZIO')",3,2,3,66.667,ATTACK_STRONG,66.667,0.636514,1.8899
"('TANK', 'TANK', 'VOLATILE', 'DANGER', 'FULL', 'FIELD_SHARED', 'FASTER', 'MEC_USED', 'CLEAN', 'CLEAN', 'NEUTRAL', 'NEUTRAL', 'CLEAR', 'CLEAR', 'OPENING', 'BANCO_OFF')",3,2,5,40.000,SWITCH_OFFENSIVE,66.667,0.636514,1.8899
"('SWEEPER', 'TANK', 'NEUTRAL', 'SAFE', 'FULL', 'FIELD_SHARED', 'FASTER', 'MEC_USED', 'CLEAN', 'CLEAN', 'NEUTRAL', 'NEUTRAL', 'CLEAR', 'CLEAR', 'OPENING', 'BANCO_OFF')",3,2,3,66.667,SWITCH_DEFENSIVE,66.667,0.636514,1.8899
"('TANK', 'SWEEPER', 'VOLATILE', 'FULL', 'FULL', 'NORMAL', 'SLOWER', 'MEC_USED', 'CLEAN', 'CLEAN', 'NEUTRAL', 'NEUTRAL', 'CLEAR', 'CLEAR', 'RECOVERING', 'BANCO_VAZIO')",3,3,10,30.000,ATTACK_PIVOT,33.333,1.098612,3.0000
"('TANK', 'TANK', 'NEUTRAL', 'DANGER', 'FULL', 'NORMAL', 'SLOWER', 'MEC_USED', 'CLEAN', 'CLEAN', 'NEUTRAL', 'NEUTRAL', 'SET', 'CLEAR', 'OPENING', 'BANCO_OFF')",3,3,9,33.333,BUFF,33.333,1.098612,3.0000
"('TANK', 'TANK', 'OFFENSIVE_ADV', 'CRIT', 'FULL', 'NORMAL', 'FASTER', 'MEC_USED', 'CLEAN', 'CLEAN', 'NEUTRAL', 'NEUTRAL', 'CLEAR', 'CLEAR', 'RECOVERING', 'BANCO_VAZIO')",3,3,7,42.857,ATTACK_STRONG,33.333,1.098612,3.0000
"('SWEEPER', 'TANK', 'NEUTRAL', 'FULL', 'FULL', 'NORMAL', 'FASTER', 'MEC_USED', 'CLEAN', 'CLEAN', 'NEUTRAL', 'NEUTRAL', 'CLEAR', 'CLEAR', 'RECOVERING', 'BANCO_VAZIO')",3,3,6,50.000,ATTACK_STRONG,33.333,1.098612,3.0000
"('TANK', 'UTILITY', 'OFFENSIVE_ADV', 'FULL', 'FULL', 'NORMAL', 'FASTER', 'MEC_USED', 'CLEAN', 'CLEAN', 'NEUTRAL', 'NEUTRAL', 'CLEAR', 'CLEAR', 'OPENING', 'BANCO_VAZIO')",3,1,5,20.000,ATTACK_STRONG,100.000,-0.000000,1.0000
"('TANK', 'TANK', 'DOMINANT', 'FULL', 'FULL', 'FIELD_THEIRS', 'SLOWER', 'MEC_USED', 'CLEAN', 'CLEAN', 'NEUTRAL', 'NEUTRAL', 'SET', 'CLEAR', 'OPENING', 'BANCO_OFF')",3,3,9,33.333,PROTECT,33.333,1.098612,3.0000
"('TANK', 'TANK', 'STALEMATE', 'FULL', 'FULL', 'NORMAL', 'FASTER', 'MEC_USED', 'CLEAN', 'CLEAN', 'NEUTRAL', 'NEUTRAL', 'SET', 'CLEAR', 'OPENING', 'BANCO_OFF')",3,3,9,33.333,ATTACK_STRONG,33.333,1.098612,3.0000
"('TANK', 'TANK', 'VOLATILE', 'FULL', 'DANGER', 'NORMAL', 'FASTER', 'MEC_USED', 'CLEAN', 'CLEAN', 'NEUTRAL', 'NEUTRAL', 'CLEAR', 'CLEAR', 'OPENING', 'BANCO_OFF')",3,1,8,12.500,ATTACK_STRONG,100.000,-0.000000,1.0000
"('TANK', 'TANK', 'OFFENSIVE_ADV', 'FULL', 'FULL', 'FIELD_SHARED', 'FASTER', 'MEC_USED', 'CLEAN', 'CLEAN', 'NEUTRAL', 'NEUTRAL', 'CLEAR', 'CLEAR', 'BRAWL', 'BANCO_OFF')",3,3,7,42.857,ATTACK_STRONG,33.333,1.098612,3.0000
"('TANK', 'TANK', 'OFFENSIVE_ADV', 'FULL', 'SAFE', 'FIELD_THEIRS', 'FASTER', 'MEC_USED', 'CLEAN', 'CLEAN', 'NEUTRAL', 'DEBUFF', 'CLEAR', 'CLEAR', 'OPENING', 'BANCO_OFF')",3,3,9,33.333,ATTACK_TECH,33.333,1.098612,3.0000
"('UTILITY', 'SWEEPER', 'OFFENSIVE_ADV', 'FULL', 'FULL', 'FIELD_THEIRS', 'SLOWER', 'MEC_USED', 'CLEAN', 'CLEAN', 'NEUTRAL', 'NEUTRAL', 'CLEAR', 'CLEAR', 'OPENING', 'BANCO_OFF')",3,3,8,37.500,ATTACK_TECH,33.333,1.098612,3.0000
"('TANK', 'SWEEPER', 'NEUTRAL', 'SAFE', 'FULL', 'NORMAL', 'SLOWER', 'MEC_USED', 'CLEAN', 'CLEAN', 'NEUTRAL', 'NEUTRAL', 'CLEAR', 'CLEAR', 'BRAWL', 'BANCO_VAZIO')",3,3,10,30.000,ATTACK_TECH,33.333,1.098612,3.0000
"('TANK', 'TANK', 'DEFENSIVE_DIS', 'SAFE', 'DANGER', 'NORMAL', 'FASTER', 'MEC_USED', 'CLEAN', 'CLEAN', 'NEUTRAL', 'NEUTRAL', 'SET', 'CLEAR', 'BRAWL', 'BANCO_VAZIO')",3,2,7,28.571,STATUS,66.667,0.636514,1.8899
"('TANK', 'TANK', 'OFFENSIVE_ADV', 'FULL', 'FULL', 'NORMAL', 'FASTER', 'MEC_AVAIL', 'CLEAN', 'CLEAN', 'NEUTRAL', 'NEUTRAL', 'SET', 'SET', 'OPENING', 'BANCO_AMBOS')",3,3,10,30.000,STATUS,33.333,1.098612,3.0000
"('TANK', 'TANK', 'NEUTRAL', 'FULL', 'SAFE', 'FIELD_OURS_OFF', 'FASTER', 'MEC_USED', 'CLEAN', 'CLEAN', 'NEUTRAL', 'NEUTRAL', 'CLEAR', 'CLEAR', 'OPENING', 'BANCO_AMBOS')",3,3,8,37.500,ATTACK_STRONG,33.333,1.098612,3.0000
"('TANK', 'TANK', 'OFFENSIVE_ADV', 'FULL', 'DANGER', 'NORMAL', 'FASTER', 'MEC_USED', 'CLEAN', 'CLEAN', 'NEUTRAL', 'NEUTRAL', 'SET', 'CLEAR', 'OPENING', 'BANCO_OFF')",3,3,7,42.857,ATTACK_STRONG,33.333,1.098612,3.0000
"('TANK', 'TANK', 'CRITICAL_DIS', 'FULL', 'DANGER', 'NORMAL', 'SLOWER', 'MEC_USED', 'CLEAN', 'CLEAN', 'NEUTRAL', 'NEUTRAL', 'CLEAR', 'CLEAR', 'RECOVERING', 'BANCO_VAZIO')",3,2,5,40.000,STATUS,66.667,0.636514,1.8899
"('UTILITY', 'TANK', 'NEUTRAL', 'FULL', 'FULL', 'NORMAL', 'FASTER', 'MEC_AVAIL', 'CLEAN', 'CLEAN', 'NEUTRAL', 'NEUTRAL', 'CLEAR', 'CLEAR', 'OPENING', 'BANCO_OFF')",3,3,10,30.000,BUFF_MEC,33.333,1.098612,3.0000
"('TANK', 'TANK', 'OFFENSIVE_DIS', 'SAFE', 'FULL', 'NORMAL', 'FASTER', 'MEC_USED', 'AFFLICTED', 'AFFLICTED', 'NEUTRAL', 'DEBUFF', 'SET', 'SET', 'CLUTCH', 'BANCO_VAZIO')",3,2,4,50.000,ATTACK_STRONG,66.667,0.636514,1.8899
"('TANK', 'TANK', 'OFFENSIVE_ADV', 'SAFE', 'FULL', 'NORMAL', 'FASTER', 'MEC_USED', 'CLEAN', 'CLEAN', 'NEUTRAL', 'NEUTRAL', 'SET', 'CLEAR', 'DOMINATING', 'BANCO_OFF')",3,1,7,14.286,ATTACK_STRONG,100.000,-0.000000,1.0000
"('SWEEPER', 'TANK', 'NEUTRAL', 'DANGER', 'SAFE', 'NORMAL', 'FASTER', 'MEC_USED', 'CLEAN', 'CLEAN', 'NEUTRAL', 'NEUTRAL', 'CLEAR', 'CLEAR', 'OPENING', 'BANCO_OFF')",3,3,3,100.000,ATTACK_STRONG,33.333,1.098612,3.0000
"('SWEEPER', 'TANK', 'NEUTRAL', 'SAFE', 'SAFE', 'NORMAL', 'FASTER', 'MEC_USED', 'CLEAN', 'CLEAN', 'NEUTRAL', 'NEUTRAL', 'CLEAR', 'CLEAR', 'OPENING', 'BANCO_VAZIO')",3,3,6,50.000,ATTACK_STRONG,33.333,1.098612,3.0000
"('TANK', 'TANK', 'DEFENSIVE_ADV', 'FULL', 'FULL', 'NORMAL', 'SLOWER', 'MEC_AVAIL', 'CLEAN', 'CLEAN', 'NEUTRAL', 'NEUTRAL', 'CLEAR', 'CLEAR', 'OPENING', 'BANCO_OFF')",3,3,12,25.000,ATTACK_TECH_MEC,33.333,1.098612,3.0000
"('TANK', 'SWEEPER', 'NEUTRAL', 'SAFE', 'FULL', 'NORMAL', 'SLOWER', 'MEC_USED', 'CLEAN', 'CLEAN', 'NEUTRAL', 'NEUTRAL', 'CLEAR', 'CLEAR', 'BRAWL', 'BANCO_OFF')",3,3,9,33.333,ATTACK_TECH,33.333,1.098612,3.0000
"('TANK', 'TANK', 'VOLATILE', 'FULL', 'SAFE', 'FIELD_THEIRS', 'FASTER', 'MEC_USED', 'CLEAN', 'CLEAN', 'NEUTRAL', 'NEUTRAL', 'CLEAR', 'CLEAR', 'OPENING', 'BANCO_AMBOS')",3,2,5,40.000,SWITCH_DEFENSIVE,66.667,0.636514,1.8899
"('TANK', 'TANK', 'OFFENSIVE_ADV', 'SAFE', 'FULL', 'NORMAL', 'SLOWER', 'MEC_USED', 'CLEAN', 'CLEAN', 'NEUTRAL', 'NEUTRAL', 'CLEAR', 'CLEAR', 'BRAWL', 'BANCO_AMBOS')",3,3,10,30.000,ATTACK_TECH,33.333,1.098612,3.0000
"('TANK', 'TANK', 'NEUTRAL', 'SAFE', 'FULL', 'NORMAL', 'SLOWER', 'MEC_USED', 'CLEAN', 'CLEAN', 'NEUTRAL', 'NEUTRAL', 'SET', 'CLEAR', 'DOMINATING', 'BANCO_AMBOS')",3,3,8,37.500,ATTACK_TECH,33.333,1.098612,3.0000
"('TANK', 'TANK', 'VOLATILE', 'SAFE', 'FULL', 'NORMAL', 'FASTER', 'MEC_USED', 'CLEAN', 'CLEAN', 'NEUTRAL', 'NEUTRAL', 'SET', 'SET', 'OPENING', 'BANCO_OFF')",3,3,7,42.857,ATTACK_PIVOT,33.333,1.098612,3.0000
"('TANK', 'TANK', 'DEFENSIVE_DIS', 'FULL', 'SAFE', 'NORMAL', 'FASTER', 'MEC_USED', 'CLEAN', 'CLEAN', 'NEUTRAL', 'NEUTRAL', 'CLEAR', 'SET', 'RECOVERING', 'BANCO_VAZIO')",3,2,6,33.333,PROTECT,66.667,0.636514,1.8899
"('TANK', 'TANK', 'OFFENSIVE_DIS', 'SAFE', 'FULL', 'FIELD_SHARED', 'FASTER', 'MEC_USED', 'CLEAN', 'CLEAN', 'NEUTRAL', 'NEUTRAL', 'CLEAR', 'CLEAR', 'OPENING', 'BANCO_OFF')",3,3,6,50.000,ATTACK_STRONG,33.333,1.098612,3.0000
"('TANK', 'UTILITY', 'VOLATILE', 'SAFE', 'FULL', 'NORMAL', 'SLOWER', 'MEC_USED', 'CLEAN', 'CLEAN', 'NEUTRAL', 'NEUTRAL', 'CLEAR', 'CLEAR', 'OPENING', 'BANCO_OFF')",3,2,5,40.000,HEAL,66.667,0.636514,1.8899
"('TANK', 'TANK', 'DEFENSIVE_DIS', 'SAFE', 'SAFE', 'NORMAL', 'FASTER', 'MEC_USED', 'CLEAN', 'CLEAN', 'NEUTRAL', 'NEUTRAL', 'SET', 'CLEAR', 'OPENING', 'BANCO_VAZIO')",3,3,8,37.500,ATTACK_STRONG,33.333,1.098612,3.0000
"('TANK', 'TANK', 'NEUTRAL', 'CRIT', 'FULL', 'NORMAL', 'FASTER', 'MEC_USED', 'CLEAN', 'CLEAN', 'NEUTRAL', 'NEUTRAL', 'SET', 'CLEAR', 'CLUTCH', 'BANCO_VAZIO')",3,2,6,33.333,BUFF,66.667,0.636514,1.8899
"('TANK', 'TANK', 'OFFENSIVE_ADV', 'FULL', 'FULL', 'FIELD_SHARED', 'FASTER', 'MEC_USED', 'CLEAN', 'CLEAN', 'NEUTRAL', 'NEUTRAL', 'CLEAR', 'SET', 'OPENING', 'BANCO_OFF')",3,2,6,33.333,SWITCH_DEFENSIVE,66.667,0.636514,1.8899
"('TANK', 'TANK', 'NEUTRAL', 'FULL', 'SAFE', 'NORMAL', 'SLOWER', 'MEC_USED', 'CLEAN', 'CLEAN', 'NEUTRAL', 'BUFFED', 'CLEAR', 'CLEAR', 'OPENING', 'BANCO_VAZIO')",3,2,9,22.222,ATTACK_PIVOT,66.667,0.636514,1.8899
"('TANK', 'TANK', 'NEUTRAL', 'FULL', 'FULL', 'FIELD_SHARED', 'FASTER', 'MEC_USED', 'CLEAN', 'CLEAN', 'NEUTRAL', 'NEUTRAL', 'CLEAR', 'CLEAR', 'RECOVERING', 'BANCO_VAZIO')",3,2,5,40.000,ATTACK_STRONG,66.667,0.636514,1.8899
"('TANK', 'TANK', 'NEUTRAL', 'SAFE', 'DANGER', 'NORMAL', 'FASTER', 'MEC_USED', 'CLEAN', 'CLEAN', 'NEUTRAL', 'NEUTRAL', 'CLEAR', 'SET', 'OPENING', 'BANCO_VAZIO')",3,2,8,25.000,HEAL,66.667,0.636514,1.8899
"('UTILITY', 'TANK', 'VOLATILE', 'FULL', 'FULL', 'FIELD_SHARED', 'FASTER', 'MEC_USED', 'CLEAN', 'CLEAN', 'NEUTRAL', 'NEUTRAL', 'CLEAR', 'CLEAR', 'OPENING', 'BANCO_AMBOS')",3,2,4,50.000,ATTACK_STRONG,66.667,0.636514,1.8899
"('TANK', 'TANK', 'NEUTRAL', 'DANGER', 'SAFE', 'NORMAL', 'SLOWER', 'MEC_USED', 'CLEAN', 'CLEAN', 'NEUTRAL', 'NEUTRAL', 'CLEAR', 'SET', 'RECOVERING', 'BANCO_VAZIO')",3,2,10,20.000,SWITCH_DEFENSIVE,66.667,0.636514,1.8899
"('TANK', 'TANK', 'OFFENSIVE_DIS', 'SAFE', 'SAFE', 'NORMAL', 'SLOWER', 'MEC_USED', 'CLEAN', 'CLEAN', 'NEUTRAL', 'NEUTRAL', 'CLEAR', 'SET', 'OPENING', 'BANCO_OFF')",3,2,8,25.000,HAZARD,66.667,0.636514,1.8899
"('TANK', 'TANK', 'NEUTRAL', 'SAFE', 'FULL', 'NORMAL', 'SLOWER', 'MEC_USED', 'CLEAN', 'CLEAN', 'NEUTRAL', 'NEUTRAL', 'CLEAR', 'CLEAR', 'BRAWL', 'BANCO_AMBOS')",3,1,8,12.500,ATTACK_STRONG,100.000,-0.000000,1.0000
"('TANK', 'TANK', 'CRITICAL_DIS', 'DANGER', 'FULL', 'NORMAL', 'SLOWER', 'MEC_USED', 'CLEAN', 'CLEAN', 'NEUTRAL', 'NEUTRAL', 'CLEAR', 'CLEAR', 'OPENING', 'BANCO_OFF')",3,2,9,22.222,HEAL,66.667,0.636514,1.8899
"('TANK', 'TANK', 'NEUTRAL', 'DANGER', 'FULL', 'NORMAL', 'SLOWER', 'MEC_USED', 'CLEAN', 'CLEAN', 'NEUTRAL', 'NEUTRAL', 'CLEAR', 'CLEAR', 'BRAWL', 'BANCO_VAZIO')",3,2,8,25.000,SWITCH_OFFENSIVE,66.667,0.636514,1.8899
"('TANK', 'TANK', 'NEUTRAL', 'CRIT', 'FULL', 'NORMAL', 'SLOWER', 'MEC_USED', 'CLEAN', 'CLEAN', 'NEUTRAL', 'NEUTRAL', 'SET', 'CLEAR', 'RECOVERING', 'BANCO_VAZIO')",3,3,10,30.000,ATTACK_STRONG,33.333,1.098612,3.0000
"('TANK', 'TANK', 'NEUTRAL', 'FULL', 'FULL', 'NORMAL', 'FASTER', 'MEC_USED', 'CLEAN', 'CLEAN', 'BUFFED', 'NEUTRAL', 'CLEAR', 'CLEAR', 'OPENING', 'BANCO_OFF')",3,3,5,60.000,BUFF,33.333,1.098612,3.0000
"('TANK', 'TANK', 'NEUTRAL', 'SAFE', 'SAFE', 'NORMAL', 'FASTER', 'MEC_AVAIL', 'CLEAN', 'CLEAN', 'NEUTRAL', 'NEUTRAL', 'SET', 'CLEAR', 'OPENING', 'BANCO_AMBOS')",3,2,6,33.333,BUFF_MEC,66.667,0.636514,1.8899
"('TANK', 'TANK', 'DEFENSIVE_DIS', 'SAFE', 'DANGER', 'NORMAL', 'FASTER', 'MEC_USED', 'CLEAN', 'CLEAN', 'NEUTRAL', 'NEUTRAL', 'SET', 'CLEAR', 'RECOVERING', 'BANCO_VAZIO')",3,2,6,33.333,ATTACK_STRONG,66.667,0.636514,1.8899
"('TANK', 'TANK', 'VOLATILE', 'SAFE', 'SAFE', 'NORMAL', 'SLOWER', 'MEC_USED', 'CLEAN', 'CLEAN', 'NEUTRAL', 'NEUTRAL', 'CLEAR', 'CLEAR', 'RECOVERING', 'BANCO_VAZIO')",3,2,6,33.333,ATTACK_STRONG,66.667,0.636514,1.8899
"('TANK', 'SWEEPER', 'DEFENSIVE_DIS', 'SAFE', 'SAFE', 'NORMAL', 'SLOWER', 'MEC_USED', 'CLEAN', 'CLEAN', 'NEUTRAL', 'NEUTRAL', 'CLEAR', 'CLEAR', 'OPENING', 'BANCO_OFF')",3,3,7,42.857,CLEAN_HAZARD,33.333,1.098612,3.0000
"('TANK', 'TANK', 'OFFENSIVE_DIS', 'DANGER', 'SAFE', 'NORMAL', 'SLOWER', 'MEC_USED', 'CLEAN', 'CLEAN', 'NEUTRAL', 'NEUTRAL', 'SET', 'SET', 'RECOVERING', 'BANCO_VAZIO')",3,3,6,50.000,HEAL,33.333,1.098612,3.0000
"('TANK', 'SWEEPER', 'NEUTRAL', 'SAFE', 'FULL', 'NORMAL', 'SLOWER', 'MEC_USED', 'CLEAN', 'CLEAN', 'NEUTRAL', 'NEUTRAL', 'CLEAR', 'SET', 'OPENING', 'BANCO_OFF')",3,3,9,33.333,CLEAN_HAZARD,33.333,1.098612,3.0000
"('TANK', 'TANK', 'DEFENSIVE_DIS', 'FULL', 'FULL', 'NORMAL', 'FASTER', 'MEC_USED', 'AFFLICTED', 'CLEAN', 'NEUTRAL', 'NEUTRAL', 'CLEAR', 'CLEAR', 'OPENING', 'BANCO_AMBOS')",3,1,7,14.286,SWITCH_DEFENSIVE,100.000,-0.000000,1.0000
"('TANK', 'TANK', 'DEFENSIVE_DIS', 'FULL', 'SAFE', 'FIELD_THEIRS', 'SLOWER', 'MEC_USED', 'CLEAN', 'CLEAN', 'NEUTRAL', 'NEUTRAL', 'CLEAR', 'CLEAR', 'OPENING', 'BANCO_AMBOS')",3,1,7,14.286,SWITCH_DEFENSIVE,100.000,-0.000000,1.0000
"('TANK', 'TANK', 'NEUTRAL', 'SAFE', 'SAFE', 'NORMAL', 'FASTER', 'MEC_USED', 'CLEAN', 'CLEAN', 'NEUTRAL', 'NEUTRAL', 'SET', 'CLEAR', 'RECOVERING', 'BANCO_VAZIO')",3,3,8,37.500,BUFF,33.333,1.098612,3.0000
"('TANK', 'TANK', 'NEUTRAL', 'DANGER', 'SAFE', 'NORMAL', 'SLOWER', 'MEC_USED', 'CLEAN', 'CLEAN', 'NEUTRAL', 'NEUTRAL', 'SET', 'CLEAR', 'OPENING', 'BANCO_VAZIO')",3,3,9,33.333,ATTACK_STRONG,33.333,1.098612,3.0000
"('TANK', 'TANK', 'DEFENSIVE_DIS', 'SAFE', 'SAFE', 'NORMAL', 'FASTER', 'MEC_USED', 'CLEAN', 'CLEAN', 'NEUTRAL', 'NEUTRAL', 'SET', 'CLEAR', 'OPENING', 'BANCO_AMBOS')",3,2,11,18.182,SWITCH_DEFENSIVE,66.667,0.636514,1.8899
"('TANK', 'TANK', 'OFFENSIVE_ADV', 'FULL', 'FULL', 'NORMAL', 'SLOWER', 'MEC_USED', 'CLEAN', 'CLEAN', 'NEUTRAL', 'NEUTRAL', 'CLEAR', 'CLEAR', 'CLUTCH', 'BANCO_VAZIO')",3,2,6,33.333,HEAL,66.667,0.636514,1.8899
"('TANK', 'TANK', 'NEUTRAL', 'SAFE', 'FULL', 'NORMAL', 'FASTER', 'MEC_USED', 'AFFLICTED', 'CLEAN', 'NEUTRAL', 'NEUTRAL', 'CLEAR', 'CLEAR', 'OPENING', 'BANCO_VAZIO')",3,2,9,22.222,HEAL,66.667,0.636514,1.8899
"('TANK', 'UTILITY', 'NEUTRAL', 'FULL', 'FULL', 'FIELD_OURS_DEF', 'SLOWER', 'MEC_USED', 'CLEAN', 'CLEAN', 'NEUTRAL', 'NEUTRAL', 'CLEAR', 'CLEAR', 'OPENING', 'BANCO_AMBOS')",3,2,3,66.667,ATTACK_STRONG,66.667,0.636514,1.8899
"('TANK', 'UTILITY', 'OFFENSIVE_DIS', 'SAFE', 'SAFE', 'NORMAL', 'SLOWER', 'MEC_USED', 'CLEAN', 'CLEAN', 'NEUTRAL', 'NEUTRAL', 'CLEAR', 'CLEAR', 'OPENING', 'BANCO_OFF')",3,1,6,16.667,ATTACK_STRONG,100.000,-0.000000,1.0000
"('TANK', 'TANK', 'DEFENSIVE_ADV', 'FULL', 'DANGER', 'NORMAL', 'SLOWER', 'MEC_USED', 'CLEAN', 'CLEAN', 'NEUTRAL', 'NEUTRAL', 'CLEAR', 'CLEAR', 'OPENING', 'BANCO_OFF')",3,3,11,27.273,CLEAN_HAZARD,33.333,1.098612,3.0000
"('UTILITY', 'TANK', 'OFFENSIVE_ADV', 'SAFE', 'FULL', 'NORMAL', 'FASTER', 'MEC_USED', 'CLEAN', 'CLEAN', 'NEUTRAL', 'NEUTRAL', 'CLEAR', 'CLEAR', 'OPENING', 'BANCO_AMBOS')",3,2,6,33.333,ATTACK_PIVOT,66.667,0.636514,1.8899
"('SWEEPER', 'SWEEPER', 'DEFENSIVE_DIS', 'FULL', 'FULL', 'NORMAL', 'SLOWER', 'MEC_USED', 'CLEAN', 'CLEAN', 'NEUTRAL', 'NEUTRAL', 'CLEAR', 'CLEAR', 'OPENING', 'BANCO_AMBOS')",3,3,5,60.000,ATTACK_TECH,33.333,1.098612,3.0000
"('TANK', 'TANK', 'OFFENSIVE_ADV', 'FULL', 'FULL', 'FIELD_SHARED', 'SLOWER', 'MEC_USED', 'CLEAN', 'CLEAN', 'NEUTRAL', 'NEUTRAL', 'CLEAR', 'CLEAR', 'BRAWL', 'BANCO_OFF')",3,3,9,33.333,ATTACK_STRONG,33.333,1.098612,3.0000
"('TANK', 'TANK', 'OFFENSIVE_ADV', 'SAFE', 'SAFE', 'NORMAL', 'FASTER', 'MEC_USED', 'CLEAN', 'CLEAN', 'NEUTRAL', 'NEUTRAL', 'CLEAR', 'CLEAR', 'BRAWL', 'BANCO_VAZIO')",3,3,9,33.333,ATTACK_STRONG,33.333,1.098612,3.0000
"('TANK', 'TANK', 'NEUTRAL', 'CRIT', 'FULL', 'NORMAL', 'FASTER', 'MEC_USED', 'CLEAN', 'CLEAN', 'NEUTRAL', 'NEUTRAL', 'CLEAR', 'CLEAR', 'OPENING', 'BANCO_VAZIO')",3,3,6,50.000,ATTACK_STRONG,33.333,1.098612,3.0000
"('TANK', 'TANK', 'NEUTRAL', 'SAFE', 'FULL', 'NORMAL', 'SLOWER', 'MEC_USED', 'CLEAN', 'CLEAN', 'NEUTRAL', 'NEUTRAL', 'SET', 'SET', 'BRAWL', 'BANCO_OFF')",3,1,9,11.111,SWITCH_OFFENSIVE,100.000,-0.000000,1.0000
"('TANK', 'TANK', 'DEFENSIVE_DIS', 'SAFE', 'SAFE', 'NORMAL', 'SLOWER', 'MEC_USED', 'CLEAN', 'CLEAN', 'NEUTRAL', 'NEUTRAL', 'SET', 'CLEAR', 'CLUTCH', 'BANCO_VAZIO')",3,2,6,33.333,HEAL,66.667,0.636514,1.8899
"('TANK', 'TANK', 'NEUTRAL', 'FULL', 'FULL', 'FIELD_THEIRS', 'SLOWER', 'MEC_AVAIL', 'CLEAN', 'CLEAN', 'NEUTRAL', 'NEUTRAL', 'CLEAR', 'CLEAR', 'OPENING', 'BANCO_AMBOS')",3,3,16,18.750,ATTACK_PIVOT,33.333,1.098612,3.0000
"('TANK', 'TANK', 'DEFENSIVE_DIS', 'SAFE', 'SAFE', 'NORMAL', 'SLOWER', 'MEC_USED', 'CLEAN', 'CLEAN', 'NEUTRAL', 'NEUTRAL', 'CLEAR', 'SET', 'RECOVERING', 'BANCO_VAZIO')",3,3,8,37.500,ATTACK_PIVOT,33.333,1.098612,3.0000
"('TANK', 'TANK', 'DEFENSIVE_DIS', 'FULL', 'DANGER', 'NORMAL', 'FASTER', 'MEC_USED', 'CLEAN', 'CLEAN', 'NEUTRAL', 'NEUTRAL', 'SET', 'CLEAR', 'OPENING', 'BANCO_OFF')",3,2,7,28.571,HEAL,66.667,0.636514,1.8899
"('TANK', 'SWEEPER', 'NEUTRAL', 'FULL', 'SAFE', 'FIELD_SHARED', 'SLOWER', 'MEC_USED', 'CLEAN', 'CLEAN', 'NEUTRAL', 'NEUTRAL', 'CLEAR', 'CLEAR', 'OPENING', 'BANCO_OFF')",3,3,9,33.333,ATTACK_PIVOT,33.333,1.098612,3.0000
"('UTILITY', 'TANK', 'DOMINANT', 'FULL', 'FULL', 'FIELD_SHARED', 'SLOWER', 'MEC_AVAIL', 'CLEAN', 'CLEAN', 'NEUTRAL', 'NEUTRAL', 'CLEAR', 'CLEAR', 'OPENING', 'BANCO_OFF')",3,3,8,37.500,ATTACK_STRONG_MEC,33.333,1.098612,3.0000
"('TANK', 'SWEEPER', 'VOLATILE', 'FULL', 'FULL', 'FIELD_OURS_DEF', 'SLOWER', 'MEC_USED', 'CLEAN', 'CLEAN', 'NEUTRAL', 'NEUTRAL', 'CLEAR', 'CLEAR', 'OPENING', 'BANCO_OFF')",3,1,3,33.333,ATTACK_STRONG,100.000,-0.000000,1.0000
"('UTILITY', 'TANK', 'DOMINANT', 'FULL', 'FULL', 'FIELD_SHARED', 'FASTER', 'MEC_USED', 'CLEAN', 'CLEAN', 'NEUTRAL', 'NEUTRAL', 'CLEAR', 'CLEAR', 'OPENING', 'BANCO_AMBOS')",3,3,4,75.000,ATTACK_PIVOT,33.333,1.098612,3.0000
"('TANK', 'UTILITY', 'OFFENSIVE_ADV', 'FULL', 'FULL', 'NORMAL', 'SLOWER', 'MEC_AVAIL', 'CLEAN', 'CLEAN', 'NEUTRAL', 'DEBUFF', 'CLEAR', 'CLEAR', 'OPENING', 'BANCO_OFF')",3,2,12,16.667,ATTACK_STRONG_MEC,66.667,0.636514,1.8899
"('TANK', 'TANK', 'OFFENSIVE_ADV', 'SAFE', 'FULL', 'FIELD_OURS_OFF', 'SLOWER', 'MEC_USED', 'CLEAN', 'CLEAN', 'NEUTRAL', 'NEUTRAL', 'CLEAR', 'CLEAR', 'OPENING', 'BANCO_OFF')",3,1,6,16.667,HAZARD,100.000,-0.000000,1.0000
"('TANK', 'SWEEPER', 'VOLATILE', 'FULL', 'FULL', 'FIELD_SHARED', 'SLOWER', 'MEC_USED', 'CLEAN', 'CLEAN', 'NEUTRAL', 'NEUTRAL', 'CLEAR', 'CLEAR', 'OPENING', 'BANCO_AMBOS')",3,1,8,12.500,ATTACK_STRONG,100.000,-0.000000,1.0000
"('TANK', 'TANK', 'NEUTRAL', 'FULL', 'FULL', 'NORMAL', 'FASTER', 'MEC_USED', 'CLEAN', 'CLEAN', 'NEUTRAL', 'NEUTRAL', 'SET', 'SET', 'DOMINATING', 'BANCO_VAZIO')",3,2,10,20.000,ATTACK_STRONG,66.667,0.636514,1.8899
"('TANK', 'TANK', 'NEUTRAL', 'CRIT', 'DANGER', 'NORMAL', 'FASTER', 'MEC_USED', 'CLEAN', 'CLEAN', 'NEUTRAL', 'NEUTRAL', 'CLEAR', 'CLEAR', 'OPENING', 'BANCO_OFF')",3,3,9,33.333,ATTACK_STRONG,33.333,1.098612,3.0000
"('TANK', 'SWEEPER', 'OFFENSIVE_ADV', 'FULL', 'FULL', 'FIELD_THEIRS', 'SLOWER', 'MEC_USED', 'CLEAN', 'CLEAN', 'NEUTRAL', 'NEUTRAL', 'CLEAR', 'CLEAR', 'OPENING', 'BANCO_VAZIO')",3,3,5,60.000,ATTACK_STRONG,33.333,1.098612,3.0000
"('TANK', 'TANK', 'DEFENSIVE_DIS', 'FULL', 'SAFE', 'NORMAL', 'FASTER', 'MEC_USED', 'CLEAN', 'CLEAN', 'NEUTRAL', 'NEUTRAL', 'SET', 'CLEAR', 'RECOVERING', 'BANCO_VAZIO')",3,3,7,42.857,ATTACK_PIVOT,33.333,1.098612,3.0000
"('SWEEPER', 'TANK', 'VOLATILE', 'FULL', 'FULL', 'FIELD_OURS_OFF', 'FASTER', 'MEC_USED', 'CLEAN', 'CLEAN', 'NEUTRAL', 'NEUTRAL', 'CLEAR', 'CLEAR', 'OPENING', 'BANCO_AMBOS')",3,2,5,40.000,SWITCH_DEFENSIVE,66.667,0.636514,1.8899
"('TANK', 'TANK', 'DEFENSIVE_DIS', 'FULL', 'FULL', 'NORMAL', 'FASTER', 'MEC_USED', 'CLEAN', 'CLEAN', 'NEUTRAL', 'NEUTRAL', 'CLEAR', 'CLEAR', 'BRAWL', 'BANCO_VAZIO')",3,3,7,42.857,BUFF,33.333,1.098612,3.0000
"('TANK', 'TANK', 'NEUTRAL', 'DANGER', 'FULL', 'FIELD_SHARED', 'FASTER', 'MEC_USED', 'CLEAN', 'CLEAN', 'NEUTRAL', 'NEUTRAL', 'CLEAR', 'CLEAR', 'OPENING', 'BANCO_AMBOS')",3,3,7,42.857,ATTACK_TECH,33.333,1.098612,3.0000
"('TANK', 'TANK', 'DEFENSIVE_DIS', 'SAFE', 'FULL', 'NORMAL', 'FASTER', 'MEC_USED', 'CLEAN', 'CLEAN', 'NEUTRAL', 'NEUTRAL', 'SET', 'SET', 'CLUTCH', 'BANCO_VAZIO')",3,2,6,33.333,BUFF,66.667,0.636514,1.8899
"('UTILITY', 'UTILITY', 'OFFENSIVE_ADV', 'FULL', 'FULL', 'FIELD_THEIRS', 'SLOWER', 'MEC_USED', 'CLEAN', 'CLEAN', 'NEUTRAL', 'NEUTRAL', 'CLEAR', 'CLEAR', 'OPENING', 'BANCO_OFF')",3,3,8,37.500,DEBUFF,33.333,1.098612,3.0000
"('TANK', 'TANK', 'OFFENSIVE_ADV', 'FULL', 'FULL', 'NORMAL', 'SLOWER', 'MEC_USED', 'CLEAN', 'CLEAN', 'NEUTRAL', 'NEUTRAL', 'CLEAR', 'CLEAR', 'OPENING', 'BANCO_DEF')",3,3,6,50.000,ATTACK_STRONG,33.333,1.098612,3.0000
"('SWEEPER', 'SWEEPER', 'NEUTRAL', 'FULL', 'FULL', 'NORMAL', 'FASTER', 'MEC_USED', 'CLEAN', 'CLEAN', 'NEUTRAL', 'DEBUFF', 'CLEAR', 'CLEAR', 'OPENING', 'BANCO_OFF')",3,1,5,20.000,ATTACK_STRONG,100.000,-0.000000,1.0000
"('UTILITY', 'TANK', 'OFFENSIVE_ADV', 'SAFE', 'FULL', 'NORMAL', 'FASTER', 'MEC_USED', 'CLEAN', 'CLEAN', 'NEUTRAL', 'NEUTRAL', 'CLEAR', 'CLEAR', 'BRAWL', 'BANCO_OFF')",3,1,6,16.667,ATTACK_STRONG,100.000,-0.000000,1.0000
"('TANK', 'UTILITY', 'OFFENSIVE_ADV', 'FULL', 'FULL', 'NORMAL', 'SLOWER', 'MEC_USED', 'CLEAN', 'CLEAN', 'NEUTRAL', 'NEUTRAL', 'SET', 'CLEAR', 'OPENING', 'BANCO_OFF')",3,3,8,37.500,ATTACK_STRONG,33.333,1.098612,3.0000
"('TANK', 'TANK', 'OFFENSIVE_ADV', 'FULL', 'SAFE', 'NORMAL', 'SLOWER', 'MEC_USED', 'CLEAN', 'CLEAN', 'NEUTRAL', 'NEUTRAL', 'CLEAR', 'CLEAR', 'OPENING', 'BANCO_VAZIO')",3,3,9,33.333,ATTACK_PIVOT,33.333,1.098612,3.0000
"('TANK', 'TANK', 'DEFENSIVE_DIS', 'DANGER', 'DANGER', 'NORMAL', 'FASTER', 'MEC_USED', 'CLEAN', 'CLEAN', 'NEUTRAL', 'NEUTRAL', 'CLEAR', 'CLEAR', 'OPENING', 'BANCO_OFF')",3,2,5,40.000,SWITCH_OFFENSIVE,66.667,0.636514,1.8899
"('TANK', 'TANK', 'NEUTRAL', 'SAFE', 'FULL', 'NORMAL', 'SLOWER', 'MEC_USED', 'CLEAN', 'AFFLICTED', 'NEUTRAL', 'NEUTRAL', 'CLEAR', 'CLEAR', 'OPENING', 'BANCO_OFF')",3,3,8,37.500,STATUS,33.333,1.098612,3.0000
"('TANK', 'UTILITY', 'OFFENSIVE_ADV', 'SAFE', 'SAFE', 'NORMAL', 'SLOWER', 'MEC_USED', 'CLEAN', 'CLEAN', 'NEUTRAL', 'NEUTRAL', 'CLEAR', 'CLEAR', 'OPENING', 'BANCO_OFF')",3,1,7,14.286,ATTACK_STRONG,100.000,-0.000000,1.0000
"('TANK', 'TANK', 'DEFENSIVE_DIS', 'SAFE', 'SAFE', 'NORMAL', 'SLOWER', 'MEC_USED', 'CLEAN', 'CLEAN', 'NEUTRAL', 'NEUTRAL', 'CLEAR', 'CLEAR', 'OPENING', 'BANCO_VAZIO')",3,3,9,33.333,HEAL,33.333,1.098612,3.0000
"('TANK', 'UTILITY', 'NEUTRAL', 'FULL', 'FULL', 'FIELD_THEIRS', 'SLOWER', 'MEC_USED', 'CLEAN', 'CLEAN', 'NEUTRAL', 'NEUTRAL', 'CLEAR', 'CLEAR', 'OPENING', 'BANCO_OFF')",3,3,9,33.333,CLEAN_HAZARD,33.333,1.098612,3.0000
"('TANK', 'TANK', 'DEFENSIVE_ADV', 'SAFE', 'SAFE', 'NORMAL', 'FASTER', 'MEC_USED', 'CLEAN', 'CLEAN', 'NEUTRAL', 'NEUTRAL', 'SET', 'CLEAR', 'OPENING', 'BANCO_AMBOS')",3,1,7,14.286,SWITCH_OFFENSIVE,100.000,-0.000000,1.0000
"('TANK', 'TANK', 'OFFENSIVE_ADV', 'SAFE', 'SAFE', 'NORMAL', 'FASTER', 'MEC_USED', 'CLEAN', 'CLEAN', 'NEUTRAL', 'NEUTRAL', 'SET', 'CLEAR', 'OPENING', 'BANCO_AMBOS')",3,3,7,42.857,ATTACK_STRONG,33.333,1.098612,3.0000
"('TANK', 'UTILITY', 'NEUTRAL', 'FULL', 'FULL', 'FIELD_OURS_OFF', 'SLOWER', 'MEC_USED', 'CLEAN', 'CLEAN', 'NEUTRAL', 'NEUTRAL', 'CLEAR', 'CLEAR', 'OPENING', 'BANCO_AMBOS')",3,2,8,25.000,SWITCH_DEFENSIVE,66.667,0.636514,1.8899
"('TANK', 'SWEEPER', 'OFFENSIVE_ADV', 'FULL', 'FULL', 'NORMAL', 'SLOWER', 'MEC_USED', 'CLEAN', 'CLEAN', 'NEUTRAL', 'NEUTRAL', 'CLEAR', 'CLEAR', 'BRAWL', 'BANCO_VAZIO')",3,3,8,37.500,CLEAN_HAZARD,33.333,1.098612,3.0000
"('TANK', 'TANK', 'OFFENSIVE_ADV', 'SAFE', 'SAFE', 'NORMAL', 'SLOWER', 'MEC_USED', 'CLEAN', 'CLEAN', 'NEUTRAL', 'NEUTRAL', 'SET', 'SET', 'OPENING', 'BANCO_OFF')",3,2,8,25.000,ATTACK_TECH,66.667,0.636514,1.8899
"('TANK', 'TANK', 'OFFENSIVE_DIS', 'DANGER', 'SAFE', 'NORMAL', 'FASTER', 'MEC_USED', 'CLEAN', 'CLEAN', 'NEUTRAL', 'NEUTRAL', 'SET', 'SET', 'RECOVERING', 'BANCO_VAZIO')",3,3,6,50.000,ATTACK_PIVOT,33.333,1.098612,3.0000
"('TANK', 'SWEEPER', 'NEUTRAL', 'SAFE', 'FULL', 'NORMAL', 'SLOWER', 'MEC_USED', 'CLEAN', 'CLEAN', 'NEUTRAL', 'NEUTRAL', 'SET', 'CLEAR', 'BRAWL', 'BANCO_OFF')",3,3,10,30.000,STATUS,33.333,1.098612,3.0000
"('SWEEPER', 'SWEEPER', 'OFFENSIVE_ADV', 'FULL', 'FULL', 'NORMAL', 'SLOWER', 'MEC_AVAIL', 'CLEAN', 'CLEAN', 'NEUTRAL', 'NEUTRAL', 'CLEAR', 'CLEAR', 'OPENING', 'BANCO_OFF')",3,3,6,50.000,ATTACK_STRONG_MEC,33.333,1.098612,3.0000
"('TANK', 'UTILITY', 'DEFENSIVE_DIS', 'FULL', 'FULL', 'FIELD_OURS_DEF', 'SLOWER', 'MEC_USED', 'CLEAN', 'CLEAN', 'NEUTRAL', 'NEUTRAL', 'CLEAR', 'CLEAR', 'OPENING', 'BANCO_OFF')",3,2,3,66.667,SWITCH_DEFENSIVE,66.667,0.636514,1.8899
"('TANK', 'SWEEPER', 'DOMINANT', 'FULL', 'FULL', 'FIELD_THEIRS', 'SLOWER', 'MEC_USED', 'CLEAN', 'CLEAN', 'NEUTRAL', 'NEUTRAL', 'CLEAR', 'CLEAR', 'OPENING', 'BANCO_AMBOS')",3,3,6,50.000,ATTACK_STRONG,33.333,1.098612,3.0000
"('TANK', 'TANK', 'DOMINANT', 'FULL', 'SAFE', 'NORMAL', 'FASTER', 'MEC_USED', 'CLEAN', 'CLEAN', 'NEUTRAL', 'NEUTRAL', 'SET', 'CLEAR', 'OPENING', 'BANCO_OFF')",3,3,5,60.000,ATTACK_STRONG,33.333,1.098612,3.0000
"('TANK', 'TANK', 'DOMINANT', 'FULL', 'FULL', 'FIELD_SHARED', 'SLOWER', 'MEC_USED', 'CLEAN', 'CLEAN', 'NEUTRAL', 'NEUTRAL', 'CLEAR', 'CLEAR', 'OPENING', 'BANCO_VAZIO')",3,2,6,33.333,ATTACK_TECH,66.667,0.636514,1.8899
"('TANK', 'SWEEPER', 'DEFENSIVE_DIS', 'SAFE', 'FULL', 'NORMAL', 'SLOWER', 'MEC_USED', 'CLEAN', 'CLEAN', 'NEUTRAL', 'NEUTRAL', 'CLEAR', 'CLEAR', 'OPENING', 'BANCO_AMBOS')",3,1,6,16.667,SWITCH_OFFENSIVE,100.000,-0.000000,1.0000
"('TANK', 'TANK', 'DEFENSIVE_DIS', 'SAFE', 'FULL', 'FIELD_OURS_DEF', 'FASTER', 'MEC_USED', 'CLEAN', 'CLEAN', 'NEUTRAL', 'NEUTRAL', 'CLEAR', 'CLEAR', 'OPENING', 'BANCO_AMBOS')",3,2,5,40.000,SWITCH_DEFENSIVE,66.667,0.636514,1.8899
"('TANK', 'TANK', 'OFFENSIVE_DIS', 'SAFE', 'FULL', 'NORMAL', 'FASTER', 'MEC_USED', 'CLEAN', 'CLEAN', 'DEBUFF', 'NEUTRAL', 'CLEAR', 'CLEAR', 'OPENING', 'BANCO_OFF')",3,2,8,25.000,DISRUPTION,66.667,0.636514,1.8899
"('SWEEPER', 'TANK', 'DOMINANT', 'FULL', 'SAFE', 'FIELD_OURS_OFF', 'FASTER', 'MEC_USED', 'CLEAN', 'CLEAN', 'NEUTRAL', 'NEUTRAL', 'CLEAR', 'CLEAR', 'OPENING', 'BANCO_AMBOS')",3,2,4,50.000,ATTACK_STRONG,66.667,0.636514,1.8899
"('UTILITY', 'TANK', 'DEFENSIVE_ADV', 'FULL', 'FULL', 'FIELD_SHARED', 'FASTER', 'MEC_USED', 'CLEAN', 'CLEAN', 'NEUTRAL', 'NEUTRAL', 'CLEAR', 'CLEAR', 'OPENING', 'BANCO_AMBOS')",3,3,5,60.000,ATTACK_PIVOT,33.333,1.098612,3.0000
"('UTILITY', 'TANK', 'NEUTRAL', 'SAFE', 'FULL', 'NORMAL', 'FASTER', 'MEC_USED', 'CLEAN', 'CLEAN', 'NEUTRAL', 'NEUTRAL', 'SET', 'CLEAR', 'RECOVERING', 'BANCO_VAZIO')",3,3,8,37.500,BUFF,33.333,1.098612,3.0000
"('TANK', 'TANK', 'NEUTRAL', 'DANGER', 'FULL', 'FIELD_OURS_OFF', 'FASTER', 'MEC_USED', 'CLEAN', 'CLEAN', 'NEUTRAL', 'NEUTRAL', 'CLEAR', 'CLEAR', 'OPENING', 'BANCO_OFF')",3,2,7,28.571,HEAL,66.667,0.636514,1.8899
"('TANK', 'TANK', 'DEFENSIVE_DIS', 'CRIT', 'SAFE', 'NORMAL', 'FASTER', 'MEC_USED', 'CLEAN', 'CLEAN', 'NEUTRAL', 'NEUTRAL', 'CLEAR', 'CLEAR', 'RECOVERING', 'BANCO_VAZIO')",3,2,8,25.000,STATUS,66.667,0.636514,1.8899
"('TANK', 'TANK', 'NEUTRAL', 'DANGER', 'SAFE', 'NORMAL', 'FASTER', 'MEC_USED', 'CLEAN', 'CLEAN', 'NEUTRAL', 'NEUTRAL', 'SET', 'CLEAR', 'OPENING', 'BANCO_VAZIO')",3,3,8,37.500,ATTACK_TECH,33.333,1.098612,3.0000
"('TANK', 'TANK', 'NEUTRAL', 'FULL', 'SAFE', 'FIELD_SHARED', 'FASTER', 'MEC_AVAIL', 'CLEAN', 'CLEAN', 'NEUTRAL', 'NEUTRAL', 'CLEAR', 'CLEAR', 'OPENING', 'BANCO_OFF')",3,2,10,20.000,HEAL_MEC,66.667,0.636514,1.8899
"('TANK', 'TANK', 'DEFENSIVE_DIS', 'SAFE', 'SAFE', 'FIELD_THEIRS', 'SLOWER', 'MEC_USED', 'CLEAN', 'CLEAN', 'NEUTRAL', 'NEUTRAL', 'CLEAR', 'CLEAR', 'OPENING', 'BANCO_OFF')",3,2,7,28.571,HEAL,66.667,0.636514,1.8899
"('TANK', 'TANK', 'OFFENSIVE_DIS', 'CRIT', 'SAFE', 'NORMAL', 'SLOWER', 'MEC_USED', 'CLEAN', 'CLEAN', 'NEUTRAL', 'NEUTRAL', 'SET', 'SET', 'RECOVERING', 'BANCO_VAZIO')",3,2,6,33.333,SWITCH_OFFENSIVE,66.667,0.636514,1.8899
"('SWEEPER', 'TANK', 'NEUTRAL', 'FULL', 'SAFE', 'FIELD_OURS_OFF', 'FASTER', 'MEC_USED', 'CLEAN', 'CLEAN', 'NEUTRAL', 'NEUTRAL', 'CLEAR', 'CLEAR', 'OPENING', 'BANCO_AMBOS')",3,3,4,75.000,ATTACK_STRONG,33.333,1.098612,3.0000
"('TANK', 'TANK', 'OFFENSIVE_DIS', 'SAFE', 'SAFE', 'NORMAL', 'FASTER', 'MEC_USED', 'CLEAN', 'CLEAN', 'NEUTRAL', 'NEUTRAL', 'SET', 'SET', 'OPENING', 'BANCO_OFF')",3,2,8,25.000,ATTACK_TECH,66.667,0.636514,1.8899
"('TANK', 'SWEEPER', 'OFFENSIVE_DIS', 'SAFE', 'FULL', 'NORMAL', 'SLOWER', 'MEC_USED', 'CLEAN', 'CLEAN', 'NEUTRAL', 'NEUTRAL', 'CLEAR', 'CLEAR', 'OPENING', 'BANCO_VAZIO')",3,2,8,25.000,SWITCH_OFFENSIVE,66.667,0.636514,1.8899
"('TANK', 'SWEEPER', 'OFFENSIVE_ADV', 'FULL', 'FULL', 'NORMAL', 'SLOWER', 'MEC_USED', 'CLEAN', 'CLEAN', 'NEUTRAL', 'NEUTRAL', 'CLEAR', 'CLEAR', 'OPENING', 'BANCO_VAZIO')",3,2,7,28.571,PROTECT,66.667,0.636514,1.8899
"('TANK', 'TANK', 'VOLATILE', 'CRIT', 'SAFE', 'FIELD_THEIRS', 'FASTER', 'MEC_USED', 'CLEAN', 'CLEAN', 'NEUTRAL', 'NEUTRAL', 'CLEAR', 'CLEAR', 'OPENING', 'BANCO_OFF')",3,2,8,25.000,SWITCH_DEFENSIVE,66.667,0.636514,1.8899
"('TANK', 'TANK', 'NEUTRAL', 'SAFE', 'SAFE', 'FIELD_THEIRS', 'SLOWER', 'MEC_USED', 'CLEAN', 'CLEAN', 'NEUTRAL', 'NEUTRAL', 'SET', 'CLEAR', 'OPENING', 'BANCO_OFF')",3,2,10,20.000,SWITCH_DEFENSIVE,66.667,0.636514,1.8899
"('TANK', 'TANK', 'NEUTRAL', 'SAFE', 'FULL', 'FIELD_SHARED', 'FASTER', 'MEC_USED', 'CLEAN', 'CLEAN', 'NEUTRAL', 'NEUTRAL', 'SET', 'CLEAR', 'OPENING', 'BANCO_AMBOS')",3,1,6,16.667,HEAL,100.000,-0.000000,1.0000
"('UTILITY', 'UTILITY', 'NEUTRAL', 'SAFE', 'FULL', 'FIELD_OURS_OFF', 'FASTER', 'MEC_USED', 'AFFLICTED', 'CLEAN', 'DEBUFF', 'NEUTRAL', 'SET', 'CLEAR', 'CLUTCH', 'BANCO_VAZIO')",2,1,7,14.286,ATTACK_PIVOT,100.000,-0.000000,1.0000
"('TANK', 'TANK', 'DEFENSIVE_ADV', 'FULL', 'FULL', 'NORMAL', 'SLOWER', 'MEC_USED', 'CLEAN', 'AFFLICTED', 'NEUTRAL', 'NEUTRAL', 'SET', 'SET', 'BRAWL', 'BANCO_DEF')",2,1,6,16.667,ATTACK_STRONG,100.000,-0.000000,1.0000
"('TANK', 'TANK', 'OFFENSIVE_ADV', 'FULL', 'SAFE', 'NORMAL', 'FASTER', 'MEC_USED', 'AFFLICTED', 'CLEAN', 'NEUTRAL', 'NEUTRAL', 'CLEAR', 'CLEAR', 'CLUTCH', 'BANCO_VAZIO')",2,1,3,33.333,CLEAN_HAZARD,100.000,-0.000000,1.0000
"('TANK', 'TANK', 'NEUTRAL', 'SAFE', 'FULL', 'FIELD_SHARED', 'FASTER', 'MEC_AVAIL', 'CLEAN', 'CLEAN', 'NEUTRAL', 'NEUTRAL', 'CLEAR', 'CLEAR', 'OPENING', 'BANCO_OFF')",2,1,8,12.500,SWITCH_DEFENSIVE,100.000,-0.000000,1.0000
"('TANK', 'TANK', 'OFFENSIVE_DIS', 'FULL', 'FULL', 'NORMAL', 'SLOWER', 'MEC_USED', 'CLEAN', 'CLEAN', 'NEUTRAL', 'NEUTRAL', 'SET', 'SET', 'BRAWL', 'BANCO_OFF')",2,2,8,25.000,ATTACK_STRONG,50.000,0.693147,2.0000
"('TANK', 'TANK', 'OFFENSIVE_ADV', 'FULL', 'SAFE', 'FIELD_SHARED', 'FASTER', 'MEC_USED', 'AFFLICTED', 'CLEAN', 'NEUTRAL', 'NEUTRAL', 'CLEAR', 'CLEAR', 'OPENING', 'BANCO_OFF')",2,2,6,33.333,STATUS,50.000,0.693147,2.0000
"('TANK', 'TANK', 'NEUTRAL', 'FULL', 'SAFE', 'FIELD_THEIRS', 'FASTER', 'MEC_USED', 'CLEAN', 'CLEAN', 'NEUTRAL', 'NEUTRAL', 'CLEAR', 'CLEAR', 'OPENING', 'BANCO_AMBOS')",2,2,8,25.000,PROTECT,50.000,0.693147,2.0000
"('UTILITY', 'SWEEPER', 'DOMINANT', 'FULL', 'FULL', 'FIELD_THEIRS', 'SLOWER', 'MEC_USED', 'CLEAN', 'CLEAN', 'NEUTRAL', 'NEUTRAL', 'CLEAR', 'CLEAR', 'OPENING', 'BANCO_OFF')",2,2,6,33.333,SWITCH_DEFENSIVE,50.000,0.693147,2.0000
"('TANK', 'TANK', 'DEFENSIVE_ADV', 'FULL', 'SAFE', 'NORMAL', 'FASTER', 'MEC_USED', 'CLEAN', 'CLEAN', 'NEUTRAL', 'NEUTRAL', 'CLEAR', 'CLEAR', 'OPENING', 'BANCO_OFF')",2,2,7,28.571,CLEAN_HAZARD,50.000,0.693147,2.0000
"('TANK', 'TANK', 'NEUTRAL', 'SAFE', 'FULL', 'NORMAL', 'SLOWER', 'MEC_USED', 'AFFLICTED', 'CLEAN', 'NEUTRAL', 'NEUTRAL', 'CLEAR', 'CLEAR', 'RECOVERING', 'BANCO_VAZIO')",2,1,8,12.500,SWITCH_DEFENSIVE,100.000,-0.000000,1.0000
"('TANK', 'TANK', 'NEUTRAL', 'FULL', 'SAFE', 'FIELD_OURS_OFF', 'FASTER', 'MEC_USED', 'CLEAN', 'CLEAN', 'NEUTRAL', 'NEUTRAL', 'CLEAR', 'CLEAR', 'OPENING', 'BANCO_VAZIO')",2,2,5,40.000,PROTECT,50.000,0.693147,2.0000
"('UTILITY', 'TANK', 'OFFENSIVE_ADV', 'FULL', 'FULL', 'NORMAL', 'FASTER', 'MEC_AVAIL', 'CLEAN', 'CLEAN', 'NEUTRAL', 'NEUTRAL', 'CLEAR', 'CLEAR', 'OPENING', 'BANCO_OFF')",2,2,8,25.000,STATUS,50.000,0.693147,2.0000
"('UTILITY', 'SWEEPER', 'DEFENSIVE_DIS', 'FULL', 'FULL', 'NORMAL', 'FASTER', 'MEC_USED', 'CLEAN', 'CLEAN', 'NEUTRAL', 'NEUTRAL', 'CLEAR', 'CLEAR', 'OPENING', 'BANCO_AMBOS')",2,1,4,25.000,ATTACK_STRONG,100.000,-0.000000,1.0000
"('TANK', 'TANK', 'DEFENSIVE_ADV', 'SAFE', 'FULL', 'NORMAL', 'SLOWER', 'MEC_USED', 'AFFLICTED', 'AFFLICTED', 'DEBUFF', 'NEUTRAL', 'CLEAR', 'CLEAR', 'RECOVERING', 'BANCO_VAZIO')",2,1,4,25.000,ATTACK_PIVOT,100.000,-0.000000,1.0000
"('TANK', 'TANK', 'OFFENSIVE_ADV', 'SAFE', 'FULL', 'NORMAL', 'FASTER', 'MEC_USED', 'AFFLICTED', 'CLEAN', 'DEBUFF', 'NEUTRAL', 'CLEAR', 'CLEAR', 'RECOVERING', 'BANCO_VAZIO')",2,2,4,50.000,ATTACK_PIVOT,50.000,0.693147,2.0000
"('TANK', 'TANK', 'CRITICAL_DIS', 'DANGER', 'FULL', 'NORMAL', 'SLOWER', 'MEC_USED', 'CLEAN', 'CLEAN', 'NEUTRAL', 'NEUTRAL', 'CLEAR', 'CLEAR', 'OPENING', 'BANCO_AMBOS')",2,1,8,12.500,SWITCH_DEFENSIVE,100.000,-0.000000,1.0000
"('TANK', 'TANK', 'OFFENSIVE_DIS', 'FULL', 'FULL', 'NORMAL', 'SLOWER', 'MEC_USED', 'CLEAN', 'CLEAN', 'NEUTRAL', 'NEUTRAL', 'CLEAR', 'SET', 'OPENING', 'BANCO_OFF')",2,2,6,33.333,STATUS,50.000,0.693147,2.0000
"('TANK', 'TANK', 'NEUTRAL', 'FULL', 'FULL', 'NORMAL', 'SLOWER', 'MEC_USED', 'CLEAN', 'CLEAN', 'NEUTRAL', 'NEUTRAL', 'CLEAR', 'SET', 'BRAWL', 'BANCO_VAZIO')",2,2,8,25.000,BUFF,50.000,0.693147,2.0000
"('TANK', 'TANK', 'DEFENSIVE_ADV', 'FULL', 'FULL', 'FIELD_SHARED', 'FASTER', 'MEC_AVAIL', 'CLEAN', 'CLEAN', 'NEUTRAL', 'NEUTRAL', 'CLEAR', 'CLEAR', 'OPENING', 'BANCO_OFF')",2,1,6,16.667,ATTACK_STRONG_MEC,100.000,-0.000000,1.0000
"('SWEEPER', 'TANK', 'NEUTRAL', 'FULL', 'SAFE', 'NORMAL', 'FASTER', 'MEC_USED', 'CLEAN', 'CLEAN', 'NEUTRAL', 'NEUTRAL', 'SET', 'CLEAR', 'OPENING', 'BANCO_OFF')",2,2,6,33.333,ATTACK_TECH,50.000,0.693147,2.0000
"('TANK', 'TANK', 'DEFENSIVE_ADV', 'FULL', 'FULL', 'FIELD_THEIRS', 'FASTER', 'MEC_AVAIL', 'CLEAN', 'CLEAN', 'NEUTRAL', 'NEUTRAL', 'CLEAR', 'CLEAR', 'OPENING', 'BANCO_AMBOS')",2,2,8,25.000,ATTACK_STRONG,50.000,0.693147,2.0000
"('TANK', 'TANK', 'VOLATILE', 'FULL', 'SAFE', 'FIELD_OURS_OFF', 'FASTER', 'MEC_USED', 'CLEAN', 'CLEAN', 'NEUTRAL', 'NEUTRAL', 'CLEAR', 'CLEAR', 'OPENING', 'BANCO_OFF')",2,2,5,40.000,ATTACK_STRONG,50.000,0.693147,2.0000
"('TANK', 'TANK', 'DOMINANT', 'FULL', 'FULL', 'FIELD_OURS_DEF', 'FASTER', 'MEC_USED', 'CLEAN', 'CLEAN', 'NEUTRAL', 'NEUTRAL', 'CLEAR', 'CLEAR', 'OPENING', 'BANCO_OFF')",2,2,6,33.333,BUFF,50.000,0.693147,2.0000
"('TANK', 'TANK', 'OFFENSIVE_DIS', 'FULL', 'FULL', 'NORMAL', 'SLOWER', 'MEC_USED', 'CLEAN', 'CLEAN', 'NEUTRAL', 'NEUTRAL', 'SET', 'CLEAR', 'BRAWL', 'BANCO_VAZIO')",2,2,7,28.571,ATTACK_TECH,50.000,0.693147,2.0000
"('TANK', 'TANK', 'DEFENSIVE_ADV', 'FULL', 'FULL', 'FIELD_THEIRS', 'SLOWER', 'MEC_USED', 'CLEAN', 'CLEAN', 'NEUTRAL', 'NEUTRAL', 'CLEAR', 'CLEAR', 'OPENING', 'BANCO_OFF')",2,2,7,28.571,STATUS,50.000,0.693147,2.0000
"('TANK', 'TANK', 'NEUTRAL', 'SAFE', 'SAFE', 'NORMAL', 'SLOWER', 'MEC_USED', 'AFFLICTED', 'CLEAN', 'DEBUFF', 'NEUTRAL', 'SET', 'SET', 'RECOVERING', 'BANCO_VAZIO')",2,1,8,12.500,HEAL,100.000,-0.000000,1.0000
"('TANK', 'TANK', 'OFFENSIVE_DIS', 'SAFE', 'SAFE', 'NORMAL', 'SLOWER', 'MEC_USED', 'CLEAN', 'CLEAN', 'NEUTRAL', 'NEUTRAL', 'SET', 'CLEAR', 'OPENING', 'BANCO_VAZIO')",2,2,6,33.333,ATTACK_STRONG,50.000,0.693147,2.0000
"('TANK', 'TANK', 'CRITICAL_DIS', 'FULL', 'SAFE', 'NORMAL', 'SLOWER', 'MEC_USED', 'CLEAN', 'CLEAN', 'NEUTRAL', 'NEUTRAL', 'SET', 'SET', 'RECOVERING', 'BANCO_VAZIO')",2,1,3,33.333,PROTECT,100.000,-0.000000,1.0000
"('TANK', 'TANK', 'NEUTRAL', 'SAFE', 'SAFE', 'NORMAL', 'SLOWER', 'MEC_USED', 'CLEAN', 'CLEAN', 'NEUTRAL', 'NEUTRAL', 'CLEAR', 'SET', 'BRAWL', 'BANCO_VAZIO')",2,2,7,28.571,ATTACK_TECH,50.000,0.693147,2.0000
"('TANK', 'TANK', 'OFFENSIVE_ADV', 'SAFE', 'FULL', 'NORMAL', 'FASTER', 'MEC_USED', 'CLEAN', 'CLEAN', 'NEUTRAL', 'NEUTRAL', 'SET', 'SET', 'BRAWL', 'BANCO_OFF')",2,1,4,25.000,ATTACK_STRONG,100.000,-0.000000,1.0000
"('TANK', 'TANK', 'DEFENSIVE_DIS', 'FULL', 'SAFE', 'NORMAL', 'FASTER', 'MEC_USED', 'AFFLICTED', 'CLEAN', 'NEUTRAL', 'NEUTRAL', 'CLEAR', 'CLEAR', 'CLUTCH', 'BANCO_VAZIO')",2,1,4,25.000,HEAL,100.000,-0.000000,1.0000
"('TANK', 'TANK', 'NEUTRAL', 'SAFE', 'FULL', 'NORMAL', 'FASTER', 'MEC_USED', 'AFFLICTED', 'CLEAN', 'NEUTRAL', 'NEUTRAL', 'SET', 'CLEAR', 'RECOVERING', 'BANCO_VAZIO')",2,2,5,40.000,ATTACK_STRONG,50.000,0.693147,2.0000
"('TANK', 'TANK', 'DEFENSIVE_DIS', 'SAFE', 'FULL', 'NORMAL', 'SLOWER', 'MEC_USED', 'CLEAN', 'CLEAN', 'NEUTRAL', 'NEUTRAL', 'SET', 'CLEAR', 'BRAWL', 'BANCO_OFF')",2,1,6,16.667,STAT_CLEAN,100.000,-0.000000,1.0000
"('TANK', 'TANK', 'DEFENSIVE_ADV', 'FULL', 'DANGER', 'FIELD_SHARED', 'SLOWER', 'MEC_USED', 'CLEAN', 'CLEAN', 'NEUTRAL', 'NEUTRAL', 'CLEAR', 'CLEAR', 'OPENING', 'BANCO_OFF')",2,2,6,33.333,ATTACK_TECH,50.000,0.693147,2.0000
"('TANK', 'SWEEPER', 'OFFENSIVE_ADV', 'SAFE', 'SAFE', 'FIELD_THEIRS', 'SLOWER', 'MEC_USED', 'CLEAN', 'CLEAN', 'NEUTRAL', 'NEUTRAL', 'CLEAR', 'CLEAR', 'OPENING', 'BANCO_OFF')",2,2,7,28.571,ATTACK_STRONG,50.000,0.693147,2.0000
"('SWEEPER', 'TANK', 'OFFENSIVE_ADV', 'FULL', 'SAFE', 'NORMAL', 'FASTER', 'MEC_USED', 'CLEAN', 'CLEAN', 'NEUTRAL', 'DEBUFF', 'SET', 'CLEAR', 'OPENING', 'BANCO_OFF')",2,1,5,20.000,SWITCH_DEFENSIVE,100.000,-0.000000,1.0000
"('TANK', 'TANK', 'VOLATILE', 'SAFE', 'FULL', 'NORMAL', 'SLOWER', 'MEC_USED', 'CLEAN', 'CLEAN', 'NEUTRAL', 'NEUTRAL', 'SET', 'CLEAR', 'BRAWL', 'BANCO_OFF')",2,2,7,28.571,SWITCH_DEFENSIVE,50.000,0.693147,2.0000
"('TANK', 'TANK', 'OFFENSIVE_DIS', 'FULL', 'FULL', 'NORMAL', 'SLOWER', 'MEC_USED', 'CLEAN', 'CLEAN', 'NEUTRAL', 'NEUTRAL', 'SET', 'CLEAR', 'BRAWL', 'BANCO_OFF')",2,2,8,25.000,ATTACK_PIVOT,50.000,0.693147,2.0000
"('TANK', 'UTILITY', 'OFFENSIVE_ADV', 'SAFE', 'FULL', 'NORMAL', 'SLOWER', 'MEC_USED', 'CLEAN', 'CLEAN', 'NEUTRAL', 'NEUTRAL', 'SET', 'CLEAR', 'OPENING', 'BANCO_OFF')",2,1,7,14.286,ATTACK_TECH,100.000,-0.000000,1.0000
"('TANK', 'TANK', 'DEFENSIVE_DIS', 'SAFE', 'FULL', 'NORMAL', 'SLOWER', 'MEC_USED', 'CLEAN', 'CLEAN', 'NEUTRAL', 'NEUTRAL', 'CLEAR', 'CLEAR', 'BRAWL', 'BANCO_VAZIO')",2,1,8,12.500,SWITCH_DEFENSIVE,100.000,-0.000000,1.0000
"('TANK', 'SWEEPER', 'VOLATILE', 'FULL', 'FULL', 'FIELD_THEIRS', 'SLOWER', 'MEC_USED', 'CLEAN', 'CLEAN', 'NEUTRAL', 'NEUTRAL', 'CLEAR', 'CLEAR', 'OPENING', 'BANCO_OFF')",2,2,6,33.333,BUFF,50.000,0.693147,2.0000
"('TANK', 'TANK', 'CRITICAL_DIS', 'FULL', 'FULL', 'NORMAL', 'SLOWER', 'MEC_USED', 'CLEAN', 'CLEAN', 'NEUTRAL', 'NEUTRAL', 'SET', 'SET', 'OPENING', 'BANCO_AMBOS')",2,2,6,33.333,STATUS,50.000,0.693147,2.0000
"('TANK', 'TANK', 'NEUTRAL', 'SAFE', 'FULL', 'NORMAL', 'FASTER', 'MEC_USED', 'AFFLICTED', 'CLEAN', 'DEBUFF', 'NEUTRAL', 'CLEAR', 'CLEAR', 'RECOVERING', 'BANCO_VAZIO')",2,2,2,100.000,ATTACK_STRONG,50.000,0.693147,2.0000
"('TANK', 'TANK', 'DEFENSIVE_DIS', 'SAFE', 'FULL', 'NORMAL', 'SLOWER', 'MEC_USED', 'CLEAN', 'CLEAN', 'NEUTRAL', 'NEUTRAL', 'CLEAR', 'SET', 'RECOVERING', 'BANCO_VAZIO')",2,1,7,14.286,ATTACK_STRONG,100.000,-0.000000,1.0000
"('TANK', 'TANK', 'DOMINANT', 'SAFE', 'FULL', 'FIELD_SHARED', 'SLOWER', 'MEC_USED', 'CLEAN', 'CLEAN', 'NEUTRAL', 'NEUTRAL', 'CLEAR', 'CLEAR', 'OPENING', 'BANCO_OFF')",2,2,8,25.000,HAZARD,50.000,0.693147,2.0000
"('TANK', 'TANK', 'NEUTRAL', 'FULL', 'DANGER', 'NORMAL', 'SLOWER', 'MEC_USED', 'CLEAN', 'CLEAN', 'NEUTRAL', 'NEUTRAL', 'SET', 'CLEAR', 'OPENING', 'BANCO_OFF')",2,2,7,28.571,ATTACK_STRONG,50.000,0.693147,2.0000
"('TANK', 'TANK', 'NEUTRAL', 'DANGER', 'FULL', 'NORMAL', 'SLOWER', 'MEC_USED', 'CLEAN', 'CLEAN', 'NEUTRAL', 'NEUTRAL', 'SET', 'CLEAR', 'BRAWL', 'BANCO_OFF')",2,2,6,33.333,ATTACK_STRONG,50.000,0.693147,2.0000
"('UTILITY', 'UTILITY', 'OFFENSIVE_ADV', 'FULL', 'FULL', 'NORMAL', 'FASTER', 'MEC_USED', 'CLEAN', 'CLEAN', 'NEUTRAL', 'NEUTRAL', 'CLEAR', 'CLEAR', 'OPENING', 'BANCO_OFF')",2,1,4,25.000,ATTACK_STRONG,100.000,-0.000000,1.0000
"('TANK', 'TANK', 'NEUTRAL', 'SAFE', 'SAFE', 'FIELD_SHARED', 'SLOWER', 'MEC_USED', 'CLEAN', 'CLEAN', 'NEUTRAL', 'NEUTRAL', 'CLEAR', 'CLEAR', 'OPENING', 'BANCO_AMBOS')",2,2,6,33.333,HEAL,50.000,0.693147,2.0000
"('SWEEPER', 'TANK', 'VOLATILE', 'FULL', 'SAFE', 'FIELD_OURS_OFF', 'FASTER', 'MEC_USED', 'CLEAN', 'CLEAN', 'NEUTRAL', 'NEUTRAL', 'CLEAR', 'CLEAR', 'OPENING', 'BANCO_AMBOS')",2,2,6,33.333,ATTACK_TECH,50.000,0.693147,2.0000
"('SWEEPER', 'SWEEPER', 'VOLATILE', 'FULL', 'FULL', 'NORMAL', 'FASTER', 'MEC_USED', 'CLEAN', 'CLEAN', 'NEUTRAL', 'DEBUFF', 'CLEAR', 'CLEAR', 'OPENING', 'BANCO_AMBOS')",2,2,5,40.000,ATTACK_STRONG,50.000,0.693147,2.0000
"('TANK', 'SWEEPER', 'NEUTRAL', 'SAFE', 'SAFE', 'NORMAL', 'SLOWER', 'MEC_USED', 'CLEAN', 'CLEAN', 'NEUTRAL', 'NEUTRAL', 'CLEAR', 'CLEAR', 'BRAWL', 'BANCO_VAZIO')",2,2,5,40.000,CLEAN_HAZARD,50.000,0.693147,2.0000
"('TANK', 'SWEEPER', 'DOMINANT', 'FULL', 'FULL', 'FIELD_THEIRS', 'SLOWER', 'MEC_USED', 'CLEAN', 'CLEAN', 'NEUTRAL', 'NEUTRAL', 'CLEAR', 'CLEAR', 'OPENING', 'BANCO_OFF')",2,2,3,66.667,ATTACK_STRONG,50.000,0.693147,2.0000
"('TANK', 'TANK', 'DEFENSIVE_DIS', 'SAFE', 'SAFE', 'NORMAL', 'FASTER', 'MEC_USED', 'CLEAN', 'CLEAN', 'NEUTRAL', 'NEUTRAL', 'CLEAR', 'CLEAR', 'BRAWL', 'BANCO_OFF')",2,2,7,28.571,BUFF,50.000,0.693147,2.0000
"('UTILITY', 'UTILITY', 'NEUTRAL', 'FULL', 'FULL', 'NORMAL', 'FASTER', 'MEC_USED', 'CLEAN', 'CLEAN', 'NEUTRAL', 'NEUTRAL', 'CLEAR', 'CLEAR', 'OPENING', 'BANCO_OFF')",2,1,4,25.000,ATTACK_STRONG,100.000,-0.000000,1.0000
"('TANK', 'TANK', 'NEUTRAL', 'DANGER', 'CRIT', 'NORMAL', 'SLOWER', 'MEC_USED', 'CLEAN', 'CLEAN', 'NEUTRAL', 'NEUTRAL', 'CLEAR', 'CLEAR', 'OPENING', 'BANCO_OFF')",2,2,7,28.571,CLEAN_HAZARD,50.000,0.693147,2.0000
"('TANK', 'TANK', 'NEUTRAL', 'FULL', 'FULL', 'FIELD_THEIRS', 'SLOWER', 'MEC_USED', 'CLEAN', 'CLEAN', 'NEUTRAL', 'NEUTRAL', 'SET', 'CLEAR', 'OPENING', 'BANCO_AMBOS')",2,2,7,28.571,ATTACK_TECH,50.000,0.693147,2.0000
"('TANK', 'TANK', 'NEUTRAL', 'FULL', 'FULL', 'FIELD_THEIRS', 'SLOWER', 'MEC_AVAIL', 'CLEAN', 'CLEAN', 'NEUTRAL', 'NEUTRAL', 'CLEAR', 'CLEAR', 'OPENING', 'BANCO_VAZIO')",2,2,8,25.000,HEAL,50.000,0.693147,2.0000
"('TANK', 'TANK', 'OFFENSIVE_ADV', 'SAFE', 'FULL', 'NORMAL', 'FASTER', 'MEC_USED', 'CLEAN', 'CLEAN', 'NEUTRAL', 'NEUTRAL', 'CLEAR', 'CLEAR', 'DOMINATING', 'BANCO_OFF')",2,2,8,25.000,ATTACK_STRONG,50.000,0.693147,2.0000
"('SWEEPER', 'TANK', 'OFFENSIVE_ADV', 'DANGER', 'FULL', 'FIELD_OURS_OFF', 'FASTER', 'MEC_USED', 'CLEAN', 'CLEAN', 'NEUTRAL', 'NEUTRAL', 'CLEAR', 'CLEAR', 'OPENING', 'BANCO_OFF')",2,2,5,40.000,ATTACK_PIVOT,50.000,0.693147,2.0000
"('TANK', 'TANK', 'NEUTRAL', 'SAFE', 'FULL', 'NORMAL', 'SLOWER', 'MEC_USED', 'CLEAN', 'CLEAN', 'NEUTRAL', 'NEUTRAL', 'CLEAR', 'SET', 'OPENING', 'BANCO_AMBOS')",2,2,8,25.000,ATTACK_TECH,50.000,0.693147,2.0000
"('TANK', 'TANK', 'NEUTRAL', 'SAFE', 'CRIT', 'NORMAL', 'SLOWER', 'MEC_USED', 'CLEAN', 'CLEAN', 'NEUTRAL', 'NEUTRAL', 'CLEAR', 'SET', 'CLUTCH', 'BANCO_VAZIO')",2,1,3,33.333,CLEAN_HAZARD,100.000,-0.000000,1.0000
"('TANK', 'TANK', 'CRITICAL_DIS', 'CRIT', 'SAFE', 'NORMAL', 'SLOWER', 'MEC_USED', 'CLEAN', 'CLEAN', 'NEUTRAL', 'NEUTRAL', 'CLEAR', 'CLEAR', 'RECOVERING', 'BANCO_VAZIO')",2,1,6,16.667,PROTECT,100.000,-0.000000,1.0000
"('TANK', 'SWEEPER', 'OFFENSIVE_ADV', 'SAFE', 'DANGER', 'NORMAL', 'SLOWER', 'MEC_USED', 'CLEAN', 'CLEAN', 'NEUTRAL', 'NEUTRAL', 'CLEAR', 'CLEAR', 'OPENING', 'BANCO_OFF')",2,2,5,40.000,HEAL,50.000,0.693147,2.0000
"('TANK', 'SWEEPER', 'NEUTRAL', 'SAFE', 'FULL', 'NORMAL', 'SLOWER', 'MEC_AVAIL', 'CLEAN', 'CLEAN', 'NEUTRAL', 'NEUTRAL', 'CLEAR', 'CLEAR', 'OPENING', 'BANCO_OFF')",2,2,6,33.333,HAZARD,50.000,0.693147,2.0000
"('TANK', 'TANK', 'NEUTRAL', 'FULL', 'FULL', 'NORMAL', 'SLOWER', 'MEC_USED', 'CLEAN', 'CLEAN', 'NEUTRAL', 'NEUTRAL', 'SET', 'SET', 'BRAWL', 'BANCO_VAZIO')",2,2,8,25.000,HEAL,50.000,0.693147,2.0000
"('TANK', 'TANK', 'NEUTRAL', 'SAFE', 'FULL', 'NORMAL', 'SLOWER', 'MEC_USED', 'CLEAN', 'CLEAN', 'NEUTRAL', 'NEUTRAL', 'SET', 'SET', 'BRAWL', 'BANCO_VAZIO')",2,1,8,12.500,ATTACK_TECH,100.000,-0.000000,1.0000
"('TANK', 'SWEEPER', 'VOLATILE', 'FULL', 'FULL', 'NORMAL', 'FASTER', 'MEC_USED', 'CLEAN', 'CLEAN', 'NEUTRAL', 'NEUTRAL', 'CLEAR', 'CLEAR', 'OPENING', 'BANCO_AMBOS')",2,2,4,50.000,ATTACK_PIVOT,50.000,0.693147,2.0000
"('TANK', 'TANK', 'OFFENSIVE_DIS', 'DANGER', 'FULL', 'NORMAL', 'SLOWER', 'MEC_USED', 'CLEAN', 'CLEAN', 'NEUTRAL', 'NEUTRAL', 'CLEAR', 'SET', 'RECOVERING', 'BANCO_VAZIO')",2,2,8,25.000,ATTACK_STRONG,50.000,0.693147,2.0000
"('TANK', 'UTILITY', 'DOMINANT', 'FULL', 'FULL', 'NORMAL', 'SLOWER', 'MEC_AVAIL', 'CLEAN', 'CLEAN', 'NEUTRAL', 'NEUTRAL', 'CLEAR', 'CLEAR', 'OPENING', 'BANCO_OFF')",2,1,8,12.500,ATTACK_STRONG_MEC,100.000,-0.000000,1.0000
"('TANK', 'TANK', 'DEFENSIVE_DIS', 'FULL', 'FULL', 'NORMAL', 'FASTER', 'MEC_USED', 'CLEAN', 'CLEAN', 'NEUTRAL', 'NEUTRAL', 'SET', 'SET', 'CLUTCH', 'BANCO_VAZIO')",2,2,5,40.000,ATTACK_PIVOT,50.000,0.693147,2.0000
"('UTILITY', 'TANK', 'DEFENSIVE_DIS', 'FULL', 'FULL', 'FIELD_SHARED', 'FASTER', 'MEC_USED', 'CLEAN', 'CLEAN', 'NEUTRAL', 'NEUTRAL', 'CLEAR', 'CLEAR', 'OPENING', 'BANCO_OFF')",2,2,5,40.000,BUFF,50.000,0.693147,2.0000
"('TANK', 'TANK', 'NEUTRAL', 'FULL', 'SAFE', 'NORMAL', 'SLOWER', 'MEC_USED', 'CLEAN', 'AFFLICTED', 'NEUTRAL', 'DEBUFF', 'SET', 'CLEAR', 'CLUTCH', 'BANCO_VAZIO')",2,1,5,20.000,ATTACK_STRONG,100.000,-0.000000,1.0000
"('TANK', 'TANK', 'OFFENSIVE_ADV', 'DANGER', 'SAFE', 'NORMAL', 'FASTER', 'MEC_USED', 'CLEAN', 'CLEAN', 'NEUTRAL', 'NEUTRAL', 'SET', 'CLEAR', 'BRAWL', 'BANCO_OFF')",2,2,3,66.667,ATTACK_STRONG,50.000,0.693147,2.0000
"('TANK', 'TANK', 'CRITICAL_DIS', 'SAFE', 'SAFE', 'NORMAL', 'FASTER', 'MEC_USED', 'CLEAN', 'CLEAN', 'NEUTRAL', 'NEUTRAL', 'CLEAR', 'CLEAR', 'OPENING', 'BANCO_OFF')",2,2,7,28.571,ATTACK_PIVOT,50.000,0.693147,2.0000
"('TANK', 'UTILITY', 'OFFENSIVE_DIS', 'FULL', 'FULL', 'FIELD_THEIRS', 'SLOWER', 'MEC_USED', 'CLEAN', 'CLEAN', 'NEUTRAL', 'NEUTRAL', 'CLEAR', 'CLEAR', 'OPENING', 'BANCO_AMBOS')",2,1,6,16.667,ATTACK_STRONG,100.000,-0.000000,1.0000
"('TANK', 'TANK', 'NEUTRAL', 'SAFE', 'SAFE', 'NORMAL', 'FASTER', 'MEC_USED', 'CLEAN', 'CLEAN', 'NEUTRAL', 'NEUTRAL', 'SET', 'CLEAR', 'OPENING', 'BANCO_DEF')",2,2,8,25.000,ATTACK_TECH,50.000,0.693147,2.0000
"('TANK', 'TANK', 'VOLATILE', 'FULL', 'SAFE', 'NORMAL', 'FASTER', 'MEC_AVAIL', 'CLEAN', 'CLEAN', 'NEUTRAL', 'NEUTRAL', 'SET', 'CLEAR', 'OPENING', 'BANCO_OFF')",2,2,10,20.000,ATTACK_STRONG,50.000,0.693147,2.0000
"('TANK', 'TANK', 'DOMINANT', 'FULL', 'SAFE', 'NORMAL', 'FASTER', 'MEC_AVAIL', 'CLEAN', 'CLEAN', 'NEUTRAL', 'NEUTRAL', 'CLEAR', 'CLEAR', 'OPENING', 'BANCO_OFF')",2,2,8,25.000,STATUS_MEC,50.000,0.693147,2.0000
"('TANK', 'TANK', 'NEUTRAL', 'FULL', 'FULL', 'NORMAL', 'SLOWER', 'MEC_USED', 'CLEAN', 'CLEAN', 'NEUTRAL', 'NEUTRAL', 'CLEAR', 'CLEAR', 'BRAWL', 'BANCO_DEF')",2,2,9,22.222,ATTACK_TECH,50.000,0.693147,2.0000
"('UTILITY', 'TANK', 'OFFENSIVE_DIS', 'FULL', 'FULL', 'NORMAL', 'SLOWER', 'MEC_USED', 'CLEAN', 'CLEAN', 'NEUTRAL', 'NEUTRAL', 'CLEAR', 'CLEAR', 'OPENING', 'BANCO_VAZIO')",2,1,6,16.667,ATTACK_PIVOT,100.000,-0.000000,1.0000
"('UTILITY', 'TANK', 'OFFENSIVE_ADV', 'FULL', 'SAFE', 'NORMAL', 'FASTER', 'MEC_USED', 'CLEAN', 'CLEAN', 'NEUTRAL', 'NEUTRAL', 'CLEAR', 'CLEAR', 'OPENING', 'BANCO_OFF')",2,2,5,40.000,ATTACK_TECH,50.000,0.693147,2.0000
"('TANK', 'TANK', 'DEFENSIVE_DIS', 'FULL', 'FULL', 'NORMAL', 'FASTER', 'MEC_USED', 'CLEAN', 'CLEAN', 'NEUTRAL', 'NEUTRAL', 'SET', 'CLEAR', 'BRAWL', 'BANCO_OFF')",2,1,9,11.111,SWITCH_OFFENSIVE,100.000,-0.000000,1.0000
"('TANK', 'TANK', 'NEUTRAL', 'CRIT', 'FULL', 'NORMAL', 'FASTER', 'MEC_USED', 'CLEAN', 'CLEAN', 'NEUTRAL', 'NEUTRAL', 'CLEAR', 'SET', 'CLUTCH', 'BANCO_VAZIO')",2,1,2,50.000,CLEAN_HAZARD,100.000,-0.000000,1.0000
"('TANK', 'TANK', 'DEFENSIVE_DIS', 'SAFE', 'SAFE', 'NORMAL', 'FASTER', 'MEC_USED', 'CLEAN', 'CLEAN', 'NEUTRAL', 'NEUTRAL', 'SET', 'SET', 'CLUTCH', 'BANCO_VAZIO')",2,2,3,66.667,ATTACK_STRONG,50.000,0.693147,2.0000
"('UTILITY', 'SWEEPER', 'OFFENSIVE_ADV', 'FULL', 'FULL', 'NORMAL', 'FASTER', 'MEC_USED', 'CLEAN', 'CLEAN', 'NEUTRAL', 'NEUTRAL', 'CLEAR', 'CLEAR', 'OPENING', 'BANCO_OFF')",2,2,5,40.000,ATTACK_STRONG,50.000,0.693147,2.0000
"('TANK', 'SWEEPER', 'VOLATILE', 'FULL', 'FULL', 'NORMAL', 'SLOWER', 'MEC_AVAIL', 'CLEAN', 'CLEAN', 'NEUTRAL', 'NEUTRAL', 'CLEAR', 'CLEAR', 'OPENING', 'BANCO_OFF')",2,1,6,16.667,SWITCH_DEFENSIVE,100.000,-0.000000,1.0000
"('TANK', 'TANK', 'DOMINANT', 'FULL', 'SAFE', 'FIELD_OURS_OFF', 'FASTER', 'MEC_USED', 'CLEAN', 'CLEAN', 'NEUTRAL', 'NEUTRAL', 'CLEAR', 'CLEAR', 'OPENING', 'BANCO_VAZIO')",2,2,6,33.333,HAZARD,50.000,0.693147,2.0000
"('TANK', 'TANK', 'OFFENSIVE_DIS', 'SAFE', 'SAFE', 'NORMAL', 'SLOWER', 'MEC_USED', 'CLEAN', 'CLEAN', 'NEUTRAL', 'NEUTRAL', 'SET', 'SET', 'OPENING', 'BANCO_OFF')",2,1,7,14.286,SWITCH_OFFENSIVE,100.000,-0.000000,1.0000
"('TANK', 'TANK', 'OFFENSIVE_ADV', 'FULL', 'DANGER', 'NORMAL', 'SLOWER', 'MEC_USED', 'CLEAN', 'CLEAN', 'NEUTRAL', 'NEUTRAL', 'SET', 'CLEAR', 'OPENING', 'BANCO_OFF')",2,2,8,25.000,ATTACK_PIVOT,50.000,0.693147,2.0000
"('TANK', 'TANK', 'OFFENSIVE_DIS', 'FULL', 'FULL', 'NORMAL', 'SLOWER', 'MEC_USED', 'CLEAN', 'CLEAN', 'NEUTRAL', 'NEUTRAL', 'SET', 'SET', 'OPENING', 'BANCO_OFF')",2,2,7,28.571,STAT_CLEAN,50.000,0.693147,2.0000
"('TANK', 'TANK', 'OFFENSIVE_ADV', 'CRIT', 'SAFE', 'NORMAL', 'FASTER', 'MEC_USED', 'CLEAN', 'CLEAN', 'NEUTRAL', 'NEUTRAL', 'SET', 'CLEAR', 'OPENING', 'BANCO_OFF')",2,2,4,50.000,ATTACK_STRONG,50.000,0.693147,2.0000
"('SWEEPER', 'TANK', 'NEUTRAL', 'SAFE', 'FULL', 'NORMAL', 'FASTER', 'MEC_USED', 'CLEAN', 'CLEAN', 'NEUTRAL', 'DEBUFF', 'CLEAR', 'CLEAR', 'OPENING', 'BANCO_OFF')",2,2,4,50.000,ATTACK_STRONG,50.000,0.693147,2.0000
"('TANK', 'TANK', 'DEFENSIVE_ADV', 'FULL', 'FULL', 'FIELD_OURS_DEF', 'FASTER', 'MEC_AVAIL', 'CLEAN', 'CLEAN', 'NEUTRAL', 'NEUTRAL', 'CLEAR', 'CLEAR', 'OPENING', 'BANCO_AMBOS')",2,2,6,33.333,ATTACK_STRONG_MEC,50.000,0.693147,2.0000
"('TANK', 'UTILITY', 'VOLATILE', 'FULL', 'FULL', 'FIELD_OURS_DEF', 'SLOWER', 'MEC_AVAIL', 'CLEAN', 'CLEAN', 'NEUTRAL', 'NEUTRAL', 'CLEAR', 'CLEAR', 'OPENING', 'BANCO_VAZIO')",2,2,4,50.000,ATTACK_STRONG_MEC,50.000,0.693147,2.0000
"('TANK', 'TANK', 'NEUTRAL', 'SAFE', 'FULL', 'NORMAL', 'FASTER', 'MEC_USED', 'CLEAN', 'CLEAN', 'NEUTRAL', 'NEUTRAL', 'SET', 'SET', 'CLUTCH', 'BANCO_VAZIO')",2,2,6,33.333,ATTACK_STRONG,50.000,0.693147,2.0000
"('TANK', 'SWEEPER', 'OFFENSIVE_ADV', 'DANGER', 'DANGER', 'NORMAL', 'SLOWER', 'MEC_USED', 'CLEAN', 'CLEAN', 'NEUTRAL', 'NEUTRAL', 'CLEAR', 'CLEAR', 'OPENING', 'BANCO_AMBOS')",2,2,5,40.000,HEAL,50.000,0.693147,2.0000
"('TANK', 'TANK', 'VOLATILE', 'CRIT', 'FULL', 'NORMAL', 'FASTER', 'MEC_USED', 'CLEAN', 'CLEAN', 'NEUTRAL', 'NEUTRAL', 'SET', 'CLEAR', 'OPENING', 'BANCO_OFF')",2,1,5,20.000,HEAL_STATUS,100.000,-0.000000,1.0000
"('TANK', 'TANK', 'DEFENSIVE_ADV', 'FULL', 'FULL', 'NORMAL', 'FASTER', 'MEC_USED', 'CLEAN', 'CLEAN', 'NEUTRAL', 'NEUTRAL', 'CLEAR', 'SET', 'CLUTCH', 'BANCO_VAZIO')",2,2,7,28.571,ATTACK_TECH,50.000,0.693147,2.0000
"('TANK', 'TANK', 'NEUTRAL', 'DANGER', 'DANGER', 'NORMAL', 'FASTER', 'MEC_USED', 'CLEAN', 'CLEAN', 'NEUTRAL', 'NEUTRAL', 'CLEAR', 'SET', 'OPENING', 'BANCO_OFF')",2,2,6,33.333,ATTACK_PIVOT,50.000,0.693147,2.0000
"('SWEEPER', 'TANK', 'NEUTRAL', 'FULL', 'FULL', 'NORMAL', 'FASTER', 'MEC_USED', 'CLEAN', 'CLEAN', 'DEBUFF', 'NEUTRAL', 'CLEAR', 'CLEAR', 'OPENING', 'BANCO_OFF')",2,1,3,33.333,SWITCH_DEFENSIVE,100.000,-0.000000,1.0000
"('TANK', 'TANK', 'NEUTRAL', 'DANGER', 'FULL', 'NORMAL', 'FASTER', 'MEC_USED', 'CLEAN', 'CLEAN', 'NEUTRAL', 'NEUTRAL', 'SET', 'SET', 'RECOVERING', 'BANCO_VAZIO')",2,2,4,50.000,ATTACK_STRONG,50.000,0.693147,2.0000
"('TANK', 'TANK', 'OFFENSIVE_DIS', 'SAFE', 'CRIT', 'NORMAL', 'SLOWER', 'MEC_USED', 'CLEAN', 'CLEAN', 'NEUTRAL', 'NEUTRAL', 'CLEAR', 'CLEAR', 'OPENING', 'BANCO_OFF')",2,2,8,25.000,HEAL_STATUS,50.000,0.693147,2.0000
"('TANK', 'TANK', 'OFFENSIVE_ADV', 'FULL', 'FULL', 'NORMAL', 'SLOWER', 'MEC_USED', 'CLEAN', 'CLEAN', 'NEUTRAL', 'NEUTRAL', 'CLEAR', 'SET', 'OPENING', 'BANCO_OFF')",2,2,7,28.571,ATTACK_STRONG,50.000,0.693147,2.0000
"('TANK', 'TANK', 'CRITICAL_DIS', 'DANGER', 'FULL', 'NORMAL', 'FASTER', 'MEC_USED', 'CLEAN', 'CLEAN', 'NEUTRAL', 'NEUTRAL', 'CLEAR', 'CLEAR', 'RECOVERING', 'BANCO_VAZIO')",2,2,9,22.222,ATTACK_TECH,50.000,0.693147,2.0000
"('TANK', 'TANK', 'NEUTRAL', 'SAFE', 'CRIT', 'NORMAL', 'SLOWER', 'MEC_USED', 'CLEAN', 'CLEAN', 'NEUTRAL', 'NEUTRAL', 'SET', 'SET', 'RECOVERING', 'BANCO_VAZIO')",2,1,7,14.286,ATTACK_STRONG,100.000,-0.000000,1.0000
"('TANK', 'TANK', 'OFFENSIVE_ADV', 'SAFE', 'FULL', 'NORMAL', 'SLOWER', 'MEC_USED', 'CLEAN', 'CLEAN', 'NEUTRAL', 'NEUTRAL', 'SET', 'CLEAR', 'OPENING', 'BANCO_VAZIO')",2,2,6,33.333,ATTACK_STRONG,50.000,0.693147,2.0000
"('SWEEPER', 'TANK', 'NEUTRAL', 'CRIT', 'FULL', 'NORMAL', 'FASTER', 'MEC_USED', 'CLEAN', 'CLEAN', 'NEUTRAL', 'NEUTRAL', 'CLEAR', 'CLEAR', 'OPENING', 'BANCO_AMBOS')",2,1,3,33.333,SWITCH_DEFENSIVE,100.000,-0.000000,1.0000
"('TANK', 'TANK', 'OFFENSIVE_ADV', 'SAFE', 'FULL', 'FIELD_THEIRS', 'SLOWER', 'MEC_USED', 'CLEAN', 'CLEAN', 'NEUTRAL', 'NEUTRAL', 'SET', 'CLEAR', 'OPENING', 'BANCO_OFF')",2,2,9,22.222,ATTACK_PIVOT,50.000,0.693147,2.0000
"('SWEEPER', 'TANK', 'NEUTRAL', 'FULL', 'FULL', 'NORMAL', 'FASTER', 'MEC_USED', 'CLEAN', 'CLEAN', 'NEUTRAL', 'NEUTRAL', 'CLEAR', 'CLEAR', 'BRAWL', 'BANCO_OFF')",2,2,5,40.000,CLEAN_HAZARD,50.000,0.693147,2.0000
"('TANK', 'TANK', 'STALEMATE', 'FULL', 'FULL', 'NORMAL', 'SLOWER', 'MEC_USED', 'CLEAN', 'CLEAN', 'NEUTRAL', 'NEUTRAL', 'CLEAR', 'CLEAR', 'BRAWL', 'BANCO_OFF')",2,2,7,28.571,STATUS,50.000,0.693147,2.0000
"('SWEEPER', 'TANK', 'OFFENSIVE_ADV', 'SAFE', 'FULL', 'NORMAL', 'FASTER', 'MEC_USED', 'CLEAN', 'CLEAN', 'NEUTRAL', 'NEUTRAL', 'SET', 'CLEAR', 'BRAWL', 'BANCO_OFF')",2,1,5,20.000,ATTACK_TECH,100.000,-0.000000,1.0000
"('TANK', 'TANK', 'OFFENSIVE_DIS', 'DANGER', 'FULL', 'NORMAL', 'SLOWER', 'MEC_USED', 'CLEAN', 'CLEAN', 'NEUTRAL', 'NEUTRAL', 'SET', 'CLEAR', 'OPENING', 'BANCO_OFF')",2,2,5,40.000,ATTACK_STRONG,50.000,0.693147,2.0000
"('SWEEPER', 'TANK', 'OFFENSIVE_ADV', 'FULL', 'FULL', 'NORMAL', 'FASTER', 'MEC_USED', 'CLEAN', 'CLEAN', 'NEUTRAL', 'DEBUFF', 'CLEAR', 'CLEAR', 'BRAWL', 'BANCO_OFF')",2,2,6,33.333,ATTACK_TECH,50.000,0.693147,2.0000
"('TANK', 'TANK', 'NEUTRAL', 'SAFE', 'FULL', 'FIELD_THEIRS', 'SLOWER', 'MEC_USED', 'CLEAN', 'CLEAN', 'NEUTRAL', 'NEUTRAL', 'CLEAR', 'CLEAR', 'OPENING', 'BANCO_AMBOS')",2,1,6,16.667,ATTACK_STRONG,100.000,-0.000000,1.0000
"('TANK', 'UTILITY', 'OFFENSIVE_ADV', 'SAFE', 'SAFE', 'FIELD_THEIRS', 'SLOWER', 'MEC_USED', 'CLEAN', 'CLEAN', 'NEUTRAL', 'NEUTRAL', 'CLEAR', 'CLEAR', 'OPENING', 'BANCO_OFF')",2,1,8,12.500,ATTACK_PIVOT,100.000,-0.000000,1.0000
"('TANK', 'TANK', 'VOLATILE', 'FULL', 'FULL', 'FIELD_OURS_DEF', 'SLOWER', 'MEC_USED', 'CLEAN', 'CLEAN', 'NEUTRAL', 'NEUTRAL', 'CLEAR', 'CLEAR', 'OPENING', 'BANCO_DEF')",2,1,3,33.333,SWITCH_OFFENSIVE,100.000,-0.000000,1.0000
"('TANK', 'TANK', 'DEFENSIVE_DIS', 'FULL', 'SAFE', 'NORMAL', 'FASTER', 'MEC_USED', 'AFFLICTED', 'AFFLICTED', 'NEUTRAL', 'NEUTRAL', 'CLEAR', 'CLEAR', 'RECOVERING', 'BANCO_VAZIO')",2,1,4,25.000,CLEAN_HAZARD,100.000,-0.000000,1.0000
"('TANK', 'TANK', 'NEUTRAL', 'FULL', 'CRIT', 'NORMAL', 'SLOWER', 'MEC_USED', 'CLEAN', 'CLEAN', 'NEUTRAL', 'NEUTRAL', 'SET', 'CLEAR', 'RECOVERING', 'BANCO_VAZIO')",2,1,4,25.000,SWITCH_DEFENSIVE,100.000,-0.000000,1.0000
"('TANK', 'TANK', 'OFFENSIVE_DIS', 'DANGER', 'DANGER', 'NORMAL', 'FASTER', 'MEC_USED', 'CLEAN', 'CLEAN', 'NEUTRAL', 'NEUTRAL', 'CLEAR', 'CLEAR', 'OPENING', 'BANCO_OFF')",2,2,7,28.571,STATUS,50.000,0.693147,2.0000
"('TANK', 'TANK', 'DOMINANT', 'FULL', 'FULL', 'FIELD_OURS_DEF', 'SLOWER', 'MEC_USED', 'CLEAN', 'CLEAN', 'NEUTRAL', 'NEUTRAL', 'CLEAR', 'CLEAR', 'OPENING', 'BANCO_OFF')",2,1,3,33.333,SWITCH_DEFENSIVE,100.000,-0.000000,1.0000
"('TANK', 'UTILITY', 'DEFENSIVE_DIS', 'DANGER', 'SAFE', 'NORMAL', 'SLOWER', 'MEC_USED', 'CLEAN', 'CLEAN', 'NEUTRAL', 'BUFFED', 'CLEAR', 'CLEAR', 'RECOVERING', 'BANCO_VAZIO')",2,1,3,33.333,ATTACK_TECH,100.000,-0.000000,1.0000
"('TANK', 'TANK', 'OFFENSIVE_ADV', 'CRIT', 'FULL', 'NORMAL', 'FASTER', 'MEC_AVAIL', 'CLEAN', 'CLEAN', 'NEUTRAL', 'NEUTRAL', 'CLEAR', 'CLEAR', 'OPENING', 'BANCO_OFF')",2,2,6,33.333,ATTACK_STRONG,50.000,0.693147,2.0000
"('TANK', 'SWEEPER', 'CRITICAL_DIS', 'CRIT', 'SAFE', 'FIELD_THEIRS', 'SLOWER', 'MEC_USED', 'CLEAN', 'CLEAN', 'NEUTRAL', 'NEUTRAL', 'CLEAR', 'CLEAR', 'OPENING', 'BANCO_AMBOS')",2,2,7,28.571,ATTACK_STRONG,50.000,0.693147,2.0000
"('TANK', 'UTILITY', 'NEUTRAL', 'FULL', 'FULL', 'NORMAL', 'SLOWER', 'MEC_AVAIL', 'CLEAN', 'CLEAN', 'NEUTRAL', 'NEUTRAL', 'CLEAR', 'CLEAR', 'OPENING', 'BANCO_OFF')",2,2,10,20.000,ATTACK_TECH_MEC,50.000,0.693147,2.0000
"('SWEEPER', 'SWEEPER', 'VOLATILE', 'FULL', 'FULL', 'NORMAL', 'FASTER', 'MEC_AVAIL', 'CLEAN', 'CLEAN', 'DEBUFF', 'NEUTRAL', 'CLEAR', 'CLEAR', 'OPENING', 'BANCO_OFF')",2,1,6,16.667,ATTACK_STRONG,100.000,-0.000000,1.0000
"('TANK', 'TANK', 'DEFENSIVE_DIS', 'DANGER', 'DANGER', 'NORMAL', 'SLOWER', 'MEC_USED', 'CLEAN', 'CLEAN', 'NEUTRAL', 'NEUTRAL', 'CLEAR', 'CLEAR', 'OPENING', 'BANCO_OFF')",2,2,6,33.333,ATTACK_PIVOT,50.000,0.693147,2.0000
"('TANK', 'TANK', 'OFFENSIVE_DIS', 'FULL', 'FULL', 'NORMAL', 'SLOWER', 'MEC_USED', 'CLEAN', 'AFFLICTED', 'NEUTRAL', 'NEUTRAL', 'CLEAR', 'CLEAR', 'OPENING', 'BANCO_OFF')",2,2,9,22.222,BUFF,50.000,0.693147,2.0000
"('SWEEPER', 'TANK', 'OFFENSIVE_ADV', 'FULL', 'FULL', 'NORMAL', 'FASTER', 'MEC_USED', 'CLEAN', 'CLEAN', 'NEUTRAL', 'NEUTRAL', 'CLEAR', 'CLEAR', 'OPENING', 'BANCO_DEF')",2,1,4,25.000,SWITCH_OFFENSIVE,100.000,-0.000000,1.0000
"('TANK', 'TANK', 'VOLATILE', 'FULL', 'FULL', 'FIELD_OURS_OFF', 'FASTER', 'MEC_USED', 'CLEAN', 'CLEAN', 'NEUTRAL', 'NEUTRAL', 'SET', 'CLEAR', 'OPENING', 'BANCO_OFF')",2,1,5,20.000,SWITCH_DEFENSIVE,100.000,-0.000000,1.0000
"('TANK', 'TANK', 'DOMINANT', 'SAFE', 'SAFE', 'FIELD_THEIRS', 'SLOWER', 'MEC_USED', 'CLEAN', 'CLEAN', 'NEUTRAL', 'NEUTRAL', 'CLEAR', 'CLEAR', 'OPENING', 'BANCO_OFF')",2,2,8,25.000,ATTACK_PIVOT,50.000,0.693147,2.0000
"('TANK', 'TANK', 'VOLATILE', 'DANGER', 'DANGER', 'NORMAL', 'FASTER', 'MEC_USED', 'CLEAN', 'CLEAN', 'NEUTRAL', 'NEUTRAL', 'CLEAR', 'CLEAR', 'OPENING', 'BANCO_OFF')",2,2,9,22.222,ATTACK_TECH,50.000,0.693147,2.0000
"('TANK', 'TANK', 'OFFENSIVE_ADV', 'SAFE', 'SAFE', 'NORMAL', 'FASTER', 'MEC_USED', 'CLEAN', 'CLEAN', 'NEUTRAL', 'DEBUFF', 'CLEAR', 'CLEAR', 'OPENING', 'BANCO_OFF')",2,2,7,28.571,ATTACK_TECH,50.000,0.693147,2.0000
"('TANK', 'TANK', 'DEFENSIVE_DIS', 'FULL', 'SAFE', 'FIELD_SHARED', 'SLOWER', 'MEC_USED', 'CLEAN', 'CLEAN', 'NEUTRAL', 'NEUTRAL', 'CLEAR', 'CLEAR', 'OPENING', 'BANCO_OFF')",2,1,3,33.333,SWITCH_DEFENSIVE,100.000,-0.000000,1.0000
"('TANK', 'TANK', 'NEUTRAL', 'SAFE', 'CRIT', 'NORMAL', 'FASTER', 'MEC_USED', 'AFFLICTED', 'CLEAN', 'NEUTRAL', 'NEUTRAL', 'CLEAR', 'CLEAR', 'RECOVERING', 'BANCO_VAZIO')",2,1,4,25.000,ATTACK_PIVOT,100.000,-0.000000,1.0000
"('TANK', 'TANK', 'NEUTRAL', 'SAFE', 'CRIT', 'NORMAL', 'FASTER', 'MEC_USED', 'CLEAN', 'CLEAN', 'NEUTRAL', 'NEUTRAL', 'SET', 'SET', 'RECOVERING', 'BANCO_VAZIO')",2,1,4,25.000,STATUS,100.000,-0.000000,1.0000
"('TANK', 'TANK', 'CRITICAL_DIS', 'FULL', 'FULL', 'NORMAL', 'FASTER', 'MEC_USED', 'AFFLICTED', 'CLEAN', 'BUFFED', 'NEUTRAL', 'SET', 'SET', 'CLUTCH', 'BANCO_VAZIO')",1,1,6,16.667,SWITCH_DEFENSIVE,100.000,-0.000000,1.0000
"('TANK', 'UTILITY', 'NEUTRAL', 'FULL', 'DANGER', 'NORMAL', 'SLOWER', 'MEC_USED', 'AFFLICTED', 'CLEAN', 'NEUTRAL', 'NEUTRAL', 'CLEAR', 'CLEAR', 'BRAWL', 'BANCO_VAZIO')",1,1,5,20.000,SWITCH_DEFENSIVE,100.000,-0.000000,1.0000
"('TANK', 'UTILITY', 'OFFENSIVE_DIS', 'FULL', 'SAFE', 'NORMAL', 'SLOWER', 'MEC_USED', 'AFFLICTED', 'CLEAN', 'NEUTRAL', 'BUFFED', 'CLEAR', 'CLEAR', 'RECOVERING', 'BANCO_VAZIO')",1,1,4,25.000,STATUS,100.000,-0.000000,1.0000
"('TANK', 'TANK', 'OFFENSIVE_DIS', 'FULL', 'SAFE', 'NORMAL', 'SLOWER', 'MEC_USED', 'CLEAN', 'CLEAN', 'NEUTRAL', 'NEUTRAL', 'SET', 'CLEAR', 'RECOVERING', 'BANCO_VAZIO')",1,1,5,20.000,HAZARD,100.000,-0.000000,1.0000
"('TANK', 'TANK', 'NEUTRAL', 'SAFE', 'SAFE', 'NORMAL', 'SLOWER', 'MEC_USED', 'CLEAN', 'AFFLICTED', 'NEUTRAL', 'DEBUFF', 'SET', 'SET', 'CLUTCH', 'BANCO_VAZIO')",1,1,6,16.667,ATTACK_STRONG,100.000,-0.000000,1.0000
"('TANK', 'TANK', 'STALEMATE', 'FULL', 'FULL', 'NORMAL', 'SLOWER', 'MEC_USED', 'AFFLICTED', 'CLEAN', 'DEBUFF', 'NEUTRAL', 'SET', 'SET', 'CLUTCH', 'BANCO_VAZIO')",1,1,5,20.000,SWITCH_OFFENSIVE,100.000,-0.000000,1.0000
"('TANK', 'UTILITY', 'OFFENSIVE_DIS', 'FULL', 'SAFE', 'NORMAL', 'SLOWER', 'MEC_USED', 'CLEAN', 'CLEAN', 'NEUTRAL', 'BUFFED', 'CLEAR', 'CLEAR', 'RECOVERING', 'BANCO_VAZIO')",1,1,5,20.000,ATTACK_STRONG,100.000,-0.000000,1.0000
"('TANK', 'SWEEPER', 'OFFENSIVE_ADV', 'DANGER', 'FULL', 'FIELD_SHARED', 'SLOWER', 'MEC_USED', 'CLEAN', 'CLEAN', 'NEUTRAL', 'NEUTRAL', 'CLEAR', 'CLEAR', 'OPENING', 'BANCO_OFF')",1,1,6,16.667,CLEAN_HAZARD,100.000,-0.000000,1.0000
"('TANK', 'TANK', 'DEFENSIVE_DIS', 'SAFE', 'FULL', 'FIELD_SHARED', 'FASTER', 'MEC_AVAIL', 'CLEAN', 'CLEAN', 'NEUTRAL', 'NEUTRAL', 'CLEAR', 'CLEAR', 'OPENING', 'BANCO_AMBOS')",1,1,6,16.667,ATTACK_STRONG_MEC,100.000,-0.000000,1.0000
"('TANK', 'SWEEPER', 'OFFENSIVE_ADV', 'FULL', 'FULL', 'FIELD_THEIRS', 'SLOWER', 'MEC_USED', 'AFFLICTED', 'CLEAN', 'NEUTRAL', 'NEUTRAL', 'CLEAR', 'CLEAR', 'OPENING', 'BANCO_OFF')",1,1,6,16.667,SWITCH_OFFENSIVE,100.000,-0.000000,1.0000
"('TANK', 'TANK', 'OFFENSIVE_DIS', 'FULL', 'FULL', 'NORMAL', 'FASTER', 'MEC_USED', 'AFFLICTED', 'AFFLICTED', 'NEUTRAL', 'NEUTRAL', 'CLEAR', 'CLEAR', 'RECOVERING', 'BANCO_VAZIO')",1,1,4,25.000,CLEAN_HAZARD,100.000,-0.000000,1.0000
"('TANK', 'TANK', 'DEFENSIVE_DIS', 'SAFE', 'CRIT', 'NORMAL', 'SLOWER', 'MEC_USED', 'CLEAN', 'CLEAN', 'NEUTRAL', 'NEUTRAL', 'SET', 'SET', 'RECOVERING', 'BANCO_VAZIO')",1,1,4,25.000,ATTACK_STRONG,100.000,-0.000000,1.0000
"('TANK', 'TANK', 'NEUTRAL', 'CRIT', 'SAFE', 'NORMAL', 'FASTER', 'MEC_USED', 'CLEAN', 'CLEAN', 'NEUTRAL', 'NEUTRAL', 'SET', 'SET', 'BRAWL', 'BANCO_VAZIO')",1,1,3,33.333,SWITCH_DEFENSIVE,100.000,-0.000000,1.0000
"('TANK', 'TANK', 'CRITICAL_DIS', 'FULL', 'DANGER', 'NORMAL', 'SLOWER', 'MEC_USED', 'CLEAN', 'CLEAN', 'NEUTRAL', 'NEUTRAL', 'CLEAR', 'SET', 'RECOVERING', 'BANCO_VAZIO')",1,1,3,33.333,HEAL,100.000,-0.000000,1.0000
"('TANK', 'TANK', 'NEUTRAL', 'SAFE', 'DANGER', 'NORMAL', 'SLOWER', 'MEC_USED', 'CLEAN', 'CLEAN', 'NEUTRAL', 'NEUTRAL', 'SET', 'CLEAR', 'BRAWL', 'BANCO_VAZIO')",1,1,6,16.667,ATTACK_TECH,100.000,-0.000000,1.0000
"('TANK', 'TANK', 'STALEMATE', 'FULL', 'SAFE', 'NORMAL', 'SLOWER', 'MEC_USED', 'CLEAN', 'CLEAN', 'NEUTRAL', 'NEUTRAL', 'CLEAR', 'CLEAR', 'RECOVERING', 'BANCO_VAZIO')",1,1,4,25.000,ATTACK_PIVOT,100.000,-0.000000,1.0000
"('TANK', 'TANK', 'CRITICAL_DIS', 'SAFE', 'FULL', 'FIELD_THEIRS', 'SLOWER', 'MEC_USED', 'CLEAN', 'CLEAN', 'NEUTRAL', 'NEUTRAL', 'CLEAR', 'CLEAR', 'OPENING', 'BANCO_OFF')",1,1,5,20.000,PROTECT,100.000,-0.000000,1.0000
"('TANK', 'TANK', 'DEFENSIVE_DIS', 'FULL', 'FULL', 'NORMAL', 'SLOWER', 'MEC_USED', 'CLEAN', 'AFFLICTED', 'NEUTRAL', 'NEUTRAL', 'CLEAR', 'CLEAR', 'BRAWL', 'BANCO_VAZIO')",1,1,6,16.667,ATTACK_STRONG,100.000,-0.000000,1.0000
"('TANK', 'TANK', 'NEUTRAL', 'FULL', 'FULL', 'NORMAL', 'FASTER', 'MEC_USED', 'CLEAN', 'CLEAN', 'NEUTRAL', 'NEUTRAL', 'SET', 'CLEAR', 'DOMINATING', 'BANCO_OFF')",1,1,4,25.000,STATUS,100.000,-0.000000,1.0000
"('SWEEPER', 'TANK', 'VOLATILE', 'FULL', 'FULL', 'NORMAL', 'FASTER', 'MEC_USED', 'CLEAN', 'CLEAN', 'NEUTRAL', 'DEBUFF', 'CLEAR', 'CLEAR', 'OPENING', 'BANCO_AMBOS')",1,1,5,20.000,CLEAN_HAZARD,100.000,-0.000000,1.0000
"('UTILITY', 'TANK', 'DEFENSIVE_ADV', 'FULL', 'FULL', 'FIELD_SHARED', 'FASTER', 'MEC_USED', 'CLEAN', 'CLEAN', 'NEUTRAL', 'NEUTRAL', 'CLEAR', 'CLEAR', 'OPENING', 'BANCO_VAZIO')",1,1,4,25.000,SWITCH_OFFENSIVE,100.000,-0.000000,1.0000
"('TANK', 'UTILITY', 'VOLATILE', 'FULL', 'FULL', 'NORMAL', 'SLOWER', 'MEC_USED', 'CLEAN', 'CLEAN', 'NEUTRAL', 'NEUTRAL', 'SET', 'CLEAR', 'OPENING', 'BANCO_OFF')",1,1,6,16.667,ATTACK_PIVOT,100.000,-0.000000,1.0000
"('TANK', 'TANK', 'DEFENSIVE_ADV', 'SAFE', 'SAFE', 'NORMAL', 'SLOWER', 'MEC_USED', 'CLEAN', 'CLEAN', 'NEUTRAL', 'NEUTRAL', 'CLEAR', 'SET', 'RECOVERING', 'BANCO_VAZIO')",1,1,4,25.000,HEAL,100.000,-0.000000,1.0000
"('TANK', 'TANK', 'CRITICAL_DIS', 'FULL', 'SAFE', 'FIELD_SHARED', 'SLOWER', 'MEC_USED', 'CLEAN', 'CLEAN', 'NEUTRAL', 'NEUTRAL', 'CLEAR', 'CLEAR', 'OPENING', 'BANCO_OFF')",1,1,6,16.667,ATTACK_STRONG,100.000,-0.000000,1.0000
"('UTILITY', 'UTILITY', 'OFFENSIVE_ADV', 'FULL', 'FULL', 'NORMAL', 'SLOWER', 'MEC_USED', 'CLEAN', 'CLEAN', 'NEUTRAL', 'NEUTRAL', 'CLEAR', 'CLEAR', 'OPENING', 'BANCO_OFF')",1,1,5,20.000,ATTACK_STRONG,100.000,-0.000000,1.0000
"('TANK', 'TANK', 'NEUTRAL', 'SAFE', 'DANGER', 'NORMAL', 'SLOWER', 'MEC_USED', 'CLEAN', 'CLEAN', 'NEUTRAL', 'NEUTRAL', 'SET', 'CLEAR', 'OPENING', 'BANCO_VAZIO')",1,1,6,16.667,CLEAN_HAZARD,100.000,-0.000000,1.0000
"('TANK', 'TANK', 'NEUTRAL', 'DANGER', 'SAFE', 'NORMAL', 'SLOWER', 'MEC_USED', 'AFFLICTED', 'CLEAN', 'DEBUFF', 'NEUTRAL', 'SET', 'SET', 'RECOVERING', 'BANCO_VAZIO')",1,1,1,100.000,ATTACK_STRONG,100.000,-0.000000,1.0000
"('TANK', 'SWEEPER', 'DEFENSIVE_DIS', 'FULL', 'FULL', 'FIELD_OURS_DEF', 'SLOWER', 'MEC_USED', 'CLEAN', 'CLEAN', 'DEBUFF', 'NEUTRAL', 'CLEAR', 'CLEAR', 'OPENING', 'BANCO_AMBOS')",1,1,3,33.333,SWITCH_DEFENSIVE,100.000,-0.000000,1.0000
"('TANK', 'TANK', 'OFFENSIVE_ADV', 'SAFE', 'FULL', 'NORMAL', 'FASTER', 'MEC_USED', 'CLEAN', 'CLEAN', 'BUFFED', 'NEUTRAL', 'SET', 'CLEAR', 'OPENING', 'BANCO_OFF')",1,1,4,25.000,ATTACK_STRONG,100.000,-0.000000,1.0000
"('TANK', 'SWEEPER', 'DEFENSIVE_DIS', 'FULL', 'SAFE', 'FIELD_THEIRS', 'SLOWER', 'MEC_USED', 'CLEAN', 'CLEAN', 'NEUTRAL', 'NEUTRAL', 'CLEAR', 'CLEAR', 'OPENING', 'BANCO_AMBOS')",1,1,6,16.667,ATTACK_PIVOT,100.000,-0.000000,1.0000
"('TANK', 'TANK', 'DEFENSIVE_DIS', 'SAFE', 'CRIT', 'NORMAL', 'SLOWER', 'MEC_USED', 'CLEAN', 'CLEAN', 'NEUTRAL', 'NEUTRAL', 'CLEAR', 'CLEAR', 'RECOVERING', 'BANCO_VAZIO')",1,1,5,20.000,HEAL,100.000,-0.000000,1.0000
"('TANK', 'TANK', 'NEUTRAL', 'SAFE', 'DANGER', 'NORMAL', 'FASTER', 'MEC_USED', 'CLEAN', 'CLEAN', 'NEUTRAL', 'NEUTRAL', 'CLEAR', 'CLEAR', 'OPENING', 'BANCO_AMBOS')",1,1,5,20.000,SWITCH_DEFENSIVE,100.000,-0.000000,1.0000
"('TANK', 'UTILITY', 'DOMINANT', 'SAFE', 'FULL', 'FIELD_SHARED', 'SLOWER', 'MEC_USED', 'CLEAN', 'CLEAN', 'NEUTRAL', 'NEUTRAL', 'CLEAR', 'CLEAR', 'OPENING', 'BANCO_OFF')",1,1,5,20.000,STATUS,100.000,-0.000000,1.0000
"('TANK', 'TANK', 'NEUTRAL', 'FULL', 'SAFE', 'FIELD_THEIRS', 'SLOWER', 'MEC_USED', 'CLEAN', 'CLEAN', 'NEUTRAL', 'NEUTRAL', 'CLEAR', 'CLEAR', 'OPENING', 'BANCO_AMBOS')",1,1,5,20.000,ATTACK_TECH,100.000,-0.000000,1.0000
"('TANK', 'TANK', 'NEUTRAL', 'SAFE', 'FULL', 'NORMAL', 'FASTER', 'MEC_USED', 'AFFLICTED', 'CLEAN', 'NEUTRAL', 'NEUTRAL', 'CLEAR', 'CLEAR', 'OPENING', 'BANCO_AMBOS')",1,1,3,33.333,SWITCH_DEFENSIVE,100.000,-0.000000,1.0000
"('TANK', 'TANK', 'NEUTRAL', 'SAFE', 'FULL', 'NORMAL', 'SLOWER', 'MEC_USED', 'CLEAN', 'CLEAN', 'NEUTRAL', 'NEUTRAL', 'SET', 'SET', 'OPENING', 'BANCO_AMBOS')",1,1,6,16.667,STATUS,100.000,-0.000000,1.0000
"('TANK', 'TANK', 'VOLATILE', 'SAFE', 'FULL', 'NORMAL', 'FASTER', 'MEC_USED', 'CLEAN', 'CLEAN', 'NEUTRAL', 'NEUTRAL', 'SET', 'CLEAR', 'RECOVERING', 'BANCO_VAZIO')",1,1,1,100.000,ATTACK_PIVOT,100.000,-0.000000,1.0000
"('TANK', 'TANK', 'NEUTRAL', 'DANGER', 'FULL', 'NORMAL', 'SLOWER', 'MEC_USED', 'CLEAN', 'CLEAN', 'NEUTRAL', 'NEUTRAL', 'SET', 'SET', 'CLUTCH', 'BANCO_VAZIO')",1,1,3,33.333,STATUS,100.000,-0.000000,1.0000
"('TANK', 'TANK', 'CRITICAL_DIS', 'FULL', 'SAFE', 'NORMAL', 'FASTER', 'MEC_USED', 'CLEAN', 'CLEAN', 'NEUTRAL', 'NEUTRAL', 'CLEAR', 'CLEAR', 'OPENING', 'BANCO_OFF')",1,1,6,16.667,HEAL,100.000,-0.000000,1.0000
"('TANK', 'TANK', 'DEFENSIVE_DIS', 'FULL', 'SAFE', 'NORMAL', 'FASTER', 'MEC_USED', 'CLEAN', 'CLEAN', 'NEUTRAL', 'NEUTRAL', 'CLEAR', 'SET', 'OPENING', 'BANCO_AMBOS')",1,1,3,33.333,SWITCH_OFFENSIVE,100.000,-0.000000,1.0000
"('TANK', 'SWEEPER', 'OFFENSIVE_ADV', 'SAFE', 'CRIT', 'NORMAL', 'SLOWER', 'MEC_USED', 'CLEAN', 'CLEAN', 'NEUTRAL', 'NEUTRAL', 'CLEAR', 'CLEAR', 'OPENING', 'BANCO_OFF')",1,1,5,20.000,STATUS,100.000,-0.000000,1.0000
"('UTILITY', 'TANK', 'NEUTRAL', 'SAFE', 'FULL', 'NORMAL', 'FASTER', 'MEC_USED', 'CLEAN', 'CLEAN', 'NEUTRAL', 'NEUTRAL', 'CLEAR', 'CLEAR', 'OPENING', 'BANCO_AMBOS')",1,1,5,20.000,ATTACK_PIVOT,100.000,-0.000000,1.0000
"('TANK', 'TANK', 'NEUTRAL', 'FULL', 'FULL', 'FIELD_OURS_OFF', 'FASTER', 'MEC_USED', 'CLEAN', 'CLEAN', 'NEUTRAL', 'NEUTRAL', 'SET', 'CLEAR', 'OPENING', 'BANCO_OFF')",1,1,6,16.667,ATTACK_TECH,100.000,-0.000000,1.0000
"('TANK', 'TANK', 'NEUTRAL', 'FULL', 'SAFE', 'NORMAL', 'FASTER', 'MEC_USED', 'AFFLICTED', 'CLEAN', 'NEUTRAL', 'NEUTRAL', 'CLEAR', 'CLEAR', 'OPENING', 'BANCO_VAZIO')",1,1,3,33.333,SWITCH_OFFENSIVE,100.000,-0.000000,1.0000
"('TANK', 'TANK', 'CRITICAL_DIS', 'SAFE', 'FULL', 'NORMAL', 'SLOWER', 'MEC_USED', 'CLEAN', 'CLEAN', 'NEUTRAL', 'NEUTRAL', 'CLEAR', 'CLEAR', 'BRAWL', 'BANCO_OFF')",1,1,5,20.000,SWITCH_OFFENSIVE,100.000,-0.000000,1.0000
"('SWEEPER', 'TANK', 'NEUTRAL', 'SAFE', 'FULL', 'FIELD_SHARED', 'FASTER', 'MEC_USED', 'CLEAN', 'CLEAN', 'NEUTRAL', 'NEUTRAL', 'CLEAR', 'CLEAR', 'OPENING', 'BANCO_AMBOS')",1,1,3,33.333,ATTACK_STRONG,100.000,-0.000000,1.0000
"('TANK', 'SWEEPER', 'OFFENSIVE_ADV', 'DANGER', 'FULL', 'NORMAL', 'SLOWER', 'MEC_USED', 'CLEAN', 'CLEAN', 'NEUTRAL', 'NEUTRAL', 'CLEAR', 'CLEAR', 'OPENING', 'BANCO_VAZIO')",1,1,4,25.000,ATTACK_TECH,100.000,-0.000000,1.0000
"('TANK', 'TANK', 'NEUTRAL', 'FULL', 'SAFE', 'NORMAL', 'FASTER', 'MEC_USED', 'AFFLICTED', 'CLEAN', 'NEUTRAL', 'NEUTRAL', 'CLEAR', 'SET', 'CLUTCH', 'BANCO_VAZIO')",1,1,5,20.000,ATTACK_STRONG,100.000,-0.000000,1.0000
"('TANK', 'TANK', 'OFFENSIVE_ADV', 'SAFE', 'DANGER', 'NORMAL', 'FASTER', 'MEC_USED', 'CLEAN', 'CLEAN', 'NEUTRAL', 'NEUTRAL', 'CLEAR', 'CLEAR', 'BRAWL', 'BANCO_OFF')",1,1,5,20.000,HEAL,100.000,-0.000000,1.0000
"('TANK', 'TANK', 'OFFENSIVE_DIS', 'SAFE', 'SAFE', 'NORMAL', 'FASTER', 'MEC_USED', 'CLEAN', 'CLEAN', 'NEUTRAL', 'NEUTRAL', 'CLEAR', 'CLEAR', 'BRAWL', 'BANCO_OFF')",1,1,6,16.667,ATTACK_PIVOT,100.000,-0.000000,1.0000
"('TANK', 'TANK', 'OFFENSIVE_DIS', 'FULL', 'SAFE', 'NORMAL', 'SLOWER', 'MEC_USED', 'CLEAN', 'CLEAN', 'NEUTRAL', 'NEUTRAL', 'CLEAR', 'SET', 'OPENING', 'BANCO_OFF')",1,1,6,16.667,STATUS,100.000,-0.000000,1.0000
"('TANK', 'TANK', 'VOLATILE', 'FULL', 'FULL', 'NORMAL', 'FASTER', 'MEC_AVAIL', 'CLEAN', 'CLEAN', 'NEUTRAL', 'NEUTRAL', 'SET', 'CLEAR', 'OPENING', 'BANCO_OFF')",1,1,6,16.667,ATTACK_PIVOT_MEC,100.000,-0.000000,1.0000
"('UTILITY', 'TANK', 'CRITICAL_DIS', 'FULL', 'FULL', 'FIELD_SHARED', 'FASTER', 'MEC_USED', 'CLEAN', 'CLEAN', 'NEUTRAL', 'NEUTRAL', 'CLEAR', 'CLEAR', 'OPENING', 'BANCO_OFF')",1,1,4,25.000,SWITCH_OFFENSIVE,100.000,-0.000000,1.0000
"('TANK', 'SWEEPER', 'DEFENSIVE_DIS', 'FULL', 'SAFE', 'NORMAL', 'SLOWER', 'MEC_USED', 'CLEAN', 'CLEAN', 'NEUTRAL', 'NEUTRAL', 'CLEAR', 'CLEAR', 'OPENING', 'BANCO_OFF')",1,1,5,20.000,CLEAN_HAZARD,100.000,-0.000000,1.0000
"('TANK', 'SWEEPER', 'OFFENSIVE_DIS', 'FULL', 'FULL', 'NORMAL', 'SLOWER', 'MEC_USED', 'CLEAN', 'CLEAN', 'NEUTRAL', 'NEUTRAL', 'CLEAR', 'CLEAR', 'BRAWL', 'BANCO_OFF')",1,1,5,20.000,ATTACK_TECH,100.000,-0.000000,1.0000
"('TANK', 'TANK', 'OFFENSIVE_ADV', 'DANGER', 'SAFE', 'FIELD_THEIRS', 'FASTER', 'MEC_USED', 'CLEAN', 'CLEAN', 'NEUTRAL', 'NEUTRAL', 'CLEAR', 'CLEAR', 'OPENING', 'BANCO_OFF')",1,1,3,33.333,SWITCH_DEFENSIVE,100.000,-0.000000,1.0000
"('TANK', 'TANK', 'NEUTRAL', 'SAFE', 'SAFE', 'NORMAL', 'FASTER', 'MEC_USED', 'CLEAN', 'CLEAN', 'NEUTRAL', 'NEUTRAL', 'SET', 'SET', 'DOMINATING', 'BANCO_VAZIO')",1,1,1,100.000,ATTACK_STRONG,100.000,-0.000000,1.0000
"('TANK', 'TANK', 'OFFENSIVE_ADV', 'FULL', 'DANGER', 'NORMAL', 'FASTER', 'MEC_USED', 'CLEAN', 'CLEAN', 'NEUTRAL', 'NEUTRAL', 'CLEAR', 'CLEAR', 'OPENING', 'BANCO_AMBOS')",1,1,4,25.000,SWITCH_DEFENSIVE,100.000,-0.000000,1.0000
"('TANK', 'TANK', 'OFFENSIVE_DIS', 'FULL', 'FULL', 'FIELD_SHARED', 'FASTER', 'MEC_USED', 'AFFLICTED', 'CLEAN', 'NEUTRAL', 'NEUTRAL', 'CLEAR', 'CLEAR', 'OPENING', 'BANCO_OFF')",1,1,6,16.667,HEAL,100.000,-0.000000,1.0000
"('TANK', 'TANK', 'OFFENSIVE_DIS', 'SAFE', 'SAFE', 'NORMAL', 'FASTER', 'MEC_USED', 'CLEAN', 'CLEAN', 'NEUTRAL', 'NEUTRAL', 'SET', 'SET', 'BRAWL', 'BANCO_OFF')",1,1,6,16.667,ATTACK_STRONG,100.000,-0.000000,1.0000
"('TANK', 'TANK', 'OFFENSIVE_ADV', 'FULL', 'FULL', 'FIELD_SHARED', 'FASTER', 'MEC_AVAIL', 'CLEAN', 'CLEAN', 'NEUTRAL', 'NEUTRAL', 'SET', 'CLEAR', 'OPENING', 'BANCO_AMBOS')",1,1,8,12.500,HAZARD,100.000,-0.000000,1.0000
"('TANK', 'TANK', 'NEUTRAL', 'CRIT', 'SAFE', 'NORMAL', 'FASTER', 'MEC_USED', 'CLEAN', 'CLEAN', 'NEUTRAL', 'NEUTRAL', 'CLEAR', 'CLEAR', 'BRAWL', 'BANCO_VAZIO')",1,1,6,16.667,HEAL,100.000,-0.000000,1.0000
"('TANK', 'TANK', 'DEFENSIVE_DIS', 'SAFE', 'SAFE', 'NORMAL', 'SLOWER', 'MEC_USED', 'CLEAN', 'CLEAN', 'NEUTRAL', 'NEUTRAL', 'SET', 'SET', 'CLUTCH', 'BANCO_VAZIO')",1,1,4,25.000,ATTACK_STRONG,100.000,-0.000000,1.0000
"('TANK', 'TANK', 'NEUTRAL', 'DANGER', 'FULL', 'FIELD_SHARED', 'SLOWER', 'MEC_USED', 'CLEAN', 'CLEAN', 'NEUTRAL', 'NEUTRAL', 'CLEAR', 'CLEAR', 'OPENING', 'BANCO_OFF')",1,1,6,16.667,HEAL,100.000,-0.000000,1.0000
"('TANK', 'TANK', 'DEFENSIVE_DIS', 'CRIT', 'FULL', 'NORMAL', 'FASTER', 'MEC_USED', 'CLEAN', 'CLEAN', 'NEUTRAL', 'NEUTRAL', 'CLEAR', 'CLEAR', 'OPENING', 'BANCO_AMBOS')",1,1,3,33.333,SWITCH_DEFENSIVE,100.000,-0.000000,1.0000
"('TANK', 'TANK', 'VOLATILE', 'FULL', 'SAFE', 'NORMAL', 'FASTER', 'MEC_USED', 'CLEAN', 'CLEAN', 'NEUTRAL', 'NEUTRAL', 'CLEAR', 'CLEAR', 'BRAWL', 'BANCO_OFF')",1,1,5,20.000,CLEAN_HAZARD,100.000,-0.000000,1.0000
"('TANK', 'TANK', 'NEUTRAL', 'FULL', 'FULL', 'NORMAL', 'FASTER', 'MEC_USED', 'CLEAN', 'AFFLICTED', 'NEUTRAL', 'BUFFED', 'CLEAR', 'CLEAR', 'RECOVERING', 'BANCO_VAZIO')",1,1,3,33.333,CLEAN_HAZARD,100.000,-0.000000,1.0000
"('SWEEPER', 'TANK', 'OFFENSIVE_ADV', 'FULL', 'FULL', 'FIELD_OURS_OFF', 'FASTER', 'MEC_AVAIL', 'CLEAN', 'CLEAN', 'NEUTRAL', 'NEUTRAL', 'CLEAR', 'CLEAR', 'OPENING', 'BANCO_AMBOS')",1,1,6,16.667,BUFF,100.000,-0.000000,1.0000
"('TANK', 'TANK', 'NEUTRAL', 'FULL', 'DANGER', 'NORMAL', 'FASTER', 'MEC_AVAIL', 'CLEAN', 'CLEAN', 'NEUTRAL', 'NEUTRAL', 'CLEAR', 'CLEAR', 'OPENING', 'BANCO_OFF')",1,1,6,16.667,BUFF_MEC,100.000,-0.000000,1.0000
"('TANK', 'TANK', 'NEUTRAL', 'SAFE', 'DANGER', 'FIELD_THEIRS', 'SLOWER', 'MEC_USED', 'CLEAN', 'CLEAN', 'NEUTRAL', 'NEUTRAL', 'CLEAR', 'CLEAR', 'OPENING', 'BANCO_OFF')",1,1,3,33.333,ATTACK_STRONG,100.000,-0.000000,1.0000
"('TANK', 'TANK', 'NEUTRAL', 'DANGER', 'SAFE', 'NORMAL', 'FASTER', 'MEC_USED', 'CLEAN', 'CLEAN', 'NEUTRAL', 'NEUTRAL', 'CLEAR', 'SET', 'OPENING', 'BANCO_OFF')",1,1,5,20.000,ATTACK_PIVOT,100.000,-0.000000,1.0000
"('TANK', 'TANK', 'NEUTRAL', 'SAFE', 'FULL', 'FIELD_SHARED', 'FASTER', 'MEC_USED', 'CLEAN', 'CLEAN', 'NEUTRAL', 'NEUTRAL', 'SET', 'CLEAR', 'OPENING', 'BANCO_OFF')",1,1,6,16.667,FIELD_CONTROL,100.000,-0.000000,1.0000
"('SWEEPER', 'TANK', 'OFFENSIVE_ADV', 'CRIT', 'FULL', 'NORMAL', 'FASTER', 'MEC_USED', 'CLEAN', 'CLEAN', 'NEUTRAL', 'NEUTRAL', 'CLEAR', 'CLEAR', 'OPENING', 'BANCO_OFF')",1,1,3,33.333,CLEAN_HAZARD,100.000,-0.000000,1.0000
"('TANK', 'TANK', 'DEFENSIVE_DIS', 'SAFE', 'FULL', 'NORMAL', 'SLOWER', 'MEC_USED', 'CLEAN', 'CLEAN', 'NEUTRAL', 'NEUTRAL', 'CLEAR', 'CLEAR', 'BRAWL', 'BANCO_OFF')",1,1,6,16.667,ATTACK_STRONG,100.000,-0.000000,1.0000
"('TANK', 'TANK', 'OFFENSIVE_DIS', 'SAFE', 'FULL', 'NORMAL', 'SLOWER', 'MEC_USED', 'CLEAN', 'CLEAN', 'NEUTRAL', 'NEUTRAL', 'SET', 'SET', 'BRAWL', 'BANCO_VAZIO')",1,1,6,16.667,ATTACK_TECH,100.000,-0.000000,1.0000
"('TANK', 'TANK', 'NEUTRAL', 'FULL', 'FULL', 'NORMAL', 'SLOWER', 'MEC_USED', 'CLEAN', 'CLEAN', 'NEUTRAL', 'NEUTRAL', 'CLEAR', 'SET', 'BRAWL', 'BANCO_OFF')",1,1,6,16.667,SWITCH_OFFENSIVE,100.000,-0.000000,1.0000
"('TANK', 'TANK', 'DEFENSIVE_DIS', 'SAFE', 'CRIT', 'NORMAL', 'FASTER', 'MEC_USED', 'CLEAN', 'CLEAN', 'NEUTRAL', 'NEUTRAL', 'SET', 'CLEAR', 'RECOVERING', 'BANCO_VAZIO')",1,1,2,50.000,STATUS,100.000,-0.000000,1.0000
"('TANK', 'TANK', 'VOLATILE', 'DANGER', 'FULL', 'NORMAL', 'FASTER', 'MEC_USED', 'CLEAN', 'CLEAN', 'NEUTRAL', 'NEUTRAL', 'SET', 'CLEAR', 'RECOVERING', 'BANCO_VAZIO')",1,1,2,50.000,STATUS,100.000,-0.000000,1.0000
"('TANK', 'UTILITY', 'OFFENSIVE_DIS', 'SAFE', 'SAFE', 'NORMAL', 'SLOWER', 'MEC_USED', 'CLEAN', 'CLEAN', 'NEUTRAL', 'NEUTRAL', 'CLEAR', 'CLEAR', 'OPENING', 'BANCO_AMBOS')",1,1,6,16.667,HEAL,100.000,-0.000000,1.0000
"('TANK', 'TANK', 'DEFENSIVE_ADV', 'FULL', 'SAFE', 'NORMAL', 'SLOWER', 'MEC_USED', 'CLEAN', 'CLEAN', 'NEUTRAL', 'NEUTRAL', 'SET', 'CLEAR', 'OPENING', 'BANCO_AMBOS')",1,1,3,33.333,SWITCH_DEFENSIVE,100.000,-0.000000,1.0000
"('TANK', 'TANK', 'VOLATILE', 'FULL', 'FULL', 'NORMAL', 'SLOWER', 'MEC_USED', 'CLEAN', 'CLEAN', 'NEUTRAL', 'NEUTRAL', 'CLEAR', 'CLEAR', 'BRAWL', 'BANCO_OFF')",1,1,6,16.667,PHAZE,100.000,-0.000000,1.0000
"('SWEEPER', 'TANK', 'NEUTRAL', 'FULL', 'FULL', 'FIELD_SHARED', 'FASTER', 'MEC_AVAIL', 'CLEAN', 'CLEAN', 'NEUTRAL', 'NEUTRAL', 'CLEAR', 'CLEAR', 'OPENING', 'BANCO_AMBOS')",1,1,8,12.500,STATUS_MEC,100.000,-0.000000,1.0000
"('TANK', 'TANK', 'DOMINANT', 'FULL', 'SAFE', 'NORMAL', 'SLOWER', 'MEC_AVAIL', 'CLEAN', 'CLEAN', 'NEUTRAL', 'NEUTRAL', 'CLEAR', 'CLEAR', 'OPENING', 'BANCO_OFF')",1,1,8,12.500,ATTACK_TECH_MEC,100.000,-0.000000,1.0000
"('TANK', 'TANK', 'NEUTRAL', 'CRIT', 'DANGER', 'NORMAL', 'FASTER', 'MEC_USED', 'CLEAN', 'CLEAN', 'NEUTRAL', 'NEUTRAL', 'SET', 'SET', 'CLUTCH', 'BANCO_VAZIO')",1,1,3,33.333,HAZARD,100.000,-0.000000,1.0000
"('TANK', 'TANK', 'VOLATILE', 'SAFE', 'FULL', 'FIELD_SHARED', 'SLOWER', 'MEC_USED', 'CLEAN', 'CLEAN', 'NEUTRAL', 'NEUTRAL', 'CLEAR', 'CLEAR', 'OPENING', 'BANCO_OFF')",1,1,3,33.333,ATTACK_STRONG,100.000,-0.000000,1.0000
"('TANK', 'SWEEPER', 'OFFENSIVE_DIS', 'FULL', 'FULL', 'FIELD_OURS_DEF', 'SLOWER', 'MEC_USED', 'CLEAN', 'CLEAN', 'NEUTRAL', 'NEUTRAL', 'CLEAR', 'CLEAR', 'OPENING', 'BANCO_OFF')",1,1,6,16.667,STATUS,100.000,-0.000000,1.0000
"('TANK', 'TANK', 'DEFENSIVE_DIS', 'FULL', 'FULL', 'FIELD_THEIRS', 'FASTER', 'MEC_AVAIL', 'CLEAN', 'CLEAN', 'NEUTRAL', 'NEUTRAL', 'CLEAR', 'CLEAR', 'OPENING', 'BANCO_AMBOS')",1,1,8,12.500,ATTACK_STRONG_MEC,100.000,-0.000000,1.0000
"('TANK', 'TANK', 'NEUTRAL', 'DANGER', 'SAFE', 'NORMAL', 'FASTER', 'MEC_USED', 'CLEAN', 'CLEAN', 'NEUTRAL', 'NEUTRAL', 'SET', 'SET', 'OPENING', 'BANCO_OFF')",1,1,6,16.667,HAZARD,100.000,-0.000000,1.0000
"('TANK', 'TANK', 'OFFENSIVE_ADV', 'FULL', 'SAFE', 'NORMAL', 'FASTER', 'MEC_AVAIL', 'CLEAN', 'CLEAN', 'NEUTRAL', 'NEUTRAL', 'CLEAR', 'CLEAR', 'BRAWL', 'BANCO_OFF')",1,1,6,16.667,ATTACK_STRONG,100.000,-0.000000,1.0000
"('TANK', 'TANK', 'DOMINANT', 'FULL', 'FULL', 'NORMAL', 'FASTER', 'MEC_USED', 'CLEAN', 'CLEAN', 'NEUTRAL', 'NEUTRAL', 'SET', 'CLEAR', 'OPENING', 'BANCO_VAZIO')",1,1,6,16.667,ATTACK_TECH,100.000,-0.000000,1.0000
"('TANK', 'UTILITY', 'DEFENSIVE_DIS', 'SAFE', 'FULL', 'NORMAL', 'SLOWER', 'MEC_USED', 'CLEAN', 'CLEAN', 'NEUTRAL', 'NEUTRAL', 'CLEAR', 'CLEAR', 'OPENING', 'BANCO_OFF')",1,1,6,16.667,HEAL,100.000,-0.000000,1.0000
"('TANK', 'TANK', 'OFFENSIVE_DIS', 'CRIT', 'FULL', 'NORMAL', 'SLOWER', 'MEC_USED', 'CLEAN', 'CLEAN', 'NEUTRAL', 'NEUTRAL', 'CLEAR', 'CLEAR', 'RECOVERING', 'BANCO_VAZIO')",1,1,6,16.667,BUFF,100.000,-0.000000,1.0000
"('TANK', 'TANK', 'OFFENSIVE_ADV', 'SAFE', 'DANGER', 'NORMAL', 'SLOWER', 'MEC_USED', 'CLEAN', 'CLEAN', 'NEUTRAL', 'NEUTRAL', 'CLEAR', 'CLEAR', 'BRAWL', 'BANCO_OFF')",1,1,6,16.667,HEAL,100.000,-0.000000,1.0000
"('SWEEPER', 'TANK', 'OFFENSIVE_ADV', 'FULL', 'FULL', 'FIELD_THEIRS', 'FASTER', 'MEC_USED', 'CLEAN', 'CLEAN', 'NEUTRAL', 'DEBUFF', 'CLEAR', 'CLEAR', 'OPENING', 'BANCO_DEF')",1,1,5,20.000,ATTACK_STRONG,100.000,-0.000000,1.0000
"('TANK', 'TANK', 'CRITICAL_DIS', 'FULL', 'SAFE', 'FIELD_OURS_OFF', 'SLOWER', 'MEC_USED', 'CLEAN', 'CLEAN', 'NEUTRAL', 'NEUTRAL', 'CLEAR', 'CLEAR', 'OPENING', 'BANCO_AMBOS')",1,1,6,16.667,SWITCH_DEFENSIVE,100.000,-0.000000,1.0000
"('TANK', 'TANK', 'CRITICAL_DIS', 'SAFE', 'SAFE', 'FIELD_SHARED', 'SLOWER', 'MEC_USED', 'CLEAN', 'CLEAN', 'NEUTRAL', 'NEUTRAL', 'CLEAR', 'CLEAR', 'OPENING', 'BANCO_OFF')",1,1,6,16.667,SWITCH_DEFENSIVE,100.000,-0.000000,1.0000
"('TANK', 'TANK', 'NEUTRAL', 'DANGER', 'FULL', 'NORMAL', 'FASTER', 'MEC_AVAIL', 'CLEAN', 'CLEAN', 'NEUTRAL', 'NEUTRAL', 'CLEAR', 'CLEAR', 'OPENING', 'BANCO_AMBOS')",1,1,8,12.500,HEAL_MEC,100.000,-0.000000,1.0000
"('TANK', 'SWEEPER', 'OFFENSIVE_DIS', 'SAFE', 'SAFE', 'NORMAL', 'SLOWER', 'MEC_USED', 'CLEAN', 'CLEAN', 'NEUTRAL', 'NEUTRAL', 'CLEAR', 'CLEAR', 'OPENING', 'BANCO_AMBOS')",1,1,6,16.667,SWITCH_DEFENSIVE,100.000,-0.000000,1.0000
"('TANK', 'TANK', 'NEUTRAL', 'SAFE', 'FULL', 'NORMAL', 'FASTER', 'MEC_USED', 'CLEAN', 'CLEAN', 'NEUTRAL', 'NEUTRAL', 'SET', 'SET', 'OPENING', 'BANCO_VAZIO')",1,1,6,16.667,PHAZE,100.000,-0.000000,1.0000
"('SWEEPER', 'TANK', 'DOMINANT', 'FULL', 'SAFE', 'NORMAL', 'FASTER', 'MEC_USED', 'CLEAN', 'CLEAN', 'NEUTRAL', 'NEUTRAL', 'CLEAR', 'CLEAR', 'OPENING', 'BANCO_AMBOS')",1,1,4,25.000,ATTACK_STRONG,100.000,-0.000000,1.0000
"('TANK', 'TANK', 'OFFENSIVE_DIS', 'FULL', 'SAFE', 'NORMAL', 'SLOWER', 'MEC_USED', 'CLEAN', 'CLEAN', 'NEUTRAL', 'NEUTRAL', 'SET', 'SET', 'OPENING', 'BANCO_OFF')",1,1,6,16.667,ATTACK_PIVOT,100.000,-0.000000,1.0000
"('TANK', 'SWEEPER', 'DOMINANT', 'SAFE', 'FULL', 'FIELD_OURS_DEF', 'SLOWER', 'MEC_USED', 'CLEAN', 'CLEAN', 'NEUTRAL', 'NEUTRAL', 'SET', 'CLEAR', 'OPENING', 'BANCO_OFF')",1,1,3,33.333,SWITCH_DEFENSIVE,100.000,-0.000000,1.0000
"('UTILITY', 'TANK', 'DOMINANT', 'SAFE', 'FULL', 'FIELD_THEIRS', 'FASTER', 'MEC_USED', 'CLEAN', 'CLEAN', 'NEUTRAL', 'NEUTRAL', 'CLEAR', 'CLEAR', 'OPENING', 'BANCO_OFF')",1,1,5,20.000,BUFF,100.000,-0.000000,1.0000
"('UTILITY', 'TANK', 'OFFENSIVE_ADV', 'SAFE', 'FULL', 'NORMAL', 'FASTER', 'MEC_USED', 'CLEAN', 'CLEAN', 'NEUTRAL', 'NEUTRAL', 'CLEAR', 'CLEAR', 'OPENING', 'BANCO_OFF')",1,1,4,25.000,DISRUPTION,100.000,-0.000000,1.0000
"('TANK', 'SWEEPER', 'NEUTRAL', 'SAFE', 'SAFE', 'NORMAL', 'SLOWER', 'MEC_USED', 'CLEAN', 'CLEAN', 'NEUTRAL', 'NEUTRAL', 'CLEAR', 'CLEAR', 'RECOVERING', 'BANCO_VAZIO')",1,1,4,25.000,ATTACK_TECH,100.000,-0.000000,1.0000
"('TANK', 'TANK', 'OFFENSIVE_ADV', 'SAFE', 'FULL', 'FIELD_OURS_OFF', 'FASTER', 'MEC_AVAIL', 'CLEAN', 'CLEAN', 'NEUTRAL', 'NEUTRAL', 'CLEAR', 'CLEAR', 'OPENING', 'BANCO_OFF')",1,1,4,25.000,ATTACK_STRONG_MEC,100.000,-0.000000,1.0000
"('TANK', 'SWEEPER', 'DOMINANT', 'FULL', 'FULL', 'FIELD_SHARED', 'SLOWER', 'MEC_USED', 'CLEAN', 'CLEAN', 'NEUTRAL', 'NEUTRAL', 'CLEAR', 'CLEAR', 'OPENING', 'BANCO_OFF')",1,1,5,20.000,ATTACK_STRONG,100.000,-0.000000,1.0000
"('TANK', 'SWEEPER', 'DEFENSIVE_DIS', 'FULL', 'FULL', 'NORMAL', 'SLOWER', 'MEC_USED', 'CLEAN', 'CLEAN', 'DEBUFF', 'NEUTRAL', 'CLEAR', 'CLEAR', 'OPENING', 'BANCO_OFF')",1,1,5,20.000,STATUS,100.000,-0.000000,1.0000
"('TANK', 'TANK', 'NEUTRAL', 'FULL', 'SAFE', 'NORMAL', 'SLOWER', 'MEC_USED', 'CLEAN', 'CLEAN', 'NEUTRAL', 'NEUTRAL', 'CLEAR', 'SET', 'OPENING', 'BANCO_AMBOS')",1,1,6,16.667,SWITCH_DEFENSIVE,100.000,-0.000000,1.0000
"('TANK', 'TANK', 'OFFENSIVE_DIS', 'CRIT', 'FULL', 'NORMAL', 'FASTER', 'MEC_USED', 'CLEAN', 'CLEAN', 'NEUTRAL', 'NEUTRAL', 'CLEAR', 'CLEAR', 'RECOVERING', 'BANCO_VAZIO')",1,1,4,25.000,HEAL,100.000,-0.000000,1.0000
"('TANK', 'TANK', 'DEFENSIVE_ADV', 'FULL', 'SAFE', 'NORMAL', 'SLOWER', 'MEC_USED', 'CLEAN', 'CLEAN', 'NEUTRAL', 'NEUTRAL', 'SET', 'CLEAR', 'OPENING', 'BANCO_OFF')",1,1,6,16.667,ATTACK_PIVOT,100.000,-0.000000,1.0000
"('TANK', 'TANK', 'OFFENSIVE_ADV', 'FULL', 'FULL', 'FIELD_OURS_DEF', 'SLOWER', 'MEC_USED', 'CLEAN', 'CLEAN', 'NEUTRAL', 'NEUTRAL', 'CLEAR', 'CLEAR', 'OPENING', 'BANCO_OFF')",1,1,5,20.000,HEAL,100.000,-0.000000,1.0000
"('TANK', 'TANK', 'NEUTRAL', 'SAFE', 'SAFE', 'NORMAL', 'FASTER', 'MEC_USED', 'CLEAN', 'CLEAN', 'NEUTRAL', 'NEUTRAL', 'SET', 'CLEAR', 'CLUTCH', 'BANCO_VAZIO')",1,1,4,25.000,ATTACK_TECH,100.000,-0.000000,1.0000
"('TANK', 'TANK', 'NEUTRAL', 'FULL', 'FULL', 'NORMAL', 'FASTER', 'MEC_USED', 'CLEAN', 'CLEAN', 'NEUTRAL', 'DEBUFF', 'CLEAR', 'CLEAR', 'OPENING', 'BANCO_OFF')",1,1,3,33.333,SWITCH_DEFENSIVE,100.000,-0.000000,1.0000
"('TANK', 'TANK', 'DEFENSIVE_DIS', 'DANGER', 'SAFE', 'NORMAL', 'SLOWER', 'MEC_USED', 'CLEAN', 'CLEAN', 'NEUTRAL', 'NEUTRAL', 'CLEAR', 'CLEAR', 'RECOVERING', 'BANCO_VAZIO')",1,1,6,16.667,ATTACK_PIVOT,100.000,-0.000000,1.0000
"('TANK', 'TANK', 'OFFENSIVE_DIS', 'SAFE', 'SAFE', 'NORMAL', 'FASTER', 'MEC_USED', 'AFFLICTED', 'CLEAN', 'NEUTRAL', 'NEUTRAL', 'CLEAR', 'CLEAR', 'RECOVERING', 'BANCO_VAZIO')",1,1,4,25.000,HEAL,100.000,-0.000000,1.0000
"('TANK', 'TANK', 'NEUTRAL', 'FULL', 'SAFE', 'NORMAL', 'FASTER', 'MEC_USED', 'AFFLICTED', 'CLEAN', 'NEUTRAL', 'NEUTRAL', 'CLEAR', 'CLEAR', 'RECOVERING', 'BANCO_VAZIO')",1,1,4,25.000,ATTACK_STRONG,100.000,-0.000000,1.0000
"('SWEEPER', 'TANK', 'VOLATILE', 'SAFE', 'FULL', 'NORMAL', 'FASTER', 'MEC_USED', 'CLEAN', 'CLEAN', 'NEUTRAL', 'NEUTRAL', 'CLEAR', 'CLEAR', 'OPENING', 'BANCO_AMBOS')",1,1,4,25.000,SWITCH_DEFENSIVE,100.000,-0.000000,1.0000
"('TANK', 'TANK', 'DEFENSIVE_ADV', 'FULL', 'SAFE', 'NORMAL', 'SLOWER', 'MEC_USED', 'AFFLICTED', 'CLEAN', 'BUFFED', 'NEUTRAL', 'SET', 'SET', 'CLUTCH', 'BANCO_VAZIO')",1,1,3,33.333,HEAL,100.000,-0.000000,1.0000
"('TANK', 'TANK', 'OFFENSIVE_ADV', 'CRIT', 'FULL', 'FIELD_SHARED', 'FASTER', 'MEC_USED', 'CLEAN', 'CLEAN', 'NEUTRAL', 'NEUTRAL', 'CLEAR', 'CLEAR', 'OPENING', 'BANCO_OFF')",1,1,3,33.333,ATTACK_STRONG,100.000,-0.000000,1.0000
"('SWEEPER', 'TANK', 'OFFENSIVE_ADV', 'CRIT', 'SAFE', 'NORMAL', 'FASTER', 'MEC_USED', 'CLEAN', 'CLEAN', 'NEUTRAL', 'NEUTRAL', 'CLEAR', 'CLEAR', 'OPENING', 'BANCO_OFF')",1,1,5,20.000,CLEAN_HAZARD,100.000,-0.000000,1.0000
"('SWEEPER', 'TANK', 'OFFENSIVE_ADV', 'FULL', 'FULL', 'NORMAL', 'FASTER', 'MEC_AVAIL', 'CLEAN', 'CLEAN', 'NEUTRAL', 'NEUTRAL', 'SET', 'CLEAR', 'OPENING', 'BANCO_OFF')",1,1,4,25.000,ATTACK_STRONG,100.000,-0.000000,1.0000
"('TANK', 'TANK', 'DEFENSIVE_ADV', 'SAFE', 'SAFE', 'FIELD_SHARED', 'SLOWER', 'MEC_USED', 'CLEAN', 'CLEAN', 'NEUTRAL', 'NEUTRAL', 'CLEAR', 'CLEAR', 'OPENING', 'BANCO_OFF')",1,1,6,16.667,CLEAN_HAZARD,100.000,-0.000000,1.0000
"('TANK', 'TANK', 'NEUTRAL', 'SAFE', 'DANGER', 'NORMAL', 'FASTER', 'MEC_USED', 'CLEAN', 'CLEAN', 'NEUTRAL', 'NEUTRAL', 'CLEAR', 'CLEAR', 'BRAWL', 'BANCO_VAZIO')",1,1,6,16.667,HEAL,100.000,-0.000000,1.0000
"('SWEEPER', 'SWEEPER', 'NEUTRAL', 'FULL', 'FULL', 'FIELD_SHARED', 'SLOWER', 'MEC_AVAIL', 'CLEAN', 'CLEAN', 'NEUTRAL', 'NEUTRAL', 'CLEAR', 'CLEAR', 'OPENING', 'BANCO_AMBOS')",1,1,6,16.667,SWITCH_DEFENSIVE,100.000,-0.000000,1.0000
"('TANK', 'TANK', 'DOMINANT', 'FULL', 'FULL', 'NORMAL', 'SLOWER', 'MEC_USED', 'CLEAN', 'CLEAN', 'NEUTRAL', 'NEUTRAL', 'SET', 'CLEAR', 'BRAWL', 'BANCO_OFF')",1,1,6,16.667,HAZARD,100.000,-0.000000,1.0000
"('TANK', 'TANK', 'NEUTRAL', 'FULL', 'SAFE', 'NORMAL', 'FASTER', 'MEC_USED', 'CLEAN', 'CLEAN', 'NEUTRAL', 'NEUTRAL', 'SET', 'SET', 'BRAWL', 'BANCO_OFF')",1,1,4,25.000,ATTACK_STRONG,100.000,-0.000000,1.0000
"('TANK', 'SWEEPER', 'DEFENSIVE_DIS', 'DANGER', 'FULL', 'FIELD_THEIRS', 'SLOWER', 'MEC_USED', 'CLEAN', 'CLEAN', 'NEUTRAL', 'NEUTRAL', 'CLEAR', 'CLEAR', 'OPENING', 'BANCO_AMBOS')",1,1,6,16.667,CLEAN_HAZARD,100.000,-0.000000,1.0000
"('TANK', 'TANK', 'VOLATILE', 'SAFE', 'FULL', 'NORMAL', 'FASTER', 'MEC_USED', 'CLEAN', 'CLEAN', 'NEUTRAL', 'NEUTRAL', 'SET', 'CLEAR', 'OPENING', 'BANCO_AMBOS')",1,1,3,33.333,ATTACK_STRONG,100.000,-0.000000,1.0000
"('TANK', 'TANK', 'DEFENSIVE_DIS', 'SAFE', 'FULL', 'NORMAL', 'FASTER', 'MEC_USED', 'CLEAN', 'CLEAN', 'NEUTRAL', 'NEUTRAL', 'SET', 'CLEAR', 'BRAWL', 'BANCO_VAZIO')",1,1,4,25.000,ATTACK_TECH,100.000,-0.000000,1.0000
"('TANK', 'TANK', 'OFFENSIVE_ADV', 'SAFE', 'CRIT', 'FIELD_SHARED', 'FASTER', 'MEC_USED', 'CLEAN', 'CLEAN', 'NEUTRAL', 'NEUTRAL', 'CLEAR', 'CLEAR', 'OPENING', 'BANCO_OFF')",1,1,4,25.000,BUFF,100.000,-0.000000,1.0000
"('TANK', 'TANK', 'VOLATILE', 'SAFE', 'DANGER', 'NORMAL', 'FASTER', 'MEC_USED', 'CLEAN', 'CLEAN', 'NEUTRAL', 'NEUTRAL', 'CLEAR', 'CLEAR', 'OPENING', 'BANCO_OFF')",1,1,4,25.000,BUFF,100.000,-0.000000,1.0000
"('UTILITY', 'TANK', 'OFFENSIVE_ADV', 'FULL', 'FULL', 'NORMAL', 'FASTER', 'MEC_AVAIL', 'CLEAN', 'CLEAN', 'NEUTRAL', 'NEUTRAL', 'CLEAR', 'CLEAR', 'OPENING', 'BANCO_AMBOS')",1,1,6,16.667,ATTACK_STRONG_MEC,100.000,-0.000000,1.0000
"('TANK', 'TANK', 'VOLATILE', 'SAFE', 'SAFE', 'NORMAL', 'FASTER', 'MEC_AVAIL', 'CLEAN', 'CLEAN', 'NEUTRAL', 'NEUTRAL', 'CLEAR', 'CLEAR', 'OPENING', 'BANCO_OFF')",1,1,6,16.667,HEAL_MEC,100.000,-0.000000,1.0000
"('TANK', 'TANK', 'NEUTRAL', 'SAFE', 'SAFE', 'FIELD_OURS_OFF', 'FASTER', 'MEC_USED', 'CLEAN', 'CLEAN', 'NEUTRAL', 'NEUTRAL', 'CLEAR', 'CLEAR', 'OPENING', 'BANCO_AMBOS')",1,1,5,20.000,ATTACK_TECH,100.000,-0.000000,1.0000
"('TANK', 'TANK', 'OFFENSIVE_DIS', 'SAFE', 'FULL', 'NORMAL', 'SLOWER', 'MEC_USED', 'CLEAN', 'CLEAN', 'NEUTRAL', 'NEUTRAL', 'CLEAR', 'SET', 'CLUTCH', 'BANCO_VAZIO')",1,1,5,20.000,SWITCH_DEFENSIVE,100.000,-0.000000,1.0000
"('TANK', 'TANK', 'OFFENSIVE_ADV', 'FULL', 'DANGER', 'NORMAL', 'FASTER', 'MEC_USED', 'CLEAN', 'CLEAN', 'NEUTRAL', 'NEUTRAL', 'CLEAR', 'CLEAR', 'RECOVERING', 'BANCO_VAZIO')",1,1,4,25.000,STATUS,100.000,-0.000000,1.0000
"('TANK', 'SWEEPER', 'NEUTRAL', 'SAFE', 'CRIT', 'NORMAL', 'SLOWER', 'MEC_USED', 'CLEAN', 'CLEAN', 'NEUTRAL', 'NEUTRAL', 'CLEAR', 'CLEAR', 'BRAWL', 'BANCO_OFF')",1,1,5,20.000,ATTACK_STRONG,100.000,-0.000000,1.0000
"('TANK', 'TANK', 'VOLATILE', 'SAFE', 'FULL', 'FIELD_THEIRS', 'SLOWER', 'MEC_USED', 'CLEAN', 'CLEAN', 'NEUTRAL', 'NEUTRAL', 'CLEAR', 'CLEAR', 'OPENING', 'BANCO_AMBOS')",1,1,4,25.000,SWITCH_OFFENSIVE,100.000,-0.000000,1.0000
"('TANK', 'TANK', 'NEUTRAL', 'FULL', 'SAFE', 'FIELD_SHARED', 'SLOWER', 'MEC_USED', 'CLEAN', 'CLEAN', 'NEUTRAL', 'NEUTRAL', 'CLEAR', 'CLEAR', 'RECOVERING', 'BANCO_VAZIO')",1,1,5,20.000,ATTACK_TECH,100.000,-0.000000,1.0000
"('TANK', 'TANK', 'VOLATILE', 'DANGER', 'SAFE', 'NORMAL', 'FASTER', 'MEC_USED', 'CLEAN', 'CLEAN', 'NEUTRAL', 'NEUTRAL', 'CLEAR', 'CLEAR', 'OPENING', 'BANCO_OFF')",1,1,3,33.333,ATTACK_STRONG,100.000,-0.000000,1.0000
"('TANK', 'TANK', 'NEUTRAL', 'DANGER', 'FULL', 'NORMAL', 'FASTER', 'MEC_AVAIL', 'CLEAN', 'CLEAN', 'NEUTRAL', 'NEUTRAL', 'CLEAR', 'CLEAR', 'OPENING', 'BANCO_OFF')",1,1,8,12.500,CLEAN_HAZARD_MEC,100.000,-0.000000,1.0000
"('SWEEPER', 'TANK', 'OFFENSIVE_ADV', 'FULL', 'SAFE', 'NORMAL', 'FASTER', 'MEC_USED', 'CLEAN', 'CLEAN', 'NEUTRAL', 'DEBUFF', 'CLEAR', 'CLEAR', 'OPENING', 'BANCO_AMBOS')",1,1,5,20.000,SWITCH_OFFENSIVE,100.000,-0.000000,1.0000
"('UTILITY', 'TANK', 'NEUTRAL', 'FULL', 'SAFE', 'FIELD_SHARED', 'FASTER', 'MEC_USED', 'CLEAN', 'CLEAN', 'NEUTRAL', 'NEUTRAL', 'CLEAR', 'CLEAR', 'OPENING', 'BANCO_OFF')",1,1,4,25.000,SWITCH_OFFENSIVE,100.000,-0.000000,1.0000
"('TANK', 'TANK', 'NEUTRAL', 'FULL', 'SAFE', 'NORMAL', 'FASTER', 'MEC_USED', 'CLEAN', 'CLEAN', 'NEUTRAL', 'NEUTRAL', 'SET', 'SET', 'RECOVERING', 'BANCO_VAZIO')",1,1,4,25.000,CLEAN_HAZARD,100.000,-0.000000,1.0000
"('TANK', 'TANK', 'NEUTRAL', 'SAFE', 'CRIT', 'NORMAL', 'SLOWER', 'MEC_USED', 'CLEAN', 'CLEAN', 'NEUTRAL', 'NEUTRAL', 'SET', 'CLEAR', 'CLUTCH', 'BANCO_VAZIO')",1,1,3,33.333,STATUS,100.000,-0.000000,1.0000
"('TANK', 'TANK', 'OFFENSIVE_ADV', 'SAFE', 'FULL', 'NORMAL', 'FASTER', 'MEC_USED', 'CLEAN', 'CLEAN', 'NEUTRAL', 'NEUTRAL', 'SET', 'CLEAR', 'OPENING', 'BANCO_VAZIO')",1,1,3,33.333,ATTACK_STRONG,100.000,-0.000000,1.0000
"('UTILITY', 'SWEEPER', 'DEFENSIVE_DIS', 'FULL', 'FULL', 'NORMAL', 'SLOWER', 'MEC_USED', 'CLEAN', 'CLEAN', 'NEUTRAL', 'NEUTRAL', 'CLEAR', 'CLEAR', 'OPENING', 'BANCO_AMBOS')",1,1,4,25.000,SWITCH_DEFENSIVE,100.000,-0.000000,1.0000
"('TANK', 'SWEEPER', 'DEFENSIVE_DIS', 'FULL', 'FULL', 'NORMAL', 'SLOWER', 'MEC_USED', 'CLEAN', 'CLEAN', 'NEUTRAL', 'NEUTRAL', 'CLEAR', 'CLEAR', 'RECOVERING', 'BANCO_VAZIO')",1,1,4,25.000,SWITCH_OFFENSIVE,100.000,-0.000000,1.0000
"('TANK', 'TANK', 'DEFENSIVE_DIS', 'FULL', 'FULL', 'NORMAL', 'FASTER', 'MEC_USED', 'CLEAN', 'CLEAN', 'BUFFED', 'NEUTRAL', 'CLEAR', 'CLEAR', 'OPENING', 'BANCO_OFF')",1,1,4,25.000,ATTACK_STRONG,100.000,-0.000000,1.0000
"('TANK', 'TANK', 'DEFENSIVE_DIS', 'FULL', 'FULL', 'NORMAL', 'FASTER', 'MEC_USED', 'CLEAN', 'CLEAN', 'BUFFED', 'NEUTRAL', 'CLEAR', 'CLEAR', 'OPENING', 'BANCO_AMBOS')",1,1,4,25.000,SWITCH_DEFENSIVE,100.000,-0.000000,1.0000
"('TANK', 'TANK', 'OFFENSIVE_ADV', 'FULL', 'FULL', 'NORMAL', 'SLOWER', 'MEC_USED', 'CLEAN', 'CLEAN', 'NEUTRAL', 'NEUTRAL', 'SET', 'SET', 'BRAWL', 'BANCO_OFF')",1,1,5,20.000,ATTACK_STRONG,100.000,-0.000000,1.0000
"('TANK', 'TANK', 'VOLATILE', 'SAFE', 'FULL', 'FIELD_THEIRS', 'FASTER', 'MEC_USED', 'CLEAN', 'CLEAN', 'NEUTRAL', 'NEUTRAL', 'CLEAR', 'CLEAR', 'OPENING', 'BANCO_OFF')",1,1,4,25.000,ATTACK_TECH,100.000,-0.000000,1.0000
"('TANK', 'UTILITY', 'OFFENSIVE_ADV', 'FULL', 'FULL', 'FIELD_THEIRS', 'SLOWER', 'MEC_USED', 'CLEAN', 'CLEAN', 'NEUTRAL', 'NEUTRAL', 'CLEAR', 'CLEAR', 'OPENING', 'BANCO_AMBOS')",1,1,6,16.667,ATTACK_PIVOT,100.000,-0.000000,1.0000
"('TANK', 'TANK', 'OFFENSIVE_ADV', 'DANGER', 'SAFE', 'FIELD_SHARED', 'SLOWER', 'MEC_USED', 'CLEAN', 'CLEAN', 'NEUTRAL', 'NEUTRAL', 'CLEAR', 'CLEAR', 'OPENING', 'BANCO_OFF')",1,1,5,20.000,ATTACK_TECH,100.000,-0.000000,1.0000
"('TANK', 'TANK', 'NEUTRAL', 'FULL', 'FULL', 'FIELD_SHARED', 'SLOWER', 'MEC_USED', 'CLEAN', 'CLEAN', 'NEUTRAL', 'NEUTRAL', 'CLEAR', 'CLEAR', 'BRAWL', 'BANCO_OFF')",1,1,4,25.000,FIELD_CONTROL,100.000,-0.000000,1.0000
"('SWEEPER', 'TANK', 'NEUTRAL', 'FULL', 'SAFE', 'NORMAL', 'FASTER', 'MEC_USED', 'CLEAN', 'CLEAN', 'NEUTRAL', 'NEUTRAL', 'SET', 'CLEAR', 'OPENING', 'BANCO_AMBOS')",1,1,5,20.000,ATTACK_STRONG,100.000,-0.000000,1.0000
"('SWEEPER', 'TANK', 'NEUTRAL', 'SAFE', 'SAFE', 'NORMAL', 'FASTER', 'MEC_USED', 'CLEAN', 'CLEAN', 'NEUTRAL', 'NEUTRAL', 'SET', 'CLEAR', 'OPENING', 'BANCO_AMBOS')",1,1,3,33.333,SWITCH_OFFENSIVE,100.000,-0.000000,1.0000
"('TANK', 'TANK', 'OFFENSIVE_ADV', 'SAFE', 'FULL', 'FIELD_SHARED', 'FASTER', 'MEC_USED', 'CLEAN', 'CLEAN', 'NEUTRAL', 'NEUTRAL', 'CLEAR', 'CLEAR', 'BRAWL', 'BANCO_OFF')",1,1,6,16.667,CLEAN_HAZARD,100.000,-0.000000,1.0000
"('TANK', 'TANK', 'NEUTRAL', 'FULL', 'FULL', 'NORMAL', 'FASTER', 'MEC_USED', 'AFFLICTED', 'CLEAN', 'NEUTRAL', 'NEUTRAL', 'CLEAR', 'CLEAR', 'OPENING', 'BANCO_VAZIO')",1,1,6,16.667,STATUS,100.000,-0.000000,1.0000
"('TANK', 'TANK', 'DEFENSIVE_DIS', 'FULL', 'DANGER', 'NORMAL', 'FASTER', 'MEC_USED', 'CLEAN', 'CLEAN', 'NEUTRAL', 'NEUTRAL', 'CLEAR', 'CLEAR', 'OPENING', 'BANCO_AMBOS')",1,1,5,20.000,HAZARD,100.000,-0.000000,1.0000
"('TANK', 'TANK', 'NEUTRAL', 'SAFE', 'SAFE', 'NORMAL', 'SLOWER', 'MEC_USED', 'CLEAN', 'CLEAN', 'BUFFED', 'NEUTRAL', 'CLEAR', 'CLEAR', 'OPENING', 'BANCO_OFF')",1,1,6,16.667,BUFF,100.000,-0.000000,1.0000
"('TANK', 'SWEEPER', 'OFFENSIVE_DIS', 'DANGER', 'DANGER', 'NORMAL', 'SLOWER', 'MEC_USED', 'CLEAN', 'CLEAN', 'NEUTRAL', 'NEUTRAL', 'CLEAR', 'CLEAR', 'OPENING', 'BANCO_OFF')",1,1,6,16.667,HEAL,100.000,-0.000000,1.0000
"('TANK', 'TANK', 'DOMINANT', 'FULL', 'FULL', 'FIELD_THEIRS', 'FASTER', 'MEC_AVAIL', 'CLEAN', 'CLEAN', 'NEUTRAL', 'NEUTRAL', 'SET', 'CLEAR', 'OPENING', 'BANCO_AMBOS')",1,1,6,16.667,SWITCH_OFFENSIVE,100.000,-0.000000,1.0000
"('SWEEPER', 'TANK', 'DOMINANT', 'FULL', 'FULL', 'FIELD_THEIRS', 'FASTER', 'MEC_USED', 'CLEAN', 'CLEAN', 'NEUTRAL', 'NEUTRAL', 'CLEAR', 'CLEAR', 'OPENING', 'BANCO_OFF')",1,1,4,25.000,ATTACK_PIVOT,100.000,-0.000000,1.0000
"('TANK', 'TANK', 'OFFENSIVE_ADV', 'SAFE', 'FULL', 'NORMAL', 'FASTER', 'MEC_USED', 'AFFLICTED', 'CLEAN', 'NEUTRAL', 'NEUTRAL', 'CLEAR', 'CLEAR', 'OPENING', 'BANCO_OFF')",1,1,5,20.000,ATTACK_STRONG,100.000,-0.000000,1.0000
"('TANK', 'SWEEPER', 'CRITICAL_DIS', 'SAFE', 'SAFE', 'NORMAL', 'SLOWER', 'MEC_USED', 'CLEAN', 'CLEAN', 'NEUTRAL', 'NEUTRAL', 'CLEAR', 'CLEAR', 'RECOVERING', 'BANCO_VAZIO')",1,1,5,20.000,BUFF,100.000,-0.000000,1.0000
"('TANK', 'TANK', 'NEUTRAL', 'FULL', 'FULL', 'NORMAL', 'FASTER', 'MEC_USED', 'CLEAN', 'CLEAN', 'NEUTRAL', 'NEUTRAL', 'SET', 'SET', 'RECOVERING', 'BANCO_VAZIO')",1,1,6,16.667,ATTACK_STRONG,100.000,-0.000000,1.0000
"('SWEEPER', 'TANK', 'OFFENSIVE_ADV', 'SAFE', 'FULL', 'FIELD_THEIRS', 'FASTER', 'MEC_USED', 'CLEAN', 'CLEAN', 'NEUTRAL', 'DEBUFF', 'CLEAR', 'CLEAR', 'OPENING', 'BANCO_OFF')",1,1,5,20.000,SWITCH_DEFENSIVE,100.000,-0.000000,1.0000
"('TANK', 'SWEEPER', 'NEUTRAL', 'CRIT', 'FULL', 'NORMAL', 'SLOWER', 'MEC_USED', 'CLEAN', 'CLEAN', 'NEUTRAL', 'NEUTRAL', 'CLEAR', 'CLEAR', 'OPENING', 'BANCO_OFF')",1,1,6,16.667,ATTACK_TECH,100.000,-0.000000,1.0000
"('TANK', 'TANK', 'VOLATILE', 'SAFE', 'SAFE', 'NORMAL', 'FASTER', 'MEC_USED', 'CLEAN', 'CLEAN', 'NEUTRAL', 'NEUTRAL', 'CLEAR', 'CLEAR', 'BRAWL', 'BANCO_OFF')",1,1,5,20.000,HEAL,100.000,-0.000000,1.0000
"('TANK', 'TANK', 'OFFENSIVE_DIS', 'CRIT', 'SAFE', 'NORMAL', 'SLOWER', 'MEC_USED', 'CLEAN', 'CLEAN', 'NEUTRAL', 'NEUTRAL', 'CLEAR', 'CLEAR', 'OPENING', 'BANCO_OFF')",1,1,5,20.000,SWITCH_DEFENSIVE,100.000,-0.000000,1.0000
"('TANK', 'SWEEPER', 'NEUTRAL', 'FULL', 'FULL', 'FIELD_OURS_OFF', 'SLOWER', 'MEC_USED', 'CLEAN', 'CLEAN', 'NEUTRAL', 'NEUTRAL', 'CLEAR', 'CLEAR', 'OPENING', 'BANCO_DEF')",1,1,6,16.667,ATTACK_PIVOT,100.000,-0.000000,1.0000
"('UTILITY', 'SWEEPER', 'DOMINANT', 'FULL', 'FULL', 'NORMAL', 'FASTER', 'MEC_USED', 'CLEAN', 'CLEAN', 'NEUTRAL', 'NEUTRAL', 'CLEAR', 'CLEAR', 'OPENING', 'BANCO_OFF')",1,1,4,25.000,ATTACK_STRONG,100.000,-0.000000,1.0000
"('TANK', 'TANK', 'OFFENSIVE_ADV', 'SAFE', 'FULL', 'FIELD_THEIRS', 'SLOWER', 'MEC_USED', 'CLEAN', 'CLEAN', 'NEUTRAL', 'NEUTRAL', 'CLEAR', 'CLEAR', 'BRAWL', 'BANCO_OFF')",1,1,4,25.000,ATTACK_TECH,100.000,-0.000000,1.0000
"('TANK', 'TANK', 'OFFENSIVE_DIS', 'DANGER', 'DANGER', 'NORMAL', 'SLOWER', 'MEC_USED', 'CLEAN', 'CLEAN', 'NEUTRAL', 'NEUTRAL', 'CLEAR', 'CLEAR', 'OPENING', 'BANCO_OFF')",1,1,6,16.667,ATTACK_PIVOT,100.000,-0.000000,1.0000
