Batalha,Turno,Meu,Meu_Papel,Meu_HP,Adversario,Papel_Adv,HP_Adv,Matchup,Decisao,HP_Equipa_Meu,HP_Equipa_Adv
battle-gen9nationaldex-10651454,118,gliscor,TANK,0.67,houndoom,SWEEPER,1.00,OFFENSIVE_ADV,roost,0.67,2.50
battle-gen9nationaldex-10651454,119,gliscor,TANK,0.92,houndoom,SWEEPER,1.00,OFFENSIVE_ADV,roost,0.92,2.50
battle-gen9nationaldex-10651454,120,gliscor,TANK,1.00,houndoom,SWEEPER,1.00,OFFENSIVE_ADV,defog,1.00,2.50
battle-gen9nationaldex-10651454,121,gliscor,TANK,0.76,houndoom,SWEEPER,1.00,OFFENSIVE_ADV,roost,0.76,2.50
battle-gen9nationaldex-10651454,122,gliscor,TANK,0.99,houndoom,SWEEPER,1.00,OFFENSIVE_ADV,defog,0.99,2.50
battle-gen9nationaldex-10651454,123,gliscor,TANK,0.70,houndoom,SWEEPER,1.00,OFFENSIVE_ADV,defog,0.70,2.50
battle-gen9nationaldex-10651454,124,gliscor,TANK,0.42,houndoom,SWEEPER,1.00,OFFENSIVE_ADV,defog,0.42,2.50
battle-gen9nationaldex-10651454,125,gliscor,TANK,0.18,houndoom,SWEEPER,1.00,OFFENSIVE_ADV,defog,0.18,2.50
battle-gen9nationaldex-10651462,86,heatran,TANK,1.00,corviknight,TANK,1.00,DOMINANT,SWITCH->quagsire,1.42,2.00
battle-gen9nationaldex-10651462,87,quagsire,TANK,0.37,kommoo,TANK,1.00,NEUTRAL,SWITCH->heatran,1.37,2.00
battle-gen9nationaldex-10651462,88,heatran,TANK,0.94,kommoo,TANK,1.00,DEFENSIVE_DIS,toxic,1.31,2.00
battle-gen9nationaldex-10651462,89,heatran,TANK,1.00,corviknight,TANK,1.00,DOMINANT,SWITCH->quagsire,1.37,2.00
battle-gen9nationaldex-10651462,90,quagsire,TANK,0.32,kommoo,TANK,1.00,NEUTRAL,SWITCH->heatran,1.32,2.00
battle-gen9nationaldex-10651462,91,heatran,TANK,0.09,kommoo,TANK,1.00,DEFENSIVE_DIS,earthpower,0.42,2.00
battle-gen9nationaldex-10651462,91,heatran,TANK,0.00,kommoo,TANK,1.00,DEFENSIVE_DIS,SWITCH->quagsire,0.32,2.00
battle-gen9nationaldex-10651462,92,quagsire,TANK,0.32,kommoo,TANK,1.00,NEUTRAL,recover,0.32,2.00
battle-gen9nationaldex-10651469,85,heatran,TANK,1.00,tapubulu,TANK,1.00,DOMINANT,SWITCH->corviknight,1.88,2.00
battle-gen9nationaldex-10651469,86,corviknight,TANK,0.88,slowkinggalar,TANK,1.00,DEFENSIVE_DIS,bravebird,1.88,2.00
battle-gen9nationaldex-10651469,87,corviknight,TANK,0.70,tapubulu,TANK,0.49,DOMINANT,bravebird,1.71,1.49
battle-gen9nationaldex-10651469,88,corviknight,TANK,0.56,slowkinggalar,TANK,1.00,DEFENSIVE_DIS,bravebird,1.56,1.00
battle-gen9nationaldex-10651469,89,corviknight,TANK,0.17,slowkinggalar,TANK,0.62,DEFENSIVE_DIS,bravebird,1.18,0.62
battle-gen9nationaldex-10651469,89,corviknight,TANK,0.00,slowkinggalar,TANK,0.28,DEFENSIVE_DIS,SWITCH->heatran,1.00,0.28
battle-gen9nationaldex-10651469,90,heatran,TANK,1.00,slowkinggalar,TANK,0.28,VOLATILE,earthpower,1.00,0.28
battle-gen9nationaldex-10651469,91,heatran,TANK,0.67,slowkinggalar,TANK,0.06,VOLATILE,earthpower,0.67,0.06
battle-gen9nationaldex-10651510,993,charizard,TANK,1.00,ditto,TANK,1.00,DEFENSIVE_ADV,SWITCH->heatran,2.00,2.65
battle-gen9nationaldex-10651510,994,heatran,TANK,1.00,dracozolt,TANK,0.65,OFFENSIVE_ADV,SWITCH->charizard,2.00,2.65
battle-gen9nationaldex-10651510,995,charizard,TANK,1.00,ditto,TANK,1.00,DEFENSIVE_ADV,SWITCH->heatran,2.00,2.65
battle-gen9nationaldex-10651510,996,heatran,TANK,1.00,dracozolt,TANK,0.65,OFFENSIVE_ADV,SWITCH->charizard,2.00,2.65
battle-gen9nationaldex-10651510,997,charizard,TANK,1.00,ditto,TANK,1.00,DEFENSIVE_ADV,SWITCH->heatran,2.00,2.65
battle-gen9nationaldex-10651510,998,heatran,TANK,1.00,dracozolt,TANK,0.65,OFFENSIVE_ADV,SWITCH->charizard,2.00,2.65
battle-gen9nationaldex-10651510,999,charizard,TANK,1.00,ditto,TANK,1.00,DEFENSIVE_ADV,SWITCH->heatran,2.00,2.65
battle-gen9nationaldex-10651510,1000,heatran,TANK,1.00,dracozolt,TANK,0.65,OFFENSIVE_ADV,SWITCH->charizard,2.00,2.65
battle-gen9nationaldex-10651539,993,slowkinggalar,TANK,0.94,slowbro,TANK,1.00,NEUTRAL,SWITCH->tapubulu,1.88,2.00
battle-gen9nationaldex-10651539,994,tapubulu,TANK,0.94,porygon2,TANK,1.00,OFFENSIVE_ADV,SWITCH->slowkinggalar,1.94,2.00
battle-gen9nationaldex-10651539,995,slowkinggalar,TANK,0.94,slowbro,TANK,1.00,NEUTRAL,SWITCH->tapubulu,1.88,2.00
battle-gen9nationaldex-10651539,996,tapubulu,TANK,0.94,porygon2,TANK,1.00,OFFENSIVE_ADV,SWITCH->slowkinggalar,1.94,2.00
battle-gen9nationaldex-10651539,997,slowkinggalar,TANK,0.94,slowbro,TANK,1.00,NEUTRAL,SWITCH->tapubulu,1.88,2.00
battle-gen9nationaldex-10651539,998,tapubulu,TANK,0.94,porygon2,TANK,1.00,OFFENSIVE_ADV,SWITCH->slowkinggalar,1.94,2.00
battle-gen9nationaldex-10651539,999,slowkinggalar,TANK,0.94,slowbro,TANK,1.00,NEUTRAL,SWITCH->tapubulu,1.88,2.00
battle-gen9nationaldex-10651539,1000,tapubulu,TANK,0.94,porygon2,TANK,1.00,OFFENSIVE_ADV,SWITCH->slowkinggalar,1.94,2.00
battle-gen9nationaldex-10651542,98,latias,TANK,0.94,toxapex,TANK,1.00,OFFENSIVE_ADV,defog,0.94,1.00
battle-gen9nationaldex-10651542,99,latias,TANK,0.94,toxapex,TANK,1.00,OFFENSIVE_ADV,defog,0.94,1.00
battle-gen9nationaldex-10651542,100,latias,TANK,0.94,toxapex,TANK,1.00,OFFENSIVE_ADV,defog,0.94,1.00
battle-gen9nationaldex-10651542,101,latias,TANK,0.94,toxapex,TANK,1.00,OFFENSIVE_ADV,defog,0.94,1.00
battle-gen9nationaldex-10651542,102,latias,TANK,0.94,toxapex,TANK,1.00,OFFENSIVE_ADV,struggle,0.94,1.00
battle-gen9nationaldex-10651542,103,latias,TANK,0.69,toxapex,TANK,1.00,OFFENSIVE_ADV,struggle,0.69,1.00
battle-gen9nationaldex-10651542,104,latias,TANK,0.44,toxapex,TANK,1.00,OFFENSIVE_ADV,struggle,0.44,1.00
battle-gen9nationaldex-10651542,105,latias,TANK,0.19,toxapex,TANK,1.00,OFFENSIVE_ADV,struggle,0.19,1.00
battle-gen9nationaldex-10651577,104,steelix,TANK,1.00,steelix,TANK,1.00,CRITICAL_DIS,toxic,1.00,1.00
battle-gen9nationaldex-10651577,105,steelix,TANK,1.00,steelix,TANK,1.00,CRITICAL_DIS,toxic,1.00,1.00
battle-gen9nationaldex-10651577,106,steelix,TANK,1.00,steelix,TANK,1.00,CRITICAL_DIS,toxic,1.00,1.00
battle-gen9nationaldex-10651577,107,steelix,TANK,1.00,steelix,TANK,1.00,CRITICAL_DIS,struggle,1.00,1.00
battle-gen9nationaldex-10651577,108,steelix,TANK,0.81,steelix,TANK,1.00,CRITICAL_DIS,struggle,0.81,1.00
battle-gen9nationaldex-10651577,109,steelix,TANK,0.62,steelix,TANK,1.00,CRITICAL_DIS,struggle,0.62,1.00
battle-gen9nationaldex-10651577,110,steelix,TANK,0.43,steelix,TANK,1.00,CRITICAL_DIS,struggle,0.43,1.00
battle-gen9nationaldex-10651577,111,steelix,TANK,0.24,steelix,TANK,1.00,CRITICAL_DIS,struggle,0.24,1.00
battle-gen9nationaldex-10651582,84,gliscor,TANK,1.00,drifblim,TANK,1.00,OFFENSIVE_DIS,earthquake,1.00,1.00
battle-gen9nationaldex-10651582,85,gliscor,TANK,0.78,drifblim,TANK,1.00,OFFENSIVE_DIS,roost,0.78,1.00
battle-gen9nationaldex-10651582,86,gliscor,TANK,0.99,drifblim,TANK,1.00,OFFENSIVE_DIS,earthquake,0.99,1.00
battle-gen9nationaldex-10651582,87,gliscor,TANK,0.75,drifblim,TANK,1.00,OFFENSIVE_DIS,roost,0.75,1.00
battle-gen9nationaldex-10651582,88,gliscor,TANK,0.98,drifblim,TANK,1.00,OFFENSIVE_DIS,earthquake,0.98,1.00
battle-gen9nationaldex-10651582,89,gliscor,TANK,0.75,drifblim,TANK,1.00,OFFENSIVE_DIS,earthquake,0.75,1.00
battle-gen9nationaldex-10651582,90,gliscor,TANK,0.53,drifblim,TANK,1.00,OFFENSIVE_DIS,earthquake,0.53,1.00
battle-gen9nationaldex-10651582,91,gliscor,TANK,0.26,drifblim,TANK,1.00,OFFENSIVE_DIS,earthquake,0.26,1.00
battle-gen9nationaldex-10651591,993,necrozma,TANK,1.00,heatran,TANK,1.00,OFFENSIVE_ADV,SWITCH->moltres,2.91,3.00
battle-gen9nationaldex-10651591,994,moltres,TANK,0.91,arctozolt,TANK,1.00,VOLATILE,SWITCH->necrozma,2.91,3.00
battle-gen9nationaldex-10651591,995,necrozma,TANK,1.00,heatran,TANK,1.00,OFFENSIVE_ADV,SWITCH->moltres,2.91,3.00
battle-gen9nationaldex-10651591,996,moltres,TANK,0.91,arctozolt,TANK,1.00,VOLATILE,SWITCH->necrozma,2.91,3.00
battle-gen9nationaldex-10651591,997,necrozma,TANK,1.00,heatran,TANK,1.00,OFFENSIVE_ADV,SWITCH->moltres,2.91,3.00
battle-gen9nationaldex-10651591,998,moltres,TANK,0.91,arctozolt,TANK,1.00,VOLATILE,SWITCH->necrozma,2.91,3.00
battle-gen9nationaldex-10651591,999,necrozma,TANK,1.00,heatran,TANK,1.00,OFFENSIVE_ADV,SWITCH->moltres,2.91,3.00
battle-gen9nationaldex-10651591,1000,moltres,TANK,0.91,arctozolt,TANK,1.00,VOLATILE,SWITCH->necrozma,2.91,3.00
battle-gen9nationaldex-10651615,98,toxapex,TANK,1.00,hydreigon,TANK,0.78,OFFENSIVE_DIS,haze,1.00,0.78
battle-gen9nationaldex-10651615,99,toxapex,TANK,1.00,hydreigon,TANK,0.78,OFFENSIVE_DIS,haze,1.00,0.78
battle-gen9nationaldex-10651615,100,toxapex,TANK,1.00,hydreigon,TANK,0.78,OFFENSIVE_DIS,haze,1.00,0.78
battle-gen9nationaldex-10651615,101,toxapex,TANK,1.00,hydreigon,TANK,0.78,OFFENSIVE_DIS,haze,1.00,0.78
battle-gen9nationaldex-10651615,102,toxapex,TANK,1.00,hydreigon,TANK,0.78,OFFENSIVE_DIS,haze,1.00,0.78
battle-gen9nationaldex-10651615,103,toxapex,TANK,1.00,hydreigon,TANK,0.53,OFFENSIVE_DIS,haze,1.00,0.53
battle-gen9nationaldex-10651615,104,toxapex,TANK,1.00,hydreigon,TANK,0.28,OFFENSIVE_DIS,toxic,1.00,0.28
battle-gen9nationaldex-10651615,105,toxapex,TANK,1.00,hydreigon,TANK,0.03,OFFENSIVE_DIS,toxic,1.00,0.03
battle-gen9nationaldex-10651677,111,heatran,TANK,1.00,amoonguss,TANK,1.00,DOMINANT,SWITCH->gliscor,3.00,1.00
battle-gen9nationaldex-10651677,112,gliscor,TANK,1.00,amoonguss,TANK,1.00,NEUTRAL,SWITCH->slowbro,3.00,1.00
battle-gen9nationaldex-10651677,113,slowbro,TANK,0.83,amoonguss,TANK,1.00,VOLATILE,teleport,2.83,1.00
battle-gen9nationaldex-10651677,113,slowbro,TANK,0.69,amoonguss,TANK,1.00,VOLATILE,SWITCH->heatran,2.69,1.00
battle-gen9nationaldex-10651677,114,heatran,TANK,1.00,amoonguss,TANK,1.00,DOMINANT,SWITCH->slowbro,3.00,1.00
battle-gen9nationaldex-10651677,115,slowbro,TANK,0.95,amoonguss,TANK,0.65,VOLATILE,teleport,2.95,0.65
battle-gen9nationaldex-10651677,115,slowbro,TANK,0.90,amoonguss,TANK,0.23,VOLATILE,SWITCH->heatran,2.90,0.23
battle-gen9nationaldex-10651677,116,heatran,TANK,1.00,amoonguss,TANK,0.30,DOMINANT,magmastorm,3.00,0.30
battle-gen9nationaldex-10651711,104,zapdos,TANK,0.78,toxapex,TANK,1.00,OFFENSIVE_ADV,roost,0.78,2.00
battle-gen9nationaldex-10651711,105,zapdos,TANK,0.78,toxapex,TANK,1.00,OFFENSIVE_ADV,roost,0.78,2.00
battle-gen9nationaldex-10651711,106,zapdos,TANK,0.76,toxapex,TANK,1.00,OFFENSIVE_ADV,roost,0.76,2.00
battle-gen9nationaldex-10651711,107,zapdos,TANK,0.78,toxapex,TANK,1.00,OFFENSIVE_ADV,hurricane,0.78,2.00
battle-gen9nationaldex-10651711,108,zapdos,TANK,0.55,toxapex,TANK,0.63,OFFENSIVE_ADV,hurricane,0.55,1.63
battle-gen9nationaldex-10651711,109,zapdos,TANK,0.49,toxapex,TANK,0.26,OFFENSIVE_ADV,hurricane,0.49,1.26
battle-gen9nationaldex-10651711,110,zapdos,TANK,0.43,zapdos,TANK,1.00,NEUTRAL,thunder,0.43,1.00
battle-gen9nationaldex-10651711,111,zapdos,TANK,0.15,zapdos,TANK,1.00,NEUTRAL,thunder,0.15,1.00
battle-gen9nationaldex-10651733,119,rotomwash,TANK,0.94,rotomwash,TANK,1.00,NEUTRAL,SWITCH->seismitoad,2.80,1.00
battle-gen9nationaldex-10651733,120,seismitoad,TANK,0.86,rotomwash,TANK,1.00,OFFENSIVE_ADV,SWITCH->amoonguss,2.80,1.00
battle-gen9nationaldex-10651733,121,amoonguss,TANK,0.85,rotomwash,TANK,1.00,DOMINANT,SWITCH->seismitoad,2.65,1.00
battle-gen9nationaldex-10651733,122,seismitoad,TANK,0.86,rotomwash,TANK,1.00,OFFENSIVE_ADV,SWITCH->rotomwash,2.80,1.00
battle-gen9nationaldex-10651733,123,rotomwash,TANK,0.89,rotomwash,TANK,0.82,NEUTRAL,SWITCH->seismitoad,2.75,0.82
battle-gen9nationaldex-10651733,124,seismitoad,TANK,0.79,rotomwash,TANK,0.63,OFFENSIVE_ADV,SWITCH->amoonguss,2.68,0.63
battle-gen9nationaldex-10651733,125,amoonguss,TANK,0.94,rotomwash,TANK,0.44,DOMINANT,SWITCH->seismitoad,2.62,0.44
battle-gen9nationaldex-10651733,126,seismitoad,TANK,0.72,rotomwash,TANK,0.25,OFFENSIVE_ADV,sludgewave,2.61,0.25
battle-gen9nationaldex-10651739,110,skarmory,TANK,1.00,gliscor,TANK,1.00,STALEMATE,spikes,1.00,1.00
battle-gen9nationaldex-10651739,111,skarmory,TANK,1.00,gliscor,TANK,1.00,STALEMATE,spikes,1.00,1.00
battle-gen9nationaldex-10651739,112,skarmory,TANK,0.98,gliscor,TANK,0.88,STALEMATE,spikes,0.98,0.88
battle-gen9nationaldex-10651739,113,skarmory,TANK,0.96,gliscor,TANK,0.75,STALEMATE,spikes,0.96,0.75
battle-gen9nationaldex-10651739,114,skarmory,TANK,0.94,gliscor,TANK,0.63,STALEMATE,spikes,0.94,0.63
battle-gen9nationaldex-10651739,115,skarmory,TANK,0.92,gliscor,TANK,0.50,STALEMATE,spikes,0.92,0.50
battle-gen9nationaldex-10651739,116,skarmory,TANK,0.90,gliscor,TANK,0.38,STALEMATE,spikes,0.90,0.38
battle-gen9nationaldex-10651739,117,skarmory,TANK,0.87,gliscor,TANK,0.25,STALEMATE,spikes,0.87,0.25
battle-gen9nationaldex-10651745,85,articuno,TANK,0.81,tapubulu,TANK,1.00,OFFENSIVE_ADV,roost,0.81,1.00
battle-gen9nationaldex-10651745,86,articuno,TANK,0.59,tapubulu,TANK,1.00,OFFENSIVE_ADV,freezedry,0.59,1.00
battle-gen9nationaldex-10651745,87,articuno,TANK,0.13,tapubulu,TANK,0.67,OFFENSIVE_ADV,freezedry,0.13,0.67
battle-gen9nationaldex-10651745,88,articuno,TANK,0.02,tapubulu,TANK,0.34,OFFENSIVE_ADV,freezedry,0.02,0.34
battle-gen9nationaldex-10651745,89,articuno,TANK,0.02,tapubulu,TANK,0.40,OFFENSIVE_ADV,freezedry,0.02,0.40
battle-gen9nationaldex-10651745,90,articuno,TANK,0.02,tapubulu,TANK,0.46,OFFENSIVE_ADV,freezedry,0.02,0.46
battle-gen9nationaldex-10651745,91,articuno,TANK,0.02,tapubulu,TANK,0.08,OFFENSIVE_ADV,freezedry,0.02,0.08
battle-gen9nationaldex-10651745,92,articuno,TANK,0.02,tapubulu,TANK,0.14,OFFENSIVE_ADV,freezedry,0.02,0.14
battle-gen9nationaldex-10651754,89,altaria,TANK,0.26,deoxysdefense,TANK,0.42,NEUTRAL,SWITCH->regirock,1.31,1.33
battle-gen9nationaldex-10651754,90,regirock,TANK,0.87,deoxysdefense,TANK,0.42,OFFENSIVE_DIS,SWITCH->altaria,1.25,1.33
battle-gen9nationaldex-10651754,91,altaria,TANK,0.01,deoxysdefense,TANK,0.42,NEUTRAL,SWITCH->oinkologne,1.00,1.33
battle-gen9nationaldex-10651754,91,oinkologne,TANK,0.00,deoxysdefense,TANK,0.42,NEUTRAL,SWITCH->regirock,0.88,1.33
battle-gen9nationaldex-10651754,92,regirock,TANK,0.75,deoxysdefense,TANK,0.42,OFFENSIVE_DIS,SWITCH->altaria,0.76,1.33
battle-gen9nationaldex-10651754,92,altaria,TANK,0.00,deoxysdefense,TANK,0.93,NEUTRAL,SWITCH->regirock,0.75,1.84
battle-gen9nationaldex-10651754,93,regirock,TANK,0.63,deoxysdefense,TANK,0.93,OFFENSIVE_DIS,stealthrock,0.63,1.84
battle-gen9nationaldex-10651754,94,regirock,TANK,0.69,venusaur,TANK,0.91,CRITICAL_DIS,stealthrock,0.69,1.84
battle-gen9nationaldex-10651759,993,reuniclus,TANK,0.63,clefable,TANK,0.59,NEUTRAL,SWITCH->gliscor,2.88,2.59
battle-gen9nationaldex-10651759,994,gliscor,TANK,1.00,toxapex,TANK,1.00,VOLATILE,SWITCH->reuniclus,2.88,2.59
battle-gen9nationaldex-10651759,995,reuniclus,TANK,0.63,clefable,TANK,0.59,NEUTRAL,SWITCH->gliscor,2.88,2.59
battle-gen9nationaldex-10651759,996,gliscor,TANK,1.00,toxapex,TANK,1.00,VOLATILE,SWITCH->reuniclus,2.88,2.59
battle-gen9nationaldex-10651759,997,reuniclus,TANK,0.63,clefable,TANK,0.59,NEUTRAL,SWITCH->gliscor,2.88,2.59
battle-gen9nationaldex-10651759,998,gliscor,TANK,1.00,toxapex,TANK,1.00,VOLATILE,SWITCH->reuniclus,2.88,2.59
battle-gen9nationaldex-10651759,999,reuniclus,TANK,0.63,clefable,TANK,0.59,NEUTRAL,SWITCH->gliscor,2.88,2.59
battle-gen9nationaldex-10651759,1000,gliscor,TANK,1.00,toxapex,TANK,1.00,VOLATILE,SWITCH->reuniclus,2.88,2.59
battle-gen9nationaldex-10651814,100,mandibuzz,TANK,1.00,gliscor,TANK,0.83,NEUTRAL,foulplay,3.81,0.83
battle-gen9nationaldex-10651814,101,mandibuzz,TANK,1.00,gliscor,TANK,0.76,NEUTRAL,foulplay,3.81,0.76
battle-gen9nationaldex-10651814,102,mandibuzz,TANK,1.00,gliscor,TANK,0.69,NEUTRAL,foulplay,3.81,0.69
battle-gen9nationaldex-10651814,103,mandibuzz,TANK,1.00,gliscor,TANK,0.60,NEUTRAL,foulplay,3.81,0.60
battle-gen9nationaldex-10651814,104,mandibuzz,TANK,1.00,gliscor,TANK,0.53,NEUTRAL,foulplay,3.81,0.53
battle-gen9nationaldex-10651814,105,mandibuzz,TANK,1.00,gliscor,TANK,0.45,NEUTRAL,foulplay,3.81,0.45
battle-gen9nationaldex-10651814,106,mandibuzz,TANK,1.00,gliscor,TANK,0.24,NEUTRAL,foulplay,3.81,0.24
battle-gen9nationaldex-10651814,107,mandibuzz,TANK,1.00,gliscor,TANK,0.16,NEUTRAL,foulplay,3.81,0.16
battle-gen9nationaldex-10651823,78,hydreigon,TANK,1.00,gliscor,TANK,0.95,NEUTRAL,SWITCH->gliscor,2.14,0.95
battle-gen9nationaldex-10651823,79,gliscor,TANK,1.00,gliscor,TANK,1.00,OFFENSIVE_DIS,uturn,2.14,1.00
battle-gen9nationaldex-10651823,79,gliscor,TANK,0.92,gliscor,TANK,0.70,OFFENSIVE_DIS,SWITCH->hydreigon,2.06,0.70
battle-gen9nationaldex-10651823,80,hydreigon,TANK,1.00,gliscor,TANK,0.82,NEUTRAL,uturn,2.06,0.82
battle-gen9nationaldex-10651823,80,hydreigon,TANK,1.00,gliscor,TANK,0.76,NEUTRAL,SWITCH->gliscor,2.06,0.76
battle-gen9nationaldex-10651823,81,gliscor,TANK,0.97,gliscor,TANK,0.63,OFFENSIVE_DIS,SWITCH->hydreigon,2.11,0.63
battle-gen9nationaldex-10651823,82,hydreigon,TANK,0.87,gliscor,TANK,0.51,NEUTRAL,dracometeor,1.98,0.51
battle-gen9nationaldex-10651823,83,hydreigon,TANK,0.76,gliscor,TANK,0.38,NEUTRAL,dracometeor,1.87,0.38
battle-gen9nationaldex-10651848,114,gliscor,TANK,1.00,landorustherian,SWEEPER,1.00,OFFENSIVE_DIS,stealthrock,1.00,1.00
battle-gen9nationaldex-10651848,115,gliscor,TANK,1.00,landorustherian,SWEEPER,1.00,OFFENSIVE_DIS,stealthrock,1.00,1.00
battle-gen9nationaldex-10651848,116,gliscor,TANK,1.00,landorustherian,SWEEPER,1.00,OFFENSIVE_DIS,stealthrock,1.00,1.00
battle-gen9nationaldex-10651848,117,gliscor,TANK,1.00,landorustherian,SWEEPER,1.00,OFFENSIVE_DIS,stealthrock,1.00,1.00
battle-gen9nationaldex-10651848,118,gliscor,TANK,1.00,landorustherian,SWEEPER,0.82,OFFENSIVE_DIS,stealthrock,1.00,0.82
battle-gen9nationaldex-10651848,119,gliscor,TANK,1.00,landorustherian,SWEEPER,0.63,OFFENSIVE_DIS,stealthrock,1.00,0.63
battle-gen9nationaldex-10651848,120,gliscor,TANK,1.00,landorustherian,SWEEPER,0.44,OFFENSIVE_DIS,stealthrock,1.00,0.44
battle-gen9nationaldex-10651848,121,gliscor,TANK,1.00,landorustherian,SWEEPER,0.25,OFFENSIVE_DIS,stealthrock,1.00,0.25
battle-gen9nationaldex-10651851,993,hydreigon,TANK,0.85,piloswine,TANK,1.00,VOLATILE,SWITCH->heatran,1.99,2.00
battle-gen9nationaldex-10651851,994,heatran,TANK,0.47,articuno,TANK,1.00,DOMINANT,SWITCH->hydreigon,1.99,2.00
battle-gen9nationaldex-10651851,995,hydreigon,TANK,0.85,piloswine,TANK,1.00,VOLATILE,SWITCH->heatran,1.99,2.00
battle-gen9nationaldex-10651851,996,heatran,TANK,0.47,articuno,TANK,1.00,DOMINANT,SWITCH->hydreigon,1.99,2.00
battle-gen9nationaldex-10651851,997,hydreigon,TANK,0.85,piloswine,TANK,1.00,VOLATILE,SWITCH->heatran,1.99,2.00
battle-gen9nationaldex-10651851,998,heatran,TANK,0.47,articuno,TANK,1.00,DOMINANT,SWITCH->hydreigon,1.99,2.00
battle-gen9nationaldex-10651851,999,hydreigon,TANK,0.85,piloswine,TANK,1.00,VOLATILE,SWITCH->heatran,1.99,2.00
battle-gen9nationaldex-10651851,1000,heatran,TANK,0.47,articuno,TANK,1.00,DOMINANT,SWITCH->hydreigon,1.99,2.00
battle-gen9nationaldex-10651878,89,toxapex,TANK,0.71,poliwrath,TANK,0.50,OFFENSIVE_DIS,haze,0.71,0.50
battle-gen9nationaldex-10651878,90,toxapex,TANK,0.53,poliwrath,TANK,0.50,OFFENSIVE_DIS,haze,0.53,0.50
battle-gen9nationaldex-10651878,91,toxapex,TANK,0.43,poliwrath,TANK,0.50,OFFENSIVE_DIS,haze,0.43,0.50
battle-gen9nationaldex-10651878,92,toxapex,TANK,0.33,poliwrath,TANK,0.50,OFFENSIVE_DIS,haze,0.33,0.50
battle-gen9nationaldex-10651878,93,toxapex,TANK,0.29,poliwrath,TANK,0.55,OFFENSIVE_DIS,haze,0.29,0.55
battle-gen9nationaldex-10651878,94,toxapex,TANK,0.25,poliwrath,TANK,0.60,OFFENSIVE_DIS,haze,0.25,0.60
battle-gen9nationaldex-10651878,95,toxapex,TANK,0.21,poliwrath,TANK,0.35,OFFENSIVE_DIS,haze,0.21,0.35
battle-gen9nationaldex-10651878,96,toxapex,TANK,0.19,poliwrath,TANK,0.10,OFFENSIVE_DIS,haze,0.19,0.10
battle-gen9nationaldex-10651882,993,whiscash,TANK,0.42,porygon2,TANK,1.00,NEUTRAL,SWITCH->deoxysdefense,0.96,2.00
battle-gen9nationaldex-10651882,994,deoxysdefense,TANK,0.53,ursaluna,TANK,1.00,OFFENSIVE_DIS,SWITCH->whiscash,0.96,2.00
battle-gen9nationaldex-10651882,995,whiscash,TANK,0.42,porygon2,TANK,1.00,NEUTRAL,SWITCH->deoxysdefense,0.96,2.00
battle-gen9nationaldex-10651882,996,deoxysdefense,TANK,0.53,ursaluna,TANK,1.00,OFFENSIVE_DIS,SWITCH->whiscash,0.96,2.00
battle-gen9nationaldex-10651882,997,whiscash,TANK,0.42,porygon2,TANK,1.00,NEUTRAL,SWITCH->deoxysdefense,0.96,2.00
battle-gen9nationaldex-10651882,998,deoxysdefense,TANK,0.53,ursaluna,TANK,1.00,OFFENSIVE_DIS,SWITCH->whiscash,0.96,2.00
battle-gen9nationaldex-10651882,999,whiscash,TANK,0.42,porygon2,TANK,1.00,NEUTRAL,SWITCH->deoxysdefense,0.96,2.00
battle-gen9nationaldex-10651882,1000,deoxysdefense,TANK,0.53,ursaluna,TANK,1.00,OFFENSIVE_DIS,SWITCH->whiscash,0.96,2.00
battle-gen9nationaldex-10651895,81,audino,TANK,1.00,scizormega,UTILITY,1.00,NEUTRAL,healbell,1.00,2.50
battle-gen9nationaldex-10651895,82,audino,TANK,1.00,omastar,TANK,0.45,NEUTRAL,healbell,1.00,2.50
battle-gen9nationaldex-10651895,83,audino,TANK,1.00,amoonguss,TANK,1.00,NEUTRAL,healbell,1.00,2.50
battle-gen9nationaldex-10651895,84,audino,TANK,1.00,scizormega,UTILITY,1.00,NEUTRAL,struggle,1.00,2.50
battle-gen9nationaldex-10651895,85,audino,TANK,0.75,omastar,TANK,0.37,NEUTRAL,struggle,0.75,2.42
battle-gen9nationaldex-10651895,86,audino,TANK,0.50,scizormega,UTILITY,0.96,NEUTRAL,struggle,0.50,2.38
battle-gen9nationaldex-10651895,87,audino,TANK,0.25,amoonguss,TANK,0.94,NEUTRAL,struggle,0.25,2.32
battle-gen9nationaldex-10651895,88,audino,TANK,0.00,scizormega,UTILITY,0.91,NEUTRAL,struggle,0.00,2.27
battle-gen9nationaldex-10651896,85,slowbro,TANK,0.94,toxapex,TANK,0.83,OFFENSIVE_ADV,SWITCH->corviknight,2.94,0.83
battle-gen9nationaldex-10651896,86,corviknight,TANK,1.00,toxapex,TANK,0.83,NEUTRAL,SWITCH->slowbro,3.00,0.83
battle-gen9nationaldex-10651896,87,slowbro,TANK,0.94,toxapex,TANK,0.83,OFFENSIVE_ADV,scald,2.94,0.83
battle-gen9nationaldex-10651896,88,slowbro,TANK,0.88,toxapex,TANK,0.71,OFFENSIVE_ADV,scald,2.88,0.71
battle-gen9nationaldex-10651896,89,slowbro,TANK,0.82,toxapex,TANK,0.61,OFFENSIVE_ADV,scald,2.82,0.61
battle-gen9nationaldex-10651896,90,slowbro,TANK,0.76,toxapex,TANK,0.49,OFFENSIVE_ADV,futuresight,2.76,0.49
battle-gen9nationaldex-10651896,91,slowbro,TANK,0.70,toxapex,TANK,0.49,OFFENSIVE_ADV,futuresight,2.70,0.49
battle-gen9nationaldex-10651896,92,slowbro,TANK,0.63,toxapex,TANK,0.49,OFFENSIVE_ADV,futuresight,2.63,0.49
battle-gen9nationaldex-10651900,80,slowbro,TANK,0.88,slowkinggalar,TANK,0.77,NEUTRAL,scald,0.88,1.43
battle-gen9nationaldex-10651900,81,slowbro,TANK,0.82,skarmory,TANK,0.13,NEUTRAL,futuresight,0.82,0.97
battle-gen9nationaldex-10651900,82,slowbro,TANK,0.76,slowkinggalar,TANK,0.88,NEUTRAL,scald,0.76,1.08
battle-gen9nationaldex-10651900,83,slowbro,TANK,0.76,skarmory,TANK,0.13,NEUTRAL,futuresight,0.76,1.01
battle-gen9nationaldex-10651900,84,slowbro,TANK,0.76,slowkinggalar,TANK,0.78,NEUTRAL,scald,0.76,0.91
battle-gen9nationaldex-10651900,85,slowbro,TANK,0.76,slowkinggalar,TANK,1.00,NEUTRAL,scald,0.76,1.00
battle-gen9nationaldex-10651900,86,slowbro,TANK,0.38,slowkinggalar,TANK,0.83,NEUTRAL,scald,0.38,0.83
battle-gen9nationaldex-10651900,87,slowbro,TANK,0.04,slowkinggalar,TANK,0.65,NEUTRAL,scald,0.04,0.65
battle-gen9nationaldex-10651914,993,cloyster,TANK,0.63,quagsire,TANK,1.00,NEUTRAL,SWITCH->deoxysdefense,2.18,2.71
battle-gen9nationaldex-10651914,994,deoxysdefense,TANK,1.00,heatran,TANK,1.00,OFFENSIVE_DIS,SWITCH->cloyster,2.18,2.71
battle-gen9nationaldex-10651914,995,cloyster,TANK,0.63,quagsire,TANK,1.00,NEUTRAL,SWITCH->deoxysdefense,2.18,2.71
battle-gen9nationaldex-10651914,996,deoxysdefense,TANK,1.00,heatran,TANK,1.00,OFFENSIVE_DIS,SWITCH->cloyster,2.18,2.71
battle-gen9nationaldex-10651914,997,cloyster,TANK,0.63,quagsire,TANK,1.00,NEUTRAL,SWITCH->deoxysdefense,2.18,2.71
battle-gen9nationaldex-10651914,998,deoxysdefense,TANK,1.00,heatran,TANK,1.00,OFFENSIVE_DIS,SWITCH->cloyster,2.18,2.71
battle-gen9nationaldex-10651914,999,cloyster,TANK,0.63,quagsire,TANK,1.00,NEUTRAL,SWITCH->deoxysdefense,2.18,2.71
battle-gen9nationaldex-10651914,1000,deoxysdefense,TANK,1.00,heatran,TANK,1.00,OFFENSIVE_DIS,SWITCH->cloyster,2.18,2.71
battle-gen9nationaldex-10651915,993,latias,TANK,1.00,gliscor,TANK,1.00,OFFENSIVE_ADV,SWITCH->clefable,2.00,2.12
battle-gen9nationaldex-10651915,994,clefable,TANK,1.00,reuniclus,TANK,0.85,NEUTRAL,SWITCH->latias,2.00,2.12
battle-gen9nationaldex-10651915,995,latias,TANK,1.00,gliscor,TANK,1.00,OFFENSIVE_ADV,SWITCH->clefable,2.00,2.12
battle-gen9nationaldex-10651915,996,clefable,TANK,1.00,reuniclus,TANK,0.85,NEUTRAL,SWITCH->latias,2.00,2.12
battle-gen9nationaldex-10651915,997,latias,TANK,1.00,gliscor,TANK,1.00,OFFENSIVE_ADV,SWITCH->clefable,2.00,2.12
battle-gen9nationaldex-10651915,998,clefable,TANK,1.00,reuniclus,TANK,0.85,NEUTRAL,SWITCH->latias,2.00,2.12
battle-gen9nationaldex-10651915,999,latias,TANK,1.00,gliscor,TANK,1.00,OFFENSIVE_ADV,SWITCH->clefable,2.00,2.12
battle-gen9nationaldex-10651915,1000,clefable,TANK,1.00,reuniclus,TANK,0.85,NEUTRAL,SWITCH->latias,2.00,2.12
battle-gen9nationaldex-10651916,162,chansey,TANK,0.57,mantine,TANK,0.58,OFFENSIVE_DIS,seismictoss,2.23,0.58
battle-gen9nationaldex-10651916,163,chansey,TANK,0.45,mantine,TANK,0.61,OFFENSIVE_DIS,seismictoss,2.11,0.61
battle-gen9nationaldex-10651916,164,chansey,TANK,0.26,mantine,TANK,0.55,OFFENSIVE_DIS,seismictoss,1.93,0.55
battle-gen9nationaldex-10651916,165,chansey,TANK,0.02,mantine,TANK,0.49,OFFENSIVE_DIS,seismictoss,1.68,0.49
battle-gen9nationaldex-10651916,165,chansey,TANK,0.00,mantine,TANK,0.42,OFFENSIVE_DIS,SWITCH->gastrodon,1.66,0.42
battle-gen9nationaldex-10651916,166,gastrodon,TANK,1.00,mantine,TANK,0.42,NEUTRAL,SWITCH->venusaurmega,1.66,0.42
battle-gen9nationaldex-10651916,167,venusaurmega,TANK,0.66,mantine,TANK,0.55,DEFENSIVE_DIS,sludgebomb,1.66,0.55
battle-gen9nationaldex-10651916,168,venusaurmega,TANK,0.66,mantine,TANK,0.44,DEFENSIVE_DIS,sludgebomb,1.66,0.44
battle-gen9nationaldex-10651923,90,kommoo,TANK,1.00,quagsire,TANK,0.36,NEUTRAL,clangingscales,2.00,1.36
battle-gen9nationaldex-10651923,91,kommoo,TANK,1.00,heatran,TANK,0.94,OFFENSIVE_ADV,SWITCH->corviknight,2.00,1.30
battle-gen9nationaldex-10651923,92,corviknight,TANK,1.00,heatran,TANK,1.00,CRITICAL_DIS,uturn,2.00,1.36
battle-gen9nationaldex-10651923,92,corviknight,TANK,1.00,quagsire,TANK,0.26,NEUTRAL,SWITCH->kommoo,2.00,1.26
battle-gen9nationaldex-10651923,93,kommoo,TANK,1.00,quagsire,TANK,0.32,NEUTRAL,closecombat,2.00,1.32
battle-gen9nationaldex-10651923,94,kommoo,TANK,1.00,heatran,TANK,0.16,OFFENSIVE_ADV,clangingscales,2.00,0.48
battle-gen9nationaldex-10651923,95,kommoo,TANK,0.53,heatran,TANK,0.11,OFFENSIVE_ADV,closecombat,1.53,0.43
battle-gen9nationaldex-10651923,96,kommoo,TANK,0.53,quagsire,TANK,0.32,NEUTRAL,clangingscales,1.53,0.32
battle-gen9nationaldex-10651934,82,tapubulu,TANK,0.99,serperior,TANK,0.18,DEFENSIVE_ADV,superpower,0.99,2.79
battle-gen9nationaldex-10651934,83,tapubulu,TANK,1.00,gliscor,TANK,1.00,DEFENSIVE_DIS,superpower,1.00,2.79
battle-gen9nationaldex-10651934,84,tapubulu,TANK,0.95,serperior,TANK,0.18,DEFENSIVE_ADV,superpower,0.95,2.37
battle-gen9nationaldex-10651934,85,tapubulu,TANK,1.00,gliscor,TANK,0.93,DEFENSIVE_DIS,superpower,1.00,2.30
battle-gen9nationaldex-10651934,86,tapubulu,TANK,0.82,gliscor,TANK,0.93,DEFENSIVE_DIS,superpower,0.82,2.12
battle-gen9nationaldex-10651934,87,tapubulu,TANK,0.54,komala,UTILITY,0.21,OFFENSIVE_ADV,superpower,0.54,1.33
battle-gen9nationaldex-10651934,88,tapubulu,TANK,0.61,gliscor,TANK,0.93,DEFENSIVE_DIS,superpower,0.61,1.12
battle-gen9nationaldex-10651934,89,tapubulu,TANK,0.20,gliscor,TANK,0.93,DEFENSIVE_DIS,superpower,0.20,0.93
battle-gen9nationaldex-10651948,132,gliscor,TANK,1.00,gliscor,TANK,1.00,OFFENSIVE_DIS,toxic,1.00,1.00
battle-gen9nationaldex-10651948,133,gliscor,TANK,1.00,gliscor,TANK,1.00,OFFENSIVE_DIS,toxic,1.00,1.00
battle-gen9nationaldex-10651948,134,gliscor,TANK,1.00,gliscor,TANK,1.00,OFFENSIVE_DIS,toxic,1.00,1.00
battle-gen9nationaldex-10651948,135,gliscor,TANK,1.00,gliscor,TANK,1.00,OFFENSIVE_DIS,toxic,1.00,1.00
battle-gen9nationaldex-10651948,136,gliscor,TANK,1.00,gliscor,TANK,0.88,OFFENSIVE_DIS,struggle,1.00,0.88
battle-gen9nationaldex-10651948,137,gliscor,TANK,0.78,gliscor,TANK,0.67,OFFENSIVE_DIS,struggle,0.78,0.67
battle-gen9nationaldex-10651948,138,gliscor,TANK,0.52,gliscor,TANK,0.46,OFFENSIVE_DIS,struggle,0.52,0.46
battle-gen9nationaldex-10651948,139,gliscor,TANK,0.31,gliscor,TANK,0.24,OFFENSIVE_DIS,struggle,0.31,0.24
battle-gen9nationaldex-10651963,993,ninetalesalola,TANK,0.77,deoxysdefense,TANK,1.00,NEUTRAL,SWITCH->heatran,2.77,3.00
battle-gen9nationaldex-10651963,994,heatran,TANK,1.00,kommoo,TANK,1.00,DEFENSIVE_DIS,SWITCH->ninetalesalola,2.77,3.00
battle-gen9nationaldex-10651963,995,ninetalesalola,TANK,0.77,deoxysdefense,TANK,1.00,NEUTRAL,SWITCH->heatran,2.77,3.00
battle-gen9nationaldex-10651963,996,heatran,TANK,1.00,kommoo,TANK,1.00,DEFENSIVE_DIS,SWITCH->ninetalesalola,2.77,3.00
battle-gen9nationaldex-10651963,997,ninetalesalola,TANK,0.77,deoxysdefense,TANK,1.00,NEUTRAL,SWITCH->heatran,2.77,3.00
battle-gen9nationaldex-10651963,998,heatran,TANK,1.00,kommoo,TANK,1.00,DEFENSIVE_DIS,SWITCH->ninetalesalola,2.77,3.00
battle-gen9nationaldex-10651963,999,ninetalesalola,TANK,0.77,deoxysdefense,TANK,1.00,NEUTRAL,SWITCH->heatran,2.77,3.00
battle-gen9nationaldex-10651963,1000,heatran,TANK,1.00,kommoo,TANK,1.00,DEFENSIVE_DIS,SWITCH->ninetalesalola,2.77,3.00
battle-gen9nationaldex-10651978,79,latiasmega,TANK,0.72,gliscor,TANK,1.00,NEUTRAL,SWITCH->clefable,1.72,1.00
battle-gen9nationaldex-10651978,80,clefable,TANK,1.00,gliscor,TANK,1.00,NEUTRAL,SWITCH->latiasmega,1.72,1.00
battle-gen9nationaldex-10651978,81,latiasmega,TANK,0.63,gliscor,TANK,0.88,NEUTRAL,SWITCH->clefable,1.63,0.88
battle-gen9nationaldex-10651978,82,clefable,TANK,0.98,gliscor,TANK,0.75,NEUTRAL,SWITCH->latiasmega,1.61,0.75
battle-gen9nationaldex-10651978,83,latiasmega,TANK,0.54,gliscor,TANK,0.63,NEUTRAL,SWITCH->clefable,1.52,0.63
battle-gen9nationaldex-10651978,84,clefable,TANK,0.95,gliscor,TANK,0.50,NEUTRAL,SWITCH->latiasmega,1.49,0.50
battle-gen9nationaldex-10651978,85,latiasmega,TANK,0.45,gliscor,TANK,0.38,NEUTRAL,SWITCH->clefable,1.41,0.38
battle-gen9nationaldex-10651978,86,clefable,TANK,0.93,gliscor,TANK,0.25,NEUTRAL,moonblast,1.38,0.25
battle-gen9nationaldex-10651979,993,moltres,TANK,0.94,arctozolt,TANK,1.00,VOLATILE,SWITCH->necrozma,2.94,3.00
battle-gen9nationaldex-10651979,994,necrozma,TANK,1.00,heatran,TANK,1.00,OFFENSIVE_ADV,SWITCH->moltres,2.94,3.00
battle-gen9nationaldex-10651979,995,moltres,TANK,0.94,arctozolt,TANK,1.00,VOLATILE,SWITCH->necrozma,2.94,3.00
battle-gen9nationaldex-10651979,996,necrozma,TANK,1.00,heatran,TANK,1.00,OFFENSIVE_ADV,SWITCH->moltres,2.94,3.00
battle-gen9nationaldex-10651979,997,moltres,TANK,0.94,arctozolt,TANK,1.00,VOLATILE,SWITCH->necrozma,2.94,3.00
battle-gen9nationaldex-10651979,998,necrozma,TANK,1.00,heatran,TANK,1.00,OFFENSIVE_ADV,SWITCH->moltres,2.94,3.00
battle-gen9nationaldex-10651979,999,moltres,TANK,0.94,arctozolt,TANK,1.00,VOLATILE,SWITCH->necrozma,2.94,3.00
battle-gen9nationaldex-10651979,1000,necrozma,TANK,1.00,heatran,TANK,1.00,OFFENSIVE_ADV,SWITCH->moltres,2.94,3.00
battle-gen9nationaldex-10651982,91,zapdos,TANK,0.35,emboar,TANK,0.64,OFFENSIVE_ADV,thunder,1.35,1.64
battle-gen9nationaldex-10651982,92,zapdos,TANK,0.01,corviknight,TANK,1.00,DOMINANT,SWITCH->manaphy,1.01,1.00
battle-gen9nationaldex-10651982,93,manaphy,TANK,0.76,corviknight,TANK,1.00,NEUTRAL,SWITCH->zapdos,0.77,1.00
battle-gen9nationaldex-10651982,93,zapdos,TANK,0.00,corviknight,TANK,0.99,DOMINANT,SWITCH->manaphy,0.76,0.99
battle-gen9nationaldex-10651982,94,manaphy,TANK,0.64,corviknight,TANK,0.99,NEUTRAL,surf,0.64,0.99
battle-gen9nationaldex-10651982,95,manaphy,TANK,0.30,corviknight,TANK,0.89,NEUTRAL,surf,0.30,0.89
battle-gen9nationaldex-10651982,96,manaphy,TANK,0.01,corviknight,TANK,0.79,NEUTRAL,surf,0.01,0.79
battle-gen9nationaldex-10651982,97,manaphy,TANK,0.01,corviknight,TANK,0.42,NEUTRAL,surf,0.01,0.42
battle-gen9nationaldex-10651996,160,altariamega,TANK,0.96,deoxysdefense,TANK,1.00,NEUTRAL,dragondance,0.96,1.00
battle-gen9nationaldex-10651996,161,altariamega,TANK,0.96,deoxysdefense,TANK,1.00,NEUTRAL,dragondance,0.96,1.00
battle-gen9nationaldex-10651996,162,altariamega,TANK,0.96,deoxysdefense,TANK,1.00,NEUTRAL,roost,0.96,1.00
battle-gen9nationaldex-10651996,163,altariamega,TANK,1.00,deoxysdefense,TANK,1.00,NEUTRAL,roost,1.00,1.00
battle-gen9nationaldex-10651996,164,altariamega,TANK,1.00,deoxysdefense,TANK,1.00,NEUTRAL,struggle,1.00,1.00
battle-gen9nationaldex-10651996,165,altariamega,TANK,0.75,deoxysdefense,TANK,0.64,NEUTRAL,struggle,0.75,0.64
battle-gen9nationaldex-10651996,166,altariamega,TANK,0.50,deoxysdefense,TANK,0.75,NEUTRAL,struggle,0.50,0.75
battle-gen9nationaldex-10651996,167,altariamega,TANK,0.25,deoxysdefense,TANK,0.39,NEUTRAL,struggle,0.25,0.39
battle-gen9nationaldex-10652004,104,slowbro,TANK,0.91,blissey,TANK,0.85,NEUTRAL,scald,2.19,0.85
battle-gen9nationaldex-10652004,105,slowbro,TANK,0.91,blissey,TANK,0.85,NEUTRAL,scald,2.19,0.85
battle-gen9nationaldex-10652004,106,slowbro,TANK,0.91,blissey,TANK,0.84,NEUTRAL,scald,2.19,0.84
battle-gen9nationaldex-10652004,107,slowbro,TANK,0.82,blissey,TANK,0.69,NEUTRAL,scald,2.10,0.69
battle-gen9nationaldex-10652004,108,slowbro,TANK,0.74,blissey,TANK,0.53,NEUTRAL,scald,2.02,0.53
battle-gen9nationaldex-10652004,109,slowbro,TANK,0.66,blissey,TANK,0.37,NEUTRAL,scald,1.94,0.37
battle-gen9nationaldex-10652004,110,slowbro,TANK,0.56,blissey,TANK,0.22,NEUTRAL,scald,1.85,0.22
battle-gen9nationaldex-10652004,111,slowbro,TANK,0.48,blissey,TANK,0.06,NEUTRAL,futuresight,1.77,0.06
battle-gen9nationaldex-10652053,993,quagsire,TANK,1.00,mantine,TANK,1.00,OFFENSIVE_DIS,SWITCH->amoonguss,2.00,3.15
battle-gen9nationaldex-10652053,994,amoonguss,TANK,1.00,swampertmega,TANK,1.00,OFFENSIVE_ADV,SWITCH->quagsire,2.00,3.15
battle-gen9nationaldex-10652053,995,quagsire,TANK,1.00,mantine,TANK,1.00,OFFENSIVE_DIS,SWITCH->amoonguss,2.00,3.15
battle-gen9nationaldex-10652053,996,amoonguss,TANK,1.00,swampertmega,TANK,1.00,OFFENSIVE_ADV,SWITCH->quagsire,2.00,3.15
battle-gen9nationaldex-10652053,997,quagsire,TANK,1.00,mantine,TANK,1.00,OFFENSIVE_DIS,SWITCH->amoonguss,2.00,3.15
battle-gen9nationaldex-10652053,998,amoonguss,TANK,1.00,swampertmega,TANK,1.00,OFFENSIVE_ADV,SWITCH->quagsire,2.00,3.15
battle-gen9nationaldex-10652053,999,quagsire,TANK,1.00,mantine,TANK,1.00,OFFENSIVE_DIS,SWITCH->amoonguss,2.00,3.15
battle-gen9nationaldex-10652053,1000,amoonguss,TANK,1.00,swampertmega,TANK,1.00,OFFENSIVE_ADV,SWITCH->quagsire,2.00,3.15
battle-gen9nationaldex-10652086,123,aegislash,TANK,0.26,blissey,TANK,0.63,DOMINANT,SWITCH->golemalola,0.44,1.95
battle-gen9nationaldex-10652086,124,golemalola,TANK,0.02,blissey,TANK,0.63,DEFENSIVE_ADV,SWITCH->aegislash,0.32,1.95
battle-gen9nationaldex-10652086,125,aegislash,TANK,0.20,blissey,TANK,0.63,DOMINANT,SWITCH->serperior,0.26,1.95
battle-gen9nationaldex-10652086,125,serperior,TANK,0.00,blissey,TANK,0.63,NEUTRAL,SWITCH->aegislash,0.22,1.95
battle-gen9nationaldex-10652086,126,aegislash,TANK,0.14,blissey,TANK,0.63,DOMINANT,SWITCH->golemalola,0.16,1.95
battle-gen9nationaldex-10652086,126,golemalola,TANK,0.00,blissey,TANK,1.00,DEFENSIVE_ADV,SWITCH->aegislash,0.14,2.32
battle-gen9nationaldex-10652086,127,aegislash,TANK,0.08,blissey,TANK,1.00,DOMINANT,closecombat,0.08,2.32
battle-gen9nationaldex-10652086,128,aegislash,SWEEPER,0.08,pecharunt,TANK,0.70,VOLATILE,shadowclaw,0.08,2.20
battle-gen9nationaldex-10652105,88,garganacl,TANK,1.00,gliscor,TANK,0.01,DEFENSIVE_DIS,protect,3.33,0.01
battle-gen9nationaldex-10652105,89,garganacl,TANK,1.00,gliscor,TANK,0.01,DEFENSIVE_DIS,protect,3.33,0.01
battle-gen9nationaldex-10652105,90,garganacl,TANK,1.00,gliscor,TANK,0.01,DEFENSIVE_DIS,protect,3.33,0.01
battle-gen9nationaldex-10652105,91,garganacl,TANK,1.00,gliscor,TANK,0.01,DEFENSIVE_DIS,protect,3.33,0.01
battle-gen9nationaldex-10652105,92,garganacl,TANK,1.00,gliscor,TANK,0.01,DEFENSIVE_DIS,protect,3.33,0.01
battle-gen9nationaldex-10652105,93,garganacl,TANK,1.00,gliscor,TANK,0.01,DEFENSIVE_DIS,protect,3.33,0.01
battle-gen9nationaldex-10652105,94,garganacl,TANK,1.00,gliscor,TANK,0.01,DEFENSIVE_DIS,SWITCH->zapdos,3.33,0.01
battle-gen9nationaldex-10652105,95,zapdos,TANK,1.00,gliscor,TANK,0.01,DEFENSIVE_ADV,hurricane,3.33,0.01
battle-gen9nationaldex-10652118,993,heatran,TANK,1.00,slowkinggalar,TANK,1.00,DOMINANT,SWITCH->deoxysdefense,2.19,2.00
battle-gen9nationaldex-10652118,994,deoxysdefense,TANK,1.00,tapubulu,TANK,1.00,OFFENSIVE_DIS,SWITCH->heatran,2.19,2.00
battle-gen9nationaldex-10652118,995,heatran,TANK,1.00,slowkinggalar,TANK,1.00,DOMINANT,SWITCH->deoxysdefense,2.19,2.00
battle-gen9nationaldex-10652118,996,deoxysdefense,TANK,1.00,tapubulu,TANK,1.00,OFFENSIVE_DIS,SWITCH->heatran,2.19,2.00
battle-gen9nationaldex-10652118,997,heatran,TANK,1.00,slowkinggalar,TANK,1.00,DOMINANT,SWITCH->deoxysdefense,2.19,2.00
battle-gen9nationaldex-10652118,998,deoxysdefense,TANK,1.00,tapubulu,TANK,1.00,OFFENSIVE_DIS,SWITCH->heatran,2.19,2.00
battle-gen9nationaldex-10652118,999,heatran,TANK,1.00,slowkinggalar,TANK,1.00,DOMINANT,SWITCH->deoxysdefense,2.19,2.00
battle-gen9nationaldex-10652118,1000,deoxysdefense,TANK,1.00,tapubulu,TANK,1.00,OFFENSIVE_DIS,SWITCH->heatran,2.19,2.00
battle-gen9nationaldex-10652139,73,urshifurapidstrike,UTILITY,0.84,charizard,TANK,0.36,VOLATILE,SWITCH->melmetal,1.72,0.55
battle-gen9nationaldex-10652139,74,melmetal,TANK,0.77,charizard,TANK,0.36,VOLATILE,icepunch,1.60,0.55
battle-gen9nationaldex-10652139,75,melmetal,TANK,0.77,indeedeef,TANK,0.47,DEFENSIVE_ADV,SWITCH->urshifurapidstrike,1.60,1.02
battle-gen9nationaldex-10652139,76,urshifurapidstrike,UTILITY,0.67,indeedeef,TANK,0.47,VOLATILE,aquajet,1.44,1.02
battle-gen9nationaldex-10652139,77,urshifurapidstrike,UTILITY,0.52,indeedeef,TANK,0.47,VOLATILE,SWITCH->melmetal,1.29,1.02
battle-gen9nationaldex-10652139,78,melmetal,TANK,0.54,indeedeef,TANK,0.47,DEFENSIVE_DIS,doubleironbash,1.06,1.02
battle-gen9nationaldex-10652139,79,melmetal,TANK,0.32,charizard,TANK,0.36,VOLATILE,icepunch,0.84,0.55
battle-gen9nationaldex-10652139,80,melmetal,TANK,0.19,corviknight,TANK,0.19,DOMINANT,icepunch,0.71,0.19
battle-gen9nationaldex-10652154,993,reuniclus,TANK,0.89,sawsbuckwinter,TANK,1.00,OFFENSIVE_ADV,SWITCH->clefable,5.04,2.00
battle-gen9nationaldex-10652154,994,clefable,TANK,1.00,slaking,TANK,1.00,NEUTRAL,SWITCH->reuniclus,5.04,2.00
battle-gen9nationaldex-10652154,995,reuniclus,TANK,0.89,sawsbuckwinter,TANK,1.00,OFFENSIVE_ADV,SWITCH->clefable,5.04,2.00
battle-gen9nationaldex-10652154,996,clefable,TANK,1.00,slaking,TANK,1.00,NEUTRAL,SWITCH->reuniclus,5.04,2.00
battle-gen9nationaldex-10652154,997,reuniclus,TANK,0.89,sawsbuckwinter,TANK,1.00,OFFENSIVE_ADV,SWITCH->clefable,5.04,2.00
battle-gen9nationaldex-10652154,998,clefable,TANK,1.00,slaking,TANK,1.00,NEUTRAL,SWITCH->reuniclus,5.04,2.00
battle-gen9nationaldex-10652154,999,reuniclus,TANK,0.89,sawsbuckwinter,TANK,1.00,OFFENSIVE_ADV,SWITCH->clefable,5.04,2.00
battle-gen9nationaldex-10652154,1000,clefable,TANK,1.00,slaking,TANK,1.00,NEUTRAL,SWITCH->reuniclus,5.04,2.00
battle-gen9nationaldex-10652158,115,tapufini,TANK,1.00,mantine,TANK,1.00,NEUTRAL,taunt,1.00,1.00
battle-gen9nationaldex-10652158,116,tapufini,TANK,1.00,mantine,TANK,0.82,NEUTRAL,taunt,1.00,0.82
battle-gen9nationaldex-10652158,117,tapufini,TANK,1.00,mantine,TANK,0.63,NEUTRAL,taunt,1.00,0.63
battle-gen9nationaldex-10652158,118,tapufini,TANK,1.00,mantine,TANK,0.69,NEUTRAL,taunt,1.00,0.69
battle-gen9nationaldex-10652158,119,tapufini,TANK,1.00,mantine,TANK,0.50,NEUTRAL,taunt,1.00,0.50
battle-gen9nationaldex-10652158,120,tapufini,TANK,1.00,mantine,TANK,0.31,NEUTRAL,taunt,1.00,0.31
battle-gen9nationaldex-10652158,121,tapufini,TANK,1.00,mantine,TANK,0.37,NEUTRAL,taunt,1.00,0.37
battle-gen9nationaldex-10652158,122,tapufini,TANK,1.00,mantine,TANK,0.18,NEUTRAL,taunt,1.00,0.18
battle-gen9nationaldex-10652179,107,toxapex,TANK,1.00,zapdos,TANK,0.78,DEFENSIVE_DIS,scald,2.00,0.78
battle-gen9nationaldex-10652179,108,toxapex,TANK,1.00,zapdos,TANK,0.78,DEFENSIVE_DIS,scald,2.00,0.78
battle-gen9nationaldex-10652179,109,toxapex,TANK,0.63,zapdos,TANK,0.55,DEFENSIVE_DIS,scald,1.63,0.55
battle-gen9nationaldex-10652179,110,toxapex,TANK,0.24,zapdos,TANK,0.49,DEFENSIVE_DIS,scald,1.24,0.49
battle-gen9nationaldex-10652179,111,toxapex,TANK,0.27,zapdos,TANK,0.42,DEFENSIVE_DIS,scald,1.27,0.42
battle-gen9nationaldex-10652179,112,toxapex,TANK,0.34,zapdos,TANK,0.21,DEFENSIVE_DIS,scald,1.34,0.21
battle-gen9nationaldex-10652179,112,toxapex,TANK,0.00,zapdos,TANK,0.15,DEFENSIVE_DIS,SWITCH->zapdos,1.00,0.15
battle-gen9nationaldex-10652179,113,zapdos,TANK,1.00,zapdos,TANK,0.15,NEUTRAL,hurricane,1.00,0.15
battle-gen9nationaldex-10652193,993,tapubulu,TANK,1.00,deoxysdefense,TANK,1.00,NEUTRAL,SWITCH->slowkinggalar,2.00,2.00
battle-gen9nationaldex-10652193,994,slowkinggalar,TANK,1.00,heatran,TANK,1.00,VOLATILE,SWITCH->tapubulu,2.00,2.00
battle-gen9nationaldex-10652193,995,tapubulu,TANK,1.00,deoxysdefense,TANK,1.00,NEUTRAL,SWITCH->slowkinggalar,2.00,2.00
battle-gen9nationaldex-10652193,996,slowkinggalar,TANK,1.00,heatran,TANK,1.00,VOLATILE,SWITCH->tapubulu,2.00,2.00
battle-gen9nationaldex-10652193,997,tapubulu,TANK,1.00,deoxysdefense,TANK,1.00,NEUTRAL,SWITCH->slowkinggalar,2.00,2.00
battle-gen9nationaldex-10652193,998,slowkinggalar,TANK,1.00,heatran,TANK,1.00,VOLATILE,SWITCH->tapubulu,2.00,2.00
battle-gen9nationaldex-10652193,999,tapubulu,TANK,1.00,deoxysdefense,TANK,1.00,NEUTRAL,SWITCH->slowkinggalar,2.00,2.00
battle-gen9nationaldex-10652193,1000,slowkinggalar,TANK,1.00,heatran,TANK,1.00,VOLATILE,SWITCH->tapubulu,2.00,2.00
battle-gen9nationaldex-10652195,150,heatran,TANK,1.00,toxapex,TANK,0.95,VOLATILE,SWITCH->gliscor,2.00,0.95
battle-gen9nationaldex-10652195,151,gliscor,TANK,1.00,toxapex,TANK,0.95,VOLATILE,SWITCH->heatran,2.00,0.95
battle-gen9nationaldex-10652195,152,heatran,TANK,1.00,toxapex,TANK,0.95,VOLATILE,SWITCH->gliscor,2.00,0.95
battle-gen9nationaldex-10652195,153,gliscor,TANK,1.00,toxapex,TANK,0.95,VOLATILE,SWITCH->heatran,2.00,0.95
battle-gen9nationaldex-10652195,154,heatran,TANK,1.00,toxapex,TANK,0.95,VOLATILE,SWITCH->gliscor,2.00,0.95
battle-gen9nationaldex-10652195,155,gliscor,TANK,1.00,toxapex,TANK,0.69,VOLATILE,SWITCH->heatran,2.00,0.69
battle-gen9nationaldex-10652195,156,heatran,TANK,1.00,toxapex,TANK,0.44,VOLATILE,SWITCH->gliscor,2.00,0.44
battle-gen9nationaldex-10652195,157,gliscor,TANK,1.00,toxapex,TANK,0.19,VOLATILE,earthquake,2.00,0.19
battle-gen9nationaldex-10652197,158,pecharunt,TANK,1.00,gliscor,TANK,1.00,DEFENSIVE_DIS,shadowball,2.44,1.00
battle-gen9nationaldex-10652197,159,pecharunt,TANK,1.00,gliscor,TANK,1.00,DEFENSIVE_DIS,shadowball,2.44,1.00
battle-gen9nationaldex-10652197,160,pecharunt,TANK,1.00,gliscor,TANK,1.00,DEFENSIVE_DIS,shadowball,2.44,1.00
battle-gen9nationaldex-10652197,161,pecharunt,TANK,1.00,gliscor,TANK,1.00,DEFENSIVE_DIS,shadowball,2.44,1.00
battle-gen9nationaldex-10652197,162,pecharunt,TANK,1.00,gliscor,TANK,1.00,DEFENSIVE_DIS,shadowball,2.44,1.00
battle-gen9nationaldex-10652197,163,pecharunt,TANK,1.00,gliscor,TANK,1.00,DEFENSIVE_DIS,shadowball,2.44,1.00
battle-gen9nationaldex-10652197,164,pecharunt,TANK,1.00,gliscor,TANK,0.75,DEFENSIVE_DIS,shadowball,2.44,0.75
battle-gen9nationaldex-10652197,165,pecharunt,TANK,1.00,gliscor,TANK,0.33,DEFENSIVE_DIS,shadowball,2.44,0.33
battle-gen9nationaldex-10652200,83,deoxysdefense,TANK,0.63,porygon2,TANK,0.39,OFFENSIVE_DIS,stealthrock,2.57,1.79
battle-gen9nationaldex-10652200,84,deoxysdefense,TANK,0.63,cresselia,TANK,0.63,STALEMATE,SWITCH->meganium,2.57,1.66
battle-gen9nationaldex-10652200,85,meganium,TANK,0.50,porygon2,TANK,0.27,NEUTRAL,earthquake,2.44,1.54
battle-gen9nationaldex-10652200,86,meganium,TANK,0.50,cresselia,TANK,0.51,NEUTRAL,SWITCH->heatran,2.44,0.78
battle-gen9nationaldex-10652200,87,heatran,TANK,0.18,porygon2,TANK,0.14,DEFENSIVE_ADV,eruption,2.32,0.65
battle-gen9nationaldex-10652200,87,heatran,TANK,0.00,porygon2,TANK,0.14,DEFENSIVE_ADV,SWITCH->venusaur,2.14,0.65
battle-gen9nationaldex-10652200,88,venusaur,TANK,0.88,porygon2,TANK,0.14,NEUTRAL,gigadrain,2.02,0.65
battle-gen9nationaldex-10652200,89,venusaur,TANK,0.90,cresselia,TANK,0.07,DEFENSIVE_DIS,earthpower,2.04,0.21
battle-gen9nationaldex-10652248,88,dondozo,TANK,1.00,regirock,TANK,0.96,OFFENSIVE_ADV,SWITCH->venusaurmega,1.66,1.36
battle-gen9nationaldex-10652248,89,venusaurmega,TANK,0.54,altaria,TANK,0.40,DEFENSIVE_DIS,sludgebomb,1.54,1.36
battle-gen9nationaldex-10652248,90,venusaurmega,TANK,0.54,regirock,TANK,0.71,OFFENSIVE_ADV,SWITCH->dondozo,1.54,1.11
battle-gen9nationaldex-10652248,91,dondozo,TANK,1.00,altaria,TANK,0.40,OFFENSIVE_DIS,rest,1.54,1.11
battle-gen9nationaldex-10652248,92,dondozo,TANK,1.00,regirock,TANK,0.64,OFFENSIVE_ADV,SWITCH->venusaurmega,1.54,1.04
battle-gen9nationaldex-10652248,93,venusaurmega,TANK,0.42,altaria,TANK,0.40,DEFENSIVE_DIS,sludgebomb,1.42,1.04
battle-gen9nationaldex-10652248,94,venusaurmega,TANK,0.42,regirock,TANK,0.39,OFFENSIVE_ADV,sludgebomb,1.42,0.79
battle-gen9nationaldex-10652248,95,venusaurmega,TANK,0.42,regirock,TANK,0.39,OFFENSIVE_ADV,gigadrain,1.42,0.39
battle-gen9nationaldex-10652250,993,mawile,TANK,0.75,ferrothorn,TANK,1.00,OFFENSIVE_ADV,SWITCH->ferrothorn,1.84,2.42
battle-gen9nationaldex-10652250,994,ferrothorn,TANK,1.00,mawile,TANK,1.00,DEFENSIVE_ADV,SWITCH->mawile,1.84,2.42
battle-gen9nationaldex-10652250,995,mawile,TANK,0.75,ferrothorn,TANK,1.00,OFFENSIVE_ADV,SWITCH->ferrothorn,1.84,2.42
battle-gen9nationaldex-10652250,996,ferrothorn,TANK,1.00,mawile,TANK,1.00,DEFENSIVE_ADV,SWITCH->mawile,1.84,2.42
battle-gen9nationaldex-10652250,997,mawile,TANK,0.75,ferrothorn,TANK,1.00,OFFENSIVE_ADV,SWITCH->ferrothorn,1.84,2.42
battle-gen9nationaldex-10652250,998,ferrothorn,TANK,1.00,mawile,TANK,1.00,DEFENSIVE_ADV,SWITCH->mawile,1.84,2.42
battle-gen9nationaldex-10652250,999,mawile,TANK,0.75,ferrothorn,TANK,1.00,OFFENSIVE_ADV,SWITCH->ferrothorn,1.84,2.42
battle-gen9nationaldex-10652250,1000,ferrothorn,TANK,1.00,mawile,TANK,1.00,DEFENSIVE_ADV,SWITCH->mawile,1.84,2.42
battle-gen9nationaldex-10652264,993,gyarados,TANK,0.83,corviknight,TANK,0.29,NEUTRAL,SWITCH->serperior,1.83,2.15
battle-gen9nationaldex-10652264,994,serperior,TANK,1.00,tapubulu,TANK,1.00,OFFENSIVE_ADV,SWITCH->gyarados,1.83,2.15
battle-gen9nationaldex-10652264,995,gyarados,TANK,0.83,corviknight,TANK,0.29,NEUTRAL,SWITCH->serperior,1.83,2.15
battle-gen9nationaldex-10652264,996,serperior,TANK,1.00,tapubulu,TANK,1.00,OFFENSIVE_ADV,SWITCH->gyarados,1.83,2.15
battle-gen9nationaldex-10652264,997,gyarados,TANK,0.83,corviknight,TANK,0.29,NEUTRAL,SWITCH->serperior,1.83,2.15
battle-gen9nationaldex-10652264,998,serperior,TANK,1.00,tapubulu,TANK,1.00,OFFENSIVE_ADV,SWITCH->gyarados,1.83,2.15
battle-gen9nationaldex-10652264,999,gyarados,TANK,0.83,corviknight,TANK,0.29,NEUTRAL,SWITCH->serperior,1.83,2.15
battle-gen9nationaldex-10652264,1000,serperior,TANK,1.00,tapubulu,TANK,1.00,OFFENSIVE_ADV,SWITCH->gyarados,1.83,2.15
battle-gen9nationaldex-10652294,993,hydreigon,TANK,1.00,amoonguss,TANK,1.00,NEUTRAL,SWITCH->heatran,2.80,2.00
battle-gen9nationaldex-10652294,994,heatran,TANK,0.80,rotomwash,TANK,1.00,VOLATILE,SWITCH->hydreigon,2.80,2.00
battle-gen9nationaldex-10652294,995,hydreigon,TANK,1.00,amoonguss,TANK,1.00,NEUTRAL,SWITCH->heatran,2.80,2.00
battle-gen9nationaldex-10652294,996,heatran,TANK,0.80,rotomwash,TANK,1.00,VOLATILE,SWITCH->hydreigon,2.80,2.00
battle-gen9nationaldex-10652294,997,hydreigon,TANK,1.00,amoonguss,TANK,1.00,NEUTRAL,SWITCH->heatran,2.80,2.00
battle-gen9nationaldex-10652294,998,heatran,TANK,0.80,rotomwash,TANK,1.00,VOLATILE,SWITCH->hydreigon,2.80,2.00
battle-gen9nationaldex-10652294,999,hydreigon,TANK,1.00,amoonguss,TANK,1.00,NEUTRAL,SWITCH->heatran,2.80,2.00
battle-gen9nationaldex-10652294,1000,heatran,TANK,0.80,rotomwash,TANK,1.00,VOLATILE,SWITCH->hydreigon,2.80,2.00
battle-gen9nationaldex-10652333,133,corviknight,TANK,1.00,gliscor,TANK,0.88,STALEMATE,SWITCH->toxapex,3.00,0.88
battle-gen9nationaldex-10652333,134,toxapex,TANK,1.00,gliscor,TANK,0.88,VOLATILE,SWITCH->corviknight,3.00,0.88
battle-gen9nationaldex-10652333,135,corviknight,TANK,1.00,gliscor,TANK,0.88,STALEMATE,SWITCH->garganacl,3.00,0.88
battle-gen9nationaldex-10652333,136,garganacl,TANK,1.00,gliscor,TANK,0.88,DEFENSIVE_DIS,SWITCH->corviknight,3.00,0.88
battle-gen9nationaldex-10652333,137,corviknight,TANK,1.00,gliscor,TANK,0.88,STALEMATE,SWITCH->toxapex,3.00,0.88
battle-gen9nationaldex-10652333,138,toxapex,TANK,1.00,gliscor,TANK,0.88,VOLATILE,SWITCH->corviknight,3.00,0.88
battle-gen9nationaldex-10652333,139,corviknight,TANK,0.93,gliscor,TANK,0.47,STALEMATE,SWITCH->garganacl,2.93,0.47
battle-gen9nationaldex-10652333,140,garganacl,TANK,1.00,gliscor,TANK,0.22,DEFENSIVE_DIS,SWITCH->corviknight,2.93,0.22
battle-gen9nationaldex-10652345,102,gliscor,TANK,0.82,clefable,TANK,1.00,NEUTRAL,SWITCH->sableye,0.83,1.00
battle-gen9nationaldex-10652345,102,sableye,TANK,0.00,clefable,TANK,1.00,DEFENSIVE_DIS,SWITCH->gliscor,0.82,1.00
battle-gen9nationaldex-10652345,103,gliscor,TANK,0.82,clefable,TANK,1.00,NEUTRAL,earthquake,0.82,1.00
battle-gen9nationaldex-10652345,104,gliscor,TANK,0.66,clefable,TANK,0.80,NEUTRAL,earthquake,0.66,0.80
battle-gen9nationaldex-10652345,105,gliscor,TANK,0.78,clefable,TANK,1.00,NEUTRAL,earthquake,0.78,1.00
battle-gen9nationaldex-10652345,106,gliscor,TANK,0.62,clefable,TANK,0.80,NEUTRAL,earthquake,0.62,0.80
battle-gen9nationaldex-10652345,107,gliscor,TANK,0.46,clefable,TANK,0.60,NEUTRAL,earthquake,0.46,0.60
battle-gen9nationaldex-10652345,108,gliscor,TANK,0.28,clefable,TANK,0.39,NEUTRAL,earthquake,0.28,0.39
battle-gen9nationaldex-10652346,82,porygon2,TANK,0.52,articuno,TANK,1.00,NEUTRAL,teleport,0.52,1.00
battle-gen9nationaldex-10652346,83,porygon2,TANK,0.52,articuno,TANK,1.00,NEUTRAL,teleport,0.52,1.00
battle-gen9nationaldex-10652346,84,porygon2,TANK,0.52,articuno,TANK,1.00,NEUTRAL,teleport,0.52,1.00
battle-gen9nationaldex-10652346,85,porygon2,TANK,0.52,articuno,TANK,1.00,NEUTRAL,teleport,0.52,1.00
battle-gen9nationaldex-10652346,86,porygon2,TANK,0.52,articuno,TANK,1.00,NEUTRAL,teleport,0.52,1.00
battle-gen9nationaldex-10652346,87,porygon2,TANK,0.47,articuno,TANK,0.75,NEUTRAL,teleport,0.47,0.75
battle-gen9nationaldex-10652346,88,porygon2,TANK,0.41,articuno,TANK,0.50,NEUTRAL,teleport,0.41,0.50
battle-gen9nationaldex-10652346,89,porygon2,TANK,0.36,articuno,TANK,0.25,NEUTRAL,teleport,0.36,0.25
battle-gen9nationaldex-10652348,80,clefable,TANK,0.83,pelipper,TANK,0.51,NEUTRAL,protect,0.83,1.99
battle-gen9nationaldex-10652348,81,clefable,TANK,0.83,pelipper,TANK,0.51,NEUTRAL,protect,0.83,1.99
battle-gen9nationaldex-10652348,82,clefable,TANK,0.83,pelipper,TANK,0.51,NEUTRAL,protect,0.83,1.99
battle-gen9nationaldex-10652348,83,clefable,TANK,0.83,pelipper,TANK,0.51,NEUTRAL,protect,0.83,1.99
battle-gen9nationaldex-10652348,84,clefable,TANK,0.51,pelipper,TANK,0.51,NEUTRAL,protect,0.51,1.99
battle-gen9nationaldex-10652348,85,clefable,TANK,0.45,pelipper,TANK,0.51,NEUTRAL,protect,0.45,1.99
battle-gen9nationaldex-10652348,86,clefable,TANK,0.21,pelipper,TANK,0.51,NEUTRAL,protect,0.21,1.99
battle-gen9nationaldex-10652348,87,clefable,TANK,0.15,pelipper,TANK,0.51,NEUTRAL,protect,0.15,1.99
battle-gen9nationaldex-10652364,993,greattusk,TANK,1.00,greattusk,TANK,1.00,OFFENSIVE_ADV,SWITCH->charizard,6.00,2.00
battle-gen9nationaldex-10652364,994,charizard,TANK,1.00,charizard,TANK,1.00,NEUTRAL,SWITCH->greattusk,6.00,2.00
battle-gen9nationaldex-10652364,995,greattusk,TANK,1.00,greattusk,TANK,1.00,OFFENSIVE_ADV,SWITCH->charizard,6.00,2.00
battle-gen9nationaldex-10652364,996,charizard,TANK,1.00,charizard,TANK,1.00,NEUTRAL,SWITCH->greattusk,6.00,2.00
battle-gen9nationaldex-10652364,997,greattusk,TANK,1.00,greattusk,TANK,1.00,OFFENSIVE_ADV,SWITCH->charizard,6.00,2.00
battle-gen9nationaldex-10652364,998,charizard,TANK,1.00,charizard,TANK,1.00,NEUTRAL,SWITCH->greattusk,6.00,2.00
battle-gen9nationaldex-10652364,999,greattusk,TANK,1.00,greattusk,TANK,1.00,OFFENSIVE_ADV,SWITCH->charizard,6.00,2.00
battle-gen9nationaldex-10652364,1000,charizard,TANK,1.00,charizard,TANK,1.00,NEUTRAL,SWITCH->greattusk,6.00,2.00
battle-gen9nationaldex-10652369,993,amoonguss,TANK,1.00,amoonguss,TANK,1.00,NEUTRAL,SWITCH->heatran,5.00,4.00
battle-gen9nationaldex-10652369,994,heatran,TANK,1.00,heatran,TANK,1.00,OFFENSIVE_ADV,SWITCH->quagsire,5.00,4.00
battle-gen9nationaldex-10652369,995,quagsire,TANK,1.00,quagsire,TANK,1.00,NEUTRAL,SWITCH->amoonguss,5.00,4.00
battle-gen9nationaldex-10652369,996,amoonguss,TANK,1.00,amoonguss,TANK,1.00,NEUTRAL,SWITCH->heatran,5.00,4.00
battle-gen9nationaldex-10652369,997,heatran,TANK,1.00,heatran,TANK,1.00,OFFENSIVE_ADV,SWITCH->quagsire,5.00,4.00
battle-gen9nationaldex-10652369,998,quagsire,TANK,1.00,quagsire,TANK,1.00,NEUTRAL,SWITCH->amoonguss,5.00,4.00
battle-gen9nationaldex-10652369,999,amoonguss,TANK,1.00,amoonguss,TANK,1.00,NEUTRAL,SWITCH->heatran,5.00,4.00
battle-gen9nationaldex-10652369,1000,heatran,TANK,1.00,heatran,TANK,1.00,OFFENSIVE_ADV,SWITCH->quagsire,5.00,4.00
battle-gen9nationaldex-10652378,141,tapubulu,TANK,0.37,slowbro,TANK,1.00,OFFENSIVE_ADV,SWITCH->slowkinggalar,1.37,1.47
battle-gen9nationaldex-10652378,142,slowkinggalar,TANK,0.94,slowbro,TANK,1.00,NEUTRAL,SWITCH->tapubulu,1.31,1.47
battle-gen9nationaldex-10652378,142,tapubulu,TANK,0.00,slowbro,TANK,1.00,OFFENSIVE_ADV,SWITCH->slowkinggalar,1.00,1.47
battle-gen9nationaldex-10652378,143,slowkinggalar,TANK,1.00,slowbro,TANK,1.00,NEUTRAL,sludgebomb,1.00,1.47
battle-gen9nationaldex-10652378,144,slowkinggalar,TANK,0.94,slowbro,TANK,0.70,NEUTRAL,sludgebomb,0.94,1.17
battle-gen9nationaldex-10652378,145,slowkinggalar,TANK,0.94,slowbro,TANK,0.42,NEUTRAL,sludgebomb,0.94,0.89
battle-gen9nationaldex-10652378,146,slowkinggalar,TANK,0.75,slowbro,TANK,0.12,NEUTRAL,hydropump,0.75,0.59
battle-gen9nationaldex-10652378,147,slowkinggalar,TANK,0.75,heatran,TANK,0.34,OFFENSIVE_ADV,hydropump,0.75,0.34
battle-gen9nationaldex-10652386,993,mawile,TANK,0.37,ferrothorn,TANK,1.00,NEUTRAL,SWITCH->araquanid,1.37,2.00
battle-gen9nationaldex-10652386,994,araquanid,TANK,1.00,garchomp,TANK,1.00,NEUTRAL,SWITCH->mawile,1.37,2.00
battle-gen9nationaldex-10652386,995,mawile,TANK,0.37,ferrothorn,TANK,1.00,NEUTRAL,SWITCH->araquanid,1.37,2.00
battle-gen9nationaldex-10652386,996,araquanid,TANK,1.00,garchomp,TANK,1.00,NEUTRAL,SWITCH->mawile,1.37,2.00
battle-gen9nationaldex-10652386,997,mawile,TANK,0.37,ferrothorn,TANK,1.00,NEUTRAL,SWITCH->araquanid,1.37,2.00
battle-gen9nationaldex-10652386,998,araquanid,TANK,1.00,garchomp,TANK,1.00,NEUTRAL,SWITCH->mawile,1.37,2.00
battle-gen9nationaldex-10652386,999,mawile,TANK,0.37,ferrothorn,TANK,1.00,NEUTRAL,SWITCH->araquanid,1.37,2.00
battle-gen9nationaldex-10652386,1000,araquanid,TANK,1.00,garchomp,TANK,1.00,NEUTRAL,SWITCH->mawile,1.37,2.00
battle-gen9nationaldex-10652396,96,landorustherian,SWEEPER,0.91,amoonguss,TANK,0.71,NEUTRAL,earthquake,3.03,0.71
battle-gen9nationaldex-10652396,97,landorustherian,SWEEPER,0.81,amoonguss,TANK,0.78,NEUTRAL,earthquake,2.93,0.78
battle-gen9nationaldex-10652396,98,landorustherian,SWEEPER,0.71,amoonguss,TANK,0.84,NEUTRAL,earthquake,2.83,0.84
battle-gen9nationaldex-10652396,99,landorustherian,SWEEPER,0.62,amoonguss,TANK,0.47,NEUTRAL,earthquake,2.74,0.47
battle-gen9nationaldex-10652396,100,landorustherian,SWEEPER,0.62,amoonguss,TANK,0.11,NEUTRAL,earthquake,2.74,0.11
battle-gen9nationaldex-10652396,101,landorustherian,SWEEPER,0.52,amoonguss,TANK,0.18,NEUTRAL,earthquake,2.64,0.18
battle-gen9nationaldex-10652396,102,landorustherian,SWEEPER,0.41,amoonguss,TANK,0.24,NEUTRAL,earthquake,2.54,0.24
battle-gen9nationaldex-10652396,103,landorustherian,SWEEPER,0.32,amoonguss,TANK,0.30,NEUTRAL,earthquake,2.44,0.30
battle-gen9nationaldex-10652424,273,dragonite,TANK,0.00,tyranitar,TANK,1.00,VOLATILE,SWITCH->tyranitar,1.25,3.89
battle-gen9nationaldex-10652424,274,tyranitar,TANK,0.74,tyranitar,TANK,1.00,OFFENSIVE_ADV,SWITCH->araquanid,1.25,3.89
battle-gen9nationaldex-10652424,275,araquanid,TANK,0.45,mawile,TANK,1.00,NEUTRAL,SWITCH->tyranitar,1.19,3.89
battle-gen9nationaldex-10652424,276,tyranitar,TANK,0.74,dragonite,TANK,0.88,OFFENSIVE_ADV,stoneedge,1.19,3.83
battle-gen9nationaldex-10652424,277,tyranitar,TANK,0.74,mawile,TANK,0.69,VOLATILE,SWITCH->araquanid,1.19,3.52
battle-gen9nationaldex-10652424,278,araquanid,TANK,0.39,tyranitar,TANK,1.00,VOLATILE,SWITCH->tyranitar,1.13,3.52
battle-gen9nationaldex-10652424,278,tyranitar,TANK,0.00,tyranitar,TANK,1.00,VOLATILE,SWITCH->araquanid,0.39,3.52
battle-gen9nationaldex-10652424,279,araquanid,TANK,0.39,tyranitar,TANK,1.00,VOLATILE,liquidation,0.39,3.52
battle-gen9nationaldex-10652426,993,kyurem,TANK,1.00,kyurem,TANK,1.00,VOLATILE,SWITCH->oinkologne,3.00,1.71
battle-gen9nationaldex-10652426,994,oinkologne,TANK,1.00,reuniclus,TANK,0.71,NEUTRAL,SWITCH->kyurem,3.00,1.71
battle-gen9nationaldex-10652426,995,kyurem,TANK,1.00,kyurem,TANK,1.00,VOLATILE,SWITCH->oinkologne,3.00,1.71
battle-gen9nationaldex-10652426,996,oinkologne,TANK,1.00,reuniclus,TANK,0.71,NEUTRAL,SWITCH->kyurem,3.00,1.71
battle-gen9nationaldex-10652426,997,kyurem,TANK,1.00,kyurem,TANK,1.00,VOLATILE,SWITCH->oinkologne,3.00,1.71
battle-gen9nationaldex-10652426,998,oinkologne,TANK,1.00,reuniclus,TANK,0.71,NEUTRAL,SWITCH->kyurem,3.00,1.71
battle-gen9nationaldex-10652426,999,kyurem,TANK,1.00,kyurem,TANK,1.00,VOLATILE,SWITCH->oinkologne,3.00,1.71
battle-gen9nationaldex-10652426,1000,oinkologne,TANK,1.00,reuniclus,TANK,0.71,NEUTRAL,SWITCH->kyurem,3.00,1.71
battle-gen9nationaldex-10652438,90,clefable,TANK,1.00,clefable,TANK,1.00,NEUTRAL,SWITCH->excadrill,2.00,1.00
battle-gen9nationaldex-10652438,91,excadrill,UTILITY,1.00,clefable,TANK,1.00,DOMINANT,SWITCH->clefable,2.00,1.00
battle-gen9nationaldex-10652438,92,clefable,TANK,1.00,clefable,TANK,1.00,NEUTRAL,SWITCH->excadrill,2.00,1.00
battle-gen9nationaldex-10652438,93,excadrill,UTILITY,1.00,clefable,TANK,1.00,DOMINANT,SWITCH->clefable,2.00,1.00
battle-gen9nationaldex-10652438,94,clefable,TANK,1.00,clefable,TANK,0.76,NEUTRAL,SWITCH->excadrill,2.00,0.76
battle-gen9nationaldex-10652438,95,excadrill,UTILITY,0.97,clefable,TANK,0.51,DOMINANT,SWITCH->clefable,1.97,0.51
battle-gen9nationaldex-10652438,96,clefable,TANK,1.00,clefable,TANK,0.26,NEUTRAL,SWITCH->excadrill,1.97,0.26
battle-gen9nationaldex-10652438,97,excadrill,UTILITY,0.94,clefable,TANK,0.01,DOMINANT,SWITCH->clefable,1.94,0.01
battle-gen9nationaldex-10652450,993,tapubulu,TANK,1.00,swampert,TANK,1.00,DOMINANT,SWITCH->slowkinggalar,2.00,2.00
battle-gen9nationaldex-10652450,994,slowkinggalar,TANK,1.00,manaphy,TANK,1.00,NEUTRAL,SWITCH->tapubulu,2.00,2.00
battle-gen9nationaldex-10652450,995,tapubulu,TANK,1.00,swampert,TANK,1.00,DOMINANT,SWITCH->slowkinggalar,2.00,2.00
battle-gen9nationaldex-10652450,996,slowkinggalar,TANK,1.00,manaphy,TANK,1.00,NEUTRAL,SWITCH->tapubulu,2.00,2.00
battle-gen9nationaldex-10652450,997,tapubulu,TANK,1.00,swampert,TANK,1.00,DOMINANT,SWITCH->slowkinggalar,2.00,2.00
battle-gen9nationaldex-10652450,998,slowkinggalar,TANK,1.00,manaphy,TANK,1.00,NEUTRAL,SWITCH->tapubulu,2.00,2.00
battle-gen9nationaldex-10652450,999,tapubulu,TANK,1.00,swampert,TANK,1.00,DOMINANT,SWITCH->slowkinggalar,2.00,2.00
battle-gen9nationaldex-10652450,1000,slowkinggalar,TANK,1.00,manaphy,TANK,1.00,NEUTRAL,SWITCH->tapubulu,2.00,2.00
battle-gen9nationaldex-10652468,83,gliscor,TANK,1.00,gliscor,TANK,1.00,OFFENSIVE_DIS,defog,1.00,1.33
battle-gen9nationaldex-10652468,84,gliscor,TANK,1.00,sableye,TANK,0.33,NEUTRAL,struggle,1.00,1.33
battle-gen9nationaldex-10652468,85,gliscor,TANK,0.88,gliscor,TANK,1.00,OFFENSIVE_DIS,struggle,0.88,1.33
battle-gen9nationaldex-10652468,86,gliscor,TANK,0.75,sableye,TANK,0.22,NEUTRAL,struggle,0.75,1.22
battle-gen9nationaldex-10652468,87,gliscor,TANK,0.62,gliscor,TANK,1.00,OFFENSIVE_DIS,struggle,0.62,1.22
battle-gen9nationaldex-10652468,88,gliscor,TANK,0.50,sableye,TANK,0.11,NEUTRAL,struggle,0.50,1.11
battle-gen9nationaldex-10652468,89,gliscor,TANK,0.38,gliscor,TANK,1.00,OFFENSIVE_DIS,struggle,0.38,1.11
battle-gen9nationaldex-10652468,90,gliscor,TANK,0.25,gliscor,TANK,1.00,OFFENSIVE_DIS,struggle,0.25,1.00
battle-gen9nationaldex-10652478,993,sawsbuckwinter,TANK,1.00,reuniclus,TANK,0.90,NEUTRAL,SWITCH->slaking,5.00,2.04
battle-gen9nationaldex-10652478,994,slaking,TANK,1.00,clefable,TANK,1.00,NEUTRAL,SWITCH->sawsbuckwinter,5.00,2.04
battle-gen9nationaldex-10652478,995,sawsbuckwinter,TANK,1.00,reuniclus,TANK,0.90,NEUTRAL,SWITCH->slaking,5.00,2.04
battle-gen9nationaldex-10652478,996,slaking,TANK,1.00,clefable,TANK,1.00,NEUTRAL,SWITCH->sawsbuckwinter,5.00,2.04
battle-gen9nationaldex-10652478,997,sawsbuckwinter,TANK,1.00,reuniclus,TANK,0.90,NEUTRAL,SWITCH->slaking,5.00,2.04
battle-gen9nationaldex-10652478,998,slaking,TANK,1.00,clefable,TANK,1.00,NEUTRAL,SWITCH->sawsbuckwinter,5.00,2.04
battle-gen9nationaldex-10652478,999,sawsbuckwinter,TANK,1.00,reuniclus,TANK,0.90,NEUTRAL,SWITCH->slaking,5.00,2.04
battle-gen9nationaldex-10652478,1000,slaking,TANK,1.00,clefable,TANK,1.00,NEUTRAL,SWITCH->sawsbuckwinter,5.00,2.04
battle-gen9nationaldex-10652479,993,cresselia,TANK,1.00,swampert,TANK,1.00,NEUTRAL,SWITCH->porygon2,2.00,2.00
battle-gen9nationaldex-10652479,994,porygon2,TANK,1.00,ragingbolt,TANK,1.00,NEUTRAL,SWITCH->cresselia,2.00,2.00
battle-gen9nationaldex-10652479,995,cresselia,TANK,1.00,swampert,TANK,1.00,NEUTRAL,SWITCH->porygon2,2.00,2.00
battle-gen9nationaldex-10652479,996,porygon2,TANK,1.00,ragingbolt,TANK,1.00,NEUTRAL,SWITCH->cresselia,2.00,2.00
battle-gen9nationaldex-10652479,997,cresselia,TANK,1.00,swampert,TANK,1.00,NEUTRAL,SWITCH->porygon2,2.00,2.00
battle-gen9nationaldex-10652479,998,porygon2,TANK,1.00,ragingbolt,TANK,1.00,NEUTRAL,SWITCH->cresselia,2.00,2.00
battle-gen9nationaldex-10652479,999,cresselia,TANK,1.00,swampert,TANK,1.00,NEUTRAL,SWITCH->porygon2,2.00,2.00
battle-gen9nationaldex-10652479,1000,porygon2,TANK,1.00,ragingbolt,TANK,1.00,NEUTRAL,SWITCH->cresselia,2.00,2.00
battle-gen9nationaldex-10652485,74,corviknight,TANK,0.24,quagsire,TANK,0.91,NEUTRAL,bravebird,0.24,1.35
battle-gen9nationaldex-10652485,75,corviknight,TANK,0.24,amoonguss,TANK,0.83,DOMINANT,uturn,0.24,1.74
battle-gen9nationaldex-10652485,76,corviknight,TANK,0.24,quagsire,TANK,0.81,NEUTRAL,bravebird,0.24,1.64
battle-gen9nationaldex-10652485,77,corviknight,TANK,0.02,amoonguss,TANK,0.45,DOMINANT,uturn,0.02,1.26
battle-gen9nationaldex-10652485,78,corviknight,TANK,0.02,amoonguss,TANK,0.40,DOMINANT,uturn,0.02,1.21
battle-gen9nationaldex-10652485,79,corviknight,TANK,0.02,quagsire,TANK,0.81,NEUTRAL,bravebird,0.02,1.21
battle-gen9nationaldex-10652485,80,corviknight,TANK,0.02,amoonguss,TANK,0.79,DOMINANT,uturn,0.02,1.60
battle-gen9nationaldex-10652485,81,corviknight,TANK,0.02,quagsire,TANK,0.81,NEUTRAL,bravebird,0.02,1.60
battle-gen9nationaldex-10652501,113,corviknight,TANK,1.00,gliscor,TANK,1.00,DEFENSIVE_ADV,defog,1.00,1.00
battle-gen9nationaldex-10652501,114,corviknight,TANK,1.00,gliscor,TANK,1.00,DEFENSIVE_ADV,defog,1.00,1.00
battle-gen9nationaldex-10652501,115,corviknight,TANK,1.00,gliscor,TANK,1.00,DEFENSIVE_ADV,defog,1.00,1.00
battle-gen9nationaldex-10652501,116,corviknight,TANK,0.99,gliscor,TANK,0.88,DEFENSIVE_ADV,defog,0.99,0.88
battle-gen9nationaldex-10652501,117,corviknight,TANK,0.97,gliscor,TANK,0.75,DEFENSIVE_ADV,defog,0.97,0.75
battle-gen9nationaldex-10652501,118,corviknight,TANK,0.95,gliscor,TANK,0.63,DEFENSIVE_ADV,struggle,0.95,0.63
battle-gen9nationaldex-10652501,119,corviknight,TANK,0.68,gliscor,TANK,0.42,DEFENSIVE_ADV,struggle,0.68,0.42
battle-gen9nationaldex-10652501,120,corviknight,TANK,0.41,gliscor,TANK,0.21,DEFENSIVE_ADV,struggle,0.41,0.21
battle-gen9nationaldex-10652507,993,aegislash,TANK,1.00,ragingbolt,TANK,1.00,NEUTRAL,SWITCH->clefable,2.03,1.76
battle-gen9nationaldex-10652507,994,clefable,TANK,1.00,swampertmega,TANK,0.76,NEUTRAL,SWITCH->aegislash,2.03,1.76
battle-gen9nationaldex-10652507,995,aegislash,TANK,1.00,ragingbolt,TANK,1.00,NEUTRAL,SWITCH->clefable,2.03,1.76
battle-gen9nationaldex-10652507,996,clefable,TANK,1.00,swampertmega,TANK,0.76,NEUTRAL,SWITCH->aegislash,2.03,1.76
battle-gen9nationaldex-10652507,997,aegislash,TANK,1.00,ragingbolt,TANK,1.00,NEUTRAL,SWITCH->clefable,2.03,1.76
battle-gen9nationaldex-10652507,998,clefable,TANK,1.00,swampertmega,TANK,0.76,NEUTRAL,SWITCH->aegislash,2.03,1.76
battle-gen9nationaldex-10652507,999,aegislash,TANK,1.00,ragingbolt,TANK,1.00,NEUTRAL,SWITCH->clefable,2.03,1.76
battle-gen9nationaldex-10652507,1000,clefable,TANK,1.00,swampertmega,TANK,0.76,NEUTRAL,SWITCH->aegislash,2.03,1.76
battle-gen9nationaldex-10652521,97,toxapex,TANK,1.00,clefable,TANK,1.00,DEFENSIVE_ADV,recover,1.00,1.00
battle-gen9nationaldex-10652521,98,toxapex,TANK,1.00,clefable,TANK,1.00,DEFENSIVE_ADV,haze,1.00,1.00
battle-gen9nationaldex-10652521,99,toxapex,TANK,1.00,clefable,TANK,1.00,DEFENSIVE_ADV,haze,1.00,1.00
battle-gen9nationaldex-10652521,100,toxapex,TANK,1.00,clefable,TANK,1.00,DEFENSIVE_ADV,haze,1.00,1.00
battle-gen9nationaldex-10652521,101,toxapex,TANK,1.00,clefable,TANK,0.81,DEFENSIVE_ADV,haze,1.00,0.81
battle-gen9nationaldex-10652521,102,toxapex,TANK,1.00,clefable,TANK,0.62,DEFENSIVE_ADV,haze,1.00,0.62
battle-gen9nationaldex-10652521,103,toxapex,TANK,1.00,clefable,TANK,0.43,DEFENSIVE_ADV,haze,1.00,0.43
battle-gen9nationaldex-10652521,104,toxapex,TANK,1.00,clefable,TANK,0.24,DEFENSIVE_ADV,haze,1.00,0.24
battle-gen9nationaldex-10652522,75,gliscor,TANK,1.00,zapdos,TANK,1.00,OFFENSIVE_DIS,toxic,1.42,1.00
battle-gen9nationaldex-10652522,76,gliscor,TANK,0.68,zapdos,TANK,0.94,OFFENSIVE_DIS,roost,1.10,0.94
battle-gen9nationaldex-10652522,77,gliscor,TANK,0.91,zapdos,TANK,0.82,OFFENSIVE_DIS,SWITCH->porygon2,1.33,0.82
battle-gen9nationaldex-10652522,78,porygon2,TANK,0.25,zapdos,TANK,0.82,OFFENSIVE_ADV,SWITCH->reuniclus,1.33,0.82
battle-gen9nationaldex-10652522,79,reuniclus,TANK,0.17,zapdos,TANK,0.57,NEUTRAL,SWITCH->gliscor,1.33,0.57
battle-gen9nationaldex-10652522,80,gliscor,TANK,0.65,zapdos,TANK,0.25,OFFENSIVE_DIS,roost,1.07,0.25
battle-gen9nationaldex-10652522,81,gliscor,TANK,1.00,zapdos,TANK,0.38,OFFENSIVE_DIS,SWITCH->porygon2,1.42,0.38
battle-gen9nationaldex-10652522,82,porygon2,TANK,0.25,zapdos,TANK,0.44,OFFENSIVE_ADV,SWITCH->reuniclus,1.42,0.44
battle-gen9nationaldex-10652555,78,volcarona,SWEEPER,1.00,slowbro,TANK,0.94,CRITICAL_DIS,SWITCH->ferrothorn,1.54,0.94
battle-gen9nationaldex-10652555,79,ferrothorn,TANK,0.26,slowbro,TANK,0.88,STALEMATE,SWITCH->volcarona,1.26,0.88
battle-gen9nationaldex-10652555,80,volcarona,SWEEPER,0.55,slowbro,TANK,0.82,CRITICAL_DIS,SWITCH->ferrothorn,0.81,0.82
battle-gen9nationaldex-10652555,81,ferrothorn,TANK,0.20,slowbro,TANK,0.94,STALEMATE,SWITCH->volcarona,0.75,0.94
battle-gen9nationaldex-10652555,82,volcarona,SWEEPER,0.03,slowbro,TANK,0.88,CRITICAL_DIS,SWITCH->ferrothorn,0.23,0.88
battle-gen9nationaldex-10652555,83,ferrothorn,TANK,0.14,slowbro,TANK,0.82,STALEMATE,SWITCH->volcarona,0.17,0.82
battle-gen9nationaldex-10652555,83,volcarona,SWEEPER,0.00,slowbro,TANK,0.76,CRITICAL_DIS,SWITCH->ferrothorn,0.14,0.76
battle-gen9nationaldex-10652555,84,ferrothorn,TANK,0.14,slowbro,TANK,0.76,STALEMATE,ironhead,0.14,0.76
battle-gen9nationaldex-10652566,993,porygon2,TANK,0.81,abomasnow,TANK,1.00,NEUTRAL,SWITCH->cresselia,2.40,2.00
battle-gen9nationaldex-10652566,994,cresselia,TANK,1.00,necrozma,TANK,1.00,DEFENSIVE_ADV,SWITCH->porygon2,2.40,2.00
battle-gen9nationaldex-10652566,995,porygon2,TANK,0.81,abomasnow,TANK,1.00,NEUTRAL,SWITCH->cresselia,2.40,2.00
battle-gen9nationaldex-10652566,996,cresselia,TANK,1.00,necrozma,TANK,1.00,DEFENSIVE_ADV,SWITCH->porygon2,2.40,2.00
battle-gen9nationaldex-10652566,997,porygon2,TANK,0.81,abomasnow,TANK,1.00,NEUTRAL,SWITCH->cresselia,2.40,2.00
battle-gen9nationaldex-10652566,998,cresselia,TANK,1.00,necrozma,TANK,1.00,DEFENSIVE_ADV,SWITCH->porygon2,2.40,2.00
battle-gen9nationaldex-10652566,999,porygon2,TANK,0.81,abomasnow,TANK,1.00,NEUTRAL,SWITCH->cresselia,2.40,2.00
battle-gen9nationaldex-10652566,1000,cresselia,TANK,1.00,necrozma,TANK,1.00,DEFENSIVE_ADV,SWITCH->porygon2,2.40,2.00
battle-gen9nationaldex-10652571,85,arctozolt,TANK,0.00,slowkinggalar,TANK,1.00,NEUTRAL,SWITCH->reuniclus,0.79,1.00
battle-gen9nationaldex-10652571,86,reuniclus,TANK,0.59,slowkinggalar,TANK,1.00,NEUTRAL,SWITCH->kyurem,0.79,1.00
battle-gen9nationaldex-10652571,86,kyurem,TANK,0.00,slowkinggalar,TANK,1.00,NEUTRAL,SWITCH->reuniclus,0.59,1.00
battle-gen9nationaldex-10652571,87,reuniclus,TANK,0.59,slowkinggalar,TANK,1.00,NEUTRAL,recover,0.59,1.00
battle-gen9nationaldex-10652571,88,reuniclus,TANK,0.81,slowkinggalar,TANK,1.00,NEUTRAL,recover,0.81,1.00
battle-gen9nationaldex-10652571,89,reuniclus,TANK,0.69,slowkinggalar,TANK,1.00,NEUTRAL,recover,0.69,1.00
battle-gen9nationaldex-10652571,90,reuniclus,TANK,0.87,slowkinggalar,TANK,1.00,NEUTRAL,psyshock,0.87,1.00
battle-gen9nationaldex-10652571,91,reuniclus,TANK,0.56,slowkinggalar,TANK,0.32,NEUTRAL,psyshock,0.56,0.32
battle-gen9nationaldex-10652584,77,ferrothorn,TANK,0.56,slowbro,TANK,0.14,DOMINANT,knockoff,4.13,0.40
battle-gen9nationaldex-10652584,78,ferrothorn,TANK,0.56,corviknight,TANK,0.26,NEUTRAL,knockoff,4.13,0.26
battle-gen9nationaldex-10652584,79,ferrothorn,TANK,0.56,corviknight,TANK,0.59,NEUTRAL,knockoff,4.13,0.59
battle-gen9nationaldex-10652584,80,ferrothorn,TANK,0.56,corviknight,TANK,0.91,NEUTRAL,knockoff,4.13,0.91
battle-gen9nationaldex-10652584,81,ferrothorn,TANK,0.37,corviknight,TANK,0.46,NEUTRAL,knockoff,3.94,0.46
battle-gen9nationaldex-10652584,82,ferrothorn,TANK,0.37,corviknight,TANK,0.87,NEUTRAL,knockoff,3.94,0.87
battle-gen9nationaldex-10652584,83,ferrothorn,TANK,0.16,corviknight,TANK,0.41,NEUTRAL,knockoff,3.73,0.41
battle-gen9nationaldex-10652584,84,ferrothorn,TANK,0.08,corviknight,TANK,0.02,NEUTRAL,knockoff,3.65,0.02
battle-gen9nationaldex-10652587,107,slowkinggalar,TANK,0.35,amoonguss,TANK,1.00,DOMINANT,hydropump,0.35,1.41
battle-gen9nationaldex-10652587,108,slowkinggalar,TANK,0.29,amoonguss,TANK,0.95,DOMINANT,flamethrower,0.29,1.36
battle-gen9nationaldex-10652587,109,slowkinggalar,TANK,0.29,amoonguss,TANK,0.63,DOMINANT,flamethrower,0.29,1.04
battle-gen9nationaldex-10652587,110,slowkinggalar,TANK,0.23,amoonguss,TANK,0.69,DOMINANT,flamethrower,0.23,1.10
battle-gen9nationaldex-10652587,111,slowkinggalar,TANK,0.18,amoonguss,TANK,0.31,DOMINANT,futuresight,0.18,0.72
battle-gen9nationaldex-10652587,112,slowkinggalar,TANK,0.18,amoonguss,TANK,0.37,DOMINANT,flamethrower,0.18,0.78
battle-gen9nationaldex-10652587,113,slowkinggalar,TANK,0.13,amoonguss,TANK,0.44,DOMINANT,flamethrower,0.13,0.85
battle-gen9nationaldex-10652587,114,slowkinggalar,TANK,0.13,heatran,TANK,0.34,OFFENSIVE_ADV,futuresight,0.13,0.78
battle-gen9nationaldex-10652619,98,gliscor,TANK,1.00,gliscor,TANK,1.00,OFFENSIVE_DIS,roost,1.00,2.67
battle-gen9nationaldex-10652619,99,gliscor,TANK,1.00,komala,UTILITY,1.00,NEUTRAL,roost,1.00,2.67
battle-gen9nationaldex-10652619,100,gliscor,TANK,1.00,hydreigon,TANK,0.18,NEUTRAL,roost,1.00,2.67
battle-gen9nationaldex-10652619,101,gliscor,TANK,1.00,gliscor,TANK,1.00,OFFENSIVE_DIS,roost,1.00,2.67
battle-gen9nationaldex-10652619,102,gliscor,TANK,1.00,hydreigon,TANK,0.18,NEUTRAL,struggle,1.00,2.67
battle-gen9nationaldex-10652619,103,gliscor,TANK,0.82,gliscor,TANK,1.00,OFFENSIVE_DIS,struggle,0.82,2.67
battle-gen9nationaldex-10652619,104,gliscor,TANK,0.69,komala,UTILITY,0.82,NEUTRAL,struggle,0.69,2.49
battle-gen9nationaldex-10652619,105,gliscor,TANK,0.57,hydreigon,TANK,0.04,NEUTRAL,struggle,0.57,2.35
battle-gen9nationaldex-10652620,117,houndoom,SWEEPER,1.00,gliscor,TANK,0.74,DEFENSIVE_DIS,flamethrower,2.54,0.74
battle-gen9nationaldex-10652620,118,houndoom,SWEEPER,1.00,gliscor,TANK,0.96,DEFENSIVE_DIS,flamethrower,2.54,0.96
battle-gen9nationaldex-10652620,119,houndoom,SWEEPER,1.00,gliscor,TANK,0.70,DEFENSIVE_DIS,flamethrower,2.54,0.70
battle-gen9nationaldex-10652620,120,houndoom,SWEEPER,1.00,gliscor,TANK,0.91,DEFENSIVE_DIS,flamethrower,2.54,0.91
battle-gen9nationaldex-10652620,121,houndoom,SWEEPER,1.00,gliscor,TANK,0.95,DEFENSIVE_DIS,flamethrower,2.54,0.95
battle-gen9nationaldex-10652620,122,houndoom,SWEEPER,1.00,gliscor,TANK,0.72,DEFENSIVE_DIS,flamethrower,2.54,0.72
battle-gen9nationaldex-10652620,123,houndoom,SWEEPER,1.00,gliscor,TANK,0.47,DEFENSIVE_DIS,flamethrower,2.54,0.47
battle-gen9nationaldex-10652620,124,houndoom,SWEEPER,1.00,gliscor,TANK,0.19,DEFENSIVE_DIS,flamethrower,2.54,0.19
battle-gen9nationaldex-10652626,993,kyurem,TANK,1.00,cameruptmega,TANK,0.58,NEUTRAL,SWITCH->ninetalesalola,2.00,1.58
battle-gen9nationaldex-10652626,994,ninetalesalola,TANK,1.00,porygon2,TANK,1.00,NEUTRAL,SWITCH->kyurem,2.00,1.58
battle-gen9nationaldex-10652626,995,kyurem,TANK,1.00,cameruptmega,TANK,0.58,NEUTRAL,SWITCH->ninetalesalola,2.00,1.58
battle-gen9nationaldex-10652626,996,ninetalesalola,TANK,1.00,porygon2,TANK,1.00,NEUTRAL,SWITCH->kyurem,2.00,1.58
battle-gen9nationaldex-10652626,997,kyurem,TANK,1.00,cameruptmega,TANK,0.58,NEUTRAL,SWITCH->ninetalesalola,2.00,1.58
battle-gen9nationaldex-10652626,998,ninetalesalola,TANK,1.00,porygon2,TANK,1.00,NEUTRAL,SWITCH->kyurem,2.00,1.58
battle-gen9nationaldex-10652626,999,kyurem,TANK,1.00,cameruptmega,TANK,0.58,NEUTRAL,SWITCH->ninetalesalola,2.00,1.58
battle-gen9nationaldex-10652626,1000,ninetalesalola,TANK,1.00,porygon2,TANK,1.00,NEUTRAL,SWITCH->kyurem,2.00,1.58
battle-gen9nationaldex-10652643,76,dondozo,TANK,1.00,gyarados,TANK,0.55,OFFENSIVE_DIS,sleeptalk,6.00,0.55
battle-gen9nationaldex-10652643,77,dondozo,TANK,1.00,gyarados,TANK,0.55,OFFENSIVE_DIS,sleeptalk,6.00,0.55
battle-gen9nationaldex-10652643,78,dondozo,TANK,1.00,gyarados,TANK,0.55,OFFENSIVE_DIS,struggle,6.00,0.55
battle-gen9nationaldex-10652643,79,dondozo,TANK,0.77,gyarados,TANK,0.52,OFFENSIVE_DIS,struggle,5.77,0.52
battle-gen9nationaldex-10652643,80,dondozo,TANK,0.51,gyarados,TANK,0.48,OFFENSIVE_DIS,struggle,5.51,0.48
battle-gen9nationaldex-10652643,81,dondozo,TANK,0.26,gyarados,TANK,0.44,OFFENSIVE_DIS,struggle,5.26,0.44
battle-gen9nationaldex-10652643,81,dondozo,TANK,0.00,gyarados,TANK,0.40,OFFENSIVE_DIS,SWITCH->corviknight,5.00,0.40
battle-gen9nationaldex-10652643,82,corviknight,TANK,1.00,gyarados,TANK,0.40,OFFENSIVE_ADV,bodypress,5.00,0.40
battle-gen9nationaldex-10652650,96,steelix,TANK,1.00,reuniclus,TANK,0.60,CRITICAL_DIS,heavyslam,1.00,0.60
battle-gen9nationaldex-10652650,97,steelix,TANK,1.00,reuniclus,TANK,0.74,CRITICAL_DIS,heavyslam,1.00,0.74
battle-gen9nationaldex-10652650,98,steelix,TANK,1.00,reuniclus,TANK,0.76,CRITICAL_DIS,heavyslam,1.00,0.76
battle-gen9nationaldex-10652650,99,steelix,TANK,1.00,reuniclus,TANK,0.72,CRITICAL_DIS,heavyslam,1.00,0.72
battle-gen9nationaldex-10652650,100,steelix,TANK,1.00,reuniclus,TANK,0.76,CRITICAL_DIS,heavyslam,1.00,0.76
battle-gen9nationaldex-10652650,101,steelix,TANK,1.00,reuniclus,TANK,0.74,CRITICAL_DIS,heavyslam,1.00,0.74
battle-gen9nationaldex-10652650,102,steelix,TANK,1.00,reuniclus,TANK,0.48,CRITICAL_DIS,heavyslam,1.00,0.48
battle-gen9nationaldex-10652650,103,steelix,TANK,0.47,reuniclus,TANK,0.23,CRITICAL_DIS,heavyslam,0.47,0.23
battle-gen9nationaldex-10652678,81,heatran,TANK,0.34,latias,TANK,1.00,DEFENSIVE_ADV,earthpower,0.34,1.00
battle-gen9nationaldex-10652678,82,heatran,TANK,0.34,latias,TANK,1.00,DEFENSIVE_ADV,earthpower,0.34,1.00
battle-gen9nationaldex-10652678,83,heatran,TANK,0.34,latias,TANK,1.00,DEFENSIVE_ADV,taunt,0.34,1.00
battle-gen9nationaldex-10652678,84,heatran,TANK,0.34,latias,TANK,1.00,DEFENSIVE_ADV,taunt,0.34,1.00
battle-gen9nationaldex-10652678,85,heatran,TANK,0.28,latias,TANK,0.75,DEFENSIVE_ADV,taunt,0.28,0.75
battle-gen9nationaldex-10652678,86,heatran,TANK,0.22,latias,TANK,0.50,DEFENSIVE_ADV,taunt,0.22,0.50
battle-gen9nationaldex-10652678,87,heatran,TANK,0.16,latias,TANK,0.25,DEFENSIVE_ADV,taunt,0.16,0.25
battle-gen9nationaldex-10652678,88,heatran,TANK,0.16,latias,TANK,0.25,DEFENSIVE_ADV,taunt,0.16,0.25
battle-gen9nationaldex-10652683,98,gliscor,TANK,0.76,garganacl,TANK,0.67,OFFENSIVE_ADV,roost,0.76,1.42
battle-gen9nationaldex-10652683,99,gliscor,TANK,0.88,garganacl,TANK,0.73,OFFENSIVE_ADV,uturn,0.88,1.48
battle-gen9nationaldex-10652683,100,gliscor,TANK,0.77,garganacl,TANK,0.69,OFFENSIVE_ADV,uturn,0.77,1.44
battle-gen9nationaldex-10652683,101,gliscor,TANK,0.68,garganacl,TANK,0.64,OFFENSIVE_ADV,uturn,0.68,1.39
battle-gen9nationaldex-10652683,102,gliscor,TANK,0.55,garganacl,TANK,0.60,OFFENSIVE_ADV,uturn,0.55,1.35
battle-gen9nationaldex-10652683,103,gliscor,TANK,0.41,garganacl,TANK,0.55,OFFENSIVE_ADV,uturn,0.41,1.30
battle-gen9nationaldex-10652683,104,gliscor,TANK,0.26,garganacl,TANK,0.51,OFFENSIVE_ADV,uturn,0.26,1.26
battle-gen9nationaldex-10652683,105,gliscor,TANK,0.12,garganacl,TANK,0.47,OFFENSIVE_ADV,uturn,0.12,1.22
battle-gen9nationaldex-10652706,81,pelipper,TANK,0.50,clefable,TANK,1.00,NEUTRAL,scald,4.22,1.00
battle-gen9nationaldex-10652706,82,pelipper,TANK,0.50,clefable,TANK,0.76,NEUTRAL,scald,4.22,0.76
battle-gen9nationaldex-10652706,83,pelipper,TANK,0.50,clefable,TANK,0.70,NEUTRAL,scald,4.22,0.70
battle-gen9nationaldex-10652706,84,pelipper,TANK,0.50,clefable,TANK,0.44,NEUTRAL,scald,4.22,0.44
battle-gen9nationaldex-10652706,85,pelipper,TANK,0.50,clefable,TANK,0.38,NEUTRAL,scald,4.22,0.38
battle-gen9nationaldex-10652706,86,pelipper,TANK,0.50,clefable,TANK,0.32,NEUTRAL,scald,4.22,0.32
battle-gen9nationaldex-10652706,87,pelipper,TANK,0.50,clefable,TANK,0.08,NEUTRAL,scald,4.22,0.08
battle-gen9nationaldex-10652706,88,pelipper,TANK,0.50,clefable,TANK,0.02,NEUTRAL,scald,4.22,0.02
battle-gen9nationaldex-10652713,114,amoonguss,TANK,1.00,heatran,TANK,1.00,CRITICAL_DIS,clearsmog,1.00,2.14
battle-gen9nationaldex-10652713,115,amoonguss,TANK,1.00,heatran,TANK,1.00,CRITICAL_DIS,clearsmog,1.00,2.00
battle-gen9nationaldex-10652713,116,amoonguss,TANK,1.00,gliscor,TANK,1.00,DEFENSIVE_DIS,clearsmog,1.00,2.00
battle-gen9nationaldex-10652713,117,amoonguss,TANK,1.00,heatran,TANK,1.00,CRITICAL_DIS,clearsmog,1.00,2.00
battle-gen9nationaldex-10652713,118,amoonguss,TANK,1.00,gliscor,TANK,1.00,DEFENSIVE_DIS,struggle,1.00,2.00
battle-gen9nationaldex-10652713,119,amoonguss,TANK,0.81,heatran,TANK,1.00,CRITICAL_DIS,struggle,0.81,2.00
battle-gen9nationaldex-10652713,120,amoonguss,TANK,0.62,gliscor,TANK,1.00,DEFENSIVE_DIS,struggle,0.62,2.00
battle-gen9nationaldex-10652713,121,amoonguss,TANK,0.44,heatran,TANK,1.00,CRITICAL_DIS,struggle,0.44,2.00
battle-gen9nationaldex-10652720,993,pidgeot,TANK,1.00,garchomp,TANK,1.00,NEUTRAL,SWITCH->tapubulu,2.32,2.00
battle-gen9nationaldex-10652720,994,tapubulu,TANK,1.00,serperior,TANK,1.00,NEUTRAL,SWITCH->pidgeot,2.32,2.00
battle-gen9nationaldex-10652720,995,pidgeot,TANK,1.00,garchomp,TANK,1.00,NEUTRAL,SWITCH->tapubulu,2.32,2.00
battle-gen9nationaldex-10652720,996,tapubulu,TANK,1.00,serperior,TANK,1.00,NEUTRAL,SWITCH->pidgeot,2.32,2.00
battle-gen9nationaldex-10652720,997,pidgeot,TANK,1.00,garchomp,TANK,1.00,NEUTRAL,SWITCH->tapubulu,2.32,2.00
battle-gen9nationaldex-10652720,998,tapubulu,TANK,1.00,serperior,TANK,1.00,NEUTRAL,SWITCH->pidgeot,2.32,2.00
battle-gen9nationaldex-10652720,999,pidgeot,TANK,1.00,garchomp,TANK,1.00,NEUTRAL,SWITCH->tapubulu,2.32,2.00
battle-gen9nationaldex-10652720,1000,tapubulu,TANK,1.00,serperior,TANK,1.00,NEUTRAL,SWITCH->pidgeot,2.32,2.00
battle-gen9nationaldex-10652727,993,gliscor,TANK,1.00,toxapex,TANK,1.00,VOLATILE,SWITCH->sableyemega,1.42,2.92
battle-gen9nationaldex-10652727,994,sableyemega,TANK,0.42,zapdos,TANK,0.27,NEUTRAL,SWITCH->gliscor,1.42,2.92
battle-gen9nationaldex-10652727,995,gliscor,TANK,1.00,toxapex,TANK,1.00,VOLATILE,SWITCH->sableyemega,1.42,2.92
battle-gen9nationaldex-10652727,996,sableyemega,TANK,0.42,zapdos,TANK,0.27,NEUTRAL,SWITCH->gliscor,1.42,2.92
battle-gen9nationaldex-10652727,997,gliscor,TANK,1.00,toxapex,TANK,1.00,VOLATILE,SWITCH->sableyemega,1.42,2.92
battle-gen9nationaldex-10652727,998,sableyemega,TANK,0.42,zapdos,TANK,0.27,NEUTRAL,SWITCH->gliscor,1.42,2.92
battle-gen9nationaldex-10652727,999,gliscor,TANK,1.00,toxapex,TANK,1.00,VOLATILE,SWITCH->sableyemega,1.42,2.92
battle-gen9nationaldex-10652727,1000,sableyemega,TANK,0.42,zapdos,TANK,0.27,NEUTRAL,SWITCH->gliscor,1.42,2.92
battle-gen9nationaldex-10652728,993,camerupt,TANK,0.71,blissey,TANK,1.00,NEUTRAL,SWITCH->cresselia,4.71,1.42
battle-gen9nationaldex-10652728,994,cresselia,TANK,1.00,clefable,TANK,0.42,NEUTRAL,SWITCH->camerupt,4.71,1.42
battle-gen9nationaldex-10652728,995,camerupt,TANK,0.71,blissey,TANK,1.00,NEUTRAL,SWITCH->cresselia,4.71,1.42
battle-gen9nationaldex-10652728,996,cresselia,TANK,1.00,clefable,TANK,0.42,NEUTRAL,SWITCH->camerupt,4.71,1.42
battle-gen9nationaldex-10652728,997,camerupt,TANK,0.71,blissey,TANK,1.00,NEUTRAL,SWITCH->cresselia,4.71,1.42
battle-gen9nationaldex-10652728,998,cresselia,TANK,1.00,clefable,TANK,0.42,NEUTRAL,SWITCH->camerupt,4.71,1.42
battle-gen9nationaldex-10652728,999,camerupt,TANK,0.71,blissey,TANK,1.00,NEUTRAL,SWITCH->cresselia,4.71,1.42
battle-gen9nationaldex-10652728,1000,cresselia,TANK,1.00,clefable,TANK,0.42,NEUTRAL,SWITCH->camerupt,4.71,1.42
battle-gen9nationaldex-10652769,83,quagsire,TANK,0.41,gliscor,TANK,1.00,OFFENSIVE_DIS,toxic,0.41,1.00
battle-gen9nationaldex-10652769,84,quagsire,TANK,0.37,gliscor,TANK,1.00,OFFENSIVE_DIS,toxic,0.37,1.00
battle-gen9nationaldex-10652769,85,quagsire,TANK,0.31,gliscor,TANK,1.00,OFFENSIVE_DIS,toxic,0.31,1.00
battle-gen9nationaldex-10652769,86,quagsire,TANK,0.27,gliscor,TANK,1.00,OFFENSIVE_DIS,toxic,0.27,1.00
battle-gen9nationaldex-10652769,87,quagsire,TANK,0.22,gliscor,TANK,1.00,OFFENSIVE_DIS,toxic,0.22,1.00
battle-gen9nationaldex-10652769,88,quagsire,TANK,0.17,gliscor,TANK,1.00,OFFENSIVE_DIS,toxic,0.17,1.00
battle-gen9nationaldex-10652769,89,quagsire,TANK,0.12,gliscor,TANK,1.00,OFFENSIVE_DIS,toxic,0.12,1.00
battle-gen9nationaldex-10652769,90,quagsire,TANK,0.08,gliscor,TANK,1.00,OFFENSIVE_DIS,toxic,0.08,1.00
battle-gen9nationaldex-10652775,993,quagsire,TANK,1.00,latias,TANK,1.00,NEUTRAL,SWITCH->amoonguss,2.00,2.06
battle-gen9nationaldex-10652775,994,amoonguss,TANK,1.00,dubwool,TANK,1.00,NEUTRAL,SWITCH->quagsire,2.00,2.06
battle-gen9nationaldex-10652775,995,quagsire,TANK,1.00,latias,TANK,1.00,NEUTRAL,SWITCH->amoonguss,2.00,2.06
battle-gen9nationaldex-10652775,996,amoonguss,TANK,1.00,dubwool,TANK,1.00,NEUTRAL,SWITCH->quagsire,2.00,2.06
battle-gen9nationaldex-10652775,997,quagsire,TANK,1.00,latias,TANK,1.00,NEUTRAL,SWITCH->amoonguss,2.00,2.06
battle-gen9nationaldex-10652775,998,amoonguss,TANK,1.00,dubwool,TANK,1.00,NEUTRAL,SWITCH->quagsire,2.00,2.06
battle-gen9nationaldex-10652775,999,quagsire,TANK,1.00,latias,TANK,1.00,NEUTRAL,SWITCH->amoonguss,2.00,2.06
battle-gen9nationaldex-10652775,1000,amoonguss,TANK,1.00,dubwool,TANK,1.00,NEUTRAL,SWITCH->quagsire,2.00,2.06
battle-gen9nationaldex-10652780,993,ragingbolt,TANK,1.00,porygon2,TANK,1.00,NEUTRAL,SWITCH->swampert,2.00,2.00
battle-gen9nationaldex-10652780,994,swampert,TANK,1.00,cresselia,TANK,1.00,NEUTRAL,SWITCH->ragingbolt,2.00,2.00
battle-gen9nationaldex-10652780,995,ragingbolt,TANK,1.00,porygon2,TANK,1.00,NEUTRAL,SWITCH->swampert,2.00,2.00
battle-gen9nationaldex-10652780,996,swampert,TANK,1.00,cresselia,TANK,1.00,NEUTRAL,SWITCH->ragingbolt,2.00,2.00
battle-gen9nationaldex-10652780,997,ragingbolt,TANK,1.00,porygon2,TANK,1.00,NEUTRAL,SWITCH->swampert,2.00,2.00
battle-gen9nationaldex-10652780,998,swampert,TANK,1.00,cresselia,TANK,1.00,NEUTRAL,SWITCH->ragingbolt,2.00,2.00
battle-gen9nationaldex-10652780,999,ragingbolt,TANK,1.00,porygon2,TANK,1.00,NEUTRAL,SWITCH->swampert,2.00,2.00
battle-gen9nationaldex-10652780,1000,swampert,TANK,1.00,cresselia,TANK,1.00,NEUTRAL,SWITCH->ragingbolt,2.00,2.00
battle-gen9nationaldex-10652833,157,deoxysdefense,TANK,1.00,altariamega,TANK,1.00,OFFENSIVE_DIS,stealthrock,1.00,1.00
battle-gen9nationaldex-10652833,158,deoxysdefense,TANK,1.00,altariamega,TANK,1.00,OFFENSIVE_DIS,stealthrock,1.00,1.00
battle-gen9nationaldex-10652833,159,deoxysdefense,TANK,1.00,altariamega,TANK,1.00,OFFENSIVE_DIS,stealthrock,1.00,1.00
battle-gen9nationaldex-10652833,160,deoxysdefense,TANK,1.00,altariamega,TANK,1.00,OFFENSIVE_DIS,stealthrock,1.00,1.00
battle-gen9nationaldex-10652833,161,deoxysdefense,TANK,1.00,altariamega,TANK,1.00,OFFENSIVE_DIS,stealthrock,1.00,1.00
battle-gen9nationaldex-10652833,162,deoxysdefense,TANK,1.00,altariamega,TANK,1.00,OFFENSIVE_DIS,recover,1.00,1.00
battle-gen9nationaldex-10652833,163,deoxysdefense,TANK,1.00,altariamega,TANK,0.75,OFFENSIVE_DIS,struggle,1.00,0.75
battle-gen9nationaldex-10652833,164,deoxysdefense,TANK,0.37,altariamega,TANK,0.43,OFFENSIVE_DIS,struggle,0.37,0.43
battle-gen9nationaldex-10652853,91,greattusk,TANK,0.68,buzzwole,TANK,1.00,NEUTRAL,SWITCH->charizard,0.78,2.95
battle-gen9nationaldex-10652853,92,charizard,TANK,0.10,clefable,TANK,0.73,DEFENSIVE_ADV,SWITCH->greattusk,0.78,2.95
battle-gen9nationaldex-10652853,93,greattusk,TANK,0.68,buzzwole,TANK,1.00,NEUTRAL,SWITCH->charizard,0.78,2.95
battle-gen9nationaldex-10652853,94,charizard,TANK,0.10,clefable,TANK,0.73,DEFENSIVE_ADV,SWITCH->greattusk,0.78,2.95
battle-gen9nationaldex-10652853,95,greattusk,TANK,0.68,buzzwole,TANK,1.00,NEUTRAL,SWITCH->charizard,0.78,2.95
battle-gen9nationaldex-10652853,96,charizard,TANK,0.10,clefable,TANK,0.73,DEFENSIVE_ADV,SWITCH->greattusk,0.78,2.95
battle-gen9nationaldex-10652853,96,greattusk,TANK,0.00,clefable,TANK,0.73,DEFENSIVE_DIS,SWITCH->charizard,0.10,2.95
battle-gen9nationaldex-10652853,97,charizard,TANK,0.10,clefable,TANK,0.73,DEFENSIVE_ADV,heatwave,0.10,2.95
battle-gen9nationaldex-10652901,76,dubwool,TANK,0.30,amoonguss,TANK,0.94,OFFENSIVE_DIS,bodypress,3.30,0.94
battle-gen9nationaldex-10652901,76,dubwool,TANK,0.00,amoonguss,TANK,0.99,OFFENSIVE_DIS,SWITCH->latias,3.00,0.99
battle-gen9nationaldex-10652901,77,latias,TANK,1.00,amoonguss,TANK,0.99,OFFENSIVE_ADV,SWITCH->tyranitar,3.00,0.99
battle-gen9nationaldex-10652901,78,tyranitar,TANK,1.00,amoonguss,TANK,0.99,DEFENSIVE_DIS,stoneedge,3.00,0.99
battle-gen9nationaldex-10652901,79,tyranitar,TANK,0.92,amoonguss,TANK,0.99,DEFENSIVE_DIS,stoneedge,2.92,0.99
battle-gen9nationaldex-10652901,80,tyranitar,TANK,0.84,amoonguss,TANK,0.99,DEFENSIVE_DIS,stoneedge,2.84,0.99
battle-gen9nationaldex-10652901,81,tyranitar,TANK,0.76,amoonguss,TANK,0.31,DEFENSIVE_DIS,stoneedge,2.76,0.31
battle-gen9nationaldex-10652901,82,tyranitar,TANK,0.48,amoonguss,TANK,0.49,DEFENSIVE_DIS,stoneedge,2.48,0.49
battle-gen9nationaldex-10652964,74,pelipper,TANK,0.50,clefable,TANK,0.81,NEUTRAL,scald,3.98,0.81
battle-gen9nationaldex-10652964,75,pelipper,TANK,0.50,clefable,TANK,0.81,NEUTRAL,scald,3.98,0.81
battle-gen9nationaldex-10652964,76,pelipper,TANK,0.50,clefable,TANK,0.56,NEUTRAL,scald,3.98,0.56
battle-gen9nationaldex-10652964,77,pelipper,TANK,0.50,clefable,TANK,0.50,NEUTRAL,scald,3.98,0.50
battle-gen9nationaldex-10652964,78,pelipper,TANK,0.50,clefable,TANK,0.44,NEUTRAL,scald,3.98,0.44
battle-gen9nationaldex-10652964,79,pelipper,TANK,0.50,clefable,TANK,0.38,NEUTRAL,scald,3.98,0.38
battle-gen9nationaldex-10652964,80,pelipper,TANK,0.50,clefable,TANK,0.13,NEUTRAL,scald,3.98,0.13
battle-gen9nationaldex-10652964,81,pelipper,TANK,0.50,clefable,TANK,0.07,NEUTRAL,scald,3.98,0.07
battle-gen9nationaldex-10652970,99,toxapex,TANK,0.69,venusaurmega,TANK,1.00,OFFENSIVE_DIS,recover,0.69,1.00
battle-gen9nationaldex-10652970,100,toxapex,TANK,0.88,venusaurmega,TANK,1.00,OFFENSIVE_DIS,haze,0.88,1.00
battle-gen9nationaldex-10652970,101,toxapex,TANK,0.70,venusaurmega,TANK,1.00,OFFENSIVE_DIS,recover,0.70,1.00
battle-gen9nationaldex-10652970,102,toxapex,TANK,0.88,venusaurmega,TANK,1.00,OFFENSIVE_DIS,haze,0.88,1.00
battle-gen9nationaldex-10652970,103,toxapex,TANK,0.69,venusaurmega,TANK,1.00,OFFENSIVE_DIS,haze,0.69,1.00
battle-gen9nationaldex-10652970,104,toxapex,TANK,0.52,venusaurmega,TANK,1.00,OFFENSIVE_DIS,haze,0.52,1.00
battle-gen9nationaldex-10652970,105,toxapex,TANK,0.33,venusaurmega,TANK,1.00,OFFENSIVE_DIS,haze,0.33,1.00
battle-gen9nationaldex-10652970,106,toxapex,TANK,0.14,venusaurmega,TANK,1.00,OFFENSIVE_DIS,haze,0.14,1.00
battle-gen9nationaldex-10652980,993,swampertmega,TANK,0.75,clefable,TANK,1.00,NEUTRAL,SWITCH->ragingbolt,2.75,2.00
battle-gen9nationaldex-10652980,994,ragingbolt,TANK,1.00,aegislash,TANK,1.00,NEUTRAL,SWITCH->swampertmega,2.75,2.00
battle-gen9nationaldex-10652980,995,swampertmega,TANK,0.75,clefable,TANK,1.00,NEUTRAL,SWITCH->ragingbolt,2.75,2.00
battle-gen9nationaldex-10652980,996,ragingbolt,TANK,1.00,aegislash,TANK,1.00,NEUTRAL,SWITCH->swampertmega,2.75,2.00
battle-gen9nationaldex-10652980,997,swampertmega,TANK,0.75,clefable,TANK,1.00,NEUTRAL,SWITCH->ragingbolt,2.75,2.00
battle-gen9nationaldex-10652980,998,ragingbolt,TANK,1.00,aegislash,TANK,1.00,NEUTRAL,SWITCH->swampertmega,2.75,2.00
battle-gen9nationaldex-10652980,999,swampertmega,TANK,0.75,clefable,TANK,1.00,NEUTRAL,SWITCH->ragingbolt,2.75,2.00
battle-gen9nationaldex-10652980,1000,ragingbolt,TANK,1.00,aegislash,TANK,1.00,NEUTRAL,SWITCH->swampertmega,2.75,2.00
battle-gen9nationaldex-10653049,993,altaria,TANK,1.00,heatran,TANK,1.00,OFFENSIVE_ADV,SWITCH->zarude,2.00,3.00
battle-gen9nationaldex-10653049,994,zarude,TANK,1.00,arctozolt,TANK,1.00,VOLATILE,SWITCH->altaria,2.00,3.00
battle-gen9nationaldex-10653049,995,altaria,TANK,1.00,heatran,TANK,1.00,OFFENSIVE_ADV,SWITCH->zarude,2.00,3.00
battle-gen9nationaldex-10653049,996,zarude,TANK,1.00,arctozolt,TANK,1.00,VOLATILE,SWITCH->altaria,2.00,3.00
battle-gen9nationaldex-10653049,997,altaria,TANK,1.00,heatran,TANK,1.00,OFFENSIVE_ADV,SWITCH->zarude,2.00,3.00
battle-gen9nationaldex-10653049,998,zarude,TANK,1.00,arctozolt,TANK,1.00,VOLATILE,SWITCH->altaria,2.00,3.00
battle-gen9nationaldex-10653049,999,altaria,TANK,1.00,heatran,TANK,1.00,OFFENSIVE_ADV,SWITCH->zarude,2.00,3.00
battle-gen9nationaldex-10653049,1000,zarude,TANK,1.00,arctozolt,TANK,1.00,VOLATILE,SWITCH->altaria,2.00,3.00
battle-gen9nationaldex-10653053,84,ragingbolt,TANK,0.57,slowbro,TANK,0.60,OFFENSIVE_ADV,weatherball,2.99,1.60
battle-gen9nationaldex-10653053,85,ragingbolt,TANK,0.45,slowbro,TANK,0.34,OFFENSIVE_ADV,weatherball,2.87,1.34
battle-gen9nationaldex-10653053,86,ragingbolt,TANK,0.33,slowbro,TANK,0.06,OFFENSIVE_ADV,weatherball,2.75,1.06
battle-gen9nationaldex-10653053,87,ragingbolt,TANK,0.33,tapufini,TANK,1.00,VOLATILE,SWITCH->mantine,2.75,1.00
battle-gen9nationaldex-10653053,88,mantine,TANK,1.00,tapufini,TANK,1.00,OFFENSIVE_DIS,SWITCH->swampert,2.75,1.00
battle-gen9nationaldex-10653053,89,swampert,TANK,0.09,tapufini,TANK,1.00,NEUTRAL,SWITCH->garchomp,2.42,1.00
battle-gen9nationaldex-10653053,90,garchomp,TANK,0.68,tapufini,TANK,1.00,DEFENSIVE_DIS,earthquake,2.10,1.00
battle-gen9nationaldex-10653053,91,garchomp,TANK,0.39,tapufini,TANK,0.56,DEFENSIVE_DIS,earthquake,1.81,0.56
battle-gen9nationaldex-10653060,87,gliscor,TANK,1.00,dondozo,TANK,1.00,DEFENSIVE_DIS,defog,1.00,2.63
battle-gen9nationaldex-10653060,88,gliscor,TANK,1.00,zapdos,TANK,0.84,OFFENSIVE_DIS,defog,1.00,2.63
battle-gen9nationaldex-10653060,89,gliscor,TANK,1.00,corviknight,TANK,0.79,OFFENSIVE_DIS,struggle,1.00,2.63
battle-gen9nationaldex-10653060,90,gliscor,TANK,0.88,zapdos,TANK,0.76,OFFENSIVE_DIS,struggle,0.88,2.55
battle-gen9nationaldex-10653060,91,gliscor,TANK,0.75,dondozo,TANK,1.00,DEFENSIVE_DIS,struggle,0.75,2.55
battle-gen9nationaldex-10653060,92,gliscor,TANK,0.62,zapdos,TANK,0.69,OFFENSIVE_DIS,struggle,0.62,2.48
battle-gen9nationaldex-10653060,93,gliscor,TANK,0.34,corviknight,TANK,0.72,OFFENSIVE_DIS,struggle,0.34,2.41
battle-gen9nationaldex-10653060,94,gliscor,TANK,0.21,zapdos,TANK,0.60,OFFENSIVE_DIS,struggle,0.21,2.32
battle-gen9nationaldex-10653095,108,hydreigon,TANK,1.00,pidgeot,TANK,0.36,NEUTRAL,flashcannon,2.35,1.17
battle-gen9nationaldex-10653095,109,hydreigon,TANK,1.00,corviknight,TANK,0.69,DEFENSIVE_DIS,darkpulse,2.35,1.05
battle-gen9nationaldex-10653095,110,hydreigon,TANK,1.00,corviknight,TANK,0.69,DEFENSIVE_DIS,darkpulse,2.35,0.69
battle-gen9nationaldex-10653095,111,hydreigon,TANK,1.00,corviknight,TANK,0.79,DEFENSIVE_DIS,darkpulse,2.35,0.79
battle-gen9nationaldex-10653095,112,hydreigon,TANK,1.00,corviknight,TANK,0.94,DEFENSIVE_DIS,darkpulse,2.35,0.94
battle-gen9nationaldex-10653095,113,hydreigon,TANK,0.72,corviknight,TANK,0.56,DEFENSIVE_DIS,darkpulse,2.08,0.56
battle-gen9nationaldex-10653095,114,hydreigon,TANK,0.78,corviknight,TANK,0.70,DEFENSIVE_DIS,darkpulse,2.14,0.70
battle-gen9nationaldex-10653095,115,hydreigon,TANK,0.85,corviknight,TANK,0.32,DEFENSIVE_DIS,darkpulse,2.20,0.32
battle-gen9nationaldex-10653126,86,latias,TANK,1.00,heatran,TANK,0.50,OFFENSIVE_DIS,calmmind,1.00,0.50
battle-gen9nationaldex-10653126,87,latias,TANK,1.00,heatran,TANK,0.50,OFFENSIVE_DIS,struggle,1.00,0.50
battle-gen9nationaldex-10653126,88,latias,TANK,0.75,heatran,TANK,0.44,OFFENSIVE_DIS,struggle,0.75,0.44
battle-gen9nationaldex-10653126,89,latias,TANK,0.50,heatran,TANK,0.38,OFFENSIVE_DIS,struggle,0.50,0.38
battle-gen9nationaldex-10653126,90,latias,TANK,0.25,heatran,TANK,0.31,OFFENSIVE_DIS,roost,0.25,0.31
battle-gen9nationaldex-10653126,91,latias,TANK,0.75,heatran,TANK,0.31,OFFENSIVE_DIS,struggle,0.75,0.31
battle-gen9nationaldex-10653126,92,latias,TANK,0.50,heatran,TANK,0.25,OFFENSIVE_DIS,struggle,0.50,0.25
battle-gen9nationaldex-10653126,93,latias,TANK,0.25,heatran,TANK,0.18,OFFENSIVE_DIS,struggle,0.25,0.18
battle-gen9nationaldex-10653138,993,abomasnow,TANK,1.00,abomasnow,TANK,1.00,NEUTRAL,SWITCH->reuniclus,5.00,4.00
battle-gen9nationaldex-10653138,994,reuniclus,TANK,1.00,reuniclus,TANK,1.00,DOMINANT,SWITCH->abomasnow,5.00,4.00
battle-gen9nationaldex-10653138,995,abomasnow,TANK,1.00,abomasnow,TANK,1.00,NEUTRAL,SWITCH->reuniclus,5.00,4.00
battle-gen9nationaldex-10653138,996,reuniclus,TANK,1.00,reuniclus,TANK,1.00,DOMINANT,SWITCH->abomasnow,5.00,4.00
battle-gen9nationaldex-10653138,997,abomasnow,TANK,1.00,abomasnow,TANK,1.00,NEUTRAL,SWITCH->reuniclus,5.00,4.00
battle-gen9nationaldex-10653138,998,reuniclus,TANK,1.00,reuniclus,TANK,1.00,DOMINANT,SWITCH->abomasnow,5.00,4.00
battle-gen9nationaldex-10653138,999,abomasnow,TANK,1.00,abomasnow,TANK,1.00,NEUTRAL,SWITCH->reuniclus,5.00,4.00
battle-gen9nationaldex-10653138,1000,reuniclus,TANK,1.00,reuniclus,TANK,1.00,DOMINANT,SWITCH->abomasnow,5.00,4.00
battle-gen9nationaldex-10653149,102,corviknight,TANK,1.00,toxapex,TANK,1.00,NEUTRAL,uturn,1.00,1.00
battle-gen9nationaldex-10653149,103,corviknight,TANK,1.00,toxapex,TANK,1.00,NEUTRAL,uturn,1.00,1.00
battle-gen9nationaldex-10653149,104,corviknight,TANK,1.00,toxapex,TANK,1.00,NEUTRAL,uturn,1.00,1.00
battle-gen9nationaldex-10653149,105,corviknight,TANK,1.00,toxapex,TANK,1.00,NEUTRAL,uturn,1.00,1.00
battle-gen9nationaldex-10653149,106,corviknight,TANK,1.00,toxapex,TANK,0.77,NEUTRAL,uturn,1.00,0.77
battle-gen9nationaldex-10653149,107,corviknight,TANK,1.00,toxapex,TANK,0.54,NEUTRAL,uturn,1.00,0.54
battle-gen9nationaldex-10653149,108,corviknight,TANK,1.00,toxapex,TANK,0.31,NEUTRAL,uturn,1.00,0.31
battle-gen9nationaldex-10653149,109,corviknight,TANK,1.00,toxapex,TANK,0.08,NEUTRAL,uturn,1.00,0.08
battle-gen9nationaldex-10653156,85,corviknight,TANK,0.69,aegislash,TANK,1.00,OFFENSIVE_DIS,bravebird,1.06,1.52
battle-gen9nationaldex-10653156,86,corviknight,TANK,0.60,clefable,TANK,0.28,DEFENSIVE_ADV,bravebird,0.97,1.32
battle-gen9nationaldex-10653156,87,corviknight,TANK,0.52,clefable,TANK,0.07,DEFENSIVE_ADV,bravebird,0.88,1.11
battle-gen9nationaldex-10653156,88,corviknight,TANK,0.49,magnezone,TANK,0.04,CRITICAL_DIS,bravebird,0.86,1.04
battle-gen9nationaldex-10653156,89,corviknight,TANK,0.17,aegislash,TANK,1.00,OFFENSIVE_DIS,bravebird,0.54,1.00
battle-gen9nationaldex-10653156,90,corviknight,TANK,0.13,aegislash,TANK,0.82,OFFENSIVE_DIS,bravebird,0.50,0.82
battle-gen9nationaldex-10653156,90,corviknight,TANK,0.00,aegislash,SWEEPER,0.66,OFFENSIVE_DIS,SWITCH->florges,0.36,0.66
battle-gen9nationaldex-10653156,91,florges,TANK,0.36,aegislash,SWEEPER,0.66,CRITICAL_DIS,synthesis,0.36,0.66
battle-gen9nationaldex-10653181,993,porygon2,TANK,1.00,deoxysdefense,TANK,1.00,OFFENSIVE_ADV,SWITCH->ursaluna,2.00,2.00
battle-gen9nationaldex-10653181,994,ursaluna,TANK,1.00,garchomp,TANK,1.00,NEUTRAL,SWITCH->porygon2,2.00,2.00
battle-gen9nationaldex-10653181,995,porygon2,TANK,1.00,deoxysdefense,TANK,1.00,OFFENSIVE_ADV,SWITCH->ursaluna,2.00,2.00
battle-gen9nationaldex-10653181,996,ursaluna,TANK,1.00,garchomp,TANK,1.00,NEUTRAL,SWITCH->porygon2,2.00,2.00
battle-gen9nationaldex-10653181,997,porygon2,TANK,1.00,deoxysdefense,TANK,1.00,OFFENSIVE_ADV,SWITCH->ursaluna,2.00,2.00
battle-gen9nationaldex-10653181,998,ursaluna,TANK,1.00,garchomp,TANK,1.00,NEUTRAL,SWITCH->porygon2,2.00,2.00
battle-gen9nationaldex-10653181,999,porygon2,TANK,1.00,deoxysdefense,TANK,1.00,OFFENSIVE_ADV,SWITCH->ursaluna,2.00,2.00
battle-gen9nationaldex-10653181,1000,ursaluna,TANK,1.00,garchomp,TANK,1.00,NEUTRAL,SWITCH->porygon2,2.00,2.00
battle-gen9nationaldex-10653212,100,corviknight,TANK,0.63,gliscor,TANK,1.00,NEUTRAL,defog,0.63,1.19
battle-gen9nationaldex-10653212,101,corviknight,TANK,0.63,pecharunt,TANK,0.19,NEUTRAL,defog,0.63,1.19
battle-gen9nationaldex-10653212,102,corviknight,TANK,0.63,gliscor,TANK,1.00,NEUTRAL,defog,0.63,1.19
battle-gen9nationaldex-10653212,103,corviknight,TANK,0.63,pecharunt,TANK,0.19,NEUTRAL,defog,0.63,1.19
battle-gen9nationaldex-10653212,104,corviknight,TANK,0.63,gliscor,TANK,1.00,NEUTRAL,defog,0.63,1.19
battle-gen9nationaldex-10653212,105,corviknight,TANK,0.63,pecharunt,TANK,0.19,NEUTRAL,struggle,0.63,1.19
battle-gen9nationaldex-10653212,106,corviknight,TANK,0.38,gliscor,TANK,1.00,NEUTRAL,struggle,0.38,1.19
battle-gen9nationaldex-10653212,107,corviknight,TANK,0.13,pecharunt,TANK,0.17,NEUTRAL,struggle,0.13,1.17
battle-gen9nationaldex-10653218,993,reuniclus,TANK,0.69,oinkologne,TANK,1.00,NEUTRAL,SWITCH->kyurem,1.69,2.00
battle-gen9nationaldex-10653218,994,kyurem,TANK,1.00,kyurem,TANK,1.00,VOLATILE,SWITCH->reuniclus,1.69,2.00
battle-gen9nationaldex-10653218,995,reuniclus,TANK,0.69,oinkologne,TANK,1.00,NEUTRAL,SWITCH->kyurem,1.69,2.00
battle-gen9nationaldex-10653218,996,kyurem,TANK,1.00,kyurem,TANK,1.00,VOLATILE,SWITCH->reuniclus,1.69,2.00
battle-gen9nationaldex-10653218,997,reuniclus,TANK,0.69,oinkologne,TANK,1.00,NEUTRAL,SWITCH->kyurem,1.69,2.00
battle-gen9nationaldex-10653218,998,kyurem,TANK,1.00,kyurem,TANK,1.00,VOLATILE,SWITCH->reuniclus,1.69,2.00
battle-gen9nationaldex-10653218,999,reuniclus,TANK,0.69,oinkologne,TANK,1.00,NEUTRAL,SWITCH->kyurem,1.69,2.00
battle-gen9nationaldex-10653218,1000,kyurem,TANK,1.00,kyurem,TANK,1.00,VOLATILE,SWITCH->reuniclus,1.69,2.00
battle-gen9nationaldex-10653225,111,amoonguss,TANK,1.00,heatran,TANK,1.00,CRITICAL_DIS,clearsmog,1.00,2.11
battle-gen9nationaldex-10653225,112,amoonguss,TANK,1.00,gliscor,TANK,1.00,DEFENSIVE_DIS,clearsmog,1.00,2.11
battle-gen9nationaldex-10653225,113,amoonguss,TANK,1.00,heatran,TANK,1.00,CRITICAL_DIS,clearsmog,1.00,2.11
battle-gen9nationaldex-10653225,114,amoonguss,TANK,1.00,heatran,TANK,1.00,CRITICAL_DIS,clearsmog,1.00,2.00
battle-gen9nationaldex-10653225,115,amoonguss,TANK,1.00,gliscor,TANK,1.00,DEFENSIVE_DIS,struggle,1.00,2.00
battle-gen9nationaldex-10653225,116,amoonguss,TANK,0.81,heatran,TANK,0.99,CRITICAL_DIS,struggle,0.81,1.99
battle-gen9nationaldex-10653225,117,amoonguss,TANK,0.62,gliscor,TANK,1.00,DEFENSIVE_DIS,struggle,0.62,1.99
battle-gen9nationaldex-10653225,118,amoonguss,TANK,0.44,heatran,TANK,0.99,CRITICAL_DIS,struggle,0.44,1.99
battle-gen9nationaldex-10653232,78,tyranitar,TANK,0.75,dondozo,TANK,0.57,DEFENSIVE_DIS,crunch,0.75,0.57
battle-gen9nationaldex-10653232,79,tyranitar,TANK,0.75,dondozo,TANK,1.00,DEFENSIVE_DIS,crunch,0.75,1.00
battle-gen9nationaldex-10653232,80,tyranitar,TANK,0.75,dondozo,TANK,0.81,DEFENSIVE_DIS,crunch,0.75,0.81
battle-gen9nationaldex-10653232,81,tyranitar,TANK,0.75,dondozo,TANK,0.51,DEFENSIVE_DIS,crunch,0.75,0.51
battle-gen9nationaldex-10653232,82,tyranitar,TANK,0.75,dondozo,TANK,1.00,DEFENSIVE_DIS,crunch,0.75,1.00
battle-gen9nationaldex-10653232,83,tyranitar,TANK,0.75,dondozo,TANK,0.72,DEFENSIVE_DIS,crunch,0.75,0.72
battle-gen9nationaldex-10653232,84,tyranitar,TANK,0.75,dondozo,TANK,0.43,DEFENSIVE_DIS,crunch,0.75,0.43
battle-gen9nationaldex-10653232,85,tyranitar,TANK,0.21,dondozo,TANK,0.11,DEFENSIVE_DIS,crunch,0.21,0.11
battle-gen9nationaldex-10653234,993,gliscor,TANK,1.00,skarmory,TANK,0.88,OFFENSIVE_DIS,SWITCH->zarude,2.03,1.88
battle-gen9nationaldex-10653234,994,zarude,TANK,1.00,slowkinggalar,TANK,1.00,VOLATILE,SWITCH->gliscor,2.03,1.88
battle-gen9nationaldex-10653234,995,gliscor,TANK,1.00,skarmory,TANK,0.88,OFFENSIVE_DIS,SWITCH->zarude,2.03,1.88
battle-gen9nationaldex-10653234,996,zarude,TANK,1.00,slowkinggalar,TANK,1.00,VOLATILE,SWITCH->gliscor,2.03,1.88
battle-gen9nationaldex-10653234,997,gliscor,TANK,1.00,skarmory,TANK,0.88,OFFENSIVE_DIS,SWITCH->zarude,2.03,1.88
battle-gen9nationaldex-10653234,998,zarude,TANK,1.00,slowkinggalar,TANK,1.00,VOLATILE,SWITCH->gliscor,2.03,1.88
battle-gen9nationaldex-10653234,999,gliscor,TANK,1.00,skarmory,TANK,0.88,OFFENSIVE_DIS,SWITCH->zarude,2.03,1.88
battle-gen9nationaldex-10653234,1000,zarude,TANK,1.00,slowkinggalar,TANK,1.00,VOLATILE,SWITCH->gliscor,2.03,1.88
battle-gen9nationaldex-10653238,88,latias,TANK,0.59,slowbro,TANK,0.51,STALEMATE,psyshock,0.59,2.51
battle-gen9nationaldex-10653238,89,latias,TANK,0.46,slowbro,TANK,0.38,STALEMATE,psyshock,0.46,2.38
battle-gen9nationaldex-10653238,90,latias,TANK,0.40,heatran,TANK,1.00,OFFENSIVE_ADV,aurasphere,0.40,2.25
battle-gen9nationaldex-10653238,91,latias,TANK,0.34,slowbro,TANK,0.35,STALEMATE,psyshock,0.34,2.35
battle-gen9nationaldex-10653238,92,latias,TANK,0.27,gliscor,TANK,1.00,NEUTRAL,psyshock,0.27,2.23
battle-gen9nationaldex-10653238,93,latias,TANK,0.21,slowbro,TANK,0.43,STALEMATE,psyshock,0.21,2.43
battle-gen9nationaldex-10653238,94,latias,TANK,0.08,slowbro,TANK,0.29,STALEMATE,psyshock,0.08,2.29
battle-gen9nationaldex-10653238,95,latias,TANK,0.02,slowbro,TANK,0.15,STALEMATE,psyshock,0.02,2.15
battle-gen9nationaldex-10653248,993,clefable,TANK,1.00,dondozo,TANK,0.27,NEUTRAL,SWITCH->slowbro,2.00,1.27
battle-gen9nationaldex-10653248,994,slowbro,TANK,1.00,venusaur,TANK,1.00,VOLATILE,SWITCH->clefable,2.00,1.27
battle-gen9nationaldex-10653248,995,clefable,TANK,1.00,dondozo,TANK,0.27,NEUTRAL,SWITCH->slowbro,2.00,1.27
battle-gen9nationaldex-10653248,996,slowbro,TANK,1.00,venusaur,TANK,1.00,VOLATILE,SWITCH->clefable,2.00,1.27
battle-gen9nationaldex-10653248,997,clefable,TANK,1.00,dondozo,TANK,0.27,NEUTRAL,SWITCH->slowbro,2.00,1.27
battle-gen9nationaldex-10653248,998,slowbro,TANK,1.00,venusaur,TANK,1.00,VOLATILE,SWITCH->clefable,2.00,1.27
battle-gen9nationaldex-10653248,999,clefable,TANK,1.00,dondozo,TANK,0.27,NEUTRAL,SWITCH->slowbro,2.00,1.27
battle-gen9nationaldex-10653248,1000,slowbro,TANK,1.00,venusaur,TANK,1.00,VOLATILE,SWITCH->clefable,2.00,1.27
battle-gen9nationaldex-10653275,203,corviknight,TANK,1.00,gliscor,TANK,1.00,STALEMATE,SWITCH->toxapex,3.62,1.00
battle-gen9nationaldex-10653275,204,toxapex,TANK,1.00,gliscor,TANK,1.00,VOLATILE,SWITCH->garganacl,3.62,1.00
battle-gen9nationaldex-10653275,205,garganacl,TANK,1.00,gliscor,TANK,1.00,DEFENSIVE_DIS,SWITCH->dondozo,3.62,1.00
battle-gen9nationaldex-10653275,206,dondozo,TANK,0.55,gliscor,TANK,0.88,OFFENSIVE_ADV,SWITCH->corviknight,3.55,0.88
battle-gen9nationaldex-10653275,207,corviknight,TANK,0.93,gliscor,TANK,0.59,STALEMATE,SWITCH->toxapex,3.48,0.59
battle-gen9nationaldex-10653275,208,toxapex,TANK,0.96,gliscor,TANK,0.47,VOLATILE,SWITCH->garganacl,3.44,0.47
battle-gen9nationaldex-10653275,209,garganacl,TANK,1.00,gliscor,TANK,0.34,DEFENSIVE_DIS,SWITCH->dondozo,3.48,0.34
battle-gen9nationaldex-10653275,210,dondozo,TANK,0.49,gliscor,TANK,0.22,OFFENSIVE_ADV,wavecrash,3.42,0.22
battle-gen9nationaldex-10653279,993,porygon2,TANK,1.00,corviknight,TANK,1.00,OFFENSIVE_ADV,SWITCH->ursaluna,2.94,4.00
battle-gen9nationaldex-10653279,994,ursaluna,TANK,0.94,tapubulu,TANK,1.00,VOLATILE,SWITCH->cresselia,2.94,4.00
battle-gen9nationaldex-10653279,995,cresselia,TANK,1.00,mamoswine,TANK,1.00,NEUTRAL,SWITCH->porygon2,2.94,4.00
battle-gen9nationaldex-10653279,996,porygon2,TANK,1.00,corviknight,TANK,1.00,OFFENSIVE_ADV,SWITCH->ursaluna,2.94,4.00
battle-gen9nationaldex-10653279,997,ursaluna,TANK,0.94,tapubulu,TANK,1.00,VOLATILE,SWITCH->cresselia,2.94,4.00
battle-gen9nationaldex-10653279,998,cresselia,TANK,1.00,mamoswine,TANK,1.00,NEUTRAL,SWITCH->porygon2,2.94,4.00
battle-gen9nationaldex-10653279,999,porygon2,TANK,1.00,corviknight,TANK,1.00,OFFENSIVE_ADV,SWITCH->ursaluna,2.94,4.00
battle-gen9nationaldex-10653279,1000,ursaluna,TANK,0.94,tapubulu,TANK,1.00,VOLATILE,SWITCH->cresselia,2.94,4.00
battle-gen9nationaldex-10653281,993,porygon2,TANK,0.80,necrozma,TANK,1.00,OFFENSIVE_ADV,SWITCH->cresselia,1.80,2.00
battle-gen9nationaldex-10653281,994,cresselia,TANK,1.00,abomasnow,TANK,1.00,NEUTRAL,SWITCH->porygon2,1.80,2.00
battle-gen9nationaldex-10653281,995,porygon2,TANK,0.80,necrozma,TANK,1.00,OFFENSIVE_ADV,SWITCH->cresselia,1.80,2.00
battle-gen9nationaldex-10653281,996,cresselia,TANK,1.00,abomasnow,TANK,1.00,NEUTRAL,SWITCH->porygon2,1.80,2.00
battle-gen9nationaldex-10653281,997,porygon2,TANK,0.80,necrozma,TANK,1.00,OFFENSIVE_ADV,SWITCH->cresselia,1.80,2.00
battle-gen9nationaldex-10653281,998,cresselia,TANK,1.00,abomasnow,TANK,1.00,NEUTRAL,SWITCH->porygon2,1.80,2.00
battle-gen9nationaldex-10653281,999,porygon2,TANK,0.80,necrozma,TANK,1.00,OFFENSIVE_ADV,SWITCH->cresselia,1.80,2.00
battle-gen9nationaldex-10653281,1000,cresselia,TANK,1.00,abomasnow,TANK,1.00,NEUTRAL,SWITCH->porygon2,1.80,2.00
battle-gen9nationaldex-10653301,993,gliscor,TANK,1.00,toxapex,TANK,1.00,VOLATILE,SWITCH->reuniclus,3.03,2.58
battle-gen9nationaldex-10653301,994,reuniclus,TANK,0.70,clefable,TANK,0.58,NEUTRAL,SWITCH->gliscor,3.03,2.58
battle-gen9nationaldex-10653301,995,gliscor,TANK,1.00,toxapex,TANK,1.00,VOLATILE,SWITCH->reuniclus,3.03,2.58
battle-gen9nationaldex-10653301,996,reuniclus,TANK,0.70,clefable,TANK,0.58,NEUTRAL,SWITCH->gliscor,3.03,2.58
battle-gen9nationaldex-10653301,997,gliscor,TANK,1.00,toxapex,TANK,1.00,VOLATILE,SWITCH->reuniclus,3.03,2.58
battle-gen9nationaldex-10653301,998,reuniclus,TANK,0.70,clefable,TANK,0.58,NEUTRAL,SWITCH->gliscor,3.03,2.58
battle-gen9nationaldex-10653301,999,gliscor,TANK,1.00,toxapex,TANK,1.00,VOLATILE,SWITCH->reuniclus,3.03,2.58
battle-gen9nationaldex-10653301,1000,reuniclus,TANK,0.70,clefable,TANK,0.58,NEUTRAL,SWITCH->gliscor,3.03,2.58
battle-gen9nationaldex-10653364,993,moltres,TANK,0.91,arctozolt,TANK,1.00,VOLATILE,SWITCH->necrozma,2.91,3.00
battle-gen9nationaldex-10653364,994,necrozma,TANK,1.00,heatran,TANK,1.00,OFFENSIVE_ADV,SWITCH->moltres,2.91,3.00
battle-gen9nationaldex-10653364,995,moltres,TANK,0.91,arctozolt,TANK,1.00,VOLATILE,SWITCH->necrozma,2.91,3.00
battle-gen9nationaldex-10653364,996,necrozma,TANK,1.00,heatran,TANK,1.00,OFFENSIVE_ADV,SWITCH->moltres,2.91,3.00
battle-gen9nationaldex-10653364,997,moltres,TANK,0.91,arctozolt,TANK,1.00,VOLATILE,SWITCH->necrozma,2.91,3.00
battle-gen9nationaldex-10653364,998,necrozma,TANK,1.00,heatran,TANK,1.00,OFFENSIVE_ADV,SWITCH->moltres,2.91,3.00
battle-gen9nationaldex-10653364,999,moltres,TANK,0.91,arctozolt,TANK,1.00,VOLATILE,SWITCH->necrozma,2.91,3.00
battle-gen9nationaldex-10653364,1000,necrozma,TANK,1.00,heatran,TANK,1.00,OFFENSIVE_ADV,SWITCH->moltres,2.91,3.00
battle-gen9nationaldex-10653382,993,heatran,TANK,0.68,articuno,TANK,1.00,DOMINANT,SWITCH->hydreigon,2.25,2.00
battle-gen9nationaldex-10653382,994,hydreigon,TANK,0.90,piloswine,TANK,1.00,VOLATILE,SWITCH->heatran,2.25,2.00
battle-gen9nationaldex-10653382,995,heatran,TANK,0.68,articuno,TANK,1.00,DOMINANT,SWITCH->hydreigon,2.25,2.00
battle-gen9nationaldex-10653382,996,hydreigon,TANK,0.90,piloswine,TANK,1.00,VOLATILE,SWITCH->heatran,2.25,2.00
battle-gen9nationaldex-10653382,997,heatran,TANK,0.68,articuno,TANK,1.00,DOMINANT,SWITCH->hydreigon,2.25,2.00
battle-gen9nationaldex-10653382,998,hydreigon,TANK,0.90,piloswine,TANK,1.00,VOLATILE,SWITCH->heatran,2.25,2.00
battle-gen9nationaldex-10653382,999,heatran,TANK,0.68,articuno,TANK,1.00,DOMINANT,SWITCH->hydreigon,2.25,2.00
battle-gen9nationaldex-10653382,1000,hydreigon,TANK,0.90,piloswine,TANK,1.00,VOLATILE,SWITCH->heatran,2.25,2.00
battle-gen9nationaldex-10653383,79,ragingbolt,TANK,0.67,slowbro,TANK,0.82,OFFENSIVE_ADV,weatherball,3.08,1.82
battle-gen9nationaldex-10653383,80,ragingbolt,TANK,0.53,slowbro,TANK,0.43,OFFENSIVE_ADV,weatherball,2.94,1.43
battle-gen9nationaldex-10653383,81,ragingbolt,TANK,0.29,tapufini,TANK,1.00,VOLATILE,SWITCH->mantine,2.69,1.00
battle-gen9nationaldex-10653383,82,mantine,TANK,1.00,tapufini,TANK,1.00,OFFENSIVE_DIS,SWITCH->swampert,2.69,1.00
battle-gen9nationaldex-10653383,83,swampert,TANK,0.06,tapufini,TANK,1.00,NEUTRAL,SWITCH->garchomp,2.35,1.00
battle-gen9nationaldex-10653383,84,garchomp,TANK,0.72,tapufini,TANK,1.00,DEFENSIVE_DIS,earthquake,2.07,1.00
battle-gen9nationaldex-10653383,85,garchomp,TANK,0.42,tapufini,TANK,0.57,DEFENSIVE_DIS,earthquake,1.77,0.57
battle-gen9nationaldex-10653383,86,garchomp,TANK,0.13,tapufini,TANK,0.19,DEFENSIVE_DIS,earthquake,1.48,0.19
battle-gen9nationaldex-10653420,79,slowbro,TANK,1.00,gyarados,TANK,1.00,NEUTRAL,SWITCH->corviknight,3.00,1.00
battle-gen9nationaldex-10653420,80,corviknight,TANK,1.00,gyarados,TANK,1.00,NEUTRAL,SWITCH->slowbro,3.00,1.00
battle-gen9nationaldex-10653420,81,slowbro,TANK,1.00,gyarados,TANK,1.00,NEUTRAL,scald,3.00,1.00
battle-gen9nationaldex-10653420,82,slowbro,TANK,1.00,gyarados,TANK,0.81,NEUTRAL,scald,3.00,0.81
battle-gen9nationaldex-10653420,83,slowbro,TANK,1.00,gyarados,TANK,0.53,NEUTRAL,scald,3.00,0.53
battle-gen9nationaldex-10653420,84,slowbro,TANK,1.00,gyarados,TANK,0.35,NEUTRAL,scald,3.00,0.35
battle-gen9nationaldex-10653420,85,slowbro,TANK,1.00,gyarados,TANK,0.15,NEUTRAL,futuresight,3.00,0.15
battle-gen9nationaldex-10653420,86,slowbro,TANK,1.00,gyarados,TANK,0.09,NEUTRAL,scald,3.00,0.09
battle-gen9nationaldex-10653433,85,garganacl,TANK,0.77,gliscor,TANK,0.77,DEFENSIVE_DIS,saltcure,1.68,0.77
battle-gen9nationaldex-10653433,86,garganacl,TANK,0.84,gliscor,TANK,0.88,DEFENSIVE_DIS,saltcure,1.74,0.88
battle-gen9nationaldex-10653433,87,garganacl,TANK,0.80,gliscor,TANK,0.79,DEFENSIVE_DIS,saltcure,1.70,0.79
battle-gen9nationaldex-10653433,88,garganacl,TANK,0.75,gliscor,TANK,0.69,DEFENSIVE_DIS,ironhead,1.65,0.69
battle-gen9nationaldex-10653433,89,garganacl,TANK,0.71,gliscor,TANK,0.55,DEFENSIVE_DIS,ironhead,1.61,0.55
battle-gen9nationaldex-10653433,90,garganacl,TANK,0.67,gliscor,TANK,0.41,DEFENSIVE_DIS,ironhead,1.57,0.41
battle-gen9nationaldex-10653433,91,garganacl,TANK,0.63,gliscor,TANK,0.28,DEFENSIVE_DIS,ironhead,1.53,0.28
battle-gen9nationaldex-10653433,92,garganacl,TANK,0.59,gliscor,TANK,0.14,DEFENSIVE_DIS,ironhead,1.49,0.14
